seed,alpha,week,generation,best_score,mean_score,score_variance,mean_assignment_variance,mean_gini,mean_pairwise_hamming_distance,mean_coverage_ratio,best_coverage_ratio,mutation_attempts,ecology_branch_entries,ecology_branch_changed_bit,branch_rate,effective_ecology_rate
12346,0.00,0,0,4725,5027.45,64336.75,1.1871,0.3831,87.6321,0.3951,0.4945,0,0,0,0.0000,0.0000
12346,0.00,0,1,4725,4973.45,52712.35,1.1175,0.3462,91.4026,0.4343,0.4945,90,0,0,0.0000,0.0000
12346,0.00,0,2,4730,4888.40,30400.94,1.0864,0.3238,88.2923,0.4610,0.5055,98,0,0,0.0000,0.0000
12346,0.00,0,3,4490,4819.05,24785.85,0.9902,0.2996,70.5210,0.4865,0.5275,90,0,0,0.0000,0.0000
12346,0.00,0,4,4465,4751.25,20978.69,0.9166,0.2825,27.6822,0.5125,0.5385,93,0,0,0.0000,0.0000
12346,0.00,0,5,4820,4707.65,23864.23,0.9075,0.2733,9.1242,0.5321,0.5495,114,0,0,0.0000,0.0000
12346,0.00,0,6,4800,4662.25,21911.69,0.9037,0.2659,11.7154,0.5405,0.5604,97,0,0,0.0000,0.0000
12346,0.00,0,7,4735,4674.95,20835.75,0.9213,0.2608,13.8356,0.5553,0.5714,99,0,0,0.0000,0.0000
12346,0.00,0,8,4735,4704.35,19448.33,0.8851,0.2525,12.6812,0.5633,0.5714,82,0,0,0.0000,0.0000
12346,0.00,0,9,4740,4698.95,20332.15,0.9069,0.2502,12.4859,0.5736,0.6044,103,0,0,0.0000,0.0000
12346,0.00,0,10,4730,4707.45,22885.25,0.9093,0.2458,12.5491,0.5854,0.6044,96,0,0,0.0000,0.0000
12346,0.00,0,11,4615,4701.60,18035.94,0.9359,0.2440,11.6206,0.5974,0.6154,89,0,0,0.0000,0.0000
12346,0.00,0,12,5125,4718.60,21718.54,0.9646,0.2417,11.6465,0.6067,0.6264,96,0,0,0.0000,0.0000
12346,0.00,0,13,5170,4752.35,28602.23,1.0087,0.2446,11.8531,0.6149,0.6374,73,0,0,0.0000,0.0000
12346,0.00,0,14,5045,4848.95,34198.15,1.0911,0.2483,13.4499,0.6227,0.6374,100,0,0,0.0000,0.0000
12346,0.00,0,15,5090,4905.05,44808.75,1.2129,0.2544,14.8586,0.6346,0.6593,95,0,0,0.0000,0.0000
12346,0.00,0,16,4830,4962.90,36486.59,1.3208,0.2598,15.4778,0.6454,0.6593,86,0,0,0.0000,0.0000
12346,0.00,0,17,5130,5007.30,32542.21,1.4067,0.2612,16.3846,0.6587,0.6923,112,0,0,0.0000,0.0000
12346,0.00,0,18,4920,5008.05,25308.95,1.4118,0.2576,18.1792,0.6701,0.6813,106,0,0,0.0000,0.0000
12346,0.00,0,19,4870,5001.20,21082.06,1.4403,0.2553,19.2511,0.6793,0.6923,95,0,0,0.0000,0.0000
12346,0.00,0,20,5190,5007.40,18623.24,1.4441,0.2528,19.8083,0.6843,0.7253,91,0,0,0.0000,0.0000
12346,0.00,0,21,4735,5027.15,18943.13,1.4930,0.2541,20.2832,0.6905,0.7033,114,0,0,0.0000,0.0000
12346,0.00,0,22,5010,5050.85,20143.03,1.5453,0.2551,21.0232,0.7012,0.7143,90,0,0,0.0000,0.0000
12346,0.00,0,23,4580,5062.60,20536.24,1.5692,0.2540,22.5451,0.7168,0.7363,87,0,0,0.0000,0.0000
12346,0.00,0,24,4980,5031.55,25712.35,1.5550,0.2512,24.6168,0.7238,0.7253,89,0,0,0.0000,0.0000
12346,0.00,0,25,4980,4998.15,39090.33,1.5983,0.2533,24.3186,0.7263,0.7253,93,0,0,0.0000,0.0000
12346,0.00,0,26,5115,4993.15,42828.33,1.6585,0.2547,22.5889,0.7310,0.7363,93,0,0,0.0000,0.0000
12346,0.00,0,27,5165,5020.40,21270.34,1.7283,0.2592,16.7800,0.7329,0.7473,112,0,0,0.0000,0.0000
12346,0.00,0,28,5180,4990.25,19591.69,1.7713,0.2589,15.1570,0.7386,0.7582,90,0,0,0.0000,0.0000
12346,0.00,0,29,5180,4999.15,20842.53,1.8027,0.2574,16.0865,0.7477,0.7582,103,0,0,0.0000,0.0000
12346,0.00,0,30,4895,5008.40,25576.94,1.7976,0.2543,14.6533,0.7519,0.7692,103,0,0,0.0000,0.0000
12346,0.00,0,31,5165,5054.50,21951.25,1.7875,0.2538,14.6291,0.7555,0.7692,108,0,0,0.0000,0.0000
12346,0.00,0,32,4850,5059.95,15379.75,1.7591,0.2509,19.4271,0.7615,0.7802,97,0,0,0.0000,0.0000
12346,0.00,0,33,4805,5051.70,19008.61,1.6672,0.2425,24.1844,0.7696,0.7912,86,0,0,0.0000,0.0000
12346,0.00,0,34,4805,4996.50,21924.25,1.5708,0.2336,29.1646,0.7757,0.7912,129,0,0,0.0000,0.0000
12346,0.00,0,35,5045,4989.95,23188.25,1.4978,0.2286,27.6214,0.7845,0.8132,90,0,0,0.0000,0.0000
12346,0.00,0,36,5045,4963.25,31307.69,1.5178,0.2295,27.5756,0.7899,0.8132,103,0,0,0.0000,0.0000
12346,0.00,0,37,5105,4958.30,28688.11,1.5021,0.2276,26.1861,0.7973,0.8242,111,0,0,0.0000,0.0000
12346,0.00,0,38,4985,4960.80,27178.36,1.4623,0.2242,19.0935,0.8082,0.8242,84,0,0,0.0000,0.0000
12346,0.00,0,39,5060,4979.45,28412.95,1.4412,0.2215,14.5079,0.8171,0.8352,106,0,0,0.0000,0.0000
12346,0.00,0,40,4960,5003.15,27586.33,1.4440,0.2206,12.1772,0.8220,0.8462,96,0,0,0.0000,0.0000
12346,0.00,0,41,4960,5003.65,26203.43,1.4558,0.2191,10.9422,0.8287,0.8462,104,0,0,0.0000,0.0000
12346,0.00,0,42,4960,5015.05,16511.25,1.4741,0.2179,10.5760,0.8353,0.8462,89,0,0,0.0000,0.0000
12346,0.00,0,43,5030,4967.15,14203.13,1.4830,0.2172,9.4160,0.8401,0.8571,101,0,0,0.0000,0.0000
12346,0.00,0,44,5020,4968.55,8861.15,1.4898,0.2151,6.4846,0.8480,0.8681,111,0,0,0.0000,0.0000
12346,0.00,0,45,4895,4974.65,7959.63,1.4838,0.2135,6.5307,0.8533,0.8681,99,0,0,0.0000,0.0000
12346,0.00,0,46,4895,4972.90,9060.09,1.4890,0.2115,6.7814,0.8592,0.8681,103,0,0,0.0000,0.0000
12346,0.00,0,47,5040,4972.35,6685.23,1.4588,0.2076,7.5202,0.8638,0.8791,89,0,0,0.0000,0.0000
12346,0.00,0,48,5040,4970.50,9435.25,1.4429,0.2046,8.4885,0.8684,0.8791,94,0,0,0.0000,0.0000
12346,0.00,0,49,4930,4995.40,12544.34,1.4831,0.2070,8.0893,0.8735,0.8791,110,0,0,0.0000,0.0000
12346,0.00,0,50,5275,5034.35,13082.33,1.4664,0.2058,6.4669,0.8796,0.8901,81,0,0,0.0000,0.0000
12346,0.00,0,51,5275,5033.85,12384.43,1.4786,0.2051,5.7372,0.8835,0.8901,95,0,0,0.0000,0.0000
12346,0.00,0,52,5240,5036.45,16709.15,1.4905,0.2040,6.7416,0.8862,0.9011,116,0,0,0.0000,0.0000
12346,0.00,0,53,5055,5027.25,23390.69,1.4805,0.2026,7.6511,0.8899,0.8901,83,0,0,0.0000,0.0000
12346,0.00,0,54,4870,5063.25,29384.69,1.4752,0.2005,8.7620,0.8947,0.9011,99,0,0,0.0000,0.0000
12346,0.00,0,55,5340,5057.75,33999.69,1.4503,0.1981,8.9923,0.8984,0.9121,87,0,0,0.0000,0.0000
12346,0.00,0,56,5170,5076.15,35195.43,1.4707,0.1982,10.0059,0.9009,0.8901,108,0,0,0.0000,0.0000
12346,0.00,0,57,4885,5065.40,48270.34,1.4690,0.1985,9.5939,0.9013,0.9011,85,0,0,0.0000,0.0000
12346,0.00,0,58,4990,5091.95,47146.95,1.4344,0.1944,10.5610,0.9048,0.9341,94,0,0,0.0000,0.0000
12346,0.00,0,59,4990,5112.75,32281.69,1.4443,0.1936,11.3279,0.9110,0.9341,100,0,0,0.0000,0.0000
12346,0.00,0,60,4825,5081.10,24534.29,1.4729,0.1948,10.9010,0.9168,0.9341,86,0,0,0.0000,0.0000
12346,0.00,0,61,5020,5040.40,20445.34,1.4878,0.1946,8.2271,0.9254,0.9341,80,0,0,0.0000,0.0000
12346,0.00,0,62,4920,4969.35,15951.33,1.5471,0.1977,5.6016,0.9335,0.9670,90,0,0,0.0000,0.0000
12346,0.00,0,63,4905,4915.25,11082.69,1.5767,0.1984,5.4257,0.9354,0.9341,99,0,0,0.0000,0.0000
12346,0.00,0,64,5005,4895.50,16357.25,1.5819,0.1982,6.1756,0.9364,0.9341,92,0,0,0.0000,0.0000
12346,0.00,0,65,4920,4890.75,15532.19,1.5967,0.1984,7.2592,0.9391,0.9341,108,0,0,0.0000,0.0000
12346,0.00,0,66,4920,4908.80,13185.56,1.5597,0.1965,6.5388,0.9380,0.9341,70,0,0,0.0000,0.0000
12346,0.00,0,67,4840,4915.30,12411.41,1.5435,0.1948,5.9277,0.9357,0.9451,75,0,0,0.0000,0.0000
12346,0.00,0,68,4980,4925.75,12336.19,1.5468,0.1940,5.8582,0.9359,0.9341,91,0,0,0.0000,0.0000
12346,0.00,0,69,4945,4949.20,13912.86,1.5589,0.1945,5.7204,0.9367,0.9341,97,0,0,0.0000,0.0000
12346,0.00,0,70,4810,4951.15,11076.43,1.5739,0.1944,6.2119,0.9388,0.9341,95,0,0,0.0000,0.0000
12346,0.00,0,71,4945,4940.95,15846.85,1.5693,0.1930,6.7321,0.9391,0.9451,99,0,0,0.0000,0.0000
12346,0.00,0,72,4945,4927.45,18698.75,1.5792,0.1922,7.2204,0.9410,0.9451,105,0,0,0.0000,0.0000
12346,0.00,0,73,4945,4898.70,10964.31,1.5679,0.1911,7.0671,0.9410,0.9451,94,0,0,0.0000,0.0000
12346,0.00,0,74,4900,4889.75,8137.69,1.5529,0.1895,6.4283,0.9432,0.9451,81,0,0,0.0000,0.0000
12346,0.00,0,75,4900,4894.80,8268.96,1.5252,0.1867,5.9891,0.9451,0.9451,87,0,0,0.0000,0.0000
12346,0.00,0,76,4945,4895.15,6079.23,1.4862,0.1846,4.5517,0.9451,0.9451,90,0,0,0.0000,0.0000
12346,0.00,0,77,4945,4904.90,7671.49,1.4703,0.1832,4.0582,0.9454,0.9451,90,0,0,0.0000,0.0000
12346,0.00,0,78,4850,4910.60,7176.14,1.4577,0.1820,4.8030,0.9458,0.9451,100,0,0,0.0000,0.0000
12346,0.00,0,79,4850,4908.20,11852.76,1.4625,0.1826,5.3495,0.9454,0.9451,105,0,0,0.0000,0.0000
12346,0.00,0,80,4850,4899.45,13143.45,1.4314,0.1812,5.6046,0.9451,0.9451,92,0,0,0.0000,0.0000
12346,0.00,0,81,4830,4904.65,14494.13,1.4158,0.1797,6.0846,0.9464,0.9560,103,0,0,0.0000,0.0000
12346,0.00,0,82,4750,4896.75,14384.19,1.4287,0.1801,6.6576,0.9477,0.9560,100,0,0,0.0000,0.0000
12346,0.00,0,83,4745,4868.60,15248.04,1.4903,0.1826,7.1505,0.9491,0.9451,95,0,0,0.0000,0.0000
12346,0.00,0,84,4690,4830.00,10353.50,1.5416,0.1849,7.9915,0.9508,0.9560,114,0,0,0.0000,0.0000
12346,0.00,0,85,4845,4780.05,9609.25,1.5274,0.1845,8.0242,0.9516,0.9560,83,0,0,0.0000,0.0000
12346,0.00,0,86,4845,4763.05,8223.95,1.5610,0.1858,8.5879,0.9537,0.9560,94,0,0,0.0000,0.0000
12346,0.00,0,87,4845,4750.05,6464.25,1.5646,0.1862,8.6851,0.9556,0.9560,84,0,0,0.0000,0.0000
12346,0.00,0,88,4790,4752.25,8302.19,1.5740,0.1853,10.3319,0.9571,0.9560,102,0,0,0.0000,0.0000
12346,0.00,0,89,4920,4751.45,9289.15,1.5499,0.1837,10.5804,0.9569,0.9670,79,0,0,0.0000,0.0000
12346,0.00,0,90,4820,4781.45,11404.65,1.5426,0.1822,10.9087,0.9564,0.9560,75,0,0,0.0000,0.0000
12346,0.00,0,91,4820,4821.40,10316.54,1.5381,0.1810,10.7283,0.9600,0.9560,93,0,0,0.0000,0.0000
12346,0.00,0,92,4765,4854.70,6790.41,1.5426,0.1805,10.8408,0.9624,0.9560,101,0,0,0.0000,0.0000
12346,0.00,0,93,4745,4850.50,8056.75,1.5568,0.1802,11.9537,0.9622,0.9560,111,0,0,0.0000,0.0000
12346,0.00,0,94,4965,4856.80,9968.26,1.6464,0.1866,10.0889,0.9609,0.9670,105,0,0,0.0000,0.0000
12346,0.00,0,95,4860,4852.70,14667.21,1.7180,0.1905,7.8440,0.9610,0.9780,116,0,0,0.0000,0.0000
12346,0.00,0,96,4830,4835.80,13892.36,1.7227,0.1916,7.0634,0.9604,0.9670,94,0,0,0.0000,0.0000
12346,0.00,0,97,4830,4795.60,15964.64,1.7262,0.1917,6.9628,0.9618,0.9670,101,0,0,0.0000,0.0000
12346,0.00,0,98,4830,4827.35,13241.73,1.6691,0.1874,7.0964,0.9654,0.9670,96,0,0,0.0000,0.0000
12346,0.00,0,99,4785,4829.60,10412.34,1.6187,0.1836,6.3780,0.9692,0.9670,91,0,0,0.0000,0.0000
12346,0.00,1,0,5345,5198.85,69053.43,2.3992,0.1640,85.6208,0.3983,0.4944,0,0,0,0.0000,0.0000
12346,0.00,1,1,5295,5219.70,77534.41,2.5123,0.1646,90.0537,0.4375,0.5056,97,0,0,0.0000,0.0000
12346,0.00,1,2,5235,5174.85,88819.73,2.3637,0.1562,89.7743,0.4658,0.5281,107,0,0,0.0000,0.0000
12346,0.00,1,3,5165,5207.40,78454.24,2.2608,0.1498,78.6331,0.4902,0.5281,82,0,0,0.0000,0.0000
12346,0.00,1,4,5295,5227.55,38959.75,2.2700,0.1491,52.0426,0.5111,0.5618,116,0,0,0.0000,0.0000
12346,0.00,1,5,5065,5303.00,33197.00,2.3567,0.1513,36.5976,0.5343,0.5730,82,0,0,0.0000,0.0000
12346,0.00,1,6,5200,5249.40,15236.64,2.3406,0.1497,20.0370,0.5496,0.5955,98,0,0,0.0000,0.0000
12346,0.00,1,7,5200,5230.20,20803.46,2.3175,0.1474,12.8438,0.5653,0.5955,107,0,0,0.0000,0.0000
12346,0.00,1,8,5585,5205.60,27815.64,2.2751,0.1453,14.3867,0.5756,0.5955,87,0,0,0.0000,0.0000
12346,0.00,1,9,5175,5224.65,33711.13,2.3142,0.1453,15.8372,0.5884,0.5843,93,0,0,0.0000,0.0000
12346,0.00,1,10,5145,5230.25,35816.19,2.2667,0.1428,16.8059,0.5998,0.6180,108,0,0,0.0000,0.0000
12346,0.00,1,11,5185,5262.75,26391.69,2.2400,0.1411,18.3642,0.6094,0.6067,95,0,0,0.0000,0.0000
12346,0.00,1,12,5215,5314.45,22026.45,2.2616,0.1411,20.0022,0.6183,0.6180,93,0,0,0.0000,0.0000
12346,0.00,1,13,5400,5295.60,19326.64,2.3621,0.1442,19.6263,0.6209,0.6292,109,0,0,0.0000,0.0000
12346,0.00,1,14,5260,5281.85,17595.33,2.3987,0.1449,18.7800,0.6282,0.6404,113,0,0,0.0000,0.0000
12346,0.00,1,15,5455,5310.70,11677.01,2.3342,0.1426,17.3806,0.6345,0.6517,79,0,0,0.0000,0.0000
12346,0.00,1,16,5350,5318.45,16784.35,2.3632,0.1431,16.6998,0.6417,0.6404,90,0,0,0.0000,0.0000
12346,0.00,1,17,5550,5325.20,23188.46,2.3337,0.1415,16.6133,0.6474,0.6629,94,0,0,0.0000,0.0000
12346,0.00,1,18,5525,5370.70,27516.51,2.3493,0.1407,15.7523,0.6574,0.6742,111,0,0,0.0000,0.0000
12346,0.00,1,19,5700,5461.40,24356.04,2.3826,0.1395,18.0681,0.6762,0.7528,110,0,0,0.0000,0.0000
12346,0.00,1,20,5640,5493.30,21811.61,2.3995,0.1382,18.2705,0.6987,0.7528,96,0,0,0.0000,0.0000
12346,0.00,1,21,5685,5556.25,25006.69,2.4500,0.1382,17.3010,0.7162,0.7640,82,0,0,0.0000,0.0000
12346,0.00,1,22,5770,5611.05,24918.15,2.5335,0.1391,13.7455,0.7375,0.7640,102,0,0,0.0000,0.0000
12346,0.00,1,23,5785,5681.30,15823.81,2.5653,0.1383,11.9584,0.7543,0.7753,88,0,0,0.0000,0.0000
12346,0.00,1,24,5895,5719.55,9025.55,2.5931,0.1381,11.8158,0.7627,0.7303,101,0,0,0.0000,0.0000
12346,0.00,1,25,5895,5749.75,9356.19,2.6528,0.1391,12.9958,0.7682,0.7303,73,0,0,0.0000,0.0000
12346,0.00,1,26,5865,5764.05,12213.35,2.7142,0.1402,15.6865,0.7708,0.7416,103,0,0,0.0000,0.0000
12346,0.00,1,27,5865,5811.40,13910.54,2.6648,0.1388,19.1307,0.7704,0.7416,96,0,0,0.0000,0.0000
12346,0.00,1,28,5970,5849.85,16265.73,2.5130,0.1349,17.8430,0.7631,0.7528,79,0,0,0.0000,0.0000
12346,0.00,1,29,5795,5881.25,15645.69,2.3545,0.1311,10.7580,0.7538,0.7753,113,0,0,0.0000,0.0000
12346,0.00,1,30,5845,5899.25,13851.69,2.2842,0.1291,9.8907,0.7620,0.7640,104,0,0,0.0000,0.0000
12346,0.00,1,31,5790,5912.00,15512.50,2.3121,0.1292,10.1810,0.7706,0.7640,121,0,0,0.0000,0.0000
12346,0.00,1,32,5735,5908.45,15521.85,2.2866,0.1283,9.8539,0.7727,0.7978,82,0,0,0.0000,0.0000
12346,0.00,1,33,5690,5903.60,17671.04,2.3192,0.1290,10.6269,0.7745,0.7978,122,0,0,0.0000,0.0000
12346,0.00,1,34,6170,5876.90,24878.89,2.3503,0.1293,11.4485,0.7813,0.7978,98,0,0,0.0000,0.0000
12346,0.00,1,35,5725,5877.55,35728.25,2.4211,0.1308,12.8741,0.7891,0.8090,104,0,0,0.0000,0.0000
12346,0.00,1,36,6125,5882.65,30989.23,2.4959,0.1323,13.0283,0.7972,0.7978,84,0,0,0.0000,0.0000
12346,0.00,1,37,6045,5847.45,35138.25,2.5778,0.1339,13.1143,0.8035,0.7978,96,0,0,0.0000,0.0000
12346,0.00,1,38,5550,5842.10,35473.59,2.6266,0.1354,11.7796,0.8070,0.8202,97,0,0,0.0000,0.0000
12346,0.00,1,39,5920,5802.35,34628.73,2.6628,0.1357,12.1564,0.8136,0.8427,94,0,0,0.0000,0.0000
12346,0.00,1,40,5920,5797.85,49808.13,2.6840,0.1358,14.3754,0.8192,0.8427,97,0,0,0.0000,0.0000
12346,0.00,1,41,5940,5827.75,61034.69,2.6351,0.1344,16.0505,0.8229,0.8539,106,0,0,0.0000,0.0000
12346,0.00,1,42,5875,5905.15,63109.23,2.6393,0.1341,16.1406,0.8275,0.8764,98,0,0,0.0000,0.0000
12346,0.00,1,43,5875,5915.35,46871.63,2.6637,0.1340,16.2549,0.8345,0.8764,114,0,0,0.0000,0.0000
12346,0.00,1,44,5905,5911.10,28105.79,2.7661,0.1350,13.2657,0.8493,0.8652,94,0,0,0.0000,0.0000
12346,0.00,1,45,5855,5925.80,17639.36,2.8570,0.1361,8.2434,0.8572,0.8764,91,0,0,0.0000,0.0000
12346,0.00,1,46,5855,5924.35,16870.83,2.9077,0.1369,7.8428,0.8608,0.8764,92,0,0,0.0000,0.0000
12346,0.00,1,47,5890,5919.30,16706.01,2.8868,0.1359,7.4283,0.8672,0.8652,112,0,0,0.0000,0.0000
12346,0.00,1,48,5890,5915.55,20876.95,2.8458,0.1346,7.5941,0.8691,0.8652,80,0,0,0.0000,0.0000
12346,0.00,1,49,5850,5883.15,24167.83,2.7971,0.1330,6.7784,0.8699,0.8652,92,0,0,0.0000,0.0000
12346,0.00,1,50,5850,5853.30,9663.61,2.7934,0.1332,6.3525,0.8700,0.8652,93,0,0,0.0000,0.0000
12346,0.00,1,51,5850,5858.45,8234.85,2.7831,0.1333,6.2024,0.8697,0.8652,103,0,0,0.0000,0.0000
12346,0.00,1,52,5850,5866.05,15027.15,2.8096,0.1341,6.5208,0.8688,0.8652,88,0,0,0.0000,0.0000
12346,0.00,1,53,5695,5861.65,12843.53,2.8303,0.1352,5.3339,0.8685,0.8652,91,0,0,0.0000,0.0000
12346,0.00,1,54,6060,5840.15,9014.23,2.8579,0.1359,4.6309,0.8683,0.8764,91,0,0,0.0000,0.0000
12346,0.00,1,55,6075,5829.40,7799.64,2.8495,0.1355,5.0495,0.8700,0.8764,107,0,0,0.0000,0.0000
12346,0.00,1,56,6075,5824.50,10370.75,2.8778,0.1361,5.1657,0.8708,0.8764,79,0,0,0.0000,0.0000
12346,0.00,1,57,6075,5812.75,14950.69,2.8881,0.1360,5.8257,0.8757,0.8764,83,0,0,0.0000,0.0000
12346,0.00,1,58,5780,5829.30,19773.51,2.9064,0.1357,7.1535,0.8790,0.8876,112,0,0,0.0000,0.0000
12346,0.00,1,59,5715,5854.10,24116.19,2.8828,0.1350,8.1768,0.8816,0.8989,110,0,0,0.0000,0.0000
12346,0.00,1,60,5970,5868.50,29235.75,2.8690,0.1346,8.3820,0.8810,0.8876,93,0,0,0.0000,0.0000
12346,0.00,1,61,5955,5879.70,29283.41,2.9072,0.1352,8.8663,0.8829,0.8876,92,0,0,0.0000,0.0000
12346,0.00,1,62,5935,5845.30,27866.41,2.8366,0.1332,9.5980,0.8870,0.8876,104,0,0,0.0000,0.0000
12346,0.00,1,63,5825,5849.65,22638.13,2.8170,0.1327,9.5824,0.8882,0.8876,100,0,0,0.0000,0.0000
12346,0.00,1,64,5790,5877.55,15703.25,2.8234,0.1328,8.1436,0.8888,0.8989,90,0,0,0.0000,0.0000
12346,0.00,1,65,5790,5912.30,9209.21,2.8109,0.1327,6.5408,0.8902,0.8989,104,0,0,0.0000,0.0000
12346,0.00,1,66,5740,5894.40,12698.64,2.7968,0.1322,7.8040,0.8920,0.8989,80,0,0,0.0000,0.0000
12346,0.00,1,67,5650,5876.65,11424.03,2.8010,0.1322,8.6230,0.8930,0.8989,99,0,0,0.0000,0.0000
12346,0.00,1,68,5860,5795.50,9358.25,2.7668,0.1311,7.8115,0.8971,0.9101,90,0,0,0.0000,0.0000
12346,0.00,1,69,5860,5767.25,6769.69,2.7617,0.1306,7.3376,0.8988,0.9101,109,0,0,0.0000,0.0000
12346,0.00,1,70,5765,5754.75,11583.19,2.7733,0.1308,6.7941,0.8991,0.8989,105,0,0,0.0000,0.0000
12346,0.00,1,71,5620,5725.40,13779.84,2.7438,0.1302,6.9012,0.9007,0.9213,90,0,0,0.0000,0.0000
12346,0.00,1,72,5490,5706.85,17499.33,2.6663,0.1281,8.2515,0.9031,0.9101,103,0,0,0.0000,0.0000
12346,0.00,1,73,5435,5658.00,18713.50,2.6304,0.1272,9.4030,0.9058,0.9101,108,0,0,0.0000,0.0000
12346,0.00,1,74,5435,5649.40,17295.14,2.6072,0.1268,9.1087,0.9103,0.9101,85,0,0,0.0000,0.0000
12346,0.00,1,75,5665,5593.50,17353.75,2.5902,0.1264,8.2661,0.9145,0.9326,92,0,0,0.0000,0.0000
12346,0.00,1,76,5505,5556.95,17342.45,2.5811,0.1262,8.8844,0.9138,0.9213,93,0,0,0.0000,0.0000
12346,0.00,1,77,5715,5535.75,16690.19,2.5627,0.1257,9.0174,0.9163,0.9326,103,0,0,0.0000,0.0000
12346,0.00,1,78,5715,5549.65,14285.13,2.6012,0.1262,8.4386,0.9234,0.9326,99,0,0,0.0000,0.0000
12346,0.00,1,79,5715,5540.35,16250.13,2.5720,0.1256,8.5822,0.9217,0.9326,95,0,0,0.0000,0.0000
12346,0.00,1,80,5570,5587.35,18390.73,2.6059,0.1260,8.4974,0.9256,0.9326,102,0,0,0.0000,0.0000
12346,0.00,1,81,5700,5605.10,14093.99,2.5983,0.1255,8.3475,0.9285,0.9438,89,0,0,0.0000,0.0000
12346,0.00,1,82,5700,5614.05,14661.85,2.6812,0.1274,7.3499,0.9297,0.9438,102,0,0,0.0000,0.0000
12346,0.00,1,83,5635,5645.05,7857.25,2.7532,0.1284,6.9901,0.9388,0.9551,108,0,0,0.0000,0.0000
12346,0.00,1,84,5520,5640.55,9076.45,2.7658,0.1285,6.8956,0.9420,0.9551,94,0,0,0.0000,0.0000
12346,0.00,1,85,5520,5627.85,9007.13,2.7556,0.1282,6.7186,0.9452,0.9551,99,0,0,0.0000,0.0000
12346,0.00,1,86,5670,5632.60,8496.74,2.7493,0.1280,6.9188,0.9485,0.9551,102,0,0,0.0000,0.0000
12346,0.00,1,87,5670,5627.25,8597.19,2.7544,0.1282,6.8145,0.9492,0.9551,84,0,0,0.0000,0.0000
12346,0.00,1,88,5670,5607.00,10033.50,2.7557,0.1281,7.0681,0.9509,0.9551,94,0,0,0.0000,0.0000
12346,0.00,1,89,5670,5599.10,11529.19,2.7347,0.1273,7.4483,0.9522,0.9551,87,0,0,0.0000,0.0000
12346,0.00,1,90,5550,5614.20,12526.36,2.7341,0.1276,7.5610,0.9533,0.9663,85,0,0,0.0000,0.0000
12346,0.00,1,91,5550,5631.55,10498.35,2.7246,0.1273,7.7539,0.9539,0.9663,90,0,0,0.0000,0.0000
12346,0.00,1,92,5605,5611.85,11888.33,2.7043,0.1263,8.8556,0.9549,0.9551,122,0,0,0.0000,0.0000
12346,0.00,1,93,5605,5598.80,9057.56,2.7183,0.1268,9.0873,0.9546,0.9551,86,0,0,0.0000,0.0000
12346,0.00,1,94,5605,5587.10,6421.09,2.6996,0.1263,10.2372,0.9553,0.9551,85,0,0,0.0000,0.0000
12346,0.00,1,95,5550,5563.50,9141.25,2.7634,0.1276,10.9485,0.9544,0.9551,86,0,0,0.0000,0.0000
12346,0.00,1,96,5550,5554.50,7700.25,2.7513,0.1272,8.4533,0.9529,0.9551,95,0,0,0.0000,0.0000
12346,0.00,1,97,5660,5566.45,7226.65,2.7408,0.1266,6.0889,0.9546,0.9663,99,0,0,0.0000,0.0000
12346,0.00,1,98,5660,5561.35,5285.43,2.7555,0.1268,6.0109,0.9557,0.9663,110,0,0,0.0000,0.0000
12346,0.00,1,99,5660,5563.30,8737.61,2.8054,0.1277,6.7515,0.9573,0.9663,96,0,0,0.0000,0.0000
12346,0.00,2,0,5185,5104.35,92494.33,4.1242,0.1285,88.7218,0.4108,0.5444,0,0,0,0.0000,0.0000
12346,0.00,2,1,5185,5110.55,83632.45,4.1590,0.1277,92.0909,0.4464,0.5556,89,0,0,0.0000,0.0000
12346,0.00,2,2,5045,5065.25,56663.69,4.4024,0.1296,93.3139,0.4871,0.5111,97,0,0,0.0000,0.0000
12346,0.00,2,3,5275,5110.85,29006.03,4.5482,0.1305,85.7648,0.5163,0.5889,101,0,0,0.0000,0.0000
12346,0.00,2,4,5390,5117.75,21347.19,4.6659,0.1313,82.7606,0.5322,0.6000,117,0,0,0.0000,0.0000
12346,0.00,2,5,5325,5159.35,26997.33,4.7422,0.1301,73.3517,0.5567,0.6111,96,0,0,0.0000,0.0000
12346,0.00,2,6,5445,5208.15,23228.83,4.7955,0.1283,60.0240,0.5820,0.6333,103,0,0,0.0000,0.0000
12346,0.00,2,7,5290,5242.15,15031.13,4.6953,0.1251,49.8442,0.5994,0.6667,92,0,0,0.0000,0.0000
12346,0.00,2,8,5350,5252.10,12853.09,4.6763,0.1238,49.9246,0.6086,0.6778,90,0,0,0.0000,0.0000
12346,0.00,2,9,5225,5273.20,12529.26,4.7651,0.1236,49.3776,0.6302,0.6889,95,0,0,0.0000,0.0000
12346,0.00,2,10,5410,5290.20,13554.96,5.1740,0.1260,16.2166,0.6603,0.6889,93,0,0,0.0000,0.0000
12346,0.00,2,11,5405,5303.40,10190.94,5.3540,0.1276,11.2998,0.6760,0.6778,96,0,0,0.0000,0.0000
12346,0.00,2,12,5235,5322.30,9088.71,5.4862,0.1287,7.8101,0.6894,0.7333,103,0,0,0.0000,0.0000
12346,0.00,2,13,5235,5317.50,10666.75,5.5300,0.1288,9.7483,0.7016,0.7333,111,0,0,0.0000,0.0000
12346,0.00,2,14,5250,5320.55,14048.45,5.6534,0.1300,11.3220,0.7152,0.7444,101,0,0,0.0000,0.0000
12346,0.00,2,15,5185,5310.95,15012.85,5.7183,0.1296,13.5135,0.7290,0.7444,113,0,0,0.0000,0.0000
12346,0.00,2,16,5235,5265.70,14783.01,5.6605,0.1270,10.8139,0.7401,0.7667,104,0,0,0.0000,0.0000
12346,0.00,2,17,5180,5226.40,15074.54,5.6591,0.1253,8.7982,0.7492,0.7889,106,0,0,0.0000,0.0000
12346,0.00,2,18,5215,5209.10,13467.69,5.7223,0.1252,8.7174,0.7587,0.8000,95,0,0,0.0000,0.0000
12346,0.00,2,19,5215,5233.45,20772.35,5.7932,0.1255,10.2137,0.7696,0.8000,75,0,0,0.0000,0.0000
12346,0.00,2,20,5185,5232.30,18141.71,5.7979,0.1246,9.8133,0.7828,0.8000,93,0,0,0.0000,0.0000
12346,0.00,2,21,5200,5192.25,6535.69,5.7687,0.1240,8.5095,0.7939,0.8111,102,0,0,0.0000,0.0000
12346,0.00,2,22,5070,5213.70,7874.31,5.8161,0.1248,7.3929,0.8013,0.8000,101,0,0,0.0000,0.0000
12346,0.00,2,23,5070,5206.05,11551.15,5.7317,0.1241,7.7044,0.8062,0.8222,100,0,0,0.0000,0.0000
12346,0.00,2,24,5170,5181.05,10039.65,5.6907,0.1234,9.6277,0.8127,0.8667,101,0,0,0.0000,0.0000
12346,0.00,2,25,5080,5180.70,10536.01,5.7249,0.1236,11.8608,0.8229,0.8667,94,0,0,0.0000,0.0000
12346,0.00,2,26,5255,5187.75,13380.19,5.7517,0.1238,13.1556,0.8360,0.8778,78,0,0,0.0000,0.0000
12346,0.00,2,27,5150,5196.45,12988.15,5.8375,0.1246,12.8444,0.8473,0.8778,68,0,0,0.0000,0.0000
12346,0.00,2,28,5305,5180.95,13028.35,5.9167,0.1253,12.0374,0.8614,0.8889,120,0,0,0.0000,0.0000
12346,0.00,2,29,5215,5176.95,19655.95,5.9247,0.1255,11.5671,0.8678,0.9000,91,0,0,0.0000,0.0000
12346,0.00,2,30,5215,5166.65,13353.53,5.9229,0.1256,11.9281,0.8734,0.9000,88,0,0,0.0000,0.0000
12346,0.00,2,31,5145,5178.80,12741.06,6.0134,0.1261,12.7115,0.8839,0.9000,88,0,0,0.0000,0.0000
12346,0.00,2,32,5270,5207.45,13176.25,6.1150,0.1269,10.4515,0.8928,0.9000,90,0,0,0.0000,0.0000
12346,0.00,2,33,5270,5219.60,12684.84,6.0942,0.1263,10.8610,0.8954,0.9000,107,0,0,0.0000,0.0000
12346,0.00,2,34,5270,5220.35,15965.63,6.0138,0.1252,10.2364,0.8969,0.9000,76,0,0,0.0000,0.0000
12346,0.00,2,35,5115,5231.90,18168.39,6.0462,0.1256,9.4909,0.9006,0.9000,86,0,0,0.0000,0.0000
12346,0.00,2,36,5325,5253.25,17339.19,5.9157,0.1240,11.2061,0.8987,0.8556,107,0,0,0.0000,0.0000
12346,0.00,2,37,5265,5251.20,18707.56,5.9032,0.1238,13.0634,0.8999,0.9000,96,0,0,0.0000,0.0000
12346,0.00,2,38,5140,5237.85,16588.63,5.7367,0.1226,14.7432,0.8972,0.9000,63,0,0,0.0000,0.0000
12346,0.00,2,39,5140,5231.60,12662.94,5.5726,0.1212,16.7735,0.8929,0.9000,86,0,0,0.0000,0.0000
12346,0.00,2,40,5260,5229.20,11503.36,5.4719,0.1203,19.1507,0.8868,0.9111,89,0,0,0.0000,0.0000
12346,0.00,2,41,5170,5219.15,12031.53,5.2202,0.1182,17.1855,0.8894,0.9111,93,0,0,0.0000,0.0000
12346,0.00,2,42,5170,5187.95,10494.05,4.9763,0.1167,9.1778,0.8993,0.9111,83,0,0,0.0000,0.0000
12346,0.00,2,43,5270,5175.55,10968.95,4.9154,0.1163,6.1669,0.9042,0.9000,71,0,0,0.0000,0.0000
12346,0.00,2,44,5105,5161.00,11872.50,4.9312,0.1165,5.4869,0.9063,0.9222,90,0,0,0.0000,0.0000
12346,0.00,2,45,5105,5181.40,12991.54,4.8912,0.1158,6.4780,0.9098,0.9222,103,0,0,0.0000,0.0000
12346,0.00,2,46,5420,5185.30,13815.41,4.8899,0.1156,6.7394,0.9133,0.9333,76,0,0,0.0000,0.0000
12346,0.00,2,47,5240,5138.60,16308.04,4.8803,0.1153,6.9911,0.9177,0.9333,92,0,0,0.0000,0.0000
12346,0.00,2,48,5240,5162.40,21789.74,4.9023,0.1155,7.4055,0.9213,0.9333,100,0,0,0.0000,0.0000
12346,0.00,2,49,5050,5159.95,29083.75,4.8890,0.1153,7.7697,0.9227,0.9444,96,0,0,0.0000,0.0000
12346,0.00,2,50,5050,5234.75,28592.19,4.8797,0.1150,7.8590,0.9266,0.9444,100,0,0,0.0000,0.0000
12346,0.00,2,51,5170,5262.25,28409.19,4.9073,0.1154,8.5758,0.9290,0.9222,111,0,0,0.0000,0.0000
12346,0.00,2,52,5170,5282.70,29275.21,4.9336,0.1157,9.2695,0.9286,0.9222,93,0,0,0.0000,0.0000
12346,0.00,2,53,5360,5280.95,27987.85,4.9987,0.1165,9.3261,0.9308,0.9556,92,0,0,0.0000,0.0000
12346,0.00,2,54,5345,5263.85,21968.93,4.9376,0.1156,11.3339,0.9283,0.9556,93,0,0,0.0000,0.0000
12346,0.00,2,55,5345,5251.65,30665.53,5.0413,0.1168,11.5059,0.9319,0.9556,97,0,0,0.0000,0.0000
12346,0.00,2,56,5295,5228.85,24323.43,5.1488,0.1177,10.7869,0.9387,0.9444,85,0,0,0.0000,0.0000
12346,0.00,2,57,5020,5255.90,25446.19,5.0363,0.1160,10.9952,0.9430,0.9222,93,0,0,0.0000,0.0000
12346,0.00,2,58,5575,5256.75,24420.69,5.0168,0.1158,11.8317,0.9423,0.9667,91,0,0,0.0000,0.0000
12346,0.00,2,59,5575,5261.40,31048.54,4.9176,0.1148,12.1939,0.9422,0.9667,83,0,0,0.0000,0.0000
12346,0.00,2,60,5480,5230.00,33559.50,4.9284,0.1153,13.5281,0.9390,0.9667,94,0,0,0.0000,0.0000
12346,0.00,2,61,5480,5234.70,41832.41,4.9365,0.1152,14.6705,0.9376,0.9667,104,0,0,0.0000,0.0000
12346,0.00,2,62,5070,5312.15,53974.63,4.9182,0.1143,15.0279,0.9427,0.9111,111,0,0,0.0000,0.0000
12346,0.00,2,63,4955,5405.85,54960.53,4.9380,0.1137,11.8127,0.9527,0.9111,87,0,0,0.0000,0.0000
12346,0.00,2,64,4955,5392.10,49858.59,4.8962,0.1126,12.1131,0.9537,0.9111,103,0,0,0.0000,0.0000
12346,0.00,2,65,5085,5324.40,54517.64,4.8620,0.1127,14.9517,0.9478,0.9222,69,0,0,0.0000,0.0000
12346,0.00,2,66,5410,5248.25,46726.69,4.8359,0.1128,16.2836,0.9408,0.9667,92,0,0,0.0000,0.0000
12346,0.00,2,67,5130,5157.95,37847.05,4.8115,0.1130,14.8857,0.9327,0.9222,79,0,0,0.0000,0.0000
12346,0.00,2,68,5285,5139.95,28544.75,4.8162,0.1133,13.5067,0.9302,0.9333,94,0,0,0.0000,0.0000
12346,0.00,2,69,5220,5167.25,30538.69,4.7957,0.1129,14.9196,0.9354,0.9222,83,0,0,0.0000,0.0000
12346,0.00,2,70,5220,5206.35,28722.43,4.7216,0.1123,15.3194,0.9391,0.9222,109,0,0,0.0000,0.0000
12346,0.00,2,71,5440,5221.55,21584.35,4.7152,0.1125,14.1939,0.9376,0.9444,101,0,0,0.0000,0.0000
12346,0.00,2,72,5265,5244.05,20484.35,4.6513,0.1120,12.5251,0.9363,0.9444,100,0,0,0.0000,0.0000
12346,0.00,2,73,5355,5235.80,19645.36,4.6410,0.1120,10.2562,0.9372,0.9333,84,0,0,0.0000,0.0000
12346,0.00,2,74,5355,5222.15,19842.63,4.6901,0.1127,8.9042,0.9381,0.9333,94,0,0,0.0000,0.0000
12346,0.00,2,75,5355,5235.95,26241.85,4.6001,0.1116,8.5230,0.9394,0.9333,88,0,0,0.0000,0.0000
12346,0.00,2,76,5340,5257.30,25456.71,4.5605,0.1110,8.5867,0.9407,0.9333,92,0,0,0.0000,0.0000
12346,0.00,2,77,5325,5299.55,26014.55,4.5291,0.1106,8.5166,0.9401,0.9333,102,0,0,0.0000,0.0000
12346,0.00,2,78,5320,5339.20,9372.36,4.5318,0.1108,5.8251,0.9373,0.9444,92,0,0,0.0000,0.0000
12346,0.00,2,79,5260,5347.90,3938.59,4.5799,0.1112,5.7166,0.9376,0.9444,107,0,0,0.0000,0.0000
12346,0.00,2,80,5260,5324.30,4820.51,4.6415,0.1117,5.7814,0.9403,0.9444,87,0,0,0.0000,0.0000
12346,0.00,2,81,5260,5290.95,7952.85,4.6740,0.1120,6.1170,0.9396,0.9444,101,0,0,0.0000,0.0000
12346,0.00,2,82,5185,5261.45,9388.15,4.6665,0.1119,6.0368,0.9391,0.9444,103,0,0,0.0000,0.0000
12346,0.00,2,83,5465,5262.35,7819.73,4.6763,0.1120,5.0590,0.9412,0.9556,85,0,0,0.0000,0.0000
12346,0.00,2,84,5420,5244.10,9065.19,4.6835,0.1121,5.8109,0.9441,0.9556,95,0,0,0.0000,0.0000
12346,0.00,2,85,5420,5250.80,15055.86,4.5876,0.1109,6.9608,0.9453,0.9556,103,0,0,0.0000,0.0000
12346,0.00,2,86,5200,5259.25,27536.19,4.5104,0.1101,8.1863,0.9472,0.9556,98,0,0,0.0000,0.0000
12346,0.00,2,87,5200,5287.30,41175.21,4.3837,0.1086,9.3547,0.9491,0.9556,118,0,0,0.0000,0.0000
12346,0.00,2,88,5540,5332.75,36488.69,4.2817,0.1074,9.4774,0.9529,0.9556,105,0,0,0.0000,0.0000
12346,0.00,2,89,5540,5313.45,36211.35,4.3227,0.1078,10.8632,0.9530,0.9556,115,0,0,0.0000,0.0000
12346,0.00,2,90,5190,5287.75,26134.69,4.3016,0.1075,11.3481,0.9547,0.9556,112,0,0,0.0000,0.0000
12346,0.00,2,91,5190,5277.15,27919.63,4.3138,0.1077,12.0384,0.9554,0.9556,109,0,0,0.0000,0.0000
12346,0.00,2,92,5190,5222.15,30901.63,4.3626,0.1080,12.2170,0.9557,0.9556,102,0,0,0.0000,0.0000
12346,0.00,2,93,5020,5229.15,27582.03,4.3121,0.1074,12.0895,0.9557,0.9556,97,0,0,0.0000,0.0000
12346,0.00,2,94,5135,5175.55,15176.95,4.3009,0.1069,10.0422,0.9559,0.9556,106,0,0,0.0000,0.0000
12346,0.00,2,95,5135,5132.80,11853.16,4.2931,0.1068,9.3226,0.9558,0.9556,99,0,0,0.0000,0.0000
12346,0.00,2,96,5135,5108.55,7080.65,4.2999,0.1073,9.9527,0.9563,0.9556,94,0,0,0.0000,0.0000
12346,0.00,2,97,5135,5083.60,7946.04,4.3705,0.1091,9.4956,0.9547,0.9556,101,0,0,0.0000,0.0000
12346,0.00,2,98,5035,5091.45,10679.65,4.3973,0.1098,9.3024,0.9539,0.9556,95,0,0,0.0000,0.0000
12346,0.00,2,99,5135,5117.85,9228.63,4.4368,0.1105,6.5770,0.9544,0.9667,95,0,0,0.0000,0.0000
12346,0.00,3,0,4970,5226.10,93098.79,5.9622,0.1118,87.7535,0.3828,0.4356,0,0,0,0.0000,0.0000
12346,0.00,3,1,4935,5247.50,80634.75,6.2034,0.1133,92.7131,0.4229,0.4554,88,0,0,0.0000,0.0000
12346,0.00,3,2,5120,5215.30,76077.91,6.2939,0.1140,91.3653,0.4366,0.4851,100,0,0,0.0000,0.0000
12346,0.00,3,3,5120,5075.60,51789.14,6.4095,0.1146,79.5846,0.4428,0.4851,89,0,0,0.0000,0.0000
12346,0.00,3,4,5120,5028.95,31317.65,6.5267,0.1148,62.6871,0.4561,0.4851,103,0,0,0.0000,0.0000
12346,0.00,3,5,5130,5039.00,19814.50,6.6723,0.1152,21.3913,0.4777,0.5149,98,0,0,0.0000,0.0000
12346,0.00,3,6,5080,5038.90,13454.29,6.6679,0.1141,15.8659,0.4982,0.5446,100,0,0,0.0000,0.0000
12346,0.00,3,7,4945,5048.50,10559.75,6.6992,0.1139,12.2812,0.5116,0.5248,90,0,0,0.0000,0.0000
12346,0.00,3,8,5040,5062.05,10663.05,6.8488,0.1151,13.0364,0.5249,0.5446,106,0,0,0.0000,0.0000
12346,0.00,3,9,5330,5050.45,16522.05,6.8682,0.1148,16.3475,0.5379,0.5743,93,0,0,0.0000,0.0000
12346,0.00,3,10,5285,5044.40,24886.64,7.0051,0.1154,17.9000,0.5497,0.5941,90,0,0,0.0000,0.0000
12346,0.00,3,11,5285,5045.80,30375.36,6.9964,0.1146,21.1263,0.5634,0.5941,107,0,0,0.0000,0.0000
12346,0.00,3,12,5240,5066.40,41110.54,6.7456,0.1118,22.9368,0.5754,0.6040,81,0,0,0.0000,0.0000
12346,0.00,3,13,5340,5143.95,37092.65,6.2162,0.1068,21.0622,0.5884,0.6238,95,0,0,0.0000,0.0000
12346,0.00,3,14,5220,5201.85,25866.83,5.9222,0.1040,17.0190,0.6024,0.6337,98,0,0,0.0000,0.0000
12346,0.00,3,15,5220,5257.35,19426.23,5.8012,0.1024,13.6648,0.6180,0.6337,105,0,0,0.0000,0.0000
12346,0.00,3,16,5015,5284.10,23043.69,5.8203,0.1021,11.3796,0.6298,0.6733,114,0,0,0.0000,0.0000
12346,0.00,3,17,5445,5260.75,12817.19,5.8567,0.1022,10.9287,0.6405,0.6535,110,0,0,0.0000,0.0000
12346,0.00,3,18,5395,5230.25,17586.19,5.9906,0.1033,12.1376,0.6451,0.6535,99,0,0,0.0000,0.0000
12346,0.00,3,19,5380,5230.20,27238.46,6.0898,0.1035,14.4871,0.6604,0.6634,120,0,0,0.0000,0.0000
12346,0.00,3,20,5480,5209.15,37611.53,6.2329,0.1043,15.6576,0.6724,0.6733,98,0,0,0.0000,0.0000
12346,0.00,3,21,5055,5261.50,38001.75,6.1549,0.1035,17.0327,0.6749,0.6832,113,0,0,0.0000,0.0000
12346,0.00,3,22,5550,5315.95,37888.35,6.1663,0.1039,15.7848,0.6769,0.7030,91,0,0,0.0000,0.0000
12346,0.00,3,23,5095,5300.75,42718.69,6.1008,0.1031,16.9655,0.6879,0.7030,89,0,0,0.0000,0.0000
12346,0.00,3,24,5285,5294.90,36684.99,6.0248,0.1020,18.1677,0.6981,0.7129,95,0,0,0.0000,0.0000
12346,0.00,3,25,5195,5257.85,44222.13,6.1076,0.1023,18.5206,0.7086,0.7228,111,0,0,0.0000,0.0000
12346,0.00,3,26,5270,5241.60,46557.94,6.0822,0.1018,19.6907,0.7150,0.7327,83,0,0,0.0000,0.0000
12346,0.00,3,27,5150,5237.80,38682.16,6.1116,0.1017,20.0580,0.7247,0.7327,107,0,0,0.0000,0.0000
12346,0.00,3,28,5295,5284.50,30164.75,6.1481,0.1019,19.1651,0.7316,0.7525,97,0,0,0.0000,0.0000
12346,0.00,3,29,5095,5283.15,19481.83,6.0433,0.1011,17.2293,0.7397,0.7723,106,0,0,0.0000,0.0000
12346,0.00,3,30,5095,5236.70,19048.11,5.8616,0.0997,12.6988,0.7450,0.7723,94,0,0,0.0000,0.0000
12346,0.00,3,31,5355,5207.65,11774.73,5.8026,0.0991,9.3133,0.7533,0.7723,92,0,0,0.0000,0.0000
12346,0.00,3,32,5345,5211.45,14369.15,5.8924,0.0994,10.4101,0.7645,0.7822,98,0,0,0.0000,0.0000
12346,0.00,3,33,5345,5242.40,18366.74,5.9476,0.0994,10.2071,0.7728,0.7822,102,0,0,0.0000,0.0000
12346,0.00,3,34,5170,5282.90,16487.59,6.0542,0.0997,8.1937,0.7779,0.7921,104,0,0,0.0000,0.0000
12346,0.00,3,35,5170,5334.25,17036.19,6.0934,0.0996,8.6798,0.7856,0.7921,100,0,0,0.0000,0.0000
12346,0.00,3,36,5170,5284.40,23423.64,6.1511,0.1000,10.7000,0.7937,0.7921,96,0,0,0.0000,0.0000
12346,0.00,3,37,5175,5275.00,21357.50,6.2136,0.1007,11.1418,0.7957,0.8020,90,0,0,0.0000,0.0000
12346,0.00,3,38,5125,5269.95,21209.75,6.3152,0.1015,12.0844,0.8025,0.8119,87,0,0,0.0000,0.0000
12346,0.00,3,39,5125,5234.20,18042.36,6.3724,0.1020,12.3440,0.8068,0.8119,90,0,0,0.0000,0.0000
12346,0.00,3,40,5630,5236.45,24195.65,6.2699,0.1012,11.6752,0.8089,0.8416,84,0,0,0.0000,0.0000
12346,0.00,3,41,5175,5225.15,27269.23,6.3259,0.1015,11.1307,0.8152,0.8317,85,0,0,0.0000,0.0000
12346,0.00,3,42,5140,5288.50,35043.75,6.2857,0.1012,13.1303,0.8221,0.8416,101,0,0,0.0000,0.0000
12346,0.00,3,43,5420,5305.00,45745.00,6.2437,0.1007,15.1176,0.8306,0.8614,99,0,0,0.0000,0.0000
12346,0.00,3,44,5175,5289.10,36470.69,6.1221,0.0995,15.2479,0.8378,0.8515,90,0,0,0.0000,0.0000
12346,0.00,3,45,5240,5273.65,38243.93,6.0127,0.0983,15.9364,0.8475,0.8713,111,0,0,0.0000,0.0000
12346,0.00,3,46,5240,5247.05,30017.55,6.0679,0.0986,15.1040,0.8511,0.8713,89,0,0,0.0000,0.0000
12346,0.00,3,47,5565,5273.35,28858.03,6.0330,0.0982,15.7644,0.8574,0.8614,101,0,0,0.0000,0.0000
12346,0.00,3,48,5055,5242.30,24127.71,6.1000,0.0988,12.7370,0.8587,0.8713,89,0,0,0.0000,0.0000
12346,0.00,3,49,4950,5250.15,35256.23,6.1504,0.0990,14.8343,0.8628,0.8713,103,0,0,0.0000,0.0000
12346,0.00,3,50,4950,5221.60,43364.44,6.1526,0.0990,15.1475,0.8660,0.8713,91,0,0,0.0000,0.0000
12346,0.00,3,51,4950,5187.50,53734.25,6.1238,0.0990,14.7586,0.8697,0.8713,100,0,0,0.0000,0.0000
12346,0.00,3,52,4980,5105.80,29266.36,6.0150,0.0982,12.2972,0.8727,0.8812,90,0,0,0.0000,0.0000
12346,0.00,3,53,4880,5056.15,19633.93,6.0207,0.0979,9.8473,0.8766,0.8812,106,0,0,0.0000,0.0000
12346,0.00,3,54,5025,5003.50,7883.75,6.1688,0.0989,7.1818,0.8784,0.8812,73,0,0,0.0000,0.0000
12346,0.00,3,55,5025,4973.95,9693.15,6.2893,0.0994,6.5501,0.8803,0.8812,81,0,0,0.0000,0.0000
12346,0.00,3,56,4835,4969.05,14626.85,6.3868,0.0998,6.8931,0.8822,0.8911,111,0,0,0.0000,0.0000
12346,0.00,3,57,5190,4964.35,16584.33,6.5632,0.1009,6.1412,0.8836,0.8911,100,0,0,0.0000,0.0000
12346,0.00,3,58,4850,4985.10,19215.49,6.5964,0.1010,6.7620,0.8853,0.8911,85,0,0,0.0000,0.0000
12346,0.00,3,59,4850,4969.85,22556.23,6.5711,0.1010,8.1824,0.8899,0.8911,104,0,0,0.0000,0.0000
12346,0.00,3,60,4745,4934.90,29950.99,6.4677,0.1003,9.3139,0.8932,0.9010,107,0,0,0.0000,0.0000
12346,0.00,3,61,4885,4878.15,24497.33,6.4028,0.0998,8.9844,0.8954,0.9010,114,0,0,0.0000,0.0000
12346,0.00,3,62,5075,4836.70,23631.61,6.3488,0.0994,8.7200,0.8969,0.9109,98,0,0,0.0000,0.0000
12346,0.00,3,63,5075,4828.00,35533.00,6.2436,0.0987,8.3204,0.8985,0.9109,98,0,0,0.0000,0.0000
12346,0.00,3,64,5060,4786.95,50967.45,6.2544,0.0988,7.3691,0.8991,0.9109,90,0,0,0.0000,0.0000
12346,0.00,3,65,5050,4822.30,65837.71,6.3217,0.0991,7.2107,0.9020,0.9208,106,0,0,0.0000,0.0000
12346,0.00,3,66,5025,4844.70,87251.91,6.3312,0.0990,6.0713,0.9055,0.9109,87,0,0,0.0000,0.0000
12346,0.00,3,67,4895,4972.85,49984.63,6.4491,0.0997,4.6754,0.9103,0.9010,97,0,0,0.0000,0.0000
12346,0.00,3,68,5160,5046.30,8623.31,6.5057,0.0999,4.2749,0.9118,0.9208,96,0,0,0.0000,0.0000
12346,0.00,3,69,4880,5015.70,9190.01,6.4985,0.0998,5.3620,0.9108,0.9109,99,0,0,0.0000,0.0000
12346,0.00,3,70,4880,4999.40,11274.64,6.4825,0.0997,5.9887,0.9099,0.9109,102,0,0,0.0000,0.0000
12346,0.00,3,71,4825,5008.15,14674.33,6.4048,0.0991,5.9537,0.9126,0.9109,68,0,0,0.0000,0.0000
12346,0.00,3,72,5105,5007.10,19096.59,6.5163,0.0999,7.1057,0.9147,0.9208,93,0,0,0.0000,0.0000
12346,0.00,3,73,5105,4983.85,22943.93,6.6990,0.1013,7.1071,0.9149,0.9208,116,0,0,0.0000,0.0000
12346,0.00,3,74,5105,4958.45,21375.35,6.7235,0.1016,6.4255,0.9149,0.9208,76,0,0,0.0000,0.0000
12346,0.00,3,75,4855,4925.10,19192.49,6.8156,0.1020,6.6444,0.9148,0.9208,99,0,0,0.0000,0.0000
12346,0.00,3,76,4925,4909.90,16693.49,6.8168,0.1020,6.6941,0.9146,0.9208,94,0,0,0.0000,0.0000
12346,0.00,3,77,4925,4915.35,19292.63,6.8004,0.1019,7.1448,0.9169,0.9208,90,0,0,0.0000,0.0000
12346,0.00,3,78,4925,4913.30,17117.61,6.8459,0.1023,7.8598,0.9191,0.9208,100,0,0,0.0000,0.0000
12346,0.00,3,79,4925,4907.80,17386.66,6.8999,0.1027,8.1053,0.9211,0.9208,90,0,0,0.0000,0.0000
12346,0.00,3,80,5000,4904.85,17522.23,6.8390,0.1020,9.1287,0.9240,0.9505,104,0,0,0.0000,0.0000
12346,0.00,3,81,5000,4919.35,10724.33,6.6716,0.1008,7.8273,0.9246,0.9505,94,0,0,0.0000,0.0000
12346,0.00,3,82,4945,4934.20,9243.36,6.5200,0.0995,7.1014,0.9272,0.9505,97,0,0,0.0000,0.0000
12346,0.00,3,83,4930,4951.35,6778.43,6.3603,0.0979,7.8259,0.9330,0.9505,98,0,0,0.0000,0.0000
12346,0.00,3,84,4895,4948.00,7932.00,6.2741,0.0971,8.1008,0.9380,0.9505,108,0,0,0.0000,0.0000
12346,0.00,3,85,4825,4933.25,12516.19,6.2819,0.0968,8.6863,0.9411,0.9505,98,0,0,0.0000,0.0000
12346,0.00,3,86,4835,4928.45,9835.85,6.1590,0.0955,7.2764,0.9456,0.9604,98,0,0,0.0000,0.0000
12346,0.00,3,87,4835,4908.25,10426.69,6.0811,0.0946,7.1851,0.9463,0.9604,94,0,0,0.0000,0.0000
12346,0.00,3,88,5045,4887.00,9389.00,6.0579,0.0943,6.4040,0.9483,0.9604,71,0,0,0.0000,0.0000
12346,0.00,3,89,5045,4879.40,11703.14,6.0883,0.0944,7.8172,0.9507,0.9604,93,0,0,0.0000,0.0000
12346,0.00,3,90,5045,4874.15,14511.53,6.1752,0.0950,8.2828,0.9537,0.9604,97,0,0,0.0000,0.0000
12346,0.00,3,91,4915,4926.15,21829.93,6.2654,0.0958,7.8323,0.9572,0.9505,94,0,0,0.0000,0.0000
12346,0.00,3,92,4915,4983.20,16683.76,6.2965,0.0964,5.9495,0.9590,0.9505,92,0,0,0.0000,0.0000
12346,0.00,3,93,4915,4982.85,14915.13,6.3361,0.0969,5.4362,0.9594,0.9505,91,0,0,0.0000,0.0000
12346,0.00,3,94,4870,4981.10,10486.79,6.2604,0.0963,5.5968,0.9593,0.9604,103,0,0,0.0000,0.0000
12346,0.00,3,95,4870,4978.60,11080.04,6.2930,0.0965,6.0295,0.9597,0.9604,110,0,0,0.0000,0.0000
12346,0.00,3,96,4840,4964.25,9915.19,6.2935,0.0966,6.6511,0.9590,0.9604,103,0,0,0.0000,0.0000
12346,0.00,3,97,4815,4943.35,10630.53,6.2712,0.0964,7.5143,0.9585,0.9604,90,0,0,0.0000,0.0000
12346,0.00,3,98,4815,4932.65,9177.23,6.2754,0.0963,7.5988,0.9589,0.9604,79,0,0,0.0000,0.0000
12346,0.00,3,99,4815,4891.45,6520.15,6.2785,0.0963,7.5426,0.9590,0.9604,72,0,0,0.0000,0.0000
12346,0.40,0,0,4725,5027.45,64336.75,1.1871,0.3831,87.6321,0.3951,0.4945,0,0,0,0.0000,0.0000
12346,0.40,0,1,4725,4973.45,52712.35,1.1175,0.3462,91.4026,0.4343,0.4945,90,0,0,0.0000,0.0000
12346,0.40,0,2,4730,4888.40,30400.94,1.0864,0.3238,88.2923,0.4610,0.5055,98,0,0,0.0000,0.0000
12346,0.40,0,3,4490,4819.05,24785.85,0.9902,0.2996,70.5210,0.4865,0.5275,90,0,0,0.0000,0.0000
12346,0.40,0,4,4465,4751.25,20978.69,0.9166,0.2825,27.6822,0.5125,0.5385,93,0,0,0.0000,0.0000
12346,0.40,0,5,4820,4707.65,23864.23,0.9075,0.2733,9.1242,0.5321,0.5495,114,0,0,0.0000,0.0000
12346,0.40,0,6,4800,4662.25,21911.69,0.9037,0.2659,11.7154,0.5405,0.5604,97,0,0,0.0000,0.0000
12346,0.40,0,7,4735,4674.95,20835.75,0.9213,0.2608,13.8356,0.5553,0.5714,99,0,0,0.0000,0.0000
12346,0.40,0,8,4735,4704.35,19448.33,0.8851,0.2525,12.6812,0.5633,0.5714,82,0,0,0.0000,0.0000
12346,0.40,0,9,4740,4698.95,20332.15,0.9069,0.2502,12.4859,0.5736,0.6044,103,0,0,0.0000,0.0000
12346,0.40,0,10,4730,4707.45,22885.25,0.9093,0.2458,12.5491,0.5854,0.6044,96,0,0,0.0000,0.0000
12346,0.40,0,11,4615,4701.60,18035.94,0.9359,0.2440,11.6206,0.5974,0.6154,89,0,0,0.0000,0.0000
12346,0.40,0,12,5125,4718.60,21718.54,0.9646,0.2417,11.6465,0.6067,0.6264,96,0,0,0.0000,0.0000
12346,0.40,0,13,5170,4752.35,28602.23,1.0087,0.2446,11.8531,0.6149,0.6374,73,0,0,0.0000,0.0000
12346,0.40,0,14,5045,4848.95,34198.15,1.0911,0.2483,13.4499,0.6227,0.6374,100,0,0,0.0000,0.0000
12346,0.40,0,15,5090,4905.05,44808.75,1.2129,0.2544,14.8586,0.6346,0.6593,95,0,0,0.0000,0.0000
12346,0.40,0,16,4830,4962.90,36486.59,1.3208,0.2598,15.4778,0.6454,0.6593,86,0,0,0.0000,0.0000
12346,0.40,0,17,5130,5007.30,32542.21,1.4067,0.2612,16.3846,0.6587,0.6923,112,0,0,0.0000,0.0000
12346,0.40,0,18,4920,5008.05,25308.95,1.4118,0.2576,18.1792,0.6701,0.6813,106,0,0,0.0000,0.0000
12346,0.40,0,19,4870,5001.20,21082.06,1.4403,0.2553,19.2511,0.6793,0.6923,95,0,0,0.0000,0.0000
12346,0.40,0,20,5190,5007.40,18623.24,1.4441,0.2528,19.8083,0.6843,0.7253,91,0,0,0.0000,0.0000
12346,0.40,0,21,4735,5027.15,18943.13,1.4930,0.2541,20.2832,0.6905,0.7033,114,0,0,0.0000,0.0000
12346,0.40,0,22,5010,5050.85,20143.03,1.5453,0.2551,21.0232,0.7012,0.7143,90,0,0,0.0000,0.0000
12346,0.40,0,23,4580,5062.60,20536.24,1.5692,0.2540,22.5451,0.7168,0.7363,87,0,0,0.0000,0.0000
12346,0.40,0,24,4980,5031.55,25712.35,1.5550,0.2512,24.6168,0.7238,0.7253,89,0,0,0.0000,0.0000
12346,0.40,0,25,4980,4998.15,39090.33,1.5983,0.2533,24.3186,0.7263,0.7253,93,0,0,0.0000,0.0000
12346,0.40,0,26,5115,4993.15,42828.33,1.6585,0.2547,22.5889,0.7310,0.7363,93,0,0,0.0000,0.0000
12346,0.40,0,27,5165,5020.40,21270.34,1.7283,0.2592,16.7800,0.7329,0.7473,112,0,0,0.0000,0.0000
12346,0.40,0,28,5180,4990.25,19591.69,1.7713,0.2589,15.1570,0.7386,0.7582,90,0,0,0.0000,0.0000
12346,0.40,0,29,5180,4999.15,20842.53,1.8027,0.2574,16.0865,0.7477,0.7582,103,0,0,0.0000,0.0000
12346,0.40,0,30,4895,5008.40,25576.94,1.7976,0.2543,14.6533,0.7519,0.7692,103,0,0,0.0000,0.0000
12346,0.40,0,31,5165,5054.50,21951.25,1.7875,0.2538,14.6291,0.7555,0.7692,108,0,0,0.0000,0.0000
12346,0.40,0,32,4850,5059.95,15379.75,1.7591,0.2509,19.4271,0.7615,0.7802,97,0,0,0.0000,0.0000
12346,0.40,0,33,4805,5051.70,19008.61,1.6672,0.2425,24.1844,0.7696,0.7912,86,0,0,0.0000,0.0000
12346,0.40,0,34,4805,4996.50,21924.25,1.5708,0.2336,29.1646,0.7757,0.7912,129,0,0,0.0000,0.0000
12346,0.40,0,35,5045,4989.95,23188.25,1.4978,0.2286,27.6214,0.7845,0.8132,90,0,0,0.0000,0.0000
12346,0.40,0,36,5045,4963.25,31307.69,1.5178,0.2295,27.5756,0.7899,0.8132,103,0,0,0.0000,0.0000
12346,0.40,0,37,5105,4958.30,28688.11,1.5021,0.2276,26.1861,0.7973,0.8242,111,0,0,0.0000,0.0000
12346,0.40,0,38,4985,4960.80,27178.36,1.4623,0.2242,19.0935,0.8082,0.8242,84,0,0,0.0000,0.0000
12346,0.40,0,39,5060,4979.45,28412.95,1.4412,0.2215,14.5079,0.8171,0.8352,106,0,0,0.0000,0.0000
12346,0.40,0,40,4960,5003.15,27586.33,1.4440,0.2206,12.1772,0.8220,0.8462,96,0,0,0.0000,0.0000
12346,0.40,0,41,4960,5003.65,26203.43,1.4558,0.2191,10.9422,0.8287,0.8462,104,0,0,0.0000,0.0000
12346,0.40,0,42,4960,5015.05,16511.25,1.4741,0.2179,10.5760,0.8353,0.8462,89,0,0,0.0000,0.0000
12346,0.40,0,43,5030,4967.15,14203.13,1.4830,0.2172,9.4160,0.8401,0.8571,101,0,0,0.0000,0.0000
12346,0.40,0,44,5020,4968.55,8861.15,1.4898,0.2151,6.4846,0.8480,0.8681,111,0,0,0.0000,0.0000
12346,0.40,0,45,4895,4974.65,7959.63,1.4838,0.2135,6.5307,0.8533,0.8681,99,0,0,0.0000,0.0000
12346,0.40,0,46,4895,4972.90,9060.09,1.4890,0.2115,6.7814,0.8592,0.8681,103,0,0,0.0000,0.0000
12346,0.40,0,47,5040,4972.35,6685.23,1.4588,0.2076,7.5202,0.8638,0.8791,89,0,0,0.0000,0.0000
12346,0.40,0,48,5040,4970.50,9435.25,1.4429,0.2046,8.4885,0.8684,0.8791,94,0,0,0.0000,0.0000
12346,0.40,0,49,4930,4995.40,12544.34,1.4831,0.2070,8.0893,0.8735,0.8791,110,0,0,0.0000,0.0000
12346,0.40,0,50,5275,5034.35,13082.33,1.4664,0.2058,6.4669,0.8796,0.8901,81,0,0,0.0000,0.0000
12346,0.40,0,51,5275,5033.85,12384.43,1.4786,0.2051,5.7372,0.8835,0.8901,95,0,0,0.0000,0.0000
12346,0.40,0,52,5240,5036.45,16709.15,1.4905,0.2040,6.7416,0.8862,0.9011,116,0,0,0.0000,0.0000
12346,0.40,0,53,5055,5027.25,23390.69,1.4805,0.2026,7.6511,0.8899,0.8901,83,0,0,0.0000,0.0000
12346,0.40,0,54,4870,5063.25,29384.69,1.4752,0.2005,8.7620,0.8947,0.9011,99,0,0,0.0000,0.0000
12346,0.40,0,55,5340,5057.75,33999.69,1.4503,0.1981,8.9923,0.8984,0.9121,87,0,0,0.0000,0.0000
12346,0.40,0,56,5170,5076.15,35195.43,1.4707,0.1982,10.0059,0.9009,0.8901,108,0,0,0.0000,0.0000
12346,0.40,0,57,4885,5065.40,48270.34,1.4690,0.1985,9.5939,0.9013,0.9011,85,0,0,0.0000,0.0000
12346,0.40,0,58,4990,5091.95,47146.95,1.4344,0.1944,10.5610,0.9048,0.9341,94,0,0,0.0000,0.0000
12346,0.40,0,59,4990,5112.75,32281.69,1.4443,0.1936,11.3279,0.9110,0.9341,100,0,0,0.0000,0.0000
12346,0.40,0,60,4825,5081.10,24534.29,1.4729,0.1948,10.9010,0.9168,0.9341,86,0,0,0.0000,0.0000
12346,0.40,0,61,5020,5040.40,20445.34,1.4878,0.1946,8.2271,0.9254,0.9341,80,0,0,0.0000,0.0000
12346,0.40,0,62,4920,4969.35,15951.33,1.5471,0.1977,5.6016,0.9335,0.9670,90,0,0,0.0000,0.0000
12346,0.40,0,63,4905,4915.25,11082.69,1.5767,0.1984,5.4257,0.9354,0.9341,99,0,0,0.0000,0.0000
12346,0.40,0,64,5005,4895.50,16357.25,1.5819,0.1982,6.1756,0.9364,0.9341,92,0,0,0.0000,0.0000
12346,0.40,0,65,4920,4890.75,15532.19,1.5967,0.1984,7.2592,0.9391,0.9341,108,0,0,0.0000,0.0000
12346,0.40,0,66,4920,4908.80,13185.56,1.5597,0.1965,6.5388,0.9380,0.9341,70,0,0,0.0000,0.0000
12346,0.40,0,67,4840,4915.30,12411.41,1.5435,0.1948,5.9277,0.9357,0.9451,75,0,0,0.0000,0.0000
12346,0.40,0,68,4980,4925.75,12336.19,1.5468,0.1940,5.8582,0.9359,0.9341,91,0,0,0.0000,0.0000
12346,0.40,0,69,4945,4949.20,13912.86,1.5589,0.1945,5.7204,0.9367,0.9341,97,0,0,0.0000,0.0000
12346,0.40,0,70,4810,4951.15,11076.43,1.5739,0.1944,6.2119,0.9388,0.9341,95,0,0,0.0000,0.0000
12346,0.40,0,71,4945,4940.95,15846.85,1.5693,0.1930,6.7321,0.9391,0.9451,99,0,0,0.0000,0.0000
12346,0.40,0,72,4945,4927.45,18698.75,1.5792,0.1922,7.2204,0.9410,0.9451,105,0,0,0.0000,0.0000
12346,0.40,0,73,4945,4898.70,10964.31,1.5679,0.1911,7.0671,0.9410,0.9451,94,0,0,0.0000,0.0000
12346,0.40,0,74,4900,4889.75,8137.69,1.5529,0.1895,6.4283,0.9432,0.9451,81,0,0,0.0000,0.0000
12346,0.40,0,75,4900,4894.80,8268.96,1.5252,0.1867,5.9891,0.9451,0.9451,87,0,0,0.0000,0.0000
12346,0.40,0,76,4945,4895.15,6079.23,1.4862,0.1846,4.5517,0.9451,0.9451,90,0,0,0.0000,0.0000
12346,0.40,0,77,4945,4904.90,7671.49,1.4703,0.1832,4.0582,0.9454,0.9451,90,0,0,0.0000,0.0000
12346,0.40,0,78,4850,4910.60,7176.14,1.4577,0.1820,4.8030,0.9458,0.9451,100,0,0,0.0000,0.0000
12346,0.40,0,79,4850,4908.20,11852.76,1.4625,0.1826,5.3495,0.9454,0.9451,105,0,0,0.0000,0.0000
12346,0.40,0,80,4850,4899.45,13143.45,1.4314,0.1812,5.6046,0.9451,0.9451,92,0,0,0.0000,0.0000
12346,0.40,0,81,4830,4904.65,14494.13,1.4158,0.1797,6.0846,0.9464,0.9560,103,0,0,0.0000,0.0000
12346,0.40,0,82,4750,4896.75,14384.19,1.4287,0.1801,6.6576,0.9477,0.9560,100,0,0,0.0000,0.0000
12346,0.40,0,83,4745,4868.60,15248.04,1.4903,0.1826,7.1505,0.9491,0.9451,95,0,0,0.0000,0.0000
12346,0.40,0,84,4690,4830.00,10353.50,1.5416,0.1849,7.9915,0.9508,0.9560,114,0,0,0.0000,0.0000
12346,0.40,0,85,4845,4780.05,9609.25,1.5274,0.1845,8.0242,0.9516,0.9560,83,0,0,0.0000,0.0000
12346,0.40,0,86,4845,4763.05,8223.95,1.5610,0.1858,8.5879,0.9537,0.9560,94,0,0,0.0000,0.0000
12346,0.40,0,87,4845,4750.05,6464.25,1.5646,0.1862,8.6851,0.9556,0.9560,84,0,0,0.0000,0.0000
12346,0.40,0,88,4790,4752.25,8302.19,1.5740,0.1853,10.3319,0.9571,0.9560,102,0,0,0.0000,0.0000
12346,0.40,0,89,4920,4751.45,9289.15,1.5499,0.1837,10.5804,0.9569,0.9670,79,0,0,0.0000,0.0000
12346,0.40,0,90,4820,4781.45,11404.65,1.5426,0.1822,10.9087,0.9564,0.9560,75,0,0,0.0000,0.0000
12346,0.40,0,91,4820,4821.40,10316.54,1.5381,0.1810,10.7283,0.9600,0.9560,93,0,0,0.0000,0.0000
12346,0.40,0,92,4765,4854.70,6790.41,1.5426,0.1805,10.8408,0.9624,0.9560,101,0,0,0.0000,0.0000
12346,0.40,0,93,4745,4850.50,8056.75,1.5568,0.1802,11.9537,0.9622,0.9560,111,0,0,0.0000,0.0000
12346,0.40,0,94,4965,4856.80,9968.26,1.6464,0.1866,10.0889,0.9609,0.9670,105,0,0,0.0000,0.0000
12346,0.40,0,95,4860,4852.70,14667.21,1.7180,0.1905,7.8440,0.9610,0.9780,116,0,0,0.0000,0.0000
12346,0.40,0,96,4830,4835.80,13892.36,1.7227,0.1916,7.0634,0.9604,0.9670,94,0,0,0.0000,0.0000
12346,0.40,0,97,4830,4795.60,15964.64,1.7262,0.1917,6.9628,0.9618,0.9670,101,0,0,0.0000,0.0000
12346,0.40,0,98,4830,4827.35,13241.73,1.6691,0.1874,7.0964,0.9654,0.9670,96,0,0,0.0000,0.0000
12346,0.40,0,99,4785,4829.60,10412.34,1.6187,0.1836,6.3780,0.9692,0.9670,91,0,0,0.0000,0.0000
12346,0.40,1,0,5255,5221.45,79620.65,2.1873,0.1564,86.4758,0.4044,0.5056,0,0,0,0.0000,0.0000
12346,0.40,1,1,5205,5202.15,80367.63,2.2900,0.1585,88.0735,0.4254,0.4494,86,38,2,0.4419,0.0233
12346,0.40,1,2,5190,5200.60,58467.14,2.4236,0.1627,86.6834,0.4419,0.4719,95,34,1,0.3579,0.0105
12346,0.40,1,3,5120,5137.30,24406.21,2.2733,0.1559,70.7861,0.4533,0.4831,91,28,4,0.3077,0.0440
12346,0.40,1,4,5110,5150.75,24578.69,2.2548,0.1532,59.8491,0.4725,0.4944,121,37,3,0.3058,0.0248
12346,0.40,1,5,5120,5151.10,22776.29,2.3365,0.1547,46.9529,0.4819,0.5169,79,30,6,0.3797,0.0759
12346,0.40,1,6,5120,5158.05,20214.45,2.3982,0.1550,32.3818,0.4918,0.5169,100,39,6,0.3900,0.0600
12346,0.40,1,7,5275,5168.90,18833.79,2.3696,0.1527,32.8040,0.5036,0.5393,104,36,2,0.3462,0.0192
12346,0.40,1,8,5075,5157.60,10639.74,2.3268,0.1496,20.6689,0.5173,0.5281,80,29,4,0.3625,0.0500
12346,0.40,1,9,5130,5139.75,10510.69,2.2982,0.1478,11.0752,0.5245,0.5506,99,36,2,0.3636,0.0202
12346,0.40,1,10,5175,5149.45,8127.95,2.2921,0.1471,7.8994,0.5330,0.5506,100,32,5,0.3200,0.0500
12346,0.40,1,11,5170,5130.30,10219.91,2.2939,0.1461,9.8962,0.5434,0.5730,96,45,2,0.4688,0.0208
12346,0.40,1,12,5120,5149.85,16031.73,2.2606,0.1435,12.7681,0.5581,0.5618,96,43,3,0.4479,0.0312
12346,0.40,1,13,5490,5153.20,17219.26,2.2363,0.1416,14.5816,0.5712,0.5955,106,36,4,0.3396,0.0377
12346,0.40,1,14,5050,5167.10,15286.59,2.2005,0.1395,14.0816,0.5849,0.6180,114,47,5,0.4123,0.0439
12346,0.40,1,15,5395,5213.35,25012.53,2.1686,0.1374,14.0642,0.5981,0.6292,81,33,4,0.4074,0.0494
12346,0.40,1,16,5585,5263.65,34052.93,2.1989,0.1371,13.8725,0.6120,0.6404,97,35,3,0.3608,0.0309
12346,0.40,1,17,5350,5293.75,36739.19,2.2185,0.1369,13.0432,0.6235,0.6404,89,31,4,0.3483,0.0449
12346,0.40,1,18,5220,5317.25,41227.69,2.2140,0.1359,12.4046,0.6337,0.6517,103,39,4,0.3786,0.0388
12346,0.40,1,19,5185,5340.15,26907.23,2.2362,0.1354,13.0651,0.6443,0.6629,115,46,7,0.4000,0.0609
12346,0.40,1,20,4995,5314.45,39640.45,2.2491,0.1355,14.9067,0.6497,0.6517,89,34,1,0.3820,0.0112
12346,0.40,1,21,5310,5295.65,43624.83,2.2159,0.1335,16.8307,0.6583,0.6629,89,40,3,0.4494,0.0337
12346,0.40,1,22,5405,5257.00,42050.50,2.2079,0.1331,19.1853,0.6651,0.6966,92,32,3,0.3478,0.0326
12346,0.40,1,23,5435,5242.80,31821.66,2.2127,0.1326,21.4281,0.6752,0.7079,98,32,5,0.3265,0.0510
12346,0.40,1,24,5500,5291.60,26229.94,2.1984,0.1310,21.4921,0.6855,0.7191,109,37,3,0.3394,0.0275
12346,0.40,1,25,5485,5342.10,15237.09,2.1614,0.1289,15.9574,0.6957,0.7191,74,36,3,0.4865,0.0405
12346,0.40,1,26,5550,5389.70,15020.91,2.1618,0.1278,11.4733,0.7073,0.7416,104,38,1,0.3654,0.0096
12346,0.40,1,27,5550,5403.45,14808.85,2.1613,0.1274,10.6620,0.7136,0.7416,91,39,5,0.4286,0.0549
12346,0.40,1,28,5540,5425.60,17990.64,2.1364,0.1257,12.1964,0.7230,0.7416,88,40,3,0.4545,0.0341
12346,0.40,1,29,5615,5442.35,24683.23,2.1156,0.1248,12.9261,0.7312,0.7528,94,43,3,0.4574,0.0319
12346,0.40,1,30,5620,5458.15,29481.83,2.1254,0.1245,14.2471,0.7385,0.7528,113,48,5,0.4248,0.0442
12346,0.40,1,31,5620,5486.05,38201.15,2.1406,0.1243,15.9956,0.7447,0.7528,106,46,2,0.4340,0.0189
12346,0.40,1,32,5125,5557.40,44278.74,2.1631,0.1244,13.7129,0.7538,0.7528,88,28,2,0.3182,0.0227
12346,0.40,1,33,5695,5580.70,62995.51,2.1464,0.1236,13.1537,0.7589,0.7753,121,52,1,0.4298,0.0083
12346,0.40,1,34,5455,5597.25,82754.19,2.1307,0.1225,13.4871,0.7660,0.7865,85,37,3,0.4353,0.0353
12346,0.40,1,35,5015,5600.50,99928.75,2.1184,0.1217,13.8604,0.7699,0.7528,105,51,2,0.4857,0.0190
12346,0.40,1,36,5505,5580.40,80012.34,2.1346,0.1218,14.5295,0.7782,0.7865,102,43,3,0.4216,0.0294
12346,0.40,1,37,5105,5459.05,80956.85,2.1045,0.1209,15.6255,0.7807,0.7640,95,38,5,0.4000,0.0526
12346,0.40,1,38,5630,5367.35,69156.73,2.0597,0.1194,15.3323,0.7822,0.8090,93,36,2,0.3871,0.0215
12346,0.40,1,39,5630,5279.90,70501.99,1.9861,0.1170,15.5230,0.7830,0.8090,93,35,5,0.3763,0.0538
12346,0.40,1,40,5210,5229.45,74289.95,1.9282,0.1153,14.4293,0.7831,0.7753,101,30,2,0.2970,0.0198
12346,0.40,1,41,5480,5256.90,87372.39,1.9282,0.1149,14.9127,0.7891,0.8202,97,48,3,0.4948,0.0309
12346,0.40,1,42,5175,5374.60,82068.34,1.9757,0.1162,14.6604,0.7973,0.8202,88,35,1,0.3977,0.0114
12346,0.40,1,43,5140,5363.20,75814.26,1.9453,0.1151,16.1727,0.8003,0.8202,100,38,3,0.3800,0.0300
12346,0.40,1,44,5100,5326.15,62258.93,1.8856,0.1131,16.9927,0.8015,0.8202,84,33,2,0.3929,0.0238
12346,0.40,1,45,5245,5273.15,44533.33,1.8485,0.1112,18.1745,0.8070,0.8315,95,44,5,0.4632,0.0526
12346,0.40,1,46,5170,5228.45,35136.85,1.8504,0.1102,18.8475,0.8194,0.8090,99,33,2,0.3333,0.0202
12346,0.40,1,47,5190,5199.90,23644.99,1.8363,0.1096,16.9966,0.8243,0.8202,101,37,1,0.3663,0.0099
12346,0.40,1,48,5190,5208.40,14300.94,1.7801,0.1076,15.5398,0.8260,0.8202,81,39,5,0.4815,0.0617
12346,0.40,1,49,5180,5189.15,9966.03,1.6552,0.1039,14.9329,0.8256,0.8202,103,33,6,0.3204,0.0583
12346,0.40,1,50,5280,5210.70,19254.01,1.5994,0.1018,15.2883,0.8281,0.8315,89,31,4,0.3483,0.0449
12346,0.40,1,51,5260,5228.00,15599.50,1.5730,0.1013,14.3337,0.8292,0.8427,97,38,2,0.3918,0.0206
12346,0.40,1,52,5260,5207.80,11419.66,1.5204,0.1002,10.2026,0.8279,0.8427,74,31,2,0.4189,0.0270
12346,0.40,1,53,5235,5174.20,14749.36,1.5246,0.1002,9.2216,0.8308,0.8427,98,43,1,0.4388,0.0102
12346,0.40,1,54,5235,5184.75,22020.19,1.5697,0.1013,10.9980,0.8344,0.8427,102,47,4,0.4608,0.0392
12346,0.40,1,55,5355,5188.50,26473.75,1.5974,0.1019,11.6634,0.8404,0.8539,96,41,6,0.4271,0.0625
12346,0.40,1,56,5355,5191.45,29160.15,1.5946,0.1018,11.1374,0.8419,0.8539,76,28,3,0.3684,0.0395
12346,0.40,1,57,5355,5148.10,42918.89,1.6134,0.1024,10.7960,0.8446,0.8539,90,37,3,0.4111,0.0333
12346,0.40,1,58,5385,5159.05,46813.85,1.6149,0.1026,9.0968,0.8470,0.8652,108,44,7,0.4074,0.0648
12346,0.40,1,59,5385,5226.90,45775.89,1.6243,0.1028,8.3380,0.8526,0.8652,120,48,5,0.4000,0.0417
12346,0.40,1,60,5265,5298.75,31661.69,1.6351,0.1033,6.8287,0.8552,0.8764,89,33,4,0.3708,0.0449
12346,0.40,1,61,5250,5325.00,16728.50,1.6481,0.1034,5.7788,0.8610,0.8764,92,42,3,0.4565,0.0326
12346,0.40,1,62,5325,5332.85,11348.13,1.6172,0.1021,6.2271,0.8653,0.8876,100,34,4,0.3400,0.0400
12346,0.40,1,63,5325,5334.75,9432.69,1.6338,0.1022,5.7929,0.8692,0.8876,99,45,2,0.4545,0.0202
12346,0.40,1,64,5325,5313.70,7382.31,1.6435,0.1025,5.5693,0.8720,0.8876,86,35,6,0.4070,0.0698
12346,0.40,1,65,5325,5302.05,11017.55,1.6248,0.1016,6.3598,0.8758,0.8876,94,35,6,0.3723,0.0638
12346,0.40,1,66,5325,5296.10,12479.29,1.6119,0.1008,6.9356,0.8801,0.8876,85,32,4,0.3765,0.0471
12346,0.40,1,67,5310,5306.20,12882.06,1.5759,0.0993,7.7513,0.8839,0.8876,96,44,2,0.4583,0.0208
12346,0.40,1,68,5310,5301.20,7816.56,1.5821,0.0996,7.5299,0.8857,0.8876,103,34,3,0.3301,0.0291
12346,0.40,1,69,5330,5305.05,8219.75,1.5707,0.0989,6.5851,0.8876,0.8989,113,46,0,0.4071,0.0000
12346,0.40,1,70,5330,5310.90,9344.19,1.5579,0.0985,6.9638,0.8891,0.8989,99,38,5,0.3838,0.0505
12346,0.40,1,71,5240,5292.95,12450.05,1.5797,0.0989,7.0131,0.8933,0.8989,105,41,3,0.3905,0.0286
12346,0.40,1,72,5475,5300.90,10272.69,1.5911,0.0989,7.5636,0.8993,0.9213,98,34,5,0.3469,0.0510
12346,0.40,1,73,5030,5309.25,15680.69,1.6530,0.1006,7.8842,0.9012,0.9101,104,39,3,0.3750,0.0288
12346,0.40,1,74,5470,5315.65,29643.83,1.6369,0.1001,7.5923,0.9037,0.9326,95,40,6,0.4211,0.0632
12346,0.40,1,75,5470,5343.95,28395.15,1.6283,0.0995,8.0113,0.9085,0.9326,96,39,1,0.4062,0.0104
12346,0.40,1,76,5510,5399.15,26225.03,1.5692,0.0974,7.7739,0.9163,0.9326,97,37,2,0.3814,0.0206
12346,0.40,1,77,5510,5414.80,28234.46,1.5309,0.0956,7.0897,0.9249,0.9326,111,42,7,0.3784,0.0631
12346,0.40,1,78,5510,5454.65,16404.63,1.4665,0.0936,5.5313,0.9308,0.9326,93,31,2,0.3333,0.0215
12346,0.40,1,79,5300,5462.35,15167.73,1.4333,0.0924,4.9095,0.9322,0.9326,84,35,1,0.4167,0.0119
12346,0.40,1,80,5600,5446.85,17124.33,1.4170,0.0919,5.1101,0.9339,0.9438,107,37,2,0.3458,0.0187
12346,0.40,1,81,5600,5456.15,16089.93,1.4286,0.0923,5.5933,0.9338,0.9438,108,32,2,0.2963,0.0185
12346,0.40,1,82,5600,5439.20,17161.36,1.4535,0.0935,5.1859,0.9354,0.9438,95,43,2,0.4526,0.0211
12346,0.40,1,83,5430,5424.80,23603.96,1.4442,0.0930,5.1739,0.9361,0.9438,96,40,6,0.4167,0.0625
12346,0.40,1,84,5385,5427.25,21012.69,1.4159,0.0916,5.6903,0.9385,0.9438,108,44,3,0.4074,0.0278
12346,0.40,1,85,5275,5466.05,20002.65,1.3816,0.0901,5.8253,0.9403,0.9551,88,38,0,0.4318,0.0000
12346,0.40,1,86,5245,5457.10,20680.59,1.3758,0.0894,6.5230,0.9430,0.9326,103,35,2,0.3398,0.0194
12346,0.40,1,87,5245,5422.60,15553.24,1.3956,0.0899,7.1869,0.9443,0.9326,92,42,3,0.4565,0.0326
12346,0.40,1,88,5205,5364.40,10087.14,1.4475,0.0915,8.0675,0.9463,0.9551,102,34,3,0.3333,0.0294
12346,0.40,1,89,5535,5307.20,5669.16,1.4788,0.0925,8.2263,0.9488,0.9551,87,36,4,0.4138,0.0460
12346,0.40,1,90,5535,5295.80,7482.86,1.4941,0.0929,8.9291,0.9494,0.9551,84,31,5,0.3690,0.0595
12346,0.40,1,91,5535,5306.25,16713.69,1.5066,0.0934,10.2190,0.9479,0.9551,101,34,0,0.3366,0.0000
12346,0.40,1,92,5525,5352.40,20636.74,1.4391,0.0913,9.6174,0.9480,0.9551,103,41,1,0.3981,0.0097
12346,0.40,1,93,5500,5385.10,30358.49,1.4199,0.0907,9.1248,0.9499,0.9551,107,45,6,0.4206,0.0561
12346,0.40,1,94,5770,5418.00,30851.00,1.4230,0.0905,8.4420,0.9535,0.9663,108,50,4,0.4630,0.0370
12346,0.40,1,95,5770,5469.30,34545.01,1.3870,0.0890,6.8008,0.9558,0.9663,84,33,4,0.3929,0.0476
12346,0.40,1,96,5770,5482.70,36907.71,1.3819,0.0886,6.2909,0.9589,0.9663,105,38,2,0.3619,0.0190
12346,0.40,1,97,5535,5507.15,45510.63,1.3892,0.0886,6.3408,0.9616,0.9551,118,46,4,0.3898,0.0339
12346,0.40,1,98,5535,5608.15,50505.33,1.4056,0.0890,5.5956,0.9628,0.9551,86,40,2,0.4651,0.0233
12346,0.40,1,99,5535,5661.65,45937.03,1.4212,0.0894,5.1558,0.9652,0.9551,98,44,4,0.4490,0.0408
12346,0.40,2,0,5095,5263.10,95847.89,2.4928,0.1008,88.7111,0.4098,0.4778,0,0,0,0.0000,0.0000
12346,0.40,2,1,5595,5306.90,89772.39,2.6110,0.1015,94.7976,0.4509,0.4556,88,34,0,0.3864,0.0000
12346,0.40,2,2,5840,5293.65,69449.43,2.6089,0.1002,93.5917,0.4720,0.4778,103,41,1,0.3981,0.0097
12346,0.40,2,3,5840,5348.40,84046.94,2.6494,0.0999,84.4816,0.4901,0.4778,85,25,0,0.2941,0.0000
12346,0.40,2,4,5810,5490.65,101828.83,2.9482,0.1055,71.1297,0.4929,0.4889,126,46,0,0.3651,0.0000
12346,0.40,2,5,5855,5596.10,78920.29,3.2152,0.1108,60.1384,0.5008,0.5111,86,34,1,0.3953,0.0116
12346,0.40,2,6,5885,5674.15,37088.53,3.5048,0.1161,36.2416,0.5046,0.5222,95,37,0,0.3895,0.0000
12346,0.40,2,7,5795,5721.10,27256.29,3.6675,0.1186,29.1081,0.5166,0.5222,80,35,2,0.4375,0.0250
12346,0.40,2,8,5865,5772.70,23960.71,3.7098,0.1187,26.4762,0.5278,0.5333,89,33,0,0.3708,0.0000
12346,0.40,2,9,5855,5819.05,20676.35,3.6297,0.1173,20.2810,0.5331,0.5556,106,53,1,0.5000,0.0094
12346,0.40,2,10,5640,5855.35,7962.13,3.5758,0.1164,12.0267,0.5398,0.5556,102,38,1,0.3725,0.0098
12346,0.40,2,11,5870,5865.50,9931.75,3.5570,0.1155,10.7091,0.5492,0.5778,102,36,2,0.3529,0.0196
12346,0.40,2,12,6065,5839.95,12059.25,3.4986,0.1142,11.4966,0.5570,0.6000,91,30,0,0.3297,0.0000
12346,0.40,2,13,6065,5821.05,15388.15,3.5970,0.1152,13.6600,0.5700,0.6000,108,48,0,0.4444,0.0000
12346,0.40,2,14,5925,5846.10,22499.79,3.5035,0.1126,15.3673,0.5837,0.6000,91,39,0,0.4286,0.0000
12346,0.40,2,15,6045,5928.85,27618.43,3.3614,0.1087,16.7960,0.6001,0.6111,117,46,3,0.3932,0.0256
12346,0.40,2,16,5865,5983.30,24622.61,3.1871,0.1049,15.5572,0.6097,0.6333,116,45,2,0.3879,0.0172
12346,0.40,2,17,5890,5967.95,22153.55,3.1832,0.1044,15.9626,0.6198,0.6556,111,40,0,0.3604,0.0000
12346,0.40,2,18,5825,5975.95,21425.35,3.0621,0.1016,15.6200,0.6309,0.6667,99,40,1,0.4040,0.0101
12346,0.40,2,19,5630,5951.50,22003.25,3.2565,0.1042,20.0360,0.6433,0.6667,80,40,1,0.5000,0.0125
12346,0.40,2,20,5600,5913.25,27254.69,3.5120,0.1078,22.1204,0.6590,0.6889,111,48,0,0.4324,0.0000
12346,0.40,2,21,5985,5827.25,25998.69,3.8302,0.1121,14.1333,0.6733,0.6889,99,50,1,0.5051,0.0101
12346,0.40,2,22,5965,5787.80,36544.16,3.9029,0.1120,15.8115,0.6868,0.7222,102,42,0,0.4118,0.0000
12346,0.40,2,23,5965,5767.10,34575.09,3.8941,0.1113,17.1863,0.6978,0.7222,92,36,1,0.3913,0.0109
12346,0.40,2,24,5965,5816.90,27896.39,3.9500,0.1118,15.7141,0.7100,0.7222,111,49,1,0.4414,0.0090
12346,0.40,2,25,5955,5832.90,24819.59,3.9464,0.1114,12.6448,0.7203,0.7444,103,40,0,0.3883,0.0000
12346,0.40,2,26,5955,5855.30,15313.91,3.9367,0.1108,14.0669,0.7301,0.7444,86,32,0,0.3721,0.0000
12346,0.40,2,27,5955,5851.05,18660.15,3.9721,0.1112,15.7055,0.7333,0.7444,88,35,1,0.3977,0.0114
12346,0.40,2,28,6055,5860.20,19493.96,4.0097,0.1115,15.3406,0.7413,0.7667,118,45,1,0.3814,0.0085
12346,0.40,2,29,5960,5874.90,21273.99,3.9995,0.1111,13.8774,0.7466,0.7778,91,30,2,0.3297,0.0220
12346,0.40,2,30,5945,5891.25,30927.69,4.0104,0.1109,13.1632,0.7540,0.7889,93,41,3,0.4409,0.0323
12346,0.40,2,31,5890,5904.00,30614.50,3.9187,0.1091,12.6715,0.7619,0.7889,93,38,0,0.4086,0.0000
12346,0.40,2,32,5890,5884.80,37449.96,3.9850,0.1095,14.8307,0.7708,0.7889,86,26,0,0.3023,0.0000
12346,0.40,2,33,5830,5897.95,32871.05,3.9904,0.1089,15.0289,0.7834,0.8111,117,49,0,0.4188,0.0000
12346,0.40,2,34,5830,5887.65,25090.23,4.0159,0.1087,14.9531,0.7936,0.8111,87,41,0,0.4713,0.0000
12346,0.40,2,35,5830,5874.65,15785.13,4.0158,0.1085,16.0091,0.7998,0.8111,89,43,1,0.4831,0.0112
12346,0.40,2,36,5905,5857.00,12146.50,4.0638,0.1088,14.9564,0.8041,0.8222,99,39,1,0.3939,0.0101
12346,0.40,2,37,5785,5816.45,15416.65,4.1751,0.1100,12.2202,0.8097,0.8222,106,43,0,0.4057,0.0000
12346,0.40,2,38,5665,5811.60,11890.44,4.2863,0.1114,7.8871,0.8141,0.8333,83,29,0,0.3494,0.0000
12346,0.40,2,39,5635,5807.55,15163.25,4.2957,0.1115,7.3604,0.8174,0.8222,82,39,1,0.4756,0.0122
12346,0.40,2,40,5635,5774.60,16267.84,4.3303,0.1121,7.2214,0.8216,0.8222,81,39,1,0.4815,0.0123
12346,0.40,2,41,5680,5738.75,14847.69,4.3432,0.1122,6.8459,0.8250,0.8111,107,42,0,0.3925,0.0000
12346,0.40,2,42,5605,5674.05,14591.35,4.4234,0.1131,7.6463,0.8257,0.8444,88,33,0,0.3750,0.0000
12346,0.40,2,43,5605,5637.45,14644.25,4.4754,0.1137,8.0394,0.8277,0.8444,70,31,0,0.4429,0.0000
12346,0.40,2,44,5650,5634.30,15605.01,4.5302,0.1145,9.3115,0.8287,0.8000,96,37,0,0.3854,0.0000
12346,0.40,2,45,5640,5640.00,12532.00,4.5496,0.1148,9.2333,0.8281,0.8444,100,39,1,0.3900,0.0100
12346,0.40,2,46,5500,5635.20,12614.96,4.5602,0.1150,9.8531,0.8256,0.8000,84,29,0,0.3452,0.0000
12346,0.40,2,47,5560,5625.90,18371.69,4.5683,0.1147,11.3642,0.8278,0.8667,95,38,0,0.4000,0.0000
12346,0.40,2,48,5560,5632.60,7782.74,4.5069,0.1143,9.8976,0.8242,0.8667,96,35,1,0.3646,0.0104
12346,0.40,2,49,5485,5602.95,11513.05,4.3987,0.1124,11.9168,0.8313,0.8667,108,43,0,0.3981,0.0000
12346,0.40,2,50,5470,5576.80,13039.76,4.0843,0.1076,12.1667,0.8433,0.8667,103,47,2,0.4563,0.0194
12346,0.40,2,51,5515,5550.05,7643.25,3.7584,0.1027,9.1515,0.8602,0.8778,107,46,0,0.4299,0.0000
12346,0.40,2,52,5575,5556.25,10061.19,3.5909,0.1002,7.1010,0.8656,0.8778,97,36,0,0.3711,0.0000
12346,0.40,2,53,5530,5559.90,13682.49,3.5670,0.0998,8.5042,0.8674,0.8778,110,48,1,0.4364,0.0091
12346,0.40,2,54,5710,5585.80,15137.36,3.4765,0.0983,9.2572,0.8681,0.8889,92,33,0,0.3587,0.0000
12346,0.40,2,55,5630,5590.70,13566.01,3.3304,0.0961,9.4642,0.8724,0.8889,97,48,0,0.4948,0.0000
12346,0.40,2,56,5900,5605.05,12173.75,3.2782,0.0952,10.5038,0.8756,0.8556,101,42,1,0.4158,0.0099
12346,0.40,2,57,5880,5586.95,16764.45,3.1601,0.0935,10.3875,0.8816,0.8667,96,36,2,0.3750,0.0208
12346,0.40,2,58,5880,5600.20,20514.96,3.2048,0.0941,12.7313,0.8826,0.8667,87,36,0,0.4138,0.0000
12346,0.40,2,59,5880,5661.65,26148.03,3.1948,0.0935,15.7297,0.8827,0.8667,88,28,1,0.3182,0.0114
12346,0.40,2,60,5835,5680.70,35841.51,3.2250,0.0938,16.9018,0.8826,0.8667,96,43,0,0.4479,0.0000
12346,0.40,2,61,5865,5707.90,36723.09,3.4000,0.0961,17.8618,0.8820,0.8778,105,44,0,0.4190,0.0000
12346,0.40,2,62,5840,5748.60,28016.54,3.5261,0.0978,15.5931,0.8782,0.8778,99,28,0,0.2828,0.0000
12346,0.40,2,63,5840,5737.15,27833.13,3.5651,0.0985,14.4794,0.8776,0.8778,91,34,0,0.3736,0.0000
12346,0.40,2,64,6045,5753.10,27362.89,3.6061,0.0989,12.0988,0.8762,0.8889,101,41,1,0.4059,0.0099
12346,0.40,2,65,6045,5765.20,33075.96,3.5776,0.0986,12.4143,0.8786,0.8889,82,29,0,0.3537,0.0000
12346,0.40,2,66,5790,5784.60,25111.34,3.6135,0.0988,10.1048,0.8813,0.9000,107,43,0,0.4019,0.0000
12346,0.40,2,67,5790,5791.45,20664.65,3.6148,0.0987,8.2236,0.8827,0.9000,88,30,1,0.3409,0.0114
12346,0.40,2,68,5790,5813.00,33310.00,3.5973,0.0984,8.8584,0.8859,0.9000,98,32,0,0.3265,0.0000
12346,0.40,2,69,5640,5839.90,34419.49,3.5922,0.0982,8.9790,0.8876,0.8889,83,25,1,0.3012,0.0120
12346,0.40,2,70,5640,5857.60,25950.74,3.6358,0.0983,9.9992,0.8912,0.8889,104,41,0,0.3942,0.0000
12346,0.40,2,71,5680,5836.55,31245.35,3.6372,0.0983,11.0709,0.8917,0.9000,92,37,1,0.4022,0.0109
12346,0.40,2,72,5680,5791.95,27461.45,3.6511,0.0986,11.5907,0.8917,0.9000,93,25,0,0.2688,0.0000
12346,0.40,2,73,5680,5724.55,18627.05,3.5557,0.0973,11.1917,0.8907,0.9000,90,34,1,0.3778,0.0111
12346,0.40,2,74,5570,5727.25,20927.69,3.5439,0.0968,12.7309,0.8942,0.9000,102,37,2,0.3627,0.0196
12346,0.40,2,75,6010,5695.10,17056.99,3.5577,0.0971,13.0172,0.8960,0.9222,88,43,1,0.4886,0.0114
12346,0.40,2,76,6010,5655.30,11332.91,3.5765,0.0973,12.1226,0.8992,0.9222,89,33,0,0.3708,0.0000
12346,0.40,2,77,6010,5635.20,21091.46,3.5652,0.0968,12.8022,0.9037,0.9222,96,39,1,0.4062,0.0104
12346,0.40,2,78,5530,5620.50,27254.75,3.4848,0.0956,13.0731,0.9046,0.9111,90,36,0,0.4000,0.0000
12346,0.40,2,79,5530,5668.05,45780.45,3.5005,0.0953,14.1440,0.9067,0.9111,105,47,1,0.4476,0.0095
12346,0.40,2,80,6160,5715.25,64506.69,3.5065,0.0950,14.6998,0.9101,0.9333,92,43,0,0.4674,0.0000
12346,0.40,2,81,6160,5724.90,72859.49,3.5512,0.0953,15.7358,0.9124,0.9333,104,40,0,0.3846,0.0000
12346,0.40,2,82,6115,5754.55,91987.05,3.6176,0.0957,16.1717,0.9181,0.9333,122,54,3,0.4426,0.0246
12346,0.40,2,83,6115,5821.85,105339.33,3.6014,0.0950,15.5984,0.9217,0.9333,93,35,1,0.3763,0.0108
12346,0.40,2,84,6115,5930.90,97461.69,3.5727,0.0938,13.5032,0.9270,0.9333,94,35,2,0.3723,0.0213
12346,0.40,2,85,6210,6042.00,47745.00,3.5465,0.0928,9.1329,0.9299,0.9444,108,42,1,0.3889,0.0093
12346,0.40,2,86,6210,6075.85,23477.03,3.5046,0.0918,6.3667,0.9320,0.9444,103,54,0,0.5243,0.0000
12346,0.40,2,87,6210,6060.70,15309.01,3.5019,0.0915,5.5279,0.9337,0.9444,96,41,0,0.4271,0.0000
12346,0.40,2,88,5905,6017.20,25630.16,3.5207,0.0918,6.4960,0.9349,0.9444,99,39,2,0.3939,0.0202
12346,0.40,2,89,5905,5974.85,38964.73,3.5721,0.0925,7.0848,0.9361,0.9444,107,37,0,0.3458,0.0000
12346,0.40,2,90,5905,6041.10,34867.79,3.6136,0.0931,6.9994,0.9393,0.9444,102,53,0,0.5196,0.0000
12346,0.40,2,91,5905,6084.10,34563.69,3.6559,0.0938,7.0145,0.9410,0.9444,123,40,0,0.3252,0.0000
12346,0.40,2,92,5890,6107.30,28433.71,3.6425,0.0937,6.1828,0.9417,0.9444,101,44,0,0.4356,0.0000
12346,0.40,2,93,5860,6078.85,25211.93,3.6469,0.0935,6.8675,0.9432,0.9556,108,33,0,0.3056,0.0000
12346,0.40,2,94,5845,6046.50,22844.25,3.6589,0.0936,6.8642,0.9448,0.9444,86,35,1,0.4070,0.0116
12346,0.40,2,95,5845,5960.45,21320.05,3.6712,0.0934,7.3596,0.9460,0.9444,105,42,1,0.4000,0.0095
12346,0.40,2,96,5650,5913.30,24782.61,3.6621,0.0933,7.0956,0.9461,0.9444,104,44,2,0.4231,0.0192
12346,0.40,2,97,5815,5839.20,17389.86,3.6284,0.0927,6.3230,0.9462,0.9444,85,37,0,0.4353,0.0000
12346,0.40,2,98,5815,5785.70,21376.51,3.6082,0.0925,6.9410,0.9471,0.9444,92,36,1,0.3913,0.0109
12346,0.40,2,99,5815,5772.00,22396.00,3.5329,0.0918,6.5968,0.9451,0.9444,103,40,0,0.3883,0.0000
12346,0.40,3,0,4795,4822.30,84663.71,4.0904,0.0885,87.6915,0.3797,0.4851,0,0,0,0.0000,0.0000
12346,0.40,3,1,4870,4843.60,113857.04,4.1721,0.0887,92.2166,0.4193,0.4950,98,40,5,0.4082,0.0510
12346,0.40,3,2,5095,4861.85,124271.33,4.3145,0.0894,91.8903,0.4445,0.4455,101,44,2,0.4356,0.0198
12346,0.40,3,3,4760,4873.05,115954.45,4.2628,0.0878,87.9796,0.4755,0.5248,83,42,4,0.5060,0.0482
12346,0.40,3,4,4790,4926.25,58363.69,4.0802,0.0858,77.8176,0.4859,0.5347,108,48,5,0.4444,0.0463
12346,0.40,3,5,4720,4927.65,34787.73,3.9490,0.0840,59.7123,0.5035,0.5545,109,39,4,0.3578,0.0367
12346,0.40,3,6,4720,4886.15,25931.93,3.8526,0.0825,40.3853,0.5240,0.5545,105,49,5,0.4667,0.0476
12346,0.40,3,7,4735,4863.50,23064.25,3.8434,0.0820,33.2772,0.5394,0.5842,96,44,4,0.4583,0.0417
12346,0.40,3,8,4840,4829.55,22575.55,3.8889,0.0819,26.8061,0.5550,0.5941,86,40,2,0.4651,0.0233
12346,0.40,3,9,4950,4793.15,24639.83,3.8985,0.0817,19.4871,0.5688,0.6139,81,30,3,0.3704,0.0370
12346,0.40,3,10,5120,4809.95,22704.75,3.9230,0.0815,12.6580,0.5844,0.6238,84,38,1,0.4524,0.0119
12346,0.40,3,11,5040,4871.10,18988.29,3.9303,0.0812,9.2129,0.6030,0.6436,124,51,6,0.4113,0.0484
12346,0.40,3,12,5040,4940.85,24296.53,3.9654,0.0813,8.5240,0.6148,0.6436,79,28,1,0.3544,0.0127
12346,0.40,3,13,5035,4995.85,32360.53,4.0452,0.0819,10.4170,0.6223,0.6535,89,40,3,0.4494,0.0337
12346,0.40,3,14,5275,5062.15,27565.13,4.1466,0.0827,11.0814,0.6357,0.6634,97,33,5,0.3402,0.0515
12346,0.40,3,15,5240,5079.85,13876.23,4.1226,0.0819,11.9341,0.6528,0.6733,105,40,2,0.3810,0.0190
12346,0.40,3,16,5435,5098.15,21760.33,4.1233,0.0817,13.6626,0.6661,0.6832,114,47,4,0.4123,0.0351
12346,0.40,3,17,5280,5103.65,37137.43,4.0627,0.0810,14.5119,0.6707,0.6832,97,34,3,0.3505,0.0309
12346,0.40,3,18,5500,5215.35,37344.63,4.0589,0.0808,13.8606,0.6781,0.6931,106,35,1,0.3302,0.0094
12346,0.40,3,19,5305,5292.25,25901.69,4.0766,0.0805,11.0820,0.6843,0.6931,100,46,3,0.4600,0.0300
12346,0.40,3,20,5325,5336.55,20234.35,4.0325,0.0800,9.4046,0.6926,0.7030,99,48,6,0.4848,0.0606
12346,0.40,3,21,5335,5376.80,17220.26,4.0400,0.0796,10.6758,0.7014,0.7129,115,44,6,0.3826,0.0522
12346,0.40,3,22,5335,5410.65,16626.33,3.9943,0.0791,12.4287,0.7069,0.7129,89,39,5,0.4382,0.0562
12346,0.40,3,23,5240,5398.65,14346.43,3.8356,0.0772,13.0246,0.7187,0.7228,93,39,4,0.4194,0.0430
12346,0.40,3,24,5240,5351.50,9243.75,3.6321,0.0752,12.4244,0.7235,0.7228,92,38,1,0.4130,0.0109
12346,0.40,3,25,5510,5341.45,13340.65,3.6345,0.0750,11.3974,0.7283,0.7525,107,46,1,0.4299,0.0093
12346,0.40,3,26,5305,5326.20,12028.06,3.6664,0.0750,10.2861,0.7336,0.7525,74,30,3,0.4054,0.0405
12346,0.40,3,27,5350,5315.60,23767.64,3.6889,0.0750,10.2715,0.7412,0.7723,102,42,3,0.4118,0.0294
12346,0.40,3,28,5325,5320.25,29360.19,3.7346,0.0754,10.9339,0.7485,0.7822,99,33,4,0.3333,0.0404
12346,0.40,3,29,5325,5351.45,30123.65,3.8730,0.0765,11.5349,0.7603,0.7822,106,52,3,0.4906,0.0283
12346,0.40,3,30,5465,5388.65,30258.93,3.9769,0.0773,11.2725,0.7719,0.7822,88,33,1,0.3750,0.0114
12346,0.40,3,31,5295,5419.75,31135.19,3.9716,0.0770,10.6749,0.7800,0.7921,87,40,7,0.4598,0.0805
12346,0.40,3,32,5180,5352.10,9248.59,3.9333,0.0764,8.5004,0.7896,0.8020,103,40,5,0.3883,0.0485
12346,0.40,3,33,5490,5338.60,9788.54,3.9687,0.0767,9.1297,0.7930,0.8020,102,41,4,0.4020,0.0392
12346,0.40,3,34,5440,5341.90,12170.89,3.9124,0.0758,11.5345,0.7991,0.8020,109,38,4,0.3486,0.0367
12346,0.40,3,35,5135,5314.90,18642.99,3.9349,0.0757,12.2115,0.8044,0.8218,100,49,4,0.4900,0.0400
12346,0.40,3,36,5560,5292.35,23164.23,3.9247,0.0755,13.3372,0.8089,0.8218,92,43,2,0.4674,0.0217
12346,0.40,3,37,5585,5285.30,30020.91,3.7838,0.0743,15.1925,0.8142,0.8317,101,44,4,0.4356,0.0396
12346,0.40,3,38,5585,5305.35,33839.13,3.6488,0.0730,15.4582,0.8186,0.8317,98,41,1,0.4184,0.0102
12346,0.40,3,39,5585,5313.85,45176.93,3.6229,0.0728,15.4198,0.8245,0.8317,88,31,4,0.3523,0.0455
12346,0.40,3,40,5505,5411.65,37219.53,3.4798,0.0712,16.6788,0.8299,0.8317,92,37,4,0.4022,0.0435
12346,0.40,3,41,5500,5495.85,21924.03,3.2492,0.0687,12.2547,0.8329,0.8317,90,33,5,0.3667,0.0556
12346,0.40,3,42,5520,5528.55,16776.15,3.1371,0.0674,9.4630,0.8355,0.8416,106,46,1,0.4340,0.0094
12346,0.40,3,43,5520,5541.95,9333.95,3.0716,0.0666,7.0640,0.8370,0.8416,85,36,3,0.4235,0.0353
12346,0.40,3,44,5520,5529.30,12517.01,3.0917,0.0668,6.2984,0.8360,0.8416,99,36,2,0.3636,0.0202
12346,0.40,3,45,5520,5509.30,20423.01,3.1302,0.0672,7.4566,0.8391,0.8416,95,42,4,0.4421,0.0421
12346,0.40,3,46,5625,5494.00,19831.50,3.0937,0.0667,7.2994,0.8428,0.8515,78,31,3,0.3974,0.0385
12346,0.40,3,47,5380,5485.10,16097.49,3.1120,0.0668,6.7554,0.8433,0.8515,80,38,2,0.4750,0.0250
12346,0.40,3,48,5380,5469.45,20630.95,3.1593,0.0673,7.6317,0.8475,0.8515,87,45,2,0.5172,0.0230
12346,0.40,3,49,5570,5474.40,20363.14,3.2115,0.0677,8.4766,0.8506,0.8614,109,42,3,0.3853,0.0275
12346,0.40,3,50,5470,5465.50,13886.25,3.2323,0.0681,8.5206,0.8533,0.8713,94,32,1,0.3404,0.0106
12346,0.40,3,51,5470,5461.15,13098.43,3.3039,0.0690,8.4287,0.8554,0.8713,93,33,5,0.3548,0.0538
12346,0.40,3,52,5415,5468.40,16634.94,3.3029,0.0691,8.7291,0.8583,0.8812,105,39,4,0.3714,0.0381
12346,0.40,3,53,5380,5484.30,15476.51,3.3050,0.0690,9.6871,0.8640,0.8812,99,41,3,0.4141,0.0303
12346,0.40,3,54,5380,5507.00,14129.00,3.2306,0.0679,10.7782,0.8698,0.8812,86,26,1,0.3023,0.0116
12346,0.40,3,55,5380,5472.35,13598.23,3.1182,0.0664,11.0440,0.8726,0.8812,97,42,7,0.4330,0.0722
12346,0.40,3,56,5365,5466.40,14849.54,3.1312,0.0662,11.1879,0.8765,0.8911,109,40,3,0.3670,0.0275
12346,0.40,3,57,5335,5447.60,19489.24,3.0799,0.0651,11.1311,0.8821,0.8911,99,30,2,0.3030,0.0202
12346,0.40,3,58,5430,5433.60,20837.54,3.1132,0.0655,10.5663,0.8835,0.9010,91,30,5,0.3297,0.0549
12346,0.40,3,59,5430,5403.65,20361.43,3.1298,0.0657,11.2497,0.8867,0.9010,106,51,1,0.4811,0.0094
12346,0.40,3,60,5380,5353.85,13279.93,3.0808,0.0649,7.2251,0.8919,0.9010,104,45,2,0.4327,0.0192
12346,0.40,3,61,5305,5372.00,12303.50,3.1169,0.0653,6.9681,0.8958,0.8911,103,42,0,0.4078,0.0000
12346,0.40,3,62,5305,5385.20,8836.96,3.1183,0.0651,5.6968,0.8986,0.8911,89,38,4,0.4270,0.0449
12346,0.40,3,63,5460,5388.80,8342.06,3.1420,0.0654,5.3154,0.9008,0.9109,95,29,3,0.3053,0.0316
12346,0.40,3,64,5455,5355.80,9035.36,3.1529,0.0655,5.6818,0.9013,0.8911,85,34,0,0.4000,0.0000
12346,0.40,3,65,5295,5348.90,9205.79,3.2587,0.0666,6.7857,0.9010,0.9010,106,43,1,0.4057,0.0094
12346,0.40,3,66,5295,5377.40,9846.24,3.3349,0.0673,7.2549,0.9037,0.9010,91,39,3,0.4286,0.0330
12346,0.40,3,67,5295,5394.20,11189.86,3.3836,0.0677,8.2428,0.9043,0.9010,100,50,8,0.5000,0.0800
12346,0.40,3,68,5500,5391.15,8177.43,3.4309,0.0681,9.2069,0.9027,0.9109,114,52,3,0.4561,0.0263
12346,0.40,3,69,5480,5356.75,11538.19,3.3610,0.0671,10.3400,0.9047,0.9010,101,42,6,0.4158,0.0594
12346,0.40,3,70,5480,5346.30,14930.31,3.3042,0.0663,10.4232,0.9052,0.9010,98,46,1,0.4694,0.0102
12346,0.40,3,71,5405,5376.55,16328.85,3.3523,0.0668,11.1891,0.9070,0.9010,89,28,5,0.3146,0.0562
12346,0.40,3,72,5405,5418.10,18269.39,3.4086,0.0672,10.4541,0.9068,0.9010,87,39,1,0.4483,0.0115
12346,0.40,3,73,5405,5435.60,14856.14,3.4723,0.0677,10.2137,0.9071,0.9010,102,52,3,0.5098,0.0294
12346,0.40,3,74,5320,5468.30,13477.11,3.5083,0.0681,8.8830,0.9073,0.9010,76,33,3,0.4342,0.0395
12346,0.40,3,75,5575,5473.40,6539.94,3.5566,0.0684,7.3067,0.9079,0.9010,104,47,3,0.4519,0.0288
12346,0.40,3,76,5505,5456.85,7903.33,3.5954,0.0688,6.7166,0.9072,0.9109,100,42,0,0.4200,0.0000
12346,0.40,3,77,5505,5449.65,9868.13,3.6492,0.0694,6.6895,0.9056,0.9109,93,40,1,0.4301,0.0108
12346,0.40,3,78,5450,5485.35,10792.63,3.6396,0.0694,6.9475,0.9066,0.9109,112,36,4,0.3214,0.0357
12346,0.40,3,79,5430,5493.80,6512.06,3.6097,0.0691,6.1525,0.9052,0.9010,98,40,5,0.4082,0.0510
12346,0.40,3,80,5520,5507.90,6170.09,3.6052,0.0689,6.3590,0.9085,0.9208,103,40,6,0.3883,0.0583
12346,0.40,3,81,5505,5498.25,8728.19,3.5968,0.0688,5.9018,0.9103,0.9208,89,30,1,0.3371,0.0112
12346,0.40,3,82,5490,5462.15,8281.63,3.5773,0.0685,5.7939,0.9112,0.9208,92,36,1,0.3913,0.0109
12346,0.40,3,83,5645,5451.50,12993.75,3.6188,0.0690,6.8655,0.9133,0.9406,106,35,4,0.3302,0.0377
12346,0.40,3,84,5645,5452.85,11939.63,3.7355,0.0702,8.1976,0.9179,0.9406,130,47,3,0.3615,0.0231
12346,0.40,3,85,5645,5478.80,12589.06,3.7382,0.0703,8.2109,0.9220,0.9406,92,36,3,0.3913,0.0326
12346,0.40,3,86,5715,5501.90,15396.89,3.7652,0.0704,9.2523,0.9269,0.9505,103,41,2,0.3981,0.0194
12346,0.40,3,87,5625,5538.20,16682.26,3.8281,0.0710,9.2034,0.9346,0.9505,92,28,3,0.3043,0.0326
12346,0.40,3,88,5625,5585.95,13252.35,3.9092,0.0717,7.5897,0.9395,0.9505,73,25,4,0.3425,0.0548
12346,0.40,3,89,5745,5619.70,9791.91,3.9258,0.0717,6.8495,0.9421,0.9406,103,41,6,0.3981,0.0583
12346,0.40,3,90,5655,5631.35,8774.93,3.9020,0.0713,7.5152,0.9446,0.9505,100,41,2,0.4100,0.0200
12346,0.40,3,91,5655,5643.95,8291.65,3.8868,0.0711,6.8586,0.9472,0.9505,92,41,2,0.4457,0.0217
12346,0.40,3,92,5655,5665.50,7998.75,3.9137,0.0716,5.4715,0.9488,0.9505,80,33,2,0.4125,0.0250
12346,0.40,3,93,5630,5671.35,8048.43,3.9513,0.0721,5.0119,0.9486,0.9505,82,31,0,0.3780,0.0000
12346,0.40,3,94,5630,5706.60,6653.44,4.0429,0.0730,5.9198,0.9482,0.9505,96,36,3,0.3750,0.0312
12346,0.40,3,95,5575,5692.35,7350.73,4.0462,0.0728,7.1180,0.9485,0.9505,115,33,1,0.2870,0.0087
12346,0.40,3,96,5440,5655.90,8693.69,4.0644,0.0729,8.3475,0.9493,0.9505,105,44,3,0.4190,0.0286
12346,0.40,3,97,5440,5638.00,11207.50,4.0364,0.0727,8.8285,0.9493,0.9505,90,26,4,0.2889,0.0444
12346,0.40,3,98,5410,5590.85,10279.53,3.9422,0.0717,9.0956,0.9490,0.9505,80,33,2,0.4125,0.0250
12346,0.40,3,99,5735,5560.45,11454.55,3.8750,0.0710,9.2323,0.9491,0.9505,82,33,1,0.4024,0.0122
12346,1.00,0,0,4725,5027.45,64336.75,1.1871,0.3831,87.6321,0.3951,0.4945,0,0,0,0.0000,0.0000
12346,1.00,0,1,4725,4973.45,52712.35,1.1175,0.3462,91.4026,0.4343,0.4945,90,0,0,0.0000,0.0000
12346,1.00,0,2,4730,4888.40,30400.94,1.0864,0.3238,88.2923,0.4610,0.5055,98,0,0,0.0000,0.0000
12346,1.00,0,3,4490,4819.05,24785.85,0.9902,0.2996,70.5210,0.4865,0.5275,90,0,0,0.0000,0.0000
12346,1.00,0,4,4465,4751.25,20978.69,0.9166,0.2825,27.6822,0.5125,0.5385,93,0,0,0.0000,0.0000
12346,1.00,0,5,4820,4707.65,23864.23,0.9075,0.2733,9.1242,0.5321,0.5495,114,0,0,0.0000,0.0000
12346,1.00,0,6,4800,4662.25,21911.69,0.9037,0.2659,11.7154,0.5405,0.5604,97,0,0,0.0000,0.0000
12346,1.00,0,7,4735,4674.95,20835.75,0.9213,0.2608,13.8356,0.5553,0.5714,99,0,0,0.0000,0.0000
12346,1.00,0,8,4735,4704.35,19448.33,0.8851,0.2525,12.6812,0.5633,0.5714,82,0,0,0.0000,0.0000
12346,1.00,0,9,4740,4698.95,20332.15,0.9069,0.2502,12.4859,0.5736,0.6044,103,0,0,0.0000,0.0000
12346,1.00,0,10,4730,4707.45,22885.25,0.9093,0.2458,12.5491,0.5854,0.6044,96,0,0,0.0000,0.0000
12346,1.00,0,11,4615,4701.60,18035.94,0.9359,0.2440,11.6206,0.5974,0.6154,89,0,0,0.0000,0.0000
12346,1.00,0,12,5125,4718.60,21718.54,0.9646,0.2417,11.6465,0.6067,0.6264,96,0,0,0.0000,0.0000
12346,1.00,0,13,5170,4752.35,28602.23,1.0087,0.2446,11.8531,0.6149,0.6374,73,0,0,0.0000,0.0000
12346,1.00,0,14,5045,4848.95,34198.15,1.0911,0.2483,13.4499,0.6227,0.6374,100,0,0,0.0000,0.0000
12346,1.00,0,15,5090,4905.05,44808.75,1.2129,0.2544,14.8586,0.6346,0.6593,95,0,0,0.0000,0.0000
12346,1.00,0,16,4830,4962.90,36486.59,1.3208,0.2598,15.4778,0.6454,0.6593,86,0,0,0.0000,0.0000
12346,1.00,0,17,5130,5007.30,32542.21,1.4067,0.2612,16.3846,0.6587,0.6923,112,0,0,0.0000,0.0000
12346,1.00,0,18,4920,5008.05,25308.95,1.4118,0.2576,18.1792,0.6701,0.6813,106,0,0,0.0000,0.0000
12346,1.00,0,19,4870,5001.20,21082.06,1.4403,0.2553,19.2511,0.6793,0.6923,95,0,0,0.0000,0.0000
12346,1.00,0,20,5190,5007.40,18623.24,1.4441,0.2528,19.8083,0.6843,0.7253,91,0,0,0.0000,0.0000
12346,1.00,0,21,4735,5027.15,18943.13,1.4930,0.2541,20.2832,0.6905,0.7033,114,0,0,0.0000,0.0000
12346,1.00,0,22,5010,5050.85,20143.03,1.5453,0.2551,21.0232,0.7012,0.7143,90,0,0,0.0000,0.0000
12346,1.00,0,23,4580,5062.60,20536.24,1.5692,0.2540,22.5451,0.7168,0.7363,87,0,0,0.0000,0.0000
12346,1.00,0,24,4980,5031.55,25712.35,1.5550,0.2512,24.6168,0.7238,0.7253,89,0,0,0.0000,0.0000
12346,1.00,0,25,4980,4998.15,39090.33,1.5983,0.2533,24.3186,0.7263,0.7253,93,0,0,0.0000,0.0000
12346,1.00,0,26,5115,4993.15,42828.33,1.6585,0.2547,22.5889,0.7310,0.7363,93,0,0,0.0000,0.0000
12346,1.00,0,27,5165,5020.40,21270.34,1.7283,0.2592,16.7800,0.7329,0.7473,112,0,0,0.0000,0.0000
12346,1.00,0,28,5180,4990.25,19591.69,1.7713,0.2589,15.1570,0.7386,0.7582,90,0,0,0.0000,0.0000
12346,1.00,0,29,5180,4999.15,20842.53,1.8027,0.2574,16.0865,0.7477,0.7582,103,0,0,0.0000,0.0000
12346,1.00,0,30,4895,5008.40,25576.94,1.7976,0.2543,14.6533,0.7519,0.7692,103,0,0,0.0000,0.0000
12346,1.00,0,31,5165,5054.50,21951.25,1.7875,0.2538,14.6291,0.7555,0.7692,108,0,0,0.0000,0.0000
12346,1.00,0,32,4850,5059.95,15379.75,1.7591,0.2509,19.4271,0.7615,0.7802,97,0,0,0.0000,0.0000
12346,1.00,0,33,4805,5051.70,19008.61,1.6672,0.2425,24.1844,0.7696,0.7912,86,0,0,0.0000,0.0000
12346,1.00,0,34,4805,4996.50,21924.25,1.5708,0.2336,29.1646,0.7757,0.7912,129,0,0,0.0000,0.0000
12346,1.00,0,35,5045,4989.95,23188.25,1.4978,0.2286,27.6214,0.7845,0.8132,90,0,0,0.0000,0.0000
12346,1.00,0,36,5045,4963.25,31307.69,1.5178,0.2295,27.5756,0.7899,0.8132,103,0,0,0.0000,0.0000
12346,1.00,0,37,5105,4958.30,28688.11,1.5021,0.2276,26.1861,0.7973,0.8242,111,0,0,0.0000,0.0000
12346,1.00,0,38,4985,4960.80,27178.36,1.4623,0.2242,19.0935,0.8082,0.8242,84,0,0,0.0000,0.0000
12346,1.00,0,39,5060,4979.45,28412.95,1.4412,0.2215,14.5079,0.8171,0.8352,106,0,0,0.0000,0.0000
12346,1.00,0,40,4960,5003.15,27586.33,1.4440,0.2206,12.1772,0.8220,0.8462,96,0,0,0.0000,0.0000
12346,1.00,0,41,4960,5003.65,26203.43,1.4558,0.2191,10.9422,0.8287,0.8462,104,0,0,0.0000,0.0000
12346,1.00,0,42,4960,5015.05,16511.25,1.4741,0.2179,10.5760,0.8353,0.8462,89,0,0,0.0000,0.0000
12346,1.00,0,43,5030,4967.15,14203.13,1.4830,0.2172,9.4160,0.8401,0.8571,101,0,0,0.0000,0.0000
12346,1.00,0,44,5020,4968.55,8861.15,1.4898,0.2151,6.4846,0.8480,0.8681,111,0,0,0.0000,0.0000
12346,1.00,0,45,4895,4974.65,7959.63,1.4838,0.2135,6.5307,0.8533,0.8681,99,0,0,0.0000,0.0000
12346,1.00,0,46,4895,4972.90,9060.09,1.4890,0.2115,6.7814,0.8592,0.8681,103,0,0,0.0000,0.0000
12346,1.00,0,47,5040,4972.35,6685.23,1.4588,0.2076,7.5202,0.8638,0.8791,89,0,0,0.0000,0.0000
12346,1.00,0,48,5040,4970.50,9435.25,1.4429,0.2046,8.4885,0.8684,0.8791,94,0,0,0.0000,0.0000
12346,1.00,0,49,4930,4995.40,12544.34,1.4831,0.2070,8.0893,0.8735,0.8791,110,0,0,0.0000,0.0000
12346,1.00,0,50,5275,5034.35,13082.33,1.4664,0.2058,6.4669,0.8796,0.8901,81,0,0,0.0000,0.0000
12346,1.00,0,51,5275,5033.85,12384.43,1.4786,0.2051,5.7372,0.8835,0.8901,95,0,0,0.0000,0.0000
12346,1.00,0,52,5240,5036.45,16709.15,1.4905,0.2040,6.7416,0.8862,0.9011,116,0,0,0.0000,0.0000
12346,1.00,0,53,5055,5027.25,23390.69,1.4805,0.2026,7.6511,0.8899,0.8901,83,0,0,0.0000,0.0000
12346,1.00,0,54,4870,5063.25,29384.69,1.4752,0.2005,8.7620,0.8947,0.9011,99,0,0,0.0000,0.0000
12346,1.00,0,55,5340,5057.75,33999.69,1.4503,0.1981,8.9923,0.8984,0.9121,87,0,0,0.0000,0.0000
12346,1.00,0,56,5170,5076.15,35195.43,1.4707,0.1982,10.0059,0.9009,0.8901,108,0,0,0.0000,0.0000
12346,1.00,0,57,4885,5065.40,48270.34,1.4690,0.1985,9.5939,0.9013,0.9011,85,0,0,0.0000,0.0000
12346,1.00,0,58,4990,5091.95,47146.95,1.4344,0.1944,10.5610,0.9048,0.9341,94,0,0,0.0000,0.0000
12346,1.00,0,59,4990,5112.75,32281.69,1.4443,0.1936,11.3279,0.9110,0.9341,100,0,0,0.0000,0.0000
12346,1.00,0,60,4825,5081.10,24534.29,1.4729,0.1948,10.9010,0.9168,0.9341,86,0,0,0.0000,0.0000
12346,1.00,0,61,5020,5040.40,20445.34,1.4878,0.1946,8.2271,0.9254,0.9341,80,0,0,0.0000,0.0000
12346,1.00,0,62,4920,4969.35,15951.33,1.5471,0.1977,5.6016,0.9335,0.9670,90,0,0,0.0000,0.0000
12346,1.00,0,63,4905,4915.25,11082.69,1.5767,0.1984,5.4257,0.9354,0.9341,99,0,0,0.0000,0.0000
12346,1.00,0,64,5005,4895.50,16357.25,1.5819,0.1982,6.1756,0.9364,0.9341,92,0,0,0.0000,0.0000
12346,1.00,0,65,4920,4890.75,15532.19,1.5967,0.1984,7.2592,0.9391,0.9341,108,0,0,0.0000,0.0000
12346,1.00,0,66,4920,4908.80,13185.56,1.5597,0.1965,6.5388,0.9380,0.9341,70,0,0,0.0000,0.0000
12346,1.00,0,67,4840,4915.30,12411.41,1.5435,0.1948,5.9277,0.9357,0.9451,75,0,0,0.0000,0.0000
12346,1.00,0,68,4980,4925.75,12336.19,1.5468,0.1940,5.8582,0.9359,0.9341,91,0,0,0.0000,0.0000
12346,1.00,0,69,4945,4949.20,13912.86,1.5589,0.1945,5.7204,0.9367,0.9341,97,0,0,0.0000,0.0000
12346,1.00,0,70,4810,4951.15,11076.43,1.5739,0.1944,6.2119,0.9388,0.9341,95,0,0,0.0000,0.0000
12346,1.00,0,71,4945,4940.95,15846.85,1.5693,0.1930,6.7321,0.9391,0.9451,99,0,0,0.0000,0.0000
12346,1.00,0,72,4945,4927.45,18698.75,1.5792,0.1922,7.2204,0.9410,0.9451,105,0,0,0.0000,0.0000
12346,1.00,0,73,4945,4898.70,10964.31,1.5679,0.1911,7.0671,0.9410,0.9451,94,0,0,0.0000,0.0000
12346,1.00,0,74,4900,4889.75,8137.69,1.5529,0.1895,6.4283,0.9432,0.9451,81,0,0,0.0000,0.0000
12346,1.00,0,75,4900,4894.80,8268.96,1.5252,0.1867,5.9891,0.9451,0.9451,87,0,0,0.0000,0.0000
12346,1.00,0,76,4945,4895.15,6079.23,1.4862,0.1846,4.5517,0.9451,0.9451,90,0,0,0.0000,0.0000
12346,1.00,0,77,4945,4904.90,7671.49,1.4703,0.1832,4.0582,0.9454,0.9451,90,0,0,0.0000,0.0000
12346,1.00,0,78,4850,4910.60,7176.14,1.4577,0.1820,4.8030,0.9458,0.9451,100,0,0,0.0000,0.0000
12346,1.00,0,79,4850,4908.20,11852.76,1.4625,0.1826,5.3495,0.9454,0.9451,105,0,0,0.0000,0.0000
12346,1.00,0,80,4850,4899.45,13143.45,1.4314,0.1812,5.6046,0.9451,0.9451,92,0,0,0.0000,0.0000
12346,1.00,0,81,4830,4904.65,14494.13,1.4158,0.1797,6.0846,0.9464,0.9560,103,0,0,0.0000,0.0000
12346,1.00,0,82,4750,4896.75,14384.19,1.4287,0.1801,6.6576,0.9477,0.9560,100,0,0,0.0000,0.0000
12346,1.00,0,83,4745,4868.60,15248.04,1.4903,0.1826,7.1505,0.9491,0.9451,95,0,0,0.0000,0.0000
12346,1.00,0,84,4690,4830.00,10353.50,1.5416,0.1849,7.9915,0.9508,0.9560,114,0,0,0.0000,0.0000
12346,1.00,0,85,4845,4780.05,9609.25,1.5274,0.1845,8.0242,0.9516,0.9560,83,0,0,0.0000,0.0000
12346,1.00,0,86,4845,4763.05,8223.95,1.5610,0.1858,8.5879,0.9537,0.9560,94,0,0,0.0000,0.0000
12346,1.00,0,87,4845,4750.05,6464.25,1.5646,0.1862,8.6851,0.9556,0.9560,84,0,0,0.0000,0.0000
12346,1.00,0,88,4790,4752.25,8302.19,1.5740,0.1853,10.3319,0.9571,0.9560,102,0,0,0.0000,0.0000
12346,1.00,0,89,4920,4751.45,9289.15,1.5499,0.1837,10.5804,0.9569,0.9670,79,0,0,0.0000,0.0000
12346,1.00,0,90,4820,4781.45,11404.65,1.5426,0.1822,10.9087,0.9564,0.9560,75,0,0,0.0000,0.0000
12346,1.00,0,91,4820,4821.40,10316.54,1.5381,0.1810,10.7283,0.9600,0.9560,93,0,0,0.0000,0.0000
12346,1.00,0,92,4765,4854.70,6790.41,1.5426,0.1805,10.8408,0.9624,0.9560,101,0,0,0.0000,0.0000
12346,1.00,0,93,4745,4850.50,8056.75,1.5568,0.1802,11.9537,0.9622,0.9560,111,0,0,0.0000,0.0000
12346,1.00,0,94,4965,4856.80,9968.26,1.6464,0.1866,10.0889,0.9609,0.9670,105,0,0,0.0000,0.0000
12346,1.00,0,95,4860,4852.70,14667.21,1.7180,0.1905,7.8440,0.9610,0.9780,116,0,0,0.0000,0.0000
12346,1.00,0,96,4830,4835.80,13892.36,1.7227,0.1916,7.0634,0.9604,0.9670,94,0,0,0.0000,0.0000
12346,1.00,0,97,4830,4795.60,15964.64,1.7262,0.1917,6.9628,0.9618,0.9670,101,0,0,0.0000,0.0000
12346,1.00,0,98,4830,4827.35,13241.73,1.6691,0.1874,7.0964,0.9654,0.9670,96,0,0,0.0000,0.0000
12346,1.00,0,99,4785,4829.60,10412.34,1.6187,0.1836,6.3780,0.9692,0.9670,91,0,0,0.0000,0.0000
12346,1.00,1,0,4865,5231.65,74100.03,1.8001,0.1402,87.5291,0.4037,0.4270,0,0,0,0.0000,0.0000
12346,1.00,1,1,4825,5248.90,75919.79,1.8248,0.1398,90.3741,0.4391,0.4494,97,97,13,1.0000,0.1340
12346,1.00,1,2,4825,5317.20,66538.16,1.8699,0.1409,90.7240,0.4662,0.4494,88,88,12,1.0000,0.1364
12346,1.00,1,3,4825,5269.15,73766.03,1.8887,0.1412,86.3590,0.4769,0.4494,87,87,6,1.0000,0.0690
12346,1.00,1,4,5355,5112.15,83994.63,1.8351,0.1406,64.1883,0.4676,0.5393,115,115,10,1.0000,0.0870
12346,1.00,1,5,5405,5079.25,85901.69,1.7840,0.1390,53.0655,0.4746,0.5393,83,83,5,1.0000,0.0602
12346,1.00,1,6,5350,5159.10,101535.19,1.7477,0.1352,52.8432,0.4970,0.5393,96,96,10,1.0000,0.1042
12346,1.00,1,7,5415,5276.75,76996.69,1.7298,0.1321,43.2610,0.5196,0.5393,107,107,10,1.0000,0.0935
12346,1.00,1,8,5415,5312.30,75978.71,1.6618,0.1288,36.4820,0.5333,0.5506,91,91,7,1.0000,0.0769
12346,1.00,1,9,5380,5272.50,104152.25,1.6287,0.1269,48.8632,0.5365,0.5506,99,99,11,1.0000,0.1111
12346,1.00,1,10,4855,5206.20,127167.56,1.5997,0.1252,56.6572,0.5413,0.5281,94,94,7,1.0000,0.0745
12346,1.00,1,11,5735,5173.05,115918.95,1.6021,0.1248,60.7562,0.5452,0.5730,101,101,10,1.0000,0.0990
12346,1.00,1,12,4985,5103.95,111811.15,1.6337,0.1257,61.2257,0.5490,0.5506,101,101,11,1.0000,0.1089
12346,1.00,1,13,5100,5074.40,111796.64,1.6567,0.1259,58.1986,0.5558,0.5955,101,101,11,1.0000,0.1089
12346,1.00,1,14,4870,5074.65,96410.63,1.6405,0.1243,54.2380,0.5656,0.5730,115,115,7,1.0000,0.0609
12346,1.00,1,15,4805,5041.00,56499.50,1.6190,0.1233,38.4309,0.5718,0.5730,75,75,7,1.0000,0.0933
12346,1.00,1,16,4775,5051.70,50080.11,1.6514,0.1239,35.1927,0.5820,0.5955,88,88,11,1.0000,0.1250
12346,1.00,1,17,4890,5021.25,40247.69,1.6541,0.1235,26.8804,0.5888,0.6067,95,95,13,1.0000,0.1368
12346,1.00,1,18,4850,4968.85,31100.93,1.6617,0.1231,23.9156,0.5944,0.5843,99,99,8,1.0000,0.0808
12346,1.00,1,19,4940,4928.15,14063.33,1.6683,0.1216,20.5018,0.6039,0.6180,115,115,12,1.0000,0.1043
12346,1.00,1,20,5140,4933.55,17303.15,1.6629,0.1205,19.5299,0.6119,0.6517,102,102,9,1.0000,0.0882
12346,1.00,1,21,4985,5008.60,30586.54,1.6513,0.1199,20.5840,0.6206,0.6517,94,94,9,1.0000,0.0957
12346,1.00,1,22,4970,5056.40,35199.54,1.7089,0.1225,19.1826,0.6280,0.6742,104,104,12,1.0000,0.1154
12346,1.00,1,23,4935,5152.25,24088.69,1.6960,0.1217,17.9356,0.6397,0.6854,84,84,6,1.0000,0.0714
12346,1.00,1,24,5150,5135.75,19459.69,1.7150,0.1213,17.8164,0.6485,0.6517,94,94,9,1.0000,0.0957
12346,1.00,1,25,5010,5112.75,19017.69,1.7100,0.1199,18.0947,0.6564,0.6966,88,88,8,1.0000,0.0909
12346,1.00,1,26,5200,5087.80,21850.66,1.7005,0.1193,17.8891,0.6640,0.6742,109,109,12,1.0000,0.1101
12346,1.00,1,27,5370,5064.65,27078.63,1.7529,0.1199,18.4121,0.6757,0.6854,108,108,9,1.0000,0.0833
12346,1.00,1,28,5280,5092.40,28111.74,1.7971,0.1206,19.1677,0.6880,0.6966,68,68,4,1.0000,0.0588
12346,1.00,1,29,5280,5146.55,29604.85,1.8246,0.1213,19.5156,0.6948,0.6966,108,108,8,1.0000,0.0741
12346,1.00,1,30,5445,5218.80,28026.06,1.8167,0.1219,17.4002,0.6992,0.7303,100,100,13,1.0000,0.1300
12346,1.00,1,31,5445,5293.75,25622.19,1.8267,0.1223,14.3931,0.7038,0.7303,107,107,7,1.0000,0.0654
12346,1.00,1,32,5445,5323.75,33555.19,1.8285,0.1222,14.5275,0.7106,0.7303,68,68,7,1.0000,0.1029
12346,1.00,1,33,5675,5353.35,36341.03,1.8855,0.1239,13.8962,0.7190,0.7191,123,123,9,1.0000,0.0732
12346,1.00,1,34,5550,5408.15,37620.83,1.9018,0.1239,12.2432,0.7276,0.7640,89,89,5,1.0000,0.0562
12346,1.00,1,35,5550,5428.35,40625.53,1.9265,0.1245,13.3139,0.7319,0.7640,105,105,5,1.0000,0.0476
12346,1.00,1,36,5660,5489.65,44154.63,1.9404,0.1245,15.4954,0.7374,0.7303,102,102,8,1.0000,0.0784
12346,1.00,1,37,5565,5537.60,24029.74,1.9361,0.1239,14.6758,0.7435,0.7753,90,90,8,1.0000,0.0889
12346,1.00,1,38,5675,5582.15,14946.13,1.8873,0.1226,13.2335,0.7464,0.7416,95,95,10,1.0000,0.1053
12346,1.00,1,39,5625,5602.25,15507.69,1.8667,0.1218,13.3533,0.7502,0.7978,99,99,8,1.0000,0.0808
12346,1.00,1,40,5625,5576.40,17830.54,1.9009,0.1226,13.8570,0.7536,0.7978,101,101,13,1.0000,0.1287
12346,1.00,1,41,5520,5595.00,20612.00,1.9241,0.1233,13.6046,0.7583,0.8090,110,110,12,1.0000,0.1091
12346,1.00,1,42,5520,5605.65,20548.83,1.8878,0.1221,13.4838,0.7648,0.8090,88,88,5,1.0000,0.0568
12346,1.00,1,43,5670,5616.40,20250.54,1.9758,0.1241,15.5851,0.7764,0.8315,109,109,7,1.0000,0.0642
12346,1.00,1,44,5390,5606.85,23832.83,2.0613,0.1257,14.5337,0.7927,0.8315,92,92,10,1.0000,0.1087
12346,1.00,1,45,5390,5586.05,30500.65,2.1283,0.1269,12.7475,0.8043,0.8315,88,88,5,1.0000,0.0568
12346,1.00,1,46,5390,5572.25,33623.19,2.2310,0.1294,11.1701,0.8117,0.8315,97,97,10,1.0000,0.1031
12346,1.00,1,47,5510,5571.80,55060.26,2.2382,0.1287,13.1556,0.8209,0.8539,111,111,13,1.0000,0.1171
12346,1.00,1,48,5510,5599.35,63660.83,2.2522,0.1284,14.9909,0.8298,0.8539,72,72,1,1.0000,0.0139
12346,1.00,1,49,5405,5537.75,59657.19,2.3209,0.1299,13.5210,0.8382,0.8539,102,102,5,1.0000,0.0490
12346,1.00,1,50,5365,5490.60,50006.64,2.3597,0.1308,12.5448,0.8449,0.8764,84,84,4,1.0000,0.0476
12346,1.00,1,51,5420,5471.60,43259.94,2.3711,0.1309,12.2521,0.8484,0.8427,109,109,6,1.0000,0.0550
12346,1.00,1,52,5340,5435.40,26693.84,2.3927,0.1313,10.3412,0.8534,0.8652,77,77,4,1.0000,0.0519
12346,1.00,1,53,5340,5396.60,17800.44,2.4083,0.1314,9.6976,0.8567,0.8652,102,102,6,1.0000,0.0588
12346,1.00,1,54,5340,5372.25,16453.19,2.3974,0.1309,10.1988,0.8593,0.8652,107,107,12,1.0000,0.1121
12346,1.00,1,55,5495,5373.20,10078.76,2.3751,0.1305,10.3259,0.8626,0.8652,104,104,10,1.0000,0.0962
12346,1.00,1,56,5400,5372.50,11321.25,2.3489,0.1300,10.5802,0.8630,0.8652,84,84,7,1.0000,0.0833
12346,1.00,1,57,5375,5372.10,10748.59,2.3357,0.1295,11.0408,0.8640,0.8652,80,80,5,1.0000,0.0625
12346,1.00,1,58,5205,5372.60,10725.74,2.2751,0.1274,12.0956,0.8647,0.8652,106,106,14,1.0000,0.1321
12346,1.00,1,59,5125,5376.75,7716.19,2.1515,0.1234,11.3578,0.8679,0.8652,103,103,9,1.0000,0.0874
12346,1.00,1,60,5420,5335.45,8961.05,2.0618,0.1205,10.8604,0.8697,0.8764,88,88,11,1.0000,0.1250
12346,1.00,1,61,5385,5302.10,13775.59,2.0410,0.1196,12.6408,0.8726,0.8764,94,94,9,1.0000,0.0957
12346,1.00,1,62,5060,5311.30,18930.31,2.0580,0.1197,13.6382,0.8737,0.8764,116,116,9,1.0000,0.0776
12346,1.00,1,63,5060,5280.35,21550.13,2.0367,0.1187,14.9741,0.8740,0.8764,97,97,7,1.0000,0.0722
12346,1.00,1,64,5565,5276.90,22929.89,2.0052,0.1172,15.1333,0.8757,0.8989,97,97,3,1.0000,0.0309
12346,1.00,1,65,5330,5245.65,27752.83,2.0074,0.1174,15.9770,0.8794,0.8989,94,94,10,1.0000,0.1064
12346,1.00,1,66,5480,5239.90,42550.99,1.9699,0.1160,16.6554,0.8840,0.8989,84,84,14,1.0000,0.1667
12346,1.00,1,67,5240,5255.00,52838.00,1.9444,0.1145,18.1063,0.8896,0.9101,100,100,8,1.0000,0.0800
12346,1.00,1,68,5240,5264.30,52643.51,1.9345,0.1135,19.3802,0.8935,0.9101,98,98,8,1.0000,0.0816
12346,1.00,1,69,5240,5214.85,41350.23,2.0036,0.1152,20.1691,0.8972,0.9101,110,110,7,1.0000,0.0636
12346,1.00,1,70,5125,5214.20,33298.86,2.0648,0.1171,18.9879,0.9010,0.9213,101,101,10,1.0000,0.0990
12346,1.00,1,71,5465,5215.55,22792.45,2.1781,0.1203,13.6095,0.9076,0.8989,91,91,7,1.0000,0.0769
12346,1.00,1,72,5345,5229.45,15491.95,2.2372,0.1219,8.5382,0.9118,0.9213,106,106,12,1.0000,0.1132
12346,1.00,1,73,5345,5239.90,15878.99,2.2483,0.1224,7.6061,0.9126,0.9213,87,87,10,1.0000,0.1149
12346,1.00,1,74,5400,5254.45,19331.45,2.2221,0.1217,8.7966,0.9121,0.9326,98,98,10,1.0000,0.1020
12346,1.00,1,75,5400,5267.50,19870.25,2.2236,0.1214,8.6691,0.9148,0.9326,107,107,6,1.0000,0.0561
12346,1.00,1,76,5345,5303.80,14181.56,2.2054,0.1206,8.4335,0.9190,0.9213,81,81,8,1.0000,0.0988
12346,1.00,1,77,5280,5334.60,11934.84,2.1748,0.1194,7.9275,0.9260,0.9326,109,109,8,1.0000,0.0734
12346,1.00,1,78,5505,5336.00,8195.00,2.1688,0.1188,7.9909,0.9307,0.9551,121,121,10,1.0000,0.0826
12346,1.00,1,79,5355,5332.90,7123.59,2.1383,0.1180,8.9665,0.9321,0.9213,84,84,10,1.0000,0.1190
12346,1.00,1,80,5300,5325.20,9608.46,2.1475,0.1184,11.0980,0.9310,0.9213,96,96,4,1.0000,0.0417
12346,1.00,1,81,5340,5311.75,8309.69,2.1626,0.1189,12.9665,0.9302,0.9213,92,92,7,1.0000,0.0761
12346,1.00,1,82,5290,5309.00,9469.00,2.2292,0.1207,12.0921,0.9312,0.9213,105,105,6,1.0000,0.0571
12346,1.00,1,83,5290,5328.10,10056.89,2.3055,0.1230,7.6004,0.9319,0.9213,107,107,8,1.0000,0.0748
12346,1.00,1,84,5190,5306.55,10098.85,2.2695,0.1222,6.7444,0.9326,0.9551,101,101,8,1.0000,0.0792
12346,1.00,1,85,5190,5275.40,10238.84,2.2638,0.1218,7.2321,0.9340,0.9551,93,93,8,1.0000,0.0860
12346,1.00,1,86,5335,5258.10,10096.39,2.3002,0.1227,7.4994,0.9360,0.9326,85,85,7,1.0000,0.0824
12346,1.00,1,87,5275,5251.60,8089.94,2.2907,0.1225,7.5376,0.9361,0.9326,102,102,6,1.0000,0.0588
12346,1.00,1,88,5195,5213.75,6388.69,2.3971,0.1251,7.2230,0.9406,0.9326,83,83,11,1.0000,0.1325
12346,1.00,1,89,5195,5199.45,10964.95,2.3899,0.1247,7.6913,0.9438,0.9326,101,101,7,1.0000,0.0693
12346,1.00,1,90,5165,5191.30,7763.81,2.3721,0.1242,7.7531,0.9454,0.9213,79,79,11,1.0000,0.1392
12346,1.00,1,91,5100,5208.55,8036.65,2.2535,0.1212,7.6366,0.9416,0.9438,98,98,9,1.0000,0.0918
12346,1.00,1,92,5195,5207.20,8482.16,2.2211,0.1203,6.5568,0.9398,0.9326,112,112,15,1.0000,0.1339
12346,1.00,1,93,5195,5170.75,8195.19,2.1511,0.1187,5.6754,0.9364,0.9326,93,93,9,1.0000,0.0968
12346,1.00,1,94,5100,5156.00,7087.50,2.1089,0.1178,4.7921,0.9367,0.9438,98,98,7,1.0000,0.0714
12346,1.00,1,95,5470,5152.35,11053.73,2.0712,0.1168,5.2291,0.9382,0.9551,93,93,8,1.0000,0.0860
12346,1.00,1,96,5225,5185.30,16357.41,2.0601,0.1164,6.0424,0.9382,0.9438,98,98,9,1.0000,0.0918
12346,1.00,1,97,5225,5163.05,21037.95,2.0594,0.1163,7.1404,0.9376,0.9438,101,101,9,1.0000,0.0891
12346,1.00,1,98,5225,5162.65,24009.23,2.0549,0.1158,8.5244,0.9400,0.9438,120,120,14,1.0000,0.1167
12346,1.00,1,99,5225,5192.75,25301.19,2.0603,0.1159,8.4556,0.9434,0.9438,89,89,9,1.0000,0.1011
12346,1.00,2,0,4785,5117.05,89073.55,2.5662,0.1041,89.1754,0.4093,0.5111,0,0,0,0.0000,0.0000
12346,1.00,2,1,4770,5112.55,93958.25,2.4036,0.0988,91.7418,0.4427,0.5111,93,93,16,1.0000,0.1720
12346,1.00,2,2,4875,5052.10,95228.59,2.5413,0.1005,89.5372,0.4784,0.5222,101,101,14,1.0000,0.1386
12346,1.00,2,3,4965,4886.00,45581.00,2.7072,0.1033,73.7097,0.5041,0.5333,97,97,16,1.0000,0.1649
12346,1.00,2,4,5000,4815.10,8267.49,2.6247,0.1004,35.1301,0.5300,0.5556,109,109,9,1.0000,0.0826
12346,1.00,2,5,5000,4834.80,12014.46,2.4710,0.0980,9.7014,0.5358,0.5667,80,80,12,1.0000,0.1500
12346,1.00,2,6,4790,4855.70,16076.01,2.4689,0.0975,7.8687,0.5459,0.5667,93,93,15,1.0000,0.1613
12346,1.00,2,7,5100,4876.45,20093.15,2.5058,0.0977,9.3457,0.5552,0.5778,91,91,9,1.0000,0.0989
12346,1.00,2,8,5175,4923.15,20051.83,2.5024,0.0969,9.5990,0.5654,0.5889,88,88,15,1.0000,0.1705
12346,1.00,2,9,5255,4970.20,25620.96,2.5054,0.0963,10.2994,0.5772,0.6000,104,104,18,1.0000,0.1731
12346,1.00,2,10,5235,5059.30,20273.51,2.5048,0.0961,10.2418,0.5877,0.6111,92,92,9,1.0000,0.0978
12346,1.00,2,11,5220,5108.10,15894.89,2.4970,0.0956,10.9063,0.6003,0.6333,108,108,23,1.0000,0.2130
12346,1.00,2,12,5095,5164.45,13530.45,2.4741,0.0947,10.0721,0.6117,0.6556,91,91,7,1.0000,0.0769
12346,1.00,2,13,5185,5186.90,11333.89,2.4512,0.0936,9.9087,0.6214,0.6333,116,116,22,1.0000,0.1897
12346,1.00,2,14,5340,5201.30,10378.31,2.3968,0.0920,11.4107,0.6349,0.6778,97,97,9,1.0000,0.0928
12346,1.00,2,15,5170,5212.25,13453.69,2.3566,0.0906,13.7992,0.6500,0.6444,114,114,14,1.0000,0.1228
12346,1.00,2,16,5210,5190.65,12757.33,2.2456,0.0881,14.4604,0.6600,0.6667,108,108,24,1.0000,0.2222
12346,1.00,2,17,4970,5189.40,13831.14,2.2474,0.0876,13.5853,0.6631,0.6667,107,107,16,1.0000,0.1495
12346,1.00,2,18,4970,5170.50,15814.75,2.2433,0.0868,14.7776,0.6691,0.6667,104,104,14,1.0000,0.1346
12346,1.00,2,19,4995,5174.40,21815.14,2.2408,0.0862,13.9071,0.6728,0.6778,86,86,12,1.0000,0.1395
12346,1.00,2,20,5240,5135.10,30757.49,2.3073,0.0866,12.4012,0.6779,0.6778,103,103,14,1.0000,0.1359
12346,1.00,2,21,5130,5115.35,39843.63,2.3382,0.0867,12.6794,0.6859,0.7000,104,104,10,1.0000,0.0962
12346,1.00,2,22,5405,5186.45,30001.15,2.3362,0.0867,14.9616,0.6951,0.6778,109,109,17,1.0000,0.1560
12346,1.00,2,23,5405,5240.85,17852.53,2.3308,0.0867,15.4630,0.6981,0.6778,86,86,14,1.0000,0.1628
12346,1.00,2,24,5540,5252.95,18160.55,2.4049,0.0878,12.9996,0.6997,0.6889,101,101,17,1.0000,0.1683
12346,1.00,2,25,5135,5267.00,22376.50,2.4002,0.0876,11.8321,0.6989,0.7333,96,96,14,1.0000,0.1458
12346,1.00,2,26,5150,5294.85,29141.73,2.4114,0.0876,11.4812,0.7003,0.7444,86,86,10,1.0000,0.1163
12346,1.00,2,27,5015,5282.00,35269.00,2.3996,0.0871,13.2410,0.7064,0.7444,85,85,11,1.0000,0.1294
12346,1.00,2,28,5400,5304.35,41474.33,2.3788,0.0867,14.2921,0.7108,0.7222,115,115,18,1.0000,0.1565
12346,1.00,2,29,5135,5260.80,38920.86,2.3929,0.0866,16.3731,0.7231,0.7667,96,96,13,1.0000,0.1354
12346,1.00,2,30,5135,5206.65,42569.53,2.3737,0.0860,17.2311,0.7338,0.7667,76,76,12,1.0000,0.1579
12346,1.00,2,31,5210,5240.10,46879.49,2.3524,0.0853,18.5780,0.7408,0.7778,92,92,13,1.0000,0.1413
12346,1.00,2,32,5145,5244.90,44031.99,2.3578,0.0855,17.9372,0.7482,0.7778,88,88,13,1.0000,0.1477
12346,1.00,2,33,5535,5192.20,27439.16,2.3397,0.0853,13.7968,0.7659,0.7556,99,99,16,1.0000,0.1616
12346,1.00,2,34,5310,5167.30,21975.21,2.3807,0.0859,10.9382,0.7753,0.7889,79,79,7,1.0000,0.0886
12346,1.00,2,35,4940,5164.90,19331.49,2.3499,0.0854,10.4729,0.7774,0.7889,91,91,14,1.0000,0.1538
12346,1.00,2,36,5065,5161.35,28727.43,2.3348,0.0848,11.8743,0.7818,0.8000,97,97,14,1.0000,0.1443
12346,1.00,2,37,5050,5145.95,30161.85,2.3237,0.0846,12.0592,0.7876,0.8111,117,117,10,1.0000,0.0855
12346,1.00,2,38,4885,5098.75,32910.69,2.2940,0.0837,11.1675,0.7948,0.8111,86,86,14,1.0000,0.1628
12346,1.00,2,39,4995,5074.20,31758.36,2.2441,0.0825,10.3156,0.8008,0.8111,82,82,11,1.0000,0.1341
12346,1.00,2,40,5070,5025.15,25734.23,2.1865,0.0812,10.1149,0.8050,0.8222,77,77,9,1.0000,0.1169
12346,1.00,2,41,5020,4977.60,14084.74,2.1732,0.0811,9.3285,0.8088,0.8111,93,93,14,1.0000,0.1505
12346,1.00,2,42,5220,4971.15,11579.43,2.1025,0.0797,7.9679,0.8121,0.8333,72,72,8,1.0000,0.1111
12346,1.00,2,43,5330,5013.15,10591.33,1.9872,0.0773,5.9416,0.8167,0.8444,68,68,11,1.0000,0.1618
12346,1.00,2,44,5330,5072.00,11000.00,1.9679,0.0770,5.3143,0.8217,0.8444,101,101,17,1.0000,0.1683
12346,1.00,2,45,5480,5071.65,14849.53,1.9413,0.0762,5.6453,0.8267,0.8556,91,91,7,1.0000,0.0769
12346,1.00,2,46,5300,5111.50,24095.75,1.9328,0.0755,5.4384,0.8354,0.8444,88,88,9,1.0000,0.1023
12346,1.00,2,47,5230,5172.00,32594.50,1.9315,0.0754,6.0772,0.8419,0.8556,86,86,11,1.0000,0.1279
12346,1.00,2,48,5395,5273.30,39281.11,1.9285,0.0752,6.5646,0.8501,0.8667,95,95,17,1.0000,0.1789
12346,1.00,2,49,5300,5314.50,33052.25,1.9509,0.0756,7.0628,0.8547,0.8778,100,100,9,1.0000,0.0900
12346,1.00,2,50,5300,5298.85,33076.93,1.9924,0.0760,8.0741,0.8559,0.8778,118,118,14,1.0000,0.1186
12346,1.00,2,51,5180,5276.00,26989.50,2.0541,0.0766,7.4802,0.8580,0.8667,113,113,15,1.0000,0.1327
12346,1.00,2,52,5165,5232.75,26048.69,2.0846,0.0767,8.0436,0.8623,0.8667,89,89,10,1.0000,0.1124
12346,1.00,2,53,5450,5232.25,16989.19,2.1192,0.0771,7.5723,0.8643,0.8889,121,121,18,1.0000,0.1488
12346,1.00,2,54,5450,5235.15,21338.23,2.1123,0.0766,7.8481,0.8699,0.8889,86,86,10,1.0000,0.1163
12346,1.00,2,55,5450,5237.45,29734.75,2.1451,0.0767,9.1994,0.8734,0.8889,107,107,15,1.0000,0.1402
12346,1.00,2,56,5540,5253.95,28101.65,2.1367,0.0759,10.6426,0.8807,0.9000,95,95,13,1.0000,0.1368
12346,1.00,2,57,5540,5287.80,20116.66,2.1490,0.0763,10.0630,0.8846,0.9000,98,98,14,1.0000,0.1429
12346,1.00,2,58,5705,5337.35,27428.23,2.2009,0.0774,8.9277,0.8902,0.9111,92,92,9,1.0000,0.0978
12346,1.00,2,59,5705,5403.25,29347.69,2.2275,0.0780,8.1002,0.8956,0.9111,87,87,15,1.0000,0.1724
12346,1.00,2,60,5700,5479.60,25332.34,2.2152,0.0780,6.7208,0.8998,0.9111,89,89,14,1.0000,0.1573
12346,1.00,2,61,5700,5549.35,21036.33,2.2645,0.0791,6.1980,0.9039,0.9111,102,102,13,1.0000,0.1275
12346,1.00,2,62,5570,5590.50,23426.25,2.2971,0.0799,6.0723,0.9067,0.9000,103,103,21,1.0000,0.2039
12346,1.00,2,63,5530,5624.00,11500.00,2.2619,0.0792,4.5305,0.9076,0.9111,87,87,15,1.0000,0.1724
12346,1.00,2,64,5530,5639.50,7422.75,2.2677,0.0792,4.4640,0.9096,0.9111,91,91,12,1.0000,0.1319
12346,1.00,2,65,5730,5628.55,6205.65,2.2567,0.0789,5.3042,0.9098,0.9222,81,81,10,1.0000,0.1235
12346,1.00,2,66,5730,5598.45,7308.85,2.2699,0.0790,6.8283,0.9109,0.9222,105,105,12,1.0000,0.1143
12346,1.00,2,67,5500,5601.80,9632.26,2.2641,0.0787,7.1675,0.9128,0.9222,86,86,8,1.0000,0.0930
12346,1.00,2,68,5700,5616.15,10380.43,2.2334,0.0778,7.6311,0.9153,0.9333,93,93,11,1.0000,0.1183
12346,1.00,2,69,5670,5637.55,10860.25,2.1894,0.0768,7.8390,0.9199,0.9333,79,79,13,1.0000,0.1646
12346,1.00,2,70,5645,5639.40,13310.64,2.1981,0.0773,8.8463,0.9227,0.9333,108,108,14,1.0000,0.1296
12346,1.00,2,71,5630,5627.80,14960.66,2.2142,0.0777,9.2665,0.9269,0.9444,103,103,18,1.0000,0.1748
12346,1.00,2,72,5630,5625.10,10617.49,2.2265,0.0777,9.0513,0.9310,0.9444,87,87,17,1.0000,0.1954
12346,1.00,2,73,5630,5623.45,6809.35,2.2523,0.0778,8.5578,0.9337,0.9444,94,94,20,1.0000,0.2128
12346,1.00,2,74,5510,5610.35,7814.63,2.2783,0.0783,8.7679,0.9379,0.9444,96,96,12,1.0000,0.1250
12346,1.00,2,75,5510,5611.85,5947.33,2.2853,0.0782,7.8091,0.9392,0.9444,93,93,13,1.0000,0.1398
12346,1.00,2,76,5400,5567.40,6867.24,2.2709,0.0779,8.2315,0.9427,0.9556,94,94,15,1.0000,0.1596
12346,1.00,2,77,5600,5554.90,9547.49,2.2349,0.0772,8.3004,0.9440,0.9556,80,80,8,1.0000,0.1000
12346,1.00,2,78,5580,5517.55,8992.75,2.2057,0.0763,9.0224,0.9467,0.9556,98,98,15,1.0000,0.1531
12346,1.00,2,79,5575,5495.25,9677.69,2.1338,0.0748,10.1830,0.9496,0.9556,115,115,23,1.0000,0.2000
12346,1.00,2,80,5575,5477.10,12108.09,2.0971,0.0742,10.3893,0.9526,0.9556,86,86,11,1.0000,0.1279
12346,1.00,2,81,5520,5485.50,13027.25,2.0499,0.0737,11.2394,0.9538,0.9667,98,98,15,1.0000,0.1531
12346,1.00,2,82,5430,5506.95,10056.95,2.0821,0.0750,10.6848,0.9551,0.9667,102,102,16,1.0000,0.1569
12346,1.00,2,83,5385,5510.85,9478.03,2.1112,0.0758,10.3133,0.9559,0.9667,91,91,16,1.0000,0.1758
12346,1.00,2,84,5550,5504.05,7092.85,2.1019,0.0757,11.5020,0.9577,0.9667,94,94,15,1.0000,0.1596
12346,1.00,2,85,5550,5473.50,9706.25,2.1057,0.0752,12.8164,0.9608,0.9667,107,107,21,1.0000,0.1963
12346,1.00,2,86,5510,5460.60,9797.64,2.1133,0.0754,13.1475,0.9613,0.9667,106,106,13,1.0000,0.1226
12346,1.00,2,87,5510,5484.50,11917.25,2.1809,0.0771,14.1246,0.9607,0.9667,105,105,14,1.0000,0.1333
12346,1.00,2,88,5500,5502.65,13070.23,2.2409,0.0790,12.3479,0.9598,0.9556,103,103,15,1.0000,0.1456
12346,1.00,2,89,5695,5506.35,10486.93,2.2698,0.0802,9.0859,0.9602,0.9556,112,112,15,1.0000,0.1339
12346,1.00,2,90,5695,5504.25,9251.69,2.2803,0.0805,8.6002,0.9614,0.9556,98,98,16,1.0000,0.1633
12346,1.00,2,91,5630,5492.25,14470.69,2.2649,0.0800,10.7129,0.9614,0.9556,123,123,16,1.0000,0.1301
12346,1.00,2,92,5630,5475.40,19830.84,2.2543,0.0798,11.9467,0.9634,0.9556,89,89,18,1.0000,0.2022
12346,1.00,2,93,5660,5464.35,27259.83,2.2539,0.0796,13.3495,0.9631,0.9556,108,108,23,1.0000,0.2130
12346,1.00,2,94,5660,5514.50,23340.75,2.2934,0.0802,12.7394,0.9618,0.9556,92,92,15,1.0000,0.1630
12346,1.00,2,95,5525,5550.70,20699.51,2.3151,0.0808,9.5069,0.9592,0.9667,106,106,23,1.0000,0.2170
12346,1.00,2,96,5525,5571.65,10304.03,2.2974,0.0805,6.2913,0.9567,0.9667,98,98,14,1.0000,0.1429
12346,1.00,2,97,5420,5563.90,13574.29,2.2835,0.0802,6.8321,0.9586,0.9667,78,78,8,1.0000,0.1026
12346,1.00,2,98,5420,5535.35,12154.63,2.2460,0.0794,7.6600,0.9604,0.9667,101,101,14,1.0000,0.1386
12346,1.00,2,99,5420,5536.90,9811.89,2.2482,0.0794,6.0154,0.9613,0.9667,97,97,19,1.0000,0.1959
12346,1.00,3,0,4885,5088.95,65477.65,2.5849,0.0748,87.3731,0.3775,0.4653,0,0,0,0.0000,0.0000
12346,1.00,3,1,5035,5075.00,70984.50,2.6280,0.0748,91.7267,0.4146,0.4257,87,87,8,1.0000,0.0920
12346,1.00,3,2,4980,5047.00,75229.00,2.7974,0.0764,89.1259,0.4364,0.4455,106,106,2,1.0000,0.0189
12346,1.00,3,3,4975,5021.00,61129.00,2.6464,0.0741,78.1885,0.4482,0.4554,86,86,2,1.0000,0.0233
12346,1.00,3,4,5015,4962.00,26291.00,2.5186,0.0731,63.6337,0.4545,0.4653,106,106,2,1.0000,0.0189
12346,1.00,3,5,4945,4981.20,17730.06,2.3886,0.0719,37.0968,0.4589,0.4752,101,101,9,1.0000,0.0891
12346,1.00,3,6,4920,4998.20,16724.26,2.3015,0.0708,15.9190,0.4705,0.4851,109,109,8,1.0000,0.0734
12346,1.00,3,7,5060,5023.80,11078.06,2.2489,0.0699,10.6424,0.4811,0.4950,91,91,2,1.0000,0.0220
12346,1.00,3,8,4905,5049.60,14109.84,2.2230,0.0693,12.7113,0.4928,0.5149,92,92,5,1.0000,0.0543
12346,1.00,3,9,4875,5031.70,21780.11,2.2158,0.0689,16.1137,0.5060,0.5446,97,97,3,1.0000,0.0309
12346,1.00,3,10,5050,5015.50,24189.75,2.1950,0.0685,17.8679,0.5190,0.5545,92,92,5,1.0000,0.0543
12346,1.00,3,11,4855,5005.70,26299.51,2.2258,0.0689,17.9139,0.5320,0.5347,109,109,5,1.0000,0.0459
12346,1.00,3,12,4855,5000.85,22434.03,2.2252,0.0686,18.7374,0.5459,0.5644,82,82,1,1.0000,0.0122
12346,1.00,3,13,4760,4961.20,16423.56,2.1778,0.0677,19.6368,0.5517,0.5644,89,89,3,1.0000,0.0337
12346,1.00,3,14,5150,5000.25,21696.69,2.1640,0.0673,22.2493,0.5600,0.6040,98,98,6,1.0000,0.0612
12346,1.00,3,15,4905,4995.10,28934.99,2.1658,0.0674,22.1915,0.5720,0.5941,121,121,3,1.0000,0.0248
12346,1.00,3,16,4905,5044.80,32228.96,2.2344,0.0680,24.9224,0.5852,0.5941,111,111,5,1.0000,0.0450
12346,1.00,3,17,4885,5087.00,29780.00,2.3495,0.0693,25.2731,0.5991,0.6040,110,110,4,1.0000,0.0364
12346,1.00,3,18,4835,5091.75,28520.19,2.4044,0.0700,25.7980,0.6108,0.6139,100,100,3,1.0000,0.0300
12346,1.00,3,19,4800,5105.75,30400.19,2.4301,0.0701,27.4774,0.6211,0.6337,106,106,2,1.0000,0.0189
12346,1.00,3,20,4830,5070.10,45901.49,2.4344,0.0701,25.4097,0.6279,0.6436,92,92,7,1.0000,0.0761
12346,1.00,3,21,4830,5018.75,59433.69,2.4856,0.0708,20.4459,0.6360,0.6436,103,103,5,1.0000,0.0485
12346,1.00,3,22,4770,4947.15,58463.63,2.4849,0.0707,18.3507,0.6450,0.6634,91,91,4,1.0000,0.0440
12346,1.00,3,23,4815,4914.55,43642.05,2.5057,0.0707,19.6980,0.6577,0.6733,106,106,4,1.0000,0.0377
12346,1.00,3,24,4800,4872.40,25673.24,2.5167,0.0708,16.3499,0.6624,0.6832,91,91,4,1.0000,0.0440
12346,1.00,3,25,4820,4878.95,17519.65,2.5224,0.0706,14.8396,0.6722,0.6832,104,104,3,1.0000,0.0288
12346,1.00,3,26,4820,4863.60,17022.54,2.5651,0.0710,15.3503,0.6769,0.6832,88,88,3,1.0000,0.0341
12346,1.00,3,27,4695,4866.95,19577.45,2.5767,0.0710,16.2271,0.6820,0.6733,87,87,8,1.0000,0.0920
12346,1.00,3,28,4755,4848.50,21971.75,2.5828,0.0710,16.5620,0.6862,0.6733,96,96,6,1.0000,0.0625
12346,1.00,3,29,4875,4821.85,15178.33,2.5725,0.0705,17.8145,0.6925,0.6832,114,114,4,1.0000,0.0351
12346,1.00,3,30,4960,4820.90,17269.69,2.5320,0.0699,16.5810,0.6921,0.6931,84,84,1,1.0000,0.0119
12346,1.00,3,31,4840,4813.25,18307.19,2.5235,0.0697,17.8861,0.6964,0.7327,91,91,2,1.0000,0.0220
12346,1.00,3,32,4795,4774.70,19438.91,2.4750,0.0691,14.4178,0.6977,0.7426,100,100,7,1.0000,0.0700
12346,1.00,3,33,4785,4732.60,14121.24,2.4678,0.0687,14.1729,0.7043,0.7228,104,104,3,1.0000,0.0288
12346,1.00,3,34,4790,4744.60,19996.34,2.4418,0.0681,15.2099,0.7115,0.7327,114,114,9,1.0000,0.0789
12346,1.00,3,35,4785,4760.05,23450.75,2.4727,0.0681,17.5897,0.7235,0.7426,88,88,6,1.0000,0.0682
12346,1.00,3,36,4785,4763.30,20101.61,2.5344,0.0689,17.7703,0.7320,0.7426,91,91,5,1.0000,0.0549
12346,1.00,3,37,4740,4779.90,13544.99,2.5306,0.0691,13.7871,0.7361,0.7525,97,97,4,1.0000,0.0412
12346,1.00,3,38,4710,4772.75,15596.19,2.5663,0.0695,12.0719,0.7444,0.7624,103,103,4,1.0000,0.0388
12346,1.00,3,39,4765,4770.05,17309.25,2.5904,0.0697,10.5048,0.7521,0.7723,81,81,6,1.0000,0.0741
12346,1.00,3,40,4785,4740.50,12852.75,2.6520,0.0703,9.6836,0.7583,0.7723,86,86,4,1.0000,0.0465
12346,1.00,3,41,4785,4759.20,5284.86,2.6773,0.0702,7.5188,0.7673,0.7723,80,80,5,1.0000,0.0625
12346,1.00,3,42,4830,4768.05,6106.45,2.6529,0.0696,7.2972,0.7739,0.7822,97,97,3,1.0000,0.0309
12346,1.00,3,43,4690,4779.30,6259.51,2.5882,0.0683,8.0216,0.7793,0.8020,97,97,5,1.0000,0.0515
12346,1.00,3,44,4935,4798.35,6941.03,2.5163,0.0674,8.3998,0.7826,0.7921,87,87,3,1.0000,0.0345
12346,1.00,3,45,4835,4800.65,7928.83,2.5116,0.0670,9.9014,0.7880,0.7921,113,113,5,1.0000,0.0442
12346,1.00,3,46,4890,4815.30,8716.41,2.4886,0.0667,9.6562,0.7892,0.8119,88,88,2,1.0000,0.0227
12346,1.00,3,47,4880,4844.90,7552.49,2.5495,0.0674,11.0760,0.7952,0.8119,86,86,1,1.0000,0.0116
12346,1.00,3,48,4820,4854.10,5545.69,2.5471,0.0674,10.6628,0.7984,0.8119,87,87,4,1.0000,0.0460
12346,1.00,3,49,4820,4862.40,5965.74,2.5731,0.0675,12.1798,0.8042,0.8119,106,106,6,1.0000,0.0566
12346,1.00,3,50,4810,4873.10,8179.89,2.5734,0.0672,11.8636,0.8073,0.8119,86,86,5,1.0000,0.0581
12346,1.00,3,51,4825,4858.05,5828.95,2.6257,0.0676,11.0010,0.8121,0.8416,101,101,6,1.0000,0.0594
12346,1.00,3,52,4825,4826.40,5682.54,2.6219,0.0672,11.2935,0.8176,0.8416,108,108,4,1.0000,0.0370
12346,1.00,3,53,4740,4794.55,5872.05,2.6807,0.0676,11.3945,0.8250,0.8317,88,88,6,1.0000,0.0682
12346,1.00,3,54,4860,4773.70,5345.81,2.6389,0.0667,10.5446,0.8316,0.8416,83,83,4,1.0000,0.0482
12346,1.00,3,55,4840,4785.45,4352.05,2.6125,0.0662,10.0570,0.8348,0.8515,84,84,3,1.0000,0.0357
12346,1.00,3,56,4775,4804.00,6935.50,2.6033,0.0660,9.2127,0.8398,0.8416,96,96,7,1.0000,0.0729
12346,1.00,3,57,4900,4838.00,7112.50,2.5701,0.0655,9.5517,0.8426,0.8515,104,104,4,1.0000,0.0385
12346,1.00,3,58,4900,4847.95,4851.05,2.5045,0.0646,8.2497,0.8465,0.8515,93,93,3,1.0000,0.0323
12346,1.00,3,59,4860,4831.10,6129.29,2.4640,0.0638,8.6889,0.8504,0.8515,107,107,3,1.0000,0.0280
12346,1.00,3,60,4715,4837.95,6968.05,2.4483,0.0636,9.5798,0.8517,0.8515,100,100,1,1.0000,0.0100
12346,1.00,3,61,4715,4848.15,9140.33,2.4410,0.0634,9.1820,0.8546,0.8713,107,107,7,1.0000,0.0654
12346,1.00,3,62,4715,4827.30,9277.21,2.4632,0.0637,9.1083,0.8554,0.8713,93,93,6,1.0000,0.0645
12346,1.00,3,63,4650,4822.60,10365.74,2.4482,0.0635,9.5519,0.8581,0.8812,93,93,7,1.0000,0.0753
12346,1.00,3,64,4650,4807.75,15727.19,2.4112,0.0631,10.0541,0.8624,0.8812,93,93,4,1.0000,0.0430
12346,1.00,3,65,4700,4783.05,17892.95,2.3316,0.0622,9.7774,0.8686,0.8812,101,101,3,1.0000,0.0297
12346,1.00,3,66,4700,4748.75,17076.69,2.2657,0.0612,9.6543,0.8738,0.8812,102,102,1,1.0000,0.0098
12346,1.00,3,67,4990,4742.55,14182.25,2.2342,0.0608,7.8428,0.8776,0.8812,93,93,2,1.0000,0.0215
12346,1.00,3,68,4990,4760.95,17263.35,2.2186,0.0606,7.9840,0.8814,0.8812,102,102,4,1.0000,0.0392
12346,1.00,3,69,4990,4792.35,23555.23,2.2270,0.0606,9.3505,0.8858,0.8812,107,107,4,1.0000,0.0374
12346,1.00,3,70,4945,4848.55,33956.15,2.2736,0.0612,10.8412,0.8858,0.8812,100,100,5,1.0000,0.0500
12346,1.00,3,71,4975,4898.70,25052.31,2.2918,0.0615,10.0556,0.8851,0.8911,85,85,2,1.0000,0.0235
12346,1.00,3,72,4975,4939.70,14151.41,2.3059,0.0618,7.3329,0.8846,0.8911,91,91,5,1.0000,0.0549
12346,1.00,3,73,4960,4960.05,8591.25,2.3690,0.0626,6.2618,0.8850,0.8911,105,105,6,1.0000,0.0571
12346,1.00,3,74,5060,4964.40,4472.64,2.4017,0.0632,5.0246,0.8858,0.8911,69,69,1,1.0000,0.0145
12346,1.00,3,75,5005,4972.75,5688.69,2.4084,0.0631,5.5394,0.8865,0.8911,99,99,8,1.0000,0.0808
12346,1.00,3,76,5005,4987.00,6738.00,2.3763,0.0626,6.1798,0.8879,0.8911,99,99,4,1.0000,0.0404
12346,1.00,3,77,5060,5010.65,8822.33,2.3372,0.0619,6.4780,0.8898,0.9010,97,97,5,1.0000,0.0515
12346,1.00,3,78,5060,5040.30,7079.41,2.3323,0.0618,6.4558,0.8914,0.9010,102,102,8,1.0000,0.0784
12346,1.00,3,79,5060,5021.35,6978.93,2.3479,0.0621,6.2568,0.8951,0.9010,90,90,3,1.0000,0.0333
12346,1.00,3,80,5000,5033.50,6691.75,2.3885,0.0626,5.8008,0.8966,0.9010,98,98,10,1.0000,0.1020
12346,1.00,3,81,5000,5037.75,7156.19,2.4346,0.0632,5.2620,0.8980,0.9010,95,95,3,1.0000,0.0316
12346,1.00,3,82,5000,5031.65,5291.03,2.4292,0.0632,4.9834,0.9003,0.9010,99,99,3,1.0000,0.0303
12346,1.00,3,83,4930,5034.85,3994.73,2.4947,0.0640,3.6853,0.9027,0.9109,100,100,4,1.0000,0.0400
12346,1.00,3,84,4910,5021.40,7021.04,2.5022,0.0640,4.9513,0.9025,0.9109,128,128,7,1.0000,0.0547
12346,1.00,3,85,4910,4993.50,7573.75,2.5312,0.0642,5.1089,0.9040,0.9109,103,103,4,1.0000,0.0388
12346,1.00,3,86,4910,4989.15,9349.03,2.5088,0.0638,5.9982,0.9060,0.9109,94,94,4,1.0000,0.0426
12346,1.00,3,87,4910,4971.75,7996.69,2.4949,0.0636,5.9261,0.9074,0.9109,86,86,4,1.0000,0.0465
12346,1.00,3,88,4900,4957.95,5638.05,2.4827,0.0634,5.9356,0.9101,0.9307,75,75,4,1.0000,0.0533
12346,1.00,3,89,4900,4942.60,4305.24,2.4765,0.0634,6.0186,0.9113,0.9307,91,91,0,1.0000,0.0000
12346,1.00,3,90,4900,4928.80,9223.56,2.4843,0.0634,6.2214,0.9151,0.9307,90,90,3,1.0000,0.0333
12346,1.00,3,91,4900,4935.50,11185.75,2.4515,0.0629,6.5705,0.9185,0.9307,98,98,3,1.0000,0.0306
12346,1.00,3,92,4770,4946.20,14380.56,2.4616,0.0629,7.0646,0.9225,0.9307,88,88,3,1.0000,0.0341
12346,1.00,3,93,4770,4937.65,19522.23,2.4548,0.0627,6.8289,0.9263,0.9307,91,91,6,1.0000,0.0659
12346,1.00,3,94,4965,4925.75,26442.69,2.4683,0.0628,7.2584,0.9293,0.9406,98,98,1,1.0000,0.0102
12346,1.00,3,95,4765,4891.75,28720.69,2.5334,0.0635,6.4521,0.9303,0.9406,100,100,4,1.0000,0.0400
12346,1.00,3,96,4765,4896.75,47325.19,2.5682,0.0638,7.2962,0.9330,0.9406,106,106,3,1.0000,0.0283
12346,1.00,3,97,4765,4912.40,53649.24,2.5445,0.0635,7.1582,0.9348,0.9406,85,85,9,1.0000,0.1059
12346,1.00,3,98,4765,4940.40,61558.34,2.5600,0.0636,7.6194,0.9369,0.9406,89,89,1,1.0000,0.0112
12346,1.00,3,99,4705,4905.90,55626.69,2.5714,0.0637,6.3677,0.9383,0.9406,73,73,9,1.0000,0.1233
