flight_id,origin,destination,departure_utc,arrival_utc,aircraft_type,block_minutes
LEG_01_0,BASE1,AIR1,2000-01-01T18:00:00Z,2000-01-01T19:15:00Z,A320,75
LEG_01_2,BASE2,AIR2,2000-01-01T23:01:00Z,2000-01-02T00:52:00Z,A320,111
LEG_01_3,BASE2,AIR3,2000-01-01T19:12:00Z,2000-01-01T21:11:00Z,A320,119
LEG_01_4,AIR3,BASE2,2000-01-01T22:00:00Z,2000-01-02T00:22:00Z,A320,142
LEG_01_5,BASE1,AIR4,2000-01-01T16:17:00Z,2000-01-01T18:47:00Z,A320,150
LEG_01_6,AIR5,BASE2,2000-01-01T18:45:00Z,2000-01-01T20:01:00Z,A320,76
LEG_01_7,BASE2,AIR6,2000-01-01T13:08:00Z,2000-01-01T15:26:00Z,A320,138
LEG_01_8,AIR6,BASE2,2000-01-01T16:12:00Z,2000-01-01T18:34:00Z,A320,142
LEG_01_9,AIR4,BASE3,2000-01-01T19:35:00Z,2000-01-01T21:10:00Z,A320,95
LEG_01_10,BASE3,AIR1,2000-01-01T22:20:00Z,2000-01-02T00:05:00Z,A320,105
LEG_01_11,BASE3,AIR7,2000-01-01T22:25:00Z,2000-01-01T23:13:00Z,A320,48
LEG_01_12,AIR1,BASE3,2000-01-01T19:55:00Z,2000-01-01T21:35:00Z,A320,100
LEG_01_13,BASE2,AIR8,2000-01-01T22:56:00Z,2000-01-02T00:59:00Z,A320,123
LEG_01_14,BASE1,AIR9,2000-01-01T16:25:00Z,2000-01-01T17:14:00Z,A320,49
LEG_01_16,AIR11,BASE2,2000-01-01T12:20:00Z,2000-01-01T13:16:00Z,A320,56
LEG_01_17,BASE2,AIR12,2000-01-01T14:17:00Z,2000-01-01T15:58:00Z,A320,101
LEG_01_18,AIR12,BASE2,2000-01-01T16:45:00Z,2000-01-01T18:28:00Z,A320,103
LEG_01_19,BASE2,BASE1,2000-01-01T14:10:00Z,2000-01-01T16:02:00Z,A320,112
LEG_01_20,BASE2,BASE1,2000-01-01T16:21:00Z,2000-01-01T18:20:00Z,A320,119
LEG_01_21,BASE1,AIR13,2000-01-01T19:31:00Z,2000-01-01T20:23:00Z,A320,52
LEG_01_22,AIR14,BASE1,2000-01-01T21:35:00Z,2000-01-01T22:59:00Z,A320,84
LEG_01_23,AIR9,BASE1,2000-01-01T17:55:00Z,2000-01-01T18:42:00Z,A320,47
LEG_01_24,BASE1,AIR14,2000-01-01T19:27:00Z,2000-01-01T20:53:00Z,A320,86
LEG_01_26,BASE2,AIR15,2000-01-01T12:54:00Z,2000-01-01T13:59:00Z,A320,65
LEG_01_27,BASE1,BASE2,2000-01-01T23:50:00Z,2000-01-02T01:49:00Z,A320,119
LEG_01_28,AIR13,BASE1,2000-01-01T21:25:00Z,2000-01-01T22:26:00Z,A320,61
LEG_01_29,BASE3,BASE2,2000-01-01T18:08:00Z,2000-01-01T20:02:00Z,A320,114
LEG_01_30,BASE2,AIR16,2000-01-01T21:25:00Z,2000-01-01T23:14:00Z,A320,109
LEG_01_31,AIR15,BASE3,2000-01-01T15:00:00Z,2000-01-01T16:44:00Z,A320,104
LEG_01_32,BASE1,AIR17,2000-01-01T23:48:00Z,2000-01-02T01:52:00Z,A320,124
LEG_01_34,BASE2,AIR18,2000-01-01T10:49:00Z,2000-01-01T11:57:00Z,A320,68
LEG_01_35,AIR18,BASE2,2000-01-01T14:05:00Z,2000-01-01T15:17:00Z,A320,72
LEG_01_36,BASE2,AIR5,2000-01-01T16:24:00Z,2000-01-01T17:44:00Z,A320,80
LEG_01_37,BASE2,AIR19,2000-01-01T10:36:00Z,2000-01-01T11:29:00Z,A320,53
LEG_01_38,AIR19,BASE2,2000-01-01T12:10:00Z,2000-01-01T13:18:00Z,A320,68
LEG_01_39,BASE2,AIR20,2000-01-01T19:35:00Z,2000-01-01T21:12:00Z,A320,97
LEG_01_40,AIR20,BASE2,2000-01-01T22:15:00Z,2000-01-01T23:53:00Z,A320,98
LEG_01_41,BASE2,AIR19,2000-01-01T21:20:00Z,2000-01-01T22:25:00Z,A320,65
LEG_01_43,BASE2,AIR22,2000-01-01T12:52:00Z,2000-01-01T14:25:00Z,A320,93
LEG_01_44,AIR22,BASE2,2000-01-01T22:05:00Z,2000-01-01T23:44:00Z,A320,99
LEG_01_45,AIR16,BASE2,2000-01-01T20:05:00Z,2000-01-01T22:01:00Z,A320,116
LEG_01_47,AIR22,BASE2,2000-01-01T15:10:00Z,2000-01-01T16:47:00Z,A320,97
LEG_01_48,BASE2,AIR16,2000-01-01T17:37:00Z,2000-01-01T19:17:00Z,A320,100
LEG_01_50,BASE2,AIR24,2000-01-01T12:56:00Z,2000-01-01T13:43:00Z,A320,47
LEG_01_51,BASE2,AIR23,2000-01-01T14:20:00Z,2000-01-01T15:47:00Z,A320,87
LEG_01_52,AIR23,BASE2,2000-01-01T16:30:00Z,2000-01-01T18:18:00Z,A320,108
LEG_01_53,BASE2,AIR23,2000-01-01T17:48:00Z,2000-01-01T19:19:00Z,A320,91
LEG_01_54,AIR23,BASE2,2000-01-01T20:05:00Z,2000-01-01T21:50:00Z,A320,105
LEG_01_55,BASE2,AIR11,2000-01-01T10:44:00Z,2000-01-01T11:39:00Z,A320,55
LEG_01_56,BASE2,AIR22,2000-01-01T19:27:00Z,2000-01-01T21:08:00Z,A320,101
LEG_01_57,AIR24,BASE2,2000-01-01T14:30:00Z,2000-01-01T15:12:00Z,A320,42
LEG_01_59,AIR19,BASE2,2000-01-01T23:15:00Z,2000-01-02T00:20:00Z,A320,65
LEG_02_0,BASE1,AIR1,2000-01-02T18:00:00Z,2000-01-02T19:15:00Z,A320,75
LEG_02_1,AIR1,BASE2,2000-01-02T01:00:00Z,2000-01-02T02:11:00Z,A320,71
LEG_02_2,AIR2,BASE2,2000-01-02T11:15:00Z,2000-01-02T13:17:00Z,A320,122
LEG_02_3,BASE2,AIR2,2000-01-02T23:01:00Z,2000-01-03T00:52:00Z,A320,111
LEG_02_4,BASE2,AIR3,2000-01-02T19:12:00Z,2000-01-02T21:11:00Z,A320,119
LEG_02_5,BASE2,AIR25,2000-01-02T01:16:00Z,2000-01-02T02:05:00Z,A320,49
LEG_02_6,AIR3,BASE2,2000-01-02T22:00:00Z,2000-01-03T00:22:00Z,A320,142
LEG_02_7,BASE1,AIR4,2000-01-02T16:17:00Z,2000-01-02T18:47:00Z,A320,150
LEG_02_8,AIR24,BASE2,2000-01-02T11:00:00Z,2000-01-02T11:45:00Z,A320,45
LEG_02_9,BASE2,AIR6,2000-01-02T13:08:00Z,2000-01-02T15:26:00Z,A320,138
LEG_02_10,AIR6,BASE2,2000-01-02T16:12:00Z,2000-01-02T18:34:00Z,A320,142
LEG_02_11,AIR4,BASE3,2000-01-02T19:35:00Z,2000-01-02T21:10:00Z,A320,95
LEG_02_12,BASE3,AIR1,2000-01-02T22:20:00Z,2000-01-03T00:05:00Z,A320,105
LEG_02_13,BASE3,AIR7,2000-01-02T22:25:00Z,2000-01-02T23:13:00Z,A320,48
LEG_02_14,AIR1,BASE3,2000-01-02T19:55:00Z,2000-01-02T21:35:00Z,A320,100
LEG_02_15,BASE2,AIR8,2000-01-02T22:56:00Z,2000-01-03T00:59:00Z,A320,123
LEG_02_16,BASE1,AIR9,2000-01-02T16:25:00Z,2000-01-02T17:14:00Z,A320,49
LEG_02_17,AIR10,BASE1,2000-01-02T13:45:00Z,2000-01-02T15:23:00Z,A320,98
LEG_02_18,AIR11,BASE2,2000-01-02T12:20:00Z,2000-01-02T13:16:00Z,A320,56
LEG_02_19,BASE2,AIR12,2000-01-02T14:17:00Z,2000-01-02T15:58:00Z,A320,101
LEG_02_20,AIR12,BASE2,2000-01-02T16:45:00Z,2000-01-02T18:28:00Z,A320,103
LEG_02_21,BASE2,BASE1,2000-01-02T14:10:00Z,2000-01-02T16:02:00Z,A320,112
LEG_02_22,BASE2,BASE1,2000-01-02T16:21:00Z,2000-01-02T18:20:00Z,A320,119
LEG_02_23,BASE1,AIR13,2000-01-02T19:31:00Z,2000-01-02T20:23:00Z,A320,52
LEG_02_24,AIR14,BASE1,2000-01-02T21:35:00Z,2000-01-02T22:59:00Z,A320,84
LEG_02_25,AIR9,BASE1,2000-01-02T17:55:00Z,2000-01-02T18:42:00Z,A320,47
LEG_02_26,BASE1,AIR14,2000-01-02T19:27:00Z,2000-01-02T20:53:00Z,A320,86
LEG_02_27,BASE2,AIR15,2000-01-02T12:54:00Z,2000-01-02T13:59:00Z,A320,65
LEG_02_28,BASE1,BASE2,2000-01-02T23:50:00Z,2000-01-03T01:49:00Z,A320,119
LEG_02_29,AIR13,BASE1,2000-01-02T21:25:00Z,2000-01-02T22:26:00Z,A320,61
LEG_02_30,BASE3,BASE2,2000-01-02T18:08:00Z,2000-01-02T20:02:00Z,A320,114
LEG_02_31,BASE2,AIR16,2000-01-02T21:25:00Z,2000-01-02T23:14:00Z,A320,109
LEG_02_32,AIR15,BASE3,2000-01-02T15:00:00Z,2000-01-02T16:44:00Z,A320,104
LEG_02_33,BASE3,AIR10,2000-01-02T02:30:00Z,2000-01-02T03:34:00Z,A320,64
LEG_02_34,AIR7,BASE3,2000-01-02T00:10:00Z,2000-01-02T00:56:00Z,A320,46
LEG_02_35,BASE1,AIR17,2000-01-02T23:48:00Z,2000-01-03T01:52:00Z,A320,124
LEG_02_36,AIR17,BASE1,2000-01-02T13:00:00Z,2000-01-02T15:10:00Z,A320,130
LEG_02_37,BASE2,AIR19,2000-01-02T10:36:00Z,2000-01-02T11:29:00Z,A320,53
LEG_02_38,AIR19,BASE2,2000-01-02T12:10:00Z,2000-01-02T13:18:00Z,A320,68
LEG_02_39,BASE2,AIR20,2000-01-02T19:35:00Z,2000-01-02T21:12:00Z,A320,97
LEG_02_40,AIR20,BASE2,2000-01-02T22:15:00Z,2000-01-02T23:53:00Z,A320,98
LEG_02_41,BASE2,AIR19,2000-01-02T21:20:00Z,2000-01-02T22:25:00Z,A320,65
LEG_02_42,AIR21,BASE2,2000-01-02T10:20:00Z,2000-01-02T11:53:00Z,A320,93
LEG_02_43,BASE2,AIR22,2000-01-02T12:52:00Z,2000-01-02T14:25:00Z,A320,93
LEG_02_44,AIR22,BASE2,2000-01-02T22:05:00Z,2000-01-02T23:44:00Z,A320,99
LEG_02_45,BASE2,AIR21,2000-01-02T01:01:00Z,2000-01-02T02:29:00Z,A320,88
LEG_02_46,AIR16,BASE2,2000-01-02T20:05:00Z,2000-01-02T22:01:00Z,A320,116
LEG_02_47,AIR16,BASE2,2000-01-02T13:10:00Z,2000-01-02T15:05:00Z,A320,115
LEG_02_48,AIR22,BASE2,2000-01-02T15:10:00Z,2000-01-02T16:47:00Z,A320,97
LEG_02_49,BASE2,AIR16,2000-01-02T17:37:00Z,2000-01-02T19:17:00Z,A320,100
LEG_02_50,AIR23,BASE2,2000-01-02T10:10:00Z,2000-01-02T11:55:00Z,A320,105
LEG_02_51,BASE2,AIR24,2000-01-02T12:56:00Z,2000-01-02T13:43:00Z,A320,47
LEG_02_52,BASE2,AIR23,2000-01-02T14:20:00Z,2000-01-02T15:47:00Z,A320,87
LEG_02_53,BASE2,AIR23,2000-01-02T00:50:00Z,2000-01-02T02:18:00Z,A320,88
LEG_02_54,AIR23,BASE2,2000-01-02T16:30:00Z,2000-01-02T18:18:00Z,A320,108
LEG_02_55,BASE2,AIR23,2000-01-02T17:48:00Z,2000-01-02T19:19:00Z,A320,91
LEG_02_56,AIR23,BASE2,2000-01-02T20:05:00Z,2000-01-02T21:50:00Z,A320,105
LEG_02_57,BASE2,AIR11,2000-01-02T10:44:00Z,2000-01-02T11:39:00Z,A320,55
LEG_02_58,BASE2,AIR22,2000-01-02T19:27:00Z,2000-01-02T21:08:00Z,A320,101
LEG_02_59,AIR24,BASE2,2000-01-02T14:30:00Z,2000-01-02T15:12:00Z,A320,42
LEG_02_60,AIR25,BASE2,2000-01-02T11:00:00Z,2000-01-02T11:44:00Z,A320,44
LEG_02_61,AIR19,BASE2,2000-01-02T23:15:00Z,2000-01-03T00:20:00Z,A320,65
LEG_02_62,BASE2,AIR24,2000-01-02T01:20:00Z,2000-01-02T02:02:00Z,A320,42
LEG_03_0,BASE1,AIR1,2000-01-03T18:00:00Z,2000-01-03T19:15:00Z,A320,75
LEG_03_1,AIR1,BASE2,2000-01-03T01:00:00Z,2000-01-03T02:11:00Z,A320,71
LEG_03_2,AIR2,BASE2,2000-01-03T11:15:00Z,2000-01-03T13:17:00Z,A320,122
LEG_03_3,BASE2,AIR2,2000-01-03T23:01:00Z,2000-01-04T00:52:00Z,A320,111
LEG_03_4,BASE2,AIR3,2000-01-03T19:12:00Z,2000-01-03T21:11:00Z,A320,119
LEG_03_5,BASE2,AIR25,2000-01-03T01:16:00Z,2000-01-03T02:05:00Z,A320,49
LEG_03_6,AIR3,BASE2,2000-01-03T22:00:00Z,2000-01-04T00:22:00Z,A320,142
LEG_03_7,BASE1,AIR4,2000-01-03T16:17:00Z,2000-01-03T18:47:00Z,A320,150
LEG_03_8,AIR24,BASE2,2000-01-03T11:00:00Z,2000-01-03T11:45:00Z,A320,45
LEG_03_9,BASE2,AIR6,2000-01-03T13:08:00Z,2000-01-03T15:26:00Z,A320,138
LEG_03_10,AIR6,BASE2,2000-01-03T16:12:00Z,2000-01-03T18:34:00Z,A320,142
LEG_03_11,AIR4,BASE3,2000-01-03T19:35:00Z,2000-01-03T21:10:00Z,A320,95
LEG_03_12,BASE3,AIR1,2000-01-03T22:20:00Z,2000-01-04T00:05:00Z,A320,105
LEG_03_13,BASE3,AIR7,2000-01-03T22:25:00Z,2000-01-03T23:13:00Z,A320,48
LEG_03_14,AIR1,BASE3,2000-01-03T19:55:00Z,2000-01-03T21:35:00Z,A320,100
LEG_03_15,BASE2,AIR8,2000-01-03T22:56:00Z,2000-01-04T00:59:00Z,A320,123
LEG_03_16,BASE1,AIR9,2000-01-03T16:25:00Z,2000-01-03T17:14:00Z,A320,49
LEG_03_17,AIR10,BASE1,2000-01-03T13:45:00Z,2000-01-03T15:23:00Z,A320,98
LEG_03_18,AIR11,BASE2,2000-01-03T12:20:00Z,2000-01-03T13:16:00Z,A320,56
LEG_03_19,BASE2,AIR12,2000-01-03T14:17:00Z,2000-01-03T15:58:00Z,A320,101
LEG_03_20,AIR12,BASE2,2000-01-03T16:45:00Z,2000-01-03T18:28:00Z,A320,103
LEG_03_21,BASE2,BASE1,2000-01-03T14:10:00Z,2000-01-03T16:02:00Z,A320,112
LEG_03_22,BASE2,BASE1,2000-01-03T16:21:00Z,2000-01-03T18:20:00Z,A320,119
LEG_03_23,BASE1,AIR13,2000-01-03T19:31:00Z,2000-01-03T20:23:00Z,A320,52
LEG_03_24,AIR14,BASE1,2000-01-03T21:35:00Z,2000-01-03T22:59:00Z,A320,84
LEG_03_25,AIR9,BASE1,2000-01-03T17:55:00Z,2000-01-03T18:42:00Z,A320,47
LEG_03_26,BASE1,AIR14,2000-01-03T19:27:00Z,2000-01-03T20:53:00Z,A320,86
LEG_03_27,AIR8,BASE2,2000-01-03T10:00:00Z,2000-01-03T11:52:00Z,A320,112
LEG_03_28,BASE2,AIR15,2000-01-03T12:54:00Z,2000-01-03T13:59:00Z,A320,65
LEG_03_29,BASE1,BASE2,2000-01-03T23:50:00Z,2000-01-04T01:49:00Z,A320,119
LEG_03_30,AIR13,BASE1,2000-01-03T21:25:00Z,2000-01-03T22:26:00Z,A320,61
LEG_03_31,BASE3,BASE2,2000-01-03T18:08:00Z,2000-01-03T20:02:00Z,A320,114
LEG_03_32,BASE2,AIR16,2000-01-03T21:25:00Z,2000-01-03T23:14:00Z,A320,109
LEG_03_33,AIR15,BASE3,2000-01-03T15:00:00Z,2000-01-03T16:44:00Z,A320,104
LEG_03_34,BASE3,AIR10,2000-01-03T02:30:00Z,2000-01-03T03:34:00Z,A320,64
LEG_03_35,AIR7,BASE3,2000-01-03T00:10:00Z,2000-01-03T00:56:00Z,A320,46
LEG_03_36,BASE1,AIR17,2000-01-03T23:48:00Z,2000-01-04T01:52:00Z,A320,124
LEG_03_37,AIR17,BASE1,2000-01-03T13:00:00Z,2000-01-03T15:10:00Z,A320,130
LEG_03_38,BASE2,AIR19,2000-01-03T10:36:00Z,2000-01-03T11:29:00Z,A320,53
LEG_03_39,AIR19,BASE2,2000-01-03T12:10:00Z,2000-01-03T13:18:00Z,A320,68
LEG_03_40,BASE2,AIR20,2000-01-03T19:35:00Z,2000-01-03T21:12:00Z,A320,97
LEG_03_41,AIR20,BASE2,2000-01-03T22:15:00Z,2000-01-03T23:53:00Z,A320,98
LEG_03_42,BASE2,AIR19,2000-01-03T21:20:00Z,2000-01-03T22:25:00Z,A320,65
LEG_03_43,AIR21,BASE2,2000-01-03T10:20:00Z,2000-01-03T11:53:00Z,A320,93
LEG_03_44,BASE2,AIR22,2000-01-03T12:52:00Z,2000-01-03T14:25:00Z,A320,93
LEG_03_45,AIR22,BASE2,2000-01-03T22:05:00Z,2000-01-03T23:44:00Z,A320,99
LEG_03_46,BASE2,AIR21,2000-01-03T01:01:00Z,2000-01-03T02:29:00Z,A320,88
LEG_03_47,AIR16,BASE2,2000-01-03T20:05:00Z,2000-01-03T22:01:00Z,A320,116
LEG_03_48,AIR16,BASE2,2000-01-03T13:10:00Z,2000-01-03T15:05:00Z,A320,115
LEG_03_49,AIR22,BASE2,2000-01-03T15:10:00Z,2000-01-03T16:47:00Z,A320,97
LEG_03_50,BASE2,AIR16,2000-01-03T17:37:00Z,2000-01-03T19:17:00Z,A320,100
LEG_03_51,AIR23,BASE2,2000-01-03T10:10:00Z,2000-01-03T11:55:00Z,A320,105
LEG_03_52,BASE2,AIR24,2000-01-03T12:56:00Z,2000-01-03T13:43:00Z,A320,47
LEG_03_53,BASE2,AIR23,2000-01-03T14:20:00Z,2000-01-03T15:47:00Z,A320,87
LEG_03_54,BASE2,AIR23,2000-01-03T00:50:00Z,2000-01-03T02:18:00Z,A320,88
LEG_03_55,AIR23,BASE2,2000-01-03T16:30:00Z,2000-01-03T18:18:00Z,A320,108
LEG_03_56,BASE2,AIR23,2000-01-03T17:48:00Z,2000-01-03T19:19:00Z,A320,91
LEG_03_57,AIR23,BASE2,2000-01-03T20:05:00Z,2000-01-03T21:50:00Z,A320,105
LEG_03_58,BASE2,AIR11,2000-01-03T10:44:00Z,2000-01-03T11:39:00Z,A320,55
LEG_03_59,BASE2,AIR22,2000-01-03T19:27:00Z,2000-01-03T21:08:00Z,A320,101
LEG_03_60,AIR24,BASE2,2000-01-03T14:30:00Z,2000-01-03T15:12:00Z,A320,42
LEG_03_61,AIR25,BASE2,2000-01-03T11:00:00Z,2000-01-03T11:44:00Z,A320,44
LEG_03_62,AIR19,BASE2,2000-01-03T23:15:00Z,2000-01-04T00:20:00Z,A320,65
LEG_03_63,BASE2,AIR24,2000-01-03T01:20:00Z,2000-01-03T02:02:00Z,A320,42
LEG_04_0,BASE1,AIR1,2000-01-04T18:00:00Z,2000-01-04T19:15:00Z,A320,75
LEG_04_1,AIR1,BASE2,2000-01-04T01:00:00Z,2000-01-04T02:11:00Z,A320,71
LEG_04_2,AIR2,BASE2,2000-01-04T11:15:00Z,2000-01-04T13:17:00Z,A320,122
LEG_04_3,BASE2,AIR2,2000-01-04T23:01:00Z,2000-01-05T00:52:00Z,A320,111
LEG_04_4,BASE2,AIR3,2000-01-04T19:12:00Z,2000-01-04T21:11:00Z,A320,119
LEG_04_5,BASE2,AIR25,2000-01-04T01:16:00Z,2000-01-04T02:05:00Z,A320,49
LEG_04_6,AIR3,BASE2,2000-01-04T22:00:00Z,2000-01-05T00:22:00Z,A320,142
LEG_04_7,BASE1,AIR4,2000-01-04T16:17:00Z,2000-01-04T18:47:00Z,A320,150
LEG_04_8,AIR24,BASE2,2000-01-04T11:00:00Z,2000-01-04T11:45:00Z,A320,45
LEG_04_9,BASE2,AIR6,2000-01-04T13:08:00Z,2000-01-04T15:26:00Z,A320,138
LEG_04_10,AIR6,BASE2,2000-01-04T16:12:00Z,2000-01-04T18:34:00Z,A320,142
LEG_04_11,AIR4,BASE3,2000-01-04T19:35:00Z,2000-01-04T21:10:00Z,A320,95
LEG_04_12,BASE3,AIR1,2000-01-04T22:20:00Z,2000-01-05T00:05:00Z,A320,105
LEG_04_13,BASE3,AIR7,2000-01-04T22:25:00Z,2000-01-04T23:13:00Z,A320,48
LEG_04_14,AIR1,BASE3,2000-01-04T19:55:00Z,2000-01-04T21:35:00Z,A320,100
LEG_04_15,BASE2,AIR8,2000-01-04T22:56:00Z,2000-01-05T00:59:00Z,A320,123
LEG_04_16,BASE1,AIR9,2000-01-04T16:25:00Z,2000-01-04T17:14:00Z,A320,49
LEG_04_17,AIR10,BASE1,2000-01-04T13:45:00Z,2000-01-04T15:23:00Z,A320,98
LEG_04_18,AIR11,BASE2,2000-01-04T12:20:00Z,2000-01-04T13:16:00Z,A320,56
LEG_04_19,BASE2,AIR12,2000-01-04T14:17:00Z,2000-01-04T15:58:00Z,A320,101
LEG_04_20,AIR12,BASE2,2000-01-04T16:45:00Z,2000-01-04T18:28:00Z,A320,103
LEG_04_21,BASE2,BASE1,2000-01-04T14:10:00Z,2000-01-04T16:02:00Z,A320,112
LEG_04_22,BASE2,BASE1,2000-01-04T16:21:00Z,2000-01-04T18:20:00Z,A320,119
LEG_04_23,BASE1,AIR13,2000-01-04T19:31:00Z,2000-01-04T20:23:00Z,A320,52
LEG_04_24,AIR14,BASE1,2000-01-04T21:35:00Z,2000-01-04T22:59:00Z,A320,84
LEG_04_25,AIR9,BASE1,2000-01-04T17:55:00Z,2000-01-04T18:42:00Z,A320,47
LEG_04_26,BASE1,AIR14,2000-01-04T19:27:00Z,2000-01-04T20:53:00Z,A320,86
LEG_04_27,AIR8,BASE2,2000-01-04T10:00:00Z,2000-01-04T11:52:00Z,A320,112
LEG_04_28,BASE2,AIR15,2000-01-04T12:54:00Z,2000-01-04T13:59:00Z,A320,65
LEG_04_29,BASE1,BASE2,2000-01-04T23:50:00Z,2000-01-05T01:49:00Z,A320,119
LEG_04_30,AIR13,BASE1,2000-01-04T21:25:00Z,2000-01-04T22:26:00Z,A320,61
LEG_04_31,BASE3,BASE2,2000-01-04T18:08:00Z,2000-01-04T20:02:00Z,A320,114
LEG_04_32,BASE2,AIR16,2000-01-04T21:25:00Z,2000-01-04T23:14:00Z,A320,109
LEG_04_33,AIR15,BASE3,2000-01-04T15:00:00Z,2000-01-04T16:44:00Z,A320,104
LEG_04_34,BASE3,AIR10,2000-01-04T02:30:00Z,2000-01-04T03:34:00Z,A320,64
LEG_04_35,AIR7,BASE3,2000-01-04T00:10:00Z,2000-01-04T00:56:00Z,A320,46
LEG_04_36,BASE1,AIR17,2000-01-04T23:48:00Z,2000-01-05T01:52:00Z,A320,124
LEG_04_37,AIR17,BASE1,2000-01-04T13:00:00Z,2000-01-04T15:10:00Z,A320,130
LEG_04_38,BASE2,AIR19,2000-01-04T10:36:00Z,2000-01-04T11:29:00Z,A320,53
LEG_04_39,AIR19,BASE2,2000-01-04T12:10:00Z,2000-01-04T13:18:00Z,A320,68
LEG_04_40,BASE2,AIR20,2000-01-04T19:35:00Z,2000-01-04T21:12:00Z,A320,97
LEG_04_41,AIR20,BASE2,2000-01-04T22:15:00Z,2000-01-04T23:53:00Z,A320,98
LEG_04_42,BASE2,AIR19,2000-01-04T21:20:00Z,2000-01-04T22:25:00Z,A320,65
LEG_04_43,AIR21,BASE2,2000-01-04T10:20:00Z,2000-01-04T11:53:00Z,A320,93
LEG_04_44,BASE2,AIR22,2000-01-04T12:52:00Z,2000-01-04T14:25:00Z,A320,93
LEG_04_45,AIR22,BASE2,2000-01-04T22:05:00Z,2000-01-04T23:44:00Z,A320,99
LEG_04_46,BASE2,AIR21,2000-01-04T01:01:00Z,2000-01-04T02:29:00Z,A320,88
LEG_04_47,AIR16,BASE2,2000-01-04T20:05:00Z,2000-01-04T22:01:00Z,A320,116
LEG_04_48,AIR16,BASE2,2000-01-04T13:10:00Z,2000-01-04T15:05:00Z,A320,115
LEG_04_49,AIR22,BASE2,2000-01-04T15:10:00Z,2000-01-04T16:47:00Z,A320,97
LEG_04_50,BASE2,AIR16,2000-01-04T17:37:00Z,2000-01-04T19:17:00Z,A320,100
LEG_04_51,AIR23,BASE2,2000-01-04T10:10:00Z,2000-01-04T11:55:00Z,A320,105
LEG_04_52,BASE2,AIR24,2000-01-04T12:56:00Z,2000-01-04T13:43:00Z,A320,47
LEG_04_53,BASE2,AIR23,2000-01-04T14:20:00Z,2000-01-04T15:47:00Z,A320,87
LEG_04_54,BASE2,AIR23,2000-01-04T00:50:00Z,2000-01-04T02:18:00Z,A320,88
LEG_04_55,AIR23,BASE2,2000-01-04T16:30:00Z,2000-01-04T18:18:00Z,A320,108
LEG_04_56,BASE2,AIR23,2000-01-04T17:48:00Z,2000-01-04T19:19:00Z,A320,91
LEG_04_57,AIR23,BASE2,2000-01-04T20:05:00Z,2000-01-04T21:50:00Z,A320,105
LEG_04_58,BASE2,AIR11,2000-01-04T10:44:00Z,2000-01-04T11:39:00Z,A320,55
LEG_04_59,BASE2,AIR22,2000-01-04T19:27:00Z,2000-01-04T21:08:00Z,A320,101
LEG_04_60,AIR24,BASE2,2000-01-04T14:30:00Z,2000-01-04T15:12:00Z,A320,42
LEG_04_61,AIR25,BASE2,2000-01-04T11:00:00Z,2000-01-04T11:44:00Z,A320,44
LEG_04_62,AIR19,BASE2,2000-01-04T23:15:00Z,2000-01-05T00:20:00Z,A320,65
LEG_04_63,BASE2,AIR24,2000-01-04T01:20:00Z,2000-01-04T02:02:00Z,A320,42
LEG_05_0,AIR1,BASE1,2000-01-05T19:00:00Z,2000-01-05T20:24:00Z,A320,84
LEG_05_1,AIR1,BASE1,2000-01-05T21:00:00Z,2000-01-05T22:33:00Z,A320,93
LEG_05_2,AIR26,BASE1,2000-01-05T21:40:00Z,2000-01-05T23:00:00Z,A320,80
LEG_05_3,BASE2,AIR1,2000-01-05T12:53:00Z,2000-01-05T14:12:00Z,A320,79
LEG_05_4,AIR1,BASE2,2000-01-05T01:00:00Z,2000-01-05T02:11:00Z,A320,71
LEG_05_5,BASE2,AIR27,2000-01-05T21:21:00Z,2000-01-05T22:04:00Z,A320,43
LEG_05_6,AIR2,BASE2,2000-01-05T11:15:00Z,2000-01-05T13:17:00Z,A320,122
LEG_05_7,BASE2,AIR25,2000-01-05T01:16:00Z,2000-01-05T02:05:00Z,A320,49
LEG_05_8,BASE1,AIR4,2000-01-05T23:57:00Z,2000-01-06T02:31:00Z,A320,154
LEG_05_9,BASE2,AIR18,2000-01-05T21:11:00Z,2000-01-05T22:19:00Z,A320,68
LEG_05_10,AIR24,BASE2,2000-01-05T11:00:00Z,2000-01-05T11:45:00Z,A320,45
LEG_05_11,BASE2,AIR6,2000-01-05T13:08:00Z,2000-01-05T15:26:00Z,A320,138
LEG_05_12,AIR6,BASE2,2000-01-05T16:12:00Z,2000-01-05T18:34:00Z,A320,142
LEG_05_13,AIR8,BASE2,2000-01-05T13:05:00Z,2000-01-05T14:57:00Z,A320,112
LEG_05_14,BASE1,AIR15,2000-01-05T21:46:00Z,2000-01-05T22:47:00Z,A320,61
LEG_05_15,BASE2,BASE1,2000-01-05T16:15:00Z,2000-01-05T18:14:00Z,A320,119
LEG_05_16,BASE2,AIR15,2000-01-05T12:54:00Z,2000-01-05T13:59:00Z,A320,65
LEG_05_17,BASE3,BASE2,2000-01-05T18:08:00Z,2000-01-05T20:02:00Z,A320,114
LEG_05_18,AIR15,BASE3,2000-01-05T15:00:00Z,2000-01-05T16:44:00Z,A320,104
LEG_05_19,BASE3,AIR10,2000-01-05T02:30:00Z,2000-01-05T03:34:00Z,A320,64
LEG_05_20,AIR7,BASE3,2000-01-05T00:10:00Z,2000-01-05T00:56:00Z,A320,46
LEG_05_21,AIR17,BASE1,2000-01-05T13:00:00Z,2000-01-05T15:10:00Z,A320,130
LEG_05_22,BASE2,AIR20,2000-01-05T19:35:00Z,2000-01-05T21:12:00Z,A320,97
LEG_05_23,AIR20,BASE2,2000-01-05T22:15:00Z,2000-01-05T23:53:00Z,A320,98
LEG_05_24,BASE2,AIR10,2000-01-05T23:05:00Z,2000-01-06T00:52:00Z,A320,107
LEG_05_25,AIR10,BASE2,2000-01-05T14:55:00Z,2000-01-05T16:34:00Z,A320,99
LEG_05_26,BASE1,AIR28,2000-01-05T18:11:00Z,2000-01-05T20:15:00Z,A320,124
LEG_05_27,BASE2,AIR21,2000-01-05T14:27:00Z,2000-01-05T15:55:00Z,A320,88
LEG_05_28,AIR21,BASE2,2000-01-05T10:20:00Z,2000-01-05T11:53:00Z,A320,93
LEG_05_29,BASE2,AIR1,2000-01-05T19:00:00Z,2000-01-05T20:17:00Z,A320,77
LEG_05_30,AIR21,BASE2,2000-01-05T16:40:00Z,2000-01-05T18:12:00Z,A320,92
LEG_05_31,AIR22,BASE2,2000-01-05T22:05:00Z,2000-01-05T23:44:00Z,A320,99
LEG_05_32,BASE2,AIR21,2000-01-05T01:01:00Z,2000-01-05T02:29:00Z,A320,88
LEG_05_33,BASE2,AIR16,2000-01-05T13:19:00Z,2000-01-05T15:06:00Z,A320,107
LEG_05_34,AIR16,BASE2,2000-01-05T20:05:00Z,2000-01-05T22:01:00Z,A320,116
LEG_05_35,AIR16,BASE2,2000-01-05T13:10:00Z,2000-01-05T15:05:00Z,A320,115
LEG_05_36,BASE2,AIR16,2000-01-05T17:37:00Z,2000-01-05T19:17:00Z,A320,100
LEG_05_37,AIR16,BASE2,2000-01-05T16:00:00Z,2000-01-05T17:55:00Z,A320,115
LEG_05_38,BASE2,AIR29,2000-01-05T16:22:00Z,2000-01-05T19:00:00Z,A320,158
LEG_05_39,AIR29,BASE2,2000-01-05T21:00:00Z,2000-01-05T23:34:00Z,A320,154
LEG_05_40,BASE2,AIR29,2000-01-05T23:07:00Z,2000-01-06T01:43:00Z,A320,156
LEG_05_41,AIR28,BASE2,2000-01-05T21:00:00Z,2000-01-05T22:10:00Z,A320,70
LEG_05_42,AIR27,BASE2,2000-01-05T23:05:00Z,2000-01-05T23:47:00Z,A320,42
LEG_05_43,BASE1,AIR26,2000-01-05T19:22:00Z,2000-01-05T20:48:00Z,A320,86
LEG_05_44,AIR23,BASE2,2000-01-05T10:10:00Z,2000-01-05T11:55:00Z,A320,105
LEG_05_45,BASE2,AIR23,2000-01-05T14:20:00Z,2000-01-05T15:47:00Z,A320,87
LEG_05_46,BASE2,AIR23,2000-01-05T00:50:00Z,2000-01-05T02:18:00Z,A320,88
LEG_05_47,AIR23,BASE2,2000-01-05T16:30:00Z,2000-01-05T18:18:00Z,A320,108
LEG_05_48,BASE2,AIR23,2000-01-05T17:48:00Z,2000-01-05T19:19:00Z,A320,91
LEG_05_49,AIR23,BASE2,2000-01-05T20:05:00Z,2000-01-05T21:50:00Z,A320,105
LEG_05_50,BASE2,AIR22,2000-01-05T19:27:00Z,2000-01-05T21:08:00Z,A320,101
LEG_05_51,AIR25,BASE2,2000-01-05T11:00:00Z,2000-01-05T11:44:00Z,A320,44
LEG_05_52,BASE2,AIR24,2000-01-05T01:20:00Z,2000-01-05T02:02:00Z,A320,42
LEG_06_0,BASE1,AIR1,2000-01-06T18:00:00Z,2000-01-06T19:15:00Z,A320,75
LEG_06_1,AIR30,BASE2,2000-01-06T12:10:00Z,2000-01-06T13:26:00Z,A320,76
LEG_06_2,BASE2,AIR2,2000-01-06T23:01:00Z,2000-01-07T00:52:00Z,A320,111
LEG_06_3,BASE2,AIR3,2000-01-06T19:12:00Z,2000-01-06T21:11:00Z,A320,119
LEG_06_4,BASE2,AIR25,2000-01-06T01:16:00Z,2000-01-06T02:05:00Z,A320,49
LEG_06_5,AIR3,BASE2,2000-01-06T22:00:00Z,2000-01-07T00:22:00Z,A320,142
LEG_06_6,BASE1,AIR4,2000-01-06T16:17:00Z,2000-01-06T18:47:00Z,A320,150
LEG_06_7,AIR15,BASE2,2000-01-06T12:20:00Z,2000-01-06T13:26:00Z,A320,66
LEG_06_8,BASE2,AIR18,2000-01-06T21:11:00Z,2000-01-06T22:19:00Z,A320,68
LEG_06_9,BASE2,AIR6,2000-01-06T13:08:00Z,2000-01-06T15:26:00Z,A320,138
LEG_06_10,AIR6,BASE2,2000-01-06T16:12:00Z,2000-01-06T18:34:00Z,A320,142
LEG_06_11,AIR4,BASE3,2000-01-06T19:35:00Z,2000-01-06T21:10:00Z,A320,95
LEG_06_12,BASE3,AIR1,2000-01-06T22:20:00Z,2000-01-07T00:05:00Z,A320,105
LEG_06_13,BASE3,AIR7,2000-01-06T22:25:00Z,2000-01-06T23:13:00Z,A320,48
LEG_06_14,AIR1,BASE3,2000-01-06T19:55:00Z,2000-01-06T21:35:00Z,A320,100
LEG_06_15,AIR25,BASE2,2000-01-06T14:40:00Z,2000-01-06T15:24:00Z,A320,44
LEG_06_16,BASE2,AIR8,2000-01-06T22:56:00Z,2000-01-07T00:59:00Z,A320,123
LEG_06_17,BASE2,BASE1,2000-01-06T14:10:00Z,2000-01-06T16:02:00Z,A320,112
LEG_06_18,BASE2,BASE1,2000-01-06T16:21:00Z,2000-01-06T18:20:00Z,A320,119
LEG_06_19,BASE1,AIR13,2000-01-06T19:31:00Z,2000-01-06T20:23:00Z,A320,52
LEG_06_20,AIR14,BASE1,2000-01-06T21:35:00Z,2000-01-06T22:59:00Z,A320,84
LEG_06_21,BASE1,AIR14,2000-01-06T19:27:00Z,2000-01-06T20:53:00Z,A320,86
LEG_06_22,BASE2,AIR15,2000-01-06T12:54:00Z,2000-01-06T13:59:00Z,A320,65
LEG_06_23,BASE1,BASE2,2000-01-06T23:50:00Z,2000-01-07T01:49:00Z,A320,119
LEG_06_24,AIR13,BASE1,2000-01-06T21:25:00Z,2000-01-06T22:26:00Z,A320,61
LEG_06_25,BASE3,BASE2,2000-01-06T18:08:00Z,2000-01-06T20:02:00Z,A320,114
LEG_06_26,BASE2,AIR16,2000-01-06T21:25:00Z,2000-01-06T23:14:00Z,A320,109
LEG_06_27,AIR15,BASE3,2000-01-06T15:00:00Z,2000-01-06T16:44:00Z,A320,104
LEG_06_28,AIR2,BASE2,2000-01-06T10:10:00Z,2000-01-06T12:11:00Z,A320,121
LEG_06_29,BASE1,AIR17,2000-01-06T23:48:00Z,2000-01-07T01:52:00Z,A320,124
LEG_06_30,AIR18,BASE2,2000-01-06T14:05:00Z,2000-01-06T15:17:00Z,A320,72
LEG_06_31,AIR18,BASE2,2000-01-06T23:12:00Z,2000-01-07T00:23:00Z,A320,71
LEG_06_32,BASE2,AIR20,2000-01-06T19:35:00Z,2000-01-06T21:12:00Z,A320,97
LEG_06_33,AIR20,BASE2,2000-01-06T22:15:00Z,2000-01-06T23:53:00Z,A320,98
LEG_06_34,BASE2,AIR2,2000-01-06T01:17:00Z,2000-01-06T02:57:00Z,A320,100
LEG_06_35,AIR10,BASE2,2000-01-06T11:50:00Z,2000-01-06T13:28:00Z,A320,98
LEG_06_36,BASE1,AIR30,2000-01-06T00:20:00Z,2000-01-06T01:30:00Z,A320,70
LEG_06_37,BASE2,AIR22,2000-01-06T12:52:00Z,2000-01-06T14:25:00Z,A320,93
LEG_06_38,AIR22,BASE2,2000-01-06T22:05:00Z,2000-01-06T23:44:00Z,A320,99
LEG_06_39,BASE2,AIR16,2000-01-06T13:19:00Z,2000-01-06T15:06:00Z,A320,107
LEG_06_40,AIR16,BASE2,2000-01-06T20:05:00Z,2000-01-06T22:01:00Z,A320,116
LEG_06_41,AIR22,BASE2,2000-01-06T15:10:00Z,2000-01-06T16:47:00Z,A320,97
LEG_06_42,BASE2,AIR16,2000-01-06T17:37:00Z,2000-01-06T19:17:00Z,A320,100
LEG_06_43,AIR16,BASE2,2000-01-06T16:00:00Z,2000-01-06T17:55:00Z,A320,115
LEG_06_44,AIR22,BASE1,2000-01-06T16:35:00Z,2000-01-06T18:40:00Z,A320,125
LEG_06_45,AIR29,BASE2,2000-01-06T14:00:00Z,2000-01-06T16:34:00Z,A320,154
LEG_06_46,AIR23,BASE2,2000-01-06T10:10:00Z,2000-01-06T11:55:00Z,A320,105
LEG_06_47,BASE2,AIR23,2000-01-06T14:20:00Z,2000-01-06T15:47:00Z,A320,87
LEG_06_48,BASE2,AIR23,2000-01-06T00:50:00Z,2000-01-06T02:18:00Z,A320,88
LEG_06_49,AIR23,BASE2,2000-01-06T16:30:00Z,2000-01-06T18:18:00Z,A320,108
LEG_06_50,BASE2,AIR23,2000-01-06T17:48:00Z,2000-01-06T19:19:00Z,A320,91
LEG_06_51,AIR4,BASE1,2000-01-06T12:45:00Z,2000-01-06T15:05:00Z,A320,140
LEG_06_52,AIR23,BASE2,2000-01-06T20:05:00Z,2000-01-06T21:50:00Z,A320,105
LEG_06_53,BASE2,AIR22,2000-01-06T19:27:00Z,2000-01-06T21:08:00Z,A320,101
LEG_06_54,BASE2,AIR22,2000-01-06T14:13:00Z,2000-01-06T15:53:00Z,A320,100
LEG_07_0,BASE1,AIR1,2000-01-07T18:00:00Z,2000-01-07T19:15:00Z,A320,75
LEG_07_1,AIR1,BASE2,2000-01-07T01:00:00Z,2000-01-07T02:11:00Z,A320,71
LEG_07_2,AIR2,BASE2,2000-01-07T11:15:00Z,2000-01-07T13:17:00Z,A320,122
LEG_07_3,BASE2,AIR2,2000-01-07T23:01:00Z,2000-01-08T00:52:00Z,A320,111
LEG_07_4,BASE2,AIR3,2000-01-07T19:12:00Z,2000-01-07T21:11:00Z,A320,119
LEG_07_5,BASE2,AIR25,2000-01-07T01:16:00Z,2000-01-07T02:05:00Z,A320,49
LEG_07_6,AIR3,BASE2,2000-01-07T22:00:00Z,2000-01-08T00:22:00Z,A320,142
LEG_07_7,BASE1,AIR4,2000-01-07T16:17:00Z,2000-01-07T18:47:00Z,A320,150
LEG_07_8,AIR24,BASE2,2000-01-07T11:00:00Z,2000-01-07T11:45:00Z,A320,45
LEG_07_9,BASE2,AIR6,2000-01-07T13:08:00Z,2000-01-07T15:26:00Z,A320,138
LEG_07_10,AIR6,BASE2,2000-01-07T16:12:00Z,2000-01-07T18:34:00Z,A320,142
LEG_07_11,AIR4,BASE3,2000-01-07T19:35:00Z,2000-01-07T21:10:00Z,A320,95
LEG_07_12,BASE3,AIR1,2000-01-07T22:20:00Z,2000-01-08T00:05:00Z,A320,105
LEG_07_13,BASE3,AIR7,2000-01-07T22:25:00Z,2000-01-07T23:13:00Z,A320,48
LEG_07_14,AIR1,BASE3,2000-01-07T19:55:00Z,2000-01-07T21:35:00Z,A320,100
LEG_07_15,BASE2,AIR8,2000-01-07T22:56:00Z,2000-01-08T00:59:00Z,A320,123
LEG_07_16,BASE1,AIR9,2000-01-07T16:25:00Z,2000-01-07T17:14:00Z,A320,49
LEG_07_17,AIR10,BASE1,2000-01-07T13:45:00Z,2000-01-07T15:23:00Z,A320,98
LEG_07_18,AIR11,BASE2,2000-01-07T12:20:00Z,2000-01-07T13:16:00Z,A320,56
LEG_07_19,BASE2,AIR12,2000-01-07T14:17:00Z,2000-01-07T15:58:00Z,A320,101
LEG_07_20,AIR12,BASE2,2000-01-07T16:45:00Z,2000-01-07T18:28:00Z,A320,103
LEG_07_21,BASE2,BASE1,2000-01-07T14:10:00Z,2000-01-07T16:02:00Z,A320,112
LEG_07_22,BASE2,BASE1,2000-01-07T16:21:00Z,2000-01-07T18:20:00Z,A320,119
LEG_07_23,BASE1,AIR13,2000-01-07T19:31:00Z,2000-01-07T20:23:00Z,A320,52
LEG_07_24,AIR14,BASE1,2000-01-07T21:35:00Z,2000-01-07T22:59:00Z,A320,84
LEG_07_25,AIR9,BASE1,2000-01-07T17:55:00Z,2000-01-07T18:42:00Z,A320,47
LEG_07_26,BASE1,AIR14,2000-01-07T19:27:00Z,2000-01-07T20:53:00Z,A320,86
LEG_07_27,AIR8,BASE2,2000-01-07T10:00:00Z,2000-01-07T11:52:00Z,A320,112
LEG_07_28,BASE2,AIR15,2000-01-07T12:54:00Z,2000-01-07T13:59:00Z,A320,65
LEG_07_29,BASE1,BASE2,2000-01-07T23:50:00Z,2000-01-08T01:49:00Z,A320,119
LEG_07_30,AIR13,BASE1,2000-01-07T21:25:00Z,2000-01-07T22:26:00Z,A320,61
LEG_07_31,BASE3,BASE2,2000-01-07T18:08:00Z,2000-01-07T20:02:00Z,A320,114
LEG_07_32,BASE2,AIR16,2000-01-07T21:25:00Z,2000-01-07T23:14:00Z,A320,109
LEG_07_33,AIR15,BASE3,2000-01-07T15:00:00Z,2000-01-07T16:44:00Z,A320,104
LEG_07_34,BASE3,AIR10,2000-01-07T02:30:00Z,2000-01-07T03:34:00Z,A320,64
LEG_07_35,AIR7,BASE3,2000-01-07T00:10:00Z,2000-01-07T00:56:00Z,A320,46
LEG_07_36,BASE1,AIR17,2000-01-07T23:48:00Z,2000-01-08T01:52:00Z,A320,124
LEG_07_37,AIR17,BASE1,2000-01-07T13:00:00Z,2000-01-07T15:10:00Z,A320,130
LEG_07_38,BASE2,AIR19,2000-01-07T10:36:00Z,2000-01-07T11:29:00Z,A320,53
LEG_07_39,AIR19,BASE2,2000-01-07T12:10:00Z,2000-01-07T13:18:00Z,A320,68
LEG_07_40,BASE2,AIR20,2000-01-07T19:35:00Z,2000-01-07T21:12:00Z,A320,97
LEG_07_41,AIR20,BASE2,2000-01-07T22:15:00Z,2000-01-07T23:53:00Z,A320,98
LEG_07_42,BASE2,AIR19,2000-01-07T21:20:00Z,2000-01-07T22:25:00Z,A320,65
LEG_07_43,AIR21,BASE2,2000-01-07T10:20:00Z,2000-01-07T11:53:00Z,A320,93
LEG_07_44,BASE2,AIR22,2000-01-07T12:52:00Z,2000-01-07T14:25:00Z,A320,93
LEG_07_45,AIR22,BASE2,2000-01-07T22:05:00Z,2000-01-07T23:44:00Z,A320,99
LEG_07_46,BASE2,AIR21,2000-01-07T01:01:00Z,2000-01-07T02:29:00Z,A320,88
LEG_07_47,AIR16,BASE2,2000-01-07T20:05:00Z,2000-01-07T22:01:00Z,A320,116
LEG_07_48,AIR16,BASE2,2000-01-07T13:10:00Z,2000-01-07T15:05:00Z,A320,115
LEG_07_49,AIR22,BASE2,2000-01-07T15:10:00Z,2000-01-07T16:47:00Z,A320,97
LEG_07_50,BASE2,AIR16,2000-01-07T17:37:00Z,2000-01-07T19:17:00Z,A320,100
LEG_07_51,AIR23,BASE2,2000-01-07T10:10:00Z,2000-01-07T11:55:00Z,A320,105
LEG_07_52,BASE2,AIR24,2000-01-07T12:56:00Z,2000-01-07T13:43:00Z,A320,47
LEG_07_53,BASE2,AIR23,2000-01-07T14:20:00Z,2000-01-07T15:47:00Z,A320,87
LEG_07_54,BASE2,AIR23,2000-01-07T00:50:00Z,2000-01-07T02:18:00Z,A320,88
LEG_07_55,AIR23,BASE2,2000-01-07T16:30:00Z,2000-01-07T18:18:00Z,A320,108
LEG_07_56,BASE2,AIR23,2000-01-07T17:48:00Z,2000-01-07T19:19:00Z,A320,91
LEG_07_57,AIR23,BASE2,2000-01-07T20:05:00Z,2000-01-07T21:50:00Z,A320,105
LEG_07_58,BASE2,AIR11,2000-01-07T10:44:00Z,2000-01-07T11:39:00Z,A320,55
LEG_07_59,BASE2,AIR22,2000-01-07T19:27:00Z,2000-01-07T21:08:00Z,A320,101
LEG_07_60,AIR24,BASE2,2000-01-07T14:30:00Z,2000-01-07T15:12:00Z,A320,42
LEG_07_61,AIR25,BASE2,2000-01-07T11:00:00Z,2000-01-07T11:44:00Z,A320,44
LEG_07_62,AIR19,BASE2,2000-01-07T23:15:00Z,2000-01-08T00:20:00Z,A320,65
LEG_07_63,BASE2,AIR24,2000-01-07T01:20:00Z,2000-01-07T02:02:00Z,A320,42
LEG_08_0,BASE1,AIR1,2000-01-08T18:00:00Z,2000-01-08T19:15:00Z,A320,75
LEG_08_1,AIR1,BASE2,2000-01-08T01:00:00Z,2000-01-08T02:11:00Z,A320,71
LEG_08_2,AIR2,BASE2,2000-01-08T11:15:00Z,2000-01-08T13:17:00Z,A320,122
LEG_08_3,BASE2,AIR2,2000-01-08T23:01:00Z,2000-01-09T00:52:00Z,A320,111
LEG_08_4,BASE2,AIR3,2000-01-08T19:12:00Z,2000-01-08T21:11:00Z,A320,119
LEG_08_5,BASE2,AIR25,2000-01-08T01:16:00Z,2000-01-08T02:05:00Z,A320,49
LEG_08_6,AIR3,BASE2,2000-01-08T22:00:00Z,2000-01-09T00:22:00Z,A320,142
LEG_08_7,BASE1,AIR4,2000-01-08T16:17:00Z,2000-01-08T18:47:00Z,A320,150
LEG_08_8,AIR24,BASE2,2000-01-08T11:00:00Z,2000-01-08T11:45:00Z,A320,45
LEG_08_9,BASE2,AIR6,2000-01-08T13:08:00Z,2000-01-08T15:26:00Z,A320,138
LEG_08_10,AIR6,BASE2,2000-01-08T16:12:00Z,2000-01-08T18:34:00Z,A320,142
LEG_08_11,AIR4,BASE3,2000-01-08T19:35:00Z,2000-01-08T21:10:00Z,A320,95
LEG_08_12,BASE3,AIR1,2000-01-08T22:20:00Z,2000-01-09T00:05:00Z,A320,105
LEG_08_13,BASE3,AIR7,2000-01-08T22:25:00Z,2000-01-08T23:13:00Z,A320,48
LEG_08_14,AIR1,BASE3,2000-01-08T19:55:00Z,2000-01-08T21:35:00Z,A320,100
LEG_08_15,BASE2,AIR8,2000-01-08T22:56:00Z,2000-01-09T00:59:00Z,A320,123
LEG_08_16,BASE1,AIR9,2000-01-08T16:25:00Z,2000-01-08T17:14:00Z,A320,49
LEG_08_17,AIR10,BASE1,2000-01-08T13:45:00Z,2000-01-08T15:23:00Z,A320,98
LEG_08_18,AIR11,BASE2,2000-01-08T12:20:00Z,2000-01-08T13:16:00Z,A320,56
LEG_08_19,BASE2,AIR12,2000-01-08T14:17:00Z,2000-01-08T15:58:00Z,A320,101
LEG_08_20,AIR12,BASE2,2000-01-08T16:45:00Z,2000-01-08T18:28:00Z,A320,103
LEG_08_21,BASE2,BASE1,2000-01-08T14:10:00Z,2000-01-08T16:02:00Z,A320,112
LEG_08_22,BASE2,BASE1,2000-01-08T16:21:00Z,2000-01-08T18:20:00Z,A320,119
LEG_08_23,BASE1,AIR13,2000-01-08T19:31:00Z,2000-01-08T20:23:00Z,A320,52
LEG_08_24,AIR14,BASE1,2000-01-08T21:35:00Z,2000-01-08T22:59:00Z,A320,84
LEG_08_25,AIR9,BASE1,2000-01-08T17:55:00Z,2000-01-08T18:42:00Z,A320,47
LEG_08_26,BASE1,AIR14,2000-01-08T19:27:00Z,2000-01-08T20:53:00Z,A320,86
LEG_08_27,BASE2,AIR15,2000-01-08T12:54:00Z,2000-01-08T13:59:00Z,A320,65
LEG_08_28,BASE1,BASE2,2000-01-08T23:50:00Z,2000-01-09T01:49:00Z,A320,119
LEG_08_29,AIR13,BASE1,2000-01-08T21:25:00Z,2000-01-08T22:26:00Z,A320,61
LEG_08_30,BASE3,BASE2,2000-01-08T18:08:00Z,2000-01-08T20:02:00Z,A320,114
LEG_08_31,BASE2,AIR16,2000-01-08T21:25:00Z,2000-01-08T23:14:00Z,A320,109
LEG_08_32,AIR15,BASE3,2000-01-08T15:00:00Z,2000-01-08T16:44:00Z,A320,104
LEG_08_33,BASE3,AIR10,2000-01-08T02:30:00Z,2000-01-08T03:34:00Z,A320,64
LEG_08_34,AIR7,BASE3,2000-01-08T00:10:00Z,2000-01-08T00:56:00Z,A320,46
LEG_08_35,BASE1,AIR17,2000-01-08T23:48:00Z,2000-01-09T01:52:00Z,A320,124
LEG_08_36,AIR17,BASE1,2000-01-08T13:00:00Z,2000-01-08T15:10:00Z,A320,130
LEG_08_37,BASE2,AIR19,2000-01-08T10:36:00Z,2000-01-08T11:29:00Z,A320,53
LEG_08_38,AIR19,BASE2,2000-01-08T12:10:00Z,2000-01-08T13:18:00Z,A320,68
LEG_08_39,BASE2,AIR20,2000-01-08T19:35:00Z,2000-01-08T21:12:00Z,A320,97
LEG_08_40,AIR20,BASE2,2000-01-08T22:15:00Z,2000-01-08T23:53:00Z,A320,98
LEG_08_41,BASE2,AIR19,2000-01-08T21:20:00Z,2000-01-08T22:25:00Z,A320,65
LEG_08_42,AIR21,BASE2,2000-01-08T10:20:00Z,2000-01-08T11:53:00Z,A320,93
LEG_08_43,BASE2,AIR22,2000-01-08T12:52:00Z,2000-01-08T14:25:00Z,A320,93
LEG_08_44,AIR22,BASE2,2000-01-08T22:05:00Z,2000-01-08T23:44:00Z,A320,99
LEG_08_45,BASE2,AIR21,2000-01-08T01:01:00Z,2000-01-08T02:29:00Z,A320,88
LEG_08_46,AIR16,BASE2,2000-01-08T20:05:00Z,2000-01-08T22:01:00Z,A320,116
LEG_08_47,AIR16,BASE2,2000-01-08T13:10:00Z,2000-01-08T15:05:00Z,A320,115
LEG_08_48,AIR22,BASE2,2000-01-08T15:10:00Z,2000-01-08T16:47:00Z,A320,97
LEG_08_49,BASE2,AIR16,2000-01-08T17:37:00Z,2000-01-08T19:17:00Z,A320,100
LEG_08_50,AIR23,BASE2,2000-01-08T10:10:00Z,2000-01-08T11:55:00Z,A320,105
LEG_08_51,BASE2,AIR24,2000-01-08T12:56:00Z,2000-01-08T13:43:00Z,A320,47
LEG_08_52,BASE2,AIR23,2000-01-08T14:20:00Z,2000-01-08T15:47:00Z,A320,87
LEG_08_53,BASE2,AIR23,2000-01-08T00:50:00Z,2000-01-08T02:18:00Z,A320,88
LEG_08_54,AIR23,BASE2,2000-01-08T16:30:00Z,2000-01-08T18:18:00Z,A320,108
LEG_08_55,BASE2,AIR23,2000-01-08T17:48:00Z,2000-01-08T19:19:00Z,A320,91
LEG_08_56,AIR23,BASE2,2000-01-08T20:05:00Z,2000-01-08T21:50:00Z,A320,105
LEG_08_57,BASE2,AIR11,2000-01-08T10:44:00Z,2000-01-08T11:39:00Z,A320,55
LEG_08_58,BASE2,AIR22,2000-01-08T19:27:00Z,2000-01-08T21:08:00Z,A320,101
LEG_08_59,AIR24,BASE2,2000-01-08T14:30:00Z,2000-01-08T15:12:00Z,A320,42
LEG_08_60,AIR25,BASE2,2000-01-08T11:00:00Z,2000-01-08T11:44:00Z,A320,44
LEG_08_61,AIR19,BASE2,2000-01-08T23:15:00Z,2000-01-09T00:20:00Z,A320,65
LEG_08_62,BASE2,AIR24,2000-01-08T01:20:00Z,2000-01-08T02:02:00Z,A320,42
LEG_09_0,BASE1,AIR1,2000-01-09T18:00:00Z,2000-01-09T19:15:00Z,A320,75
LEG_09_1,AIR1,BASE2,2000-01-09T01:00:00Z,2000-01-09T02:11:00Z,A320,71
LEG_09_2,AIR2,BASE2,2000-01-09T11:15:00Z,2000-01-09T13:17:00Z,A320,122
LEG_09_3,BASE2,AIR2,2000-01-09T23:01:00Z,2000-01-10T00:52:00Z,A320,111
LEG_09_4,BASE2,AIR3,2000-01-09T19:12:00Z,2000-01-09T21:11:00Z,A320,119
LEG_09_5,BASE2,AIR25,2000-01-09T01:16:00Z,2000-01-09T02:05:00Z,A320,49
LEG_09_6,AIR3,BASE2,2000-01-09T22:00:00Z,2000-01-10T00:22:00Z,A320,142
LEG_09_7,BASE1,AIR4,2000-01-09T16:17:00Z,2000-01-09T18:47:00Z,A320,150
LEG_09_8,AIR24,BASE2,2000-01-09T11:00:00Z,2000-01-09T11:45:00Z,A320,45
LEG_09_9,BASE2,AIR6,2000-01-09T13:08:00Z,2000-01-09T15:26:00Z,A320,138
LEG_09_10,AIR6,BASE2,2000-01-09T16:12:00Z,2000-01-09T18:34:00Z,A320,142
LEG_09_11,AIR4,BASE3,2000-01-09T19:35:00Z,2000-01-09T21:10:00Z,A320,95
LEG_09_12,BASE3,AIR1,2000-01-09T22:20:00Z,2000-01-10T00:05:00Z,A320,105
LEG_09_13,BASE3,AIR7,2000-01-09T22:25:00Z,2000-01-09T23:13:00Z,A320,48
LEG_09_14,AIR1,BASE3,2000-01-09T19:55:00Z,2000-01-09T21:35:00Z,A320,100
LEG_09_15,BASE2,AIR8,2000-01-09T22:56:00Z,2000-01-10T00:59:00Z,A320,123
LEG_09_16,BASE1,AIR9,2000-01-09T16:25:00Z,2000-01-09T17:14:00Z,A320,49
LEG_09_17,AIR10,BASE1,2000-01-09T13:45:00Z,2000-01-09T15:23:00Z,A320,98
LEG_09_18,AIR11,BASE2,2000-01-09T12:20:00Z,2000-01-09T13:16:00Z,A320,56
LEG_09_19,BASE2,AIR12,2000-01-09T14:17:00Z,2000-01-09T15:58:00Z,A320,101
LEG_09_20,AIR12,BASE2,2000-01-09T16:45:00Z,2000-01-09T18:28:00Z,A320,103
LEG_09_21,BASE2,BASE1,2000-01-09T14:10:00Z,2000-01-09T16:02:00Z,A320,112
LEG_09_22,BASE2,BASE1,2000-01-09T16:21:00Z,2000-01-09T18:20:00Z,A320,119
LEG_09_23,BASE1,AIR13,2000-01-09T19:31:00Z,2000-01-09T20:23:00Z,A320,52
LEG_09_24,AIR14,BASE1,2000-01-09T21:35:00Z,2000-01-09T22:59:00Z,A320,84
LEG_09_25,AIR9,BASE1,2000-01-09T17:55:00Z,2000-01-09T18:42:00Z,A320,47
LEG_09_26,BASE1,AIR14,2000-01-09T19:27:00Z,2000-01-09T20:53:00Z,A320,86
LEG_09_27,AIR8,BASE2,2000-01-09T10:00:00Z,2000-01-09T11:52:00Z,A320,112
LEG_09_28,BASE2,AIR15,2000-01-09T12:54:00Z,2000-01-09T13:59:00Z,A320,65
LEG_09_29,BASE1,BASE2,2000-01-09T23:50:00Z,2000-01-10T01:49:00Z,A320,119
LEG_09_30,AIR13,BASE1,2000-01-09T21:25:00Z,2000-01-09T22:26:00Z,A320,61
LEG_09_31,BASE3,BASE2,2000-01-09T18:08:00Z,2000-01-09T20:02:00Z,A320,114
LEG_09_32,BASE2,AIR16,2000-01-09T21:25:00Z,2000-01-09T23:14:00Z,A320,109
LEG_09_33,AIR15,BASE3,2000-01-09T15:00:00Z,2000-01-09T16:44:00Z,A320,104
LEG_09_34,BASE3,AIR10,2000-01-09T02:30:00Z,2000-01-09T03:34:00Z,A320,64
LEG_09_35,AIR7,BASE3,2000-01-09T00:10:00Z,2000-01-09T00:56:00Z,A320,46
LEG_09_36,BASE1,AIR17,2000-01-09T23:48:00Z,2000-01-10T01:52:00Z,A320,124
LEG_09_37,AIR17,BASE1,2000-01-09T13:00:00Z,2000-01-09T15:10:00Z,A320,130
LEG_09_38,BASE2,AIR19,2000-01-09T10:36:00Z,2000-01-09T11:29:00Z,A320,53
LEG_09_39,AIR19,BASE2,2000-01-09T12:10:00Z,2000-01-09T13:18:00Z,A320,68
LEG_09_40,BASE2,AIR20,2000-01-09T19:35:00Z,2000-01-09T21:12:00Z,A320,97
LEG_09_41,AIR20,BASE2,2000-01-09T22:15:00Z,2000-01-09T23:53:00Z,A320,98
LEG_09_42,BASE2,AIR19,2000-01-09T21:20:00Z,2000-01-09T22:25:00Z,A320,65
LEG_09_43,AIR21,BASE2,2000-01-09T10:20:00Z,2000-01-09T11:53:00Z,A320,93
LEG_09_44,BASE2,AIR22,2000-01-09T12:52:00Z,2000-01-09T14:25:00Z,A320,93
LEG_09_45,AIR22,BASE2,2000-01-09T22:05:00Z,2000-01-09T23:44:00Z,A320,99
LEG_09_46,BASE2,AIR21,2000-01-09T01:01:00Z,2000-01-09T02:29:00Z,A320,88
LEG_09_47,AIR16,BASE2,2000-01-09T20:05:00Z,2000-01-09T22:01:00Z,A320,116
LEG_09_48,AIR16,BASE2,2000-01-09T13:10:00Z,2000-01-09T15:05:00Z,A320,115
LEG_09_49,AIR22,BASE2,2000-01-09T15:10:00Z,2000-01-09T16:47:00Z,A320,97
LEG_09_50,BASE2,AIR16,2000-01-09T17:37:00Z,2000-01-09T19:17:00Z,A320,100
LEG_09_51,AIR23,BASE2,2000-01-09T10:10:00Z,2000-01-09T11:55:00Z,A320,105
LEG_09_52,BASE2,AIR24,2000-01-09T12:56:00Z,2000-01-09T13:43:00Z,A320,47
LEG_09_53,BASE2,AIR23,2000-01-09T14:20:00Z,2000-01-09T15:47:00Z,A320,87
LEG_09_54,BASE2,AIR23,2000-01-09T00:50:00Z,2000-01-09T02:18:00Z,A320,88
LEG_09_55,AIR23,BASE2,2000-01-09T16:30:00Z,2000-01-09T18:18:00Z,A320,108
LEG_09_56,BASE2,AIR23,2000-01-09T17:48:00Z,2000-01-09T19:19:00Z,A320,91
LEG_09_57,AIR23,BASE2,2000-01-09T20:05:00Z,2000-01-09T21:50:00Z,A320,105
LEG_09_58,BASE2,AIR11,2000-01-09T10:44:00Z,2000-01-09T11:39:00Z,A320,55
LEG_09_59,BASE2,AIR22,2000-01-09T19:27:00Z,2000-01-09T21:08:00Z,A320,101
LEG_09_60,AIR24,BASE2,2000-01-09T14:30:00Z,2000-01-09T15:12:00Z,A320,42
LEG_09_61,AIR25,BASE2,2000-01-09T11:00:00Z,2000-01-09T11:44:00Z,A320,44
LEG_09_62,AIR19,BASE2,2000-01-09T23:15:00Z,2000-01-10T00:20:00Z,A320,65
LEG_09_63,BASE2,AIR24,2000-01-09T01:20:00Z,2000-01-09T02:02:00Z,A320,42
LEG_10_0,BASE1,AIR1,2000-01-10T18:00:00Z,2000-01-10T19:15:00Z,A320,75
LEG_10_1,AIR1,BASE2,2000-01-10T01:00:00Z,2000-01-10T02:11:00Z,A320,71
LEG_10_2,AIR2,BASE2,2000-01-10T11:15:00Z,2000-01-10T13:17:00Z,A320,122
LEG_10_3,BASE2,AIR2,2000-01-10T23:01:00Z,2000-01-11T00:52:00Z,A320,111
LEG_10_4,BASE2,AIR3,2000-01-10T19:12:00Z,2000-01-10T21:11:00Z,A320,119
LEG_10_5,BASE2,AIR25,2000-01-10T01:16:00Z,2000-01-10T02:05:00Z,A320,49
LEG_10_6,AIR3,BASE2,2000-01-10T22:00:00Z,2000-01-11T00:22:00Z,A320,142
LEG_10_7,BASE1,AIR4,2000-01-10T16:17:00Z,2000-01-10T18:47:00Z,A320,150
LEG_10_8,AIR24,BASE2,2000-01-10T11:00:00Z,2000-01-10T11:45:00Z,A320,45
LEG_10_9,BASE2,AIR6,2000-01-10T13:08:00Z,2000-01-10T15:26:00Z,A320,138
LEG_10_10,AIR6,BASE2,2000-01-10T16:12:00Z,2000-01-10T18:34:00Z,A320,142
LEG_10_11,AIR4,BASE3,2000-01-10T19:35:00Z,2000-01-10T21:10:00Z,A320,95
LEG_10_12,BASE3,AIR1,2000-01-10T22:20:00Z,2000-01-11T00:05:00Z,A320,105
LEG_10_13,BASE3,AIR7,2000-01-10T22:25:00Z,2000-01-10T23:13:00Z,A320,48
LEG_10_14,AIR1,BASE3,2000-01-10T19:55:00Z,2000-01-10T21:35:00Z,A320,100
LEG_10_15,BASE2,AIR8,2000-01-10T22:56:00Z,2000-01-11T00:59:00Z,A320,123
LEG_10_16,BASE1,AIR9,2000-01-10T16:25:00Z,2000-01-10T17:14:00Z,A320,49
LEG_10_17,AIR10,BASE1,2000-01-10T13:45:00Z,2000-01-10T15:23:00Z,A320,98
LEG_10_18,AIR11,BASE2,2000-01-10T12:20:00Z,2000-01-10T13:16:00Z,A320,56
LEG_10_19,BASE2,AIR12,2000-01-10T14:17:00Z,2000-01-10T15:58:00Z,A320,101
LEG_10_20,AIR12,BASE2,2000-01-10T16:45:00Z,2000-01-10T18:28:00Z,A320,103
LEG_10_21,BASE2,BASE1,2000-01-10T14:10:00Z,2000-01-10T16:02:00Z,A320,112
LEG_10_22,BASE2,BASE1,2000-01-10T16:21:00Z,2000-01-10T18:20:00Z,A320,119
LEG_10_23,BASE1,AIR13,2000-01-10T19:31:00Z,2000-01-10T20:23:00Z,A320,52
LEG_10_24,AIR14,BASE1,2000-01-10T21:35:00Z,2000-01-10T22:59:00Z,A320,84
LEG_10_25,AIR9,BASE1,2000-01-10T17:55:00Z,2000-01-10T18:42:00Z,A320,47
LEG_10_26,BASE1,AIR14,2000-01-10T19:27:00Z,2000-01-10T20:53:00Z,A320,86
LEG_10_27,AIR8,BASE2,2000-01-10T10:00:00Z,2000-01-10T11:52:00Z,A320,112
LEG_10_28,BASE2,AIR15,2000-01-10T12:54:00Z,2000-01-10T13:59:00Z,A320,65
LEG_10_29,BASE1,BASE2,2000-01-10T23:50:00Z,2000-01-11T01:49:00Z,A320,119
LEG_10_30,AIR13,BASE1,2000-01-10T21:25:00Z,2000-01-10T22:26:00Z,A320,61
LEG_10_31,BASE3,BASE2,2000-01-10T18:08:00Z,2000-01-10T20:02:00Z,A320,114
LEG_10_32,BASE2,AIR16,2000-01-10T21:25:00Z,2000-01-10T23:14:00Z,A320,109
LEG_10_33,AIR15,BASE3,2000-01-10T15:00:00Z,2000-01-10T16:44:00Z,A320,104
LEG_10_34,BASE3,AIR10,2000-01-10T02:30:00Z,2000-01-10T03:34:00Z,A320,64
LEG_10_35,AIR7,BASE3,2000-01-10T00:10:00Z,2000-01-10T00:56:00Z,A320,46
LEG_10_36,BASE1,AIR17,2000-01-10T23:48:00Z,2000-01-11T01:52:00Z,A320,124
LEG_10_37,AIR17,BASE1,2000-01-10T13:00:00Z,2000-01-10T15:10:00Z,A320,130
LEG_10_38,BASE2,AIR19,2000-01-10T10:36:00Z,2000-01-10T11:29:00Z,A320,53
LEG_10_39,AIR19,BASE2,2000-01-10T12:10:00Z,2000-01-10T13:18:00Z,A320,68
LEG_10_40,BASE2,AIR20,2000-01-10T19:35:00Z,2000-01-10T21:12:00Z,A320,97
LEG_10_41,AIR20,BASE2,2000-01-10T22:15:00Z,2000-01-10T23:53:00Z,A320,98
LEG_10_42,BASE2,AIR19,2000-01-10T21:20:00Z,2000-01-10T22:25:00Z,A320,65
LEG_10_43,AIR21,BASE2,2000-01-10T10:20:00Z,2000-01-10T11:53:00Z,A320,93
LEG_10_44,BASE2,AIR22,2000-01-10T12:52:00Z,2000-01-10T14:25:00Z,A320,93
LEG_10_45,AIR22,BASE2,2000-01-10T22:05:00Z,2000-01-10T23:44:00Z,A320,99
LEG_10_46,BASE2,AIR21,2000-01-10T01:01:00Z,2000-01-10T02:29:00Z,A320,88
LEG_10_47,AIR16,BASE2,2000-01-10T20:05:00Z,2000-01-10T22:01:00Z,A320,116
LEG_10_48,AIR16,BASE2,2000-01-10T13:10:00Z,2000-01-10T15:05:00Z,A320,115
LEG_10_49,AIR22,BASE2,2000-01-10T15:10:00Z,2000-01-10T16:47:00Z,A320,97
LEG_10_50,BASE2,AIR16,2000-01-10T17:37:00Z,2000-01-10T19:17:00Z,A320,100
LEG_10_51,AIR23,BASE2,2000-01-10T10:10:00Z,2000-01-10T11:55:00Z,A320,105
LEG_10_52,BASE2,AIR24,2000-01-10T12:56:00Z,2000-01-10T13:43:00Z,A320,47
LEG_10_53,BASE2,AIR23,2000-01-10T14:20:00Z,2000-01-10T15:47:00Z,A320,87
LEG_10_54,BASE2,AIR23,2000-01-10T00:50:00Z,2000-01-10T02:18:00Z,A320,88
LEG_10_55,AIR23,BASE2,2000-01-10T16:30:00Z,2000-01-10T18:18:00Z,A320,108
LEG_10_56,BASE2,AIR23,2000-01-10T17:48:00Z,2000-01-10T19:19:00Z,A320,91
LEG_10_57,AIR23,BASE2,2000-01-10T20:05:00Z,2000-01-10T21:50:00Z,A320,105
LEG_10_58,BASE2,AIR11,2000-01-10T10:44:00Z,2000-01-10T11:39:00Z,A320,55
LEG_10_59,BASE2,AIR22,2000-01-10T19:27:00Z,2000-01-10T21:08:00Z,A320,101
LEG_10_60,AIR24,BASE2,2000-01-10T14:30:00Z,2000-01-10T15:12:00Z,A320,42
LEG_10_61,AIR25,BASE2,2000-01-10T11:00:00Z,2000-01-10T11:44:00Z,A320,44
LEG_10_62,AIR19,BASE2,2000-01-10T23:15:00Z,2000-01-11T00:20:00Z,A320,65
LEG_10_63,BASE2,AIR24,2000-01-10T01:20:00Z,2000-01-10T02:02:00Z,A320,42
LEG_11_0,BASE1,AIR1,2000-01-11T18:00:00Z,2000-01-11T19:15:00Z,A320,75
LEG_11_1,AIR1,BASE2,2000-01-11T01:00:00Z,2000-01-11T02:11:00Z,A320,71
LEG_11_2,AIR2,BASE2,2000-01-11T11:15:00Z,2000-01-11T13:17:00Z,A320,122
LEG_11_3,BASE2,AIR2,2000-01-11T23:01:00Z,2000-01-12T00:52:00Z,A320,111
LEG_11_4,BASE2,AIR3,2000-01-11T19:12:00Z,2000-01-11T21:11:00Z,A320,119
LEG_11_5,BASE2,AIR25,2000-01-11T01:16:00Z,2000-01-11T02:05:00Z,A320,49
LEG_11_6,AIR3,BASE2,2000-01-11T22:00:00Z,2000-01-12T00:22:00Z,A320,142
LEG_11_7,BASE1,AIR4,2000-01-11T16:17:00Z,2000-01-11T18:47:00Z,A320,150
LEG_11_8,AIR24,BASE2,2000-01-11T11:00:00Z,2000-01-11T11:45:00Z,A320,45
LEG_11_9,BASE2,AIR6,2000-01-11T13:08:00Z,2000-01-11T15:26:00Z,A320,138
LEG_11_10,AIR6,BASE2,2000-01-11T16:12:00Z,2000-01-11T18:34:00Z,A320,142
LEG_11_11,AIR4,BASE3,2000-01-11T19:35:00Z,2000-01-11T21:10:00Z,A320,95
LEG_11_12,BASE3,AIR1,2000-01-11T22:20:00Z,2000-01-12T00:05:00Z,A320,105
LEG_11_13,BASE3,AIR7,2000-01-11T22:25:00Z,2000-01-11T23:13:00Z,A320,48
LEG_11_14,AIR1,BASE3,2000-01-11T19:55:00Z,2000-01-11T21:35:00Z,A320,100
LEG_11_15,BASE2,AIR8,2000-01-11T22:56:00Z,2000-01-12T00:59:00Z,A320,123
LEG_11_16,BASE1,AIR9,2000-01-11T16:25:00Z,2000-01-11T17:14:00Z,A320,49
LEG_11_17,AIR10,BASE1,2000-01-11T13:45:00Z,2000-01-11T15:23:00Z,A320,98
LEG_11_18,AIR11,BASE2,2000-01-11T12:20:00Z,2000-01-11T13:16:00Z,A320,56
LEG_11_19,BASE2,AIR12,2000-01-11T14:17:00Z,2000-01-11T15:58:00Z,A320,101
LEG_11_20,AIR12,BASE2,2000-01-11T16:45:00Z,2000-01-11T18:28:00Z,A320,103
LEG_11_21,BASE2,BASE1,2000-01-11T14:10:00Z,2000-01-11T16:02:00Z,A320,112
LEG_11_22,BASE2,BASE1,2000-01-11T16:21:00Z,2000-01-11T18:20:00Z,A320,119
LEG_11_23,BASE1,AIR13,2000-01-11T19:31:00Z,2000-01-11T20:23:00Z,A320,52
LEG_11_24,AIR14,BASE1,2000-01-11T21:35:00Z,2000-01-11T22:59:00Z,A320,84
LEG_11_25,AIR9,BASE1,2000-01-11T17:55:00Z,2000-01-11T18:42:00Z,A320,47
LEG_11_26,BASE1,AIR14,2000-01-11T19:27:00Z,2000-01-11T20:53:00Z,A320,86
LEG_11_27,AIR8,BASE2,2000-01-11T10:00:00Z,2000-01-11T11:52:00Z,A320,112
LEG_11_28,BASE2,AIR15,2000-01-11T12:54:00Z,2000-01-11T13:59:00Z,A320,65
LEG_11_29,BASE1,BASE2,2000-01-11T23:50:00Z,2000-01-12T01:49:00Z,A320,119
LEG_11_30,AIR13,BASE1,2000-01-11T21:25:00Z,2000-01-11T22:26:00Z,A320,61
LEG_11_31,BASE3,BASE2,2000-01-11T18:08:00Z,2000-01-11T20:02:00Z,A320,114
LEG_11_32,BASE2,AIR16,2000-01-11T21:25:00Z,2000-01-11T23:14:00Z,A320,109
LEG_11_33,AIR15,BASE3,2000-01-11T15:00:00Z,2000-01-11T16:44:00Z,A320,104
LEG_11_34,BASE3,AIR10,2000-01-11T02:30:00Z,2000-01-11T03:34:00Z,A320,64
LEG_11_35,AIR7,BASE3,2000-01-11T00:10:00Z,2000-01-11T00:56:00Z,A320,46
LEG_11_36,BASE1,AIR17,2000-01-11T23:48:00Z,2000-01-12T01:52:00Z,A320,124
LEG_11_37,AIR17,BASE1,2000-01-11T13:00:00Z,2000-01-11T15:10:00Z,A320,130
LEG_11_38,BASE2,AIR19,2000-01-11T10:36:00Z,2000-01-11T11:29:00Z,A320,53
LEG_11_39,AIR19,BASE2,2000-01-11T12:10:00Z,2000-01-11T13:18:00Z,A320,68
LEG_11_40,BASE2,AIR20,2000-01-11T19:35:00Z,2000-01-11T21:12:00Z,A320,97
LEG_11_41,AIR20,BASE2,2000-01-11T22:15:00Z,2000-01-11T23:53:00Z,A320,98
LEG_11_42,BASE2,AIR19,2000-01-11T21:20:00Z,2000-01-11T22:25:00Z,A320,65
LEG_11_43,AIR21,BASE2,2000-01-11T10:20:00Z,2000-01-11T11:53:00Z,A320,93
LEG_11_44,BASE2,AIR22,2000-01-11T12:52:00Z,2000-01-11T14:25:00Z,A320,93
LEG_11_45,AIR22,BASE2,2000-01-11T22:05:00Z,2000-01-11T23:44:00Z,A320,99
LEG_11_46,BASE2,AIR21,2000-01-11T01:01:00Z,2000-01-11T02:29:00Z,A320,88
LEG_11_47,AIR16,BASE2,2000-01-11T20:05:00Z,2000-01-11T22:01:00Z,A320,116
LEG_11_48,AIR16,BASE2,2000-01-11T13:10:00Z,2000-01-11T15:05:00Z,A320,115
LEG_11_49,AIR22,BASE2,2000-01-11T15:10:00Z,2000-01-11T16:47:00Z,A320,97
LEG_11_50,BASE2,AIR16,2000-01-11T17:37:00Z,2000-01-11T19:17:00Z,A320,100
LEG_11_51,AIR23,BASE2,2000-01-11T10:10:00Z,2000-01-11T11:55:00Z,A320,105
LEG_11_52,BASE2,AIR24,2000-01-11T12:56:00Z,2000-01-11T13:43:00Z,A320,47
LEG_11_53,BASE2,AIR23,2000-01-11T14:20:00Z,2000-01-11T15:47:00Z,A320,87
LEG_11_54,BASE2,AIR23,2000-01-11T00:50:00Z,2000-01-11T02:18:00Z,A320,88
LEG_11_55,AIR23,BASE2,2000-01-11T16:30:00Z,2000-01-11T18:18:00Z,A320,108
LEG_11_56,BASE2,AIR23,2000-01-11T17:48:00Z,2000-01-11T19:19:00Z,A320,91
LEG_11_57,AIR23,BASE2,2000-01-11T20:05:00Z,2000-01-11T21:50:00Z,A320,105
LEG_11_58,BASE2,AIR11,2000-01-11T10:44:00Z,2000-01-11T11:39:00Z,A320,55
LEG_11_59,BASE2,AIR22,2000-01-11T19:27:00Z,2000-01-11T21:08:00Z,A320,101
LEG_11_60,AIR24,BASE2,2000-01-11T14:30:00Z,2000-01-11T15:12:00Z,A320,42
LEG_11_61,AIR25,BASE2,2000-01-11T11:00:00Z,2000-01-11T11:44:00Z,A320,44
LEG_11_62,AIR19,BASE2,2000-01-11T23:15:00Z,2000-01-12T00:20:00Z,A320,65
LEG_11_63,BASE2,AIR24,2000-01-11T01:20:00Z,2000-01-11T02:02:00Z,A320,42
LEG_12_0,AIR1,BASE1,2000-01-12T19:00:00Z,2000-01-12T20:24:00Z,A320,84
LEG_12_1,AIR1,BASE1,2000-01-12T21:00:00Z,2000-01-12T22:33:00Z,A320,93
LEG_12_2,AIR26,BASE1,2000-01-12T21:40:00Z,2000-01-12T23:00:00Z,A320,80
LEG_12_3,BASE2,AIR1,2000-01-12T12:53:00Z,2000-01-12T14:12:00Z,A320,79
LEG_12_4,AIR1,BASE2,2000-01-12T01:00:00Z,2000-01-12T02:11:00Z,A320,71
LEG_12_5,BASE2,AIR31,2000-01-12T19:24:00Z,2000-01-12T20:15:00Z,A320,51
LEG_12_6,BASE2,AIR27,2000-01-12T21:21:00Z,2000-01-12T22:04:00Z,A320,43
LEG_12_7,AIR2,BASE2,2000-01-12T11:15:00Z,2000-01-12T13:17:00Z,A320,122
LEG_12_8,BASE2,AIR25,2000-01-12T01:16:00Z,2000-01-12T02:05:00Z,A320,49
LEG_12_9,BASE1,AIR4,2000-01-12T23:57:00Z,2000-01-13T02:31:00Z,A320,154
LEG_12_10,BASE2,AIR18,2000-01-12T21:11:00Z,2000-01-12T22:19:00Z,A320,68
LEG_12_11,AIR24,BASE2,2000-01-12T11:00:00Z,2000-01-12T11:45:00Z,A320,45
LEG_12_12,BASE2,AIR6,2000-01-12T13:08:00Z,2000-01-12T15:26:00Z,A320,138
LEG_12_13,AIR6,BASE2,2000-01-12T16:12:00Z,2000-01-12T18:34:00Z,A320,142
LEG_12_14,AIR8,BASE2,2000-01-12T13:05:00Z,2000-01-12T14:57:00Z,A320,112
LEG_12_15,BASE1,AIR15,2000-01-12T21:46:00Z,2000-01-12T22:47:00Z,A320,61
LEG_12_16,BASE2,BASE1,2000-01-12T16:15:00Z,2000-01-12T18:14:00Z,A320,119
LEG_12_17,BASE2,AIR15,2000-01-12T12:54:00Z,2000-01-12T13:59:00Z,A320,65
LEG_12_18,BASE3,BASE2,2000-01-12T18:08:00Z,2000-01-12T20:02:00Z,A320,114
LEG_12_19,AIR15,BASE3,2000-01-12T15:00:00Z,2000-01-12T16:44:00Z,A320,104
LEG_12_20,BASE3,AIR10,2000-01-12T02:30:00Z,2000-01-12T03:34:00Z,A320,64
LEG_12_21,AIR7,BASE3,2000-01-12T00:10:00Z,2000-01-12T00:56:00Z,A320,46
LEG_12_22,BASE2,AIR11,2000-01-12T15:57:00Z,2000-01-12T16:55:00Z,A320,58
LEG_12_23,AIR17,BASE1,2000-01-12T13:00:00Z,2000-01-12T15:10:00Z,A320,130
LEG_12_24,BASE2,AIR20,2000-01-12T19:35:00Z,2000-01-12T21:12:00Z,A320,97
LEG_12_25,BASE2,AIR20,2000-01-12T10:51:00Z,2000-01-12T12:27:00Z,A320,96
LEG_12_26,AIR20,BASE2,2000-01-12T22:15:00Z,2000-01-12T23:53:00Z,A320,98
LEG_12_27,BASE2,AIR10,2000-01-12T23:05:00Z,2000-01-13T00:52:00Z,A320,107
LEG_12_28,AIR10,BASE2,2000-01-12T14:55:00Z,2000-01-12T16:34:00Z,A320,99
LEG_12_29,AIR31,BASE2,2000-01-12T21:00:00Z,2000-01-12T21:51:00Z,A320,51
LEG_12_30,AIR11,BASE2,2000-01-12T17:35:00Z,2000-01-12T18:32:00Z,A320,57
LEG_12_31,AIR20,BASE2,2000-01-12T13:25:00Z,2000-01-12T15:00:00Z,A320,95
LEG_12_32,BASE1,AIR28,2000-01-12T18:11:00Z,2000-01-12T20:15:00Z,A320,124
LEG_12_33,AIR21,BASE2,2000-01-12T10:20:00Z,2000-01-12T11:53:00Z,A320,93
LEG_12_34,BASE2,AIR1,2000-01-12T19:00:00Z,2000-01-12T20:17:00Z,A320,77
LEG_12_35,BASE2,AIR21,2000-01-12T01:01:00Z,2000-01-12T02:29:00Z,A320,88
LEG_12_36,BASE2,AIR16,2000-01-12T13:19:00Z,2000-01-12T15:06:00Z,A320,107
LEG_12_37,AIR16,BASE2,2000-01-12T20:05:00Z,2000-01-12T22:01:00Z,A320,116
LEG_12_38,AIR16,BASE2,2000-01-12T13:10:00Z,2000-01-12T15:05:00Z,A320,115
LEG_12_39,BASE2,AIR16,2000-01-12T17:37:00Z,2000-01-12T19:17:00Z,A320,100
LEG_12_40,AIR16,BASE2,2000-01-12T16:00:00Z,2000-01-12T17:55:00Z,A320,115
LEG_12_41,BASE2,AIR29,2000-01-12T16:22:00Z,2000-01-12T19:00:00Z,A320,158
LEG_12_42,AIR29,BASE2,2000-01-12T21:00:00Z,2000-01-12T23:34:00Z,A320,154
LEG_12_43,BASE2,AIR29,2000-01-12T23:07:00Z,2000-01-13T01:43:00Z,A320,156
LEG_12_44,AIR28,BASE2,2000-01-12T21:00:00Z,2000-01-12T22:10:00Z,A320,70
LEG_12_45,AIR27,BASE2,2000-01-12T23:05:00Z,2000-01-12T23:47:00Z,A320,42
LEG_12_46,BASE1,AIR26,2000-01-12T19:22:00Z,2000-01-12T20:48:00Z,A320,86
LEG_12_47,AIR23,BASE2,2000-01-12T10:10:00Z,2000-01-12T11:55:00Z,A320,105
LEG_12_48,BASE2,AIR23,2000-01-12T14:20:00Z,2000-01-12T15:47:00Z,A320,87
LEG_12_49,BASE2,AIR23,2000-01-12T00:50:00Z,2000-01-12T02:18:00Z,A320,88
LEG_12_50,AIR23,BASE2,2000-01-12T16:30:00Z,2000-01-12T18:18:00Z,A320,108
LEG_12_51,BASE2,AIR23,2000-01-12T17:48:00Z,2000-01-12T19:19:00Z,A320,91
LEG_12_52,AIR23,BASE2,2000-01-12T20:05:00Z,2000-01-12T21:50:00Z,A320,105
LEG_12_53,AIR25,BASE2,2000-01-12T11:00:00Z,2000-01-12T11:44:00Z,A320,44
LEG_12_54,BASE2,AIR24,2000-01-12T01:20:00Z,2000-01-12T02:02:00Z,A320,42
LEG_13_0,BASE1,AIR1,2000-01-13T18:00:00Z,2000-01-13T19:15:00Z,A320,75
LEG_13_1,AIR30,BASE2,2000-01-13T12:10:00Z,2000-01-13T13:26:00Z,A320,76
LEG_13_2,BASE2,AIR2,2000-01-13T23:01:00Z,2000-01-14T00:52:00Z,A320,111
LEG_13_3,BASE2,AIR3,2000-01-13T19:12:00Z,2000-01-13T21:11:00Z,A320,119
LEG_13_4,BASE2,AIR25,2000-01-13T01:16:00Z,2000-01-13T02:05:00Z,A320,49
LEG_13_5,AIR3,BASE2,2000-01-13T22:00:00Z,2000-01-14T00:22:00Z,A320,142
LEG_13_6,BASE1,AIR4,2000-01-13T16:17:00Z,2000-01-13T18:47:00Z,A320,150
LEG_13_7,AIR15,BASE2,2000-01-13T12:20:00Z,2000-01-13T13:26:00Z,A320,66
LEG_13_8,BASE2,AIR18,2000-01-13T21:11:00Z,2000-01-13T22:19:00Z,A320,68
LEG_13_9,BASE2,AIR6,2000-01-13T13:08:00Z,2000-01-13T15:26:00Z,A320,138
LEG_13_10,AIR6,BASE2,2000-01-13T16:12:00Z,2000-01-13T18:34:00Z,A320,142
LEG_13_11,AIR4,BASE3,2000-01-13T19:35:00Z,2000-01-13T21:10:00Z,A320,95
LEG_13_12,BASE3,AIR1,2000-01-13T22:20:00Z,2000-01-14T00:05:00Z,A320,105
LEG_13_13,BASE3,AIR7,2000-01-13T22:25:00Z,2000-01-13T23:13:00Z,A320,48
LEG_13_14,AIR1,BASE3,2000-01-13T19:55:00Z,2000-01-13T21:35:00Z,A320,100
LEG_13_15,AIR25,BASE2,2000-01-13T14:40:00Z,2000-01-13T15:24:00Z,A320,44
LEG_13_16,BASE2,AIR8,2000-01-13T22:56:00Z,2000-01-14T00:59:00Z,A320,123
LEG_13_17,BASE2,BASE1,2000-01-13T14:10:00Z,2000-01-13T16:02:00Z,A320,112
LEG_13_18,BASE2,BASE1,2000-01-13T16:21:00Z,2000-01-13T18:20:00Z,A320,119
LEG_13_19,BASE1,AIR13,2000-01-13T19:31:00Z,2000-01-13T20:23:00Z,A320,52
LEG_13_20,AIR14,BASE1,2000-01-13T21:35:00Z,2000-01-13T22:59:00Z,A320,84
LEG_13_21,BASE1,AIR14,2000-01-13T19:27:00Z,2000-01-13T20:53:00Z,A320,86
LEG_13_22,BASE2,AIR15,2000-01-13T12:54:00Z,2000-01-13T13:59:00Z,A320,65
LEG_13_23,BASE1,BASE2,2000-01-13T23:50:00Z,2000-01-14T01:49:00Z,A320,119
LEG_13_24,AIR13,BASE1,2000-01-13T21:25:00Z,2000-01-13T22:26:00Z,A320,61
LEG_13_25,BASE3,BASE2,2000-01-13T18:08:00Z,2000-01-13T20:02:00Z,A320,114
LEG_13_26,BASE2,AIR16,2000-01-13T21:25:00Z,2000-01-13T23:14:00Z,A320,109
LEG_13_27,AIR15,BASE3,2000-01-13T15:00:00Z,2000-01-13T16:44:00Z,A320,104
LEG_13_28,AIR2,BASE2,2000-01-13T10:10:00Z,2000-01-13T12:11:00Z,A320,121
LEG_13_29,BASE1,AIR17,2000-01-13T23:48:00Z,2000-01-14T01:52:00Z,A320,124
LEG_13_30,AIR18,BASE2,2000-01-13T14:05:00Z,2000-01-13T15:17:00Z,A320,72
LEG_13_31,AIR18,BASE2,2000-01-13T23:12:00Z,2000-01-14T00:23:00Z,A320,71
LEG_13_32,BASE2,AIR20,2000-01-13T19:35:00Z,2000-01-13T21:12:00Z,A320,97
LEG_13_33,AIR20,BASE2,2000-01-13T22:15:00Z,2000-01-13T23:53:00Z,A320,98
LEG_13_34,BASE2,AIR2,2000-01-13T01:17:00Z,2000-01-13T02:57:00Z,A320,100
LEG_13_35,AIR10,BASE2,2000-01-13T11:50:00Z,2000-01-13T13:28:00Z,A320,98
LEG_13_36,BASE1,AIR30,2000-01-13T00:20:00Z,2000-01-13T01:30:00Z,A320,70
LEG_13_37,BASE2,AIR22,2000-01-13T12:52:00Z,2000-01-13T14:25:00Z,A320,93
LEG_13_38,AIR22,BASE2,2000-01-13T22:05:00Z,2000-01-13T23:44:00Z,A320,99
LEG_13_39,BASE2,AIR16,2000-01-13T13:19:00Z,2000-01-13T15:06:00Z,A320,107
LEG_13_40,AIR16,BASE2,2000-01-13T20:05:00Z,2000-01-13T22:01:00Z,A320,116
LEG_13_41,AIR22,BASE2,2000-01-13T15:10:00Z,2000-01-13T16:47:00Z,A320,97
LEG_13_42,BASE2,AIR16,2000-01-13T17:37:00Z,2000-01-13T19:17:00Z,A320,100
LEG_13_43,AIR16,BASE2,2000-01-13T16:00:00Z,2000-01-13T17:55:00Z,A320,115
LEG_13_44,AIR22,BASE1,2000-01-13T16:35:00Z,2000-01-13T18:40:00Z,A320,125
LEG_13_45,AIR29,BASE2,2000-01-13T14:00:00Z,2000-01-13T16:34:00Z,A320,154
LEG_13_46,AIR23,BASE2,2000-01-13T10:10:00Z,2000-01-13T11:55:00Z,A320,105
LEG_13_47,BASE2,AIR23,2000-01-13T14:20:00Z,2000-01-13T15:47:00Z,A320,87
LEG_13_48,BASE2,AIR23,2000-01-13T00:50:00Z,2000-01-13T02:18:00Z,A320,88
LEG_13_49,AIR23,BASE2,2000-01-13T16:30:00Z,2000-01-13T18:18:00Z,A320,108
LEG_13_50,BASE2,AIR23,2000-01-13T17:48:00Z,2000-01-13T19:19:00Z,A320,91
LEG_13_51,AIR4,BASE1,2000-01-13T12:45:00Z,2000-01-13T15:05:00Z,A320,140
LEG_13_52,AIR23,BASE2,2000-01-13T20:05:00Z,2000-01-13T21:50:00Z,A320,105
LEG_13_53,BASE2,AIR22,2000-01-13T19:27:00Z,2000-01-13T21:08:00Z,A320,101
LEG_13_54,BASE2,AIR22,2000-01-13T14:13:00Z,2000-01-13T15:53:00Z,A320,100
LEG_14_0,BASE1,AIR1,2000-01-14T18:00:00Z,2000-01-14T19:15:00Z,A320,75
LEG_14_1,AIR1,BASE2,2000-01-14T01:00:00Z,2000-01-14T02:11:00Z,A320,71
LEG_14_2,AIR2,BASE2,2000-01-14T11:15:00Z,2000-01-14T13:17:00Z,A320,122
LEG_14_3,BASE2,AIR2,2000-01-14T23:01:00Z,2000-01-15T00:52:00Z,A320,111
LEG_14_4,BASE2,AIR3,2000-01-14T19:12:00Z,2000-01-14T21:11:00Z,A320,119
LEG_14_5,BASE2,AIR25,2000-01-14T01:16:00Z,2000-01-14T02:05:00Z,A320,49
LEG_14_6,AIR3,BASE2,2000-01-14T22:00:00Z,2000-01-15T00:22:00Z,A320,142
LEG_14_7,BASE1,AIR4,2000-01-14T16:17:00Z,2000-01-14T18:47:00Z,A320,150
LEG_14_8,AIR24,BASE2,2000-01-14T11:00:00Z,2000-01-14T11:45:00Z,A320,45
LEG_14_9,BASE2,AIR6,2000-01-14T13:08:00Z,2000-01-14T15:26:00Z,A320,138
LEG_14_10,AIR6,BASE2,2000-01-14T16:12:00Z,2000-01-14T18:34:00Z,A320,142
LEG_14_11,AIR4,BASE3,2000-01-14T19:35:00Z,2000-01-14T21:10:00Z,A320,95
LEG_14_12,BASE3,AIR1,2000-01-14T22:20:00Z,2000-01-15T00:05:00Z,A320,105
LEG_14_13,BASE3,AIR7,2000-01-14T22:25:00Z,2000-01-14T23:13:00Z,A320,48
LEG_14_14,AIR1,BASE3,2000-01-14T19:55:00Z,2000-01-14T21:35:00Z,A320,100
LEG_14_15,BASE2,AIR8,2000-01-14T22:56:00Z,2000-01-15T00:59:00Z,A320,123
LEG_14_16,BASE1,AIR9,2000-01-14T16:25:00Z,2000-01-14T17:14:00Z,A320,49
LEG_14_17,AIR10,BASE1,2000-01-14T13:45:00Z,2000-01-14T15:23:00Z,A320,98
LEG_14_18,AIR11,BASE2,2000-01-14T12:20:00Z,2000-01-14T13:16:00Z,A320,56
LEG_14_19,BASE2,AIR12,2000-01-14T14:17:00Z,2000-01-14T15:58:00Z,A320,101
LEG_14_20,AIR12,BASE2,2000-01-14T16:45:00Z,2000-01-14T18:28:00Z,A320,103
LEG_14_21,BASE2,BASE1,2000-01-14T14:10:00Z,2000-01-14T16:02:00Z,A320,112
LEG_14_22,BASE2,BASE1,2000-01-14T16:21:00Z,2000-01-14T18:20:00Z,A320,119
LEG_14_23,BASE1,AIR13,2000-01-14T19:31:00Z,2000-01-14T20:23:00Z,A320,52
LEG_14_24,AIR14,BASE1,2000-01-14T21:35:00Z,2000-01-14T22:59:00Z,A320,84
LEG_14_25,AIR9,BASE1,2000-01-14T17:55:00Z,2000-01-14T18:42:00Z,A320,47
LEG_14_26,BASE1,AIR14,2000-01-14T19:27:00Z,2000-01-14T20:53:00Z,A320,86
LEG_14_27,AIR8,BASE2,2000-01-14T10:00:00Z,2000-01-14T11:52:00Z,A320,112
LEG_14_28,BASE2,AIR15,2000-01-14T12:54:00Z,2000-01-14T13:59:00Z,A320,65
LEG_14_29,BASE1,BASE2,2000-01-14T23:50:00Z,2000-01-15T01:49:00Z,A320,119
LEG_14_30,AIR13,BASE1,2000-01-14T21:25:00Z,2000-01-14T22:26:00Z,A320,61
LEG_14_31,BASE3,BASE2,2000-01-14T18:08:00Z,2000-01-14T20:02:00Z,A320,114
LEG_14_32,BASE2,AIR16,2000-01-14T21:25:00Z,2000-01-14T23:14:00Z,A320,109
LEG_14_33,AIR15,BASE3,2000-01-14T15:00:00Z,2000-01-14T16:44:00Z,A320,104
LEG_14_34,BASE3,AIR10,2000-01-14T02:30:00Z,2000-01-14T03:34:00Z,A320,64
LEG_14_35,AIR7,BASE3,2000-01-14T00:10:00Z,2000-01-14T00:56:00Z,A320,46
LEG_14_36,BASE1,AIR17,2000-01-14T23:48:00Z,2000-01-15T01:52:00Z,A320,124
LEG_14_37,AIR17,BASE1,2000-01-14T13:00:00Z,2000-01-14T15:10:00Z,A320,130
LEG_14_38,BASE2,AIR19,2000-01-14T10:36:00Z,2000-01-14T11:29:00Z,A320,53
LEG_14_39,AIR19,BASE2,2000-01-14T12:10:00Z,2000-01-14T13:18:00Z,A320,68
LEG_14_40,BASE2,AIR20,2000-01-14T19:35:00Z,2000-01-14T21:12:00Z,A320,97
LEG_14_41,AIR20,BASE2,2000-01-14T22:15:00Z,2000-01-14T23:53:00Z,A320,98
LEG_14_42,BASE2,AIR19,2000-01-14T21:20:00Z,2000-01-14T22:25:00Z,A320,65
LEG_14_43,AIR21,BASE2,2000-01-14T10:20:00Z,2000-01-14T11:53:00Z,A320,93
LEG_14_44,BASE2,AIR22,2000-01-14T12:52:00Z,2000-01-14T14:25:00Z,A320,93
LEG_14_45,AIR22,BASE2,2000-01-14T22:05:00Z,2000-01-14T23:44:00Z,A320,99
LEG_14_46,BASE2,AIR21,2000-01-14T01:01:00Z,2000-01-14T02:29:00Z,A320,88
LEG_14_47,AIR16,BASE2,2000-01-14T20:05:00Z,2000-01-14T22:01:00Z,A320,116
LEG_14_48,AIR16,BASE2,2000-01-14T13:10:00Z,2000-01-14T15:05:00Z,A320,115
LEG_14_49,AIR22,BASE2,2000-01-14T15:10:00Z,2000-01-14T16:47:00Z,A320,97
LEG_14_50,BASE2,AIR16,2000-01-14T17:37:00Z,2000-01-14T19:17:00Z,A320,100
LEG_14_51,AIR23,BASE2,2000-01-14T10:10:00Z,2000-01-14T11:55:00Z,A320,105
LEG_14_52,BASE2,AIR24,2000-01-14T12:56:00Z,2000-01-14T13:43:00Z,A320,47
LEG_14_53,BASE2,AIR23,2000-01-14T14:20:00Z,2000-01-14T15:47:00Z,A320,87
LEG_14_54,BASE2,AIR23,2000-01-14T00:50:00Z,2000-01-14T02:18:00Z,A320,88
LEG_14_55,AIR23,BASE2,2000-01-14T16:30:00Z,2000-01-14T18:18:00Z,A320,108
LEG_14_56,BASE2,AIR23,2000-01-14T17:48:00Z,2000-01-14T19:19:00Z,A320,91
LEG_14_57,AIR23,BASE2,2000-01-14T20:05:00Z,2000-01-14T21:50:00Z,A320,105
LEG_14_58,BASE2,AIR11,2000-01-14T10:44:00Z,2000-01-14T11:39:00Z,A320,55
LEG_14_59,BASE2,AIR22,2000-01-14T19:27:00Z,2000-01-14T21:08:00Z,A320,101
LEG_14_60,AIR24,BASE2,2000-01-14T14:30:00Z,2000-01-14T15:12:00Z,A320,42
LEG_14_61,AIR25,BASE2,2000-01-14T11:00:00Z,2000-01-14T11:44:00Z,A320,44
LEG_14_62,AIR19,BASE2,2000-01-14T23:15:00Z,2000-01-15T00:20:00Z,A320,65
LEG_14_63,BASE2,AIR24,2000-01-14T01:20:00Z,2000-01-14T02:02:00Z,A320,42
LEG_15_0,BASE1,AIR1,2000-01-15T18:00:00Z,2000-01-15T19:15:00Z,A320,75
LEG_15_1,AIR1,BASE2,2000-01-15T01:00:00Z,2000-01-15T02:11:00Z,A320,71
LEG_15_2,AIR2,BASE2,2000-01-15T11:15:00Z,2000-01-15T13:17:00Z,A320,122
LEG_15_3,BASE2,AIR2,2000-01-15T23:01:00Z,2000-01-16T00:52:00Z,A320,111
LEG_15_4,BASE2,AIR3,2000-01-15T19:12:00Z,2000-01-15T21:11:00Z,A320,119
LEG_15_5,BASE2,AIR25,2000-01-15T01:16:00Z,2000-01-15T02:05:00Z,A320,49
LEG_15_6,AIR3,BASE2,2000-01-15T22:00:00Z,2000-01-16T00:22:00Z,A320,142
LEG_15_7,BASE1,AIR4,2000-01-15T16:17:00Z,2000-01-15T18:47:00Z,A320,150
LEG_15_8,AIR24,BASE2,2000-01-15T11:00:00Z,2000-01-15T11:45:00Z,A320,45
LEG_15_9,BASE2,AIR6,2000-01-15T13:08:00Z,2000-01-15T15:26:00Z,A320,138
LEG_15_10,AIR6,BASE2,2000-01-15T16:12:00Z,2000-01-15T18:34:00Z,A320,142
LEG_15_11,AIR4,BASE3,2000-01-15T19:35:00Z,2000-01-15T21:10:00Z,A320,95
LEG_15_12,BASE3,AIR1,2000-01-15T22:20:00Z,2000-01-16T00:05:00Z,A320,105
LEG_15_13,BASE3,AIR7,2000-01-15T22:25:00Z,2000-01-15T23:13:00Z,A320,48
LEG_15_14,AIR1,BASE3,2000-01-15T19:55:00Z,2000-01-15T21:35:00Z,A320,100
LEG_15_15,BASE2,AIR8,2000-01-15T22:56:00Z,2000-01-16T00:59:00Z,A320,123
LEG_15_16,BASE1,AIR9,2000-01-15T16:25:00Z,2000-01-15T17:14:00Z,A320,49
LEG_15_17,AIR10,BASE1,2000-01-15T13:45:00Z,2000-01-15T15:23:00Z,A320,98
LEG_15_18,AIR11,BASE2,2000-01-15T12:20:00Z,2000-01-15T13:16:00Z,A320,56
LEG_15_19,BASE2,AIR12,2000-01-15T14:17:00Z,2000-01-15T15:58:00Z,A320,101
LEG_15_20,AIR12,BASE2,2000-01-15T16:45:00Z,2000-01-15T18:28:00Z,A320,103
LEG_15_21,BASE2,BASE1,2000-01-15T14:10:00Z,2000-01-15T16:02:00Z,A320,112
LEG_15_22,BASE2,BASE1,2000-01-15T16:21:00Z,2000-01-15T18:20:00Z,A320,119
LEG_15_23,BASE1,AIR13,2000-01-15T19:31:00Z,2000-01-15T20:23:00Z,A320,52
LEG_15_24,AIR14,BASE1,2000-01-15T21:35:00Z,2000-01-15T22:59:00Z,A320,84
LEG_15_25,AIR9,BASE1,2000-01-15T17:55:00Z,2000-01-15T18:42:00Z,A320,47
LEG_15_26,BASE1,AIR14,2000-01-15T19:27:00Z,2000-01-15T20:53:00Z,A320,86
LEG_15_27,BASE2,AIR15,2000-01-15T12:54:00Z,2000-01-15T13:59:00Z,A320,65
LEG_15_28,BASE1,BASE2,2000-01-15T23:50:00Z,2000-01-16T01:49:00Z,A320,119
LEG_15_29,AIR13,BASE1,2000-01-15T21:25:00Z,2000-01-15T22:26:00Z,A320,61
LEG_15_30,BASE3,BASE2,2000-01-15T18:08:00Z,2000-01-15T20:02:00Z,A320,114
LEG_15_31,BASE2,AIR16,2000-01-15T21:25:00Z,2000-01-15T23:14:00Z,A320,109
LEG_15_32,AIR15,BASE3,2000-01-15T15:00:00Z,2000-01-15T16:44:00Z,A320,104
LEG_15_33,BASE3,AIR10,2000-01-15T02:30:00Z,2000-01-15T03:34:00Z,A320,64
LEG_15_34,AIR7,BASE3,2000-01-15T00:10:00Z,2000-01-15T00:56:00Z,A320,46
LEG_15_35,BASE1,AIR17,2000-01-15T23:48:00Z,2000-01-16T01:52:00Z,A320,124
LEG_15_36,AIR17,BASE1,2000-01-15T13:00:00Z,2000-01-15T15:10:00Z,A320,130
LEG_15_37,BASE2,AIR19,2000-01-15T10:36:00Z,2000-01-15T11:29:00Z,A320,53
LEG_15_38,AIR19,BASE2,2000-01-15T12:10:00Z,2000-01-15T13:18:00Z,A320,68
LEG_15_39,BASE2,AIR20,2000-01-15T19:35:00Z,2000-01-15T21:12:00Z,A320,97
LEG_15_40,AIR20,BASE2,2000-01-15T22:15:00Z,2000-01-15T23:53:00Z,A320,98
LEG_15_41,BASE2,AIR19,2000-01-15T21:20:00Z,2000-01-15T22:25:00Z,A320,65
LEG_15_42,AIR21,BASE2,2000-01-15T10:20:00Z,2000-01-15T11:53:00Z,A320,93
LEG_15_43,BASE2,AIR22,2000-01-15T12:52:00Z,2000-01-15T14:25:00Z,A320,93
LEG_15_44,AIR22,BASE2,2000-01-15T22:05:00Z,2000-01-15T23:44:00Z,A320,99
LEG_15_45,BASE2,AIR21,2000-01-15T01:01:00Z,2000-01-15T02:29:00Z,A320,88
LEG_15_46,AIR16,BASE2,2000-01-15T20:05:00Z,2000-01-15T22:01:00Z,A320,116
LEG_15_47,AIR16,BASE2,2000-01-15T13:10:00Z,2000-01-15T15:05:00Z,A320,115
LEG_15_48,AIR22,BASE2,2000-01-15T15:10:00Z,2000-01-15T16:47:00Z,A320,97
LEG_15_49,BASE2,AIR16,2000-01-15T17:37:00Z,2000-01-15T19:17:00Z,A320,100
LEG_15_50,AIR23,BASE2,2000-01-15T10:10:00Z,2000-01-15T11:55:00Z,A320,105
LEG_15_51,BASE2,AIR24,2000-01-15T12:56:00Z,2000-01-15T13:43:00Z,A320,47
LEG_15_52,BASE2,AIR23,2000-01-15T14:20:00Z,2000-01-15T15:47:00Z,A320,87
LEG_15_53,BASE2,AIR23,2000-01-15T00:50:00Z,2000-01-15T02:18:00Z,A320,88
LEG_15_54,AIR23,BASE2,2000-01-15T16:30:00Z,2000-01-15T18:18:00Z,A320,108
LEG_15_55,BASE2,AIR23,2000-01-15T17:48:00Z,2000-01-15T19:19:00Z,A320,91
LEG_15_56,AIR23,BASE2,2000-01-15T20:05:00Z,2000-01-15T21:50:00Z,A320,105
LEG_15_57,BASE2,AIR11,2000-01-15T10:44:00Z,2000-01-15T11:39:00Z,A320,55
LEG_15_58,BASE2,AIR22,2000-01-15T19:27:00Z,2000-01-15T21:08:00Z,A320,101
LEG_15_59,AIR24,BASE2,2000-01-15T14:30:00Z,2000-01-15T15:12:00Z,A320,42
LEG_15_60,AIR25,BASE2,2000-01-15T11:00:00Z,2000-01-15T11:44:00Z,A320,44
LEG_15_61,AIR19,BASE2,2000-01-15T23:15:00Z,2000-01-16T00:20:00Z,A320,65
LEG_15_62,BASE2,AIR24,2000-01-15T01:20:00Z,2000-01-15T02:02:00Z,A320,42
LEG_16_0,BASE1,AIR1,2000-01-16T18:00:00Z,2000-01-16T19:15:00Z,A320,75
LEG_16_1,AIR1,BASE2,2000-01-16T01:00:00Z,2000-01-16T02:11:00Z,A320,71
LEG_16_2,AIR2,BASE2,2000-01-16T11:15:00Z,2000-01-16T13:17:00Z,A320,122
LEG_16_3,BASE2,AIR2,2000-01-16T23:01:00Z,2000-01-17T00:52:00Z,A320,111
LEG_16_4,BASE2,AIR3,2000-01-16T19:12:00Z,2000-01-16T21:11:00Z,A320,119
LEG_16_5,BASE2,AIR25,2000-01-16T01:16:00Z,2000-01-16T02:05:00Z,A320,49
LEG_16_6,AIR3,BASE2,2000-01-16T22:00:00Z,2000-01-17T00:22:00Z,A320,142
LEG_16_7,BASE1,AIR4,2000-01-16T16:17:00Z,2000-01-16T18:47:00Z,A320,150
LEG_16_8,AIR24,BASE2,2000-01-16T11:00:00Z,2000-01-16T11:45:00Z,A320,45
LEG_16_9,BASE2,AIR6,2000-01-16T13:08:00Z,2000-01-16T15:26:00Z,A320,138
LEG_16_10,AIR6,BASE2,2000-01-16T16:12:00Z,2000-01-16T18:34:00Z,A320,142
LEG_16_11,AIR4,BASE3,2000-01-16T19:35:00Z,2000-01-16T21:10:00Z,A320,95
LEG_16_12,BASE3,AIR1,2000-01-16T22:20:00Z,2000-01-17T00:05:00Z,A320,105
LEG_16_13,BASE3,AIR7,2000-01-16T22:25:00Z,2000-01-16T23:13:00Z,A320,48
LEG_16_14,AIR1,BASE3,2000-01-16T19:55:00Z,2000-01-16T21:35:00Z,A320,100
LEG_16_15,BASE2,AIR8,2000-01-16T22:56:00Z,2000-01-17T00:59:00Z,A320,123
LEG_16_16,BASE1,AIR9,2000-01-16T16:25:00Z,2000-01-16T17:14:00Z,A320,49
LEG_16_17,AIR10,BASE1,2000-01-16T13:45:00Z,2000-01-16T15:23:00Z,A320,98
LEG_16_18,AIR11,BASE2,2000-01-16T12:20:00Z,2000-01-16T13:16:00Z,A320,56
LEG_16_19,BASE2,AIR12,2000-01-16T14:17:00Z,2000-01-16T15:58:00Z,A320,101
LEG_16_20,AIR12,BASE2,2000-01-16T16:45:00Z,2000-01-16T18:28:00Z,A320,103
LEG_16_21,BASE2,BASE1,2000-01-16T14:10:00Z,2000-01-16T16:02:00Z,A320,112
LEG_16_22,BASE2,BASE1,2000-01-16T16:21:00Z,2000-01-16T18:20:00Z,A320,119
LEG_16_23,BASE1,AIR13,2000-01-16T19:31:00Z,2000-01-16T20:23:00Z,A320,52
LEG_16_24,AIR14,BASE1,2000-01-16T21:35:00Z,2000-01-16T22:59:00Z,A320,84
LEG_16_25,AIR9,BASE1,2000-01-16T17:55:00Z,2000-01-16T18:42:00Z,A320,47
LEG_16_26,BASE1,AIR14,2000-01-16T19:27:00Z,2000-01-16T20:53:00Z,A320,86
LEG_16_27,AIR8,BASE2,2000-01-16T10:00:00Z,2000-01-16T11:52:00Z,A320,112
LEG_16_28,BASE2,AIR15,2000-01-16T12:54:00Z,2000-01-16T13:59:00Z,A320,65
LEG_16_29,BASE1,BASE2,2000-01-16T23:50:00Z,2000-01-17T01:49:00Z,A320,119
LEG_16_30,AIR13,BASE1,2000-01-16T21:25:00Z,2000-01-16T22:26:00Z,A320,61
LEG_16_31,BASE3,BASE2,2000-01-16T18:08:00Z,2000-01-16T20:02:00Z,A320,114
LEG_16_32,BASE2,AIR16,2000-01-16T21:25:00Z,2000-01-16T23:14:00Z,A320,109
LEG_16_33,AIR15,BASE3,2000-01-16T15:00:00Z,2000-01-16T16:44:00Z,A320,104
LEG_16_34,BASE3,AIR10,2000-01-16T02:30:00Z,2000-01-16T03:34:00Z,A320,64
LEG_16_35,AIR7,BASE3,2000-01-16T00:10:00Z,2000-01-16T00:56:00Z,A320,46
LEG_16_36,BASE1,AIR17,2000-01-16T23:48:00Z,2000-01-17T01:52:00Z,A320,124
LEG_16_37,AIR17,BASE1,2000-01-16T13:00:00Z,2000-01-16T15:10:00Z,A320,130
LEG_16_38,BASE2,AIR19,2000-01-16T10:36:00Z,2000-01-16T11:29:00Z,A320,53
LEG_16_39,AIR19,BASE2,2000-01-16T12:10:00Z,2000-01-16T13:18:00Z,A320,68
LEG_16_40,BASE2,AIR20,2000-01-16T19:35:00Z,2000-01-16T21:12:00Z,A320,97
LEG_16_41,AIR20,BASE2,2000-01-16T22:15:00Z,2000-01-16T23:53:00Z,A320,98
LEG_16_42,BASE2,AIR19,2000-01-16T21:20:00Z,2000-01-16T22:25:00Z,A320,65
LEG_16_43,AIR21,BASE2,2000-01-16T10:20:00Z,2000-01-16T11:53:00Z,A320,93
LEG_16_44,BASE2,AIR22,2000-01-16T12:52:00Z,2000-01-16T14:25:00Z,A320,93
LEG_16_45,AIR22,BASE2,2000-01-16T22:05:00Z,2000-01-16T23:44:00Z,A320,99
LEG_16_46,BASE2,AIR21,2000-01-16T01:01:00Z,2000-01-16T02:29:00Z,A320,88
LEG_16_47,AIR16,BASE2,2000-01-16T20:05:00Z,2000-01-16T22:01:00Z,A320,116
LEG_16_48,AIR16,BASE2,2000-01-16T13:10:00Z,2000-01-16T15:05:00Z,A320,115
LEG_16_49,AIR22,BASE2,2000-01-16T15:10:00Z,2000-01-16T16:47:00Z,A320,97
LEG_16_50,BASE2,AIR16,2000-01-16T17:37:00Z,2000-01-16T19:17:00Z,A320,100
LEG_16_51,AIR23,BASE2,2000-01-16T10:10:00Z,2000-01-16T11:55:00Z,A320,105
LEG_16_52,BASE2,AIR24,2000-01-16T12:56:00Z,2000-01-16T13:43:00Z,A320,47
LEG_16_53,BASE2,AIR23,2000-01-16T14:20:00Z,2000-01-16T15:47:00Z,A320,87
LEG_16_54,BASE2,AIR23,2000-01-16T00:50:00Z,2000-01-16T02:18:00Z,A320,88
LEG_16_55,AIR23,BASE2,2000-01-16T16:30:00Z,2000-01-16T18:18:00Z,A320,108
LEG_16_56,BASE2,AIR23,2000-01-16T17:48:00Z,2000-01-16T19:19:00Z,A320,91
LEG_16_57,AIR23,BASE2,2000-01-16T20:05:00Z,2000-01-16T21:50:00Z,A320,105
LEG_16_58,BASE2,AIR11,2000-01-16T10:44:00Z,2000-01-16T11:39:00Z,A320,55
LEG_16_59,BASE2,AIR22,2000-01-16T19:27:00Z,2000-01-16T21:08:00Z,A320,101
LEG_16_60,AIR24,BASE2,2000-01-16T14:30:00Z,2000-01-16T15:12:00Z,A320,42
LEG_16_61,AIR25,BASE2,2000-01-16T11:00:00Z,2000-01-16T11:44:00Z,A320,44
LEG_16_62,AIR19,BASE2,2000-01-16T23:15:00Z,2000-01-17T00:20:00Z,A320,65
LEG_16_63,BASE2,AIR24,2000-01-16T01:20:00Z,2000-01-16T02:02:00Z,A320,42
LEG_17_0,BASE1,AIR1,2000-01-17T18:00:00Z,2000-01-17T19:15:00Z,A320,75
LEG_17_1,AIR1,BASE2,2000-01-17T01:00:00Z,2000-01-17T02:11:00Z,A320,71
LEG_17_2,AIR2,BASE2,2000-01-17T11:15:00Z,2000-01-17T13:17:00Z,A320,122
LEG_17_3,BASE2,AIR2,2000-01-17T23:01:00Z,2000-01-18T00:52:00Z,A320,111
LEG_17_4,BASE2,AIR3,2000-01-17T19:12:00Z,2000-01-17T21:11:00Z,A320,119
LEG_17_5,BASE2,AIR25,2000-01-17T01:16:00Z,2000-01-17T02:05:00Z,A320,49
LEG_17_6,AIR3,BASE2,2000-01-17T22:00:00Z,2000-01-18T00:22:00Z,A320,142
LEG_17_7,BASE1,AIR4,2000-01-17T16:17:00Z,2000-01-17T18:47:00Z,A320,150
LEG_17_8,AIR24,BASE2,2000-01-17T11:00:00Z,2000-01-17T11:45:00Z,A320,45
LEG_17_9,BASE2,AIR6,2000-01-17T13:08:00Z,2000-01-17T15:26:00Z,A320,138
LEG_17_10,AIR6,BASE2,2000-01-17T16:12:00Z,2000-01-17T18:34:00Z,A320,142
LEG_17_11,AIR4,BASE3,2000-01-17T19:35:00Z,2000-01-17T21:10:00Z,A320,95
LEG_17_12,BASE3,AIR1,2000-01-17T22:20:00Z,2000-01-18T00:05:00Z,A320,105
LEG_17_13,BASE3,AIR7,2000-01-17T22:25:00Z,2000-01-17T23:13:00Z,A320,48
LEG_17_14,AIR1,BASE3,2000-01-17T19:55:00Z,2000-01-17T21:35:00Z,A320,100
LEG_17_15,BASE2,AIR8,2000-01-17T22:56:00Z,2000-01-18T00:59:00Z,A320,123
LEG_17_16,BASE1,AIR9,2000-01-17T16:25:00Z,2000-01-17T17:14:00Z,A320,49
LEG_17_17,AIR10,BASE1,2000-01-17T13:45:00Z,2000-01-17T15:23:00Z,A320,98
LEG_17_18,AIR11,BASE2,2000-01-17T12:20:00Z,2000-01-17T13:16:00Z,A320,56
LEG_17_19,BASE2,AIR12,2000-01-17T14:17:00Z,2000-01-17T15:58:00Z,A320,101
LEG_17_20,AIR12,BASE2,2000-01-17T16:45:00Z,2000-01-17T18:28:00Z,A320,103
LEG_17_21,BASE2,BASE1,2000-01-17T14:10:00Z,2000-01-17T16:02:00Z,A320,112
LEG_17_22,BASE2,BASE1,2000-01-17T16:21:00Z,2000-01-17T18:20:00Z,A320,119
LEG_17_23,BASE1,AIR13,2000-01-17T19:31:00Z,2000-01-17T20:23:00Z,A320,52
LEG_17_24,AIR14,BASE1,2000-01-17T21:35:00Z,2000-01-17T22:59:00Z,A320,84
LEG_17_25,AIR9,BASE1,2000-01-17T17:55:00Z,2000-01-17T18:42:00Z,A320,47
LEG_17_26,BASE1,AIR14,2000-01-17T19:27:00Z,2000-01-17T20:53:00Z,A320,86
LEG_17_27,AIR8,BASE2,2000-01-17T10:00:00Z,2000-01-17T11:52:00Z,A320,112
LEG_17_28,BASE2,AIR15,2000-01-17T12:54:00Z,2000-01-17T13:59:00Z,A320,65
LEG_17_29,BASE1,BASE2,2000-01-17T23:50:00Z,2000-01-18T01:49:00Z,A320,119
LEG_17_30,AIR13,BASE1,2000-01-17T21:25:00Z,2000-01-17T22:26:00Z,A320,61
LEG_17_31,BASE3,BASE2,2000-01-17T18:08:00Z,2000-01-17T20:02:00Z,A320,114
LEG_17_32,BASE2,AIR16,2000-01-17T21:25:00Z,2000-01-17T23:14:00Z,A320,109
LEG_17_33,AIR15,BASE3,2000-01-17T15:00:00Z,2000-01-17T16:44:00Z,A320,104
LEG_17_34,BASE3,AIR10,2000-01-17T02:30:00Z,2000-01-17T03:34:00Z,A320,64
LEG_17_35,AIR7,BASE3,2000-01-17T00:10:00Z,2000-01-17T00:56:00Z,A320,46
LEG_17_36,BASE1,AIR17,2000-01-17T23:48:00Z,2000-01-18T01:52:00Z,A320,124
LEG_17_37,AIR17,BASE1,2000-01-17T13:00:00Z,2000-01-17T15:10:00Z,A320,130
LEG_17_38,BASE2,AIR19,2000-01-17T10:36:00Z,2000-01-17T11:29:00Z,A320,53
LEG_17_39,AIR19,BASE2,2000-01-17T12:10:00Z,2000-01-17T13:18:00Z,A320,68
LEG_17_40,BASE2,AIR20,2000-01-17T19:35:00Z,2000-01-17T21:12:00Z,A320,97
LEG_17_41,AIR20,BASE2,2000-01-17T22:15:00Z,2000-01-17T23:53:00Z,A320,98
LEG_17_42,BASE2,AIR19,2000-01-17T21:20:00Z,2000-01-17T22:25:00Z,A320,65
LEG_17_43,AIR21,BASE2,2000-01-17T10:20:00Z,2000-01-17T11:53:00Z,A320,93
LEG_17_44,BASE2,AIR22,2000-01-17T12:52:00Z,2000-01-17T14:25:00Z,A320,93
LEG_17_45,AIR22,BASE2,2000-01-17T22:05:00Z,2000-01-17T23:44:00Z,A320,99
LEG_17_46,BASE2,AIR21,2000-01-17T01:01:00Z,2000-01-17T02:29:00Z,A320,88
LEG_17_47,AIR16,BASE2,2000-01-17T20:05:00Z,2000-01-17T22:01:00Z,A320,116
LEG_17_48,AIR16,BASE2,2000-01-17T13:10:00Z,2000-01-17T15:05:00Z,A320,115
LEG_17_49,AIR22,BASE2,2000-01-17T15:10:00Z,2000-01-17T16:47:00Z,A320,97
LEG_17_50,BASE2,AIR16,2000-01-17T17:37:00Z,2000-01-17T19:17:00Z,A320,100
LEG_17_51,AIR23,BASE2,2000-01-17T10:10:00Z,2000-01-17T11:55:00Z,A320,105
LEG_17_52,BASE2,AIR24,2000-01-17T12:56:00Z,2000-01-17T13:43:00Z,A320,47
LEG_17_53,BASE2,AIR23,2000-01-17T14:20:00Z,2000-01-17T15:47:00Z,A320,87
LEG_17_54,BASE2,AIR23,2000-01-17T00:50:00Z,2000-01-17T02:18:00Z,A320,88
LEG_17_55,AIR23,BASE2,2000-01-17T16:30:00Z,2000-01-17T18:18:00Z,A320,108
LEG_17_56,BASE2,AIR23,2000-01-17T17:48:00Z,2000-01-17T19:19:00Z,A320,91
LEG_17_57,AIR23,BASE2,2000-01-17T20:05:00Z,2000-01-17T21:50:00Z,A320,105
LEG_17_58,BASE2,AIR11,2000-01-17T10:44:00Z,2000-01-17T11:39:00Z,A320,55
LEG_17_59,BASE2,AIR22,2000-01-17T19:27:00Z,2000-01-17T21:08:00Z,A320,101
LEG_17_60,AIR24,BASE2,2000-01-17T14:30:00Z,2000-01-17T15:12:00Z,A320,42
LEG_17_61,AIR25,BASE2,2000-01-17T11:00:00Z,2000-01-17T11:44:00Z,A320,44
LEG_17_62,AIR19,BASE2,2000-01-17T23:15:00Z,2000-01-18T00:20:00Z,A320,65
LEG_17_63,BASE2,AIR24,2000-01-17T01:20:00Z,2000-01-17T02:02:00Z,A320,42
LEG_18_0,BASE1,AIR1,2000-01-18T18:00:00Z,2000-01-18T19:15:00Z,A320,75
LEG_18_1,AIR1,BASE2,2000-01-18T01:00:00Z,2000-01-18T02:11:00Z,A320,71
LEG_18_2,AIR2,BASE2,2000-01-18T11:15:00Z,2000-01-18T13:17:00Z,A320,122
LEG_18_3,BASE2,AIR2,2000-01-18T23:01:00Z,2000-01-19T00:52:00Z,A320,111
LEG_18_4,BASE2,AIR3,2000-01-18T19:12:00Z,2000-01-18T21:11:00Z,A320,119
LEG_18_5,BASE2,AIR25,2000-01-18T01:16:00Z,2000-01-18T02:05:00Z,A320,49
LEG_18_6,AIR3,BASE2,2000-01-18T22:00:00Z,2000-01-19T00:22:00Z,A320,142
LEG_18_7,BASE1,AIR4,2000-01-18T16:17:00Z,2000-01-18T18:47:00Z,A320,150
LEG_18_8,AIR24,BASE2,2000-01-18T11:00:00Z,2000-01-18T11:45:00Z,A320,45
LEG_18_9,BASE2,AIR6,2000-01-18T13:08:00Z,2000-01-18T15:26:00Z,A320,138
LEG_18_10,AIR6,BASE2,2000-01-18T16:12:00Z,2000-01-18T18:34:00Z,A320,142
LEG_18_11,AIR4,BASE3,2000-01-18T19:35:00Z,2000-01-18T21:10:00Z,A320,95
LEG_18_12,BASE3,AIR1,2000-01-18T22:20:00Z,2000-01-19T00:05:00Z,A320,105
LEG_18_13,BASE3,AIR7,2000-01-18T22:25:00Z,2000-01-18T23:13:00Z,A320,48
LEG_18_14,AIR1,BASE3,2000-01-18T19:55:00Z,2000-01-18T21:35:00Z,A320,100
LEG_18_15,BASE2,AIR8,2000-01-18T22:56:00Z,2000-01-19T00:59:00Z,A320,123
LEG_18_16,BASE1,AIR9,2000-01-18T16:25:00Z,2000-01-18T17:14:00Z,A320,49
LEG_18_17,AIR10,BASE1,2000-01-18T13:45:00Z,2000-01-18T15:23:00Z,A320,98
LEG_18_18,AIR11,BASE2,2000-01-18T12:20:00Z,2000-01-18T13:16:00Z,A320,56
LEG_18_19,BASE2,AIR12,2000-01-18T14:17:00Z,2000-01-18T15:58:00Z,A320,101
LEG_18_20,AIR12,BASE2,2000-01-18T16:45:00Z,2000-01-18T18:28:00Z,A320,103
LEG_18_21,BASE2,BASE1,2000-01-18T14:10:00Z,2000-01-18T16:02:00Z,A320,112
LEG_18_22,BASE2,BASE1,2000-01-18T16:21:00Z,2000-01-18T18:20:00Z,A320,119
LEG_18_23,BASE1,AIR13,2000-01-18T19:31:00Z,2000-01-18T20:23:00Z,A320,52
LEG_18_24,AIR14,BASE1,2000-01-18T21:35:00Z,2000-01-18T22:59:00Z,A320,84
LEG_18_25,AIR9,BASE1,2000-01-18T17:55:00Z,2000-01-18T18:42:00Z,A320,47
LEG_18_26,BASE1,AIR14,2000-01-18T19:27:00Z,2000-01-18T20:53:00Z,A320,86
LEG_18_27,AIR8,BASE2,2000-01-18T10:00:00Z,2000-01-18T11:52:00Z,A320,112
LEG_18_28,BASE2,AIR15,2000-01-18T12:54:00Z,2000-01-18T13:59:00Z,A320,65
LEG_18_29,BASE1,BASE2,2000-01-18T23:50:00Z,2000-01-19T01:49:00Z,A320,119
LEG_18_30,AIR13,BASE1,2000-01-18T21:25:00Z,2000-01-18T22:26:00Z,A320,61
LEG_18_31,BASE3,BASE2,2000-01-18T18:08:00Z,2000-01-18T20:02:00Z,A320,114
LEG_18_32,BASE2,AIR16,2000-01-18T21:25:00Z,2000-01-18T23:14:00Z,A320,109
LEG_18_33,AIR15,BASE3,2000-01-18T15:00:00Z,2000-01-18T16:44:00Z,A320,104
LEG_18_34,BASE3,AIR10,2000-01-18T02:30:00Z,2000-01-18T03:34:00Z,A320,64
LEG_18_35,AIR7,BASE3,2000-01-18T00:10:00Z,2000-01-18T00:56:00Z,A320,46
LEG_18_36,BASE1,AIR17,2000-01-18T23:48:00Z,2000-01-19T01:52:00Z,A320,124
LEG_18_37,AIR17,BASE1,2000-01-18T13:00:00Z,2000-01-18T15:10:00Z,A320,130
LEG_18_38,BASE2,AIR19,2000-01-18T10:36:00Z,2000-01-18T11:29:00Z,A320,53
LEG_18_39,AIR19,BASE2,2000-01-18T12:10:00Z,2000-01-18T13:18:00Z,A320,68
LEG_18_40,BASE2,AIR20,2000-01-18T19:35:00Z,2000-01-18T21:12:00Z,A320,97
LEG_18_41,AIR20,BASE2,2000-01-18T22:15:00Z,2000-01-18T23:53:00Z,A320,98
LEG_18_42,BASE2,AIR19,2000-01-18T21:20:00Z,2000-01-18T22:25:00Z,A320,65
LEG_18_43,AIR21,BASE2,2000-01-18T10:20:00Z,2000-01-18T11:53:00Z,A320,93
LEG_18_44,BASE2,AIR22,2000-01-18T12:52:00Z,2000-01-18T14:25:00Z,A320,93
LEG_18_45,AIR22,BASE2,2000-01-18T22:05:00Z,2000-01-18T23:44:00Z,A320,99
LEG_18_46,BASE2,AIR21,2000-01-18T01:01:00Z,2000-01-18T02:29:00Z,A320,88
LEG_18_47,AIR16,BASE2,2000-01-18T20:05:00Z,2000-01-18T22:01:00Z,A320,116
LEG_18_48,AIR16,BASE2,2000-01-18T13:10:00Z,2000-01-18T15:05:00Z,A320,115
LEG_18_49,AIR22,BASE2,2000-01-18T15:10:00Z,2000-01-18T16:47:00Z,A320,97
LEG_18_50,BASE2,AIR16,2000-01-18T17:37:00Z,2000-01-18T19:17:00Z,A320,100
LEG_18_51,AIR23,BASE2,2000-01-18T10:10:00Z,2000-01-18T11:55:00Z,A320,105
LEG_18_52,BASE2,AIR24,2000-01-18T12:56:00Z,2000-01-18T13:43:00Z,A320,47
LEG_18_53,BASE2,AIR23,2000-01-18T14:20:00Z,2000-01-18T15:47:00Z,A320,87
LEG_18_54,BASE2,AIR23,2000-01-18T00:50:00Z,2000-01-18T02:18:00Z,A320,88
LEG_18_55,AIR23,BASE2,2000-01-18T16:30:00Z,2000-01-18T18:18:00Z,A320,108
LEG_18_56,BASE2,AIR23,2000-01-18T17:48:00Z,2000-01-18T19:19:00Z,A320,91
LEG_18_57,AIR23,BASE2,2000-01-18T20:05:00Z,2000-01-18T21:50:00Z,A320,105
LEG_18_58,BASE2,AIR11,2000-01-18T10:44:00Z,2000-01-18T11:39:00Z,A320,55
LEG_18_59,BASE2,AIR22,2000-01-18T19:27:00Z,2000-01-18T21:08:00Z,A320,101
LEG_18_60,AIR24,BASE2,2000-01-18T14:30:00Z,2000-01-18T15:12:00Z,A320,42
LEG_18_61,AIR25,BASE2,2000-01-18T11:00:00Z,2000-01-18T11:44:00Z,A320,44
LEG_18_62,AIR19,BASE2,2000-01-18T23:15:00Z,2000-01-19T00:20:00Z,A320,65
LEG_18_63,BASE2,AIR24,2000-01-18T01:20:00Z,2000-01-18T02:02:00Z,A320,42
LEG_19_0,AIR1,BASE1,2000-01-19T19:00:00Z,2000-01-19T20:24:00Z,A320,84
LEG_19_1,AIR1,BASE1,2000-01-19T21:00:00Z,2000-01-19T22:33:00Z,A320,93
LEG_19_2,AIR26,BASE1,2000-01-19T21:40:00Z,2000-01-19T23:00:00Z,A320,80
LEG_19_3,BASE2,AIR1,2000-01-19T12:53:00Z,2000-01-19T14:12:00Z,A320,79
LEG_19_4,AIR1,BASE2,2000-01-19T01:00:00Z,2000-01-19T02:11:00Z,A320,71
LEG_19_5,BASE2,AIR27,2000-01-19T21:21:00Z,2000-01-19T22:04:00Z,A320,43
LEG_19_6,AIR2,BASE2,2000-01-19T11:15:00Z,2000-01-19T13:17:00Z,A320,122
LEG_19_7,BASE2,AIR25,2000-01-19T01:16:00Z,2000-01-19T02:05:00Z,A320,49
LEG_19_8,BASE1,AIR4,2000-01-19T23:57:00Z,2000-01-20T02:31:00Z,A320,154
LEG_19_9,AIR17,BASE2,2000-01-19T20:35:00Z,2000-01-19T21:49:00Z,A320,74
LEG_19_10,BASE2,AIR18,2000-01-19T21:11:00Z,2000-01-19T22:19:00Z,A320,68
LEG_19_11,AIR24,BASE2,2000-01-19T11:00:00Z,2000-01-19T11:45:00Z,A320,45
LEG_19_12,BASE2,AIR6,2000-01-19T13:08:00Z,2000-01-19T15:26:00Z,A320,138
LEG_19_13,AIR6,BASE2,2000-01-19T16:12:00Z,2000-01-19T18:34:00Z,A320,142
LEG_19_14,AIR8,BASE2,2000-01-19T13:05:00Z,2000-01-19T14:57:00Z,A320,112
LEG_19_15,BASE1,AIR15,2000-01-19T21:46:00Z,2000-01-19T22:47:00Z,A320,61
LEG_19_16,BASE2,BASE1,2000-01-19T16:15:00Z,2000-01-19T18:14:00Z,A320,119
LEG_19_17,BASE2,AIR15,2000-01-19T12:54:00Z,2000-01-19T13:59:00Z,A320,65
LEG_19_18,BASE3,BASE2,2000-01-19T18:08:00Z,2000-01-19T20:02:00Z,A320,114
LEG_19_19,AIR15,BASE3,2000-01-19T15:00:00Z,2000-01-19T16:44:00Z,A320,104
LEG_19_20,BASE3,AIR10,2000-01-19T02:30:00Z,2000-01-19T03:34:00Z,A320,64
LEG_19_21,AIR7,BASE3,2000-01-19T00:10:00Z,2000-01-19T00:56:00Z,A320,46
LEG_19_22,BASE2,AIR32,2000-01-19T13:12:00Z,2000-01-19T14:25:00Z,A320,73
LEG_19_23,BASE2,AIR17,2000-01-19T17:56:00Z,2000-01-19T19:10:00Z,A320,74
LEG_19_24,AIR32,BASE2,2000-01-19T15:40:00Z,2000-01-19T16:54:00Z,A320,74
LEG_19_25,AIR17,BASE1,2000-01-19T13:00:00Z,2000-01-19T15:10:00Z,A320,130
LEG_19_26,BASE2,AIR10,2000-01-19T23:05:00Z,2000-01-20T00:52:00Z,A320,107
LEG_19_27,AIR10,BASE2,2000-01-19T14:55:00Z,2000-01-19T16:34:00Z,A320,99
LEG_19_28,BASE1,AIR28,2000-01-19T18:11:00Z,2000-01-19T20:15:00Z,A320,124
LEG_19_29,AIR21,BASE2,2000-01-19T10:20:00Z,2000-01-19T11:53:00Z,A320,93
LEG_19_30,BASE2,AIR1,2000-01-19T19:00:00Z,2000-01-19T20:17:00Z,A320,77
LEG_19_31,AIR22,BASE2,2000-01-19T22:05:00Z,2000-01-19T23:44:00Z,A320,99
LEG_19_32,BASE2,AIR21,2000-01-19T01:01:00Z,2000-01-19T02:29:00Z,A320,88
LEG_19_33,BASE2,AIR16,2000-01-19T13:19:00Z,2000-01-19T15:06:00Z,A320,107
LEG_19_34,AIR16,BASE2,2000-01-19T20:05:00Z,2000-01-19T22:01:00Z,A320,116
LEG_19_35,AIR16,BASE2,2000-01-19T13:10:00Z,2000-01-19T15:05:00Z,A320,115
LEG_19_36,BASE2,AIR16,2000-01-19T17:37:00Z,2000-01-19T19:17:00Z,A320,100
LEG_19_37,AIR16,BASE2,2000-01-19T16:00:00Z,2000-01-19T17:55:00Z,A320,115
LEG_19_38,BASE2,AIR29,2000-01-19T16:22:00Z,2000-01-19T19:00:00Z,A320,158
LEG_19_39,AIR29,BASE2,2000-01-19T21:00:00Z,2000-01-19T23:34:00Z,A320,154
LEG_19_40,BASE2,AIR29,2000-01-19T23:07:00Z,2000-01-20T01:43:00Z,A320,156
LEG_19_41,AIR28,BASE2,2000-01-19T21:00:00Z,2000-01-19T22:10:00Z,A320,70
LEG_19_42,AIR27,BASE2,2000-01-19T23:05:00Z,2000-01-19T23:47:00Z,A320,42
LEG_19_43,BASE1,AIR26,2000-01-19T19:22:00Z,2000-01-19T20:48:00Z,A320,86
LEG_19_44,AIR23,BASE2,2000-01-19T10:10:00Z,2000-01-19T11:55:00Z,A320,105
LEG_19_45,BASE2,AIR23,2000-01-19T14:20:00Z,2000-01-19T15:47:00Z,A320,87
LEG_19_46,BASE2,AIR23,2000-01-19T00:50:00Z,2000-01-19T02:18:00Z,A320,88
LEG_19_47,AIR23,BASE2,2000-01-19T16:30:00Z,2000-01-19T18:18:00Z,A320,108
LEG_19_48,BASE2,AIR23,2000-01-19T17:48:00Z,2000-01-19T19:19:00Z,A320,91
LEG_19_49,AIR23,BASE2,2000-01-19T20:05:00Z,2000-01-19T21:50:00Z,A320,105
LEG_19_50,BASE2,AIR22,2000-01-19T19:27:00Z,2000-01-19T21:08:00Z,A320,101
LEG_19_51,AIR25,BASE2,2000-01-19T11:00:00Z,2000-01-19T11:44:00Z,A320,44
LEG_19_52,BASE2,AIR24,2000-01-19T01:20:00Z,2000-01-19T02:02:00Z,A320,42
LEG_20_0,BASE1,AIR1,2000-01-20T18:00:00Z,2000-01-20T19:15:00Z,A320,75
LEG_20_1,AIR30,BASE2,2000-01-20T12:10:00Z,2000-01-20T13:26:00Z,A320,76
LEG_20_2,BASE2,AIR2,2000-01-20T23:01:00Z,2000-01-21T00:52:00Z,A320,111
LEG_20_3,BASE2,AIR3,2000-01-20T19:12:00Z,2000-01-20T21:11:00Z,A320,119
LEG_20_4,BASE2,AIR25,2000-01-20T01:16:00Z,2000-01-20T02:05:00Z,A320,49
LEG_20_5,AIR3,BASE2,2000-01-20T22:00:00Z,2000-01-21T00:22:00Z,A320,142
LEG_20_6,BASE1,AIR4,2000-01-20T16:17:00Z,2000-01-20T18:47:00Z,A320,150
LEG_20_7,AIR15,BASE2,2000-01-20T12:20:00Z,2000-01-20T13:26:00Z,A320,66
LEG_20_8,BASE2,AIR18,2000-01-20T21:11:00Z,2000-01-20T22:19:00Z,A320,68
LEG_20_9,BASE2,AIR6,2000-01-20T13:08:00Z,2000-01-20T15:26:00Z,A320,138
LEG_20_10,AIR6,BASE2,2000-01-20T16:12:00Z,2000-01-20T18:34:00Z,A320,142
LEG_20_11,AIR4,BASE3,2000-01-20T19:35:00Z,2000-01-20T21:10:00Z,A320,95
LEG_20_12,BASE3,AIR1,2000-01-20T22:20:00Z,2000-01-21T00:05:00Z,A320,105
LEG_20_13,BASE3,AIR7,2000-01-20T22:25:00Z,2000-01-20T23:13:00Z,A320,48
LEG_20_14,AIR1,BASE3,2000-01-20T19:55:00Z,2000-01-20T21:35:00Z,A320,100
LEG_20_15,AIR25,BASE2,2000-01-20T14:40:00Z,2000-01-20T15:24:00Z,A320,44
LEG_20_16,BASE2,AIR8,2000-01-20T22:56:00Z,2000-01-21T00:59:00Z,A320,123
LEG_20_17,BASE2,BASE1,2000-01-20T14:10:00Z,2000-01-20T16:02:00Z,A320,112
LEG_20_18,BASE2,BASE1,2000-01-20T16:21:00Z,2000-01-20T18:20:00Z,A320,119
LEG_20_19,BASE1,AIR13,2000-01-20T19:31:00Z,2000-01-20T20:23:00Z,A320,52
LEG_20_20,AIR14,BASE1,2000-01-20T21:35:00Z,2000-01-20T22:59:00Z,A320,84
LEG_20_21,BASE1,AIR14,2000-01-20T19:27:00Z,2000-01-20T20:53:00Z,A320,86
LEG_20_22,BASE2,AIR15,2000-01-20T12:54:00Z,2000-01-20T13:59:00Z,A320,65
LEG_20_23,BASE1,BASE2,2000-01-20T23:50:00Z,2000-01-21T01:49:00Z,A320,119
LEG_20_24,AIR13,BASE1,2000-01-20T21:25:00Z,2000-01-20T22:26:00Z,A320,61
LEG_20_25,BASE3,BASE2,2000-01-20T18:08:00Z,2000-01-20T20:02:00Z,A320,114
LEG_20_26,BASE2,AIR16,2000-01-20T21:25:00Z,2000-01-20T23:14:00Z,A320,109
LEG_20_27,AIR15,BASE3,2000-01-20T15:00:00Z,2000-01-20T16:44:00Z,A320,104
LEG_20_28,AIR2,BASE2,2000-01-20T10:10:00Z,2000-01-20T12:11:00Z,A320,121
LEG_20_29,BASE1,AIR17,2000-01-20T23:48:00Z,2000-01-21T01:52:00Z,A320,124
LEG_20_30,AIR18,BASE2,2000-01-20T14:05:00Z,2000-01-20T15:17:00Z,A320,72
LEG_20_31,AIR18,BASE2,2000-01-20T23:12:00Z,2000-01-21T00:23:00Z,A320,71
LEG_20_32,BASE2,AIR20,2000-01-20T19:35:00Z,2000-01-20T21:12:00Z,A320,97
LEG_20_33,AIR20,BASE2,2000-01-20T22:15:00Z,2000-01-20T23:53:00Z,A320,98
LEG_20_34,BASE2,AIR2,2000-01-20T01:17:00Z,2000-01-20T02:57:00Z,A320,100
LEG_20_35,AIR10,BASE2,2000-01-20T11:50:00Z,2000-01-20T13:28:00Z,A320,98
LEG_20_36,BASE1,AIR30,2000-01-20T00:20:00Z,2000-01-20T01:30:00Z,A320,70
LEG_20_37,BASE2,AIR22,2000-01-20T12:52:00Z,2000-01-20T14:25:00Z,A320,93
LEG_20_38,AIR22,BASE2,2000-01-20T22:05:00Z,2000-01-20T23:44:00Z,A320,99
LEG_20_39,BASE2,AIR16,2000-01-20T13:19:00Z,2000-01-20T15:06:00Z,A320,107
LEG_20_40,AIR16,BASE2,2000-01-20T20:05:00Z,2000-01-20T22:01:00Z,A320,116
LEG_20_41,AIR22,BASE2,2000-01-20T15:10:00Z,2000-01-20T16:47:00Z,A320,97
LEG_20_42,BASE2,AIR16,2000-01-20T17:37:00Z,2000-01-20T19:17:00Z,A320,100
LEG_20_43,AIR16,BASE2,2000-01-20T16:00:00Z,2000-01-20T17:55:00Z,A320,115
LEG_20_44,AIR22,BASE1,2000-01-20T16:35:00Z,2000-01-20T18:40:00Z,A320,125
LEG_20_45,AIR29,BASE2,2000-01-20T14:00:00Z,2000-01-20T16:34:00Z,A320,154
LEG_20_46,AIR23,BASE2,2000-01-20T10:10:00Z,2000-01-20T11:55:00Z,A320,105
LEG_20_47,BASE2,AIR23,2000-01-20T14:20:00Z,2000-01-20T15:47:00Z,A320,87
LEG_20_48,BASE2,AIR23,2000-01-20T00:50:00Z,2000-01-20T02:18:00Z,A320,88
LEG_20_49,AIR23,BASE2,2000-01-20T16:30:00Z,2000-01-20T18:18:00Z,A320,108
LEG_20_50,BASE2,AIR23,2000-01-20T17:48:00Z,2000-01-20T19:19:00Z,A320,91
LEG_20_51,AIR4,BASE1,2000-01-20T12:45:00Z,2000-01-20T15:05:00Z,A320,140
LEG_20_52,AIR23,BASE2,2000-01-20T20:05:00Z,2000-01-20T21:50:00Z,A320,105
LEG_20_53,BASE2,AIR22,2000-01-20T19:27:00Z,2000-01-20T21:08:00Z,A320,101
LEG_20_54,BASE2,AIR22,2000-01-20T14:13:00Z,2000-01-20T15:53:00Z,A320,100
LEG_21_0,BASE1,AIR1,2000-01-21T18:00:00Z,2000-01-21T19:15:00Z,A320,75
LEG_21_1,AIR1,BASE2,2000-01-21T01:00:00Z,2000-01-21T02:11:00Z,A320,71
LEG_21_2,AIR2,BASE2,2000-01-21T11:15:00Z,2000-01-21T13:17:00Z,A320,122
LEG_21_3,BASE2,AIR2,2000-01-21T23:01:00Z,2000-01-22T00:52:00Z,A320,111
LEG_21_4,BASE2,AIR3,2000-01-21T19:12:00Z,2000-01-21T21:11:00Z,A320,119
LEG_21_5,BASE2,AIR25,2000-01-21T01:16:00Z,2000-01-21T02:05:00Z,A320,49
LEG_21_6,AIR3,BASE2,2000-01-21T22:00:00Z,2000-01-22T00:22:00Z,A320,142
LEG_21_7,BASE1,AIR4,2000-01-21T16:17:00Z,2000-01-21T18:47:00Z,A320,150
LEG_21_8,AIR24,BASE2,2000-01-21T11:00:00Z,2000-01-21T11:45:00Z,A320,45
LEG_21_9,BASE2,AIR6,2000-01-21T13:08:00Z,2000-01-21T15:26:00Z,A320,138
LEG_21_10,AIR6,BASE2,2000-01-21T16:12:00Z,2000-01-21T18:34:00Z,A320,142
LEG_21_11,AIR4,BASE3,2000-01-21T19:35:00Z,2000-01-21T21:10:00Z,A320,95
LEG_21_12,BASE3,AIR1,2000-01-21T22:20:00Z,2000-01-22T00:05:00Z,A320,105
LEG_21_13,BASE3,AIR7,2000-01-21T22:25:00Z,2000-01-21T23:13:00Z,A320,48
LEG_21_14,AIR1,BASE3,2000-01-21T19:55:00Z,2000-01-21T21:35:00Z,A320,100
LEG_21_15,BASE2,AIR8,2000-01-21T22:56:00Z,2000-01-22T00:59:00Z,A320,123
LEG_21_16,BASE1,AIR9,2000-01-21T16:25:00Z,2000-01-21T17:14:00Z,A320,49
LEG_21_17,AIR10,BASE1,2000-01-21T13:45:00Z,2000-01-21T15:23:00Z,A320,98
LEG_21_18,AIR11,BASE2,2000-01-21T12:20:00Z,2000-01-21T13:16:00Z,A320,56
LEG_21_19,BASE2,AIR12,2000-01-21T14:17:00Z,2000-01-21T15:58:00Z,A320,101
LEG_21_20,AIR12,BASE2,2000-01-21T16:45:00Z,2000-01-21T18:28:00Z,A320,103
LEG_21_21,BASE2,BASE1,2000-01-21T14:10:00Z,2000-01-21T16:02:00Z,A320,112
LEG_21_22,BASE2,BASE1,2000-01-21T16:21:00Z,2000-01-21T18:20:00Z,A320,119
LEG_21_23,BASE1,AIR13,2000-01-21T19:31:00Z,2000-01-21T20:23:00Z,A320,52
LEG_21_24,AIR14,BASE1,2000-01-21T21:35:00Z,2000-01-21T22:59:00Z,A320,84
LEG_21_25,AIR9,BASE1,2000-01-21T17:55:00Z,2000-01-21T18:42:00Z,A320,47
LEG_21_26,BASE1,AIR14,2000-01-21T19:27:00Z,2000-01-21T20:53:00Z,A320,86
LEG_21_27,AIR8,BASE2,2000-01-21T10:00:00Z,2000-01-21T11:52:00Z,A320,112
LEG_21_28,BASE2,AIR15,2000-01-21T12:54:00Z,2000-01-21T13:59:00Z,A320,65
LEG_21_29,BASE1,BASE2,2000-01-21T23:50:00Z,2000-01-22T01:49:00Z,A320,119
LEG_21_30,AIR13,BASE1,2000-01-21T21:25:00Z,2000-01-21T22:26:00Z,A320,61
LEG_21_31,BASE3,BASE2,2000-01-21T18:08:00Z,2000-01-21T20:02:00Z,A320,114
LEG_21_32,BASE2,AIR16,2000-01-21T21:25:00Z,2000-01-21T23:14:00Z,A320,109
LEG_21_33,AIR15,BASE3,2000-01-21T15:00:00Z,2000-01-21T16:44:00Z,A320,104
LEG_21_34,BASE3,AIR10,2000-01-21T02:30:00Z,2000-01-21T03:34:00Z,A320,64
LEG_21_35,AIR7,BASE3,2000-01-21T00:10:00Z,2000-01-21T00:56:00Z,A320,46
LEG_21_36,BASE1,AIR17,2000-01-21T23:48:00Z,2000-01-22T01:52:00Z,A320,124
LEG_21_37,AIR17,BASE1,2000-01-21T13:00:00Z,2000-01-21T15:10:00Z,A320,130
LEG_21_38,BASE2,AIR19,2000-01-21T10:36:00Z,2000-01-21T11:29:00Z,A320,53
LEG_21_39,AIR19,BASE2,2000-01-21T12:10:00Z,2000-01-21T13:18:00Z,A320,68
LEG_21_40,BASE2,AIR20,2000-01-21T19:35:00Z,2000-01-21T21:12:00Z,A320,97
LEG_21_41,AIR20,BASE2,2000-01-21T22:15:00Z,2000-01-21T23:53:00Z,A320,98
LEG_21_42,BASE2,AIR19,2000-01-21T21:20:00Z,2000-01-21T22:25:00Z,A320,65
LEG_21_43,AIR21,BASE2,2000-01-21T10:20:00Z,2000-01-21T11:53:00Z,A320,93
LEG_21_44,BASE2,AIR22,2000-01-21T12:52:00Z,2000-01-21T14:25:00Z,A320,93
LEG_21_45,AIR22,BASE2,2000-01-21T22:05:00Z,2000-01-21T23:44:00Z,A320,99
LEG_21_46,BASE2,AIR21,2000-01-21T01:01:00Z,2000-01-21T02:29:00Z,A320,88
LEG_21_47,AIR16,BASE2,2000-01-21T20:05:00Z,2000-01-21T22:01:00Z,A320,116
LEG_21_48,AIR16,BASE2,2000-01-21T13:10:00Z,2000-01-21T15:05:00Z,A320,115
LEG_21_49,AIR22,BASE2,2000-01-21T15:10:00Z,2000-01-21T16:47:00Z,A320,97
LEG_21_50,BASE2,AIR16,2000-01-21T17:37:00Z,2000-01-21T19:17:00Z,A320,100
LEG_21_51,AIR23,BASE2,2000-01-21T10:10:00Z,2000-01-21T11:55:00Z,A320,105
LEG_21_52,BASE2,AIR24,2000-01-21T12:56:00Z,2000-01-21T13:43:00Z,A320,47
LEG_21_53,BASE2,AIR23,2000-01-21T14:20:00Z,2000-01-21T15:47:00Z,A320,87
LEG_21_54,BASE2,AIR23,2000-01-21T00:50:00Z,2000-01-21T02:18:00Z,A320,88
LEG_21_55,AIR23,BASE2,2000-01-21T16:30:00Z,2000-01-21T18:18:00Z,A320,108
LEG_21_56,BASE2,AIR23,2000-01-21T17:48:00Z,2000-01-21T19:19:00Z,A320,91
LEG_21_57,AIR23,BASE2,2000-01-21T20:05:00Z,2000-01-21T21:50:00Z,A320,105
LEG_21_58,BASE2,AIR11,2000-01-21T10:44:00Z,2000-01-21T11:39:00Z,A320,55
LEG_21_59,BASE2,AIR22,2000-01-21T19:27:00Z,2000-01-21T21:08:00Z,A320,101
LEG_21_60,AIR24,BASE2,2000-01-21T14:30:00Z,2000-01-21T15:12:00Z,A320,42
LEG_21_61,AIR25,BASE2,2000-01-21T11:00:00Z,2000-01-21T11:44:00Z,A320,44
LEG_21_62,AIR19,BASE2,2000-01-21T23:15:00Z,2000-01-22T00:20:00Z,A320,65
LEG_21_63,BASE2,AIR24,2000-01-21T01:20:00Z,2000-01-21T02:02:00Z,A320,42
LEG_22_0,BASE1,AIR1,2000-01-22T18:00:00Z,2000-01-22T19:15:00Z,A320,75
LEG_22_1,AIR1,BASE2,2000-01-22T01:00:00Z,2000-01-22T02:11:00Z,A320,71
LEG_22_2,AIR2,BASE2,2000-01-22T11:15:00Z,2000-01-22T13:17:00Z,A320,122
LEG_22_3,BASE2,AIR2,2000-01-22T23:01:00Z,2000-01-23T00:52:00Z,A320,111
LEG_22_4,BASE2,AIR3,2000-01-22T19:12:00Z,2000-01-22T21:11:00Z,A320,119
LEG_22_5,BASE2,AIR25,2000-01-22T01:16:00Z,2000-01-22T02:05:00Z,A320,49
LEG_22_6,AIR3,BASE2,2000-01-22T22:00:00Z,2000-01-23T00:22:00Z,A320,142
LEG_22_7,BASE1,AIR4,2000-01-22T16:17:00Z,2000-01-22T18:47:00Z,A320,150
LEG_22_8,AIR24,BASE2,2000-01-22T11:00:00Z,2000-01-22T11:45:00Z,A320,45
LEG_22_9,BASE2,AIR6,2000-01-22T13:08:00Z,2000-01-22T15:26:00Z,A320,138
LEG_22_10,AIR6,BASE2,2000-01-22T16:12:00Z,2000-01-22T18:34:00Z,A320,142
LEG_22_11,AIR4,BASE3,2000-01-22T19:35:00Z,2000-01-22T21:10:00Z,A320,95
LEG_22_12,BASE3,AIR1,2000-01-22T22:20:00Z,2000-01-23T00:05:00Z,A320,105
LEG_22_13,BASE3,AIR7,2000-01-22T22:25:00Z,2000-01-22T23:13:00Z,A320,48
LEG_22_14,AIR1,BASE3,2000-01-22T19:55:00Z,2000-01-22T21:35:00Z,A320,100
LEG_22_15,BASE2,AIR8,2000-01-22T22:56:00Z,2000-01-23T00:59:00Z,A320,123
LEG_22_16,BASE1,AIR9,2000-01-22T16:25:00Z,2000-01-22T17:14:00Z,A320,49
LEG_22_17,AIR11,BASE2,2000-01-22T12:20:00Z,2000-01-22T13:16:00Z,A320,56
LEG_22_18,BASE2,AIR12,2000-01-22T14:17:00Z,2000-01-22T15:58:00Z,A320,101
LEG_22_19,AIR12,BASE2,2000-01-22T16:45:00Z,2000-01-22T18:28:00Z,A320,103
LEG_22_20,BASE2,BASE1,2000-01-22T14:10:00Z,2000-01-22T16:02:00Z,A320,112
LEG_22_21,BASE2,BASE1,2000-01-22T16:21:00Z,2000-01-22T18:20:00Z,A320,119
LEG_22_22,BASE1,AIR13,2000-01-22T19:31:00Z,2000-01-22T20:23:00Z,A320,52
LEG_22_23,AIR14,BASE1,2000-01-22T21:35:00Z,2000-01-22T22:59:00Z,A320,84
LEG_22_24,AIR9,BASE1,2000-01-22T17:55:00Z,2000-01-22T18:42:00Z,A320,47
LEG_22_25,BASE1,AIR14,2000-01-22T19:27:00Z,2000-01-22T20:53:00Z,A320,86
LEG_22_26,BASE2,AIR15,2000-01-22T12:54:00Z,2000-01-22T13:59:00Z,A320,65
LEG_22_27,BASE1,BASE2,2000-01-22T23:50:00Z,2000-01-23T01:49:00Z,A320,119
LEG_22_28,AIR13,BASE1,2000-01-22T21:25:00Z,2000-01-22T22:26:00Z,A320,61
LEG_22_29,BASE3,BASE2,2000-01-22T18:08:00Z,2000-01-22T20:02:00Z,A320,114
LEG_22_30,BASE2,AIR16,2000-01-22T21:25:00Z,2000-01-22T23:14:00Z,A320,109
LEG_22_31,AIR15,BASE3,2000-01-22T15:00:00Z,2000-01-22T16:44:00Z,A320,104
LEG_22_32,BASE3,AIR10,2000-01-22T02:30:00Z,2000-01-22T03:34:00Z,A320,64
LEG_22_33,AIR7,BASE3,2000-01-22T00:10:00Z,2000-01-22T00:56:00Z,A320,46
LEG_22_34,BASE1,AIR17,2000-01-22T23:48:00Z,2000-01-23T01:52:00Z,A320,124
LEG_22_35,AIR17,BASE1,2000-01-22T13:00:00Z,2000-01-22T15:10:00Z,A320,130
LEG_22_36,BASE2,AIR19,2000-01-22T10:36:00Z,2000-01-22T11:29:00Z,A320,53
LEG_22_37,AIR19,BASE2,2000-01-22T12:10:00Z,2000-01-22T13:18:00Z,A320,68
LEG_22_38,BASE2,AIR20,2000-01-22T19:35:00Z,2000-01-22T21:12:00Z,A320,97
LEG_22_39,AIR20,BASE2,2000-01-22T22:15:00Z,2000-01-22T23:53:00Z,A320,98
LEG_22_40,BASE2,AIR19,2000-01-22T21:20:00Z,2000-01-22T22:25:00Z,A320,65
LEG_22_41,AIR21,BASE2,2000-01-22T10:20:00Z,2000-01-22T11:53:00Z,A320,93
LEG_22_42,BASE2,AIR22,2000-01-22T12:52:00Z,2000-01-22T14:25:00Z,A320,93
LEG_22_43,AIR22,BASE2,2000-01-22T22:05:00Z,2000-01-22T23:44:00Z,A320,99
LEG_22_44,BASE2,AIR21,2000-01-22T01:01:00Z,2000-01-22T02:29:00Z,A320,88
LEG_22_45,AIR16,BASE2,2000-01-22T20:05:00Z,2000-01-22T22:01:00Z,A320,116
LEG_22_46,AIR16,BASE2,2000-01-22T13:10:00Z,2000-01-22T15:05:00Z,A320,115
LEG_22_47,AIR22,BASE2,2000-01-22T15:10:00Z,2000-01-22T16:47:00Z,A320,97
LEG_22_48,BASE2,AIR16,2000-01-22T17:37:00Z,2000-01-22T19:17:00Z,A320,100
LEG_22_49,AIR23,BASE2,2000-01-22T10:10:00Z,2000-01-22T11:55:00Z,A320,105
LEG_22_50,BASE2,AIR24,2000-01-22T12:56:00Z,2000-01-22T13:43:00Z,A320,47
LEG_22_51,BASE2,AIR23,2000-01-22T14:20:00Z,2000-01-22T15:47:00Z,A320,87
LEG_22_52,BASE2,AIR23,2000-01-22T00:50:00Z,2000-01-22T02:18:00Z,A320,88
LEG_22_53,AIR23,BASE2,2000-01-22T16:30:00Z,2000-01-22T18:18:00Z,A320,108
LEG_22_54,BASE2,AIR23,2000-01-22T17:48:00Z,2000-01-22T19:19:00Z,A320,91
LEG_22_55,AIR23,BASE2,2000-01-22T20:05:00Z,2000-01-22T21:50:00Z,A320,105
LEG_22_56,BASE2,AIR11,2000-01-22T10:44:00Z,2000-01-22T11:39:00Z,A320,55
LEG_22_57,BASE2,AIR22,2000-01-22T19:27:00Z,2000-01-22T21:08:00Z,A320,101
LEG_22_58,AIR24,BASE2,2000-01-22T14:30:00Z,2000-01-22T15:12:00Z,A320,42
LEG_22_59,AIR25,BASE2,2000-01-22T11:00:00Z,2000-01-22T11:44:00Z,A320,44
LEG_22_60,AIR19,BASE2,2000-01-22T23:15:00Z,2000-01-23T00:20:00Z,A320,65
LEG_22_61,BASE2,AIR24,2000-01-22T01:20:00Z,2000-01-22T02:02:00Z,A320,42
LEG_23_0,BASE1,AIR1,2000-01-23T18:00:00Z,2000-01-23T19:15:00Z,A320,75
LEG_23_1,AIR1,BASE2,2000-01-23T01:00:00Z,2000-01-23T02:11:00Z,A320,71
LEG_23_2,AIR2,BASE2,2000-01-23T11:15:00Z,2000-01-23T13:17:00Z,A320,122
LEG_23_3,BASE2,AIR2,2000-01-23T23:01:00Z,2000-01-24T00:52:00Z,A320,111
LEG_23_4,BASE2,AIR3,2000-01-23T19:12:00Z,2000-01-23T21:11:00Z,A320,119
LEG_23_5,BASE2,AIR25,2000-01-23T01:16:00Z,2000-01-23T02:05:00Z,A320,49
LEG_23_6,AIR3,BASE2,2000-01-23T22:00:00Z,2000-01-24T00:22:00Z,A320,142
LEG_23_7,BASE1,AIR4,2000-01-23T16:17:00Z,2000-01-23T18:47:00Z,A320,150
LEG_23_8,AIR24,BASE2,2000-01-23T11:00:00Z,2000-01-23T11:45:00Z,A320,45
LEG_23_9,BASE2,AIR6,2000-01-23T13:08:00Z,2000-01-23T15:26:00Z,A320,138
LEG_23_10,AIR6,BASE2,2000-01-23T16:12:00Z,2000-01-23T18:34:00Z,A320,142
LEG_23_11,AIR4,BASE3,2000-01-23T19:35:00Z,2000-01-23T21:10:00Z,A320,95
LEG_23_12,BASE3,AIR1,2000-01-23T22:20:00Z,2000-01-24T00:05:00Z,A320,105
LEG_23_13,BASE3,AIR7,2000-01-23T22:25:00Z,2000-01-23T23:13:00Z,A320,48
LEG_23_14,AIR1,BASE3,2000-01-23T19:55:00Z,2000-01-23T21:35:00Z,A320,100
LEG_23_15,BASE2,AIR8,2000-01-23T22:56:00Z,2000-01-24T00:59:00Z,A320,123
LEG_23_16,BASE1,AIR9,2000-01-23T16:25:00Z,2000-01-23T17:14:00Z,A320,49
LEG_23_17,AIR10,BASE1,2000-01-23T13:45:00Z,2000-01-23T15:23:00Z,A320,98
LEG_23_18,AIR11,BASE2,2000-01-23T12:20:00Z,2000-01-23T13:16:00Z,A320,56
LEG_23_19,BASE2,AIR12,2000-01-23T14:17:00Z,2000-01-23T15:58:00Z,A320,101
LEG_23_20,AIR12,BASE2,2000-01-23T16:45:00Z,2000-01-23T18:28:00Z,A320,103
LEG_23_21,BASE2,BASE1,2000-01-23T14:10:00Z,2000-01-23T16:02:00Z,A320,112
LEG_23_22,BASE2,BASE1,2000-01-23T16:21:00Z,2000-01-23T18:20:00Z,A320,119
LEG_23_23,BASE1,AIR13,2000-01-23T19:31:00Z,2000-01-23T20:23:00Z,A320,52
LEG_23_24,AIR14,BASE1,2000-01-23T21:35:00Z,2000-01-23T22:59:00Z,A320,84
LEG_23_25,AIR9,BASE1,2000-01-23T17:55:00Z,2000-01-23T18:42:00Z,A320,47
LEG_23_26,BASE1,AIR14,2000-01-23T19:27:00Z,2000-01-23T20:53:00Z,A320,86
LEG_23_27,AIR8,BASE2,2000-01-23T10:00:00Z,2000-01-23T11:52:00Z,A320,112
LEG_23_28,BASE2,AIR15,2000-01-23T12:54:00Z,2000-01-23T13:59:00Z,A320,65
LEG_23_29,BASE1,BASE2,2000-01-23T23:50:00Z,2000-01-24T01:49:00Z,A320,119
LEG_23_30,AIR13,BASE1,2000-01-23T21:25:00Z,2000-01-23T22:26:00Z,A320,61
LEG_23_31,BASE3,BASE2,2000-01-23T18:08:00Z,2000-01-23T20:02:00Z,A320,114
LEG_23_32,BASE2,AIR16,2000-01-23T21:25:00Z,2000-01-23T23:14:00Z,A320,109
LEG_23_33,AIR15,BASE3,2000-01-23T15:00:00Z,2000-01-23T16:44:00Z,A320,104
LEG_23_34,BASE3,AIR10,2000-01-23T02:30:00Z,2000-01-23T03:34:00Z,A320,64
LEG_23_35,AIR7,BASE3,2000-01-23T00:10:00Z,2000-01-23T00:56:00Z,A320,46
LEG_23_36,BASE1,AIR17,2000-01-23T23:48:00Z,2000-01-24T01:52:00Z,A320,124
LEG_23_37,AIR17,BASE1,2000-01-23T13:00:00Z,2000-01-23T15:10:00Z,A320,130
LEG_23_38,BASE2,AIR19,2000-01-23T10:36:00Z,2000-01-23T11:29:00Z,A320,53
LEG_23_39,AIR19,BASE2,2000-01-23T12:10:00Z,2000-01-23T13:18:00Z,A320,68
LEG_23_40,BASE2,AIR20,2000-01-23T19:35:00Z,2000-01-23T21:12:00Z,A320,97
LEG_23_41,AIR20,BASE2,2000-01-23T22:15:00Z,2000-01-23T23:53:00Z,A320,98
LEG_23_42,BASE2,AIR19,2000-01-23T21:20:00Z,2000-01-23T22:25:00Z,A320,65
LEG_23_43,AIR21,BASE2,2000-01-23T10:20:00Z,2000-01-23T11:53:00Z,A320,93
LEG_23_44,BASE2,AIR22,2000-01-23T12:52:00Z,2000-01-23T14:25:00Z,A320,93
LEG_23_45,AIR22,BASE2,2000-01-23T22:05:00Z,2000-01-23T23:44:00Z,A320,99
LEG_23_46,BASE2,AIR21,2000-01-23T01:01:00Z,2000-01-23T02:29:00Z,A320,88
LEG_23_47,AIR16,BASE2,2000-01-23T20:05:00Z,2000-01-23T22:01:00Z,A320,116
LEG_23_48,AIR16,BASE2,2000-01-23T13:10:00Z,2000-01-23T15:05:00Z,A320,115
LEG_23_49,AIR22,BASE2,2000-01-23T15:10:00Z,2000-01-23T16:47:00Z,A320,97
LEG_23_50,BASE2,AIR16,2000-01-23T17:37:00Z,2000-01-23T19:17:00Z,A320,100
LEG_23_51,AIR23,BASE2,2000-01-23T10:10:00Z,2000-01-23T11:55:00Z,A320,105
LEG_23_52,BASE2,AIR24,2000-01-23T12:56:00Z,2000-01-23T13:43:00Z,A320,47
LEG_23_53,BASE2,AIR23,2000-01-23T14:20:00Z,2000-01-23T15:47:00Z,A320,87
LEG_23_54,BASE2,AIR23,2000-01-23T00:50:00Z,2000-01-23T02:18:00Z,A320,88
LEG_23_55,AIR23,BASE2,2000-01-23T16:30:00Z,2000-01-23T18:18:00Z,A320,108
LEG_23_56,BASE2,AIR23,2000-01-23T17:48:00Z,2000-01-23T19:19:00Z,A320,91
LEG_23_57,AIR23,BASE2,2000-01-23T20:05:00Z,2000-01-23T21:50:00Z,A320,105
LEG_23_58,BASE2,AIR11,2000-01-23T10:44:00Z,2000-01-23T11:39:00Z,A320,55
LEG_23_59,BASE2,AIR22,2000-01-23T19:27:00Z,2000-01-23T21:08:00Z,A320,101
LEG_23_60,AIR24,BASE2,2000-01-23T14:30:00Z,2000-01-23T15:12:00Z,A320,42
LEG_23_61,AIR25,BASE2,2000-01-23T11:00:00Z,2000-01-23T11:44:00Z,A320,44
LEG_23_62,AIR19,BASE2,2000-01-23T23:15:00Z,2000-01-24T00:20:00Z,A320,65
LEG_23_63,BASE2,AIR24,2000-01-23T01:20:00Z,2000-01-23T02:02:00Z,A320,42
LEG_24_0,BASE1,AIR1,2000-01-24T18:00:00Z,2000-01-24T19:15:00Z,A320,75
LEG_24_1,AIR1,BASE2,2000-01-24T01:00:00Z,2000-01-24T02:11:00Z,A320,71
LEG_24_2,AIR2,BASE2,2000-01-24T11:15:00Z,2000-01-24T13:17:00Z,A320,122
LEG_24_3,BASE2,AIR2,2000-01-24T23:01:00Z,2000-01-25T00:52:00Z,A320,111
LEG_24_4,BASE2,AIR3,2000-01-24T19:12:00Z,2000-01-24T21:11:00Z,A320,119
LEG_24_5,BASE2,AIR25,2000-01-24T01:16:00Z,2000-01-24T02:05:00Z,A320,49
LEG_24_6,AIR3,BASE2,2000-01-24T22:00:00Z,2000-01-25T00:22:00Z,A320,142
LEG_24_7,BASE1,AIR4,2000-01-24T16:17:00Z,2000-01-24T18:47:00Z,A320,150
LEG_24_8,AIR24,BASE2,2000-01-24T11:00:00Z,2000-01-24T11:45:00Z,A320,45
LEG_24_9,BASE2,AIR6,2000-01-24T13:08:00Z,2000-01-24T15:26:00Z,A320,138
LEG_24_10,AIR6,BASE2,2000-01-24T16:12:00Z,2000-01-24T18:34:00Z,A320,142
LEG_24_11,AIR4,BASE3,2000-01-24T19:35:00Z,2000-01-24T21:10:00Z,A320,95
LEG_24_12,BASE3,AIR1,2000-01-24T22:20:00Z,2000-01-25T00:05:00Z,A320,105
LEG_24_13,BASE3,AIR7,2000-01-24T22:25:00Z,2000-01-24T23:13:00Z,A320,48
LEG_24_14,AIR1,BASE3,2000-01-24T19:55:00Z,2000-01-24T21:35:00Z,A320,100
LEG_24_15,BASE2,AIR8,2000-01-24T22:56:00Z,2000-01-25T00:59:00Z,A320,123
LEG_24_16,BASE1,AIR9,2000-01-24T16:25:00Z,2000-01-24T17:14:00Z,A320,49
LEG_24_17,AIR10,BASE1,2000-01-24T13:45:00Z,2000-01-24T15:23:00Z,A320,98
LEG_24_18,AIR11,BASE2,2000-01-24T12:20:00Z,2000-01-24T13:16:00Z,A320,56
LEG_24_19,BASE2,AIR12,2000-01-24T14:17:00Z,2000-01-24T15:58:00Z,A320,101
LEG_24_20,AIR12,BASE2,2000-01-24T16:45:00Z,2000-01-24T18:28:00Z,A320,103
LEG_24_21,BASE2,BASE1,2000-01-24T14:10:00Z,2000-01-24T16:02:00Z,A320,112
LEG_24_22,BASE2,BASE1,2000-01-24T16:21:00Z,2000-01-24T18:20:00Z,A320,119
LEG_24_23,BASE1,AIR13,2000-01-24T19:31:00Z,2000-01-24T20:23:00Z,A320,52
LEG_24_24,AIR14,BASE1,2000-01-24T21:35:00Z,2000-01-24T22:59:00Z,A320,84
LEG_24_25,AIR9,BASE1,2000-01-24T17:55:00Z,2000-01-24T18:42:00Z,A320,47
LEG_24_26,BASE1,AIR14,2000-01-24T19:27:00Z,2000-01-24T20:53:00Z,A320,86
LEG_24_27,AIR8,BASE2,2000-01-24T10:00:00Z,2000-01-24T11:52:00Z,A320,112
LEG_24_28,BASE2,AIR15,2000-01-24T12:54:00Z,2000-01-24T13:59:00Z,A320,65
LEG_24_29,BASE1,BASE2,2000-01-24T23:50:00Z,2000-01-25T01:49:00Z,A320,119
LEG_24_30,AIR13,BASE1,2000-01-24T21:25:00Z,2000-01-24T22:26:00Z,A320,61
LEG_24_31,BASE3,BASE2,2000-01-24T18:08:00Z,2000-01-24T20:02:00Z,A320,114
LEG_24_32,BASE2,AIR16,2000-01-24T21:25:00Z,2000-01-24T23:14:00Z,A320,109
LEG_24_33,AIR15,BASE3,2000-01-24T15:00:00Z,2000-01-24T16:44:00Z,A320,104
LEG_24_34,BASE3,AIR10,2000-01-24T02:30:00Z,2000-01-24T03:34:00Z,A320,64
LEG_24_35,AIR7,BASE3,2000-01-24T00:10:00Z,2000-01-24T00:56:00Z,A320,46
LEG_24_36,BASE1,AIR17,2000-01-24T23:48:00Z,2000-01-25T01:52:00Z,A320,124
LEG_24_37,AIR17,BASE1,2000-01-24T13:00:00Z,2000-01-24T15:10:00Z,A320,130
LEG_24_38,BASE2,AIR19,2000-01-24T10:36:00Z,2000-01-24T11:29:00Z,A320,53
LEG_24_39,AIR19,BASE2,2000-01-24T12:10:00Z,2000-01-24T13:18:00Z,A320,68
LEG_24_40,BASE2,AIR20,2000-01-24T19:35:00Z,2000-01-24T21:12:00Z,A320,97
LEG_24_41,AIR20,BASE2,2000-01-24T22:15:00Z,2000-01-24T23:53:00Z,A320,98
LEG_24_42,BASE2,AIR19,2000-01-24T21:20:00Z,2000-01-24T22:25:00Z,A320,65
LEG_24_43,AIR21,BASE2,2000-01-24T10:20:00Z,2000-01-24T11:53:00Z,A320,93
LEG_24_44,BASE2,AIR22,2000-01-24T12:52:00Z,2000-01-24T14:25:00Z,A320,93
LEG_24_45,AIR22,BASE2,2000-01-24T22:05:00Z,2000-01-24T23:44:00Z,A320,99
LEG_24_46,BASE2,AIR21,2000-01-24T01:01:00Z,2000-01-24T02:29:00Z,A320,88
LEG_24_47,AIR16,BASE2,2000-01-24T20:05:00Z,2000-01-24T22:01:00Z,A320,116
LEG_24_48,AIR16,BASE2,2000-01-24T13:10:00Z,2000-01-24T15:05:00Z,A320,115
LEG_24_49,AIR22,BASE2,2000-01-24T15:10:00Z,2000-01-24T16:47:00Z,A320,97
LEG_24_50,BASE2,AIR16,2000-01-24T17:37:00Z,2000-01-24T19:17:00Z,A320,100
LEG_24_51,AIR23,BASE2,2000-01-24T10:10:00Z,2000-01-24T11:55:00Z,A320,105
LEG_24_52,BASE2,AIR24,2000-01-24T12:56:00Z,2000-01-24T13:43:00Z,A320,47
LEG_24_53,BASE2,AIR23,2000-01-24T14:20:00Z,2000-01-24T15:47:00Z,A320,87
LEG_24_54,BASE2,AIR23,2000-01-24T00:50:00Z,2000-01-24T02:18:00Z,A320,88
LEG_24_55,AIR23,BASE2,2000-01-24T16:30:00Z,2000-01-24T18:18:00Z,A320,108
LEG_24_56,BASE2,AIR23,2000-01-24T17:48:00Z,2000-01-24T19:19:00Z,A320,91
LEG_24_57,AIR23,BASE2,2000-01-24T20:05:00Z,2000-01-24T21:50:00Z,A320,105
LEG_24_58,BASE2,AIR11,2000-01-24T10:44:00Z,2000-01-24T11:39:00Z,A320,55
LEG_24_59,BASE2,AIR22,2000-01-24T19:27:00Z,2000-01-24T21:08:00Z,A320,101
LEG_24_60,AIR24,BASE2,2000-01-24T14:30:00Z,2000-01-24T15:12:00Z,A320,42
LEG_24_61,AIR25,BASE2,2000-01-24T11:00:00Z,2000-01-24T11:44:00Z,A320,44
LEG_24_62,AIR19,BASE2,2000-01-24T23:15:00Z,2000-01-25T00:20:00Z,A320,65
LEG_24_63,BASE2,AIR24,2000-01-24T01:20:00Z,2000-01-24T02:02:00Z,A320,42
LEG_25_0,BASE1,AIR1,2000-01-25T18:00:00Z,2000-01-25T19:15:00Z,A320,75
LEG_25_1,AIR1,BASE2,2000-01-25T01:00:00Z,2000-01-25T02:11:00Z,A320,71
LEG_25_2,AIR2,BASE2,2000-01-25T11:15:00Z,2000-01-25T13:17:00Z,A320,122
LEG_25_3,BASE2,AIR2,2000-01-25T23:01:00Z,2000-01-26T00:52:00Z,A320,111
LEG_25_4,BASE2,AIR3,2000-01-25T19:12:00Z,2000-01-25T21:11:00Z,A320,119
LEG_25_5,BASE2,AIR25,2000-01-25T01:16:00Z,2000-01-25T02:05:00Z,A320,49
LEG_25_6,AIR3,BASE2,2000-01-25T22:00:00Z,2000-01-26T00:22:00Z,A320,142
LEG_25_7,BASE1,AIR4,2000-01-25T16:17:00Z,2000-01-25T18:47:00Z,A320,150
LEG_25_8,AIR24,BASE2,2000-01-25T11:00:00Z,2000-01-25T11:45:00Z,A320,45
LEG_25_9,BASE2,AIR6,2000-01-25T13:08:00Z,2000-01-25T15:26:00Z,A320,138
LEG_25_10,AIR6,BASE2,2000-01-25T16:12:00Z,2000-01-25T18:34:00Z,A320,142
LEG_25_11,AIR4,BASE3,2000-01-25T19:35:00Z,2000-01-25T21:10:00Z,A320,95
LEG_25_12,BASE3,AIR1,2000-01-25T22:20:00Z,2000-01-26T00:05:00Z,A320,105
LEG_25_13,BASE3,AIR7,2000-01-25T22:25:00Z,2000-01-25T23:13:00Z,A320,48
LEG_25_14,AIR1,BASE3,2000-01-25T19:55:00Z,2000-01-25T21:35:00Z,A320,100
LEG_25_15,BASE2,AIR8,2000-01-25T22:56:00Z,2000-01-26T00:59:00Z,A320,123
LEG_25_16,BASE1,AIR9,2000-01-25T16:25:00Z,2000-01-25T17:14:00Z,A320,49
LEG_25_17,AIR10,BASE1,2000-01-25T13:45:00Z,2000-01-25T15:23:00Z,A320,98
LEG_25_18,AIR11,BASE2,2000-01-25T12:20:00Z,2000-01-25T13:16:00Z,A320,56
LEG_25_19,BASE2,AIR12,2000-01-25T14:17:00Z,2000-01-25T15:58:00Z,A320,101
LEG_25_20,AIR12,BASE2,2000-01-25T16:45:00Z,2000-01-25T18:28:00Z,A320,103
LEG_25_21,BASE2,BASE1,2000-01-25T14:10:00Z,2000-01-25T16:02:00Z,A320,112
LEG_25_22,BASE2,BASE1,2000-01-25T16:21:00Z,2000-01-25T18:20:00Z,A320,119
LEG_25_23,BASE1,AIR13,2000-01-25T19:31:00Z,2000-01-25T20:23:00Z,A320,52
LEG_25_24,AIR14,BASE1,2000-01-25T21:35:00Z,2000-01-25T22:59:00Z,A320,84
LEG_25_25,AIR9,BASE1,2000-01-25T17:55:00Z,2000-01-25T18:42:00Z,A320,47
LEG_25_26,BASE1,AIR14,2000-01-25T19:27:00Z,2000-01-25T20:53:00Z,A320,86
LEG_25_27,AIR8,BASE2,2000-01-25T10:00:00Z,2000-01-25T11:52:00Z,A320,112
LEG_25_28,BASE2,AIR15,2000-01-25T12:54:00Z,2000-01-25T13:59:00Z,A320,65
LEG_25_29,BASE1,BASE2,2000-01-25T23:50:00Z,2000-01-26T01:49:00Z,A320,119
LEG_25_30,AIR13,BASE1,2000-01-25T21:25:00Z,2000-01-25T22:26:00Z,A320,61
LEG_25_31,BASE3,BASE2,2000-01-25T18:08:00Z,2000-01-25T20:02:00Z,A320,114
LEG_25_32,BASE2,AIR16,2000-01-25T21:25:00Z,2000-01-25T23:14:00Z,A320,109
LEG_25_33,AIR15,BASE3,2000-01-25T15:00:00Z,2000-01-25T16:44:00Z,A320,104
LEG_25_34,BASE3,AIR10,2000-01-25T02:30:00Z,2000-01-25T03:34:00Z,A320,64
LEG_25_35,AIR7,BASE3,2000-01-25T00:10:00Z,2000-01-25T00:56:00Z,A320,46
LEG_25_36,BASE1,AIR17,2000-01-25T23:48:00Z,2000-01-26T01:52:00Z,A320,124
LEG_25_37,AIR17,BASE1,2000-01-25T13:00:00Z,2000-01-25T15:10:00Z,A320,130
LEG_25_38,BASE2,AIR19,2000-01-25T10:36:00Z,2000-01-25T11:29:00Z,A320,53
LEG_25_39,AIR19,BASE2,2000-01-25T12:10:00Z,2000-01-25T13:18:00Z,A320,68
LEG_25_40,BASE2,AIR20,2000-01-25T19:35:00Z,2000-01-25T21:12:00Z,A320,97
LEG_25_41,AIR20,BASE2,2000-01-25T22:15:00Z,2000-01-25T23:53:00Z,A320,98
LEG_25_42,BASE2,AIR19,2000-01-25T21:20:00Z,2000-01-25T22:25:00Z,A320,65
LEG_25_43,AIR21,BASE2,2000-01-25T10:20:00Z,2000-01-25T11:53:00Z,A320,93
LEG_25_44,BASE2,AIR22,2000-01-25T12:52:00Z,2000-01-25T14:25:00Z,A320,93
LEG_25_45,AIR22,BASE2,2000-01-25T22:05:00Z,2000-01-25T23:44:00Z,A320,99
LEG_25_46,BASE2,AIR21,2000-01-25T01:01:00Z,2000-01-25T02:29:00Z,A320,88
LEG_25_47,AIR16,BASE2,2000-01-25T20:05:00Z,2000-01-25T22:01:00Z,A320,116
LEG_25_48,AIR16,BASE2,2000-01-25T13:10:00Z,2000-01-25T15:05:00Z,A320,115
LEG_25_49,AIR22,BASE2,2000-01-25T15:10:00Z,2000-01-25T16:47:00Z,A320,97
LEG_25_50,BASE2,AIR16,2000-01-25T17:37:00Z,2000-01-25T19:17:00Z,A320,100
LEG_25_51,AIR23,BASE2,2000-01-25T10:10:00Z,2000-01-25T11:55:00Z,A320,105
LEG_25_52,BASE2,AIR24,2000-01-25T12:56:00Z,2000-01-25T13:43:00Z,A320,47
LEG_25_53,BASE2,AIR23,2000-01-25T14:20:00Z,2000-01-25T15:47:00Z,A320,87
LEG_25_54,BASE2,AIR23,2000-01-25T00:50:00Z,2000-01-25T02:18:00Z,A320,88
LEG_25_55,AIR23,BASE2,2000-01-25T16:30:00Z,2000-01-25T18:18:00Z,A320,108
LEG_25_56,BASE2,AIR23,2000-01-25T17:48:00Z,2000-01-25T19:19:00Z,A320,91
LEG_25_57,AIR23,BASE2,2000-01-25T20:05:00Z,2000-01-25T21:50:00Z,A320,105
LEG_25_58,BASE2,AIR11,2000-01-25T10:44:00Z,2000-01-25T11:39:00Z,A320,55
LEG_25_59,BASE2,AIR22,2000-01-25T19:27:00Z,2000-01-25T21:08:00Z,A320,101
LEG_25_60,AIR24,BASE2,2000-01-25T14:30:00Z,2000-01-25T15:12:00Z,A320,42
LEG_25_61,AIR25,BASE2,2000-01-25T11:00:00Z,2000-01-25T11:44:00Z,A320,44
LEG_25_62,AIR19,BASE2,2000-01-25T23:15:00Z,2000-01-26T00:20:00Z,A320,65
LEG_25_63,BASE2,AIR24,2000-01-25T01:20:00Z,2000-01-25T02:02:00Z,A320,42
LEG_26_0,AIR1,BASE1,2000-01-26T19:00:00Z,2000-01-26T20:24:00Z,A320,84
LEG_26_1,AIR1,BASE1,2000-01-26T21:00:00Z,2000-01-26T22:33:00Z,A320,93
LEG_26_2,AIR26,BASE1,2000-01-26T21:40:00Z,2000-01-26T23:00:00Z,A320,80
LEG_26_3,BASE2,AIR1,2000-01-26T12:53:00Z,2000-01-26T14:12:00Z,A320,79
LEG_26_4,AIR1,BASE2,2000-01-26T01:00:00Z,2000-01-26T02:11:00Z,A320,71
LEG_26_5,AIR2,BASE2,2000-01-26T11:15:00Z,2000-01-26T13:17:00Z,A320,122
LEG_26_6,BASE2,AIR25,2000-01-26T01:16:00Z,2000-01-26T02:05:00Z,A320,49
LEG_26_7,AIR24,BASE2,2000-01-26T11:00:00Z,2000-01-26T11:45:00Z,A320,45
LEG_26_8,BASE2,AIR6,2000-01-26T13:08:00Z,2000-01-26T15:26:00Z,A320,138
LEG_26_9,AIR6,BASE2,2000-01-26T16:12:00Z,2000-01-26T18:34:00Z,A320,142
LEG_26_10,AIR8,BASE2,2000-01-26T13:05:00Z,2000-01-26T14:57:00Z,A320,112
LEG_26_11,BASE1,AIR14,2000-01-26T23:43:00Z,2000-01-27T01:08:00Z,A320,85
LEG_26_12,BASE1,AIR15,2000-01-26T21:46:00Z,2000-01-26T22:47:00Z,A320,61
LEG_26_13,BASE2,BASE1,2000-01-26T16:15:00Z,2000-01-26T18:14:00Z,A320,119
LEG_26_14,BASE2,AIR15,2000-01-26T12:54:00Z,2000-01-26T13:59:00Z,A320,65
LEG_26_15,BASE3,BASE2,2000-01-26T18:08:00Z,2000-01-26T20:02:00Z,A320,114
LEG_26_16,AIR15,BASE3,2000-01-26T15:00:00Z,2000-01-26T16:44:00Z,A320,104
LEG_26_17,BASE3,AIR10,2000-01-26T02:30:00Z,2000-01-26T03:34:00Z,A320,64
LEG_26_18,AIR7,BASE3,2000-01-26T00:10:00Z,2000-01-26T00:56:00Z,A320,46
LEG_26_19,AIR17,BASE1,2000-01-26T13:00:00Z,2000-01-26T15:10:00Z,A320,130
LEG_26_20,BASE2,AIR20,2000-01-26T19:35:00Z,2000-01-26T21:12:00Z,A320,97
LEG_26_21,AIR20,BASE2,2000-01-26T22:15:00Z,2000-01-26T23:53:00Z,A320,98
LEG_26_22,AIR10,BASE2,2000-01-26T14:55:00Z,2000-01-26T16:34:00Z,A320,99
LEG_26_23,BASE1,AIR28,2000-01-26T18:11:00Z,2000-01-26T20:15:00Z,A320,124
LEG_26_24,BASE2,AIR21,2000-01-26T14:27:00Z,2000-01-26T15:55:00Z,A320,88
LEG_26_25,AIR21,BASE2,2000-01-26T10:20:00Z,2000-01-26T11:53:00Z,A320,93
LEG_26_26,BASE2,AIR1,2000-01-26T19:00:00Z,2000-01-26T20:17:00Z,A320,77
LEG_26_27,AIR21,BASE2,2000-01-26T16:40:00Z,2000-01-26T18:12:00Z,A320,92
LEG_26_28,AIR22,BASE2,2000-01-26T22:05:00Z,2000-01-26T23:44:00Z,A320,99
LEG_26_29,BASE2,AIR21,2000-01-26T01:01:00Z,2000-01-26T02:29:00Z,A320,88
LEG_26_30,BASE2,AIR16,2000-01-26T13:19:00Z,2000-01-26T15:06:00Z,A320,107
LEG_26_31,AIR16,BASE2,2000-01-26T20:05:00Z,2000-01-26T22:01:00Z,A320,116
LEG_26_32,AIR16,BASE2,2000-01-26T13:10:00Z,2000-01-26T15:05:00Z,A320,115
LEG_26_33,BASE2,AIR16,2000-01-26T17:37:00Z,2000-01-26T19:17:00Z,A320,100
LEG_26_34,AIR16,BASE2,2000-01-26T16:00:00Z,2000-01-26T17:55:00Z,A320,115
LEG_26_35,BASE2,AIR29,2000-01-26T16:22:00Z,2000-01-26T19:00:00Z,A320,158
LEG_26_36,AIR29,BASE2,2000-01-26T21:00:00Z,2000-01-26T23:34:00Z,A320,154
LEG_26_37,BASE2,AIR29,2000-01-26T23:07:00Z,2000-01-27T01:43:00Z,A320,156
LEG_26_38,AIR28,BASE2,2000-01-26T21:00:00Z,2000-01-26T22:10:00Z,A320,70
LEG_26_39,BASE1,AIR26,2000-01-26T19:22:00Z,2000-01-26T20:48:00Z,A320,86
LEG_26_40,AIR23,BASE2,2000-01-26T10:10:00Z,2000-01-26T11:55:00Z,A320,105
LEG_26_41,BASE2,AIR23,2000-01-26T14:20:00Z,2000-01-26T15:47:00Z,A320,87
LEG_26_42,BASE2,AIR23,2000-01-26T00:50:00Z,2000-01-26T02:18:00Z,A320,88
LEG_26_43,AIR23,BASE2,2000-01-26T16:30:00Z,2000-01-26T18:18:00Z,A320,108
LEG_26_44,BASE2,AIR23,2000-01-26T17:48:00Z,2000-01-26T19:19:00Z,A320,91
LEG_26_45,AIR23,BASE2,2000-01-26T20:05:00Z,2000-01-26T21:50:00Z,A320,105
LEG_26_46,BASE2,AIR22,2000-01-26T19:27:00Z,2000-01-26T21:08:00Z,A320,101
LEG_26_47,BASE2,AIR23,2000-01-26T20:58:00Z,2000-01-26T22:31:00Z,A320,93
LEG_26_48,AIR25,BASE2,2000-01-26T11:00:00Z,2000-01-26T11:44:00Z,A320,44
LEG_26_49,BASE2,AIR33,2000-01-26T21:03:00Z,2000-01-26T22:54:00Z,A320,111
LEG_26_50,BASE2,AIR24,2000-01-26T01:20:00Z,2000-01-26T02:02:00Z,A320,42
LEG_27_0,BASE1,AIR1,2000-01-27T19:00:00Z,2000-01-27T20:16:00Z,A320,76
LEG_27_1,AIR34,BASE2,2000-01-27T12:00:00Z,2000-01-27T13:01:00Z,A320,61
LEG_27_2,BASE2,AIR34,2000-01-27T00:57:00Z,2000-01-27T02:00:00Z,A320,63
LEG_27_3,BASE2,AIR2,2000-01-27T20:20:00Z,2000-01-27T22:10:00Z,A320,110
LEG_27_4,AIR2,BASE2,2000-01-27T23:05:00Z,2000-01-28T01:09:00Z,A320,124
LEG_27_5,BASE1,AIR3,2000-01-27T23:11:00Z,2000-01-28T01:55:00Z,A320,164
LEG_27_6,BASE2,BASE1,2000-01-27T15:12:00Z,2000-01-27T17:07:00Z,A320,115
LEG_27_7,BASE2,BASE1,2000-01-27T18:40:00Z,2000-01-27T20:29:00Z,A320,109
LEG_27_8,BASE2,BASE1,2000-01-27T17:29:00Z,2000-01-27T19:26:00Z,A320,117
LEG_27_9,AIR29,BASE3,2000-01-27T12:25:00Z,2000-01-27T13:40:00Z,A320,75
LEG_27_10,AIR27,BASE2,2000-01-27T12:00:00Z,2000-01-27T12:47:00Z,A320,47
LEG_27_11,BASE3,AIR22,2000-01-27T23:20:00Z,2000-01-28T00:15:00Z,A320,55
LEG_27_12,AIR1,BASE3,2000-01-27T20:56:00Z,2000-01-27T22:35:00Z,A320,99
LEG_27_13,AIR32,BASE2,2000-01-27T22:10:00Z,2000-01-27T23:16:00Z,A320,66
LEG_27_14,BASE2,AIR22,2000-01-27T17:10:00Z,2000-01-27T18:49:00Z,A320,99
LEG_27_15,BASE2,AIR35,2000-01-27T22:15:00Z,2000-01-27T23:58:00Z,A320,103
LEG_27_16,AIR10,BASE2,2000-01-27T19:35:00Z,2000-01-27T21:14:00Z,A320,99
LEG_27_17,BASE2,AIR27,2000-01-27T01:22:00Z,2000-01-27T02:05:00Z,A320,43
LEG_27_18,BASE3,AIR36,2000-01-27T14:50:00Z,2000-01-27T16:15:00Z,A320,85
LEG_27_19,BASE1,AIR22,2000-01-27T21:08:00Z,2000-01-27T23:14:00Z,A320,126
LEG_27_20,BASE1,AIR22,2000-01-27T16:35:00Z,2000-01-27T18:44:00Z,A320,129
LEG_27_21,AIR14,BASE1,2000-01-27T14:15:00Z,2000-01-27T15:49:00Z,A320,94
LEG_27_22,AIR22,BASE1,2000-01-27T19:25:00Z,2000-01-27T21:30:00Z,A320,125
LEG_27_23,BASE2,AIR1,2000-01-27T17:20:00Z,2000-01-27T18:36:00Z,A320,76
LEG_27_24,BASE1,AIR30,2000-01-27T00:20:00Z,2000-01-27T01:30:00Z,A320,70
LEG_27_25,AIR37,BASE2,2000-01-27T16:25:00Z,2000-01-27T17:38:00Z,A320,73
LEG_27_26,BASE1,AIR8,2000-01-27T21:40:00Z,2000-01-28T00:14:00Z,A320,154
LEG_27_27,BASE2,AIR16,2000-01-27T14:19:00Z,2000-01-27T16:00:00Z,A320,101
LEG_27_28,BASE2,AIR32,2000-01-27T20:18:00Z,2000-01-27T21:26:00Z,A320,68
LEG_27_29,AIR16,BASE2,2000-01-27T17:00:00Z,2000-01-27T18:59:00Z,A320,119
LEG_27_30,BASE2,AIR17,2000-01-27T15:26:00Z,2000-01-27T16:32:00Z,A320,66
LEG_27_31,AIR17,BASE2,2000-01-27T17:40:00Z,2000-01-27T18:55:00Z,A320,75
LEG_27_32,AIR10,BASE2,2000-01-27T23:00:00Z,2000-01-28T00:36:00Z,A320,96
LEG_27_33,AIR23,BASE2,2000-01-27T17:35:00Z,2000-01-27T19:22:00Z,A320,107
LEG_27_34,BASE2,AIR10,2000-01-27T20:28:00Z,2000-01-27T22:10:00Z,A320,102
LEG_27_35,BASE2,AIR23,2000-01-27T21:58:00Z,2000-01-27T23:30:00Z,A320,92
LEG_27_36,AIR1,BASE2,2000-01-27T19:45:00Z,2000-01-27T21:02:00Z,A320,77
LEG_27_37,AIR23,BASE2,2000-01-27T13:55:00Z,2000-01-27T15:41:00Z,A320,106
LEG_27_38,BASE2,AIR10,2000-01-27T17:07:00Z,2000-01-27T18:50:00Z,A320,103
LEG_27_39,BASE2,AIR23,2000-01-27T15:25:00Z,2000-01-27T16:52:00Z,A320,87
LEG_27_40,AIR36,BASE1,2000-01-27T17:00:00Z,2000-01-27T18:21:00Z,A320,81
LEG_27_41,BASE1,AIR36,2000-01-27T19:40:00Z,2000-01-27T21:11:00Z,A320,91
LEG_27_42,AIR36,BASE1,2000-01-27T22:00:00Z,2000-01-27T23:26:00Z,A320,86
LEG_27_43,AIR15,BASE2,2000-01-27T12:00:00Z,2000-01-27T13:14:00Z,A320,74
LEG_27_44,AIR30,BASE2,2000-01-27T13:10:00Z,2000-01-27T14:25:00Z,A320,75
LEG_27_45,BASE2,AIR37,2000-01-27T14:16:00Z,2000-01-27T15:28:00Z,A320,72
LEG_27_46,BASE2,AIR27,2000-01-27T14:07:00Z,2000-01-27T14:46:00Z,A320,39
LEG_27_47,AIR27,BASE2,2000-01-27T15:32:00Z,2000-01-27T16:15:00Z,A320,43
LEG_27_48,AIR33,BASE2,2000-01-27T14:00:00Z,2000-01-27T16:06:00Z,A320,126
LEG_27_49,BASE2,AIR33,2000-01-27T22:13:00Z,2000-01-27T23:59:00Z,A320,106
LEG_27_50,AIR22,BASE2,2000-01-27T19:40:00Z,2000-01-27T21:16:00Z,A320,96
LEG_28_0,BASE1,AIR1,2000-01-28T19:00:00Z,2000-01-28T20:16:00Z,A320,76
LEG_28_1,BASE1,AIR1,2000-01-28T20:00:00Z,2000-01-28T21:17:00Z,A320,77
LEG_28_2,AIR1,BASE1,2000-01-28T22:00:00Z,2000-01-28T23:36:00Z,A320,96
LEG_28_3,AIR3,BASE2,2000-01-28T12:10:00Z,2000-01-28T14:25:00Z,A320,135
LEG_28_4,BASE2,AIR2,2000-01-28T20:20:00Z,2000-01-28T22:10:00Z,A320,110
LEG_28_5,AIR2,BASE2,2000-01-28T23:05:00Z,2000-01-29T01:09:00Z,A320,124
LEG_28_6,BASE1,AIR3,2000-01-28T23:11:00Z,2000-01-29T01:55:00Z,A320,164
LEG_28_7,BASE2,BASE1,2000-01-28T15:12:00Z,2000-01-28T17:07:00Z,A320,115
LEG_28_8,BASE2,BASE1,2000-01-28T18:40:00Z,2000-01-28T20:29:00Z,A320,109
LEG_28_9,BASE2,BASE1,2000-01-28T17:29:00Z,2000-01-28T19:26:00Z,A320,117
LEG_28_10,BASE1,AIR14,2000-01-28T04:05:00Z,2000-01-28T05:28:00Z,A320,83
LEG_28_11,BASE3,AIR22,2000-01-28T03:30:00Z,2000-01-28T04:24:00Z,A320,54
LEG_28_12,AIR8,BASE3,2000-01-28T01:00:00Z,2000-01-28T02:20:00Z,A320,80
LEG_28_13,BASE3,AIR22,2000-01-28T23:20:00Z,2000-01-29T00:15:00Z,A320,55
LEG_28_14,AIR1,BASE3,2000-01-28T20:56:00Z,2000-01-28T22:35:00Z,A320,99
LEG_28_15,AIR32,BASE2,2000-01-28T22:10:00Z,2000-01-28T23:16:00Z,A320,66
LEG_28_16,AIR35,BASE2,2000-01-28T14:15:00Z,2000-01-28T16:15:00Z,A320,120
LEG_28_17,BASE2,AIR22,2000-01-28T17:10:00Z,2000-01-28T18:49:00Z,A320,99
LEG_28_18,BASE2,AIR35,2000-01-28T22:15:00Z,2000-01-28T23:58:00Z,A320,103
LEG_28_19,AIR10,BASE2,2000-01-28T19:35:00Z,2000-01-28T21:14:00Z,A320,99
LEG_28_20,AIR38,BASE3,2000-01-28T12:55:00Z,2000-01-28T13:56:00Z,A320,61
LEG_28_21,BASE3,AIR36,2000-01-28T14:50:00Z,2000-01-28T16:15:00Z,A320,85
LEG_28_22,BASE1,AIR22,2000-01-28T21:08:00Z,2000-01-28T23:14:00Z,A320,126
LEG_28_23,AIR22,BASE1,2000-01-28T00:00:00Z,2000-01-28T02:10:00Z,A320,130
LEG_28_24,BASE1,AIR22,2000-01-28T16:35:00Z,2000-01-28T18:44:00Z,A320,129
LEG_28_25,AIR14,BASE1,2000-01-28T14:15:00Z,2000-01-28T15:49:00Z,A320,94
LEG_28_26,AIR22,BASE1,2000-01-28T19:25:00Z,2000-01-28T21:30:00Z,A320,125
LEG_28_27,AIR22,BASE2,2000-01-28T14:40:00Z,2000-01-28T16:14:00Z,A320,94
LEG_28_28,BASE2,AIR1,2000-01-28T17:20:00Z,2000-01-28T18:36:00Z,A320,76
LEG_28_29,AIR22,BASE3,2000-01-28T01:10:00Z,2000-01-28T02:13:00Z,A320,63
LEG_28_30,BASE3,AIR38,2000-01-28T03:35:00Z,2000-01-28T04:27:00Z,A320,52
LEG_28_31,BASE1,AIR8,2000-01-28T21:40:00Z,2000-01-29T00:14:00Z,A320,154
LEG_28_32,AIR30,BASE2,2000-01-28T12:00:00Z,2000-01-28T13:14:00Z,A320,74
LEG_28_33,BASE2,AIR16,2000-01-28T14:19:00Z,2000-01-28T16:00:00Z,A320,101
LEG_28_34,BASE2,AIR32,2000-01-28T20:18:00Z,2000-01-28T21:26:00Z,A320,68
LEG_28_35,AIR16,BASE2,2000-01-28T17:00:00Z,2000-01-28T18:59:00Z,A320,119
LEG_28_36,AIR22,BASE2,2000-01-28T12:50:00Z,2000-01-28T14:26:00Z,A320,96
LEG_28_37,BASE2,AIR17,2000-01-28T15:26:00Z,2000-01-28T16:32:00Z,A320,66
LEG_28_38,BASE1,AIR30,2000-01-28T01:20:00Z,2000-01-28T02:33:00Z,A320,73
LEG_28_39,AIR17,BASE2,2000-01-28T17:40:00Z,2000-01-28T18:55:00Z,A320,75
LEG_28_40,BASE2,AIR23,2000-01-28T01:50:00Z,2000-01-28T03:13:00Z,A320,83
LEG_28_41,AIR10,BASE2,2000-01-28T23:00:00Z,2000-01-29T00:36:00Z,A320,96
LEG_28_42,AIR23,BASE2,2000-01-28T17:35:00Z,2000-01-28T19:22:00Z,A320,107
LEG_28_43,BASE2,AIR10,2000-01-28T20:28:00Z,2000-01-28T22:10:00Z,A320,102
LEG_28_44,AIR23,BASE2,2000-01-28T11:10:00Z,2000-01-28T12:58:00Z,A320,108
LEG_28_45,BASE2,AIR22,2000-01-28T13:52:00Z,2000-01-28T15:26:00Z,A320,94
LEG_28_46,BASE2,AIR23,2000-01-28T21:58:00Z,2000-01-28T23:30:00Z,A320,92
LEG_28_47,AIR1,BASE2,2000-01-28T19:45:00Z,2000-01-28T21:02:00Z,A320,77
LEG_28_48,AIR23,BASE2,2000-01-28T13:55:00Z,2000-01-28T15:41:00Z,A320,106
LEG_28_49,BASE2,AIR10,2000-01-28T17:07:00Z,2000-01-28T18:50:00Z,A320,103
LEG_28_50,AIR10,BASE2,2000-01-28T13:00:00Z,2000-01-28T14:36:00Z,A320,96
LEG_28_51,BASE2,AIR23,2000-01-28T15:25:00Z,2000-01-28T16:52:00Z,A320,87
LEG_28_52,AIR36,BASE1,2000-01-28T17:00:00Z,2000-01-28T18:21:00Z,A320,81
LEG_28_53,BASE2,AIR10,2000-01-28T00:06:00Z,2000-01-28T01:50:00Z,A320,104
LEG_28_54,AIR22,BASE2,2000-01-28T16:15:00Z,2000-01-28T17:49:00Z,A320,94
LEG_28_55,BASE2,AIR22,2000-01-28T11:45:00Z,2000-01-28T13:24:00Z,A320,99
LEG_28_56,AIR33,BASE2,2000-01-28T14:00:00Z,2000-01-28T16:06:00Z,A320,126
LEG_28_57,BASE2,AIR33,2000-01-28T22:13:00Z,2000-01-28T23:59:00Z,A320,106
LEG_28_58,AIR22,BASE2,2000-01-28T19:40:00Z,2000-01-28T21:16:00Z,A320,96
LEG_29_0,BASE1,AIR1,2000-01-29T19:00:00Z,2000-01-29T20:16:00Z,A320,76
LEG_29_1,BASE1,AIR1,2000-01-29T20:00:00Z,2000-01-29T21:17:00Z,A320,77
LEG_29_2,AIR1,BASE1,2000-01-29T22:00:00Z,2000-01-29T23:36:00Z,A320,96
LEG_29_3,AIR3,BASE2,2000-01-29T12:10:00Z,2000-01-29T14:25:00Z,A320,135
LEG_29_4,BASE2,AIR2,2000-01-29T20:20:00Z,2000-01-29T22:10:00Z,A320,110
LEG_29_5,AIR2,BASE2,2000-01-29T23:05:00Z,2000-01-30T01:09:00Z,A320,124
LEG_29_6,BASE1,AIR3,2000-01-29T23:11:00Z,2000-01-30T01:55:00Z,A320,164
LEG_29_7,BASE2,BASE1,2000-01-29T15:12:00Z,2000-01-29T17:07:00Z,A320,115
LEG_29_8,BASE2,BASE1,2000-01-29T18:40:00Z,2000-01-29T20:29:00Z,A320,109
LEG_29_9,BASE2,BASE1,2000-01-29T17:29:00Z,2000-01-29T19:26:00Z,A320,117
LEG_29_10,BASE1,AIR14,2000-01-29T04:05:00Z,2000-01-29T05:28:00Z,A320,83
LEG_29_11,BASE3,AIR22,2000-01-29T03:30:00Z,2000-01-29T04:24:00Z,A320,54
LEG_29_12,AIR8,BASE3,2000-01-29T01:00:00Z,2000-01-29T02:20:00Z,A320,80
LEG_29_13,BASE3,AIR22,2000-01-29T23:20:00Z,2000-01-30T00:15:00Z,A320,55
LEG_29_14,AIR1,BASE3,2000-01-29T20:56:00Z,2000-01-29T22:35:00Z,A320,99
LEG_29_15,AIR32,BASE2,2000-01-29T22:10:00Z,2000-01-29T23:16:00Z,A320,66
LEG_29_16,AIR35,BASE2,2000-01-29T14:15:00Z,2000-01-29T16:15:00Z,A320,120
LEG_29_17,BASE2,AIR22,2000-01-29T17:10:00Z,2000-01-29T18:49:00Z,A320,99
LEG_29_18,BASE2,AIR35,2000-01-29T22:15:00Z,2000-01-29T23:58:00Z,A320,103
LEG_29_19,AIR10,BASE2,2000-01-29T19:35:00Z,2000-01-29T21:14:00Z,A320,99
LEG_29_20,AIR38,BASE3,2000-01-29T12:55:00Z,2000-01-29T13:56:00Z,A320,61
LEG_29_21,BASE3,AIR36,2000-01-29T14:50:00Z,2000-01-29T16:15:00Z,A320,85
LEG_29_22,BASE1,AIR22,2000-01-29T21:08:00Z,2000-01-29T23:14:00Z,A320,126
LEG_29_23,AIR22,BASE1,2000-01-29T00:00:00Z,2000-01-29T02:10:00Z,A320,130
LEG_29_24,BASE1,AIR22,2000-01-29T16:35:00Z,2000-01-29T18:44:00Z,A320,129
LEG_29_25,AIR14,BASE1,2000-01-29T14:15:00Z,2000-01-29T15:49:00Z,A320,94
LEG_29_26,AIR22,BASE1,2000-01-29T19:25:00Z,2000-01-29T21:30:00Z,A320,125
LEG_29_27,AIR22,BASE2,2000-01-29T14:40:00Z,2000-01-29T16:14:00Z,A320,94
LEG_29_28,BASE2,AIR1,2000-01-29T17:20:00Z,2000-01-29T18:36:00Z,A320,76
LEG_29_29,AIR22,BASE3,2000-01-29T01:10:00Z,2000-01-29T02:13:00Z,A320,63
LEG_29_30,BASE3,AIR38,2000-01-29T03:35:00Z,2000-01-29T04:27:00Z,A320,52
LEG_29_31,BASE1,AIR8,2000-01-29T21:40:00Z,2000-01-30T00:14:00Z,A320,154
LEG_29_32,AIR30,BASE2,2000-01-29T12:00:00Z,2000-01-29T13:14:00Z,A320,74
LEG_29_33,BASE2,AIR16,2000-01-29T14:19:00Z,2000-01-29T16:00:00Z,A320,101
LEG_29_34,BASE2,AIR32,2000-01-29T20:18:00Z,2000-01-29T21:26:00Z,A320,68
LEG_29_35,AIR16,BASE2,2000-01-29T17:00:00Z,2000-01-29T18:59:00Z,A320,119
LEG_29_36,AIR22,BASE2,2000-01-29T12:50:00Z,2000-01-29T14:26:00Z,A320,96
LEG_29_37,BASE2,AIR17,2000-01-29T15:26:00Z,2000-01-29T16:32:00Z,A320,66
LEG_29_38,BASE1,AIR30,2000-01-29T01:20:00Z,2000-01-29T02:33:00Z,A320,73
LEG_29_39,AIR17,BASE2,2000-01-29T17:40:00Z,2000-01-29T18:55:00Z,A320,75
LEG_29_40,BASE2,AIR23,2000-01-29T01:50:00Z,2000-01-29T03:13:00Z,A320,83
LEG_29_41,AIR10,BASE2,2000-01-29T23:00:00Z,2000-01-30T00:36:00Z,A320,96
LEG_29_42,AIR23,BASE2,2000-01-29T17:35:00Z,2000-01-29T19:22:00Z,A320,107
LEG_29_43,BASE2,AIR10,2000-01-29T20:28:00Z,2000-01-29T22:10:00Z,A320,102
LEG_29_44,AIR23,BASE2,2000-01-29T11:10:00Z,2000-01-29T12:58:00Z,A320,108
LEG_29_45,BASE2,AIR22,2000-01-29T13:52:00Z,2000-01-29T15:26:00Z,A320,94
LEG_29_46,BASE2,AIR23,2000-01-29T21:58:00Z,2000-01-29T23:30:00Z,A320,92
LEG_29_47,AIR1,BASE2,2000-01-29T19:45:00Z,2000-01-29T21:02:00Z,A320,77
LEG_29_48,AIR23,BASE2,2000-01-29T13:55:00Z,2000-01-29T15:41:00Z,A320,106
LEG_29_49,BASE2,AIR10,2000-01-29T17:07:00Z,2000-01-29T18:50:00Z,A320,103
LEG_29_50,AIR10,BASE2,2000-01-29T13:00:00Z,2000-01-29T14:36:00Z,A320,96
LEG_29_51,BASE2,AIR23,2000-01-29T15:25:00Z,2000-01-29T16:52:00Z,A320,87
LEG_29_52,AIR36,BASE1,2000-01-29T17:00:00Z,2000-01-29T18:21:00Z,A320,81
LEG_29_53,BASE2,AIR10,2000-01-29T00:06:00Z,2000-01-29T01:50:00Z,A320,104
LEG_29_54,AIR22,BASE2,2000-01-29T16:15:00Z,2000-01-29T17:49:00Z,A320,94
LEG_29_55,BASE2,AIR22,2000-01-29T11:45:00Z,2000-01-29T13:24:00Z,A320,99
LEG_29_56,AIR33,BASE2,2000-01-29T14:00:00Z,2000-01-29T16:06:00Z,A320,126
LEG_29_57,BASE2,AIR33,2000-01-29T22:13:00Z,2000-01-29T23:59:00Z,A320,106
LEG_29_58,AIR22,BASE2,2000-01-29T19:40:00Z,2000-01-29T21:16:00Z,A320,96
LEG_30_0,BASE1,AIR1,2000-01-30T19:00:00Z,2000-01-30T20:16:00Z,A320,76
LEG_30_1,BASE1,AIR1,2000-01-30T20:00:00Z,2000-01-30T21:17:00Z,A320,77
LEG_30_2,AIR1,BASE1,2000-01-30T22:00:00Z,2000-01-30T23:36:00Z,A320,96
LEG_30_3,AIR3,BASE2,2000-01-30T12:10:00Z,2000-01-30T14:25:00Z,A320,135
LEG_30_4,BASE2,AIR2,2000-01-30T20:20:00Z,2000-01-30T22:10:00Z,A320,110
LEG_30_5,AIR2,BASE2,2000-01-30T23:05:00Z,2000-01-31T01:09:00Z,A320,124
LEG_30_6,BASE1,AIR3,2000-01-30T23:11:00Z,2000-01-31T01:55:00Z,A320,164
LEG_30_7,BASE2,BASE1,2000-01-30T15:12:00Z,2000-01-30T17:07:00Z,A320,115
LEG_30_8,BASE2,BASE1,2000-01-30T18:40:00Z,2000-01-30T20:29:00Z,A320,109
LEG_30_9,BASE2,BASE1,2000-01-30T17:29:00Z,2000-01-30T19:26:00Z,A320,117
LEG_30_10,BASE1,AIR14,2000-01-30T04:05:00Z,2000-01-30T05:28:00Z,A320,83
LEG_30_11,BASE3,AIR22,2000-01-30T03:30:00Z,2000-01-30T04:24:00Z,A320,54
LEG_30_12,AIR8,BASE3,2000-01-30T01:00:00Z,2000-01-30T02:20:00Z,A320,80
LEG_30_13,BASE3,AIR22,2000-01-30T23:20:00Z,2000-01-31T00:15:00Z,A320,55
LEG_30_14,AIR1,BASE3,2000-01-30T20:56:00Z,2000-01-30T22:35:00Z,A320,99
LEG_30_15,AIR32,BASE2,2000-01-30T22:10:00Z,2000-01-30T23:16:00Z,A320,66
LEG_30_16,AIR35,BASE2,2000-01-30T14:15:00Z,2000-01-30T16:15:00Z,A320,120
LEG_30_17,BASE2,AIR22,2000-01-30T17:10:00Z,2000-01-30T18:49:00Z,A320,99
LEG_30_18,BASE2,AIR35,2000-01-30T22:15:00Z,2000-01-30T23:58:00Z,A320,103
LEG_30_19,AIR10,BASE2,2000-01-30T19:35:00Z,2000-01-30T21:14:00Z,A320,99
LEG_30_20,AIR38,BASE3,2000-01-30T12:55:00Z,2000-01-30T13:56:00Z,A320,61
LEG_30_21,BASE3,AIR36,2000-01-30T14:50:00Z,2000-01-30T16:15:00Z,A320,85
LEG_30_22,BASE1,AIR22,2000-01-30T21:08:00Z,2000-01-30T23:14:00Z,A320,126
LEG_30_23,AIR22,BASE1,2000-01-30T00:00:00Z,2000-01-30T02:10:00Z,A320,130
LEG_30_24,BASE1,AIR22,2000-01-30T16:35:00Z,2000-01-30T18:44:00Z,A320,129
LEG_30_25,AIR14,BASE1,2000-01-30T14:15:00Z,2000-01-30T15:49:00Z,A320,94
LEG_30_26,AIR22,BASE1,2000-01-30T19:25:00Z,2000-01-30T21:30:00Z,A320,125
LEG_30_27,AIR22,BASE2,2000-01-30T14:40:00Z,2000-01-30T16:14:00Z,A320,94
LEG_30_28,BASE2,AIR1,2000-01-30T17:20:00Z,2000-01-30T18:36:00Z,A320,76
LEG_30_29,AIR22,BASE3,2000-01-30T01:10:00Z,2000-01-30T02:13:00Z,A320,63
LEG_30_30,BASE3,AIR38,2000-01-30T03:35:00Z,2000-01-30T04:27:00Z,A320,52
LEG_30_31,BASE1,AIR8,2000-01-30T21:40:00Z,2000-01-31T00:14:00Z,A320,154
LEG_30_32,AIR30,BASE2,2000-01-30T12:00:00Z,2000-01-30T13:14:00Z,A320,74
LEG_30_33,BASE2,AIR16,2000-01-30T14:19:00Z,2000-01-30T16:00:00Z,A320,101
LEG_30_34,BASE2,AIR32,2000-01-30T20:18:00Z,2000-01-30T21:26:00Z,A320,68
LEG_30_35,AIR16,BASE2,2000-01-30T17:00:00Z,2000-01-30T18:59:00Z,A320,119
LEG_30_36,AIR22,BASE2,2000-01-30T12:50:00Z,2000-01-30T14:26:00Z,A320,96
LEG_30_37,BASE2,AIR17,2000-01-30T15:26:00Z,2000-01-30T16:32:00Z,A320,66
LEG_30_38,BASE1,AIR30,2000-01-30T01:20:00Z,2000-01-30T02:33:00Z,A320,73
LEG_30_39,AIR17,BASE2,2000-01-30T17:40:00Z,2000-01-30T18:55:00Z,A320,75
LEG_30_40,BASE2,AIR23,2000-01-30T01:50:00Z,2000-01-30T03:13:00Z,A320,83
LEG_30_41,AIR10,BASE2,2000-01-30T23:00:00Z,2000-01-31T00:36:00Z,A320,96
LEG_30_42,AIR23,BASE2,2000-01-30T17:35:00Z,2000-01-30T19:22:00Z,A320,107
LEG_30_43,BASE2,AIR10,2000-01-30T20:28:00Z,2000-01-30T22:10:00Z,A320,102
LEG_30_44,AIR23,BASE2,2000-01-30T11:10:00Z,2000-01-30T12:58:00Z,A320,108
LEG_30_45,BASE2,AIR22,2000-01-30T13:52:00Z,2000-01-30T15:26:00Z,A320,94
LEG_30_46,BASE2,AIR23,2000-01-30T21:58:00Z,2000-01-30T23:30:00Z,A320,92
LEG_30_47,AIR1,BASE2,2000-01-30T19:45:00Z,2000-01-30T21:02:00Z,A320,77
LEG_30_48,AIR23,BASE2,2000-01-30T13:55:00Z,2000-01-30T15:41:00Z,A320,106
LEG_30_49,BASE2,AIR10,2000-01-30T17:07:00Z,2000-01-30T18:50:00Z,A320,103
LEG_30_50,AIR10,BASE2,2000-01-30T13:00:00Z,2000-01-30T14:36:00Z,A320,96
LEG_30_51,BASE2,AIR23,2000-01-30T15:25:00Z,2000-01-30T16:52:00Z,A320,87
LEG_30_52,AIR36,BASE1,2000-01-30T17:00:00Z,2000-01-30T18:21:00Z,A320,81
LEG_30_53,BASE2,AIR10,2000-01-30T00:06:00Z,2000-01-30T01:50:00Z,A320,104
LEG_30_54,AIR22,BASE2,2000-01-30T16:15:00Z,2000-01-30T17:49:00Z,A320,94
LEG_30_55,BASE2,AIR22,2000-01-30T11:45:00Z,2000-01-30T13:24:00Z,A320,99
LEG_30_56,AIR33,BASE2,2000-01-30T14:00:00Z,2000-01-30T16:06:00Z,A320,126
LEG_30_57,BASE2,AIR33,2000-01-30T22:13:00Z,2000-01-30T23:59:00Z,A320,106
LEG_30_58,AIR22,BASE2,2000-01-30T19:40:00Z,2000-01-30T21:16:00Z,A320,96
LEG_31_0,BASE1,AIR1,2000-01-31T19:00:00Z,2000-01-31T20:16:00Z,A320,76
LEG_31_1,BASE1,AIR1,2000-01-31T20:00:00Z,2000-01-31T21:17:00Z,A320,77
LEG_31_2,AIR1,BASE1,2000-01-31T22:00:00Z,2000-01-31T23:36:00Z,A320,96
LEG_31_3,AIR3,BASE2,2000-01-31T12:10:00Z,2000-01-31T14:25:00Z,A320,135
LEG_31_4,BASE2,AIR2,2000-01-31T20:20:00Z,2000-01-31T22:10:00Z,A320,110
LEG_31_5,AIR2,BASE2,2000-01-31T23:05:00Z,2000-02-01T01:09:00Z,A320,124
LEG_31_7,BASE2,BASE1,2000-01-31T15:12:00Z,2000-01-31T17:07:00Z,A320,115
LEG_31_8,BASE2,BASE1,2000-01-31T18:40:00Z,2000-01-31T20:29:00Z,A320,109
LEG_31_9,BASE2,BASE1,2000-01-31T17:29:00Z,2000-01-31T19:26:00Z,A320,117
LEG_31_10,BASE1,AIR14,2000-01-31T04:05:00Z,2000-01-31T05:28:00Z,A320,83
LEG_31_11,BASE3,AIR22,2000-01-31T03:30:00Z,2000-01-31T04:24:00Z,A320,54
LEG_31_12,AIR8,BASE3,2000-01-31T01:00:00Z,2000-01-31T02:20:00Z,A320,80
LEG_31_14,AIR1,BASE3,2000-01-31T20:56:00Z,2000-01-31T22:35:00Z,A320,99
LEG_31_15,AIR32,BASE2,2000-01-31T22:10:00Z,2000-01-31T23:16:00Z,A320,66
LEG_31_16,AIR35,BASE2,2000-01-31T14:15:00Z,2000-01-31T16:15:00Z,A320,120
LEG_31_17,BASE2,AIR22,2000-01-31T17:10:00Z,2000-01-31T18:49:00Z,A320,99
LEG_31_19,AIR10,BASE2,2000-01-31T19:35:00Z,2000-01-31T21:14:00Z,A320,99
LEG_31_20,AIR38,BASE3,2000-01-31T12:55:00Z,2000-01-31T13:56:00Z,A320,61
LEG_31_21,BASE3,AIR36,2000-01-31T14:50:00Z,2000-01-31T16:15:00Z,A320,85
LEG_31_23,AIR22,BASE1,2000-01-31T00:00:00Z,2000-01-31T02:10:00Z,A320,130
LEG_31_24,BASE1,AIR22,2000-01-31T16:35:00Z,2000-01-31T18:44:00Z,A320,129
LEG_31_25,AIR14,BASE1,2000-01-31T14:15:00Z,2000-01-31T15:49:00Z,A320,94
LEG_31_26,AIR22,BASE1,2000-01-31T19:25:00Z,2000-01-31T21:30:00Z,A320,125
LEG_31_27,AIR22,BASE2,2000-01-31T14:40:00Z,2000-01-31T16:14:00Z,A320,94
LEG_31_28,BASE2,AIR1,2000-01-31T17:20:00Z,2000-01-31T18:36:00Z,A320,76
LEG_31_29,AIR22,BASE3,2000-01-31T01:10:00Z,2000-01-31T02:13:00Z,A320,63
LEG_31_30,BASE3,AIR38,2000-01-31T03:35:00Z,2000-01-31T04:27:00Z,A320,52
LEG_31_32,AIR30,BASE2,2000-01-31T12:00:00Z,2000-01-31T13:14:00Z,A320,74
LEG_31_33,BASE2,AIR16,2000-01-31T14:19:00Z,2000-01-31T16:00:00Z,A320,101
LEG_31_34,BASE2,AIR32,2000-01-31T20:18:00Z,2000-01-31T21:26:00Z,A320,68
LEG_31_35,AIR16,BASE2,2000-01-31T17:00:00Z,2000-01-31T18:59:00Z,A320,119
LEG_31_36,AIR22,BASE2,2000-01-31T12:50:00Z,2000-01-31T14:26:00Z,A320,96
LEG_31_37,BASE2,AIR17,2000-01-31T15:26:00Z,2000-01-31T16:32:00Z,A320,66
LEG_31_39,AIR17,BASE2,2000-01-31T17:40:00Z,2000-01-31T18:55:00Z,A320,75
LEG_31_40,BASE2,AIR23,2000-01-31T01:50:00Z,2000-01-31T03:13:00Z,A320,83
LEG_31_41,AIR10,BASE2,2000-01-31T23:00:00Z,2000-02-01T00:36:00Z,A320,96
LEG_31_42,AIR23,BASE2,2000-01-31T17:35:00Z,2000-01-31T19:22:00Z,A320,107
LEG_31_43,BASE2,AIR10,2000-01-31T20:28:00Z,2000-01-31T22:10:00Z,A320,102
LEG_31_44,AIR23,BASE2,2000-01-31T11:10:00Z,2000-01-31T12:58:00Z,A320,108
LEG_31_45,BASE2,AIR22,2000-01-31T13:52:00Z,2000-01-31T15:26:00Z,A320,94
LEG_31_47,AIR1,BASE2,2000-01-31T19:45:00Z,2000-01-31T21:02:00Z,A320,77
LEG_31_48,AIR23,BASE2,2000-01-31T13:55:00Z,2000-01-31T15:41:00Z,A320,106
LEG_31_49,BASE2,AIR10,2000-01-31T17:07:00Z,2000-01-31T18:50:00Z,A320,103
LEG_31_50,AIR10,BASE2,2000-01-31T13:00:00Z,2000-01-31T14:36:00Z,A320,96
LEG_31_51,BASE2,AIR23,2000-01-31T15:25:00Z,2000-01-31T16:52:00Z,A320,87
LEG_31_52,AIR36,BASE1,2000-01-31T17:00:00Z,2000-01-31T18:21:00Z,A320,81
LEG_31_53,BASE2,AIR10,2000-01-31T00:06:00Z,2000-01-31T01:50:00Z,A320,104
LEG_31_54,AIR22,BASE2,2000-01-31T16:15:00Z,2000-01-31T17:49:00Z,A320,94
LEG_31_55,BASE2,AIR22,2000-01-31T11:45:00Z,2000-01-31T13:24:00Z,A320,99
LEG_31_56,AIR33,BASE2,2000-01-31T14:00:00Z,2000-01-31T16:06:00Z,A320,126
LEG_31_58,AIR22,BASE2,2000-01-31T19:40:00Z,2000-01-31T21:16:00Z,A320,96
