source_type,s1_edge_preservation,preserved_subroutes,max_cluster_size,nn_pairs_preserved,backbone_preserved,s2_dist,elite_reconstruction
Random,0.5000,7,6,0.3182,0.4857,852.6407,0
Random,0.5278,5,7,0.2727,0.5143,856.4714,0
Random,0.5556,7,7,0.3182,0.5714,797.4513,1
Random,0.5000,7,7,0.2727,0.5143,828.4438,0
Random,0.5556,8,7,0.4091,0.5429,851.2710,0
Random,0.5000,4,8,0.2273,0.4857,861.0784,0
Random,0.6389,9,6,0.4091,0.6286,818.2542,0
Random,0.5556,8,6,0.3636,0.5429,836.5180,0
Random,0.5833,8,7,0.4091,0.5714,798.9434,1
Random,0.5833,8,6,0.3636,0.6000,817.1960,0
Random,0.7222,12,8,0.4091,0.7429,817.9923,0
Random,0.6667,7,8,0.2727,0.6571,820.7058,0
Random,0.5556,7,7,0.4091,0.5714,801.8739,1
Random,0.5000,5,6,0.2727,0.5143,852.1602,0
Random,0.5556,8,8,0.2273,0.5429,835.4307,0
Random,0.6111,10,7,0.4545,0.6000,810.5735,0
Random,0.5278,4,4,0.2727,0.5143,961.3032,0
Random,0.5000,6,6,0.3182,0.4857,797.8718,1
Random,0.5278,7,8,0.3182,0.5429,856.0184,0
Random,0.5000,5,6,0.2727,0.5143,854.7596,0
Random,0.5278,7,8,0.1364,0.5429,835.8916,0
Random,0.5000,7,7,0.4091,0.5143,837.0609,0
Random,0.5556,9,8,0.4091,0.5429,834.8908,0
Random,0.6111,10,8,0.4091,0.6286,867.6863,0
Random,0.5278,5,9,0.3636,0.5143,836.0613,0
Random,0.5278,6,6,0.2727,0.5143,879.3285,0
Random,0.5000,5,7,0.3182,0.5143,810.5735,0
Random,0.5833,8,8,0.3182,0.5714,869.6871,0
Random,0.5278,8,7,0.2273,0.5143,824.2303,0
Random,0.5556,10,8,0.3636,0.5429,900.0961,0
Random,0.5833,9,8,0.4091,0.5714,797.4513,1
Random,0.5000,7,8,0.4091,0.4857,853.5571,0
Random,0.6111,7,6,0.2727,0.6000,833.5579,0
Random,0.5000,7,6,0.2727,0.5143,836.8092,0
Random,0.5278,6,6,0.4091,0.5143,918.4160,0
Random,0.7222,12,7,0.4091,0.7143,816.7236,0
Random,0.5278,8,6,0.3636,0.5429,859.4221,0
Random,0.5833,9,8,0.4091,0.6000,930.6795,0
Random,0.6111,7,7,0.5455,0.6286,863.0293,0
Random,0.5000,7,9,0.1818,0.4857,896.8525,0
Random,0.6111,9,7,0.5000,0.6286,797.4513,1
Random,0.5000,7,9,0.3182,0.5143,924.5877,0
Random,0.5278,4,9,0.2273,0.5143,848.7337,0
Random,0.5000,2,7,0.1818,0.4857,821.7963,0
Random,0.5833,9,8,0.1818,0.5714,835.5793,0
Random,0.5000,6,6,0.3182,0.5143,830.7646,0
Random,0.5000,7,7,0.4091,0.5143,821.6916,0
Random,0.5000,5,7,0.2727,0.5143,807.6964,1
Random,0.5556,7,6,0.2727,0.5429,930.6166,0
Random,0.5833,7,7,0.3182,0.6000,832.5019,0
Random,0.6389,11,9,0.4091,0.6571,858.4808,0
Random,0.5278,7,8,0.1818,0.5143,882.3457,0
Random,0.5278,4,6,0.2727,0.5143,797.4513,1
Random,0.5000,6,7,0.2727,0.4857,844.2633,0
Random,0.6111,9,7,0.2727,0.6000,863.1092,0
Random,0.5278,4,6,0.2727,0.5429,1010.4484,0
Random,0.5556,7,8,0.2727,0.5429,883.0574,0
Random,0.5833,10,7,0.3182,0.5714,844.9207,0
Random,0.5278,7,9,0.3182,0.5143,1006.1129,0
Random,0.6111,8,8,0.3636,0.6000,797.4513,1
Random,0.6111,9,8,0.3182,0.6286,932.4345,0
Random,0.5833,7,7,0.2727,0.5714,918.6862,0
Random,0.5556,8,9,0.4091,0.5714,797.8718,1
Random,0.6111,7,7,0.3182,0.6286,838.5093,0
Random,0.5000,7,5,0.3182,0.5143,912.5282,0
Random,0.5278,8,7,0.2727,0.5429,870.0507,0
Random,0.5278,8,8,0.3636,0.5429,797.4513,1
Random,0.5000,6,7,0.2727,0.5143,887.2753,0
Random,0.5278,10,9,0.3636,0.5143,798.9434,1
Random,0.5000,3,7,0.2727,0.4857,860.6637,0
Random,0.5000,6,4,0.3182,0.5143,890.6277,0
Random,0.6111,9,7,0.3182,0.6000,874.0743,0
Random,0.5833,6,6,0.3636,0.5714,857.7470,0
Random,0.5000,9,6,0.3182,0.5143,837.2040,0
Random,0.6111,10,8,0.4091,0.6286,878.5741,0
Random,0.5000,5,7,0.1818,0.5143,850.3772,0
Random,0.5000,7,6,0.3636,0.4857,902.4475,0
Random,0.5833,9,8,0.3182,0.5714,797.4513,1
Random,0.6111,6,7,0.2727,0.6286,811.0690,0
Random,0.5833,6,8,0.2273,0.5714,810.5735,0
Random,0.5278,6,9,0.2727,0.5429,869.5148,0
Random,0.6389,7,7,0.4091,0.6286,850.6631,0
Random,0.5000,9,7,0.3182,0.4857,882.5659,0
Random,0.6944,10,8,0.2727,0.7143,856.7536,0
Random,0.5000,6,8,0.3636,0.5143,810.5735,0
Random,0.5556,7,8,0.3182,0.5429,952.8116,0
Random,0.5556,6,6,0.3636,0.5429,805.5019,1
Random,0.5833,9,8,0.3182,0.6000,797.8718,1
Random,0.5000,5,6,0.2727,0.4857,801.8739,1
Random,0.5000,7,8,0.2727,0.4857,811.3003,0
Random,0.5556,7,8,0.2273,0.5429,822.5776,0
Random,0.6111,9,7,0.3182,0.6286,797.8718,1
Random,0.5556,10,9,0.2727,0.5429,861.1022,0
Random,0.5556,6,6,0.3182,0.5429,825.4293,0
Random,0.5833,6,6,0.3182,0.5714,831.9206,0
Random,0.5000,6,6,0.3636,0.5143,931.2201,0
Random,0.5000,2,6,0.2273,0.4857,879.7595,0
Random,0.5278,7,6,0.3182,0.5429,870.5429,0
Random,0.5833,5,9,0.3636,0.6000,882.6388,0
Random,0.5000,8,6,0.3182,0.4857,872.2207,0
Random,0.5556,8,9,0.2727,0.5429,906.7753,0
Random,0.5000,5,8,0.1818,0.5143,840.1194,0
Random,0.5000,7,7,0.3182,0.4857,801.8739,1
Random,0.5556,8,7,0.2727,0.5429,798.9434,1
Random,0.6111,10,9,0.3636,0.6286,885.6211,0
Random,0.5556,5,8,0.2273,0.5429,825.8377,0
Random,0.5000,7,7,0.3636,0.4857,840.9450,0
Random,0.5000,3,7,0.3182,0.4857,865.2383,0
Random,0.5278,6,7,0.3182,0.5429,810.5735,0
Random,0.5000,6,7,0.2273,0.4857,922.0509,0
Random,0.5000,5,7,0.3636,0.4857,884.0296,0
Random,0.5000,7,8,0.3636,0.5143,837.2387,0
Random,0.6389,8,8,0.5455,0.6571,797.4513,1
Random,0.5000,4,7,0.2727,0.4857,864.5160,0
Random,0.5833,7,7,0.2727,0.6000,810.5735,0
Random,0.6667,13,8,0.4091,0.6857,821.4624,0
Random,0.5278,7,7,0.3182,0.5143,851.8484,0
Random,0.5833,10,7,0.4091,0.6000,838.4979,0
Random,0.5556,8,6,0.3636,0.5714,803.3111,1
Random,0.5000,5,7,0.1818,0.5143,922.9217,0
Random,0.6111,7,6,0.3636,0.6000,873.7002,0
Random,0.6667,9,9,0.3636,0.6571,831.3398,0
Random,0.5556,4,7,0.2727,0.5429,797.4513,1
Random,0.5278,4,8,0.2727,0.5143,815.2039,0
Random,0.6111,9,8,0.3636,0.6000,797.4513,1
Random,0.7222,12,7,0.4545,0.7143,829.2061,0
Random,0.5000,6,8,0.2273,0.5143,868.0588,0
Random,0.5000,5,6,0.2727,0.4857,811.3205,0
Random,0.6389,9,7,0.2727,0.6286,821.7963,0
Random,0.5556,7,6,0.3182,0.5429,838.2210,0
Random,0.5000,6,7,0.2727,0.5143,817.9923,0
Random,0.5000,7,8,0.2727,0.4857,896.3914,0
Random,0.5556,9,9,0.3636,0.5429,836.8092,0
Random,0.5556,8,6,0.2727,0.5429,867.9254,0
Random,0.5000,4,6,0.1818,0.5143,863.9562,0
Random,0.6667,9,7,0.3182,0.6857,815.1484,0
Random,0.5556,5,6,0.3182,0.5429,821.6916,0
Random,0.5556,5,7,0.4091,0.5714,797.8718,1
Random,0.5000,7,6,0.3636,0.4857,835.0131,0
Random,0.5833,6,6,0.2273,0.6000,797.4513,1
Random,0.6389,10,8,0.5000,0.6571,797.8718,1
Random,0.5000,4,8,0.1818,0.4857,890.0163,0
Random,0.5000,5,7,0.2727,0.5143,810.5735,0
Random,0.5833,5,7,0.2727,0.5714,863.4177,0
Random,0.5556,7,6,0.3182,0.5714,857.7017,0
Random,0.5556,10,8,0.3636,0.5714,858.3566,0
Random,0.6389,12,7,0.5000,0.6571,861.2964,0
Random,0.6111,8,8,0.3182,0.6286,861.7558,0
Random,0.5000,6,7,0.2727,0.5143,801.8739,1
Random,0.6389,8,7,0.4091,0.6571,840.1075,0
Random,0.5556,6,8,0.2727,0.5429,797.8718,1
Random,0.5278,7,9,0.2273,0.5143,812.0974,0
Random,0.5000,6,7,0.3182,0.4857,845.0657,0
Random,0.5556,9,9,0.3636,0.5429,827.3525,0
Random,0.6389,9,8,0.4091,0.6286,816.2453,0
Random,0.6111,9,9,0.4545,0.6000,852.7832,0
Random,0.5000,4,7,0.3182,0.5143,869.4227,0
Random,0.5278,7,8,0.3182,0.5429,884.3652,0
Random,0.5278,7,8,0.2727,0.5429,820.5115,0
Random,0.5278,8,8,0.3182,0.5143,833.1168,0
Random,0.5278,6,5,0.2727,0.5143,853.4556,0
Random,0.5000,7,8,0.2727,0.4857,816.4972,0
Random,0.5000,8,8,0.3182,0.4857,868.1303,0
Random,0.5000,10,8,0.2727,0.5143,864.2109,0
Random,0.5278,6,7,0.3182,0.5143,862.8430,0
Random,0.5278,5,7,0.3182,0.5429,812.2031,0
Random,0.5556,9,8,0.3182,0.5714,854.6147,0
Random,0.5000,7,7,0.3636,0.4857,866.9468,0
Random,0.5278,8,6,0.4091,0.5143,801.8739,1
Random,0.5833,11,7,0.3636,0.5714,821.7963,0
Random,0.6111,9,8,0.3182,0.6000,850.9900,0
Random,0.5556,8,8,0.3182,0.5429,838.7305,0
Random,0.6667,9,8,0.4091,0.6571,797.4513,1
Random,0.5000,8,7,0.3182,0.5143,880.8006,0
Random,0.5556,8,7,0.3182,0.5429,882.9100,0
Random,0.5000,7,5,0.2727,0.5143,842.3421,0
Random,0.6944,12,9,0.4091,0.6857,810.5735,0
Random,0.5556,8,8,0.2727,0.5714,904.4996,0
Random,0.5000,5,8,0.2273,0.5143,844.9767,0
Random,0.6667,12,9,0.3182,0.6571,852.1839,0
Random,0.6389,8,8,0.4545,0.6571,834.9123,0
Random,0.5833,9,9,0.2273,0.5714,864.0731,0
Random,0.6389,8,8,0.3182,0.6286,820.5115,0
Random,0.5000,7,9,0.1818,0.5143,859.1938,0
Random,0.5000,3,5,0.3636,0.5143,877.1413,0
Random,0.6389,7,8,0.3182,0.6286,869.9325,0
Random,0.5556,5,7,0.4545,0.5714,838.7305,0
Random,0.5000,6,7,0.3182,0.4857,874.5749,0
Random,0.5000,9,8,0.2727,0.4857,842.2993,0
Random,0.5278,10,8,0.3636,0.5429,810.5735,0
Random,0.5833,5,8,0.3636,0.6000,835.6781,0
Random,0.6111,7,9,0.2273,0.6000,827.6188,0
Random,0.5000,5,8,0.2727,0.4857,834.3310,0
Random,0.5556,4,8,0.2273,0.5429,801.8739,1
Random,0.5000,5,6,0.2273,0.4857,860.7518,0
Random,0.5556,8,7,0.2727,0.5429,846.8455,0
Random,0.5000,5,5,0.2273,0.4857,855.1787,0
Random,0.6667,11,9,0.5000,0.6857,828.7001,0
Random,0.6667,9,8,0.3636,0.6571,819.5007,0
Random,0.6111,10,8,0.4091,0.6000,847.1439,0
Random,0.5556,8,7,0.2727,0.5714,848.9618,0
Random,0.5556,6,8,0.2273,0.5429,812.2031,0
Random,0.5556,6,7,0.1818,0.5429,797.8718,1
Random,0.5556,7,7,0.1818,0.5714,844.5714,0
Random,0.6389,11,7,0.4091,0.6286,810.5735,0
Random,0.5556,8,9,0.2273,0.5429,827.3525,0
Random,0.5278,5,7,0.3182,0.5429,798.9434,1
Random,0.6944,10,7,0.3636,0.6857,810.5735,0
Random,0.5000,5,7,0.3636,0.5143,853.5571,0
Random,0.5833,9,8,0.4545,0.6000,797.4513,1
Random,0.6111,7,7,0.4091,0.6000,821.7963,0
Random,0.7778,12,8,0.4545,0.7714,797.4513,1
Random,0.6111,11,8,0.4545,0.6286,797.4513,1
Random,0.5556,7,8,0.2727,0.5714,820.4407,0
Random,0.5556,7,6,0.3636,0.5429,852.1602,0
Random,0.6389,11,9,0.3182,0.6286,856.2045,0
Random,0.5278,6,6,0.4091,0.5143,821.7963,0
Random,0.5833,3,7,0.3182,0.5714,820.5758,0
Random,0.5833,6,7,0.3182,0.5714,845.1385,0
Random,0.6389,9,7,0.4091,0.6286,811.3205,0
Random,0.5556,6,8,0.3636,0.5429,820.5736,0
Random,0.5278,4,7,0.3636,0.5143,896.3099,0
Random,0.5556,9,8,0.3182,0.5429,844.5194,0
Random,0.5833,9,7,0.4545,0.6000,822.5776,0
Random,0.5000,4,7,0.1818,0.4857,874.6883,0
Random,0.5278,8,8,0.4091,0.5143,915.7381,0
Random,0.5556,8,7,0.3182,0.5714,837.3199,0
Random,0.5278,6,8,0.2727,0.5429,797.4513,1
Random,0.5833,7,6,0.3182,0.6000,860.5896,0
Random,0.5000,6,8,0.2727,0.4857,832.6336,0
Random,0.5278,7,6,0.3636,0.5143,877.1192,0
Random,0.6389,6,7,0.3636,0.6286,841.0370,0
Random,0.5278,5,8,0.1818,0.5143,797.4513,1
Random,0.5833,8,8,0.3636,0.5714,825.4293,0
Random,0.5278,9,7,0.3182,0.5143,848.2217,0
Random,0.5000,7,8,0.2727,0.5143,842.3169,0
Random,0.5000,7,7,0.1818,0.4857,803.3936,1
Random,0.5556,6,7,0.4545,0.5714,810.5735,0
Random,0.5556,6,8,0.2273,0.5429,907.2615,0
Random,0.5000,7,6,0.4091,0.4857,835.0131,0
Random,0.5000,7,7,0.2727,0.4857,851.1324,0
Random,0.5556,8,8,0.2273,0.5429,816.2453,0
Random,0.5000,5,6,0.2273,0.4857,851.9597,0
Random,0.5556,9,9,0.3636,0.5429,810.5735,0
Random,0.5000,5,7,0.2273,0.4857,830.0429,0
Random,0.7778,13,8,0.5000,0.7714,797.8718,1
Random,0.5000,6,8,0.2727,0.4857,893.9139,0
Random,0.5278,8,7,0.3636,0.5429,837.5388,0
Random,0.5000,7,8,0.3636,0.5143,857.2728,0
Random,0.5833,9,8,0.3636,0.6000,879.9996,0
Random,0.5000,6,7,0.3636,0.5143,829.1403,0
Random,0.5556,8,9,0.2727,0.5429,871.3935,0
Random,0.5000,5,6,0.3182,0.4857,804.0648,1
Random,0.5278,6,7,0.2273,0.5143,797.8718,1
Random,0.5000,4,7,0.2273,0.4857,885.6484,0
Random,0.5556,7,9,0.2727,0.5429,827.5683,0
Random,0.6389,10,8,0.3636,0.6571,816.2453,0
Random,0.5556,9,8,0.2273,0.5429,907.0949,0
Random,0.5278,6,7,0.2727,0.5143,826.0486,0
Random,0.5000,5,6,0.3182,0.4857,810.5735,0
Random,0.6389,12,9,0.3182,0.6286,810.6053,0
Random,0.5278,5,6,0.4545,0.5429,816.4972,0
Random,0.5278,7,5,0.4545,0.5429,801.8739,1
Random,0.5556,6,7,0.2273,0.5429,819.2922,0
Random,0.5000,7,6,0.3182,0.5143,852.8743,0
Random,0.5833,7,9,0.3182,0.6000,857.7209,0
Random,0.5556,5,9,0.2727,0.5429,797.4513,1
Random,0.5556,6,8,0.2727,0.5429,812.7828,0
Random,0.5833,7,8,0.3182,0.5714,862.6427,0
Random,0.6111,10,8,0.3636,0.6000,820.4296,0
Random,0.5556,5,6,0.2273,0.5429,872.8475,0
Random,0.5833,5,7,0.2273,0.5714,797.4513,1
Random,0.5000,8,7,0.4545,0.4857,817.5966,0
Random,0.5278,6,7,0.2727,0.5143,817.9923,0
Random,0.5000,8,7,0.2273,0.5143,945.9042,0
Random,0.5000,7,6,0.2273,0.5143,827.3525,0
Random,0.6944,11,9,0.3636,0.6857,797.4513,1
Random,0.5000,8,8,0.2273,0.4857,859.4601,0
Random,0.5278,4,8,0.2727,0.5143,841.4203,0
Random,0.5556,6,8,0.2727,0.5429,818.4128,0
Random,0.7778,15,9,0.4545,0.7714,863.8885,0
Random,0.5278,6,7,0.4091,0.5143,1000.8947,0
Random,0.5000,7,7,0.2273,0.4857,899.3255,0
Random,0.6111,5,8,0.3636,0.6286,868.8020,0
Random,0.5000,6,8,0.3636,0.5143,859.7836,0
Random,0.5000,5,7,0.3182,0.5143,865.0124,0
Random,0.5556,6,7,0.3182,0.5714,821.7963,0
Random,0.5278,6,6,0.2273,0.5143,797.8718,1
Random,0.5000,5,7,0.2727,0.4857,864.7980,0
Random,0.5556,9,7,0.3182,0.5429,835.4307,0
Random,0.5278,4,7,0.4091,0.5429,859.3376,0
Random,0.6111,9,8,0.4545,0.6286,797.4513,1
Random,0.5000,6,8,0.2727,0.5143,881.3332,0
Random,0.5278,4,8,0.2273,0.5429,860.5335,0
Random,0.5556,6,6,0.2273,0.5429,848.4150,0
Random,0.6944,9,7,0.3636,0.6857,797.4513,1
Random,0.5278,4,6,0.3182,0.5143,870.7842,0
Random,0.5000,5,5,0.2727,0.4857,895.3123,0
Random,0.5278,4,6,0.3182,0.5143,951.7999,0
Random,0.5000,6,7,0.1818,0.4857,929.4975,0
Random,0.7500,9,6,0.4091,0.7429,847.7754,0
Random,0.5278,6,9,0.1818,0.5429,797.8718,1
Random,0.6111,8,9,0.3182,0.6000,851.4918,0
Random,0.5000,5,5,0.2727,0.5143,906.4265,0
Random,0.5000,7,7,0.3182,0.5143,870.0506,0
Random,0.5833,8,8,0.3182,0.5714,810.5735,0
Random,0.5278,6,6,0.2273,0.5143,875.6450,0
Random,0.5833,6,7,0.1818,0.5714,810.5735,0
Random,0.5556,7,6,0.3636,0.5714,797.8718,1
Random,0.5000,8,6,0.3182,0.4857,883.7615,0
Random,0.6944,13,7,0.3636,0.6857,881.9368,0
Random,0.5833,7,7,0.3182,0.5714,797.8718,1
Random,0.6667,10,8,0.3636,0.6571,797.4513,1
Random,0.5000,8,6,0.2727,0.4857,879.7718,0
Random,0.5833,9,9,0.2727,0.5714,817.1960,0
Random,0.5833,9,8,0.3636,0.5714,921.2248,0
Random,0.6389,9,6,0.3636,0.6571,797.4513,1
Random,0.5000,5,7,0.2273,0.4857,821.4331,0
Random,0.5833,7,9,0.4091,0.5714,843.0420,0
Random,0.5278,5,9,0.2727,0.5143,823.7503,0
Random,0.5278,8,8,0.2727,0.5143,941.2180,0
Random,0.6667,7,8,0.4091,0.6571,797.4513,1
Random,0.5000,7,8,0.3636,0.5143,816.6658,0
Random,0.6111,8,7,0.4091,0.6286,827.3525,0
Random,0.5000,3,9,0.1818,0.5143,909.2067,0
Random,0.6667,9,7,0.3636,0.6571,826.0486,0
Random,0.6667,10,8,0.3636,0.6571,866.2163,0
Random,0.5833,5,6,0.3636,0.5714,850.5016,0
Random,0.5000,7,6,0.3636,0.5143,889.0469,0
Random,0.5000,6,5,0.2727,0.5143,803.6943,1
Random,0.5278,3,8,0.2273,0.5143,846.8109,0
Random,0.5833,11,7,0.4091,0.5714,830.0429,0
Random,0.5833,8,8,0.1818,0.5714,797.4513,1
Random,0.5278,7,7,0.3182,0.5429,902.4998,0
Random,0.5278,3,7,0.3636,0.5143,837.3408,0
Random,0.5278,9,8,0.4091,0.5429,856.6204,0
Random,0.5556,9,8,0.3182,0.5429,950.5010,0
Random,0.6111,8,7,0.3182,0.6000,802.6007,1
Random,0.5000,6,6,0.2727,0.5143,854.6772,0
Random,0.5833,7,5,0.3636,0.6000,868.0141,0
Random,0.5000,7,7,0.3636,0.5143,845.6964,0
Random,0.5000,6,7,0.2273,0.5143,810.6053,0
Random,0.5000,6,7,0.1364,0.4857,836.0532,0
Random,0.6944,13,9,0.3636,0.6857,864.5801,0
Random,0.5556,5,6,0.2273,0.5429,862.6841,0
Random,0.5278,8,6,0.2727,0.5143,837.2387,0
Random,0.5000,9,7,0.3636,0.5143,862.1667,0
Random,0.5833,4,8,0.2727,0.5714,959.2823,0
Random,0.5833,10,9,0.3182,0.5714,835.0131,0
Random,0.7222,12,8,0.4091,0.7143,822.9282,0
Random,0.5833,7,8,0.3182,0.5714,803.7866,1
Random,0.5278,7,8,0.2727,0.5143,862.1026,0
Random,0.5278,6,7,0.2273,0.5143,868.2540,0
Random,0.5000,6,8,0.3182,0.5143,820.5115,0
Random,0.6667,11,8,0.3182,0.6571,869.1184,0
Random,0.5278,7,7,0.2727,0.5429,870.9834,0
Random,0.6944,11,8,0.4545,0.7143,850.6157,0
Random,0.5278,6,7,0.1818,0.5429,866.4172,0
Random,0.5833,7,8,0.2727,0.5714,967.7482,0
Random,0.5000,6,6,0.3636,0.5143,828.7001,0
Random,0.5556,5,7,0.2273,0.5429,797.8718,1
Random,0.5000,6,6,0.3182,0.4857,896.5626,0
Random,0.5000,8,7,0.3636,0.5143,847.1517,0
Random,0.5556,7,7,0.2273,0.5429,843.6119,0
Random,0.5278,6,6,0.3182,0.5429,863.5242,0
Random,0.6389,9,7,0.4545,0.6571,797.4513,1
Random,0.5000,5,8,0.2727,0.4857,844.5390,0
Random,0.6111,8,8,0.3182,0.6000,810.5735,0
Random,0.5833,10,7,0.3636,0.5714,797.4513,1
Random,0.5556,9,8,0.3636,0.5714,804.7916,1
Random,0.5556,9,9,0.3636,0.5429,892.0673,0
Random,0.5278,7,7,0.3182,0.5429,812.6236,0
Random,0.5000,6,7,0.3182,0.4857,855.2296,0
Random,0.5556,7,7,0.3182,0.5429,831.8437,0
Random,0.6111,10,8,0.4545,0.6286,818.2542,0
Random,0.5278,6,7,0.4091,0.5429,861.1325,0
Random,0.5278,7,6,0.2727,0.5429,828.7001,0
Random,0.5000,6,7,0.2273,0.5143,905.9833,0
Random,0.5556,7,8,0.2727,0.5429,936.4421,0
Random,0.5278,6,6,0.4091,0.5429,855.1927,0
Random,0.5556,9,8,0.3182,0.5429,867.3518,0
Random,0.5000,8,6,0.3182,0.5143,865.3456,0
Random,0.6389,6,8,0.4545,0.6286,879.3343,0
Random,0.5278,7,7,0.3636,0.5429,797.4513,1
Random,0.5278,5,7,0.2273,0.5143,957.4663,0
Random,0.5278,8,8,0.3182,0.5429,848.4150,0
Random,0.5833,10,9,0.3182,0.5714,924.3213,0
Random,0.5278,5,6,0.2727,0.5429,846.8109,0
Random,0.5556,8,7,0.3636,0.5429,843.0768,0
Random,0.5556,5,8,0.2273,0.5714,864.2864,0
Random,0.5278,8,6,0.3182,0.5143,828.5087,0
Random,0.5833,9,9,0.3636,0.5714,877.4703,0
Random,0.5278,7,6,0.2727,0.5143,884.8553,0
Random,0.5278,5,8,0.3636,0.5143,797.8718,1
Random,0.5556,9,7,0.4091,0.5429,883.3420,0
Random,0.6111,7,7,0.4545,0.6000,801.8739,1
Random,0.5278,5,7,0.3182,0.5143,863.0656,0
Random,0.5556,8,8,0.3182,0.5429,917.5307,0
Random,0.7500,14,9,0.4091,0.7429,842.5190,0
Random,0.5000,4,7,0.2273,0.4857,830.9622,0
Random,0.5278,7,8,0.2273,0.5429,828.7001,0
Random,0.5833,8,7,0.2727,0.5714,797.8718,1
Random,0.5278,6,9,0.3636,0.5429,861.7242,0
Random,0.5000,3,6,0.2727,0.4857,862.2192,0
Random,0.5556,11,8,0.3182,0.5714,909.7049,0
Random,0.6389,10,8,0.4545,0.6571,804.1204,1
Random,0.5556,5,6,0.3182,0.5429,866.3124,0
Random,0.5278,6,8,0.3636,0.5429,835.0131,0
Random,0.6111,11,9,0.3182,0.6000,804.0379,1
Random,0.5000,6,6,0.2273,0.4857,899.2043,0
Random,0.6944,11,7,0.4545,0.7143,821.8258,0
Random,0.6667,9,7,0.4091,0.6857,900.1366,0
Random,0.5000,6,7,0.3182,0.5143,797.4513,1
Random,0.5278,4,8,0.2273,0.5143,851.3646,0
Random,0.6389,10,8,0.5000,0.6571,903.6239,0
Random,0.5278,5,7,0.1364,0.5143,863.0656,0
Random,0.5556,7,7,0.3636,0.5429,803.3111,1
Random,0.6111,10,9,0.3182,0.6000,797.4513,1
Random,0.5000,5,6,0.3182,0.5143,821.7963,0
Random,0.5833,8,6,0.3182,0.5714,852.4724,0
Random,0.6667,9,7,0.2727,0.6571,827.3525,0
Random,0.5278,10,9,0.2727,0.5143,829.1403,0
Random,0.5556,8,7,0.3182,0.5429,899.1909,0
Random,0.5556,9,8,0.4091,0.5714,797.4513,1
Random,0.5278,6,6,0.2273,0.5143,818.6157,0
Random,0.7222,11,8,0.3182,0.7143,797.4513,1
Random,0.5833,6,7,0.2727,0.5714,816.2453,0
Random,0.6111,5,6,0.3636,0.6000,801.8739,1
Random,0.6111,8,7,0.4091,0.6000,852.7612,0
Random,0.5278,7,6,0.3636,0.5143,810.5735,0
Random,0.7222,10,8,0.3636,0.7143,797.4513,1
Random,0.5278,6,8,0.4545,0.5429,822.9282,0
Random,0.5000,6,7,0.3182,0.4857,803.3111,1
Random,0.5556,8,5,0.3636,0.5429,820.7058,0
Random,0.6944,11,9,0.4091,0.6857,835.6886,0
Random,0.5556,10,6,0.4545,0.5714,969.4149,0
Random,0.5833,9,7,0.3636,0.6000,797.4513,1
Random,0.5000,5,7,0.2727,0.5143,994.0785,0
Random,0.5278,6,7,0.2727,0.5143,874.0969,0
Random,0.6944,12,8,0.3636,0.6857,797.4513,1
Random,0.5278,5,7,0.2273,0.5143,856.9404,0
Random,0.5000,6,8,0.2273,0.4857,797.4513,1
Random,0.5000,8,6,0.4091,0.5143,821.8258,0
Random,0.6111,6,6,0.2273,0.6000,849.0681,0
Random,0.5556,7,6,0.2727,0.5429,894.9512,0
Random,0.5278,7,8,0.2727,0.5143,842.3169,0
Random,0.5000,6,7,0.2727,0.5143,823.7503,0
Random,0.5278,9,7,0.3636,0.5429,820.1531,0
Random,0.5556,10,7,0.3182,0.5429,836.0613,0
Random,0.5278,5,8,0.2727,0.5429,821.7963,0
Random,0.5556,6,7,0.3182,0.5429,847.7369,0
Random,0.5278,8,7,0.4545,0.5429,810.5735,0
Random,0.5000,6,7,0.3636,0.4857,869.6871,0
Random,0.5556,5,6,0.2727,0.5429,874.4796,0
Random,0.5556,7,7,0.2727,0.5714,931.2490,0
Random,0.5556,5,7,0.3182,0.5429,810.5735,0
Random,0.5833,8,7,0.4091,0.5714,797.8718,1
Random,0.6667,11,8,0.3636,0.6571,797.4513,1
Random,0.5833,6,7,0.2273,0.5714,829.9318,0
Random,0.5833,6,6,0.3636,0.5714,862.4813,0
Random,0.5000,4,6,0.2273,0.4857,797.8718,1
Random,0.5833,8,8,0.4091,0.6000,885.2196,0
Random,0.5000,7,8,0.3636,0.5143,954.6159,0
Random,0.5000,5,8,0.3182,0.4857,812.4862,0
Random,0.5000,7,8,0.4091,0.4857,812.9033,0
Random,0.5556,7,7,0.3182,0.5429,847.9419,0
Random,0.6944,12,9,0.3636,0.6857,892.4319,0
Random,0.5000,6,8,0.2727,0.5143,871.6528,0
Random,0.6667,11,8,0.4091,0.6857,797.4513,1
Random,0.5278,7,7,0.2727,0.5143,909.8449,0
Random,0.5833,8,7,0.3182,0.5714,942.9609,0
Random,0.5556,7,8,0.4091,0.5714,859.4221,0
Random,0.6111,7,8,0.3182,0.6000,878.7867,0
Random,0.5833,9,6,0.4091,0.5714,920.0032,0
Random,0.5833,2,6,0.2727,0.6000,820.8613,0
Random,0.5556,6,7,0.4091,0.5714,797.4513,1
Random,0.5000,5,7,0.2727,0.5143,822.7046,0
Random,0.5000,6,7,0.2727,0.5143,886.3082,0
Random,0.6111,8,8,0.2727,0.6000,841.4203,0
Random,0.5833,9,7,0.3636,0.5714,870.7715,0
Random,0.5556,5,7,0.3182,0.5429,816.0543,0
Random,0.5556,9,8,0.3636,0.5714,913.4710,0
Random,0.5278,7,7,0.2727,0.5143,885.7268,0
Random,0.5278,7,7,0.2273,0.5429,839.3605,0
Random,0.5556,8,9,0.3182,0.5429,964.6554,0
Random,0.5000,5,6,0.2727,0.5143,811.3205,0
Random,0.5556,9,8,0.3182,0.5714,873.5719,0
Random,0.5833,8,7,0.3182,0.5714,797.4513,1
Random,0.5833,9,9,0.3182,0.5714,797.4513,1
Random,0.6111,10,6,0.3636,0.6000,810.6053,0
Random,0.5000,6,4,0.2273,0.5143,924.4069,0
Random,0.5833,9,8,0.3182,0.5714,818.9530,0
Random,0.6111,9,8,0.2727,0.6000,868.4053,0
Random,0.5833,10,9,0.4091,0.5714,848.6193,0
Random,0.5278,6,8,0.3636,0.5143,869.6644,0
Random,0.5000,9,8,0.2727,0.5143,942.4053,0
Random,0.6111,7,7,0.3182,0.6000,855.0632,0
Random,0.5278,7,8,0.3182,0.5429,858.5471,0
Random,0.5000,5,7,0.2727,0.4857,888.8835,0
Random,0.5000,6,7,0.2273,0.4857,822.5776,0
Random,0.5000,6,5,0.2727,0.4857,876.8748,0
Random,0.5278,8,6,0.3182,0.5429,803.3936,1
Random,0.5833,9,7,0.4091,0.5714,828.8785,0
Random,0.5000,9,6,0.4545,0.5143,850.0314,0
Random,0.5278,5,8,0.3182,0.5429,980.1332,0
Random,0.5833,9,8,0.3636,0.5714,858.0029,0
Random,0.5000,5,5,0.2727,0.5143,862.4458,0
Random,0.5000,6,7,0.2727,0.4857,836.0613,0
Random,0.5833,8,9,0.2727,0.6000,817.9923,0
Random,0.5556,5,5,0.2273,0.5429,810.5735,0
Random,0.6389,12,9,0.3636,0.6286,844.4624,0
Random,0.5278,8,7,0.2727,0.5143,891.7774,0
Random,0.5000,6,6,0.2273,0.4857,844.4184,0
Random,0.5833,8,8,0.4545,0.6000,840.1701,0
Random,0.6389,12,7,0.4545,0.6286,877.0585,0
Random,0.6111,7,7,0.3182,0.6000,811.3003,0
Random,0.6111,9,8,0.3182,0.6000,880.9491,0
Random,0.5833,9,7,0.3182,0.5714,801.8739,1
Random,0.5833,6,7,0.3636,0.5714,821.7963,0
Random,0.5000,5,9,0.3636,0.4857,904.1833,0
Random,0.6111,9,8,0.4091,0.6000,838.7305,0
Random,0.6111,7,7,0.3636,0.6000,810.5735,0
Random,0.7222,13,8,0.4091,0.7143,817.9923,0
Random,0.5278,5,6,0.2273,0.5429,847.1975,0
Random,0.5278,9,7,0.2727,0.5143,828.7001,0
Random,0.5278,8,8,0.4091,0.5429,810.5735,0
Random,0.6111,8,7,0.3636,0.6286,836.8551,0
Random,0.5278,9,6,0.5000,0.5429,810.5735,0
Random,0.5000,3,9,0.2273,0.5143,808.0811,1
Random,0.6111,7,7,0.3182,0.6286,916.1141,0
Random,0.5278,9,8,0.4091,0.5143,847.5730,0
Random,0.5556,7,7,0.2273,0.5714,822.5157,0
Random,0.5278,8,7,0.3636,0.5429,836.5268,0
Random,0.5556,6,8,0.2727,0.5429,837.8966,0
Random,0.5556,7,7,0.5000,0.5714,910.0070,0
Random,0.5278,6,7,0.3636,0.5143,849.6376,0
Random,0.5000,5,7,0.1364,0.5143,797.4513,1
Random,0.5278,9,7,0.3636,0.5143,870.7144,0
Random,0.6111,10,8,0.2727,0.6000,837.2387,0
Random,0.5556,7,8,0.4545,0.5429,798.9434,1
Random,0.5556,7,6,0.3182,0.5429,803.3111,1
Random,0.5278,9,7,0.2727,0.5143,889.9367,0
Random,0.5000,6,8,0.2727,0.5143,830.9972,0
Random,0.5000,8,7,0.3636,0.5143,893.2716,0
Random,0.6389,11,8,0.5455,0.6286,822.9282,0
Random,0.5278,4,7,0.1818,0.5429,832.6336,0
Random,0.5278,7,6,0.3182,0.5143,839.9924,0
Random,0.6389,9,9,0.3636,0.6286,849.9702,0
Random,0.5278,6,8,0.3182,0.5429,886.2501,0
Random,0.5278,5,8,0.2727,0.5143,803.1277,1
Random,0.5000,4,7,0.2727,0.4857,849.5536,0
Random,0.5833,8,7,0.4091,0.5714,836.0130,0
Random,0.6389,10,8,0.4545,0.6571,803.1277,1
Random,0.5278,7,7,0.2273,0.5143,819.5792,0
Random,0.5556,6,7,0.3636,0.5714,810.5735,0
Random,0.6667,11,8,0.2727,0.6857,838.1845,0
Random,0.6389,7,7,0.3636,0.6286,884.9739,0
Random,0.5000,4,8,0.3636,0.4857,882.1136,0
Random,0.5833,7,8,0.4091,0.5714,816.4972,0
Random,0.5556,7,5,0.3636,0.5429,841.4203,0
Random,0.6389,8,8,0.3636,0.6286,887.1702,0
Random,0.5556,9,9,0.2273,0.5429,963.4205,0
Random,0.5556,8,8,0.3182,0.5429,903.3210,0
Random,0.5278,6,7,0.2727,0.5429,820.8500,0
Random,0.5556,8,7,0.2727,0.5429,833.5579,0
Random,0.5556,4,9,0.2273,0.5429,823.4085,0
Random,0.5000,5,7,0.3182,0.4857,836.3186,0
Random,0.6389,8,8,0.4091,0.6286,857.6863,0
Random,0.6667,11,8,0.3182,0.6571,914.2598,0
Random,0.5556,5,8,0.2273,0.5429,887.3220,0
Random,0.5278,10,7,0.2727,0.5429,901.5841,0
Random,0.5000,7,9,0.5000,0.5143,931.5219,0
Random,0.5278,7,8,0.2273,0.5429,797.4513,1
Random,0.6667,14,9,0.4091,0.6571,811.3003,0
Random,0.7500,11,9,0.4545,0.7429,826.8097,0
Random,0.5000,2,7,0.3182,0.5143,838.7305,0
Random,0.5000,8,7,0.2273,0.4857,893.0268,0
Random,0.6667,10,7,0.3182,0.6857,944.7427,0
Random,0.5000,7,7,0.3636,0.4857,816.2453,0
Random,0.5278,5,6,0.3636,0.5143,816.2453,0
Random,0.5000,8,7,0.2727,0.4857,821.7963,0
Random,0.5000,6,6,0.4091,0.5143,825.9840,0
Random,0.5556,11,7,0.5000,0.5429,810.5735,0
Random,0.5000,7,8,0.3182,0.5143,878.7437,0
Random,0.5556,7,9,0.2727,0.5429,917.8131,0
Random,0.5000,8,6,0.4091,0.5143,884.2216,0
Random,0.5278,8,7,0.2727,0.5143,810.5735,0
Random,0.5278,5,5,0.3636,0.5429,865.0194,0
Random,0.5556,9,9,0.2727,0.5429,830.2348,0
Random,0.6111,6,7,0.3182,0.6286,820.1531,0
Random,0.6389,10,8,0.3182,0.6286,797.4513,1
Random,0.5000,8,8,0.3182,0.4857,938.6862,0
Random,0.7222,12,7,0.4091,0.7143,797.4513,1
Random,0.5278,8,7,0.4091,0.5143,885.2553,0
Random,0.5556,6,7,0.2273,0.5429,797.8718,1
Random,0.5278,2,7,0.3182,0.5143,837.1548,0
Random,0.5000,7,8,0.3636,0.5143,841.3795,0
Random,0.5278,6,7,0.2727,0.5429,917.5643,0
Random,0.5556,6,8,0.4545,0.5714,841.3617,0
Random,0.5833,10,8,0.4545,0.6000,817.7100,0
Random,0.6389,11,8,0.3636,0.6571,797.8718,1
Random,0.6667,8,8,0.5455,0.6571,836.8092,0
Random,0.5000,6,7,0.2273,0.4857,909.2127,0
Random,0.5556,6,7,0.3182,0.5714,817.9923,0
Random,0.5833,10,8,0.4091,0.6000,797.8718,1
Random,0.5556,9,8,0.3182,0.5714,896.4620,0
Random,0.5278,5,6,0.2727,0.5143,810.5735,0
Random,0.6111,11,9,0.3636,0.6000,863.1092,0
Random,0.6389,11,7,0.4545,0.6286,810.5735,0
Random,0.5000,8,8,0.2273,0.5143,845.1026,0
Random,0.5278,7,8,0.2727,0.5143,810.5735,0
Random,0.5000,8,5,0.4545,0.5143,829.1280,0
Random,0.5000,5,6,0.2727,0.4857,893.6117,0
Random,0.5833,8,8,0.2727,0.5714,947.1259,0
Random,0.5556,4,7,0.2273,0.5429,885.7572,0
Random,0.5278,9,6,0.3182,0.5429,869.5961,0
Random,0.5556,6,8,0.3182,0.5714,818.6973,0
Random,0.5000,6,8,0.3636,0.4857,840.2019,0
Random,0.5278,7,6,0.3636,0.5429,918.0465,0
Random,0.5000,4,6,0.2727,0.5143,897.0794,0
Random,0.5000,5,7,0.2273,0.4857,837.3215,0
Random,0.5000,8,7,0.2727,0.5143,822.5776,0
Random,0.7500,8,9,0.5000,0.7429,797.4513,1
Random,0.5000,6,6,0.3182,0.5143,971.2704,0
Random,0.5000,5,6,0.3636,0.5143,894.7866,0
Random,0.5556,5,6,0.3182,0.5714,921.5262,0
Random,0.5000,6,8,0.3182,0.4857,815.2039,0
Random,0.6111,8,9,0.3636,0.6000,895.3070,0
Random,0.5000,4,6,0.3636,0.5143,810.5735,0
Random,0.5833,5,8,0.3182,0.5714,885.4189,0
Random,0.6389,7,7,0.2727,0.6286,925.3772,0
Random,0.5000,6,8,0.3182,0.4857,841.3751,0
Random,0.5278,6,7,0.2727,0.5143,797.8718,1
Random,0.5000,5,6,0.1818,0.4857,908.8403,0
Random,0.5000,3,6,0.4091,0.4857,844.1747,0
Random,0.6111,7,8,0.4091,0.6000,850.6631,0
Random,0.5278,9,8,0.2727,0.5143,859.5460,0
Random,0.5000,6,8,0.2273,0.4857,925.7429,0
Random,0.5556,6,8,0.3182,0.5429,802.6007,1
Random,0.5278,7,8,0.2727,0.5429,866.1322,0
Random,0.5278,9,6,0.3182,0.5429,845.1156,0
Random,0.7222,11,8,0.3636,0.7143,821.4624,0
Random,0.6111,6,6,0.4091,0.6286,873.3353,0
Random,0.5000,7,7,0.2727,0.4857,820.8500,0
Random,0.5556,7,7,0.3636,0.5714,841.3751,0
Random,0.6389,6,6,0.3636,0.6286,801.8739,1
Random,0.6111,9,7,0.4091,0.6286,860.8961,0
Random,0.5278,7,8,0.3182,0.5143,899.1261,0
Random,0.5278,8,8,0.2727,0.5429,810.5735,0
Random,0.5278,4,8,0.3636,0.5429,797.8718,1
Random,0.5278,7,6,0.4091,0.5429,885.9230,0
Random,0.5278,6,7,0.4091,0.5143,810.5735,0
Random,0.5000,6,7,0.3636,0.5143,881.0417,0
Random,0.5833,7,7,0.3636,0.6000,821.1781,0
Random,0.5278,6,8,0.3182,0.5143,839.8496,0
Random,0.5556,8,8,0.3182,0.5714,797.8718,1
Random,0.6111,9,9,0.4091,0.6000,820.5115,0
Random,0.5000,4,7,0.2273,0.5143,880.0587,0
Random,0.5000,6,8,0.2727,0.4857,847.3005,0
Random,0.5000,6,7,0.3636,0.5143,812.2031,0
Random,0.6667,10,7,0.3636,0.6857,862.4677,0
Random,0.6111,7,7,0.3182,0.6000,849.5536,0
Random,0.5556,9,9,0.3182,0.5429,803.6585,1
Random,0.5000,8,7,0.3182,0.5143,811.3003,0
Random,0.5556,7,7,0.4091,0.5714,797.4513,1
Random,0.5556,7,6,0.3636,0.5714,827.7977,0
Random,0.6389,9,9,0.2273,0.6286,797.8718,1
Random,0.5000,6,7,0.2727,0.5143,798.9434,1
Random,0.5833,10,7,0.4091,0.6000,828.7001,0
Random,0.5000,5,7,0.2727,0.5143,797.4513,1
Random,0.6111,8,9,0.4091,0.6286,797.4513,1
Random,0.5000,7,7,0.3636,0.5143,846.0873,0
Random,0.5278,9,8,0.2727,0.5429,915.1915,0
Random,0.5278,4,8,0.2727,0.5143,797.8718,1
Random,0.5556,8,7,0.2273,0.5714,836.5434,0
Random,0.5000,10,8,0.3636,0.4857,849.4640,0
Random,0.5278,9,6,0.3636,0.5429,916.8297,0
Random,0.5556,9,7,0.3182,0.5714,835.0131,0
Random,0.5833,9,6,0.3182,0.5714,797.4513,1
Random,0.5556,9,8,0.3636,0.5429,851.5228,0
Random,0.5278,6,6,0.2273,0.5429,803.3111,1
Random,0.5000,6,7,0.2273,0.4857,846.9880,0
Random,0.5278,9,8,0.2273,0.5143,906.6932,0
Random,0.5000,7,8,0.2727,0.5143,885.5725,0
Random,0.6111,8,8,0.2727,0.6000,844.2961,0
Random,0.5000,7,7,0.2727,0.4857,969.7078,0
Random,0.5556,6,7,0.3182,0.5429,836.0613,0
Random,0.5556,7,6,0.3636,0.5429,798.9434,1
Random,0.5278,8,7,0.4091,0.5143,846.5487,0
Random,0.5556,8,6,0.4091,0.5429,850.2862,0
Random,0.5278,7,7,0.3182,0.5143,871.6659,0
Random,0.5000,6,8,0.3182,0.4857,858.0029,0
Random,0.6667,8,7,0.4545,0.6857,821.3432,0
Random,0.5556,9,9,0.2273,0.5429,915.4367,0
Random,0.5278,5,6,0.2727,0.5143,816.0543,0
Random,0.5556,6,7,0.2273,0.5714,921.7736,0
Random,0.5278,8,7,0.3636,0.5429,843.7430,0
Random,0.5556,6,7,0.2273,0.5714,797.8718,1
Random,0.5833,8,9,0.2727,0.5714,836.8092,0
Random,0.5278,10,8,0.3636,0.5429,855.7353,0
Random,0.5000,6,7,0.3182,0.4857,916.3627,0
Random,0.5278,5,6,0.3182,0.5143,837.5905,0
Random,0.5000,8,7,0.3182,0.5143,821.7963,0
Random,0.6389,8,8,0.4545,0.6571,797.4513,1
Random,0.5000,6,5,0.3182,0.5143,837.0861,0
Random,0.5278,4,8,0.2273,0.5143,881.0359,0
Random,0.5000,6,6,0.1818,0.4857,836.0613,0
Random,0.5556,7,6,0.3182,0.5429,852.8743,0
Random,0.5000,5,6,0.2727,0.4857,846.1805,0
Random,0.6389,9,7,0.3636,0.6286,817.9923,0
Random,0.5278,4,7,0.2727,0.5143,846.8175,0
Random,0.5278,3,8,0.2727,0.5143,801.8739,1
Random,0.5000,7,8,0.3636,0.4857,852.8743,0
Random,0.5556,7,7,0.4091,0.5429,849.7833,0
Random,0.6667,10,7,0.3636,0.6571,797.4513,1
Random,0.5000,8,7,0.2273,0.4857,872.1239,0
Random,0.5278,7,5,0.2727,0.5429,848.7573,0
Random,0.5556,2,8,0.3182,0.5429,827.6188,0
Random,0.5556,6,9,0.2273,0.5429,820.1531,0
Random,0.5000,5,7,0.2727,0.5143,929.9698,0
Random,0.7222,13,7,0.3636,0.7143,877.8355,0
Random,0.5556,5,7,0.1818,0.5429,810.5735,0
Random,0.5278,8,6,0.3636,0.5429,835.0131,0
Random,0.5556,5,9,0.2727,0.5429,820.7058,0
Random,0.6111,10,8,0.3636,0.6286,855.0632,0
Random,0.5278,7,7,0.4091,0.5143,820.2431,0
Random,0.5278,3,7,0.3182,0.5143,855.2925,0
Random,0.6389,9,9,0.3636,0.6286,797.4513,1
Random,0.5556,5,7,0.3636,0.5429,797.8718,1
Random,0.5556,9,7,0.2727,0.5429,862.8039,0
Random,0.5278,7,7,0.3636,0.5143,914.3794,0
Random,0.5000,7,6,0.2727,0.5143,803.3111,1
Random,0.5278,7,7,0.3182,0.5143,840.8388,0
Random,0.5000,6,7,0.3636,0.5143,906.1677,0
Random,0.6389,12,9,0.4545,0.6571,857.4290,0
Random,0.5278,7,7,0.3182,0.5143,832.2777,0
Random,0.5556,7,6,0.3636,0.5429,838.2086,0
Random,0.5556,9,8,0.3182,0.5714,837.3163,0
Random,0.5556,7,7,0.3636,0.5714,810.5735,0
Random,0.5278,4,6,0.3182,0.5143,810.5735,0
Random,0.6389,9,8,0.4091,0.6571,797.8718,1
Random,0.5000,5,7,0.1818,0.4857,925.1125,0
Random,0.5278,5,6,0.2273,0.5429,810.5735,0
Random,0.5556,9,7,0.3636,0.5429,797.8718,1
Random,0.5000,6,7,0.3636,0.5143,862.4813,0
Random,0.5000,6,6,0.2727,0.4857,876.5079,0
Random,0.5833,8,6,0.2727,0.6000,908.7288,0
Random,0.5278,4,6,0.3182,0.5429,856.1128,0
Random,0.5278,7,8,0.3182,0.5429,853.9241,0
Random,0.5278,3,7,0.2727,0.5143,810.5735,0
Random,0.5278,7,6,0.3182,0.5429,797.4513,1
Random,0.6389,10,8,0.2727,0.6571,870.1439,0
Random,0.5000,7,8,0.3182,0.4857,870.5564,0
Random,0.5833,8,7,0.3636,0.5714,835.5512,0
Random,0.6111,3,6,0.2727,0.6000,797.4513,1
Random,0.5000,6,8,0.2727,0.5143,829.1403,0
Random,0.6111,9,9,0.3182,0.6000,810.5735,0
Random,0.5833,7,6,0.4091,0.5714,837.7540,0
Random,0.6111,9,7,0.3182,0.6000,906.4411,0
Random,0.5278,5,8,0.2727,0.5429,826.3874,0
Random,0.6667,11,9,0.3636,0.6571,810.5735,0
Random,0.5833,7,7,0.3636,0.5714,972.0242,0
Random,0.5000,4,6,0.2727,0.4857,810.5735,0
Random,0.5000,6,7,0.3636,0.5143,840.0563,0
Random,0.6111,8,8,0.2273,0.6000,850.1904,0
Random,0.6667,9,8,0.2727,0.6571,828.6292,0
Random,0.7500,12,8,0.4091,0.7429,816.4972,0
Random,0.5000,5,9,0.2727,0.4857,878.8807,0
Random,0.5000,6,6,0.2273,0.5143,853.6062,0
Random,0.5278,4,7,0.2727,0.5429,842.3363,0
Random,0.5278,7,8,0.2727,0.5429,836.8092,0
Random,0.5000,5,8,0.3182,0.4857,797.8718,1
Random,0.6111,10,9,0.3636,0.6000,840.1996,0
Random,0.5278,6,8,0.3182,0.5429,860.2931,0
Random,0.6111,10,7,0.5000,0.6000,900.2709,0
Random,0.5833,9,8,0.4091,0.5714,810.5735,0
Random,0.5278,7,6,0.4091,0.5429,819.6861,0
Random,0.5000,6,6,0.3182,0.4857,827.3525,0
Random,0.5278,6,8,0.2273,0.5143,854.2461,0
Random,0.5833,7,8,0.2273,0.5714,843.3565,0
Random,0.5000,6,7,0.2727,0.4857,856.7959,0
Random,0.5000,4,6,0.3636,0.5143,849.3023,0
Random,0.5833,9,7,0.3636,0.5714,837.9221,0
Random,0.5833,6,8,0.4091,0.5714,797.4513,1
Random,0.5000,6,6,0.4545,0.5143,839.7125,0
Random,0.5556,6,7,0.4545,0.5714,890.8413,0
Random,0.5278,8,7,0.3636,0.5429,842.2240,0
Random,0.5556,5,7,0.3636,0.5714,857.5599,0
Random,0.5556,6,8,0.3182,0.5714,820.7217,0
Random,0.5000,5,7,0.2727,0.4857,816.2453,0
Random,0.5000,6,5,0.4091,0.5143,837.3700,0
Random,0.5556,8,7,0.2273,0.5429,912.7525,0
Random,0.7500,10,8,0.4091,0.7429,797.4513,1
Random,0.5556,7,7,0.3636,0.5429,942.0522,0
Random,0.5833,6,8,0.2727,0.6000,843.2245,0
Random,0.6111,9,7,0.4091,0.6000,894.2603,0
Random,0.5000,5,7,0.3182,0.5143,842.9596,0
Random,0.5000,5,6,0.2727,0.4857,867.3697,0
Random,0.5556,6,6,0.4091,0.5429,826.0486,0
Random,0.5556,4,7,0.3182,0.5429,812.2031,0
Random,0.5833,9,7,0.3636,0.6000,870.8537,0
Random,0.6111,10,7,0.3636,0.6000,876.8665,0
Random,0.5833,7,7,0.3636,0.6000,815.1484,0
Random,0.5556,6,5,0.3636,0.5714,843.4393,0
Random,0.5000,9,7,0.4545,0.5143,861.0752,0
Random,0.5556,5,9,0.2273,0.5429,877.8573,0
Random,0.5000,7,6,0.3636,0.5143,862.7212,0
Random,0.5278,6,8,0.2273,0.5143,822.9282,0
Random,0.5000,5,6,0.3182,0.5143,868.8491,0
Random,0.5278,7,7,0.3636,0.5143,901.6707,0
Random,0.5278,6,8,0.3182,0.5429,805.8710,1
Random,0.5556,8,6,0.3182,0.5429,855.7353,0
Random,0.5833,9,8,0.3636,0.5714,913.4075,0
Random,0.6667,9,7,0.2273,0.6857,943.7869,0
Random,0.6944,11,8,0.3636,0.6857,844.1620,0
Random,0.5556,9,7,0.3182,0.5429,850.6631,0
Random,0.5278,7,6,0.4545,0.5429,798.9434,1
Random,0.5000,7,7,0.4545,0.4857,818.9530,0
Random,0.5000,6,7,0.2727,0.5143,843.6596,0
Random,0.5833,9,8,0.3636,0.6000,797.4513,1
Random,0.6111,7,7,0.3182,0.6000,830.4195,0
Random,0.5000,6,7,0.3182,0.4857,811.3003,0
Random,0.5833,8,7,0.2727,0.5714,855.1927,0
Random,0.5278,3,7,0.2727,0.5143,854.3683,0
Random,0.5000,5,7,0.2727,0.4857,888.2617,0
Random,0.5000,6,7,0.3182,0.4857,902.9350,0
Random,0.5000,5,6,0.3182,0.4857,810.5735,0
Random,0.5833,9,8,0.2273,0.6000,801.8739,1
Random,0.5556,5,8,0.3182,0.5429,855.9860,0
Random,0.5833,7,7,0.4091,0.6000,816.2453,0
Random,0.6111,11,7,0.4545,0.6286,836.2582,0
Random,0.5000,8,7,0.3182,0.4857,846.9861,0
Random,0.5000,4,7,0.2273,0.5143,850.9246,0
Random,0.5833,8,8,0.3182,0.5714,848.8190,0
Random,0.5278,8,8,0.4545,0.5429,831.8445,0
Random,0.5278,6,7,0.2273,0.5143,832.9813,0
Random,0.5000,7,7,0.3182,0.4857,894.4103,0
Random,0.5556,8,7,0.2727,0.5429,833.8037,0
Random,0.5556,9,6,0.4545,0.5714,820.2431,0
Random,0.5556,6,9,0.2727,0.5429,841.6429,0
Random,0.5556,7,7,0.3182,0.5429,797.4513,1
Random,0.5000,6,6,0.3636,0.5143,839.9558,0
Random,0.6111,8,9,0.3182,0.6000,865.5661,0
Random,0.6111,8,9,0.3182,0.6000,866.0219,0
Random,0.6389,11,7,0.3182,0.6286,810.5735,0
Random,0.5000,8,6,0.2727,0.4857,840.3448,0
Random,0.6111,8,6,0.3182,0.6000,855.1927,0
Random,0.7222,12,7,0.3636,0.7429,827.3525,0
Random,0.5000,5,5,0.3636,0.5143,828.7001,0
Random,0.6389,10,7,0.4091,0.6571,829.9318,0
Random,0.5556,6,8,0.2273,0.5429,851.2653,0
Random,0.5000,5,8,0.3182,0.5143,854.7872,0
Random,0.5556,8,6,0.4091,0.5429,830.9854,0
Random,0.6111,9,8,0.2727,0.6000,882.0341,0
Random,0.5556,6,9,0.2727,0.5429,862.6030,0
Random,0.5000,7,7,0.2727,0.5143,876.7275,0
Random,0.5556,7,7,0.2727,0.5714,826.6984,0
Random,0.5833,7,6,0.3636,0.5714,829.1403,0
Random,0.5833,10,8,0.3636,0.5714,879.7799,0
Random,0.5833,10,7,0.4091,0.5714,798.9434,1
Random,0.5000,8,6,0.3182,0.5143,869.9571,0
Random,0.5278,6,7,0.2727,0.5429,797.4513,1
Random,0.5000,5,8,0.2727,0.4857,916.5972,0
Random,0.6111,7,6,0.3182,0.6286,859.2234,0
Random,0.5833,8,6,0.4091,0.6000,810.5735,0
Random,0.5278,6,8,0.4091,0.5429,803.1277,1
Random,0.5278,5,7,0.2273,0.5143,876.4868,0
Random,0.5833,7,8,0.4091,0.5714,797.8718,1
Random,0.5000,5,7,0.2273,0.5143,797.4513,1
Random,0.6389,10,9,0.3636,0.6286,825.1062,0
Random,0.6944,14,9,0.3636,0.6857,872.3458,0
Random,0.6111,11,8,0.3636,0.6000,874.3140,0
Random,0.5000,5,4,0.4091,0.5143,838.6314,0
Random,0.5000,5,5,0.4091,0.5143,798.9434,1
Random,0.6389,10,7,0.3636,0.6571,882.1829,0
Random,0.5278,5,6,0.3636,0.5429,857.3683,0
Random,0.5833,9,8,0.3636,0.5714,865.0194,0
Random,0.6944,10,7,0.3636,0.6857,930.0562,0
Random,0.5000,6,7,0.1818,0.5143,886.3659,0
Random,0.5833,11,8,0.4545,0.5714,819.6692,0
Random,0.6667,6,8,0.4091,0.6571,840.1701,0
Random,0.5278,5,7,0.3636,0.5143,803.3936,1
Random,0.5278,4,7,0.1818,0.5143,835.7890,0
Random,0.5278,6,6,0.2727,0.5143,828.4344,0
Random,0.7222,10,8,0.4091,0.7143,797.4513,1
Random,0.6111,10,7,0.4545,0.6000,820.8502,0
Random,0.5278,7,7,0.3182,0.5429,851.1324,0
Random,0.5000,7,5,0.3182,0.5143,813.0478,0
Random,0.5278,8,8,0.2273,0.5143,830.7646,0
Random,0.6111,8,8,0.3182,0.6286,880.8532,0
Random,0.5833,7,8,0.3636,0.6000,801.8739,1
Random,0.5000,7,7,0.2727,0.5143,817.9923,0
Random,0.6667,11,8,0.3636,0.6857,850.6631,0
Random,0.5556,9,7,0.4091,0.5429,835.1558,0
Random,0.5278,8,8,0.3182,0.5143,823.7503,0
Random,0.5833,4,9,0.4091,0.5714,797.4513,1
Random,0.6111,10,8,0.3636,0.6000,808.0811,1
Random,0.5000,8,8,0.4091,0.5143,812.6236,0
Random,0.6944,10,8,0.4091,0.7143,797.4513,1
Random,0.5000,3,6,0.3182,0.4857,802.6007,1
Random,0.5556,5,9,0.3182,0.5429,832.2797,0
Random,0.5833,11,8,0.3636,0.5714,852.3485,0
Random,0.5000,5,7,0.3182,0.5143,868.4452,0
Random,0.5000,9,8,0.4091,0.4857,882.9100,0
Random,0.5556,10,7,0.2727,0.5429,841.2103,0
Random,0.5278,6,7,0.4091,0.5143,903.7422,0
Random,0.5556,8,8,0.3636,0.5714,798.9434,1
Random,0.5278,5,8,0.4091,0.5429,822.4695,0
Random,0.5556,9,7,0.3636,0.5429,828.7001,0
Random,0.5278,7,7,0.1364,0.5143,822.9282,0
Random,0.6389,9,7,0.3636,0.6286,797.4513,1
Random,0.5278,6,6,0.2727,0.5143,817.9923,0
Random,0.5278,4,6,0.2273,0.5143,924.7800,0
Random,0.6389,10,8,0.4091,0.6286,797.8718,1
Random,0.5278,8,6,0.2273,0.5143,842.5695,0
Random,0.5000,4,8,0.3182,0.4857,856.1128,0
Random,0.5833,7,8,0.3182,0.5714,940.2302,0
Random,0.6944,10,7,0.4545,0.6857,810.5735,0
Random,0.5278,7,6,0.3636,0.5429,867.9254,0
Random,0.5000,7,7,0.3182,0.5143,882.7058,0
Random,0.5278,9,6,0.2727,0.5143,838.7305,0
Random,0.5278,6,7,0.3182,0.5143,885.3520,0
Random,0.5278,7,7,0.3182,0.5429,855.1927,0
Random,0.5000,7,6,0.3182,0.5143,904.7826,0
Random,0.5000,5,7,0.3182,0.5143,897.8498,0
Random,0.5833,8,8,0.4091,0.6000,875.5299,0
Random,0.5278,6,8,0.2727,0.5143,924.5269,0
Random,0.6667,11,9,0.5455,0.6571,810.5735,0
Random,0.5556,7,7,0.3182,0.5429,907.9982,0
Random,0.5000,5,7,0.2273,0.4857,888.0919,0
Random,0.5278,5,9,0.1364,0.5143,923.3378,0
Random,0.5833,8,8,0.3182,0.5714,797.8718,1
Random,0.6944,13,6,0.4545,0.6857,850.3286,0
Random,0.6667,11,8,0.4545,0.6571,798.9434,1
Random,0.5833,10,7,0.3182,0.5714,810.5735,0
Random,0.5556,7,7,0.2273,0.5429,918.6901,0
Random,0.5000,4,7,0.2727,0.4857,801.8739,1
Random,0.5556,6,6,0.4091,0.5714,801.8739,1
Random,0.5556,7,8,0.2727,0.5429,797.4513,1
Random,0.5833,7,7,0.4545,0.5714,801.8739,1
Random,0.5278,6,8,0.3182,0.5429,822.9282,0
Random,0.6389,7,8,0.2273,0.6286,875.5656,0
Random,0.6111,9,8,0.3636,0.6286,823.4085,0
Random,0.6944,13,7,0.3636,0.6857,895.1372,0
Random,0.5000,7,7,0.1818,0.4857,923.3461,0
Random,0.5556,8,8,0.3182,0.5429,826.6990,0
Random,0.5556,9,8,0.3182,0.5429,982.6454,0
Random,0.5556,9,7,0.3182,0.5714,878.6355,0
Random,0.5278,7,7,0.2273,0.5143,811.3003,0
Random,0.5278,6,7,0.3182,0.5143,854.0818,0
Random,0.5278,7,7,0.2727,0.5429,882.8280,0
Random,0.5000,7,5,0.2273,0.5143,902.3970,0
Random,0.5000,7,7,0.3636,0.5143,838.0421,0
Random,0.5278,9,7,0.3636,0.5429,803.3936,1
Random,0.6111,9,9,0.2727,0.6000,890.0132,0
Random,0.6111,7,7,0.4091,0.6286,820.4407,0
Random,0.5833,5,7,0.1818,0.6000,797.4513,1
Random,0.5278,8,7,0.2727,0.5143,863.2701,0
Random,0.5000,7,7,0.3182,0.5143,838.3824,0
Random,0.5556,5,6,0.2273,0.5429,898.8086,0
Random,0.6389,10,7,0.4091,0.6286,890.2956,0
Random,0.5278,9,7,0.2727,0.5143,880.6351,0
Random,0.5278,9,7,0.3636,0.5429,826.6984,0
Random,0.5833,8,7,0.3636,0.5714,921.8898,0
Random,0.5000,2,6,0.2273,0.4857,823.8576,0
Random,0.5278,7,7,0.3636,0.5143,801.8739,1
Random,0.6111,8,8,0.2273,0.6000,838.0421,0
Random,0.5000,5,7,0.2273,0.4857,798.9434,1
Random,0.5556,8,8,0.3182,0.5714,841.6429,0
Random,0.5000,6,6,0.4091,0.5143,899.1006,0
Random,0.5000,5,6,0.3182,0.5143,877.8835,0
Random,0.5833,5,6,0.2273,0.5714,831.2968,0
Random,0.5000,7,7,0.3182,0.4857,817.9307,0
Random,0.5000,5,6,0.3182,0.4857,797.4513,1
Random,0.5000,6,8,0.1818,0.5143,874.9649,0
Random,0.6389,8,8,0.4091,0.6286,815.1484,0
Random,0.6389,8,9,0.3636,0.6571,821.7963,0
Random,0.6667,10,8,0.3636,0.6571,855.4990,0
Random,0.5000,10,8,0.2727,0.4857,837.3023,0
Random,0.5556,5,7,0.2273,0.5429,937.6062,0
Random,0.5000,5,7,0.4091,0.4857,890.7123,0
Random,0.5278,8,6,0.3636,0.5429,837.3199,0
Random,0.5556,9,8,0.3182,0.5429,797.4513,1
Random,0.7222,12,8,0.2727,0.7143,877.7950,0
Random,0.6389,9,8,0.3636,0.6286,797.4513,1
Random,0.5833,9,9,0.4091,0.5714,827.3525,0
Random,0.5000,4,8,0.2727,0.5143,822.6044,0
Random,0.6389,9,8,0.2273,0.6286,816.4972,0
Random,0.5556,8,7,0.3636,0.5714,834.9123,0
Random,0.5000,8,8,0.4545,0.5143,827.3525,0
Random,0.5556,7,5,0.3182,0.5714,890.4957,0
Random,0.5556,8,7,0.3636,0.5714,836.1311,0
Random,0.5000,7,7,0.2727,0.5143,895.9825,0
Random,0.6389,7,9,0.3636,0.6286,815.2039,0
Random,0.5278,6,8,0.3182,0.5143,821.8258,0
Random,0.5833,8,8,0.2273,0.6000,856.9544,0
Random,0.5833,8,6,0.3182,0.6000,797.8718,1
Random,0.5556,6,7,0.2273,0.5429,895.6100,0
Random,0.5278,8,7,0.3636,0.5143,861.6069,0
Random,0.5278,3,7,0.2273,0.5143,879.5654,0
Random,0.5833,7,8,0.5000,0.6000,905.2762,0
Random,0.6389,9,8,0.5909,0.6571,810.5735,0
Random,0.5278,6,7,0.2727,0.5143,876.7144,0
Random,0.6667,10,8,0.4091,0.6857,827.5683,0
Random,0.5556,8,7,0.3182,0.5429,838.0065,0
Random,0.5000,5,7,0.3636,0.5143,835.0131,0
Random,0.5556,5,7,0.3636,0.5429,866.2527,0
Random,0.6111,8,8,0.3182,0.6286,872.4106,0
Random,0.5000,4,7,0.1364,0.4857,846.5239,0
Random,0.5278,8,8,0.3182,0.5143,843.5736,0
Random,0.6667,11,9,0.3182,0.6571,920.7304,0
Random,0.5278,8,7,0.3636,0.5143,831.4938,0
Random,0.6111,10,8,0.2727,0.6286,883.5236,0
Random,0.5556,6,7,0.2727,0.5429,838.4405,0
Random,0.5000,4,8,0.4091,0.5143,821.8258,0
Random,0.5556,9,8,0.3636,0.5429,825.1397,0
Random,0.5000,3,9,0.0909,0.4857,797.8718,1
Random,0.5556,8,9,0.2727,0.5429,878.3994,0
Random,0.5833,10,7,0.3182,0.5714,836.4349,0
Random,0.5833,5,6,0.3182,0.6000,821.7963,0
Random,0.5278,6,8,0.2273,0.5143,811.3003,0
Random,0.5278,6,7,0.3182,0.5429,841.0370,0
Random,0.5833,6,8,0.3636,0.5714,907.1082,0
Random,0.5000,6,7,0.2273,0.4857,823.4085,0
Random,0.5556,8,7,0.2727,0.5714,812.7828,0
Random,0.5833,9,9,0.3182,0.6000,820.1531,0
Random,0.5000,2,7,0.2273,0.4857,896.0014,0
Random,0.5000,4,7,0.2273,0.5143,888.7961,0
Random,0.5556,5,7,0.3182,0.5429,874.8200,0
Random,0.5000,5,6,0.2273,0.4857,912.0888,0
Random,0.5000,6,9,0.2273,0.5143,895.2518,0
Random,0.5833,10,8,0.2727,0.5714,887.6379,0
Random,0.5556,6,8,0.2727,0.5429,797.4513,1
Random,0.5000,6,6,0.3182,0.4857,870.1456,0
Random,0.5556,5,6,0.3182,0.5714,851.1324,0
Random,0.5556,6,8,0.3182,0.5429,846.0404,0
Random,0.5000,5,6,0.4091,0.5143,835.0131,0
Random,0.5278,5,7,0.2727,0.5429,852.4591,0
Random,0.5278,5,7,0.1818,0.5143,887.6758,0
Random,0.5833,7,7,0.2727,0.6000,803.3936,1
Random,0.5278,3,7,0.1818,0.5143,871.0447,0
Random,0.5000,8,8,0.3636,0.5143,797.4513,1
Random,0.5000,4,6,0.3636,0.5143,803.3111,1
Random,0.5000,7,5,0.4545,0.5143,881.7777,0
Random,0.5000,8,7,0.2727,0.4857,839.5108,0
Random,0.5000,3,8,0.3182,0.4857,922.0618,0
Random,0.5000,6,7,0.4091,0.5143,810.5735,0
Random,0.5278,5,7,0.2727,0.5143,820.7058,0
Random,0.5278,6,7,0.3636,0.5429,855.4990,0
Random,0.6111,7,9,0.2273,0.6000,894.8332,0
Random,0.5278,10,8,0.3182,0.5143,797.8718,1
Random,0.7500,15,8,0.4545,0.7714,816.2453,0
Random,0.5833,10,9,0.2727,0.5714,797.4513,1
Random,0.5278,7,8,0.3182,0.5143,810.6053,0
Random,0.5278,7,8,0.3182,0.5143,861.7558,0
Random,0.5833,11,7,0.4545,0.6000,797.4513,1
Random,0.5556,3,8,0.2727,0.5429,834.1621,0
Random,0.5000,5,5,0.4091,0.5143,826.6984,0
Random,0.5278,8,7,0.2727,0.5143,822.9282,0
Random,0.6111,10,9,0.2273,0.6000,817.8002,0
Random,0.5000,3,7,0.2727,0.4857,876.9204,0
Random,0.6389,9,8,0.4545,0.6286,801.8739,1
Random,0.6389,10,7,0.3636,0.6571,821.7963,0
Random,0.5833,8,7,0.3636,0.5714,866.7281,0
Random,0.6111,10,9,0.2727,0.6000,850.6631,0
Random,0.5278,8,7,0.2273,0.5143,844.9207,0
Random,0.5000,4,8,0.3182,0.4857,836.5482,0
Random,0.5278,3,6,0.2273,0.5429,884.1061,0
Random,0.6111,6,7,0.3182,0.6000,797.4513,1
Random,0.5000,9,7,0.3636,0.5143,833.7084,0
Random,0.5000,7,7,0.2727,0.4857,882.8158,0
Random,0.6389,6,9,0.3636,0.6286,960.9676,0
Random,0.6111,9,8,0.3636,0.6286,819.5007,0
Random,0.5556,8,7,0.2273,0.5429,844.0783,0
Random,0.5833,7,7,0.4091,0.6000,797.8718,1
Random,0.6389,8,7,0.4091,0.6571,797.8718,1
Random,0.5000,4,8,0.3182,0.5143,826.0486,0
Random,0.5278,5,7,0.4091,0.5429,810.5735,0
Random,0.5556,4,7,0.2727,0.5714,860.5118,0
Random,0.6111,3,8,0.3636,0.6000,797.4513,1
Random,0.5556,6,7,0.3182,0.5714,828.7001,0
Random,0.6111,6,8,0.2727,0.6000,836.0613,0
Random,0.5833,7,8,0.3182,0.6000,797.4513,1
Random,0.5278,4,7,0.2273,0.5143,820.1789,0
Random,0.5556,8,8,0.5000,0.5429,841.4950,0
Random,0.5278,6,8,0.3636,0.5143,828.7001,0
Random,0.5556,9,7,0.2273,0.5714,869.0677,0
Random,0.5556,6,8,0.2727,0.5714,870.5551,0
Random,0.5000,5,6,0.2727,0.4857,863.3059,0
Random,0.5000,7,7,0.3636,0.4857,852.8743,0
Random,0.6111,8,6,0.3636,0.6000,797.8718,1
Random,0.5000,6,6,0.2727,0.4857,866.7410,0
Random,0.5000,6,7,0.2727,0.5143,850.6631,0
Random,0.5000,6,7,0.4545,0.4857,931.6911,0
Random,0.5833,8,7,0.3182,0.5714,797.8718,1
Random,0.5000,4,7,0.3636,0.4857,876.0209,0
Random,0.5556,9,9,0.2727,0.5429,884.0560,0
Random,0.5556,7,8,0.2727,0.5429,932.5712,0
Random,0.6667,11,7,0.4091,0.6571,837.2939,0
Random,0.5000,6,6,0.3636,0.4857,876.3905,0
Random,0.5000,3,7,0.2273,0.4857,797.8718,1
Random,0.5000,8,7,0.3182,0.4857,841.9517,0
Random,0.5556,8,8,0.3182,0.5714,847.6975,0
Random,0.6111,9,7,0.4545,0.6286,826.0486,0
Random,0.6111,7,7,0.4091,0.6000,821.9604,0
Random,0.5000,9,8,0.3182,0.5143,865.2247,0
Random,0.6111,8,8,0.3636,0.6000,797.4513,1
Random,0.5278,8,7,0.3182,0.5143,827.1920,0
Random,0.5278,8,8,0.3636,0.5143,812.2031,0
Random,0.5278,7,8,0.3636,0.5429,932.6472,0
Random,0.5000,5,7,0.2727,0.5143,828.6283,0
Random,0.5000,5,6,0.3636,0.5143,863.7444,0
Random,0.6389,9,9,0.3636,0.6286,836.0613,0
Random,0.5556,8,7,0.3636,0.5714,923.2813,0
Random,0.5000,5,8,0.2727,0.5143,828.4438,0
Random,0.5833,6,8,0.3636,0.6000,798.9434,1
Random,0.6111,9,8,0.2273,0.6000,871.0475,0
Random,0.5833,7,5,0.3636,0.6000,827.1195,0
Random,0.6111,7,6,0.3636,0.6000,836.9521,0
Random,0.5833,6,8,0.3636,0.5714,910.1060,0
Random,0.5833,7,7,0.2727,0.6000,844.4184,0
Random,0.5000,6,6,0.2727,0.4857,828.7001,0
Random,0.5278,9,8,0.4091,0.5429,866.4172,0
Random,0.5833,8,8,0.3636,0.6000,867.2206,0
Random,0.5000,7,7,0.4091,0.5143,905.8424,0
Random,0.6111,10,9,0.3182,0.6000,801.8739,1
Random,0.5833,9,8,0.4091,0.6000,841.4501,0
Random,0.5000,7,7,0.4091,0.5143,858.1475,0
Random,0.6111,7,7,0.2727,0.6000,877.9262,0
Random,0.5556,7,7,0.2273,0.5429,797.4513,1
Random,0.5000,8,7,0.3182,0.5143,811.0690,0
Random,0.5000,5,7,0.1818,0.4857,850.2862,0
Random,0.5000,6,8,0.3636,0.5143,798.9434,1
Random,0.5833,8,7,0.3636,0.5714,841.3751,0
Random,0.5000,6,7,0.2727,0.5143,816.4972,0
Random,0.6389,7,7,0.2727,0.6571,836.0613,0
Random,0.6667,11,8,0.2273,0.6857,851.8115,0
Random,0.5833,8,7,0.3182,0.5714,826.9423,0
Random,0.6944,12,9,0.3182,0.6857,881.8600,0
Random,0.5000,9,8,0.2727,0.4857,826.3874,0
Random,0.5000,4,7,0.3182,0.4857,838.8069,0
Random,0.5278,8,8,0.3182,0.5429,830.7646,0
Random,0.5833,9,8,0.3636,0.5714,803.3936,1
Random,0.5000,3,8,0.2727,0.5143,835.7890,0
Random,0.5833,10,9,0.3636,0.5714,924.1480,0
Random,0.5000,6,8,0.3636,0.4857,847.9419,0
Random,0.5278,8,7,0.3636,0.5143,852.8743,0
Random,0.5278,7,7,0.3636,0.5429,818.2207,0
Random,0.6667,8,8,0.3182,0.6857,797.4513,1
Random,0.5000,6,7,0.2273,0.5143,847.9419,0
Random,0.5278,4,6,0.2727,0.5143,888.2617,0
Random,0.5278,6,6,0.4091,0.5429,845.3100,0
Random,0.5000,4,6,0.3182,0.4857,810.5735,0
Random,0.5278,7,6,0.2727,0.5429,850.6631,0
Random,0.5278,8,8,0.1818,0.5143,797.8718,1
Random,0.6944,12,8,0.2727,0.6857,820.7217,0
Random,0.5278,8,8,0.2727,0.5143,818.9530,0
Random,0.5278,6,7,0.2727,0.5429,818.6157,0
Random,0.5000,5,7,0.3182,0.5143,829.2225,0
Random,0.5000,4,7,0.2727,0.5143,852.7512,0
Random,0.5278,8,7,0.1818,0.5429,810.5735,0
Random,0.5278,6,7,0.2727,0.5429,803.3111,1
Random,0.5833,9,8,0.4091,0.5714,816.6411,0
Random,0.5278,7,6,0.4091,0.5143,909.2798,0
Random,0.5556,7,8,0.3182,0.5429,909.0937,0
Random,0.5556,7,8,0.4091,0.5429,803.7866,1
Random,0.5278,7,7,0.2727,0.5143,915.9470,0
Random,0.5000,5,7,0.2727,0.4857,881.3323,0
Random,0.5278,7,8,0.3182,0.5143,803.3111,1
Random,0.5278,6,7,0.2273,0.5143,856.4778,0
Random,0.5833,9,8,0.3182,0.5714,811.3205,0
Random,0.5833,10,8,0.3182,0.5714,828.7001,0
Random,0.5000,3,6,0.1818,0.4857,836.0613,0
Random,0.5000,6,7,0.3182,0.5143,829.6254,0
Random,0.5000,6,6,0.4545,0.5143,828.7001,0
Random,0.5000,7,8,0.2727,0.4857,803.3936,1
Random,0.5000,3,7,0.2273,0.4857,810.5735,0
Random,0.5278,4,8,0.2727,0.5143,852.6096,0
Random,0.5833,9,8,0.3182,0.6000,828.8892,0
Random,0.5000,5,8,0.2727,0.4857,840.9450,0
Random,0.5278,5,7,0.3182,0.5143,839.0530,0
Random,0.5833,8,8,0.2273,0.5714,873.6948,0
Random,0.5833,9,7,0.4091,0.5714,885.3161,0
Random,0.6667,9,7,0.4091,0.6857,860.6582,0
Random,0.5278,9,9,0.2727,0.5143,921.6118,0
Random,0.6111,9,8,0.3636,0.6286,953.5779,0
Random,0.6389,12,9,0.4091,0.6571,810.5735,0
Random,0.5000,8,7,0.5000,0.4857,835.7890,0
Random,0.5000,8,6,0.4091,0.5143,842.2993,0
Random,0.5278,5,8,0.3636,0.5143,894.9272,0
Random,0.5833,6,8,0.4091,0.6000,871.3935,0
Random,0.5833,7,7,0.4545,0.5714,797.4513,1
Random,0.5556,6,6,0.3636,0.5429,828.7001,0
Random,0.5000,5,7,0.2727,0.5143,819.5007,0
Random,0.5000,3,7,0.2273,0.4857,810.5735,0
Random,0.6389,7,7,0.3636,0.6571,882.4463,0
Random,0.5278,8,7,0.3182,0.5429,861.4064,0
Random,0.5000,6,8,0.2273,0.4857,1024.7303,0
Random,0.5000,5,6,0.3182,0.5143,901.7797,0
Random,0.6111,8,8,0.3182,0.6286,803.3111,1
Random,0.5833,7,8,0.3636,0.5714,942.8175,0
Random,0.5000,6,7,0.3182,0.4857,828.7001,0
Random,0.5278,8,5,0.2727,0.5429,812.7828,0
Random,0.5000,7,7,0.2727,0.5143,852.4591,0
Random,0.5556,8,7,0.3636,0.5429,839.8042,0
Random,0.5556,8,6,0.5455,0.5714,829.1403,0
Random,0.5833,10,8,0.5000,0.5714,895.7482,0
Random,0.5556,7,8,0.3182,0.5714,849.0182,0
Random,0.5000,1,8,0.3636,0.5143,823.7503,0
Random,0.6944,9,8,0.4091,0.7143,797.4513,1
Random,0.5278,8,9,0.2727,0.5143,836.8092,0
Random,0.5556,7,9,0.4545,0.5429,849.9330,0
Random,0.5278,7,7,0.3636,0.5143,825.3403,0
Random,0.6111,9,8,0.3182,0.6000,841.6429,0
Random,0.5556,7,7,0.4091,0.5714,890.6020,0
Random,0.5000,6,6,0.3182,0.5143,853.5571,0
Random,0.5556,4,6,0.2727,0.5714,843.4393,0
Random,0.5000,7,8,0.2727,0.4857,940.4756,0
Random,0.5833,9,6,0.3636,0.5714,887.0145,0
Random,0.5278,5,6,0.3636,0.5143,829.1280,0
Random,0.5278,5,6,0.3636,0.5429,797.4513,1
Random,0.5278,4,7,0.2727,0.5143,829.1280,0
Random,0.5833,8,8,0.3636,0.5714,807.8428,1
Random,0.5278,7,7,0.2273,0.5143,797.8718,1
Random,0.6111,5,7,0.2273,0.6286,861.2617,0
Random,0.5833,8,7,0.3636,0.5714,797.8718,1
Random,0.5556,9,6,0.4091,0.5714,900.9917,0
Random,0.5556,6,7,0.2727,0.5429,801.8739,1
Random,0.6111,9,8,0.2727,0.6000,869.5632,0
Random,0.5556,4,7,0.2273,0.5429,841.8075,0
Random,0.5278,4,7,0.1818,0.5143,830.7646,0
Random,0.5000,4,7,0.2727,0.4857,849.4291,0
Random,0.5556,8,7,0.4545,0.5714,880.1670,0
Random,0.5278,7,5,0.3182,0.5143,844.1620,0
Random,0.5278,6,7,0.2727,0.5143,857.0686,0
Random,0.5278,6,6,0.2727,0.5143,834.8908,0
Random,0.5833,7,6,0.4091,0.6000,820.9992,0
Random,0.5556,8,8,0.3636,0.5714,821.8779,0
Random,0.5278,8,7,0.3636,0.5143,928.7274,0
Random,0.7222,12,8,0.4091,0.7143,826.6235,0
Random,0.5833,8,8,0.3182,0.5714,797.4513,1
Random,0.7500,13,9,0.3636,0.7429,797.4513,1
Random,0.5000,4,8,0.4091,0.5143,833.1168,0
Random,0.5833,7,8,0.3636,0.5714,797.4513,1
Random,0.6111,8,7,0.3182,0.6000,955.3085,0
Random,0.5000,6,8,0.2727,0.4857,848.7573,0
Random,0.5556,7,8,0.3636,0.5714,841.4203,0
Random,0.5000,5,7,0.2727,0.4857,876.9231,0
Random,0.6389,10,7,0.3636,0.6571,823.6550,0
Random,0.5000,5,5,0.3636,0.5143,797.8718,1
Random,0.5556,5,7,0.4091,0.5714,854.9832,0
Random,0.5278,4,7,0.3182,0.5143,857.0980,0
Random,0.5833,6,7,0.2273,0.6000,797.8718,1
Random,0.5000,6,8,0.3636,0.5143,845.9073,0
Random,0.5556,4,7,0.4091,0.5714,1002.2788,0
Random,0.5556,5,8,0.3636,0.5714,805.8710,1
Random,0.5000,5,6,0.3636,0.4857,810.5735,0
Random,0.5000,6,7,0.2727,0.5143,826.9890,0
Random,0.6111,8,6,0.3636,0.6286,803.3111,1
Random,0.5000,6,6,0.2273,0.4857,798.9434,1
Random,0.5556,7,6,0.2727,0.5429,868.4037,0
Random,0.5833,7,8,0.2727,0.6000,850.6631,0
Random,0.5278,8,8,0.2273,0.5143,850.5408,0
Random,0.5000,4,6,0.2727,0.4857,854.4855,0
Random,0.5833,8,7,0.3182,0.5714,860.1159,0
Random,0.5278,6,7,0.3636,0.5143,842.6183,0
Random,0.5556,12,6,0.3636,0.5429,797.4513,1
Random,0.5278,5,6,0.2273,0.5143,822.9282,0
Random,0.5000,7,7,0.3182,0.5143,801.8739,1
Random,0.6389,7,8,0.2727,0.6286,899.9633,0
Random,0.6111,10,7,0.2273,0.6286,896.0690,0
Random,0.6944,11,9,0.4545,0.6857,810.5735,0
Random,0.5000,3,8,0.2273,0.4857,850.6631,0
Random,0.5833,8,7,0.3636,0.5714,857.3438,0
Random,0.5000,3,6,0.3636,0.4857,923.0770,0
Random,0.5833,9,7,0.3636,0.6000,890.6812,0
Random,0.5833,10,9,0.2727,0.5714,822.5776,0
Random,0.5278,7,8,0.2727,0.5143,920.0549,0
Random,0.5000,4,8,0.2727,0.5143,854.8801,0
Random,0.5000,6,7,0.3182,0.5143,898.5563,0
Random,0.5000,9,7,0.4091,0.4857,840.4955,0
Random,0.5556,7,7,0.3182,0.5429,909.8123,0
Random,0.5278,6,7,0.3636,0.5143,852.5331,0
Random,0.5278,7,6,0.3636,0.5143,812.7828,0
Random,0.5556,7,8,0.2727,0.5429,903.6765,0
Random,0.5000,7,7,0.3182,0.5143,973.2521,0
Random,0.5556,7,6,0.3636,0.5714,841.5297,0
Random,0.5278,4,8,0.1818,0.5143,869.5875,0
Random,0.5000,7,9,0.2273,0.4857,921.7245,0
Random,0.5000,4,6,0.2273,0.4857,844.4898,0
Random,0.6389,8,6,0.2727,0.6571,820.1789,0
Random,0.5278,8,5,0.3636,0.5429,817.9923,0
Random,0.5000,6,7,0.1818,0.5143,812.7828,0
Random,0.5000,8,7,0.3636,0.5143,859.9902,0
Random,0.5000,7,8,0.3182,0.4857,827.3525,0
Random,0.5000,3,7,0.1818,0.5143,822.7804,0
Random,0.5556,7,6,0.4091,0.5429,797.4513,1
Random,0.6111,8,7,0.4091,0.6286,872.5880,0
Random,0.6111,10,8,0.4545,0.6286,843.6407,0
Random,0.5833,6,7,0.3182,0.5714,864.5305,0
Random,0.5000,6,8,0.2727,0.5143,821.7963,0
Random,0.5000,6,8,0.2273,0.4857,914.0797,0
Random,0.5000,7,8,0.3182,0.5143,844.1620,0
Random,0.5556,6,8,0.2273,0.5429,797.8718,1
Random,0.5278,9,6,0.3182,0.5429,848.3132,0
Random,0.6111,9,7,0.3636,0.6286,816.2453,0
Random,0.5833,9,8,0.5000,0.6000,852.8743,0
Random,0.5278,7,7,0.3182,0.5143,953.5142,0
Random,0.6111,6,5,0.2727,0.6000,801.8739,1
Random,0.5556,5,6,0.3636,0.5429,886.9729,0
Random,0.5833,7,8,0.3182,0.5714,812.0974,0
Random,0.5000,6,7,0.2727,0.4857,836.8092,0
Random,0.6111,7,7,0.2727,0.6000,861.2261,0
Random,0.5000,8,8,0.3182,0.5143,886.1313,0
Random,0.5000,4,8,0.2727,0.4857,810.5735,0
Random,0.5556,8,7,0.3636,0.5714,797.4513,1
Random,0.6111,7,8,0.4545,0.6000,878.5932,0
Random,0.5278,8,8,0.2273,0.5143,837.2387,0
Random,0.5000,4,7,0.2727,0.5143,972.2933,0
Random,0.5278,5,6,0.2273,0.5429,838.7305,0
Random,0.5833,7,6,0.3636,0.5714,807.8428,1
Random,0.5833,9,7,0.4545,0.6000,800.0627,1
Random,0.5556,7,7,0.4091,0.5714,835.0131,0
Random,0.5000,8,7,0.3182,0.5143,803.3111,1
Random,0.5278,6,8,0.3636,0.5429,856.2045,0
Random,0.5833,6,8,0.3182,0.6000,821.7963,0
Random,0.5278,8,7,0.2273,0.5429,839.3605,0
Random,0.5000,5,6,0.3182,0.5143,810.5735,0
Random,0.5000,5,7,0.2273,0.4857,810.5735,0
Random,0.5556,7,8,0.2727,0.5429,911.9732,0
Random,0.5556,10,8,0.3182,0.5429,822.5776,0
Random,0.5000,3,8,0.1818,0.4857,818.2542,0
Random,0.5833,4,9,0.3182,0.5714,872.8408,0
Random,0.5000,7,7,0.4091,0.5143,881.0105,0
Random,0.5000,7,7,0.4091,0.4857,888.3179,0
Random,0.6111,7,8,0.2727,0.6000,819.5792,0
Random,0.6389,8,7,0.3636,0.6286,835.9783,0
Random,0.5000,6,7,0.3182,0.4857,920.3332,0
Random,0.5000,6,8,0.2273,0.5143,817.9923,0
Random,0.6389,10,8,0.3182,0.6286,832.2777,0
Random,0.5556,6,8,0.1818,0.5714,836.4349,0
Random,0.5000,4,8,0.2273,0.4857,859.5968,0
Random,0.5833,9,7,0.4091,0.6000,797.4513,1
Random,0.6111,11,8,0.2727,0.6000,797.4513,1
Random,0.5278,7,6,0.3182,0.5143,828.7001,0
Random,0.5556,6,6,0.3182,0.5714,837.2803,0
Random,0.5278,6,7,0.2727,0.5143,797.4513,1
Random,0.6111,7,9,0.3636,0.6286,833.1168,0
Random,0.5000,8,6,0.3636,0.5143,812.2031,0
Random,0.7500,13,9,0.4091,0.7714,797.8718,1
Random,0.6667,9,7,0.3182,0.6571,798.9434,1
Random,0.5000,6,7,0.3636,0.4857,851.2653,0
Random,0.5278,7,8,0.2727,0.5429,873.5684,0
Random,0.5833,6,8,0.2727,0.5714,863.6449,0
Random,0.5278,5,6,0.2727,0.5143,801.8739,1
Random,0.5000,6,8,0.2273,0.5143,829.4114,0
Random,0.5278,6,8,0.1818,0.5143,886.2539,0
Random,0.6111,9,7,0.4091,0.6000,866.2395,0
Random,0.5000,5,6,0.2727,0.4857,829.2498,0
Random,0.5556,4,8,0.4091,0.5714,837.2387,0
Random,0.5556,8,7,0.3182,0.5429,846.8109,0
Random,0.5833,9,9,0.4091,0.6000,797.8718,1
Random,0.6111,9,9,0.3182,0.6286,899.7441,0
Random,0.6389,11,8,0.4091,0.6286,816.4972,0
Random,0.5556,7,8,0.3182,0.5714,888.5667,0
Random,0.6389,11,8,0.3636,0.6286,819.2922,0
Random,0.5556,7,7,0.2273,0.5429,868.8477,0
Random,0.5833,9,7,0.3636,0.5714,877.9624,0
Random,0.5556,5,6,0.3182,0.5429,836.3495,0
Random,0.6389,11,6,0.5000,0.6286,820.2431,0
Random,0.5000,9,7,0.4091,0.5143,812.2031,0
Random,0.5000,6,7,0.3182,0.4857,849.3590,0
Random,0.5000,6,6,0.3182,0.4857,816.2453,0
Random,0.5556,5,6,0.2727,0.5714,817.7100,0
Random,0.5833,8,8,0.3182,0.5714,816.4972,0
Random,0.5000,4,7,0.4091,0.5143,890.0187,0
Random,0.5000,4,6,0.2273,0.4857,905.1702,0
Random,0.5000,5,7,0.2727,0.4857,848.9825,0
Random,0.5556,8,8,0.3182,0.5429,894.7195,0
Random,0.5000,5,6,0.3182,0.4857,886.4289,0
Random,0.5556,7,7,0.1818,0.5429,861.7822,0
Random,0.6111,11,8,0.3182,0.6000,868.0526,0
Random,0.5000,9,7,0.3636,0.5143,875.6172,0
Random,0.5833,6,8,0.3182,0.5714,804.0648,1
Random,0.5000,7,8,0.4091,0.5143,819.6861,0
Random,0.5278,7,7,0.3182,0.5143,797.8718,1
Random,0.5278,6,7,0.3636,0.5143,800.0627,1
Random,0.7222,10,7,0.4545,0.7143,801.8739,1
Random,0.5000,6,8,0.2727,0.5143,810.5735,0
Random,0.5000,4,6,0.1364,0.4857,810.5735,0
Random,0.7500,11,7,0.5000,0.7429,821.7963,0
Random,0.5833,10,8,0.2727,0.5714,889.5718,0
Random,0.5556,8,9,0.2727,0.5714,805.8710,1
Random,0.5833,7,7,0.3636,0.6000,820.7217,0
Random,0.6111,8,8,0.3182,0.6000,797.8718,1
Random,0.5556,8,7,0.3636,0.5714,840.7333,0
Random,0.5000,4,6,0.3182,0.4857,889.6897,0
Random,0.5000,4,7,0.2727,0.4857,875.8693,0
Random,0.6111,8,8,0.2727,0.6000,859.4299,0
Random,0.6111,6,6,0.3182,0.6000,863.6449,0
Random,0.6667,9,7,0.3182,0.6571,797.4513,1
Random,0.5278,7,9,0.1818,0.5143,848.3132,0
Random,0.5556,7,8,0.2273,0.5429,888.2120,0
Random,0.5278,6,6,0.3182,0.5143,894.0167,0
Random,0.5000,3,8,0.2273,0.5143,820.4296,0
Random,0.5833,11,7,0.4545,0.6000,903.5092,0
Random,0.5278,8,8,0.2727,0.5143,829.1403,0
Random,0.5000,8,7,0.4091,0.4857,844.9234,0
Random,0.5278,7,8,0.3182,0.5143,901.1317,0
Random,0.5556,9,8,0.3636,0.5714,842.3421,0
Random,0.5278,11,8,0.3636,0.5143,846.1625,0
Random,0.5833,7,8,0.4545,0.6000,797.4513,1
Random,0.6389,11,8,0.4091,0.6286,873.8563,0
Random,0.5556,7,8,0.2727,0.5714,844.3172,0
Random,0.6111,9,8,0.3636,0.6000,807.8428,1
Random,0.5000,2,6,0.1818,0.4857,925.5504,0
Random,0.5833,5,8,0.2727,0.5714,860.8242,0
Random,0.5278,8,7,0.2727,0.5143,836.4349,0
Random,0.5833,9,8,0.5000,0.5714,877.1413,0
Random,0.5000,3,7,0.2273,0.4857,855.1927,0
Random,0.5278,4,7,0.2273,0.5143,801.8739,1
Random,0.6667,6,9,0.3636,0.6571,797.4513,1
Random,0.5278,6,8,0.4545,0.5143,861.9815,0
Random,0.6667,9,8,0.4545,0.6571,842.4737,0
Random,0.5833,10,7,0.4091,0.6000,867.9254,0
Random,0.5278,7,8,0.2727,0.5143,952.0374,0
Random,0.5000,7,8,0.1818,0.4857,817.5911,0
Random,0.6389,12,9,0.4091,0.6286,873.3243,0
Random,0.5278,5,8,0.3636,0.5429,822.9282,0
Random,0.5000,4,6,0.2727,0.5143,828.7001,0
Random,0.5278,7,6,0.2273,0.5143,810.5735,0
Random,0.5000,6,9,0.2727,0.4857,851.2653,0
Random,0.5278,5,6,0.4091,0.5429,846.1146,0
Random,0.5833,9,8,0.4091,0.5714,821.7963,0
Random,0.6667,11,9,0.2727,0.6571,797.8718,1
Random,0.5000,7,6,0.4091,0.4857,803.3111,1
Random,0.6667,9,8,0.4545,0.6571,879.1965,0
Random,0.5278,7,8,0.3182,0.5143,857.4260,0
Random,0.6111,7,7,0.4545,0.6000,867.1124,0
Random,0.5833,7,7,0.3636,0.5714,904.4146,0
Random,0.5000,6,4,0.4545,0.5143,935.4543,0
Random,0.5000,8,7,0.3636,0.4857,840.8901,0
Random,0.5556,6,7,0.4091,0.5714,820.7058,0
Random,0.5000,8,8,0.3182,0.5143,894.5999,0
Random,0.5556,4,8,0.3636,0.5714,797.8718,1
Random,0.5000,9,8,0.4091,0.5143,857.4549,0
Random,0.5556,6,9,0.2727,0.5714,801.8739,1
Random,0.5278,7,7,0.2727,0.5143,855.5286,0
Random,0.5556,9,7,0.3182,0.5429,797.4513,1
Random,0.5833,7,7,0.2727,0.6000,819.5792,0
Random,0.5000,3,7,0.0909,0.4857,878.5289,0
Random,0.5556,5,6,0.3182,0.5429,918.8515,0
Random,0.5000,7,6,0.3636,0.5143,832.6336,0
Random,0.5000,7,7,0.3182,0.4857,833.3071,0
Random,0.6389,7,9,0.3636,0.6286,904.8010,0
Random,0.5000,6,7,0.2727,0.4857,810.5735,0
Random,0.5556,6,6,0.2273,0.5429,913.8565,0
Random,0.5000,4,8,0.4091,0.4857,835.4384,0
Random,0.6389,10,7,0.4091,0.6286,820.4407,0
Random,0.5000,6,8,0.2273,0.4857,895.9977,0
Random,0.5556,7,7,0.3636,0.5429,883.1785,0
Random,0.5833,7,8,0.2273,0.5714,884.0070,0
Random,0.6111,12,8,0.4091,0.6000,854.3517,0
Random,0.5000,6,6,0.2273,0.5143,852.4591,0
Random,0.5278,8,6,0.3182,0.5143,855.8240,0
Random,0.5278,7,8,0.3182,0.5429,797.4513,1
Random,0.5000,6,7,0.2273,0.4857,857.4290,0
Random,0.5278,7,7,0.2273,0.5429,839.7646,0
Random,0.6111,11,7,0.4545,0.6000,822.9360,0
Random,0.5556,7,8,0.2727,0.5429,830.9457,0
Random,0.5000,6,7,0.3182,0.5143,821.8258,0
Random,0.6944,14,9,0.4545,0.6857,802.6007,1
Random,0.5833,5,7,0.3182,0.6000,817.8002,0
Random,0.6389,11,8,0.4545,0.6286,828.7001,0
Random,0.5833,8,8,0.4091,0.6000,828.7001,0
Random,0.5278,10,7,0.3182,0.5143,858.9324,0
Random,0.5556,7,9,0.3182,0.5429,811.3003,0
Random,0.5278,8,7,0.3182,0.5143,830.9457,0
Random,0.5000,3,7,0.3182,0.4857,877.1413,0
Random,0.5278,5,7,0.2727,0.5429,836.0153,0
Random,0.5000,5,7,0.3182,0.5143,811.7958,0
Random,0.5278,8,7,0.4091,0.5143,893.4596,0
Random,0.5833,6,8,0.4545,0.6000,867.5975,0
Random,0.5000,5,7,0.2727,0.5143,854.0818,0
Random,0.5556,6,8,0.4091,0.5429,860.0162,0
Random,0.5000,8,9,0.2727,0.4857,855.7353,0
Random,0.6111,9,6,0.4545,0.6286,854.7562,0
Random,0.5000,6,5,0.2273,0.5143,865.2601,0
Random,0.6944,12,9,0.4091,0.6857,894.9998,0
Random,0.6111,8,8,0.3182,0.6000,797.4513,1
Random,0.5278,4,8,0.3182,0.5143,839.9729,0
Random,0.5833,8,7,0.3636,0.5714,821.7963,0
Random,0.5556,6,8,0.3636,0.5714,856.8376,0
Random,0.5556,8,7,0.2273,0.5714,840.5965,0
Random,0.5278,5,7,0.2727,0.5143,890.3328,0
Random,0.5556,10,7,0.2727,0.5714,837.2387,0
Random,0.5556,6,8,0.3636,0.5429,821.0302,0
Random,0.5833,10,7,0.3182,0.5714,860.2907,0
Random,0.5833,9,7,0.3182,0.6000,937.0315,0
Random,0.5000,3,6,0.3636,0.5143,879.2553,0
Random,0.5000,4,7,0.2727,0.4857,797.8718,1
Random,0.5278,3,6,0.3636,0.5143,801.8739,1
Random,0.5556,7,6,0.3182,0.5429,832.3485,0
Random,0.5278,1,9,0.3636,0.5143,899.7033,0
Random,0.5556,6,8,0.2273,0.5429,881.2802,0
Random,0.5000,4,6,0.2273,0.4857,803.3111,1
Random,0.5556,7,8,0.2727,0.5429,859.9084,0
Random,0.5278,7,8,0.2727,0.5429,821.4111,0
Random,0.5556,6,6,0.3636,0.5714,839.8496,0
Random,0.5000,7,7,0.3636,0.5143,904.9453,0
Random,0.5278,7,8,0.2273,0.5429,854.7596,0
Random,0.6111,9,9,0.2273,0.6000,837.3408,0
Random,0.5833,6,7,0.3182,0.5714,884.1808,0
Random,0.5278,9,8,0.4091,0.5429,810.5735,0
Random,0.6667,10,7,0.4091,0.6857,854.6147,0
Random,0.5000,7,8,0.3636,0.5143,807.8428,1
Random,0.5278,6,7,0.3182,0.5143,869.4664,0
Random,0.5000,4,7,0.1818,0.5143,828.8785,0
Random,0.5278,7,8,0.1818,0.5429,857.4290,0
Random,0.5000,4,7,0.3182,0.5143,797.8718,1
Random,0.5278,8,9,0.2727,0.5429,827.3525,0
Random,0.5833,6,7,0.3182,0.5714,819.5792,0
Random,0.5000,8,8,0.3182,0.5143,797.8718,1
Random,0.5000,9,8,0.2727,0.4857,842.7266,0
Random,0.5833,9,7,0.3182,0.5714,871.1832,0
Random,0.5556,8,8,0.4091,0.5714,797.8718,1
Random,0.6111,8,6,0.3182,0.6000,821.1781,0
Random,0.5000,4,6,0.2727,0.4857,827.7977,0
Random,0.5278,7,8,0.2273,0.5143,910.8588,0
Random,0.7222,13,7,0.5909,0.7429,797.4513,1
Random,0.6111,7,8,0.2727,0.6286,821.1781,0
Random,0.5278,7,8,0.2727,0.5429,943.7981,0
Random,0.5000,7,6,0.2727,0.4857,797.4513,1
Random,0.5000,8,6,0.4545,0.5143,837.6726,0
Random,0.5278,4,7,0.2273,0.5143,851.8484,0
Random,0.5278,6,7,0.3182,0.5143,836.3186,0
Random,0.5833,7,6,0.4091,0.5714,905.3700,0
Random,0.5278,6,8,0.2727,0.5143,833.6812,0
Random,0.5278,7,8,0.3182,0.5143,816.4972,0
Random,0.5000,6,5,0.2273,0.4857,797.8718,1
Random,0.6389,10,7,0.4545,0.6571,801.8739,1
Random,0.5556,8,7,0.3182,0.5429,874.7177,0
Random,0.6111,7,7,0.2727,0.6286,797.4513,1
Random,0.5278,4,6,0.3182,0.5429,923.3392,0
Random,0.5000,6,7,0.2727,0.5143,827.3525,0
Random,0.7778,15,8,0.4545,0.7714,817.8002,0
Random,0.5000,7,7,0.4091,0.5143,810.5735,0
Random,0.5000,5,8,0.2273,0.4857,840.7333,0
Random,0.5000,5,6,0.3182,0.4857,797.4513,1
Random,0.6111,7,8,0.4545,0.6286,797.4513,1
Random,0.6111,9,7,0.4545,0.6000,828.7117,0
Random,0.5556,9,8,0.4091,0.5429,803.3111,1
Random,0.6111,12,7,0.4091,0.6286,913.3068,0
Random,0.5833,8,8,0.2273,0.5714,829.3740,0
Random,0.5278,7,7,0.3636,0.5143,803.2738,1
Random,0.5278,8,6,0.2727,0.5143,930.2380,0
Random,0.5000,3,7,0.2273,0.4857,817.8002,0
Random,0.5556,4,7,0.2727,0.5429,860.0162,0
Random,0.5000,7,6,0.2727,0.4857,847.1886,0
Random,0.5278,8,6,0.4545,0.5429,812.2031,0
Random,0.5000,6,6,0.2273,0.4857,825.9149,0
Random,0.6389,8,7,0.2727,0.6286,797.8718,1
Random,0.5556,8,7,0.3182,0.5429,853.5653,0
Random,0.5278,9,6,0.4545,0.5429,801.8739,1
Random,0.5278,8,6,0.2273,0.5143,821.8779,0
Random,0.7500,10,7,0.5000,0.7429,797.4513,1
Random,0.5000,3,7,0.2273,0.4857,900.1291,0
Random,0.5278,4,7,0.3182,0.5143,864.2332,0
Random,0.5000,8,7,0.3182,0.5143,820.4407,0
Random,0.5833,6,8,0.2727,0.5714,810.5735,0
Random,0.5278,5,7,0.2273,0.5429,868.0297,0
Random,0.5000,6,6,0.3182,0.5143,868.8428,0
Random,0.6111,9,8,0.3636,0.6000,819.6692,0
Random,0.6111,7,7,0.3182,0.6000,837.0825,0
Random,0.5000,4,8,0.2273,0.5143,868.5534,0
Random,0.5278,7,7,0.5000,0.5429,855.7353,0
Random,0.5000,7,7,0.2727,0.4857,868.0103,0
Random,0.7500,14,8,0.4091,0.7429,797.4513,1
Random,0.5833,10,6,0.3182,0.5714,797.4513,1
Random,0.5833,4,7,0.3636,0.6000,797.8718,1
Random,0.5278,7,7,0.4091,0.5429,835.0131,0
Random,0.5556,11,8,0.3182,0.5714,861.0101,0
Random,0.5278,7,7,0.3182,0.5143,881.8913,0
Random,0.5556,8,5,0.4091,0.5714,829.8166,0
Random,0.5000,8,8,0.3182,0.5143,925.8149,0
Random,0.5556,10,9,0.3182,0.5429,918.5669,0
Random,0.6111,10,7,0.3636,0.6000,835.0500,0
Random,0.6111,12,8,0.3636,0.6286,804.0379,1
Random,0.6111,8,7,0.5455,0.6000,885.9251,0
Random,0.5000,7,6,0.2727,0.5143,874.3856,0
Random,0.5278,8,8,0.3636,0.5143,844.0783,0
Random,0.5000,7,8,0.2727,0.4857,872.4706,0
Random,0.5000,4,7,0.1818,0.4857,903.5380,0
Random,0.5833,8,7,0.2727,0.5714,851.0359,0
Random,0.5000,6,6,0.3182,0.5143,924.5937,0
Random,0.6111,9,8,0.4091,0.6000,831.9206,0
Random,0.5000,3,5,0.3182,0.4857,837.7614,0
Random,0.6111,9,7,0.4545,0.6000,837.6290,0
Random,0.5556,4,8,0.3182,0.5714,878.7518,0
Random,0.5556,7,7,0.3182,0.5714,819.5792,0
Random,0.5278,3,7,0.2273,0.5143,853.8213,0
Random,0.5278,8,6,0.4091,0.5429,810.5735,0
Random,0.6389,10,7,0.3182,0.6286,797.4513,1
Random,0.5278,6,7,0.2727,0.5429,845.2056,0
Random,0.5278,6,6,0.1818,0.5143,853.6062,0
Random,0.5000,7,6,0.4091,0.5143,821.7963,0
Random,0.7222,11,8,0.4091,0.7143,797.4513,1
Random,0.5556,7,6,0.2727,0.5714,844.9767,0
Random,0.5278,6,6,0.2727,0.5143,797.8718,1
Random,0.6111,7,7,0.2727,0.6286,820.7058,0
Random,0.5556,9,8,0.3636,0.5429,797.8718,1
Random,0.5000,3,6,0.2727,0.4857,836.8092,0
Random,0.6389,9,8,0.3182,0.6571,820.4407,0
Random,0.5556,7,8,0.4545,0.5714,797.8718,1
Random,0.5000,8,8,0.2727,0.4857,838.2086,0
Random,0.5833,9,8,0.4091,0.5714,848.6580,0
Random,0.5278,6,8,0.3636,0.5143,825.1620,0
Random,0.5278,7,7,0.3182,0.5143,835.7890,0
Random,0.5278,9,8,0.5000,0.5429,921.7012,0
Random,0.5556,6,7,0.1818,0.5714,853.6062,0
Random,0.6111,11,7,0.4091,0.6286,833.9783,0
Random,0.5278,7,7,0.3182,0.5143,885.5688,0
Random,0.5556,7,7,0.3636,0.5714,810.5735,0
Random,0.6111,8,9,0.4091,0.6000,827.3525,0
Random,0.5000,7,6,0.3182,0.5143,830.9623,0
Random,0.5278,7,6,0.2727,0.5143,852.4591,0
Random,0.5000,4,7,0.2273,0.4857,819.6861,0
Random,0.5278,5,7,0.2273,0.5143,828.7001,0
Random,0.5000,5,7,0.3182,0.5143,798.9434,1
Random,0.5556,10,7,0.3636,0.5714,858.1475,0
Random,0.5278,6,7,0.2727,0.5429,863.6449,0
Random,0.5556,6,5,0.3636,0.5714,856.6744,0
Random,0.5556,6,9,0.2273,0.5429,871.7880,0
Random,0.6389,8,6,0.4091,0.6286,797.8718,1
Random,0.5278,6,7,0.2727,0.5143,818.2207,0
Random,0.6111,7,8,0.4091,0.6286,811.3205,0
Random,0.6667,10,7,0.4545,0.6857,903.2710,0
Random,0.5278,5,6,0.2727,0.5143,828.7001,0
Random,0.6111,7,8,0.3636,0.6286,797.4513,1
Random,0.6111,10,8,0.3636,0.6000,863.3522,0
Random,0.5278,4,7,0.4091,0.5429,810.5735,0
Random,0.6111,8,8,0.4545,0.6000,818.2542,0
Random,0.5000,6,6,0.2727,0.4857,863.5111,0
Random,0.5278,8,8,0.2727,0.5429,810.5735,0
Random,0.5000,2,7,0.2273,0.4857,797.4513,1
Random,0.7500,9,8,0.4545,0.7429,888.0352,0
Random,0.6944,10,7,0.4091,0.6857,820.4407,0
Random,0.5000,6,6,0.3636,0.5143,844.5600,0
Random,0.5556,7,7,0.3636,0.5714,821.7963,0
Random,0.5556,8,7,0.2273,0.5429,801.8739,1
Random,0.6389,11,7,0.4545,0.6571,820.8613,0
Random,0.6111,7,7,0.2727,0.6000,817.9923,0
Random,0.5278,6,8,0.3636,0.5143,883.6060,0
Random,0.5000,5,7,0.2727,0.4857,841.3751,0
Random,0.5556,10,5,0.3636,0.5714,822.5776,0
Random,0.6111,9,7,0.3182,0.6286,797.8718,1
Random,0.5000,5,6,0.2273,0.4857,932.7375,0
Random,0.5000,4,6,0.2727,0.5143,856.1344,0
Random,0.5556,7,7,0.3182,0.5429,821.8258,0
Random,0.5000,8,5,0.4091,0.5143,861.7242,0
Random,0.5000,5,7,0.1818,0.5143,851.4918,0
Random,0.5278,6,6,0.1818,0.5143,797.8718,1
Random,0.5833,8,8,0.3182,0.5714,812.2031,0
Random,0.5278,7,8,0.2273,0.5143,873.5493,0
Random,0.6111,9,7,0.4091,0.6286,853.7163,0
Random,0.5556,6,8,0.3182,0.5429,797.8718,1
Random,0.5833,9,8,0.3636,0.6000,827.3525,0
Random,0.5833,7,7,0.3182,0.5714,857.5178,0
Random,0.6111,10,8,0.4545,0.6000,797.8718,1
Random,0.5000,9,6,0.3636,0.5143,850.6631,0
Random,0.6389,12,7,0.4091,0.6286,852.0955,0
Random,0.5278,5,8,0.3182,0.5143,831.1705,0
Random,0.5556,7,7,0.2727,0.5429,828.8785,0
Random,0.5556,7,7,0.2273,0.5429,840.9773,0
Random,0.5278,8,8,0.4545,0.5143,803.3936,1
Random,0.6389,8,7,0.4091,0.6571,873.5962,0
Random,0.5278,8,7,0.4091,0.5429,835.0500,0
Random,0.5000,4,8,0.3182,0.5143,801.8739,1
Random,0.5278,7,7,0.3182,0.5143,811.3003,0
Random,0.5000,4,7,0.2273,0.4857,885.4657,0
Random,0.5833,7,7,0.3182,0.5714,938.1483,0
Random,0.6111,6,8,0.2273,0.6000,837.5905,0
Random,0.5278,5,7,0.2727,0.5143,833.7368,0
Random,0.5000,8,6,0.3636,0.5143,840.1075,0
Random,0.6111,8,7,0.4091,0.6000,797.4513,1
Random,0.5278,7,7,0.4091,0.5143,801.8739,1
Random,0.6111,6,8,0.3182,0.6000,817.8002,0
Random,0.5000,6,5,0.1818,0.4857,933.9899,0
Random,0.5000,8,7,0.2273,0.4857,812.7828,0
Random,0.5278,3,7,0.3636,0.5143,971.1071,0
Random,0.5556,8,7,0.3182,0.5429,873.6642,0
Random,0.5556,8,9,0.2727,0.5429,817.8002,0
Random,0.5000,6,7,0.2727,0.5143,816.7236,0
Random,0.5556,9,7,0.2727,0.5429,869.1233,0
Random,0.5278,7,5,0.3636,0.5429,938.3858,0
Random,0.5000,9,7,0.2727,0.4857,803.3936,1
Random,0.6111,7,8,0.2273,0.6000,866.0219,0
Random,0.5556,6,8,0.2727,0.5714,797.8718,1
Random,0.5278,8,8,0.2727,0.5143,932.8955,0
Random,0.5556,6,8,0.2273,0.5429,858.0029,0
Random,0.5278,6,7,0.2727,0.5429,810.5735,0
Random,0.5278,7,6,0.1818,0.5429,816.2453,0
Random,0.5000,6,8,0.3636,0.4857,877.6680,0
Random,0.5000,5,5,0.2727,0.4857,864.6260,0
Random,0.5278,9,8,0.3636,0.5143,875.8679,0
Random,0.5000,5,6,0.3182,0.5143,849.7029,0
Random,0.5000,6,6,0.3182,0.4857,887.8276,0
Random,0.6667,12,8,0.3182,0.6571,853.7146,0
Random,0.5278,9,6,0.4091,0.5429,882.9100,0
Random,0.5833,8,7,0.2727,0.6000,971.9107,0
Random,0.5556,9,9,0.3182,0.5429,862.5376,0
Random,0.5000,4,7,0.1364,0.4857,810.5735,0
Random,0.5278,8,8,0.3636,0.5429,812.7828,0
Random,0.5556,7,6,0.4091,0.5714,797.8718,1
Random,0.5000,7,7,0.2727,0.4857,934.5681,0
Random,0.5000,5,9,0.2727,0.4857,929.4700,0
Random,0.5000,3,6,0.2727,0.4857,808.0811,1
Random,0.5556,6,8,0.3636,0.5429,863.4443,0
Random,0.5000,7,8,0.3636,0.4857,810.5735,0
Random,0.6111,8,8,0.3636,0.6000,855.9821,0
Random,0.5000,7,8,0.2273,0.5143,871.0797,0
Random,0.5833,7,8,0.2727,0.5714,904.8381,0
Random,0.5833,9,8,0.4091,0.6000,829.1403,0
Random,0.6389,12,8,0.4545,0.6286,822.8629,0
Random,0.5000,6,6,0.3182,0.4857,855.2296,0
Random,0.6389,11,9,0.3636,0.6286,819.5792,0
Random,0.5833,7,5,0.3636,0.6000,801.8739,1
Random,0.5833,8,9,0.4091,0.5714,823.6550,0
Random,0.5278,4,7,0.2273,0.5143,919.4553,0
Random,0.5556,8,6,0.3182,0.5714,874.1292,0
Random,0.6389,8,9,0.3182,0.6286,846.8109,0
Random,0.5000,7,7,0.2273,0.5143,836.4349,0
Random,0.6944,10,8,0.3636,0.6857,835.8916,0
Random,0.6667,9,8,0.3182,0.6571,798.9434,1
Random,0.6667,10,9,0.3182,0.6571,797.8718,1
Random,0.5278,6,8,0.4091,0.5143,817.9923,0
Random,0.6111,8,8,0.3182,0.6000,803.3111,1
Random,0.5556,4,7,0.2727,0.5429,875.7516,0
Random,0.5278,7,8,0.2727,0.5429,874.9262,0
Random,0.5000,7,7,0.2727,0.4857,867.6115,0
Random,0.6111,5,7,0.2727,0.6286,877.6088,0
Random,0.5556,9,9,0.2727,0.5429,883.7147,0
Random,0.5000,6,7,0.2273,0.5143,945.2372,0
Random,0.5000,6,7,0.2273,0.4857,834.3310,0
Random,0.6111,10,7,0.3636,0.6000,883.9863,0
Random,0.5556,8,8,0.2273,0.5714,865.5281,0
Random,0.5556,8,6,0.3182,0.5714,829.2225,0
Random,0.5278,8,5,0.5455,0.5429,852.3033,0
Random,0.5278,9,7,0.4091,0.5429,860.4513,0
Random,0.5000,7,6,0.2727,0.4857,810.5735,0
Random,0.5556,7,8,0.2727,0.5429,810.5735,0
Random,0.5556,6,8,0.2273,0.5429,843.7668,0
Random,0.6111,10,8,0.3182,0.6000,916.8066,0
Random,0.5833,12,9,0.3636,0.5714,817.8002,0
Random,0.5556,6,7,0.4091,0.5429,837.8966,0
Random,0.5556,8,7,0.4545,0.5429,858.5345,0
Random,0.5278,6,7,0.4545,0.5143,959.1822,0
Random,0.5000,5,8,0.3636,0.5143,830.9854,0
Random,0.5278,8,7,0.1818,0.5429,798.9434,1
Random,0.6111,9,7,0.4545,0.6286,821.3432,0
Random,0.5278,6,7,0.3182,0.5429,851.1324,0
Random,0.5278,8,7,0.3182,0.5143,849.1770,0
Random,0.5000,8,7,0.3182,0.4857,810.5735,0
Random,0.5000,5,7,0.4091,0.5143,846.5749,0
Random,0.5278,6,7,0.3636,0.5143,909.3568,0
Random,0.6111,8,7,0.2727,0.6000,797.4513,1
Random,0.5556,6,7,0.2727,0.5714,882.3221,0
Random,0.5278,5,8,0.4091,0.5429,852.0178,0
Random,0.5556,7,6,0.3636,0.5429,848.8636,0
Random,0.5556,8,9,0.3636,0.5429,812.2031,0
Random,0.6111,10,7,0.3182,0.6286,859.6280,0
Random,0.5556,8,7,0.3636,0.5714,892.2809,0
Random,0.5000,5,6,0.3636,0.4857,937.4279,0
Random,0.6111,10,7,0.3182,0.6286,864.8071,0
Random,0.5278,7,7,0.4091,0.5143,805.5019,1
Random,0.5000,4,7,0.2273,0.4857,811.3003,0
Random,0.5833,6,7,0.2273,0.5714,820.7058,0
Random,0.5833,6,9,0.3182,0.6000,903.1620,0
Random,0.6667,12,7,0.4091,0.6857,797.4513,1
Random,0.6111,7,8,0.1364,0.6000,797.4513,1
Random,0.5556,5,4,0.4545,0.5714,810.5735,0
Random,0.6111,10,9,0.3636,0.6000,866.3935,0
Random,0.5000,7,8,0.2273,0.4857,844.3899,0
Random,0.6389,10,9,0.3636,0.6286,841.0370,0
Random,0.5000,9,8,0.4545,0.4857,829.4114,0
Random,0.5278,6,8,0.2273,0.5429,821.1781,0
Random,0.5556,7,8,0.3636,0.5714,899.3922,0
Random,0.6111,8,7,0.2727,0.6286,958.4640,0
Random,0.5000,4,7,0.1818,0.5143,945.6620,0
Random,0.5000,8,7,0.4091,0.5143,797.8718,1
Random,0.5833,8,7,0.3182,0.5714,894.6281,0
Random,0.5556,8,7,0.4091,0.5714,844.3676,0
Random,0.5556,7,7,0.2727,0.5429,871.7115,0
Random,0.6111,9,7,0.5455,0.6286,862.8050,0
Random,0.6944,10,9,0.4545,0.6857,803.3111,1
Random,0.7778,13,7,0.4545,0.7714,797.4513,1
Random,0.5278,4,6,0.3182,0.5143,836.4973,0
Random,0.5000,3,7,0.2727,0.4857,837.0609,0
Random,0.6111,8,7,0.4091,0.6286,836.0613,0
Random,0.5556,10,7,0.4091,0.5429,853.7895,0
Random,0.5278,7,7,0.2273,0.5429,817.8437,0
Random,0.5000,6,7,0.2727,0.4857,904.1636,0
Random,0.5833,8,6,0.3636,0.6000,797.4513,1
Random,0.5833,6,7,0.2273,0.5714,857.4290,0
Random,0.5278,6,7,0.2727,0.5429,908.2234,0
Random,0.5000,7,6,0.3182,0.4857,802.6007,1
Random,0.6111,10,9,0.2727,0.6286,842.3169,0
Random,0.6111,7,7,0.4091,0.6000,826.6984,0
Random,0.5833,10,8,0.5000,0.5714,825.3403,0
Random,0.5556,10,7,0.3182,0.5429,797.8718,1
Random,0.5000,4,6,0.3182,0.5143,811.3003,0
Random,0.5556,6,7,0.3182,0.5429,821.7963,0
Random,0.6111,6,7,0.4545,0.6000,840.7669,0
Random,0.5000,8,7,0.2727,0.4857,816.2453,0
Random,0.5556,5,5,0.4545,0.5714,860.0649,0
Random,0.5833,7,7,0.4091,0.6000,861.9580,0
Random,0.6389,11,7,0.4091,0.6571,850.3286,0
Random,0.5000,5,6,0.3182,0.5143,869.3358,0
Random,0.5833,10,9,0.3636,0.5714,873.3243,0
Random,0.5278,8,7,0.3182,0.5143,885.8382,0
Random,0.5000,6,7,0.3182,0.5143,810.5735,0
Random,0.5000,8,8,0.2727,0.5143,885.2553,0
Random,0.5000,5,7,0.2273,0.4857,873.5621,0
Random,0.5000,8,6,0.3182,0.5143,825.4816,0
Random,0.5000,4,7,0.4091,0.5143,804.1204,1
Random,0.5000,7,7,0.4091,0.4857,853.9176,0
Random,0.5556,7,7,0.3182,0.5429,937.7284,0
Random,0.5000,5,8,0.2273,0.4857,871.3935,0
Random,0.5000,6,7,0.1364,0.4857,884.4966,0
Random,0.5556,7,8,0.2273,0.5429,834.1197,0
Random,0.6389,10,8,0.3636,0.6286,857.8702,0
Random,0.6389,8,7,0.3636,0.6286,839.7344,0
Random,0.5278,6,7,0.3182,0.5143,877.0414,0
Random,0.5278,8,8,0.2273,0.5429,873.8933,0
Random,0.6944,10,7,0.4545,0.6857,906.8361,0
Random,0.5278,6,9,0.4091,0.5143,829.1403,0
Random,0.5000,5,6,0.2273,0.5143,858.3818,0
Random,0.5278,7,6,0.2727,0.5143,853.3692,0
Random,0.6667,10,8,0.4545,0.6857,797.4513,1
Random,0.5278,8,8,0.2727,0.5143,801.8739,1
Random,0.5278,6,7,0.3182,0.5143,844.4184,0
Random,0.5000,8,6,0.2727,0.4857,808.0811,1
Random,0.6667,9,7,0.3636,0.6571,820.9992,0
Random,0.5000,6,8,0.4545,0.4857,843.9115,0
Random,0.5833,7,7,0.2727,0.5714,820.5115,0
Random,0.5556,5,7,0.3636,0.5429,865.4402,0
Random,0.5278,5,7,0.3182,0.5143,890.5928,0
Random,0.5556,8,7,0.4091,0.5429,826.3874,0
Random,0.5000,10,8,0.3636,0.5143,857.3080,0
Random,0.6389,10,7,0.2727,0.6286,827.3525,0
Random,0.5000,8,6,0.5000,0.5143,838.4405,0
Random,0.5556,9,6,0.2727,0.5429,854.0818,0
Random,0.5000,5,7,0.4091,0.5143,810.5735,0
Random,0.5000,6,8,0.3182,0.4857,844.1620,0
Random,0.5000,5,8,0.3636,0.5143,821.7963,0
Random,0.7778,15,9,0.3182,0.7714,839.6673,0
Random,0.5000,5,7,0.2273,0.4857,810.5735,0
Random,0.5833,7,7,0.3636,0.6000,797.8718,1
Random,0.5000,5,7,0.1818,0.4857,801.8739,1
Random,0.5278,9,7,0.3636,0.5429,828.7001,0
Random,0.5000,6,7,0.3182,0.5143,841.1716,0
Random,0.6667,9,6,0.4545,0.6571,886.9075,0
Random,0.6944,12,7,0.3182,0.6857,827.3525,0
Random,0.6389,12,8,0.4091,0.6286,826.3874,0
Random,0.6111,9,9,0.2273,0.6000,843.6119,0
Random,0.6111,7,8,0.3182,0.6000,797.8718,1
Random,0.5833,8,6,0.5000,0.5714,811.3003,0
Random,0.5556,6,8,0.3182,0.5429,807.8428,1
Random,0.6944,10,8,0.4091,0.7143,835.5512,0
Random,0.5278,4,8,0.3636,0.5429,798.9434,1
Random,0.6111,11,8,0.4091,0.6286,848.4150,0
Random,0.5833,7,7,0.3636,0.6000,883.3818,0
Random,0.5278,7,8,0.2727,0.5143,836.1311,0
Random,0.5278,5,7,0.2273,0.5143,894.1787,0
Random,0.5000,8,7,0.2727,0.5143,812.4862,0
Random,0.5556,9,7,0.4091,0.5714,805.3972,1
Random,0.5000,5,6,0.2727,0.5143,901.1743,0
Random,0.6944,14,9,0.4091,0.6857,811.3003,0
Random,0.5556,10,9,0.3182,0.5429,857.7017,0
Random,0.5556,7,8,0.2727,0.5429,860.9487,0
Random,0.5278,7,6,0.2727,0.5429,832.9219,0
Random,0.5278,4,8,0.4091,0.5143,867.1365,0
Random,0.5556,10,7,0.3636,0.5714,844.9315,0
Random,0.5000,5,8,0.2273,0.4857,943.1045,0
Random,0.5556,5,7,0.3182,0.5714,972.9100,0
Random,0.6111,10,9,0.4545,0.6000,911.4713,0
Random,0.5000,4,6,0.3182,0.4857,798.9434,1
Random,0.5000,5,7,0.3182,0.5143,875.0738,0
Random,0.5000,3,6,0.2727,0.4857,825.7611,0
Random,0.5000,5,6,0.2727,0.5143,821.7963,0
Random,0.5000,8,7,0.3636,0.5143,842.3363,0
Random,0.6111,8,8,0.3182,0.6000,821.7963,0
Random,0.5000,6,8,0.2727,0.4857,803.3936,1
Random,0.5556,9,8,0.2727,0.5429,836.0613,0
Random,0.5556,9,8,0.3636,0.5429,827.3525,0
Random,0.5000,5,8,0.2727,0.5143,916.6728,0
Random,0.5000,3,7,0.2727,0.4857,837.1793,0
Random,0.5278,6,9,0.2727,0.5429,902.9765,0
Random,0.5000,7,6,0.2727,0.5143,878.4409,0
Random,0.5000,8,8,0.2727,0.5143,974.1160,0
Random,0.5278,6,7,0.5909,0.5429,887.6758,0
Random,0.5556,9,7,0.3182,0.5429,1001.6968,0
Random,0.5000,8,6,0.3636,0.5143,857.9648,0
Random,0.5278,3,7,0.1818,0.5143,992.4217,0
Random,0.5278,7,8,0.2273,0.5143,821.4898,0
Random,0.5278,7,8,0.3636,0.5429,860.0229,0
Random,0.5000,5,6,0.3182,0.5143,836.9208,0
Random,0.5000,6,7,0.2727,0.4857,902.0063,0
Random,0.6389,9,8,0.3636,0.6286,832.6547,0
Random,0.5278,7,8,0.3182,0.5429,849.3667,0
Random,0.5833,7,9,0.2727,0.6000,797.8718,1
Random,0.5556,8,5,0.3182,0.5429,797.8718,1
Random,0.5000,8,7,0.2273,0.4857,866.1608,0
Random,0.5000,4,7,0.3182,0.4857,816.6770,0
Random,0.5000,4,8,0.4091,0.4857,846.4431,0
Random,0.5278,6,6,0.3636,0.5429,848.9610,0
Random,0.5000,4,6,0.4091,0.4857,874.3367,0
Random,0.5278,7,6,0.2727,0.5143,812.9033,0
Random,0.5278,7,6,0.3182,0.5429,797.8718,1
Random,0.5556,9,7,0.3636,0.5429,797.4513,1
Random,0.5278,7,7,0.4091,0.5429,875.7564,0
Random,0.5278,7,8,0.2727,0.5429,889.3342,0
Random,0.5000,6,8,0.3182,0.5143,801.8739,1
Random,0.5278,5,8,0.2727,0.5429,866.2515,0
Random,0.6389,8,9,0.4091,0.6571,797.4513,1
Random,0.5833,11,8,0.3636,0.5714,939.4874,0
Random,0.5556,5,7,0.3636,0.5714,867.9254,0
Random,0.6111,8,5,0.4545,0.6286,798.9434,1
Random,0.5278,6,7,0.2273,0.5429,874.0186,0
Random,0.5278,8,6,0.3182,0.5429,821.9971,0
Random,0.5278,4,6,0.3182,0.5143,822.7005,0
Random,0.5000,6,6,0.3182,0.4857,803.3111,1
Random,0.5000,8,8,0.2273,0.4857,828.4438,0
Random,0.5556,6,5,0.4091,0.5714,839.3605,0
Random,0.5556,6,8,0.5455,0.5429,832.4570,0
Random,0.5000,7,9,0.2273,0.4857,857.7017,0
Random,0.5000,8,6,0.2727,0.4857,851.4055,0
Random,0.6389,10,9,0.3636,0.6286,857.7017,0
Random,0.5278,6,7,0.3636,0.5143,883.1785,0
Random,0.5278,10,9,0.3182,0.5143,883.0923,0
Random,0.5556,9,7,0.3182,0.5429,881.0570,0
Random,0.5278,6,7,0.2273,0.5143,810.5735,0
Random,0.5556,7,7,0.2727,0.5429,827.3525,0
Random,0.5278,6,5,0.2727,0.5143,857.0170,0
Random,0.5000,5,6,0.1818,0.5143,889.7864,0
Random,0.7222,10,7,0.4091,0.7143,853.6062,0
Random,0.5000,5,8,0.2727,0.4857,851.1324,0
Random,0.5278,5,9,0.2727,0.5429,933.1420,0
Random,0.6389,7,7,0.3182,0.6286,822.9282,0
Random,0.5000,6,7,0.3636,0.5143,822.9282,0
Random,0.5000,5,8,0.2727,0.4857,851.4086,0
Random,0.5278,7,9,0.3182,0.5143,857.4290,0
Random,0.6944,10,8,0.4091,0.6857,797.4513,1
Random,0.6111,8,8,0.3182,0.6286,892.2262,0
Random,0.6111,4,8,0.2727,0.6000,810.5735,0
Random,0.5000,6,7,0.3636,0.4857,857.5111,0
Random,0.5833,8,7,0.3636,0.6000,852.8743,0
Random,0.5000,6,6,0.3182,0.4857,805.8710,1
Random,0.5000,6,6,0.2727,0.4857,960.5714,0
Random,0.5000,5,7,0.2727,0.5143,820.1478,0
Random,0.5000,5,6,0.3636,0.4857,797.8718,1
Random,0.5556,7,9,0.3182,0.5429,884.4037,0
Random,0.5556,7,7,0.2727,0.5714,885.9226,0
Random,0.6111,10,6,0.3182,0.6000,841.2103,0
Random,0.6111,7,7,0.3636,0.6000,797.4513,1
Random,0.5278,7,7,0.2727,0.5429,871.2385,0
Random,0.5278,8,8,0.2273,0.5429,825.8955,0
Random,0.5556,8,8,0.4091,0.5429,876.4579,0
Random,0.5000,7,5,0.3636,0.5143,818.6157,0
Random,0.5000,4,9,0.3182,0.4857,845.7831,0
Random,0.5000,5,7,0.2727,0.4857,816.6770,0
Random,0.6111,11,8,0.2727,0.6000,797.8718,1
Random,0.5000,5,7,0.4091,0.4857,798.9434,1
Random,0.5278,6,7,0.3636,0.5429,801.8739,1
Random,0.5278,7,7,0.3182,0.5143,963.6612,0
Random,0.5278,6,7,0.2727,0.5429,868.8680,0
Random,0.5000,4,5,0.3182,0.5143,865.6737,0
Random,0.5000,6,7,0.3182,0.4857,856.2274,0
Random,0.7222,11,7,0.4091,0.7143,867.2528,0
Random,0.6111,9,7,0.3636,0.6000,819.5007,0
Random,0.5000,5,8,0.3182,0.4857,803.3111,1
Random,0.5556,6,8,0.2727,0.5429,867.6153,0
Random,0.6111,4,8,0.3636,0.6286,872.3836,0
Random,0.5000,5,7,0.1818,0.4857,810.6053,0
Random,0.5833,8,8,0.4091,0.6000,837.0861,0
Random,0.5556,9,6,0.3636,0.5429,854.7596,0
Random,0.5556,8,7,0.3636,0.5714,838.7305,0
Random,0.5833,8,7,0.3182,0.6000,837.0200,0
Random,0.6389,6,7,0.3182,0.6286,816.2453,0
Random,0.6667,11,8,0.3636,0.6571,901.3397,0
Random,0.5000,4,6,0.4091,0.5143,810.5735,0
Random,0.5278,3,7,0.2273,0.5143,810.6053,0
Random,0.5556,7,7,0.4091,0.5429,880.6873,0
Random,0.5556,9,6,0.4091,0.5429,821.4624,0
Random,0.5000,9,8,0.3182,0.4857,845.3381,0
Random,0.5278,6,7,0.3182,0.5143,818.4128,0
Random,0.5000,4,6,0.4545,0.5143,826.0486,0
Random,0.6389,7,8,0.3182,0.6286,876.9231,0
Random,0.5556,7,7,0.3636,0.5429,833.0576,0
Random,0.5000,7,7,0.3182,0.5143,860.5496,0
Evolution_L3,0.7222,15,9,0.5000,0.7143,877.8308,0
Evolution_L3,0.7222,14,9,0.4091,0.7143,858.5581,0
Evolution_L3,0.7778,14,9,0.4545,0.7714,863.9562,0
Evolution_L3,0.7778,15,9,0.4545,0.7714,849.3667,0
Evolution_L3,0.7222,14,9,0.5000,0.7143,866.3536,0
Evolution_L3,0.7500,15,9,0.4545,0.7429,865.3456,0
Evolution_L3,0.7778,15,9,0.4545,0.7714,797.4513,1
Evolution_L3,0.7500,13,5,0.4545,0.7714,839.2274,0
Evolution_L3,0.6944,13,9,0.5000,0.6857,801.8739,1
Evolution_L3,0.7222,14,6,0.5000,0.7429,854.7596,0
Evolution_L3,0.6389,11,6,0.4545,0.6571,870.2914,0
Evolution_L3,0.6667,12,6,0.5000,0.6857,832.6336,0
Evolution_L3,0.6111,13,6,0.4545,0.6286,797.4513,1
Evolution_L3,0.6667,12,9,0.4091,0.6571,797.4513,1
Evolution_L3,0.6667,13,7,0.5455,0.6857,811.3205,0
Evolution_L3,0.7500,14,9,0.4545,0.7429,879.7623,0
Evolution_L3,0.6389,12,6,0.5000,0.6571,903.5819,0
Evolution_L3,0.7222,13,6,0.5455,0.7429,867.0924,0
Evolution_L3,0.7500,13,5,0.5909,0.7714,855.9666,0
Evolution_L3,0.6389,13,7,0.4545,0.6571,966.2628,0
Evolution_L3,0.7778,15,9,0.5000,0.7714,865.3456,0
Evolution_L3,0.7222,14,9,0.4091,0.7143,858.5581,0
Evolution_L3,0.7222,14,9,0.4545,0.7143,886.9789,0
Evolution_L3,0.7778,15,9,0.4545,0.7714,924.8435,0
Evolution_L3,0.6944,14,6,0.5909,0.7143,825.4944,0
Evolution_L3,0.5833,8,6,0.4545,0.6000,936.6200,0
Evolution_L3,0.7500,12,5,0.4545,0.7714,801.8739,1
Evolution_L3,0.6667,12,6,0.5455,0.6857,846.8109,0
Evolution_L3,0.6389,12,6,0.5455,0.6571,797.8718,1
Evolution_L3,0.7778,15,9,0.4545,0.7714,924.8435,0
Evolution_L3,0.6667,11,6,0.5000,0.6857,837.2387,0
Evolution_L3,0.7500,15,9,0.5455,0.7429,836.0613,0
Evolution_L3,0.7500,15,9,0.4545,0.7429,803.3111,1
Evolution_L3,0.7778,14,7,0.4545,0.8000,797.4513,1
Evolution_L3,0.7222,14,9,0.5000,0.7143,866.3536,0
Evolution_L3,0.7222,15,9,0.5000,0.7143,870.9046,0
Evolution_L3,0.6111,12,8,0.5909,0.6286,797.4513,1
Evolution_L3,0.7222,14,6,0.5000,0.7429,854.7596,0
Evolution_L3,0.6944,14,6,0.5000,0.7143,874.6297,0
Evolution_L3,0.7500,14,9,0.5000,0.7429,797.8718,1
Evolution_L3,0.7778,15,9,0.4545,0.7714,924.8435,0
Evolution_L3,0.7778,15,9,0.4545,0.7714,924.8435,0
Evolution_L3,0.6944,14,7,0.4545,0.7143,860.5989,0
Evolution_L3,0.7778,15,9,0.4545,0.7714,849.3667,0
Evolution_L3,0.6111,11,6,0.4545,0.6286,829.9318,0
Evolution_L3,0.6667,10,5,0.5000,0.6857,821.1781,0
Evolution_L3,0.6944,13,7,0.5000,0.7143,851.1324,0
Evolution_L3,0.7778,15,9,0.5000,0.7714,888.1244,0
Evolution_L3,0.6944,10,7,0.5455,0.7143,950.1400,0
Evolution_L3,0.6944,14,6,0.5000,0.7143,853.7609,0
Evolution_L3,0.7500,14,9,0.4545,0.7429,817.9923,0
Evolution_L3,0.6667,13,6,0.5000,0.6857,846.8109,0
Evolution_L3,0.7500,15,9,0.4545,0.7429,803.3111,1
Evolution_L3,0.7500,14,9,0.4545,0.7429,851.1324,0
Evolution_L3,0.7222,14,9,0.5000,0.7143,866.3536,0
Evolution_L3,0.7500,12,6,0.5000,0.7714,797.4513,1
Evolution_L3,0.6667,12,9,0.4091,0.6571,902.0379,0
Evolution_L3,0.7778,15,9,0.5000,0.7714,865.3456,0
Evolution_L3,0.6667,13,9,0.3636,0.6571,906.1982,0
Evolution_L3,0.6667,13,6,0.5455,0.6857,850.3772,0
Evolution_L3,0.6111,10,7,0.5000,0.6286,871.7292,0
Evolution_L3,0.6944,15,9,0.4545,0.6857,843.4875,0
Evolution_L3,0.6667,12,6,0.5455,0.6857,860.0162,0
Evolution_L3,0.7778,13,7,0.5909,0.8000,838.8069,0
Evolution_L3,0.7778,13,7,0.5455,0.8000,834.9123,0
Evolution_L3,0.6944,14,9,0.4091,0.6857,839.5224,0
Evolution_L3,0.6389,11,7,0.5000,0.6571,892.6027,0
Evolution_L3,0.7222,14,9,0.4545,0.7143,886.9789,0
Evolution_L3,0.7778,15,9,0.5000,0.7714,852.4591,0
Evolution_L3,0.6389,12,7,0.5455,0.6571,797.4513,1
Evolution_L3,0.7500,15,9,0.5000,0.7429,894.1241,0
Evolution_L3,0.6389,11,6,0.4545,0.6571,853.6280,0
Evolution_L3,0.6389,12,6,0.5000,0.6571,797.4513,1
Evolution_L3,0.7778,14,9,0.4545,0.7714,880.7505,0
Evolution_L3,0.6389,11,7,0.5000,0.6571,892.6027,0
Evolution_L3,0.6389,11,6,0.5000,0.6571,835.0500,0
Evolution_L3,0.7778,14,5,0.5000,0.8000,801.8739,1
Evolution_L3,0.5833,9,6,0.4545,0.6000,827.5683,0
Evolution_L3,0.6111,11,5,0.5455,0.6286,827.5683,0
Evolution_L3,0.7500,14,9,0.4545,0.7429,819.5792,0
Evolution_L3,0.6667,11,5,0.4545,0.6857,820.2431,0
Evolution_L3,0.7222,12,6,0.5000,0.7429,797.4513,1
Evolution_L3,0.6111,11,5,0.5000,0.6286,863.2532,0
Evolution_L3,0.7222,14,9,0.4091,0.7143,830.7646,0
Evolution_L3,0.6944,13,6,0.5455,0.7143,863.0381,0
Evolution_L3,0.7778,16,8,0.5455,0.8000,827.3525,0
Evolution_L3,0.7500,14,9,0.5000,0.7429,797.8718,1
Evolution_L3,0.7222,13,9,0.4091,0.7143,859.6646,0
Evolution_L3,0.6111,11,5,0.5000,0.6286,863.2532,0
Evolution_L3,0.7500,13,9,0.5455,0.7429,899.2239,0
Evolution_L3,0.7222,14,6,0.5455,0.7429,797.4513,1
Evolution_L3,0.7222,14,9,0.4545,0.7143,886.9789,0
Evolution_L3,0.7778,14,9,0.5455,0.7714,841.6429,0
Evolution_L3,0.6389,12,6,0.5455,0.6571,867.0924,0
Evolution_L3,0.7778,15,9,0.4545,0.7714,924.8435,0
Evolution_L3,0.5833,10,5,0.4545,0.6000,873.3195,0
Evolution_L3,0.7778,14,7,0.5455,0.8000,797.4513,1
Evolution_L3,0.7222,12,7,0.5909,0.7429,927.1781,0
Evolution_L3,0.7500,15,9,0.4545,0.7429,865.3456,0
Evolution_L3,0.7500,14,8,0.5000,0.7714,876.1102,0
Evolution_L3,0.7778,15,9,0.4545,0.8000,858.3778,0
Evolution_L3,0.7778,14,7,0.5455,0.8000,797.8718,1
Evolution_L3,0.6667,13,9,0.4545,0.6571,848.8689,0
Evolution_L3,0.6667,14,6,0.5000,0.6857,825.8377,0
Evolution_L3,0.6389,12,7,0.5000,0.6571,841.5447,0
Evolution_L3,0.7222,13,9,0.4545,0.7143,890.3871,0
Evolution_L3,0.6111,11,5,0.5000,0.6286,863.2532,0
Evolution_L3,0.6111,10,6,0.5000,0.6286,797.8718,1
Evolution_L3,0.6389,12,7,0.5455,0.6571,797.4513,1
Evolution_L3,0.6944,14,6,0.5909,0.7143,825.4944,0
Evolution_L3,0.5833,10,5,0.4091,0.6000,810.5735,0
Evolution_L3,0.7778,14,9,0.5000,0.7714,819.6692,0
Evolution_L3,0.7778,16,8,0.5455,0.8000,827.3525,0
Evolution_L3,0.6389,11,6,0.5000,0.6571,836.0613,0
Evolution_L3,0.7778,14,6,0.6364,0.8000,797.4513,1
Evolution_L3,0.7778,15,9,0.4545,0.7714,924.8435,0
Evolution_L3,0.7500,15,9,0.5455,0.7429,836.0613,0
Evolution_L3,0.7500,15,9,0.4545,0.7429,803.6943,1
Evolution_L3,0.7222,15,8,0.5000,0.7429,819.5792,0
Evolution_L3,0.6389,12,6,0.5455,0.6571,867.0924,0
Evolution_L3,0.7222,16,9,0.5000,0.7143,841.6429,0
Evolution_L3,0.6389,12,7,0.5000,0.6571,797.8718,1
Evolution_L3,0.7500,16,9,0.4545,0.7429,797.4513,1
Evolution_L3,0.6389,12,5,0.3636,0.6286,797.8718,1
Evolution_L3,0.7500,13,7,0.5909,0.7714,797.4513,1
Evolution_L3,0.7778,14,8,0.5455,0.8000,820.4407,0
Evolution_L3,0.7500,14,9,0.4545,0.7429,817.9923,0
Evolution_L3,0.6944,14,9,0.4091,0.6857,846.8109,0
Evolution_L3,0.7500,14,9,0.5000,0.7429,819.6692,0
Evolution_L3,0.6944,15,9,0.4091,0.6857,858.0029,0
Evolution_L3,0.7778,15,9,0.4545,0.7714,797.4513,1
Evolution_L3,0.7778,14,9,0.4545,0.7714,821.7963,0
Evolution_L3,0.7778,15,9,0.4545,0.7714,849.3667,0
Evolution_L3,0.6111,10,6,0.5000,0.6286,797.8718,1
Evolution_L3,0.5833,9,5,0.4091,0.6000,877.1413,0
Evolution_L3,0.7778,15,9,0.4545,0.7714,797.4513,1
Evolution_L3,0.7500,14,9,0.4545,0.7429,879.7623,0
Evolution_L3,0.6389,11,6,0.4545,0.6571,853.6280,0
Evolution_L3,0.7222,14,7,0.5000,0.7429,869.4664,0
Evolution_L3,0.6111,10,5,0.5455,0.6286,853.1448,0
Evolution_L3,0.7222,14,9,0.4091,0.7143,830.7646,0
Evolution_L3,0.7778,16,9,0.5000,0.7714,820.5115,0
Evolution_L3,0.6944,13,7,0.5455,0.7143,817.9923,0
Evolution_L3,0.7778,15,6,0.5909,0.8000,797.4513,1
Evolution_L3,0.7222,13,5,0.4545,0.7143,862.6030,0
Evolution_L3,0.6944,13,9,0.3636,0.6857,853.5577,0
Evolution_L3,0.6667,12,6,0.5455,0.6857,846.8109,0
Evolution_L3,0.6389,13,7,0.5455,0.6571,868.7131,0
Evolution_L3,0.6944,11,5,0.4545,0.7143,831.4938,0
Evolution_L3,0.7222,14,7,0.5909,0.7429,888.9550,0
Evolution_L3,0.7500,14,5,0.5000,0.7714,873.4728,0
Evolution_L3,0.7778,15,9,0.4545,0.7714,797.4513,1
Evolution_L3,0.6111,13,7,0.4545,0.6286,819.6692,0
Evolution_L3,0.6667,13,6,0.5000,0.6857,885.5925,0
Evolution_L3,0.6389,11,7,0.5000,0.6571,867.8711,0
Evolution_L3,0.7778,14,9,0.4545,0.7714,821.7963,0
Evolution_L3,0.7222,14,6,0.5455,0.7429,905.7827,0
Evolution_L3,0.7500,14,9,0.5000,0.7429,797.8718,1
Evolution_L3,0.6944,13,5,0.4545,0.7143,865.9865,0
Evolution_L3,0.7222,14,7,0.5000,0.7429,869.4664,0
Evolution_L3,0.6944,13,7,0.5455,0.7143,817.9923,0
Evolution_L3,0.7222,15,8,0.5000,0.7429,819.5792,0
Evolution_L3,0.6944,14,9,0.4091,0.6857,846.8109,0
Evolution_L3,0.7778,15,9,0.4545,0.7714,849.3667,0
Evolution_L3,0.7778,14,9,0.5000,0.7714,797.4513,1
Evolution_L3,0.6944,12,6,0.5000,0.7143,862.6030,0
Evolution_L3,0.6667,11,6,0.5000,0.6857,860.0162,0
Evolution_L3,0.7500,15,9,0.5000,0.7429,841.7138,0
Evolution_L3,0.6111,9,5,0.4091,0.6286,869.6305,0
Evolution_L3,0.6944,14,6,0.5909,0.7143,825.4944,0
Evolution_L3,0.7500,15,9,0.5000,0.7429,911.7984,0
Evolution_L3,0.6944,13,6,0.5000,0.7143,807.8428,1
Evolution_L3,0.6667,14,6,0.5000,0.6857,825.8377,0
Evolution_L3,0.6667,13,9,0.4091,0.6571,885.3890,0
Evolution_L3,0.6944,12,7,0.5000,0.7143,801.8739,1
Evolution_L3,0.7500,14,9,0.4545,0.7429,900.6672,0
Evolution_L3,0.7778,15,9,0.5000,0.7714,848.7573,0
Evolution_L3,0.7778,13,7,0.5000,0.8000,797.4513,1
Evolution_L3,0.7222,14,9,0.4545,0.7143,886.9789,0
Evolution_L3,0.6667,13,9,0.4091,0.6571,892.0181,0
Evolution_L3,0.6667,13,9,0.3636,0.6571,899.4638,0
Evolution_L3,0.7500,12,5,0.5000,0.7714,829.9318,0
Evolution_L3,0.6944,12,6,0.5909,0.7143,836.1063,0
Evolution_L3,0.7778,16,9,0.5000,0.7714,837.0031,0
Evolution_L3,0.7500,15,9,0.4545,0.7429,803.3111,1
Evolution_L3,0.7222,13,7,0.5909,0.7429,797.8718,1
Evolution_L3,0.7778,15,9,0.4545,0.7714,797.4513,1
Evolution_L3,0.7778,15,9,0.4545,0.7714,816.4972,0
Evolution_L3,0.7500,14,6,0.5000,0.7714,804.0790,1
Evolution_L3,0.6111,12,5,0.5000,0.6286,989.4893,0
Evolution_L3,0.7778,14,9,0.5000,0.7714,859.5301,0
Evolution_L3,0.6667,13,9,0.4091,0.6571,892.0181,0
Evolution_L3,0.7778,14,9,0.5000,0.7714,879.7623,0
Evolution_L3,0.7778,15,9,0.4545,0.7714,924.8435,0
Evolution_L3,0.7222,14,7,0.5000,0.7429,801.8739,1
Evolution_L3,0.7222,15,9,0.5455,0.7143,836.0613,0
Evolution_L3,0.5833,10,5,0.4545,0.6000,940.4948,0
Evolution_L3,0.6944,13,9,0.3636,0.6857,818.2542,0
Evolution_L3,0.7222,13,9,0.4091,0.7143,859.6646,0
Evolution_L3,0.7778,14,7,0.5455,0.8000,820.7217,0
Evolution_L3,0.6944,13,9,0.4545,0.6857,883.9523,0
Evolution_L3,0.7500,16,9,0.4545,0.7429,797.4513,1
Evolution_L3,0.6667,13,6,0.5455,0.6857,868.9643,0
Evolution_L3,0.7778,14,9,0.5000,0.7714,862.6486,0
Evolution_L3,0.7778,15,8,0.4545,0.8000,842.2997,0
Evolution_L3,0.7500,12,5,0.5000,0.7714,839.8519,0
Evolution_L3,0.7222,14,7,0.4545,0.7143,892.5679,0
Evolution_L3,0.6944,14,9,0.4091,0.6857,839.5224,0
Evolution_L3,0.5833,10,6,0.4545,0.6000,878.5741,0
Evolution_L3,0.6667,14,8,0.5000,0.6857,877.4747,0
Evolution_L3,0.7222,14,7,0.5000,0.7429,801.8739,1
Evolution_L3,0.6111,10,6,0.4091,0.6286,846.9179,0
Evolution_L3,0.6667,11,7,0.5000,0.6857,860.0162,0
Evolution_L3,0.6667,12,6,0.5000,0.6857,856.9836,0
Evolution_L3,0.7500,14,9,0.5000,0.7429,797.8718,1
Evolution_L3,0.6667,14,9,0.4091,0.6571,900.6463,0
Evolution_L3,0.7222,13,7,0.5000,0.7429,797.4513,1
Evolution_L3,0.6389,13,6,0.5000,0.6571,941.6542,0
Evolution_L3,0.7222,13,6,0.5455,0.7429,797.4513,1
Evolution_L3,0.6667,12,6,0.4545,0.6857,859.7545,0
Evolution_L3,0.7500,15,9,0.4545,0.7429,803.3111,1
Evolution_L3,0.7500,13,9,0.5455,0.7429,899.2239,0
Evolution_L3,0.7222,13,7,0.5000,0.7429,797.4513,1
Evolution_L3,0.6389,11,6,0.5000,0.6571,803.7866,1
Evolution_L3,0.5833,9,7,0.5000,0.6000,842.3169,0
Evolution_L3,0.6944,11,7,0.5455,0.7143,853.5571,0
Evolution_L3,0.6111,11,7,0.5455,0.6286,851.2653,0
Evolution_L3,0.7500,14,9,0.4545,0.7429,805.3063,1
Evolution_L3,0.7778,14,9,0.4545,0.7714,863.9562,0
Evolution_L3,0.6667,13,6,0.5455,0.6857,889.6549,0
Evolution_L3,0.7500,15,9,0.4545,0.7429,803.3111,1
Evolution_L3,0.7778,14,9,0.4545,0.7714,864.4641,0
Evolution_L3,0.6389,12,7,0.5000,0.6571,831.1705,0
Evolution_L3,0.7500,15,9,0.4545,0.7429,898.1244,0
Evolution_L3,0.7222,15,8,0.5000,0.7429,819.5792,0
Evolution_L3,0.7222,11,7,0.4545,0.7429,797.4513,1
Evolution_L3,0.6667,13,9,0.3636,0.6571,906.1982,0
Evolution_L3,0.7500,13,9,0.5000,0.7429,817.9923,0
Evolution_L3,0.6667,12,6,0.5000,0.6857,870.2914,0
Evolution_L3,0.6944,12,6,0.5909,0.7143,836.1063,0
Evolution_L3,0.7222,14,9,0.4545,0.7143,886.9789,0
Evolution_L3,0.7500,12,5,0.5909,0.7714,844.7120,0
Evolution_L3,0.7500,12,7,0.5000,0.7714,894.4709,0
Evolution_L3,0.7778,15,7,0.4545,0.8000,797.4513,1
Evolution_L3,0.7222,14,7,0.5000,0.7429,869.4664,0
Evolution_L3,0.6944,12,7,0.5000,0.7143,821.8779,0
Evolution_L3,0.7222,14,9,0.4091,0.7143,830.7646,0
Evolution_L3,0.6389,13,7,0.4545,0.6571,966.2628,0
Evolution_L3,0.7222,15,8,0.5000,0.7429,819.5792,0
Evolution_L3,0.6944,13,7,0.5000,0.7143,851.1324,0
Evolution_L3,0.6389,11,5,0.5000,0.6571,908.9814,0
Evolution_L3,0.6944,14,9,0.5455,0.6857,836.0613,0
Evolution_L3,0.7500,15,9,0.4545,0.7429,803.3111,1
Evolution_L3,0.7778,16,9,0.5455,0.7714,803.3111,1
Evolution_L3,0.6389,12,6,0.5000,0.6571,797.4513,1
Evolution_L3,0.7222,14,6,0.5455,0.7429,822.9847,0
Evolution_L3,0.6667,13,7,0.5455,0.6857,811.3205,0
Evolution_L3,0.7778,16,9,0.5000,0.7714,925.0313,0
Evolution_L3,0.6944,14,6,0.5909,0.7143,825.4944,0
Evolution_L3,0.7222,15,9,0.5000,0.7143,870.9046,0
Evolution_L3,0.6667,13,9,0.3636,0.6571,899.4638,0
Evolution_L3,0.7222,14,9,0.4091,0.7143,830.7646,0
Evolution_L3,0.6389,13,6,0.5455,0.6571,899.2090,0
Evolution_L3,0.6389,12,6,0.5455,0.6571,809.8091,1
Evolution_L3,0.7778,14,9,0.4545,0.7714,869.1233,0
Evolution_L3,0.7222,13,6,0.5455,0.7429,797.4513,1
Evolution_L3,0.5833,8,6,0.4545,0.6000,936.6200,0
Evolution_L3,0.6389,12,5,0.3636,0.6286,797.8718,1
Evolution_L3,0.7500,14,9,0.4091,0.7429,873.4527,0
Evolution_L3,0.6944,14,9,0.5000,0.6857,798.9434,1
Evolution_L3,0.7500,14,9,0.4545,0.7429,850.3423,0
Evolution_L3,0.7500,14,7,0.5909,0.7714,836.0613,0
Evolution_L3,0.6944,13,5,0.4545,0.7143,865.9865,0
Evolution_L3,0.7500,15,9,0.5000,0.7429,798.9434,1
Evolution_L3,0.6667,12,6,0.5455,0.6857,846.8109,0
Evolution_L3,0.6667,12,6,0.5455,0.6857,846.8109,0
Evolution_L3,0.7222,14,6,0.5455,0.7429,855.2853,0
Evolution_L3,0.7500,13,9,0.5000,0.7429,885.1219,0
Evolution_L3,0.6944,13,9,0.4091,0.6857,887.6002,0
Evolution_L3,0.7778,15,9,0.4545,0.7714,849.3667,0
Evolution_L3,0.7500,15,9,0.4545,0.7429,865.3456,0
Evolution_L3,0.6389,11,6,0.4545,0.6571,897.5496,0
Evolution_L3,0.7778,14,9,0.5455,0.7714,841.6429,0
Evolution_L3,0.6944,14,9,0.4091,0.6857,846.8109,0
Evolution_L3,0.6389,13,6,0.4545,0.6571,825.1397,0
Evolution_L3,0.6667,13,6,0.5455,0.6857,868.9643,0
Evolution_L3,0.7222,11,7,0.4545,0.7429,797.4513,1
Evolution_L3,0.6944,13,7,0.5000,0.7143,851.1324,0
Evolution_L3,0.6944,13,7,0.5455,0.7143,817.9923,0
Evolution_L3,0.7222,14,9,0.4091,0.7143,858.5581,0
Evolution_L3,0.7222,13,7,0.5000,0.7429,797.4513,1
Evolution_L3,0.7500,16,9,0.5000,0.7429,841.6429,0
Evolution_L3,0.7222,14,9,0.4091,0.7143,799.6422,1
Evolution_L3,0.7778,15,9,0.4545,0.7714,849.3667,0
Evolution_L3,0.7778,16,8,0.5455,0.8000,835.0500,0
Evolution_L3,0.7500,13,7,0.5000,0.7714,797.8718,1
Evolution_L3,0.7500,14,9,0.5000,0.7429,799.6422,1
Evolution_L3,0.7500,15,9,0.4091,0.7429,829.1403,0
Evolution_L3,0.6389,12,6,0.5455,0.6571,835.0131,0
Evolution_L3,0.7778,14,9,0.5000,0.7714,840.3448,0
Evolution_L3,0.7500,14,9,0.5000,0.7429,873.9182,0
Evolution_L3,0.6389,11,6,0.5455,0.6571,797.4513,1
Evolution_L3,0.6944,11,7,0.5909,0.7143,835.0131,0
Evolution_L3,0.7778,16,8,0.5455,0.8000,835.0500,0
Evolution_L3,0.6389,13,7,0.5455,0.6571,868.7131,0
Evolution_L3,0.6389,12,7,0.5455,0.6571,797.4513,1
Evolution_L3,0.6667,12,6,0.5909,0.6857,861.7242,0
Evolution_L3,0.7222,15,9,0.5455,0.7143,880.6904,0
Evolution_L3,0.7222,14,6,0.5000,0.7429,854.7596,0
Evolution_L3,0.6944,14,6,0.5909,0.7143,825.4944,0
Evolution_L3,0.6944,14,7,0.5455,0.7143,811.3205,0
Evolution_L3,0.6667,12,7,0.5455,0.6857,927.1781,0
Evolution_L3,0.7500,13,9,0.4545,0.7429,890.3871,0
Evolution_L3,0.7222,14,6,0.5455,0.7429,915.1090,0
Evolution_L3,0.7500,15,9,0.4545,0.7429,803.3111,1
Evolution_L3,0.6944,14,6,0.5909,0.7143,825.4944,0
Evolution_L3,0.7778,14,5,0.5000,0.8000,797.8718,1
Evolution_L3,0.6389,12,6,0.4545,0.6571,897.5496,0
Evolution_L3,0.6944,13,6,0.5455,0.7143,817.9923,0
Evolution_L3,0.6667,12,9,0.4091,0.6571,902.0379,0
Evolution_L3,0.7222,13,7,0.5909,0.7429,797.4513,1
Evolution_L3,0.7222,13,5,0.4545,0.7143,862.6030,0
Evolution_L3,0.6944,13,6,0.5000,0.7143,834.9123,0
Evolution_L3,0.6944,14,9,0.4091,0.6857,887.4091,0
Evolution_L3,0.6389,12,6,0.5000,0.6571,797.4513,1
Evolution_L3,0.6389,12,6,0.5455,0.6571,897.6718,0
Evolution_L3,0.6944,14,6,0.5909,0.7143,825.4944,0
Evolution_L3,0.7500,12,7,0.5455,0.7714,831.2968,0
Evolution_L3,0.6944,11,7,0.4545,0.7143,876.2910,0
Evolution_L3,0.7500,12,6,0.5000,0.7714,826.9890,0
Evolution_L3,0.6667,10,5,0.5000,0.6857,821.1781,0
Evolution_L3,0.6944,13,6,0.5455,0.7143,817.9923,0
Evolution_L3,0.6944,13,6,0.5455,0.7143,803.6943,1
Evolution_L3,0.7222,14,9,0.5000,0.7143,797.4513,1
Evolution_L3,0.6944,13,9,0.5000,0.6857,839.9973,0
Evolution_L3,0.7778,15,9,0.5000,0.7714,865.3456,0
Evolution_L3,0.6944,14,6,0.5000,0.7143,834.9123,0
Evolution_L3,0.7500,15,9,0.4545,0.7429,803.3111,1
Evolution_L3,0.6111,10,7,0.5000,0.6286,917.5686,0
Evolution_L3,0.7778,14,9,0.4545,0.7714,999.9085,0
Evolution_L3,0.6389,12,8,0.4545,0.6571,797.8718,1
Evolution_L3,0.6667,13,6,0.5455,0.6857,868.9643,0
Evolution_L3,0.7500,12,5,0.5455,0.7714,848.3132,0
Evolution_L3,0.7778,14,9,0.4545,0.7714,818.2542,0
Evolution_L3,0.7500,14,9,0.5000,0.7429,797.8718,1
Evolution_L3,0.7500,14,9,0.4545,0.7429,805.3063,1
Evolution_L3,0.6389,10,6,0.5000,0.6571,850.3286,0
Evolution_L3,0.7778,14,7,0.5909,0.8000,801.8739,1
Evolution_L3,0.7222,14,9,0.4091,0.7143,830.7646,0
Evolution_L3,0.6389,10,6,0.5000,0.6571,826.6984,0
Evolution_L3,0.7222,13,5,0.4545,0.7143,862.6030,0
Evolution_L3,0.7222,15,8,0.5000,0.7429,819.5792,0
Evolution_L3,0.7222,12,7,0.5909,0.7429,856.0184,0
Evolution_L3,0.7778,14,7,0.6364,0.8000,801.8739,1
Evolution_L3,0.7500,14,6,0.5000,0.7714,804.0790,1
Evolution_L3,0.7222,15,9,0.5455,0.7143,816.2453,0
Evolution_L3,0.7778,15,9,0.4545,0.7714,849.3667,0
Evolution_L3,0.6667,12,6,0.4545,0.6857,878.4719,0
Evolution_L3,0.6667,13,6,0.5000,0.6857,846.8109,0
Evolution_L3,0.6667,12,9,0.4091,0.6571,939.6163,0
Evolution_L3,0.6944,13,9,0.4091,0.6857,865.0223,0
Evolution_L3,0.6667,13,6,0.5455,0.6857,868.9643,0
Evolution_L3,0.7500,15,9,0.5000,0.7429,841.7138,0
Evolution_L3,0.7778,14,5,0.5000,0.8000,797.4513,1
Evolution_L3,0.6389,12,6,0.5000,0.6571,899.5264,0
Evolution_L3,0.6667,11,5,0.5000,0.6857,869.2508,0
Evolution_L3,0.6667,14,6,0.5000,0.6857,825.8377,0
Evolution_L3,0.6944,14,9,0.4091,0.6857,846.8109,0
Evolution_L3,0.6667,14,7,0.5455,0.6857,890.9442,0
Evolution_L3,0.7778,14,6,0.5000,0.8000,807.8428,1
Evolution_L3,0.7778,14,9,0.5000,0.7714,887.4523,0
Evolution_L3,0.7778,14,9,0.5000,0.7714,897.0337,0
Evolution_L3,0.7500,12,5,0.5000,0.7714,829.9318,0
Evolution_L3,0.7778,14,9,0.5000,0.7714,797.4513,1
Evolution_L3,0.7778,15,9,0.4545,0.7714,797.4513,1
Evolution_L3,0.7500,11,5,0.4545,0.7714,831.4938,0
Evolution_L3,0.7222,14,9,0.4545,0.7143,886.9789,0
Evolution_L3,0.7500,14,7,0.5000,0.7429,810.5735,0
Evolution_L3,0.6667,13,6,0.4545,0.6857,849.0166,0
Evolution_L3,0.7778,14,7,0.5455,0.8000,797.8718,1
Evolution_L3,0.7222,14,7,0.6364,0.7429,894.4709,0
Evolution_L3,0.7778,16,8,0.5000,0.8000,797.8718,1
Evolution_L3,0.6944,12,6,0.4545,0.7143,803.1277,1
Evolution_L3,0.6389,10,6,0.5000,0.6571,826.6984,0
Evolution_L3,0.7778,15,9,0.4545,0.7714,849.3667,0
Evolution_L3,0.7222,14,9,0.4091,0.7143,830.7646,0
Evolution_L3,0.6667,13,6,0.5455,0.6857,868.9643,0
Evolution_L3,0.6944,12,9,0.4091,0.6857,879.3343,0
Evolution_L3,0.7222,14,9,0.4091,0.7143,858.5581,0
Evolution_L3,0.7500,11,5,0.4545,0.7714,797.8718,1
Evolution_L3,0.6389,11,6,0.5000,0.6571,890.7123,0
Evolution_L3,0.7500,15,9,0.5000,0.7429,894.1241,0
Evolution_L3,0.6667,10,6,0.5000,0.6857,840.7333,0
Evolution_L3,0.7222,12,6,0.5000,0.7429,797.4513,1
Evolution_L3,0.7500,15,9,0.4545,0.7429,803.3111,1
Evolution_L3,0.7500,15,9,0.5000,0.7429,857.7017,0
Evolution_L3,0.7222,14,7,0.5000,0.7429,869.4664,0
Evolution_L3,0.7500,11,7,0.5455,0.7714,834.8299,0
Evolution_L3,0.6389,13,6,0.4545,0.6571,825.1397,0
Evolution_L3,0.6389,10,7,0.5455,0.6571,797.8718,1
Evolution_L3,0.6944,14,8,0.5000,0.7143,850.6631,0
Evolution_L3,0.7500,12,9,0.4545,0.7429,877.8573,0
Evolution_L3,0.7500,12,7,0.5000,0.7714,801.8739,1
Evolution_L3,0.6111,10,5,0.4545,0.6286,926.9297,0
Evolution_L3,0.7500,11,7,0.5000,0.7714,860.0434,0
Evolution_L3,0.7778,16,9,0.5000,0.7714,817.8002,0
Evolution_L3,0.7500,15,9,0.5455,0.7429,836.0613,0
Evolution_L3,0.7222,14,6,0.5455,0.7429,855.2853,0
Evolution_L3,0.6111,10,6,0.5000,0.6286,867.3943,0
Evolution_L3,0.7778,15,9,0.4545,0.7714,797.4513,1
Evolution_L3,0.7500,13,9,0.5000,0.7429,885.1219,0
Evolution_L3,0.6111,10,6,0.5000,0.6286,797.8718,1
Evolution_L3,0.6667,13,9,0.4091,0.6571,892.0181,0
Evolution_L3,0.7222,14,9,0.5000,0.7143,797.4513,1
Evolution_L3,0.7222,14,6,0.5000,0.7429,854.7596,0
Evolution_L3,0.7778,16,9,0.5000,0.7714,817.8002,0
Evolution_L3,0.7222,13,7,0.5455,0.7429,820.7058,0
Evolution_L3,0.7222,14,9,0.4091,0.7143,830.7646,0
Evolution_L3,0.7222,14,9,0.4091,0.7143,830.7646,0
Evolution_L3,0.6111,11,6,0.4545,0.6286,829.9318,0
Evolution_L3,0.7500,15,8,0.5455,0.7714,845.0895,0
Evolution_L3,0.7500,11,7,0.5455,0.7714,919.8822,0
Evolution_L3,0.7778,16,9,0.5000,0.7714,810.5735,0
Evolution_L3,0.7222,13,5,0.4545,0.7429,862.6030,0
Evolution_L3,0.7778,15,9,0.5000,0.7714,852.4591,0
Evolution_L3,0.7778,16,9,0.5000,0.7714,817.8002,0
Evolution_L3,0.6944,14,9,0.4091,0.6857,839.5224,0
Evolution_L3,0.6111,10,5,0.5455,0.6286,797.4513,1
Evolution_L3,0.6389,11,6,0.5455,0.6571,872.0668,0
Evolution_L3,0.7500,12,7,0.5455,0.7714,831.2968,0
Evolution_L3,0.7778,13,9,0.4545,0.7714,865.3456,0
Evolution_L3,0.7500,15,9,0.5000,0.7429,894.1083,0
Evolution_L3,0.7778,16,9,0.5000,0.7714,817.8002,0
Evolution_L3,0.7500,16,8,0.5455,0.7714,859.6722,0
Evolution_L3,0.6944,14,9,0.4091,0.6857,846.8109,0
Evolution_L3,0.6944,12,6,0.5909,0.7143,836.1063,0
Evolution_L3,0.7500,16,9,0.5000,0.7429,826.0486,0
Evolution_L3,0.6667,12,9,0.4091,0.6571,939.6163,0
Evolution_L3,0.6944,13,6,0.5000,0.7143,891.3333,0
Evolution_L3,0.7778,15,9,0.4545,0.7714,797.4513,1
Evolution_L3,0.7222,14,9,0.4091,0.7143,830.7646,0
Evolution_L3,0.7500,16,9,0.5000,0.7429,826.0486,0
Evolution_L3,0.6389,11,5,0.5909,0.6571,827.5683,0
Evolution_L3,0.6111,10,7,0.5000,0.6286,830.4195,0
Evolution_L3,0.7500,11,7,0.5455,0.7714,919.8822,0
Evolution_L3,0.6667,12,6,0.5000,0.6857,832.6336,0
Evolution_L3,0.7778,15,9,0.4545,0.7714,924.8435,0
Evolution_L3,0.7222,14,9,0.5000,0.7143,869.1233,0
Evolution_L3,0.6389,10,6,0.4545,0.6571,860.0162,0
Evolution_L3,0.7222,14,6,0.5000,0.7429,854.7596,0
Evolution_L3,0.7500,15,9,0.5000,0.7429,911.7984,0
Evolution_L3,0.6667,12,6,0.5455,0.6857,851.2710,0
Evolution_L3,0.7500,14,5,0.5000,0.7714,873.4728,0
Evolution_L3,0.7500,12,5,0.5000,0.7714,839.8519,0
Evolution_L3,0.6667,13,6,0.5455,0.6857,868.9643,0
Evolution_L3,0.7778,14,9,0.5000,0.7714,821.6916,0
Evolution_L3,0.6944,14,7,0.5455,0.7143,811.3205,0
Evolution_L3,0.7778,16,9,0.5000,0.7714,857.7017,0
Evolution_L3,0.6389,12,5,0.3636,0.6286,797.8718,1
Evolution_L3,0.7222,15,8,0.5000,0.7429,819.5792,0
Evolution_L3,0.7500,13,5,0.5000,0.7714,797.4513,1
Evolution_L3,0.6667,14,6,0.5455,0.6857,840.7669,0
Evolution_L3,0.7778,16,9,0.5000,0.7714,925.0313,0
Evolution_L3,0.7222,14,6,0.4545,0.7143,899.2461,0
Evolution_L3,0.6111,11,6,0.5455,0.6286,861.7242,0
Evolution_L3,0.7222,11,7,0.5455,0.7429,819.5792,0
Evolution_L3,0.7778,14,9,0.5000,0.7714,819.6692,0
Evolution_L3,0.6389,11,6,0.5455,0.6571,872.7825,0
Evolution_L3,0.7778,13,5,0.5909,0.8000,905.8879,0
Evolution_L3,0.6944,13,7,0.4545,0.7143,797.4513,1
Evolution_L3,0.6944,12,6,0.5909,0.7143,836.1063,0
Evolution_L3,0.7222,14,9,0.4091,0.7143,830.7646,0
Evolution_L3,0.6667,13,5,0.4545,0.6857,820.2431,0
Evolution_L3,0.7778,14,8,0.5455,0.8000,920.7446,0
Evolution_L3,0.6111,11,8,0.5909,0.6286,895.5783,0
Evolution_L3,0.7222,14,6,0.5000,0.7429,854.7596,0
Evolution_L3,0.7222,14,9,0.5000,0.7143,869.1233,0
Evolution_L3,0.6944,11,7,0.4545,0.7143,811.3205,0
Evolution_L3,0.7778,15,9,0.4545,0.7714,924.8435,0
Evolution_L3,0.7500,13,6,0.5000,0.7714,904.1199,0
Evolution_L3,0.6667,12,9,0.4091,0.6571,797.4513,1
Evolution_L3,0.6389,11,6,0.5455,0.6571,891.6417,0
Evolution_L3,0.6944,11,5,0.5000,0.7143,831.4515,0
Evolution_L3,0.7778,15,9,0.4545,0.7714,797.4513,1
Evolution_L3,0.7500,12,5,0.5000,0.7714,797.8718,1
Evolution_L3,0.7500,13,5,0.5000,0.7714,827.7977,0
Evolution_L3,0.7500,15,7,0.5909,0.7714,836.0613,0
Evolution_L3,0.6944,13,6,0.4545,0.6857,866.8800,0
Evolution_L3,0.7500,14,7,0.5909,0.7714,869.0950,0
Evolution_L3,0.7222,14,6,0.5455,0.7429,915.1090,0
Evolution_L3,0.6667,11,6,0.5000,0.6857,837.2387,0
Evolution_L3,0.6389,11,6,0.5000,0.6571,853.6062,0
Evolution_L3,0.6389,13,6,0.4545,0.6571,825.1397,0
Evolution_L3,0.6389,11,6,0.5455,0.6571,797.4513,1
Evolution_L3,0.6667,12,6,0.5455,0.6857,846.8109,0
Evolution_L3,0.7778,13,9,0.5000,0.7714,879.2615,0
Evolution_L3,0.7500,13,5,0.5000,0.7714,797.4513,1
Evolution_L3,0.6111,10,5,0.5000,0.6286,842.6946,0
Evolution_L3,0.6667,11,5,0.4545,0.6857,820.2431,0
Evolution_L3,0.7500,14,9,0.5000,0.7429,797.8718,1
Evolution_L3,0.6667,11,5,0.5000,0.6857,801.8739,1
Evolution_L3,0.6944,12,7,0.5455,0.7143,880.4999,0
Evolution_L3,0.6944,12,6,0.5000,0.7143,853.6062,0
Evolution_L3,0.6111,11,6,0.4545,0.6286,841.1509,0
Evolution_L3,0.7500,13,7,0.5000,0.7714,797.4513,1
Evolution_L3,0.6111,11,6,0.5000,0.6286,829.4114,0
Evolution_L3,0.7222,14,9,0.4091,0.7143,830.7646,0
Evolution_L3,0.6111,10,7,0.5455,0.6286,810.5735,0
Evolution_L3,0.7778,15,7,0.4545,0.8000,797.4513,1
Evolution_L3,0.7778,14,9,0.5000,0.7714,918.1411,0
Evolution_L3,0.7222,14,6,0.5000,0.7429,854.7596,0
Evolution_L3,0.7500,16,8,0.5455,0.7714,859.6722,0
Evolution_L3,0.7222,14,6,0.5455,0.7429,915.1090,0
Evolution_L3,0.6389,11,6,0.5000,0.6571,856.0184,0
Evolution_L3,0.6944,15,6,0.5455,0.7143,801.8739,1
Evolution_L3,0.7778,16,9,0.5000,0.7714,820.5115,0
Evolution_L3,0.6389,11,7,0.5000,0.6571,892.6027,0
Evolution_L3,0.7222,14,7,0.5000,0.7429,869.4664,0
Evolution_L3,0.7500,13,9,0.4545,0.7429,890.3871,0
Evolution_L3,0.7222,14,6,0.5455,0.7429,915.1090,0
Evolution_L3,0.7222,14,9,0.4545,0.7143,886.9789,0
Evolution_L3,0.7778,13,9,0.4545,0.7714,865.3456,0
Evolution_L3,0.6667,12,6,0.4545,0.6857,898.0251,0
Evolution_L3,0.6389,11,6,0.4545,0.6571,870.2914,0
Evolution_L3,0.6944,12,6,0.4545,0.7143,803.1277,1
Evolution_L3,0.7500,16,9,0.5000,0.7429,826.0486,0
Evolution_L3,0.6111,11,8,0.4545,0.6286,797.4513,1
Evolution_L3,0.7222,14,9,0.4545,0.7143,886.9789,0
Evolution_L3,0.6667,12,6,0.5000,0.6857,832.6336,0
Evolution_L3,0.7778,13,7,0.5909,0.8000,801.8739,1
Evolution_L3,0.7500,13,7,0.5455,0.7714,879.5220,0
Evolution_L3,0.7778,15,9,0.5000,0.7714,797.4513,1
Evolution_L3,0.6111,12,6,0.4545,0.6286,832.5237,0
Evolution_L3,0.7778,13,7,0.5000,0.8000,889.8353,0
Evolution_L3,0.6944,12,7,0.5909,0.7143,851.8108,0
Evolution_L3,0.6667,12,6,0.4545,0.6857,846.8109,0
Evolution_L3,0.6111,10,5,0.5000,0.6286,935.2551,0
Evolution_L3,0.7500,15,9,0.4091,0.7429,842.6183,0
Evolution_L3,0.7500,14,9,0.4545,0.7429,851.1324,0
Evolution_L3,0.6667,11,6,0.5000,0.6857,837.2387,0
Evolution_L3,0.7222,14,9,0.4091,0.7143,830.7646,0
Evolution_L3,0.6944,13,9,0.4091,0.6857,865.0223,0
Evolution_L3,0.7500,13,9,0.5000,0.7429,818.9530,0
Evolution_L3,0.7500,16,9,0.5000,0.7429,841.6429,0
Evolution_L3,0.6111,11,5,0.5000,0.6286,863.2532,0
Evolution_L3,0.5833,9,5,0.4091,0.6000,877.1413,0
Evolution_L3,0.6667,13,6,0.5455,0.6857,889.6549,0
Evolution_L3,0.6667,13,5,0.5455,0.6857,854.7872,0
Evolution_L3,0.6667,13,6,0.5455,0.6857,868.9643,0
Evolution_L3,0.6389,10,6,0.5455,0.6571,797.4513,1
Evolution_L3,0.7500,13,6,0.5000,0.7714,834.9123,0
Evolution_L3,0.7778,14,9,0.5000,0.7714,832.8319,0
Evolution_L3,0.7778,13,7,0.5000,0.8000,797.4513,1
Evolution_L3,0.6667,14,7,0.5455,0.6857,890.9442,0
Evolution_L3,0.6111,10,5,0.4545,0.6286,925.7850,0
Evolution_L3,0.6667,12,6,0.4545,0.6857,898.0251,0
Evolution_L3,0.6389,12,6,0.5000,0.6571,797.4513,1
Evolution_L3,0.6944,14,9,0.4091,0.6857,846.8109,0
Evolution_L3,0.7500,15,9,0.4091,0.7429,842.6183,0
Evolution_L3,0.7778,14,8,0.5909,0.8000,797.8718,1
Evolution_L3,0.7500,13,9,0.5455,0.7429,899.2239,0
Evolution_L3,0.6944,11,7,0.5909,0.7143,803.3111,1
Evolution_L3,0.7500,15,9,0.4545,0.7429,803.3111,1
Evolution_L3,0.7222,14,9,0.4545,0.7143,886.9789,0
Evolution_L3,0.6389,11,6,0.5455,0.6571,891.6417,0
Evolution_L3,0.7500,14,7,0.5909,0.7714,880.4999,0
Evolution_L3,0.6111,10,7,0.5455,0.6286,797.8718,1
Evolution_L3,0.7778,15,9,0.4545,0.7714,924.8435,0
Evolution_L3,0.6111,10,5,0.5455,0.6286,797.4513,1
Evolution_L3,0.7500,15,9,0.4545,0.7429,803.3111,1
Evolution_L3,0.6944,12,9,0.4091,0.6857,879.3343,0
Evolution_L3,0.6389,12,6,0.5000,0.6571,801.8739,1
Evolution_L3,0.6111,11,7,0.5455,0.6286,851.2653,0
Evolution_L3,0.7778,12,7,0.5000,0.8000,797.4513,1
Evolution_L3,0.6944,12,6,0.5909,0.7143,836.1063,0
Evolution_L3,0.6667,13,6,0.5000,0.6857,846.8109,0
Evolution_L3,0.6944,14,6,0.5000,0.7143,834.9123,0
Evolution_L3,0.6389,11,6,0.4091,0.6571,801.8739,1
Evolution_L3,0.7778,13,6,0.5455,0.8000,797.4513,1
Evolution_L3,0.6944,13,5,0.4545,0.7143,865.9865,0
Evolution_L3,0.7778,14,9,0.4545,0.7714,818.2542,0
Evolution_L3,0.5833,10,5,0.4091,0.6000,810.5735,0
Evolution_L3,0.6667,12,7,0.4545,0.6857,825.8377,0
Evolution_L3,0.7778,15,7,0.5000,0.8000,821.6916,0
Evolution_L3,0.7500,13,9,0.4091,0.7429,819.5792,0
Evolution_L3,0.7778,15,9,0.4545,0.7714,797.4513,1
Evolution_L3,0.6944,14,9,0.5000,0.6857,822.9847,0
Evolution_L3,0.7778,14,6,0.5909,0.8000,797.4513,1
Evolution_L3,0.6667,12,7,0.4545,0.6857,834.9123,0
Evolution_L3,0.6667,12,7,0.4545,0.6857,834.9123,0
Evolution_L3,0.7222,12,7,0.4545,0.7429,850.6631,0
Evolution_L3,0.7222,14,7,0.5909,0.7429,888.9550,0
Evolution_L3,0.6944,13,9,0.3636,0.6857,818.2542,0
Evolution_L3,0.6667,11,6,0.5000,0.6857,860.0162,0
Evolution_L3,0.7222,14,9,0.5000,0.7143,866.3536,0
Evolution_L3,0.6667,13,6,0.5000,0.6857,846.8109,0
Evolution_L3,0.7222,14,9,0.4091,0.7143,799.6422,1
Evolution_L3,0.6944,13,6,0.5000,0.7143,834.9123,0
Evolution_L3,0.7500,15,9,0.5000,0.7429,894.1241,0
Evolution_L3,0.6389,11,6,0.4091,0.6571,897.5496,0
Evolution_L3,0.6944,13,9,0.4091,0.6857,865.0223,0
Evolution_L3,0.6944,14,9,0.5000,0.6857,822.9847,0
Evolution_L3,0.6389,11,6,0.4091,0.6571,854.7008,0
Evolution_L3,0.7500,13,9,0.4545,0.7429,890.3871,0
Evolution_L3,0.6111,9,6,0.5000,0.6286,874.3144,0
Evolution_L3,0.7222,15,9,0.4545,0.7143,915.1444,0
Evolution_L3,0.7778,15,9,0.4545,0.7714,797.4513,1
Evolution_L3,0.6111,10,7,0.5455,0.6286,868.3175,0
Evolution_L3,0.7222,14,6,0.5455,0.7429,915.1090,0
Evolution_L3,0.7222,13,5,0.4545,0.7143,862.6030,0
Evolution_L3,0.7222,16,9,0.5000,0.7143,841.6429,0
Evolution_L3,0.7500,13,9,0.4545,0.7429,890.3871,0
Evolution_L3,0.7778,14,9,0.4545,0.7714,828.2077,0
Evolution_L3,0.6111,11,7,0.5909,0.6286,853.0427,0
Evolution_L3,0.6944,13,9,0.5000,0.6857,905.3873,0
Evolution_L3,0.7500,16,9,0.5455,0.7429,797.8718,1
Evolution_L3,0.7778,16,8,0.5455,0.8000,835.0500,0
Evolution_L3,0.7500,13,6,0.5000,0.7714,812.2031,0
Evolution_L3,0.7778,16,9,0.4091,0.7714,877.5057,0
Evolution_L3,0.7778,15,9,0.4545,0.7714,849.3667,0
Evolution_L3,0.6389,11,6,0.5000,0.6571,848.3132,0
Evolution_L3,0.6667,12,6,0.5000,0.6857,838.2182,0
Evolution_L3,0.6944,13,9,0.4091,0.6857,865.0223,0
Evolution_L3,0.7778,14,7,0.6364,0.8000,797.4513,1
Evolution_L3,0.7500,12,5,0.5000,0.7714,797.8718,1
Evolution_L3,0.7222,14,6,0.5455,0.7429,915.1090,0
Evolution_L3,0.6944,13,7,0.5455,0.7143,817.9923,0
Evolution_L3,0.6667,12,6,0.5000,0.6857,832.6336,0
Evolution_L3,0.7222,14,9,0.4545,0.7143,886.9789,0
Evolution_L3,0.7500,15,7,0.5000,0.7429,878.9539,0
Evolution_L3,0.6111,9,6,0.5000,0.6286,932.8922,0
Evolution_L3,0.7222,14,9,0.4091,0.7143,799.6422,1
Evolution_L3,0.6389,13,6,0.4545,0.6571,825.1397,0
Evolution_L3,0.7500,15,9,0.4091,0.7429,829.1403,0
Evolution_L3,0.7778,13,7,0.5000,0.8000,797.4513,1
Evolution_L3,0.6944,13,9,0.4545,0.6857,797.8718,1
Evolution_L3,0.7778,16,9,0.5000,0.7714,817.8002,0
Evolution_L3,0.7500,13,9,0.4545,0.7429,818.2542,0
Evolution_L3,0.6389,11,6,0.5455,0.6571,797.4513,1
Evolution_L3,0.7778,17,9,0.4545,0.7714,916.3060,0
Evolution_L3,0.7500,15,9,0.4545,0.7429,803.3111,1
Evolution_L3,0.7778,15,9,0.4545,0.7714,797.4513,1
Evolution_L3,0.6667,12,7,0.5455,0.6857,819.5792,0
Evolution_L3,0.6111,10,6,0.5000,0.6286,867.3943,0
Evolution_L3,0.7500,14,9,0.4545,0.7429,805.3063,1
Evolution_L3,0.7500,12,7,0.5455,0.7714,797.4513,1
Evolution_L3,0.7778,13,7,0.5455,0.8000,834.9123,0
Evolution_L3,0.6111,10,5,0.5000,0.6286,935.2551,0
Evolution_L3,0.6944,12,7,0.5455,0.7143,820.7058,0
Evolution_L3,0.6667,13,9,0.4091,0.6571,885.3890,0
Evolution_L3,0.6389,12,6,0.5000,0.6571,801.8739,1
Evolution_L3,0.6944,13,9,0.5000,0.6857,801.8739,1
Evolution_L3,0.7222,14,9,0.5455,0.7143,797.4513,1
Evolution_L3,0.7222,15,8,0.5000,0.7429,819.5792,0
Evolution_L3,0.6667,13,9,0.4091,0.6571,853.4981,0
Evolution_L3,0.7778,16,9,0.5000,0.7714,817.8002,0
Evolution_L3,0.7500,13,5,0.5000,0.7714,797.4513,1
Evolution_L3,0.7500,15,9,0.5455,0.7429,818.2542,0
Evolution_L3,0.6667,12,6,0.5455,0.6857,846.8109,0
Evolution_L3,0.6389,13,7,0.5455,0.6571,868.7131,0
Evolution_L3,0.6389,12,5,0.5000,0.6571,838.4405,0
Evolution_L3,0.6389,11,6,0.5455,0.6571,797.4513,1
Evolution_L3,0.7222,14,6,0.5000,0.7429,854.7596,0
Evolution_L3,0.7222,14,7,0.4545,0.7143,892.5679,0
Evolution_L3,0.7500,13,6,0.5000,0.7714,797.4513,1
Evolution_L3,0.7778,15,9,0.4545,0.7714,849.3667,0
Evolution_L3,0.6667,14,9,0.4091,0.6571,900.6463,0
Evolution_L3,0.6111,9,6,0.5455,0.6286,797.4513,1
Evolution_L3,0.7222,15,8,0.5000,0.7429,819.5792,0
Evolution_L3,0.7778,13,9,0.4545,0.7714,865.3456,0
Evolution_L3,0.6111,11,8,0.5909,0.6286,895.5783,0
Evolution_L3,0.7222,15,8,0.5000,0.7429,819.5792,0
Evolution_L3,0.7500,15,9,0.4091,0.7429,829.1403,0
Evolution_L3,0.7222,15,9,0.5455,0.7143,880.6904,0
Evolution_L3,0.7222,14,6,0.4545,0.7143,899.2461,0
Evolution_L3,0.7778,15,9,0.4545,0.7714,842.7898,0
Evolution_L3,0.7778,15,9,0.4545,0.7714,797.4513,1
Evolution_L3,0.7222,13,9,0.4091,0.7143,859.6646,0
Evolution_L3,0.6944,14,9,0.4091,0.6857,887.4091,0
Evolution_L3,0.7778,16,9,0.5000,0.7714,817.8002,0
Evolution_L3,0.6667,12,6,0.5000,0.6857,832.6336,0
Evolution_L3,0.6667,11,6,0.5000,0.6857,860.0162,0
Evolution_L3,0.7778,15,9,0.5000,0.7714,880.5253,0
Evolution_L3,0.7500,13,5,0.5455,0.7714,848.3132,0
Evolution_L3,0.6667,12,7,0.4545,0.6857,842.3169,0
Evolution_L3,0.6389,12,5,0.5455,0.6571,797.8718,1
Evolution_L3,0.7500,14,9,0.5000,0.7429,799.6422,1
Evolution_L3,0.6389,10,6,0.5000,0.6571,850.3286,0
Evolution_L3,0.7222,13,6,0.5455,0.7429,797.4513,1
Evolution_L3,0.7778,16,9,0.5000,0.7714,817.8002,0
Evolution_L3,0.6389,12,6,0.5455,0.6571,867.0924,0
Evolution_L3,0.7778,14,9,0.5000,0.7714,812.2031,0
Evolution_L3,0.6667,12,6,0.5455,0.6857,846.8109,0
Evolution_L3,0.6389,12,5,0.5455,0.6571,797.8718,1
Evolution_L3,0.7222,14,6,0.5455,0.7429,915.1090,0
Evolution_L3,0.7500,12,6,0.5000,0.7714,802.6007,1
Evolution_L3,0.7778,13,7,0.5000,0.8000,797.4513,1
Evolution_L3,0.6389,10,7,0.5455,0.6571,797.8718,1
Evolution_L3,0.7778,16,6,0.6364,0.8000,797.4513,1
Evolution_L3,0.6667,13,6,0.5455,0.6857,868.9643,0
Evolution_L3,0.7500,16,9,0.5000,0.7429,827.5683,0
Evolution_L3,0.6667,12,6,0.4545,0.6857,898.0251,0
Evolution_L3,0.7500,16,9,0.5455,0.7429,797.8718,1
Evolution_L3,0.6944,14,7,0.5455,0.7143,811.3205,0
Evolution_L3,0.6667,10,5,0.5000,0.6857,843.4081,0
Evolution_L3,0.7778,16,8,0.5909,0.8000,855.0632,0
Evolution_L3,0.7778,15,9,0.4545,0.7714,849.3667,0
Evolution_L3,0.6389,12,6,0.5000,0.6571,840.1701,0
Evolution_L3,0.7778,15,8,0.4545,0.8000,842.2997,0
Evolution_L3,0.6944,13,6,0.5000,0.7143,918.6607,0
Evolution_L3,0.7222,13,9,0.4545,0.7143,890.3871,0
Evolution_L3,0.6667,12,6,0.5455,0.6857,846.8109,0
Evolution_L3,0.7778,12,9,0.4545,0.7714,879.7623,0
Evolution_L3,0.6389,12,6,0.5000,0.6571,899.5264,0
Evolution_L3,0.7778,13,8,0.5455,0.8000,797.4513,1
Evolution_L3,0.6389,11,6,0.5455,0.6571,797.4513,1
Evolution_L3,0.6944,14,9,0.4545,0.6857,885.1219,0
Evolution_L3,0.7778,14,6,0.5455,0.8000,831.4938,0
Evolution_L3,0.7778,16,9,0.5000,0.7714,923.5395,0
Evolution_L3,0.6111,11,6,0.5455,0.6286,855.6616,0
Evolution_L3,0.6944,13,6,0.5455,0.7143,803.6943,1
Evolution_L3,0.6944,12,9,0.4091,0.6857,879.3343,0
Evolution_L3,0.6389,10,6,0.5000,0.6571,850.3286,0
Evolution_L3,0.6667,12,7,0.4545,0.6857,825.8377,0
Evolution_L3,0.7778,16,8,0.5455,0.8000,835.0500,0
Evolution_L3,0.7500,14,7,0.5909,0.7714,869.0950,0
Evolution_L3,0.7778,13,9,0.5000,0.7714,879.7623,0
Evolution_L3,0.6667,12,7,0.5000,0.6857,856.0184,0
Evolution_L3,0.5833,9,5,0.4545,0.6000,797.8718,1
Evolution_L3,0.7500,15,9,0.5000,0.7429,798.9434,1
Evolution_L3,0.6111,10,7,0.5000,0.6286,830.4195,0
Evolution_L3,0.7778,13,6,0.5000,0.8000,797.4513,1
Evolution_L3,0.7222,15,8,0.5000,0.7429,819.5792,0
Evolution_L3,0.7500,15,9,0.5000,0.7429,861.5831,0
Evolution_L3,0.6389,12,6,0.5455,0.6571,897.6718,0
Evolution_L3,0.7222,13,7,0.5000,0.7429,877.8308,0
Evolution_L3,0.6944,13,6,0.5455,0.7143,817.1960,0
Evolution_L3,0.6667,13,6,0.4545,0.6857,849.0166,0
Evolution_L3,0.7222,14,6,0.5000,0.7429,854.7596,0
Evolution_L3,0.7500,15,9,0.4091,0.7429,829.1403,0
Evolution_L3,0.7222,15,9,0.5000,0.7143,877.8308,0
Evolution_L3,0.7500,15,9,0.4545,0.7429,865.3456,0
Evolution_L3,0.6667,11,7,0.5000,0.6857,850.6631,0
Evolution_L3,0.7778,14,9,0.4545,0.7714,864.4641,0
Evolution_L3,0.6944,11,7,0.5909,0.7143,803.3111,1
Evolution_L3,0.6389,12,6,0.5000,0.6571,797.4513,1
Evolution_L3,0.7500,14,9,0.4545,0.7429,900.6672,0
Evolution_L3,0.7500,13,7,0.5455,0.7714,832.4720,0
Evolution_L3,0.6944,14,9,0.5000,0.6857,822.9847,0
Evolution_L3,0.6111,11,6,0.5000,0.6286,829.4114,0
Evolution_L3,0.7500,14,9,0.5000,0.7429,819.6692,0
Evolution_L3,0.6667,11,5,0.5000,0.6857,869.2508,0
Evolution_L3,0.7500,15,9,0.4545,0.7429,803.3111,1
Evolution_L3,0.7500,15,9,0.4545,0.7429,803.3111,1
Evolution_L3,0.6944,14,6,0.5909,0.7143,825.4944,0
Evolution_L3,0.6111,9,5,0.4545,0.6286,834.7095,0
Evolution_L3,0.6944,13,6,0.5455,0.7143,803.6943,1
Evolution_L3,0.7778,15,7,0.5000,0.8000,821.6916,0
Evolution_L3,0.7778,13,6,0.5455,0.8000,834.9123,0
Evolution_L3,0.7500,15,9,0.4545,0.7429,803.3111,1
Evolution_L3,0.7500,12,5,0.5455,0.7714,890.3326,0
Evolution_L3,0.7222,13,6,0.5000,0.7143,877.9875,0
Evolution_L3,0.7500,14,6,0.5455,0.7714,797.8718,1
Evolution_L3,0.6944,14,6,0.5909,0.7143,825.4944,0
Evolution_L3,0.7500,15,9,0.4091,0.7429,829.1403,0
Evolution_L3,0.7500,12,6,0.5000,0.7714,826.9890,0
Evolution_L3,0.7500,15,9,0.5000,0.7429,911.7984,0
Evolution_L3,0.6667,12,6,0.5455,0.6857,860.0162,0
Evolution_L3,0.7500,11,7,0.5000,0.7714,801.8739,1
Evolution_L3,0.6944,14,7,0.5455,0.7143,811.3205,0
Evolution_L3,0.7500,15,9,0.4545,0.7429,803.3111,1
Evolution_L3,0.6667,12,7,0.5455,0.6857,927.1781,0
Evolution_L3,0.7778,15,6,0.5909,0.8000,797.4513,1
Evolution_L3,0.7222,14,6,0.5000,0.7429,854.7596,0
Evolution_L3,0.7778,12,9,0.4545,0.7714,879.7623,0
Evolution_L3,0.7778,14,5,0.5000,0.8000,801.8739,1
Evolution_L3,0.7778,14,8,0.5000,0.8000,820.4407,0
Evolution_L3,0.6667,13,6,0.5000,0.6857,885.5925,0
Evolution_L3,0.6389,13,7,0.4545,0.6571,966.2628,0
Evolution_L3,0.6111,11,6,0.5000,0.6286,829.4114,0
Evolution_L3,0.6944,12,7,0.5000,0.7143,797.4513,1
Evolution_L3,0.7778,15,9,0.4545,0.7714,924.8435,0
Evolution_L3,0.6667,12,6,0.5000,0.6857,870.2914,0
Evolution_L3,0.7778,14,8,0.5455,0.8000,855.1927,0
Evolution_L3,0.7778,15,9,0.5000,0.7714,923.5395,0
Evolution_L3,0.7222,15,8,0.5000,0.7429,819.5792,0
Evolution_L3,0.6111,10,6,0.4091,0.6286,850.6631,0
Evolution_L3,0.7222,14,9,0.4091,0.7143,830.7646,0
Evolution_L3,0.7778,14,9,0.4545,0.7714,863.9562,0
Evolution_L3,0.7222,14,9,0.4091,0.7143,830.7646,0
Evolution_L3,0.7500,15,9,0.5000,0.7429,844.7870,0
Evolution_L3,0.7500,15,9,0.4091,0.7429,829.1403,0
Evolution_L3,0.7500,15,9,0.4545,0.7429,803.3111,1
Evolution_L3,0.7222,13,5,0.4545,0.7143,862.6030,0
Evolution_L3,0.6944,15,9,0.4091,0.6857,858.0029,0
Evolution_L3,0.7778,15,9,0.4545,0.7714,924.8435,0
Evolution_L3,0.7222,14,6,0.5455,0.7429,855.2853,0
Evolution_L3,0.7222,14,7,0.5000,0.7429,869.4664,0
Evolution_L3,0.7778,15,8,0.5909,0.8000,889.8353,0
Evolution_L3,0.7778,15,9,0.4545,0.7714,924.8435,0
Evolution_L3,0.7778,15,9,0.4545,0.7714,924.8435,0
Evolution_L3,0.7500,13,6,0.5000,0.7714,904.1199,0
Evolution_L3,0.7500,12,5,0.5000,0.7714,831.8437,0
Evolution_L3,0.7222,13,7,0.5000,0.7429,797.4513,1
Evolution_L3,0.7500,14,9,0.5000,0.7429,797.8718,1
Evolution_L3,0.7778,15,9,0.4545,0.7714,849.3667,0
Evolution_L3,0.7500,13,9,0.5000,0.7429,818.9530,0
Evolution_L3,0.7778,15,9,0.4545,0.7714,797.4513,1
Evolution_L3,0.6389,13,5,0.4545,0.6571,849.9314,0
Evolution_L3,0.7500,14,9,0.4545,0.7429,851.1324,0
Evolution_L3,0.7222,14,7,0.5000,0.7429,869.4664,0
Evolution_L3,0.7778,14,5,0.5000,0.8000,797.4513,1
Evolution_L3,0.6389,13,7,0.5455,0.6571,868.7131,0
Evolution_L3,0.6111,11,5,0.5455,0.6286,827.5683,0
Evolution_L3,0.6389,11,6,0.5000,0.6571,853.6062,0
Evolution_L3,0.6389,12,6,0.5000,0.6571,801.8739,1
Evolution_L3,0.7500,15,9,0.5000,0.7429,857.7017,0
Evolution_L3,0.7778,14,7,0.6364,0.8000,797.4513,1
Evolution_L3,0.7500,11,6,0.5000,0.7714,854.1341,0
Evolution_L3,0.7222,14,6,0.5000,0.7429,854.7596,0
Evolution_L3,0.7778,16,9,0.5000,0.7714,837.0031,0
Evolution_L3,0.6944,12,7,0.5455,0.7143,821.6916,0
Evolution_L3,0.7778,15,9,0.5000,0.7714,865.3456,0
Evolution_L3,0.6389,11,7,0.5000,0.6571,892.6027,0
Evolution_L3,0.7500,14,9,0.4091,0.7429,873.4527,0
Evolution_L3,0.7222,14,9,0.4091,0.7143,858.5581,0
Evolution_L3,0.6111,13,6,0.4545,0.6286,797.4513,1
Evolution_L3,0.7222,15,8,0.5000,0.7429,819.5792,0
Evolution_L3,0.6111,11,6,0.4545,0.6286,860.0162,0
Evolution_L3,0.7222,13,9,0.4545,0.7143,890.3871,0
Evolution_L3,0.7222,14,6,0.5455,0.7429,915.1090,0
Evolution_L3,0.7778,17,9,0.4545,0.7714,916.3060,0
Evolution_L3,0.7222,15,8,0.5000,0.7429,819.5792,0
Evolution_L3,0.7500,12,5,0.5455,0.7714,890.3326,0
Evolution_L3,0.7222,14,7,0.5000,0.7429,869.4664,0
Evolution_L3,0.7778,15,9,0.4545,0.7714,924.8435,0
Evolution_L3,0.6111,12,6,0.4545,0.6286,832.5237,0
Evolution_L3,0.7778,14,7,0.5455,0.8000,797.4513,1
Evolution_L3,0.7222,14,6,0.5000,0.7429,854.7596,0
Evolution_L3,0.6389,12,6,0.5000,0.6571,899.5264,0
Evolution_L3,0.6667,11,5,0.4545,0.6857,831.4938,0
Evolution_L3,0.7500,14,6,0.5000,0.7714,869.0950,0
Evolution_L3,0.6667,12,6,0.4545,0.6857,878.4719,0
Evolution_L3,0.7500,15,9,0.4091,0.7429,829.1403,0
Evolution_L3,0.7222,13,9,0.5455,0.7143,882.4457,0
Evolution_L3,0.6389,11,6,0.5000,0.6571,853.6062,0
Evolution_L3,0.6667,11,6,0.5000,0.6857,860.0162,0
Evolution_L3,0.6944,14,7,0.5455,0.7143,811.3205,0
Evolution_L3,0.7222,14,6,0.5000,0.7429,854.7596,0
Evolution_L3,0.6111,10,7,0.5455,0.6286,797.8718,1
Evolution_L3,0.7222,14,7,0.5000,0.7429,869.4664,0
Evolution_L3,0.7222,14,6,0.5000,0.7429,854.7596,0
Evolution_L3,0.7778,14,9,0.4545,0.7714,885.1219,0
Evolution_L3,0.7500,12,5,0.5000,0.7714,839.8519,0
Evolution_L3,0.7222,13,9,0.5455,0.7143,882.4457,0
Evolution_L3,0.7500,15,9,0.5000,0.7429,885.1219,0
Evolution_L3,0.6389,10,6,0.5455,0.6571,861.3870,0
Evolution_L3,0.7500,15,9,0.5455,0.7429,836.0613,0
Evolution_L3,0.7500,12,6,0.5000,0.7714,797.4513,1
Evolution_L3,0.7222,14,9,0.4091,0.7143,830.7646,0
Evolution_L3,0.7778,14,9,0.5000,0.7714,879.7623,0
Evolution_L3,0.7500,15,9,0.4545,0.7429,803.3111,1
Evolution_L3,0.7778,15,6,0.5909,0.8000,797.4513,1
Evolution_L3,0.7500,13,9,0.5455,0.7429,899.2239,0
Evolution_L3,0.7778,15,9,0.4545,0.7714,924.8435,0
Evolution_L3,0.7778,14,5,0.5000,0.8000,797.4513,1
Evolution_L3,0.7500,15,9,0.5000,0.7429,798.9434,1
Evolution_L3,0.6944,15,9,0.4091,0.6857,858.0029,0
Evolution_L3,0.7222,15,8,0.5000,0.7429,819.5792,0
Evolution_L3,0.6389,13,7,0.5455,0.6571,868.7131,0
Evolution_L3,0.7778,16,9,0.5000,0.7714,837.0031,0
Evolution_L3,0.6944,13,9,0.4545,0.6857,797.8718,1
Evolution_L3,0.7778,13,9,0.4545,0.7714,872.2974,0
Evolution_L3,0.7778,14,6,0.5909,0.8000,797.4513,1
Evolution_L3,0.7778,15,8,0.5909,0.8000,797.8718,1
Evolution_L3,0.6944,14,9,0.4091,0.6857,846.8109,0
Evolution_L3,0.7222,13,7,0.5000,0.7429,797.4513,1
Evolution_L3,0.6111,10,7,0.5455,0.6286,810.5735,0
Evolution_L3,0.6111,11,5,0.5000,0.6286,854.5271,0
Evolution_L3,0.6944,14,9,0.4545,0.6857,883.6162,0
Evolution_L3,0.6944,14,7,0.5455,0.7143,811.3205,0
Evolution_L3,0.7778,15,9,0.4545,0.7714,924.8435,0
Evolution_L3,0.7500,13,7,0.5000,0.7714,797.8718,1
Evolution_L3,0.7222,14,9,0.4545,0.7143,886.9789,0
Evolution_L3,0.6389,11,6,0.4091,0.6571,801.8739,1
Evolution_L3,0.7778,14,8,0.5455,0.8000,797.8718,1
Evolution_L3,0.7778,15,9,0.5000,0.7714,797.4513,1
Evolution_L3,0.7222,13,7,0.5000,0.7429,866.4172,0
Evolution_L3,0.7500,13,7,0.5000,0.7714,797.8718,1
Evolution_L3,0.6389,12,6,0.5455,0.6571,867.0924,0
Evolution_L3,0.6667,13,8,0.5000,0.6857,853.6062,0
Evolution_L3,0.6944,14,9,0.5455,0.6857,836.0613,0
Evolution_L3,0.6944,14,9,0.4091,0.6857,848.9818,0
Evolution_L3,0.7778,15,9,0.5000,0.7714,888.1244,0
Evolution_L3,0.7778,13,7,0.5000,0.8000,826.0486,0
Evolution_L3,0.7778,14,6,0.5455,0.8000,828.8892,0
Evolution_L3,0.6944,14,9,0.4545,0.6857,869.9856,0
Evolution_L3,0.6667,11,6,0.5000,0.6857,867.0294,0
Evolution_L3,0.7778,16,9,0.5000,0.7714,817.8002,0
Evolution_L3,0.7500,16,9,0.5000,0.7429,857.3452,0
Evolution_L3,0.6111,10,7,0.5455,0.6286,868.3175,0
Evolution_L3,0.6389,11,6,0.5000,0.6571,890.7123,0
Evolution_L3,0.7778,15,9,0.4545,0.7714,924.8435,0
Evolution_L3,0.6667,14,6,0.5455,0.6857,862.0594,0
Evolution_L3,0.7222,14,9,0.4091,0.7143,830.7646,0
Evolution_L3,0.7778,14,9,0.5000,0.7714,866.3143,0
Evolution_L3,0.6389,12,6,0.5000,0.6571,801.8739,1
Evolution_L3,0.7222,15,8,0.5000,0.7429,819.5792,0
Evolution_L3,0.7222,13,7,0.5909,0.7429,797.4513,1
Evolution_L3,0.7222,15,8,0.5000,0.7429,819.5792,0
Evolution_L3,0.6944,13,6,0.5455,0.7143,820.5115,0
Evolution_L3,0.7500,16,9,0.5000,0.7429,841.6429,0
Evolution_L3,0.6667,11,5,0.4545,0.6857,820.2431,0
Evolution_L3,0.7778,15,8,0.4545,0.8000,797.8718,1
Evolution_L3,0.7778,14,9,0.5000,0.7714,862.6486,0
Evolution_L3,0.7500,12,5,0.5455,0.7714,885.6443,0
Evolution_L3,0.7500,15,9,0.4545,0.7429,898.1244,0
Evolution_L3,0.6944,13,6,0.5000,0.7143,797.8718,1
Evolution_L3,0.7500,16,9,0.5000,0.7429,841.6429,0
Evolution_L3,0.6389,11,7,0.5455,0.6571,876.8366,0
Evolution_L3,0.6667,12,7,0.4545,0.6857,825.8377,0
Evolution_L3,0.6389,12,5,0.5455,0.6571,797.8718,1
Evolution_L3,0.6667,12,6,0.4545,0.6857,846.8109,0
Evolution_L3,0.6944,14,9,0.4091,0.6857,887.4091,0
Evolution_L3,0.6667,12,6,0.5000,0.6857,832.6336,0
Evolution_L3,0.7778,15,9,0.4545,0.7714,924.8435,0
Evolution_L3,0.5833,9,7,0.5000,0.6000,842.3169,0
Evolution_L3,0.7778,16,9,0.5000,0.7714,857.7017,0
Evolution_L3,0.6944,12,6,0.5909,0.7143,836.1063,0
Evolution_L3,0.7500,16,8,0.5455,0.7714,859.6722,0
Evolution_L3,0.7222,14,6,0.5000,0.7429,854.7596,0
Evolution_L3,0.6389,11,6,0.5455,0.6571,797.4513,1
Evolution_L3,0.7500,15,9,0.4545,0.7429,803.3111,1
Evolution_L3,0.6389,11,6,0.4545,0.6571,853.6280,0
Evolution_L3,0.7500,13,6,0.5455,0.7714,854.1341,0
Evolution_L3,0.6667,11,5,0.5000,0.6857,869.2508,0
Evolution_L3,0.7222,14,9,0.4545,0.7143,886.9789,0
Evolution_L3,0.7500,16,9,0.5000,0.7429,841.6429,0
Evolution_L3,0.6389,12,6,0.5000,0.6571,903.5819,0
Evolution_L3,0.7500,15,9,0.4545,0.7429,803.3111,1
Evolution_L3,0.7500,12,6,0.4545,0.7714,911.7629,0
Evolution_L3,0.7500,14,9,0.4545,0.7429,900.6672,0
Evolution_L3,0.7778,16,8,0.5455,0.8000,835.0500,0
Evolution_L3,0.6944,14,9,0.4091,0.6857,839.5224,0
Evolution_L3,0.7778,13,9,0.5000,0.7714,797.8718,1
Evolution_L3,0.7222,14,9,0.4545,0.7143,886.9789,0
Evolution_L3,0.6667,12,6,0.5455,0.6857,846.8109,0
Evolution_L3,0.7222,14,6,0.5455,0.7429,915.1090,0
Evolution_L3,0.7222,14,7,0.5000,0.7429,869.4664,0
Evolution_L3,0.6667,12,6,0.5000,0.6857,832.6336,0
Evolution_L3,0.7500,14,9,0.4545,0.7429,851.1324,0
Evolution_L3,0.7500,13,7,0.5455,0.7714,835.0131,0
Evolution_L3,0.7222,15,9,0.5000,0.7143,870.9046,0
Evolution_L3,0.6667,11,7,0.5000,0.6857,850.6631,0
Evolution_L3,0.7778,15,7,0.6364,0.8000,801.8739,1
Evolution_L3,0.7778,14,9,0.5455,0.7714,797.8718,1
Evolution_L3,0.7500,13,7,0.5909,0.7714,797.4513,1
Evolution_L3,0.7222,14,6,0.5455,0.7429,905.7827,0
Evolution_L3,0.6944,13,6,0.5455,0.7143,797.8718,1
Evolution_L3,0.7778,15,6,0.6364,0.8000,797.4513,1
Evolution_L3,0.7500,15,9,0.5455,0.7429,836.0613,0
Evolution_L3,0.6944,14,9,0.5000,0.6857,822.9847,0
Evolution_L3,0.7778,15,7,0.5000,0.8000,821.6916,0
Evolution_L3,0.6944,14,8,0.5000,0.7143,860.7518,0
Evolution_L3,0.6944,14,9,0.4091,0.6857,848.9818,0
Evolution_L3,0.6389,11,5,0.5455,0.6571,801.8739,1
Evolution_L3,0.7500,14,9,0.4545,0.7429,851.1324,0
Evolution_L3,0.7500,16,9,0.5000,0.7429,857.3452,0
Evolution_L3,0.7778,15,9,0.4091,0.7714,820.1531,0
Evolution_L3,0.7778,16,9,0.5000,0.7714,925.0313,0
Evolution_L3,0.7500,15,9,0.4545,0.7429,803.3111,1
Evolution_L3,0.7500,13,7,0.5909,0.7714,797.4513,1
Evolution_L3,0.7500,14,9,0.5000,0.7429,797.8718,1
Evolution_L3,0.7222,15,9,0.5000,0.7143,837.2387,0
Evolution_L3,0.7778,15,9,0.5000,0.7714,888.1244,0
Evolution_L3,0.7500,12,5,0.5000,0.7714,797.8718,1
Evolution_L3,0.7500,16,9,0.4545,0.7429,797.4513,1
Evolution_L3,0.7778,15,9,0.4545,0.7714,798.9434,1
Evolution_L3,0.7222,15,8,0.5000,0.7429,819.5792,0
Evolution_L3,0.6667,13,6,0.5000,0.6857,846.8109,0
Evolution_L3,0.7500,15,9,0.4545,0.7429,803.3111,1
Evolution_L3,0.6667,13,6,0.5455,0.6857,862.4588,0
Evolution_L3,0.7500,14,7,0.5000,0.7714,797.8718,1
Evolution_L3,0.6944,14,6,0.5909,0.7143,825.4944,0
Evolution_L3,0.6389,12,6,0.5000,0.6571,899.5264,0
Evolution_L3,0.7500,15,9,0.5000,0.7429,911.7984,0
Evolution_L3,0.6667,14,9,0.4091,0.6571,900.6463,0
Evolution_L3,0.6667,12,6,0.5455,0.6857,846.8109,0
Evolution_L3,0.7222,14,9,0.4545,0.7143,886.9789,0
Evolution_L3,0.7778,15,8,0.5455,0.8000,826.0486,0
Evolution_L3,0.6944,15,6,0.5455,0.7143,801.8739,1
Evolution_L3,0.6944,14,7,0.5455,0.7143,811.3205,0
Evolution_L3,0.6389,12,5,0.5000,0.6571,838.4405,0
Evolution_L3,0.7778,16,9,0.4545,0.7714,857.7017,0
Evolution_L3,0.6389,11,6,0.5000,0.6571,890.7123,0
Evolution_L3,0.7778,14,9,0.4545,0.7714,818.2542,0
Evolution_L3,0.6111,13,7,0.4545,0.6286,819.6692,0
Evolution_L3,0.6944,14,9,0.5000,0.6857,812.2031,0
Evolution_L3,0.7778,13,7,0.5455,0.8000,886.9318,0
Evolution_L3,0.7500,12,5,0.5000,0.7714,821.6916,0
Evolution_L3,0.5833,9,7,0.5000,0.6000,842.3169,0
Evolution_L3,0.5833,9,6,0.4545,0.6000,821.3432,0
Evolution_L3,0.6667,12,6,0.5000,0.6857,832.6336,0
Evolution_L3,0.6667,13,6,0.5000,0.6857,846.8109,0
Evolution_L3,0.7778,15,9,0.4545,0.7714,797.4513,1
Evolution_L3,0.7778,13,7,0.5455,0.8000,797.4513,1
Evolution_L3,0.6667,13,6,0.4545,0.6857,849.0166,0
Evolution_L3,0.7778,17,9,0.4545,0.7714,916.3060,0
Evolution_L3,0.6944,14,9,0.4091,0.6857,846.8109,0
Evolution_L3,0.6667,10,5,0.5000,0.6857,843.4081,0
Evolution_L3,0.7500,13,7,0.5000,0.7714,797.8718,1
Evolution_L3,0.7778,14,5,0.5000,0.8000,797.4513,1
Evolution_L3,0.6944,12,6,0.5000,0.7143,853.6062,0
Evolution_L3,0.6944,13,9,0.5000,0.6857,823.4085,0
Evolution_L3,0.7500,15,9,0.4091,0.7429,829.1403,0
Evolution_L3,0.7222,14,7,0.5000,0.7429,869.4664,0
Evolution_L3,0.7778,14,9,0.5000,0.7714,797.4513,1
Evolution_L3,0.7778,15,7,0.5909,0.8000,846.8106,0
Evolution_L3,0.6389,13,7,0.4545,0.6571,966.2628,0
Evolution_L3,0.7500,15,9,0.4545,0.7429,803.3111,1
Evolution_L3,0.6944,13,8,0.5000,0.7143,855.6616,0
Evolution_L3,0.6111,12,7,0.5455,0.6286,856.0184,0
Evolution_L3,0.7500,15,9,0.4091,0.7429,829.1403,0
Evolution_L3,0.7778,14,9,0.4545,0.7714,818.2542,0
Evolution_L3,0.7500,15,9,0.4545,0.7429,812.2031,0
Evolution_L3,0.7778,14,9,0.5000,0.7714,918.1411,0
Evolution_L3,0.7222,15,9,0.5455,0.7143,836.0613,0
Evolution_L3,0.6111,11,6,0.4545,0.6286,879.0130,0
Evolution_L3,0.6667,13,9,0.3636,0.6571,906.1982,0
Evolution_L3,0.6111,11,6,0.5455,0.6286,797.4513,1
Evolution_L3,0.6944,12,9,0.3636,0.6857,885.1026,0
Evolution_L3,0.7222,14,7,0.5000,0.7429,801.8739,1
Evolution_L3,0.7222,14,9,0.4091,0.7143,799.6422,1
Evolution_L3,0.6667,13,6,0.5455,0.6857,868.9643,0
Evolution_L3,0.7778,13,7,0.4545,0.8000,826.0486,0
Evolution_L3,0.7778,14,9,0.5455,0.7714,841.6429,0
Evolution_L3,0.6389,14,7,0.5000,0.6571,883.4400,0
Evolution_L3,0.6667,12,6,0.5000,0.6857,832.6336,0
Evolution_L3,0.7222,14,6,0.5000,0.7429,854.7596,0
Evolution_L3,0.6389,11,7,0.5000,0.6571,892.6027,0
Evolution_L3,0.7778,15,9,0.4545,0.7714,924.8435,0
Evolution_L3,0.7222,14,6,0.5455,0.7429,915.1090,0
Evolution_L3,0.6111,13,6,0.4545,0.6286,797.4513,1
Evolution_L3,0.6389,13,5,0.4545,0.6571,849.9314,0
Evolution_L3,0.7778,13,9,0.5000,0.7714,879.7623,0
Evolution_L3,0.6389,12,7,0.5000,0.6571,841.5447,0
Evolution_L3,0.7778,15,9,0.4545,0.7714,797.4513,1
Evolution_L3,0.6111,10,6,0.5000,0.6286,797.4513,1
Evolution_L3,0.6111,12,6,0.4545,0.6286,832.5237,0
Evolution_L3,0.6667,14,6,0.5000,0.6857,825.8377,0
Evolution_L3,0.6944,13,6,0.5000,0.7143,797.8718,1
Evolution_L3,0.7222,13,7,0.5000,0.7429,797.4513,1
Evolution_L3,0.7222,14,6,0.5000,0.7429,854.7596,0
Evolution_L3,0.6944,13,7,0.5455,0.7143,820.7058,0
Evolution_L3,0.7500,15,9,0.4545,0.7429,851.6396,0
Evolution_L3,0.6111,10,6,0.5000,0.6286,932.8922,0
Evolution_L3,0.6111,11,5,0.5455,0.6286,827.5683,0
Evolution_L3,0.6944,14,9,0.4545,0.6857,885.1219,0
Evolution_L3,0.6111,10,6,0.5000,0.6286,932.8922,0
Evolution_L3,0.7778,15,6,0.5909,0.8000,797.4513,1
Evolution_L3,0.7778,16,9,0.5000,0.7714,817.8002,0
Evolution_L3,0.7500,15,9,0.4545,0.7429,803.3111,1
Evolution_L3,0.7500,15,9,0.4545,0.7429,851.6396,0
Evolution_L3,0.7778,14,9,0.4545,0.7714,999.9085,0
Evolution_L3,0.7500,15,9,0.4545,0.7429,803.3111,1
Evolution_L3,0.7778,14,8,0.5455,0.8000,797.8718,1
Evolution_L3,0.6944,14,9,0.4091,0.6857,839.5224,0
Evolution_L3,0.6944,13,6,0.5000,0.7143,891.3333,0
Evolution_L3,0.7778,14,9,0.5000,0.7714,797.4513,1
Evolution_L3,0.7778,16,9,0.5000,0.7714,817.8002,0
Evolution_L3,0.7222,16,9,0.5000,0.7143,841.6429,0
Evolution_L3,0.7778,16,9,0.5000,0.7714,817.8002,0
Evolution_L3,0.6389,13,5,0.4545,0.6571,849.9314,0
Evolution_L3,0.6667,13,6,0.5455,0.6857,868.9643,0
Evolution_L3,0.6667,12,6,0.5000,0.6857,832.6336,0
Evolution_L3,0.6667,12,6,0.5455,0.6857,889.9579,0
Evolution_L3,0.6667,13,7,0.4545,0.6857,810.5735,0
Evolution_L3,0.7500,15,9,0.4545,0.7429,803.3111,1
Evolution_L3,0.7500,14,9,0.4545,0.7429,805.3063,1
Evolution_L3,0.7778,16,9,0.5000,0.7714,817.8002,0
Evolution_L3,0.6667,12,6,0.5455,0.6857,860.0162,0
Evolution_L3,0.7222,14,7,0.6364,0.7429,894.4709,0
Evolution_L3,0.6944,14,9,0.4091,0.6857,848.9818,0
Evolution_L3,0.6667,15,9,0.4091,0.6857,957.6875,0
Evolution_L3,0.6389,11,6,0.5455,0.6571,797.4513,1
Evolution_L3,0.7500,13,7,0.5000,0.7714,901.2252,0
Evolution_L3,0.7222,14,6,0.5455,0.7429,855.2853,0
Evolution_L3,0.6667,13,5,0.4545,0.6857,820.2431,0
Evolution_L3,0.6944,14,8,0.5000,0.7143,850.6631,0
Evolution_L3,0.6944,14,9,0.4091,0.6857,839.5224,0
Evolution_L3,0.6944,13,7,0.5000,0.7143,851.1324,0
Evolution_L3,0.6667,13,6,0.5000,0.6857,899.2333,0
Evolution_L3,0.7500,12,6,0.5000,0.7714,797.4513,1
Evolution_L3,0.6389,13,6,0.5000,0.6571,941.6542,0
Evolution_L3,0.7778,13,6,0.5000,0.8000,823.7503,0
Evolution_L3,0.7778,15,9,0.4545,0.7714,797.4513,1
Evolution_L3,0.6667,13,6,0.5455,0.6857,868.9643,0
Evolution_L3,0.7500,15,9,0.5000,0.7429,894.1083,0
Evolution_L3,0.7222,14,6,0.5455,0.7429,822.9847,0
Evolution_L3,0.7778,14,8,0.5455,0.8000,855.1927,0
Evolution_L3,0.7222,11,7,0.5455,0.7429,819.5792,0
Evolution_L3,0.7500,12,5,0.4545,0.7714,801.8739,1
Evolution_L3,0.7500,15,9,0.5455,0.7429,836.0613,0
Evolution_L3,0.6944,13,6,0.5000,0.7143,891.3333,0
Evolution_L3,0.6389,12,6,0.5000,0.6571,797.4513,1
Evolution_L3,0.7222,16,9,0.4545,0.7143,877.5851,0
Evolution_L3,0.6389,12,8,0.4545,0.6571,797.8718,1
Evolution_L3,0.6667,12,6,0.4545,0.6857,878.4719,0
Evolution_L3,0.7500,15,9,0.4545,0.7429,803.3111,1
Evolution_L3,0.7222,13,9,0.5455,0.7143,882.4457,0
Evolution_L3,0.7222,13,5,0.4545,0.7143,862.6030,0
Evolution_L3,0.7500,13,6,0.5000,0.7714,825.8377,0
Evolution_L3,0.6667,12,6,0.5455,0.6857,860.0162,0
Evolution_L3,0.7222,14,6,0.5455,0.7429,915.1090,0
Evolution_L3,0.7778,16,9,0.5000,0.7714,817.8002,0
Evolution_L3,0.7222,15,8,0.5000,0.7429,819.5792,0
Evolution_L3,0.6111,11,7,0.5455,0.6286,851.2653,0
Evolution_L3,0.7222,14,7,0.5000,0.7143,872.3047,0
Evolution_L3,0.6944,14,6,0.5909,0.7143,825.4944,0
Evolution_L3,0.6944,12,7,0.5000,0.7143,826.6984,0
Evolution_L3,0.7500,15,8,0.4545,0.7714,845.1156,0
Evolution_L3,0.6667,14,6,0.5000,0.6857,825.8377,0
Evolution_L3,0.6667,11,5,0.4545,0.6857,820.2431,0
Evolution_L3,0.7778,16,9,0.5000,0.7714,923.5395,0
Evolution_L3,0.6389,10,7,0.5909,0.6571,797.4513,1
Evolution_L3,0.7500,16,8,0.5455,0.7714,859.6722,0
Evolution_L3,0.7500,14,6,0.5000,0.7714,804.0790,1
Evolution_L3,0.6944,12,5,0.5000,0.7143,816.4972,0
Evolution_L3,0.7778,13,8,0.5000,0.8000,797.4513,1
Evolution_L3,0.7778,15,9,0.4545,0.7714,816.4972,0
Evolution_L3,0.6667,11,6,0.5000,0.6857,837.2387,0
Evolution_L3,0.6944,14,9,0.4091,0.6857,846.8109,0
Evolution_L3,0.7222,14,9,0.4545,0.7143,886.9789,0
Evolution_L3,0.7500,15,9,0.4545,0.7429,851.6396,0
Evolution_L3,0.6667,11,5,0.5000,0.6857,869.2508,0
Evolution_L3,0.6667,13,6,0.4545,0.6857,849.0166,0
Evolution_L3,0.7222,13,7,0.5000,0.7429,836.0613,0
Evolution_L3,0.7500,13,7,0.5000,0.7714,901.2252,0
Evolution_L3,0.7500,13,6,0.5000,0.7714,904.1199,0
Evolution_L3,0.7778,12,7,0.5000,0.8000,892.7497,0
Evolution_L3,0.7222,14,7,0.5000,0.7429,801.8739,1
Evolution_L3,0.6667,14,6,0.5455,0.6857,862.0594,0
Evolution_L3,0.7222,14,7,0.5000,0.7429,801.8739,1
Evolution_L3,0.6667,10,6,0.5000,0.6857,840.7333,0
Evolution_L3,0.6111,12,6,0.4545,0.6286,832.5237,0
Evolution_L3,0.7222,15,9,0.5455,0.7143,816.2453,0
Evolution_L3,0.7222,15,8,0.5000,0.7429,819.5792,0
Evolution_L3,0.6111,10,6,0.4091,0.6286,846.9179,0
Evolution_L3,0.7500,14,9,0.4545,0.7429,900.6672,0
Evolution_L3,0.6667,13,9,0.4091,0.6571,892.0181,0
Evolution_L3,0.6111,10,7,0.5000,0.6286,830.4195,0
Evolution_L3,0.7500,15,9,0.4545,0.7429,803.3111,1
Evolution_L3,0.6389,10,7,0.5909,0.6571,797.4513,1
Evolution_L3,0.7778,15,9,0.4545,0.7714,924.8435,0
Evolution_L3,0.7500,13,6,0.5000,0.7714,804.0648,1
Evolution_L3,0.7778,13,9,0.5000,0.7714,797.8718,1
Evolution_L3,0.7778,14,9,0.5000,0.7714,897.0337,0
Evolution_L3,0.7222,14,9,0.4091,0.7143,830.7646,0
Evolution_L3,0.5833,10,6,0.4545,0.6000,878.5741,0
Evolution_L3,0.7500,15,9,0.5000,0.7429,911.7984,0
Evolution_L3,0.7778,14,9,0.4545,0.7714,864.4641,0
Evolution_L3,0.7222,12,7,0.5000,0.7429,797.4513,1
Evolution_L3,0.7222,14,6,0.4545,0.7143,899.2461,0
Evolution_L3,0.6389,12,8,0.4545,0.6571,797.8718,1
Evolution_L3,0.6944,12,9,0.4091,0.6857,879.3343,0
Evolution_L3,0.7778,14,9,0.5000,0.7714,819.6692,0
Evolution_L3,0.7778,15,9,0.5000,0.7714,816.0543,0
Evolution_L3,0.7222,14,6,0.4545,0.7143,899.2461,0
Evolution_L3,0.7500,14,9,0.4091,0.7429,857.0686,0
Evolution_L3,0.7222,13,7,0.5000,0.7429,866.4172,0
Evolution_L3,0.6944,14,6,0.5000,0.7143,834.9123,0
Evolution_L3,0.7500,15,9,0.5000,0.7429,911.7984,0
Evolution_L3,0.6111,11,6,0.5455,0.6286,855.6616,0
Evolution_L3,0.7500,15,9,0.4545,0.7429,865.3456,0
Evolution_L3,0.6389,11,6,0.5455,0.6571,891.6417,0
Evolution_L3,0.7500,14,9,0.5000,0.7429,819.6692,0
Evolution_L3,0.6944,14,6,0.5909,0.7143,825.4944,0
Evolution_L3,0.7222,14,7,0.6364,0.7429,894.4709,0
Evolution_L3,0.7778,12,7,0.4545,0.8000,859.2544,0
Evolution_L3,0.7222,13,9,0.5455,0.7143,882.4457,0
Evolution_L3,0.7778,14,7,0.4545,0.8000,797.4513,1
Evolution_L3,0.7778,15,9,0.4545,0.7714,797.4513,1
Evolution_L3,0.7222,14,9,0.4091,0.7143,830.7646,0
Evolution_L3,0.6667,12,6,0.5455,0.6857,851.2710,0
Evolution_L3,0.6667,12,6,0.4545,0.6857,898.0251,0
Evolution_L3,0.6944,14,9,0.4091,0.6857,846.8109,0
Evolution_L3,0.6667,10,5,0.5000,0.6857,821.1781,0
Evolution_L3,0.6389,11,6,0.5000,0.6571,890.7123,0
Evolution_L3,0.7500,15,9,0.4545,0.7429,803.3111,1
Evolution_L3,0.7222,13,7,0.5909,0.7429,797.4513,1
Evolution_L3,0.7778,14,9,0.4545,0.7714,863.9562,0
Evolution_L3,0.7778,16,9,0.5000,0.7714,810.5735,0
Evolution_L3,0.6944,12,7,0.5000,0.7143,797.4513,1
Evolution_L3,0.7222,14,7,0.5909,0.7429,820.9992,0
Evolution_L3,0.6944,14,6,0.5909,0.7143,825.4944,0
Evolution_L3,0.6389,11,6,0.5455,0.6571,797.4513,1
Evolution_L3,0.6667,12,6,0.5000,0.6857,832.6336,0
Evolution_L3,0.7500,15,9,0.5455,0.7429,836.0613,0
Evolution_L3,0.6944,12,7,0.5000,0.7143,801.8739,1
Evolution_L3,0.6111,11,6,0.4545,0.6286,879.0130,0
Evolution_L3,0.6389,13,5,0.4545,0.6571,849.9314,0
Evolution_L3,0.7222,14,6,0.5000,0.7429,854.7596,0
Evolution_L3,0.7778,15,9,0.4545,0.7714,924.8435,0
Evolution_L3,0.7778,15,9,0.4545,0.7714,849.3667,0
Evolution_L3,0.7778,14,9,0.5000,0.7714,879.7623,0
Evolution_L3,0.7778,14,9,0.4545,0.7714,858.0029,0
Evolution_L3,0.7500,14,9,0.4545,0.7429,797.4513,1
Evolution_L3,0.6667,14,9,0.3636,0.6571,921.2267,0
Evolution_L3,0.6667,12,6,0.5000,0.6857,838.2182,0
Evolution_L3,0.6667,13,9,0.4091,0.6571,892.0181,0
Evolution_L3,0.7500,15,9,0.4545,0.7429,803.6943,1
Evolution_L3,0.6944,13,6,0.4545,0.6857,866.8800,0
Evolution_L3,0.7500,14,6,0.5000,0.7714,804.0790,1
Evolution_L3,0.6111,12,7,0.5455,0.6286,852.1602,0
Evolution_L3,0.7222,15,8,0.5000,0.7429,819.5792,0
Evolution_L3,0.6667,13,9,0.3636,0.6571,906.1982,0
Evolution_L3,0.7222,14,9,0.4091,0.7143,830.7646,0
Evolution_L3,0.7778,16,9,0.4091,0.7714,877.5057,0
Evolution_L3,0.6667,12,6,0.5455,0.6857,846.8109,0
Evolution_L3,0.7778,13,7,0.5455,0.8000,797.4513,1
Evolution_L3,0.7778,14,8,0.5455,0.8000,920.7446,0
Evolution_L3,0.7222,14,6,0.5455,0.7429,915.1090,0
Evolution_L3,0.7778,14,9,0.5000,0.7714,879.7623,0
Evolution_L3,0.6944,12,9,0.4545,0.6857,853.6062,0
Evolution_L3,0.7222,12,6,0.4545,0.7143,843.4393,0
Evolution_L3,0.6667,12,6,0.5000,0.6857,832.6336,0
Evolution_L3,0.6667,12,6,0.5455,0.6857,860.0162,0
Evolution_L3,0.6944,14,6,0.5000,0.7143,853.7609,0
Evolution_L3,0.7778,16,9,0.5000,0.7714,817.8002,0
Evolution_L3,0.6944,12,6,0.4545,0.7143,803.1277,1
Evolution_L3,0.6667,14,8,0.5000,0.6857,877.4747,0
Evolution_L3,0.5833,9,5,0.4091,0.6000,877.1413,0
Evolution_L3,0.7500,12,5,0.5455,0.7714,848.3132,0
Evolution_L3,0.6389,11,5,0.5909,0.6571,842.6946,0
Evolution_L3,0.7500,16,9,0.5000,0.7429,857.3452,0
Evolution_L3,0.6944,15,6,0.5455,0.7143,801.8739,1
Evolution_L3,0.6389,12,6,0.5000,0.6571,899.5264,0
Evolution_L3,0.6944,13,6,0.4545,0.6857,866.8800,0
Evolution_L3,0.7778,15,9,0.4545,0.7714,816.4972,0
Evolution_L3,0.7500,14,9,0.4545,0.7429,857.7017,0
Evolution_L3,0.6944,13,9,0.5000,0.6857,839.9973,0
Evolution_L3,0.7778,16,9,0.5000,0.7714,810.5735,0
Evolution_L3,0.7500,13,6,0.5000,0.7714,804.0648,1
Evolution_L3,0.7222,15,9,0.5000,0.7143,870.9046,0
Evolution_L3,0.7222,14,9,0.4545,0.7143,886.9789,0
Evolution_L3,0.7500,15,9,0.5000,0.7429,857.7017,0
Evolution_L3,0.6944,14,9,0.4545,0.6857,861.9342,0
Evolution_L3,0.7500,14,9,0.4545,0.7429,851.1324,0
Evolution_L3,0.6667,12,6,0.5000,0.6857,860.1579,0
Evolution_L3,0.7222,14,6,0.5000,0.7429,854.7596,0
Evolution_L3,0.7500,15,9,0.5000,0.7429,894.1241,0
Evolution_L3,0.6667,10,5,0.5000,0.6857,821.1781,0
Evolution_L3,0.7778,15,9,0.4545,0.7714,797.4513,1
Evolution_L3,0.7222,14,7,0.5909,0.7429,888.9550,0
Evolution_L3,0.7778,16,9,0.5000,0.7714,817.8002,0
Evolution_L3,0.6944,14,6,0.5000,0.7143,834.9123,0
Evolution_L3,0.7500,13,6,0.5000,0.7714,812.2031,0
Evolution_L3,0.7778,14,7,0.5455,0.8000,820.7217,0
Evolution_L3,0.7778,13,7,0.5000,0.8000,797.4513,1
Evolution_L3,0.7778,15,9,0.4545,0.7714,924.8435,0
Evolution_L3,0.7778,16,9,0.5000,0.7714,817.8002,0
Evolution_L3,0.6389,12,6,0.4545,0.6571,897.5496,0
Evolution_L3,0.7778,14,9,0.5455,0.7714,837.1548,0
Evolution_L3,0.6667,13,8,0.5000,0.6857,853.6062,0
Evolution_L3,0.6944,13,6,0.5455,0.7143,803.6943,1
Evolution_L3,0.6111,12,7,0.5455,0.6286,856.0184,0
Evolution_L3,0.7222,14,9,0.5000,0.7143,816.2453,0
Evolution_L3,0.7222,15,8,0.5000,0.7429,819.5792,0
Evolution_L3,0.6111,9,7,0.5000,0.6286,837.2803,0
Evolution_L3,0.7778,15,9,0.4091,0.7714,820.1531,0
Evolution_L3,0.7778,14,9,0.4545,0.7714,999.9085,0
Evolution_L3,0.7778,15,9,0.5455,0.7714,820.4407,0
Evolution_L3,0.7778,15,9,0.4545,0.7714,849.3667,0
Evolution_L3,0.7778,12,7,0.5909,0.8000,838.8069,0
Evolution_L3,0.7222,16,9,0.5000,0.7143,841.6429,0
Evolution_L3,0.6667,13,5,0.5455,0.6857,854.7872,0
Evolution_L3,0.7500,14,9,0.4545,0.7429,857.7017,0
Evolution_L3,0.6667,13,6,0.4545,0.6857,857.7639,0
Evolution_L3,0.7778,15,9,0.4545,0.7714,849.3667,0
Evolution_L3,0.6111,11,6,0.5455,0.6286,797.4513,1
Evolution_L3,0.6944,14,9,0.5455,0.6857,842.2997,0
Evolution_L3,0.6667,10,7,0.4545,0.6857,838.8069,0
Evolution_L3,0.6389,11,5,0.5455,0.6571,801.8739,1
Evolution_L3,0.7500,13,6,0.5455,0.7714,854.1341,0
Evolution_L3,0.6667,11,6,0.5000,0.6857,837.2387,0
Evolution_L3,0.7500,12,5,0.5000,0.7714,821.6916,0
Evolution_L3,0.6944,13,6,0.5000,0.7143,918.6607,0
Evolution_L3,0.6111,11,6,0.5000,0.6286,829.4114,0
Evolution_L3,0.6111,10,5,0.5455,0.6286,853.1448,0
Evolution_L3,0.7778,15,9,0.4545,0.7714,924.8435,0
Evolution_L3,0.6111,9,7,0.5000,0.6286,837.2803,0
Evolution_L3,0.7778,15,9,0.5000,0.7714,880.5253,0
Evolution_L3,0.6944,12,5,0.4545,0.7143,797.4513,1
Evolution_L3,0.7778,13,7,0.5909,0.8000,801.8739,1
Evolution_L3,0.7500,15,9,0.4545,0.7429,898.1244,0
Evolution_L3,0.7778,15,7,0.5455,0.8000,863.8397,0
Evolution_L3,0.7778,16,9,0.4091,0.7714,849.7805,0
Evolution_L3,0.6111,9,6,0.5455,0.6286,797.4513,1
Evolution_L3,0.6389,11,6,0.4545,0.6571,820.2431,0
Evolution_L3,0.6944,15,9,0.4545,0.6857,843.4875,0
Evolution_L3,0.6389,11,6,0.5455,0.6571,872.0668,0
Evolution_L3,0.6111,11,8,0.4545,0.6286,797.4513,1
Evolution_L3,0.6944,13,7,0.5455,0.7143,817.9923,0
Evolution_L3,0.6944,14,6,0.5909,0.7143,825.4944,0
Evolution_L3,0.6389,11,6,0.5455,0.6571,884.7247,0
Evolution_L3,0.7778,15,9,0.5000,0.7714,923.5395,0
Evolution_L3,0.6667,13,9,0.4091,0.6571,885.3890,0
Evolution_L3,0.7222,14,7,0.5000,0.7429,869.4664,0
Evolution_L3,0.6944,14,9,0.4545,0.6857,861.9342,0
Evolution_L3,0.6944,13,7,0.5455,0.7143,817.9923,0
Evolution_L3,0.7778,13,7,0.5000,0.8000,797.4513,1
Evolution_L3,0.7500,15,9,0.5000,0.7429,894.1083,0
Evolution_L3,0.6389,11,6,0.4545,0.6571,853.6280,0
Evolution_L3,0.6111,10,7,0.5455,0.6286,868.3175,0
Evolution_L3,0.7222,15,9,0.5455,0.7143,880.6904,0
Evolution_L3,0.7222,14,7,0.5000,0.7429,869.4664,0
Evolution_L3,0.6667,13,6,0.5000,0.6857,846.8109,0
Evolution_L3,0.6667,13,9,0.4091,0.6571,892.0181,0
Evolution_L3,0.7778,14,7,0.5455,0.8000,820.7217,0
Evolution_L3,0.6944,14,6,0.5000,0.7143,874.6297,0
Evolution_L3,0.6944,14,9,0.4545,0.6857,885.1219,0
Evolution_L3,0.7222,14,7,0.5000,0.7429,869.4664,0
Evolution_L3,0.7500,15,9,0.4545,0.7429,803.3111,1
Evolution_L3,0.7222,15,8,0.5000,0.7429,819.5792,0
Evolution_L3,0.6111,9,6,0.5000,0.6286,932.8922,0
Evolution_L3,0.7778,13,9,0.4545,0.7714,872.2974,0
Evolution_L3,0.6944,14,9,0.5000,0.6857,828.7001,0
Evolution_L3,0.7500,15,9,0.4545,0.7429,803.3111,1
Evolution_L3,0.6111,12,6,0.4545,0.6286,832.5237,0
Evolution_L3,0.7222,15,9,0.5455,0.7143,836.0613,0
Evolution_L3,0.7222,14,9,0.4545,0.7143,886.9789,0
Evolution_L3,0.6944,13,7,0.4545,0.7143,797.4513,1
Evolution_L3,0.6111,10,5,0.4545,0.6286,925.7850,0
Evolution_L3,0.6389,11,6,0.4545,0.6571,820.2431,0
Evolution_L3,0.6944,14,9,0.4091,0.6857,846.8109,0
Evolution_L3,0.7222,13,9,0.4091,0.7143,865.0223,0
Evolution_L3,0.7500,16,9,0.5000,0.7429,841.6429,0
Evolution_L3,0.6667,13,6,0.5455,0.6857,868.9643,0
Evolution_L3,0.6667,13,9,0.4091,0.6571,885.3890,0
Evolution_L3,0.7222,13,6,0.5000,0.7143,877.9875,0
Evolution_L3,0.7500,13,9,0.4545,0.7429,821.7963,0
Evolution_L3,0.6944,15,9,0.4545,0.6857,843.4875,0
Evolution_L3,0.7222,14,6,0.5455,0.7429,915.1090,0
Evolution_L3,0.7778,14,9,0.5455,0.7714,797.4513,1
Evolution_L3,0.6944,14,9,0.5000,0.6857,828.7001,0
Evolution_L3,0.6667,10,5,0.5000,0.6857,821.1781,0
Evolution_L3,0.6667,13,5,0.5455,0.6857,854.7872,0
Evolution_L3,0.6667,13,6,0.5000,0.6857,846.8109,0
Evolution_L3,0.6944,14,9,0.5000,0.6857,828.7001,0
Evolution_L3,0.7500,16,9,0.5000,0.7429,841.6429,0
Evolution_L3,0.6944,13,6,0.5455,0.7143,803.6943,1
Evolution_L3,0.6389,12,6,0.5455,0.6571,867.0924,0
Evolution_L3,0.6389,11,5,0.4545,0.6286,797.4513,1
Evolution_L3,0.6111,11,6,0.5455,0.6286,861.7242,0
Evolution_L3,0.6944,12,7,0.5000,0.7143,797.4513,1
Evolution_L3,0.6944,14,9,0.4091,0.6857,839.5224,0
Evolution_L3,0.7500,14,9,0.4545,0.7429,879.7623,0
Evolution_L3,0.7500,11,7,0.5000,0.7714,869.0950,0
Evolution_L3,0.6667,11,6,0.4545,0.6857,890.1381,0
Evolution_L3,0.7500,11,7,0.5000,0.7714,801.8739,1
Evolution_L3,0.7500,14,9,0.4545,0.7429,881.3332,0
Evolution_L3,0.7222,14,6,0.5455,0.7429,822.9847,0
Evolution_L3,0.7778,15,9,0.4545,0.7714,797.4513,1
Evolution_L3,0.6667,12,6,0.5455,0.6857,846.8109,0
Evolution_L3,0.6111,10,5,0.5455,0.6286,797.4513,1
Evolution_L3,0.7778,13,7,0.5909,0.8000,838.8069,0
Evolution_L3,0.6111,11,7,0.5455,0.6286,856.0184,0
Evolution_L3,0.7778,15,7,0.5455,0.8000,855.6616,0
Evolution_L3,0.6389,10,6,0.5455,0.6571,898.1672,0
Evolution_L3,0.7500,13,5,0.4545,0.7714,797.4513,1
Evolution_L3,0.7778,15,6,0.5909,0.8000,797.4513,1
Evolution_L3,0.7778,14,9,0.4545,0.7714,999.9085,0
Evolution_L3,0.7778,13,8,0.5455,0.8000,797.4513,1
Evolution_L3,0.7778,14,9,0.5000,0.7714,859.5301,0
Evolution_L3,0.7500,16,9,0.4545,0.7429,797.4513,1
Evolution_L3,0.7500,15,9,0.5000,0.7429,911.7984,0
Evolution_L3,0.7500,13,7,0.5455,0.7714,879.5220,0
Evolution_L3,0.6111,11,6,0.5455,0.6286,797.4513,1
Evolution_L3,0.7778,14,9,0.5000,0.7714,879.7623,0
Evolution_L3,0.6389,12,7,0.5000,0.6571,797.4513,1
Evolution_L3,0.7500,15,9,0.4545,0.7429,803.3111,1
Evolution_L3,0.6944,14,8,0.5000,0.7143,860.7518,0
Evolution_L3,0.7222,14,7,0.5000,0.7429,869.4664,0
Evolution_L3,0.7222,12,7,0.5909,0.7429,819.5792,0
Evolution_L3,0.7778,15,7,0.5000,0.8000,821.6916,0
Evolution_L3,0.6944,13,6,0.5000,0.7143,918.6607,0
Evolution_L3,0.7778,15,9,0.4545,0.7714,797.4513,1
Evolution_L3,0.6944,14,9,0.5000,0.6857,798.9434,1
Evolution_L3,0.6944,14,6,0.5000,0.7143,853.7609,0
Evolution_L3,0.6111,11,6,0.5000,0.6286,882.3847,0
Evolution_L3,0.6944,12,9,0.3636,0.6857,885.1026,0
Evolution_L3,0.7778,14,9,0.4545,0.7714,828.2077,0
Evolution_L3,0.7778,13,7,0.5455,0.8000,886.9318,0
Evolution_L3,0.6389,11,6,0.5455,0.6571,797.4513,1
Evolution_L3,0.7500,13,7,0.5455,0.7714,797.4513,1
Evolution_L3,0.6667,13,9,0.3636,0.6571,906.1982,0
Evolution_L3,0.6111,9,6,0.5000,0.6286,797.8718,1
Evolution_L3,0.7500,14,9,0.4545,0.7429,851.1324,0
Evolution_L3,0.7778,13,8,0.5000,0.8000,797.4513,1
Evolution_L3,0.7778,15,9,0.4545,0.7714,849.3667,0
Evolution_L3,0.6944,13,7,0.5000,0.7143,851.1324,0
Evolution_L3,0.7778,14,6,0.5000,0.8000,807.8428,1
Evolution_L3,0.7778,15,9,0.4545,0.7714,797.4513,1
Evolution_L3,0.6667,11,6,0.5000,0.6857,850.3286,0
Evolution_L3,0.7778,14,9,0.4545,0.7714,999.9085,0
Evolution_L3,0.7778,15,9,0.4545,0.7714,797.4513,1
Evolution_L3,0.7500,12,7,0.5455,0.7714,831.2968,0
Evolution_L3,0.6111,12,7,0.5455,0.6286,856.0184,0
Evolution_L3,0.6389,13,5,0.4545,0.6571,849.9314,0
Evolution_L3,0.7222,15,8,0.5000,0.7429,819.5792,0
Evolution_L3,0.7222,13,7,0.5455,0.7429,797.8718,1
Evolution_L3,0.7222,14,7,0.5000,0.7429,801.8739,1
Evolution_L3,0.7500,15,9,0.4545,0.7429,803.3111,1
Evolution_L3,0.6667,11,6,0.5000,0.6857,867.0294,0
Evolution_L3,0.6944,15,6,0.5455,0.7143,801.8739,1
Evolution_L3,0.7778,13,7,0.5909,0.8000,801.8739,1
Evolution_L3,0.7500,15,9,0.4545,0.7429,812.2031,0
Evolution_L3,0.7778,14,9,0.4545,0.7714,863.9562,0
Evolution_L3,0.7778,16,9,0.5000,0.7714,817.8002,0
Evolution_L3,0.6667,10,7,0.4545,0.6857,838.8069,0
Evolution_L3,0.6667,12,6,0.5455,0.6857,846.8109,0
Evolution_L3,0.7222,13,6,0.5455,0.7429,867.0924,0
Evolution_L3,0.7778,15,9,0.4545,0.7714,797.4513,1
Evolution_L3,0.6667,13,6,0.5000,0.6857,846.8109,0
Evolution_L3,0.6944,13,6,0.5455,0.7143,817.9923,0
Evolution_L3,0.7500,12,7,0.5455,0.7714,843.4720,0
Evolution_L3,0.7500,15,9,0.4545,0.7429,803.3111,1
Evolution_L3,0.7500,15,9,0.4545,0.7429,803.3111,1
Evolution_L3,0.6944,12,9,0.3636,0.6857,885.1026,0
Evolution_L3,0.7500,13,5,0.5455,0.7714,848.3132,0
Evolution_L3,0.7500,14,7,0.5455,0.7714,797.4513,1
Evolution_L3,0.6944,12,7,0.5000,0.7143,797.4513,1
Evolution_L3,0.7778,15,6,0.6364,0.8000,797.4513,1
Evolution_L3,0.7500,16,9,0.5000,0.7429,841.6429,0
Evolution_L3,0.7500,14,9,0.4545,0.7429,900.6672,0
Evolution_L3,0.6667,12,6,0.5000,0.6857,870.2914,0
Evolution_L3,0.6111,12,5,0.5455,0.6286,840.1194,0
Evolution_L3,0.7222,12,7,0.5909,0.7429,849.9330,0
Evolution_L3,0.6944,14,9,0.5000,0.6857,798.9434,1
Evolution_L3,0.6667,13,6,0.5000,0.6857,846.8109,0
Evolution_L3,0.7500,14,9,0.5000,0.7429,799.6422,1
Evolution_L3,0.6667,12,6,0.5000,0.6857,832.6336,0
Evolution_L3,0.7778,15,8,0.4545,0.8000,797.8718,1
Evolution_L3,0.6667,11,5,0.5000,0.6857,851.1324,0
Evolution_L3,0.7500,15,9,0.4545,0.7429,803.3111,1
Evolution_L3,0.6944,14,6,0.5000,0.7143,853.7609,0
Evolution_L3,0.7222,14,9,0.4091,0.7143,830.7646,0
Evolution_L3,0.6389,11,6,0.5000,0.6571,850.2862,0
Evolution_L3,0.6667,13,6,0.5000,0.6857,846.8109,0
Evolution_L3,0.6944,13,6,0.4545,0.6857,866.8800,0
Evolution_L3,0.5833,10,5,0.4545,0.6000,940.4948,0
Evolution_L3,0.6944,12,6,0.4545,0.7143,803.1277,1
Evolution_L3,0.6667,13,6,0.5000,0.6857,846.8109,0
Evolution_L3,0.6111,11,8,0.4545,0.6286,797.4513,1
Evolution_L3,0.6389,11,6,0.4545,0.6571,820.2431,0
Evolution_L3,0.7778,14,7,0.5455,0.8000,797.8718,1
Evolution_L3,0.7500,15,9,0.5000,0.7429,894.1241,0
Evolution_L3,0.6944,12,6,0.4545,0.7143,898.1672,0
Evolution_L3,0.6111,11,6,0.4545,0.6286,879.0130,0
Evolution_L3,0.7222,14,9,0.4091,0.7143,858.5581,0
Evolution_L3,0.6667,13,6,0.5000,0.6857,885.5925,0
Evolution_L3,0.6667,12,6,0.4545,0.6857,859.7545,0
Evolution_L3,0.6944,14,9,0.5000,0.6857,822.9847,0
Evolution_L3,0.7500,15,9,0.5000,0.7429,841.7138,0
Evolution_L3,0.7778,14,8,0.5909,0.8000,889.8353,0
Evolution_L3,0.7778,14,9,0.5000,0.7714,862.6486,0
Evolution_L3,0.6389,11,6,0.4545,0.6571,897.5496,0
Evolution_L3,0.7500,14,6,0.5000,0.7714,804.0790,1
Evolution_L3,0.7500,15,9,0.4091,0.7429,858.0029,0
Evolution_L3,0.7500,14,7,0.5909,0.7714,835.5109,0
Evolution_L3,0.6389,12,6,0.5455,0.6571,835.0131,0
Evolution_L3,0.7500,14,9,0.5000,0.7429,797.8718,1
Evolution_L3,0.7500,15,9,0.4545,0.7429,898.1244,0
Evolution_L3,0.7222,14,6,0.5455,0.7429,915.1090,0
Evolution_L3,0.6389,12,7,0.5000,0.6571,841.5447,0
Evolution_L3,0.7778,14,9,0.5455,0.7714,797.8718,1
Evolution_L3,0.7500,15,9,0.4545,0.7429,803.3111,1
Evolution_L3,0.6111,9,6,0.4545,0.6286,932.8922,0
Evolution_L3,0.6667,11,5,0.5000,0.6857,801.8739,1
Evolution_L3,0.6944,13,6,0.5455,0.7143,863.0381,0
Evolution_L3,0.7222,14,9,0.4545,0.7143,886.9789,0
Evolution_L3,0.6944,12,7,0.5455,0.7143,880.4999,0
Evolution_L3,0.7500,15,9,0.4545,0.7429,803.3111,1
Evolution_L3,0.7778,15,9,0.5000,0.7714,923.5395,0
Evolution_L3,0.7500,14,9,0.4545,0.7429,851.1324,0
Evolution_L3,0.7222,16,9,0.5000,0.7143,841.6429,0
Evolution_L3,0.6667,10,7,0.4545,0.6857,838.8069,0
Evolution_L3,0.7222,15,8,0.5000,0.7429,819.5792,0
Evolution_L3,0.7778,13,7,0.5000,0.8000,826.0486,0
Evolution_L3,0.7500,12,5,0.5000,0.7714,839.8519,0
Evolution_L3,0.7778,16,9,0.5000,0.7714,817.8002,0
Evolution_L3,0.7778,15,9,0.4545,0.7714,797.4513,1
Evolution_L3,0.7500,14,9,0.4545,0.7429,900.6672,0
Evolution_L3,0.7778,14,9,0.5000,0.7714,861.7971,0
Evolution_L3,0.7222,14,6,0.5455,0.7429,822.9847,0
Evolution_L3,0.7222,14,9,0.4091,0.7143,830.7646,0
Evolution_L3,0.7222,14,6,0.5000,0.7429,854.7596,0
Evolution_L3,0.7500,14,9,0.4545,0.7429,851.1324,0
Evolution_L3,0.6944,15,9,0.4545,0.6857,843.4875,0
Evolution_L3,0.6667,12,6,0.4545,0.6857,846.8109,0
Evolution_Crossover,0.5000,6,7,0.5455,0.4857,803.3111,1
Evolution_Crossover,0.6944,10,8,0.4545,0.6857,873.4728,0
Evolution_Crossover,0.6667,11,5,0.3636,0.6571,895.0079,0
Evolution_Crossover,0.7222,15,7,0.5909,0.7429,797.8718,1
Evolution_Crossover,0.6667,14,8,0.5455,0.6571,797.8718,1
Evolution_Crossover,0.5833,6,7,0.5455,0.6000,803.3936,1
Evolution_Crossover,0.6389,11,8,0.4545,0.6286,839.8519,0
Evolution_Crossover,0.7222,14,7,0.5909,0.7429,797.8718,1
Evolution_Crossover,0.6389,13,8,0.5455,0.6286,797.8718,1
Evolution_Crossover,0.6667,10,6,0.5909,0.6857,827.3525,0
Evolution_Crossover,0.7778,15,7,0.5455,0.8000,855.1927,0
Evolution_Crossover,0.7778,16,7,0.6364,0.7714,817.8002,0
Evolution_Crossover,0.5833,12,6,0.5455,0.6000,852.6897,0
Evolution_Crossover,0.7222,14,7,0.6364,0.7429,843.4393,0
Evolution_Crossover,0.5278,8,7,0.5000,0.5429,847.9419,0
Evolution_Crossover,0.7222,13,8,0.6364,0.7429,837.6290,0
Evolution_Crossover,0.5556,9,5,0.5909,0.5714,875.0363,0
Evolution_Crossover,0.7778,16,8,0.4545,0.7714,810.5735,0
Evolution_Crossover,0.7778,15,7,0.5455,0.8000,855.1927,0
Evolution_Crossover,0.6667,14,8,0.4545,0.6571,807.8428,1
Evolution_Crossover,0.6111,13,8,0.4545,0.6000,797.8718,1
Evolution_Crossover,0.6389,14,8,0.4545,0.6286,797.8718,1
Evolution_Crossover,0.6389,8,8,0.5455,0.6571,803.3111,1
Evolution_Crossover,0.7778,14,8,0.6364,0.8000,797.4513,1
Evolution_Crossover,0.5278,9,8,0.5000,0.5143,810.5735,0
Evolution_Crossover,0.5833,8,7,0.5455,0.6000,833.2065,0
Evolution_Crossover,0.5556,8,9,0.5000,0.5429,869.6050,0
Evolution_Crossover,0.6389,13,6,0.5455,0.6571,836.8092,0
Evolution_Crossover,0.7778,14,9,0.5455,0.8000,850.1707,0
Evolution_Crossover,0.6944,8,8,0.6364,0.7143,801.8739,1
Evolution_Crossover,0.5833,8,6,0.4091,0.5714,868.7116,0
Evolution_Crossover,0.5000,7,5,0.5000,0.5143,797.4513,1
Evolution_Crossover,0.5000,4,4,0.4545,0.5143,876.5054,0
Evolution_Crossover,0.7778,13,7,0.5909,0.8000,797.4513,1
Evolution_Crossover,0.5556,9,5,0.3636,0.5714,840.4062,0
Evolution_Crossover,0.6111,9,9,0.5909,0.6000,844.5742,0
Evolution_Crossover,0.5556,7,5,0.4545,0.5714,867.4369,0
Evolution_Crossover,0.6389,11,5,0.4545,0.6571,836.5434,0
Evolution_Crossover,0.5833,8,5,0.5000,0.6000,869.1233,0
Evolution_Crossover,0.5278,8,7,0.4545,0.5429,836.9045,0
Evolution_Crossover,0.7500,15,8,0.4545,0.7429,823.6550,0
Evolution_Crossover,0.5278,9,5,0.5455,0.5429,856.1216,0
Evolution_Crossover,0.7222,9,7,0.6364,0.7429,801.8739,1
Evolution_Crossover,0.5000,4,8,0.5909,0.5143,803.3111,1
Evolution_Crossover,0.5833,8,6,0.4091,0.5714,921.5079,0
Evolution_Crossover,0.6944,11,7,0.5455,0.7143,797.8718,1
Evolution_Crossover,0.5278,8,7,0.4545,0.5143,877.0192,0
Evolution_Crossover,0.5278,8,7,0.4091,0.5143,855.0065,0
Evolution_Crossover,0.5278,9,7,0.4545,0.5429,924.7705,0
Evolution_Crossover,0.5556,10,5,0.5455,0.5714,838.0065,0
Evolution_Crossover,0.6667,10,7,0.4545,0.6571,866.8926,0
Evolution_Crossover,0.5556,8,5,0.3182,0.5714,876.3767,0
Evolution_Crossover,0.7500,16,8,0.5000,0.7429,839.3076,0
Evolution_Crossover,0.7222,10,9,0.5455,0.7143,797.4513,1
Evolution_Crossover,0.5278,7,5,0.5000,0.5429,844.1620,0
Evolution_Crossover,0.6389,10,5,0.4091,0.6571,810.5735,0
Evolution_Crossover,0.5833,6,7,0.5455,0.6000,846.8175,0
Evolution_Crossover,0.6667,10,6,0.5909,0.6857,827.3525,0
Evolution_Crossover,0.5000,6,7,0.3636,0.4857,798.9434,1
Evolution_Crossover,0.5833,10,5,0.5455,0.6000,886.1749,0
Evolution_Crossover,0.5000,5,8,0.5455,0.5143,801.8739,1
Evolution_Crossover,0.6944,14,8,0.5455,0.6857,820.8613,0
Evolution_Crossover,0.6389,10,6,0.5909,0.6571,835.2568,0
Evolution_Crossover,0.6944,13,6,0.5455,0.7143,886.0826,0
Evolution_Crossover,0.6389,12,7,0.5000,0.6571,856.0184,0
Evolution_Crossover,0.5278,9,5,0.5455,0.5429,955.4583,0
Evolution_Crossover,0.7778,16,9,0.5000,0.7714,958.7143,0
Evolution_Crossover,0.7778,13,7,0.5909,0.8000,797.8718,1
Evolution_Crossover,0.6389,14,7,0.5455,0.6286,838.4365,0
Evolution_Crossover,0.5000,6,6,0.5455,0.5143,881.0162,0
Evolution_Crossover,0.5833,10,6,0.5000,0.6000,836.4349,0
Evolution_Crossover,0.5000,5,5,0.3636,0.5143,891.2044,0
Evolution_Crossover,0.7778,14,8,0.5455,0.7714,880.2454,0
Evolution_Crossover,0.5833,9,6,0.5455,0.6000,866.7935,0
Evolution_Crossover,0.5000,8,7,0.5000,0.5143,819.5007,0
Evolution_Crossover,0.6389,9,6,0.3636,0.6286,798.9434,1
Evolution_Crossover,0.5278,9,4,0.5000,0.5429,891.3929,0
Evolution_Crossover,0.7778,16,8,0.5909,0.7714,803.6943,1
Evolution_Crossover,0.5278,5,5,0.5455,0.5143,912.9423,0
Evolution_Crossover,0.5278,5,5,0.5000,0.5429,916.5031,0
Evolution_Crossover,0.6944,12,8,0.4545,0.6857,797.4513,1
Evolution_Crossover,0.5000,6,5,0.4091,0.4857,857.0686,0
Evolution_Crossover,0.6389,13,6,0.5455,0.6286,814.8145,0
Evolution_Crossover,0.7222,14,8,0.4545,0.7429,866.2851,0
Evolution_Crossover,0.7222,15,8,0.4545,0.7143,822.5776,0
Evolution_Crossover,0.5000,7,6,0.4091,0.5143,884.1131,0
Evolution_Crossover,0.6667,7,7,0.5000,0.6857,835.6886,0
Evolution_Crossover,0.7222,14,9,0.4545,0.7429,798.9434,1
Evolution_Crossover,0.6667,14,8,0.5455,0.6571,797.8718,1
Evolution_Crossover,0.6944,15,8,0.5000,0.6857,851.9994,0
Evolution_Crossover,0.6111,7,6,0.4545,0.6000,809.6091,1
Evolution_Crossover,0.6389,10,8,0.6364,0.6571,820.1531,0
Evolution_Crossover,0.6389,12,5,0.4545,0.6286,839.0530,0
Evolution_Crossover,0.6667,9,6,0.5455,0.6857,867.0924,0
Evolution_Crossover,0.6111,9,6,0.5000,0.6286,821.4331,0
Evolution_Crossover,0.6667,11,5,0.4545,0.6857,875.4224,0
Evolution_Crossover,0.6389,12,6,0.5000,0.6286,911.6646,0
Evolution_Crossover,0.6111,4,7,0.5455,0.6286,865.6803,0
Evolution_Crossover,0.5556,8,5,0.5455,0.5714,822.9282,0
Evolution_Crossover,0.6111,11,5,0.5455,0.6286,867.0414,0
Evolution_Crossover,0.5556,5,6,0.5000,0.5714,832.7340,0
Evolution_Crossover,0.5833,8,5,0.5000,0.6000,836.0613,0
Evolution_Crossover,0.5278,8,8,0.4091,0.5143,890.0990,0
Evolution_Crossover,0.5833,12,8,0.4545,0.5714,835.7890,0
Evolution_Crossover,0.5556,6,7,0.5909,0.5714,838.3345,0
Evolution_Crossover,0.6111,8,7,0.6364,0.6286,846.8109,0
Evolution_Crossover,0.7500,11,7,0.5455,0.7714,797.4513,1
Evolution_Crossover,0.6944,13,8,0.4091,0.6857,797.8718,1
Evolution_Crossover,0.7500,16,9,0.5909,0.7714,797.8718,1
Evolution_Crossover,0.7778,14,9,0.5455,0.8000,797.8718,1
Evolution_Crossover,0.5833,7,7,0.4091,0.5714,827.3525,0
Evolution_Crossover,0.6667,12,7,0.5455,0.6571,920.8129,0
Evolution_Crossover,0.5278,8,5,0.4545,0.5429,837.4393,0
Evolution_Crossover,0.7778,13,5,0.5455,0.8000,797.4513,1
Evolution_Crossover,0.7222,11,7,0.5909,0.7429,865.6803,0
Evolution_Crossover,0.6111,11,6,0.5909,0.6286,852.6897,0
Evolution_Crossover,0.7222,14,7,0.4545,0.7429,820.1531,0
Evolution_Crossover,0.6944,12,7,0.5000,0.6857,859.4221,0
Evolution_Crossover,0.6389,12,6,0.5455,0.6571,803.1277,1
Evolution_Crossover,0.5278,9,7,0.5909,0.5429,797.4513,1
Evolution_Crossover,0.6944,12,9,0.5000,0.7143,800.0627,1
Evolution_Crossover,0.7222,13,8,0.5455,0.7143,797.4513,1
Evolution_Crossover,0.7222,14,9,0.5455,0.7143,819.5792,0
Evolution_Crossover,0.7778,11,9,0.4545,0.8000,797.8718,1
Evolution_Crossover,0.7500,14,9,0.5455,0.7714,797.8718,1
Evolution_Crossover,0.6667,12,8,0.5000,0.6571,797.4513,1
Evolution_Crossover,0.6111,9,7,0.5455,0.6000,803.3111,1
Evolution_Crossover,0.5278,8,6,0.5909,0.5429,876.2910,0
Evolution_Crossover,0.7778,15,9,0.5909,0.8000,797.8718,1
Evolution_Crossover,0.5278,8,5,0.5455,0.5429,866.4172,0
Evolution_Crossover,0.5556,8,6,0.5455,0.5714,847.9419,0
Evolution_Crossover,0.7222,14,6,0.5455,0.7143,850.3002,0
Evolution_Crossover,0.5278,9,5,0.5909,0.5429,868.7882,0
Evolution_Crossover,0.5278,4,8,0.5455,0.5429,801.8739,1
Evolution_Crossover,0.7222,13,9,0.5909,0.7429,850.6038,0
Evolution_Crossover,0.7222,15,8,0.5455,0.7143,797.4513,1
Evolution_Crossover,0.6944,13,8,0.4545,0.6857,924.3391,0
Evolution_Crossover,0.5278,8,7,0.4545,0.5429,839.9924,0
Evolution_Crossover,0.6667,13,6,0.5455,0.6857,873.8933,0
Evolution_Crossover,0.7222,13,9,0.5455,0.7429,885.2349,0
Evolution_Crossover,0.6111,11,5,0.4545,0.6000,873.2134,0
Evolution_Crossover,0.6389,10,6,0.5909,0.6571,892.0200,0
Evolution_Crossover,0.7222,15,8,0.5455,0.7143,797.4513,1
Evolution_Crossover,0.5000,5,5,0.4545,0.5143,885.0118,0
Evolution_Crossover,0.6111,8,8,0.5000,0.6000,818.5772,0
Evolution_Crossover,0.6667,11,9,0.5455,0.6571,828.5087,0
Evolution_Crossover,0.6389,12,6,0.5000,0.6286,882.2943,0
Evolution_Crossover,0.6111,10,8,0.4545,0.6000,821.9971,0
Evolution_Crossover,0.7222,12,6,0.5455,0.7143,872.4639,0
Evolution_Crossover,0.6389,12,7,0.4545,0.6571,852.4591,0
Evolution_Crossover,0.7222,13,5,0.5455,0.7429,870.0650,0
Evolution_Crossover,0.7778,14,6,0.4545,0.7714,848.7635,0
Evolution_Crossover,0.6111,11,6,0.5455,0.6286,838.7305,0
Evolution_Crossover,0.7778,14,8,0.5909,0.7714,891.6393,0
Evolution_Crossover,0.5833,10,5,0.5000,0.6000,889.3871,0
Evolution_Crossover,0.5278,7,4,0.5455,0.5429,870.4878,0
Evolution_Crossover,0.7222,12,7,0.5455,0.7429,840.7758,0
Evolution_Crossover,0.6389,7,8,0.5909,0.6571,803.3111,1
Evolution_Crossover,0.5556,5,8,0.5455,0.5714,816.0543,0
Evolution_Crossover,0.7778,15,7,0.5000,0.7714,799.6422,1
Evolution_Crossover,0.7222,10,7,0.5909,0.7429,797.8718,1
Evolution_Crossover,0.5278,3,7,0.5000,0.5429,810.5735,0
Evolution_Crossover,0.7778,16,8,0.5000,0.7714,797.4513,1
Evolution_Crossover,0.7500,16,9,0.4545,0.7429,897.8852,0
Evolution_Crossover,0.5000,8,4,0.5000,0.5143,910.3751,0
Evolution_Crossover,0.7222,13,6,0.4545,0.7143,798.9434,1
Evolution_Crossover,0.7778,14,6,0.5909,0.8000,807.8428,1
Evolution_Crossover,0.5556,9,5,0.5455,0.5714,926.0869,0
Evolution_Crossover,0.6667,11,8,0.5000,0.6571,860.7518,0
Evolution_Crossover,0.5278,9,6,0.5000,0.5429,855.3877,0
Evolution_Crossover,0.7222,15,8,0.5455,0.7143,803.6585,1
Evolution_Crossover,0.6389,8,5,0.5455,0.6571,847.2394,0
Evolution_Crossover,0.6389,13,8,0.5455,0.6571,890.1381,0
Evolution_Crossover,0.5556,9,6,0.5000,0.5714,876.0176,0
Evolution_Crossover,0.5278,6,6,0.5909,0.5143,816.6681,0
Evolution_Crossover,0.5556,8,5,0.5000,0.5714,841.4960,0
Evolution_Crossover,0.5000,7,5,0.4091,0.4857,873.3243,0
Evolution_Crossover,0.5833,7,7,0.5909,0.6000,803.3111,1
Evolution_Crossover,0.5556,8,5,0.6818,0.5714,847.9419,0
Evolution_Crossover,0.6389,14,8,0.5455,0.6571,838.2086,0
Evolution_Crossover,0.5556,5,7,0.4545,0.5714,812.7828,0
Evolution_Crossover,0.6944,13,5,0.5455,0.7143,844.2526,0
Evolution_Crossover,0.6111,10,6,0.5455,0.6286,922.2877,0
Evolution_Crossover,0.6667,12,7,0.5909,0.6571,797.4513,1
Evolution_Crossover,0.7222,13,9,0.5455,0.7143,819.5792,0
Evolution_Crossover,0.6111,11,5,0.5455,0.6286,810.5735,0
Evolution_Crossover,0.5556,8,7,0.4091,0.5429,872.4261,0
Evolution_Crossover,0.6111,9,6,0.5000,0.6000,838.2531,0
Evolution_Crossover,0.7778,15,8,0.5455,0.7714,879.2953,0
Evolution_Crossover,0.6667,9,6,0.5455,0.6571,801.8739,1
Evolution_Crossover,0.5833,9,5,0.5000,0.6000,894.5155,0
Evolution_Crossover,0.7500,16,8,0.5455,0.7429,829.1403,0
Evolution_Crossover,0.5833,7,8,0.5455,0.5714,801.8739,1
Evolution_Crossover,0.5556,7,7,0.4091,0.5429,829.2225,0
Evolution_Crossover,0.7222,14,7,0.5455,0.7429,800.0627,1
Evolution_Crossover,0.6944,12,9,0.5000,0.7143,797.8718,1
Evolution_Crossover,0.6944,12,7,0.4091,0.6857,819.5792,0
Evolution_Crossover,0.5278,10,6,0.4545,0.5429,847.9681,0
Evolution_Crossover,0.6111,10,9,0.4545,0.6000,860.0629,0
Evolution_Crossover,0.6667,14,7,0.4545,0.6857,797.8718,1
Evolution_Crossover,0.5556,8,6,0.5000,0.5714,884.6112,0
Evolution_Crossover,0.5833,11,5,0.4545,0.6000,855.6616,0
Evolution_Crossover,0.6667,8,8,0.6364,0.6857,801.8739,1
Evolution_Crossover,0.5556,9,8,0.5455,0.5714,835.0500,0
Evolution_Crossover,0.6944,13,8,0.5455,0.6857,810.5735,0
Evolution_Crossover,0.6389,8,7,0.5909,0.6286,861.3870,0
Evolution_Crossover,0.6389,9,5,0.5909,0.6571,819.5007,0
Evolution_Crossover,0.7500,13,8,0.5455,0.7714,823.6550,0
Evolution_Crossover,0.6944,13,8,0.4545,0.7143,909.5354,0
Evolution_Crossover,0.5556,9,6,0.4545,0.5714,816.5772,0
Evolution_Crossover,0.7500,12,9,0.5000,0.7429,797.4513,1
Evolution_Crossover,0.5833,10,8,0.5000,0.5714,833.1168,0
Evolution_Crossover,0.7500,12,7,0.4545,0.7714,841.4203,0
Evolution_Crossover,0.7778,14,8,0.5455,0.8000,821.4331,0
Evolution_Crossover,0.5000,5,5,0.4091,0.5143,803.3936,1
Evolution_Crossover,0.5278,9,6,0.5455,0.5429,807.8428,1
Evolution_Crossover,0.5000,8,6,0.4091,0.5143,885.8004,0
Evolution_Crossover,0.5278,4,7,0.5000,0.5429,906.9225,0
Evolution_Crossover,0.6389,12,5,0.4545,0.6571,900.3136,0
Evolution_Crossover,0.5278,7,6,0.5000,0.5429,797.8718,1
Evolution_Crossover,0.6667,11,6,0.4091,0.6571,837.5388,0
Evolution_Crossover,0.7222,12,7,0.5455,0.7429,797.4513,1
Evolution_Crossover,0.6944,9,7,0.5909,0.7143,797.4513,1
Evolution_Crossover,0.6389,11,4,0.5000,0.6571,829.3174,0
Evolution_Crossover,0.6389,11,7,0.5909,0.6571,804.0648,1
Evolution_Crossover,0.6389,10,5,0.5000,0.6571,797.8718,1
Evolution_Crossover,0.6667,10,9,0.5909,0.6571,805.3063,1
Evolution_Crossover,0.5556,9,4,0.4091,0.5714,838.0065,0
Evolution_Crossover,0.7500,12,8,0.5000,0.7429,797.4513,1
Evolution_Crossover,0.6667,13,6,0.5909,0.6857,859.2038,0
Evolution_Crossover,0.5556,4,8,0.6364,0.5714,803.3936,1
Evolution_Crossover,0.5833,10,5,0.5455,0.6000,909.2513,0
Evolution_Crossover,0.5833,9,6,0.5455,0.6000,815.1484,0
Evolution_Crossover,0.7222,13,6,0.4545,0.7143,835.0131,0
Evolution_Crossover,0.6944,13,8,0.4545,0.6857,822.5776,0
Evolution_Crossover,0.5833,7,7,0.5000,0.6000,869.6611,0
Evolution_Crossover,0.5833,6,7,0.6818,0.6000,887.6446,0
Evolution_Crossover,0.6944,14,7,0.5455,0.7143,888.8431,0
Evolution_Crossover,0.5278,9,6,0.4545,0.5429,797.8718,1
Evolution_Crossover,0.6389,6,7,0.6818,0.6571,811.0690,0
Evolution_Crossover,0.6111,11,5,0.5909,0.6286,803.3936,1
Evolution_Crossover,0.5833,10,5,0.5909,0.6000,867.0414,0
Evolution_Crossover,0.6389,9,5,0.5455,0.6571,832.3665,0
Evolution_Crossover,0.5556,9,7,0.4545,0.5429,894.3505,0
Evolution_Crossover,0.5833,10,5,0.5000,0.6000,869.1184,0
Evolution_Crossover,0.5278,7,5,0.4545,0.5429,836.0613,0
Evolution_Crossover,0.5556,9,5,0.5909,0.5714,800.0627,1
Evolution_Crossover,0.6389,11,8,0.5909,0.6571,797.8718,1
Evolution_Crossover,0.6389,7,8,0.5455,0.6571,803.3111,1
Evolution_Crossover,0.6944,11,8,0.5455,0.7143,797.4513,1
Evolution_Crossover,0.5278,9,5,0.5909,0.5429,893.5334,0
Evolution_Crossover,0.5000,5,7,0.5000,0.5143,912.6687,0
Evolution_Crossover,0.5278,4,7,0.5000,0.5429,906.9225,0
Evolution_Crossover,0.5556,9,5,0.4091,0.5429,816.2453,0
Evolution_Crossover,0.5833,8,4,0.4545,0.6000,882.5099,0
Evolution_Crossover,0.7222,16,8,0.4545,0.7143,857.7017,0
Evolution_Crossover,0.7500,15,7,0.5455,0.7429,884.6262,0
Evolution_Crossover,0.5278,6,6,0.5909,0.5143,816.6681,0
Evolution_Crossover,0.6667,10,6,0.5455,0.6857,869.1000,0
Evolution_Crossover,0.5556,9,5,0.4545,0.5714,820.2431,0
Evolution_Crossover,0.6667,12,6,0.5000,0.6857,860.5118,0
Evolution_Crossover,0.6944,13,7,0.5000,0.6857,882.7263,0
Evolution_Crossover,0.6111,9,5,0.4545,0.6286,923.2042,0
Evolution_Crossover,0.6111,10,6,0.4545,0.6000,869.6680,0
Evolution_Crossover,0.6389,8,5,0.5455,0.6571,810.5735,0
Evolution_Crossover,0.7500,13,7,0.4545,0.7429,883.6002,0
Evolution_Crossover,0.6111,10,5,0.5000,0.6286,839.7125,0
Evolution_Crossover,0.5833,9,8,0.5909,0.5714,797.4513,1
Evolution_Crossover,0.7222,12,8,0.6364,0.7429,797.4513,1
Evolution_Crossover,0.5278,9,5,0.5455,0.5429,822.0036,0
Evolution_Crossover,0.6389,13,7,0.4545,0.6286,853.6062,0
Evolution_Crossover,0.5833,8,8,0.5000,0.5714,812.2031,0
Evolution_Crossover,0.6111,12,7,0.4091,0.6000,921.0236,0
Evolution_Crossover,0.6111,11,7,0.4545,0.6286,850.5041,0
Evolution_Crossover,0.5556,10,6,0.5000,0.5714,851.2653,0
Evolution_Crossover,0.6667,10,7,0.5000,0.6571,838.8069,0
Evolution_Crossover,0.5833,10,6,0.5000,0.6000,921.9964,0
Evolution_Crossover,0.6667,12,8,0.3636,0.6857,826.3874,0
Evolution_Crossover,0.5833,12,6,0.5000,0.6000,879.3343,0
Evolution_Crossover,0.6111,11,5,0.4091,0.6286,851.1272,0
Evolution_Crossover,0.7222,13,6,0.6364,0.7143,832.1876,0
Evolution_Crossover,0.6389,9,7,0.5000,0.6571,816.0543,0
Evolution_Crossover,0.6944,12,7,0.5000,0.7143,828.7001,0
Evolution_Crossover,0.6389,14,8,0.5455,0.6571,838.2086,0
Evolution_Crossover,0.7222,13,6,0.5455,0.7429,828.8892,0
Evolution_Crossover,0.7500,12,7,0.5000,0.7429,825.4293,0
Evolution_Crossover,0.6389,10,7,0.5455,0.6286,965.4109,0
Evolution_Crossover,0.5000,9,5,0.4545,0.5143,853.4981,0
Evolution_Crossover,0.5278,8,4,0.5000,0.5429,933.7463,0
Evolution_Crossover,0.6389,13,6,0.5909,0.6571,852.6897,0
Evolution_Crossover,0.5278,9,5,0.5455,0.5429,955.4583,0
Evolution_Crossover,0.6111,12,6,0.5455,0.6286,847.3730,0
Evolution_Crossover,0.7778,11,7,0.5909,0.8000,820.7058,0
Evolution_Crossover,0.7778,14,8,0.6364,0.8000,837.6290,0
Evolution_Crossover,0.6111,12,5,0.5000,0.6286,827.3525,0
Evolution_Crossover,0.5833,11,5,0.5000,0.6000,840.0029,0
Evolution_Crossover,0.7222,14,8,0.5909,0.7143,843.9633,0
Evolution_Crossover,0.5556,9,6,0.5000,0.5429,894.1828,0
Evolution_Crossover,0.6667,13,7,0.4091,0.6571,797.8718,1
Evolution_Crossover,0.5833,10,5,0.5000,0.6000,870.4259,0
Evolution_Crossover,0.6111,10,6,0.5455,0.6286,797.8718,1
Evolution_Crossover,0.6389,13,6,0.5455,0.6571,836.8092,0
Evolution_Crossover,0.6389,13,7,0.4545,0.6571,797.4513,1
Evolution_Crossover,0.5000,6,7,0.5000,0.5143,854.6098,0
Evolution_Crossover,0.7778,13,7,0.5909,0.8000,797.4513,1
Evolution_Crossover,0.7500,15,8,0.5000,0.7429,816.2453,0
Evolution_Crossover,0.5556,8,6,0.5455,0.5714,797.8718,1
Evolution_Crossover,0.6667,10,7,0.5909,0.6857,893.3117,0
Evolution_Crossover,0.6111,8,6,0.5000,0.6000,830.9457,0
Evolution_Crossover,0.6944,15,8,0.5455,0.6857,797.8718,1
Evolution_Crossover,0.7500,15,9,0.5455,0.7714,885.1641,0
Evolution_Crossover,0.5278,5,8,0.5455,0.5429,803.3111,1
Evolution_Crossover,0.5556,10,5,0.5455,0.5714,834.3771,0
Evolution_Crossover,0.5556,7,7,0.4091,0.5429,849.0041,0
Evolution_Crossover,0.5833,9,5,0.4545,0.6000,856.8346,0
Evolution_Crossover,0.6944,14,8,0.4091,0.6857,833.6529,0
Evolution_Crossover,0.7222,12,8,0.4091,0.7429,851.5228,0
Evolution_Crossover,0.7500,12,8,0.6364,0.7714,797.4513,1
Evolution_Crossover,0.7500,15,7,0.5000,0.7429,803.3936,1
Evolution_Crossover,0.5000,6,4,0.5000,0.5143,803.3111,1
Evolution_Crossover,0.5278,8,4,0.3636,0.5429,821.7963,0
Evolution_Crossover,0.7222,9,7,0.5455,0.7429,801.8739,1
Evolution_Crossover,0.5833,8,4,0.4091,0.6000,827.3525,0
Evolution_Crossover,0.5833,9,5,0.5000,0.6000,909.7897,0
Evolution_Crossover,0.5278,9,6,0.5455,0.5429,835.5569,0
Evolution_Crossover,0.5556,8,4,0.3636,0.5714,874.4590,0
Evolution_Crossover,0.7778,13,9,0.5000,0.8000,798.9434,1
Evolution_Crossover,0.7778,17,8,0.5455,0.8000,835.8916,0
Evolution_Crossover,0.5833,9,5,0.5000,0.6000,905.2719,0
Evolution_Crossover,0.5833,10,6,0.4545,0.6000,827.5683,0
Evolution_Crossover,0.5833,10,7,0.4545,0.5714,805.3063,1
Evolution_Crossover,0.5556,11,4,0.4545,0.5714,858.8253,0
Evolution_Crossover,0.5278,10,5,0.5455,0.5429,848.9027,0
Evolution_Crossover,0.5833,9,5,0.5909,0.6000,903.0612,0
Evolution_Crossover,0.6944,14,9,0.5455,0.7143,820.5115,0
Evolution_Crossover,0.5833,11,6,0.4545,0.5714,843.8925,0
Evolution_Crossover,0.7778,15,7,0.5455,0.8000,855.1927,0
Evolution_Crossover,0.6111,10,6,0.5455,0.6286,825.3403,0
Evolution_Crossover,0.5278,6,9,0.5455,0.5143,799.6422,1
Evolution_Crossover,0.5833,9,7,0.4545,0.6000,927.1781,0
Evolution_Crossover,0.7778,16,8,0.5000,0.7714,823.6550,0
Evolution_Crossover,0.6944,13,7,0.5455,0.6857,885.3108,0
Evolution_Crossover,0.5000,5,7,0.5455,0.4857,810.5735,0
Evolution_Crossover,0.6667,14,9,0.4545,0.6857,816.2453,0
Evolution_Crossover,0.7500,13,8,0.5455,0.7429,876.9056,0
Evolution_Crossover,0.7778,15,8,0.5455,0.7714,884.6903,0
Evolution_Crossover,0.6389,14,9,0.5000,0.6571,804.1204,1
Evolution_Crossover,0.6111,7,7,0.4091,0.6000,936.7571,0
Evolution_Crossover,0.7500,17,9,0.5000,0.7714,798.9434,1
Evolution_Crossover,0.5833,9,5,0.5455,0.6000,856.4563,0
Evolution_Crossover,0.6667,11,6,0.4545,0.6571,820.1531,0
Evolution_Crossover,0.5556,7,8,0.3636,0.5429,879.5396,0
Evolution_Crossover,0.5833,10,4,0.4091,0.6000,899.4164,0
Evolution_Crossover,0.5833,9,5,0.5000,0.6000,856.6204,0
Evolution_Crossover,0.5000,5,7,0.5000,0.5143,803.3936,1
Evolution_Crossover,0.5278,8,6,0.4091,0.5143,829.1403,0
Evolution_Crossover,0.6667,10,5,0.5909,0.6857,820.8613,0
Evolution_Crossover,0.7222,9,7,0.5455,0.7429,825.1397,0
Evolution_Crossover,0.5000,6,5,0.3182,0.5143,877.6737,0
Evolution_Crossover,0.6944,13,8,0.4545,0.7143,866.7281,0
Evolution_Crossover,0.7222,13,6,0.4545,0.7143,904.8317,0
Evolution_Crossover,0.6111,8,9,0.5455,0.6000,875.6692,0
Evolution_Crossover,0.6389,7,5,0.5909,0.6571,922.4344,0
Evolution_Crossover,0.7500,13,9,0.5455,0.7714,797.8718,1
Evolution_Crossover,0.6111,8,5,0.5455,0.6286,897.6392,0
Evolution_Crossover,0.5278,6,8,0.5000,0.5429,810.5735,0
Evolution_Crossover,0.5000,7,6,0.5455,0.5143,822.7804,0
Evolution_Crossover,0.6667,11,5,0.5000,0.6857,839.0530,0
Evolution_Crossover,0.6667,14,7,0.5000,0.6857,873.1965,0
Evolution_Crossover,0.5000,7,5,0.4091,0.4857,808.0811,1
Evolution_Crossover,0.7222,15,7,0.4091,0.7143,812.2031,0
Evolution_Crossover,0.5833,10,5,0.4545,0.6000,867.2751,0
Evolution_Crossover,0.5278,4,7,0.5000,0.5143,883.0977,0
Evolution_Crossover,0.7500,15,6,0.5455,0.7714,885.3365,0
Evolution_Crossover,0.6944,14,6,0.5455,0.6857,810.5735,0
Evolution_Crossover,0.5556,8,5,0.4545,0.5714,810.5735,0
Evolution_Crossover,0.6667,11,7,0.5455,0.6571,803.3111,1
Evolution_Crossover,0.5278,8,6,0.5455,0.5429,865.6010,0
Evolution_Crossover,0.6389,8,6,0.5455,0.6286,802.6007,1
Evolution_Crossover,0.5556,10,5,0.4545,0.5714,833.5646,0
Evolution_Crossover,0.5278,9,5,0.5000,0.5429,828.7001,0
Evolution_Crossover,0.6389,13,6,0.5455,0.6571,863.0815,0
Evolution_Crossover,0.6111,9,7,0.4091,0.6000,873.9182,0
Evolution_Crossover,0.6389,13,6,0.5909,0.6571,832.5237,0
Evolution_Crossover,0.5833,8,4,0.5000,0.6000,929.6365,0
Evolution_Crossover,0.6944,14,7,0.4545,0.6857,873.9313,0
Evolution_Crossover,0.6944,13,8,0.3636,0.6857,901.8021,0
Evolution_Crossover,0.7778,13,8,0.5000,0.7714,820.1531,0
Evolution_Crossover,0.6944,14,6,0.5909,0.7143,862.2070,0
Evolution_Crossover,0.7778,13,9,0.5000,0.8000,798.9434,1
Evolution_Crossover,0.5278,7,6,0.4545,0.5429,835.9088,0
Evolution_Crossover,0.5833,8,7,0.4091,0.5714,832.4720,0
Evolution_Crossover,0.5278,8,4,0.4545,0.5429,979.7766,0
Evolution_Crossover,0.5833,6,7,0.5455,0.5714,803.3936,1
Evolution_Crossover,0.5278,6,7,0.4545,0.5429,797.8718,1
Evolution_Crossover,0.6111,9,6,0.5909,0.6286,870.5948,0
Evolution_Crossover,0.7222,13,7,0.5909,0.7143,833.2005,0
Evolution_Crossover,0.5556,6,8,0.5909,0.5429,841.8793,0
Evolution_Crossover,0.5833,9,5,0.5455,0.6000,883.0627,0
Evolution_Crossover,0.5278,8,6,0.4545,0.5429,861.3062,0
Evolution_Crossover,0.6389,10,6,0.5909,0.6571,802.6007,1
Evolution_Crossover,0.6944,12,9,0.5455,0.7143,797.8718,1
Evolution_Crossover,0.6389,10,6,0.5909,0.6571,818.4128,0
Evolution_Crossover,0.5556,5,7,0.5909,0.5429,801.8739,1
Evolution_Crossover,0.5278,4,8,0.5000,0.5429,803.3111,1
Evolution_Crossover,0.6111,11,7,0.5000,0.6286,879.0346,0
Evolution_Crossover,0.6944,13,5,0.5455,0.7143,844.2526,0
Evolution_Crossover,0.7222,13,6,0.5000,0.7429,820.7058,0
Evolution_Crossover,0.5000,10,6,0.4545,0.5143,882.1455,0
Evolution_Crossover,0.6389,7,5,0.5909,0.6571,922.4344,0
Evolution_Crossover,0.6111,11,6,0.5000,0.6286,868.2315,0
Evolution_Crossover,0.6944,13,8,0.4545,0.7143,909.5354,0
Evolution_Crossover,0.7500,15,6,0.5455,0.7429,875.5985,0
Evolution_Crossover,0.6944,14,8,0.5000,0.6857,797.4513,1
Evolution_Crossover,0.5556,9,5,0.4545,0.5714,835.7890,0
Evolution_Crossover,0.6111,10,5,0.5455,0.6286,797.8718,1
Evolution_Crossover,0.5833,10,6,0.5000,0.6000,865.0383,0
Evolution_Crossover,0.7778,15,8,0.5909,0.8000,879.2291,0
Evolution_Crossover,0.6389,13,8,0.4545,0.6286,816.6658,0
Evolution_Crossover,0.5000,4,4,0.5000,0.4857,962.6560,0
Evolution_Crossover,0.5556,8,7,0.5455,0.5714,803.3111,1
Evolution_Crossover,0.7222,12,7,0.5000,0.7143,825.4293,0
Evolution_Crossover,0.6111,11,6,0.5000,0.6286,920.5968,0
Evolution_Crossover,0.6111,11,7,0.5000,0.6286,836.0613,0
Evolution_Crossover,0.6667,9,6,0.5000,0.6857,835.7890,0
Evolution_Crossover,0.6944,12,7,0.5909,0.7143,800.0627,1
Evolution_Crossover,0.5278,8,5,0.4545,0.5429,878.0952,0
Evolution_Crossover,0.7222,13,6,0.6818,0.7143,832.8165,0
Evolution_Crossover,0.6111,13,7,0.4091,0.6286,842.1452,0
Evolution_Crossover,0.6389,14,7,0.4091,0.6571,797.8718,1
Evolution_Crossover,0.6944,12,9,0.5455,0.6857,811.3003,0
Evolution_Crossover,0.5833,6,5,0.4545,0.6000,984.0765,0
Evolution_Crossover,0.7222,13,8,0.4545,0.7143,820.5115,0
Evolution_Crossover,0.5556,11,6,0.5455,0.5714,868.4645,0
Evolution_Crossover,0.6667,12,6,0.5000,0.6857,867.1041,0
Evolution_Crossover,0.5000,6,5,0.5000,0.4857,870.5251,0
Evolution_Crossover,0.6389,12,6,0.5455,0.6571,847.9681,0
Evolution_Crossover,0.6667,11,6,0.4545,0.6571,881.5016,0
Evolution_Crossover,0.5000,5,8,0.5455,0.5143,804.0379,1
Evolution_Crossover,0.7222,14,7,0.5909,0.7429,817.8002,0
Evolution_Crossover,0.5000,4,8,0.5455,0.5143,828.1904,0
Evolution_Crossover,0.6111,9,5,0.5909,0.6286,819.5007,0
Evolution_Crossover,0.7222,13,8,0.3636,0.7143,834.0673,0
Evolution_Crossover,0.5833,12,6,0.5455,0.6000,852.6897,0
Evolution_Crossover,0.6389,11,8,0.3636,0.6286,852.6897,0
Evolution_Crossover,0.6389,14,7,0.4091,0.6571,797.8718,1
Evolution_Crossover,0.6111,10,5,0.5455,0.6000,841.6147,0
Evolution_Crossover,0.6944,11,7,0.5455,0.7143,843.0420,0
Evolution_Crossover,0.6111,6,8,0.5909,0.6286,803.3111,1
Evolution_Crossover,0.6667,8,7,0.4545,0.6857,804.0379,1
Evolution_Crossover,0.5833,8,8,0.5000,0.6000,817.8002,0
Evolution_Crossover,0.7778,14,9,0.4545,0.7714,855.6420,0
Evolution_Crossover,0.5278,6,7,0.5909,0.5429,857.5534,0
Evolution_Crossover,0.5556,9,5,0.5000,0.5714,817.8002,0
Evolution_Crossover,0.6667,11,4,0.5455,0.6857,873.8216,0
Evolution_Crossover,0.6389,13,6,0.5455,0.6571,863.0815,0
Evolution_Crossover,0.6111,11,6,0.4545,0.6286,853.6495,0
Evolution_Crossover,0.5833,8,9,0.5000,0.5714,851.1324,0
Evolution_Crossover,0.5278,8,5,0.5000,0.5429,847.3970,0
Evolution_Crossover,0.5556,9,5,0.5000,0.5714,817.8002,0
Evolution_Crossover,0.5000,4,7,0.5455,0.5143,803.3111,1
Evolution_Crossover,0.6667,13,6,0.5909,0.6857,859.2038,0
Evolution_Crossover,0.7222,12,9,0.5000,0.7429,797.8718,1
Evolution_Crossover,0.5556,10,5,0.4545,0.5714,841.5297,0
Evolution_Crossover,0.6944,12,7,0.5000,0.7143,803.6943,1
Evolution_Crossover,0.7500,14,8,0.5000,0.7714,819.5007,0
Evolution_Crossover,0.5833,12,6,0.5455,0.6000,852.6897,0
Evolution_Crossover,0.5833,10,8,0.4545,0.5714,843.6407,0
Evolution_Crossover,0.7778,14,6,0.5909,0.8000,810.5735,0
Evolution_Crossover,0.6111,10,6,0.4545,0.6000,869.6680,0
Evolution_Crossover,0.6111,12,5,0.5455,0.6286,805.8710,1
Evolution_Crossover,0.7500,11,7,0.5000,0.7429,817.8002,0
Evolution_Crossover,0.5000,6,4,0.4545,0.5143,803.3111,1
Evolution_Crossover,0.5833,9,7,0.5000,0.5714,856.4563,0
Evolution_Crossover,0.6111,5,8,0.6364,0.6286,803.3111,1
Evolution_Crossover,0.6389,8,7,0.5909,0.6286,861.3870,0
Evolution_Crossover,0.7222,15,9,0.5455,0.7143,797.4513,1
Evolution_Crossover,0.7500,13,8,0.5000,0.7429,835.8916,0
Evolution_Crossover,0.6111,11,5,0.5455,0.6286,879.1306,0
Evolution_Crossover,0.6389,11,5,0.5000,0.6571,917.0312,0
Evolution_Crossover,0.5278,6,8,0.4545,0.5143,797.4513,1
Evolution_Crossover,0.7222,15,9,0.5909,0.7429,851.6254,0
Evolution_Crossover,0.7222,13,6,0.5909,0.7429,833.0135,0
Evolution_Crossover,0.5278,5,6,0.4545,0.5429,803.3111,1
Evolution_Crossover,0.6389,13,7,0.5455,0.6571,860.8576,0
Evolution_Crossover,0.7778,17,8,0.5000,0.7714,846.3483,0
Evolution_Crossover,0.6667,14,8,0.5455,0.6857,822.5776,0
Evolution_Crossover,0.7222,11,8,0.4545,0.7143,797.4513,1
Evolution_Crossover,0.5833,6,8,0.5455,0.6000,801.8739,1
Evolution_Crossover,0.6111,6,8,0.5909,0.6286,803.3111,1
Evolution_Crossover,0.7222,13,8,0.5000,0.7143,797.8718,1
Evolution_Crossover,0.6111,10,5,0.5455,0.6286,856.6204,0
Evolution_Crossover,0.5278,9,4,0.6364,0.5429,861.9297,0
Evolution_Crossover,0.6111,12,7,0.5455,0.6286,817.9923,0
Evolution_Crossover,0.6111,9,5,0.4091,0.6286,866.4172,0
Evolution_Crossover,0.6389,13,6,0.5455,0.6571,863.0815,0
Evolution_Crossover,0.6944,13,9,0.5000,0.7143,797.8718,1
Evolution_Crossover,0.6667,11,5,0.5000,0.6857,819.3735,0
Evolution_Crossover,0.5556,8,9,0.5000,0.5429,869.6050,0
Evolution_Crossover,0.6111,11,6,0.5000,0.6000,888.6383,0
Evolution_Crossover,0.6944,13,7,0.5455,0.7143,819.5792,0
Evolution_Crossover,0.5000,3,7,0.4545,0.4857,810.5735,0
Evolution_Crossover,0.6944,9,7,0.6364,0.7143,801.8739,1
Evolution_Crossover,0.5000,8,5,0.4545,0.5143,852.1839,0
Evolution_Crossover,0.6111,12,5,0.5455,0.6286,805.8710,1
Evolution_Crossover,0.5556,7,4,0.5000,0.5714,801.8739,1
Evolution_Crossover,0.6944,13,7,0.4545,0.7143,837.2387,0
Evolution_Crossover,0.5556,7,7,0.4545,0.5714,810.5735,0
Evolution_Crossover,0.5833,12,6,0.5455,0.6000,852.6897,0
Evolution_Crossover,0.7500,17,7,0.5000,0.7429,820.2504,0
Evolution_Crossover,0.7500,12,9,0.5000,0.7429,797.4513,1
Evolution_Crossover,0.6944,14,9,0.4091,0.7143,904.8874,0
Evolution_Crossover,0.6944,10,7,0.6364,0.7143,835.0131,0
Evolution_Crossover,0.6389,9,6,0.3636,0.6286,798.9434,1
Evolution_Crossover,0.6389,10,4,0.5000,0.6571,869.5278,0
Evolution_Crossover,0.6111,6,7,0.5909,0.6286,915.5708,0
Evolution_Crossover,0.6944,15,8,0.4545,0.7143,857.1411,0
Evolution_Crossover,0.6111,12,6,0.5000,0.6286,899.2461,0
Evolution_Crossover,0.6111,11,6,0.5000,0.6286,832.6692,0
Evolution_Crossover,0.7222,12,8,0.5000,0.7143,895.7799,0
Evolution_Crossover,0.5000,5,6,0.6364,0.5143,890.6534,0
Evolution_Crossover,0.7778,14,7,0.4545,0.7714,798.9434,1
Evolution_Crossover,0.7778,15,8,0.5455,0.8000,797.4513,1
Evolution_Crossover,0.5278,7,5,0.4545,0.5429,821.0302,0
Evolution_Crossover,0.6389,10,6,0.4545,0.6571,849.0681,0
Evolution_Crossover,0.6944,13,7,0.5455,0.6857,947.5095,0
Evolution_Crossover,0.5833,7,6,0.5455,0.6000,849.0041,0
Evolution_Crossover,0.5278,5,7,0.4545,0.5143,836.4349,0
Evolution_Crossover,0.6944,8,8,0.6364,0.7143,801.8739,1
Evolution_Crossover,0.7222,10,8,0.5455,0.7143,797.4513,1
Evolution_Crossover,0.6111,12,7,0.4091,0.6000,921.0236,0
Evolution_Crossover,0.5556,10,5,0.5000,0.5714,797.4513,1
Evolution_Crossover,0.5278,4,7,0.5455,0.5429,816.0543,0
Evolution_Crossover,0.6389,11,7,0.5000,0.6571,881.8148,0
Evolution_Crossover,0.5556,8,8,0.4091,0.5714,948.4773,0
Evolution_Crossover,0.6667,13,8,0.5455,0.6857,797.8718,1
Evolution_Crossover,0.6389,11,8,0.4545,0.6286,839.8519,0
Evolution_Crossover,0.6944,12,6,0.5000,0.7143,888.6742,0
Evolution_Crossover,0.6389,11,9,0.5455,0.6286,886.6416,0
Evolution_Crossover,0.6944,13,7,0.5455,0.6857,885.3108,0
Evolution_Crossover,0.6389,11,8,0.3636,0.6286,852.6897,0
Evolution_Crossover,0.5278,10,6,0.5000,0.5429,810.5735,0
Evolution_Crossover,0.6389,12,7,0.4545,0.6286,807.8428,1
Evolution_Crossover,0.6944,13,6,0.5455,0.7143,797.8718,1
Evolution_Crossover,0.7778,16,8,0.4545,0.7714,810.5735,0
Evolution_Crossover,0.7778,14,9,0.5455,0.7714,812.2031,0
Evolution_Crossover,0.6389,14,8,0.5455,0.6571,876.1548,0
Evolution_Crossover,0.5833,8,7,0.5000,0.6000,865.6803,0
Evolution_Crossover,0.5556,10,5,0.5000,0.5714,856.9378,0
Evolution_Crossover,0.6111,11,7,0.5000,0.6286,836.0613,0
Evolution_Crossover,0.7778,15,7,0.4545,0.7714,820.9992,0
Evolution_Crossover,0.5278,7,5,0.5000,0.5429,870.3326,0
Evolution_Crossover,0.7500,13,7,0.5000,0.7714,797.8718,1
Evolution_Crossover,0.7778,13,6,0.5909,0.8000,797.4513,1
Evolution_Crossover,0.5000,6,6,0.5455,0.5143,832.6692,0
Evolution_Crossover,0.7500,15,8,0.5909,0.7714,864.4641,0
Evolution_Crossover,0.6944,15,8,0.4091,0.6857,797.4513,1
Evolution_Crossover,0.6667,11,9,0.5455,0.6571,828.5087,0
Evolution_Crossover,0.7222,12,6,0.5455,0.7429,924.7818,0
Evolution_Crossover,0.7778,14,9,0.5455,0.8000,797.8718,1
Evolution_Crossover,0.5278,7,6,0.5455,0.5429,863.6839,0
Evolution_Crossover,0.5833,6,8,0.5455,0.6000,801.8739,1
Evolution_Crossover,0.5000,8,5,0.4545,0.5143,937.9166,0
Evolution_Crossover,0.5000,8,5,0.4091,0.4857,893.5524,0
Evolution_Crossover,0.7500,15,7,0.5909,0.7429,827.3525,0
Evolution_Crossover,0.5556,7,9,0.5455,0.5429,797.4513,1
Evolution_Crossover,0.5556,6,6,0.4545,0.5429,817.8002,0
Evolution_Crossover,0.5556,9,8,0.5455,0.5429,797.8718,1
Evolution_Crossover,0.6111,12,6,0.5000,0.6286,899.2461,0
Evolution_Crossover,0.6667,11,6,0.5455,0.6857,827.5593,0
Evolution_Crossover,0.6944,8,8,0.6364,0.7143,801.8739,1
Evolution_Crossover,0.5833,10,7,0.5455,0.6000,859.9702,0
Evolution_Crossover,0.6389,11,7,0.4545,0.6571,817.9923,0
Evolution_Crossover,0.6111,12,6,0.5000,0.6286,848.8190,0
Evolution_Crossover,0.5278,7,7,0.4091,0.5429,801.8739,1
Evolution_Crossover,0.7222,15,6,0.5909,0.7143,841.0370,0
Evolution_Crossover,0.6944,14,8,0.4091,0.6857,827.3525,0
Evolution_Crossover,0.5833,11,6,0.3636,0.6000,874.2474,0
Evolution_Crossover,0.7778,16,8,0.5000,0.7714,797.4513,1
Evolution_Crossover,0.7222,14,8,0.5000,0.7143,803.1277,1
Evolution_Crossover,0.7500,15,7,0.5000,0.7714,812.2031,0
Evolution_Crossover,0.5556,7,5,0.5000,0.5714,867.9254,0
Evolution_Crossover,0.5278,6,7,0.5000,0.5429,803.3936,1
Evolution_Crossover,0.7500,15,9,0.5909,0.7714,797.8718,1
Evolution_Crossover,0.7778,15,7,0.5455,0.8000,855.1927,0
Evolution_Crossover,0.7778,14,9,0.6364,0.8000,797.8718,1
Evolution_Crossover,0.5278,7,5,0.5000,0.5429,844.1620,0
Evolution_Crossover,0.5833,10,5,0.4545,0.6000,867.2751,0
Evolution_Crossover,0.5278,7,5,0.5000,0.5429,833.9091,0
Evolution_Crossover,0.5833,11,5,0.5455,0.6000,863.7345,0
Evolution_Crossover,0.6111,13,7,0.4091,0.6286,831.4938,0
Evolution_Crossover,0.6389,12,8,0.5000,0.6286,948.8137,0
Evolution_Crossover,0.5833,11,6,0.5455,0.6000,863.0815,0
Evolution_Crossover,0.7500,15,7,0.5455,0.7429,810.6053,0
Evolution_Crossover,0.5556,9,6,0.5909,0.5714,887.9607,0
Evolution_Crossover,0.6111,11,6,0.5000,0.6000,904.9206,0
Evolution_Crossover,0.7222,12,9,0.4545,0.7143,833.5646,0
Evolution_Crossover,0.5556,9,5,0.4545,0.5714,819.5007,0
Evolution_Crossover,0.6667,13,8,0.5000,0.6571,820.8613,0
Evolution_Crossover,0.7778,13,6,0.5000,0.8000,797.8718,1
Evolution_Crossover,0.6667,11,6,0.5455,0.6857,827.5593,0
Evolution_Crossover,0.5000,8,4,0.5000,0.5143,905.5351,0
Evolution_Crossover,0.7778,14,6,0.5909,0.8000,810.5735,0
Evolution_Crossover,0.6389,13,6,0.5455,0.6571,863.0815,0
Evolution_Crossover,0.5556,11,5,0.5000,0.5714,819.5007,0
Evolution_Crossover,0.5556,7,7,0.5000,0.5714,873.4550,0
Evolution_Crossover,0.7500,10,7,0.5909,0.7714,801.8739,1
Evolution_Crossover,0.5833,9,6,0.5909,0.6000,813.0478,0
Evolution_Crossover,0.6389,11,8,0.4545,0.6571,845.1833,0
Evolution_Crossover,0.7500,13,8,0.5909,0.7714,801.8739,1
Evolution_Crossover,0.6667,12,7,0.5000,0.6857,835.7890,0
Evolution_Crossover,0.6111,11,6,0.5909,0.6286,852.6897,0
Evolution_Crossover,0.5278,9,5,0.5000,0.5429,851.1324,0
Evolution_Crossover,0.6667,12,6,0.5455,0.6571,838.2086,0
Evolution_Crossover,0.6389,10,8,0.5455,0.6571,803.3111,1
Evolution_Crossover,0.6667,14,7,0.5000,0.6857,904.0162,0
Evolution_Crossover,0.5556,6,8,0.5909,0.5714,803.3111,1
Evolution_Crossover,0.7778,14,8,0.6364,0.8000,797.4513,1
Evolution_Crossover,0.6389,10,7,0.5000,0.6286,858.2073,0
Evolution_Crossover,0.5833,10,7,0.4545,0.6000,835.0500,0
Evolution_Crossover,0.5833,10,5,0.4545,0.6000,797.4513,1
Evolution_Crossover,0.5278,5,7,0.5909,0.5429,810.5735,0
Evolution_Crossover,0.5278,7,6,0.5455,0.5429,798.9434,1
Evolution_Crossover,0.5556,5,6,0.5000,0.5714,832.7340,0
Evolution_Crossover,0.5833,7,5,0.5000,0.6000,829.9318,0
Evolution_Crossover,0.5556,7,7,0.4545,0.5714,850.3286,0
Evolution_Crossover,0.6111,7,8,0.4545,0.6000,818.6157,0
Evolution_Crossover,0.6111,11,6,0.5455,0.6000,864.2116,0
Evolution_Crossover,0.6389,11,7,0.4091,0.6571,877.8735,0
Evolution_Crossover,0.7222,13,8,0.5455,0.7429,826.8644,0
Evolution_Crossover,0.6667,9,7,0.5455,0.6857,856.5426,0
Evolution_Crossover,0.6111,6,8,0.5909,0.6286,811.2462,0
Evolution_Crossover,0.7222,14,9,0.5455,0.7429,829.5780,0
Evolution_Crossover,0.7222,15,6,0.5909,0.7143,841.0370,0
Evolution_Crossover,0.5278,6,5,0.6818,0.5429,803.3111,1
Evolution_Crossover,0.5556,8,5,0.4545,0.5714,810.5735,0
Evolution_Crossover,0.7778,12,7,0.5000,0.7714,817.8002,0
Evolution_Crossover,0.7500,14,8,0.5000,0.7429,797.4513,1
Evolution_Crossover,0.7500,13,9,0.5000,0.7429,890.4832,0
Evolution_Crossover,0.6944,12,6,0.5000,0.6857,889.6605,0
Evolution_Crossover,0.5556,8,8,0.4091,0.5429,804.0648,1
Evolution_Crossover,0.7778,15,7,0.5455,0.8000,855.1927,0
Evolution_Crossover,0.5833,10,6,0.5000,0.6000,825.4293,0
Evolution_Crossover,0.5278,8,5,0.5000,0.5429,936.9733,0
Evolution_Crossover,0.6111,11,6,0.5000,0.6000,904.9206,0
Evolution_Crossover,0.5278,5,7,0.5000,0.5429,846.4446,0
Evolution_Crossover,0.5278,3,6,0.5455,0.5429,841.3751,0
Evolution_Crossover,0.6944,14,7,0.5000,0.7143,855.1927,0
Evolution_Crossover,0.6944,12,7,0.5000,0.7143,827.4252,0
Evolution_Crossover,0.6667,10,5,0.4545,0.6857,797.4513,1
Evolution_Crossover,0.6667,10,9,0.5909,0.6571,804.1204,1
Evolution_Crossover,0.6944,12,7,0.5909,0.7143,882.3847,0
Evolution_Crossover,0.5556,6,6,0.5909,0.5714,804.1204,1
Evolution_Crossover,0.6944,13,9,0.5000,0.7143,828.4438,0
Evolution_Crossover,0.5278,7,6,0.5000,0.5143,878.2804,0
Evolution_Crossover,0.7222,12,5,0.4545,0.7143,878.1250,0
Evolution_Crossover,0.5000,5,7,0.4091,0.4857,816.7811,0
Evolution_Crossover,0.6389,10,6,0.5455,0.6571,855.0632,0
Evolution_Crossover,0.6111,9,9,0.5455,0.6000,859.6303,0
Evolution_Crossover,0.6667,10,6,0.6364,0.6857,892.8759,0
Evolution_Crossover,0.7778,14,7,0.4091,0.7714,797.4513,1
Evolution_Crossover,0.7222,9,7,0.6364,0.7429,801.8739,1
Evolution_Crossover,0.6111,7,8,0.5000,0.6286,801.8739,1
Evolution_Crossover,0.5556,8,7,0.5455,0.5714,804.0379,1
Evolution_Crossover,0.6667,13,7,0.5455,0.6571,818.6157,0
Evolution_Crossover,0.5833,10,5,0.5000,0.6000,869.1184,0
Evolution_Crossover,0.5278,7,6,0.4545,0.5429,870.7098,0
Evolution_Crossover,0.7500,13,7,0.4545,0.7429,815.1484,0
Evolution_Crossover,0.5833,8,6,0.4545,0.5714,803.3936,1
Evolution_Crossover,0.5278,7,6,0.4091,0.5429,900.8857,0
Evolution_Crossover,0.5833,5,8,0.5000,0.6000,816.0543,0
Evolution_Crossover,0.7222,12,9,0.5000,0.7429,797.8718,1
Evolution_Crossover,0.6667,13,9,0.5000,0.6857,916.9633,0
Evolution_Crossover,0.6111,11,7,0.3636,0.6000,847.1886,0
Evolution_Crossover,0.5278,6,6,0.5000,0.5429,844.2526,0
Evolution_Crossover,0.7500,12,8,0.5909,0.7714,797.4513,1
Evolution_Crossover,0.6667,12,7,0.5000,0.6571,828.7001,0
Evolution_Crossover,0.7222,14,8,0.5455,0.7143,846.5766,0
Evolution_Crossover,0.6389,11,7,0.4091,0.6571,852.8743,0
Evolution_Crossover,0.6944,12,8,0.5455,0.7143,865.6803,0
Evolution_Crossover,0.6111,9,8,0.4545,0.6286,818.6157,0
Evolution_Crossover,0.7500,14,8,0.5455,0.7714,857.8702,0
Evolution_Crossover,0.6667,11,7,0.5000,0.6857,853.1590,0
Evolution_Crossover,0.5000,8,5,0.4091,0.5143,819.4976,0
Evolution_Crossover,0.6667,14,7,0.4545,0.6571,844.5559,0
Evolution_Crossover,0.7500,11,7,0.5909,0.7714,797.4513,1
Evolution_Crossover,0.5833,6,5,0.5000,0.6000,883.0074,0
Evolution_Crossover,0.6944,14,6,0.5455,0.7143,839.7646,0
Evolution_Crossover,0.7500,11,7,0.5909,0.7714,865.6803,0
Evolution_Crossover,0.5833,10,5,0.5000,0.6000,889.3871,0
Evolution_Crossover,0.5278,8,7,0.5000,0.5429,803.3111,1
Evolution_Crossover,0.5000,5,7,0.4091,0.4857,816.7811,0
Evolution_Crossover,0.5556,8,6,0.5000,0.5714,803.3936,1
Evolution_Crossover,0.6389,8,9,0.5000,0.6286,822.0036,0
Evolution_Crossover,0.5278,6,7,0.5000,0.5143,810.5735,0
Evolution_Crossover,0.7500,14,6,0.6364,0.7429,808.2633,1
Evolution_Crossover,0.5278,6,7,0.5909,0.5429,826.0486,0
Evolution_Crossover,0.6944,14,6,0.5909,0.7143,844.0783,0
Evolution_Crossover,0.6389,10,6,0.4545,0.6571,831.4938,0
Evolution_Crossover,0.6667,12,7,0.5455,0.6857,821.7963,0
Evolution_Crossover,0.7778,13,6,0.5909,0.8000,797.4513,1
Evolution_Crossover,0.5556,6,4,0.4091,0.5714,888.7909,0
Evolution_Crossover,0.7222,11,9,0.5455,0.7429,818.4128,0
Evolution_Crossover,0.6111,11,5,0.5455,0.6286,836.8551,0
Evolution_Crossover,0.7500,13,6,0.5455,0.7714,797.4513,1
Evolution_Crossover,0.6944,12,7,0.5000,0.7143,828.7001,0
Evolution_Crossover,0.7222,14,8,0.5000,0.7429,856.9937,0
Evolution_Crossover,0.6389,9,5,0.5909,0.6571,819.5007,0
Evolution_Crossover,0.7778,14,8,0.4545,0.7714,901.1456,0
Evolution_Crossover,0.5556,6,7,0.5000,0.5429,803.3936,1
Evolution_Crossover,0.7222,14,8,0.4545,0.7143,827.3525,0
Evolution_Crossover,0.6111,10,4,0.4545,0.6286,797.8718,1
Evolution_Crossover,0.6944,11,6,0.4545,0.6857,870.7555,0
Evolution_Crossover,0.7778,13,9,0.5000,0.8000,813.6952,0
Evolution_Crossover,0.6944,13,6,0.5000,0.7143,848.6554,0
Evolution_Crossover,0.7778,17,8,0.5455,0.7714,837.3199,0
Evolution_Crossover,0.7222,12,7,0.5000,0.7429,797.4513,1
Evolution_Crossover,0.6944,13,7,0.5000,0.6857,904.9934,0
Evolution_Crossover,0.6667,13,5,0.5455,0.6857,856.5939,0
Evolution_Crossover,0.5278,9,5,0.4091,0.5429,804.0379,1
Evolution_Crossover,0.5556,7,5,0.4091,0.5429,827.7977,0
Evolution_Crossover,0.7778,15,8,0.4091,0.7714,832.8707,0
Evolution_Crossover,0.6944,12,5,0.5455,0.6857,840.7333,0
Evolution_Crossover,0.5000,9,5,0.4545,0.5143,853.4981,0
Evolution_Crossover,0.7778,16,8,0.5909,0.7714,848.8549,0
Evolution_Crossover,0.6389,11,7,0.5455,0.6286,911.0120,0
Evolution_Crossover,0.6111,10,5,0.5455,0.6286,810.5735,0
Evolution_Crossover,0.5000,5,6,0.5000,0.5143,877.5690,0
Evolution_Crossover,0.6944,13,8,0.4545,0.6857,924.3391,0
Evolution_Crossover,0.5000,6,7,0.5455,0.4857,803.3111,1
Evolution_Crossover,0.5833,8,6,0.5909,0.6000,808.0811,1
Evolution_Crossover,0.6111,11,7,0.3636,0.6000,853.9163,0
Evolution_Crossover,0.7500,15,7,0.5455,0.7714,896.4090,0
Evolution_Crossover,0.5833,10,6,0.5000,0.6000,910.1073,0
Evolution_Crossover,0.7778,14,8,0.5455,0.8000,821.4331,0
Evolution_Crossover,0.5278,4,7,0.5000,0.5429,906.9225,0
Evolution_Crossover,0.7500,13,6,0.6364,0.7429,859.0905,0
Evolution_Crossover,0.6111,10,7,0.5000,0.6000,807.8428,1
Evolution_Crossover,0.6944,11,7,0.5909,0.7143,820.9992,0
Evolution_Crossover,0.6944,11,7,0.5909,0.7143,801.8739,1
Evolution_Crossover,0.7500,16,9,0.4545,0.7429,897.8852,0
Evolution_Crossover,0.5278,7,5,0.4545,0.5429,819.2922,0
Evolution_Crossover,0.5278,8,4,0.4545,0.5429,797.8718,1
Evolution_Crossover,0.5000,5,6,0.5455,0.5143,887.0145,0
Evolution_Crossover,0.5000,6,6,0.5455,0.5143,804.0379,1
Evolution_Crossover,0.5000,6,6,0.5000,0.5143,844.7870,0
Evolution_Crossover,0.6389,11,8,0.5455,0.6571,835.4307,0
Evolution_Crossover,0.6389,12,7,0.5455,0.6571,860.8576,0
Evolution_Crossover,0.6389,12,6,0.5000,0.6571,862.6030,0
Evolution_Crossover,0.6389,13,8,0.5455,0.6571,890.1381,0
Evolution_Crossover,0.7222,12,7,0.5455,0.7429,819.5792,0
Evolution_Crossover,0.7222,12,6,0.6364,0.7429,856.4047,0
Evolution_Crossover,0.6111,11,5,0.5455,0.6286,832.5237,0
Evolution_Crossover,0.6389,10,5,0.6364,0.6571,861.9964,0
Evolution_Crossover,0.6389,10,8,0.4545,0.6571,797.8718,1
Evolution_Crossover,0.7778,14,9,0.5455,0.7714,798.9434,1
Evolution_Crossover,0.7222,14,9,0.5000,0.7429,797.8718,1
Evolution_Crossover,0.6667,12,8,0.5000,0.6571,797.4513,1
Evolution_Crossover,0.7778,16,8,0.4091,0.7714,832.8707,0
Evolution_Crossover,0.7500,11,7,0.5455,0.7714,865.6803,0
Evolution_Crossover,0.5833,9,7,0.4545,0.6000,869.1311,0
Evolution_Crossover,0.7222,12,7,0.4091,0.7429,852.6897,0
Evolution_Crossover,0.6667,10,7,0.4545,0.6571,797.4513,1
Evolution_Crossover,0.5556,11,5,0.5000,0.5714,832.1876,0
Evolution_Crossover,0.7222,13,9,0.3636,0.7143,829.5089,0
Evolution_Crossover,0.5833,10,5,0.5909,0.6000,828.7001,0
Evolution_Crossover,0.6111,7,7,0.5909,0.6286,877.3595,0
Evolution_Crossover,0.5833,10,5,0.5909,0.6000,828.7001,0
Evolution_Crossover,0.5278,6,7,0.4545,0.5429,837.6329,0
Evolution_Crossover,0.5556,9,5,0.4545,0.5714,817.8002,0
Evolution_Crossover,0.5556,8,6,0.5455,0.5429,797.8718,1
Evolution_Crossover,0.7222,12,7,0.4091,0.7429,857.8702,0
Evolution_Crossover,0.5833,12,8,0.5000,0.5714,858.6048,0
Evolution_Crossover,0.5278,9,6,0.4545,0.5429,885.8004,0
Evolution_Crossover,0.6944,11,7,0.3636,0.7143,832.9353,0
Evolution_Crossover,0.6389,12,7,0.5455,0.6571,828.7001,0
Evolution_Crossover,0.5278,11,6,0.5455,0.5429,881.9630,0
Evolution_Crossover,0.6111,9,7,0.5455,0.6286,900.2981,0
Evolution_Crossover,0.5278,7,6,0.5000,0.5429,797.8718,1
Evolution_Crossover,0.7222,14,8,0.5909,0.7429,840.9450,0
Evolution_Crossover,0.5000,6,5,0.4545,0.5143,842.3169,0
Evolution_Crossover,0.6111,7,8,0.5455,0.6286,820.1789,0
Evolution_Crossover,0.6389,11,8,0.4545,0.6571,845.1833,0
Evolution_Crossover,0.7222,12,7,0.4545,0.7143,812.2031,0
Evolution_Crossover,0.6389,14,8,0.5455,0.6571,838.2086,0
Evolution_Crossover,0.7778,15,8,0.5000,0.7714,848.8549,0
Evolution_Crossover,0.6667,14,8,0.4545,0.6857,866.1592,0
Evolution_Crossover,0.5556,5,7,0.5455,0.5429,816.0543,0
Evolution_Crossover,0.6111,8,7,0.4545,0.6000,803.3936,1
Evolution_Crossover,0.5833,13,8,0.4091,0.5714,866.2395,0
Evolution_Crossover,0.7222,11,9,0.5455,0.7143,816.4972,0
Evolution_Crossover,0.5833,7,6,0.5000,0.5714,941.2374,0
Evolution_Crossover,0.5556,7,5,0.4091,0.5429,856.1344,0
Evolution_Crossover,0.5833,10,6,0.5455,0.6000,838.6037,0
Evolution_Crossover,0.5556,7,7,0.5000,0.5714,803.3111,1
Evolution_Crossover,0.5556,6,8,0.5000,0.5714,803.3111,1
Evolution_Crossover,0.6389,11,8,0.5000,0.6286,831.1200,0
Evolution_Crossover,0.5556,7,7,0.5000,0.5714,803.3111,1
Evolution_Crossover,0.6111,11,8,0.4091,0.6000,854.4855,0
Evolution_Crossover,0.5278,8,5,0.5455,0.5429,828.7001,0
Evolution_Crossover,0.6111,6,8,0.5455,0.6286,803.3111,1
Evolution_Crossover,0.5556,10,5,0.4091,0.5429,846.8455,0
Evolution_Crossover,0.7500,13,7,0.5000,0.7714,818.4128,0
Evolution_Crossover,0.6389,13,7,0.5909,0.6571,803.6943,1
Evolution_Crossover,0.6667,12,6,0.5455,0.6571,838.2086,0
Evolution_Crossover,0.7500,13,8,0.5909,0.7714,801.8739,1
Evolution_Crossover,0.6389,11,6,0.5455,0.6571,804.0790,1
Evolution_Crossover,0.6944,15,8,0.4545,0.6857,820.4407,0
Evolution_Crossover,0.7500,15,7,0.5455,0.7714,827.4252,0
Evolution_Crossover,0.6111,11,5,0.5000,0.6286,891.7813,0
Evolution_Crossover,0.5556,6,7,0.5455,0.5714,803.3936,1
Evolution_Crossover,0.6667,11,5,0.5000,0.6857,803.2738,1
Evolution_Crossover,0.5000,6,9,0.4091,0.4857,822.0036,0
Evolution_Crossover,0.5278,5,7,0.5455,0.5429,803.3936,1
Evolution_Crossover,0.6944,13,9,0.5455,0.7143,816.2453,0
Evolution_Crossover,0.6111,11,6,0.5455,0.6286,860.6008,0
Evolution_Crossover,0.5833,11,8,0.4545,0.5714,820.1531,0
Evolution_Crossover,0.7222,13,8,0.4545,0.7143,820.5115,0
Evolution_Crossover,0.7222,11,6,0.5455,0.7429,841.4203,0
Evolution_Crossover,0.5278,6,7,0.4091,0.5143,834.2260,0
Evolution_Crossover,0.6111,5,8,0.5909,0.6286,803.3111,1
Evolution_Crossover,0.5000,9,5,0.4545,0.5143,827.3573,0
Evolution_Crossover,0.5000,7,6,0.6364,0.5143,876.8592,0
Evolution_Crossover,0.5833,8,5,0.4545,0.6000,810.5735,0
Evolution_Crossover,0.5556,10,6,0.4545,0.5714,854.0666,0
Evolution_Crossover,0.6111,11,7,0.4091,0.6000,904.4058,0
Evolution_Crossover,0.7500,13,5,0.5455,0.7714,797.4513,1
Evolution_Crossover,0.6111,11,5,0.5455,0.6000,797.4513,1
Evolution_Crossover,0.6111,11,9,0.5000,0.6000,845.9073,0
Evolution_Crossover,0.6111,11,5,0.4545,0.6286,835.6886,0
Evolution_Crossover,0.5556,9,6,0.5909,0.5714,811.3003,0
Evolution_Crossover,0.5000,5,5,0.5000,0.5143,918.6291,0
Evolution_Crossover,0.6111,7,7,0.4091,0.6000,821.9971,0
Evolution_Crossover,0.7500,14,6,0.5909,0.7429,856.3148,0
Evolution_Crossover,0.6944,12,7,0.5909,0.7143,828.8785,0
Evolution_Crossover,0.6944,11,8,0.5000,0.7143,803.6585,1
Evolution_Crossover,0.6111,9,5,0.4091,0.6286,896.7441,0
Evolution_Crossover,0.6667,10,8,0.5000,0.6571,841.3724,0
Evolution_Crossover,0.6667,9,9,0.4545,0.6571,797.4513,1
Evolution_Crossover,0.6944,12,9,0.5455,0.7143,797.8718,1
Evolution_Crossover,0.6111,9,7,0.4091,0.6000,810.5735,0
Evolution_Crossover,0.6111,6,8,0.5455,0.6286,803.3111,1
Evolution_Crossover,0.7778,14,8,0.5455,0.7714,813.6952,0
Evolution_Crossover,0.6944,13,7,0.5909,0.7143,878.1537,0
Evolution_Crossover,0.5278,8,6,0.5000,0.5429,832.6692,0
Evolution_Crossover,0.6944,13,7,0.5000,0.6857,836.0613,0
Evolution_Crossover,0.7778,14,7,0.4545,0.7714,865.8260,0
Evolution_Crossover,0.7778,16,8,0.4545,0.7714,810.5735,0
Evolution_Crossover,0.7500,13,9,0.5455,0.7714,797.8718,1
Evolution_Crossover,0.6111,10,7,0.5000,0.6000,934.4919,0
Evolution_Crossover,0.6944,11,7,0.5455,0.6857,857.6763,0
Evolution_Crossover,0.5556,7,5,0.5455,0.5714,803.3111,1
Evolution_Crossover,0.6389,12,7,0.5000,0.6286,810.5735,0
Evolution_Crossover,0.7500,15,9,0.5455,0.7429,822.8629,0
Evolution_Crossover,0.6389,10,5,0.5909,0.6571,810.5735,0
Evolution_Crossover,0.6111,7,5,0.5000,0.6286,906.4533,0
Evolution_Crossover,0.6111,6,7,0.6364,0.6286,911.3209,0
Evolution_Crossover,0.5278,6,7,0.5000,0.5429,825.4944,0
Evolution_Crossover,0.7778,14,8,0.4545,0.7714,901.4550,0
Evolution_Crossover,0.5000,8,5,0.5000,0.5143,837.3215,0
Evolution_Crossover,0.6111,12,6,0.5000,0.6286,892.4782,0
Evolution_Crossover,0.5833,11,5,0.4545,0.6000,868.0446,0
Evolution_Crossover,0.5000,4,6,0.5455,0.5143,820.7058,0
Evolution_Crossover,0.5000,5,5,0.4091,0.5143,837.2387,0
Evolution_Crossover,0.7500,13,7,0.4091,0.7429,852.8743,0
Evolution_Crossover,0.5833,11,5,0.5455,0.6000,836.6889,0
Evolution_Crossover,0.6389,11,9,0.5455,0.6286,842.6183,0
Evolution_Crossover,0.7778,16,8,0.4545,0.8000,862.9789,0
Evolution_Crossover,0.7222,15,8,0.5455,0.7143,803.6585,1
Evolution_Crossover,0.6667,14,8,0.4091,0.6571,816.2453,0
Evolution_Crossover,0.5278,7,6,0.5455,0.5429,851.1324,0
Evolution_Crossover,0.6111,11,5,0.4545,0.6000,848.7573,0
Evolution_Crossover,0.6944,8,8,0.6364,0.7143,801.8739,1
Evolution_Crossover,0.7500,15,9,0.4091,0.7429,832.8319,0
Evolution_Crossover,0.6944,11,5,0.5000,0.7143,854.0818,0
Evolution_Crossover,0.6667,12,5,0.5455,0.6857,876.5204,0
Evolution_Crossover,0.5833,11,8,0.4545,0.5714,803.3111,1
Evolution_Crossover,0.7778,15,8,0.5455,0.7714,884.6903,0
Evolution_Crossover,0.5556,4,5,0.5909,0.5714,801.8739,1
Evolution_Crossover,0.6667,12,5,0.5000,0.6571,990.5074,0
Evolution_Crossover,0.5556,9,6,0.5455,0.5429,801.8739,1
Evolution_Crossover,0.5833,10,5,0.5000,0.6000,889.3871,0
Evolution_Crossover,0.6944,11,9,0.4545,0.6857,838.6471,0
Evolution_Crossover,0.7500,12,8,0.5909,0.7714,797.4513,1
Evolution_Crossover,0.7778,14,7,0.5455,0.7714,857.9613,0
Evolution_Crossover,0.6667,11,5,0.5000,0.6857,803.2738,1
Evolution_Crossover,0.6667,9,7,0.5909,0.6857,865.6803,0
Evolution_Crossover,0.5000,9,5,0.5000,0.5143,865.9765,0
Evolution_Crossover,0.7778,14,7,0.5000,0.8000,797.4513,1
Evolution_Crossover,0.7500,12,8,0.5909,0.7714,797.4513,1
Evolution_Crossover,0.5833,11,5,0.5000,0.5714,930.7965,0
Evolution_Crossover,0.5000,6,6,0.5455,0.5143,851.5228,0
Evolution_Crossover,0.6667,12,8,0.4545,0.6571,809.4431,1
Evolution_Crossover,0.6944,11,7,0.5909,0.6857,861.3870,0
Evolution_Crossover,0.5000,7,6,0.4545,0.4857,820.5736,0
Evolution_Crossover,0.6111,11,6,0.5455,0.6286,863.0815,0
Evolution_Crossover,0.7500,11,7,0.5909,0.7714,797.4513,1
Evolution_Crossover,0.5556,5,7,0.5909,0.5429,801.8739,1
Evolution_Crossover,0.5833,9,7,0.5455,0.6000,817.8002,0
Evolution_Crossover,0.6111,7,7,0.6364,0.6286,797.4513,1
Evolution_Crossover,0.6389,12,7,0.4545,0.6571,838.3892,0
Evolution_Crossover,0.6667,12,7,0.4545,0.6571,848.8520,0
Evolution_Crossover,0.5000,8,7,0.4545,0.5143,810.5735,0
Evolution_Crossover,0.6389,13,7,0.5909,0.6571,803.6943,1
Evolution_Crossover,0.5278,6,6,0.5909,0.5143,816.6681,0
Evolution_Crossover,0.7500,11,7,0.5909,0.7714,797.4513,1
Evolution_Crossover,0.5000,5,4,0.4091,0.4857,881.3928,0
Evolution_Crossover,0.5833,7,8,0.5000,0.6000,803.3111,1
Evolution_Crossover,0.5833,10,5,0.4545,0.6000,852.6897,0
Evolution_Crossover,0.5833,11,5,0.5909,0.6000,867.0174,0
Evolution_Crossover,0.6944,12,8,0.5455,0.6857,924.7976,0
Evolution_Crossover,0.5000,4,4,0.5455,0.5143,803.3111,1
Evolution_Crossover,0.6944,15,7,0.4091,0.6857,844.1620,0
Evolution_Crossover,0.5000,5,6,0.5000,0.5143,862.7133,0
Evolution_Crossover,0.7500,12,8,0.6364,0.7714,797.4513,1
Evolution_Crossover,0.7222,14,7,0.5455,0.7143,841.7354,0
Evolution_Crossover,0.5278,7,7,0.4545,0.5429,877.0556,0
Evolution_Crossover,0.5278,7,8,0.4545,0.5143,846.8109,0
Evolution_Crossover,0.7222,12,6,0.6818,0.7429,797.8718,1
Evolution_Crossover,0.6667,13,6,0.5909,0.6857,859.2038,0
Evolution_Crossover,0.7500,12,8,0.5909,0.7714,797.4513,1
Evolution_Crossover,0.5556,7,8,0.5455,0.5429,797.4513,1
Evolution_Crossover,0.6111,11,7,0.6364,0.6286,864.9976,0
Evolution_Crossover,0.5278,6,8,0.4545,0.5143,851.2653,0
Evolution_Crossover,0.7500,14,7,0.4545,0.7429,797.4513,1
Evolution_Crossover,0.6944,13,8,0.5000,0.7143,871.6617,0
Evolution_Crossover,0.6944,13,7,0.5000,0.7143,857.6931,0
Evolution_Crossover,0.7222,13,7,0.5455,0.7429,797.8718,1
Evolution_Crossover,0.5833,8,5,0.5455,0.6000,851.2653,0
Evolution_Crossover,0.7778,13,9,0.5455,0.8000,860.7518,0
Evolution_Crossover,0.5556,8,4,0.5455,0.5714,860.0825,0
Evolution_Crossover,0.7778,14,9,0.5455,0.7714,798.9434,1
Evolution_Crossover,0.7222,14,7,0.5455,0.7143,841.7354,0
Evolution_Crossover,0.7222,12,6,0.4545,0.7143,833.0135,0
Evolution_Crossover,0.6944,10,9,0.4091,0.6857,922.3952,0
Evolution_Crossover,0.7222,13,9,0.4545,0.7143,810.6053,0
Evolution_Crossover,0.7778,11,7,0.5909,0.8000,820.7217,0
Evolution_Crossover,0.6389,12,8,0.5000,0.6571,843.4393,0
Evolution_Crossover,0.6111,6,8,0.4545,0.6286,803.3111,1
Evolution_Crossover,0.7778,13,7,0.5909,0.8000,797.4513,1
Evolution_Crossover,0.5278,9,5,0.5455,0.5429,856.1216,0
Evolution_Crossover,0.5000,3,7,0.5000,0.4857,816.0543,0
Evolution_Crossover,0.6944,13,8,0.5000,0.6857,835.8916,0
Evolution_Crossover,0.6389,10,6,0.6364,0.6286,797.8718,1
Evolution_Crossover,0.5278,8,5,0.4545,0.5429,898.6587,0
Evolution_Crossover,0.5556,7,6,0.5909,0.5714,901.9386,0
Evolution_Crossover,0.6389,10,6,0.6364,0.6286,797.8718,1
Evolution_Crossover,0.5833,11,6,0.5455,0.6000,929.7783,0
Evolution_Crossover,0.7222,13,6,0.5909,0.7429,833.0135,0
Evolution_Crossover,0.6389,13,7,0.5455,0.6571,894.8982,0
Evolution_Crossover,0.5556,5,6,0.5000,0.5429,803.3936,1
Evolution_Crossover,0.5556,6,8,0.6364,0.5714,805.5019,1
Evolution_Crossover,0.5556,9,5,0.5909,0.5714,841.0370,0
Evolution_Crossover,0.5833,9,5,0.5000,0.6000,867.2053,0
Evolution_Crossover,0.5556,9,6,0.4545,0.5714,879.3138,0
Evolution_Crossover,0.7222,13,6,0.4545,0.7143,835.0131,0
Evolution_Crossover,0.5278,9,8,0.4091,0.5143,803.3111,1
Evolution_Crossover,0.6667,10,6,0.5909,0.6857,827.3525,0
Evolution_Crossover,0.5278,4,8,0.5909,0.5429,803.3111,1
Evolution_Crossover,0.6667,10,8,0.5000,0.6571,841.3724,0
Evolution_Crossover,0.7778,14,7,0.4091,0.7714,797.4513,1
Evolution_Crossover,0.5278,7,5,0.5909,0.5429,803.3111,1
Evolution_Crossover,0.7778,17,8,0.5909,0.7714,835.4307,0
Evolution_Crossover,0.7778,16,8,0.5909,0.7714,848.8549,0
Evolution_Crossover,0.5833,10,5,0.5455,0.6000,878.4719,0
Evolution_Crossover,0.7222,14,7,0.5000,0.7143,844.3676,0
Evolution_Crossover,0.6667,11,6,0.5000,0.6857,820.4296,0
Evolution_Crossover,0.6111,10,7,0.4091,0.6000,915.1944,0
Evolution_Crossover,0.5000,9,5,0.5455,0.5143,874.8456,0
Evolution_Crossover,0.6111,8,8,0.5000,0.6000,818.5772,0
Evolution_Crossover,0.5833,8,9,0.5455,0.5714,840.9450,0
Evolution_Crossover,0.5278,5,8,0.5000,0.5429,884.6262,0
Evolution_Crossover,0.5833,9,7,0.5455,0.6000,909.5647,0
Evolution_Crossover,0.7778,16,7,0.5909,0.8000,801.8739,1
Evolution_Crossover,0.6111,6,7,0.5000,0.6000,803.3111,1
Evolution_Crossover,0.5833,11,6,0.5000,0.6000,925.2577,0
Evolution_Crossover,0.6111,7,7,0.5000,0.6286,807.6964,1
Evolution_Crossover,0.6389,12,7,0.5000,0.6571,856.0184,0
Evolution_Crossover,0.5556,7,8,0.3636,0.5429,833.9783,0
Evolution_Crossover,0.5833,5,7,0.5909,0.5714,801.8739,1
Evolution_Crossover,0.7500,15,7,0.5909,0.7429,848.8549,0
Evolution_Crossover,0.5833,9,5,0.5909,0.6000,896.8209,0
Evolution_Crossover,0.5556,9,5,0.5455,0.5714,892.5104,0
Evolution_Crossover,0.7778,15,8,0.5455,0.7714,862.7498,0
Evolution_Crossover,0.6389,11,7,0.4545,0.6571,854.7368,0
Evolution_Crossover,0.5278,6,5,0.3636,0.5143,857.7639,0
Evolution_Crossover,0.5833,5,8,0.5909,0.6000,803.3111,1
Evolution_Crossover,0.5556,5,5,0.5455,0.5714,866.3879,0
Evolution_Crossover,0.6667,10,6,0.5909,0.6857,884.6262,0
Evolution_Crossover,0.5278,8,5,0.4545,0.5429,837.4393,0
Evolution_Crossover,0.7222,10,7,0.5909,0.7429,801.8739,1
Evolution_Crossover,0.5278,8,5,0.4545,0.5429,871.3190,0
Evolution_Crossover,0.5556,9,6,0.5000,0.5714,838.0065,0
Evolution_Crossover,0.6667,8,8,0.5455,0.6857,803.3111,1
Evolution_Crossover,0.6667,13,8,0.4545,0.6857,902.9928,0
Evolution_Crossover,0.7500,11,7,0.5909,0.7714,797.4513,1
Evolution_Crossover,0.5278,8,4,0.4545,0.5429,857.7017,0
Evolution_Crossover,0.7500,16,8,0.5000,0.7429,839.3076,0
Evolution_Crossover,0.6667,10,5,0.5909,0.6857,936.0301,0
Evolution_Crossover,0.5556,11,5,0.5455,0.5714,847.9419,0
Evolution_Crossover,0.6667,14,8,0.5000,0.6571,797.8718,1
Evolution_Crossover,0.5556,9,6,0.5909,0.5714,810.5735,0
Evolution_Crossover,0.7778,15,9,0.5000,0.7714,797.4513,1
Evolution_Crossover,0.5278,10,5,0.5000,0.5429,826.9890,0
Evolution_Crossover,0.6389,10,4,0.5000,0.6571,920.4703,0
Evolution_Crossover,0.5278,5,8,0.5909,0.5429,901.6230,0
Evolution_Crossover,0.5278,6,6,0.5455,0.5429,820.4296,0
Evolution_Crossover,0.7778,14,9,0.5455,0.8000,797.8718,1
Evolution_Crossover,0.6667,10,5,0.4091,0.6571,862.4588,0
Evolution_Crossover,0.5278,7,8,0.6364,0.5429,808.0811,1
Evolution_Crossover,0.5833,9,6,0.5455,0.6000,815.1484,0
Evolution_Crossover,0.7500,13,8,0.5000,0.7429,797.4513,1
Evolution_Crossover,0.5000,9,5,0.4545,0.5143,904.7517,0
Evolution_Crossover,0.6111,13,6,0.5909,0.6286,832.5237,0
Evolution_Crossover,0.7222,13,9,0.5455,0.7429,885.2349,0
Evolution_Crossover,0.5833,6,7,0.4545,0.6000,803.3936,1
Evolution_Crossover,0.5556,10,5,0.5000,0.5714,931.5941,0
Evolution_Crossover,0.5000,7,6,0.5455,0.5143,838.7305,0
Evolution_Crossover,0.6111,11,5,0.5455,0.6286,810.5735,0
Evolution_Crossover,0.7500,17,9,0.5455,0.7429,817.9923,0
Evolution_Crossover,0.6111,12,6,0.5000,0.6286,841.3175,0
Evolution_Crossover,0.5833,8,7,0.5455,0.6000,835.5512,0
Evolution_Crossover,0.5833,8,5,0.5909,0.6000,847.6861,0
Evolution_Crossover,0.7778,13,9,0.5455,0.7714,816.4972,0
Evolution_Crossover,0.5833,10,5,0.4545,0.6000,885.5917,0
Evolution_Crossover,0.7222,12,7,0.4545,0.7143,812.2031,0
Evolution_Crossover,0.5833,4,7,0.4091,0.6000,849.3667,0
Evolution_Crossover,0.5278,7,5,0.5000,0.5429,859.7886,0
Evolution_Crossover,0.5556,7,6,0.5455,0.5714,847.9419,0
Evolution_Crossover,0.5556,9,6,0.5000,0.5714,921.2063,0
Evolution_Crossover,0.6389,11,5,0.4091,0.6286,797.8718,1
Evolution_Crossover,0.7500,15,9,0.4091,0.7429,832.8319,0
Evolution_Crossover,0.7500,11,7,0.5455,0.7714,797.4513,1
Evolution_Crossover,0.7778,14,7,0.4545,0.7714,807.8428,1
Evolution_Crossover,0.7222,14,6,0.5909,0.7429,810.5735,0
Evolution_Crossover,0.5000,8,5,0.4545,0.5143,835.0131,0
Evolution_Crossover,0.6944,15,8,0.5000,0.6857,851.9994,0
Evolution_Crossover,0.7500,13,6,0.4545,0.7429,818.2542,0
Evolution_Crossover,0.5278,7,6,0.5909,0.5429,889.3565,0
Evolution_Crossover,0.6389,11,5,0.5909,0.6571,863.3904,0
Evolution_Crossover,0.6944,14,7,0.5455,0.7143,851.1324,0
Evolution_Crossover,0.6944,8,8,0.6364,0.7143,801.8739,1
Evolution_Crossover,0.5000,5,4,0.4091,0.4857,881.3928,0
Evolution_Crossover,0.5833,8,7,0.5000,0.6000,835.1815,0
Evolution_Crossover,0.7500,11,7,0.5909,0.7714,797.4513,1
Evolution_Crossover,0.5556,8,5,0.4545,0.5714,836.9208,0
Evolution_Crossover,0.6944,13,9,0.5909,0.7143,836.0613,0
Evolution_Crossover,0.7500,15,9,0.4545,0.7429,828.7001,0
Evolution_Crossover,0.5000,8,6,0.5000,0.5143,844.9007,0
Evolution_Crossover,0.5556,7,7,0.4545,0.5714,797.8718,1
Evolution_Crossover,0.6667,11,5,0.3636,0.6571,895.0079,0
Evolution_Crossover,0.6111,11,5,0.4545,0.6286,846.8109,0
Evolution_Crossover,0.5278,7,5,0.4091,0.5429,977.5502,0
Evolution_Crossover,0.7778,15,8,0.5000,0.7714,797.4513,1
Evolution_Crossover,0.5833,11,6,0.5909,0.6000,823.7503,0
Evolution_Crossover,0.6944,10,7,0.6364,0.7143,921.0696,0
Evolution_Crossover,0.6389,13,6,0.5455,0.6571,836.8092,0
Evolution_Crossover,0.5833,7,8,0.5455,0.6000,821.0302,0
Evolution_Crossover,0.6944,13,8,0.4545,0.6857,797.4513,1
Evolution_Crossover,0.6944,12,6,0.4545,0.6857,893.2270,0
Evolution_Crossover,0.6111,9,6,0.5000,0.6000,838.2531,0
Evolution_Crossover,0.7222,13,5,0.5455,0.7429,838.5844,0
Evolution_Crossover,0.7222,12,5,0.5455,0.7429,820.5115,0
Evolution_Crossover,0.7778,13,8,0.5000,0.7714,820.1531,0
Evolution_Crossover,0.5000,7,6,0.5455,0.5143,867.1150,0
Evolution_Crossover,0.6667,13,6,0.5455,0.6857,903.7269,0
Evolution_Crossover,0.5278,8,5,0.5909,0.5429,850.9405,0
Evolution_Crossover,0.6389,11,8,0.5455,0.6571,835.4307,0
Evolution_Crossover,0.6111,8,5,0.4545,0.6286,865.6803,0
Evolution_Crossover,0.7778,15,8,0.5455,0.7714,884.6903,0
Evolution_Crossover,0.5278,3,8,0.4545,0.5429,857.5111,0
Evolution_Crossover,0.6111,11,6,0.5000,0.6000,810.5735,0
Evolution_Crossover,0.6111,12,6,0.5909,0.6286,860.6008,0
Evolution_Crossover,0.6111,6,8,0.5455,0.6286,810.5735,0
Evolution_Crossover,0.7222,15,8,0.4545,0.7143,880.8336,0
Evolution_Crossover,0.6944,15,8,0.5455,0.7143,856.8622,0
Evolution_Crossover,0.6389,11,8,0.4545,0.6571,905.9367,0
Evolution_Crossover,0.6667,11,5,0.4545,0.6857,987.6106,0
Evolution_Crossover,0.6389,11,5,0.5000,0.6571,816.4972,0
Evolution_Crossover,0.6389,11,6,0.5000,0.6571,856.9544,0
Evolution_Crossover,0.6667,11,7,0.4545,0.6857,807.8428,1
Evolution_Crossover,0.6944,14,6,0.5455,0.6857,797.4513,1
Evolution_Crossover,0.7222,14,7,0.5909,0.7429,855.1927,0
Evolution_Crossover,0.7222,12,9,0.5455,0.7429,917.6512,0
Evolution_Crossover,0.5278,9,4,0.4545,0.5429,898.9447,0
Evolution_Crossover,0.7500,14,6,0.5909,0.7714,856.3183,0
Evolution_Crossover,0.6111,11,7,0.5000,0.6000,884.6112,0
Evolution_Crossover,0.7500,14,8,0.5455,0.7714,846.0120,0
Evolution_Crossover,0.7222,12,8,0.6364,0.7429,797.4513,1
Evolution_Crossover,0.5833,10,8,0.5455,0.5714,803.3936,1
Evolution_Crossover,0.6667,11,6,0.4545,0.6571,871.8889,0
Evolution_Crossover,0.6389,7,5,0.5909,0.6571,833.4904,0
Evolution_Crossover,0.6111,10,6,0.4545,0.6000,857.6016,0
Evolution_Crossover,0.5833,10,5,0.5000,0.6000,870.4259,0
Evolution_Crossover,0.6667,12,7,0.5000,0.6857,875.6073,0
Evolution_Crossover,0.6667,13,7,0.5909,0.6857,848.9430,0
Evolution_Crossover,0.5278,5,8,0.5909,0.5429,803.3111,1
Evolution_Crossover,0.6389,13,7,0.5455,0.6571,860.8576,0
Evolution_Crossover,0.7222,14,8,0.5455,0.7143,846.5766,0
Evolution_Crossover,0.6944,13,9,0.5455,0.7143,915.7871,0
Evolution_Crossover,0.5833,5,8,0.5000,0.6000,816.0543,0
Evolution_Crossover,0.5000,5,7,0.5000,0.4857,807.8428,1
Evolution_Crossover,0.6111,12,8,0.4545,0.6000,890.6711,0
Evolution_Crossover,0.7222,13,9,0.5455,0.7429,797.8718,1
Evolution_Crossover,0.6111,7,7,0.5909,0.6286,803.3936,1
Evolution_Crossover,0.5000,5,7,0.5000,0.5143,816.2801,0
Evolution_Crossover,0.5000,6,5,0.4091,0.4857,900.2724,0
Evolution_Crossover,0.5556,7,5,0.5000,0.5429,820.1531,0
Evolution_Crossover,0.6944,13,7,0.4545,0.7143,837.2387,0
Evolution_Crossover,0.6111,12,7,0.5455,0.6286,827.3525,0
Evolution_Crossover,0.7778,16,8,0.5455,0.7714,817.9923,0
Evolution_Crossover,0.6667,9,7,0.4091,0.6571,878.4253,0
Evolution_Crossover,0.6389,10,4,0.4545,0.6571,885.1026,0
Evolution_Crossover,0.6667,11,8,0.5455,0.6857,911.1506,0
Evolution_Crossover,0.5556,8,8,0.5455,0.5714,860.1579,0
Evolution_Crossover,0.7778,16,8,0.5455,0.7714,833.9187,0
Evolution_Crossover,0.5556,8,7,0.5909,0.5714,803.3111,1
Evolution_Crossover,0.5833,7,8,0.5000,0.6000,803.3111,1
Evolution_Crossover,0.5833,9,5,0.5000,0.6000,836.9045,0
Evolution_Crossover,0.5833,6,8,0.5455,0.6000,801.8739,1
Evolution_Crossover,0.6111,9,7,0.5909,0.6286,872.7806,0
Evolution_Crossover,0.5278,8,5,0.4545,0.5429,898.6587,0
Evolution_Crossover,0.5556,7,7,0.4545,0.5714,850.3286,0
Evolution_Crossover,0.5278,3,8,0.4545,0.5429,810.5735,0
Evolution_Crossover,0.7222,12,9,0.5000,0.7143,797.8718,1
Evolution_Crossover,0.5000,5,6,0.5000,0.5143,863.6839,0
Evolution_Crossover,0.5000,8,6,0.4091,0.5143,875.2207,0
Evolution_Crossover,0.6667,12,6,0.5909,0.6857,797.8718,1
Evolution_Crossover,0.7222,15,8,0.4545,0.7143,827.3525,0
Evolution_Crossover,0.5278,7,8,0.5909,0.5143,803.3111,1
Evolution_Crossover,0.6389,9,7,0.5000,0.6571,816.0543,0
Evolution_Crossover,0.5556,11,5,0.5455,0.5714,847.9419,0
Evolution_Crossover,0.7500,12,7,0.6364,0.7714,820.9992,0
Evolution_Crossover,0.5556,9,7,0.5455,0.5714,838.7305,0
Evolution_Crossover,0.6667,11,5,0.5000,0.6857,803.2738,1
Evolution_Crossover,0.7500,10,7,0.5909,0.7714,801.8739,1
Evolution_Crossover,0.5833,10,6,0.5000,0.6000,855.0632,0
Evolution_Crossover,0.6667,10,7,0.5455,0.6571,803.3111,1
Evolution_Crossover,0.7222,12,9,0.5000,0.7429,855.7453,0
Evolution_Crossover,0.5833,8,6,0.5909,0.6000,955.9848,0
Evolution_Crossover,0.7778,15,8,0.5455,0.7714,819.5007,0
Evolution_Crossover,0.6944,15,8,0.5455,0.7143,800.0627,1
Evolution_Crossover,0.7500,15,8,0.5455,0.7714,836.8092,0
Evolution_Crossover,0.5556,6,8,0.5455,0.5714,805.5019,1
Evolution_Crossover,0.6944,12,6,0.5909,0.7143,845.7822,0
Evolution_Crossover,0.5833,7,7,0.4091,0.5714,827.3525,0
Evolution_Crossover,0.6389,12,7,0.4545,0.6571,797.8718,1
Evolution_Crossover,0.5833,10,6,0.5455,0.6000,865.4186,0
Evolution_Crossover,0.6111,8,7,0.5455,0.6000,803.3111,1
Evolution_Crossover,0.5556,9,6,0.5000,0.5714,868.0974,0
Evolution_Crossover,0.7778,13,7,0.5909,0.8000,865.6803,0
Evolution_Crossover,0.7778,14,8,0.6364,0.8000,797.4513,1
Evolution_Crossover,0.6389,13,6,0.5909,0.6571,852.6897,0
Evolution_Crossover,0.7500,13,6,0.6364,0.7429,859.0905,0
Evolution_Crossover,0.7500,12,8,0.5909,0.7714,797.4513,1
Evolution_Crossover,0.5000,6,8,0.5455,0.5143,801.8739,1
Evolution_Crossover,0.6111,11,6,0.5000,0.6286,833.5646,0
Evolution_Crossover,0.7222,9,7,0.5455,0.7429,801.8739,1
Evolution_Crossover,0.5278,9,6,0.5455,0.5429,807.8428,1
Evolution_Crossover,0.7778,13,7,0.5909,0.8000,797.4513,1
Evolution_Crossover,0.6389,11,5,0.5000,0.6571,856.7327,0
Evolution_Crossover,0.6389,12,7,0.5000,0.6571,877.2945,0
Evolution_Crossover,0.6944,11,7,0.5455,0.7143,843.0420,0
Evolution_Crossover,0.5278,6,6,0.5909,0.5429,803.3936,1
Evolution_Crossover,0.6389,12,5,0.5000,0.6571,864.2506,0
Evolution_Crossover,0.6111,6,8,0.5909,0.6286,811.2462,0
Evolution_Crossover,0.7222,15,7,0.5000,0.7429,872.6203,0
Evolution_Crossover,0.6389,7,7,0.5909,0.6571,801.8739,1
Evolution_Crossover,0.6389,13,9,0.4545,0.6286,913.7473,0
Evolution_Crossover,0.7778,13,9,0.5000,0.8000,813.6952,0
Evolution_Crossover,0.5000,9,7,0.4545,0.5143,851.5228,0
Evolution_Crossover,0.5833,9,4,0.5000,0.6000,803.3111,1
Evolution_Crossover,0.5278,8,8,0.4091,0.5143,803.3111,1
Evolution_Crossover,0.5556,5,8,0.5000,0.5714,803.3111,1
Evolution_Crossover,0.6389,13,8,0.5455,0.6571,901.2659,0
Evolution_Crossover,0.6667,13,8,0.4545,0.6857,819.5007,0
Evolution_Crossover,0.5833,11,6,0.5000,0.6000,847.9681,0
Evolution_Crossover,0.7778,13,7,0.5909,0.8000,797.4513,1
Evolution_Crossover,0.6667,13,7,0.5000,0.6857,838.7305,0
Evolution_Crossover,0.7222,9,7,0.6364,0.7429,801.8739,1
Evolution_Crossover,0.6389,9,5,0.4545,0.6286,857.5708,0
Evolution_Crossover,0.6111,9,6,0.5000,0.6286,803.3936,1
Evolution_Crossover,0.5278,9,5,0.5909,0.5429,868.7882,0
Evolution_Crossover,0.6111,8,7,0.4545,0.6286,863.3891,0
Evolution_Crossover,0.7778,17,8,0.5455,0.7714,848.8549,0
Evolution_Crossover,0.5278,7,5,0.5000,0.5429,844.2633,0
Evolution_Crossover,0.5833,9,4,0.5455,0.6000,801.8739,1
Evolution_Crossover,0.6944,12,7,0.5909,0.7143,856.0184,0
Evolution_Crossover,0.6667,12,7,0.5455,0.6857,911.0120,0
Evolution_Crossover,0.5278,7,5,0.7273,0.5429,871.7171,0
Evolution_Crossover,0.7500,14,9,0.4545,0.7429,880.5301,0
Evolution_Crossover,0.6111,11,5,0.5909,0.6286,803.3936,1
Evolution_Crossover,0.5556,9,6,0.5909,0.5714,886.4695,0
Evolution_Crossover,0.5556,8,7,0.4091,0.5429,872.4261,0
Evolution_Crossover,0.6111,10,9,0.5000,0.6000,812.2031,0
Evolution_Crossover,0.6111,10,6,0.5455,0.6286,865.4186,0
Evolution_Crossover,0.6944,12,9,0.4091,0.6857,797.8718,1
Evolution_Crossover,0.7222,15,9,0.5909,0.7429,889.2177,0
Evolution_Crossover,0.7222,13,6,0.4545,0.7143,895.6375,0
Evolution_Crossover,0.6389,9,6,0.4545,0.6286,940.7066,0
Evolution_Crossover,0.7500,14,8,0.5455,0.7714,872.4639,0
Evolution_Crossover,0.7222,13,7,0.4545,0.7143,828.7001,0
Evolution_Crossover,0.5278,7,7,0.5455,0.5429,816.6411,0
Evolution_Crossover,0.5000,8,6,0.5000,0.5143,873.5621,0
Evolution_Crossover,0.6389,11,7,0.5000,0.6571,838.9088,0
Evolution_Crossover,0.5278,5,5,0.5000,0.5429,916.5031,0
Evolution_Crossover,0.5278,9,7,0.5000,0.5429,838.6238,0
Evolution_Crossover,0.7222,15,8,0.5909,0.7143,797.4513,1
Evolution_Crossover,0.6944,14,9,0.5455,0.6857,820.5115,0
Evolution_Crossover,0.6944,14,8,0.5000,0.7143,816.7236,0
Evolution_Crossover,0.7778,15,8,0.5909,0.8000,879.2291,0
Evolution_Crossover,0.5000,6,7,0.4091,0.4857,835.0131,0
Evolution_Crossover,0.6389,12,6,0.5000,0.6571,798.9434,1
Evolution_Crossover,0.5000,7,5,0.5000,0.5143,840.6523,0
Evolution_Crossover,0.6667,11,5,0.5000,0.6857,819.3735,0
Evolution_Crossover,0.6944,11,8,0.5455,0.7143,797.4513,1
Evolution_Crossover,0.5000,4,7,0.5455,0.5143,854.4212,0
Evolution_Crossover,0.6944,9,5,0.5455,0.6857,830.4195,0
Evolution_Crossover,0.6944,13,8,0.5455,0.7143,797.8718,1
Evolution_Crossover,0.7500,12,9,0.5000,0.7429,797.4513,1
Evolution_Crossover,0.7778,11,7,0.5909,0.8000,820.7217,0
Evolution_Crossover,0.6389,10,8,0.5909,0.6571,797.4513,1
Evolution_Crossover,0.6111,11,6,0.5000,0.6286,847.9681,0
Evolution_Crossover,0.7778,14,8,0.5000,0.7714,797.4513,1
Evolution_Crossover,0.6667,12,6,0.5909,0.6857,836.8092,0
Evolution_Crossover,0.5833,11,5,0.5455,0.6000,810.5735,0
Evolution_Crossover,0.7778,17,8,0.5455,0.7714,848.8549,0
Evolution_Crossover,0.5833,10,8,0.5000,0.5714,869.3164,0
Evolution_Crossover,0.6944,9,7,0.5909,0.7143,801.8739,1
Evolution_Crossover,0.6111,12,6,0.5000,0.6000,801.8739,1
Evolution_Crossover,0.5556,10,5,0.5000,0.5714,931.5941,0
Evolution_Crossover,0.5833,8,4,0.4545,0.6000,882.5099,0
Evolution_Crossover,0.5278,4,7,0.5000,0.5143,883.0977,0
Evolution_Crossover,0.7222,13,9,0.4545,0.7143,797.4513,1
Evolution_Crossover,0.7222,9,7,0.5455,0.7429,825.1397,0
Evolution_Crossover,0.5278,7,4,0.5000,0.5429,877.1413,0
Evolution_Crossover,0.7778,13,7,0.5455,0.7714,797.4513,1
Evolution_Crossover,0.5556,8,8,0.5000,0.5714,893.1319,0
Evolution_Crossover,0.6389,10,6,0.5455,0.6571,797.4513,1
Evolution_Crossover,0.5278,3,8,0.4545,0.5429,810.5735,0
Evolution_Crossover,0.7500,13,8,0.5455,0.7714,888.7152,0
Evolution_Crossover,0.6111,9,5,0.4091,0.6286,862.2319,0
Evolution_Crossover,0.6667,14,9,0.5909,0.6857,894.4847,0
Evolution_Crossover,0.6944,8,8,0.6364,0.7143,801.8739,1
Evolution_Crossover,0.5556,9,4,0.4545,0.5714,909.4127,0
Evolution_Crossover,0.5000,7,5,0.3182,0.4857,852.6131,0
Evolution_Crossover,0.6667,12,8,0.4545,0.6571,797.8718,1
Evolution_Crossover,0.5278,7,5,0.4091,0.5429,860.6139,0
Evolution_Crossover,0.5833,10,5,0.5000,0.6000,869.1048,0
Evolution_Crossover,0.6111,10,5,0.5000,0.6286,852.8393,0
Evolution_Crossover,0.5556,5,6,0.5455,0.5429,842.8854,0
Evolution_Crossover,0.7778,16,8,0.4091,0.7714,832.8707,0
Evolution_Crossover,0.5278,8,7,0.4091,0.5143,851.2653,0
Evolution_Crossover,0.6389,8,5,0.5909,0.6571,884.7037,0
Evolution_Crossover,0.7778,14,8,0.5455,0.7714,836.0613,0
Evolution_Crossover,0.6111,9,4,0.5455,0.6286,820.5115,0
Evolution_Crossover,0.6111,11,6,0.5000,0.6286,854.0818,0
Evolution_Crossover,0.6667,13,6,0.5000,0.6857,821.4331,0
Evolution_Crossover,0.6944,12,7,0.5455,0.6857,928.0031,0
Evolution_Crossover,0.5556,9,5,0.5000,0.5714,999.1772,0
Evolution_Crossover,0.6944,14,7,0.5455,0.7143,893.4081,0
Evolution_Crossover,0.6944,13,8,0.4545,0.6857,901.3221,0
Evolution_Crossover,0.7222,14,9,0.5000,0.7143,872.4261,0
Evolution_Crossover,0.6111,11,6,0.5455,0.6286,863.0815,0
Evolution_Crossover,0.7778,12,9,0.5455,0.8000,797.8718,1
Evolution_Crossover,0.6389,9,7,0.5455,0.6571,797.4513,1
Evolution_Crossover,0.7500,15,9,0.4091,0.7429,832.8319,0
Evolution_Crossover,0.6389,13,6,0.5909,0.6571,852.6897,0
Evolution_Crossover,0.6389,13,6,0.4545,0.6571,896.1763,0
Evolution_Crossover,0.6944,13,8,0.5000,0.6857,835.8916,0
Evolution_Crossover,0.5000,6,4,0.4091,0.5143,838.7305,0
Evolution_Crossover,0.5000,6,7,0.4545,0.4857,829.7575,0
Evolution_Crossover,0.5833,11,6,0.5000,0.6000,802.6007,1
Evolution_Crossover,0.6389,13,8,0.5455,0.6571,890.1381,0
Evolution_Crossover,0.5556,9,5,0.4091,0.5714,867.2314,0
Evolution_Crossover,0.6667,6,7,0.5000,0.6857,809.8091,1
Evolution_Crossover,0.5833,11,8,0.5455,0.6000,890.1381,0
Evolution_Crossover,0.6111,10,6,0.5000,0.6000,876.7275,0
Evolution_Crossover,0.5556,9,6,0.5909,0.5714,838.1845,0
Evolution_Crossover,0.5000,6,6,0.5000,0.4857,831.6699,0
Evolution_Crossover,0.5556,9,5,0.4545,0.5714,902.4891,0
Evolution_Crossover,0.7500,10,7,0.6364,0.7714,804.0648,1
Evolution_Crossover,0.6667,12,6,0.5909,0.6857,862.2070,0
Evolution_Crossover,0.5278,5,5,0.4091,0.5143,954.4917,0
Evolution_Crossover,0.6667,7,7,0.5455,0.6857,856.5426,0
Evolution_Crossover,0.7222,15,7,0.5909,0.7143,842.5190,0
Evolution_Crossover,0.6944,15,7,0.5455,0.6857,839.7646,0
Evolution_Crossover,0.6389,9,5,0.5455,0.6571,832.3665,0
Evolution_Crossover,0.6389,9,5,0.5455,0.6571,899.8709,0
Evolution_Crossover,0.5000,8,6,0.4545,0.5143,847.9681,0
Evolution_Crossover,0.6944,13,7,0.5455,0.6857,885.3108,0
Evolution_Crossover,0.5278,8,6,0.5000,0.5429,832.6692,0
Evolution_Crossover,0.7778,12,9,0.5000,0.7714,797.4513,1
Evolution_Crossover,0.5000,6,7,0.5455,0.5143,819.6692,0
Evolution_Crossover,0.6944,13,6,0.5455,0.7143,828.8892,0
Evolution_Crossover,0.5556,6,7,0.5000,0.5429,816.0543,0
Evolution_Crossover,0.6944,9,7,0.5909,0.7143,801.8739,1
Evolution_Crossover,0.6944,15,8,0.4545,0.6857,828.6292,0
Evolution_Crossover,0.6667,13,8,0.3636,0.6857,837.2387,0
Evolution_Crossover,0.5278,7,8,0.6364,0.5429,803.3111,1
Evolution_Crossover,0.6667,13,7,0.5455,0.6857,810.5735,0
Evolution_Crossover,0.5556,4,6,0.5455,0.5714,810.5735,0
Evolution_Crossover,0.5556,7,4,0.5000,0.5714,862.1667,0
Evolution_Crossover,0.6111,11,6,0.5909,0.6286,797.8718,1
Evolution_Crossover,0.6389,11,7,0.5455,0.6571,871.0252,0
Evolution_Crossover,0.6667,10,7,0.5000,0.6571,838.8069,0
Evolution_Crossover,0.7222,13,6,0.5909,0.7429,833.0135,0
Evolution_Crossover,0.6667,13,9,0.5455,0.6571,873.4527,0
Evolution_Crossover,0.7778,14,8,0.5000,0.8000,864.4116,0
Evolution_Crossover,0.7778,14,9,0.4545,0.7714,877.1279,0
Evolution_Crossover,0.7778,14,8,0.6364,0.8000,797.4513,1
Evolution_Crossover,0.5833,5,6,0.4545,0.5714,858.9035,0
Evolution_Crossover,0.6667,12,7,0.4545,0.6571,843.6596,0
Evolution_Crossover,0.7500,10,9,0.4545,0.7429,797.4513,1
Evolution_Crossover,0.7222,12,7,0.5455,0.7429,855.1927,0
Evolution_Crossover,0.6389,8,7,0.5909,0.6286,861.3870,0
Evolution_Crossover,0.7222,13,9,0.5000,0.7143,857.7017,0
Evolution_Crossover,0.5000,7,5,0.4545,0.5143,810.5735,0
Evolution_Crossover,0.5278,8,7,0.5000,0.5429,803.3111,1
Evolution_Crossover,0.7222,12,9,0.4545,0.7143,993.2460,0
Evolution_Crossover,0.5556,9,6,0.4545,0.5714,853.4981,0
Evolution_Crossover,0.5556,8,8,0.5455,0.5714,860.1579,0
Evolution_Crossover,0.7500,14,6,0.5000,0.7429,813.6952,0
Evolution_Crossover,0.5833,8,6,0.4545,0.5714,858.6692,0
Evolution_Crossover,0.6389,11,9,0.5455,0.6571,856.0516,0
Evolution_Crossover,0.6111,10,7,0.5000,0.6286,917.7178,0
Evolution_Crossover,0.6667,10,6,0.3636,0.6571,860.0229,0
Evolution_Crossover,0.5833,11,5,0.4091,0.5714,810.5735,0
Evolution_Crossover,0.5556,11,6,0.5909,0.5714,870.6963,0
Evolution_Crossover,0.7500,16,8,0.4545,0.7429,839.8496,0
Evolution_Crossover,0.7778,14,8,0.6364,0.8000,797.4513,1
Evolution_Crossover,0.6389,13,7,0.5909,0.6571,864.9976,0
Evolution_Crossover,0.5000,7,6,0.5909,0.5143,891.5632,0
Evolution_Crossover,0.5278,8,4,0.4545,0.5429,979.7766,0
Evolution_Crossover,0.5833,10,5,0.5455,0.6000,853.7492,0
Evolution_Crossover,0.6389,12,8,0.4545,0.6286,797.8718,1
Evolution_Crossover,0.5556,8,4,0.4091,0.5714,797.4513,1
Evolution_Crossover,0.5000,5,6,0.5000,0.5143,862.7133,0
Evolution_Crossover,0.5278,8,5,0.4545,0.5429,895.5656,0
Evolution_Crossover,0.6111,10,5,0.5455,0.6286,805.5019,1
Evolution_Crossover,0.7500,13,8,0.5455,0.7714,797.4513,1
Evolution_Crossover,0.7500,13,7,0.4545,0.7429,823.7503,0
Evolution_Crossover,0.7778,13,7,0.5909,0.8000,797.8718,1
Evolution_Crossover,0.6389,11,5,0.5000,0.6571,821.6916,0
Evolution_Crossover,0.5833,7,7,0.5455,0.6000,801.8739,1
Evolution_Crossover,0.5278,8,6,0.4545,0.5429,797.8718,1
Evolution_Crossover,0.5278,7,5,0.5000,0.5429,844.1620,0
Evolution_Crossover,0.6667,13,6,0.5000,0.6857,858.1580,0
Evolution_Crossover,0.6944,13,8,0.4545,0.7143,893.6262,0
Evolution_Crossover,0.7222,9,7,0.5455,0.7429,825.1397,0
Evolution_Crossover,0.5278,5,7,0.5000,0.5143,810.5735,0
Evolution_Crossover,0.5278,10,6,0.5455,0.5429,895.1026,0
Evolution_Crossover,0.7222,11,7,0.5000,0.7429,834.4700,0
Evolution_Crossover,0.6944,12,9,0.5455,0.7143,812.6236,0
Evolution_Crossover,0.7500,14,9,0.5909,0.7714,827.3525,0
Evolution_Crossover,0.5833,6,8,0.5455,0.6000,803.3111,1
Evolution_Crossover,0.7500,12,8,0.5909,0.7714,797.4513,1
Evolution_Crossover,0.6389,10,6,0.5000,0.6571,888.9076,0
Evolution_Crossover,0.6389,9,8,0.5000,0.6571,803.3111,1
Evolution_Crossover,0.5000,6,7,0.4545,0.5143,952.8755,0
Evolution_Crossover,0.7500,17,9,0.5455,0.7429,817.9923,0
Evolution_Crossover,0.7778,16,8,0.5000,0.7714,823.6550,0
Evolution_Crossover,0.7500,10,7,0.5909,0.7714,915.8324,0
Evolution_Crossover,0.6111,8,7,0.6364,0.6286,879.5220,0
Evolution_Crossover,0.6389,13,6,0.5455,0.6571,836.8092,0
Evolution_Crossover,0.6389,11,7,0.4545,0.6286,838.7305,0
Evolution_Crossover,0.6111,11,4,0.5000,0.6286,909.2066,0
Evolution_Crossover,0.5278,7,5,0.5000,0.5429,817.8002,0
Evolution_Crossover,0.6111,11,5,0.4545,0.6286,844.5714,0
Evolution_Crossover,0.7500,14,9,0.5000,0.7429,902.5525,0
Evolution_Crossover,0.7222,10,7,0.5909,0.7429,801.8739,1
Evolution_Crossover,0.5556,9,5,0.5000,0.5714,820.1531,0
Evolution_Crossover,0.7778,13,9,0.5455,0.8000,797.8718,1
Evolution_Crossover,0.7500,15,8,0.4545,0.7429,797.4513,1
Evolution_Crossover,0.7500,12,9,0.5455,0.7429,797.4513,1
Evolution_Crossover,0.5556,7,5,0.4091,0.5429,856.1344,0
Evolution_Crossover,0.6111,9,7,0.5455,0.6000,803.3111,1
Evolution_Crossover,0.5833,8,8,0.5909,0.5714,803.3111,1
Evolution_Crossover,0.7778,14,6,0.4545,0.7714,848.7635,0
Evolution_Crossover,0.6944,9,7,0.5909,0.7143,801.8739,1
Evolution_Crossover,0.7222,10,7,0.5909,0.7429,867.8711,0
Evolution_Crossover,0.7500,14,8,0.5000,0.7429,893.3366,0
Evolution_Crossover,0.6667,11,6,0.4545,0.6571,839.3208,0
Evolution_Crossover,0.6389,9,7,0.5455,0.6286,839.5108,0
Evolution_Crossover,0.6667,12,5,0.5000,0.6571,990.5074,0
Evolution_Crossover,0.6944,13,6,0.5909,0.7143,846.0873,0
Evolution_Crossover,0.5000,6,4,0.4545,0.5143,883.8195,0
Evolution_Crossover,0.5556,6,7,0.5000,0.5429,810.5735,0
Evolution_Crossover,0.6944,12,7,0.5455,0.6857,803.3111,1
Evolution_Crossover,0.7222,15,7,0.5909,0.7429,811.0690,0
Evolution_Crossover,0.7500,10,7,0.5909,0.7714,801.8739,1
Evolution_Crossover,0.5000,4,6,0.5455,0.5143,820.7058,0
Evolution_Crossover,0.5278,9,5,0.4545,0.5429,884.1839,0
Evolution_Crossover,0.5833,8,7,0.5909,0.6000,822.9282,0
Evolution_Crossover,0.5833,8,6,0.5455,0.6000,803.3111,1
Evolution_Crossover,0.7778,14,7,0.5000,0.8000,797.4513,1
Evolution_Crossover,0.7222,14,9,0.5000,0.7143,872.4261,0
Evolution_Crossover,0.6667,12,4,0.4545,0.6857,797.8718,1
Evolution_Crossover,0.5556,6,5,0.4091,0.5429,857.5708,0
Evolution_Crossover,0.6389,11,6,0.5455,0.6286,847.5258,0
Evolution_Crossover,0.6111,12,7,0.6364,0.6286,810.5735,0
Evolution_Crossover,0.5833,11,6,0.5909,0.6000,823.7503,0
Evolution_Crossover,0.6667,9,5,0.4545,0.6857,842.3688,0
Evolution_Crossover,0.6667,12,7,0.4091,0.6571,821.8779,0
Evolution_Crossover,0.7500,14,6,0.5909,0.7714,854.7356,0
Evolution_Crossover,0.5556,7,5,0.5000,0.5714,810.5735,0
Evolution_Crossover,0.6944,12,5,0.5000,0.7143,830.6709,0
Evolution_Crossover,0.7222,15,9,0.5909,0.7429,851.6254,0
Evolution_Crossover,0.7500,11,7,0.5909,0.7714,797.4513,1
Evolution_Crossover,0.7222,12,9,0.4545,0.7143,798.9434,1
Evolution_Crossover,0.5556,7,6,0.5455,0.5714,841.8349,0
Evolution_Crossover,0.6389,13,6,0.5455,0.6571,863.0815,0
Evolution_Crossover,0.7500,16,8,0.5000,0.7429,797.8718,1
Evolution_Crossover,0.6667,13,8,0.5000,0.6571,797.4513,1
Evolution_Crossover,0.6111,8,5,0.4545,0.6286,865.6803,0
Evolution_Crossover,0.7778,13,7,0.5909,0.8000,797.4513,1
Evolution_Crossover,0.5278,7,5,0.4091,0.5429,864.0140,0
Evolution_Crossover,0.6111,6,8,0.5455,0.6286,803.3111,1
Evolution_Crossover,0.7778,17,8,0.5000,0.7714,835.8916,0
Evolution_Crossover,0.6667,12,9,0.5455,0.6571,876.5894,0
Evolution_Crossover,0.6667,10,6,0.6364,0.6857,892.8759,0
Evolution_Crossover,0.6944,9,5,0.4545,0.6857,960.0576,0
Evolution_Crossover,0.5833,8,8,0.5455,0.5714,812.2031,0
Evolution_Crossover,0.7500,10,6,0.5000,0.7714,797.4513,1
Evolution_Crossover,0.5556,10,5,0.5000,0.5714,931.5941,0
Evolution_Crossover,0.5833,6,7,0.5000,0.6000,803.3111,1
Evolution_Crossover,0.5278,10,5,0.5000,0.5429,895.4817,0
Evolution_Crossover,0.5556,6,8,0.6364,0.5714,803.3111,1
Evolution_Crossover,0.5556,9,7,0.4091,0.5714,869.1311,0
Evolution_Crossover,0.5833,11,7,0.4545,0.6000,869.1311,0
Evolution_Crossover,0.6389,11,7,0.4545,0.6571,854.7368,0
Evolution_Crossover,0.6389,8,7,0.5455,0.6571,803.3936,1
Evolution_Crossover,0.5278,8,6,0.5909,0.5429,876.2910,0
Evolution_Crossover,0.6111,8,9,0.4545,0.6000,885.7425,0
Evolution_Crossover,0.6667,10,5,0.5909,0.6857,820.8613,0
Evolution_Crossover,0.7500,15,9,0.5000,0.7429,828.7001,0
Evolution_Crossover,0.6389,13,7,0.5000,0.6571,863.9562,0
Evolution_Crossover,0.5000,7,6,0.4545,0.4857,820.5736,0
Evolution_Crossover,0.7222,14,8,0.5455,0.7143,846.5766,0
Evolution_Crossover,0.6389,12,6,0.4091,0.6571,820.7217,0
Evolution_Crossover,0.7222,12,7,0.5000,0.7429,811.3003,0
Evolution_Crossover,0.5000,11,7,0.5000,0.4857,862.7190,0
Evolution_Crossover,0.5556,5,7,0.6364,0.5714,834.8908,0
Evolution_Crossover,0.5556,6,8,0.5455,0.5714,820.4407,0
Evolution_Crossover,0.7222,14,8,0.5455,0.7143,846.5766,0
Evolution_Crossover,0.5000,5,6,0.5000,0.5143,863.6839,0
Evolution_Crossover,0.6944,10,6,0.5909,0.7143,878.6108,0
Evolution_Crossover,0.6667,10,6,0.5000,0.6571,882.5963,0
Evolution_Crossover,0.6944,12,7,0.5000,0.7143,827.4252,0
Evolution_Crossover,0.7222,14,8,0.4091,0.7143,855.3877,0
Evolution_Crossover,0.5556,10,7,0.5909,0.5714,877.9769,0
Evolution_Crossover,0.7500,12,8,0.5909,0.7714,797.4513,1
Evolution_Crossover,0.7222,13,7,0.5000,0.7429,797.4513,1
Evolution_Crossover,0.6111,9,7,0.5455,0.6286,872.7806,0
Evolution_Crossover,0.6111,12,6,0.5455,0.6286,847.3730,0
Evolution_Crossover,0.5000,5,6,0.6364,0.5143,856.2045,0
Evolution_Crossover,0.7500,13,9,0.5455,0.7714,797.8718,1
Evolution_Crossover,0.5833,9,4,0.5000,0.6000,842.3688,0
Evolution_Crossover,0.5833,9,5,0.5455,0.6000,805.8710,1
Evolution_Crossover,0.6389,10,4,0.5000,0.6571,869.5278,0
Evolution_Crossover,0.7222,14,9,0.5909,0.7429,812.6236,0
Evolution_Crossover,0.6389,11,5,0.5000,0.6571,797.4513,1
Evolution_Crossover,0.5833,8,9,0.5000,0.5714,816.7236,0
Evolution_Crossover,0.6111,7,8,0.4545,0.6000,818.6157,0
Evolution_Crossover,0.5556,9,6,0.4545,0.5714,816.5772,0
Evolution_Crossover,0.6944,12,4,0.4091,0.6857,853.5571,0
Evolution_Crossover,0.6389,13,8,0.5455,0.6571,890.1381,0
Evolution_Crossover,0.6389,8,7,0.5909,0.6286,861.3870,0
Evolution_Crossover,0.5556,9,8,0.5455,0.5714,797.4513,1
Evolution_Crossover,0.5278,9,5,0.4091,0.5429,810.5735,0
Evolution_Crossover,0.5000,4,7,0.4091,0.4857,803.3111,1
Evolution_Crossover,0.5833,4,7,0.4545,0.6000,803.3111,1
Evolution_Crossover,0.7778,12,9,0.5909,0.8000,797.8718,1
Evolution_Crossover,0.5278,6,8,0.5000,0.5429,810.5735,0
Evolution_Crossover,0.6667,10,7,0.5909,0.6857,893.3117,0
Evolution_Crossover,0.5278,9,5,0.5000,0.5429,858.1223,0
Evolution_Crossover,0.5833,10,5,0.5455,0.6000,819.5792,0
Evolution_Crossover,0.7500,16,9,0.5909,0.7429,817.8002,0
Evolution_Crossover,0.6667,11,5,0.5000,0.6857,839.0530,0
Evolution_Crossover,0.7778,15,7,0.5455,0.7714,872.6203,0
Evolution_Crossover,0.5278,6,4,0.5455,0.5429,893.2421,0
Evolution_Crossover,0.5000,7,7,0.5909,0.5143,828.5866,0
Evolution_Crossover,0.5556,9,6,0.4091,0.5714,830.7646,0
Evolution_Crossover,0.6389,12,8,0.5000,0.6571,843.4393,0
Evolution_Crossover,0.5556,11,6,0.5455,0.5714,868.4645,0
Evolution_Crossover,0.5000,6,7,0.4545,0.4857,829.7575,0
Evolution_Crossover,0.5556,8,9,0.5000,0.5429,869.6050,0
Evolution_Crossover,0.7778,16,8,0.5455,0.7714,810.5735,0
Evolution_Crossover,0.7222,13,6,0.5909,0.7429,833.0135,0
Evolution_Crossover,0.5000,2,7,0.5455,0.5143,810.5735,0
Evolution_Crossover,0.5833,11,8,0.5000,0.6000,851.2506,0
Evolution_Crossover,0.6111,11,5,0.5909,0.6286,803.3936,1
Evolution_Crossover,0.5278,5,5,0.5000,0.5429,865.6803,0
Evolution_Crossover,0.5278,7,5,0.4545,0.5429,836.0613,0
Evolution_Crossover,0.7222,13,9,0.5909,0.7429,850.6038,0
Evolution_Crossover,0.7500,16,8,0.5000,0.7429,797.8718,1
Evolution_Crossover,0.5278,5,6,0.5000,0.5143,909.2864,0
Evolution_Crossover,0.6389,9,5,0.5455,0.6571,840.1628,0
Evolution_Crossover,0.5556,9,4,0.5000,0.5714,935.6384,0
Evolution_Crossover,0.7778,13,7,0.5909,0.8000,865.6803,0
