timestamp,open,high,low,close,volume
2026-01-14 03:45:00,2156.199951171875,2160.0,2145.199951171875,2157.10009765625,0
2026-01-14 03:50:00,2157.0,2162.699951171875,2155.5,2159.10009765625,9964
2026-01-14 03:55:00,2159.10009765625,2159.89990234375,2156.5,2159.699951171875,6515
2026-01-14 04:00:00,2158.89990234375,2161.39990234375,2153.800048828125,2153.800048828125,7794
2026-01-14 04:05:00,2153.89990234375,2156.89990234375,2153.300048828125,2155.0,5167
2026-01-14 04:10:00,2156.39990234375,2156.39990234375,2150.39990234375,2151.199951171875,7356
2026-01-14 04:15:00,2151.10009765625,2153.39990234375,2150.10009765625,2152.5,10080
2026-01-14 04:20:00,2151.300048828125,2157.0,2151.300048828125,2157.0,9253
2026-01-14 04:25:00,2159.60009765625,2163.300048828125,2158.10009765625,2159.60009765625,15847
2026-01-14 04:30:00,2160.0,2160.5,2156.800048828125,2158.89990234375,6889
2026-01-14 04:35:00,2159.300048828125,2159.5,2154.300048828125,2156.5,5762
2026-01-14 04:40:00,2156.5,2156.5,2153.699951171875,2155.0,4032
2026-01-14 04:45:00,2154.300048828125,2155.0,2147.0,2148.10009765625,14706
2026-01-14 04:50:00,2147.800048828125,2151.5,2146.60009765625,2151.0,8766
2026-01-14 04:55:00,2150.60009765625,2155.0,2149.60009765625,2154.800048828125,9261
2026-01-14 05:00:00,2155.800048828125,2160.0,2152.5,2158.60009765625,9548
2026-01-14 05:05:00,2158.60009765625,2160.800048828125,2157.0,2158.89990234375,6492
2026-01-14 05:10:00,2158.89990234375,2164.699951171875,2158.10009765625,2159.39990234375,10353
2026-01-14 05:15:00,2160.300048828125,2161.300048828125,2156.5,2159.699951171875,5041
2026-01-14 05:20:00,2159.89990234375,2166.0,2159.89990234375,2163.39990234375,12371
2026-01-14 05:25:00,2163.39990234375,2168.0,2162.800048828125,2168.0,8411
2026-01-14 05:30:00,2168.0,2169.0,2165.5,2167.0,10803
2026-01-14 05:35:00,2167.39990234375,2167.5,2163.300048828125,2164.10009765625,8307
2026-01-14 05:40:00,2164.10009765625,2165.0,2162.60009765625,2162.699951171875,3733
2026-01-14 05:45:00,2162.800048828125,2167.5,2162.800048828125,2165.89990234375,4780
2026-01-14 05:50:00,2165.89990234375,2166.89990234375,2163.300048828125,2163.300048828125,4922
2026-01-14 05:55:00,2162.199951171875,2166.0,2161.0,2165.5,4638
2026-01-14 06:00:00,2165.5,2166.0,2161.0,2163.800048828125,3158
2026-01-14 06:05:00,2164.300048828125,2164.699951171875,2161.5,2164.39990234375,4314
2026-01-14 06:10:00,2164.39990234375,2164.800048828125,2161.699951171875,2162.5,2850
2026-01-14 06:15:00,2162.0,2165.0,2161.0,2165.0,5111
2026-01-14 06:20:00,2165.0,2165.10009765625,2162.699951171875,2164.5,3768
2026-01-14 06:25:00,2163.199951171875,2165.60009765625,2163.10009765625,2163.199951171875,3483
2026-01-14 06:30:00,2163.699951171875,2166.0,2163.699951171875,2166.0,2456
2026-01-14 06:35:00,2165.5,2166.60009765625,2160.800048828125,2161.0,19415
2026-01-14 06:40:00,2161.10009765625,2161.5,2155.5,2157.39990234375,13800
2026-01-14 06:45:00,2157.39990234375,2159.800048828125,2155.0,2159.800048828125,4403
2026-01-14 06:50:00,2159.89990234375,2160.89990234375,2159.0,2159.10009765625,2611
2026-01-14 06:55:00,2159.39990234375,2160.89990234375,2157.10009765625,2158.199951171875,3263
2026-01-14 07:00:00,2158.0,2160.699951171875,2157.199951171875,2160.699951171875,3227
2026-01-14 07:05:00,2160.60009765625,2163.300048828125,2160.39990234375,2162.300048828125,3127
2026-01-14 07:10:00,2163.199951171875,2163.199951171875,2158.699951171875,2158.699951171875,3445
2026-01-14 07:15:00,2159.89990234375,2161.0,2158.39990234375,2158.39990234375,15108
2026-01-14 07:20:00,2159.0,2159.60009765625,2156.39990234375,2157.60009765625,4377
2026-01-14 07:25:00,2157.60009765625,2158.60009765625,2155.5,2157.199951171875,6792
2026-01-14 07:30:00,2157.800048828125,2159.0,2155.800048828125,2157.60009765625,4622
2026-01-14 07:35:00,2157.89990234375,2160.300048828125,2157.199951171875,2160.300048828125,3340
2026-01-14 07:40:00,2160.199951171875,2160.89990234375,2157.39990234375,2159.199951171875,3400
2026-01-14 07:45:00,2158.800048828125,2160.800048828125,2155.199951171875,2155.89990234375,17577
2026-01-14 07:50:00,2156.0,2156.0,2152.89990234375,2153.0,7498
2026-01-14 07:55:00,2151.10009765625,2154.39990234375,2149.699951171875,2151.699951171875,22349
2026-01-14 08:00:00,2152.699951171875,2152.800048828125,2150.0,2151.60009765625,5457
2026-01-14 08:05:00,2151.300048828125,2152.89990234375,2150.0,2151.39990234375,4565
2026-01-14 08:10:00,2150.699951171875,2154.0,2150.300048828125,2151.5,4838
2026-01-14 08:15:00,2150.5,2152.39990234375,2149.300048828125,2151.0,3516
2026-01-14 08:20:00,2151.0,2152.699951171875,2148.699951171875,2149.800048828125,4860
2026-01-14 08:25:00,2149.800048828125,2150.699951171875,2148.10009765625,2150.300048828125,5672
2026-01-14 08:30:00,2149.89990234375,2152.199951171875,2148.699951171875,2148.699951171875,7322
2026-01-14 08:35:00,2148.60009765625,2150.300048828125,2147.60009765625,2149.800048828125,4588
2026-01-14 08:40:00,2149.800048828125,2153.39990234375,2149.300048828125,2151.5,6590
2026-01-14 08:45:00,2152.300048828125,2153.300048828125,2149.199951171875,2149.199951171875,5697
2026-01-14 08:50:00,2149.10009765625,2149.10009765625,2143.0,2143.0,16172
2026-01-14 08:55:00,2142.60009765625,2145.699951171875,2142.10009765625,2144.5,8845
2026-01-14 09:00:00,2144.5,2148.0,2143.89990234375,2147.0,3492
2026-01-14 09:05:00,2146.300048828125,2152.199951171875,2146.300048828125,2151.300048828125,11843
2026-01-14 09:10:00,2151.39990234375,2154.89990234375,2150.0,2154.0,8106
2026-01-14 09:15:00,2156.199951171875,2160.89990234375,2155.0,2159.0,18263
2026-01-14 09:20:00,2160.0,2160.0,2156.60009765625,2157.5,11573
2026-01-14 09:25:00,2157.699951171875,2160.0,2153.699951171875,2156.39990234375,17114
2026-01-14 09:30:00,2157.699951171875,2157.699951171875,2150.89990234375,2154.800048828125,10726
2026-01-14 09:35:00,2155.0,2155.800048828125,2152.199951171875,2153.5,11329
2026-01-14 09:40:00,2153.300048828125,2154.800048828125,2151.60009765625,2154.699951171875,5848
2026-01-14 09:45:00,2155.60009765625,2155.699951171875,2151.0,2152.699951171875,14415
2026-01-14 09:50:00,2152.199951171875,2153.0,2151.199951171875,2151.89990234375,11238
2026-01-14 09:55:00,2152.0,2154.39990234375,2151.699951171875,2153.300048828125,0
2026-01-16 03:45:00,2161.0,2168.699951171875,2161.0,2164.5,0
2026-01-16 03:50:00,2165.300048828125,2167.800048828125,2164.60009765625,2165.800048828125,17428
2026-01-16 03:55:00,2165.199951171875,2165.89990234375,2161.0,2161.800048828125,10622
2026-01-16 04:00:00,2161.60009765625,2161.60009765625,2157.10009765625,2158.300048828125,10531
2026-01-16 04:05:00,2158.300048828125,2162.89990234375,2156.5,2160.39990234375,7682
2026-01-16 04:10:00,2160.699951171875,2162.0,2159.39990234375,2161.199951171875,5798
2026-01-16 04:15:00,2160.800048828125,2163.5,2160.0,2163.5,9989
2026-01-16 04:20:00,2163.300048828125,2175.0,2163.300048828125,2175.0,25134
2026-01-16 04:25:00,2175.0,2176.10009765625,2169.89990234375,2170.199951171875,17158
2026-01-16 04:30:00,2169.300048828125,2179.5,2169.300048828125,2177.0,15537
2026-01-16 04:35:00,2177.60009765625,2177.89990234375,2171.10009765625,2175.199951171875,8997
2026-01-16 04:40:00,2175.39990234375,2180.60009765625,2174.0,2179.89990234375,17665
2026-01-16 04:45:00,2179.300048828125,2190.0,2177.5,2188.89990234375,36579
2026-01-16 04:50:00,2188.89990234375,2190.10009765625,2184.199951171875,2185.10009765625,23011
2026-01-16 04:55:00,2184.5,2187.89990234375,2183.10009765625,2186.699951171875,11054
2026-01-16 05:00:00,2187.89990234375,2189.199951171875,2186.0,2188.699951171875,7933
2026-01-16 05:05:00,2189.0,2192.10009765625,2185.800048828125,2185.800048828125,14480
2026-01-16 05:10:00,2185.800048828125,2187.89990234375,2183.199951171875,2183.800048828125,11121
2026-01-16 05:15:00,2184.39990234375,2188.0,2184.300048828125,2186.800048828125,6858
2026-01-16 05:20:00,2187.0,2187.0,2183.300048828125,2185.10009765625,16283
2026-01-16 05:25:00,2185.89990234375,2188.800048828125,2185.5,2186.199951171875,8916
2026-01-16 05:30:00,2187.199951171875,2189.89990234375,2185.0,2188.300048828125,17135
2026-01-16 05:35:00,2188.39990234375,2189.39990234375,2186.89990234375,2188.89990234375,5964
2026-01-16 05:40:00,2188.60009765625,2189.0,2184.39990234375,2185.800048828125,6028
2026-01-16 05:45:00,2185.300048828125,2188.0,2185.10009765625,2186.39990234375,3586
2026-01-16 05:50:00,2186.5,2187.39990234375,2183.800048828125,2185.0,6502
2026-01-16 05:55:00,2184.39990234375,2185.300048828125,2183.300048828125,2184.199951171875,7592
2026-01-16 06:00:00,2185.0,2187.89990234375,2185.0,2186.199951171875,4031
2026-01-16 06:05:00,2186.0,2186.699951171875,2184.0,2186.0,2264
2026-01-16 06:10:00,2186.800048828125,2191.0,2186.0,2190.699951171875,8740
2026-01-16 06:15:00,2190.39990234375,2191.60009765625,2188.0,2189.39990234375,6511
2026-01-16 06:20:00,2189.0,2193.0,2188.60009765625,2192.0,11945
2026-01-16 06:25:00,2191.699951171875,2193.89990234375,2188.699951171875,2189.89990234375,8724
2026-01-16 06:30:00,2190.60009765625,2191.60009765625,2186.39990234375,2188.199951171875,6317
2026-01-16 06:35:00,2188.39990234375,2189.89990234375,2187.300048828125,2188.699951171875,4539
2026-01-16 06:40:00,2189.199951171875,2189.39990234375,2186.699951171875,2189.199951171875,2857
2026-01-16 06:45:00,2189.199951171875,2190.5,2187.39990234375,2188.699951171875,7397
2026-01-16 06:50:00,2188.800048828125,2189.89990234375,2186.199951171875,2186.199951171875,3003
2026-01-16 06:55:00,2186.89990234375,2187.5,2178.699951171875,2181.0,15691
2026-01-16 07:00:00,2179.60009765625,2183.800048828125,2179.60009765625,2183.0,5655
2026-01-16 07:05:00,2183.39990234375,2184.39990234375,2181.0,2181.5,4051
2026-01-16 07:10:00,2181.89990234375,2183.39990234375,2180.199951171875,2181.800048828125,3722
2026-01-16 07:15:00,2182.39990234375,2182.800048828125,2179.89990234375,2179.89990234375,3860
2026-01-16 07:20:00,2180.0,2181.699951171875,2178.5,2180.89990234375,8911
2026-01-16 07:25:00,2181.60009765625,2181.60009765625,2178.699951171875,2179.39990234375,3552
2026-01-16 07:30:00,2179.39990234375,2179.800048828125,2176.699951171875,2177.699951171875,7161
2026-01-16 07:35:00,2177.39990234375,2179.39990234375,2176.5,2177.5,4585
2026-01-16 07:40:00,2177.39990234375,2178.89990234375,2176.0,2177.699951171875,4885
2026-01-16 07:45:00,2177.89990234375,2178.300048828125,2175.0,2176.199951171875,5626
2026-01-16 07:50:00,2175.89990234375,2176.89990234375,2174.60009765625,2175.699951171875,3884
2026-01-16 07:55:00,2175.300048828125,2175.300048828125,2170.0,2174.10009765625,7856
2026-01-16 08:00:00,2172.89990234375,2175.699951171875,2171.5,2173.300048828125,4492
2026-01-16 08:05:00,2173.300048828125,2173.60009765625,2171.0,2172.699951171875,3986
2026-01-16 08:10:00,2172.89990234375,2174.10009765625,2170.0,2171.5,4692
2026-01-16 08:15:00,2171.5,2174.10009765625,2170.10009765625,2172.0,4027
2026-01-16 08:20:00,2172.300048828125,2173.5,2168.199951171875,2169.5,5693
2026-01-16 08:25:00,2170.300048828125,2171.199951171875,2167.5,2170.0,12026
2026-01-16 08:30:00,2170.0,2170.0,2166.0,2166.800048828125,15339
2026-01-16 08:35:00,2165.699951171875,2169.39990234375,2165.199951171875,2166.0,5881
2026-01-16 08:40:00,2165.89990234375,2168.699951171875,2165.199951171875,2165.5,3228
2026-01-16 08:45:00,2165.5,2165.5,2162.0,2164.60009765625,13748
2026-01-16 08:50:00,2164.5,2164.5,2159.5,2162.0,13915
2026-01-16 08:55:00,2162.699951171875,2164.39990234375,2160.0,2161.5,4950
2026-01-16 09:00:00,2161.5,2162.800048828125,2158.300048828125,2159.300048828125,6466
2026-01-16 09:05:00,2158.89990234375,2163.0,2155.10009765625,2162.300048828125,10237
2026-01-16 09:10:00,2163.0,2164.699951171875,2162.0,2162.89990234375,7900
2026-01-16 09:15:00,2163.800048828125,2165.800048828125,2162.5,2163.0,10869
2026-01-16 09:20:00,2163.699951171875,2165.800048828125,2161.39990234375,2164.89990234375,9457
2026-01-16 09:25:00,2165.300048828125,2168.39990234375,2164.300048828125,2167.300048828125,14600
2026-01-16 09:30:00,2163.699951171875,2164.89990234375,2161.300048828125,2161.5,11099
2026-01-16 09:35:00,2161.89990234375,2161.89990234375,2159.0,2159.39990234375,7183
2026-01-16 09:40:00,2158.39990234375,2163.39990234375,2156.800048828125,2156.89990234375,28198
2026-01-16 09:45:00,2156.800048828125,2157.199951171875,2153.300048828125,2153.699951171875,22066
2026-01-16 09:50:00,2153.60009765625,2155.89990234375,2152.10009765625,2153.800048828125,17382
2026-01-16 09:55:00,2154.0,2158.699951171875,2152.199951171875,2157.10009765625,17022
2026-01-19 03:45:00,2150.10009765625,2154.39990234375,2140.0,2153.10009765625,0
2026-01-19 03:50:00,2151.39990234375,2156.0,2145.89990234375,2147.0,26569
2026-01-19 03:55:00,2146.800048828125,2150.60009765625,2145.0,2145.39990234375,9439
2026-01-19 04:00:00,2147.10009765625,2149.39990234375,2138.199951171875,2148.699951171875,33769
2026-01-19 04:05:00,2148.300048828125,2149.199951171875,2143.300048828125,2143.60009765625,8320
2026-01-19 04:10:00,2143.60009765625,2144.0,2140.10009765625,2143.199951171875,19487
2026-01-19 04:15:00,2143.199951171875,2143.199951171875,2139.10009765625,2140.699951171875,7168
2026-01-19 04:20:00,2140.699951171875,2151.39990234375,2139.5,2148.0,9546
2026-01-19 04:25:00,2147.699951171875,2149.0,2142.5,2143.199951171875,14964
2026-01-19 04:30:00,2142.300048828125,2144.0,2139.5,2143.39990234375,6538
2026-01-19 04:35:00,2143.699951171875,2148.0,2140.89990234375,2147.60009765625,8655
2026-01-19 04:40:00,2147.10009765625,2149.89990234375,2145.10009765625,2146.60009765625,7964
2026-01-19 04:45:00,2146.60009765625,2147.60009765625,2140.89990234375,2143.0,8350
2026-01-19 04:50:00,2143.0,2143.300048828125,2136.10009765625,2137.10009765625,17326
2026-01-19 04:55:00,2137.89990234375,2138.300048828125,2133.0,2134.60009765625,18561
2026-01-19 05:00:00,2134.39990234375,2136.0,2132.699951171875,2134.300048828125,17261
2026-01-19 05:05:00,2133.699951171875,2134.800048828125,2128.199951171875,2129.5,27354
2026-01-19 05:10:00,2129.699951171875,2134.0,2129.5,2133.199951171875,12413
2026-01-19 05:15:00,2133.199951171875,2134.0,2131.5,2131.800048828125,7276
2026-01-19 05:20:00,2131.800048828125,2134.5,2129.699951171875,2134.0,10325
2026-01-19 05:25:00,2135.0,2136.5,2132.699951171875,2135.10009765625,9454
2026-01-19 05:30:00,2134.0,2143.39990234375,2133.0,2141.0,14849
2026-01-19 05:35:00,2141.39990234375,2142.0,2138.60009765625,2140.199951171875,6410
2026-01-19 05:40:00,2140.0,2141.89990234375,2138.300048828125,2140.699951171875,5236
2026-01-19 05:45:00,2157.300048828125,2157.300048828125,2135.60009765625,2135.800048828125,4341
2026-01-19 05:50:00,2135.800048828125,2135.89990234375,2131.300048828125,2133.39990234375,4922
2026-01-19 05:55:00,2133.39990234375,2135.300048828125,2132.89990234375,2135.10009765625,5456
2026-01-19 06:00:00,2134.699951171875,2134.699951171875,2131.300048828125,2133.800048828125,5302
2026-01-19 06:05:00,2134.10009765625,2136.89990234375,2133.699951171875,2136.89990234375,3181
2026-01-19 06:10:00,2136.89990234375,2140.0,2133.10009765625,2139.699951171875,12313
2026-01-19 06:15:00,2139.5,2141.10009765625,2137.60009765625,2140.89990234375,4943
2026-01-19 06:20:00,2141.0,2142.0,2139.39990234375,2141.199951171875,4310
2026-01-19 06:25:00,2140.300048828125,2141.0,2135.199951171875,2136.699951171875,4304
2026-01-19 06:30:00,2136.699951171875,2136.699951171875,2132.60009765625,2134.10009765625,3473
2026-01-19 06:35:00,2132.800048828125,2134.10009765625,2130.10009765625,2131.89990234375,7978
2026-01-19 06:40:00,2131.300048828125,2133.699951171875,2130.0,2133.699951171875,8290
2026-01-19 06:45:00,2132.39990234375,2135.89990234375,2131.10009765625,2134.10009765625,10298
2026-01-19 06:50:00,2133.89990234375,2134.5,2130.800048828125,2131.0,8675
2026-01-19 06:55:00,2130.800048828125,2131.199951171875,2127.199951171875,2130.60009765625,15788
2026-01-19 07:00:00,2130.800048828125,2131.10009765625,2126.10009765625,2128.10009765625,12873
2026-01-19 07:05:00,2128.0,2128.60009765625,2125.0,2125.89990234375,11433
2026-01-19 07:10:00,2126.0,2131.60009765625,2126.0,2131.5,3453
2026-01-19 07:15:00,2131.60009765625,2132.5,2128.199951171875,2129.60009765625,3601
2026-01-19 07:20:00,2129.39990234375,2134.0,2128.0,2132.5,4279
2026-01-19 07:25:00,2133.199951171875,2134.5,2132.800048828125,2134.10009765625,7028
2026-01-19 07:30:00,2134.10009765625,2136.800048828125,2133.0,2135.0,8785
2026-01-19 07:35:00,2134.800048828125,2135.0,2131.5,2133.89990234375,4119
2026-01-19 07:40:00,2134.0,2134.10009765625,2131.0,2133.10009765625,4192
2026-01-19 07:45:00,2133.10009765625,2133.300048828125,2132.199951171875,2133.199951171875,2771
2026-01-19 07:50:00,2133.89990234375,2135.699951171875,2133.60009765625,2134.10009765625,3726
2026-01-19 07:55:00,2134.0,2134.39990234375,2130.5,2132.699951171875,6581
2026-01-19 08:00:00,2132.699951171875,2137.699951171875,2132.60009765625,2137.300048828125,6571
2026-01-19 08:05:00,2137.0,2137.800048828125,2135.89990234375,2137.800048828125,4014
2026-01-19 08:10:00,2137.800048828125,2139.300048828125,2136.89990234375,2138.10009765625,9084
2026-01-19 08:15:00,2138.699951171875,2141.5,2137.5,2140.5,9908
2026-01-19 08:20:00,2140.199951171875,2146.10009765625,2140.199951171875,2141.89990234375,14855
2026-01-19 08:25:00,2141.89990234375,2142.89990234375,2139.39990234375,2139.800048828125,3795
2026-01-19 08:30:00,2140.0,2143.39990234375,2140.0,2142.0,4917
2026-01-19 08:35:00,2142.0,2144.0,2141.300048828125,2141.89990234375,7261
2026-01-19 08:40:00,2141.39990234375,2141.89990234375,2137.0,2137.699951171875,6896
2026-01-19 08:45:00,2137.699951171875,2139.39990234375,2136.10009765625,2139.0,8226
2026-01-19 08:50:00,2138.5,2140.5,2135.39990234375,2136.300048828125,3966
2026-01-19 08:55:00,2136.0,2136.60009765625,2133.60009765625,2134.199951171875,5983
2026-01-19 09:00:00,2134.5,2137.300048828125,2134.5,2136.699951171875,3906
2026-01-19 09:05:00,2136.0,2139.699951171875,2134.699951171875,2139.0,4692
2026-01-19 09:10:00,2139.0,2143.0,2138.199951171875,2143.0,12427
2026-01-19 09:15:00,2142.60009765625,2147.89990234375,2141.800048828125,2145.800048828125,20915
2026-01-19 09:20:00,2145.5,2147.89990234375,2144.300048828125,2147.60009765625,7854
2026-01-19 09:25:00,2147.800048828125,2149.199951171875,2143.0,2145.10009765625,17639
2026-01-19 09:30:00,2145.199951171875,2146.199951171875,2140.199951171875,2141.199951171875,9426
2026-01-19 09:35:00,2140.60009765625,2141.199951171875,2137.800048828125,2137.800048828125,8391
2026-01-19 09:40:00,2138.300048828125,2138.60009765625,2135.0,2135.5,11264
2026-01-19 09:45:00,2133.39990234375,2135.39990234375,2132.0,2133.199951171875,13086
2026-01-19 09:50:00,2132.10009765625,2133.39990234375,2130.300048828125,2131.699951171875,24548
2026-01-19 09:55:00,2130.699951171875,2131.800048828125,2128.5,2129.0,11545
2026-01-20 03:45:00,2133.800048828125,2139.39990234375,2130.800048828125,2132.0,0
2026-01-20 03:50:00,2130.800048828125,2135.0,2122.0,2122.0,23319
2026-01-20 03:55:00,2122.0,2124.800048828125,2117.199951171875,2118.199951171875,22190
2026-01-20 04:00:00,2118.300048828125,2119.39990234375,2112.10009765625,2113.800048828125,19916
2026-01-20 04:05:00,2114.300048828125,2115.39990234375,2105.5,2106.0,20171
2026-01-20 04:10:00,2105.199951171875,2111.800048828125,2105.199951171875,2109.89990234375,24290
2026-01-20 04:15:00,2109.0,2112.39990234375,2107.199951171875,2110.0,10996
2026-01-20 04:20:00,2109.39990234375,2113.300048828125,2106.800048828125,2107.800048828125,21247
2026-01-20 04:25:00,2107.800048828125,2111.0,2103.89990234375,2109.10009765625,23593
2026-01-20 04:30:00,2109.5,2119.199951171875,2107.800048828125,2117.39990234375,14032
2026-01-20 04:35:00,2118.5,2120.800048828125,2115.10009765625,2118.39990234375,13638
2026-01-20 04:40:00,2119.10009765625,2122.5,2117.10009765625,2117.199951171875,13400
2026-01-20 04:45:00,2118.0,2118.699951171875,2110.300048828125,2115.0,10609
2026-01-20 04:50:00,2113.699951171875,2116.199951171875,2110.89990234375,2111.0,8504
2026-01-20 04:55:00,2111.0,2117.300048828125,2108.39990234375,2110.0,10474
2026-01-20 05:00:00,2110.60009765625,2111.800048828125,2106.800048828125,2109.699951171875,11063
2026-01-20 05:05:00,2109.699951171875,2118.0,2108.5,2114.60009765625,10843
2026-01-20 05:10:00,2115.0,2116.89990234375,2111.10009765625,2113.60009765625,4455
2026-01-20 05:15:00,2113.5,2115.10009765625,2111.60009765625,2112.0,2741
2026-01-20 05:20:00,2112.0,2114.39990234375,2110.0,2110.89990234375,5237
2026-01-20 05:25:00,2110.300048828125,2111.199951171875,2109.0,2110.0,5556
2026-01-20 05:30:00,2110.60009765625,2113.300048828125,2108.39990234375,2108.5,20601
2026-01-20 05:35:00,2108.699951171875,2109.60009765625,2106.89990234375,2107.60009765625,5352
2026-01-20 05:40:00,2107.60009765625,2109.39990234375,2105.300048828125,2105.5,10310
2026-01-20 05:45:00,2105.300048828125,2112.39990234375,2105.300048828125,2108.39990234375,12121
2026-01-20 05:50:00,2108.39990234375,2110.89990234375,2108.10009765625,2110.199951171875,3125
2026-01-20 05:55:00,2110.5,2112.800048828125,2109.300048828125,2111.5,3224
2026-01-20 06:00:00,2112.199951171875,2113.0,2110.89990234375,2111.10009765625,3529
2026-01-20 06:05:00,2111.10009765625,2114.10009765625,2111.10009765625,2112.5,2838
2026-01-20 06:10:00,2113.0,2113.0,2110.699951171875,2111.699951171875,3035
2026-01-20 06:15:00,2111.699951171875,2111.699951171875,2108.60009765625,2110.699951171875,4669
2026-01-20 06:20:00,2110.699951171875,2114.89990234375,2110.10009765625,2113.60009765625,4842
2026-01-20 06:25:00,2113.699951171875,2113.699951171875,2109.199951171875,2109.699951171875,5329
2026-01-20 06:30:00,2108.800048828125,2109.699951171875,2104.199951171875,2104.199951171875,23875
2026-01-20 06:35:00,2104.10009765625,2104.699951171875,2100.199951171875,2100.39990234375,21556
2026-01-20 06:40:00,2100.699951171875,2102.10009765625,2098.800048828125,2101.0,20748
2026-01-20 06:45:00,2101.0,2102.89990234375,2099.10009765625,2100.0,9498
2026-01-20 06:50:00,2101.10009765625,2102.89990234375,2099.39990234375,2102.89990234375,9533
2026-01-20 06:55:00,2102.5,2104.60009765625,2101.800048828125,2103.199951171875,4230
2026-01-20 07:00:00,2103.800048828125,2104.199951171875,2101.800048828125,2102.39990234375,6383
2026-01-20 07:05:00,2102.39990234375,2102.39990234375,2099.800048828125,2100.10009765625,4284
2026-01-20 07:10:00,2100.0,2101.699951171875,2098.0,2099.699951171875,7190
2026-01-20 07:15:00,2099.699951171875,2103.800048828125,2099.5,2102.5,5916
2026-01-20 07:20:00,2103.300048828125,2104.60009765625,2102.10009765625,2102.89990234375,6924
2026-01-20 07:25:00,2103.60009765625,2104.800048828125,2102.10009765625,2103.199951171875,3782
2026-01-20 07:30:00,2103.10009765625,2104.300048828125,2101.39990234375,2102.39990234375,4332
2026-01-20 07:35:00,2102.5,2102.800048828125,2098.60009765625,2099.0,6545
2026-01-20 07:40:00,2099.5,2100.800048828125,2095.0,2096.0,9399
2026-01-20 07:45:00,2096.0,2096.800048828125,2093.10009765625,2095.699951171875,10202
2026-01-20 07:50:00,2096.89990234375,2100.89990234375,2095.800048828125,2097.800048828125,14072
2026-01-20 07:55:00,2097.89990234375,2098.699951171875,2096.39990234375,2097.60009765625,7330
2026-01-20 08:00:00,2097.60009765625,2098.0,2092.60009765625,2092.699951171875,5697
2026-01-20 08:05:00,2092.699951171875,2093.39990234375,2088.10009765625,2089.5,17584
2026-01-20 08:10:00,2089.5,2089.5,2082.0,2083.699951171875,27192
2026-01-20 08:15:00,2083.699951171875,2084.5,2080.0,2081.60009765625,14559
2026-01-20 08:20:00,2080.89990234375,2082.699951171875,2080.0,2080.60009765625,8844
2026-01-20 08:25:00,2080.5,2081.10009765625,2078.0,2079.0,16620
2026-01-20 08:30:00,2079.0,2080.0,2070.0,2078.5,45814
2026-01-20 08:35:00,2078.199951171875,2078.199951171875,2070.0,2072.89990234375,11446
2026-01-20 08:40:00,2073.0,2074.5,2070.0,2073.39990234375,14984
2026-01-20 08:45:00,2073.0,2075.5,2072.199951171875,2073.5,17751
2026-01-20 08:50:00,2073.699951171875,2076.300048828125,2071.699951171875,2075.199951171875,11647
2026-01-20 08:55:00,2075.199951171875,2082.699951171875,2075.0,2082.0,18417
2026-01-20 09:00:00,2081.60009765625,2083.0,2080.0,2082.800048828125,12653
2026-01-20 09:05:00,2083.199951171875,2085.10009765625,2081.60009765625,2083.89990234375,17399
2026-01-20 09:10:00,2083.89990234375,2084.699951171875,2077.10009765625,2079.89990234375,37208
2026-01-20 09:15:00,2080.10009765625,2083.0,2078.199951171875,2083.0,13396
2026-01-20 09:20:00,2083.0,2084.89990234375,2079.0,2082.60009765625,12209
2026-01-20 09:25:00,2082.60009765625,2083.39990234375,2075.300048828125,2075.300048828125,10576
2026-01-20 09:30:00,2074.10009765625,2074.800048828125,2064.0,2065.39990234375,48352
2026-01-20 09:35:00,2065.60009765625,2066.0,2060.199951171875,2062.0,39904
2026-01-20 09:40:00,2061.89990234375,2062.60009765625,2055.300048828125,2056.0,30079
2026-01-20 09:45:00,2056.0,2056.39990234375,2050.10009765625,2050.5,52115
2026-01-20 09:50:00,2051.300048828125,2051.89990234375,2041.199951171875,2047.0,50602
2026-01-20 09:55:00,2046.5,2057.0,2040.4000244140625,2055.10009765625,64739
2026-01-21 03:45:00,2054.89990234375,2068.199951171875,2054.60009765625,2063.5,0
2026-01-21 03:50:00,2062.699951171875,2065.800048828125,2050.0,2057.699951171875,47361
2026-01-21 03:55:00,2058.699951171875,2067.5,2056.89990234375,2058.5,34817
2026-01-21 04:00:00,2057.699951171875,2063.89990234375,2054.199951171875,2059.699951171875,29421
2026-01-21 04:05:00,2060.199951171875,2061.10009765625,2048.5,2049.10009765625,43557
2026-01-21 04:10:00,2049.0,2053.300048828125,2044.5999755859375,2046.4000244140625,38347
2026-01-21 04:15:00,2047.0999755859375,2052.60009765625,2043.0,2047.800048828125,37872
2026-01-21 04:20:00,2047.4000244140625,2053.89990234375,2043.0999755859375,2043.9000244140625,16122
2026-01-21 04:25:00,2044.5999755859375,2053.39990234375,2043.0999755859375,2045.9000244140625,13445
2026-01-21 04:30:00,2045.300048828125,2051.10009765625,2043.0999755859375,2047.9000244140625,11785
2026-01-21 04:35:00,2048.60009765625,2053.60009765625,2046.800048828125,2051.199951171875,14308
2026-01-21 04:40:00,2051.60009765625,2055.199951171875,2044.800048828125,2050.699951171875,20128
2026-01-21 04:45:00,2050.10009765625,2053.199951171875,2046.0,2048.5,7602
2026-01-21 04:50:00,2048.699951171875,2051.60009765625,2044.800048828125,2049.89990234375,11284
2026-01-21 04:55:00,2049.60009765625,2052.0,2043.0,2043.5,15256
2026-01-21 05:00:00,2043.0,2044.9000244140625,2041.0,2041.699951171875,19301
2026-01-21 05:05:00,2041.199951171875,2045.0,2032.0,2033.5999755859375,37275
2026-01-21 05:10:00,2033.4000244140625,2033.5999755859375,2022.0,2022.800048828125,42425
2026-01-21 05:15:00,2021.5999755859375,2026.5,2019.0,2020.0,27217
2026-01-21 05:20:00,2019.699951171875,2022.800048828125,2012.4000244140625,2012.699951171875,23048
2026-01-21 05:25:00,2012.699951171875,2013.699951171875,2005.300048828125,2013.0,47111
2026-01-21 05:30:00,2013.5,2024.0,2012.4000244140625,2022.5,18477
2026-01-21 05:35:00,2022.5,2022.5,2015.5999755859375,2017.0,14233
2026-01-21 05:40:00,2016.800048828125,2026.800048828125,2016.5,2021.9000244140625,19665
2026-01-21 05:45:00,2022.0,2025.699951171875,2019.5999755859375,2024.9000244140625,14065
2026-01-21 05:50:00,2025.0999755859375,2026.199951171875,2020.9000244140625,2023.5,8183
2026-01-21 05:55:00,2023.699951171875,2025.0,2021.0,2021.4000244140625,7814
2026-01-21 06:00:00,2022.5999755859375,2030.9000244140625,2021.300048828125,2027.0,14435
2026-01-21 06:05:00,2027.0,2031.4000244140625,2024.0,2024.800048828125,8929
2026-01-21 06:10:00,2024.5999755859375,2026.5999755859375,2023.0,2023.9000244140625,5168
2026-01-21 06:15:00,2023.9000244140625,2029.300048828125,2020.0999755859375,2021.0,25202
2026-01-21 06:20:00,2021.0,2023.5,2019.300048828125,2020.0,11084
2026-01-21 06:25:00,2020.0,2025.5,2019.5,2024.800048828125,9053
2026-01-21 06:30:00,2024.800048828125,2034.5,2024.300048828125,2033.699951171875,18458
2026-01-21 06:35:00,2034.0,2042.0,2034.0,2041.199951171875,16576
2026-01-21 06:40:00,2042.199951171875,2042.800048828125,2040.0999755859375,2042.699951171875,6539
2026-01-21 06:45:00,2041.9000244140625,2045.199951171875,2040.0,2041.9000244140625,18274
2026-01-21 06:50:00,2042.0,2044.5,2038.5999755859375,2043.4000244140625,5424
2026-01-21 06:55:00,2043.0999755859375,2043.0999755859375,2035.0,2038.5,18992
2026-01-21 07:00:00,2039.0,2044.5999755859375,2038.0999755859375,2044.300048828125,13756
2026-01-21 07:05:00,2044.9000244140625,2053.800048828125,2043.800048828125,2053.0,16394
2026-01-21 07:10:00,2052.10009765625,2057.60009765625,2052.10009765625,2057.0,16513
2026-01-21 07:15:00,2056.0,2062.60009765625,2056.0,2061.39990234375,26322
2026-01-21 07:20:00,2061.699951171875,2062.60009765625,2057.0,2060.699951171875,9210
2026-01-21 07:25:00,2061.300048828125,2064.0,2060.0,2063.60009765625,16479
2026-01-21 07:30:00,2063.5,2065.0,2061.800048828125,2064.300048828125,22062
2026-01-21 07:35:00,2064.300048828125,2064.800048828125,2056.60009765625,2056.60009765625,10140
2026-01-21 07:40:00,2057.10009765625,2057.199951171875,2053.0,2053.800048828125,14417
2026-01-21 07:45:00,2054.699951171875,2054.699951171875,2049.39990234375,2053.10009765625,16704
2026-01-21 07:50:00,2053.199951171875,2053.5,2047.699951171875,2048.89990234375,3995
2026-01-21 07:55:00,2049.699951171875,2051.800048828125,2048.5,2049.89990234375,8510
2026-01-21 08:00:00,2049.89990234375,2051.0,2041.0,2041.5999755859375,23771
2026-01-21 08:05:00,2041.5,2046.5999755859375,2040.0,2042.5,9756
2026-01-21 08:10:00,2042.5999755859375,2042.9000244140625,2037.0999755859375,2038.4000244140625,15800
2026-01-21 08:15:00,2039.0999755859375,2039.9000244140625,2036.300048828125,2037.699951171875,8728
2026-01-21 08:20:00,2038.199951171875,2038.699951171875,2032.199951171875,2033.699951171875,14532
2026-01-21 08:25:00,2033.800048828125,2034.0999755859375,2029.0999755859375,2031.4000244140625,15893
2026-01-21 08:30:00,2030.9000244140625,2032.5999755859375,2027.0,2028.5999755859375,7027
2026-01-21 08:35:00,2027.9000244140625,2029.0,2026.699951171875,2027.4000244140625,4106
2026-01-21 08:40:00,2026.5999755859375,2028.0,2025.0,2025.800048828125,6254
2026-01-21 08:45:00,2026.4000244140625,2037.4000244140625,2025.0999755859375,2032.800048828125,16170
2026-01-21 08:50:00,2033.199951171875,2035.0999755859375,2028.5,2031.9000244140625,7859
2026-01-21 08:55:00,2032.199951171875,2033.0,2026.0,2026.0,8350
2026-01-21 09:00:00,2027.0,2031.0,2025.9000244140625,2030.300048828125,5995
2026-01-21 09:05:00,2031.0,2034.4000244140625,2028.699951171875,2034.4000244140625,9082
2026-01-21 09:10:00,2033.300048828125,2037.9000244140625,2032.699951171875,2036.699951171875,13637
2026-01-21 09:15:00,2037.0999755859375,2040.300048828125,2036.0999755859375,2039.199951171875,11583
2026-01-21 09:20:00,2039.300048828125,2041.9000244140625,2038.199951171875,2041.0,8188
2026-01-21 09:25:00,2040.699951171875,2041.0,2035.5,2038.0999755859375,5711
2026-01-21 09:30:00,2035.199951171875,2037.699951171875,2033.9000244140625,2037.0999755859375,17168
2026-01-21 09:35:00,2036.699951171875,2036.699951171875,2032.199951171875,2032.300048828125,16820
2026-01-21 09:40:00,2032.5,2032.5,2027.9000244140625,2029.199951171875,13135
2026-01-21 09:45:00,2029.5,2031.699951171875,2027.4000244140625,2030.9000244140625,27282
2026-01-21 09:50:00,2030.0,2032.9000244140625,2030.0,2032.300048828125,28293
2026-01-21 09:55:00,2032.199951171875,2038.0,2030.0,2037.9000244140625,37780
2026-01-22 03:45:00,2055.39990234375,2066.199951171875,2054.10009765625,2064.800048828125,0
2026-01-22 03:50:00,2063.39990234375,2076.199951171875,2063.39990234375,2074.89990234375,34902
2026-01-22 03:55:00,2074.89990234375,2084.89990234375,2072.699951171875,2084.0,29401
2026-01-22 04:00:00,2084.199951171875,2087.5,2078.60009765625,2081.699951171875,37251
2026-01-22 04:05:00,2081.89990234375,2084.89990234375,2078.699951171875,2084.60009765625,21477
2026-01-22 04:10:00,2084.800048828125,2093.0,2082.699951171875,2091.60009765625,26748
2026-01-22 04:15:00,2091.5,2102.800048828125,2090.10009765625,2102.0,41539
2026-01-22 04:20:00,2101.89990234375,2102.60009765625,2096.300048828125,2097.800048828125,21148
2026-01-22 04:25:00,2097.89990234375,2098.800048828125,2091.10009765625,2092.10009765625,22272
2026-01-22 04:30:00,2092.199951171875,2095.39990234375,2085.10009765625,2095.0,22212
2026-01-22 04:35:00,2094.39990234375,2098.10009765625,2085.699951171875,2086.0,19695
2026-01-22 04:40:00,2085.5,2093.199951171875,2085.5,2089.60009765625,10121
2026-01-22 04:45:00,2089.800048828125,2092.0,2081.5,2081.5,19254
2026-01-22 04:50:00,2082.0,2084.5,2079.60009765625,2083.89990234375,14417
2026-01-22 04:55:00,2083.89990234375,2084.0,2075.199951171875,2075.60009765625,14404
2026-01-22 05:00:00,2075.60009765625,2076.300048828125,2068.300048828125,2075.10009765625,57853
2026-01-22 05:05:00,2075.5,2080.89990234375,2071.800048828125,2073.300048828125,16747
2026-01-22 05:10:00,2073.60009765625,2077.0,2070.89990234375,2077.0,4844
2026-01-22 05:15:00,2077.0,2078.10009765625,2071.199951171875,2071.60009765625,6519
2026-01-22 05:20:00,2070.800048828125,2074.0,2068.89990234375,2070.89990234375,7947
2026-01-22 05:25:00,2072.0,2072.0,2065.39990234375,2067.0,15333
2026-01-22 05:30:00,2066.10009765625,2073.10009765625,2066.10009765625,2070.5,7833
2026-01-22 05:35:00,2070.5,2072.199951171875,2068.300048828125,2072.199951171875,4539
2026-01-22 05:40:00,2072.199951171875,2073.60009765625,2067.39990234375,2070.199951171875,6462
2026-01-22 05:45:00,2070.699951171875,2072.5,2067.5,2067.5,5469
2026-01-22 05:50:00,2067.60009765625,2073.800048828125,2067.60009765625,2073.800048828125,9718
2026-01-22 05:55:00,2073.199951171875,2078.5,2073.199951171875,2074.10009765625,15222
2026-01-22 06:00:00,2074.5,2075.5,2072.0,2074.5,2764
2026-01-22 06:05:00,2074.5,2076.5,2071.300048828125,2071.39990234375,4951
2026-01-22 06:10:00,2071.800048828125,2071.800048828125,2068.10009765625,2069.699951171875,9183
2026-01-22 06:15:00,2070.0,2073.60009765625,2066.800048828125,2070.60009765625,7042
2026-01-22 06:20:00,2071.800048828125,2074.5,2068.300048828125,2069.699951171875,8761
2026-01-22 06:25:00,2070.10009765625,2072.699951171875,2069.300048828125,2069.699951171875,3911
2026-01-22 06:30:00,2069.800048828125,2074.0,2069.300048828125,2072.699951171875,4704
2026-01-22 06:35:00,2073.10009765625,2079.0,2072.39990234375,2077.10009765625,7616
2026-01-22 06:40:00,2076.89990234375,2082.5,2075.300048828125,2082.5,8388
2026-01-22 06:45:00,2081.10009765625,2083.60009765625,2078.699951171875,2083.0,5165
2026-01-22 06:50:00,2083.0,2088.0,2082.0,2086.699951171875,14906
2026-01-22 06:55:00,2087.0,2088.5,2084.0,2087.5,4287
2026-01-22 07:00:00,2086.800048828125,2088.0,2084.60009765625,2087.0,3681
2026-01-22 07:05:00,2087.5,2088.0,2082.39990234375,2084.89990234375,3909
2026-01-22 07:10:00,2084.10009765625,2087.800048828125,2080.699951171875,2086.10009765625,13095
2026-01-22 07:15:00,2086.199951171875,2087.0,2084.0,2086.699951171875,3578
2026-01-22 07:20:00,2086.699951171875,2088.0,2084.89990234375,2084.89990234375,2725
2026-01-22 07:25:00,2084.800048828125,2085.0,2082.10009765625,2083.5,3142
2026-01-22 07:30:00,2083.5,2083.5,2076.800048828125,2082.699951171875,11469
2026-01-22 07:35:00,2082.800048828125,2082.800048828125,2075.800048828125,2076.300048828125,4057
2026-01-22 07:40:00,2076.60009765625,2079.800048828125,2074.89990234375,2076.5,7953
2026-01-22 07:45:00,2076.39990234375,2078.39990234375,2072.800048828125,2077.699951171875,5927
2026-01-22 07:50:00,2077.699951171875,2080.800048828125,2074.800048828125,2077.199951171875,9860
2026-01-22 07:55:00,2077.699951171875,2078.10009765625,2074.10009765625,2077.60009765625,2970
2026-01-22 08:00:00,2076.60009765625,2082.0,2075.60009765625,2081.89990234375,2790
2026-01-22 08:05:00,2082.0,2083.300048828125,2076.89990234375,2078.5,6154
2026-01-22 08:10:00,2079.699951171875,2081.699951171875,2078.199951171875,2081.300048828125,4086
2026-01-22 08:15:00,2081.89990234375,2082.5,2077.10009765625,2081.5,5406
2026-01-22 08:20:00,2082.10009765625,2085.800048828125,2081.199951171875,2083.89990234375,7020
2026-01-22 08:25:00,2084.39990234375,2085.5,2082.10009765625,2084.5,3716
2026-01-22 08:30:00,2084.5,2086.0,2083.0,2083.199951171875,3396
2026-01-22 08:35:00,2083.5,2086.800048828125,2083.300048828125,2084.800048828125,5715
2026-01-22 08:40:00,2084.89990234375,2085.60009765625,2079.10009765625,2080.199951171875,4609
2026-01-22 08:45:00,2080.10009765625,2080.199951171875,2075.800048828125,2075.89990234375,9118
2026-01-22 08:50:00,2076.300048828125,2081.10009765625,2076.300048828125,2079.0,8561
2026-01-22 08:55:00,2078.89990234375,2083.5,2078.0,2083.5,4584
2026-01-22 09:00:00,2084.5,2087.800048828125,2082.39990234375,2087.699951171875,7604
2026-01-22 09:05:00,2087.5,2087.800048828125,2082.89990234375,2085.0,12673
2026-01-22 09:10:00,2085.0,2086.0,2080.39990234375,2083.89990234375,5465
2026-01-22 09:15:00,2085.300048828125,2087.39990234375,2082.10009765625,2084.89990234375,14280
2026-01-22 09:20:00,2083.89990234375,2085.0,2079.10009765625,2079.5,9999
2026-01-22 09:25:00,2080.10009765625,2084.699951171875,2080.10009765625,2082.300048828125,15958
2026-01-22 09:30:00,2082.0,2082.699951171875,2076.10009765625,2080.10009765625,19944
2026-01-22 09:35:00,2079.800048828125,2089.300048828125,2079.60009765625,2087.60009765625,18402
2026-01-22 09:40:00,2088.39990234375,2089.199951171875,2085.0,2085.0,17052
2026-01-22 09:45:00,2084.699951171875,2091.60009765625,2084.699951171875,2090.60009765625,19651
2026-01-22 09:50:00,2089.0,2092.5,2088.5,2088.5,16494
2026-01-22 09:55:00,2089.0,2093.0,2087.10009765625,2091.300048828125,16090
2026-01-23 03:45:00,2075.0,2075.60009765625,2055.0,2070.199951171875,0
2026-01-23 03:50:00,2070.199951171875,2075.10009765625,2065.5,2069.0,19539
2026-01-23 03:55:00,2069.0,2074.39990234375,2068.60009765625,2073.699951171875,18407
2026-01-23 04:00:00,2073.5,2077.0,2071.0,2072.10009765625,13163
2026-01-23 04:05:00,2071.89990234375,2075.10009765625,2070.0,2075.10009765625,11496
2026-01-23 04:10:00,2076.89990234375,2081.300048828125,2076.60009765625,2076.699951171875,14828
2026-01-23 04:15:00,2077.0,2081.39990234375,2072.0,2080.800048828125,9761
2026-01-23 04:20:00,2080.800048828125,2082.199951171875,2074.5,2074.89990234375,10757
2026-01-23 04:25:00,2075.10009765625,2080.0,2075.0,2078.699951171875,6145
2026-01-23 04:30:00,2078.5,2078.5,2074.10009765625,2078.0,6292
2026-01-23 04:35:00,2079.39990234375,2079.89990234375,2074.5,2074.5,6023
2026-01-23 04:40:00,2075.0,2078.39990234375,2072.699951171875,2072.699951171875,7792
2026-01-23 04:45:00,2072.300048828125,2075.39990234375,2071.39990234375,2074.10009765625,7712
2026-01-23 04:50:00,2074.199951171875,2074.199951171875,2070.10009765625,2072.0,6066
2026-01-23 04:55:00,2072.699951171875,2079.39990234375,2071.300048828125,2077.5,7868
2026-01-23 05:00:00,2078.699951171875,2081.0,2076.699951171875,2079.0,8595
2026-01-23 05:05:00,2078.699951171875,2081.0,2076.89990234375,2078.89990234375,9566
2026-01-23 05:10:00,2078.300048828125,2080.199951171875,2076.199951171875,2076.800048828125,6928
2026-01-23 05:15:00,2075.60009765625,2075.60009765625,2065.199951171875,2066.60009765625,17547
2026-01-23 05:20:00,2066.699951171875,2068.60009765625,2062.39990234375,2062.39990234375,15709
2026-01-23 05:25:00,2062.39990234375,2066.0,2060.0,2063.5,15545
2026-01-23 05:30:00,2064.0,2065.89990234375,2062.5,2062.5,7167
2026-01-23 05:35:00,2062.300048828125,2067.10009765625,2061.39990234375,2064.800048828125,7717
2026-01-23 05:40:00,2065.89990234375,2069.5,2065.199951171875,2067.10009765625,6753
2026-01-23 05:45:00,2067.5,2072.10009765625,2066.5,2068.199951171875,7168
2026-01-23 05:50:00,2068.60009765625,2068.60009765625,2064.0,2066.0,8213
2026-01-23 05:55:00,2065.5,2066.699951171875,2063.300048828125,2064.0,6681
2026-01-23 06:00:00,2064.0,2064.5,2060.89990234375,2060.89990234375,8425
2026-01-23 06:05:00,2061.0,2062.39990234375,2057.0,2057.0,12373
2026-01-23 06:10:00,2057.800048828125,2057.800048828125,2055.699951171875,2057.0,11946
2026-01-23 06:15:00,2057.0,2060.800048828125,2056.800048828125,2056.800048828125,8330
2026-01-23 06:20:00,2057.0,2061.0,2056.800048828125,2057.89990234375,6419
2026-01-23 06:25:00,2057.89990234375,2058.60009765625,2055.0,2057.5,9545
2026-01-23 06:30:00,2057.5,2059.699951171875,2055.699951171875,2057.800048828125,5986
2026-01-23 06:35:00,2057.800048828125,2058.0,2054.0,2055.300048828125,8989
2026-01-23 06:40:00,2055.699951171875,2057.10009765625,2052.300048828125,2052.60009765625,7321
2026-01-23 06:45:00,2052.89990234375,2054.89990234375,2035.0,2040.0999755859375,73208
2026-01-23 06:50:00,2040.0,2046.0,2018.800048828125,2018.9000244140625,93259
2026-01-23 06:55:00,2018.4000244140625,2026.300048828125,2014.0,2015.4000244140625,67443
2026-01-23 07:00:00,2016.5,2017.0999755859375,1995.0999755859375,2003.800048828125,126805
2026-01-23 07:05:00,2002.300048828125,2006.5999755859375,1992.0,1994.0,80363
2026-01-23 07:10:00,1993.699951171875,2002.199951171875,1986.0,1988.5999755859375,106951
2026-01-23 07:15:00,1988.5999755859375,1988.5999755859375,1972.4000244140625,1978.199951171875,149810
2026-01-23 07:20:00,1978.699951171875,1989.699951171875,1968.0,1987.0999755859375,148218
2026-01-23 07:25:00,1986.5999755859375,1990.0,1972.9000244140625,1977.199951171875,90670
2026-01-23 07:30:00,1977.0999755859375,1984.5,1973.699951171875,1978.0,62484
2026-01-23 07:35:00,1977.300048828125,1979.800048828125,1961.300048828125,1962.800048828125,118290
2026-01-23 07:40:00,1963.0,1965.4000244140625,1953.0,1954.800048828125,175124
2026-01-23 07:45:00,1954.0,1954.9000244140625,1897.4000244140625,1898.5999755859375,572918
2026-01-23 07:50:00,1900.5,1919.699951171875,1897.0,1905.800048828125,251586
2026-01-23 07:55:00,1907.199951171875,1936.300048828125,1907.199951171875,1926.0,191216
2026-01-23 08:00:00,1926.300048828125,1926.300048828125,1908.199951171875,1912.5,160756
2026-01-23 08:05:00,1912.9000244140625,1916.199951171875,1891.300048828125,1908.0,349139
2026-01-23 08:10:00,1908.0,1916.699951171875,1903.199951171875,1905.9000244140625,109793
2026-01-23 08:15:00,1905.800048828125,1921.9000244140625,1905.5,1916.800048828125,88174
2026-01-23 08:20:00,1915.0,1937.0999755859375,1908.4000244140625,1933.0,145715
2026-01-23 08:25:00,1933.199951171875,1935.9000244140625,1915.199951171875,1916.300048828125,111908
2026-01-23 08:30:00,1916.199951171875,1916.4000244140625,1900.0,1900.5,180008
2026-01-23 08:35:00,1900.0,1919.0,1891.5999755859375,1915.4000244140625,213287
2026-01-23 08:40:00,1915.300048828125,1919.0,1901.0999755859375,1902.300048828125,96696
2026-01-23 08:45:00,1902.199951171875,1908.9000244140625,1888.0,1906.800048828125,204150
2026-01-23 08:50:00,1906.300048828125,1909.9000244140625,1899.4000244140625,1900.199951171875,97478
2026-01-23 08:55:00,1900.199951171875,1906.0,1900.0,1903.4000244140625,62481
2026-01-23 09:00:00,1904.0,1906.300048828125,1895.0,1901.199951171875,102083
2026-01-23 09:05:00,1900.9000244140625,1905.9000244140625,1887.0,1890.0999755859375,162185
2026-01-23 09:10:00,1890.0,1899.5,1887.0,1888.699951171875,130965
2026-01-23 09:15:00,1893.0,1894.800048828125,1877.800048828125,1877.800048828125,260262
2026-01-23 09:20:00,1877.800048828125,1904.0,1877.800048828125,1903.800048828125,479757
2026-01-23 09:25:00,1911.199951171875,1920.300048828125,1884.9000244140625,1893.0,420618
2026-01-23 09:30:00,1893.4000244140625,1899.199951171875,1866.0999755859375,1866.0999755859375,343672
2026-01-23 09:35:00,1865.5,1874.0,1855.4000244140625,1866.300048828125,257655
2026-01-23 09:40:00,1868.199951171875,1869.9000244140625,1851.0999755859375,1856.9000244140625,208693
2026-01-23 09:45:00,1857.4000244140625,1862.5999755859375,1848.5,1851.0999755859375,179783
2026-01-23 09:50:00,1850.699951171875,1864.0999755859375,1848.300048828125,1862.5999755859375,254640
2026-01-23 09:55:00,1862.5999755859375,1864.0999755859375,1854.0,1861.800048828125,161769
2026-01-27 03:45:00,1899.5999755859375,1930.5999755859375,1899.5999755859375,1903.0,0
2026-01-27 03:50:00,1903.0999755859375,1912.5,1893.0,1911.0999755859375,248321
2026-01-27 03:55:00,1910.300048828125,1928.300048828125,1908.5,1927.9000244140625,205471
2026-01-27 04:00:00,1927.5,1935.0,1914.0999755859375,1934.4000244140625,184430
2026-01-27 04:05:00,1934.0999755859375,1947.9000244140625,1932.699951171875,1944.0,208342
2026-01-27 04:10:00,1943.199951171875,1944.9000244140625,1937.199951171875,1940.5,127231
2026-01-27 04:15:00,1941.9000244140625,1950.5999755859375,1940.699951171875,1949.0,151755
2026-01-27 04:20:00,1949.5999755859375,1960.0999755859375,1948.5,1958.5999755859375,168200
2026-01-27 04:25:00,1957.9000244140625,1958.800048828125,1948.0999755859375,1957.0,132845
2026-01-27 04:30:00,1957.9000244140625,1965.0,1957.199951171875,1960.0,147587
2026-01-27 04:35:00,1960.199951171875,1961.5999755859375,1951.0,1956.0,83353
2026-01-27 04:40:00,1956.0,1961.5999755859375,1951.0,1960.9000244140625,75996
2026-01-27 04:45:00,1959.9000244140625,1963.0,1954.800048828125,1958.4000244140625,68955
2026-01-27 04:50:00,1959.0,1959.5,1954.0999755859375,1957.9000244140625,52712
2026-01-27 04:55:00,1957.9000244140625,1961.800048828125,1952.0,1953.0999755859375,66587
2026-01-27 05:00:00,1954.0,1959.0,1948.800048828125,1958.300048828125,124780
2026-01-27 05:05:00,1960.0999755859375,1960.699951171875,1951.9000244140625,1953.5,68452
2026-01-27 05:10:00,1953.0,1953.9000244140625,1943.199951171875,1944.800048828125,103190
2026-01-27 05:15:00,1944.0,1955.0,1943.699951171875,1954.300048828125,54321
2026-01-27 05:20:00,1953.5999755859375,1953.9000244140625,1942.5,1945.4000244140625,48405
2026-01-27 05:25:00,1946.4000244140625,1949.300048828125,1942.0,1942.0,40892
2026-01-27 05:30:00,1943.0,1949.0999755859375,1941.5,1947.0999755859375,45986
2026-01-27 05:35:00,1947.0,1949.0,1938.9000244140625,1940.0,56558
2026-01-27 05:40:00,1939.5999755859375,1948.0,1936.800048828125,1947.699951171875,49092
2026-01-27 05:45:00,1947.699951171875,1955.699951171875,1945.0,1953.800048828125,66154
2026-01-27 05:50:00,1953.9000244140625,1956.9000244140625,1948.9000244140625,1949.5999755859375,53798
2026-01-27 05:55:00,1950.0,1953.0,1945.800048828125,1953.0,45450
2026-01-27 06:00:00,1952.5,1953.4000244140625,1950.300048828125,1952.9000244140625,36904
2026-01-27 06:05:00,1952.699951171875,1969.699951171875,1952.699951171875,1964.300048828125,160624
2026-01-27 06:10:00,1963.5,1973.4000244140625,1959.4000244140625,1971.199951171875,149099
2026-01-27 06:15:00,1970.5,1972.0,1966.5999755859375,1967.5999755859375,58843
2026-01-27 06:20:00,1967.0,1969.5999755859375,1962.9000244140625,1964.0,55819
2026-01-27 06:25:00,1963.4000244140625,1965.800048828125,1961.0,1964.199951171875,37389
2026-01-27 06:30:00,1963.4000244140625,1964.699951171875,1961.199951171875,1963.0999755859375,21064
2026-01-27 06:35:00,1963.800048828125,1964.0,1959.199951171875,1961.699951171875,36456
2026-01-27 06:40:00,1961.699951171875,1967.0,1960.199951171875,1963.5999755859375,32393
2026-01-27 06:45:00,1964.5,1966.4000244140625,1962.0,1962.300048828125,18616
2026-01-27 06:50:00,1961.300048828125,1966.0,1961.0999755859375,1964.4000244140625,25409
2026-01-27 06:55:00,1964.4000244140625,1965.5,1957.0,1957.0,37294
2026-01-27 07:00:00,1957.199951171875,1960.800048828125,1955.0999755859375,1959.5999755859375,45726
2026-01-27 07:05:00,1959.0999755859375,1963.0,1957.4000244140625,1962.4000244140625,18711
2026-01-27 07:10:00,1962.5999755859375,1963.4000244140625,1956.0,1956.300048828125,45178
2026-01-27 07:15:00,1957.0999755859375,1958.5999755859375,1951.0,1951.0999755859375,24996
2026-01-27 07:20:00,1951.9000244140625,1954.699951171875,1949.0999755859375,1951.199951171875,68579
2026-01-27 07:25:00,1951.4000244140625,1952.800048828125,1947.5,1950.5,23858
2026-01-27 07:30:00,1951.699951171875,1953.5,1949.699951171875,1953.4000244140625,17942
2026-01-27 07:35:00,1953.4000244140625,1956.5999755859375,1951.699951171875,1955.300048828125,23812
2026-01-27 07:40:00,1954.9000244140625,1955.5,1951.4000244140625,1953.4000244140625,15010
2026-01-27 07:45:00,1954.0999755859375,1956.199951171875,1953.0,1955.199951171875,13498
2026-01-27 07:50:00,1955.0999755859375,1956.0999755859375,1952.0,1953.199951171875,25589
2026-01-27 07:55:00,1953.199951171875,1955.9000244140625,1952.199951171875,1955.9000244140625,10658
2026-01-27 08:00:00,1955.800048828125,1957.5,1954.199951171875,1954.699951171875,19141
2026-01-27 08:05:00,1955.300048828125,1955.5,1940.5999755859375,1942.5,75073
2026-01-27 08:10:00,1941.4000244140625,1947.199951171875,1939.5,1942.300048828125,64106
2026-01-27 08:15:00,1943.0,1947.699951171875,1942.199951171875,1946.800048828125,39766
2026-01-27 08:20:00,1946.800048828125,1949.300048828125,1946.0,1947.5,23698
2026-01-27 08:25:00,1948.0,1953.199951171875,1947.0,1951.699951171875,30894
2026-01-27 08:30:00,1951.0,1952.300048828125,1945.300048828125,1945.300048828125,44523
2026-01-27 08:35:00,1946.0,1946.0,1942.4000244140625,1944.0999755859375,40362
2026-01-27 08:40:00,1944.199951171875,1947.699951171875,1944.0,1946.5,26081
2026-01-27 08:45:00,1946.5,1946.800048828125,1942.199951171875,1945.300048828125,24666
2026-01-27 08:50:00,1944.5999755859375,1944.9000244140625,1936.199951171875,1937.5999755859375,45944
2026-01-27 08:55:00,1936.800048828125,1947.699951171875,1936.800048828125,1947.0,44321
2026-01-27 09:00:00,1945.800048828125,1951.0,1945.4000244140625,1947.5999755859375,35052
2026-01-27 09:05:00,1947.0,1957.9000244140625,1946.5999755859375,1957.0999755859375,67158
2026-01-27 09:10:00,1957.199951171875,1964.0,1957.0999755859375,1961.699951171875,70027
2026-01-27 09:15:00,1962.300048828125,1966.0,1961.5999755859375,1964.5999755859375,70949
2026-01-27 09:20:00,1964.0,1969.5,1962.0,1969.199951171875,75110
2026-01-27 09:25:00,1969.199951171875,1971.9000244140625,1964.800048828125,1966.300048828125,76896
2026-01-27 09:30:00,1967.199951171875,1968.0999755859375,1957.0999755859375,1959.9000244140625,86435
2026-01-27 09:35:00,1959.5,1963.199951171875,1958.4000244140625,1961.4000244140625,48487
2026-01-27 09:40:00,1961.0999755859375,1961.4000244140625,1958.4000244140625,1959.199951171875,58007
2026-01-27 09:45:00,1959.0,1962.300048828125,1957.4000244140625,1958.0,91158
2026-01-27 09:50:00,1958.0,1959.0,1955.0,1956.5999755859375,87620
2026-01-27 09:55:00,1957.699951171875,1963.9000244140625,1955.0999755859375,1961.0,73036
2026-01-28 03:45:00,1980.199951171875,1980.9000244140625,1956.4000244140625,1971.699951171875,181729
2026-01-28 03:50:00,1972.0,1973.0,1962.0,1967.9000244140625,64534
2026-01-28 03:55:00,1967.9000244140625,1971.0999755859375,1963.4000244140625,1965.0,55683
2026-01-28 04:00:00,1963.199951171875,1966.0,1955.5,1956.5,50037
2026-01-28 04:05:00,1955.9000244140625,1959.4000244140625,1952.0999755859375,1959.4000244140625,68875
2026-01-28 04:10:00,1959.4000244140625,1968.800048828125,1956.4000244140625,1965.4000244140625,45238
2026-01-28 04:15:00,1965.4000244140625,1980.300048828125,1963.9000244140625,1978.300048828125,109673
2026-01-28 04:20:00,1977.9000244140625,1987.0,1976.0999755859375,1982.699951171875,105343
2026-01-28 04:25:00,1983.5999755859375,1984.5999755859375,1976.0,1983.9000244140625,46807
2026-01-28 04:30:00,1984.5,1987.0,1977.9000244140625,1978.699951171875,38364
2026-01-28 04:35:00,1978.9000244140625,1980.9000244140625,1975.5999755859375,1977.300048828125,23924
2026-01-28 04:40:00,1977.5,1981.9000244140625,1976.4000244140625,1979.0,28100
2026-01-28 04:45:00,1979.0,1983.300048828125,1977.5999755859375,1982.800048828125,39530
2026-01-28 04:50:00,1983.0,1984.9000244140625,1979.4000244140625,1984.9000244140625,28844
2026-01-28 04:55:00,1984.699951171875,1989.0,1982.0999755859375,1982.5999755859375,27078
2026-01-28 05:00:00,1982.5,1986.0,1981.0,1983.199951171875,18790
2026-01-28 05:05:00,1983.0,1995.0,1982.199951171875,1993.5999755859375,36507
2026-01-28 05:10:00,1994.199951171875,1994.199951171875,1985.0999755859375,1987.0,28523
2026-01-28 05:15:00,1986.5,1988.199951171875,1983.0999755859375,1987.0,36852
2026-01-28 05:20:00,1987.0,1991.5,1985.4000244140625,1989.4000244140625,18563
2026-01-28 05:25:00,1990.199951171875,1995.0,1987.0999755859375,1991.0999755859375,29189
2026-01-28 05:30:00,1991.199951171875,1998.0,1989.0999755859375,1995.0,33167
2026-01-28 05:35:00,1995.199951171875,1995.300048828125,1987.0,1987.0,21894
2026-01-28 05:40:00,1987.0,1988.0999755859375,1985.0,1986.199951171875,15244
2026-01-28 05:45:00,1987.300048828125,1989.800048828125,1986.0,1987.0999755859375,16643
2026-01-28 05:50:00,1987.5,1992.199951171875,1986.4000244140625,1990.199951171875,15608
2026-01-28 05:55:00,1990.699951171875,1994.0,1988.699951171875,1991.0999755859375,16491
2026-01-28 06:00:00,1992.0,1995.300048828125,1991.9000244140625,1992.9000244140625,17031
2026-01-28 06:05:00,1992.9000244140625,1993.300048828125,1990.199951171875,1991.0,11677
2026-01-28 06:10:00,1990.9000244140625,1992.0,1988.0,1988.9000244140625,18217
2026-01-28 06:15:00,1989.0999755859375,1996.9000244140625,1988.199951171875,1996.199951171875,33439
2026-01-28 06:20:00,1996.0999755859375,1999.9000244140625,1995.9000244140625,1996.699951171875,30285
2026-01-28 06:25:00,1997.4000244140625,2000.0,1996.5,1999.800048828125,18000
2026-01-28 06:30:00,2000.0,2002.4000244140625,1996.5,2001.0999755859375,37088
2026-01-28 06:35:00,2001.0,2003.800048828125,2000.0,2001.9000244140625,14947
2026-01-28 06:40:00,2001.0999755859375,2002.5999755859375,1999.0,2001.0999755859375,18208
2026-01-28 06:45:00,2001.300048828125,2002.4000244140625,1999.0,1999.0,9464
2026-01-28 06:50:00,1999.0,2000.0,1996.300048828125,1997.0,14938
2026-01-28 06:55:00,1997.0,1997.0,1992.300048828125,1992.699951171875,14114
2026-01-28 07:00:00,1992.699951171875,1996.0,1992.300048828125,1995.5,10448
2026-01-28 07:05:00,1995.699951171875,1997.5999755859375,1995.5999755859375,1997.0,9916
2026-01-28 07:10:00,1996.0999755859375,1997.199951171875,1992.5,1994.0,13378
2026-01-28 07:15:00,1994.300048828125,1994.9000244140625,1992.699951171875,1992.800048828125,8333
2026-01-28 07:20:00,1992.9000244140625,1994.4000244140625,1992.5999755859375,1993.0999755859375,8694
2026-01-28 07:25:00,1993.300048828125,1996.4000244140625,1993.0,1994.800048828125,8542
2026-01-28 07:30:00,1995.0999755859375,1997.300048828125,1994.0,1995.5999755859375,9045
2026-01-28 07:35:00,1996.0,1997.199951171875,1992.9000244140625,1992.9000244140625,10544
2026-01-28 07:40:00,1993.0,1994.5999755859375,1991.0,1993.9000244140625,9756
2026-01-28 07:45:00,1993.5999755859375,1995.0,1992.5,1993.4000244140625,4766
2026-01-28 07:50:00,1993.5,1993.800048828125,1985.5,1987.4000244140625,27941
2026-01-28 07:55:00,1987.5999755859375,1989.699951171875,1985.5,1989.300048828125,11770
2026-01-28 08:00:00,1988.800048828125,1990.300048828125,1987.0,1988.0,10143
2026-01-28 08:05:00,1987.0999755859375,1991.800048828125,1987.0999755859375,1989.5,9430
2026-01-28 08:10:00,1990.0999755859375,1991.800048828125,1985.800048828125,1985.800048828125,13111
2026-01-28 08:15:00,1985.699951171875,1986.5,1983.0,1984.0,14957
2026-01-28 08:20:00,1983.4000244140625,1993.0,1983.0,1991.699951171875,15142
2026-01-28 08:25:00,1991.5999755859375,1991.800048828125,1988.4000244140625,1989.0,9541
2026-01-28 08:30:00,1990.199951171875,1991.699951171875,1988.300048828125,1988.5,10048
2026-01-28 08:35:00,1989.5,1990.0,1987.0,1988.0999755859375,13928
2026-01-28 08:40:00,1987.9000244140625,1988.0,1985.0999755859375,1986.5999755859375,13580
2026-01-28 08:45:00,1986.699951171875,1987.0,1985.0,1985.800048828125,11057
2026-01-28 08:50:00,1986.4000244140625,1991.5,1986.0999755859375,1988.5999755859375,15932
2026-01-28 08:55:00,1987.9000244140625,1994.800048828125,1987.300048828125,1993.699951171875,23036
2026-01-28 09:00:00,1993.199951171875,1993.9000244140625,1988.9000244140625,1989.0,17299
2026-01-28 09:05:00,1988.699951171875,1990.5999755859375,1988.0,1988.0,16494
2026-01-28 09:10:00,1988.0999755859375,1990.9000244140625,1988.0,1990.0,8570
2026-01-28 09:15:00,1990.300048828125,1992.9000244140625,1990.0,1992.5,12622
2026-01-28 09:20:00,1992.9000244140625,1995.4000244140625,1992.5,1994.5999755859375,28592
2026-01-28 09:25:00,1995.0,1996.5999755859375,1993.699951171875,1995.0,24670
2026-01-28 09:30:00,1996.699951171875,2002.0,1996.699951171875,1999.699951171875,36440
2026-01-28 09:35:00,1999.199951171875,1999.4000244140625,1995.0999755859375,1995.199951171875,27882
2026-01-28 09:40:00,1995.9000244140625,1996.4000244140625,1990.0,1994.5999755859375,37949
2026-01-28 09:45:00,1994.199951171875,1996.5999755859375,1992.0,1993.0999755859375,41221
2026-01-28 09:50:00,1993.9000244140625,1993.9000244140625,1990.0999755859375,1993.699951171875,49047
2026-01-28 09:55:00,1993.699951171875,1999.0,1992.9000244140625,1994.699951171875,0
2026-01-29 03:45:00,1985.5999755859375,1993.300048828125,1983.0,1985.699951171875,64001
2026-01-29 03:50:00,1985.0,1995.0,1981.0999755859375,1993.199951171875,39347
2026-01-29 03:55:00,1993.0,1998.4000244140625,1991.9000244140625,1993.0,32486
2026-01-29 04:00:00,1991.0,1995.9000244140625,1989.0999755859375,1994.199951171875,20702
2026-01-29 04:05:00,1994.199951171875,1994.199951171875,1986.0,1990.0,23324
2026-01-29 04:10:00,1989.4000244140625,1996.800048828125,1988.699951171875,1990.0,24007
2026-01-29 04:15:00,1990.0,1992.199951171875,1988.199951171875,1992.199951171875,18073
2026-01-29 04:20:00,1991.5,1993.0,1987.9000244140625,1987.9000244140625,12114
2026-01-29 04:25:00,1988.300048828125,1997.5999755859375,1987.0999755859375,1994.0,25334
2026-01-29 04:30:00,1993.300048828125,1995.0999755859375,1987.5,1988.699951171875,14268
2026-01-29 04:35:00,1988.9000244140625,1989.300048828125,1982.5,1982.5,22927
2026-01-29 04:40:00,1983.5999755859375,1985.699951171875,1982.0,1983.800048828125,8407
2026-01-29 04:45:00,1982.5,1982.5,1976.5,1977.300048828125,25416
2026-01-29 04:50:00,1977.800048828125,1979.5999755859375,1972.5,1977.4000244140625,27395
2026-01-29 04:55:00,1977.0,1978.199951171875,1974.4000244140625,1976.5,13596
2026-01-29 05:00:00,1976.5,1982.0,1975.0999755859375,1980.5999755859375,17282
2026-01-29 05:05:00,1980.5999755859375,1981.699951171875,1978.0,1978.0,8467
2026-01-29 05:10:00,1977.4000244140625,1980.5999755859375,1975.699951171875,1977.5999755859375,7720
2026-01-29 05:15:00,1977.5999755859375,1980.5999755859375,1976.5,1976.800048828125,4698
2026-01-29 05:20:00,1976.5,1982.9000244140625,1976.5,1982.9000244140625,9464
2026-01-29 05:25:00,1982.9000244140625,1984.4000244140625,1980.0999755859375,1981.4000244140625,6982
2026-01-29 05:30:00,1980.800048828125,1983.800048828125,1980.5999755859375,1981.699951171875,6592
2026-01-29 05:35:00,1981.4000244140625,1982.699951171875,1979.199951171875,1980.800048828125,9358
2026-01-29 05:40:00,1980.699951171875,1981.800048828125,1978.9000244140625,1980.9000244140625,7265
2026-01-29 05:45:00,1981.4000244140625,1987.0,1981.4000244140625,1985.699951171875,20355
2026-01-29 05:50:00,1985.9000244140625,1989.5999755859375,1982.699951171875,1983.699951171875,12418
2026-01-29 05:55:00,1983.4000244140625,1984.699951171875,1979.0999755859375,1980.800048828125,6660
2026-01-29 06:00:00,1980.800048828125,1983.699951171875,1976.5999755859375,1977.4000244140625,15336
2026-01-29 06:05:00,1977.4000244140625,1978.5,1972.699951171875,1976.0999755859375,28893
2026-01-29 06:10:00,1976.0999755859375,1981.0,1975.199951171875,1976.699951171875,8596
2026-01-29 06:15:00,1976.9000244140625,1979.4000244140625,1975.199951171875,1978.699951171875,10440
2026-01-29 06:20:00,1977.4000244140625,1979.5999755859375,1977.4000244140625,1978.4000244140625,5436
2026-01-29 06:25:00,1978.199951171875,1979.800048828125,1975.800048828125,1975.800048828125,5206
2026-01-29 06:30:00,1976.300048828125,1981.300048828125,1975.9000244140625,1976.9000244140625,20544
2026-01-29 06:35:00,1977.9000244140625,1979.0,1975.0999755859375,1976.699951171875,7919
2026-01-29 06:40:00,1977.5,1978.0,1973.4000244140625,1974.699951171875,17188
2026-01-29 06:45:00,1975.0999755859375,1975.5,1972.0,1973.300048828125,15161
2026-01-29 06:50:00,1972.300048828125,1975.5,1972.0,1974.5,5322
2026-01-29 06:55:00,1975.0999755859375,1976.9000244140625,1974.0999755859375,1974.5999755859375,6658
2026-01-29 07:00:00,1975.800048828125,1978.800048828125,1975.0,1977.0999755859375,8132
2026-01-29 07:05:00,1977.9000244140625,1977.9000244140625,1974.0,1974.199951171875,4306
2026-01-29 07:10:00,1974.5999755859375,1974.9000244140625,1972.5,1973.699951171875,7011
2026-01-29 07:15:00,1973.300048828125,1977.4000244140625,1972.300048828125,1975.0,3595
2026-01-29 07:20:00,1975.0,1978.9000244140625,1975.0,1978.0,12613
2026-01-29 07:25:00,1978.0,1980.4000244140625,1976.0,1979.9000244140625,9819
2026-01-29 07:30:00,1980.0,1987.0,1979.0,1986.4000244140625,16805
2026-01-29 07:35:00,1987.0,1990.800048828125,1985.199951171875,1990.199951171875,21653
2026-01-29 07:40:00,1990.199951171875,1996.0,1990.0,1993.300048828125,19431
2026-01-29 07:45:00,1993.199951171875,1993.199951171875,1987.800048828125,1990.0,12928
2026-01-29 07:50:00,1989.699951171875,1999.0,1989.300048828125,1998.800048828125,19814
2026-01-29 07:55:00,1998.800048828125,2016.5,1998.800048828125,2008.199951171875,75054
2026-01-29 08:00:00,2007.0,2020.300048828125,2006.0999755859375,2016.800048828125,47904
2026-01-29 08:05:00,2016.5,2017.800048828125,2013.0,2014.0,24285
2026-01-29 08:10:00,2013.0,2021.0,2011.0,2019.9000244140625,27571
2026-01-29 08:15:00,2020.0999755859375,2022.5999755859375,2017.199951171875,2020.699951171875,20658
2026-01-29 08:20:00,2020.0,2024.699951171875,2017.699951171875,2022.0,30547
2026-01-29 08:25:00,2021.5999755859375,2022.5999755859375,2015.5999755859375,2017.5,14297
2026-01-29 08:30:00,2017.0,2019.9000244140625,2015.5,2016.199951171875,12406
2026-01-29 08:35:00,2015.699951171875,2017.0,2010.699951171875,2012.0999755859375,23993
2026-01-29 08:40:00,2012.0999755859375,2019.4000244140625,2010.0999755859375,2018.5,27223
2026-01-29 08:45:00,2017.9000244140625,2019.300048828125,2015.199951171875,2015.5,9116
2026-01-29 08:50:00,2016.0,2016.0,2011.800048828125,2015.0999755859375,10676
2026-01-29 08:55:00,2015.0,2018.9000244140625,2015.0,2018.9000244140625,9665
2026-01-29 09:00:00,2019.0,2023.800048828125,2019.0,2023.5,21857
2026-01-29 09:05:00,2023.0,2029.0,2020.5,2022.4000244140625,41759
2026-01-29 09:10:00,2023.0,2023.5,2019.0,2019.5999755859375,11739
2026-01-29 09:15:00,2019.5,2020.0,2017.300048828125,2019.5,10285
2026-01-29 09:20:00,2017.9000244140625,2020.4000244140625,2016.0999755859375,2017.199951171875,13264
2026-01-29 09:25:00,2017.4000244140625,2020.9000244140625,2015.699951171875,2019.800048828125,18286
2026-01-29 09:30:00,2022.5,2024.5999755859375,2018.5999755859375,2022.699951171875,25853
2026-01-29 09:35:00,2022.699951171875,2025.5999755859375,2017.5,2020.0,31929
2026-01-29 09:40:00,2019.9000244140625,2021.800048828125,2019.199951171875,2019.9000244140625,22869
2026-01-29 09:45:00,2020.0,2021.0,2016.800048828125,2017.300048828125,34599
2026-01-29 09:50:00,2017.300048828125,2018.300048828125,2014.5,2015.0999755859375,29547
2026-01-29 09:55:00,2015.5,2016.0999755859375,2012.4000244140625,2012.4000244140625,24027
2026-01-30 03:45:00,2005.0,2013.5,1999.0,2012.0999755859375,50341
2026-01-30 03:50:00,2011.300048828125,2020.300048828125,2007.199951171875,2012.5,32158
2026-01-30 03:55:00,2012.5,2036.5,2011.5999755859375,2023.199951171875,62589
2026-01-30 04:00:00,2023.300048828125,2025.0,2019.199951171875,2021.800048828125,31565
2026-01-30 04:05:00,2022.4000244140625,2028.300048828125,2022.4000244140625,2023.0999755859375,18458
2026-01-30 04:10:00,2023.800048828125,2031.0,2022.4000244140625,2029.5,34051
2026-01-30 04:15:00,2029.9000244140625,2031.300048828125,2026.300048828125,2031.300048828125,21789
2026-01-30 04:20:00,2029.0,2029.9000244140625,2025.4000244140625,2027.0,13892
2026-01-30 04:25:00,2027.199951171875,2027.199951171875,2019.199951171875,2024.0999755859375,35724
2026-01-30 04:30:00,2024.0,2030.0,2023.699951171875,2026.0999755859375,13888
2026-01-30 04:35:00,2027.199951171875,2029.5999755859375,2025.9000244140625,2029.0,10486
2026-01-30 04:40:00,2031.5999755859375,2032.9000244140625,2028.4000244140625,2030.0,13715
2026-01-30 04:45:00,2030.699951171875,2034.300048828125,2029.800048828125,2033.9000244140625,22190
2026-01-30 04:50:00,2033.9000244140625,2033.9000244140625,2028.199951171875,2029.5,7214
2026-01-30 04:55:00,2030.0999755859375,2030.0999755859375,2025.4000244140625,2028.0,6015
2026-01-30 05:00:00,2028.5999755859375,2033.9000244140625,2026.0,2032.4000244140625,7188
2026-01-30 05:05:00,2033.4000244140625,2034.699951171875,2032.0,2034.5,12604
2026-01-30 05:10:00,2034.5,2036.5,2033.4000244140625,2035.0,23267
2026-01-30 05:15:00,2034.800048828125,2038.5999755859375,2029.5,2029.9000244140625,24270
2026-01-30 05:20:00,2026.699951171875,2028.0999755859375,2024.199951171875,2025.5,14651
2026-01-30 05:25:00,2025.0999755859375,2026.199951171875,2021.0,2022.0999755859375,22040
2026-01-30 05:30:00,2022.699951171875,2024.4000244140625,2021.5,2022.9000244140625,7524
2026-01-30 05:35:00,2022.5,2024.0,2017.0999755859375,2018.5,22413
2026-01-30 05:40:00,2018.9000244140625,2027.699951171875,2017.199951171875,2026.5,13440
2026-01-30 05:45:00,2024.800048828125,2029.0,2024.800048828125,2026.699951171875,5376
2026-01-30 05:50:00,2025.699951171875,2029.800048828125,2025.699951171875,2029.800048828125,5259
2026-01-30 05:55:00,2029.9000244140625,2033.0999755859375,2029.0,2030.0,12612
2026-01-30 06:00:00,2029.699951171875,2030.4000244140625,2025.0999755859375,2025.4000244140625,5621
2026-01-30 06:05:00,2025.4000244140625,2028.5999755859375,2025.4000244140625,2027.5,2585
2026-01-30 06:10:00,2028.4000244140625,2028.800048828125,2025.0999755859375,2025.300048828125,4958
2026-01-30 06:15:00,2025.4000244140625,2025.4000244140625,2021.300048828125,2022.199951171875,6035
2026-01-30 06:20:00,2021.0999755859375,2026.5,2021.0999755859375,2024.199951171875,5301
2026-01-30 06:25:00,2024.0999755859375,2024.5999755859375,2020.0999755859375,2022.300048828125,4899
2026-01-30 06:30:00,2021.0999755859375,2022.5,2018.5999755859375,2020.5,10153
2026-01-30 06:35:00,2020.5,2022.0999755859375,2019.0,2022.0999755859375,12685
2026-01-30 06:40:00,2022.5,2023.5999755859375,2019.9000244140625,2021.699951171875,5834
2026-01-30 06:45:00,2022.0,2022.199951171875,2013.300048828125,2013.800048828125,16861
2026-01-30 06:50:00,2014.4000244140625,2021.0999755859375,2014.4000244140625,2020.9000244140625,6698
2026-01-30 06:55:00,2021.0,2024.9000244140625,2017.4000244140625,2024.0,9106
2026-01-30 07:00:00,2024.9000244140625,2033.0999755859375,2023.800048828125,2025.199951171875,22254
2026-01-30 07:05:00,2025.199951171875,2028.4000244140625,2023.800048828125,2026.0999755859375,9023
2026-01-30 07:10:00,2026.300048828125,2026.300048828125,2021.9000244140625,2025.0,5032
2026-01-30 07:15:00,2024.0999755859375,2025.5999755859375,2022.5,2023.699951171875,3568
2026-01-30 07:20:00,2023.5999755859375,2024.5,2022.4000244140625,2023.0,1565
2026-01-30 07:25:00,2023.0,2024.9000244140625,2021.0,2022.9000244140625,15510
2026-01-30 07:30:00,2023.300048828125,2023.300048828125,2018.199951171875,2018.5999755859375,8222
2026-01-30 07:35:00,2019.0,2019.300048828125,2015.5,2015.800048828125,5319
2026-01-30 07:40:00,2015.800048828125,2016.699951171875,2013.4000244140625,2014.199951171875,10951
2026-01-30 07:45:00,2014.199951171875,2014.5999755859375,2011.0,2012.9000244140625,7417
2026-01-30 07:50:00,2014.699951171875,2016.5,2013.800048828125,2015.5,3425
2026-01-30 07:55:00,2014.699951171875,2015.199951171875,2012.5999755859375,2013.199951171875,3437
2026-01-30 08:00:00,2013.0999755859375,2020.300048828125,2013.0999755859375,2019.0,10708
2026-01-30 08:05:00,2018.300048828125,2020.300048828125,2018.199951171875,2020.300048828125,7129
2026-01-30 08:10:00,2020.5999755859375,2024.0,2020.0999755859375,2023.300048828125,6560
2026-01-30 08:15:00,2023.300048828125,2025.5999755859375,2020.800048828125,2023.0,10403
2026-01-30 08:20:00,2022.699951171875,2028.5,2022.699951171875,2028.5,13662
2026-01-30 08:25:00,2028.0,2030.0,2027.5,2029.800048828125,15511
2026-01-30 08:30:00,2028.800048828125,2031.0,2019.199951171875,2021.800048828125,12085
2026-01-30 08:35:00,2021.800048828125,2023.699951171875,2020.0,2023.699951171875,13450
2026-01-30 08:40:00,2023.800048828125,2023.800048828125,2017.9000244140625,2021.5,11154
2026-01-30 08:45:00,2022.0,2025.0,2020.5,2024.300048828125,4974
2026-01-30 08:50:00,2024.0,2024.800048828125,2021.800048828125,2023.5,3223
2026-01-30 08:55:00,2023.0999755859375,2023.5,2020.0,2020.0,5083
2026-01-30 09:00:00,2020.0,2021.5999755859375,2017.199951171875,2017.5999755859375,12322
2026-01-30 09:05:00,2017.5,2021.800048828125,2017.0999755859375,2021.0,13771
2026-01-30 09:10:00,2021.199951171875,2021.800048828125,2015.0,2016.300048828125,15735
2026-01-30 09:15:00,2016.0,2019.0,2013.199951171875,2019.0,14664
2026-01-30 09:20:00,2018.0,2020.0,2018.0,2018.300048828125,10693
2026-01-30 09:25:00,2017.0,2020.5999755859375,2015.5,2020.0,9068
2026-01-30 09:30:00,2018.5,2023.800048828125,2014.699951171875,2020.800048828125,45988
2026-01-30 09:35:00,2020.800048828125,2024.5999755859375,2017.199951171875,2018.699951171875,45715
2026-01-30 09:40:00,2018.699951171875,2023.800048828125,2017.699951171875,2019.0,59395
2026-01-30 09:45:00,2019.0,2021.0,2016.0999755859375,2020.0999755859375,46320
2026-01-30 09:50:00,2019.5,2022.699951171875,2016.300048828125,2017.0999755859375,59555
2026-01-30 09:55:00,2017.0999755859375,2021.300048828125,2016.199951171875,2018.0,52191
2026-02-03 03:45:00,2193.89990234375,2194.89990234375,2160.60009765625,2161.699951171875,803684
2026-02-03 03:50:00,2163.10009765625,2174.89990234375,2157.800048828125,2166.39990234375,256080
2026-02-03 03:55:00,2166.39990234375,2181.39990234375,2165.199951171875,2179.199951171875,208309
2026-02-03 04:00:00,2178.300048828125,2222.39990234375,2176.5,2201.800048828125,394277
2026-02-03 04:05:00,2202.5,2227.39990234375,2186.89990234375,2227.39990234375,314115
2026-02-03 04:10:00,2226.199951171875,2232.10009765625,2178.699951171875,2178.699951171875,336967
2026-02-03 04:15:00,2177.0,2198.39990234375,2174.300048828125,2194.39990234375,201714
2026-02-03 04:20:00,2193.0,2196.0,2184.10009765625,2184.10009765625,100208
2026-02-03 04:25:00,2184.10009765625,2188.39990234375,2170.60009765625,2172.699951171875,135440
2026-02-03 04:30:00,2173.0,2188.0,2172.0,2181.699951171875,103137
2026-02-03 04:35:00,2182.0,2187.39990234375,2173.800048828125,2185.89990234375,83606
2026-02-03 04:40:00,2186.0,2186.0,2174.10009765625,2182.0,61585
2026-02-03 04:45:00,2182.5,2206.300048828125,2182.0,2203.0,142702
2026-02-03 04:50:00,2203.10009765625,2211.0,2198.5,2208.0,112447
2026-02-03 04:55:00,2209.5,2216.0,2206.300048828125,2207.5,151913
2026-02-03 05:00:00,2206.5,2213.10009765625,2201.10009765625,2208.199951171875,59821
2026-02-03 05:05:00,2209.10009765625,2227.0,2208.199951171875,2223.89990234375,141067
2026-02-03 05:10:00,2223.89990234375,2225.39990234375,2213.0,2215.300048828125,76411
2026-02-03 05:15:00,2214.5,2219.199951171875,2210.39990234375,2217.60009765625,54493
2026-02-03 05:20:00,2218.0,2218.60009765625,2213.0,2215.39990234375,48200
2026-02-03 05:25:00,2216.10009765625,2219.10009765625,2209.199951171875,2213.0,60230
2026-02-03 05:30:00,2213.0,2223.60009765625,2210.10009765625,2216.10009765625,53485
2026-02-03 05:35:00,2216.10009765625,2216.10009765625,2205.0,2210.300048828125,50417
2026-02-03 05:40:00,2209.300048828125,2210.300048828125,2204.199951171875,2208.800048828125,38979
2026-02-03 05:45:00,2208.10009765625,2212.0,2205.5,2208.0,29545
2026-02-03 05:50:00,2208.10009765625,2212.0,2206.0,2208.10009765625,16325
2026-02-03 05:55:00,2208.60009765625,2210.199951171875,2203.60009765625,2210.199951171875,28101
2026-02-03 06:00:00,2210.89990234375,2219.0,2210.300048828125,2218.10009765625,52580
2026-02-03 06:05:00,2218.39990234375,2222.0,2216.300048828125,2218.10009765625,48527
2026-02-03 06:10:00,2217.5,2227.5,2216.800048828125,2226.60009765625,110730
2026-02-03 06:15:00,2226.0,2227.199951171875,2218.39990234375,2222.0,47475
2026-02-03 06:20:00,2221.800048828125,2225.699951171875,2215.199951171875,2216.39990234375,37520
2026-02-03 06:25:00,2216.60009765625,2219.5,2211.300048828125,2219.5,36221
2026-02-03 06:30:00,2218.39990234375,2224.0,2215.800048828125,2220.0,31886
2026-02-03 06:35:00,2220.5,2222.0,2216.39990234375,2217.300048828125,37422
2026-02-03 06:40:00,2217.5,2218.10009765625,2213.89990234375,2215.89990234375,42855
2026-02-03 06:45:00,2215.89990234375,2221.0,2214.0,2220.0,26373
2026-02-03 06:50:00,2219.0,2227.5,2219.0,2222.5,82599
2026-02-03 06:55:00,2222.10009765625,2222.39990234375,2217.199951171875,2217.89990234375,22844
2026-02-03 07:00:00,2217.39990234375,2222.0,2216.10009765625,2220.0,18524
2026-02-03 07:05:00,2220.60009765625,2220.89990234375,2215.800048828125,2219.199951171875,28112
2026-02-03 07:10:00,2219.39990234375,2230.0,2218.39990234375,2228.300048828125,55873
2026-02-03 07:15:00,2228.300048828125,2229.199951171875,2223.800048828125,2227.800048828125,42652
2026-02-03 07:20:00,2227.800048828125,2229.10009765625,2220.10009765625,2221.60009765625,25506
2026-02-03 07:25:00,2220.89990234375,2223.300048828125,2218.5,2221.0,56032
2026-02-03 07:30:00,2221.800048828125,2221.800048828125,2215.199951171875,2217.800048828125,29913
2026-02-03 07:35:00,2217.800048828125,2218.60009765625,2212.300048828125,2215.10009765625,31237
2026-02-03 07:40:00,2215.10009765625,2215.60009765625,2214.0,2214.89990234375,9799
2026-02-03 07:45:00,2214.89990234375,2214.89990234375,2206.199951171875,2212.60009765625,54902
2026-02-03 07:50:00,2212.60009765625,2218.699951171875,2208.199951171875,2217.699951171875,36180
2026-02-03 07:55:00,2217.800048828125,2221.800048828125,2215.800048828125,2217.39990234375,36594
2026-02-03 08:00:00,2217.89990234375,2218.300048828125,2206.60009765625,2207.89990234375,38198
2026-02-03 08:05:00,2207.10009765625,2212.199951171875,2200.5,2209.199951171875,53774
2026-02-03 08:10:00,2209.199951171875,2216.60009765625,2209.199951171875,2213.60009765625,25239
2026-02-03 08:15:00,2213.5,2214.0,2207.89990234375,2209.10009765625,16154
2026-02-03 08:20:00,2208.39990234375,2215.199951171875,2207.199951171875,2209.60009765625,16794
2026-02-03 08:25:00,2210.10009765625,2210.300048828125,2200.0,2201.60009765625,44241
2026-02-03 08:30:00,2202.10009765625,2209.5,2200.0,2207.199951171875,36161
2026-02-03 08:35:00,2206.800048828125,2210.199951171875,2205.0,2209.89990234375,18922
2026-02-03 08:40:00,2209.89990234375,2210.5,2204.800048828125,2210.10009765625,22625
2026-02-03 08:45:00,2210.0,2214.199951171875,2209.199951171875,2212.199951171875,17262
2026-02-03 08:50:00,2212.199951171875,2215.0,2211.199951171875,2214.5,19213
2026-02-03 08:55:00,2214.5,2214.89990234375,2207.0,2208.60009765625,21323
2026-02-03 09:00:00,2208.300048828125,2210.60009765625,2202.800048828125,2207.39990234375,29597
2026-02-03 09:05:00,2207.89990234375,2223.89990234375,2196.199951171875,2196.199951171875,167062
2026-02-03 09:10:00,2195.800048828125,2229.10009765625,2190.0,2220.39990234375,328333
2026-02-03 09:15:00,2220.0,2220.0,2202.0,2210.199951171875,188313
2026-02-03 09:20:00,2210.10009765625,2219.60009765625,2201.10009765625,2217.800048828125,127095
2026-02-03 09:25:00,2217.800048828125,2218.0,2196.60009765625,2197.89990234375,126839
2026-02-03 09:30:00,2199.10009765625,2205.699951171875,2189.60009765625,2191.699951171875,133348
2026-02-03 09:35:00,2191.10009765625,2200.60009765625,2190.60009765625,2195.60009765625,69379
2026-02-03 09:40:00,2196.39990234375,2204.60009765625,2195.699951171875,2202.699951171875,71804
2026-02-03 09:45:00,2202.60009765625,2211.699951171875,2202.0,2209.89990234375,108318
2026-02-03 09:50:00,2208.60009765625,2210.0,2205.199951171875,2206.199951171875,72296
2026-02-03 09:55:00,2206.199951171875,2209.10009765625,2201.10009765625,2203.0,99930
2026-02-04 03:45:00,2209.0,2231.39990234375,2209.0,2218.5,0
2026-02-04 03:50:00,2218.199951171875,2228.0,2215.0,2220.0,69096
2026-02-04 03:55:00,2219.89990234375,2222.0,2203.39990234375,2205.699951171875,85774
2026-02-04 04:00:00,2204.60009765625,2213.39990234375,2204.60009765625,2207.5,51184
2026-02-04 04:05:00,2207.699951171875,2214.10009765625,2205.5,2210.10009765625,39593
2026-02-04 04:10:00,2210.39990234375,2217.89990234375,2209.199951171875,2211.0,23343
2026-02-04 04:15:00,2210.300048828125,2210.699951171875,2204.10009765625,2204.199951171875,24845
2026-02-04 04:20:00,2205.5,2205.5,2196.699951171875,2202.0,44899
2026-02-04 04:25:00,2202.5,2215.0,2201.60009765625,2214.39990234375,29586
2026-02-04 04:30:00,2214.0,2215.300048828125,2210.699951171875,2212.800048828125,18216
2026-02-04 04:35:00,2212.60009765625,2222.5,2212.300048828125,2219.10009765625,39585
2026-02-04 04:40:00,2219.199951171875,2225.60009765625,2215.699951171875,2219.699951171875,38010
2026-02-04 04:45:00,2219.800048828125,2226.199951171875,2217.0,2218.699951171875,38258
2026-02-04 04:50:00,2218.10009765625,2220.60009765625,2211.5,2212.10009765625,19111
2026-02-04 04:55:00,2212.10009765625,2214.300048828125,2210.0,2210.199951171875,18560
2026-02-04 05:00:00,2211.0,2214.5,2209.0,2212.199951171875,16269
2026-02-04 05:05:00,2212.199951171875,2214.10009765625,2210.0,2214.10009765625,15556
2026-02-04 05:10:00,2214.10009765625,2217.300048828125,2211.39990234375,2213.0,9462
2026-02-04 05:15:00,2213.39990234375,2213.39990234375,2210.0,2211.39990234375,9413
2026-02-04 05:20:00,2211.0,2211.5,2201.39990234375,2202.5,48140
2026-02-04 05:25:00,2202.0,2203.199951171875,2197.0,2198.89990234375,55747
2026-02-04 05:30:00,2198.300048828125,2203.699951171875,2197.10009765625,2198.0,33683
2026-02-04 05:35:00,2198.0,2202.699951171875,2195.699951171875,2200.300048828125,41144
2026-02-04 05:40:00,2199.89990234375,2201.60009765625,2197.5,2198.5,11338
2026-02-04 05:45:00,2199.10009765625,2199.60009765625,2195.10009765625,2197.89990234375,25713
2026-02-04 05:50:00,2197.89990234375,2206.89990234375,2197.0,2200.0,18442
2026-02-04 05:55:00,2200.699951171875,2202.10009765625,2189.39990234375,2196.199951171875,46181
2026-02-04 06:00:00,2196.199951171875,2201.5,2194.199951171875,2199.5,10892
2026-02-04 06:05:00,2198.199951171875,2199.89990234375,2196.199951171875,2198.60009765625,4761
2026-02-04 06:10:00,2199.5,2212.699951171875,2199.5,2212.199951171875,29509
2026-02-04 06:15:00,2213.0,2213.0,2205.0,2208.5,14121
2026-02-04 06:20:00,2208.5,2214.0,2205.5,2213.199951171875,23220
2026-02-04 06:25:00,2213.699951171875,2218.60009765625,2210.5,2216.39990234375,37056
2026-02-04 06:30:00,2216.300048828125,2222.5,2214.300048828125,2216.0,38991
2026-02-04 06:35:00,2215.199951171875,2224.0,2214.10009765625,2221.0,30087
2026-02-04 06:40:00,2220.60009765625,2245.800048828125,2220.199951171875,2240.199951171875,148522
2026-02-04 06:45:00,2241.0,2242.0,2231.89990234375,2233.300048828125,46901
2026-02-04 06:50:00,2232.800048828125,2234.699951171875,2224.800048828125,2228.10009765625,36097
2026-02-04 06:55:00,2227.800048828125,2241.800048828125,2227.800048828125,2232.0,55692
2026-02-04 07:00:00,2232.699951171875,2232.699951171875,2225.5,2227.199951171875,12709
2026-02-04 07:05:00,2227.60009765625,2229.39990234375,2224.0,2228.89990234375,11083
2026-02-04 07:10:00,2229.0,2229.89990234375,2227.0,2227.0,9396
2026-02-04 07:15:00,2226.800048828125,2227.0,2224.0,2226.60009765625,7390
2026-02-04 07:20:00,2226.0,2228.0,2224.60009765625,2227.699951171875,5037
2026-02-04 07:25:00,2227.5,2230.0,2222.300048828125,2223.10009765625,10609
2026-02-04 07:30:00,2224.0,2227.300048828125,2222.5,2226.10009765625,5768
2026-02-04 07:35:00,2227.0,2229.0,2225.5,2228.39990234375,11976
2026-02-04 07:40:00,2228.39990234375,2229.89990234375,2225.10009765625,2226.0,4140
2026-02-04 07:45:00,2226.0,2227.5,2224.60009765625,2225.300048828125,3355
2026-02-04 07:50:00,2225.60009765625,2233.800048828125,2225.60009765625,2229.0,15291
2026-02-04 07:55:00,2229.39990234375,2232.699951171875,2229.0,2232.699951171875,9285
2026-02-04 08:00:00,2232.39990234375,2236.89990234375,2230.0,2233.199951171875,22710
2026-02-04 08:05:00,2233.199951171875,2235.0,2231.10009765625,2232.39990234375,9755
2026-02-04 08:10:00,2232.39990234375,2233.0,2230.0,2230.699951171875,7059
2026-02-04 08:15:00,2230.89990234375,2232.39990234375,2230.0,2231.300048828125,3991
2026-02-04 08:20:00,2231.699951171875,2232.5,2229.199951171875,2231.89990234375,5770
2026-02-04 08:25:00,2231.699951171875,2232.300048828125,2229.39990234375,2230.5,5661
2026-02-04 08:30:00,2229.300048828125,2230.800048828125,2227.300048828125,2229.39990234375,5645
2026-02-04 08:35:00,2229.39990234375,2230.199951171875,2226.10009765625,2227.89990234375,4590
2026-02-04 08:40:00,2227.89990234375,2234.0,2227.89990234375,2232.60009765625,8905
2026-02-04 08:45:00,2232.60009765625,2235.0,2232.39990234375,2234.39990234375,7864
2026-02-04 08:50:00,2233.199951171875,2236.5,2230.39990234375,2233.0,17367
2026-02-04 08:55:00,2231.60009765625,2233.0,2229.10009765625,2231.800048828125,8610
2026-02-04 09:00:00,2231.300048828125,2232.10009765625,2229.800048828125,2231.300048828125,4109
2026-02-04 09:05:00,2231.10009765625,2235.0,2230.0,2233.5,10622
2026-02-04 09:10:00,2232.89990234375,2235.0,2232.0,2233.300048828125,12968
2026-02-04 09:15:00,2233.39990234375,2236.0,2226.10009765625,2227.89990234375,32168
2026-02-04 09:20:00,2227.89990234375,2232.89990234375,2227.89990234375,2230.89990234375,11643
2026-02-04 09:25:00,2231.0,2231.89990234375,2228.300048828125,2230.199951171875,7732
2026-02-04 09:30:00,2232.300048828125,2234.39990234375,2230.89990234375,2231.89990234375,19471
2026-02-04 09:35:00,2232.0,2233.39990234375,2231.0,2231.89990234375,17721
2026-02-04 09:40:00,2230.699951171875,2231.39990234375,2229.0,2229.300048828125,33035
2026-02-04 09:45:00,2230.199951171875,2231.0,2228.5,2228.5,29601
2026-02-04 09:50:00,2229.199951171875,2229.39990234375,2221.10009765625,2224.0,47617
2026-02-04 09:55:00,2224.89990234375,2228.199951171875,2220.89990234375,2228.199951171875,34155
2026-02-05 03:45:00,2232.0,2232.0,2220.0,2221.300048828125,0
2026-02-05 03:50:00,2220.60009765625,2221.300048828125,2212.10009765625,2217.60009765625,31278
2026-02-05 03:55:00,2218.0,2220.800048828125,2213.39990234375,2220.5,14078
2026-02-05 04:00:00,2220.60009765625,2227.699951171875,2218.0,2218.39990234375,20286
2026-02-05 04:05:00,2219.800048828125,2223.0,2212.10009765625,2218.0,16730
2026-02-05 04:10:00,2218.0,2221.5,2212.0,2212.0,32573
2026-02-05 04:15:00,2212.0,2216.5,2210.0,2215.0,16193
2026-02-05 04:20:00,2215.60009765625,2219.800048828125,2214.10009765625,2215.199951171875,16876
2026-02-05 04:25:00,2215.300048828125,2222.800048828125,2213.10009765625,2219.10009765625,9307
2026-02-05 04:30:00,2219.60009765625,2219.89990234375,2210.60009765625,2213.39990234375,11485
2026-02-05 04:35:00,2213.699951171875,2216.0,2212.300048828125,2214.89990234375,13478
2026-02-05 04:40:00,2214.10009765625,2218.89990234375,2213.89990234375,2217.10009765625,9647
2026-02-05 04:45:00,2218.10009765625,2218.800048828125,2214.60009765625,2218.60009765625,8156
2026-02-05 04:50:00,2218.0,2225.0,2217.89990234375,2223.0,18108
2026-02-05 04:55:00,2223.0,2229.89990234375,2221.10009765625,2228.39990234375,27953
2026-02-05 05:00:00,2228.39990234375,2230.699951171875,2226.0,2227.0,23513
2026-02-05 05:05:00,2227.60009765625,2227.60009765625,2217.199951171875,2219.5,24811
2026-02-05 05:10:00,2220.199951171875,2224.0,2219.5,2222.89990234375,6461
2026-02-05 05:15:00,2222.699951171875,2224.0,2218.5,2219.300048828125,12384
2026-02-05 05:20:00,2218.800048828125,2220.0,2215.10009765625,2217.199951171875,10646
2026-02-05 05:25:00,2218.0,2219.699951171875,2216.199951171875,2217.0,5525
2026-02-05 05:30:00,2217.0,2222.800048828125,2215.60009765625,2222.10009765625,8672
2026-02-05 05:35:00,2222.10009765625,2224.89990234375,2220.300048828125,2222.5,9312
2026-02-05 05:40:00,2222.5,2225.5,2221.0,2225.5,6217
2026-02-05 05:45:00,2225.60009765625,2226.0,2218.0,2218.0,7658
2026-02-05 05:50:00,2218.0,2220.300048828125,2217.5,2217.800048828125,6677
2026-02-05 05:55:00,2217.800048828125,2223.10009765625,2217.5,2221.199951171875,6225
2026-02-05 06:00:00,2222.0,2223.800048828125,2218.60009765625,2220.199951171875,6514
2026-02-05 06:05:00,2219.89990234375,2222.0,2218.0,2220.89990234375,4908
2026-02-05 06:10:00,2221.0,2226.0,2221.0,2224.10009765625,9001
2026-02-05 06:15:00,2224.10009765625,2225.60009765625,2220.39990234375,2220.699951171875,8191
2026-02-05 06:20:00,2221.5,2223.0,2220.0,2221.5,3790
2026-02-05 06:25:00,2221.699951171875,2225.89990234375,2221.0,2225.800048828125,3069
2026-02-05 06:30:00,2224.39990234375,2225.89990234375,2222.300048828125,2224.300048828125,4829
2026-02-05 06:35:00,2224.300048828125,2224.300048828125,2220.39990234375,2221.800048828125,3492
2026-02-05 06:40:00,2222.699951171875,2223.0,2214.0,2214.5,12253
2026-02-05 06:45:00,2215.39990234375,2217.300048828125,2212.300048828125,2214.60009765625,9954
2026-02-05 06:50:00,2214.300048828125,2218.10009765625,2213.0,2218.10009765625,9493
2026-02-05 06:55:00,2219.0,2221.39990234375,2217.199951171875,2220.199951171875,6750
2026-02-05 07:00:00,2220.0,2226.10009765625,2218.800048828125,2220.699951171875,15132
2026-02-05 07:05:00,2221.0,2223.5,2220.699951171875,2223.199951171875,3710
2026-02-05 07:10:00,2223.300048828125,2224.0,2221.0,2221.5,5821
2026-02-05 07:15:00,2222.199951171875,2222.89990234375,2220.699951171875,2221.300048828125,3078
2026-02-05 07:20:00,2221.39990234375,2224.0,2220.800048828125,2224.0,7874
2026-02-05 07:25:00,2224.199951171875,2228.0,2220.89990234375,2227.89990234375,10865
2026-02-05 07:30:00,2228.0,2228.0,2225.0,2228.0,4053
2026-02-05 07:35:00,2227.699951171875,2233.800048828125,2227.699951171875,2231.199951171875,23687
2026-02-05 07:40:00,2231.5,2241.10009765625,2231.10009765625,2234.0,39938
2026-02-05 07:45:00,2234.5,2235.5,2233.0,2234.5,7385
2026-02-05 07:50:00,2234.5,2234.89990234375,2233.0,2233.0,5027
2026-02-05 07:55:00,2233.0,2233.5,2230.199951171875,2230.199951171875,6104
2026-02-05 08:00:00,2230.800048828125,2234.699951171875,2230.10009765625,2234.300048828125,7899
2026-02-05 08:05:00,2234.10009765625,2234.89990234375,2232.0,2232.300048828125,5082
2026-02-05 08:10:00,2232.800048828125,2232.800048828125,2230.199951171875,2231.0,3563
2026-02-05 08:15:00,2232.0,2232.0,2230.10009765625,2230.300048828125,4794
2026-02-05 08:20:00,2231.0,2231.39990234375,2228.0,2228.0,6022
2026-02-05 08:25:00,2228.0,2228.60009765625,2225.0,2227.300048828125,8099
2026-02-05 08:30:00,2227.0,2229.699951171875,2226.0,2226.0,6736
2026-02-05 08:35:00,2226.10009765625,2227.199951171875,2220.39990234375,2221.89990234375,19224
2026-02-05 08:40:00,2222.10009765625,2222.10009765625,2215.0,2218.800048828125,29283
2026-02-05 08:45:00,2218.699951171875,2219.199951171875,2216.0,2216.300048828125,13017
2026-02-05 08:50:00,2216.300048828125,2219.39990234375,2215.5,2217.699951171875,5530
2026-02-05 08:55:00,2217.10009765625,2226.0,2215.699951171875,2224.800048828125,13000
2026-02-05 09:00:00,2224.699951171875,2231.60009765625,2223.0,2230.39990234375,12059
2026-02-05 09:05:00,2230.800048828125,2232.60009765625,2228.10009765625,2230.5,16799
2026-02-05 09:10:00,2230.89990234375,2231.10009765625,2225.699951171875,2226.10009765625,11930
2026-02-05 09:15:00,2226.39990234375,2227.800048828125,2225.0,2227.800048828125,6366
2026-02-05 09:20:00,2227.800048828125,2230.39990234375,2227.10009765625,2230.39990234375,6466
2026-02-05 09:25:00,2230.5,2237.800048828125,2230.5,2235.699951171875,19860
2026-02-05 09:30:00,2235.10009765625,2238.800048828125,2234.10009765625,2235.800048828125,21520
2026-02-05 09:35:00,2236.10009765625,2240.0,2232.5,2237.699951171875,42728
2026-02-05 09:40:00,2237.10009765625,2238.60009765625,2236.0,2237.60009765625,12277
2026-02-05 09:45:00,2237.60009765625,2238.199951171875,2234.199951171875,2235.199951171875,19812
2026-02-05 09:50:00,2235.300048828125,2236.0,2233.10009765625,2234.39990234375,20259
2026-02-05 09:55:00,2234.5,2237.60009765625,2231.300048828125,2236.60009765625,23004
2026-02-06 03:45:00,2224.0,2234.699951171875,2224.0,2232.89990234375,0
2026-02-06 03:50:00,2232.0,2238.0,2228.60009765625,2229.0,18943
2026-02-06 03:55:00,2230.300048828125,2235.39990234375,2227.5,2230.300048828125,13056
2026-02-06 04:00:00,2227.60009765625,2232.89990234375,2224.199951171875,2227.10009765625,15137
2026-02-06 04:05:00,2226.39990234375,2228.0,2223.10009765625,2227.5,13528
2026-02-06 04:10:00,2228.0,2230.39990234375,2222.699951171875,2222.699951171875,14073
2026-02-06 04:15:00,2222.89990234375,2232.39990234375,2222.89990234375,2232.0,10629
2026-02-06 04:20:00,2232.5,2235.0,2228.800048828125,2229.10009765625,8006
2026-02-06 04:25:00,2229.10009765625,2229.10009765625,2223.0,2225.0,10472
2026-02-06 04:30:00,2225.89990234375,2226.0,2220.0,2222.300048828125,25288
2026-02-06 04:35:00,2223.0,2225.699951171875,2221.199951171875,2224.800048828125,9045
2026-02-06 04:40:00,2225.300048828125,2226.0,2212.89990234375,2213.699951171875,46772
2026-02-06 04:45:00,2214.5,2226.89990234375,2212.0,2223.10009765625,23348
2026-02-06 04:50:00,2222.800048828125,2231.0,2222.0,2226.0,15260
2026-02-06 04:55:00,2226.0,2227.800048828125,2221.60009765625,2222.0,7646
2026-02-06 05:00:00,2220.39990234375,2221.89990234375,2217.89990234375,2218.300048828125,11993
2026-02-06 05:05:00,2218.10009765625,2222.5,2215.0,2217.60009765625,13675
2026-02-06 05:10:00,2217.0,2217.199951171875,2214.699951171875,2215.60009765625,5988
2026-02-06 05:15:00,2215.60009765625,2217.10009765625,2213.199951171875,2215.199951171875,12493
2026-02-06 05:20:00,2214.699951171875,2217.60009765625,2213.0,2213.0,8294
2026-02-06 05:25:00,2213.800048828125,2216.0,2212.800048828125,2214.60009765625,7869
2026-02-06 05:30:00,2215.10009765625,2220.5,2214.0,2219.699951171875,12490
2026-02-06 05:35:00,2219.699951171875,2221.300048828125,2217.10009765625,2220.0,5639
2026-02-06 05:40:00,2220.0,2225.89990234375,2219.800048828125,2222.800048828125,11857
2026-02-06 05:45:00,2221.89990234375,2223.800048828125,2219.300048828125,2221.10009765625,5803
2026-02-06 05:50:00,2221.89990234375,2224.199951171875,2220.89990234375,2221.39990234375,7407
2026-02-06 05:55:00,2221.39990234375,2234.0,2219.300048828125,2230.800048828125,30609
2026-02-06 06:00:00,2232.300048828125,2235.800048828125,2229.0,2234.800048828125,29847
2026-02-06 06:05:00,2235.5,2237.60009765625,2232.39990234375,2235.39990234375,15313
2026-02-06 06:10:00,2235.10009765625,2235.89990234375,2230.199951171875,2230.89990234375,6493
2026-02-06 06:15:00,2230.199951171875,2236.0,2230.10009765625,2234.0,5201
2026-02-06 06:20:00,2234.0,2234.60009765625,2231.10009765625,2231.699951171875,4730
2026-02-06 06:25:00,2230.699951171875,2232.5,2230.199951171875,2231.0,2919
2026-02-06 06:30:00,2231.89990234375,2233.800048828125,2228.199951171875,2229.0,8253
2026-02-06 06:35:00,2229.0,2229.0,2223.199951171875,2224.199951171875,8210
2026-02-06 06:40:00,2225.199951171875,2227.60009765625,2224.0,2227.0,4815
2026-02-06 06:45:00,2227.5,2227.5,2224.800048828125,2226.699951171875,1548
2026-02-06 06:50:00,2226.0,2226.39990234375,2220.10009765625,2220.39990234375,7040
2026-02-06 06:55:00,2219.5,2223.800048828125,2217.5,2222.199951171875,11805
2026-02-06 07:00:00,2222.199951171875,2222.199951171875,2218.10009765625,2218.10009765625,2735
2026-02-06 07:05:00,2219.199951171875,2221.60009765625,2219.199951171875,2221.10009765625,4770
2026-02-06 07:10:00,2221.10009765625,2222.300048828125,2210.0,2212.699951171875,38692
2026-02-06 07:15:00,2211.699951171875,2215.199951171875,2208.5,2210.300048828125,13069
2026-02-06 07:20:00,2210.5,2211.89990234375,2208.39990234375,2208.5,12275
2026-02-06 07:25:00,2208.5,2213.60009765625,2205.0,2212.60009765625,24236
2026-02-06 07:30:00,2212.699951171875,2213.199951171875,2206.0,2207.60009765625,10529
2026-02-06 07:35:00,2207.699951171875,2211.0,2206.5,2208.39990234375,11018
2026-02-06 07:40:00,2207.800048828125,2209.0,2206.0,2206.199951171875,8920
2026-02-06 07:45:00,2207.0,2208.60009765625,2203.300048828125,2204.60009765625,10198
2026-02-06 07:50:00,2204.89990234375,2205.199951171875,2202.39990234375,2204.5,4516
2026-02-06 07:55:00,2204.39990234375,2206.10009765625,2204.39990234375,2206.10009765625,470
2026-02-06 08:00:00,2204.0,2204.0,2202.0,2202.300048828125,24078
2026-02-06 08:05:00,2203.60009765625,2210.5,2202.800048828125,2209.10009765625,6988
2026-02-06 08:10:00,2210.0,2211.5,2206.5,2208.89990234375,6048
2026-02-06 08:15:00,2208.699951171875,2209.10009765625,2205.199951171875,2208.60009765625,3777
2026-02-06 08:20:00,2208.0,2214.0,2207.800048828125,2214.0,10626
2026-02-06 08:25:00,2214.0,2217.60009765625,2212.0,2214.800048828125,14805
2026-02-06 08:30:00,2215.199951171875,2218.39990234375,2214.300048828125,2216.199951171875,4328
2026-02-06 08:35:00,2216.10009765625,2217.800048828125,2215.199951171875,2216.800048828125,2802
2026-02-06 08:40:00,2216.300048828125,2216.699951171875,2213.10009765625,2215.699951171875,5370
2026-02-06 08:45:00,2215.699951171875,2216.699951171875,2212.10009765625,2215.5,6652
2026-02-06 08:50:00,2215.5,2217.5,2211.5,2212.89990234375,5079
2026-02-06 08:55:00,2212.0,2215.699951171875,2212.0,2213.0,3865
2026-02-06 09:00:00,2213.5,2215.89990234375,2212.0,2215.89990234375,4137
2026-02-06 09:05:00,2215.199951171875,2219.39990234375,2214.89990234375,2218.0,12195
2026-02-06 09:10:00,2217.89990234375,2219.89990234375,2217.39990234375,2218.800048828125,6612
2026-02-06 09:15:00,2218.89990234375,2221.5,2216.0,2216.800048828125,9129
2026-02-06 09:20:00,2216.699951171875,2220.800048828125,2215.89990234375,2218.800048828125,9706
2026-02-06 09:25:00,2219.0,2223.0,2219.0,2223.0,31491
2026-02-06 09:30:00,2223.5,2229.60009765625,2223.5,2226.199951171875,22577
2026-02-06 09:35:00,2226.199951171875,2231.60009765625,2225.300048828125,2226.39990234375,24671
2026-02-06 09:40:00,2226.199951171875,2229.800048828125,2225.10009765625,2227.10009765625,19746
2026-02-06 09:45:00,2227.10009765625,2229.0,2226.5,2228.5,13305
2026-02-06 09:50:00,2227.800048828125,2227.89990234375,2223.199951171875,2224.60009765625,20624
2026-02-06 09:55:00,2224.699951171875,2224.699951171875,2219.39990234375,2221.800048828125,19891
2026-02-09 03:45:00,2251.0,2278.0,2251.0,2262.699951171875,0
2026-02-09 03:50:00,2263.800048828125,2266.89990234375,2257.60009765625,2259.0,57772
2026-02-09 03:55:00,2258.39990234375,2261.800048828125,2253.89990234375,2258.5,28418
2026-02-09 04:00:00,2258.89990234375,2265.0,2253.0,2254.5,32893
2026-02-09 04:05:00,2254.800048828125,2262.60009765625,2253.800048828125,2259.699951171875,25444
2026-02-09 04:10:00,2259.0,2263.0,2253.0,2258.800048828125,31385
2026-02-09 04:15:00,2258.89990234375,2259.39990234375,2250.300048828125,2253.0,15085
2026-02-09 04:20:00,2252.0,2257.39990234375,2252.0,2254.0,13702
2026-02-09 04:25:00,2254.0,2257.800048828125,2251.0,2253.0,20610
2026-02-09 04:30:00,2253.0,2254.0,2251.39990234375,2253.699951171875,9658
2026-02-09 04:35:00,2253.699951171875,2257.60009765625,2253.699951171875,2256.39990234375,9015
2026-02-09 04:40:00,2255.800048828125,2256.0,2251.199951171875,2252.300048828125,7859
2026-02-09 04:45:00,2252.300048828125,2255.0,2251.60009765625,2254.89990234375,4504
2026-02-09 04:50:00,2255.0,2259.300048828125,2254.300048828125,2256.300048828125,13578
2026-02-09 04:55:00,2256.300048828125,2264.60009765625,2256.0,2260.800048828125,49000
2026-02-09 05:00:00,2260.800048828125,2263.0,2260.199951171875,2261.89990234375,23665
2026-02-09 05:05:00,2262.89990234375,2270.89990234375,2260.39990234375,2266.5,191303
2026-02-09 05:10:00,2267.199951171875,2284.0,2265.60009765625,2282.800048828125,58454
2026-02-09 05:15:00,2282.199951171875,2288.0,2276.699951171875,2277.0,58663
2026-02-09 05:20:00,2277.0,2282.699951171875,2276.60009765625,2279.0,27339
2026-02-09 05:25:00,2279.10009765625,2280.0,2276.0,2276.699951171875,118691
2026-02-09 05:30:00,2276.60009765625,2277.39990234375,2267.300048828125,2269.199951171875,31165
2026-02-09 05:35:00,2269.199951171875,2271.0,2266.39990234375,2267.699951171875,12528
2026-02-09 05:40:00,2268.199951171875,2268.699951171875,2263.5,2266.60009765625,12041
2026-02-09 05:45:00,2267.300048828125,2268.300048828125,2264.199951171875,2267.89990234375,7280
2026-02-09 05:50:00,2267.300048828125,2273.0,2267.0,2272.699951171875,16131
2026-02-09 05:55:00,2272.89990234375,2273.300048828125,2269.60009765625,2271.0,21469
2026-02-09 06:00:00,2271.60009765625,2271.800048828125,2264.89990234375,2267.10009765625,12909
2026-02-09 06:05:00,2267.89990234375,2269.699951171875,2266.800048828125,2269.199951171875,2477
2026-02-09 06:10:00,2269.199951171875,2269.5,2266.89990234375,2267.699951171875,3827
2026-02-09 06:15:00,2266.89990234375,2266.89990234375,2262.10009765625,2264.0,13742
2026-02-09 06:20:00,2264.800048828125,2264.800048828125,2261.0,2262.0,10619
2026-02-09 06:25:00,2262.39990234375,2264.699951171875,2260.60009765625,2261.60009765625,9722
2026-02-09 06:30:00,2262.300048828125,2263.199951171875,2258.10009765625,2259.800048828125,12141
2026-02-09 06:35:00,2260.800048828125,2267.89990234375,2260.699951171875,2267.5,9496
2026-02-09 06:40:00,2267.60009765625,2268.699951171875,2265.60009765625,2267.10009765625,21679
2026-02-09 06:45:00,2267.800048828125,2268.0,2265.199951171875,2265.199951171875,3790
2026-02-09 06:50:00,2265.300048828125,2269.60009765625,2265.199951171875,2267.60009765625,6742
2026-02-09 06:55:00,2267.89990234375,2270.0,2262.0,2262.0,13579
2026-02-09 07:00:00,2262.0,2262.800048828125,2260.39990234375,2261.5,8878
2026-02-09 07:05:00,2262.0,2263.5,2260.699951171875,2261.5,4179
2026-02-09 07:10:00,2261.5,2262.199951171875,2260.0,2260.10009765625,6668
2026-02-09 07:15:00,2260.39990234375,2260.39990234375,2254.699951171875,2257.699951171875,19447
2026-02-09 07:20:00,2257.699951171875,2259.199951171875,2257.60009765625,2257.60009765625,5656
2026-02-09 07:25:00,2257.60009765625,2259.699951171875,2253.699951171875,2259.699951171875,18211
2026-02-09 07:30:00,2258.800048828125,2259.699951171875,2257.39990234375,2259.0,4430
2026-02-09 07:35:00,2259.0,2261.89990234375,2259.0,2261.89990234375,4830
2026-02-09 07:40:00,2261.699951171875,2262.199951171875,2248.89990234375,2251.300048828125,103820
2026-02-09 07:45:00,2251.300048828125,2253.89990234375,2251.300048828125,2252.0,6561
2026-02-09 07:50:00,2252.0,2252.199951171875,2248.0,2249.5,12985
2026-02-09 07:55:00,2249.800048828125,2252.60009765625,2249.800048828125,2250.300048828125,9782
2026-02-09 08:00:00,2250.39990234375,2250.699951171875,2247.300048828125,2250.300048828125,9416
2026-02-09 08:05:00,2250.300048828125,2250.39990234375,2248.5,2249.5,2689
2026-02-09 08:10:00,2249.5,2250.0,2248.89990234375,2249.39990234375,2133
2026-02-09 08:15:00,2249.39990234375,2251.60009765625,2249.0,2250.199951171875,4245
2026-02-09 08:20:00,2250.5,2254.0,2250.0,2252.10009765625,5883
2026-02-09 08:25:00,2253.5,2254.0,2250.5,2250.5,5151
2026-02-09 08:30:00,2250.5,2252.60009765625,2247.0,2251.800048828125,19668
2026-02-09 08:35:00,2251.800048828125,2255.0,2250.5,2254.60009765625,7502
2026-02-09 08:40:00,2255.39990234375,2256.0,2252.800048828125,2253.199951171875,6802
2026-02-09 08:45:00,2253.5,2254.800048828125,2251.199951171875,2252.39990234375,4971
2026-02-09 08:50:00,2252.5,2254.0,2252.5,2253.800048828125,4644
2026-02-09 08:55:00,2253.5,2255.0,2253.5,2254.300048828125,7100
2026-02-09 09:00:00,2255.0,2255.0,2252.300048828125,2252.5,5340
2026-02-09 09:05:00,2253.10009765625,2255.5,2251.300048828125,2251.5,7520
2026-02-09 09:10:00,2252.39990234375,2253.800048828125,2250.39990234375,2250.39990234375,5339
2026-02-09 09:15:00,2250.10009765625,2253.300048828125,2248.39990234375,2249.300048828125,13667
2026-02-09 09:20:00,2248.39990234375,2252.0,2248.10009765625,2251.0,6405
2026-02-09 09:25:00,2249.699951171875,2255.0,2249.60009765625,2255.0,9349
2026-02-09 09:30:00,2254.800048828125,2256.800048828125,2252.800048828125,2254.199951171875,32127
2026-02-09 09:35:00,2255.0,2255.699951171875,2252.10009765625,2252.699951171875,14136
2026-02-09 09:40:00,2252.800048828125,2252.800048828125,2249.0,2250.800048828125,25758
2026-02-09 09:45:00,2250.10009765625,2251.0,2248.0,2248.39990234375,29135
2026-02-09 09:50:00,2248.10009765625,2248.10009765625,2246.60009765625,2247.199951171875,49332
2026-02-09 09:55:00,2247.60009765625,2251.89990234375,2246.699951171875,2250.10009765625,43306
2026-02-10 03:45:00,2256.89990234375,2256.89990234375,2247.199951171875,2248.199951171875,0
2026-02-10 03:50:00,2248.800048828125,2251.0,2244.5,2251.0,24749
2026-02-10 03:55:00,2249.699951171875,2250.39990234375,2247.5,2247.89990234375,15479
2026-02-10 04:00:00,2248.0,2248.0,2239.10009765625,2242.5,27481
2026-02-10 04:05:00,2241.699951171875,2247.0,2239.10009765625,2243.300048828125,17651
2026-02-10 04:10:00,2242.5,2244.5,2241.699951171875,2242.89990234375,10549
2026-02-10 04:15:00,2244.300048828125,2253.5,2241.39990234375,2242.39990234375,30899
2026-02-10 04:20:00,2242.39990234375,2244.199951171875,2239.0,2239.0,18507
2026-02-10 04:25:00,2239.0,2242.89990234375,2235.60009765625,2242.300048828125,24752
2026-02-10 04:30:00,2242.5,2247.699951171875,2241.39990234375,2246.300048828125,9472
2026-02-10 04:35:00,2246.300048828125,2246.89990234375,2242.10009765625,2243.10009765625,7816
2026-02-10 04:40:00,2243.10009765625,2244.39990234375,2242.10009765625,2242.800048828125,2268
2026-02-10 04:45:00,2242.699951171875,2251.39990234375,2242.300048828125,2249.89990234375,18047
2026-02-10 04:50:00,2249.699951171875,2251.699951171875,2248.10009765625,2250.60009765625,10601
2026-02-10 04:55:00,2250.39990234375,2253.39990234375,2249.0,2253.39990234375,7341
2026-02-10 05:00:00,2252.5,2255.699951171875,2251.699951171875,2254.39990234375,17912
2026-02-10 05:05:00,2254.0,2267.5,2206.199951171875,2220.0,184759
2026-02-10 05:10:00,2222.0,2227.5,2173.60009765625,2209.800048828125,281562
2026-02-10 05:15:00,2209.699951171875,2212.60009765625,2199.39990234375,2208.199951171875,82561
2026-02-10 05:20:00,2209.10009765625,2233.5,2206.10009765625,2217.39990234375,110897
2026-02-10 05:25:00,2218.300048828125,2225.699951171875,2210.60009765625,2223.300048828125,25637
2026-02-10 05:30:00,2223.699951171875,2225.300048828125,2217.199951171875,2225.0,24774
2026-02-10 05:35:00,2225.89990234375,2236.199951171875,2223.60009765625,2225.800048828125,58937
2026-02-10 05:40:00,2225.800048828125,2226.699951171875,2215.800048828125,2217.5,24416
2026-02-10 05:45:00,2217.5,2219.800048828125,2209.39990234375,2214.800048828125,25858
2026-02-10 05:50:00,2214.89990234375,2217.300048828125,2213.10009765625,2217.10009765625,11651
2026-02-10 05:55:00,2216.39990234375,2218.0,2214.199951171875,2215.60009765625,7311
2026-02-10 06:00:00,2216.199951171875,2222.10009765625,2214.0,2218.300048828125,9733
2026-02-10 06:05:00,2218.39990234375,2219.60009765625,2212.0,2216.0,8174
2026-02-10 06:10:00,2216.699951171875,2218.0,2211.5,2216.800048828125,8720
2026-02-10 06:15:00,2216.39990234375,2230.0,2216.300048828125,2224.0,28163
2026-02-10 06:20:00,2223.89990234375,2239.0,2222.89990234375,2234.800048828125,35452
2026-02-10 06:25:00,2234.89990234375,2237.89990234375,2233.0,2234.0,12228
2026-02-10 06:30:00,2233.699951171875,2234.10009765625,2229.699951171875,2229.699951171875,7964
2026-02-10 06:35:00,2229.800048828125,2237.89990234375,2228.699951171875,2236.0,14264
2026-02-10 06:40:00,2236.0,2247.5,2235.699951171875,2245.60009765625,29623
2026-02-10 06:45:00,2245.39990234375,2246.10009765625,2241.0,2245.10009765625,16369
2026-02-10 06:50:00,2245.10009765625,2249.5,2242.5,2244.699951171875,10730
2026-02-10 06:55:00,2245.39990234375,2246.0,2240.0,2241.199951171875,6116
2026-02-10 07:00:00,2241.0,2245.0,2237.60009765625,2241.0,13142
2026-02-10 07:05:00,2240.60009765625,2244.699951171875,2237.199951171875,2238.5,9399
2026-02-10 07:10:00,2238.39990234375,2239.39990234375,2237.0,2238.5,5259
2026-02-10 07:15:00,2238.0,2240.300048828125,2236.0,2238.300048828125,14907
2026-02-10 07:20:00,2239.39990234375,2244.0,2238.199951171875,2239.39990234375,10219
2026-02-10 07:25:00,2239.39990234375,2241.300048828125,2238.39990234375,2240.0,3759
2026-02-10 07:30:00,2240.199951171875,2240.699951171875,2235.0,2236.0,3981
2026-02-10 07:35:00,2235.39990234375,2239.699951171875,2235.39990234375,2237.800048828125,3995
2026-02-10 07:40:00,2237.800048828125,2237.800048828125,2236.39990234375,2236.5,1596
2026-02-10 07:45:00,2236.5,2236.89990234375,2233.800048828125,2235.39990234375,6485
2026-02-10 07:50:00,2234.60009765625,2235.39990234375,2230.0,2231.89990234375,11247
2026-02-10 07:55:00,2232.0,2234.89990234375,2231.699951171875,2232.800048828125,5642
2026-02-10 08:00:00,2232.199951171875,2232.800048828125,2228.0,2230.5,13619
2026-02-10 08:05:00,2229.699951171875,2231.10009765625,2227.39990234375,2231.0,5722
2026-02-10 08:10:00,2231.300048828125,2231.89990234375,2229.0,2229.5,5948
2026-02-10 08:15:00,2229.0,2231.60009765625,2223.60009765625,2226.0,14200
2026-02-10 08:20:00,2226.0,2229.60009765625,2225.0,2229.5,4614
2026-02-10 08:25:00,2229.699951171875,2230.699951171875,2226.10009765625,2226.10009765625,7823
2026-02-10 08:30:00,2226.39990234375,2226.5,2220.0,2225.0,17490
2026-02-10 08:35:00,2225.0,2228.0,2223.39990234375,2226.0,5428
2026-02-10 08:40:00,2226.0,2227.0,2223.300048828125,2227.0,4014
2026-02-10 08:45:00,2226.89990234375,2230.199951171875,2226.800048828125,2229.39990234375,15117
2026-02-10 08:50:00,2228.800048828125,2229.5,2226.0,2227.0,5636
2026-02-10 08:55:00,2226.800048828125,2226.800048828125,2224.0,2225.89990234375,5224
2026-02-10 09:00:00,2224.0,2225.199951171875,2221.0,2222.60009765625,9879
2026-02-10 09:05:00,2222.60009765625,2224.699951171875,2220.300048828125,2220.60009765625,14666
2026-02-10 09:10:00,2220.0,2223.800048828125,2220.0,2223.0,8717
2026-02-10 09:15:00,2223.60009765625,2227.0,2223.0,2226.39990234375,9303
2026-02-10 09:20:00,2225.89990234375,2228.199951171875,2223.800048828125,2226.10009765625,9300
2026-02-10 09:25:00,2226.800048828125,2229.300048828125,2226.0,2227.89990234375,10825
2026-02-10 09:30:00,2229.300048828125,2232.0,2227.0,2231.300048828125,28532
2026-02-10 09:35:00,2231.300048828125,2231.300048828125,2228.10009765625,2229.10009765625,11569
2026-02-10 09:40:00,2229.0,2230.0,2224.699951171875,2226.0,13783
2026-02-10 09:45:00,2226.0,2229.39990234375,2225.699951171875,2226.199951171875,22605
2026-02-10 09:50:00,2225.39990234375,2228.89990234375,2224.199951171875,2228.800048828125,14226
2026-02-10 09:55:00,2228.800048828125,2230.0,2226.199951171875,2228.39990234375,16158
2026-02-11 03:45:00,2226.300048828125,2235.0,2223.39990234375,2229.300048828125,0
2026-02-11 03:50:00,2229.199951171875,2230.0,2225.699951171875,2226.699951171875,11624
2026-02-11 03:55:00,2225.699951171875,2229.39990234375,2225.699951171875,2227.699951171875,12438
2026-02-11 04:00:00,2226.89990234375,2228.300048828125,2223.0,2224.199951171875,9889
2026-02-11 04:05:00,2224.39990234375,2225.699951171875,2220.0,2221.0,18822
2026-02-11 04:10:00,2221.0,2223.0,2216.800048828125,2220.800048828125,14333
2026-02-11 04:15:00,2221.0,2224.0,2220.10009765625,2221.199951171875,6785
2026-02-11 04:20:00,2220.39990234375,2221.89990234375,2218.39990234375,2220.800048828125,5457
2026-02-11 04:25:00,2221.300048828125,2225.0,2220.39990234375,2221.0,6893
2026-02-11 04:30:00,2220.89990234375,2220.89990234375,2216.10009765625,2216.60009765625,8437
2026-02-11 04:35:00,2216.699951171875,2218.10009765625,2216.39990234375,2217.800048828125,4842
2026-02-11 04:40:00,2217.800048828125,2219.0,2215.10009765625,2217.5,6005
2026-02-11 04:45:00,2217.5,2223.60009765625,2216.800048828125,2223.60009765625,6554
2026-02-11 04:50:00,2223.0,2225.800048828125,2221.300048828125,2225.800048828125,9117
2026-02-11 04:55:00,2227.0,2227.0,2222.699951171875,2225.0,2862
2026-02-11 05:00:00,2226.199951171875,2229.39990234375,2225.39990234375,2228.199951171875,11627
2026-02-11 05:05:00,2228.0,2229.60009765625,2228.0,2229.0,5841
2026-02-11 05:10:00,2229.0,2229.199951171875,2225.300048828125,2225.39990234375,5307
2026-02-11 05:15:00,2226.199951171875,2226.199951171875,2223.10009765625,2224.199951171875,3714
2026-02-11 05:20:00,2224.60009765625,2227.199951171875,2223.300048828125,2224.300048828125,4364
2026-02-11 05:25:00,2224.5,2225.5,2221.300048828125,2222.199951171875,6760
2026-02-11 05:30:00,2223.800048828125,2228.699951171875,2222.0,2228.0,6456
2026-02-11 05:35:00,2228.199951171875,2228.699951171875,2220.60009765625,2221.5,3055
2026-02-11 05:40:00,2221.300048828125,2225.699951171875,2220.10009765625,2224.0,5923
2026-02-11 05:45:00,2222.800048828125,2225.0,2222.0,2223.10009765625,1410
2026-02-11 05:50:00,2223.10009765625,2224.0,2222.10009765625,2224.0,2491
2026-02-11 05:55:00,2224.0,2224.0,2220.199951171875,2220.89990234375,3488
2026-02-11 06:00:00,2221.300048828125,2226.89990234375,2220.89990234375,2226.300048828125,5156
2026-02-11 06:05:00,2226.300048828125,2226.800048828125,2224.5,2224.5,1774
2026-02-11 06:10:00,2224.5,2224.60009765625,2221.60009765625,2221.60009765625,1378
2026-02-11 06:15:00,2221.89990234375,2225.0,2221.89990234375,2223.5,1799
2026-02-11 06:20:00,2223.5,2223.800048828125,2220.199951171875,2220.199951171875,3701
2026-02-11 06:25:00,2221.5,2226.60009765625,2221.5,2222.39990234375,5846
2026-02-11 06:30:00,2222.60009765625,2225.5,2221.60009765625,2223.60009765625,4742
2026-02-11 06:35:00,2223.60009765625,2224.300048828125,2222.39990234375,2222.699951171875,1197
2026-02-11 06:40:00,2223.300048828125,2225.89990234375,2223.300048828125,2225.199951171875,3469
2026-02-11 06:45:00,2225.199951171875,2225.300048828125,2222.0,2223.39990234375,1110
2026-02-11 06:50:00,2222.5,2223.39990234375,2221.0,2221.0,6887
2026-02-11 06:55:00,2221.300048828125,2225.5,2221.300048828125,2224.199951171875,3344
2026-02-11 07:00:00,2224.199951171875,2225.39990234375,2220.60009765625,2221.300048828125,5373
2026-02-11 07:05:00,2221.199951171875,2223.10009765625,2218.0,2219.0,10806
2026-02-11 07:10:00,2219.199951171875,2221.699951171875,2218.0,2221.10009765625,4211
2026-02-11 07:15:00,2221.5,2223.10009765625,2220.10009765625,2222.699951171875,2520
2026-02-11 07:20:00,2223.10009765625,2224.0,2221.800048828125,2223.39990234375,1339
2026-02-11 07:25:00,2223.5,2225.5,2222.89990234375,2224.300048828125,3476
2026-02-11 07:30:00,2224.699951171875,2224.699951171875,2223.0,2224.0,1468
2026-02-11 07:35:00,2224.0,2224.89990234375,2223.800048828125,2224.0,681
2026-02-11 07:40:00,2224.0,2224.0,2221.5,2222.5,3336
2026-02-11 07:45:00,2222.5,2225.0,2222.199951171875,2225.0,1801
2026-02-11 07:50:00,2225.0,2226.0,2222.10009765625,2223.199951171875,3550
2026-02-11 07:55:00,2224.0,2225.0,2223.60009765625,2225.0,1460
2026-02-11 08:00:00,2225.0,2229.0,2224.89990234375,2228.5,10009
2026-02-11 08:05:00,2229.0,2231.800048828125,2228.300048828125,2231.0,14141
2026-02-11 08:10:00,2231.60009765625,2236.699951171875,2230.199951171875,2234.699951171875,25002
2026-02-11 08:15:00,2234.10009765625,2237.39990234375,2232.300048828125,2233.89990234375,9643
2026-02-11 08:20:00,2234.60009765625,2235.199951171875,2229.0,2229.5,147724
2026-02-11 08:25:00,2229.89990234375,2231.699951171875,2228.0,2228.0,5241
2026-02-11 08:30:00,2228.10009765625,2230.5,2227.10009765625,2229.5,3233
2026-02-11 08:35:00,2229.5,2230.60009765625,2228.0,2228.5,2442
2026-02-11 08:40:00,2228.0,2230.60009765625,2228.0,2230.5,1823
2026-02-11 08:45:00,2230.60009765625,2234.300048828125,2230.60009765625,2232.60009765625,7559
2026-02-11 08:50:00,2232.60009765625,2232.89990234375,2230.5,2232.89990234375,10076
2026-02-11 08:55:00,2232.60009765625,2232.89990234375,2232.0,2232.0,3572
2026-02-11 09:00:00,2231.199951171875,2233.5,2229.10009765625,2232.699951171875,5343
2026-02-11 09:05:00,2232.699951171875,2232.800048828125,2229.10009765625,2230.60009765625,4508
2026-02-11 09:10:00,2229.5,2232.0,2229.10009765625,2232.0,4419
2026-02-11 09:15:00,2232.0,2233.199951171875,2230.60009765625,2231.89990234375,6725
2026-02-11 09:20:00,2231.5,2233.89990234375,2230.800048828125,2232.0,3767
2026-02-11 09:25:00,2231.89990234375,2235.0,2231.39990234375,2232.300048828125,13578
2026-02-11 09:30:00,2234.0,2237.5,2233.0,2233.300048828125,16944
2026-02-11 09:35:00,2233.10009765625,2234.0,2232.0,2232.89990234375,8650
2026-02-11 09:40:00,2232.89990234375,2236.0,2232.199951171875,2235.0,16684
2026-02-11 09:45:00,2235.0,2236.800048828125,2233.0,2233.60009765625,18257
2026-02-11 09:50:00,2234.699951171875,2234.699951171875,2233.5,2233.5,17430
2026-02-11 09:55:00,2233.89990234375,2233.89990234375,2231.5,2232.60009765625,17864
2026-02-12 03:45:00,2225.0,2227.5,2216.5,2219.199951171875,0
2026-02-12 03:50:00,2219.0,2222.300048828125,2218.0,2220.5,13378
2026-02-12 03:55:00,2219.89990234375,2222.0,2217.60009765625,2219.0,15965
2026-02-12 04:00:00,2219.60009765625,2220.10009765625,2215.199951171875,2218.199951171875,17004
2026-02-12 04:05:00,2218.89990234375,2218.89990234375,2213.39990234375,2216.39990234375,18037
2026-02-12 04:10:00,2216.10009765625,2217.0,2213.199951171875,2214.699951171875,11287
2026-02-12 04:15:00,2213.800048828125,2217.0,2211.60009765625,2215.199951171875,11058
2026-02-12 04:20:00,2215.199951171875,2220.5,2214.89990234375,2217.0,14975
2026-02-12 04:25:00,2217.39990234375,2220.0,2216.300048828125,2218.0,6779
2026-02-12 04:30:00,2218.300048828125,2219.699951171875,2216.0,2217.0,4628
2026-02-12 04:35:00,2217.0,2217.199951171875,2210.10009765625,2213.199951171875,9655
2026-02-12 04:40:00,2211.0,2216.0,2210.10009765625,2215.0,9236
2026-02-12 04:45:00,2215.0,2215.89990234375,2213.0,2213.10009765625,3745
2026-02-12 04:50:00,2215.10009765625,2217.60009765625,2214.39990234375,2217.60009765625,5904
2026-02-12 04:55:00,2218.10009765625,2218.10009765625,2214.89990234375,2216.199951171875,4806
2026-02-12 05:00:00,2216.199951171875,2216.89990234375,2211.0,2212.5,7420
2026-02-12 05:05:00,2212.5,2213.10009765625,2208.800048828125,2211.60009765625,20339
2026-02-12 05:10:00,2211.699951171875,2211.699951171875,2210.0,2210.0,5964
2026-02-12 05:15:00,2209.0,2210.39990234375,2208.199951171875,2210.39990234375,4448
2026-02-12 05:20:00,2210.300048828125,2210.300048828125,2207.10009765625,2209.199951171875,8179
2026-02-12 05:25:00,2209.60009765625,2211.0,2208.300048828125,2208.300048828125,4095
2026-02-12 05:30:00,2208.5,2209.5,2207.10009765625,2207.199951171875,3576
2026-02-12 05:35:00,2208.0,2212.300048828125,2208.0,2210.89990234375,16722
2026-02-12 05:40:00,2210.60009765625,2211.60009765625,2207.39990234375,2207.39990234375,6584
2026-02-12 05:45:00,2207.300048828125,2208.300048828125,2205.0,2206.0,10634
2026-02-12 05:50:00,2206.5,2206.5,2202.5,2204.0,16175
2026-02-12 05:55:00,2203.199951171875,2206.39990234375,2203.199951171875,2204.800048828125,4171
2026-02-12 06:00:00,2204.699951171875,2205.699951171875,2203.0,2204.699951171875,6052
2026-02-12 06:05:00,2205.0,2206.0,2204.0,2204.0,5849
2026-02-12 06:10:00,2204.60009765625,2207.699951171875,2204.10009765625,2206.199951171875,3445
2026-02-12 06:15:00,2207.0,2208.800048828125,2206.10009765625,2207.699951171875,3153
2026-02-12 06:20:00,2207.5,2207.5,2203.39990234375,2204.60009765625,5524
2026-02-12 06:25:00,2204.5,2205.0,2203.0,2204.800048828125,5532
2026-02-12 06:30:00,2204.800048828125,2206.60009765625,2204.800048828125,2205.199951171875,4273
2026-02-12 06:35:00,2205.10009765625,2206.699951171875,2205.0,2206.0,4830
2026-02-12 06:40:00,2206.199951171875,2208.10009765625,2205.800048828125,2208.0,2362
2026-02-12 06:45:00,2208.0,2208.800048828125,2205.5,2207.5,4831
2026-02-12 06:50:00,2206.800048828125,2209.89990234375,2206.800048828125,2209.800048828125,6738
2026-02-12 06:55:00,2209.800048828125,2210.199951171875,2208.0,2209.0,4987
2026-02-12 07:00:00,2209.0,2214.199951171875,2209.0,2214.0,6100
2026-02-12 07:05:00,2214.199951171875,2214.199951171875,2213.39990234375,2213.699951171875,2203
2026-02-12 07:10:00,2213.699951171875,2214.5,2212.300048828125,2214.5,5817
2026-02-12 07:15:00,2214.60009765625,2214.699951171875,2212.5,2212.60009765625,4242
2026-02-12 07:20:00,2213.0,2214.0,2212.39990234375,2213.60009765625,2428
2026-02-12 07:25:00,2213.5,2213.800048828125,2212.10009765625,2213.800048828125,1185
2026-02-12 07:30:00,2213.800048828125,2214.5,2211.699951171875,2211.699951171875,1817
2026-02-12 07:35:00,2212.39990234375,2212.39990234375,2206.0,2206.10009765625,5332
2026-02-12 07:40:00,2205.5,2206.800048828125,2205.0,2205.89990234375,6774
2026-02-12 07:45:00,2206.199951171875,2211.0,2204.39990234375,2210.39990234375,7526
2026-02-12 07:50:00,2210.39990234375,2210.39990234375,2205.10009765625,2207.199951171875,6742
2026-02-12 07:55:00,2206.5,2209.0,2206.5,2207.0,7712
2026-02-12 08:00:00,2207.0,2207.699951171875,2205.300048828125,2206.10009765625,3604
2026-02-12 08:05:00,2206.199951171875,2210.300048828125,2206.199951171875,2209.39990234375,7279
2026-02-12 08:10:00,2209.39990234375,2210.300048828125,2206.199951171875,2207.0,4234
2026-02-12 08:15:00,2207.199951171875,2208.0,2205.10009765625,2205.5,7371
2026-02-12 08:20:00,2205.5,2206.89990234375,2203.0,2204.10009765625,9048
2026-02-12 08:25:00,2205.39990234375,2206.300048828125,2204.5,2206.0,3072
2026-02-12 08:30:00,2206.10009765625,2208.800048828125,2206.10009765625,2206.800048828125,3801
2026-02-12 08:35:00,2206.5,2207.60009765625,2205.0,2205.10009765625,4325
2026-02-12 08:40:00,2206.0,2208.5,2204.89990234375,2206.800048828125,5411
2026-02-12 08:45:00,2206.800048828125,2207.39990234375,2203.199951171875,2203.300048828125,22783
2026-02-12 08:50:00,2204.0,2207.39990234375,2203.39990234375,2207.10009765625,11515
2026-02-12 08:55:00,2207.0,2210.0,2207.0,2207.199951171875,6827
2026-02-12 09:00:00,2207.0,2208.5,2206.0,2207.699951171875,2509
2026-02-12 09:05:00,2206.800048828125,2209.10009765625,2205.300048828125,2206.5,9530
2026-02-12 09:10:00,2206.5,2207.89990234375,2204.0,2204.5,8635
2026-02-12 09:15:00,2205.39990234375,2206.10009765625,2201.0,2202.89990234375,17081
2026-02-12 09:20:00,2203.10009765625,2208.300048828125,2202.0,2207.5,14546
2026-02-12 09:25:00,2207.60009765625,2210.0,2206.10009765625,2209.89990234375,11184
2026-02-12 09:30:00,2209.39990234375,2214.699951171875,2209.39990234375,2213.89990234375,26988
2026-02-12 09:35:00,2213.699951171875,2214.0,2211.199951171875,2213.39990234375,9739
2026-02-12 09:40:00,2213.300048828125,2213.89990234375,2211.10009765625,2211.199951171875,12662
2026-02-12 09:45:00,2211.199951171875,2213.300048828125,2208.5,2211.300048828125,18006
2026-02-12 09:50:00,2211.39990234375,2213.699951171875,2211.300048828125,2211.300048828125,12480
2026-02-12 09:55:00,2211.5,2212.5,2206.39990234375,2211.800048828125,15973
2026-02-13 03:45:00,2206.699951171875,2206.699951171875,2180.800048828125,2181.0,0
2026-02-13 03:50:00,2181.199951171875,2181.699951171875,2175.10009765625,2177.0,54119
2026-02-13 03:55:00,2177.0,2177.0,2167.0,2168.60009765625,62262
2026-02-13 04:00:00,2168.300048828125,2169.0,2162.60009765625,2163.60009765625,32275
2026-02-13 04:05:00,2164.199951171875,2164.89990234375,2161.60009765625,2161.800048828125,21694
2026-02-13 04:10:00,2161.89990234375,2166.60009765625,2160.0,2160.0,28927
2026-02-13 04:15:00,2159.0,2159.0,2147.800048828125,2148.60009765625,47283
2026-02-13 04:20:00,2149.199951171875,2163.0,2148.699951171875,2161.60009765625,31276
2026-02-13 04:25:00,2162.0,2162.199951171875,2156.89990234375,2157.5,27455
2026-02-13 04:30:00,2157.39990234375,2158.699951171875,2154.89990234375,2158.699951171875,23319
2026-02-13 04:35:00,2158.39990234375,2160.0,2154.699951171875,2157.10009765625,20006
2026-02-13 04:40:00,2156.0,2158.800048828125,2154.5,2154.5,8261
2026-02-13 04:45:00,2154.60009765625,2154.89990234375,2150.39990234375,2153.5,19334
2026-02-13 04:50:00,2153.199951171875,2157.699951171875,2152.89990234375,2157.10009765625,14344
2026-02-13 04:55:00,2157.5,2160.0,2155.39990234375,2157.300048828125,11133
2026-02-13 05:00:00,2156.300048828125,2164.60009765625,2156.300048828125,2162.199951171875,23711
2026-02-13 05:05:00,2163.10009765625,2166.89990234375,2161.699951171875,2166.89990234375,13117
2026-02-13 05:10:00,2165.699951171875,2165.800048828125,2160.0,2160.5,14240
2026-02-13 05:15:00,2160.0,2164.199951171875,2155.5,2159.89990234375,29255
2026-02-13 05:20:00,2158.39990234375,2163.199951171875,2157.10009765625,2161.800048828125,8074
2026-02-13 05:25:00,2161.800048828125,2162.89990234375,2160.0,2161.199951171875,4133
2026-02-13 05:30:00,2161.199951171875,2161.199951171875,2156.0,2156.5,16348
2026-02-13 05:35:00,2157.5,2157.5,2156.0,2156.89990234375,6857
2026-02-13 05:40:00,2156.10009765625,2157.5,2155.199951171875,2157.10009765625,11704
2026-02-13 05:45:00,2157.10009765625,2159.800048828125,2152.199951171875,2153.60009765625,14946
2026-02-13 05:50:00,2153.60009765625,2153.800048828125,2147.300048828125,2151.60009765625,33203
2026-02-13 05:55:00,2151.60009765625,2151.60009765625,2146.199951171875,2150.699951171875,12658
2026-02-13 06:00:00,2151.0,2151.0,2144.39990234375,2144.800048828125,15275
2026-02-13 06:05:00,2145.0,2148.0,2143.300048828125,2147.5,7445
2026-02-13 06:10:00,2147.39990234375,2147.39990234375,2143.0,2146.0,11005
2026-02-13 06:15:00,2146.699951171875,2149.0,2144.89990234375,2145.800048828125,5424
2026-02-13 06:20:00,2145.800048828125,2147.0,2144.60009765625,2146.0,4198
2026-02-13 06:25:00,2146.0,2148.5,2145.300048828125,2147.0,6156
2026-02-13 06:30:00,2147.0,2149.10009765625,2146.0,2147.199951171875,7063
2026-02-13 06:35:00,2147.10009765625,2148.0,2144.89990234375,2144.89990234375,9830
2026-02-13 06:40:00,2144.89990234375,2149.89990234375,2144.0,2149.89990234375,10068
2026-02-13 06:45:00,2149.300048828125,2150.699951171875,2147.0,2150.10009765625,4940
2026-02-13 06:50:00,2150.39990234375,2150.800048828125,2148.0,2148.89990234375,5176
2026-02-13 06:55:00,2148.89990234375,2152.699951171875,2148.800048828125,2149.0,10895
2026-02-13 07:00:00,2149.0,2153.800048828125,2147.60009765625,2153.800048828125,16797
2026-02-13 07:05:00,2152.0,2157.60009765625,2151.199951171875,2157.0,15968
2026-02-13 07:10:00,2156.699951171875,2162.300048828125,2156.699951171875,2161.89990234375,29891
2026-02-13 07:15:00,2161.39990234375,2165.0,2158.10009765625,2158.10009765625,42290
2026-02-13 07:20:00,2158.10009765625,2159.0,2155.39990234375,2157.300048828125,15635
2026-02-13 07:25:00,2156.199951171875,2156.89990234375,2148.0,2150.0,18420
2026-02-13 07:30:00,2150.0,2150.0,2146.10009765625,2146.60009765625,6419
2026-02-13 07:35:00,2147.0,2151.60009765625,2145.39990234375,2149.39990234375,18475
2026-02-13 07:40:00,2150.39990234375,2155.0,2149.39990234375,2153.699951171875,5499
2026-02-13 07:45:00,2156.5,2157.699951171875,2153.699951171875,2155.800048828125,12126
2026-02-13 07:50:00,2156.39990234375,2156.39990234375,2150.10009765625,2150.300048828125,2495
2026-02-13 07:55:00,2150.699951171875,2151.39990234375,2148.60009765625,2150.0,2800
2026-02-13 08:00:00,2150.800048828125,2151.199951171875,2148.10009765625,2148.699951171875,5112
2026-02-13 08:05:00,2149.699951171875,2152.0,2148.60009765625,2152.0,3033
2026-02-13 08:10:00,2152.0,2154.60009765625,2151.199951171875,2151.199951171875,5472
2026-02-13 08:15:00,2151.5,2151.60009765625,2145.0,2146.39990234375,11367
2026-02-13 08:20:00,2146.39990234375,2147.0,2143.0,2143.5,26472
2026-02-13 08:25:00,2143.89990234375,2147.199951171875,2143.89990234375,2145.0,9126
2026-02-13 08:30:00,2145.39990234375,2147.300048828125,2142.89990234375,2147.0,9304
2026-02-13 08:35:00,2146.60009765625,2149.699951171875,2146.300048828125,2147.5,4010
2026-02-13 08:40:00,2147.5,2150.39990234375,2146.300048828125,2149.60009765625,2604
2026-02-13 08:45:00,2149.60009765625,2151.199951171875,2149.199951171875,2150.699951171875,4826
2026-02-13 08:50:00,2149.800048828125,2150.699951171875,2147.0,2148.0,5639
2026-02-13 08:55:00,2149.300048828125,2150.300048828125,2148.300048828125,2148.5,7511
2026-02-13 09:00:00,2149.89990234375,2149.89990234375,2146.199951171875,2146.199951171875,8145
2026-02-13 09:05:00,2147.5,2148.5,2143.300048828125,2147.10009765625,15877
2026-02-13 09:10:00,2146.699951171875,2147.0,2143.300048828125,2143.300048828125,10974
2026-02-13 09:15:00,2142.5,2143.39990234375,2141.0,2142.0,43297
2026-02-13 09:20:00,2141.699951171875,2147.5,2141.0,2146.10009765625,15980
2026-02-13 09:25:00,2146.89990234375,2149.0,2145.5,2148.699951171875,24924
2026-02-13 09:30:00,2148.800048828125,2149.300048828125,2141.0,2144.89990234375,18310
2026-02-13 09:35:00,2144.0,2144.10009765625,2140.60009765625,2142.5,16826
2026-02-13 09:40:00,2141.89990234375,2144.0,2140.199951171875,2141.0,43657
2026-02-13 09:45:00,2140.60009765625,2141.0,2134.89990234375,2139.10009765625,146061
2026-02-13 09:50:00,2139.10009765625,2140.0,2132.800048828125,2132.800048828125,40570
2026-02-13 09:55:00,2132.800048828125,2134.60009765625,2125.10009765625,2128.0,70178
2026-02-16 03:45:00,2118.0,2118.89990234375,2104.199951171875,2113.5,0
2026-02-16 03:50:00,2114.39990234375,2119.699951171875,2108.5,2117.89990234375,60181
2026-02-16 03:55:00,2118.0,2118.0,2108.0,2111.800048828125,21827
2026-02-16 04:00:00,2112.10009765625,2122.0,2111.5,2121.300048828125,32536
2026-02-16 04:05:00,2120.39990234375,2121.60009765625,2114.699951171875,2117.199951171875,14153
2026-02-16 04:10:00,2116.5,2118.699951171875,2113.199951171875,2115.39990234375,15624
2026-02-16 04:15:00,2115.199951171875,2116.5,2112.0,2113.699951171875,8116
2026-02-16 04:20:00,2113.699951171875,2114.699951171875,2103.5,2109.5,57660
2026-02-16 04:25:00,2110.0,2126.300048828125,2108.0,2122.89990234375,35941
2026-02-16 04:30:00,2122.89990234375,2129.800048828125,2121.199951171875,2126.199951171875,23336
2026-02-16 04:35:00,2126.0,2128.39990234375,2125.10009765625,2126.89990234375,11089
2026-02-16 04:40:00,2127.0,2132.199951171875,2124.60009765625,2129.0,15213
2026-02-16 04:45:00,2130.0,2131.800048828125,2127.60009765625,2130.199951171875,16132
2026-02-16 04:50:00,2130.199951171875,2130.60009765625,2127.0,2127.800048828125,7599
2026-02-16 04:55:00,2126.89990234375,2136.60009765625,2126.0,2133.0,20241
2026-02-16 05:00:00,2133.699951171875,2137.0,2132.60009765625,2133.10009765625,5734
2026-02-16 05:05:00,2133.800048828125,2134.0,2130.0,2133.0,13320
2026-02-16 05:10:00,2132.199951171875,2139.5,2132.10009765625,2138.89990234375,11995
2026-02-16 05:15:00,2138.89990234375,2145.800048828125,2137.699951171875,2138.699951171875,31221
2026-02-16 05:20:00,2137.699951171875,2142.39990234375,2136.60009765625,2137.199951171875,5146
2026-02-16 05:25:00,2137.300048828125,2140.60009765625,2136.60009765625,2140.60009765625,4955
2026-02-16 05:30:00,2140.5,2141.199951171875,2136.60009765625,2140.199951171875,9865
2026-02-16 05:35:00,2140.300048828125,2140.800048828125,2137.10009765625,2137.5,2992
2026-02-16 05:40:00,2137.60009765625,2139.0,2136.60009765625,2138.39990234375,15108
2026-02-16 05:45:00,2138.39990234375,2139.0,2137.0,2138.0,8332
2026-02-16 05:50:00,2137.300048828125,2140.0,2137.0,2139.0,10755
2026-02-16 05:55:00,2139.0,2139.0,2136.5,2137.199951171875,10849
2026-02-16 06:00:00,2137.60009765625,2138.300048828125,2136.60009765625,2136.60009765625,22755
2026-02-16 06:05:00,2136.699951171875,2141.199951171875,2136.60009765625,2139.0,18780
2026-02-16 06:10:00,2138.699951171875,2141.300048828125,2136.60009765625,2139.5,13039
2026-02-16 06:15:00,2139.5,2139.89990234375,2138.199951171875,2139.0,6138
2026-02-16 06:20:00,2139.0,2139.199951171875,2136.60009765625,2136.60009765625,12047
2026-02-16 06:25:00,2136.699951171875,2149.0,2136.699951171875,2148.89990234375,58680
2026-02-16 06:30:00,2149.0,2160.0,2149.0,2158.5,50388
2026-02-16 06:35:00,2157.39990234375,2168.800048828125,2153.89990234375,2166.300048828125,47942
2026-02-16 06:40:00,2166.300048828125,2173.0,2165.60009765625,2171.699951171875,32986
2026-02-16 06:45:00,2171.10009765625,2177.89990234375,2166.800048828125,2177.800048828125,47840
2026-02-16 06:50:00,2177.699951171875,2184.199951171875,2176.39990234375,2182.39990234375,74166
2026-02-16 06:55:00,2182.39990234375,2188.39990234375,2178.0,2187.0,32642
2026-02-16 07:00:00,2187.5,2188.0,2180.199951171875,2185.60009765625,42849
2026-02-16 07:05:00,2185.60009765625,2187.89990234375,2175.800048828125,2179.60009765625,35500
2026-02-16 07:10:00,2179.300048828125,2180.39990234375,2173.5,2174.5,22465
2026-02-16 07:15:00,2175.300048828125,2178.0,2173.5,2175.39990234375,11632
2026-02-16 07:20:00,2175.5,2177.0,2173.39990234375,2176.10009765625,8566
2026-02-16 07:25:00,2176.39990234375,2179.89990234375,2175.699951171875,2176.10009765625,6246
2026-02-16 07:30:00,2176.60009765625,2181.5,2176.300048828125,2176.39990234375,23494
2026-02-16 07:35:00,2176.89990234375,2184.39990234375,2175.800048828125,2183.699951171875,12500
2026-02-16 07:40:00,2183.800048828125,2184.60009765625,2179.0,2180.300048828125,18114
2026-02-16 07:45:00,2180.300048828125,2181.5,2178.300048828125,2180.300048828125,7729
2026-02-16 07:50:00,2180.300048828125,2180.800048828125,2173.0,2173.10009765625,48580
2026-02-16 07:55:00,2174.699951171875,2179.89990234375,2173.800048828125,2178.300048828125,13473
2026-02-16 08:00:00,2178.699951171875,2178.699951171875,2174.199951171875,2177.199951171875,5963
2026-02-16 08:05:00,2177.800048828125,2180.0,2177.5,2178.39990234375,6248
2026-02-16 08:10:00,2178.39990234375,2178.699951171875,2176.5,2177.5,3006
2026-02-16 08:15:00,2177.89990234375,2180.300048828125,2174.0,2178.300048828125,15479
2026-02-16 08:20:00,2178.5,2179.800048828125,2175.10009765625,2177.0,10822
2026-02-16 08:25:00,2177.0,2177.5,2173.10009765625,2175.39990234375,12378
2026-02-16 08:30:00,2175.89990234375,2177.800048828125,2174.0,2174.0,6474
2026-02-16 08:35:00,2174.89990234375,2177.0,2173.60009765625,2175.699951171875,9852
2026-02-16 08:40:00,2175.0,2179.0,2175.0,2178.300048828125,7491
2026-02-16 08:45:00,2178.300048828125,2178.300048828125,2175.0,2175.800048828125,5508
2026-02-16 08:50:00,2175.699951171875,2177.5,2175.699951171875,2176.89990234375,5234
2026-02-16 08:55:00,2177.0,2180.0,2176.0,2178.699951171875,12506
2026-02-16 09:00:00,2179.199951171875,2183.300048828125,2179.0,2181.89990234375,46342
2026-02-16 09:05:00,2180.39990234375,2184.0,2180.39990234375,2183.5,46627
2026-02-16 09:10:00,2184.0,2187.199951171875,2182.10009765625,2184.39990234375,49706
2026-02-16 09:15:00,2184.89990234375,2185.0,2182.10009765625,2182.5,11207
2026-02-16 09:20:00,2182.699951171875,2184.10009765625,2180.0,2181.0,13478
2026-02-16 09:25:00,2181.0,2185.800048828125,2181.0,2185.39990234375,32457
2026-02-16 09:30:00,2185.699951171875,2189.39990234375,2184.0,2185.0,34693
2026-02-16 09:35:00,2185.10009765625,2187.199951171875,2184.699951171875,2186.0,34103
2026-02-16 09:40:00,2186.300048828125,2187.5,2183.60009765625,2185.0,66270
2026-02-16 09:45:00,2184.5,2185.800048828125,2183.0,2183.0,43720
2026-02-16 09:50:00,2183.10009765625,2184.89990234375,2180.39990234375,2182.5,66781
2026-02-16 09:55:00,2182.5,2186.60009765625,2181.0,2181.699951171875,66172
2026-02-17 03:45:00,2179.699951171875,2179.800048828125,2170.10009765625,2176.0,0
2026-02-17 03:50:00,2175.89990234375,2175.89990234375,2172.199951171875,2172.199951171875,23049
2026-02-17 03:55:00,2172.199951171875,2178.0,2171.699951171875,2173.5,16850
2026-02-17 04:00:00,2173.5,2177.699951171875,2172.0,2175.5,11805
2026-02-17 04:05:00,2175.89990234375,2178.0,2172.199951171875,2177.800048828125,11220
2026-02-17 04:10:00,2178.0,2178.300048828125,2173.0,2177.699951171875,9733
2026-02-17 04:15:00,2177.800048828125,2179.300048828125,2176.800048828125,2177.5,22063
2026-02-17 04:20:00,2179.0,2182.39990234375,2176.39990234375,2177.10009765625,8703
2026-02-17 04:25:00,2177.0,2183.0,2177.0,2179.39990234375,10897
2026-02-17 04:30:00,2179.5,2190.0,2179.0,2188.199951171875,44371
2026-02-17 04:35:00,2187.0,2188.0,2184.60009765625,2186.0,10932
2026-02-17 04:40:00,2186.199951171875,2197.699951171875,2186.0,2195.199951171875,30639
2026-02-17 04:45:00,2195.89990234375,2196.60009765625,2193.699951171875,2194.89990234375,16235
2026-02-17 04:50:00,2194.60009765625,2198.800048828125,2191.39990234375,2197.800048828125,21075
2026-02-17 04:55:00,2197.0,2206.5,2196.89990234375,2204.89990234375,34790
2026-02-17 05:00:00,2205.60009765625,2205.699951171875,2201.300048828125,2202.5,25473
2026-02-17 05:05:00,2202.5,2203.60009765625,2201.199951171875,2201.300048828125,18682
2026-02-17 05:10:00,2201.300048828125,2202.10009765625,2175.0,2191.10009765625,134399
2026-02-17 05:15:00,2191.5,2198.60009765625,2185.199951171875,2189.300048828125,38303
2026-02-17 05:20:00,2189.800048828125,2192.0,2185.300048828125,2192.0,25443
2026-02-17 05:25:00,2192.0,2193.300048828125,2186.199951171875,2188.199951171875,28977
2026-02-17 05:30:00,2188.699951171875,2196.10009765625,2186.199951171875,2194.0,19210
2026-02-17 05:35:00,2193.89990234375,2199.699951171875,2192.10009765625,2196.60009765625,13420
2026-02-17 05:40:00,2195.300048828125,2198.0,2194.89990234375,2195.199951171875,5727
2026-02-17 05:45:00,2196.0,2203.10009765625,2195.0,2199.0,11790
2026-02-17 05:50:00,2198.5,2200.89990234375,2198.5,2199.199951171875,6545
2026-02-17 05:55:00,2200.0,2200.0,2198.5,2199.0,2819
2026-02-17 06:00:00,2199.699951171875,2204.300048828125,2198.60009765625,2202.60009765625,9621
2026-02-17 06:05:00,2203.39990234375,2204.89990234375,2202.0,2202.0,9895
2026-02-17 06:10:00,2202.10009765625,2203.39990234375,2199.5,2199.89990234375,10407
2026-02-17 06:15:00,2199.60009765625,2202.800048828125,2199.60009765625,2201.89990234375,3160
2026-02-17 06:20:00,2201.89990234375,2201.89990234375,2199.199951171875,2201.199951171875,6443
2026-02-17 06:25:00,2201.0,2201.39990234375,2199.300048828125,2200.0,5055
2026-02-17 06:30:00,2200.5,2204.199951171875,2198.800048828125,2198.800048828125,10909
2026-02-17 06:35:00,2199.800048828125,2201.300048828125,2198.800048828125,2200.300048828125,3877
2026-02-17 06:40:00,2199.800048828125,2201.39990234375,2198.5,2199.800048828125,6089
2026-02-17 06:45:00,2199.800048828125,2204.0,2199.5,2201.300048828125,42181
2026-02-17 06:50:00,2201.300048828125,2203.800048828125,2201.300048828125,2202.0,7229
2026-02-17 06:55:00,2203.199951171875,2221.199951171875,2203.10009765625,2218.10009765625,75960
2026-02-17 07:00:00,2218.10009765625,2227.800048828125,2213.60009765625,2226.800048828125,58491
2026-02-17 07:05:00,2226.800048828125,2252.0,2226.800048828125,2240.0,154627
2026-02-17 07:10:00,2239.5,2244.0,2232.10009765625,2234.0,46252
2026-02-17 07:15:00,2234.199951171875,2239.39990234375,2229.5,2234.5,34521
2026-02-17 07:20:00,2233.800048828125,2237.0,2231.0,2234.39990234375,15968
2026-02-17 07:25:00,2234.300048828125,2234.300048828125,2229.5,2234.0,14208
2026-02-17 07:30:00,2234.0,2240.0,2233.10009765625,2234.5,40252
2026-02-17 07:35:00,2234.800048828125,2238.89990234375,2231.699951171875,2236.89990234375,16176
2026-02-17 07:40:00,2236.10009765625,2239.60009765625,2231.5,2234.199951171875,20434
2026-02-17 07:45:00,2234.199951171875,2235.699951171875,2231.60009765625,2233.39990234375,9500
2026-02-17 07:50:00,2233.300048828125,2234.300048828125,2232.0,2233.199951171875,4864
2026-02-17 07:55:00,2233.0,2234.0,2231.89990234375,2232.5,3916
2026-02-17 08:00:00,2232.39990234375,2235.60009765625,2231.800048828125,2234.39990234375,7439
2026-02-17 08:05:00,2234.0,2234.800048828125,2232.0,2232.0,9146
2026-02-17 08:10:00,2232.0,2238.0,2232.0,2236.10009765625,13010
2026-02-17 08:15:00,2236.10009765625,2236.300048828125,2233.10009765625,2234.300048828125,8144
2026-02-17 08:20:00,2233.800048828125,2237.0,2232.39990234375,2236.699951171875,9518
2026-02-17 08:25:00,2236.800048828125,2236.800048828125,2233.199951171875,2235.0,18392
2026-02-17 08:30:00,2234.699951171875,2236.0,2233.300048828125,2234.10009765625,16867
2026-02-17 08:35:00,2233.5,2234.199951171875,2230.199951171875,2230.199951171875,8519
2026-02-17 08:40:00,2230.60009765625,2231.39990234375,2229.5,2230.0,23823
2026-02-17 08:45:00,2230.0,2236.0,2229.5,2234.300048828125,33805
2026-02-17 08:50:00,2234.0,2239.5,2233.39990234375,2234.89990234375,32141
2026-02-17 08:55:00,2234.300048828125,2236.60009765625,2234.0,2234.0,8558
2026-02-17 09:00:00,2234.199951171875,2235.800048828125,2234.0,2235.5,22469
2026-02-17 09:05:00,2234.699951171875,2240.0,2230.5,2239.89990234375,30472
2026-02-17 09:10:00,2239.5,2239.5,2237.0,2237.10009765625,14952
2026-02-17 09:15:00,2237.0,2237.10009765625,2232.5,2233.800048828125,42145
2026-02-17 09:20:00,2233.800048828125,2234.89990234375,2232.5,2233.300048828125,8031
2026-02-17 09:25:00,2233.699951171875,2237.10009765625,2232.5,2235.89990234375,25692
2026-02-17 09:30:00,2237.10009765625,2241.89990234375,2236.10009765625,2240.0,35451
2026-02-17 09:35:00,2239.800048828125,2243.0,2238.60009765625,2242.800048828125,38092
2026-02-17 09:40:00,2242.800048828125,2245.0,2240.0,2241.10009765625,68019
2026-02-17 09:45:00,2242.0,2245.89990234375,2242.0,2244.699951171875,65084
2026-02-17 09:50:00,2244.699951171875,2246.39990234375,2243.10009765625,2244.0,82837
2026-02-17 09:55:00,2244.699951171875,2245.0,2239.39990234375,2242.89990234375,58400
2026-02-18 03:45:00,2249.89990234375,2249.89990234375,2232.0,2234.699951171875,0
2026-02-18 03:50:00,2235.0,2236.199951171875,2228.10009765625,2231.89990234375,29950
2026-02-18 03:55:00,2230.10009765625,2236.5,2230.10009765625,2233.60009765625,13734
2026-02-18 04:00:00,2234.60009765625,2234.800048828125,2228.0,2230.5,21228
2026-02-18 04:05:00,2230.5,2231.0,2225.5,2227.10009765625,24340
2026-02-18 04:10:00,2226.0,2229.699951171875,2223.300048828125,2224.0,16150
2026-02-18 04:15:00,2223.699951171875,2223.699951171875,2218.0,2220.300048828125,23004
2026-02-18 04:20:00,2220.0,2221.5,2217.300048828125,2218.699951171875,11566
2026-02-18 04:25:00,2219.5,2219.5,2210.199951171875,2212.699951171875,32890
2026-02-18 04:30:00,2212.800048828125,2214.0,2207.10009765625,2213.699951171875,17915
2026-02-18 04:35:00,2212.89990234375,2215.0,2211.10009765625,2212.10009765625,9197
2026-02-18 04:40:00,2211.10009765625,2212.5,2209.0,2210.39990234375,7697
2026-02-18 04:45:00,2210.199951171875,2210.39990234375,2206.0,2208.60009765625,16719
2026-02-18 04:50:00,2207.800048828125,2209.199951171875,2205.0,2207.199951171875,13584
2026-02-18 04:55:00,2206.89990234375,2207.699951171875,2202.10009765625,2204.800048828125,22173
2026-02-18 05:00:00,2204.800048828125,2209.0,2202.300048828125,2207.39990234375,10913
2026-02-18 05:05:00,2206.89990234375,2208.5,2195.699951171875,2195.699951171875,51503
2026-02-18 05:10:00,2196.0,2197.39990234375,2190.5,2190.5,34398
2026-02-18 05:15:00,2190.10009765625,2194.0,2188.10009765625,2190.60009765625,40490
2026-02-18 05:20:00,2190.699951171875,2196.60009765625,2190.0,2192.699951171875,23341
2026-02-18 05:25:00,2192.699951171875,2198.60009765625,2191.199951171875,2198.60009765625,16275
2026-02-18 05:30:00,2199.0,2202.89990234375,2197.699951171875,2202.89990234375,16548
2026-02-18 05:35:00,2202.89990234375,2203.0,2196.699951171875,2198.699951171875,12506
2026-02-18 05:40:00,2198.10009765625,2199.699951171875,2196.0,2197.60009765625,7477
2026-02-18 05:45:00,2196.39990234375,2198.800048828125,2195.699951171875,2197.0,9730
2026-02-18 05:50:00,2197.0,2199.800048828125,2196.0,2198.199951171875,4881
2026-02-18 05:55:00,2198.199951171875,2200.0,2193.800048828125,2198.300048828125,9733
2026-02-18 06:00:00,2198.199951171875,2202.199951171875,2195.800048828125,2202.199951171875,10097
2026-02-18 06:05:00,2201.699951171875,2202.699951171875,2199.0,2199.89990234375,4765
2026-02-18 06:10:00,2200.0,2202.5,2199.0,2201.60009765625,3750
2026-02-18 06:15:00,2201.199951171875,2207.5,2200.800048828125,2207.199951171875,17295
2026-02-18 06:20:00,2206.60009765625,2208.10009765625,2205.10009765625,2206.5,8398
2026-02-18 06:25:00,2206.5,2210.0,2204.800048828125,2209.39990234375,8144
2026-02-18 06:30:00,2209.10009765625,2210.60009765625,2208.0,2208.300048828125,5992
2026-02-18 06:35:00,2208.300048828125,2210.800048828125,2208.300048828125,2209.5,4959
2026-02-18 06:40:00,2209.0,2209.699951171875,2206.199951171875,2207.699951171875,6647
2026-02-18 06:45:00,2207.699951171875,2211.0,2207.699951171875,2209.89990234375,5903
2026-02-18 06:50:00,2209.89990234375,2213.89990234375,2209.39990234375,2213.0,10230
2026-02-18 06:55:00,2213.0,2213.0,2208.0,2209.0,5739
2026-02-18 07:00:00,2207.89990234375,2210.800048828125,2207.699951171875,2209.39990234375,6526
2026-02-18 07:05:00,2208.800048828125,2210.199951171875,2207.10009765625,2208.10009765625,6539
2026-02-18 07:10:00,2208.10009765625,2209.199951171875,2204.699951171875,2207.0,5978
2026-02-18 07:15:00,2207.0,2207.39990234375,2202.699951171875,2202.699951171875,9264
2026-02-18 07:20:00,2202.5,2205.800048828125,2201.199951171875,2205.699951171875,5956
2026-02-18 07:25:00,2205.39990234375,2205.699951171875,2203.10009765625,2204.5,2727
2026-02-18 07:30:00,2205.0,2207.0,2203.699951171875,2206.5,3482
2026-02-18 07:35:00,2205.60009765625,2206.60009765625,2204.699951171875,2205.60009765625,2417
2026-02-18 07:40:00,2205.89990234375,2206.10009765625,2202.10009765625,2205.0,4709
2026-02-18 07:45:00,2205.39990234375,2211.0,2205.39990234375,2210.5,7376
2026-02-18 07:50:00,2210.5,2210.5,2206.699951171875,2209.800048828125,3105
2026-02-18 07:55:00,2209.699951171875,2210.0,2206.0,2207.60009765625,4684
2026-02-18 08:00:00,2207.60009765625,2209.5,2206.800048828125,2208.199951171875,5999
2026-02-18 08:05:00,2208.89990234375,2209.199951171875,2207.0,2207.699951171875,3206
2026-02-18 08:10:00,2207.699951171875,2208.0,2205.0,2205.800048828125,4459
2026-02-18 08:15:00,2205.800048828125,2207.800048828125,2204.89990234375,2206.60009765625,23708
2026-02-18 08:20:00,2206.5,2208.699951171875,2200.199951171875,2200.199951171875,8598
2026-02-18 08:25:00,2200.10009765625,2207.0,2200.10009765625,2204.0,8200
2026-02-18 08:30:00,2204.0,2207.0,2202.0,2205.0,5680
2026-02-18 08:35:00,2205.0,2206.300048828125,2202.199951171875,2203.10009765625,4288
2026-02-18 08:40:00,2203.10009765625,2206.89990234375,2203.0,2206.89990234375,4174
2026-02-18 08:45:00,2208.0,2209.0,2206.10009765625,2207.0,6439
2026-02-18 08:50:00,2207.39990234375,2210.89990234375,2207.10009765625,2210.89990234375,18615
2026-02-18 08:55:00,2210.5,2211.10009765625,2207.0,2209.0,17663
2026-02-18 09:00:00,2207.800048828125,2209.89990234375,2205.300048828125,2205.699951171875,6746
2026-02-18 09:05:00,2205.199951171875,2208.5,2205.199951171875,2206.300048828125,11182
2026-02-18 09:10:00,2207.0,2208.5,2204.199951171875,2205.0,16721
2026-02-18 09:15:00,2204.5,2205.10009765625,2202.800048828125,2204.699951171875,14410
2026-02-18 09:20:00,2205.0,2205.0,2203.10009765625,2204.10009765625,10509
2026-02-18 09:25:00,2204.199951171875,2206.60009765625,2203.699951171875,2205.800048828125,18334
2026-02-18 09:30:00,2206.60009765625,2211.0,2205.699951171875,2209.89990234375,33484
2026-02-18 09:35:00,2209.89990234375,2211.89990234375,2209.60009765625,2210.89990234375,34403
2026-02-18 09:40:00,2211.0,2213.0,2210.199951171875,2211.800048828125,55216
2026-02-18 09:45:00,2210.5,2212.39990234375,2208.89990234375,2212.10009765625,40203
2026-02-18 09:50:00,2212.0,2212.800048828125,2209.5,2212.300048828125,33734
2026-02-18 09:55:00,2212.300048828125,2214.0,2210.10009765625,2211.199951171875,34639
2026-02-19 03:45:00,2217.699951171875,2217.699951171875,2198.10009765625,2205.0,0
2026-02-19 03:50:00,2204.0,2208.800048828125,2203.800048828125,2203.800048828125,18614
2026-02-19 03:55:00,2204.89990234375,2207.89990234375,2203.0,2204.89990234375,10211
2026-02-19 04:00:00,2206.0,2207.39990234375,2203.60009765625,2205.699951171875,7846
2026-02-19 04:05:00,2205.60009765625,2209.60009765625,2198.699951171875,2203.199951171875,16328
2026-02-19 04:10:00,2203.5,2204.0,2195.199951171875,2196.60009765625,20450
2026-02-19 04:15:00,2196.60009765625,2200.0,2194.39990234375,2199.699951171875,21926
2026-02-19 04:20:00,2199.0,2200.0,2194.0,2195.39990234375,9403
2026-02-19 04:25:00,2195.39990234375,2196.60009765625,2194.10009765625,2195.300048828125,7064
2026-02-19 04:30:00,2196.0,2196.5,2192.89990234375,2195.5,9078
2026-02-19 04:35:00,2194.5,2196.199951171875,2194.0,2194.39990234375,7707
2026-02-19 04:40:00,2194.300048828125,2195.5,2192.300048828125,2193.5,7656
2026-02-19 04:45:00,2193.10009765625,2193.300048828125,2187.800048828125,2190.39990234375,27083
2026-02-19 04:50:00,2189.89990234375,2189.89990234375,2186.0,2189.800048828125,14369
2026-02-19 04:55:00,2189.199951171875,2194.10009765625,2189.199951171875,2190.89990234375,35177
2026-02-19 05:00:00,2190.60009765625,2190.89990234375,2183.60009765625,2184.89990234375,17807
2026-02-19 05:05:00,2184.89990234375,2186.800048828125,2179.0,2179.10009765625,22529
2026-02-19 05:10:00,2178.60009765625,2181.10009765625,2176.60009765625,2179.60009765625,25076
2026-02-19 05:15:00,2178.89990234375,2179.60009765625,2171.300048828125,2172.800048828125,34815
2026-02-19 05:20:00,2172.699951171875,2174.0,2172.10009765625,2173.5,13243
2026-02-19 05:25:00,2173.5,2175.60009765625,2171.0,2173.39990234375,12976
2026-02-19 05:30:00,2174.199951171875,2174.300048828125,2169.0,2172.800048828125,26784
2026-02-19 05:35:00,2171.60009765625,2173.0,2168.0,2168.0,20132
2026-02-19 05:40:00,2167.800048828125,2170.39990234375,2165.5,2166.89990234375,29238
2026-02-19 05:45:00,2166.699951171875,2167.0,2164.0,2165.5,19407
2026-02-19 05:50:00,2166.5,2173.0,2166.5,2172.10009765625,24819
2026-02-19 05:55:00,2172.699951171875,2175.699951171875,2172.199951171875,2174.800048828125,9612
2026-02-19 06:00:00,2175.0,2175.699951171875,2172.39990234375,2174.5,6911
2026-02-19 06:05:00,2174.699951171875,2174.89990234375,2167.300048828125,2168.199951171875,26718
2026-02-19 06:10:00,2167.699951171875,2170.0,2167.0,2170.0,9628
2026-02-19 06:15:00,2170.0,2171.5,2169.0,2170.699951171875,6551
2026-02-19 06:20:00,2169.10009765625,2171.0,2169.10009765625,2171.0,4185
2026-02-19 06:25:00,2170.89990234375,2174.800048828125,2169.60009765625,2174.60009765625,6054
2026-02-19 06:30:00,2174.699951171875,2174.699951171875,2168.0,2170.0,8280
2026-02-19 06:35:00,2170.0,2170.39990234375,2167.0,2167.800048828125,6480
2026-02-19 06:40:00,2168.0,2168.10009765625,2165.10009765625,2166.0,17683
2026-02-19 06:45:00,2166.699951171875,2168.39990234375,2165.0,2165.89990234375,10936
2026-02-19 06:50:00,2165.89990234375,2171.89990234375,2165.89990234375,2171.0,9417
2026-02-19 06:55:00,2171.0,2171.199951171875,2169.0,2170.0,4705
2026-02-19 07:00:00,2170.699951171875,2171.0,2167.5,2168.199951171875,4082
2026-02-19 07:05:00,2168.199951171875,2169.699951171875,2166.0,2166.5,6286
2026-02-19 07:10:00,2166.5,2167.5,2164.39990234375,2165.199951171875,11173
2026-02-19 07:15:00,2166.300048828125,2167.0,2164.5,2166.699951171875,7262
2026-02-19 07:20:00,2167.0,2170.89990234375,2166.5,2170.10009765625,10058
2026-02-19 07:25:00,2170.10009765625,2171.0,2168.199951171875,2169.0,2372
2026-02-19 07:30:00,2169.0,2169.5,2168.199951171875,2168.89990234375,1652
2026-02-19 07:35:00,2169.0,2171.800048828125,2168.0,2171.800048828125,6806
2026-02-19 07:40:00,2172.0,2173.0,2169.800048828125,2172.5,10132
2026-02-19 07:45:00,2171.0,2171.699951171875,2168.0,2169.60009765625,4971
2026-02-19 07:50:00,2169.39990234375,2171.0,2168.199951171875,2170.699951171875,2739
2026-02-19 07:55:00,2171.0,2171.5,2168.0,2170.39990234375,5168
2026-02-19 08:00:00,2170.39990234375,2170.39990234375,2165.0,2167.10009765625,13749
2026-02-19 08:05:00,2166.300048828125,2168.60009765625,2165.199951171875,2167.699951171875,4943
2026-02-19 08:10:00,2167.199951171875,2169.89990234375,2167.0,2169.199951171875,1842
2026-02-19 08:15:00,2167.5,2169.39990234375,2166.10009765625,2167.0,1840
2026-02-19 08:20:00,2167.0,2168.10009765625,2163.10009765625,2166.0,11087
2026-02-19 08:25:00,2166.10009765625,2167.300048828125,2163.5,2164.0,4063
2026-02-19 08:30:00,2164.0,2166.199951171875,2163.39990234375,2164.39990234375,5952
2026-02-19 08:35:00,2164.39990234375,2166.300048828125,2163.10009765625,2166.300048828125,4168
2026-02-19 08:40:00,2166.300048828125,2168.0,2164.300048828125,2166.39990234375,6063
2026-02-19 08:45:00,2166.39990234375,2169.800048828125,2166.39990234375,2167.89990234375,9956
2026-02-19 08:50:00,2169.199951171875,2170.699951171875,2166.0,2166.800048828125,12816
2026-02-19 08:55:00,2166.0,2167.300048828125,2163.10009765625,2163.89990234375,7663
2026-02-19 09:00:00,2163.89990234375,2166.0,2163.89990234375,2165.89990234375,4979
2026-02-19 09:05:00,2167.0,2168.89990234375,2166.0,2166.699951171875,13134
2026-02-19 09:10:00,2166.5,2168.60009765625,2161.0,2161.699951171875,18683
2026-02-19 09:15:00,2161.0,2166.10009765625,2160.699951171875,2165.39990234375,19885
2026-02-19 09:20:00,2165.10009765625,2166.60009765625,2162.39990234375,2166.39990234375,20712
2026-02-19 09:25:00,2166.39990234375,2169.800048828125,2163.39990234375,2167.0,20603
2026-02-19 09:30:00,2166.199951171875,2166.800048828125,2159.10009765625,2161.5,38708
2026-02-19 09:35:00,2161.0,2162.0,2155.60009765625,2160.5,29960
2026-02-19 09:40:00,2159.800048828125,2160.39990234375,2155.0,2155.699951171875,21800
2026-02-19 09:45:00,2156.5,2157.0,2151.0,2151.89990234375,35222
2026-02-19 09:50:00,2151.10009765625,2154.800048828125,2151.10009765625,2154.199951171875,30069
2026-02-19 09:55:00,2154.0,2159.0,2152.10009765625,2156.699951171875,28706
2026-02-20 03:45:00,2162.0,2168.60009765625,2158.10009765625,2167.0,0
2026-02-20 03:50:00,2166.10009765625,2171.199951171875,2163.0,2163.39990234375,25602
2026-02-20 03:55:00,2163.199951171875,2164.699951171875,2154.89990234375,2154.89990234375,16848
2026-02-20 04:00:00,2155.800048828125,2165.699951171875,2155.0,2164.39990234375,23886
2026-02-20 04:05:00,2163.89990234375,2166.89990234375,2162.0,2163.800048828125,11751
2026-02-20 04:10:00,2163.39990234375,2165.0,2161.5,2161.89990234375,11283
2026-02-20 04:15:00,2162.699951171875,2167.300048828125,2161.89990234375,2166.699951171875,11465
2026-02-20 04:20:00,2165.89990234375,2169.0,2164.89990234375,2167.0,8235
2026-02-20 04:25:00,2167.5,2167.60009765625,2163.60009765625,2165.0,6027
2026-02-20 04:30:00,2165.0,2165.0,2160.199951171875,2161.300048828125,6367
2026-02-20 04:35:00,2160.699951171875,2162.60009765625,2156.0,2157.10009765625,10639
2026-02-20 04:40:00,2157.60009765625,2158.300048828125,2152.10009765625,2152.10009765625,16585
2026-02-20 04:45:00,2152.699951171875,2161.800048828125,2152.699951171875,2160.800048828125,10625
2026-02-20 04:50:00,2160.699951171875,2163.0,2157.60009765625,2158.5,8554
2026-02-20 04:55:00,2158.5,2159.60009765625,2156.10009765625,2157.0,7881
2026-02-20 05:00:00,2157.199951171875,2162.0,2156.5,2160.39990234375,6968
2026-02-20 05:05:00,2160.39990234375,2161.0,2158.5,2159.800048828125,3481
2026-02-20 05:10:00,2160.10009765625,2165.0,2159.10009765625,2164.89990234375,13023
2026-02-20 05:15:00,2164.89990234375,2165.60009765625,2160.10009765625,2163.60009765625,11965
2026-02-20 05:20:00,2163.800048828125,2165.0,2160.300048828125,2160.89990234375,13471
2026-02-20 05:25:00,2161.39990234375,2163.5,2158.800048828125,2160.800048828125,12838
2026-02-20 05:30:00,2160.800048828125,2163.0,2156.60009765625,2158.39990234375,5587
2026-02-20 05:35:00,2158.60009765625,2159.39990234375,2155.300048828125,2156.199951171875,12004
2026-02-20 05:40:00,2156.199951171875,2157.39990234375,2154.199951171875,2154.199951171875,14238
2026-02-20 05:45:00,2154.699951171875,2157.60009765625,2154.699951171875,2156.60009765625,16578
2026-02-20 05:50:00,2156.0,2156.60009765625,2155.0,2156.60009765625,2215
2026-02-20 05:55:00,2155.0,2161.0,2155.0,2159.699951171875,3620
2026-02-20 06:00:00,2159.800048828125,2162.0,2159.699951171875,2161.800048828125,2821
2026-02-20 06:05:00,2161.89990234375,2161.89990234375,2157.89990234375,2159.0,2425
2026-02-20 06:10:00,2159.89990234375,2161.199951171875,2159.0,2160.89990234375,2299
2026-02-20 06:15:00,2161.199951171875,2161.199951171875,2155.10009765625,2157.199951171875,3776
2026-02-20 06:20:00,2157.199951171875,2159.5,2155.5,2156.300048828125,2719
2026-02-20 06:25:00,2155.300048828125,2158.800048828125,2155.300048828125,2156.39990234375,2790
2026-02-20 06:30:00,2156.0,2157.89990234375,2155.0,2157.5,3455
2026-02-20 06:35:00,2157.199951171875,2159.699951171875,2156.39990234375,2159.0,2614
2026-02-20 06:40:00,2159.699951171875,2160.699951171875,2158.0,2160.0,2027
2026-02-20 06:45:00,2160.10009765625,2166.699951171875,2160.10009765625,2166.0,24177
2026-02-20 06:50:00,2166.5,2170.699951171875,2166.0,2169.0,23520
2026-02-20 06:55:00,2168.60009765625,2172.0,2167.0,2170.10009765625,6715
2026-02-20 07:00:00,2170.10009765625,2172.300048828125,2169.0,2170.300048828125,13294
2026-02-20 07:05:00,2171.0,2174.39990234375,2170.0,2170.0,10621
2026-02-20 07:10:00,2171.800048828125,2171.89990234375,2165.300048828125,2166.5,5436
2026-02-20 07:15:00,2166.39990234375,2168.0,2165.0,2166.10009765625,13206
2026-02-20 07:20:00,2165.699951171875,2168.0,2165.10009765625,2168.0,4144
2026-02-20 07:25:00,2167.0,2167.699951171875,2161.60009765625,2163.60009765625,6032
2026-02-20 07:30:00,2163.10009765625,2165.39990234375,2161.800048828125,2162.699951171875,4308
2026-02-20 07:35:00,2162.699951171875,2162.699951171875,2158.60009765625,2160.199951171875,7568
2026-02-20 07:40:00,2160.300048828125,2160.300048828125,2156.5,2159.0,5822
2026-02-20 07:45:00,2158.60009765625,2159.89990234375,2155.199951171875,2158.0,2977
2026-02-20 07:50:00,2158.0,2159.199951171875,2156.0,2157.699951171875,14196
2026-02-20 07:55:00,2157.39990234375,2159.89990234375,2157.0,2159.10009765625,5763
2026-02-20 08:00:00,2159.0,2161.300048828125,2158.89990234375,2159.60009765625,2664
2026-02-20 08:05:00,2159.60009765625,2161.300048828125,2158.10009765625,2158.199951171875,2292
2026-02-20 08:10:00,2157.699951171875,2158.5,2156.5,2158.5,3150
2026-02-20 08:15:00,2158.5,2159.0,2155.800048828125,2157.800048828125,3444
2026-02-20 08:20:00,2157.39990234375,2158.199951171875,2155.5,2156.10009765625,1477
2026-02-20 08:25:00,2155.0,2160.0,2155.0,2159.0,3334
2026-02-20 08:30:00,2159.699951171875,2163.39990234375,2159.10009765625,2162.300048828125,6477
2026-02-20 08:35:00,2161.0,2165.0,2159.199951171875,2163.60009765625,7802
2026-02-20 08:40:00,2162.699951171875,2166.89990234375,2162.0,2165.0,11070
2026-02-20 08:45:00,2165.800048828125,2167.89990234375,2164.199951171875,2167.89990234375,5631
2026-02-20 08:50:00,2166.300048828125,2169.0,2162.10009765625,2163.0,10569
2026-02-20 08:55:00,2162.89990234375,2165.39990234375,2160.800048828125,2162.699951171875,8209
2026-02-20 09:00:00,2162.800048828125,2166.0,2161.199951171875,2163.10009765625,6368
2026-02-20 09:05:00,2162.60009765625,2165.10009765625,2161.800048828125,2162.60009765625,5289
2026-02-20 09:10:00,2163.39990234375,2165.0,2161.300048828125,2164.300048828125,5953
2026-02-20 09:15:00,2164.300048828125,2168.0,2163.60009765625,2167.199951171875,9487
2026-02-20 09:20:00,2167.199951171875,2167.60009765625,2164.0,2167.60009765625,11193
2026-02-20 09:25:00,2168.10009765625,2171.10009765625,2166.699951171875,2171.10009765625,22156
2026-02-20 09:30:00,2171.60009765625,2172.0,2163.300048828125,2163.300048828125,15613
2026-02-20 09:35:00,2163.0,2163.89990234375,2153.199951171875,2156.300048828125,23641
2026-02-20 09:40:00,2154.39990234375,2161.60009765625,2152.10009765625,2160.10009765625,15886
2026-02-20 09:45:00,2159.10009765625,2163.699951171875,2157.60009765625,2158.89990234375,20762
2026-02-20 09:50:00,2159.89990234375,2164.0,2157.300048828125,2162.0,16882
2026-02-20 09:55:00,2161.5,2163.800048828125,2160.0,2163.800048828125,14697
2026-02-23 03:45:00,2179.89990234375,2179.89990234375,2157.699951171875,2168.89990234375,0
2026-02-23 03:50:00,2170.10009765625,2176.0,2167.800048828125,2174.89990234375,16590
2026-02-23 03:55:00,2174.800048828125,2182.60009765625,2173.39990234375,2182.60009765625,26348
2026-02-23 04:00:00,2182.5,2185.0,2178.39990234375,2182.300048828125,30590
2026-02-23 04:05:00,2182.5,2196.0,2182.0,2193.0,56188
2026-02-23 04:10:00,2193.0,2199.800048828125,2192.10009765625,2197.0,32800
2026-02-23 04:15:00,2197.10009765625,2199.5,2194.0,2197.60009765625,24303
2026-02-23 04:20:00,2198.60009765625,2199.89990234375,2194.0,2196.199951171875,18502
2026-02-23 04:25:00,2195.300048828125,2202.89990234375,2195.10009765625,2198.60009765625,37784
2026-02-23 04:30:00,2198.60009765625,2200.10009765625,2195.60009765625,2196.10009765625,25141
2026-02-23 04:35:00,2195.300048828125,2196.39990234375,2191.300048828125,2194.39990234375,16867
2026-02-23 04:40:00,2193.39990234375,2196.0,2190.300048828125,2191.5,10416
2026-02-23 04:45:00,2191.60009765625,2198.0,2190.89990234375,2196.10009765625,14089
2026-02-23 04:50:00,2196.0,2200.0,2194.89990234375,2198.0,27924
2026-02-23 04:55:00,2198.0,2199.10009765625,2192.199951171875,2192.300048828125,10894
2026-02-23 05:00:00,2193.300048828125,2196.0,2187.10009765625,2190.5,18242
2026-02-23 05:05:00,2190.0,2192.300048828125,2189.199951171875,2190.5,6625
2026-02-23 05:10:00,2189.800048828125,2190.0,2182.199951171875,2183.0,14282
2026-02-23 05:15:00,2183.0,2185.89990234375,2182.10009765625,2184.10009765625,13741
2026-02-23 05:20:00,2185.0,2188.699951171875,2182.5,2188.0,8018
2026-02-23 05:25:00,2187.89990234375,2189.0,2185.10009765625,2188.699951171875,5073
2026-02-23 05:30:00,2188.89990234375,2191.89990234375,2188.60009765625,2191.0,6378
2026-02-23 05:35:00,2190.10009765625,2191.0,2183.699951171875,2185.199951171875,4880
2026-02-23 05:40:00,2185.0,2190.0,2185.0,2188.89990234375,3025
2026-02-23 05:45:00,2190.0,2191.0,2187.39990234375,2188.0,2782
2026-02-23 05:50:00,2187.89990234375,2189.800048828125,2186.0,2186.0,1963
2026-02-23 05:55:00,2185.5,2186.60009765625,2182.699951171875,2185.10009765625,4734
2026-02-23 06:00:00,2183.60009765625,2185.0,2183.0,2184.0,3612
2026-02-23 06:05:00,2183.39990234375,2186.60009765625,2183.10009765625,2186.60009765625,2133
2026-02-23 06:10:00,2186.89990234375,2187.39990234375,2183.199951171875,2184.300048828125,2443
2026-02-23 06:15:00,2183.300048828125,2183.39990234375,2178.0,2178.699951171875,20573
2026-02-23 06:20:00,2179.60009765625,2183.699951171875,2178.0,2183.300048828125,5173
2026-02-23 06:25:00,2182.60009765625,2183.0,2179.300048828125,2180.0,2387
2026-02-23 06:30:00,2180.0,2184.89990234375,2179.89990234375,2182.300048828125,3962
2026-02-23 06:35:00,2183.199951171875,2184.89990234375,2182.300048828125,2182.60009765625,1926
2026-02-23 06:40:00,2183.0,2183.10009765625,2180.10009765625,2180.89990234375,3618
2026-02-23 06:45:00,2180.39990234375,2184.5,2180.10009765625,2183.800048828125,1424
2026-02-23 06:50:00,2183.5,2184.89990234375,2181.300048828125,2181.39990234375,2387
2026-02-23 06:55:00,2182.199951171875,2182.89990234375,2181.199951171875,2182.60009765625,2021
2026-02-23 07:00:00,2182.10009765625,2182.800048828125,2179.10009765625,2182.800048828125,3395
2026-02-23 07:05:00,2182.39990234375,2184.39990234375,2181.300048828125,2184.0,3400
2026-02-23 07:10:00,2184.0,2187.60009765625,2184.0,2187.60009765625,7375
2026-02-23 07:15:00,2187.60009765625,2187.89990234375,2185.0,2185.0,8360
2026-02-23 07:20:00,2186.199951171875,2186.800048828125,2182.60009765625,2185.699951171875,3964
2026-02-23 07:25:00,2186.0,2186.199951171875,2181.39990234375,2183.39990234375,12834
2026-02-23 07:30:00,2183.0,2185.89990234375,2182.39990234375,2185.89990234375,4401
2026-02-23 07:35:00,2186.0,2188.0,2185.5,2186.800048828125,3276
2026-02-23 07:40:00,2186.800048828125,2187.300048828125,2184.199951171875,2185.60009765625,2375
2026-02-23 07:45:00,2184.300048828125,2186.5,2184.10009765625,2185.699951171875,2245
2026-02-23 07:50:00,2185.800048828125,2186.800048828125,2180.199951171875,2181.10009765625,25234
2026-02-23 07:55:00,2181.10009765625,2182.0,2180.10009765625,2181.699951171875,3164
2026-02-23 08:00:00,2181.699951171875,2183.0,2178.0,2178.300048828125,7781
2026-02-23 08:05:00,2178.300048828125,2180.300048828125,2178.0,2179.89990234375,3154
2026-02-23 08:10:00,2179.89990234375,2181.39990234375,2178.5,2181.10009765625,3004
2026-02-23 08:15:00,2181.10009765625,2182.0,2180.10009765625,2180.89990234375,4973
2026-02-23 08:20:00,2180.39990234375,2181.60009765625,2174.300048828125,2174.89990234375,9718
2026-02-23 08:25:00,2174.300048828125,2175.300048828125,2168.0,2170.10009765625,21887
2026-02-23 08:30:00,2168.699951171875,2170.800048828125,2166.10009765625,2167.0,9011
2026-02-23 08:35:00,2167.699951171875,2172.10009765625,2167.5,2169.0,20396
2026-02-23 08:40:00,2169.0,2170.0,2167.10009765625,2167.89990234375,5832
2026-02-23 08:45:00,2168.800048828125,2173.300048828125,2167.10009765625,2171.699951171875,7436
2026-02-23 08:50:00,2171.699951171875,2172.300048828125,2170.10009765625,2171.300048828125,10681
2026-02-23 08:55:00,2172.10009765625,2174.5,2169.60009765625,2172.800048828125,10726
2026-02-23 09:00:00,2173.89990234375,2178.0,2172.39990234375,2176.300048828125,35113
2026-02-23 09:05:00,2176.300048828125,2180.10009765625,2176.300048828125,2179.0,21491
2026-02-23 09:10:00,2178.60009765625,2179.199951171875,2174.10009765625,2175.800048828125,14686
2026-02-23 09:15:00,2175.800048828125,2181.89990234375,2175.800048828125,2180.89990234375,24297
2026-02-23 09:20:00,2180.800048828125,2181.300048828125,2177.199951171875,2178.199951171875,12178
2026-02-23 09:25:00,2178.199951171875,2183.199951171875,2177.800048828125,2181.5,23653
2026-02-23 09:30:00,2183.60009765625,2197.10009765625,2181.60009765625,2196.800048828125,62595
2026-02-23 09:35:00,2196.89990234375,2199.0,2193.199951171875,2193.89990234375,32867
2026-02-23 09:40:00,2194.699951171875,2195.89990234375,2192.5,2192.89990234375,20425
2026-02-23 09:45:00,2192.89990234375,2195.5,2188.0,2188.5,47738
2026-02-23 09:50:00,2188.89990234375,2190.0,2185.0,2188.89990234375,38233
2026-02-23 09:55:00,2188.89990234375,2190.0,2185.199951171875,2188.0,25268
2026-02-24 03:45:00,2179.89990234375,2183.60009765625,2175.0,2182.10009765625,0
2026-02-24 03:50:00,2181.39990234375,2200.89990234375,2179.60009765625,2200.300048828125,73592
2026-02-24 03:55:00,2200.300048828125,2202.199951171875,2195.0,2199.10009765625,124181
2026-02-24 04:00:00,2198.199951171875,2198.199951171875,2184.0,2185.0,22720
2026-02-24 04:05:00,2186.199951171875,2191.0,2185.300048828125,2187.800048828125,12203
2026-02-24 04:10:00,2186.39990234375,2187.199951171875,2183.0,2184.39990234375,6336
2026-02-24 04:15:00,2184.39990234375,2190.0,2184.0,2187.0,8623
2026-02-24 04:20:00,2188.10009765625,2188.699951171875,2185.300048828125,2187.39990234375,6598
2026-02-24 04:25:00,2188.0,2192.199951171875,2186.199951171875,2191.199951171875,11813
2026-02-24 04:30:00,2191.60009765625,2192.199951171875,2187.10009765625,2188.300048828125,5698
2026-02-24 04:35:00,2188.0,2194.800048828125,2187.89990234375,2192.5,9859
2026-02-24 04:40:00,2193.0,2193.0,2189.199951171875,2190.5,4107
2026-02-24 04:45:00,2189.300048828125,2190.5,2185.0,2190.300048828125,6931
2026-02-24 04:50:00,2189.5,2190.89990234375,2186.0,2186.5,2788
2026-02-24 04:55:00,2186.5,2190.300048828125,2186.0,2189.300048828125,2214
2026-02-24 05:00:00,2189.60009765625,2192.0,2188.300048828125,2189.39990234375,2412
2026-02-24 05:05:00,2189.39990234375,2192.0,2189.10009765625,2191.89990234375,3613
2026-02-24 05:10:00,2191.199951171875,2192.60009765625,2190.199951171875,2190.199951171875,3614
2026-02-24 05:15:00,2190.199951171875,2190.60009765625,2187.0,2187.39990234375,4679
2026-02-24 05:20:00,2187.0,2188.0,2185.39990234375,2186.800048828125,4091
2026-02-24 05:25:00,2185.60009765625,2189.5,2185.60009765625,2188.199951171875,2115
2026-02-24 05:30:00,2189.10009765625,2193.699951171875,2189.0,2192.39990234375,22047
2026-02-24 05:35:00,2192.199951171875,2195.10009765625,2190.10009765625,2194.89990234375,7191
2026-02-24 05:40:00,2194.89990234375,2195.0,2193.800048828125,2194.10009765625,2708
2026-02-24 05:45:00,2194.39990234375,2196.800048828125,2193.5,2196.39990234375,9222
2026-02-24 05:50:00,2195.300048828125,2198.0,2194.5,2194.89990234375,6990
2026-02-24 05:55:00,2194.89990234375,2196.0,2192.800048828125,2193.60009765625,5145
2026-02-24 06:00:00,2194.0,2194.0,2191.89990234375,2192.5,3120
2026-02-24 06:05:00,2192.5,2193.0,2191.300048828125,2192.39990234375,3762
2026-02-24 06:10:00,2192.39990234375,2192.800048828125,2186.10009765625,2186.10009765625,5480
2026-02-24 06:15:00,2186.10009765625,2186.800048828125,2184.0,2185.300048828125,6807
2026-02-24 06:20:00,2185.199951171875,2185.699951171875,2184.10009765625,2184.5,3473
2026-02-24 06:25:00,2184.0,2186.300048828125,2183.60009765625,2184.0,6387
2026-02-24 06:30:00,2183.5,2184.60009765625,2182.39990234375,2184.0,5030
2026-02-24 06:35:00,2183.699951171875,2185.699951171875,2175.800048828125,2176.89990234375,20881
2026-02-24 06:40:00,2176.699951171875,2179.39990234375,2175.800048828125,2178.10009765625,6721
2026-02-24 06:45:00,2177.89990234375,2177.89990234375,2174.5,2174.5,25550
2026-02-24 06:50:00,2175.0,2175.60009765625,2171.0,2171.0,20455
2026-02-24 06:55:00,2171.0,2174.800048828125,2171.0,2174.39990234375,15658
2026-02-24 07:00:00,2174.0,2180.800048828125,2172.5,2179.0,13213
2026-02-24 07:05:00,2179.0,2182.0,2178.60009765625,2179.800048828125,6619
2026-02-24 07:10:00,2179.800048828125,2180.699951171875,2178.300048828125,2180.0,2813
2026-02-24 07:15:00,2179.699951171875,2179.699951171875,2173.39990234375,2174.5,12475
2026-02-24 07:20:00,2174.10009765625,2174.800048828125,2172.39990234375,2174.10009765625,5759
2026-02-24 07:25:00,2174.10009765625,2175.0,2173.0,2173.60009765625,3139
2026-02-24 07:30:00,2173.5,2175.0,2170.0,2175.0,13427
2026-02-24 07:35:00,2174.199951171875,2175.0,2173.0,2175.0,4176
2026-02-24 07:40:00,2174.89990234375,2175.199951171875,2172.800048828125,2173.5,26865
2026-02-24 07:45:00,2172.800048828125,2173.89990234375,2171.300048828125,2172.39990234375,4856
2026-02-24 07:50:00,2172.699951171875,2173.89990234375,2170.0,2170.10009765625,5240
2026-02-24 07:55:00,2170.10009765625,2171.60009765625,2169.0,2169.0,10674
2026-02-24 08:00:00,2169.300048828125,2169.800048828125,2163.199951171875,2165.10009765625,21059
2026-02-24 08:05:00,2165.10009765625,2169.0,2162.199951171875,2168.300048828125,16990
2026-02-24 08:10:00,2167.60009765625,2168.39990234375,2165.300048828125,2165.89990234375,4670
2026-02-24 08:15:00,2166.0,2168.60009765625,2165.199951171875,2166.60009765625,4044
2026-02-24 08:20:00,2165.699951171875,2169.699951171875,2165.0,2169.699951171875,6493
2026-02-24 08:25:00,2170.0,2175.0,2170.0,2174.39990234375,40930
2026-02-24 08:30:00,2174.800048828125,2174.800048828125,2169.60009765625,2170.0,7073
2026-02-24 08:35:00,2170.0,2171.300048828125,2168.60009765625,2171.0,5051
2026-02-24 08:40:00,2171.0,2175.0,2169.0,2174.5,11116
2026-02-24 08:45:00,2174.5,2175.0,2172.10009765625,2173.0,73012
2026-02-24 08:50:00,2173.0,2174.60009765625,2168.800048828125,2169.89990234375,8532
2026-02-24 08:55:00,2169.39990234375,2172.0,2169.39990234375,2170.199951171875,6060
2026-02-24 09:00:00,2170.199951171875,2171.199951171875,2167.0,2167.60009765625,5132
2026-02-24 09:05:00,2167.60009765625,2171.10009765625,2167.60009765625,2169.199951171875,4358
2026-02-24 09:10:00,2169.5,2172.39990234375,2168.60009765625,2169.5,18163
2026-02-24 09:15:00,2170.10009765625,2171.300048828125,2166.89990234375,2171.10009765625,8085
2026-02-24 09:20:00,2170.300048828125,2175.0,2170.199951171875,2172.10009765625,25842
2026-02-24 09:25:00,2172.0,2177.0,2172.0,2176.800048828125,49000
2026-02-24 09:30:00,2178.699951171875,2180.699951171875,2176.800048828125,2177.300048828125,20929
2026-02-24 09:35:00,2177.300048828125,2181.800048828125,2176.60009765625,2181.39990234375,23818
2026-02-24 09:40:00,2181.199951171875,2185.199951171875,2180.800048828125,2185.199951171875,22396
2026-02-24 09:45:00,2184.199951171875,2188.60009765625,2182.300048828125,2188.60009765625,55727
2026-02-24 09:50:00,2187.39990234375,2188.89990234375,2179.60009765625,2183.39990234375,42873
2026-02-24 09:55:00,2184.300048828125,2187.89990234375,2181.5,2183.0,40266
2026-02-25 03:45:00,2194.89990234375,2203.0,2193.39990234375,2202.199951171875,0
2026-02-25 03:50:00,2203.89990234375,2208.10009765625,2201.199951171875,2205.0,33835
2026-02-25 03:55:00,2205.300048828125,2211.300048828125,2202.699951171875,2206.0,30958
2026-02-25 04:00:00,2206.0,2206.10009765625,2196.300048828125,2199.0,30981
2026-02-25 04:05:00,2199.39990234375,2201.0,2198.5,2199.89990234375,14102
2026-02-25 04:10:00,2199.10009765625,2199.60009765625,2190.5,2191.5,15435
2026-02-25 04:15:00,2191.5,2196.699951171875,2190.10009765625,2194.0,15675
2026-02-25 04:20:00,2194.0,2195.0,2187.0,2190.0,20373
2026-02-25 04:25:00,2190.0,2197.10009765625,2190.0,2194.5,12692
2026-02-25 04:30:00,2194.60009765625,2198.89990234375,2194.199951171875,2197.300048828125,5387
2026-02-25 04:35:00,2197.800048828125,2199.89990234375,2196.39990234375,2199.89990234375,8572
2026-02-25 04:40:00,2199.89990234375,2206.10009765625,2199.800048828125,2200.89990234375,35926
2026-02-25 04:45:00,2200.89990234375,2204.89990234375,2199.0,2201.89990234375,12246
2026-02-25 04:50:00,2201.199951171875,2205.5,2200.0,2200.800048828125,13953
2026-02-25 04:55:00,2201.10009765625,2202.0,2196.60009765625,2198.60009765625,13675
2026-02-25 05:00:00,2199.800048828125,2202.0,2199.0,2201.300048828125,7264
2026-02-25 05:05:00,2201.300048828125,2203.60009765625,2201.0,2202.10009765625,7705
2026-02-25 05:10:00,2203.0,2203.0,2195.199951171875,2196.0,8487
2026-02-25 05:15:00,2195.300048828125,2197.89990234375,2194.0,2196.0,9500
2026-02-25 05:20:00,2196.39990234375,2196.39990234375,2192.5,2192.89990234375,5354
2026-02-25 05:25:00,2192.5,2193.699951171875,2188.0,2189.89990234375,13282
2026-02-25 05:30:00,2189.89990234375,2191.699951171875,2189.199951171875,2190.300048828125,6723
2026-02-25 05:35:00,2191.0,2192.0,2189.89990234375,2191.0,5944
2026-02-25 05:40:00,2191.60009765625,2191.699951171875,2186.5,2188.10009765625,8310
2026-02-25 05:45:00,2189.0,2189.5,2180.10009765625,2181.199951171875,29260
2026-02-25 05:50:00,2181.199951171875,2190.5,2181.199951171875,2189.39990234375,19523
2026-02-25 05:55:00,2189.89990234375,2192.0,2187.0,2190.89990234375,14277
2026-02-25 06:00:00,2191.699951171875,2193.300048828125,2190.199951171875,2192.10009765625,6761
2026-02-25 06:05:00,2192.10009765625,2193.89990234375,2191.0,2193.10009765625,6816
2026-02-25 06:10:00,2192.5,2200.39990234375,2189.300048828125,2200.0,32027
2026-02-25 06:15:00,2200.10009765625,2203.0,2200.10009765625,2200.89990234375,11637
2026-02-25 06:20:00,2201.10009765625,2202.800048828125,2199.800048828125,2200.89990234375,8976
2026-02-25 06:25:00,2200.89990234375,2202.300048828125,2199.800048828125,2202.300048828125,13434
2026-02-25 06:30:00,2202.300048828125,2204.5,2201.699951171875,2203.5,8081
2026-02-25 06:35:00,2203.10009765625,2204.0,2202.10009765625,2203.199951171875,4092
2026-02-25 06:40:00,2203.300048828125,2206.699951171875,2202.0,2205.5,31108
2026-02-25 06:45:00,2205.5,2213.60009765625,2204.699951171875,2211.300048828125,38997
2026-02-25 06:50:00,2211.39990234375,2214.800048828125,2209.5,2212.0,23369
2026-02-25 06:55:00,2212.0,2212.0,2209.800048828125,2211.0,6468
2026-02-25 07:00:00,2211.0,2213.800048828125,2206.0,2208.10009765625,16060
2026-02-25 07:05:00,2208.199951171875,2209.699951171875,2206.10009765625,2209.60009765625,27677
2026-02-25 07:10:00,2209.60009765625,2209.60009765625,2205.0,2206.39990234375,23589
2026-02-25 07:15:00,2206.199951171875,2206.60009765625,2203.60009765625,2204.300048828125,17042
2026-02-25 07:20:00,2203.89990234375,2210.60009765625,2203.89990234375,2208.699951171875,16757
2026-02-25 07:25:00,2208.699951171875,2209.0,2204.10009765625,2206.0,14850
2026-02-25 07:30:00,2206.0,2206.800048828125,2203.0,2205.300048828125,49051
2026-02-25 07:35:00,2206.0,2207.89990234375,2204.5,2206.89990234375,5691
2026-02-25 07:40:00,2205.60009765625,2209.300048828125,2205.60009765625,2207.5,12422
2026-02-25 07:45:00,2207.5,2210.699951171875,2205.60009765625,2209.5,18528
2026-02-25 07:50:00,2209.5,2211.300048828125,2208.89990234375,2211.300048828125,14796
2026-02-25 07:55:00,2211.300048828125,2211.300048828125,2205.5,2210.800048828125,31126
2026-02-25 08:00:00,2210.89990234375,2212.800048828125,2210.60009765625,2211.5,10398
2026-02-25 08:05:00,2210.89990234375,2216.89990234375,2210.89990234375,2213.0,27318
2026-02-25 08:10:00,2213.5,2213.5,2210.10009765625,2210.10009765625,5421
2026-02-25 08:15:00,2210.10009765625,2211.0,2208.39990234375,2210.800048828125,6143
2026-02-25 08:20:00,2210.800048828125,2212.0,2210.0,2210.300048828125,4033
2026-02-25 08:25:00,2210.300048828125,2210.39990234375,2205.300048828125,2207.199951171875,17221
2026-02-25 08:30:00,2206.5,2208.0,2205.5,2206.10009765625,13433
2026-02-25 08:35:00,2206.60009765625,2207.89990234375,2204.199951171875,2207.39990234375,20249
2026-02-25 08:40:00,2207.60009765625,2211.0,2207.0,2207.89990234375,9871
2026-02-25 08:45:00,2208.89990234375,2212.0,2208.0,2211.39990234375,4174
2026-02-25 08:50:00,2212.0,2213.800048828125,2211.39990234375,2213.699951171875,11324
2026-02-25 08:55:00,2213.699951171875,2215.39990234375,2211.699951171875,2212.199951171875,21152
2026-02-25 09:00:00,2212.199951171875,2218.10009765625,2212.199951171875,2215.89990234375,22015
2026-02-25 09:05:00,2216.0,2221.0,2215.800048828125,2220.0,26926
2026-02-25 09:10:00,2220.0,2220.0,2214.699951171875,2216.800048828125,20788
2026-02-25 09:15:00,2216.89990234375,2219.699951171875,2216.89990234375,2218.10009765625,8678
2026-02-25 09:20:00,2219.10009765625,2224.0,2218.0,2223.10009765625,38726
2026-02-25 09:25:00,2224.89990234375,2225.5,2222.199951171875,2224.5,44337
2026-02-25 09:30:00,2224.5,2229.5,2224.5,2227.10009765625,29300
2026-02-25 09:35:00,2227.0,2227.0,2225.0,2225.89990234375,16895
2026-02-25 09:40:00,2225.89990234375,2231.199951171875,2225.5,2230.699951171875,54378
2026-02-25 09:45:00,2229.60009765625,2235.699951171875,2229.10009765625,2235.5,75483
2026-02-25 09:50:00,2235.5,2237.300048828125,2234.199951171875,2235.0,59769
2026-02-25 09:55:00,2234.199951171875,2237.0,2224.300048828125,2228.0,42764
2026-02-26 03:45:00,2230.0,2231.0,2220.89990234375,2223.60009765625,0
2026-02-26 03:50:00,2223.60009765625,2225.60009765625,2217.60009765625,2219.89990234375,30013
2026-02-26 03:55:00,2219.39990234375,2224.5,2218.39990234375,2223.39990234375,14096
2026-02-26 04:00:00,2223.60009765625,2226.60009765625,2220.39990234375,2226.60009765625,14814
2026-02-26 04:05:00,2226.89990234375,2227.39990234375,2220.300048828125,2221.60009765625,12689
2026-02-26 04:10:00,2221.60009765625,2222.39990234375,2217.0,2220.199951171875,23475
2026-02-26 04:15:00,2219.89990234375,2223.199951171875,2219.800048828125,2222.0,8430
2026-02-26 04:20:00,2222.60009765625,2222.699951171875,2214.0,2215.300048828125,17636
2026-02-26 04:25:00,2215.300048828125,2216.10009765625,2212.199951171875,2213.800048828125,15271
2026-02-26 04:30:00,2213.800048828125,2219.89990234375,2213.199951171875,2219.0,10450
2026-02-26 04:35:00,2219.0,2222.199951171875,2218.0,2220.89990234375,10931
2026-02-26 04:40:00,2220.89990234375,2223.39990234375,2219.699951171875,2219.699951171875,14665
2026-02-26 04:45:00,2219.699951171875,2219.699951171875,2214.10009765625,2217.10009765625,9481
2026-02-26 04:50:00,2218.0,2219.800048828125,2215.60009765625,2217.800048828125,5091
2026-02-26 04:55:00,2216.89990234375,2220.10009765625,2216.10009765625,2216.89990234375,6018
2026-02-26 05:00:00,2217.0,2220.199951171875,2216.89990234375,2219.300048828125,2392
2026-02-26 05:05:00,2219.300048828125,2219.89990234375,2217.0,2217.10009765625,4678
2026-02-26 05:10:00,2217.10009765625,2220.0,2217.10009765625,2219.199951171875,3704
2026-02-26 05:15:00,2219.300048828125,2219.300048828125,2213.0,2214.5,25733
2026-02-26 05:20:00,2214.5,2216.0,2212.10009765625,2213.0,11979
2026-02-26 05:25:00,2212.0,2212.60009765625,2207.300048828125,2208.10009765625,16531
2026-02-26 05:30:00,2208.10009765625,2216.800048828125,2206.60009765625,2216.699951171875,18744
2026-02-26 05:35:00,2216.699951171875,2216.699951171875,2215.199951171875,2215.800048828125,4397
2026-02-26 05:40:00,2215.800048828125,2222.60009765625,2215.300048828125,2221.39990234375,16404
2026-02-26 05:45:00,2220.800048828125,2222.60009765625,2218.300048828125,2221.0,8200
2026-02-26 05:50:00,2221.0,2224.800048828125,2220.5,2223.89990234375,11845
2026-02-26 05:55:00,2223.10009765625,2226.800048828125,2220.199951171875,2221.0,10400
2026-02-26 06:00:00,2220.89990234375,2221.699951171875,2213.199951171875,2217.39990234375,18604
2026-02-26 06:05:00,2216.89990234375,2217.800048828125,2214.10009765625,2215.0,4151
2026-02-26 06:10:00,2215.5,2215.5,2211.699951171875,2212.699951171875,6102
2026-02-26 06:15:00,2212.699951171875,2214.0,2208.0,2211.199951171875,9565
2026-02-26 06:20:00,2211.199951171875,2212.0,2206.39990234375,2208.10009765625,10385
2026-02-26 06:25:00,2208.10009765625,2208.199951171875,2205.5,2207.39990234375,5275
2026-02-26 06:30:00,2207.39990234375,2214.0,2206.60009765625,2213.0,8996
2026-02-26 06:35:00,2213.0,2213.0,2210.800048828125,2211.699951171875,2951
2026-02-26 06:40:00,2211.60009765625,2212.199951171875,2208.39990234375,2208.89990234375,2726
2026-02-26 06:45:00,2209.0,2212.10009765625,2208.89990234375,2209.89990234375,5037
2026-02-26 06:50:00,2209.39990234375,2209.800048828125,2206.39990234375,2209.60009765625,15361
2026-02-26 06:55:00,2209.60009765625,2209.89990234375,2206.300048828125,2206.300048828125,4204
2026-02-26 07:00:00,2207.199951171875,2209.199951171875,2206.60009765625,2208.300048828125,3644
2026-02-26 07:05:00,2208.300048828125,2209.89990234375,2205.10009765625,2206.5,13243
2026-02-26 07:10:00,2206.5,2213.39990234375,2206.10009765625,2211.60009765625,14805
2026-02-26 07:15:00,2211.699951171875,2211.89990234375,2208.39990234375,2209.0,3329
2026-02-26 07:20:00,2209.0,2209.300048828125,2207.0,2208.89990234375,4855
2026-02-26 07:25:00,2208.10009765625,2208.800048828125,2205.60009765625,2208.0,13180
2026-02-26 07:30:00,2208.0,2211.800048828125,2207.5,2211.800048828125,14470
2026-02-26 07:35:00,2210.5,2211.5,2209.60009765625,2209.60009765625,2654
2026-02-26 07:40:00,2209.60009765625,2210.0,2207.0,2207.39990234375,8073
2026-02-26 07:45:00,2207.39990234375,2207.39990234375,2203.5,2206.10009765625,19144
2026-02-26 07:50:00,2206.10009765625,2207.199951171875,2202.300048828125,2207.10009765625,13759
2026-02-26 07:55:00,2206.699951171875,2209.699951171875,2205.39990234375,2209.0,7623
2026-02-26 08:00:00,2208.89990234375,2209.300048828125,2205.800048828125,2206.0,2241
2026-02-26 08:05:00,2205.89990234375,2208.0,2205.199951171875,2207.0,3809
2026-02-26 08:10:00,2207.0,2208.10009765625,2206.0,2207.0,4284
2026-02-26 08:15:00,2207.0,2207.800048828125,2203.5,2204.0,9104
2026-02-26 08:20:00,2204.0,2206.699951171875,2203.60009765625,2205.89990234375,8601
2026-02-26 08:25:00,2205.89990234375,2206.0,2203.0,2203.699951171875,5407
2026-02-26 08:30:00,2204.800048828125,2205.5,2201.89990234375,2201.89990234375,5437
2026-02-26 08:35:00,2201.800048828125,2206.699951171875,2200.10009765625,2206.699951171875,21415
2026-02-26 08:40:00,2206.0,2207.199951171875,2203.199951171875,2203.39990234375,8983
2026-02-26 08:45:00,2203.300048828125,2206.0,2203.0,2204.39990234375,6431
2026-02-26 08:50:00,2204.89990234375,2205.699951171875,2201.699951171875,2202.0,7185
2026-02-26 08:55:00,2202.10009765625,2204.60009765625,2201.199951171875,2204.0,8537
2026-02-26 09:00:00,2204.0,2207.89990234375,2203.0,2207.39990234375,7710
2026-02-26 09:05:00,2208.300048828125,2209.5,2206.60009765625,2208.699951171875,18255
2026-02-26 09:10:00,2208.800048828125,2216.199951171875,2207.39990234375,2215.39990234375,44041
2026-02-26 09:15:00,2216.0,2217.89990234375,2213.0,2215.699951171875,18439
2026-02-26 09:20:00,2215.60009765625,2216.89990234375,2210.60009765625,2212.699951171875,9536
2026-02-26 09:25:00,2212.699951171875,2216.39990234375,2212.0,2213.60009765625,12352
2026-02-26 09:30:00,2214.300048828125,2218.89990234375,2214.10009765625,2216.10009765625,24486
2026-02-26 09:35:00,2216.10009765625,2220.39990234375,2215.0,2220.199951171875,13729
2026-02-26 09:40:00,2220.199951171875,2221.39990234375,2216.5,2217.10009765625,25475
2026-02-26 09:45:00,2216.800048828125,2217.5,2215.199951171875,2215.199951171875,14897
2026-02-26 09:50:00,2215.800048828125,2216.199951171875,2212.199951171875,2213.5,21701
2026-02-26 09:55:00,2214.0,2218.0,2212.800048828125,2216.39990234375,23946
2026-02-27 03:45:00,2213.89990234375,2213.89990234375,2202.60009765625,2207.89990234375,0
2026-02-27 03:50:00,2208.800048828125,2214.39990234375,2204.5,2211.60009765625,18957
2026-02-27 03:55:00,2211.800048828125,2216.39990234375,2207.60009765625,2210.10009765625,24422
2026-02-27 04:00:00,2210.39990234375,2211.10009765625,2204.5,2204.5,12884
2026-02-27 04:05:00,2204.5,2205.0,2200.5,2204.89990234375,16012
2026-02-27 04:10:00,2204.300048828125,2205.0,2200.0,2201.300048828125,10315
2026-02-27 04:15:00,2200.0,2200.699951171875,2193.800048828125,2194.300048828125,27542
2026-02-27 04:20:00,2193.60009765625,2196.89990234375,2193.10009765625,2193.199951171875,7466
2026-02-27 04:25:00,2193.60009765625,2196.0,2193.10009765625,2193.5,7355
2026-02-27 04:30:00,2191.300048828125,2192.699951171875,2189.199951171875,2192.39990234375,13531
2026-02-27 04:35:00,2192.699951171875,2194.199951171875,2189.199951171875,2191.800048828125,5573
2026-02-27 04:40:00,2191.800048828125,2194.60009765625,2191.0,2191.39990234375,5785
2026-02-27 04:45:00,2192.10009765625,2192.300048828125,2184.10009765625,2187.800048828125,21050
2026-02-27 04:50:00,2187.89990234375,2192.199951171875,2186.199951171875,2191.699951171875,6963
2026-02-27 04:55:00,2191.5,2197.300048828125,2191.5,2195.800048828125,8832
2026-02-27 05:00:00,2195.89990234375,2200.0,2195.800048828125,2196.699951171875,8047
2026-02-27 05:05:00,2196.800048828125,2201.699951171875,2196.199951171875,2198.0,6302
2026-02-27 05:10:00,2198.0,2199.39990234375,2195.800048828125,2197.89990234375,6328
2026-02-27 05:15:00,2197.0,2199.39990234375,2195.800048828125,2199.10009765625,4216
2026-02-27 05:20:00,2199.10009765625,2199.10009765625,2194.800048828125,2195.10009765625,7305
2026-02-27 05:25:00,2196.199951171875,2197.0,2192.10009765625,2192.89990234375,3384
2026-02-27 05:30:00,2193.0,2195.39990234375,2191.5,2195.300048828125,3081
2026-02-27 05:35:00,2195.300048828125,2197.60009765625,2194.199951171875,2196.699951171875,5965
2026-02-27 05:40:00,2196.699951171875,2198.0,2196.0,2198.0,957
2026-02-27 05:45:00,2198.60009765625,2199.699951171875,2195.10009765625,2195.800048828125,7413
2026-02-27 05:50:00,2195.10009765625,2196.699951171875,2194.199951171875,2195.0,1744
2026-02-27 05:55:00,2195.0,2195.60009765625,2191.0,2191.0,3304
2026-02-27 06:00:00,2190.39990234375,2191.39990234375,2188.300048828125,2189.10009765625,10509
2026-02-27 06:05:00,2189.0,2190.10009765625,2186.10009765625,2189.10009765625,11846
2026-02-27 06:10:00,2188.0,2191.0,2186.0,2189.89990234375,5515
2026-02-27 06:15:00,2188.800048828125,2192.0,2188.800048828125,2190.39990234375,8241
2026-02-27 06:20:00,2190.300048828125,2194.0,2189.39990234375,2192.0,8432
2026-02-27 06:25:00,2191.800048828125,2195.0,2190.89990234375,2194.5,3208
2026-02-27 06:30:00,2194.699951171875,2198.0,2192.39990234375,2193.0,3409
2026-02-27 06:35:00,2193.0,2193.699951171875,2189.0,2190.699951171875,4729
2026-02-27 06:40:00,2191.39990234375,2192.89990234375,2190.300048828125,2190.300048828125,1956
2026-02-27 06:45:00,2190.300048828125,2192.199951171875,2189.0,2192.10009765625,2748
2026-02-27 06:50:00,2192.10009765625,2194.0,2189.0,2189.39990234375,3662
2026-02-27 06:55:00,2189.300048828125,2193.89990234375,2189.300048828125,2193.199951171875,2083
2026-02-27 07:00:00,2192.89990234375,2193.800048828125,2190.300048828125,2191.0,3376
2026-02-27 07:05:00,2190.89990234375,2190.89990234375,2187.0,2187.0,7053
2026-02-27 07:10:00,2187.800048828125,2188.10009765625,2185.10009765625,2187.300048828125,6049
2026-02-27 07:15:00,2187.5,2191.0,2186.0,2187.5,4757
2026-02-27 07:20:00,2188.39990234375,2191.10009765625,2188.300048828125,2189.800048828125,2135
2026-02-27 07:25:00,2189.300048828125,2189.89990234375,2187.800048828125,2188.89990234375,5006
2026-02-27 07:30:00,2188.39990234375,2190.0,2188.199951171875,2189.0,1145
2026-02-27 07:35:00,2189.5,2191.699951171875,2189.5,2191.60009765625,1558
2026-02-27 07:40:00,2191.199951171875,2191.699951171875,2190.39990234375,2191.0,1199
2026-02-27 07:45:00,2190.89990234375,2191.39990234375,2188.699951171875,2188.699951171875,1210
2026-02-27 07:50:00,2188.5,2190.89990234375,2188.5,2190.10009765625,1105
2026-02-27 07:55:00,2190.0,2197.0,2190.0,2194.89990234375,14380
2026-02-27 08:00:00,2194.89990234375,2196.5,2192.0,2193.60009765625,5803
2026-02-27 08:05:00,2193.199951171875,2196.0,2191.699951171875,2193.300048828125,3336
2026-02-27 08:10:00,2193.39990234375,2195.0,2192.60009765625,2193.0,2031
2026-02-27 08:15:00,2193.0,2196.39990234375,2192.5,2196.39990234375,1839
2026-02-27 08:20:00,2196.39990234375,2196.39990234375,2190.60009765625,2193.39990234375,1877
2026-02-27 08:25:00,2193.5,2196.0,2192.5,2196.0,4070
2026-02-27 08:30:00,2196.0,2198.39990234375,2195.0,2195.5,12382
2026-02-27 08:35:00,2195.0,2195.39990234375,2194.0,2195.0,3786
2026-02-27 08:40:00,2195.0,2197.5,2193.0,2193.89990234375,3990
2026-02-27 08:45:00,2194.5,2195.0,2193.0,2193.60009765625,1059
2026-02-27 08:50:00,2194.10009765625,2194.300048828125,2192.0,2192.0,1880
2026-02-27 08:55:00,2192.300048828125,2192.5,2187.10009765625,2188.199951171875,7101
2026-02-27 09:00:00,2188.5,2189.89990234375,2187.5,2188.300048828125,3980
2026-02-27 09:05:00,2188.89990234375,2193.699951171875,2188.800048828125,2191.699951171875,4204
2026-02-27 09:10:00,2191.699951171875,2192.39990234375,2190.300048828125,2191.300048828125,7287
2026-02-27 09:15:00,2191.5,2193.60009765625,2189.60009765625,2192.60009765625,5646
2026-02-27 09:20:00,2192.60009765625,2195.0,2191.60009765625,2192.0,5835
2026-02-27 09:25:00,2192.39990234375,2196.5,2192.0,2195.10009765625,7592
2026-02-27 09:30:00,2193.699951171875,2196.0,2164.39990234375,2165.60009765625,214811
2026-02-27 09:35:00,2166.199951171875,2166.199951171875,2160.199951171875,2163.0,136155
2026-02-27 09:40:00,2162.89990234375,2166.10009765625,2160.0,2160.5,128274
2026-02-27 09:45:00,2160.199951171875,2160.800048828125,2155.300048828125,2156.10009765625,193401
2026-02-27 09:50:00,2156.800048828125,2158.39990234375,2153.0,2154.5,169469
2026-02-27 09:55:00,2154.5,2157.0,2153.89990234375,2157.0,130795
2026-03-02 03:45:00,2120.300048828125,2137.39990234375,2112.10009765625,2126.89990234375,0
2026-03-02 03:50:00,2126.10009765625,2134.199951171875,2118.300048828125,2123.800048828125,48177
2026-03-02 03:55:00,2123.89990234375,2123.89990234375,2113.199951171875,2114.199951171875,45432
2026-03-02 04:00:00,2114.0,2130.0,2114.0,2126.199951171875,25614
2026-03-02 04:05:00,2126.199951171875,2127.699951171875,2116.0,2121.10009765625,28167
2026-03-02 04:10:00,2121.0,2124.5,2118.60009765625,2119.10009765625,22423
2026-03-02 04:15:00,2118.60009765625,2120.89990234375,2113.800048828125,2115.5,27319
2026-03-02 04:20:00,2114.5,2114.5,2104.10009765625,2104.699951171875,26385
2026-03-02 04:25:00,2104.0,2110.89990234375,2101.300048828125,2110.89990234375,17476
2026-03-02 04:30:00,2110.89990234375,2112.199951171875,2101.800048828125,2102.0,14461
2026-03-02 04:35:00,2102.300048828125,2103.60009765625,2097.300048828125,2099.0,29761
2026-03-02 04:40:00,2099.800048828125,2100.10009765625,2090.89990234375,2093.0,20613
2026-03-02 04:45:00,2094.0,2098.60009765625,2090.800048828125,2095.89990234375,18210
2026-03-02 04:50:00,2095.89990234375,2096.0,2085.0,2085.60009765625,37491
2026-03-02 04:55:00,2086.199951171875,2089.800048828125,2082.199951171875,2088.0,29790
2026-03-02 05:00:00,2088.0,2107.199951171875,2086.0,2103.699951171875,26130
2026-03-02 05:05:00,2104.0,2109.10009765625,2100.60009765625,2105.199951171875,37880
2026-03-02 05:10:00,2104.89990234375,2109.0,2103.89990234375,2106.0,12327
2026-03-02 05:15:00,2105.10009765625,2109.0,2104.0,2104.89990234375,7409
2026-03-02 05:20:00,2104.10009765625,2106.89990234375,2103.0,2105.0,16551
2026-03-02 05:25:00,2105.699951171875,2111.0,2104.39990234375,2109.39990234375,8951
2026-03-02 05:30:00,2109.199951171875,2114.0,2108.0,2112.0,11389
2026-03-02 05:35:00,2111.800048828125,2113.0,2109.199951171875,2111.5,6670
2026-03-02 05:40:00,2111.5,2114.199951171875,2111.300048828125,2112.39990234375,13320
2026-03-02 05:45:00,2112.39990234375,2114.300048828125,2111.5,2112.0,10628
2026-03-02 05:50:00,2111.5,2113.5,2111.10009765625,2112.10009765625,17390
2026-03-02 05:55:00,2112.10009765625,2112.89990234375,2103.89990234375,2105.199951171875,32071
2026-03-02 06:00:00,2104.300048828125,2105.39990234375,2100.60009765625,2101.5,33024
2026-03-02 06:05:00,2100.699951171875,2105.10009765625,2100.10009765625,2104.800048828125,11955
2026-03-02 06:10:00,2105.0,2106.10009765625,2104.0,2105.0,7746
2026-03-02 06:15:00,2104.39990234375,2107.800048828125,2104.0,2104.89990234375,5049
2026-03-02 06:20:00,2104.89990234375,2105.800048828125,2104.199951171875,2104.199951171875,6499
2026-03-02 06:25:00,2105.0,2105.300048828125,2103.39990234375,2104.199951171875,17161
2026-03-02 06:30:00,2102.800048828125,2104.199951171875,2093.300048828125,2096.800048828125,107980
2026-03-02 06:35:00,2095.60009765625,2096.699951171875,2090.199951171875,2091.699951171875,49759
2026-03-02 06:40:00,2091.800048828125,2094.199951171875,2089.0,2090.89990234375,57208
2026-03-02 06:45:00,2091.10009765625,2091.199951171875,2088.0,2089.60009765625,19821
2026-03-02 06:50:00,2089.60009765625,2090.300048828125,2086.5,2086.60009765625,36022
2026-03-02 06:55:00,2087.0,2089.89990234375,2086.5,2087.800048828125,14709
2026-03-02 07:00:00,2087.800048828125,2090.89990234375,2085.800048828125,2086.5,24513
2026-03-02 07:05:00,2086.800048828125,2087.0,2078.0,2079.800048828125,56525
2026-03-02 07:10:00,2079.60009765625,2079.60009765625,2075.699951171875,2078.39990234375,27440
2026-03-02 07:15:00,2078.39990234375,2081.5,2076.300048828125,2078.10009765625,60298
2026-03-02 07:20:00,2077.5,2085.89990234375,2077.39990234375,2084.199951171875,29332
2026-03-02 07:25:00,2084.10009765625,2084.89990234375,2079.89990234375,2080.10009765625,55747
2026-03-02 07:30:00,2080.800048828125,2082.0,2079.300048828125,2081.60009765625,15668
2026-03-02 07:35:00,2081.10009765625,2082.0,2079.5,2080.0,7471
2026-03-02 07:40:00,2080.0,2083.300048828125,2080.0,2082.89990234375,12780
2026-03-02 07:45:00,2082.89990234375,2084.0,2080.800048828125,2082.199951171875,8718
2026-03-02 07:50:00,2082.199951171875,2085.89990234375,2080.10009765625,2084.39990234375,12157
2026-03-02 07:55:00,2083.800048828125,2085.0,2082.60009765625,2083.0,7562
2026-03-02 08:00:00,2083.0,2086.60009765625,2082.699951171875,2085.199951171875,10712
2026-03-02 08:05:00,2085.89990234375,2086.60009765625,2082.699951171875,2083.0,8016
2026-03-02 08:10:00,2083.800048828125,2085.89990234375,2081.39990234375,2084.800048828125,27053
2026-03-02 08:15:00,2085.0,2085.5,2079.199951171875,2080.5,11874
2026-03-02 08:20:00,2080.199951171875,2080.800048828125,2075.199951171875,2077.89990234375,32373
2026-03-02 08:25:00,2077.10009765625,2079.5,2073.699951171875,2077.699951171875,52855
2026-03-02 08:30:00,2078.60009765625,2095.39990234375,2076.5,2090.89990234375,42703
2026-03-02 08:35:00,2090.699951171875,2099.699951171875,2090.699951171875,2097.89990234375,34265
2026-03-02 08:40:00,2097.89990234375,2107.699951171875,2096.0,2107.0,22473
2026-03-02 08:45:00,2107.699951171875,2109.5,2102.60009765625,2106.0,20057
2026-03-02 08:50:00,2106.199951171875,2109.0,2102.39990234375,2104.0,22527
2026-03-02 08:55:00,2104.0,2105.0,2098.0,2098.199951171875,18832
2026-03-02 09:00:00,2098.39990234375,2108.0,2095.0,2108.0,18872
2026-03-02 09:05:00,2108.199951171875,2119.5,2108.199951171875,2118.199951171875,50179
2026-03-02 09:10:00,2118.199951171875,2121.10009765625,2116.89990234375,2119.60009765625,30806
2026-03-02 09:15:00,2119.60009765625,2122.199951171875,2115.5,2118.60009765625,17304
2026-03-02 09:20:00,2118.699951171875,2119.0,2114.89990234375,2118.0,13085
2026-03-02 09:25:00,2118.0,2119.0,2111.10009765625,2111.199951171875,25992
2026-03-02 09:30:00,2110.60009765625,2125.800048828125,2110.60009765625,2123.89990234375,41073
2026-03-02 09:35:00,2124.10009765625,2129.60009765625,2121.10009765625,2126.800048828125,48255
2026-03-02 09:40:00,2127.10009765625,2128.89990234375,2124.800048828125,2127.5,40611
2026-03-02 09:45:00,2127.5,2127.5,2123.199951171875,2125.89990234375,24358
2026-03-02 09:50:00,2125.89990234375,2128.0,2123.699951171875,2124.89990234375,32235
2026-03-02 09:55:00,2125.0,2127.300048828125,2123.5,2124.60009765625,38870
2026-03-04 03:45:00,2076.699951171875,2076.699951171875,2053.199951171875,2060.300048828125,0
2026-03-04 03:50:00,2061.39990234375,2061.39990234375,2045.800048828125,2046.5,49552
2026-03-04 03:55:00,2046.699951171875,2051.5,2042.9000244140625,2046.4000244140625,90799
2026-03-04 04:00:00,2046.0,2049.0,2038.9000244140625,2041.0,45755
2026-03-04 04:05:00,2041.0,2048.699951171875,2038.0,2039.5999755859375,39336
2026-03-04 04:10:00,2039.699951171875,2048.89990234375,2038.0999755859375,2045.9000244140625,38777
2026-03-04 04:15:00,2045.9000244140625,2053.699951171875,2044.0,2050.89990234375,65707
2026-03-04 04:20:00,2050.5,2057.0,2047.5999755859375,2055.0,57512
2026-03-04 04:25:00,2055.0,2055.699951171875,2049.89990234375,2050.60009765625,44335
2026-03-04 04:30:00,2050.5,2056.39990234375,2049.10009765625,2056.0,34991
2026-03-04 04:35:00,2055.800048828125,2063.800048828125,2055.10009765625,2063.0,18278
2026-03-04 04:40:00,2063.0,2074.300048828125,2058.0,2074.300048828125,29633
2026-03-04 04:45:00,2075.10009765625,2076.0,2064.10009765625,2065.0,26403
2026-03-04 04:50:00,2065.0,2068.0,2061.39990234375,2063.0,33005
2026-03-04 04:55:00,2063.300048828125,2067.89990234375,2060.39990234375,2064.699951171875,18426
2026-03-04 05:00:00,2065.0,2065.300048828125,2061.10009765625,2062.89990234375,6574
2026-03-04 05:05:00,2062.39990234375,2064.89990234375,2058.60009765625,2061.89990234375,9361
2026-03-04 05:10:00,2061.800048828125,2062.199951171875,2058.800048828125,2061.199951171875,6609
2026-03-04 05:15:00,2061.199951171875,2068.0,2061.199951171875,2063.89990234375,10587
2026-03-04 05:20:00,2063.0,2063.39990234375,2060.10009765625,2062.89990234375,6649
2026-03-04 05:25:00,2062.10009765625,2063.39990234375,2060.199951171875,2062.800048828125,7635
2026-03-04 05:30:00,2062.699951171875,2067.60009765625,2061.39990234375,2067.0,10403
2026-03-04 05:35:00,2067.0,2075.60009765625,2066.199951171875,2074.199951171875,19840
2026-03-04 05:40:00,2073.60009765625,2074.89990234375,2066.800048828125,2067.10009765625,9272
2026-03-04 05:45:00,2067.0,2068.60009765625,2063.89990234375,2065.5,8498
2026-03-04 05:50:00,2065.60009765625,2067.60009765625,2063.0,2065.300048828125,6568
2026-03-04 05:55:00,2065.300048828125,2065.300048828125,2061.300048828125,2061.5,7039
2026-03-04 06:00:00,2061.5,2063.39990234375,2061.0,2061.60009765625,7649
2026-03-04 06:05:00,2062.10009765625,2065.0,2062.0,2063.5,9042
2026-03-04 06:10:00,2063.5,2065.0,2060.60009765625,2061.39990234375,38378
2026-03-04 06:15:00,2061.39990234375,2061.800048828125,2059.0,2059.10009765625,36982
2026-03-04 06:20:00,2059.699951171875,2066.89990234375,2059.10009765625,2061.60009765625,20799
2026-03-04 06:25:00,2062.199951171875,2064.60009765625,2061.60009765625,2064.39990234375,4204
2026-03-04 06:30:00,2064.800048828125,2067.5,2063.199951171875,2065.10009765625,4976
2026-03-04 06:35:00,2065.199951171875,2067.300048828125,2064.39990234375,2067.0,6948
2026-03-04 06:40:00,2066.800048828125,2069.0,2065.5,2066.300048828125,3945
2026-03-04 06:45:00,2066.0,2066.699951171875,2060.10009765625,2065.199951171875,37683
2026-03-04 06:50:00,2064.199951171875,2066.89990234375,2064.199951171875,2065.39990234375,12270
2026-03-04 06:55:00,2065.0,2066.89990234375,2064.5,2065.39990234375,5698
2026-03-04 07:00:00,2065.5,2065.89990234375,2064.699951171875,2065.10009765625,12267
2026-03-04 07:05:00,2065.10009765625,2069.0,2065.0,2066.10009765625,6692
2026-03-04 07:10:00,2066.0,2070.89990234375,2065.0,2070.0,10598
2026-03-04 07:15:00,2070.60009765625,2075.89990234375,2070.0,2071.89990234375,17841
2026-03-04 07:20:00,2071.89990234375,2074.699951171875,2071.0,2074.199951171875,3774
2026-03-04 07:25:00,2074.0,2077.39990234375,2073.199951171875,2076.0,11443
2026-03-04 07:30:00,2076.0,2076.800048828125,2075.199951171875,2075.60009765625,7565
2026-03-04 07:35:00,2076.5,2078.699951171875,2073.10009765625,2078.699951171875,8151
2026-03-04 07:40:00,2078.39990234375,2081.0,2076.39990234375,2081.0,20613
2026-03-04 07:45:00,2081.0,2082.300048828125,2076.60009765625,2079.800048828125,6990
2026-03-04 07:50:00,2079.89990234375,2079.89990234375,2075.0,2078.89990234375,5834
2026-03-04 07:55:00,2078.800048828125,2079.0,2075.60009765625,2075.60009765625,8771
2026-03-04 08:00:00,2075.89990234375,2077.39990234375,2073.199951171875,2075.0,5246
2026-03-04 08:05:00,2073.89990234375,2076.39990234375,2072.300048828125,2075.699951171875,9216
2026-03-04 08:10:00,2075.0,2076.10009765625,2072.199951171875,2075.699951171875,6731
2026-03-04 08:15:00,2075.699951171875,2076.0,2072.199951171875,2072.199951171875,4809
2026-03-04 08:20:00,2072.199951171875,2073.5,2069.89990234375,2070.5,8173
2026-03-04 08:25:00,2070.0,2072.10009765625,2068.5,2071.60009765625,10171
2026-03-04 08:30:00,2072.0,2075.0,2071.800048828125,2073.699951171875,4978
2026-03-04 08:35:00,2073.699951171875,2078.39990234375,2073.0,2078.39990234375,8054
2026-03-04 08:40:00,2078.39990234375,2086.199951171875,2076.800048828125,2084.699951171875,19909
2026-03-04 08:45:00,2084.800048828125,2088.0,2081.39990234375,2086.5,12735
2026-03-04 08:50:00,2086.699951171875,2086.699951171875,2081.699951171875,2082.0,8209
2026-03-04 08:55:00,2082.39990234375,2083.0,2076.5,2076.5,7644
2026-03-04 09:00:00,2077.199951171875,2081.199951171875,2076.300048828125,2076.800048828125,20903
2026-03-04 09:05:00,2076.60009765625,2080.0,2076.10009765625,2079.699951171875,21263
2026-03-04 09:10:00,2079.699951171875,2082.5,2079.199951171875,2081.800048828125,9989
2026-03-04 09:15:00,2081.89990234375,2082.0,2076.5,2079.89990234375,9808
2026-03-04 09:20:00,2080.39990234375,2084.0,2078.5,2082.199951171875,20855
2026-03-04 09:25:00,2082.199951171875,2084.300048828125,2079.800048828125,2082.60009765625,21211
2026-03-04 09:30:00,2082.699951171875,2082.89990234375,2076.10009765625,2077.89990234375,41384
2026-03-04 09:35:00,2077.89990234375,2079.300048828125,2076.10009765625,2076.699951171875,28831
2026-03-04 09:40:00,2076.60009765625,2077.60009765625,2073.5,2074.60009765625,67285
2026-03-04 09:45:00,2074.800048828125,2077.0,2073.300048828125,2076.39990234375,31548
2026-03-04 09:50:00,2077.10009765625,2079.300048828125,2074.39990234375,2074.699951171875,53990
2026-03-04 09:55:00,2074.699951171875,2076.5,2070.0,2076.5,33779
2026-03-05 03:45:00,2094.0,2095.199951171875,2082.5,2083.699951171875,0
2026-03-05 03:50:00,2083.89990234375,2090.699951171875,2083.60009765625,2087.5,23894
2026-03-05 03:55:00,2088.0,2088.0,2080.699951171875,2082.60009765625,16656
2026-03-05 04:00:00,2083.0,2084.60009765625,2072.39990234375,2073.0,33307
2026-03-05 04:05:00,2073.0,2073.199951171875,2060.10009765625,2061.0,32306
2026-03-05 04:10:00,2061.0,2062.39990234375,2056.39990234375,2062.300048828125,20691
2026-03-05 04:15:00,2061.39990234375,2063.39990234375,2057.89990234375,2057.89990234375,24092
2026-03-05 04:20:00,2058.0,2066.0,2057.0,2064.60009765625,19647
2026-03-05 04:25:00,2065.699951171875,2065.800048828125,2057.5,2059.0,20470
2026-03-05 04:30:00,2058.89990234375,2063.0,2058.10009765625,2059.39990234375,9090
2026-03-05 04:35:00,2059.39990234375,2065.800048828125,2057.800048828125,2059.0,15770
2026-03-05 04:40:00,2059.0,2059.60009765625,2052.0,2052.10009765625,24740
2026-03-05 04:45:00,2052.10009765625,2055.39990234375,2051.199951171875,2052.89990234375,14428
2026-03-05 04:50:00,2053.5,2054.0,2050.0,2051.300048828125,18739
2026-03-05 04:55:00,2051.10009765625,2052.5,2048.199951171875,2051.60009765625,13175
2026-03-05 05:00:00,2051.60009765625,2051.699951171875,2048.0,2049.10009765625,8719
2026-03-05 05:05:00,2049.800048828125,2059.0,2049.60009765625,2059.0,12079
2026-03-05 05:10:00,2059.0,2060.5,2056.300048828125,2058.89990234375,27314
2026-03-05 05:15:00,2059.89990234375,2065.0,2058.800048828125,2061.199951171875,11095
2026-03-05 05:20:00,2060.10009765625,2061.60009765625,2057.0,2058.800048828125,7102
2026-03-05 05:25:00,2058.800048828125,2064.0,2058.60009765625,2062.89990234375,10885
2026-03-05 05:30:00,2062.89990234375,2063.0,2052.0,2054.0,12325
2026-03-05 05:35:00,2054.800048828125,2056.300048828125,2052.89990234375,2055.0,7110
2026-03-05 05:40:00,2055.0,2056.0,2053.199951171875,2053.199951171875,5822
2026-03-05 05:45:00,2052.89990234375,2055.89990234375,2052.0,2053.60009765625,7835
2026-03-05 05:50:00,2053.60009765625,2053.60009765625,2050.0,2052.0,8972
2026-03-05 05:55:00,2052.0,2052.5,2045.0999755859375,2046.4000244140625,20797
2026-03-05 06:00:00,2046.4000244140625,2050.0,2045.9000244140625,2048.5,15956
2026-03-05 06:05:00,2048.0,2048.10009765625,2043.0,2046.9000244140625,23845
2026-03-05 06:10:00,2046.699951171875,2050.0,2044.9000244140625,2046.9000244140625,4632
2026-03-05 06:15:00,2046.9000244140625,2047.5,2042.0,2042.199951171875,8770
2026-03-05 06:20:00,2042.5,2046.199951171875,2041.0999755859375,2046.199951171875,9063
2026-03-05 06:25:00,2044.9000244140625,2045.4000244140625,2041.0,2042.0999755859375,7194
2026-03-05 06:30:00,2042.0,2044.800048828125,2041.9000244140625,2043.9000244140625,4948
2026-03-05 06:35:00,2043.5,2046.199951171875,2043.0,2045.0999755859375,6311
2026-03-05 06:40:00,2045.0999755859375,2049.0,2045.0999755859375,2049.0,5951
2026-03-05 06:45:00,2048.60009765625,2049.0,2046.800048828125,2048.0,4874
2026-03-05 06:50:00,2048.0,2050.0,2047.5,2047.699951171875,5908
2026-03-05 06:55:00,2047.4000244140625,2051.5,2046.300048828125,2050.0,12137
2026-03-05 07:00:00,2050.199951171875,2053.5,2050.0,2050.60009765625,10940
2026-03-05 07:05:00,2050.0,2052.199951171875,2050.0,2051.5,4185
2026-03-05 07:10:00,2051.5,2053.0,2049.199951171875,2051.5,5946
2026-03-05 07:15:00,2051.39990234375,2051.5,2045.0,2047.199951171875,6066
2026-03-05 07:20:00,2047.199951171875,2051.800048828125,2046.4000244140625,2051.800048828125,2820
2026-03-05 07:25:00,2050.5,2051.89990234375,2048.60009765625,2050.300048828125,4539
2026-03-05 07:30:00,2050.300048828125,2051.0,2045.9000244140625,2045.9000244140625,8845
2026-03-05 07:35:00,2046.199951171875,2047.5,2045.0,2046.9000244140625,5824
2026-03-05 07:40:00,2046.5,2047.5,2044.699951171875,2046.199951171875,5803
2026-03-05 07:45:00,2046.0999755859375,2046.9000244140625,2044.0,2044.5999755859375,4460
2026-03-05 07:50:00,2044.199951171875,2046.9000244140625,2042.800048828125,2046.300048828125,12542
2026-03-05 07:55:00,2045.699951171875,2047.4000244140625,2044.0,2047.4000244140625,3343
2026-03-05 08:00:00,2047.4000244140625,2052.60009765625,2047.4000244140625,2049.5,12773
2026-03-05 08:05:00,2049.60009765625,2049.60009765625,2045.800048828125,2046.5,2434
2026-03-05 08:10:00,2046.5,2048.0,2045.199951171875,2047.5,3329
2026-03-05 08:15:00,2047.5999755859375,2048.10009765625,2046.0999755859375,2046.5,2773
2026-03-05 08:20:00,2046.5,2047.199951171875,2041.0,2041.699951171875,18681
2026-03-05 08:25:00,2042.199951171875,2043.0,2040.199951171875,2040.4000244140625,10031
2026-03-05 08:30:00,2040.4000244140625,2045.5,2040.0999755859375,2044.9000244140625,8917
2026-03-05 08:35:00,2044.9000244140625,2047.800048828125,2042.0,2042.0,10027
2026-03-05 08:40:00,2042.199951171875,2045.0,2041.0,2043.199951171875,5736
2026-03-05 08:45:00,2043.800048828125,2045.9000244140625,2041.0,2041.5999755859375,8933
2026-03-05 08:50:00,2041.0,2048.199951171875,2040.0,2047.0,20512
2026-03-05 08:55:00,2047.0,2049.5,2047.0,2048.60009765625,8853
2026-03-05 09:00:00,2048.699951171875,2048.89990234375,2045.0,2046.0,6250
2026-03-05 09:05:00,2046.0,2060.5,2046.0,2058.89990234375,46318
2026-03-05 09:10:00,2059.10009765625,2073.0,2059.10009765625,2068.300048828125,67224
2026-03-05 09:15:00,2068.0,2075.0,2067.10009765625,2072.89990234375,29876
2026-03-05 09:20:00,2072.199951171875,2090.0,2072.10009765625,2089.300048828125,62194
2026-03-05 09:25:00,2088.39990234375,2099.39990234375,2088.0,2098.300048828125,66267
2026-03-05 09:30:00,2097.800048828125,2100.0,2090.199951171875,2093.5,48239
2026-03-05 09:35:00,2093.5,2095.60009765625,2090.5,2092.300048828125,22897
2026-03-05 09:40:00,2092.89990234375,2093.300048828125,2080.10009765625,2080.800048828125,34023
2026-03-05 09:45:00,2080.800048828125,2087.5,2080.60009765625,2085.199951171875,26134
2026-03-05 09:50:00,2085.39990234375,2086.800048828125,2084.0,2084.60009765625,19383
2026-03-05 09:55:00,2085.10009765625,2088.89990234375,2080.300048828125,2084.800048828125,25146
2026-03-06 03:45:00,2079.10009765625,2079.10009765625,2070.699951171875,2075.5,0
2026-03-06 03:50:00,2075.199951171875,2083.699951171875,2075.10009765625,2083.10009765625,15819
2026-03-06 03:55:00,2081.89990234375,2088.5,2080.0,2087.89990234375,22420
2026-03-06 04:00:00,2087.89990234375,2089.10009765625,2083.0,2083.699951171875,22987
2026-03-06 04:05:00,2084.89990234375,2085.0,2081.5,2082.699951171875,15084
2026-03-06 04:10:00,2082.699951171875,2085.0,2082.10009765625,2084.199951171875,7371
2026-03-06 04:15:00,2083.60009765625,2085.0,2081.0,2081.0,9697
2026-03-06 04:20:00,2081.300048828125,2081.89990234375,2080.10009765625,2081.10009765625,7548
2026-03-06 04:25:00,2080.300048828125,2081.39990234375,2076.39990234375,2077.39990234375,13554
2026-03-06 04:30:00,2076.800048828125,2079.10009765625,2075.0,2077.199951171875,8718
2026-03-06 04:35:00,2077.199951171875,2078.699951171875,2075.10009765625,2078.199951171875,5489
2026-03-06 04:40:00,2078.199951171875,2078.89990234375,2076.89990234375,2078.5,3630
2026-03-06 04:45:00,2078.0,2079.89990234375,2077.0,2077.800048828125,6540
2026-03-06 04:50:00,2077.10009765625,2085.0,2076.199951171875,2084.10009765625,7199
2026-03-06 04:55:00,2084.89990234375,2085.60009765625,2080.0,2080.0,16090
2026-03-06 05:00:00,2080.0,2080.199951171875,2076.199951171875,2077.0,6335
2026-03-06 05:05:00,2076.300048828125,2078.800048828125,2075.199951171875,2076.60009765625,7634
2026-03-06 05:10:00,2076.699951171875,2077.800048828125,2072.0,2072.0,12594
2026-03-06 05:15:00,2072.0,2072.5,2063.39990234375,2064.10009765625,33104
2026-03-06 05:20:00,2064.10009765625,2067.800048828125,2063.0,2064.89990234375,15965
2026-03-06 05:25:00,2064.0,2064.89990234375,2062.0,2062.0,9858
2026-03-06 05:30:00,2062.300048828125,2067.0,2062.0,2064.89990234375,9251
2026-03-06 05:35:00,2064.89990234375,2069.0,2064.199951171875,2066.300048828125,23144
2026-03-06 05:40:00,2065.89990234375,2066.10009765625,2062.300048828125,2062.89990234375,5129
2026-03-06 05:45:00,2062.89990234375,2063.0,2061.0,2061.800048828125,6434
2026-03-06 05:50:00,2061.800048828125,2064.300048828125,2061.10009765625,2061.60009765625,17234
2026-03-06 05:55:00,2061.89990234375,2067.199951171875,2061.10009765625,2065.5,12261
2026-03-06 06:00:00,2065.39990234375,2068.699951171875,2065.199951171875,2067.10009765625,5496
2026-03-06 06:05:00,2067.10009765625,2068.0,2066.199951171875,2067.89990234375,2500
2026-03-06 06:10:00,2067.89990234375,2070.0,2064.89990234375,2064.89990234375,6291
2026-03-06 06:15:00,2064.0,2069.0,2064.0,2069.0,4160
2026-03-06 06:20:00,2068.5,2070.5,2066.0,2067.39990234375,5476
2026-03-06 06:25:00,2067.60009765625,2069.0,2066.60009765625,2068.10009765625,2641
2026-03-06 06:30:00,2068.10009765625,2068.5,2066.0,2066.5,4096
2026-03-06 06:35:00,2066.5,2068.699951171875,2066.0,2068.699951171875,1881
2026-03-06 06:40:00,2068.699951171875,2069.800048828125,2067.0,2067.699951171875,4018
2026-03-06 06:45:00,2067.300048828125,2069.699951171875,2067.10009765625,2069.39990234375,3090
2026-03-06 06:50:00,2069.39990234375,2070.10009765625,2066.89990234375,2069.89990234375,10486
2026-03-06 06:55:00,2070.199951171875,2070.800048828125,2067.5,2068.699951171875,2103
2026-03-06 07:00:00,2068.699951171875,2070.0,2067.0,2067.60009765625,1818
2026-03-06 07:05:00,2067.0,2067.60009765625,2065.0,2066.60009765625,3512
2026-03-06 07:10:00,2066.60009765625,2068.0,2065.300048828125,2067.699951171875,2620
2026-03-06 07:15:00,2068.199951171875,2069.0,2066.10009765625,2066.699951171875,2674
2026-03-06 07:20:00,2067.199951171875,2068.89990234375,2067.199951171875,2068.39990234375,1568
2026-03-06 07:25:00,2068.39990234375,2070.300048828125,2067.5,2070.0,3408
2026-03-06 07:30:00,2070.199951171875,2071.800048828125,2065.699951171875,2067.199951171875,9201
2026-03-06 07:35:00,2067.699951171875,2068.5,2065.300048828125,2066.60009765625,6442
2026-03-06 07:40:00,2066.60009765625,2069.300048828125,2064.699951171875,2069.300048828125,10677
2026-03-06 07:45:00,2069.300048828125,2069.800048828125,2062.300048828125,2064.60009765625,302956
2026-03-06 07:50:00,2064.699951171875,2065.10009765625,2058.39990234375,2059.10009765625,55196
2026-03-06 07:55:00,2059.89990234375,2059.89990234375,2057.199951171875,2059.60009765625,5287
2026-03-06 08:00:00,2059.0,2064.5,2058.0,2062.89990234375,8931
2026-03-06 08:05:00,2062.699951171875,2066.5,2061.39990234375,2064.800048828125,11540
2026-03-06 08:10:00,2064.5,2065.60009765625,2063.300048828125,2064.89990234375,3751
2026-03-06 08:15:00,2063.5,2064.39990234375,2061.300048828125,2063.0,3841
2026-03-06 08:20:00,2063.60009765625,2065.0,2063.10009765625,2063.800048828125,1563
2026-03-06 08:25:00,2063.800048828125,2063.800048828125,2060.699951171875,2061.5,8287
2026-03-06 08:30:00,2061.5,2061.5,2059.0,2060.0,9842
2026-03-06 08:35:00,2060.0,2060.0,2056.199951171875,2058.89990234375,11357
2026-03-06 08:40:00,2058.10009765625,2061.0,2058.10009765625,2059.199951171875,6183
2026-03-06 08:45:00,2059.39990234375,2061.89990234375,2057.60009765625,2060.0,131686
2026-03-06 08:50:00,2060.0,2061.0,2058.300048828125,2059.300048828125,81149
2026-03-06 08:55:00,2059.300048828125,2060.39990234375,2058.199951171875,2059.60009765625,15652
2026-03-06 09:00:00,2059.5,2059.699951171875,2058.300048828125,2059.199951171875,13952
2026-03-06 09:05:00,2059.300048828125,2063.10009765625,2058.5,2060.0,15397
2026-03-06 09:10:00,2060.300048828125,2060.300048828125,2055.199951171875,2057.699951171875,71642
2026-03-06 09:15:00,2057.699951171875,2058.300048828125,2047.5999755859375,2053.10009765625,54613
2026-03-06 09:20:00,2053.10009765625,2055.89990234375,2051.199951171875,2052.800048828125,10031
2026-03-06 09:25:00,2051.5,2052.60009765625,2045.5999755859375,2046.199951171875,41089
2026-03-06 09:30:00,2046.800048828125,2047.0,2040.0,2041.800048828125,123106
2026-03-06 09:35:00,2041.300048828125,2041.4000244140625,2036.199951171875,2037.5,80886
2026-03-06 09:40:00,2036.9000244140625,2041.0,2034.199951171875,2040.199951171875,45818
2026-03-06 09:45:00,2040.300048828125,2040.300048828125,2035.800048828125,2037.9000244140625,26098
2026-03-06 09:50:00,2038.0,2039.699951171875,2033.199951171875,2038.300048828125,46159
2026-03-06 09:55:00,2038.300048828125,2043.800048828125,2037.0,2039.9000244140625,59146
2026-03-09 03:45:00,1973.5999755859375,1991.5,1954.199951171875,1962.9000244140625,0
2026-03-09 03:50:00,1961.0999755859375,1967.199951171875,1952.0,1956.4000244140625,46126
2026-03-09 03:55:00,1955.9000244140625,1957.300048828125,1945.4000244140625,1947.5999755859375,69734
2026-03-09 04:00:00,1947.699951171875,1951.9000244140625,1945.0,1946.199951171875,66665
2026-03-09 04:05:00,1946.199951171875,1963.0,1942.699951171875,1960.199951171875,66277
2026-03-09 04:10:00,1959.0,1959.699951171875,1946.5999755859375,1950.4000244140625,42145
2026-03-09 04:15:00,1950.5999755859375,1967.9000244140625,1947.0999755859375,1967.5,48382
2026-03-09 04:20:00,1966.0999755859375,1966.0999755859375,1958.0,1965.9000244140625,27956
2026-03-09 04:25:00,1964.699951171875,1972.0,1963.5,1971.5,25452
2026-03-09 04:30:00,1971.5,1975.9000244140625,1966.0,1969.699951171875,24992
2026-03-09 04:35:00,1968.699951171875,1973.0,1967.4000244140625,1971.0999755859375,13330
2026-03-09 04:40:00,1971.9000244140625,1979.0,1970.5999755859375,1973.5,21583
2026-03-09 04:45:00,1973.4000244140625,1973.4000244140625,1960.0,1964.199951171875,25383
2026-03-09 04:50:00,1964.199951171875,1964.199951171875,1956.699951171875,1962.9000244140625,32002
2026-03-09 04:55:00,1962.9000244140625,1971.0,1961.800048828125,1969.199951171875,15017
2026-03-09 05:00:00,1969.0999755859375,1969.5999755859375,1963.0999755859375,1966.9000244140625,11770
2026-03-09 05:05:00,1966.4000244140625,1966.800048828125,1961.4000244140625,1963.0,18404
2026-03-09 05:10:00,1963.9000244140625,1966.0,1962.0,1964.9000244140625,4030
2026-03-09 05:15:00,1964.9000244140625,1964.9000244140625,1959.4000244140625,1962.0,15961
2026-03-09 05:20:00,1961.800048828125,1980.300048828125,1960.5,1976.0,24979
2026-03-09 05:25:00,1976.0,1985.0,1976.0,1980.9000244140625,22538
2026-03-09 05:30:00,1981.0,1982.0,1978.0,1981.0999755859375,9046
2026-03-09 05:35:00,1980.199951171875,1981.0999755859375,1974.199951171875,1974.800048828125,9810
2026-03-09 05:40:00,1975.5,1977.0,1970.800048828125,1975.800048828125,7295
2026-03-09 05:45:00,1975.5,1979.0,1972.5,1978.5,5468
2026-03-09 05:50:00,1978.5999755859375,1984.0,1977.0999755859375,1980.800048828125,9429
2026-03-09 05:55:00,1981.699951171875,1989.9000244140625,1980.0999755859375,1988.0,10731
2026-03-09 06:00:00,1988.0,1992.300048828125,1986.0,1988.699951171875,17729
2026-03-09 06:05:00,1987.800048828125,1989.5,1987.300048828125,1988.9000244140625,7411
2026-03-09 06:10:00,1988.800048828125,1991.9000244140625,1986.9000244140625,1987.800048828125,11510
2026-03-09 06:15:00,1987.800048828125,1988.0999755859375,1982.0,1982.0,8798
2026-03-09 06:20:00,1983.0,1984.9000244140625,1981.800048828125,1983.699951171875,4692
2026-03-09 06:25:00,1983.0999755859375,1983.800048828125,1980.0999755859375,1981.800048828125,5011
2026-03-09 06:30:00,1981.699951171875,1982.0,1978.0999755859375,1981.5999755859375,6694
2026-03-09 06:35:00,1981.699951171875,1981.9000244140625,1976.800048828125,1978.300048828125,4867
2026-03-09 06:40:00,1977.699951171875,1980.5,1976.300048828125,1980.0,5335
2026-03-09 06:45:00,1979.199951171875,1980.0,1978.0,1979.0,3716
2026-03-09 06:50:00,1979.0,1983.5999755859375,1975.0999755859375,1983.5999755859375,6435
2026-03-09 06:55:00,1982.9000244140625,1984.0,1981.300048828125,1983.5,4828
2026-03-09 07:00:00,1983.5999755859375,1985.0,1981.0999755859375,1982.5999755859375,2540
2026-03-09 07:05:00,1980.5999755859375,1985.800048828125,1979.699951171875,1985.4000244140625,5019
2026-03-09 07:10:00,1985.0,1987.9000244140625,1985.0,1986.5,5977
2026-03-09 07:15:00,1986.5,1988.5,1980.0999755859375,1980.0999755859375,2708
2026-03-09 07:20:00,1980.4000244140625,1983.4000244140625,1978.0999755859375,1983.0999755859375,20543
2026-03-09 07:25:00,1983.699951171875,1986.800048828125,1981.9000244140625,1985.199951171875,2672
2026-03-09 07:30:00,1985.199951171875,1985.199951171875,1981.199951171875,1982.5999755859375,4240
2026-03-09 07:35:00,1983.0,1984.0,1982.199951171875,1983.5,2093
2026-03-09 07:40:00,1983.5999755859375,1983.699951171875,1978.0,1979.0999755859375,3432
2026-03-09 07:45:00,1978.0,1981.699951171875,1977.800048828125,1980.199951171875,3863
2026-03-09 07:50:00,1980.199951171875,1982.0,1978.0,1978.0999755859375,2605
2026-03-09 07:55:00,1978.4000244140625,1983.199951171875,1977.0,1980.9000244140625,3821
2026-03-09 08:00:00,1980.0999755859375,1988.0,1980.0,1985.699951171875,16453
2026-03-09 08:05:00,1984.0,1987.699951171875,1981.9000244140625,1987.5999755859375,6726
2026-03-09 08:10:00,1987.0,1989.4000244140625,1986.199951171875,1988.699951171875,4664
2026-03-09 08:15:00,1988.5999755859375,1988.9000244140625,1983.0,1983.9000244140625,5854
2026-03-09 08:20:00,1983.0,1985.199951171875,1978.9000244140625,1980.9000244140625,9486
2026-03-09 08:25:00,1981.5,1982.0,1978.0,1978.0,3887
2026-03-09 08:30:00,1978.699951171875,1980.300048828125,1976.0,1980.0,11207
2026-03-09 08:35:00,1980.0,1981.5999755859375,1977.4000244140625,1980.0999755859375,4979
2026-03-09 08:40:00,1980.699951171875,1981.0,1976.800048828125,1977.699951171875,4923
2026-03-09 08:45:00,1978.699951171875,1978.699951171875,1973.0999755859375,1975.300048828125,10396
2026-03-09 08:50:00,1975.300048828125,1980.9000244140625,1973.0,1979.300048828125,5257
2026-03-09 08:55:00,1980.699951171875,1982.0,1978.0,1980.300048828125,3977
2026-03-09 09:00:00,1981.5,1983.5,1979.0,1980.0,4107
2026-03-09 09:05:00,1980.199951171875,1982.0,1979.300048828125,1981.0999755859375,3589
2026-03-09 09:10:00,1980.5,1986.4000244140625,1979.699951171875,1984.300048828125,9111
2026-03-09 09:15:00,1985.5,1992.9000244140625,1984.0,1986.0,32504
2026-03-09 09:20:00,1986.0999755859375,1988.0,1981.0,1985.300048828125,19958
2026-03-09 09:25:00,1986.9000244140625,1988.699951171875,1983.699951171875,1986.0,11006
2026-03-09 09:30:00,1986.300048828125,1999.800048828125,1983.4000244140625,1999.0999755859375,26940
2026-03-09 09:35:00,1998.5999755859375,2003.800048828125,1995.0,1999.5999755859375,36292
2026-03-09 09:40:00,1999.199951171875,2005.199951171875,1997.800048828125,2002.699951171875,27045
2026-03-09 09:45:00,2001.9000244140625,2005.0,2000.199951171875,2000.699951171875,16880
2026-03-09 09:50:00,2002.199951171875,2002.199951171875,1997.0,2000.0,30438
2026-03-09 09:55:00,2000.0,2003.5,1999.0,2003.0,35991
2026-03-10 03:45:00,2026.5,2029.5999755859375,2014.199951171875,2014.300048828125,0
2026-03-10 03:50:00,2015.800048828125,2021.4000244140625,2013.0,2013.0,30566
2026-03-10 03:55:00,2013.5999755859375,2014.0,2009.0999755859375,2011.0,25090
2026-03-10 04:00:00,2011.0,2012.0999755859375,2002.0,2005.5999755859375,28940
2026-03-10 04:05:00,2005.699951171875,2005.800048828125,1990.0,1990.5999755859375,45804
2026-03-10 04:10:00,1990.0,1997.5,1987.0999755859375,1997.199951171875,34154
2026-03-10 04:15:00,1996.9000244140625,1997.5,1991.0,1994.9000244140625,28791
2026-03-10 04:20:00,1994.5,1996.800048828125,1990.0,1992.5,13041
2026-03-10 04:25:00,1992.699951171875,1992.699951171875,1987.0,1988.699951171875,26018
2026-03-10 04:30:00,1988.0,1993.199951171875,1987.0,1989.5999755859375,11138
2026-03-10 04:35:00,1989.5999755859375,1992.0,1989.0999755859375,1989.0999755859375,12105
2026-03-10 04:40:00,1989.4000244140625,1991.800048828125,1985.5999755859375,1989.9000244140625,13472
2026-03-10 04:45:00,1990.0,1998.699951171875,1988.9000244140625,1998.0,18150
2026-03-10 04:50:00,1997.9000244140625,1998.5,1989.300048828125,1991.300048828125,18977
2026-03-10 04:55:00,1991.699951171875,1992.5,1990.0,1992.0,9373
2026-03-10 05:00:00,1991.0999755859375,1992.5,1990.300048828125,1992.5,48540
2026-03-10 05:05:00,1992.5,1997.4000244140625,1991.699951171875,1995.5999755859375,13153
2026-03-10 05:10:00,1996.0,1997.699951171875,1994.5,1994.800048828125,14326
2026-03-10 05:15:00,1996.0,1997.0,1994.0,1997.0,20651
2026-03-10 05:20:00,1996.9000244140625,1997.0,1992.0999755859375,1995.0,13535
2026-03-10 05:25:00,1995.0999755859375,1995.300048828125,1990.199951171875,1992.0999755859375,5034
2026-03-10 05:30:00,1992.9000244140625,1995.5,1992.0,1995.0999755859375,9149
2026-03-10 05:35:00,1995.0,1996.800048828125,1994.0,1996.5,2959
2026-03-10 05:40:00,1996.800048828125,1997.0,1993.0999755859375,1995.0,9506
2026-03-10 05:45:00,1995.0,1997.300048828125,1993.800048828125,1994.5999755859375,4738
2026-03-10 05:50:00,1994.0999755859375,1996.699951171875,1994.0999755859375,1995.5999755859375,2332
2026-03-10 05:55:00,1995.5999755859375,1996.0,1992.5999755859375,1993.4000244140625,4029
2026-03-10 06:00:00,1993.4000244140625,1996.0,1992.199951171875,1994.9000244140625,5730
2026-03-10 06:05:00,1995.0,1997.0,1995.0,1997.0,8608
2026-03-10 06:10:00,1997.0,1997.5,1996.699951171875,1997.199951171875,6959
2026-03-10 06:15:00,1996.9000244140625,1996.9000244140625,1988.0999755859375,1989.4000244140625,21472
2026-03-10 06:20:00,1989.300048828125,1991.800048828125,1986.800048828125,1990.4000244140625,14158
2026-03-10 06:25:00,1991.0999755859375,1992.5,1988.199951171875,1991.0,7900
2026-03-10 06:30:00,1991.0,1992.5,1989.800048828125,1992.4000244140625,3492
2026-03-10 06:35:00,1992.4000244140625,1992.5,1990.5,1991.0,3071
2026-03-10 06:40:00,1990.5,1991.699951171875,1989.0,1989.0,4191
2026-03-10 06:45:00,1989.4000244140625,1989.4000244140625,1985.0999755859375,1988.0999755859375,16158
2026-03-10 06:50:00,1988.199951171875,1988.9000244140625,1983.0,1986.0,20876
2026-03-10 06:55:00,1986.0,1989.0999755859375,1985.9000244140625,1987.800048828125,3217
2026-03-10 07:00:00,1987.9000244140625,1988.0,1984.0,1984.0,10860
2026-03-10 07:05:00,1984.199951171875,1987.4000244140625,1983.0,1986.800048828125,6646
2026-03-10 07:10:00,1986.800048828125,1989.5,1986.800048828125,1987.0999755859375,6675
2026-03-10 07:15:00,1987.800048828125,1991.0,1987.800048828125,1991.0,7150
2026-03-10 07:20:00,1991.0,1992.5,1989.199951171875,1992.5,11621
2026-03-10 07:25:00,1992.5,1992.9000244140625,1990.0999755859375,1992.0,6292
2026-03-10 07:30:00,1992.0,1992.800048828125,1991.0,1992.5,6852
2026-03-10 07:35:00,1992.5,1992.5999755859375,1990.199951171875,1992.5,5483
2026-03-10 07:40:00,1992.5,1992.5999755859375,1990.800048828125,1992.5,7711
2026-03-10 07:45:00,1992.5,1992.5,1990.4000244140625,1992.5,9857
2026-03-10 07:50:00,1992.5,1992.5999755859375,1989.5999755859375,1991.5,6031
2026-03-10 07:55:00,1991.5,1991.800048828125,1988.5,1990.800048828125,5336
2026-03-10 08:00:00,1990.800048828125,1992.9000244140625,1990.0,1992.5,6341
2026-03-10 08:05:00,1992.5,1992.5999755859375,1990.0999755859375,1992.4000244140625,46987
2026-03-10 08:10:00,1992.5,1997.0,1992.0999755859375,1995.5,32062
2026-03-10 08:15:00,1996.4000244140625,1997.0999755859375,1994.0,1996.9000244140625,18674
2026-03-10 08:20:00,1997.0,1997.699951171875,1995.0,1995.800048828125,92536
2026-03-10 08:25:00,1996.0999755859375,1996.0999755859375,1993.5999755859375,1995.0,8648
2026-03-10 08:30:00,1995.0999755859375,1995.0999755859375,1991.0999755859375,1994.699951171875,12971
2026-03-10 08:35:00,1994.5,1997.199951171875,1992.199951171875,1996.4000244140625,18303
2026-03-10 08:40:00,1996.9000244140625,2000.800048828125,1994.0,2000.0999755859375,61543
2026-03-10 08:45:00,2001.0,2003.5999755859375,1999.0,2001.4000244140625,25238
2026-03-10 08:50:00,2001.4000244140625,2003.0,1998.4000244140625,2003.0,11585
2026-03-10 08:55:00,2003.0,2003.699951171875,1997.0999755859375,2000.699951171875,10649
2026-03-10 09:00:00,2000.5999755859375,2001.300048828125,1995.800048828125,1997.199951171875,13204
2026-03-10 09:05:00,1996.4000244140625,2001.9000244140625,1995.800048828125,2000.0999755859375,19501
2026-03-10 09:10:00,1999.5999755859375,2001.199951171875,1996.5999755859375,2000.0,18015
2026-03-10 09:15:00,2000.0,2000.0,1989.4000244140625,1996.800048828125,50210
2026-03-10 09:20:00,1997.0,1997.5,1993.0999755859375,1997.0,32007
2026-03-10 09:25:00,1997.0,1997.0999755859375,1994.0999755859375,1996.800048828125,45580
2026-03-10 09:30:00,1997.0,1997.0,1991.300048828125,1996.4000244140625,115380
2026-03-10 09:35:00,1996.4000244140625,1997.5,1993.199951171875,1997.0,69218
2026-03-10 09:40:00,1997.0,1997.0,1995.0,1996.5,43674
2026-03-10 09:45:00,1996.5,1997.4000244140625,1994.5,1996.9000244140625,62478
2026-03-10 09:50:00,1996.800048828125,1997.0999755859375,1995.0,1997.0,71899
2026-03-10 09:55:00,1997.0,2004.199951171875,1996.4000244140625,2001.0,52441
2026-03-11 03:45:00,2007.199951171875,2015.0,2003.0999755859375,2015.0,0
2026-03-11 03:50:00,2013.5999755859375,2025.5999755859375,2013.5999755859375,2016.800048828125,52800
2026-03-11 03:55:00,2017.0,2020.0,2015.0,2018.199951171875,31054
2026-03-11 04:00:00,2018.199951171875,2026.0999755859375,2017.5,2022.0,99118
2026-03-11 04:05:00,2022.0,2024.199951171875,2012.199951171875,2013.0,23928
2026-03-11 04:10:00,2013.0,2019.300048828125,2012.0,2017.699951171875,8526
2026-03-11 04:15:00,2017.5999755859375,2018.199951171875,2012.0,2015.9000244140625,17179
2026-03-11 04:20:00,2015.0999755859375,2015.9000244140625,2005.5999755859375,2005.699951171875,22103
2026-03-11 04:25:00,2005.5999755859375,2009.300048828125,2004.0999755859375,2004.5999755859375,19280
2026-03-11 04:30:00,2004.5999755859375,2006.9000244140625,2003.0999755859375,2003.9000244140625,13811
2026-03-11 04:35:00,2003.5,2003.699951171875,1996.9000244140625,1997.4000244140625,22736
2026-03-11 04:40:00,1997.4000244140625,1999.199951171875,1995.800048828125,1996.199951171875,18052
2026-03-11 04:45:00,1995.800048828125,1998.300048828125,1995.0,1998.199951171875,11845
2026-03-11 04:50:00,1998.0999755859375,1999.9000244140625,1995.5,1997.300048828125,11908
2026-03-11 04:55:00,1998.4000244140625,1999.0,1996.0,1997.199951171875,5953
2026-03-11 05:00:00,1997.9000244140625,2005.0,1997.9000244140625,2002.199951171875,16990
2026-03-11 05:05:00,2002.699951171875,2002.9000244140625,1997.0,1997.699951171875,7705
2026-03-11 05:10:00,1997.5999755859375,2000.5999755859375,1996.0,1996.0,5080
2026-03-11 05:15:00,1997.0999755859375,1997.300048828125,1991.5999755859375,1993.5,14024
2026-03-11 05:20:00,1993.0999755859375,1995.699951171875,1991.5999755859375,1994.4000244140625,7754
2026-03-11 05:25:00,1994.800048828125,1997.199951171875,1994.0,1996.5,5563
2026-03-11 05:30:00,1996.5,1996.9000244140625,1995.0,1996.300048828125,7815
2026-03-11 05:35:00,1996.300048828125,1996.300048828125,1993.0,1994.0,4942
2026-03-11 05:40:00,1993.9000244140625,1993.9000244140625,1992.0,1993.0,5410
2026-03-11 05:45:00,1993.0,1993.0,1990.0,1991.9000244140625,9422
2026-03-11 05:50:00,1991.800048828125,1992.800048828125,1989.0,1989.4000244140625,12211
2026-03-11 05:55:00,1989.699951171875,1993.0999755859375,1988.199951171875,1992.800048828125,8515
2026-03-11 06:00:00,1992.800048828125,1993.5999755859375,1990.0,1991.0,4927
2026-03-11 06:05:00,1991.0999755859375,1994.5,1988.199951171875,1993.5,8418
2026-03-11 06:10:00,1993.0,1994.300048828125,1991.300048828125,1993.9000244140625,3627
2026-03-11 06:15:00,1993.800048828125,1993.800048828125,1991.0,1991.199951171875,5830
2026-03-11 06:20:00,1990.300048828125,1992.0,1990.0,1991.199951171875,5212
2026-03-11 06:25:00,1990.800048828125,1992.0,1984.0,1984.0,15848
2026-03-11 06:30:00,1985.5999755859375,1994.9000244140625,1985.5999755859375,1994.0,9685
2026-03-11 06:35:00,1993.0999755859375,1994.199951171875,1990.800048828125,1992.9000244140625,5476
2026-03-11 06:40:00,1992.9000244140625,1996.5,1992.9000244140625,1995.9000244140625,7900
2026-03-11 06:45:00,1996.300048828125,1996.5,1994.0999755859375,1995.800048828125,4737
2026-03-11 06:50:00,1995.5999755859375,1995.699951171875,1992.9000244140625,1993.199951171875,2051
2026-03-11 06:55:00,1993.199951171875,1993.4000244140625,1990.300048828125,1992.5,1853
2026-03-11 07:00:00,1992.0,1994.0,1987.199951171875,1988.800048828125,7087
2026-03-11 07:05:00,1989.5999755859375,1991.0,1985.199951171875,1986.300048828125,5962
2026-03-11 07:10:00,1986.0,1990.0,1985.199951171875,1989.5999755859375,3586
2026-03-11 07:15:00,1989.9000244140625,1989.9000244140625,1986.199951171875,1989.300048828125,3136
2026-03-11 07:20:00,1988.199951171875,1989.300048828125,1986.0999755859375,1986.5,3213
2026-03-11 07:25:00,1987.800048828125,1988.699951171875,1985.5,1986.9000244140625,3945
2026-03-11 07:30:00,1986.9000244140625,1987.4000244140625,1984.0999755859375,1985.5999755859375,66362
2026-03-11 07:35:00,1985.5,1985.5999755859375,1983.0,1983.800048828125,34937
2026-03-11 07:40:00,1983.5,1983.5999755859375,1979.0,1979.300048828125,14160
2026-03-11 07:45:00,1979.0999755859375,1979.800048828125,1975.699951171875,1978.5999755859375,14279
2026-03-11 07:50:00,1978.0,1983.0,1978.0,1982.699951171875,4399
2026-03-11 07:55:00,1982.5,1984.4000244140625,1982.0,1984.4000244140625,4871
2026-03-11 08:00:00,1984.4000244140625,1986.699951171875,1983.0,1983.300048828125,16345
2026-03-11 08:05:00,1983.5,1983.800048828125,1980.4000244140625,1981.9000244140625,7033
2026-03-11 08:10:00,1981.9000244140625,1981.9000244140625,1979.0999755859375,1980.199951171875,4671
2026-03-11 08:15:00,1980.5,1982.4000244140625,1980.0,1981.4000244140625,6217
2026-03-11 08:20:00,1981.199951171875,1984.699951171875,1980.0,1984.5,6447
2026-03-11 08:25:00,1983.699951171875,1985.0,1981.699951171875,1982.699951171875,4901
2026-03-11 08:30:00,1982.5,1983.5999755859375,1980.300048828125,1982.5,5075
2026-03-11 08:35:00,1982.5,1983.5,1980.0,1980.300048828125,5190
2026-03-11 08:40:00,1980.0,1982.0,1978.5999755859375,1980.5,7864
2026-03-11 08:45:00,1981.199951171875,1982.0,1976.0,1980.0,8238
2026-03-11 08:50:00,1980.0,1981.5,1975.300048828125,1976.0,10962
2026-03-11 08:55:00,1976.0,1985.0,1974.300048828125,1985.0,18213
2026-03-11 09:00:00,1985.0,1986.0,1979.699951171875,1980.199951171875,7754
2026-03-11 09:05:00,1981.0,1983.300048828125,1980.199951171875,1981.699951171875,6163
2026-03-11 09:10:00,1980.4000244140625,1981.699951171875,1978.0,1978.5,18749
2026-03-11 09:15:00,1978.5,1981.300048828125,1977.0,1978.0999755859375,11784
2026-03-11 09:20:00,1977.300048828125,1980.0,1976.0,1979.0999755859375,12191
2026-03-11 09:25:00,1978.800048828125,1981.699951171875,1976.699951171875,1976.699951171875,10117
2026-03-11 09:30:00,1976.5,1985.0,1976.5,1978.199951171875,20087
2026-03-11 09:35:00,1979.0,1980.5,1972.699951171875,1974.4000244140625,21096
2026-03-11 09:40:00,1974.4000244140625,1976.0999755859375,1972.800048828125,1973.300048828125,23355
2026-03-11 09:45:00,1974.0,1977.199951171875,1972.5,1973.300048828125,28342
2026-03-11 09:50:00,1974.4000244140625,1976.800048828125,1973.0,1973.9000244140625,38897
2026-03-11 09:55:00,1973.9000244140625,1975.0,1970.0,1974.699951171875,35858
2026-03-12 03:45:00,1960.0,1960.0,1948.0999755859375,1954.5,0
2026-03-12 03:50:00,1953.4000244140625,1958.0999755859375,1948.4000244140625,1955.699951171875,41349
2026-03-12 03:55:00,1954.699951171875,1960.9000244140625,1951.0999755859375,1959.5,27559
2026-03-12 04:00:00,1958.800048828125,1963.300048828125,1955.699951171875,1962.800048828125,36214
2026-03-12 04:05:00,1962.800048828125,1965.699951171875,1959.699951171875,1964.4000244140625,21033
2026-03-12 04:10:00,1963.0999755859375,1969.5,1961.9000244140625,1967.5999755859375,24504
2026-03-12 04:15:00,1968.0,1974.0,1967.5,1972.9000244140625,20245
2026-03-12 04:20:00,1972.9000244140625,1981.0,1972.4000244140625,1979.9000244140625,37772
2026-03-12 04:25:00,1979.9000244140625,1981.5999755859375,1974.0,1979.9000244140625,33060
2026-03-12 04:30:00,1979.300048828125,1981.800048828125,1977.4000244140625,1980.5999755859375,18668
2026-03-12 04:35:00,1979.199951171875,1979.699951171875,1970.0,1973.199951171875,33946
2026-03-12 04:40:00,1973.199951171875,1976.0999755859375,1967.0999755859375,1969.0999755859375,16112
2026-03-12 04:45:00,1969.699951171875,1970.0,1966.0,1968.5999755859375,9614
2026-03-12 04:50:00,1968.5999755859375,1971.9000244140625,1967.300048828125,1971.4000244140625,18688
2026-03-12 04:55:00,1971.0,1981.0,1971.0,1981.0,14611
2026-03-12 05:00:00,1980.199951171875,1986.199951171875,1975.5,1985.4000244140625,22057
2026-03-12 05:05:00,1985.800048828125,2004.4000244140625,1984.5999755859375,2004.0,44643
2026-03-12 05:10:00,2004.0,2005.800048828125,1998.5,2001.0999755859375,31853
2026-03-12 05:15:00,2001.0999755859375,2008.9000244140625,2001.0999755859375,2003.199951171875,35586
2026-03-12 05:20:00,2003.199951171875,2006.9000244140625,2000.0,2004.699951171875,17868
2026-03-12 05:25:00,2004.699951171875,2017.5999755859375,2003.300048828125,2015.300048828125,40668
2026-03-12 05:30:00,2015.5,2024.0,2015.0999755859375,2024.0,39110
2026-03-12 05:35:00,2024.0,2024.0999755859375,2016.9000244140625,2019.699951171875,24285
2026-03-12 05:40:00,2019.699951171875,2025.5999755859375,2019.300048828125,2020.0,25970
2026-03-12 05:45:00,2021.0,2023.0,2011.0,2012.0,35147
2026-03-12 05:50:00,2012.0,2012.0999755859375,1996.800048828125,2006.9000244140625,60626
2026-03-12 05:55:00,2006.9000244140625,2012.5,2004.0999755859375,2012.4000244140625,18590
2026-03-12 06:00:00,2012.4000244140625,2012.4000244140625,2005.800048828125,2012.0,14411
2026-03-12 06:05:00,2012.0,2014.9000244140625,2010.800048828125,2014.0999755859375,12122
2026-03-12 06:10:00,2014.0999755859375,2015.5999755859375,2009.9000244140625,2013.5999755859375,13789
2026-03-12 06:15:00,2013.5999755859375,2014.0,2009.0,2011.300048828125,10019
2026-03-12 06:20:00,2011.300048828125,2013.800048828125,2011.0,2012.0,4292
2026-03-12 06:25:00,2012.0,2014.800048828125,2010.9000244140625,2012.5999755859375,6761
2026-03-12 06:30:00,2013.4000244140625,2015.9000244140625,2010.5999755859375,2013.4000244140625,15982
2026-03-12 06:35:00,2013.300048828125,2013.4000244140625,2005.0999755859375,2009.0,6314
2026-03-12 06:40:00,2008.199951171875,2012.800048828125,2006.4000244140625,2012.699951171875,6299
2026-03-12 06:45:00,2012.699951171875,2014.0,2010.699951171875,2012.699951171875,4663
2026-03-12 06:50:00,2012.5999755859375,2021.5999755859375,2012.5999755859375,2019.699951171875,22366
2026-03-12 06:55:00,2019.699951171875,2020.5999755859375,2015.0999755859375,2016.699951171875,7796
2026-03-12 07:00:00,2016.699951171875,2021.5999755859375,2016.5999755859375,2018.5,13267
2026-03-12 07:05:00,2018.5,2018.5,2014.199951171875,2015.800048828125,6418
2026-03-12 07:10:00,2015.800048828125,2015.800048828125,2012.0999755859375,2014.5999755859375,5000
2026-03-12 07:15:00,2014.5999755859375,2018.0,2014.0999755859375,2016.4000244140625,3823
2026-03-12 07:20:00,2015.300048828125,2016.800048828125,2013.0,2013.5999755859375,2983
2026-03-12 07:25:00,2013.5999755859375,2016.5,2013.0,2014.9000244140625,3499
2026-03-12 07:30:00,2015.0,2016.699951171875,2013.0999755859375,2014.5,2986
2026-03-12 07:35:00,2013.800048828125,2013.800048828125,2007.5,2012.199951171875,12497
2026-03-12 07:40:00,2012.5,2014.9000244140625,2011.199951171875,2014.9000244140625,2549
2026-03-12 07:45:00,2014.0999755859375,2014.5999755859375,2011.0999755859375,2014.0,9506
2026-03-12 07:50:00,2014.0,2018.0999755859375,2012.0,2017.300048828125,10630
2026-03-12 07:55:00,2017.300048828125,2020.0,2015.4000244140625,2020.0,12185
2026-03-12 08:00:00,2020.699951171875,2025.0,2020.0,2023.699951171875,22157
2026-03-12 08:05:00,2024.5999755859375,2026.0,2020.4000244140625,2022.5999755859375,22437
2026-03-12 08:10:00,2022.5999755859375,2024.5999755859375,2017.0999755859375,2018.4000244140625,11544
2026-03-12 08:15:00,2018.9000244140625,2020.699951171875,2016.9000244140625,2018.0,9755
2026-03-12 08:20:00,2018.0,2019.5,2016.0999755859375,2018.5999755859375,4993
2026-03-12 08:25:00,2018.5,2018.5999755859375,2013.199951171875,2013.300048828125,6939
2026-03-12 08:30:00,2013.199951171875,2016.0,2013.0,2014.0,8189
2026-03-12 08:35:00,2013.5,2015.4000244140625,2010.0,2010.0999755859375,13122
2026-03-12 08:40:00,2010.0,2014.5,2008.300048828125,2013.9000244140625,19116
2026-03-12 08:45:00,2013.699951171875,2015.800048828125,2010.699951171875,2014.9000244140625,10292
2026-03-12 08:50:00,2015.0999755859375,2016.0,2013.300048828125,2013.300048828125,11925
2026-03-12 08:55:00,2013.300048828125,2015.5999755859375,2010.0,2010.699951171875,5208
2026-03-12 09:00:00,2010.699951171875,2013.0999755859375,2008.5999755859375,2012.800048828125,11563
2026-03-12 09:05:00,2012.300048828125,2012.5999755859375,2008.9000244140625,2008.9000244140625,18781
2026-03-12 09:10:00,2008.9000244140625,2009.0,2002.5,2002.5,28654
2026-03-12 09:15:00,2002.5,2004.9000244140625,1999.9000244140625,2001.199951171875,29031
2026-03-12 09:20:00,2001.199951171875,2002.4000244140625,1995.0999755859375,2000.5,43185
2026-03-12 09:25:00,2000.5,2005.0,1999.199951171875,2003.699951171875,18704
2026-03-12 09:30:00,2003.0999755859375,2004.5,2000.9000244140625,2004.300048828125,23671
2026-03-12 09:35:00,2004.5,2006.800048828125,2000.5999755859375,2004.699951171875,17964
2026-03-12 09:40:00,2004.9000244140625,2006.0,2003.0,2004.0999755859375,23172
2026-03-12 09:45:00,2004.0999755859375,2004.5999755859375,2002.5,2002.5,15745
2026-03-12 09:50:00,2002.699951171875,2003.4000244140625,2000.0,2001.5,37548
2026-03-12 09:55:00,2001.5999755859375,2002.0,1997.9000244140625,2002.0,35589
2026-03-13 03:45:00,1985.9000244140625,1999.5,1985.9000244140625,1998.199951171875,0
2026-03-13 03:50:00,1999.300048828125,2003.699951171875,1995.0,1997.800048828125,31505
2026-03-13 03:55:00,1997.300048828125,2005.699951171875,1995.5999755859375,2004.199951171875,34508
2026-03-13 04:00:00,2004.199951171875,2008.5999755859375,1999.0,1999.199951171875,27530
2026-03-13 04:05:00,2000.0,2001.5,1993.5999755859375,1995.800048828125,27455
2026-03-13 04:10:00,1996.0,1996.0,1988.0999755859375,1988.300048828125,17411
2026-03-13 04:15:00,1988.199951171875,1988.4000244140625,1981.699951171875,1984.5,36173
2026-03-13 04:20:00,1984.5,1984.5,1975.0,1975.4000244140625,36689
2026-03-13 04:25:00,1976.0,1978.5999755859375,1970.199951171875,1970.199951171875,24279
2026-03-13 04:30:00,1970.5999755859375,1976.5,1968.0,1974.4000244140625,26773
2026-03-13 04:35:00,1974.9000244140625,1979.0,1971.0999755859375,1976.699951171875,13059
2026-03-13 04:40:00,1976.699951171875,1976.9000244140625,1971.0999755859375,1974.199951171875,10682
2026-03-13 04:45:00,1974.5,1975.4000244140625,1972.4000244140625,1972.4000244140625,5970
2026-03-13 04:50:00,1972.4000244140625,1976.4000244140625,1970.699951171875,1972.4000244140625,9151
2026-03-13 04:55:00,1971.199951171875,1977.4000244140625,1970.699951171875,1977.4000244140625,8236
2026-03-13 05:00:00,1977.199951171875,1980.0,1973.800048828125,1974.5999755859375,20032
2026-03-13 05:05:00,1974.5999755859375,1975.0,1970.5999755859375,1972.0,6947
2026-03-13 05:10:00,1972.0,1973.699951171875,1968.0,1971.699951171875,15108
2026-03-13 05:15:00,1972.0,1972.9000244140625,1968.0,1972.0999755859375,11175
2026-03-13 05:20:00,1972.0,1978.0,1971.5,1974.0,7820
2026-03-13 05:25:00,1974.0,1975.800048828125,1970.199951171875,1975.800048828125,7316
2026-03-13 05:30:00,1975.699951171875,1975.699951171875,1969.0999755859375,1970.199951171875,10514
2026-03-13 05:35:00,1969.199951171875,1970.0,1965.0,1967.0,19228
2026-03-13 05:40:00,1967.0,1969.199951171875,1966.199951171875,1967.0,5722
2026-03-13 05:45:00,1967.0,1969.0999755859375,1965.0999755859375,1968.0,5442
2026-03-13 05:50:00,1967.0999755859375,1971.5,1966.5,1969.699951171875,5197
2026-03-13 05:55:00,1969.800048828125,1979.0,1969.0999755859375,1979.0,16767
2026-03-13 06:00:00,1979.0,1992.5,1977.5,1990.0,27299
2026-03-13 06:05:00,1990.0,1991.0,1986.0,1989.699951171875,18725
2026-03-13 06:10:00,1989.0,1989.0,1986.0999755859375,1987.0999755859375,14052
2026-03-13 06:15:00,1986.0,1986.9000244140625,1983.0,1984.0999755859375,4387
2026-03-13 06:20:00,1983.699951171875,1986.0,1982.0999755859375,1982.9000244140625,3359
2026-03-13 06:25:00,1982.699951171875,1982.699951171875,1978.0999755859375,1979.199951171875,6457
2026-03-13 06:30:00,1979.300048828125,1981.0,1977.199951171875,1977.5999755859375,4220
2026-03-13 06:35:00,1978.300048828125,1978.300048828125,1972.0,1973.300048828125,6950
2026-03-13 06:40:00,1974.0,1976.5999755859375,1972.0,1974.699951171875,6613
2026-03-13 06:45:00,1976.0,1976.0999755859375,1969.5,1969.5,9381
2026-03-13 06:50:00,1969.699951171875,1970.5999755859375,1964.0,1964.5999755859375,22501
2026-03-13 06:55:00,1965.699951171875,1967.5,1963.5,1963.9000244140625,11968
2026-03-13 07:00:00,1963.0,1964.4000244140625,1961.0,1963.0,15469
2026-03-13 07:05:00,1963.5,1963.9000244140625,1959.0999755859375,1960.5999755859375,15290
2026-03-13 07:10:00,1960.300048828125,1962.800048828125,1959.300048828125,1962.0,13116
2026-03-13 07:15:00,1960.800048828125,1966.0,1960.0,1965.9000244140625,6338
2026-03-13 07:20:00,1965.9000244140625,1965.9000244140625,1959.199951171875,1961.4000244140625,11700
2026-03-13 07:25:00,1961.699951171875,1963.5999755859375,1960.0,1961.800048828125,6364
2026-03-13 07:30:00,1961.800048828125,1961.800048828125,1959.0,1959.0,7944
2026-03-13 07:35:00,1959.5999755859375,1960.0,1956.800048828125,1957.5999755859375,5034
2026-03-13 07:40:00,1957.5999755859375,1960.300048828125,1956.0999755859375,1957.0,9693
2026-03-13 07:45:00,1957.0,1959.5999755859375,1956.5999755859375,1957.800048828125,6553
2026-03-13 07:50:00,1957.4000244140625,1959.199951171875,1953.5999755859375,1954.699951171875,13643
2026-03-13 07:55:00,1953.800048828125,1961.0999755859375,1953.300048828125,1961.0,12016
2026-03-13 08:00:00,1961.0999755859375,1963.0,1956.199951171875,1957.5999755859375,7729
2026-03-13 08:05:00,1957.5999755859375,1958.300048828125,1954.5,1955.4000244140625,6667
2026-03-13 08:10:00,1955.9000244140625,1957.199951171875,1953.5999755859375,1956.0999755859375,8074
2026-03-13 08:15:00,1956.699951171875,1957.199951171875,1954.300048828125,1956.199951171875,9108
2026-03-13 08:20:00,1956.9000244140625,1956.9000244140625,1950.800048828125,1950.800048828125,19896
2026-03-13 08:25:00,1950.9000244140625,1951.699951171875,1945.0,1945.800048828125,44346
2026-03-13 08:30:00,1946.4000244140625,1953.699951171875,1946.0,1951.0,9487
2026-03-13 08:35:00,1952.0,1955.199951171875,1951.0,1953.0999755859375,16936
2026-03-13 08:40:00,1953.5,1959.699951171875,1952.699951171875,1958.800048828125,13061
2026-03-13 08:45:00,1960.0,1962.699951171875,1955.5,1962.699951171875,13862
2026-03-13 08:50:00,1964.0,1966.5999755859375,1961.300048828125,1962.300048828125,31438
2026-03-13 08:55:00,1963.0,1967.0999755859375,1962.0,1965.5999755859375,12155
2026-03-13 09:00:00,1965.300048828125,1975.0,1964.4000244140625,1970.699951171875,20096
2026-03-13 09:05:00,1971.0,1975.0,1970.199951171875,1971.0,15922
2026-03-13 09:10:00,1971.5,1974.300048828125,1970.800048828125,1972.5999755859375,15742
2026-03-13 09:15:00,1973.0,1974.199951171875,1966.0,1966.0,16238
2026-03-13 09:20:00,1966.199951171875,1969.5999755859375,1960.300048828125,1961.199951171875,12721
2026-03-13 09:25:00,1961.0,1964.5,1957.9000244140625,1963.5,14047
2026-03-13 09:30:00,1964.5,1967.199951171875,1961.300048828125,1962.5,20333
2026-03-13 09:35:00,1961.4000244140625,1962.5999755859375,1957.0999755859375,1959.5999755859375,32900
2026-03-13 09:40:00,1959.699951171875,1964.0,1956.5,1963.0,17566
2026-03-13 09:45:00,1962.699951171875,1963.0,1960.0,1961.0999755859375,18854
2026-03-13 09:50:00,1960.9000244140625,1963.5999755859375,1957.5,1961.699951171875,35964
2026-03-13 09:55:00,1960.800048828125,1962.5999755859375,1960.0,1962.0,23096
2026-03-16 03:45:00,1961.0999755859375,1973.800048828125,1960.300048828125,1963.0,0
2026-03-16 03:50:00,1963.5,1963.5,1956.5,1956.699951171875,24921
2026-03-16 03:55:00,1957.0999755859375,1961.800048828125,1956.5,1961.0,21728
2026-03-16 04:00:00,1962.0,1968.0999755859375,1957.800048828125,1968.0999755859375,35487
2026-03-16 04:05:00,1968.0999755859375,1974.800048828125,1967.300048828125,1971.0,17717
2026-03-16 04:10:00,1971.699951171875,1982.800048828125,1971.699951171875,1977.300048828125,29093
2026-03-16 04:15:00,1977.699951171875,1987.199951171875,1976.0999755859375,1979.5999755859375,23280
2026-03-16 04:20:00,1979.5999755859375,1982.0,1973.0999755859375,1974.699951171875,11993
2026-03-16 04:25:00,1974.699951171875,1980.300048828125,1973.5999755859375,1974.0,19082
2026-03-16 04:30:00,1974.0,1976.0999755859375,1971.800048828125,1973.5999755859375,27712
2026-03-16 04:35:00,1974.5,1977.9000244140625,1967.699951171875,1967.699951171875,21847
2026-03-16 04:40:00,1968.0,1970.199951171875,1964.4000244140625,1965.9000244140625,43128
2026-03-16 04:45:00,1965.4000244140625,1965.4000244140625,1955.199951171875,1961.9000244140625,41673
2026-03-16 04:50:00,1961.300048828125,1961.800048828125,1953.800048828125,1956.199951171875,81485
2026-03-16 04:55:00,1956.0999755859375,1957.699951171875,1955.199951171875,1956.4000244140625,72148
2026-03-16 05:00:00,1955.699951171875,1964.5,1953.0999755859375,1954.800048828125,22610
2026-03-16 05:05:00,1954.800048828125,1960.199951171875,1954.199951171875,1957.699951171875,13105
2026-03-16 05:10:00,1957.699951171875,1960.5999755859375,1957.0999755859375,1958.199951171875,7522
2026-03-16 05:15:00,1957.5,1959.300048828125,1954.5,1957.5999755859375,62235
2026-03-16 05:20:00,1957.199951171875,1957.5999755859375,1950.800048828125,1950.9000244140625,26336
2026-03-16 05:25:00,1951.5999755859375,1957.0,1946.5999755859375,1956.699951171875,36119
2026-03-16 05:30:00,1956.5,1957.5999755859375,1951.5999755859375,1953.5999755859375,10390
2026-03-16 05:35:00,1953.199951171875,1960.0,1952.4000244140625,1959.0,12184
2026-03-16 05:40:00,1959.0,1959.5999755859375,1955.699951171875,1957.0,5962
2026-03-16 05:45:00,1957.5999755859375,1975.0,1957.5999755859375,1973.199951171875,21003
2026-03-16 05:50:00,1974.300048828125,1974.9000244140625,1969.0999755859375,1971.4000244140625,12536
2026-03-16 05:55:00,1971.4000244140625,1972.0,1969.300048828125,1970.5,7790
2026-03-16 06:00:00,1970.5,1978.0,1969.4000244140625,1972.9000244140625,10037
2026-03-16 06:05:00,1972.9000244140625,1975.9000244140625,1969.4000244140625,1970.0,7575
2026-03-16 06:10:00,1970.0,1971.9000244140625,1964.0,1964.5999755859375,5544
2026-03-16 06:15:00,1965.9000244140625,1967.4000244140625,1964.4000244140625,1966.0999755859375,5527
2026-03-16 06:20:00,1965.699951171875,1967.4000244140625,1963.5,1963.9000244140625,4959
2026-03-16 06:25:00,1963.199951171875,1966.9000244140625,1962.5,1963.5999755859375,8783
2026-03-16 06:30:00,1963.699951171875,1968.0,1963.699951171875,1965.699951171875,3882
2026-03-16 06:35:00,1965.699951171875,1967.9000244140625,1963.699951171875,1967.199951171875,2638
2026-03-16 06:40:00,1966.9000244140625,1969.9000244140625,1964.5999755859375,1967.5999755859375,4799
2026-03-16 06:45:00,1966.5,1967.5,1963.699951171875,1967.0,5158
2026-03-16 06:50:00,1967.0999755859375,1971.300048828125,1966.0999755859375,1971.300048828125,5116
2026-03-16 06:55:00,1969.5,1969.5999755859375,1967.0,1968.0,2662
2026-03-16 07:00:00,1966.9000244140625,1968.800048828125,1963.800048828125,1964.699951171875,3899
2026-03-16 07:05:00,1964.0,1968.300048828125,1962.800048828125,1967.800048828125,13279
2026-03-16 07:10:00,1967.800048828125,1967.800048828125,1964.0,1964.0,3774
2026-03-16 07:15:00,1964.5,1964.699951171875,1960.4000244140625,1961.5999755859375,43917
2026-03-16 07:20:00,1962.0,1966.699951171875,1960.5999755859375,1965.5,10848
2026-03-16 07:25:00,1964.800048828125,1964.800048828125,1960.800048828125,1963.300048828125,4751
2026-03-16 07:30:00,1963.300048828125,1969.0,1963.199951171875,1963.199951171875,6071
2026-03-16 07:35:00,1961.0999755859375,1961.699951171875,1957.0999755859375,1960.4000244140625,36582
2026-03-16 07:40:00,1960.9000244140625,1964.4000244140625,1957.9000244140625,1957.9000244140625,5581
2026-03-16 07:45:00,1957.9000244140625,1962.0999755859375,1957.9000244140625,1961.300048828125,8682
2026-03-16 07:50:00,1962.0999755859375,1964.0,1960.199951171875,1961.0,4401
2026-03-16 07:55:00,1962.0,1962.9000244140625,1957.4000244140625,1957.800048828125,7231
2026-03-16 08:00:00,1958.199951171875,1960.4000244140625,1956.199951171875,1958.5,4853
2026-03-16 08:05:00,1958.5,1962.9000244140625,1958.5,1962.300048828125,4090
2026-03-16 08:10:00,1962.300048828125,1964.0,1958.4000244140625,1958.5,6404
2026-03-16 08:15:00,1958.699951171875,1959.5999755859375,1955.300048828125,1957.0999755859375,10189
2026-03-16 08:20:00,1956.800048828125,1960.0,1955.0,1958.699951171875,8421
2026-03-16 08:25:00,1957.699951171875,1959.0999755859375,1955.699951171875,1958.5,2693
2026-03-16 08:30:00,1958.5,1958.5,1955.0999755859375,1958.199951171875,4462
2026-03-16 08:35:00,1958.199951171875,1961.199951171875,1956.699951171875,1958.5,8845
2026-03-16 08:40:00,1958.300048828125,1964.5999755859375,1956.199951171875,1961.0999755859375,16605
2026-03-16 08:45:00,1961.699951171875,1967.800048828125,1957.4000244140625,1967.800048828125,14270
2026-03-16 08:50:00,1969.9000244140625,1977.0,1968.5,1977.0,37198
2026-03-16 08:55:00,1977.0,1979.5,1972.300048828125,1976.699951171875,21596
2026-03-16 09:00:00,1977.5,1987.800048828125,1977.5,1986.9000244140625,30795
2026-03-16 09:05:00,1987.0,1993.5999755859375,1984.699951171875,1992.699951171875,31862
2026-03-16 09:10:00,1993.0,1994.800048828125,1987.0,1989.800048828125,20487
2026-03-16 09:15:00,1989.0,1989.0,1983.300048828125,1985.5,29052
2026-03-16 09:20:00,1986.0,1991.699951171875,1980.9000244140625,1987.5999755859375,21423
2026-03-16 09:25:00,1987.0,1988.199951171875,1984.300048828125,1986.0,22795
2026-03-16 09:30:00,1984.199951171875,1984.199951171875,1974.199951171875,1977.9000244140625,31726
2026-03-16 09:35:00,1977.699951171875,1984.5,1977.699951171875,1982.199951171875,31458
2026-03-16 09:40:00,1983.5,1983.5,1977.0,1977.4000244140625,36339
2026-03-16 09:45:00,1977.4000244140625,1980.0,1976.5,1977.4000244140625,16015
2026-03-16 09:50:00,1977.300048828125,1978.9000244140625,1972.5,1972.800048828125,35996
2026-03-16 09:55:00,1973.0,1973.5,1970.0,1973.0,25560
2026-03-17 03:45:00,1986.4000244140625,1986.5999755859375,1968.800048828125,1972.300048828125,0
2026-03-17 03:50:00,1972.0,1975.0,1968.300048828125,1969.4000244140625,25479
2026-03-17 03:55:00,1969.300048828125,1971.4000244140625,1965.0999755859375,1966.9000244140625,16217
2026-03-17 04:00:00,1967.4000244140625,1968.0999755859375,1961.9000244140625,1965.699951171875,20430
2026-03-17 04:05:00,1965.800048828125,1973.0,1965.5,1970.300048828125,23848
2026-03-17 04:10:00,1971.300048828125,1975.199951171875,1968.0,1969.199951171875,25908
2026-03-17 04:15:00,1970.0999755859375,1974.0,1968.0,1969.5,13676
2026-03-17 04:20:00,1969.699951171875,1969.800048828125,1965.0,1968.800048828125,10403
2026-03-17 04:25:00,1968.800048828125,1970.4000244140625,1965.0,1970.4000244140625,25305
2026-03-17 04:30:00,1969.9000244140625,1973.0,1968.5,1971.9000244140625,10975
2026-03-17 04:35:00,1972.5999755859375,1976.5,1972.5999755859375,1974.4000244140625,18621
2026-03-17 04:40:00,1974.0,1974.300048828125,1972.0,1972.800048828125,13403
2026-03-17 04:45:00,1973.9000244140625,1978.800048828125,1973.9000244140625,1978.0999755859375,15563
2026-03-17 04:50:00,1978.300048828125,1983.5,1978.0,1981.300048828125,24192
2026-03-17 04:55:00,1979.699951171875,1980.9000244140625,1970.0,1970.0999755859375,14825
2026-03-17 05:00:00,1970.699951171875,1971.4000244140625,1965.0,1965.4000244140625,14951
2026-03-17 05:05:00,1964.0,1966.5,1962.0,1966.5,18882
2026-03-17 05:10:00,1965.9000244140625,1967.0999755859375,1962.0999755859375,1962.9000244140625,11188
2026-03-17 05:15:00,1962.9000244140625,1968.800048828125,1961.0,1968.800048828125,15478
2026-03-17 05:20:00,1968.0,1969.300048828125,1966.0,1967.5,10649
2026-03-17 05:25:00,1967.5,1969.4000244140625,1966.0999755859375,1968.199951171875,5180
2026-03-17 05:30:00,1967.800048828125,1969.0999755859375,1966.0,1967.300048828125,5647
2026-03-17 05:35:00,1967.5,1969.0,1964.0,1965.4000244140625,5456
2026-03-17 05:40:00,1965.0,1967.800048828125,1963.0999755859375,1963.199951171875,5815
2026-03-17 05:45:00,1963.4000244140625,1965.0,1959.9000244140625,1959.9000244140625,18344
2026-03-17 05:50:00,1959.9000244140625,1960.0,1955.199951171875,1955.199951171875,15503
2026-03-17 05:55:00,1955.4000244140625,1956.699951171875,1951.5,1953.0,22958
2026-03-17 06:00:00,1953.9000244140625,1954.4000244140625,1950.5,1951.699951171875,18047
2026-03-17 06:05:00,1951.0,1956.5999755859375,1949.4000244140625,1954.0999755859375,28280
2026-03-17 06:10:00,1954.5999755859375,1955.800048828125,1952.0999755859375,1953.5,10649
2026-03-17 06:15:00,1953.5,1958.5999755859375,1953.5,1956.199951171875,10839
2026-03-17 06:20:00,1955.9000244140625,1959.0,1954.0999755859375,1954.4000244140625,12982
2026-03-17 06:25:00,1955.199951171875,1955.199951171875,1950.199951171875,1954.300048828125,7544
2026-03-17 06:30:00,1954.0999755859375,1955.5999755859375,1952.699951171875,1953.4000244140625,5249
2026-03-17 06:35:00,1951.300048828125,1954.4000244140625,1950.800048828125,1954.4000244140625,3640
2026-03-17 06:40:00,1954.5999755859375,1956.0,1953.0,1953.0,8647
2026-03-17 06:45:00,1952.800048828125,1953.0,1947.4000244140625,1948.0999755859375,16628
2026-03-17 06:50:00,1947.9000244140625,1949.0,1945.5,1945.5,45587
2026-03-17 06:55:00,1945.5,1947.5999755859375,1945.0999755859375,1947.300048828125,7988
2026-03-17 07:00:00,1947.5999755859375,1948.5999755859375,1945.0999755859375,1947.0,16696
2026-03-17 07:05:00,1947.0,1948.800048828125,1945.699951171875,1948.0,10136
2026-03-17 07:10:00,1946.199951171875,1949.0,1945.0,1949.0,10433
2026-03-17 07:15:00,1948.5,1954.9000244140625,1948.5,1954.9000244140625,13842
2026-03-17 07:20:00,1954.800048828125,1957.0999755859375,1952.699951171875,1957.0999755859375,28323
2026-03-17 07:25:00,1958.0,1959.0,1953.5999755859375,1957.800048828125,18279
2026-03-17 07:30:00,1957.9000244140625,1962.9000244140625,1957.9000244140625,1961.5,19238
2026-03-17 07:35:00,1961.5,1965.0999755859375,1959.0,1964.699951171875,26787
2026-03-17 07:40:00,1964.699951171875,1967.9000244140625,1963.800048828125,1966.9000244140625,26321
2026-03-17 07:45:00,1967.5,1971.5999755859375,1966.800048828125,1968.800048828125,28311
2026-03-17 07:50:00,1969.199951171875,1969.800048828125,1965.300048828125,1966.0999755859375,11165
2026-03-17 07:55:00,1966.199951171875,1967.300048828125,1963.5999755859375,1967.0,7559
2026-03-17 08:00:00,1966.800048828125,1972.800048828125,1966.800048828125,1968.0,9116
2026-03-17 08:05:00,1967.9000244140625,1971.0,1967.4000244140625,1967.4000244140625,5959
2026-03-17 08:10:00,1968.699951171875,1971.0,1965.199951171875,1970.5,6991
2026-03-17 08:15:00,1970.300048828125,1973.699951171875,1969.800048828125,1973.699951171875,13610
2026-03-17 08:20:00,1974.300048828125,1976.699951171875,1973.4000244140625,1974.4000244140625,17909
2026-03-17 08:25:00,1974.4000244140625,1977.0,1973.199951171875,1974.5999755859375,9824
2026-03-17 08:30:00,1975.0,1979.699951171875,1974.5999755859375,1977.5999755859375,19313
2026-03-17 08:35:00,1977.4000244140625,1979.300048828125,1974.0999755859375,1978.199951171875,12985
2026-03-17 08:40:00,1979.199951171875,1981.9000244140625,1978.9000244140625,1980.0,26062
2026-03-17 08:45:00,1979.4000244140625,1981.0,1975.5,1976.199951171875,14259
2026-03-17 08:50:00,1977.0,1978.0,1973.199951171875,1973.5999755859375,12294
2026-03-17 08:55:00,1975.199951171875,1976.9000244140625,1972.5,1976.0,6426
2026-03-17 09:00:00,1977.0,1978.800048828125,1975.9000244140625,1977.699951171875,5535
2026-03-17 09:05:00,1977.5,1977.800048828125,1973.0999755859375,1974.5,15222
2026-03-17 09:10:00,1974.5,1976.5,1971.0999755859375,1971.199951171875,9813
2026-03-17 09:15:00,1971.0999755859375,1976.300048828125,1970.5,1976.300048828125,8128
2026-03-17 09:20:00,1977.0,1980.9000244140625,1975.800048828125,1980.9000244140625,24442
2026-03-17 09:25:00,1980.699951171875,1988.0,1980.699951171875,1987.4000244140625,20687
2026-03-17 09:30:00,1986.5,1986.5,1973.300048828125,1977.0,34367
2026-03-17 09:35:00,1977.4000244140625,1978.4000244140625,1975.0,1976.9000244140625,26433
2026-03-17 09:40:00,1977.4000244140625,1978.9000244140625,1975.4000244140625,1977.800048828125,25466
2026-03-17 09:45:00,1977.800048828125,1977.800048828125,1974.0,1974.0999755859375,25794
2026-03-17 09:50:00,1973.699951171875,1973.9000244140625,1971.9000244140625,1973.9000244140625,41866
2026-03-17 09:55:00,1974.5999755859375,1975.0,1971.199951171875,1973.0,29799
2026-03-18 03:45:00,1986.199951171875,2016.800048828125,1986.199951171875,2015.0,0
2026-03-18 03:50:00,2014.4000244140625,2021.699951171875,2011.199951171875,2015.9000244140625,65264
2026-03-18 03:55:00,2016.0999755859375,2022.0,2013.0999755859375,2019.5999755859375,47565
2026-03-18 04:00:00,2020.199951171875,2026.5,2020.0,2023.199951171875,44329
2026-03-18 04:05:00,2024.0,2024.0,2016.800048828125,2016.9000244140625,28135
2026-03-18 04:10:00,2017.300048828125,2019.5999755859375,2015.800048828125,2018.5999755859375,16442
2026-03-18 04:15:00,2018.5999755859375,2019.9000244140625,2015.0,2018.0,16305
2026-03-18 04:20:00,2018.699951171875,2020.4000244140625,2015.199951171875,2017.4000244140625,16474
2026-03-18 04:25:00,2017.0999755859375,2017.699951171875,2011.5999755859375,2013.800048828125,26746
2026-03-18 04:30:00,2013.0999755859375,2013.9000244140625,2003.199951171875,2005.800048828125,25460
2026-03-18 04:35:00,2005.5999755859375,2007.9000244140625,2002.4000244140625,2006.0999755859375,33208
2026-03-18 04:40:00,2006.0999755859375,2010.5,2005.0999755859375,2010.0,15490
2026-03-18 04:45:00,2010.0,2011.199951171875,2008.199951171875,2010.9000244140625,11212
2026-03-18 04:50:00,2011.0,2013.300048828125,2010.300048828125,2013.0,10901
2026-03-18 04:55:00,2012.300048828125,2012.699951171875,2007.4000244140625,2008.0,6614
2026-03-18 05:00:00,2008.0,2011.0,2007.0,2007.0,7300
2026-03-18 05:05:00,2007.0,2007.300048828125,2005.0999755859375,2005.199951171875,7693
2026-03-18 05:10:00,2005.5999755859375,2006.9000244140625,2002.199951171875,2003.0,14577
2026-03-18 05:15:00,2003.0,2006.5,2002.0999755859375,2005.4000244140625,9503
2026-03-18 05:20:00,2005.800048828125,2006.4000244140625,2004.800048828125,2006.0,6426
2026-03-18 05:25:00,2006.0,2008.0,2005.800048828125,2007.0,5911
2026-03-18 05:30:00,2007.0,2008.9000244140625,2006.199951171875,2006.9000244140625,5114
2026-03-18 05:35:00,2006.9000244140625,2007.5,2003.9000244140625,2006.5999755859375,7126
2026-03-18 05:40:00,2006.5999755859375,2008.5999755859375,2005.0,2007.9000244140625,4224
2026-03-18 05:45:00,2007.9000244140625,2008.699951171875,2005.5,2008.0,5781
2026-03-18 05:50:00,2008.699951171875,2010.0,2007.5999755859375,2009.9000244140625,6619
2026-03-18 05:55:00,2009.800048828125,2009.9000244140625,2006.4000244140625,2008.9000244140625,5043
2026-03-18 06:00:00,2008.5,2009.800048828125,2007.5,2008.0,3754
2026-03-18 06:05:00,2008.0999755859375,2014.199951171875,2007.5,2014.199951171875,14038
2026-03-18 06:10:00,2014.199951171875,2017.0,2013.0999755859375,2014.0999755859375,10782
2026-03-18 06:15:00,2014.0,2015.0999755859375,2010.199951171875,2010.9000244140625,13946
2026-03-18 06:20:00,2009.4000244140625,2013.5,2009.4000244140625,2012.5,7051
2026-03-18 06:25:00,2013.300048828125,2013.300048828125,2010.199951171875,2010.800048828125,5647
2026-03-18 06:30:00,2010.9000244140625,2011.0999755859375,2006.699951171875,2007.0,7926
2026-03-18 06:35:00,2007.0,2009.0999755859375,2005.800048828125,2006.0,7545
2026-03-18 06:40:00,2006.5999755859375,2007.800048828125,2005.800048828125,2006.5,3298
2026-03-18 06:45:00,2006.5,2008.5,2005.5,2008.5,7966
2026-03-18 06:50:00,2008.5,2009.699951171875,2006.0999755859375,2008.0,5371
2026-03-18 06:55:00,2008.5,2008.5,2003.5,2004.9000244140625,9366
2026-03-18 07:00:00,2004.300048828125,2008.5,2004.300048828125,2007.0,5515
2026-03-18 07:05:00,2007.0,2008.4000244140625,2005.0999755859375,2006.5999755859375,4424
2026-03-18 07:10:00,2006.0,2007.9000244140625,2005.4000244140625,2006.9000244140625,4146
2026-03-18 07:15:00,2006.5,2007.0,2005.5999755859375,2005.699951171875,2870
2026-03-18 07:20:00,2007.5,2010.0,2007.0,2007.9000244140625,6125
2026-03-18 07:25:00,2007.699951171875,2009.0,2006.5,2008.0999755859375,2572
2026-03-18 07:30:00,2008.0999755859375,2011.699951171875,2008.0,2011.5,5884
2026-03-18 07:35:00,2011.5,2011.5,2006.300048828125,2007.0,3946
2026-03-18 07:40:00,2007.0999755859375,2017.300048828125,2006.199951171875,2016.0,38503
2026-03-18 07:45:00,2016.0,2016.0,2012.199951171875,2012.199951171875,7094
2026-03-18 07:50:00,2013.199951171875,2016.9000244140625,2012.4000244140625,2016.5,8973
2026-03-18 07:55:00,2019.800048828125,2019.800048828125,2014.0,2014.4000244140625,21787
2026-03-18 08:00:00,2015.4000244140625,2018.5,2014.4000244140625,2018.5,6706
2026-03-18 08:05:00,2017.5,2021.0,2017.0999755859375,2019.9000244140625,7995
2026-03-18 08:10:00,2019.800048828125,2022.0,2018.5999755859375,2021.300048828125,21890
2026-03-18 08:15:00,2020.699951171875,2023.699951171875,2019.0999755859375,2020.300048828125,9618
2026-03-18 08:20:00,2020.300048828125,2022.9000244140625,2018.0,2022.9000244140625,7336
2026-03-18 08:25:00,2021.699951171875,2024.0999755859375,2019.699951171875,2021.4000244140625,10489
2026-03-18 08:30:00,2022.0,2022.0,2018.0,2018.800048828125,8679
2026-03-18 08:35:00,2018.0,2018.0,2015.199951171875,2017.199951171875,7394
2026-03-18 08:40:00,2017.300048828125,2018.5999755859375,2015.0,2015.5999755859375,6157
2026-03-18 08:45:00,2015.0999755859375,2019.300048828125,2014.9000244140625,2017.800048828125,5398
2026-03-18 08:50:00,2017.800048828125,2019.5,2016.0,2016.0,10005
2026-03-18 08:55:00,2016.0,2016.5,2008.300048828125,2010.0999755859375,21694
2026-03-18 09:00:00,2010.0999755859375,2011.4000244140625,2006.300048828125,2006.300048828125,11284
2026-03-18 09:05:00,2007.4000244140625,2009.0,2005.5999755859375,2007.5,11087
2026-03-18 09:10:00,2007.0,2008.0,2002.300048828125,2002.300048828125,13819
2026-03-18 09:15:00,2003.300048828125,2008.0,2002.300048828125,2006.9000244140625,12044
2026-03-18 09:20:00,2006.300048828125,2008.0,2004.0999755859375,2005.0,8364
2026-03-18 09:25:00,2005.0,2010.5999755859375,2004.5,2009.5,13592
2026-03-18 09:30:00,2010.9000244140625,2011.800048828125,2006.0,2010.0,15044
2026-03-18 09:35:00,2010.0,2010.699951171875,2008.4000244140625,2009.300048828125,10786
2026-03-18 09:40:00,2008.0,2009.0,2006.5,2008.699951171875,11818
2026-03-18 09:45:00,2008.699951171875,2009.699951171875,2008.0,2008.800048828125,15811
2026-03-18 09:50:00,2008.5999755859375,2008.5999755859375,2003.0,2005.0,28738
2026-03-18 09:55:00,2005.0999755859375,2012.9000244140625,2004.0,2007.199951171875,24788
2026-03-19 03:45:00,1979.800048828125,1982.5,1961.9000244140625,1963.5999755859375,0
2026-03-19 03:50:00,1963.699951171875,1971.5,1959.0,1969.4000244140625,33764
2026-03-19 03:55:00,1969.800048828125,1971.0,1964.0999755859375,1965.5999755859375,32428
2026-03-19 04:00:00,1965.5999755859375,1970.199951171875,1963.300048828125,1964.699951171875,30502
2026-03-19 04:05:00,1964.300048828125,1966.800048828125,1960.0,1960.199951171875,29196
2026-03-19 04:10:00,1960.199951171875,1964.300048828125,1959.9000244140625,1962.800048828125,20280
2026-03-19 04:15:00,1962.5999755859375,1964.4000244140625,1954.699951171875,1955.0999755859375,45431
2026-03-19 04:20:00,1955.4000244140625,1960.800048828125,1955.0,1957.800048828125,16066
2026-03-19 04:25:00,1957.800048828125,1959.5,1953.5999755859375,1955.0999755859375,23433
2026-03-19 04:30:00,1955.0999755859375,1956.5,1951.199951171875,1955.5999755859375,24040
2026-03-19 04:35:00,1955.5999755859375,1957.9000244140625,1954.0,1956.5999755859375,14823
2026-03-19 04:40:00,1956.0999755859375,1958.0,1954.0999755859375,1956.0,6867
2026-03-19 04:45:00,1954.0,1954.5999755859375,1951.0,1951.699951171875,21881
2026-03-19 04:50:00,1951.699951171875,1954.300048828125,1951.0,1953.0,20800
2026-03-19 04:55:00,1953.0,1958.5999755859375,1952.0999755859375,1954.5,18401
2026-03-19 05:00:00,1955.9000244140625,1959.0,1953.9000244140625,1957.0,8466
2026-03-19 05:05:00,1957.0,1959.9000244140625,1955.300048828125,1959.5999755859375,12760
2026-03-19 05:10:00,1959.5999755859375,1959.800048828125,1953.0999755859375,1957.0999755859375,12429
2026-03-19 05:15:00,1956.800048828125,1956.800048828125,1951.5999755859375,1952.5,14565
2026-03-19 05:20:00,1951.699951171875,1954.300048828125,1951.300048828125,1953.699951171875,15329
2026-03-19 05:25:00,1953.699951171875,1954.9000244140625,1950.199951171875,1950.5999755859375,17968
2026-03-19 05:30:00,1950.5999755859375,1954.9000244140625,1950.0,1953.800048828125,16397
2026-03-19 05:35:00,1953.800048828125,1955.0999755859375,1950.0999755859375,1950.699951171875,7294
2026-03-19 05:40:00,1950.800048828125,1954.0,1947.4000244140625,1948.4000244140625,45033
2026-03-19 05:45:00,1949.0,1951.0,1948.0,1950.0,6650
2026-03-19 05:50:00,1949.300048828125,1956.5999755859375,1949.300048828125,1954.800048828125,12035
2026-03-19 05:55:00,1954.0999755859375,1954.699951171875,1950.0,1950.0,7056
2026-03-19 06:00:00,1951.0,1952.0,1950.0,1951.5999755859375,9047
2026-03-19 06:05:00,1952.0,1953.5999755859375,1950.300048828125,1950.5,8510
2026-03-19 06:10:00,1950.800048828125,1950.9000244140625,1948.0,1949.0,9704
2026-03-19 06:15:00,1949.0,1951.0,1948.0,1949.0,8952
2026-03-19 06:20:00,1949.9000244140625,1951.199951171875,1948.0999755859375,1949.5,5823
2026-03-19 06:25:00,1948.800048828125,1950.0,1947.0,1948.5,11565
2026-03-19 06:30:00,1949.300048828125,1949.9000244140625,1947.0,1948.4000244140625,10239
2026-03-19 06:35:00,1948.4000244140625,1950.4000244140625,1947.0,1948.699951171875,5908
2026-03-19 06:40:00,1949.199951171875,1953.0999755859375,1947.800048828125,1952.0999755859375,7844
2026-03-19 06:45:00,1952.0,1953.0,1950.699951171875,1952.0999755859375,7179
2026-03-19 06:50:00,1952.800048828125,1952.800048828125,1945.4000244140625,1946.199951171875,24204
2026-03-19 06:55:00,1946.199951171875,1948.699951171875,1945.0,1947.0,13340
2026-03-19 07:00:00,1947.699951171875,1948.9000244140625,1945.199951171875,1948.0999755859375,8833
2026-03-19 07:05:00,1947.300048828125,1950.0,1946.4000244140625,1948.199951171875,2985
2026-03-19 07:10:00,1949.0999755859375,1949.199951171875,1945.5,1946.0,4939
2026-03-19 07:15:00,1947.0999755859375,1949.0,1945.0,1948.300048828125,21861
2026-03-19 07:20:00,1948.0,1951.0,1946.4000244140625,1951.0,12886
2026-03-19 07:25:00,1951.0,1952.5,1948.0,1948.0999755859375,22166
2026-03-19 07:30:00,1948.5999755859375,1949.0999755859375,1945.0999755859375,1945.800048828125,9347
2026-03-19 07:35:00,1945.699951171875,1946.9000244140625,1944.0,1946.0,22088
2026-03-19 07:40:00,1946.5,1948.0,1941.0,1941.4000244140625,22897
2026-03-19 07:45:00,1941.0,1942.0,1940.0,1940.5,34535
2026-03-19 07:50:00,1940.5,1942.0,1938.5,1940.0,16166
2026-03-19 07:55:00,1940.699951171875,1942.0,1938.0,1938.5,13371
2026-03-19 08:00:00,1938.5,1941.5,1938.199951171875,1941.300048828125,12282
2026-03-19 08:05:00,1941.0,1941.4000244140625,1938.5,1941.4000244140625,9866
2026-03-19 08:10:00,1941.300048828125,1943.4000244140625,1939.5999755859375,1941.0999755859375,12777
2026-03-19 08:15:00,1941.699951171875,1942.800048828125,1940.0,1941.699951171875,3866
2026-03-19 08:20:00,1941.5999755859375,1942.0,1940.0,1942.0,5454
2026-03-19 08:25:00,1942.0,1942.300048828125,1937.5,1938.9000244140625,13611
2026-03-19 08:30:00,1938.9000244140625,1940.699951171875,1935.0,1935.5,20439
2026-03-19 08:35:00,1935.300048828125,1938.0,1935.300048828125,1936.5,10898
2026-03-19 08:40:00,1936.5,1937.699951171875,1935.5,1936.0,16005
2026-03-19 08:45:00,1936.9000244140625,1939.800048828125,1936.0,1937.5,18537
2026-03-19 08:50:00,1938.0,1938.9000244140625,1935.0,1938.0,8015
2026-03-19 08:55:00,1938.0,1938.5999755859375,1935.0,1935.0,8248
2026-03-19 09:00:00,1936.699951171875,1938.9000244140625,1935.0999755859375,1937.4000244140625,11896
2026-03-19 09:05:00,1937.699951171875,1940.800048828125,1936.199951171875,1936.300048828125,21346
2026-03-19 09:10:00,1936.199951171875,1944.800048828125,1936.199951171875,1943.0,50254
2026-03-19 09:15:00,1943.5,1945.5999755859375,1938.0,1940.0,27283
2026-03-19 09:20:00,1940.0,1941.0,1934.699951171875,1936.5,30310
2026-03-19 09:25:00,1936.300048828125,1938.5999755859375,1930.0,1933.300048828125,42101
2026-03-19 09:30:00,1933.300048828125,1942.0999755859375,1930.0,1937.0,57904
2026-03-19 09:35:00,1937.0999755859375,1937.0999755859375,1933.0,1935.300048828125,31187
2026-03-19 09:40:00,1936.300048828125,1940.4000244140625,1933.5999755859375,1935.800048828125,33565
2026-03-19 09:45:00,1936.300048828125,1939.5999755859375,1933.699951171875,1938.0999755859375,57335
2026-03-19 09:50:00,1938.300048828125,1941.9000244140625,1936.199951171875,1938.5999755859375,55385
2026-03-19 09:55:00,1938.699951171875,1941.0,1931.699951171875,1939.0,50263
2026-03-20 03:45:00,1952.0,1959.0999755859375,1948.300048828125,1959.0999755859375,0
2026-03-20 03:50:00,1961.4000244140625,1961.4000244140625,1956.199951171875,1961.300048828125,37412
2026-03-20 03:55:00,1962.9000244140625,1966.0,1958.4000244140625,1966.0,22674
2026-03-20 04:00:00,1966.0,1972.9000244140625,1963.699951171875,1972.9000244140625,30921
2026-03-20 04:05:00,1972.9000244140625,1973.0999755859375,1966.5,1969.0999755859375,21378
2026-03-20 04:10:00,1969.5,1969.5,1963.0,1964.5,16857
2026-03-20 04:15:00,1963.300048828125,1965.0,1962.300048828125,1963.5999755859375,8731
2026-03-20 04:20:00,1963.800048828125,1966.699951171875,1962.199951171875,1965.0,7173
2026-03-20 04:25:00,1965.0,1966.699951171875,1960.5999755859375,1963.199951171875,8566
2026-03-20 04:30:00,1964.0,1964.4000244140625,1957.5999755859375,1960.5,20383
2026-03-20 04:35:00,1958.4000244140625,1963.5999755859375,1958.4000244140625,1960.0,11522
2026-03-20 04:40:00,1959.5,1960.5999755859375,1957.9000244140625,1959.199951171875,3612
2026-03-20 04:45:00,1959.199951171875,1959.199951171875,1953.0,1956.5,6678
2026-03-20 04:50:00,1956.4000244140625,1957.0,1954.5,1956.0999755859375,5459
2026-03-20 04:55:00,1956.4000244140625,1959.0,1954.5999755859375,1959.0,5316
2026-03-20 05:00:00,1958.9000244140625,1962.800048828125,1958.699951171875,1961.0999755859375,6764
2026-03-20 05:05:00,1961.5,1962.699951171875,1959.9000244140625,1960.300048828125,4304
2026-03-20 05:10:00,1961.0,1961.4000244140625,1959.5999755859375,1960.5,4595
2026-03-20 05:15:00,1960.0999755859375,1962.0,1955.5,1957.5,26806
2026-03-20 05:20:00,1959.5999755859375,1959.699951171875,1957.5999755859375,1958.9000244140625,2958
2026-03-20 05:25:00,1958.9000244140625,1960.0,1957.0999755859375,1958.699951171875,4544
2026-03-20 05:30:00,1958.0,1958.9000244140625,1952.0,1952.800048828125,17517
2026-03-20 05:35:00,1952.800048828125,1954.800048828125,1951.800048828125,1953.0,3097
2026-03-20 05:40:00,1953.9000244140625,1954.0,1949.0999755859375,1950.0,53741
2026-03-20 05:45:00,1949.800048828125,1950.0,1948.9000244140625,1950.0,26205
2026-03-20 05:50:00,1949.5999755859375,1960.0,1949.4000244140625,1957.699951171875,40256
2026-03-20 05:55:00,1957.5999755859375,1957.5999755859375,1954.0999755859375,1955.0999755859375,5532
2026-03-20 06:00:00,1954.5,1962.0,1954.5,1959.699951171875,23869
2026-03-20 06:05:00,1959.199951171875,1959.199951171875,1953.5,1953.5,4765
2026-03-20 06:10:00,1952.0,1954.5,1950.0999755859375,1952.0999755859375,6759
2026-03-20 06:15:00,1951.5999755859375,1952.9000244140625,1950.4000244140625,1952.0,1481
2026-03-20 06:20:00,1952.0,1952.0,1947.5,1947.5,9320
2026-03-20 06:25:00,1947.800048828125,1948.5,1944.199951171875,1946.0,15785
2026-03-20 06:30:00,1946.0,1946.699951171875,1943.5,1944.9000244140625,4864
2026-03-20 06:35:00,1944.9000244140625,1944.9000244140625,1940.0,1940.5999755859375,8666
2026-03-20 06:40:00,1940.5999755859375,1943.699951171875,1940.0,1943.5,9433
2026-03-20 06:45:00,1943.4000244140625,1943.4000244140625,1938.4000244140625,1938.9000244140625,6268
2026-03-20 06:50:00,1939.9000244140625,1939.9000244140625,1936.4000244140625,1936.800048828125,18335
2026-03-20 06:55:00,1937.199951171875,1937.199951171875,1935.0,1936.800048828125,5879
2026-03-20 07:00:00,1936.699951171875,1940.9000244140625,1933.0,1940.199951171875,13388
2026-03-20 07:05:00,1940.199951171875,1943.300048828125,1939.0,1943.0,9796
2026-03-20 07:10:00,1943.0,1944.5,1942.199951171875,1943.300048828125,8721
2026-03-20 07:15:00,1943.300048828125,1944.0,1942.199951171875,1942.5,5740
2026-03-20 07:20:00,1941.800048828125,1946.0,1940.699951171875,1944.300048828125,5450
2026-03-20 07:25:00,1943.699951171875,1945.5999755859375,1941.199951171875,1942.0,2820
2026-03-20 07:30:00,1940.5999755859375,1944.5,1940.199951171875,1944.199951171875,7653
2026-03-20 07:35:00,1944.199951171875,1945.5,1943.0,1945.4000244140625,3043
2026-03-20 07:40:00,1944.5999755859375,1945.0,1943.199951171875,1944.5,1363
2026-03-20 07:45:00,1944.5,1948.5,1943.9000244140625,1944.9000244140625,7293
2026-03-20 07:50:00,1945.0,1947.5,1943.4000244140625,1945.800048828125,5190
2026-03-20 07:55:00,1946.0,1950.0,1946.0,1947.5,7732
2026-03-20 08:00:00,1948.5999755859375,1949.0,1945.0999755859375,1945.9000244140625,3791
2026-03-20 08:05:00,1945.0999755859375,1949.5,1945.0999755859375,1949.5,4747
2026-03-20 08:10:00,1949.5999755859375,1949.5999755859375,1945.0,1945.0,4308
2026-03-20 08:15:00,1945.300048828125,1945.5,1943.0,1943.0,3965
2026-03-20 08:20:00,1942.0,1944.5,1942.0,1944.300048828125,6100
2026-03-20 08:25:00,1944.300048828125,1946.0,1941.0999755859375,1941.0999755859375,3861
2026-03-20 08:30:00,1941.0,1947.5999755859375,1941.0,1945.300048828125,5705
2026-03-20 08:35:00,1947.0,1947.4000244140625,1943.199951171875,1944.300048828125,5901
2026-03-20 08:40:00,1944.199951171875,1945.0,1941.0,1942.0,12426
2026-03-20 08:45:00,1942.0,1943.0999755859375,1940.4000244140625,1943.0999755859375,5715
2026-03-20 08:50:00,1942.5999755859375,1944.0999755859375,1938.9000244140625,1941.9000244140625,7634
2026-03-20 08:55:00,1941.0,1941.5,1938.9000244140625,1939.699951171875,1945
2026-03-20 09:00:00,1939.0,1942.0,1938.0,1941.800048828125,4495
2026-03-20 09:05:00,1941.4000244140625,1941.5,1936.0999755859375,1937.699951171875,7034
2026-03-20 09:10:00,1938.699951171875,1938.9000244140625,1933.5,1934.0999755859375,10841
2026-03-20 09:15:00,1933.4000244140625,1936.5,1931.300048828125,1934.5,10576
2026-03-20 09:20:00,1934.5,1934.9000244140625,1931.0,1933.300048828125,8656
2026-03-20 09:25:00,1933.9000244140625,1936.800048828125,1932.699951171875,1936.0,6695
2026-03-20 09:30:00,1936.0,1936.0,1930.0,1930.5999755859375,69063
2026-03-20 09:35:00,1931.199951171875,1932.300048828125,1929.699951171875,1929.800048828125,33636
2026-03-20 09:40:00,1929.699951171875,1930.5,1924.300048828125,1926.300048828125,62533
2026-03-20 09:45:00,1926.5,1927.800048828125,1921.0,1922.9000244140625,54803
2026-03-20 09:50:00,1922.699951171875,1929.0,1922.300048828125,1927.4000244140625,76948
2026-03-20 09:55:00,1927.300048828125,1929.300048828125,1922.800048828125,1928.9000244140625,80093
2026-03-23 03:45:00,1888.0999755859375,1903.199951171875,1886.699951171875,1888.800048828125,0
2026-03-23 03:50:00,1887.9000244140625,1893.5,1880.300048828125,1880.300048828125,51499
2026-03-23 03:55:00,1880.5999755859375,1884.0,1880.0999755859375,1880.0999755859375,20258
2026-03-23 04:00:00,1879.699951171875,1885.5,1879.199951171875,1885.5,34285
2026-03-23 04:05:00,1884.5999755859375,1891.9000244140625,1884.5999755859375,1890.0,28002
2026-03-23 04:10:00,1890.0,1890.4000244140625,1881.699951171875,1884.5999755859375,30337
2026-03-23 04:15:00,1883.699951171875,1884.800048828125,1875.4000244140625,1877.699951171875,31660
2026-03-23 04:20:00,1876.800048828125,1877.199951171875,1868.199951171875,1868.9000244140625,47406
2026-03-23 04:25:00,1869.5,1872.800048828125,1866.300048828125,1869.300048828125,21642
2026-03-23 04:30:00,1869.5,1879.199951171875,1867.300048828125,1877.800048828125,82853
2026-03-23 04:35:00,1877.800048828125,1879.5,1864.300048828125,1867.5,27918
2026-03-23 04:40:00,1867.199951171875,1867.300048828125,1856.0,1856.9000244140625,48662
2026-03-23 04:45:00,1857.5,1857.699951171875,1852.0,1854.199951171875,42087
2026-03-23 04:50:00,1853.800048828125,1854.5999755859375,1851.0,1851.300048828125,42594
2026-03-23 04:55:00,1851.199951171875,1854.199951171875,1845.5999755859375,1848.800048828125,47506
2026-03-23 05:00:00,1847.9000244140625,1852.0999755859375,1847.800048828125,1848.800048828125,17995
2026-03-23 05:05:00,1848.300048828125,1857.5999755859375,1848.300048828125,1849.699951171875,28541
2026-03-23 05:10:00,1849.300048828125,1850.199951171875,1846.300048828125,1846.800048828125,22793
2026-03-23 05:15:00,1847.0,1848.800048828125,1845.199951171875,1848.4000244140625,13579
2026-03-23 05:20:00,1848.4000244140625,1848.4000244140625,1841.800048828125,1843.800048828125,18246
2026-03-23 05:25:00,1843.699951171875,1845.4000244140625,1841.199951171875,1842.0999755859375,17778
2026-03-23 05:30:00,1841.4000244140625,1842.300048828125,1835.0,1840.0,36741
2026-03-23 05:35:00,1839.699951171875,1843.5999755859375,1836.9000244140625,1840.5999755859375,43582
2026-03-23 05:40:00,1840.699951171875,1840.699951171875,1833.800048828125,1835.5,46489
2026-03-23 05:45:00,1835.0,1835.5,1828.0999755859375,1828.9000244140625,34430
2026-03-23 05:50:00,1829.0,1835.9000244140625,1828.800048828125,1833.5999755859375,16920
2026-03-23 05:55:00,1833.5,1835.0,1830.5,1834.699951171875,10691
2026-03-23 06:00:00,1834.4000244140625,1839.9000244140625,1831.0,1832.699951171875,17550
2026-03-23 06:05:00,1832.699951171875,1834.5,1831.0,1833.199951171875,8217
2026-03-23 06:10:00,1833.300048828125,1839.699951171875,1831.9000244140625,1833.699951171875,40644
2026-03-23 06:15:00,1833.4000244140625,1834.199951171875,1831.800048828125,1833.0,14416
2026-03-23 06:20:00,1833.0,1839.0999755859375,1832.5999755859375,1836.199951171875,17441
2026-03-23 06:25:00,1837.0,1838.0,1833.5,1835.9000244140625,7395
2026-03-23 06:30:00,1835.9000244140625,1837.199951171875,1832.0999755859375,1833.9000244140625,10212
2026-03-23 06:35:00,1833.800048828125,1835.699951171875,1831.199951171875,1835.699951171875,20865
2026-03-23 06:40:00,1835.800048828125,1844.4000244140625,1835.0,1836.0999755859375,17723
2026-03-23 06:45:00,1835.0999755859375,1835.699951171875,1830.0999755859375,1831.0999755859375,30301
2026-03-23 06:50:00,1830.5,1832.0,1830.0999755859375,1830.800048828125,18769
2026-03-23 06:55:00,1829.0999755859375,1833.0,1826.5999755859375,1832.5,48600
2026-03-23 07:00:00,1832.0,1835.0,1830.199951171875,1832.4000244140625,16414
2026-03-23 07:05:00,1833.0999755859375,1837.300048828125,1831.699951171875,1832.9000244140625,15637
2026-03-23 07:10:00,1833.0,1834.699951171875,1829.0,1833.9000244140625,21634
2026-03-23 07:15:00,1833.300048828125,1834.0,1829.4000244140625,1832.4000244140625,14901
2026-03-23 07:20:00,1832.4000244140625,1832.5999755859375,1828.5,1828.9000244140625,35014
2026-03-23 07:25:00,1828.9000244140625,1829.0,1826.300048828125,1828.0999755859375,21575
2026-03-23 07:30:00,1828.5999755859375,1828.5999755859375,1826.0,1826.800048828125,9324
2026-03-23 07:35:00,1826.800048828125,1831.0,1826.0999755859375,1826.699951171875,12906
2026-03-23 07:40:00,1826.0,1827.5,1823.0999755859375,1827.0,52123
2026-03-23 07:45:00,1827.0999755859375,1832.5999755859375,1827.0,1830.300048828125,20318
2026-03-23 07:50:00,1828.800048828125,1831.800048828125,1828.0999755859375,1831.0999755859375,9638
2026-03-23 07:55:00,1831.0999755859375,1832.800048828125,1827.199951171875,1828.5999755859375,23388
2026-03-23 08:00:00,1828.300048828125,1832.9000244140625,1828.300048828125,1831.199951171875,15594
2026-03-23 08:05:00,1832.0,1834.9000244140625,1830.5999755859375,1832.699951171875,17752
2026-03-23 08:10:00,1832.699951171875,1837.699951171875,1832.5,1836.699951171875,32861
2026-03-23 08:15:00,1836.699951171875,1841.5999755859375,1834.5999755859375,1841.4000244140625,23214
2026-03-23 08:20:00,1840.699951171875,1843.699951171875,1837.0,1840.5999755859375,54414
2026-03-23 08:25:00,1841.0,1844.0,1838.4000244140625,1839.0,25623
2026-03-23 08:30:00,1838.9000244140625,1845.0,1837.0,1844.699951171875,27849
2026-03-23 08:35:00,1844.0,1844.699951171875,1838.4000244140625,1840.9000244140625,24901
2026-03-23 08:40:00,1841.300048828125,1843.5999755859375,1838.5,1840.4000244140625,18792
2026-03-23 08:45:00,1840.5,1843.800048828125,1839.0,1841.5,14774
2026-03-23 08:50:00,1842.0999755859375,1842.800048828125,1837.5999755859375,1837.5999755859375,20467
2026-03-23 08:55:00,1837.5,1837.5,1830.0999755859375,1831.0999755859375,38974
2026-03-23 09:00:00,1831.0,1832.0,1825.0,1825.9000244140625,38740
2026-03-23 09:05:00,1826.5999755859375,1829.300048828125,1822.0999755859375,1823.699951171875,39310
2026-03-23 09:10:00,1822.9000244140625,1830.0,1820.5999755859375,1827.4000244140625,41773
2026-03-23 09:15:00,1827.4000244140625,1829.800048828125,1825.5,1828.9000244140625,21197
2026-03-23 09:20:00,1828.5999755859375,1833.0,1828.5,1828.9000244140625,33146
2026-03-23 09:25:00,1829.0999755859375,1830.5999755859375,1825.0,1830.0,30389
2026-03-23 09:30:00,1829.9000244140625,1834.9000244140625,1825.300048828125,1829.0999755859375,56248
2026-03-23 09:35:00,1828.800048828125,1832.5999755859375,1825.199951171875,1831.0999755859375,66891
2026-03-23 09:40:00,1831.0999755859375,1835.0,1830.800048828125,1833.0,62000
2026-03-23 09:45:00,1832.5999755859375,1837.199951171875,1831.0999755859375,1835.800048828125,88054
2026-03-23 09:50:00,1835.300048828125,1838.0,1834.300048828125,1836.0,85818
2026-03-23 09:55:00,1835.199951171875,1835.300048828125,1829.0,1831.0,40069
2026-03-24 03:45:00,1881.699951171875,1885.699951171875,1856.300048828125,1860.0,0
2026-03-24 03:50:00,1861.199951171875,1866.9000244140625,1854.0,1866.199951171875,52961
2026-03-24 03:55:00,1867.5999755859375,1882.800048828125,1866.5999755859375,1879.4000244140625,156670
2026-03-24 04:00:00,1880.4000244140625,1881.5,1874.0,1878.0999755859375,36632
2026-03-24 04:05:00,1878.0,1879.0999755859375,1870.0,1872.300048828125,23707
2026-03-24 04:10:00,1872.300048828125,1874.9000244140625,1866.699951171875,1866.699951171875,24473
2026-03-24 04:15:00,1867.0999755859375,1867.199951171875,1861.199951171875,1862.0,17571
2026-03-24 04:20:00,1861.9000244140625,1867.699951171875,1861.199951171875,1866.0,15698
2026-03-24 04:25:00,1866.300048828125,1870.5,1862.300048828125,1865.5,19643
2026-03-24 04:30:00,1865.699951171875,1866.0,1855.800048828125,1857.4000244140625,19216
2026-03-24 04:35:00,1856.5999755859375,1860.0999755859375,1852.199951171875,1853.4000244140625,31686
2026-03-24 04:40:00,1852.9000244140625,1854.699951171875,1850.0,1852.0,23825
2026-03-24 04:45:00,1851.4000244140625,1857.5999755859375,1850.5999755859375,1852.300048828125,15326
2026-03-24 04:50:00,1852.5999755859375,1855.0,1850.0,1853.0,16323
2026-03-24 04:55:00,1854.0,1854.199951171875,1848.0999755859375,1848.300048828125,31752
2026-03-24 05:00:00,1848.4000244140625,1849.0,1837.300048828125,1839.300048828125,57225
2026-03-24 05:05:00,1838.5,1840.0,1835.199951171875,1837.800048828125,55364
2026-03-24 05:10:00,1838.0,1841.699951171875,1835.0999755859375,1837.4000244140625,207246
2026-03-24 05:15:00,1837.4000244140625,1841.0,1834.0,1837.5,54612
2026-03-24 05:20:00,1838.300048828125,1838.5,1831.0,1832.4000244140625,181267
2026-03-24 05:25:00,1833.300048828125,1835.0,1827.9000244140625,1830.0999755859375,47202
2026-03-24 05:30:00,1829.699951171875,1834.5999755859375,1827.5,1829.9000244140625,98315
2026-03-24 05:35:00,1829.800048828125,1833.0,1826.4000244140625,1826.4000244140625,42278
2026-03-24 05:40:00,1827.199951171875,1829.699951171875,1825.5,1825.5,65872
2026-03-24 05:45:00,1826.0,1829.9000244140625,1825.9000244140625,1826.5,202247
2026-03-24 05:50:00,1827.4000244140625,1829.0,1826.0999755859375,1826.0999755859375,169991
2026-03-24 05:55:00,1826.300048828125,1834.9000244140625,1824.300048828125,1830.300048828125,191432
2026-03-24 06:00:00,1830.4000244140625,1836.0,1830.0,1832.300048828125,183092
2026-03-24 06:05:00,1832.0999755859375,1836.5999755859375,1832.0999755859375,1836.5999755859375,142947
2026-03-24 06:10:00,1838.0999755859375,1842.800048828125,1832.9000244140625,1833.0,250092
2026-03-24 06:15:00,1833.0,1841.5999755859375,1831.800048828125,1837.4000244140625,117894
2026-03-24 06:20:00,1837.5999755859375,1838.0,1833.699951171875,1835.199951171875,24905
2026-03-24 06:25:00,1835.199951171875,1838.199951171875,1833.5,1834.0999755859375,128002
2026-03-24 06:30:00,1833.5,1835.0999755859375,1830.699951171875,1831.0,25161
2026-03-24 06:35:00,1831.5,1836.0,1828.800048828125,1834.699951171875,61182
2026-03-24 06:40:00,1833.9000244140625,1836.0,1833.9000244140625,1834.800048828125,204629
2026-03-24 06:45:00,1835.5999755859375,1839.4000244140625,1835.5,1839.199951171875,42655
2026-03-24 06:50:00,1839.199951171875,1858.800048828125,1839.0,1858.5,115099
2026-03-24 06:55:00,1858.300048828125,1863.800048828125,1842.0,1845.4000244140625,129312
2026-03-24 07:00:00,1846.800048828125,1848.800048828125,1844.0999755859375,1845.5,123714
2026-03-24 07:05:00,1848.0999755859375,1852.5999755859375,1844.5999755859375,1847.0,441836
2026-03-24 07:10:00,1847.0,1850.5999755859375,1845.0,1846.0,181617
2026-03-24 07:15:00,1846.199951171875,1850.199951171875,1844.300048828125,1847.699951171875,113200
2026-03-24 07:20:00,1848.0,1849.300048828125,1842.5,1843.9000244140625,128793
2026-03-24 07:25:00,1842.699951171875,1844.699951171875,1837.0999755859375,1844.5,35116
2026-03-24 07:30:00,1844.199951171875,1845.0,1836.300048828125,1837.199951171875,45372
2026-03-24 07:35:00,1836.5,1843.0,1835.0,1841.0,60555
2026-03-24 07:40:00,1840.5,1847.0,1840.0,1844.5999755859375,28257
2026-03-24 07:45:00,1844.5999755859375,1845.199951171875,1840.9000244140625,1843.0,29496
2026-03-24 07:50:00,1842.9000244140625,1843.800048828125,1839.5999755859375,1841.300048828125,95365
2026-03-24 07:55:00,1840.0999755859375,1845.0,1840.0,1843.0999755859375,59153
2026-03-24 08:00:00,1842.5,1844.0,1840.199951171875,1843.0999755859375,84386
2026-03-24 08:05:00,1842.9000244140625,1846.0,1840.0,1841.199951171875,53493
2026-03-24 08:10:00,1841.199951171875,1850.5,1841.199951171875,1846.699951171875,46851
2026-03-24 08:15:00,1846.0,1848.0,1835.4000244140625,1837.0,40802
2026-03-24 08:20:00,1836.0,1837.0,1835.0,1835.0999755859375,165165
2026-03-24 08:25:00,1835.0,1837.5,1833.4000244140625,1836.0999755859375,38764
2026-03-24 08:30:00,1835.9000244140625,1839.300048828125,1833.0,1838.0999755859375,26978
2026-03-24 08:35:00,1838.9000244140625,1841.699951171875,1824.0,1827.0999755859375,164686
2026-03-24 08:40:00,1827.0,1831.199951171875,1826.4000244140625,1829.699951171875,30571
2026-03-24 08:45:00,1830.0999755859375,1837.300048828125,1830.0,1834.9000244140625,33301
2026-03-24 08:50:00,1834.199951171875,1838.0,1830.199951171875,1835.0999755859375,123338
2026-03-24 08:55:00,1835.0999755859375,1835.9000244140625,1830.800048828125,1832.5999755859375,26630
2026-03-24 09:00:00,1832.9000244140625,1836.800048828125,1831.0,1833.5,21420
2026-03-24 09:05:00,1832.4000244140625,1835.0,1824.0,1825.5999755859375,51161
2026-03-24 09:10:00,1825.5999755859375,1826.9000244140625,1818.5,1819.0,187936
2026-03-24 09:15:00,1819.0999755859375,1823.9000244140625,1819.0,1819.9000244140625,3211963
2026-03-24 09:20:00,1820.0999755859375,1820.199951171875,1818.0,1820.0,709579
2026-03-24 09:25:00,1820.0,1821.0,1819.0,1820.0999755859375,333767
2026-03-24 09:30:00,1820.0,1820.0,1814.0,1815.0,352371
2026-03-24 09:35:00,1815.0,1822.800048828125,1814.5999755859375,1822.300048828125,248098
2026-03-24 09:40:00,1822.800048828125,1822.9000244140625,1818.199951171875,1821.0,110773
2026-03-24 09:45:00,1821.0,1821.199951171875,1819.0999755859375,1819.199951171875,116724
2026-03-24 09:50:00,1820.0,1820.0999755859375,1817.199951171875,1818.0,108823
2026-03-24 09:55:00,1817.699951171875,1830.0,1816.800048828125,1825.199951171875,147134
2026-03-25 03:45:00,1839.5999755859375,1860.0,1839.5999755859375,1858.0,0
2026-03-25 03:50:00,1858.9000244140625,1865.5999755859375,1858.0,1865.4000244140625,96273
2026-03-25 03:55:00,1864.800048828125,1878.300048828125,1864.800048828125,1876.5,98689
2026-03-25 04:00:00,1876.4000244140625,1883.0,1875.800048828125,1879.5,56463
2026-03-25 04:05:00,1880.4000244140625,1883.0,1871.9000244140625,1874.0,97117
2026-03-25 04:10:00,1873.699951171875,1877.0,1871.0,1876.0,25345
2026-03-25 04:15:00,1876.300048828125,1881.0,1874.0999755859375,1878.0,40361
2026-03-25 04:20:00,1878.5999755859375,1879.0,1874.0,1876.5,47096
2026-03-25 04:25:00,1876.5,1879.9000244140625,1873.5,1877.0,47147
2026-03-25 04:30:00,1877.0,1882.4000244140625,1875.800048828125,1881.800048828125,39212
2026-03-25 04:35:00,1881.800048828125,1883.0999755859375,1877.0,1881.0,29725
2026-03-25 04:40:00,1881.4000244140625,1886.9000244140625,1880.300048828125,1884.0,40615
2026-03-25 04:45:00,1884.0,1884.5999755859375,1875.0999755859375,1875.0999755859375,33378
2026-03-25 04:50:00,1876.300048828125,1880.0,1875.4000244140625,1880.0,58496
2026-03-25 04:55:00,1881.199951171875,1885.0,1880.0,1884.300048828125,27015
2026-03-25 05:00:00,1885.0,1889.9000244140625,1884.4000244140625,1889.199951171875,39213
2026-03-25 05:05:00,1888.4000244140625,1889.300048828125,1886.0,1887.5999755859375,25059
2026-03-25 05:10:00,1887.4000244140625,1895.699951171875,1885.699951171875,1895.699951171875,53502
2026-03-25 05:15:00,1895.0,1899.5999755859375,1894.0999755859375,1897.9000244140625,65399
2026-03-25 05:20:00,1897.800048828125,1907.5999755859375,1897.699951171875,1906.199951171875,74070
2026-03-25 05:25:00,1906.9000244140625,1909.9000244140625,1903.800048828125,1904.4000244140625,55425
2026-03-25 05:30:00,1904.4000244140625,1907.699951171875,1901.9000244140625,1902.5,27228
2026-03-25 05:35:00,1902.9000244140625,1909.5,1902.800048828125,1907.9000244140625,22336
2026-03-25 05:40:00,1908.699951171875,1909.5,1905.199951171875,1907.0,13850
2026-03-25 05:45:00,1907.0,1907.0,1903.5999755859375,1904.5,9240
2026-03-25 05:50:00,1905.0,1905.0,1900.0,1901.199951171875,15500
2026-03-25 05:55:00,1901.4000244140625,1902.199951171875,1899.300048828125,1901.300048828125,13303
2026-03-25 06:00:00,1901.300048828125,1904.9000244140625,1900.699951171875,1902.0,19101
2026-03-25 06:05:00,1902.0,1903.4000244140625,1896.5,1898.5999755859375,32057
2026-03-25 06:10:00,1898.5,1900.0,1896.5,1898.0999755859375,16443
2026-03-25 06:15:00,1898.5999755859375,1906.699951171875,1898.0999755859375,1905.800048828125,23402
2026-03-25 06:20:00,1905.800048828125,1909.300048828125,1905.800048828125,1907.0,22357
2026-03-25 06:25:00,1907.0999755859375,1908.5999755859375,1904.300048828125,1906.5,16011
2026-03-25 06:30:00,1907.4000244140625,1907.5,1903.300048828125,1907.300048828125,18483
2026-03-25 06:35:00,1907.0999755859375,1908.5,1905.9000244140625,1906.800048828125,19405
2026-03-25 06:40:00,1906.0999755859375,1909.9000244140625,1905.0,1909.800048828125,16666
2026-03-25 06:45:00,1909.4000244140625,1910.9000244140625,1907.5999755859375,1910.9000244140625,38163
2026-03-25 06:50:00,1910.0,1910.800048828125,1906.300048828125,1906.300048828125,19915
2026-03-25 06:55:00,1908.0,1908.0,1904.4000244140625,1906.699951171875,20150
2026-03-25 07:00:00,1906.0999755859375,1908.9000244140625,1904.699951171875,1905.699951171875,16605
2026-03-25 07:05:00,1905.0,1906.5,1901.0999755859375,1901.5,19005
2026-03-25 07:10:00,1901.9000244140625,1902.4000244140625,1898.199951171875,1902.0,22187
2026-03-25 07:15:00,1902.0999755859375,1903.5,1901.0,1902.5999755859375,12031
2026-03-25 07:20:00,1902.5,1903.0,1897.5,1897.5,27045
2026-03-25 07:25:00,1897.800048828125,1899.4000244140625,1893.0999755859375,1895.5,35953
2026-03-25 07:30:00,1894.800048828125,1899.199951171875,1894.0,1898.800048828125,21974
2026-03-25 07:35:00,1898.800048828125,1901.0,1895.699951171875,1896.5,59918
2026-03-25 07:40:00,1896.699951171875,1899.4000244140625,1896.0999755859375,1898.5,8064
2026-03-25 07:45:00,1898.199951171875,1900.0,1896.5,1897.699951171875,10539
2026-03-25 07:50:00,1898.699951171875,1900.0,1895.5999755859375,1898.0,18476
2026-03-25 07:55:00,1898.0,1902.0,1897.300048828125,1899.5999755859375,28074
2026-03-25 08:00:00,1899.5999755859375,1904.300048828125,1898.9000244140625,1904.300048828125,33126
2026-03-25 08:05:00,1904.300048828125,1905.0,1901.5,1903.0,29416
2026-03-25 08:10:00,1903.0,1903.0,1898.199951171875,1901.699951171875,9704
2026-03-25 08:15:00,1901.9000244140625,1903.300048828125,1901.0,1902.5999755859375,5805
2026-03-25 08:20:00,1902.5999755859375,1904.4000244140625,1901.699951171875,1902.699951171875,5547
2026-03-25 08:25:00,1902.699951171875,1903.699951171875,1899.0999755859375,1900.800048828125,8268
2026-03-25 08:30:00,1900.9000244140625,1903.9000244140625,1900.199951171875,1901.4000244140625,13827
2026-03-25 08:35:00,1901.4000244140625,1901.4000244140625,1892.800048828125,1894.0,30191
2026-03-25 08:40:00,1894.0,1896.300048828125,1891.5,1891.5,20075
2026-03-25 08:45:00,1891.5,1893.0,1890.0999755859375,1890.699951171875,17394
2026-03-25 08:50:00,1889.5,1892.5999755859375,1885.0,1885.0,35055
2026-03-25 08:55:00,1885.4000244140625,1886.800048828125,1882.800048828125,1886.0,39122
2026-03-25 09:00:00,1886.0999755859375,1890.0,1885.0999755859375,1888.5,27252
2026-03-25 09:05:00,1887.5999755859375,1890.5999755859375,1886.0999755859375,1889.699951171875,28994
2026-03-25 09:10:00,1889.9000244140625,1893.9000244140625,1889.9000244140625,1892.699951171875,25808
2026-03-25 09:15:00,1893.4000244140625,1894.699951171875,1887.0,1887.9000244140625,33383
2026-03-25 09:20:00,1888.4000244140625,1888.4000244140625,1884.4000244140625,1885.800048828125,27552
2026-03-25 09:25:00,1886.0,1890.800048828125,1886.0,1890.800048828125,22525
2026-03-25 09:30:00,1889.699951171875,1892.4000244140625,1885.5999755859375,1890.9000244140625,48785
2026-03-25 09:35:00,1890.9000244140625,1891.0,1887.0999755859375,1890.0,27965
2026-03-25 09:40:00,1890.0,1890.800048828125,1886.5999755859375,1886.5999755859375,44073
2026-03-25 09:45:00,1886.9000244140625,1888.0999755859375,1882.5,1883.0999755859375,50414
2026-03-25 09:50:00,1883.5,1885.0,1882.5,1883.5,50210
2026-03-25 09:55:00,1883.800048828125,1888.800048828125,1882.0,1886.5999755859375,35706
2026-03-27 03:45:00,1878.0,1878.0,1857.5,1859.4000244140625,0
2026-03-27 03:50:00,1858.0,1873.5999755859375,1855.800048828125,1865.5,58241
2026-03-27 03:55:00,1865.5999755859375,1870.5,1862.5999755859375,1866.699951171875,35367
2026-03-27 04:00:00,1866.5,1869.5999755859375,1858.5,1858.9000244140625,48239
2026-03-27 04:05:00,1858.5,1861.300048828125,1857.699951171875,1859.0,29299
2026-03-27 04:10:00,1862.0,1864.300048828125,1857.4000244140625,1862.699951171875,33559
2026-03-27 04:15:00,1862.699951171875,1866.199951171875,1860.5,1864.0999755859375,15266
2026-03-27 04:20:00,1863.800048828125,1864.0999755859375,1859.5,1860.5,17320
2026-03-27 04:25:00,1860.0999755859375,1860.5,1852.699951171875,1853.5999755859375,38759
2026-03-27 04:30:00,1853.199951171875,1857.0,1851.5,1855.0999755859375,27951
2026-03-27 04:35:00,1855.0,1855.0,1850.0999755859375,1852.0,24450
2026-03-27 04:40:00,1851.199951171875,1851.800048828125,1848.0,1849.0,46220
2026-03-27 04:45:00,1849.199951171875,1849.800048828125,1843.800048828125,1844.4000244140625,16391
2026-03-27 04:50:00,1843.300048828125,1847.199951171875,1841.5,1846.5,36128
2026-03-27 04:55:00,1846.800048828125,1846.800048828125,1841.5,1842.0,29330
2026-03-27 05:00:00,1842.0,1849.300048828125,1841.0999755859375,1844.5999755859375,31155
2026-03-27 05:05:00,1844.5999755859375,1848.0,1843.300048828125,1847.5999755859375,19081
2026-03-27 05:10:00,1847.5,1849.4000244140625,1844.5,1845.0,49366
2026-03-27 05:15:00,1844.0,1848.199951171875,1843.800048828125,1846.800048828125,91293
2026-03-27 05:20:00,1846.800048828125,1848.0,1842.199951171875,1842.5999755859375,16917
2026-03-27 05:25:00,1842.800048828125,1846.800048828125,1842.0999755859375,1843.300048828125,15067
2026-03-27 05:30:00,1843.800048828125,1850.0,1843.0999755859375,1849.0999755859375,16505
2026-03-27 05:35:00,1849.5,1850.199951171875,1847.5,1849.5,7657
2026-03-27 05:40:00,1850.0,1852.5,1846.300048828125,1848.5,22106
2026-03-27 05:45:00,1848.9000244140625,1849.5,1846.5999755859375,1847.699951171875,8857
2026-03-27 05:50:00,1846.9000244140625,1847.699951171875,1843.0999755859375,1843.0999755859375,8317
2026-03-27 05:55:00,1843.199951171875,1844.0999755859375,1840.0999755859375,1842.4000244140625,17099
2026-03-27 06:00:00,1842.4000244140625,1844.300048828125,1841.0999755859375,1841.199951171875,7614
2026-03-27 06:05:00,1842.0999755859375,1845.9000244140625,1841.800048828125,1842.300048828125,7511
2026-03-27 06:10:00,1842.699951171875,1843.199951171875,1840.0999755859375,1841.699951171875,17163
2026-03-27 06:15:00,1840.800048828125,1841.9000244140625,1838.0,1838.0,34424
2026-03-27 06:20:00,1838.300048828125,1842.0,1837.300048828125,1841.0999755859375,19574
2026-03-27 06:25:00,1841.4000244140625,1841.4000244140625,1835.300048828125,1837.0,15931
2026-03-27 06:30:00,1836.5,1836.9000244140625,1832.0999755859375,1834.699951171875,18654
2026-03-27 06:35:00,1834.5999755859375,1835.4000244140625,1832.5999755859375,1834.800048828125,16617
2026-03-27 06:40:00,1834.199951171875,1834.9000244140625,1832.699951171875,1832.800048828125,11452
2026-03-27 06:45:00,1832.800048828125,1833.5999755859375,1829.199951171875,1829.199951171875,24775
2026-03-27 06:50:00,1829.699951171875,1833.0,1829.199951171875,1831.0,13812
2026-03-27 06:55:00,1831.699951171875,1838.0,1831.0,1836.4000244140625,18199
2026-03-27 07:00:00,1836.0,1837.0,1833.0999755859375,1835.0,6631
2026-03-27 07:05:00,1835.0,1836.0,1830.199951171875,1832.4000244140625,9370
2026-03-27 07:10:00,1832.5,1833.300048828125,1830.0999755859375,1833.300048828125,16290
2026-03-27 07:15:00,1833.0,1833.5,1829.300048828125,1833.5,21196
2026-03-27 07:20:00,1833.699951171875,1837.699951171875,1832.199951171875,1834.800048828125,16008
2026-03-27 07:25:00,1834.9000244140625,1835.699951171875,1833.300048828125,1834.800048828125,7407
2026-03-27 07:30:00,1834.5,1835.0999755859375,1830.199951171875,1830.199951171875,11859
2026-03-27 07:35:00,1830.699951171875,1831.5,1826.800048828125,1828.4000244140625,29450
2026-03-27 07:40:00,1828.4000244140625,1834.4000244140625,1827.0,1832.800048828125,12651
2026-03-27 07:45:00,1832.800048828125,1839.0999755859375,1831.800048828125,1837.300048828125,33762
2026-03-27 07:50:00,1837.0,1837.0,1832.0999755859375,1833.800048828125,14720
2026-03-27 07:55:00,1833.5,1835.9000244140625,1828.9000244140625,1829.0,16952
2026-03-27 08:00:00,1828.199951171875,1831.300048828125,1828.199951171875,1828.9000244140625,13012
2026-03-27 08:05:00,1829.0,1830.5,1826.800048828125,1827.0,15106
2026-03-27 08:10:00,1826.699951171875,1830.5,1826.0,1827.0,20238
2026-03-27 08:15:00,1827.199951171875,1829.0999755859375,1825.0999755859375,1826.5,21846
2026-03-27 08:20:00,1826.199951171875,1829.0,1825.0999755859375,1826.699951171875,16490
2026-03-27 08:25:00,1827.0,1829.4000244140625,1824.0999755859375,1826.5999755859375,31356
2026-03-27 08:30:00,1825.9000244140625,1828.199951171875,1824.300048828125,1828.199951171875,14068
2026-03-27 08:35:00,1827.9000244140625,1828.800048828125,1824.0999755859375,1827.4000244140625,26109
2026-03-27 08:40:00,1827.5999755859375,1828.9000244140625,1826.0,1828.199951171875,18620
2026-03-27 08:45:00,1828.199951171875,1830.0,1826.0,1827.0,26340
2026-03-27 08:50:00,1827.0,1828.0,1824.699951171875,1826.0999755859375,21227
2026-03-27 08:55:00,1826.0999755859375,1827.699951171875,1824.800048828125,1826.4000244140625,285615
2026-03-27 09:00:00,1826.0999755859375,1826.4000244140625,1820.199951171875,1821.0,53466
2026-03-27 09:05:00,1822.0,1824.5999755859375,1820.800048828125,1821.4000244140625,38434
2026-03-27 09:10:00,1821.0,1824.5,1820.300048828125,1820.800048828125,47180
2026-03-27 09:15:00,1820.800048828125,1822.0,1819.0,1820.9000244140625,55374
2026-03-27 09:20:00,1820.0,1823.699951171875,1820.0,1821.0,47953
2026-03-27 09:25:00,1821.0,1823.199951171875,1820.199951171875,1821.199951171875,40044
2026-03-27 09:30:00,1820.9000244140625,1821.699951171875,1816.5,1819.0999755859375,90179
2026-03-27 09:35:00,1819.300048828125,1822.800048828125,1818.9000244140625,1822.300048828125,97560
2026-03-27 09:40:00,1824.5,1825.4000244140625,1822.5,1823.199951171875,70623
2026-03-27 09:45:00,1822.300048828125,1826.0,1822.300048828125,1825.5999755859375,72670
2026-03-27 09:50:00,1825.699951171875,1826.5,1823.9000244140625,1826.5,96197
2026-03-27 09:55:00,1826.9000244140625,1826.9000244140625,1822.199951171875,1823.0,118768
2026-03-30 03:45:00,1814.0,1814.0,1796.0,1806.0999755859375,0
2026-03-30 03:50:00,1805.699951171875,1822.0,1804.800048828125,1820.4000244140625,70910
2026-03-30 03:55:00,1820.4000244140625,1824.300048828125,1818.0999755859375,1820.800048828125,45971
2026-03-30 04:00:00,1821.9000244140625,1833.0,1820.800048828125,1832.800048828125,111492
2026-03-30 04:05:00,1831.5999755859375,1837.800048828125,1825.699951171875,1829.699951171875,59263
2026-03-30 04:10:00,1828.9000244140625,1832.800048828125,1827.4000244140625,1830.0999755859375,53752
2026-03-30 04:15:00,1831.9000244140625,1831.9000244140625,1823.0,1824.699951171875,27572
2026-03-30 04:20:00,1824.699951171875,1829.300048828125,1822.0,1822.5,22596
2026-03-30 04:25:00,1822.5,1822.5,1816.5,1819.0,23481
2026-03-30 04:30:00,1819.5999755859375,1823.0999755859375,1818.5999755859375,1821.300048828125,43689
2026-03-30 04:35:00,1821.300048828125,1821.300048828125,1812.0,1812.300048828125,25704
2026-03-30 04:40:00,1812.800048828125,1812.800048828125,1802.5,1809.4000244140625,52140
2026-03-30 04:45:00,1809.4000244140625,1809.4000244140625,1802.5999755859375,1802.9000244140625,18568
2026-03-30 04:50:00,1804.300048828125,1804.300048828125,1798.4000244140625,1800.300048828125,42052
2026-03-30 04:55:00,1800.5,1801.0,1797.0,1797.800048828125,19071
2026-03-30 05:00:00,1797.699951171875,1798.4000244140625,1792.4000244140625,1793.0,30560
2026-03-30 05:05:00,1793.0,1798.199951171875,1792.199951171875,1797.5,32424
2026-03-30 05:10:00,1797.300048828125,1798.0999755859375,1790.0999755859375,1790.699951171875,18794
2026-03-30 05:15:00,1790.699951171875,1795.9000244140625,1789.199951171875,1795.9000244140625,29835
2026-03-30 05:20:00,1795.699951171875,1796.699951171875,1790.9000244140625,1791.199951171875,13739
2026-03-30 05:25:00,1791.199951171875,1795.800048828125,1790.0,1791.0,16923
2026-03-30 05:30:00,1790.800048828125,1791.699951171875,1787.4000244140625,1788.5999755859375,32507
2026-03-30 05:35:00,1788.9000244140625,1790.0,1787.199951171875,1787.199951171875,13061
2026-03-30 05:40:00,1787.0,1787.300048828125,1782.800048828125,1784.5,29941
2026-03-30 05:45:00,1784.5999755859375,1785.5,1782.0,1782.0,27552
2026-03-30 05:50:00,1782.4000244140625,1786.800048828125,1781.0,1782.0,19251
2026-03-30 05:55:00,1781.9000244140625,1782.699951171875,1779.9000244140625,1782.300048828125,20124
2026-03-30 06:00:00,1782.300048828125,1787.5,1780.0999755859375,1787.5,24485
2026-03-30 06:05:00,1791.800048828125,1794.4000244140625,1789.5999755859375,1790.0,34720
2026-03-30 06:10:00,1790.9000244140625,1792.4000244140625,1787.9000244140625,1791.199951171875,11146
2026-03-30 06:15:00,1791.199951171875,1791.199951171875,1785.5999755859375,1786.5,13427
2026-03-30 06:20:00,1786.9000244140625,1787.300048828125,1783.5,1785.800048828125,16355
2026-03-30 06:25:00,1786.0,1792.4000244140625,1786.0,1792.0999755859375,22730
2026-03-30 06:30:00,1792.5,1807.5,1791.5,1804.4000244140625,54343
2026-03-30 06:35:00,1804.9000244140625,1808.5,1800.0999755859375,1803.0,32158
2026-03-30 06:40:00,1803.0,1805.300048828125,1800.5999755859375,1802.5999755859375,12164
2026-03-30 06:45:00,1801.800048828125,1803.699951171875,1801.0,1801.300048828125,10459
2026-03-30 06:50:00,1801.4000244140625,1804.5,1795.5999755859375,1796.5,14599
2026-03-30 06:55:00,1796.0,1796.5999755859375,1792.0,1793.699951171875,18327
2026-03-30 07:00:00,1794.0,1795.0999755859375,1791.699951171875,1794.699951171875,11148
2026-03-30 07:05:00,1794.699951171875,1802.300048828125,1794.0,1801.800048828125,18290
2026-03-30 07:10:00,1801.5999755859375,1803.5,1800.300048828125,1802.5,11408
2026-03-30 07:15:00,1802.0,1803.0,1797.199951171875,1798.4000244140625,11590
2026-03-30 07:20:00,1798.4000244140625,1798.800048828125,1791.9000244140625,1793.800048828125,13520
2026-03-30 07:25:00,1794.5,1794.5,1792.5,1793.5,10983
2026-03-30 07:30:00,1794.199951171875,1795.0,1791.300048828125,1792.699951171875,8716
2026-03-30 07:35:00,1793.5,1798.699951171875,1792.0999755859375,1794.0999755859375,18940
2026-03-30 07:40:00,1794.800048828125,1795.9000244140625,1792.0,1793.9000244140625,17511
2026-03-30 07:45:00,1793.9000244140625,1795.9000244140625,1792.9000244140625,1794.800048828125,16540
2026-03-30 07:50:00,1795.300048828125,1796.4000244140625,1794.300048828125,1796.0,7863
2026-03-30 07:55:00,1796.0,1796.0,1792.199951171875,1795.800048828125,14334
2026-03-30 08:00:00,1795.5,1796.0,1792.5999755859375,1796.0,15786
2026-03-30 08:05:00,1796.4000244140625,1797.5999755859375,1792.0999755859375,1795.0,9055
2026-03-30 08:10:00,1795.9000244140625,1796.4000244140625,1787.800048828125,1790.0,29423
2026-03-30 08:15:00,1789.5,1790.9000244140625,1788.0,1788.5,12281
2026-03-30 08:20:00,1788.4000244140625,1789.4000244140625,1783.4000244140625,1784.300048828125,26110
2026-03-30 08:25:00,1784.0,1785.4000244140625,1782.0,1783.300048828125,44237
2026-03-30 08:30:00,1783.699951171875,1791.0,1782.5,1789.300048828125,45679
2026-03-30 08:35:00,1789.5,1790.699951171875,1786.0999755859375,1786.9000244140625,17275
2026-03-30 08:40:00,1786.0999755859375,1787.9000244140625,1781.0,1782.0999755859375,28687
2026-03-30 08:45:00,1782.0,1783.300048828125,1777.199951171875,1777.9000244140625,63662
2026-03-30 08:50:00,1777.699951171875,1781.199951171875,1772.4000244140625,1773.199951171875,61779
2026-03-30 08:55:00,1773.199951171875,1773.199951171875,1765.699951171875,1765.699951171875,81409
2026-03-30 09:00:00,1765.5999755859375,1769.5,1759.699951171875,1759.9000244140625,206311
2026-03-30 09:05:00,1760.5999755859375,1763.4000244140625,1758.5999755859375,1761.4000244140625,51205
2026-03-30 09:10:00,1761.4000244140625,1763.199951171875,1757.5,1759.4000244140625,57966
2026-03-30 09:15:00,1759.4000244140625,1761.5999755859375,1758.300048828125,1760.0999755859375,44086
2026-03-30 09:20:00,1760.5,1762.699951171875,1756.300048828125,1756.300048828125,44132
2026-03-30 09:25:00,1756.699951171875,1759.800048828125,1755.0999755859375,1758.0,51428
2026-03-30 09:30:00,1758.0999755859375,1760.0,1753.0,1755.5999755859375,63353
2026-03-30 09:35:00,1755.5999755859375,1759.0,1755.5,1756.4000244140625,51070
2026-03-30 09:40:00,1756.4000244140625,1760.0999755859375,1756.4000244140625,1758.300048828125,118133
2026-03-30 09:45:00,1758.300048828125,1759.9000244140625,1756.4000244140625,1759.199951171875,90996
2026-03-30 09:50:00,1760.0,1762.5,1758.4000244140625,1761.199951171875,89095
2026-03-30 09:55:00,1761.800048828125,1765.0,1760.0,1764.0,65010
2026-04-01 03:45:00,1817.9000244140625,1833.5,1806.199951171875,1831.699951171875,0
2026-04-01 03:50:00,1832.5,1838.699951171875,1830.300048828125,1833.4000244140625,70757
2026-04-01 03:55:00,1833.5,1840.0,1832.5999755859375,1840.0,51574
2026-04-01 04:00:00,1840.0,1844.5,1834.0999755859375,1835.5999755859375,92381
2026-04-01 04:05:00,1835.9000244140625,1836.4000244140625,1830.800048828125,1832.5,115748
2026-04-01 04:10:00,1832.300048828125,1838.699951171875,1831.5999755859375,1834.5999755859375,198704
2026-04-01 04:15:00,1833.800048828125,1843.0,1832.5999755859375,1843.0,87537
2026-04-01 04:20:00,1844.300048828125,1848.300048828125,1842.699951171875,1847.5,53682
2026-04-01 04:25:00,1847.5,1850.0,1844.0999755859375,1848.0,27642
2026-04-01 04:30:00,1848.800048828125,1861.9000244140625,1845.699951171875,1860.699951171875,74578
2026-04-01 04:35:00,1860.0999755859375,1861.699951171875,1857.0999755859375,1857.9000244140625,26663
2026-04-01 04:40:00,1857.199951171875,1857.199951171875,1849.699951171875,1850.699951171875,35868
2026-04-01 04:45:00,1850.4000244140625,1855.0,1850.4000244140625,1853.4000244140625,17801
2026-04-01 04:50:00,1853.4000244140625,1858.800048828125,1850.0,1850.199951171875,19806
2026-04-01 04:55:00,1850.4000244140625,1850.4000244140625,1843.800048828125,1847.9000244140625,31372
2026-04-01 05:00:00,1849.0999755859375,1856.9000244140625,1847.5999755859375,1854.800048828125,18950
2026-04-01 05:05:00,1854.0999755859375,1858.199951171875,1854.0999755859375,1856.0,18002
2026-04-01 05:10:00,1855.800048828125,1855.800048828125,1850.300048828125,1852.699951171875,12301
2026-04-01 05:15:00,1852.699951171875,1864.0,1851.300048828125,1861.4000244140625,37502
2026-04-01 05:20:00,1861.4000244140625,1862.199951171875,1858.300048828125,1858.300048828125,16356
2026-04-01 05:25:00,1858.5999755859375,1862.300048828125,1856.0,1856.0,24658
2026-04-01 05:30:00,1856.0999755859375,1856.0999755859375,1845.4000244140625,1846.0,27260
2026-04-01 05:35:00,1845.4000244140625,1851.300048828125,1845.199951171875,1848.0,17158
2026-04-01 05:40:00,1848.0,1850.0,1842.5,1844.5999755859375,24093
2026-04-01 05:45:00,1845.0,1848.4000244140625,1844.0,1845.300048828125,7861
2026-04-01 05:50:00,1845.5999755859375,1848.5,1843.5999755859375,1848.0,5306
2026-04-01 05:55:00,1848.0,1851.0,1848.0,1849.0,6406
2026-04-01 06:00:00,1848.699951171875,1851.5999755859375,1846.800048828125,1851.5999755859375,10330
2026-04-01 06:05:00,1851.300048828125,1853.0,1851.300048828125,1852.5999755859375,5131
2026-04-01 06:10:00,1852.9000244140625,1853.9000244140625,1849.199951171875,1849.199951171875,11164
2026-04-01 06:15:00,1849.300048828125,1849.300048828125,1841.0,1842.4000244140625,18840
2026-04-01 06:20:00,1842.4000244140625,1843.800048828125,1837.5999755859375,1838.199951171875,47795
2026-04-01 06:25:00,1838.199951171875,1845.9000244140625,1837.0,1845.800048828125,9445
2026-04-01 06:30:00,1844.699951171875,1851.5999755859375,1844.699951171875,1850.4000244140625,13212
2026-04-01 06:35:00,1849.0999755859375,1854.4000244140625,1848.9000244140625,1853.5,13685
2026-04-01 06:40:00,1853.5,1858.0,1852.800048828125,1858.0,30414
2026-04-01 06:45:00,1856.800048828125,1857.800048828125,1854.0,1857.199951171875,14889
2026-04-01 06:50:00,1857.5,1859.800048828125,1855.0999755859375,1859.0,20621
2026-04-01 06:55:00,1858.4000244140625,1867.4000244140625,1858.0,1866.699951171875,63136
2026-04-01 07:00:00,1866.5,1867.5999755859375,1865.4000244140625,1866.5,11575
2026-04-01 07:05:00,1866.300048828125,1867.5,1865.300048828125,1867.5,16488
2026-04-01 07:10:00,1868.0,1868.5999755859375,1866.0,1866.0,7179
2026-04-01 07:15:00,1866.199951171875,1869.0,1866.0999755859375,1867.199951171875,10216
2026-04-01 07:20:00,1867.4000244140625,1867.800048828125,1865.0,1867.199951171875,6079
2026-04-01 07:25:00,1867.5,1867.5,1865.800048828125,1866.199951171875,5825
2026-04-01 07:30:00,1866.0999755859375,1867.0,1862.0999755859375,1863.9000244140625,7288
2026-04-01 07:35:00,1863.9000244140625,1867.0,1863.300048828125,1866.300048828125,16059
2026-04-01 07:40:00,1866.300048828125,1869.0,1864.699951171875,1868.699951171875,13635
2026-04-01 07:45:00,1868.800048828125,1869.5999755859375,1863.300048828125,1863.5999755859375,14643
2026-04-01 07:50:00,1863.9000244140625,1864.0,1860.0,1860.800048828125,11288
2026-04-01 07:55:00,1860.800048828125,1862.4000244140625,1860.0,1862.0999755859375,5668
2026-04-01 08:00:00,1861.4000244140625,1862.300048828125,1858.300048828125,1861.300048828125,11128
2026-04-01 08:05:00,1861.0,1861.0,1858.4000244140625,1859.199951171875,8213
2026-04-01 08:10:00,1859.0999755859375,1859.0999755859375,1845.199951171875,1850.5,57421
2026-04-01 08:15:00,1850.5,1854.9000244140625,1847.800048828125,1853.5,15382
2026-04-01 08:20:00,1853.0,1854.9000244140625,1851.5,1853.0,7343
2026-04-01 08:25:00,1853.0,1853.0,1849.9000244140625,1850.4000244140625,10990
2026-04-01 08:30:00,1850.0,1852.5,1849.0999755859375,1852.0,6853
2026-04-01 08:35:00,1851.9000244140625,1852.5,1851.199951171875,1852.0999755859375,5049
2026-04-01 08:40:00,1852.199951171875,1854.9000244140625,1851.0,1854.5,10102
2026-04-01 08:45:00,1854.9000244140625,1854.9000244140625,1849.5,1852.699951171875,11064
2026-04-01 08:50:00,1852.699951171875,1853.0,1850.5999755859375,1851.800048828125,6344
2026-04-01 08:55:00,1851.800048828125,1853.699951171875,1850.9000244140625,1853.199951171875,5094
2026-04-01 09:00:00,1853.4000244140625,1853.4000244140625,1851.0,1851.5,5801
2026-04-01 09:05:00,1851.300048828125,1851.300048828125,1846.199951171875,1848.0,34929
2026-04-01 09:10:00,1848.300048828125,1848.300048828125,1842.0,1843.9000244140625,30623
2026-04-01 09:15:00,1843.9000244140625,1843.9000244140625,1836.5999755859375,1839.699951171875,69514
2026-04-01 09:20:00,1839.300048828125,1839.5999755859375,1832.699951171875,1836.9000244140625,29114
2026-04-01 09:25:00,1836.9000244140625,1839.5999755859375,1836.199951171875,1836.5999755859375,14245
2026-04-01 09:30:00,1839.300048828125,1845.199951171875,1839.300048828125,1844.0999755859375,28550
2026-04-01 09:35:00,1844.0999755859375,1848.0,1844.0999755859375,1848.0,39892
2026-04-01 09:40:00,1848.0,1848.4000244140625,1838.300048828125,1840.4000244140625,74327
2026-04-01 09:45:00,1841.5999755859375,1843.199951171875,1839.800048828125,1842.0,42304
2026-04-01 09:50:00,1842.0,1844.0999755859375,1840.699951171875,1841.5,48908
2026-04-01 09:55:00,1841.5,1843.0,1836.4000244140625,1841.9000244140625,85255
2026-04-02 03:45:00,1805.5,1807.699951171875,1780.0,1784.0,0
2026-04-02 03:50:00,1784.5999755859375,1785.5,1775.9000244140625,1780.9000244140625,83386
2026-04-02 03:55:00,1780.0999755859375,1782.9000244140625,1773.0,1773.9000244140625,74640
2026-04-02 04:00:00,1774.0,1779.199951171875,1770.0999755859375,1778.300048828125,78710
2026-04-02 04:05:00,1778.300048828125,1789.5999755859375,1776.800048828125,1785.5,42213
2026-04-02 04:10:00,1785.0999755859375,1793.800048828125,1785.0,1792.9000244140625,46484
2026-04-02 04:15:00,1792.9000244140625,1795.300048828125,1786.4000244140625,1786.4000244140625,14830
2026-04-02 04:20:00,1786.800048828125,1787.9000244140625,1784.4000244140625,1787.9000244140625,27649
2026-04-02 04:25:00,1787.9000244140625,1788.800048828125,1786.199951171875,1787.5999755859375,10001
2026-04-02 04:30:00,1787.5999755859375,1792.9000244140625,1781.5,1782.0,32096
2026-04-02 04:35:00,1781.5,1782.699951171875,1778.5,1779.699951171875,25753
2026-04-02 04:40:00,1779.699951171875,1786.300048828125,1778.800048828125,1786.199951171875,20321
2026-04-02 04:45:00,1785.9000244140625,1785.9000244140625,1780.199951171875,1781.5999755859375,10735
2026-04-02 04:50:00,1781.5999755859375,1787.199951171875,1781.0,1782.300048828125,14949
2026-04-02 04:55:00,1782.300048828125,1784.300048828125,1780.0,1780.5999755859375,17281
2026-04-02 05:00:00,1781.800048828125,1785.800048828125,1779.5,1784.0999755859375,14353
2026-04-02 05:05:00,1785.5999755859375,1787.699951171875,1783.0,1783.4000244140625,24327
2026-04-02 05:10:00,1784.5,1788.9000244140625,1784.5,1785.699951171875,11505
2026-04-02 05:15:00,1785.9000244140625,1786.0,1779.0,1781.0999755859375,27211
2026-04-02 05:20:00,1781.0999755859375,1785.199951171875,1779.199951171875,1783.9000244140625,6413
2026-04-02 05:25:00,1783.5999755859375,1786.4000244140625,1781.5999755859375,1786.0999755859375,8799
2026-04-02 05:30:00,1787.199951171875,1790.0,1785.199951171875,1787.5999755859375,12386
2026-04-02 05:35:00,1787.5999755859375,1792.0999755859375,1786.800048828125,1788.800048828125,16780
2026-04-02 05:40:00,1788.300048828125,1790.0,1785.9000244140625,1787.5,5077
2026-04-02 05:45:00,1788.0,1791.300048828125,1785.0999755859375,1788.800048828125,14259
2026-04-02 05:50:00,1788.699951171875,1789.199951171875,1786.0,1786.9000244140625,6015
2026-04-02 05:55:00,1787.0999755859375,1789.5999755859375,1786.199951171875,1786.300048828125,4934
2026-04-02 06:00:00,1785.800048828125,1791.4000244140625,1785.800048828125,1790.199951171875,10983
2026-04-02 06:05:00,1790.5999755859375,1792.9000244140625,1790.5,1791.4000244140625,7312
2026-04-02 06:10:00,1790.5999755859375,1791.9000244140625,1789.199951171875,1791.9000244140625,6513
2026-04-02 06:15:00,1792.0,1793.699951171875,1791.0,1793.0999755859375,8690
2026-04-02 06:20:00,1793.5,1795.0,1791.0999755859375,1795.0,12433
2026-04-02 06:25:00,1795.699951171875,1802.9000244140625,1795.5999755859375,1796.699951171875,40017
2026-04-02 06:30:00,1796.699951171875,1798.5,1793.0999755859375,1793.9000244140625,14152
2026-04-02 06:35:00,1794.0,1794.4000244140625,1790.300048828125,1794.0,6596
2026-04-02 06:40:00,1794.9000244140625,1797.199951171875,1791.300048828125,1793.0999755859375,8353
2026-04-02 06:45:00,1793.0,1795.9000244140625,1791.699951171875,1794.5999755859375,6027
2026-04-02 06:50:00,1794.9000244140625,1794.9000244140625,1787.5,1791.699951171875,11641
2026-04-02 06:55:00,1791.699951171875,1792.699951171875,1786.0999755859375,1786.4000244140625,19428
2026-04-02 07:00:00,1786.4000244140625,1794.9000244140625,1786.199951171875,1788.300048828125,43470
2026-04-02 07:05:00,1788.5,1793.9000244140625,1787.699951171875,1791.699951171875,5349
2026-04-02 07:10:00,1791.800048828125,1795.0999755859375,1791.5,1794.699951171875,8625
2026-04-02 07:15:00,1794.5,1794.5,1790.0,1792.5,5966
2026-04-02 07:20:00,1792.5999755859375,1793.699951171875,1784.699951171875,1784.699951171875,33182
2026-04-02 07:25:00,1784.4000244140625,1792.699951171875,1784.0,1792.4000244140625,43923
2026-04-02 07:30:00,1792.4000244140625,1795.9000244140625,1792.4000244140625,1793.5999755859375,12651
2026-04-02 07:35:00,1793.800048828125,1794.9000244140625,1787.5999755859375,1792.699951171875,8269
2026-04-02 07:40:00,1792.5,1792.5,1788.4000244140625,1791.5,6500
2026-04-02 07:45:00,1791.300048828125,1793.5999755859375,1789.5999755859375,1792.9000244140625,7582
2026-04-02 07:50:00,1793.0,1797.300048828125,1792.0,1796.5999755859375,9741
2026-04-02 07:55:00,1797.5999755859375,1802.0,1794.300048828125,1801.9000244140625,19304
2026-04-02 08:00:00,1801.9000244140625,1805.199951171875,1797.300048828125,1798.0999755859375,18893
2026-04-02 08:05:00,1798.9000244140625,1807.699951171875,1795.800048828125,1807.699951171875,23954
2026-04-02 08:10:00,1807.9000244140625,1810.0,1806.0,1809.199951171875,28240
2026-04-02 08:15:00,1809.199951171875,1810.9000244140625,1807.300048828125,1808.300048828125,15563
2026-04-02 08:20:00,1808.199951171875,1811.0,1806.5999755859375,1809.199951171875,14788
2026-04-02 08:25:00,1808.9000244140625,1809.800048828125,1806.0,1809.0,13000
2026-04-02 08:30:00,1809.0999755859375,1812.5999755859375,1808.5999755859375,1812.5999755859375,15751
2026-04-02 08:35:00,1812.5,1812.9000244140625,1805.699951171875,1810.0,22961
2026-04-02 08:40:00,1810.0,1817.300048828125,1810.0,1815.300048828125,34632
2026-04-02 08:45:00,1815.0,1819.5,1814.0999755859375,1817.800048828125,23177
2026-04-02 08:50:00,1817.9000244140625,1818.5,1815.0999755859375,1818.0,10896
2026-04-02 08:55:00,1818.0,1822.0,1817.5,1819.0,32238
2026-04-02 09:00:00,1819.9000244140625,1823.0,1818.5,1821.0,16193
2026-04-02 09:05:00,1821.0999755859375,1822.9000244140625,1812.5999755859375,1813.5999755859375,34901
2026-04-02 09:10:00,1813.9000244140625,1815.300048828125,1806.5,1808.4000244140625,20287
2026-04-02 09:15:00,1808.0,1815.800048828125,1806.9000244140625,1813.4000244140625,13949
2026-04-02 09:20:00,1813.4000244140625,1818.5,1812.199951171875,1818.300048828125,13383
2026-04-02 09:25:00,1818.5,1823.9000244140625,1815.300048828125,1823.300048828125,37104
2026-04-02 09:30:00,1823.5999755859375,1835.5,1823.4000244140625,1834.800048828125,68581
2026-04-02 09:35:00,1834.800048828125,1842.300048828125,1834.4000244140625,1842.0,48776
2026-04-02 09:40:00,1842.800048828125,1842.9000244140625,1836.5999755859375,1836.9000244140625,40487
2026-04-02 09:45:00,1837.5999755859375,1838.4000244140625,1832.0,1832.0,37120
2026-04-02 09:50:00,1832.0999755859375,1833.0,1829.4000244140625,1831.4000244140625,36587
2026-04-02 09:55:00,1831.4000244140625,1834.199951171875,1829.699951171875,1834.199951171875,45414
2026-04-06 03:45:00,1840.0,1840.0,1807.699951171875,1816.0,0
2026-04-06 03:50:00,1816.800048828125,1823.5999755859375,1807.5,1811.300048828125,82241
2026-04-06 03:55:00,1811.300048828125,1814.699951171875,1802.199951171875,1804.699951171875,58899
2026-04-06 04:00:00,1804.199951171875,1816.5,1803.5,1816.0999755859375,51965
2026-04-06 04:05:00,1816.5,1828.0,1815.9000244140625,1821.4000244140625,48135
2026-04-06 04:10:00,1820.9000244140625,1823.4000244140625,1812.4000244140625,1815.5999755859375,30641
2026-04-06 04:15:00,1815.5,1817.300048828125,1812.0,1813.4000244140625,16288
2026-04-06 04:20:00,1813.0999755859375,1813.0999755859375,1808.300048828125,1810.699951171875,33795
2026-04-06 04:25:00,1810.300048828125,1816.5,1810.300048828125,1816.5,28662
2026-04-06 04:30:00,1817.0,1826.0,1814.0,1826.0,40247
2026-04-06 04:35:00,1825.4000244140625,1832.0,1822.300048828125,1829.0999755859375,62688
2026-04-06 04:40:00,1829.0999755859375,1839.199951171875,1826.800048828125,1839.0999755859375,73409
2026-04-06 04:45:00,1839.9000244140625,1844.800048828125,1831.0999755859375,1834.5999755859375,77059
2026-04-06 04:50:00,1833.300048828125,1836.199951171875,1828.199951171875,1828.199951171875,33027
2026-04-06 04:55:00,1828.0,1831.699951171875,1825.300048828125,1831.699951171875,19387
2026-04-06 05:00:00,1831.199951171875,1832.699951171875,1827.9000244140625,1832.699951171875,9137
2026-04-06 05:05:00,1832.800048828125,1839.0,1828.800048828125,1837.0,50025
2026-04-06 05:10:00,1837.800048828125,1843.300048828125,1835.300048828125,1841.300048828125,63476
2026-04-06 05:15:00,1841.300048828125,1851.300048828125,1840.0999755859375,1844.800048828125,94467
2026-04-06 05:20:00,1844.0999755859375,1846.0,1835.0999755859375,1838.5999755859375,43516
2026-04-06 05:25:00,1837.800048828125,1842.5999755859375,1837.300048828125,1839.5,18857
2026-04-06 05:30:00,1839.5,1840.0,1831.800048828125,1832.199951171875,18715
2026-04-06 05:35:00,1832.5999755859375,1835.0,1830.0999755859375,1831.800048828125,28648
2026-04-06 05:40:00,1832.0,1832.4000244140625,1826.300048828125,1829.4000244140625,26975
2026-04-06 05:45:00,1829.5999755859375,1832.199951171875,1826.800048828125,1831.300048828125,22429
2026-04-06 05:50:00,1831.5999755859375,1835.0,1830.699951171875,1831.800048828125,13629
2026-04-06 05:55:00,1832.0999755859375,1836.0999755859375,1832.0,1836.0999755859375,12911
2026-04-06 06:00:00,1836.9000244140625,1837.0999755859375,1833.0999755859375,1836.0,20522
2026-04-06 06:05:00,1835.300048828125,1839.0,1834.5,1836.0999755859375,44761
2026-04-06 06:10:00,1836.0999755859375,1836.4000244140625,1832.300048828125,1835.0,14382
2026-04-06 06:15:00,1835.0,1837.5,1831.800048828125,1836.9000244140625,13171
2026-04-06 06:20:00,1835.800048828125,1842.0,1835.800048828125,1839.699951171875,16599
2026-04-06 06:25:00,1840.5999755859375,1844.0999755859375,1836.300048828125,1837.199951171875,53108
2026-04-06 06:30:00,1837.9000244140625,1838.699951171875,1836.0999755859375,1838.0,12883
2026-04-06 06:35:00,1838.0,1841.5,1837.199951171875,1840.199951171875,6254
2026-04-06 06:40:00,1840.0999755859375,1841.0,1838.5,1839.199951171875,7166
2026-04-06 06:45:00,1839.5999755859375,1845.0,1838.5,1842.800048828125,11769
2026-04-06 06:50:00,1842.5,1852.0999755859375,1842.0,1846.199951171875,142364
2026-04-06 06:55:00,1846.199951171875,1854.5999755859375,1845.699951171875,1853.800048828125,65016
2026-04-06 07:00:00,1853.800048828125,1855.0,1844.0,1844.9000244140625,46683
2026-04-06 07:05:00,1844.9000244140625,1851.300048828125,1842.5,1848.9000244140625,36231
2026-04-06 07:10:00,1849.0,1852.0,1847.4000244140625,1851.300048828125,12944
2026-04-06 07:15:00,1852.0,1852.699951171875,1850.5,1851.9000244140625,72395
2026-04-06 07:20:00,1852.0,1863.5,1852.0,1860.0,79871
2026-04-06 07:25:00,1860.5999755859375,1866.5999755859375,1859.199951171875,1864.0999755859375,122324
2026-04-06 07:30:00,1863.9000244140625,1865.5,1855.9000244140625,1858.199951171875,81298
2026-04-06 07:35:00,1858.699951171875,1860.800048828125,1858.300048828125,1859.5,16086
2026-04-06 07:40:00,1859.5,1864.0,1859.0,1863.4000244140625,42162
2026-04-06 07:45:00,1863.5999755859375,1879.800048828125,1861.5,1877.199951171875,72246
2026-04-06 07:50:00,1877.800048828125,1884.199951171875,1876.4000244140625,1881.5,57518
2026-04-06 07:55:00,1881.0999755859375,1886.0,1880.5,1884.5,37907
2026-04-06 08:00:00,1885.0,1893.199951171875,1885.0,1892.800048828125,49699
2026-04-06 08:05:00,1892.9000244140625,1894.800048828125,1887.5,1888.800048828125,37481
2026-04-06 08:10:00,1888.0,1889.699951171875,1883.199951171875,1886.4000244140625,41829
2026-04-06 08:15:00,1885.5,1888.0,1885.0999755859375,1885.699951171875,15441
2026-04-06 08:20:00,1885.699951171875,1894.4000244140625,1885.699951171875,1890.199951171875,32891
2026-04-06 08:25:00,1891.0,1894.0,1889.300048828125,1892.0,17634
2026-04-06 08:30:00,1892.800048828125,1898.800048828125,1892.0,1898.300048828125,72624
2026-04-06 08:35:00,1897.300048828125,1898.4000244140625,1891.800048828125,1892.0999755859375,12945
2026-04-06 08:40:00,1892.800048828125,1898.0,1892.5999755859375,1898.0,17329
2026-04-06 08:45:00,1898.0,1898.800048828125,1895.0,1898.0,32910
2026-04-06 08:50:00,1897.4000244140625,1899.9000244140625,1896.300048828125,1897.0999755859375,22434
2026-04-06 08:55:00,1897.0,1898.4000244140625,1892.699951171875,1897.5999755859375,23757
2026-04-06 09:00:00,1897.5999755859375,1901.0,1897.0,1900.800048828125,30026
2026-04-06 09:05:00,1900.5,1900.5,1892.5999755859375,1894.699951171875,40141
2026-04-06 09:10:00,1895.800048828125,1900.0,1892.9000244140625,1893.9000244140625,31450
2026-04-06 09:15:00,1893.0999755859375,1895.800048828125,1892.0,1893.0999755859375,20779
2026-04-06 09:20:00,1894.0,1895.800048828125,1891.5999755859375,1892.9000244140625,23957
2026-04-06 09:25:00,1892.0999755859375,1898.5,1888.9000244140625,1895.5999755859375,38687
2026-04-06 09:30:00,1894.5,1901.0,1893.0999755859375,1901.0,51237
2026-04-06 09:35:00,1901.0,1903.699951171875,1900.4000244140625,1902.699951171875,45283
2026-04-06 09:40:00,1902.9000244140625,1908.0,1902.300048828125,1906.4000244140625,72933
2026-04-06 09:45:00,1906.300048828125,1909.0,1902.5999755859375,1903.4000244140625,46945
2026-04-06 09:50:00,1903.4000244140625,1903.800048828125,1897.0,1899.199951171875,83792
2026-04-06 09:55:00,1899.199951171875,1904.800048828125,1897.0,1897.0,49356
2026-04-07 03:45:00,1879.199951171875,1887.9000244140625,1870.0999755859375,1885.0999755859375,0
2026-04-07 03:50:00,1884.5999755859375,1893.9000244140625,1882.9000244140625,1891.800048828125,35498
2026-04-07 03:55:00,1891.800048828125,1904.0,1890.300048828125,1903.5,60886
2026-04-07 04:00:00,1903.699951171875,1903.699951171875,1891.9000244140625,1891.9000244140625,33896
2026-04-07 04:05:00,1891.800048828125,1894.0,1886.9000244140625,1888.0,24316
2026-04-07 04:10:00,1888.800048828125,1890.0,1879.300048828125,1880.0,29165
2026-04-07 04:15:00,1880.0999755859375,1883.5,1875.0,1876.0999755859375,36385
2026-04-07 04:20:00,1875.699951171875,1880.9000244140625,1874.5999755859375,1879.300048828125,23272
2026-04-07 04:25:00,1879.9000244140625,1883.5999755859375,1879.0,1883.0,18374
2026-04-07 04:30:00,1883.0,1883.5,1879.0,1883.5,30583
2026-04-07 04:35:00,1883.0999755859375,1883.699951171875,1880.300048828125,1882.800048828125,10514
2026-04-07 04:40:00,1882.9000244140625,1884.9000244140625,1881.300048828125,1884.199951171875,9154
2026-04-07 04:45:00,1884.5,1886.4000244140625,1883.5999755859375,1885.5999755859375,13418
2026-04-07 04:50:00,1885.699951171875,1886.300048828125,1870.800048828125,1876.0,74846
2026-04-07 04:55:00,1876.699951171875,1882.5999755859375,1876.0,1882.5,12506
2026-04-07 05:00:00,1882.5999755859375,1883.5,1877.699951171875,1877.699951171875,12323
2026-04-07 05:05:00,1876.199951171875,1882.5999755859375,1873.300048828125,1881.5,20879
2026-04-07 05:10:00,1881.5,1884.9000244140625,1880.5,1884.800048828125,24393
2026-04-07 05:15:00,1884.9000244140625,1884.9000244140625,1878.199951171875,1879.199951171875,14375
2026-04-07 05:20:00,1879.5999755859375,1879.5999755859375,1867.5999755859375,1869.300048828125,41431
2026-04-07 05:25:00,1869.9000244140625,1872.0,1865.0,1866.0,31156
2026-04-07 05:30:00,1866.9000244140625,1869.199951171875,1865.300048828125,1868.800048828125,19407
2026-04-07 05:35:00,1869.0,1874.0,1867.300048828125,1871.300048828125,15847
2026-04-07 05:40:00,1871.300048828125,1871.4000244140625,1866.4000244140625,1869.300048828125,11588
2026-04-07 05:45:00,1869.300048828125,1873.800048828125,1868.800048828125,1872.5,10336
2026-04-07 05:50:00,1872.5,1874.0999755859375,1871.300048828125,1872.9000244140625,5908
2026-04-07 05:55:00,1871.5,1874.800048828125,1870.800048828125,1874.800048828125,6187
2026-04-07 06:00:00,1874.800048828125,1876.4000244140625,1873.300048828125,1873.300048828125,8340
2026-04-07 06:05:00,1874.0,1876.5,1872.5,1873.5999755859375,7355
2026-04-07 06:10:00,1874.300048828125,1874.300048828125,1870.0999755859375,1872.199951171875,9943
2026-04-07 06:15:00,1872.199951171875,1873.5999755859375,1870.0999755859375,1872.199951171875,5540
2026-04-07 06:20:00,1872.199951171875,1874.0,1871.5999755859375,1873.9000244140625,6397
2026-04-07 06:25:00,1874.9000244140625,1881.0999755859375,1874.9000244140625,1879.5,15812
2026-04-07 06:30:00,1879.699951171875,1879.699951171875,1872.699951171875,1875.0999755859375,14543
2026-04-07 06:35:00,1875.9000244140625,1876.5999755859375,1874.0999755859375,1875.4000244140625,3750
2026-04-07 06:40:00,1875.9000244140625,1876.0,1871.300048828125,1875.5999755859375,13027
2026-04-07 06:45:00,1875.4000244140625,1876.4000244140625,1873.300048828125,1875.0999755859375,5242
2026-04-07 06:50:00,1875.800048828125,1875.800048828125,1873.4000244140625,1874.0999755859375,4016
2026-04-07 06:55:00,1875.0,1877.0,1874.0999755859375,1876.5,5618
2026-04-07 07:00:00,1876.9000244140625,1877.9000244140625,1868.5999755859375,1870.199951171875,24336
2026-04-07 07:05:00,1870.5,1871.5999755859375,1868.199951171875,1871.0,13007
2026-04-07 07:10:00,1871.5999755859375,1873.0,1869.300048828125,1872.800048828125,12185
2026-04-07 07:15:00,1872.9000244140625,1872.9000244140625,1870.5,1872.5999755859375,11184
2026-04-07 07:20:00,1872.4000244140625,1873.0,1870.699951171875,1872.5999755859375,18707
2026-04-07 07:25:00,1872.5999755859375,1873.9000244140625,1868.0,1868.4000244140625,9021
2026-04-07 07:30:00,1869.5,1871.9000244140625,1868.0999755859375,1871.9000244140625,9447
2026-04-07 07:35:00,1871.9000244140625,1872.0,1870.0,1871.199951171875,4854
2026-04-07 07:40:00,1871.199951171875,1873.699951171875,1869.0999755859375,1869.0999755859375,9562
2026-04-07 07:45:00,1870.0,1871.9000244140625,1869.0999755859375,1871.9000244140625,5782
2026-04-07 07:50:00,1871.300048828125,1871.5999755859375,1867.5999755859375,1868.199951171875,17168
2026-04-07 07:55:00,1868.800048828125,1870.0,1866.5,1869.9000244140625,10494
2026-04-07 08:00:00,1870.0,1878.0,1870.0,1874.5,31250
2026-04-07 08:05:00,1875.199951171875,1876.699951171875,1874.300048828125,1876.0999755859375,9244
2026-04-07 08:10:00,1876.0999755859375,1878.0,1874.699951171875,1876.9000244140625,17190
2026-04-07 08:15:00,1877.800048828125,1877.800048828125,1872.0999755859375,1874.0,11559
2026-04-07 08:20:00,1873.9000244140625,1876.9000244140625,1870.199951171875,1876.300048828125,12345
2026-04-07 08:25:00,1876.199951171875,1877.0,1871.0,1873.0999755859375,6416
2026-04-07 08:30:00,1873.0999755859375,1875.800048828125,1872.4000244140625,1875.699951171875,7280
2026-04-07 08:35:00,1875.699951171875,1875.699951171875,1874.0,1874.5,4575
2026-04-07 08:40:00,1874.5,1875.0,1870.5,1873.5999755859375,7506
2026-04-07 08:45:00,1873.5999755859375,1875.0,1872.9000244140625,1873.300048828125,8982
2026-04-07 08:50:00,1873.199951171875,1875.0,1871.699951171875,1873.5,6259
2026-04-07 08:55:00,1873.5,1876.5,1873.5,1874.9000244140625,12459
2026-04-07 09:00:00,1874.9000244140625,1878.699951171875,1873.9000244140625,1875.5999755859375,19083
2026-04-07 09:05:00,1875.0999755859375,1875.0999755859375,1870.5999755859375,1871.4000244140625,17628
2026-04-07 09:10:00,1871.4000244140625,1876.0,1871.0999755859375,1875.199951171875,13100
2026-04-07 09:15:00,1874.800048828125,1876.5,1873.4000244140625,1875.0,17606
2026-04-07 09:20:00,1875.9000244140625,1879.0999755859375,1875.0,1878.4000244140625,32821
2026-04-07 09:25:00,1879.0,1883.0,1879.0,1882.9000244140625,57871
2026-04-07 09:30:00,1883.0,1883.800048828125,1880.0,1883.300048828125,55017
2026-04-07 09:35:00,1883.300048828125,1883.5,1880.0999755859375,1880.9000244140625,61016
2026-04-07 09:40:00,1880.9000244140625,1883.5,1878.9000244140625,1879.699951171875,44760
2026-04-07 09:45:00,1879.699951171875,1882.9000244140625,1879.0,1882.0,35857
2026-04-07 09:50:00,1882.0,1882.699951171875,1880.0999755859375,1881.5,54565
2026-04-07 09:55:00,1881.5,1885.5,1880.4000244140625,1885.5,66035
2026-04-08 03:45:00,1997.300048828125,2007.9000244140625,1975.0999755859375,1980.9000244140625,0
2026-04-08 03:50:00,1980.9000244140625,1989.5999755859375,1976.4000244140625,1982.199951171875,213051
2026-04-08 03:55:00,1981.699951171875,1986.9000244140625,1977.9000244140625,1981.0,62283
2026-04-08 04:00:00,1981.300048828125,1989.0,1980.300048828125,1985.5,66805
2026-04-08 04:05:00,1987.0,1987.699951171875,1982.5,1986.5999755859375,41246
2026-04-08 04:10:00,1986.300048828125,2004.0999755859375,1985.4000244140625,2004.0999755859375,125785
2026-04-08 04:15:00,2004.300048828125,2010.0,2000.300048828125,2005.199951171875,97259
2026-04-08 04:20:00,2005.199951171875,2015.0,2003.0999755859375,2008.699951171875,77281
2026-04-08 04:25:00,2008.800048828125,2015.0,2008.0,2010.0,63921
2026-04-08 04:30:00,2009.300048828125,2014.0,2008.300048828125,2010.0,36426
2026-04-08 04:35:00,2009.199951171875,2013.0999755859375,2003.5,2008.0,72302
2026-04-08 04:40:00,2007.4000244140625,2009.0,2004.5,2005.0,24248
2026-04-08 04:45:00,2004.4000244140625,2006.800048828125,1997.0999755859375,2004.800048828125,116088
2026-04-08 04:50:00,2004.300048828125,2008.199951171875,2003.5999755859375,2006.5999755859375,27616
2026-04-08 04:55:00,2006.0,2025.9000244140625,2001.0,2024.0999755859375,138707
2026-04-08 05:00:00,2024.5,2070.300048828125,2024.0999755859375,2070.300048828125,306130
2026-04-08 05:05:00,2070.300048828125,2070.300048828125,2070.300048828125,2070.300048828125,34224
2026-04-08 05:10:00,2070.300048828125,2070.300048828125,2070.300048828125,2070.300048828125,20593
2026-04-08 05:15:00,2070.300048828125,2097.300048828125,2051.199951171875,2055.0,410876
2026-04-08 05:20:00,2054.89990234375,2061.10009765625,2040.0,2056.39990234375,221358
2026-04-08 05:25:00,2057.0,2064.89990234375,2054.89990234375,2062.0,97599
2026-04-08 05:30:00,2064.0,2064.0,2051.89990234375,2052.0,83360
2026-04-08 05:35:00,2052.39990234375,2057.300048828125,2042.4000244140625,2050.800048828125,62611
2026-04-08 05:40:00,2050.10009765625,2056.5,2048.300048828125,2051.39990234375,35573
2026-04-08 05:45:00,2052.0,2055.0,2050.0,2052.0,30049
2026-04-08 05:50:00,2051.39990234375,2057.5,2051.39990234375,2052.60009765625,21363
2026-04-08 05:55:00,2051.699951171875,2060.0,2049.0,2056.0,57349
2026-04-08 06:00:00,2056.800048828125,2056.800048828125,2041.4000244140625,2042.0,87382
2026-04-08 06:05:00,2043.5,2049.300048828125,2031.0,2033.5,101525
2026-04-08 06:10:00,2032.5,2041.300048828125,2032.0,2040.0,52595
2026-04-08 06:15:00,2041.300048828125,2043.5,2038.0,2042.4000244140625,18783
2026-04-08 06:20:00,2042.4000244140625,2042.4000244140625,2032.300048828125,2037.9000244140625,24784
2026-04-08 06:25:00,2037.4000244140625,2040.800048828125,2034.9000244140625,2037.0999755859375,30952
2026-04-08 06:30:00,2037.0999755859375,2037.0999755859375,2033.0,2036.9000244140625,18138
2026-04-08 06:35:00,2036.9000244140625,2038.0,2035.0,2037.199951171875,10015
2026-04-08 06:40:00,2037.300048828125,2038.0,2031.0999755859375,2035.699951171875,41858
2026-04-08 06:45:00,2035.800048828125,2039.0,2035.199951171875,2036.800048828125,13924
2026-04-08 06:50:00,2037.300048828125,2038.0,2034.800048828125,2035.699951171875,14140
2026-04-08 06:55:00,2035.699951171875,2037.0999755859375,2031.199951171875,2032.5,12776
2026-04-08 07:00:00,2032.5,2032.5,2025.699951171875,2028.5999755859375,45632
2026-04-08 07:05:00,2028.9000244140625,2033.800048828125,2028.9000244140625,2032.5,40291
2026-04-08 07:10:00,2032.5,2038.0,2032.5,2035.4000244140625,20077
2026-04-08 07:15:00,2034.9000244140625,2037.300048828125,2029.0,2029.800048828125,37201
2026-04-08 07:20:00,2029.9000244140625,2031.5,2028.199951171875,2029.699951171875,30350
2026-04-08 07:25:00,2029.5,2032.0999755859375,2029.0,2030.0999755859375,20419
2026-04-08 07:30:00,2030.5999755859375,2037.9000244140625,2029.199951171875,2035.699951171875,20723
2026-04-08 07:35:00,2035.4000244140625,2037.0999755859375,2035.0999755859375,2036.9000244140625,9414
2026-04-08 07:40:00,2036.5999755859375,2037.699951171875,2034.699951171875,2035.5,17779
2026-04-08 07:45:00,2036.0,2038.9000244140625,2035.199951171875,2036.0999755859375,15782
2026-04-08 07:50:00,2036.0999755859375,2036.4000244140625,2034.4000244140625,2034.9000244140625,7135
2026-04-08 07:55:00,2034.5,2038.300048828125,2034.5,2037.5,10668
2026-04-08 08:00:00,2037.5,2042.699951171875,2034.0,2041.5,34544
2026-04-08 08:05:00,2041.4000244140625,2043.9000244140625,2040.199951171875,2043.699951171875,15580
2026-04-08 08:10:00,2043.9000244140625,2045.699951171875,2040.699951171875,2041.9000244140625,23647
2026-04-08 08:15:00,2041.0,2043.800048828125,2040.0,2040.9000244140625,25172
2026-04-08 08:20:00,2041.0,2045.0,2040.5,2042.0,9993
2026-04-08 08:25:00,2042.0,2046.0999755859375,2041.9000244140625,2045.5,17978
2026-04-08 08:30:00,2045.5,2046.4000244140625,2042.5,2042.800048828125,11220
2026-04-08 08:35:00,2043.0,2044.5999755859375,2037.4000244140625,2043.0999755859375,25784
2026-04-08 08:40:00,2043.4000244140625,2043.699951171875,2037.4000244140625,2040.0,17291
2026-04-08 08:45:00,2039.699951171875,2042.5999755859375,2038.300048828125,2041.699951171875,10657
2026-04-08 08:50:00,2041.699951171875,2044.300048828125,2040.199951171875,2042.9000244140625,5237
2026-04-08 08:55:00,2043.699951171875,2043.699951171875,2041.5,2042.9000244140625,5107
2026-04-08 09:00:00,2042.9000244140625,2044.0,2040.699951171875,2042.199951171875,9677
2026-04-08 09:05:00,2042.199951171875,2043.0,2040.0,2042.0,20674
2026-04-08 09:10:00,2042.4000244140625,2044.9000244140625,2038.199951171875,2044.9000244140625,24018
2026-04-08 09:15:00,2044.0999755859375,2045.800048828125,2038.0999755859375,2038.800048828125,14651
2026-04-08 09:20:00,2040.199951171875,2042.199951171875,2036.4000244140625,2041.5,19480
2026-04-08 09:25:00,2041.199951171875,2044.800048828125,2041.0,2043.699951171875,20418
2026-04-08 09:30:00,2043.0,2043.0,2038.0999755859375,2040.5999755859375,44688
2026-04-08 09:35:00,2040.9000244140625,2042.5,2039.0,2039.0,14953
2026-04-08 09:40:00,2040.0999755859375,2044.9000244140625,2039.199951171875,2042.5,48287
2026-04-08 09:45:00,2043.5,2048.0,2042.0,2045.4000244140625,62327
2026-04-08 09:50:00,2045.300048828125,2046.0,2040.0999755859375,2045.199951171875,68958
2026-04-08 09:55:00,2045.199951171875,2049.89990234375,2043.800048828125,2043.800048828125,78124
2026-04-09 03:45:00,2019.4000244140625,2042.699951171875,2014.0999755859375,2035.5,0
2026-04-09 03:50:00,2034.9000244140625,2041.4000244140625,2031.5999755859375,2033.5,91591
2026-04-09 03:55:00,2032.699951171875,2038.699951171875,2030.0,2035.0,40061
2026-04-09 04:00:00,2035.0999755859375,2037.0,2026.800048828125,2028.0,41186
2026-04-09 04:05:00,2027.5999755859375,2031.800048828125,2025.0,2025.5,29303
2026-04-09 04:10:00,2025.9000244140625,2025.9000244140625,2020.0,2021.0,34858
2026-04-09 04:15:00,2021.0,2022.0,2013.9000244140625,2014.5999755859375,44701
2026-04-09 04:20:00,2014.0,2018.0,2013.4000244140625,2017.9000244140625,64433
2026-04-09 04:25:00,2018.0,2018.4000244140625,2014.0,2015.9000244140625,33283
2026-04-09 04:30:00,2015.0999755859375,2023.0,2014.0,2023.0,28094
2026-04-09 04:35:00,2023.0,2024.699951171875,2017.800048828125,2020.5999755859375,15607
2026-04-09 04:40:00,2021.199951171875,2027.800048828125,2021.199951171875,2026.0,15389
2026-04-09 04:45:00,2025.5,2034.0,2021.0,2033.0,51476
2026-04-09 04:50:00,2033.0,2035.0,2031.9000244140625,2035.0,24026
2026-04-09 04:55:00,2036.0,2036.199951171875,2027.9000244140625,2034.0,26758
2026-04-09 05:00:00,2034.300048828125,2037.5,2032.199951171875,2034.300048828125,17792
2026-04-09 05:05:00,2034.5,2036.5,2032.5,2033.300048828125,11912
2026-04-09 05:10:00,2034.300048828125,2036.5,2031.5,2032.199951171875,9472
2026-04-09 05:15:00,2033.0,2036.9000244140625,2032.300048828125,2036.9000244140625,10328
2026-04-09 05:20:00,2036.9000244140625,2038.5,2032.4000244140625,2034.5,12621
2026-04-09 05:25:00,2034.5,2037.199951171875,2034.5,2036.0,3231
2026-04-09 05:30:00,2036.0,2042.0999755859375,2035.5999755859375,2037.5,27548
2026-04-09 05:35:00,2038.0,2047.0,2036.5,2046.800048828125,31116
2026-04-09 05:40:00,2046.9000244140625,2047.800048828125,2041.800048828125,2042.4000244140625,21357
2026-04-09 05:45:00,2042.300048828125,2044.9000244140625,2038.0,2043.0,21698
2026-04-09 05:50:00,2043.4000244140625,2049.39990234375,2042.5999755859375,2048.699951171875,33095
2026-04-09 05:55:00,2048.89990234375,2049.60009765625,2045.0,2046.5999755859375,13470
2026-04-09 06:00:00,2047.0,2048.199951171875,2043.0,2043.800048828125,17457
2026-04-09 06:05:00,2044.800048828125,2045.800048828125,2041.4000244140625,2045.699951171875,6341
2026-04-09 06:10:00,2044.9000244140625,2047.0,2044.199951171875,2045.300048828125,7799
2026-04-09 06:15:00,2045.0999755859375,2045.300048828125,2042.0,2045.0,4362
2026-04-09 06:20:00,2045.0,2045.0,2039.199951171875,2040.699951171875,10247
2026-04-09 06:25:00,2041.699951171875,2044.0999755859375,2040.9000244140625,2042.199951171875,30145
2026-04-09 06:30:00,2042.5999755859375,2042.699951171875,2040.5,2041.300048828125,4835
2026-04-09 06:35:00,2042.0,2046.800048828125,2040.0999755859375,2046.800048828125,9907
2026-04-09 06:40:00,2046.9000244140625,2048.0,2043.0999755859375,2044.9000244140625,15164
2026-04-09 06:45:00,2044.9000244140625,2044.9000244140625,2042.199951171875,2044.0999755859375,7905
2026-04-09 06:50:00,2044.0999755859375,2046.0999755859375,2044.0999755859375,2045.0999755859375,5783
2026-04-09 06:55:00,2045.800048828125,2054.699951171875,2040.9000244140625,2048.89990234375,55468
2026-04-09 07:00:00,2049.0,2053.89990234375,2047.0999755859375,2048.300048828125,17946
2026-04-09 07:05:00,2048.0,2050.39990234375,2045.800048828125,2048.60009765625,22481
2026-04-09 07:10:00,2049.10009765625,2049.89990234375,2043.199951171875,2045.0,15015
2026-04-09 07:15:00,2045.0,2046.300048828125,2040.5999755859375,2041.0,14478
2026-04-09 07:20:00,2041.0,2047.9000244140625,2040.9000244140625,2047.0999755859375,651454
2026-04-09 07:25:00,2047.300048828125,2056.39990234375,2046.699951171875,2056.39990234375,53832
2026-04-09 07:30:00,2056.199951171875,2064.800048828125,2056.199951171875,2059.0,39573
2026-04-09 07:35:00,2058.89990234375,2058.89990234375,2053.0,2054.5,13426
2026-04-09 07:40:00,2053.800048828125,2054.300048828125,2049.10009765625,2050.89990234375,10761
2026-04-09 07:45:00,2051.300048828125,2053.0,2047.800048828125,2049.800048828125,9914
2026-04-09 07:50:00,2050.0,2050.0,2045.0,2049.39990234375,22636
2026-04-09 07:55:00,2049.39990234375,2050.199951171875,2046.0,2048.0,14880
2026-04-09 08:00:00,2047.9000244140625,2056.0,2047.0999755859375,2054.5,20432
2026-04-09 08:05:00,2054.5,2056.39990234375,2050.0,2051.0,8822
2026-04-09 08:10:00,2051.0,2053.0,2046.5999755859375,2048.5,11867
2026-04-09 08:15:00,2048.39990234375,2050.0,2044.9000244140625,2047.4000244140625,22074
2026-04-09 08:20:00,2047.0999755859375,2051.5,2047.0999755859375,2050.0,5515
2026-04-09 08:25:00,2049.800048828125,2051.199951171875,2048.800048828125,2049.300048828125,6285
2026-04-09 08:30:00,2049.800048828125,2053.0,2048.300048828125,2051.699951171875,7421
2026-04-09 08:35:00,2051.699951171875,2051.699951171875,2050.0,2050.10009765625,7586
2026-04-09 08:40:00,2050.10009765625,2050.5,2045.199951171875,2046.0999755859375,16627
2026-04-09 08:45:00,2045.9000244140625,2045.9000244140625,2042.0,2044.0,24874
2026-04-09 08:50:00,2043.800048828125,2044.800048828125,2039.0,2041.0,14949
2026-04-09 08:55:00,2040.9000244140625,2040.9000244140625,2035.5,2036.199951171875,27454
2026-04-09 09:00:00,2036.800048828125,2037.5999755859375,2034.699951171875,2036.0,35453
2026-04-09 09:05:00,2035.5999755859375,2038.0999755859375,2035.0,2037.5999755859375,8236
2026-04-09 09:10:00,2037.4000244140625,2040.0999755859375,2035.5999755859375,2036.199951171875,11700
2026-04-09 09:15:00,2037.800048828125,2039.5999755859375,2035.0,2038.0999755859375,8962
2026-04-09 09:20:00,2038.800048828125,2040.0,2036.699951171875,2039.699951171875,7364
2026-04-09 09:25:00,2039.5999755859375,2039.699951171875,2036.199951171875,2038.4000244140625,6817
2026-04-09 09:30:00,2039.699951171875,2039.699951171875,2034.300048828125,2036.800048828125,38451
2026-04-09 09:35:00,2036.5999755859375,2043.5999755859375,2035.800048828125,2042.699951171875,22888
2026-04-09 09:40:00,2043.199951171875,2044.5,2041.5999755859375,2042.4000244140625,26603
2026-04-09 09:45:00,2041.300048828125,2044.5,2039.0,2039.0,41559
2026-04-09 09:50:00,2039.0,2043.5999755859375,2036.699951171875,2043.0999755859375,49454
2026-04-09 09:55:00,2042.4000244140625,2044.800048828125,2040.0,2040.0,45070
2026-04-10 03:45:00,2055.199951171875,2078.199951171875,2055.199951171875,2071.0,0
2026-04-10 03:50:00,2070.5,2073.800048828125,2064.89990234375,2066.800048828125,46437
2026-04-10 03:55:00,2067.5,2068.800048828125,2059.199951171875,2062.0,40084
2026-04-10 04:00:00,2062.0,2068.0,2061.199951171875,2063.89990234375,29402
2026-04-10 04:05:00,2063.60009765625,2067.699951171875,2060.0,2066.89990234375,17557
2026-04-10 04:10:00,2065.5,2069.800048828125,2063.39990234375,2064.0,11918
2026-04-10 04:15:00,2064.10009765625,2068.39990234375,2063.5,2063.5,8375
2026-04-10 04:20:00,2063.300048828125,2064.89990234375,2058.0,2059.0,17366
2026-04-10 04:25:00,2059.0,2060.39990234375,2056.699951171875,2058.300048828125,14254
2026-04-10 04:30:00,2058.300048828125,2060.0,2052.0,2052.39990234375,19760
2026-04-10 04:35:00,2052.199951171875,2053.699951171875,2043.0999755859375,2053.0,60216
2026-04-10 04:40:00,2052.0,2058.39990234375,2051.89990234375,2056.5,22114
2026-04-10 04:45:00,2057.60009765625,2060.0,2055.199951171875,2058.89990234375,19287
2026-04-10 04:50:00,2059.0,2061.699951171875,2059.0,2060.699951171875,10091
2026-04-10 04:55:00,2061.39990234375,2063.39990234375,2059.0,2060.60009765625,8386
2026-04-10 05:00:00,2060.199951171875,2062.699951171875,2059.0,2062.699951171875,6202
2026-04-10 05:05:00,2062.60009765625,2064.0,2061.60009765625,2062.800048828125,4898
2026-04-10 05:10:00,2062.800048828125,2064.0,2062.0,2063.199951171875,4864
2026-04-10 05:15:00,2062.39990234375,2062.89990234375,2058.300048828125,2061.0,3673
2026-04-10 05:20:00,2061.10009765625,2062.800048828125,2059.39990234375,2061.39990234375,6632
2026-04-10 05:25:00,2061.300048828125,2065.60009765625,2060.10009765625,2065.60009765625,8832
2026-04-10 05:30:00,2065.60009765625,2066.800048828125,2063.60009765625,2064.800048828125,5432
2026-04-10 05:35:00,2064.300048828125,2065.5,2062.60009765625,2065.0,5941
2026-04-10 05:40:00,2065.0,2065.5,2063.39990234375,2064.0,2435
2026-04-10 05:45:00,2064.800048828125,2066.199951171875,2064.10009765625,2066.0,8846
2026-04-10 05:50:00,2066.199951171875,2071.800048828125,2065.89990234375,2071.0,28599
2026-04-10 05:55:00,2071.5,2076.699951171875,2071.0,2071.0,43341
2026-04-10 06:00:00,2071.89990234375,2081.60009765625,2071.0,2081.199951171875,47975
2026-04-10 06:05:00,2081.300048828125,2081.300048828125,2073.39990234375,2076.199951171875,27801
2026-04-10 06:10:00,2076.39990234375,2083.89990234375,2071.5,2078.300048828125,27224
2026-04-10 06:15:00,2078.0,2081.89990234375,2067.39990234375,2071.0,29817
2026-04-10 06:20:00,2071.10009765625,2076.0,2070.39990234375,2074.10009765625,11098
2026-04-10 06:25:00,2074.10009765625,2074.800048828125,2072.0,2072.89990234375,6584
2026-04-10 06:30:00,2073.699951171875,2078.0,2072.89990234375,2078.0,16172
2026-04-10 06:35:00,2078.0,2078.699951171875,2076.800048828125,2077.5,20723
2026-04-10 06:40:00,2077.699951171875,2078.0,2075.10009765625,2076.199951171875,14192
2026-04-10 06:45:00,2075.10009765625,2075.5,2072.0,2073.89990234375,10249
2026-04-10 06:50:00,2073.199951171875,2078.0,2072.199951171875,2078.0,10603
2026-04-10 06:55:00,2078.0,2079.0,2077.10009765625,2078.89990234375,16303
2026-04-10 07:00:00,2079.0,2079.0,2076.39990234375,2076.800048828125,5493
2026-04-10 07:05:00,2076.699951171875,2078.0,2075.10009765625,2075.10009765625,5796
2026-04-10 07:10:00,2076.0,2077.5,2075.0,2075.699951171875,6286
2026-04-10 07:15:00,2075.39990234375,2078.300048828125,2075.0,2077.199951171875,9597
2026-04-10 07:20:00,2077.0,2077.5,2075.10009765625,2076.0,10481
2026-04-10 07:25:00,2076.0,2080.89990234375,2075.60009765625,2080.699951171875,17403
2026-04-10 07:30:00,2080.60009765625,2084.0,2079.39990234375,2081.699951171875,32413
2026-04-10 07:35:00,2081.89990234375,2092.10009765625,2079.0,2088.60009765625,76295
2026-04-10 07:40:00,2088.300048828125,2089.60009765625,2086.10009765625,2087.39990234375,24388
2026-04-10 07:45:00,2086.60009765625,2090.0,2086.60009765625,2089.800048828125,18483
2026-04-10 07:50:00,2089.699951171875,2093.0,2087.699951171875,2090.89990234375,25666
2026-04-10 07:55:00,2091.300048828125,2094.60009765625,2089.89990234375,2093.5,28764
2026-04-10 08:00:00,2093.5,2094.0,2091.0,2091.10009765625,16170
2026-04-10 08:05:00,2091.10009765625,2094.39990234375,2090.0,2090.39990234375,52667
2026-04-10 08:10:00,2091.0,2091.0,2085.39990234375,2087.60009765625,91754
2026-04-10 08:15:00,2088.0,2088.89990234375,2085.199951171875,2085.60009765625,10532
2026-04-10 08:20:00,2085.800048828125,2085.800048828125,2083.5,2085.0,12266
2026-04-10 08:25:00,2085.0,2086.60009765625,2084.0,2085.5,8082
2026-04-10 08:30:00,2085.300048828125,2088.10009765625,2084.89990234375,2087.89990234375,8862
2026-04-10 08:35:00,2088.0,2089.0,2084.699951171875,2086.0,7504
2026-04-10 08:40:00,2087.300048828125,2089.0,2083.39990234375,2086.10009765625,13692
2026-04-10 08:45:00,2085.699951171875,2087.699951171875,2073.5,2081.89990234375,59479
2026-04-10 08:50:00,2081.89990234375,2084.89990234375,2079.699951171875,2080.0,17539
2026-04-10 08:55:00,2080.0,2080.60009765625,2077.10009765625,2079.800048828125,13472
2026-04-10 09:00:00,2079.60009765625,2081.0,2078.0,2078.300048828125,6767
2026-04-10 09:05:00,2078.199951171875,2078.699951171875,2076.199951171875,2077.199951171875,15876
2026-04-10 09:10:00,2077.199951171875,2079.699951171875,2076.10009765625,2078.10009765625,16025
2026-04-10 09:15:00,2078.60009765625,2084.0,2077.10009765625,2083.0,13584
2026-04-10 09:20:00,2082.699951171875,2083.199951171875,2080.699951171875,2082.39990234375,8893
2026-04-10 09:25:00,2081.60009765625,2084.89990234375,2081.39990234375,2083.0,12576
2026-04-10 09:30:00,2082.800048828125,2084.699951171875,2082.0,2084.699951171875,12298
2026-04-10 09:35:00,2085.0,2086.0,2083.800048828125,2085.0,16113
2026-04-10 09:40:00,2085.5,2088.800048828125,2085.0,2086.60009765625,32357
2026-04-10 09:45:00,2086.60009765625,2088.0,2084.60009765625,2085.5,41384
2026-04-10 09:50:00,2085.5,2089.89990234375,2083.10009765625,2089.60009765625,63379
2026-04-10 09:55:00,2088.39990234375,2090.800048828125,2086.800048828125,2086.800048828125,52151
2026-04-13 03:45:00,2000.199951171875,2040.0,2000.199951171875,2034.9000244140625,0
2026-04-13 03:50:00,2033.5999755859375,2056.0,2033.5999755859375,2054.800048828125,133107
2026-04-13 03:55:00,2053.89990234375,2071.89990234375,2052.699951171875,2069.60009765625,80348
2026-04-13 04:00:00,2069.0,2080.0,2065.800048828125,2079.60009765625,82887
2026-04-13 04:05:00,2079.60009765625,2079.60009765625,2073.39990234375,2075.0,44435
2026-04-13 04:10:00,2075.0,2090.0,2075.0,2084.0,63445
2026-04-13 04:15:00,2084.0,2107.800048828125,2082.60009765625,2104.699951171875,126446
2026-04-13 04:20:00,2105.0,2106.89990234375,2099.89990234375,2101.39990234375,108530
2026-04-13 04:25:00,2101.89990234375,2112.89990234375,2101.39990234375,2109.699951171875,189975
2026-04-13 04:30:00,2109.39990234375,2120.60009765625,2109.39990234375,2116.60009765625,128356
2026-04-13 04:35:00,2116.89990234375,2129.60009765625,2116.699951171875,2127.60009765625,156830
2026-04-13 04:40:00,2127.800048828125,2129.800048828125,2123.60009765625,2124.800048828125,58979
2026-04-13 04:45:00,2124.39990234375,2145.0,2124.300048828125,2139.10009765625,180758
2026-04-13 04:50:00,2140.0,2141.699951171875,2131.60009765625,2133.0,95712
2026-04-13 04:55:00,2133.0,2148.60009765625,2131.0,2144.89990234375,146115
2026-04-13 05:00:00,2144.0,2148.0,2135.0,2136.10009765625,87331
2026-04-13 05:05:00,2136.0,2136.89990234375,2124.89990234375,2129.60009765625,101968
2026-04-13 05:10:00,2129.199951171875,2130.0,2115.800048828125,2122.89990234375,158085
2026-04-13 05:15:00,2122.89990234375,2125.300048828125,2120.800048828125,2124.699951171875,33135
2026-04-13 05:20:00,2124.39990234375,2128.300048828125,2124.0,2127.89990234375,23877
2026-04-13 05:25:00,2128.0,2133.0,2125.199951171875,2132.10009765625,27417
2026-04-13 05:30:00,2132.10009765625,2136.199951171875,2132.10009765625,2135.300048828125,29863
2026-04-13 05:35:00,2135.89990234375,2143.5,2135.39990234375,2143.5,50804
2026-04-13 05:40:00,2143.199951171875,2144.89990234375,2138.0,2139.0,43139
2026-04-13 05:45:00,2138.89990234375,2144.60009765625,2138.699951171875,2144.39990234375,21391
2026-04-13 05:50:00,2144.5,2149.39990234375,2142.5,2147.800048828125,71411
2026-04-13 05:55:00,2147.199951171875,2151.0,2144.39990234375,2145.60009765625,58351
2026-04-13 06:00:00,2146.10009765625,2147.89990234375,2142.800048828125,2143.300048828125,29044
2026-04-13 06:05:00,2144.5,2145.800048828125,2140.39990234375,2141.39990234375,27382
2026-04-13 06:10:00,2140.300048828125,2154.0,2140.0,2152.800048828125,58958
2026-04-13 06:15:00,2152.800048828125,2156.800048828125,2152.10009765625,2153.0,40819
2026-04-13 06:20:00,2155.0,2156.39990234375,2151.10009765625,2154.5,20563
2026-04-13 06:25:00,2154.0,2155.0,2150.0,2150.0,22650
2026-04-13 06:30:00,2150.89990234375,2152.699951171875,2148.5,2149.60009765625,18808
2026-04-13 06:35:00,2149.60009765625,2149.699951171875,2146.0,2148.60009765625,18026
2026-04-13 06:40:00,2148.5,2149.89990234375,2146.199951171875,2148.0,9659
2026-04-13 06:45:00,2147.800048828125,2149.699951171875,2145.300048828125,2146.0,15042
2026-04-13 06:50:00,2146.5,2147.89990234375,2142.699951171875,2145.0,18148
2026-04-13 06:55:00,2143.800048828125,2145.89990234375,2142.300048828125,2145.5,20685
2026-04-13 07:00:00,2145.89990234375,2145.89990234375,2140.60009765625,2140.60009765625,25109
2026-04-13 07:05:00,2140.39990234375,2142.199951171875,2140.10009765625,2141.0,12120
2026-04-13 07:10:00,2140.89990234375,2143.199951171875,2136.699951171875,2142.300048828125,30457
2026-04-13 07:15:00,2143.5,2143.89990234375,2138.10009765625,2140.0,12275
2026-04-13 07:20:00,2140.800048828125,2140.89990234375,2135.199951171875,2135.199951171875,14019
2026-04-13 07:25:00,2136.300048828125,2136.60009765625,2128.199951171875,2133.89990234375,38971
2026-04-13 07:30:00,2133.5,2134.0,2128.0,2131.800048828125,21947
2026-04-13 07:35:00,2132.39990234375,2138.39990234375,2131.800048828125,2136.800048828125,28518
2026-04-13 07:40:00,2136.199951171875,2139.60009765625,2136.10009765625,2138.800048828125,15180
2026-04-13 07:45:00,2138.60009765625,2139.60009765625,2136.39990234375,2136.800048828125,10844
2026-04-13 07:50:00,2136.5,2138.10009765625,2133.60009765625,2136.0,10234
2026-04-13 07:55:00,2136.0,2137.300048828125,2134.0,2134.0,19236
2026-04-13 08:00:00,2135.0,2138.0,2134.0,2134.89990234375,8858
2026-04-13 08:05:00,2134.89990234375,2141.39990234375,2133.39990234375,2139.60009765625,18965
2026-04-13 08:10:00,2139.60009765625,2142.0,2139.300048828125,2140.89990234375,11417
2026-04-13 08:15:00,2140.89990234375,2140.89990234375,2137.10009765625,2138.5,7584
2026-04-13 08:20:00,2138.5,2143.0,2137.300048828125,2142.89990234375,15317
2026-04-13 08:25:00,2142.89990234375,2144.89990234375,2141.10009765625,2142.5,21760
2026-04-13 08:30:00,2142.10009765625,2143.60009765625,2140.800048828125,2142.0,10422
2026-04-13 08:35:00,2142.0,2142.0,2135.0,2136.89990234375,16573
2026-04-13 08:40:00,2135.800048828125,2136.10009765625,2133.0,2134.89990234375,11529
2026-04-13 08:45:00,2135.0,2135.300048828125,2130.39990234375,2135.0,28551
2026-04-13 08:50:00,2135.0,2138.89990234375,2133.199951171875,2133.699951171875,16437
2026-04-13 08:55:00,2135.0,2136.0,2132.0,2132.89990234375,6160
2026-04-13 09:00:00,2133.89990234375,2135.0,2131.300048828125,2132.5,13673
2026-04-13 09:05:00,2132.199951171875,2133.89990234375,2130.0,2132.199951171875,23188
2026-04-13 09:10:00,2131.10009765625,2132.60009765625,2128.300048828125,2128.5,20418
2026-04-13 09:15:00,2128.699951171875,2130.89990234375,2126.300048828125,2130.699951171875,34731
2026-04-13 09:20:00,2130.800048828125,2130.800048828125,2127.0,2130.0,17840
2026-04-13 09:25:00,2130.0,2132.0,2129.0,2130.699951171875,28783
2026-04-13 09:30:00,2130.0,2130.60009765625,2124.0,2126.10009765625,51933
2026-04-13 09:35:00,2126.199951171875,2127.39990234375,2123.199951171875,2126.10009765625,29611
2026-04-13 09:40:00,2125.800048828125,2128.5,2123.800048828125,2123.800048828125,34120
2026-04-13 09:45:00,2125.0,2131.5,2123.199951171875,2131.5,78684
2026-04-13 09:50:00,2131.199951171875,2135.699951171875,2129.199951171875,2133.10009765625,66536
2026-04-13 09:55:00,2133.10009765625,2134.89990234375,2130.10009765625,2130.199951171875,49534
2026-04-15 03:45:00,2182.0,2199.89990234375,2176.5,2194.800048828125,0
2026-04-15 03:50:00,2193.699951171875,2194.800048828125,2162.10009765625,2163.300048828125,134962
2026-04-15 03:55:00,2163.60009765625,2166.199951171875,2158.89990234375,2165.0,67648
2026-04-15 04:00:00,2165.0,2170.0,2162.300048828125,2168.800048828125,67118
2026-04-15 04:05:00,2168.699951171875,2169.39990234375,2160.89990234375,2161.0,55521
2026-04-15 04:10:00,2162.5,2173.300048828125,2161.199951171875,2170.5,43553
2026-04-15 04:15:00,2171.0,2172.800048828125,2166.0,2166.0,30321
2026-04-15 04:20:00,2166.89990234375,2172.89990234375,2166.199951171875,2172.800048828125,16109
2026-04-15 04:25:00,2172.699951171875,2178.199951171875,2170.39990234375,2178.0,46642
2026-04-15 04:30:00,2178.39990234375,2179.699951171875,2175.0,2177.39990234375,25214
2026-04-15 04:35:00,2179.0,2182.800048828125,2177.300048828125,2179.39990234375,37938
2026-04-15 04:40:00,2179.5,2182.0,2178.0,2181.199951171875,15003
2026-04-15 04:45:00,2182.39990234375,2188.0,2182.39990234375,2185.5,67004
2026-04-15 04:50:00,2185.199951171875,2187.800048828125,2183.10009765625,2183.699951171875,32023
2026-04-15 04:55:00,2184.699951171875,2186.0,2182.5,2184.0,14756
2026-04-15 05:00:00,2185.0,2186.0,2181.10009765625,2182.800048828125,20152
2026-04-15 05:05:00,2184.5,2185.199951171875,2180.0,2181.800048828125,10315
2026-04-15 05:10:00,2181.199951171875,2184.800048828125,2180.60009765625,2182.300048828125,11199
2026-04-15 05:15:00,2182.10009765625,2182.10009765625,2180.10009765625,2181.199951171875,6332
2026-04-15 05:20:00,2181.699951171875,2181.699951171875,2175.199951171875,2178.89990234375,30161
2026-04-15 05:25:00,2178.10009765625,2180.800048828125,2177.10009765625,2178.0,18007
2026-04-15 05:30:00,2178.300048828125,2180.800048828125,2175.10009765625,2175.199951171875,24877
2026-04-15 05:35:00,2175.199951171875,2177.199951171875,2174.89990234375,2175.0,8285
2026-04-15 05:40:00,2175.60009765625,2176.0,2172.0,2173.199951171875,8440
2026-04-15 05:45:00,2174.0,2175.199951171875,2172.10009765625,2172.300048828125,6256
2026-04-15 05:50:00,2172.39990234375,2175.0,2172.199951171875,2175.0,4750
2026-04-15 05:55:00,2175.0,2175.699951171875,2173.199951171875,2175.39990234375,11833
2026-04-15 06:00:00,2175.39990234375,2177.300048828125,2173.0,2174.89990234375,10239
2026-04-15 06:05:00,2175.199951171875,2178.0,2175.0,2177.0,4478
2026-04-15 06:10:00,2177.0,2178.0,2175.60009765625,2178.0,2244
2026-04-15 06:15:00,2178.39990234375,2179.0,2178.0,2178.5,7272
2026-04-15 06:20:00,2178.89990234375,2178.89990234375,2174.89990234375,2177.10009765625,5580
2026-04-15 06:25:00,2177.10009765625,2177.699951171875,2173.699951171875,2173.699951171875,3999
2026-04-15 06:30:00,2174.0,2176.60009765625,2173.699951171875,2175.60009765625,8902
2026-04-15 06:35:00,2175.5,2175.60009765625,2172.5,2173.699951171875,6669
2026-04-15 06:40:00,2173.699951171875,2175.60009765625,2171.0,2171.39990234375,9358
2026-04-15 06:45:00,2171.39990234375,2172.39990234375,2168.0,2169.0,12656
2026-04-15 06:50:00,2168.89990234375,2170.300048828125,2168.0,2169.89990234375,7642
2026-04-15 06:55:00,2169.300048828125,2172.699951171875,2169.300048828125,2171.5,5412
2026-04-15 07:00:00,2171.89990234375,2172.0,2167.0,2169.300048828125,13167
2026-04-15 07:05:00,2169.300048828125,2171.0,2168.39990234375,2170.0,4907
2026-04-15 07:10:00,2170.10009765625,2171.5,2169.300048828125,2171.300048828125,6217
2026-04-15 07:15:00,2171.39990234375,2171.800048828125,2169.0,2169.699951171875,4745
2026-04-15 07:20:00,2169.800048828125,2171.5,2167.39990234375,2167.699951171875,5860
2026-04-15 07:25:00,2167.699951171875,2170.39990234375,2167.0,2167.0,5672
2026-04-15 07:30:00,2167.699951171875,2168.300048828125,2165.300048828125,2167.5,8537
2026-04-15 07:35:00,2167.0,2169.699951171875,2165.5,2169.699951171875,13220
2026-04-15 07:40:00,2169.699951171875,2170.699951171875,2168.699951171875,2168.699951171875,2339
2026-04-15 07:45:00,2168.699951171875,2169.10009765625,2167.5,2167.5,3870
2026-04-15 07:50:00,2167.5,2167.89990234375,2159.39990234375,2160.0,30930
2026-04-15 07:55:00,2159.300048828125,2161.89990234375,2158.800048828125,2161.60009765625,22519
2026-04-15 08:00:00,2162.199951171875,2163.39990234375,2160.0,2162.0,19081
2026-04-15 08:05:00,2161.300048828125,2163.0,2153.60009765625,2153.60009765625,18665
2026-04-15 08:10:00,2154.10009765625,2158.5,2153.199951171875,2157.699951171875,17848
2026-04-15 08:15:00,2157.699951171875,2159.300048828125,2157.0,2159.300048828125,3506
2026-04-15 08:20:00,2159.10009765625,2161.0,2155.800048828125,2156.699951171875,12309
2026-04-15 08:25:00,2156.699951171875,2157.5,2156.0,2156.60009765625,3388
2026-04-15 08:30:00,2156.5,2157.0,2152.89990234375,2153.5,20897
2026-04-15 08:35:00,2154.39990234375,2156.699951171875,2153.199951171875,2154.199951171875,11082
2026-04-15 08:40:00,2154.199951171875,2154.300048828125,2150.199951171875,2152.800048828125,16933
2026-04-15 08:45:00,2153.10009765625,2153.10009765625,2151.0,2151.89990234375,16747
2026-04-15 08:50:00,2151.699951171875,2154.10009765625,2151.0,2151.800048828125,16741
2026-04-15 08:55:00,2151.0,2152.0,2150.39990234375,2151.89990234375,10171
2026-04-15 09:00:00,2151.89990234375,2153.10009765625,2148.0,2149.39990234375,15157
2026-04-15 09:05:00,2150.5,2153.699951171875,2149.10009765625,2150.0,17549
2026-04-15 09:10:00,2151.5,2156.0,2150.60009765625,2155.5,12365
2026-04-15 09:15:00,2154.39990234375,2155.699951171875,2151.10009765625,2154.10009765625,23335
2026-04-15 09:20:00,2154.699951171875,2158.0,2153.699951171875,2155.60009765625,18895
2026-04-15 09:25:00,2155.60009765625,2156.89990234375,2154.10009765625,2156.10009765625,7289
2026-04-15 09:30:00,2157.800048828125,2157.800048828125,2152.300048828125,2153.699951171875,15849
2026-04-15 09:35:00,2154.0,2154.10009765625,2149.300048828125,2149.800048828125,22447
2026-04-15 09:40:00,2150.39990234375,2150.5,2144.0,2144.0,38588
2026-04-15 09:45:00,2144.89990234375,2145.5,2142.199951171875,2143.89990234375,34233
2026-04-15 09:50:00,2143.300048828125,2145.199951171875,2141.39990234375,2143.10009765625,72531
2026-04-15 09:55:00,2143.10009765625,2143.39990234375,2138.300048828125,2139.89990234375,58132
