timestamp,open,high,low,close,volume
2026-01-14 03:45:00,1419.800048828125,1428.300048828125,1419.0,1425.699951171875,0
2026-01-14 03:50:00,1424.0999755859375,1429.699951171875,1423.0999755859375,1427.5999755859375,28773
2026-01-14 03:55:00,1427.800048828125,1432.0,1427.800048828125,1430.4000244140625,32218
2026-01-14 04:00:00,1430.199951171875,1431.300048828125,1427.5999755859375,1428.300048828125,24604
2026-01-14 04:05:00,1427.800048828125,1430.5,1426.0,1428.5,18945
2026-01-14 04:10:00,1428.5999755859375,1429.800048828125,1425.0,1425.0,12848
2026-01-14 04:15:00,1425.9000244140625,1426.800048828125,1422.5,1423.199951171875,16450
2026-01-14 04:20:00,1423.4000244140625,1425.4000244140625,1421.4000244140625,1423.4000244140625,29699
2026-01-14 04:25:00,1424.4000244140625,1426.5,1422.4000244140625,1422.5999755859375,20698
2026-01-14 04:30:00,1423.0,1423.800048828125,1419.4000244140625,1421.0999755859375,21096
2026-01-14 04:35:00,1421.0999755859375,1422.5999755859375,1417.699951171875,1418.800048828125,16704
2026-01-14 04:40:00,1418.800048828125,1419.0999755859375,1417.0,1417.4000244140625,15583
2026-01-14 04:45:00,1417.0,1417.9000244140625,1414.0,1416.0,18995
2026-01-14 04:50:00,1416.0,1416.199951171875,1411.0,1414.4000244140625,29624
2026-01-14 04:55:00,1414.699951171875,1416.699951171875,1412.5,1413.4000244140625,24842
2026-01-14 05:00:00,1412.9000244140625,1413.5,1410.0999755859375,1413.300048828125,20800
2026-01-14 05:05:00,1413.4000244140625,1414.0999755859375,1412.0,1412.0,10881
2026-01-14 05:10:00,1412.5,1417.5,1412.0,1413.5999755859375,27536
2026-01-14 05:15:00,1413.4000244140625,1416.0,1412.9000244140625,1414.800048828125,9881
2026-01-14 05:20:00,1414.5999755859375,1415.4000244140625,1413.0999755859375,1414.199951171875,11043
2026-01-14 05:25:00,1414.300048828125,1418.0,1414.300048828125,1418.0,4623
2026-01-14 05:30:00,1418.0,1419.0,1415.5999755859375,1417.199951171875,14671
2026-01-14 05:35:00,1417.199951171875,1418.0,1415.4000244140625,1415.4000244140625,6263
2026-01-14 05:40:00,1415.0,1415.800048828125,1414.0,1414.5999755859375,7991
2026-01-14 05:45:00,1414.5999755859375,1418.5999755859375,1414.4000244140625,1417.5999755859375,5990
2026-01-14 05:50:00,1417.5,1419.0,1417.5,1418.9000244140625,8538
2026-01-14 05:55:00,1418.699951171875,1423.9000244140625,1418.4000244140625,1422.300048828125,21849
2026-01-14 06:00:00,1422.4000244140625,1423.0999755859375,1420.0,1420.5999755859375,21435
2026-01-14 06:05:00,1421.0,1422.9000244140625,1420.0,1420.0999755859375,30588
2026-01-14 06:10:00,1420.800048828125,1423.0,1420.0999755859375,1421.199951171875,30662
2026-01-14 06:15:00,1421.0999755859375,1423.4000244140625,1420.5,1423.4000244140625,6944
2026-01-14 06:20:00,1423.300048828125,1425.0,1423.300048828125,1423.4000244140625,18937
2026-01-14 06:25:00,1423.4000244140625,1423.800048828125,1422.800048828125,1423.300048828125,5070
2026-01-14 06:30:00,1423.300048828125,1425.0999755859375,1423.0999755859375,1423.699951171875,11110
2026-01-14 06:35:00,1423.300048828125,1424.4000244140625,1420.4000244140625,1420.4000244140625,15901
2026-01-14 06:40:00,1420.4000244140625,1420.9000244140625,1417.800048828125,1418.0999755859375,12204
2026-01-14 06:45:00,1418.5,1422.5,1418.0,1422.5,6974
2026-01-14 06:50:00,1422.4000244140625,1424.5999755859375,1421.9000244140625,1424.0,12216
2026-01-14 06:55:00,1423.9000244140625,1424.0,1422.4000244140625,1422.9000244140625,8315
2026-01-14 07:00:00,1423.0,1423.9000244140625,1421.199951171875,1422.300048828125,18305
2026-01-14 07:05:00,1422.5,1427.0,1422.0,1426.699951171875,39974
2026-01-14 07:10:00,1426.699951171875,1426.9000244140625,1423.9000244140625,1426.5,12783
2026-01-14 07:15:00,1426.4000244140625,1428.0,1425.699951171875,1426.0,16065
2026-01-14 07:20:00,1425.4000244140625,1426.0,1423.0999755859375,1423.5,13954
2026-01-14 07:25:00,1423.5999755859375,1424.199951171875,1422.699951171875,1423.800048828125,3194
2026-01-14 07:30:00,1424.0,1424.4000244140625,1421.9000244140625,1422.5,6184
2026-01-14 07:35:00,1422.4000244140625,1423.9000244140625,1422.199951171875,1422.699951171875,2022
2026-01-14 07:40:00,1423.0999755859375,1424.9000244140625,1423.0999755859375,1424.4000244140625,6759
2026-01-14 07:45:00,1424.0999755859375,1425.4000244140625,1422.0,1422.199951171875,5059
2026-01-14 07:50:00,1422.199951171875,1422.199951171875,1417.199951171875,1417.199951171875,22743
2026-01-14 07:55:00,1417.5,1421.0,1417.4000244140625,1420.5,12232
2026-01-14 08:00:00,1420.5,1421.699951171875,1419.4000244140625,1420.5999755859375,6400
2026-01-14 08:05:00,1420.199951171875,1420.5,1418.699951171875,1418.699951171875,4301
2026-01-14 08:10:00,1418.199951171875,1420.5999755859375,1418.199951171875,1418.699951171875,4991
2026-01-14 08:15:00,1418.300048828125,1420.199951171875,1418.300048828125,1419.0,5037
2026-01-14 08:20:00,1419.0,1420.800048828125,1418.199951171875,1418.699951171875,6816
2026-01-14 08:25:00,1418.5999755859375,1419.5999755859375,1416.4000244140625,1417.699951171875,9498
2026-01-14 08:30:00,1417.4000244140625,1419.0,1417.0,1417.300048828125,5900
2026-01-14 08:35:00,1417.300048828125,1419.5,1416.5999755859375,1418.0,10323
2026-01-14 08:40:00,1418.4000244140625,1419.300048828125,1417.0,1419.0,14646
2026-01-14 08:45:00,1419.0,1422.199951171875,1418.199951171875,1418.199951171875,18662
2026-01-14 08:50:00,1418.300048828125,1418.300048828125,1414.199951171875,1414.199951171875,24538
2026-01-14 08:55:00,1414.199951171875,1416.0,1414.0,1415.0,13791
2026-01-14 09:00:00,1414.9000244140625,1417.5,1413.699951171875,1416.9000244140625,13644
2026-01-14 09:05:00,1416.5999755859375,1419.800048828125,1416.0,1419.5,13839
2026-01-14 09:10:00,1418.300048828125,1419.800048828125,1418.300048828125,1419.0,7422
2026-01-14 09:15:00,1420.5999755859375,1422.0,1419.5999755859375,1421.4000244140625,19357
2026-01-14 09:20:00,1421.5,1423.800048828125,1421.4000244140625,1421.699951171875,14402
2026-01-14 09:25:00,1422.4000244140625,1424.0,1420.0999755859375,1421.699951171875,12980
2026-01-14 09:30:00,1420.9000244140625,1420.9000244140625,1416.9000244140625,1419.4000244140625,33761
2026-01-14 09:35:00,1419.300048828125,1419.4000244140625,1417.300048828125,1417.9000244140625,13089
2026-01-14 09:40:00,1417.9000244140625,1417.9000244140625,1415.199951171875,1415.199951171875,16199
2026-01-14 09:45:00,1415.5999755859375,1415.5999755859375,1414.0,1415.0,38746
2026-01-14 09:50:00,1415.0999755859375,1415.199951171875,1413.199951171875,1414.0999755859375,35401
2026-01-14 09:55:00,1414.199951171875,1415.5999755859375,1412.5999755859375,1415.5999755859375,42345
2026-01-16 03:45:00,1419.699951171875,1435.9000244140625,1419.699951171875,1434.5,0
2026-01-16 03:50:00,1435.4000244140625,1438.0,1430.4000244140625,1433.199951171875,115034
2026-01-16 03:55:00,1433.199951171875,1433.199951171875,1428.699951171875,1430.0,41575
2026-01-16 04:00:00,1430.0,1432.0,1426.4000244140625,1429.300048828125,55655
2026-01-16 04:05:00,1428.5999755859375,1429.199951171875,1423.800048828125,1424.800048828125,31436
2026-01-16 04:10:00,1424.800048828125,1425.199951171875,1423.0,1423.0999755859375,18878
2026-01-16 04:15:00,1423.4000244140625,1429.0999755859375,1422.199951171875,1428.0,24042
2026-01-16 04:20:00,1428.300048828125,1430.800048828125,1428.0,1429.4000244140625,15356
2026-01-16 04:25:00,1428.4000244140625,1429.0999755859375,1426.0999755859375,1426.0999755859375,14527
2026-01-16 04:30:00,1426.5999755859375,1428.0,1424.0999755859375,1426.5,9608
2026-01-16 04:35:00,1426.5999755859375,1430.800048828125,1425.699951171875,1430.0999755859375,14274
2026-01-16 04:40:00,1430.0999755859375,1432.5,1429.699951171875,1430.4000244140625,22166
2026-01-16 04:45:00,1430.9000244140625,1432.800048828125,1430.0,1430.4000244140625,9068
2026-01-16 04:50:00,1430.5999755859375,1431.800048828125,1428.800048828125,1431.0,10653
2026-01-16 04:55:00,1431.4000244140625,1436.699951171875,1431.4000244140625,1435.199951171875,37634
2026-01-16 05:00:00,1435.800048828125,1435.800048828125,1432.699951171875,1432.699951171875,29329
2026-01-16 05:05:00,1434.199951171875,1435.5999755859375,1432.0,1432.0,20204
2026-01-16 05:10:00,1432.0,1432.5999755859375,1430.0999755859375,1431.4000244140625,11471
2026-01-16 05:15:00,1430.9000244140625,1441.0,1430.800048828125,1441.0,64489
2026-01-16 05:20:00,1440.5,1441.0,1435.5,1437.0999755859375,28229
2026-01-16 05:25:00,1437.4000244140625,1440.0,1436.699951171875,1438.0,24016
2026-01-16 05:30:00,1437.9000244140625,1442.699951171875,1437.9000244140625,1441.800048828125,46792
2026-01-16 05:35:00,1441.800048828125,1445.199951171875,1439.0,1444.800048828125,63607
2026-01-16 05:40:00,1444.5999755859375,1446.0,1442.5,1445.9000244140625,57002
2026-01-16 05:45:00,1445.9000244140625,1451.699951171875,1445.9000244140625,1447.9000244140625,117106
2026-01-16 05:50:00,1447.9000244140625,1448.4000244140625,1444.0,1444.0,34059
2026-01-16 05:55:00,1444.0,1447.0999755859375,1442.0,1443.300048828125,24291
2026-01-16 06:00:00,1443.9000244140625,1446.0,1441.199951171875,1443.4000244140625,20686
2026-01-16 06:05:00,1443.0,1443.699951171875,1440.300048828125,1441.0,10784
2026-01-16 06:10:00,1441.199951171875,1445.0,1441.0,1444.300048828125,8802
2026-01-16 06:15:00,1444.0,1444.800048828125,1443.300048828125,1443.5999755859375,12240
2026-01-16 06:20:00,1443.300048828125,1446.0,1443.199951171875,1445.199951171875,11961
2026-01-16 06:25:00,1445.199951171875,1446.699951171875,1442.300048828125,1442.800048828125,17532
2026-01-16 06:30:00,1443.0,1443.0999755859375,1440.4000244140625,1440.9000244140625,18356
2026-01-16 06:35:00,1440.4000244140625,1444.0,1440.4000244140625,1444.0,3492
2026-01-16 06:40:00,1444.0,1447.0,1443.5999755859375,1446.4000244140625,12385
2026-01-16 06:45:00,1446.300048828125,1447.0,1445.0,1445.199951171875,15101
2026-01-16 06:50:00,1445.5999755859375,1447.300048828125,1444.0,1445.0,24404
2026-01-16 06:55:00,1445.0,1445.699951171875,1445.0,1445.0,25889
2026-01-16 07:00:00,1445.0,1448.0,1444.800048828125,1445.800048828125,16973
2026-01-16 07:05:00,1446.800048828125,1447.9000244140625,1445.199951171875,1446.5,9259
2026-01-16 07:10:00,1446.5,1448.199951171875,1446.0,1446.0,10653
2026-01-16 07:15:00,1445.9000244140625,1446.0999755859375,1445.0,1445.0,6200
2026-01-16 07:20:00,1445.0,1447.199951171875,1445.0,1447.199951171875,56548
2026-01-16 07:25:00,1447.5,1447.5999755859375,1444.199951171875,1445.5999755859375,20430
2026-01-16 07:30:00,1445.0999755859375,1445.5,1442.300048828125,1442.4000244140625,14784
2026-01-16 07:35:00,1442.800048828125,1442.800048828125,1439.0,1440.0,22624
2026-01-16 07:40:00,1439.300048828125,1440.4000244140625,1438.5,1439.0,12236
2026-01-16 07:45:00,1438.9000244140625,1440.699951171875,1438.0999755859375,1438.199951171875,8153
2026-01-16 07:50:00,1438.5,1441.300048828125,1438.300048828125,1439.4000244140625,19964
2026-01-16 07:55:00,1439.699951171875,1439.699951171875,1437.0,1439.5,11293
2026-01-16 08:00:00,1439.5,1443.699951171875,1439.5,1439.5,10845
2026-01-16 08:05:00,1440.0,1441.0,1439.0,1439.800048828125,8384
2026-01-16 08:10:00,1439.199951171875,1440.0,1437.199951171875,1437.199951171875,5344
2026-01-16 08:15:00,1437.300048828125,1439.5999755859375,1437.199951171875,1438.5,4249
2026-01-16 08:20:00,1438.699951171875,1439.0,1434.5999755859375,1435.199951171875,16864
2026-01-16 08:25:00,1435.699951171875,1436.699951171875,1434.5,1435.0,7262
2026-01-16 08:30:00,1435.0,1436.699951171875,1434.300048828125,1435.300048828125,9716
2026-01-16 08:35:00,1435.0999755859375,1435.300048828125,1433.199951171875,1433.4000244140625,9501
2026-01-16 08:40:00,1433.0,1435.0,1432.300048828125,1432.800048828125,11532
2026-01-16 08:45:00,1432.800048828125,1432.800048828125,1430.300048828125,1431.9000244140625,12353
2026-01-16 08:50:00,1432.199951171875,1432.300048828125,1428.5,1431.9000244140625,15460
2026-01-16 08:55:00,1431.300048828125,1433.9000244140625,1430.300048828125,1431.5,12572
2026-01-16 09:00:00,1432.199951171875,1432.199951171875,1428.5,1429.199951171875,11178
2026-01-16 09:05:00,1428.800048828125,1434.0,1426.300048828125,1433.5,28621
2026-01-16 09:10:00,1433.5999755859375,1436.699951171875,1432.5999755859375,1434.800048828125,14934
2026-01-16 09:15:00,1434.800048828125,1435.5999755859375,1431.0,1435.199951171875,30744
2026-01-16 09:20:00,1435.300048828125,1437.300048828125,1434.0999755859375,1437.300048828125,19396
2026-01-16 09:25:00,1436.9000244140625,1438.5999755859375,1435.0999755859375,1438.5999755859375,16599
2026-01-16 09:30:00,1437.4000244140625,1437.9000244140625,1435.4000244140625,1436.4000244140625,9655
2026-01-16 09:35:00,1437.0,1437.0,1435.0999755859375,1435.5,5714
2026-01-16 09:40:00,1435.199951171875,1436.4000244140625,1435.0999755859375,1435.0999755859375,18724
2026-01-16 09:45:00,1435.0999755859375,1436.5,1432.0,1432.9000244140625,22669
2026-01-16 09:50:00,1432.9000244140625,1434.199951171875,1432.5,1433.5,22396
2026-01-16 09:55:00,1433.0,1433.800048828125,1432.0,1432.699951171875,26705
2026-01-19 03:45:00,1428.199951171875,1432.5,1422.5,1431.5,0
2026-01-19 03:50:00,1432.199951171875,1436.4000244140625,1430.0999755859375,1432.300048828125,40943
2026-01-19 03:55:00,1431.5999755859375,1432.5,1424.0,1424.9000244140625,20523
2026-01-19 04:00:00,1425.0999755859375,1425.5999755859375,1421.0,1422.800048828125,29503
2026-01-19 04:05:00,1423.199951171875,1425.5999755859375,1422.9000244140625,1423.300048828125,22909
2026-01-19 04:10:00,1423.5,1424.199951171875,1420.800048828125,1423.0,23381
2026-01-19 04:15:00,1421.9000244140625,1423.0,1419.300048828125,1420.300048828125,23692
2026-01-19 04:20:00,1419.5,1429.300048828125,1419.5,1426.699951171875,43316
2026-01-19 04:25:00,1426.300048828125,1432.9000244140625,1426.0,1426.5,38192
2026-01-19 04:30:00,1426.5999755859375,1426.9000244140625,1423.300048828125,1425.199951171875,13644
2026-01-19 04:35:00,1425.5,1431.5,1421.699951171875,1431.0,22706
2026-01-19 04:40:00,1431.199951171875,1434.800048828125,1430.0,1434.0,23984
2026-01-19 04:45:00,1433.9000244140625,1435.199951171875,1429.300048828125,1429.5999755859375,17850
2026-01-19 04:50:00,1429.5999755859375,1430.300048828125,1426.9000244140625,1427.5,12311
2026-01-19 04:55:00,1428.199951171875,1428.199951171875,1423.0,1425.5,11755
2026-01-19 05:00:00,1425.9000244140625,1428.4000244140625,1424.0999755859375,1425.0999755859375,10777
2026-01-19 05:05:00,1425.4000244140625,1425.5999755859375,1422.699951171875,1422.800048828125,9439
2026-01-19 05:10:00,1423.5,1425.0,1422.4000244140625,1423.4000244140625,20273
2026-01-19 05:15:00,1423.5,1425.5,1422.4000244140625,1422.4000244140625,7964
2026-01-19 05:20:00,1422.5,1424.5,1422.4000244140625,1424.5,3573
2026-01-19 05:25:00,1424.5,1428.0,1424.5,1427.9000244140625,6929
2026-01-19 05:30:00,1427.5,1430.4000244140625,1427.300048828125,1429.300048828125,11344
2026-01-19 05:35:00,1429.300048828125,1429.9000244140625,1426.199951171875,1426.4000244140625,5216
2026-01-19 05:40:00,1426.5,1426.5,1422.5,1422.5999755859375,10288
2026-01-19 05:45:00,1434.300048828125,1434.300048828125,1420.800048828125,1421.300048828125,11760
2026-01-19 05:50:00,1420.800048828125,1423.5999755859375,1419.300048828125,1421.800048828125,15985
2026-01-19 05:55:00,1421.5,1421.9000244140625,1420.800048828125,1421.0,3819
2026-01-19 06:00:00,1420.9000244140625,1421.5999755859375,1420.800048828125,1421.0,5766
2026-01-19 06:05:00,1421.199951171875,1423.199951171875,1420.800048828125,1423.0999755859375,3698
2026-01-19 06:10:00,1422.699951171875,1423.0999755859375,1421.0,1422.199951171875,3847
2026-01-19 06:15:00,1422.9000244140625,1423.0999755859375,1421.800048828125,1422.9000244140625,2103
2026-01-19 06:20:00,1422.9000244140625,1424.0,1422.5,1422.5999755859375,4968
2026-01-19 06:25:00,1422.5,1422.5,1418.199951171875,1419.4000244140625,14125
2026-01-19 06:30:00,1419.5,1419.5,1418.0999755859375,1419.4000244140625,6002
2026-01-19 06:35:00,1419.4000244140625,1420.5999755859375,1416.5999755859375,1416.5999755859375,13265
2026-01-19 06:40:00,1416.300048828125,1419.9000244140625,1416.0999755859375,1419.9000244140625,7366
2026-01-19 06:45:00,1419.9000244140625,1421.5,1419.0,1421.0999755859375,4989
2026-01-19 06:50:00,1421.0999755859375,1421.5,1417.5,1418.0,3930
2026-01-19 06:55:00,1418.0,1418.300048828125,1415.800048828125,1418.0,16348
2026-01-19 07:00:00,1418.0,1418.0,1416.0999755859375,1417.0,5275
2026-01-19 07:05:00,1417.0999755859375,1417.0999755859375,1415.5,1415.5,6950
2026-01-19 07:10:00,1415.9000244140625,1419.0,1415.5,1419.0,5216
2026-01-19 07:15:00,1419.0,1419.5,1417.0999755859375,1417.800048828125,4388
2026-01-19 07:20:00,1418.300048828125,1419.0,1417.0,1418.800048828125,3310
2026-01-19 07:25:00,1418.800048828125,1419.9000244140625,1418.0,1419.699951171875,4510
2026-01-19 07:30:00,1419.4000244140625,1420.9000244140625,1418.5999755859375,1419.0,6047
2026-01-19 07:35:00,1419.0,1419.5,1418.4000244140625,1418.5,2454
2026-01-19 07:40:00,1418.9000244140625,1418.9000244140625,1415.5,1417.300048828125,4212
2026-01-19 07:45:00,1417.5,1417.5999755859375,1415.4000244140625,1416.5,7791
2026-01-19 07:50:00,1417.0999755859375,1417.9000244140625,1416.0999755859375,1416.4000244140625,3753
2026-01-19 07:55:00,1416.5,1416.5,1415.0,1415.4000244140625,14714
2026-01-19 08:00:00,1416.0999755859375,1417.0,1415.5,1416.5,2345
2026-01-19 08:05:00,1416.4000244140625,1418.0,1416.4000244140625,1417.300048828125,4461
2026-01-19 08:10:00,1417.4000244140625,1418.800048828125,1417.4000244140625,1418.199951171875,2979
2026-01-19 08:15:00,1417.800048828125,1417.800048828125,1416.0,1416.9000244140625,5111
2026-01-19 08:20:00,1416.800048828125,1419.5,1416.800048828125,1417.699951171875,5844
2026-01-19 08:25:00,1417.4000244140625,1418.0,1416.300048828125,1417.0,7195
2026-01-19 08:30:00,1417.699951171875,1419.4000244140625,1416.5999755859375,1417.199951171875,6217
2026-01-19 08:35:00,1416.300048828125,1418.0,1414.800048828125,1414.800048828125,10244
2026-01-19 08:40:00,1414.699951171875,1415.5,1413.0999755859375,1413.699951171875,10581
2026-01-19 08:45:00,1413.800048828125,1414.0,1412.0999755859375,1413.5999755859375,21858
2026-01-19 08:50:00,1413.5,1414.0,1410.699951171875,1411.0,11079
2026-01-19 08:55:00,1411.0,1412.0999755859375,1410.300048828125,1411.0999755859375,9846
2026-01-19 09:00:00,1411.9000244140625,1413.0,1411.0,1412.4000244140625,9631
2026-01-19 09:05:00,1412.199951171875,1415.0,1411.0,1414.0999755859375,8795
2026-01-19 09:10:00,1415.0,1417.5,1414.0999755859375,1417.300048828125,9511
2026-01-19 09:15:00,1417.4000244140625,1419.5,1417.199951171875,1419.0,13118
2026-01-19 09:20:00,1418.9000244140625,1422.800048828125,1417.5999755859375,1421.5,24284
2026-01-19 09:25:00,1421.5,1423.0999755859375,1419.0,1420.699951171875,20243
2026-01-19 09:30:00,1420.5999755859375,1421.800048828125,1418.800048828125,1419.699951171875,9430
2026-01-19 09:35:00,1419.300048828125,1419.9000244140625,1416.699951171875,1416.9000244140625,12950
2026-01-19 09:40:00,1416.9000244140625,1417.5,1415.0,1415.5999755859375,19275
2026-01-19 09:45:00,1415.5,1415.5999755859375,1412.5,1412.5999755859375,17547
2026-01-19 09:50:00,1412.4000244140625,1413.699951171875,1411.5,1412.5999755859375,18956
2026-01-19 09:55:00,1412.0,1414.0,1411.0999755859375,1414.0,19090
2026-01-20 03:45:00,1415.0,1415.0,1408.9000244140625,1410.699951171875,0
2026-01-20 03:50:00,1410.5999755859375,1413.5,1402.0,1402.4000244140625,68679
2026-01-20 03:55:00,1402.4000244140625,1402.5,1395.800048828125,1396.0,61329
2026-01-20 04:00:00,1395.800048828125,1399.0999755859375,1392.300048828125,1394.800048828125,68856
2026-01-20 04:05:00,1394.699951171875,1395.9000244140625,1390.5999755859375,1390.5999755859375,52381
2026-01-20 04:10:00,1390.5,1393.5999755859375,1386.0999755859375,1388.199951171875,91314
2026-01-20 04:15:00,1388.0,1390.699951171875,1384.300048828125,1385.5,71753
2026-01-20 04:20:00,1385.5,1388.5,1378.800048828125,1379.4000244140625,117361
2026-01-20 04:25:00,1379.4000244140625,1380.0,1374.0,1375.0,263436
2026-01-20 04:30:00,1374.9000244140625,1380.9000244140625,1369.699951171875,1369.9000244140625,326635
2026-01-20 04:35:00,1369.9000244140625,1380.0,1369.699951171875,1378.5,272866
2026-01-20 04:40:00,1378.0999755859375,1380.199951171875,1373.5,1373.5999755859375,68895
2026-01-20 04:45:00,1373.699951171875,1377.0,1369.5,1374.800048828125,71732
2026-01-20 04:50:00,1374.5999755859375,1377.0,1371.0,1374.300048828125,25854
2026-01-20 04:55:00,1374.300048828125,1376.5,1372.0,1372.9000244140625,24707
2026-01-20 05:00:00,1372.5999755859375,1376.5,1372.0,1373.300048828125,25249
2026-01-20 05:05:00,1373.199951171875,1375.300048828125,1372.4000244140625,1374.0,20391
2026-01-20 05:10:00,1374.300048828125,1383.0,1373.5999755859375,1382.800048828125,40421
2026-01-20 05:15:00,1382.800048828125,1383.699951171875,1380.0,1382.9000244140625,31533
2026-01-20 05:20:00,1383.0,1384.300048828125,1381.0999755859375,1381.699951171875,20717
2026-01-20 05:25:00,1381.5,1381.800048828125,1378.0999755859375,1380.9000244140625,17582
2026-01-20 05:30:00,1380.9000244140625,1381.4000244140625,1378.0999755859375,1378.300048828125,11240
2026-01-20 05:35:00,1377.9000244140625,1378.699951171875,1376.699951171875,1378.5999755859375,18401
2026-01-20 05:40:00,1378.0,1378.9000244140625,1376.5,1376.699951171875,14035
2026-01-20 05:45:00,1373.5999755859375,1375.199951171875,1369.699951171875,1372.800048828125,76549
2026-01-20 05:50:00,1372.800048828125,1374.800048828125,1372.300048828125,1373.300048828125,13897
2026-01-20 05:55:00,1373.4000244140625,1373.4000244140625,1369.5,1371.5999755859375,43525
2026-01-20 06:00:00,1371.5999755859375,1371.5999755859375,1369.0,1369.0,22381
2026-01-20 06:05:00,1369.300048828125,1370.5,1368.199951171875,1368.199951171875,22643
2026-01-20 06:10:00,1368.5999755859375,1368.9000244140625,1366.0,1368.4000244140625,32213
2026-01-20 06:15:00,1368.5,1368.5,1365.0999755859375,1367.0,51060
2026-01-20 06:20:00,1366.9000244140625,1370.0,1366.4000244140625,1369.4000244140625,19936
2026-01-20 06:25:00,1369.4000244140625,1369.4000244140625,1366.699951171875,1367.800048828125,20691
2026-01-20 06:30:00,1367.800048828125,1368.0,1363.4000244140625,1364.5999755859375,57494
2026-01-20 06:35:00,1364.0,1364.5999755859375,1359.5999755859375,1360.699951171875,56683
2026-01-20 06:40:00,1361.0,1362.0,1359.800048828125,1361.300048828125,30398
2026-01-20 06:45:00,1361.300048828125,1362.0999755859375,1360.0999755859375,1360.699951171875,21313
2026-01-20 06:50:00,1361.199951171875,1362.300048828125,1361.0,1362.0,12180
2026-01-20 06:55:00,1362.0,1363.300048828125,1360.0,1360.5,20839
2026-01-20 07:00:00,1360.0,1361.5,1359.0,1359.800048828125,22456
2026-01-20 07:05:00,1360.0,1360.199951171875,1357.0,1359.0,23161
2026-01-20 07:10:00,1358.800048828125,1359.5999755859375,1357.0,1357.5,23179
2026-01-20 07:15:00,1357.5,1358.0,1356.0,1357.0999755859375,20160
2026-01-20 07:20:00,1357.9000244140625,1359.800048828125,1356.0,1357.0,11730
2026-01-20 07:25:00,1357.0,1357.300048828125,1355.4000244140625,1355.800048828125,18627
2026-01-20 07:30:00,1355.800048828125,1356.0,1352.199951171875,1353.4000244140625,51678
2026-01-20 07:35:00,1353.199951171875,1355.9000244140625,1352.0999755859375,1355.699951171875,42579
2026-01-20 07:40:00,1355.699951171875,1357.0,1355.300048828125,1356.0,15018
2026-01-20 07:45:00,1355.800048828125,1355.9000244140625,1352.0999755859375,1352.800048828125,23847
2026-01-20 07:50:00,1353.699951171875,1355.699951171875,1352.9000244140625,1355.300048828125,19885
2026-01-20 07:55:00,1355.300048828125,1355.5,1353.0,1353.0,12871
2026-01-20 08:00:00,1353.199951171875,1353.9000244140625,1351.4000244140625,1352.300048828125,24757
2026-01-20 08:05:00,1352.199951171875,1352.5999755859375,1350.699951171875,1351.5,27380
2026-01-20 08:10:00,1351.5,1352.5,1350.0,1351.199951171875,34386
2026-01-20 08:15:00,1351.800048828125,1351.800048828125,1348.5,1348.800048828125,66972
2026-01-20 08:20:00,1348.5,1350.5,1347.5,1349.4000244140625,29578
2026-01-20 08:25:00,1349.4000244140625,1349.4000244140625,1346.199951171875,1347.5,36873
2026-01-20 08:30:00,1347.4000244140625,1351.5999755859375,1345.9000244140625,1351.300048828125,41575
2026-01-20 08:35:00,1351.0999755859375,1351.0999755859375,1345.5,1346.0999755859375,23186
2026-01-20 08:40:00,1346.0,1346.300048828125,1343.9000244140625,1345.0,47686
2026-01-20 08:45:00,1345.0,1345.5,1342.0,1342.5999755859375,40913
2026-01-20 08:50:00,1342.699951171875,1344.300048828125,1341.0,1342.199951171875,27585
2026-01-20 08:55:00,1342.199951171875,1347.5999755859375,1342.0,1347.0999755859375,47698
2026-01-20 09:00:00,1346.9000244140625,1350.0999755859375,1346.0999755859375,1349.699951171875,29336
2026-01-20 09:05:00,1349.699951171875,1351.0,1348.0,1350.0,28882
2026-01-20 09:10:00,1350.0,1351.800048828125,1349.0999755859375,1351.699951171875,36789
2026-01-20 09:15:00,1351.5,1354.9000244140625,1351.199951171875,1353.699951171875,37525
2026-01-20 09:20:00,1353.699951171875,1355.0,1352.4000244140625,1354.4000244140625,29746
2026-01-20 09:25:00,1354.4000244140625,1354.699951171875,1348.5,1348.9000244140625,45967
2026-01-20 09:30:00,1347.800048828125,1348.0999755859375,1344.199951171875,1345.9000244140625,46058
2026-01-20 09:35:00,1346.300048828125,1347.4000244140625,1343.4000244140625,1344.5999755859375,31807
2026-01-20 09:40:00,1344.5999755859375,1344.699951171875,1341.800048828125,1342.5999755859375,49682
2026-01-20 09:45:00,1341.4000244140625,1342.0999755859375,1339.5,1340.0,94720
2026-01-20 09:50:00,1340.199951171875,1340.5,1337.0999755859375,1337.4000244140625,63772
2026-01-20 09:55:00,1338.0,1342.800048828125,1335.0,1342.5,79399
2026-01-21 03:45:00,1335.9000244140625,1352.300048828125,1335.9000244140625,1350.9000244140625,0
2026-01-21 03:50:00,1347.699951171875,1348.199951171875,1337.9000244140625,1343.0999755859375,80098
2026-01-21 03:55:00,1343.0,1347.199951171875,1334.0999755859375,1334.0999755859375,69464
2026-01-21 04:00:00,1334.0999755859375,1345.699951171875,1334.0999755859375,1342.199951171875,66709
2026-01-21 04:05:00,1341.5999755859375,1342.199951171875,1331.0,1333.300048828125,73670
2026-01-21 04:10:00,1333.0999755859375,1337.0,1327.5,1330.699951171875,66185
2026-01-21 04:15:00,1330.5999755859375,1331.5,1324.0,1327.5,60607
2026-01-21 04:20:00,1327.5,1332.699951171875,1325.0,1325.0,33494
2026-01-21 04:25:00,1327.0,1332.0,1323.800048828125,1327.4000244140625,41548
2026-01-21 04:30:00,1327.5999755859375,1330.300048828125,1324.199951171875,1326.0999755859375,37287
2026-01-21 04:35:00,1325.9000244140625,1330.9000244140625,1325.0999755859375,1327.5999755859375,34607
2026-01-21 04:40:00,1327.0999755859375,1334.5999755859375,1324.300048828125,1329.4000244140625,59871
2026-01-21 04:45:00,1329.0,1334.0,1327.0,1330.300048828125,21012
2026-01-21 04:50:00,1329.699951171875,1332.5999755859375,1328.0,1330.0999755859375,25240
2026-01-21 04:55:00,1330.300048828125,1331.9000244140625,1325.199951171875,1325.699951171875,39442
2026-01-21 05:00:00,1326.5,1327.5999755859375,1325.199951171875,1327.5999755859375,13684
2026-01-21 05:05:00,1328.199951171875,1332.5,1326.0,1326.0999755859375,19755
2026-01-21 05:10:00,1325.300048828125,1326.300048828125,1319.4000244140625,1321.0,63909
2026-01-21 05:15:00,1321.0,1322.0999755859375,1315.9000244140625,1318.0999755859375,39771
2026-01-21 05:20:00,1318.0,1318.699951171875,1313.0,1313.0,32073
2026-01-21 05:25:00,1313.699951171875,1317.199951171875,1310.9000244140625,1316.800048828125,51537
2026-01-21 05:30:00,1316.800048828125,1323.0999755859375,1315.9000244140625,1322.5,34791
2026-01-21 05:35:00,1322.4000244140625,1323.5,1320.0,1323.300048828125,25451
2026-01-21 05:40:00,1322.699951171875,1328.699951171875,1322.300048828125,1326.9000244140625,18706
2026-01-21 05:45:00,1326.800048828125,1331.9000244140625,1326.0,1331.9000244140625,33000
2026-01-21 05:50:00,1334.199951171875,1334.199951171875,1327.5999755859375,1330.4000244140625,25336
2026-01-21 05:55:00,1330.4000244140625,1332.0999755859375,1328.5999755859375,1329.699951171875,20791
2026-01-21 06:00:00,1329.5999755859375,1331.300048828125,1324.199951171875,1324.199951171875,21979
2026-01-21 06:05:00,1324.5,1326.800048828125,1322.699951171875,1323.800048828125,14813
2026-01-21 06:10:00,1323.5999755859375,1324.800048828125,1321.9000244140625,1322.300048828125,11640
2026-01-21 06:15:00,1322.300048828125,1325.300048828125,1319.0,1320.5,21703
2026-01-21 06:20:00,1320.5,1321.4000244140625,1319.0,1320.699951171875,11869
2026-01-21 06:25:00,1321.199951171875,1326.0,1320.699951171875,1323.300048828125,13851
2026-01-21 06:30:00,1323.9000244140625,1331.300048828125,1323.0999755859375,1331.300048828125,19481
2026-01-21 06:35:00,1332.300048828125,1336.199951171875,1332.300048828125,1335.5,27461
2026-01-21 06:40:00,1336.0,1339.0,1335.5999755859375,1338.9000244140625,18253
2026-01-21 06:45:00,1338.800048828125,1340.9000244140625,1337.300048828125,1338.199951171875,27219
2026-01-21 06:50:00,1338.199951171875,1341.5,1337.5999755859375,1340.0,18108
2026-01-21 06:55:00,1340.699951171875,1340.699951171875,1335.5999755859375,1337.699951171875,29167
2026-01-21 07:00:00,1337.699951171875,1341.5999755859375,1336.699951171875,1341.0999755859375,23853
2026-01-21 07:05:00,1341.0,1345.9000244140625,1340.5,1345.4000244140625,28244
2026-01-21 07:10:00,1345.699951171875,1347.800048828125,1343.5,1345.4000244140625,25391
2026-01-21 07:15:00,1344.9000244140625,1350.0,1344.9000244140625,1349.800048828125,27763
2026-01-21 07:20:00,1350.0,1350.0,1347.5,1349.0,21680
2026-01-21 07:25:00,1349.0,1351.9000244140625,1348.0,1351.5,31932
2026-01-21 07:30:00,1352.0,1352.800048828125,1350.199951171875,1351.5999755859375,18194
2026-01-21 07:35:00,1351.199951171875,1352.0,1348.0,1348.4000244140625,31711
2026-01-21 07:40:00,1348.199951171875,1348.800048828125,1345.0,1347.5,24440
2026-01-21 07:45:00,1348.699951171875,1348.800048828125,1347.0999755859375,1347.0999755859375,9061
2026-01-21 07:50:00,1347.0999755859375,1347.5999755859375,1344.0,1344.0,9926
2026-01-21 07:55:00,1343.5999755859375,1344.5,1343.0999755859375,1343.5999755859375,8947
2026-01-21 08:00:00,1343.5,1344.4000244140625,1340.5,1340.5,8228
2026-01-21 08:05:00,1340.699951171875,1343.199951171875,1338.5,1341.5999755859375,16980
2026-01-21 08:10:00,1340.800048828125,1340.800048828125,1336.699951171875,1337.4000244140625,14233
2026-01-21 08:15:00,1337.4000244140625,1337.5,1335.5,1336.9000244140625,6876
2026-01-21 08:20:00,1336.9000244140625,1336.9000244140625,1331.300048828125,1332.9000244140625,27956
2026-01-21 08:25:00,1333.0,1333.0,1330.4000244140625,1330.800048828125,14962
2026-01-21 08:30:00,1330.5999755859375,1333.0999755859375,1327.5,1328.0999755859375,28564
2026-01-21 08:35:00,1327.0,1328.300048828125,1326.0999755859375,1327.0,11767
2026-01-21 08:40:00,1327.0999755859375,1327.0999755859375,1324.0,1325.9000244140625,18579
2026-01-21 08:45:00,1325.9000244140625,1332.9000244140625,1324.199951171875,1329.0,21100
2026-01-21 08:50:00,1329.0,1330.0999755859375,1328.199951171875,1330.0999755859375,8363
2026-01-21 08:55:00,1329.699951171875,1330.0999755859375,1327.0,1328.199951171875,8886
2026-01-21 09:00:00,1328.0,1330.0,1326.800048828125,1328.0,13143
2026-01-21 09:05:00,1328.800048828125,1331.9000244140625,1328.0,1331.0,10060
2026-01-21 09:10:00,1331.5999755859375,1333.800048828125,1331.0,1333.0999755859375,16675
2026-01-21 09:15:00,1333.800048828125,1336.0999755859375,1332.199951171875,1333.9000244140625,22111
2026-01-21 09:20:00,1333.800048828125,1336.0,1333.0999755859375,1335.800048828125,16987
2026-01-21 09:25:00,1335.4000244140625,1335.9000244140625,1330.800048828125,1332.0,15740
2026-01-21 09:30:00,1331.5,1334.300048828125,1330.5,1334.0,25204
2026-01-21 09:35:00,1334.4000244140625,1334.800048828125,1332.0,1332.0,10839
2026-01-21 09:40:00,1331.0999755859375,1334.0,1330.9000244140625,1334.0,25259
2026-01-21 09:45:00,1333.5,1334.800048828125,1331.5,1334.800048828125,25704
2026-01-21 09:50:00,1335.0,1336.199951171875,1332.0999755859375,1334.5,44711
2026-01-21 09:55:00,1334.5,1338.4000244140625,1332.0999755859375,1332.0999755859375,40756
2026-01-22 03:45:00,1345.0,1356.5,1345.0,1352.4000244140625,0
2026-01-22 03:50:00,1354.0,1359.699951171875,1354.0,1358.300048828125,53809
2026-01-22 03:55:00,1358.0,1371.0,1358.0,1369.800048828125,78797
2026-01-22 04:00:00,1368.5,1376.0,1368.5,1375.800048828125,76614
2026-01-22 04:05:00,1375.5,1379.9000244140625,1375.0,1378.199951171875,89057
2026-01-22 04:10:00,1379.0999755859375,1381.9000244140625,1375.199951171875,1376.199951171875,86803
2026-01-22 04:15:00,1377.0,1379.699951171875,1376.300048828125,1377.0,41205
2026-01-22 04:20:00,1377.300048828125,1378.5,1374.800048828125,1377.0,29618
2026-01-22 04:25:00,1376.5,1376.800048828125,1371.199951171875,1374.0999755859375,35766
2026-01-22 04:30:00,1373.800048828125,1376.0,1371.5,1375.0999755859375,37790
2026-01-22 04:35:00,1375.5,1378.4000244140625,1371.0,1371.0,27548
2026-01-22 04:40:00,1371.300048828125,1374.800048828125,1371.300048828125,1373.800048828125,18703
2026-01-22 04:45:00,1372.9000244140625,1373.800048828125,1368.0,1368.0,30471
2026-01-22 04:50:00,1368.0,1371.699951171875,1365.5999755859375,1369.800048828125,37925
2026-01-22 04:55:00,1370.0,1370.0,1365.0,1365.5,15019
2026-01-22 05:00:00,1365.5,1368.5,1362.300048828125,1367.5999755859375,34797
2026-01-22 05:05:00,1367.699951171875,1373.0,1366.300048828125,1370.5,18672
2026-01-22 05:10:00,1370.5,1374.0,1370.0,1373.5999755859375,13712
2026-01-22 05:15:00,1373.5,1374.0,1370.0,1370.4000244140625,13837
2026-01-22 05:20:00,1370.0,1371.0,1370.0,1370.199951171875,8343
2026-01-22 05:25:00,1370.9000244140625,1371.0,1366.0,1366.9000244140625,13546
2026-01-22 05:30:00,1366.800048828125,1369.0,1365.699951171875,1366.9000244140625,8785
2026-01-22 05:35:00,1366.300048828125,1366.9000244140625,1366.0,1366.5999755859375,10435
2026-01-22 05:40:00,1366.0999755859375,1367.4000244140625,1363.800048828125,1365.0,17060
2026-01-22 05:45:00,1365.5,1365.5,1363.300048828125,1364.0,7467
2026-01-22 05:50:00,1364.0,1366.300048828125,1364.0,1365.5999755859375,7812
2026-01-22 05:55:00,1366.0,1367.199951171875,1363.300048828125,1363.699951171875,11385
2026-01-22 06:00:00,1363.0,1363.9000244140625,1361.9000244140625,1363.5999755859375,12373
2026-01-22 06:05:00,1363.5999755859375,1364.9000244140625,1362.4000244140625,1362.5999755859375,7908
2026-01-22 06:10:00,1362.5,1362.5999755859375,1359.800048828125,1360.9000244140625,26557
2026-01-22 06:15:00,1360.5999755859375,1362.0,1360.0999755859375,1361.9000244140625,10553
2026-01-22 06:20:00,1361.9000244140625,1364.5,1360.9000244140625,1361.800048828125,6087
2026-01-22 06:25:00,1361.800048828125,1363.0,1361.5,1361.5,3581
2026-01-22 06:30:00,1361.5,1362.0,1360.0,1361.0999755859375,5055
2026-01-22 06:35:00,1361.0999755859375,1365.0,1361.0999755859375,1364.300048828125,6439
2026-01-22 06:40:00,1364.0,1364.800048828125,1363.0,1363.5,4107
2026-01-22 06:45:00,1363.199951171875,1363.800048828125,1361.5999755859375,1363.699951171875,8149
2026-01-22 06:50:00,1363.699951171875,1366.0999755859375,1362.5999755859375,1363.800048828125,7312
2026-01-22 06:55:00,1363.300048828125,1365.800048828125,1363.300048828125,1365.5999755859375,6730
2026-01-22 07:00:00,1365.0999755859375,1366.0,1364.5,1364.5,3667
2026-01-22 07:05:00,1364.9000244140625,1364.9000244140625,1362.0,1362.5,3428
2026-01-22 07:10:00,1363.199951171875,1363.300048828125,1360.5999755859375,1362.300048828125,13862
2026-01-22 07:15:00,1362.699951171875,1364.9000244140625,1361.5,1364.9000244140625,8068
2026-01-22 07:20:00,1364.9000244140625,1367.9000244140625,1363.800048828125,1365.5,9944
2026-01-22 07:25:00,1364.699951171875,1365.699951171875,1363.0,1363.5999755859375,6309
2026-01-22 07:30:00,1363.0999755859375,1367.300048828125,1363.0999755859375,1367.0,6593
2026-01-22 07:35:00,1366.9000244140625,1367.0,1362.0999755859375,1362.5999755859375,6314
2026-01-22 07:40:00,1363.199951171875,1364.4000244140625,1361.699951171875,1362.4000244140625,8364
2026-01-22 07:45:00,1362.5999755859375,1362.9000244140625,1360.199951171875,1360.800048828125,9626
2026-01-22 07:50:00,1360.5,1362.4000244140625,1360.300048828125,1360.300048828125,11855
2026-01-22 07:55:00,1360.300048828125,1362.0999755859375,1359.5,1361.699951171875,10380
2026-01-22 08:00:00,1361.0,1363.5,1359.699951171875,1362.5999755859375,8036
2026-01-22 08:05:00,1362.199951171875,1363.199951171875,1362.0,1363.0,1895
2026-01-22 08:10:00,1363.0,1364.0,1362.0999755859375,1364.0,8333
2026-01-22 08:15:00,1363.300048828125,1363.9000244140625,1358.800048828125,1362.199951171875,21862
2026-01-22 08:20:00,1362.9000244140625,1365.5999755859375,1361.800048828125,1364.699951171875,7923
2026-01-22 08:25:00,1364.699951171875,1366.5999755859375,1364.5,1364.5,4311
2026-01-22 08:30:00,1364.5,1365.800048828125,1362.0,1362.0,4893
2026-01-22 08:35:00,1362.5999755859375,1362.699951171875,1359.0999755859375,1361.0,7999
2026-01-22 08:40:00,1361.5,1362.800048828125,1358.9000244140625,1359.0999755859375,7328
2026-01-22 08:45:00,1359.0,1362.0,1358.5,1359.5,6432
2026-01-22 08:50:00,1359.9000244140625,1361.9000244140625,1359.0999755859375,1359.5999755859375,7499
2026-01-22 08:55:00,1359.699951171875,1361.300048828125,1359.0,1360.9000244140625,9428
2026-01-22 09:00:00,1360.9000244140625,1363.0,1360.5999755859375,1362.800048828125,11176
2026-01-22 09:05:00,1362.9000244140625,1362.9000244140625,1360.5,1361.0999755859375,12302
2026-01-22 09:10:00,1361.4000244140625,1362.5,1356.0,1358.4000244140625,25684
2026-01-22 09:15:00,1359.300048828125,1361.0,1358.0999755859375,1359.0,14781
2026-01-22 09:20:00,1359.0,1359.300048828125,1356.199951171875,1356.5,16952
2026-01-22 09:25:00,1356.800048828125,1361.0,1356.800048828125,1360.800048828125,18112
2026-01-22 09:30:00,1358.0,1358.699951171875,1353.5,1355.4000244140625,37000
2026-01-22 09:35:00,1355.9000244140625,1356.9000244140625,1355.4000244140625,1355.5,13227
2026-01-22 09:40:00,1355.0999755859375,1358.5,1355.0999755859375,1357.9000244140625,20033
2026-01-22 09:45:00,1357.9000244140625,1358.0999755859375,1356.5,1357.9000244140625,16326
2026-01-22 09:50:00,1357.800048828125,1359.4000244140625,1357.5999755859375,1357.9000244140625,20735
2026-01-22 09:55:00,1357.0999755859375,1358.0,1355.4000244140625,1358.0,30228
2026-01-23 03:45:00,1355.300048828125,1364.0999755859375,1355.300048828125,1364.0999755859375,0
2026-01-23 03:50:00,1364.800048828125,1365.5,1361.300048828125,1363.5,21982
2026-01-23 03:55:00,1363.199951171875,1370.4000244140625,1363.199951171875,1370.0,35295
2026-01-23 04:00:00,1370.699951171875,1370.699951171875,1366.9000244140625,1368.300048828125,20348
2026-01-23 04:05:00,1368.0999755859375,1368.9000244140625,1366.199951171875,1368.5999755859375,16220
2026-01-23 04:10:00,1369.0,1371.0,1366.0,1366.5999755859375,26227
2026-01-23 04:15:00,1366.5,1371.5,1364.9000244140625,1370.4000244140625,27084
2026-01-23 04:20:00,1370.4000244140625,1373.699951171875,1370.4000244140625,1370.5999755859375,20527
2026-01-23 04:25:00,1370.5,1373.800048828125,1370.5,1371.300048828125,11471
2026-01-23 04:30:00,1371.300048828125,1372.5999755859375,1369.199951171875,1370.699951171875,14829
2026-01-23 04:35:00,1371.199951171875,1373.300048828125,1369.0999755859375,1369.5,13855
2026-01-23 04:40:00,1369.0,1371.5,1368.4000244140625,1368.699951171875,10378
2026-01-23 04:45:00,1368.5,1368.9000244140625,1366.4000244140625,1367.4000244140625,7843
2026-01-23 04:50:00,1367.4000244140625,1367.9000244140625,1365.5,1366.4000244140625,7498
2026-01-23 04:55:00,1366.4000244140625,1367.9000244140625,1364.300048828125,1366.5,12851
2026-01-23 05:00:00,1366.0999755859375,1370.699951171875,1366.0999755859375,1369.9000244140625,19053
2026-01-23 05:05:00,1369.9000244140625,1369.9000244140625,1366.199951171875,1367.5999755859375,9575
2026-01-23 05:10:00,1367.9000244140625,1367.9000244140625,1363.4000244140625,1365.0,26170
2026-01-23 05:15:00,1365.300048828125,1366.199951171875,1360.0,1362.5999755859375,26938
2026-01-23 05:20:00,1362.5999755859375,1369.800048828125,1361.5,1365.9000244140625,19619
2026-01-23 05:25:00,1365.4000244140625,1367.5,1363.9000244140625,1366.0999755859375,7342
2026-01-23 05:30:00,1366.0,1366.0,1363.300048828125,1365.199951171875,8708
2026-01-23 05:35:00,1365.0999755859375,1365.0999755859375,1363.0,1363.699951171875,7686
2026-01-23 05:40:00,1364.0,1367.5,1363.4000244140625,1366.699951171875,9047
2026-01-23 05:45:00,1367.4000244140625,1367.4000244140625,1365.199951171875,1366.0,2632
2026-01-23 05:50:00,1365.5999755859375,1366.9000244140625,1364.300048828125,1366.4000244140625,4816
2026-01-23 05:55:00,1366.800048828125,1366.800048828125,1365.300048828125,1365.800048828125,3272
2026-01-23 06:00:00,1365.800048828125,1365.800048828125,1363.0,1363.5,13319
2026-01-23 06:05:00,1363.9000244140625,1364.5999755859375,1359.199951171875,1359.5999755859375,32539
2026-01-23 06:10:00,1359.5999755859375,1360.0,1357.0,1357.300048828125,24415
2026-01-23 06:15:00,1357.300048828125,1359.0999755859375,1356.5,1357.300048828125,11548
2026-01-23 06:20:00,1357.0,1360.0,1356.5,1359.4000244140625,6634
2026-01-23 06:25:00,1359.4000244140625,1360.0,1358.699951171875,1359.699951171875,2605
2026-01-23 06:30:00,1359.9000244140625,1363.800048828125,1359.199951171875,1362.0999755859375,8826
2026-01-23 06:35:00,1362.800048828125,1362.800048828125,1358.9000244140625,1358.9000244140625,8610
2026-01-23 06:40:00,1358.9000244140625,1360.0,1357.9000244140625,1357.9000244140625,5809
2026-01-23 06:45:00,1358.0,1359.699951171875,1356.199951171875,1359.699951171875,11576
2026-01-23 06:50:00,1359.9000244140625,1360.0,1356.199951171875,1357.0,4176
2026-01-23 06:55:00,1356.5,1357.9000244140625,1355.0,1356.0,10027
2026-01-23 07:00:00,1356.0,1358.300048828125,1355.5,1356.800048828125,5698
2026-01-23 07:05:00,1357.699951171875,1358.9000244140625,1356.0999755859375,1357.300048828125,2651
2026-01-23 07:10:00,1357.199951171875,1358.5999755859375,1355.5,1358.0999755859375,9420
2026-01-23 07:15:00,1357.9000244140625,1359.9000244140625,1357.0,1357.800048828125,5322
2026-01-23 07:20:00,1358.5999755859375,1358.5999755859375,1355.199951171875,1357.5,7112
2026-01-23 07:25:00,1357.5999755859375,1357.5999755859375,1353.199951171875,1354.5,9138
2026-01-23 07:30:00,1354.5,1356.5,1352.5,1354.800048828125,30745
2026-01-23 07:35:00,1354.300048828125,1355.0,1352.199951171875,1352.199951171875,7263
2026-01-23 07:40:00,1352.0999755859375,1354.0,1352.0,1354.0,6258
2026-01-23 07:45:00,1353.699951171875,1353.699951171875,1350.0,1350.300048828125,13939
2026-01-23 07:50:00,1350.699951171875,1350.9000244140625,1345.800048828125,1346.5999755859375,23217
2026-01-23 07:55:00,1346.699951171875,1349.0999755859375,1346.699951171875,1348.4000244140625,12517
2026-01-23 08:00:00,1348.0,1348.9000244140625,1345.0,1346.0,12834
2026-01-23 08:05:00,1346.300048828125,1346.300048828125,1338.800048828125,1339.5,28835
2026-01-23 08:10:00,1339.5999755859375,1341.800048828125,1338.4000244140625,1338.4000244140625,9761
2026-01-23 08:15:00,1338.300048828125,1341.9000244140625,1337.199951171875,1339.4000244140625,15190
2026-01-23 08:20:00,1339.0999755859375,1340.199951171875,1338.0,1340.199951171875,8402
2026-01-23 08:25:00,1340.199951171875,1341.0,1337.199951171875,1338.5999755859375,12288
2026-01-23 08:30:00,1338.5999755859375,1340.199951171875,1337.5999755859375,1339.4000244140625,11353
2026-01-23 08:35:00,1339.0999755859375,1339.0999755859375,1335.199951171875,1337.5,14947
2026-01-23 08:40:00,1337.5999755859375,1338.4000244140625,1335.0,1337.4000244140625,15026
2026-01-23 08:45:00,1337.9000244140625,1339.699951171875,1335.300048828125,1336.699951171875,10210
2026-01-23 08:50:00,1336.699951171875,1337.800048828125,1331.4000244140625,1332.9000244140625,14573
2026-01-23 08:55:00,1333.0,1337.4000244140625,1332.9000244140625,1337.0,17660
2026-01-23 09:00:00,1337.0,1338.9000244140625,1335.0,1338.800048828125,17885
2026-01-23 09:05:00,1338.699951171875,1339.5,1336.199951171875,1336.5999755859375,9353
2026-01-23 09:10:00,1337.0999755859375,1339.4000244140625,1335.0,1335.0,16140
2026-01-23 09:15:00,1337.0,1337.0,1332.0,1332.4000244140625,21008
2026-01-23 09:20:00,1332.0,1335.800048828125,1330.0,1335.800048828125,26002
2026-01-23 09:25:00,1335.4000244140625,1338.199951171875,1335.0999755859375,1336.199951171875,14999
2026-01-23 09:30:00,1335.0,1336.0,1330.0,1331.0,26907
2026-01-23 09:35:00,1330.9000244140625,1331.0999755859375,1325.0999755859375,1326.4000244140625,30828
2026-01-23 09:40:00,1327.0,1327.9000244140625,1324.0999755859375,1325.300048828125,42290
2026-01-23 09:45:00,1323.5,1326.0,1323.0999755859375,1324.5999755859375,30962
2026-01-23 09:50:00,1324.0,1325.4000244140625,1323.0999755859375,1323.0999755859375,30267
2026-01-23 09:55:00,1323.5999755859375,1328.5,1323.5999755859375,1327.0,41498
2026-01-27 03:45:00,1325.0,1332.5999755859375,1317.4000244140625,1317.4000244140625,0
2026-01-27 03:50:00,1317.0,1317.0,1308.199951171875,1310.9000244140625,104544
2026-01-27 03:55:00,1310.699951171875,1320.9000244140625,1309.199951171875,1320.0,53087
2026-01-27 04:00:00,1321.699951171875,1323.0,1316.5999755859375,1322.0,54252
2026-01-27 04:05:00,1321.0999755859375,1332.5,1321.0999755859375,1332.0,46521
2026-01-27 04:10:00,1331.5,1332.0,1325.9000244140625,1326.9000244140625,36216
2026-01-27 04:15:00,1328.699951171875,1329.800048828125,1326.9000244140625,1329.699951171875,26056
2026-01-27 04:20:00,1329.800048828125,1334.4000244140625,1329.800048828125,1333.9000244140625,21619
2026-01-27 04:25:00,1334.0,1334.0,1328.300048828125,1333.199951171875,43240
2026-01-27 04:30:00,1333.5,1339.0,1333.199951171875,1338.0,48428
2026-01-27 04:35:00,1338.5999755859375,1339.699951171875,1336.0,1337.800048828125,26949
2026-01-27 04:40:00,1337.9000244140625,1338.699951171875,1336.800048828125,1337.9000244140625,15786
2026-01-27 04:45:00,1338.0,1343.9000244140625,1337.800048828125,1342.800048828125,26629
2026-01-27 04:50:00,1343.0,1343.0,1339.5999755859375,1341.9000244140625,23030
2026-01-27 04:55:00,1342.0,1344.800048828125,1335.4000244140625,1335.800048828125,31788
2026-01-27 05:00:00,1337.0,1337.9000244140625,1334.5999755859375,1337.300048828125,10913
2026-01-27 05:05:00,1337.0999755859375,1337.800048828125,1334.800048828125,1335.5,11808
2026-01-27 05:10:00,1335.300048828125,1335.300048828125,1326.0999755859375,1326.0999755859375,27660
2026-01-27 05:15:00,1326.4000244140625,1329.199951171875,1324.0,1328.699951171875,37648
2026-01-27 05:20:00,1328.0999755859375,1328.0999755859375,1324.300048828125,1325.0,10796
2026-01-27 05:25:00,1325.5,1327.5,1325.0,1325.5999755859375,5434
2026-01-27 05:30:00,1325.800048828125,1330.699951171875,1325.800048828125,1329.5,10625
2026-01-27 05:35:00,1329.5,1330.699951171875,1326.4000244140625,1327.800048828125,15594
2026-01-27 05:40:00,1327.5999755859375,1327.9000244140625,1326.0,1327.800048828125,8643
2026-01-27 05:45:00,1327.5999755859375,1328.9000244140625,1326.5999755859375,1328.9000244140625,5525
2026-01-27 05:50:00,1328.5999755859375,1329.5,1326.0999755859375,1326.300048828125,6214
2026-01-27 05:55:00,1325.9000244140625,1330.0,1325.5999755859375,1328.699951171875,5094
2026-01-27 06:00:00,1328.5,1329.4000244140625,1326.4000244140625,1327.0999755859375,6110
2026-01-27 06:05:00,1327.0999755859375,1331.9000244140625,1327.0999755859375,1331.5,13588
2026-01-27 06:10:00,1331.5,1331.5,1327.699951171875,1329.4000244140625,15110
2026-01-27 06:15:00,1329.4000244140625,1329.9000244140625,1327.0999755859375,1327.0999755859375,8778
2026-01-27 06:20:00,1327.9000244140625,1329.0,1326.0,1326.0,5474
2026-01-27 06:25:00,1326.0,1326.5999755859375,1323.5,1326.5999755859375,8912
2026-01-27 06:30:00,1326.5999755859375,1327.5,1326.0,1326.699951171875,9735
2026-01-27 06:35:00,1326.800048828125,1326.9000244140625,1324.4000244140625,1324.4000244140625,8588
2026-01-27 06:40:00,1325.0,1325.0,1323.0,1323.0999755859375,11711
2026-01-27 06:45:00,1322.5,1323.300048828125,1318.4000244140625,1318.5999755859375,23658
2026-01-27 06:50:00,1318.5999755859375,1321.699951171875,1318.300048828125,1320.5999755859375,18927
2026-01-27 06:55:00,1321.0999755859375,1322.699951171875,1316.0999755859375,1316.800048828125,17989
2026-01-27 07:00:00,1316.800048828125,1318.4000244140625,1315.5999755859375,1316.800048828125,13956
2026-01-27 07:05:00,1316.5999755859375,1318.0,1313.0,1316.4000244140625,11432
2026-01-27 07:10:00,1316.5999755859375,1318.199951171875,1316.4000244140625,1317.699951171875,5017
2026-01-27 07:15:00,1317.800048828125,1318.199951171875,1313.0,1314.800048828125,17453
2026-01-27 07:20:00,1315.0,1318.5999755859375,1314.5,1318.0,6852
2026-01-27 07:25:00,1318.4000244140625,1319.0,1316.0999755859375,1317.800048828125,9014
2026-01-27 07:30:00,1317.800048828125,1318.0999755859375,1314.0,1314.699951171875,17831
2026-01-27 07:35:00,1314.5,1316.5999755859375,1314.199951171875,1314.300048828125,8906
2026-01-27 07:40:00,1314.5,1314.5,1312.0,1312.5999755859375,12836
2026-01-27 07:45:00,1312.5999755859375,1314.5999755859375,1307.5999755859375,1309.199951171875,36529
2026-01-27 07:50:00,1309.199951171875,1310.300048828125,1308.0,1310.199951171875,14999
2026-01-27 07:55:00,1309.699951171875,1310.800048828125,1308.4000244140625,1310.699951171875,8355
2026-01-27 08:00:00,1310.9000244140625,1312.300048828125,1310.800048828125,1311.5999755859375,18417
2026-01-27 08:05:00,1311.4000244140625,1311.5999755859375,1308.0,1308.5999755859375,9874
2026-01-27 08:10:00,1308.0,1309.4000244140625,1303.800048828125,1305.0999755859375,40975
2026-01-27 08:15:00,1304.9000244140625,1306.699951171875,1304.199951171875,1305.0999755859375,21908
2026-01-27 08:20:00,1305.4000244140625,1308.0999755859375,1305.0999755859375,1307.4000244140625,12820
2026-01-27 08:25:00,1307.300048828125,1308.800048828125,1305.0,1306.0,15219
2026-01-27 08:30:00,1305.5,1306.5,1303.699951171875,1304.0,14876
2026-01-27 08:35:00,1303.9000244140625,1305.5999755859375,1303.199951171875,1304.5999755859375,12320
2026-01-27 08:40:00,1304.0,1305.9000244140625,1301.4000244140625,1302.0,25752
2026-01-27 08:45:00,1302.0999755859375,1302.5,1300.300048828125,1300.4000244140625,29963
2026-01-27 08:50:00,1300.4000244140625,1300.5999755859375,1297.199951171875,1299.0,53903
2026-01-27 08:55:00,1298.699951171875,1301.0,1298.0,1300.0,32896
2026-01-27 09:00:00,1300.300048828125,1306.199951171875,1300.0,1306.0999755859375,38042
2026-01-27 09:05:00,1306.300048828125,1312.4000244140625,1306.0,1312.199951171875,27532
2026-01-27 09:10:00,1312.199951171875,1316.5,1311.9000244140625,1314.4000244140625,44997
2026-01-27 09:15:00,1314.300048828125,1315.9000244140625,1313.4000244140625,1315.9000244140625,44600
2026-01-27 09:20:00,1315.9000244140625,1319.300048828125,1314.199951171875,1319.0,32882
2026-01-27 09:25:00,1319.0,1322.0,1318.0999755859375,1318.800048828125,33107
2026-01-27 09:30:00,1318.800048828125,1318.800048828125,1312.199951171875,1313.4000244140625,33237
2026-01-27 09:35:00,1314.0,1317.800048828125,1313.0,1317.800048828125,15214
2026-01-27 09:40:00,1317.0,1321.800048828125,1315.4000244140625,1321.699951171875,44131
2026-01-27 09:45:00,1320.9000244140625,1324.5,1319.4000244140625,1324.0,47579
2026-01-27 09:50:00,1324.300048828125,1328.5999755859375,1324.199951171875,1328.199951171875,47934
2026-01-27 09:55:00,1328.199951171875,1332.0,1327.5,1332.0,37246
2026-01-28 03:45:00,1329.0,1342.5999755859375,1327.0999755859375,1337.9000244140625,102068
2026-01-28 03:50:00,1338.4000244140625,1343.0,1338.4000244140625,1341.300048828125,53634
2026-01-28 03:55:00,1341.5,1345.9000244140625,1337.300048828125,1337.300048828125,82789
2026-01-28 04:00:00,1338.0,1341.9000244140625,1336.800048828125,1336.9000244140625,38463
2026-01-28 04:05:00,1336.0,1339.0,1335.4000244140625,1337.4000244140625,41366
2026-01-28 04:10:00,1337.9000244140625,1337.9000244140625,1335.5999755859375,1337.4000244140625,28665
2026-01-28 04:15:00,1338.300048828125,1338.300048828125,1333.300048828125,1336.4000244140625,23957
2026-01-28 04:20:00,1336.0999755859375,1337.699951171875,1334.5,1334.800048828125,22714
2026-01-28 04:25:00,1334.800048828125,1336.300048828125,1333.300048828125,1335.0,13558
2026-01-28 04:30:00,1334.5,1336.0,1332.5999755859375,1333.5999755859375,16362
2026-01-28 04:35:00,1333.5999755859375,1335.0,1331.4000244140625,1332.0999755859375,15494
2026-01-28 04:40:00,1332.300048828125,1333.0,1329.199951171875,1331.9000244140625,19670
2026-01-28 04:45:00,1331.5999755859375,1332.199951171875,1330.0999755859375,1332.199951171875,8451
2026-01-28 04:50:00,1332.5,1333.0,1330.5999755859375,1331.800048828125,10259
2026-01-28 04:55:00,1332.0,1333.0999755859375,1329.0999755859375,1329.0999755859375,19738
2026-01-28 05:00:00,1329.300048828125,1329.300048828125,1326.0,1328.0,28106
2026-01-28 05:05:00,1327.5999755859375,1332.0,1327.5999755859375,1332.0,15016
2026-01-28 05:10:00,1331.300048828125,1333.9000244140625,1329.4000244140625,1329.5999755859375,13105
2026-01-28 05:15:00,1330.0,1331.0,1329.5,1330.9000244140625,11131
2026-01-28 05:20:00,1330.800048828125,1333.4000244140625,1330.5999755859375,1332.0,17376
2026-01-28 05:25:00,1332.699951171875,1333.800048828125,1330.300048828125,1332.9000244140625,16913
2026-01-28 05:30:00,1332.9000244140625,1333.4000244140625,1331.5,1332.9000244140625,11211
2026-01-28 05:35:00,1332.800048828125,1333.4000244140625,1331.5,1332.0,8465
2026-01-28 05:40:00,1332.0,1338.0,1331.0999755859375,1338.0,25858
2026-01-28 05:45:00,1338.5999755859375,1341.0,1334.5999755859375,1336.5,53944
2026-01-28 05:50:00,1336.9000244140625,1341.9000244140625,1336.0,1341.699951171875,49791
2026-01-28 05:55:00,1341.5,1341.800048828125,1340.0,1341.0,19500
2026-01-28 06:00:00,1340.800048828125,1341.0,1336.5999755859375,1336.5999755859375,15535
2026-01-28 06:05:00,1336.0,1337.0999755859375,1334.4000244140625,1336.5,13699
2026-01-28 06:10:00,1336.0,1336.0,1333.5999755859375,1334.5,15470
2026-01-28 06:15:00,1334.5,1338.0,1334.300048828125,1338.0,9076
2026-01-28 06:20:00,1338.0,1338.699951171875,1336.0,1337.4000244140625,16050
2026-01-28 06:25:00,1336.699951171875,1339.699951171875,1336.699951171875,1339.699951171875,25606
2026-01-28 06:30:00,1339.699951171875,1344.0999755859375,1339.300048828125,1343.4000244140625,34293
2026-01-28 06:35:00,1343.199951171875,1349.9000244140625,1343.0999755859375,1348.0999755859375,64648
2026-01-28 06:40:00,1347.0999755859375,1351.9000244140625,1346.4000244140625,1351.9000244140625,43864
2026-01-28 06:45:00,1352.5,1357.5,1350.699951171875,1352.300048828125,54067
2026-01-28 06:50:00,1352.699951171875,1354.9000244140625,1350.5,1351.199951171875,29701
2026-01-28 06:55:00,1351.699951171875,1351.9000244140625,1348.5999755859375,1349.5999755859375,22190
2026-01-28 07:00:00,1348.300048828125,1351.300048828125,1348.199951171875,1350.5999755859375,17710
2026-01-28 07:05:00,1350.0,1351.9000244140625,1349.9000244140625,1350.5,11907
2026-01-28 07:10:00,1350.0,1352.0,1347.800048828125,1352.0,15297
2026-01-28 07:15:00,1352.0999755859375,1353.800048828125,1350.4000244140625,1350.4000244140625,10721
2026-01-28 07:20:00,1350.699951171875,1353.5,1350.699951171875,1352.0,12255
2026-01-28 07:25:00,1352.0,1352.199951171875,1351.0,1351.5,9955
2026-01-28 07:30:00,1351.5999755859375,1353.0,1351.199951171875,1352.0,10412
2026-01-28 07:35:00,1352.0,1353.4000244140625,1351.5,1352.0,18234
2026-01-28 07:40:00,1352.0,1352.9000244140625,1351.199951171875,1352.4000244140625,14494
2026-01-28 07:45:00,1352.4000244140625,1352.9000244140625,1351.9000244140625,1352.4000244140625,5954
2026-01-28 07:50:00,1352.5,1352.5,1347.0,1347.800048828125,24820
2026-01-28 07:55:00,1348.0,1348.0,1344.800048828125,1345.4000244140625,23299
2026-01-28 08:00:00,1345.9000244140625,1346.5,1344.0,1344.5,11836
2026-01-28 08:05:00,1344.5,1346.0,1344.0999755859375,1346.0,12228
2026-01-28 08:10:00,1345.800048828125,1347.300048828125,1343.5,1343.5,13730
2026-01-28 08:15:00,1343.800048828125,1344.0,1342.5,1342.5999755859375,14636
2026-01-28 08:20:00,1342.5999755859375,1346.5,1342.5,1346.0999755859375,10989
2026-01-28 08:25:00,1346.0999755859375,1348.0999755859375,1346.0999755859375,1347.800048828125,12630
2026-01-28 08:30:00,1347.800048828125,1348.4000244140625,1346.699951171875,1347.699951171875,9222
2026-01-28 08:35:00,1347.699951171875,1347.699951171875,1344.199951171875,1344.199951171875,6915
2026-01-28 08:40:00,1344.199951171875,1346.699951171875,1344.199951171875,1346.300048828125,7884
2026-01-28 08:45:00,1346.5,1347.0999755859375,1345.800048828125,1347.0,9981
2026-01-28 08:50:00,1347.199951171875,1347.5,1345.0,1346.0999755859375,7375
2026-01-28 08:55:00,1345.800048828125,1348.199951171875,1345.0,1348.0,6874
2026-01-28 09:00:00,1348.0999755859375,1348.4000244140625,1345.0,1345.0,13836
2026-01-28 09:05:00,1345.5,1347.800048828125,1345.300048828125,1347.0,9254
2026-01-28 09:10:00,1347.0,1347.800048828125,1346.0,1347.4000244140625,9393
2026-01-28 09:15:00,1347.4000244140625,1349.4000244140625,1347.0999755859375,1349.4000244140625,14570
2026-01-28 09:20:00,1349.199951171875,1352.4000244140625,1348.800048828125,1352.4000244140625,28960
2026-01-28 09:25:00,1352.5,1354.0,1352.0999755859375,1352.9000244140625,30598
2026-01-28 09:30:00,1353.4000244140625,1355.800048828125,1353.4000244140625,1355.300048828125,34914
2026-01-28 09:35:00,1355.300048828125,1356.0,1354.5,1355.4000244140625,19350
2026-01-28 09:40:00,1355.699951171875,1358.9000244140625,1354.5,1358.5,23018
2026-01-28 09:45:00,1358.800048828125,1358.9000244140625,1357.199951171875,1357.5,24593
2026-01-28 09:50:00,1357.199951171875,1358.699951171875,1357.0,1357.5999755859375,30078
2026-01-28 09:55:00,1357.5999755859375,1358.300048828125,1357.0,1357.5,45458
2026-01-29 03:45:00,1359.0,1359.5,1346.699951171875,1353.800048828125,112704
2026-01-29 03:50:00,1353.699951171875,1355.0,1348.9000244140625,1353.0999755859375,57808
2026-01-29 03:55:00,1353.5,1353.5,1350.0,1350.9000244140625,29117
2026-01-29 04:00:00,1350.0,1350.0,1343.0,1346.0,39833
2026-01-29 04:05:00,1344.5999755859375,1345.0,1338.5,1338.5,47115
2026-01-29 04:10:00,1338.9000244140625,1343.800048828125,1338.5999755859375,1340.0999755859375,29854
2026-01-29 04:15:00,1340.0,1341.300048828125,1338.9000244140625,1341.199951171875,22657
2026-01-29 04:20:00,1340.199951171875,1340.199951171875,1333.4000244140625,1333.4000244140625,38107
2026-01-29 04:25:00,1333.0999755859375,1335.800048828125,1330.5,1335.300048828125,47660
2026-01-29 04:30:00,1335.0,1336.300048828125,1332.5999755859375,1334.5,23357
2026-01-29 04:35:00,1335.0,1335.9000244140625,1330.4000244140625,1331.0,25031
2026-01-29 04:40:00,1331.0,1331.0,1328.0,1328.0,41533
2026-01-29 04:45:00,1327.9000244140625,1328.4000244140625,1326.4000244140625,1326.9000244140625,27349
2026-01-29 04:50:00,1326.5,1327.0,1321.0999755859375,1325.199951171875,42065
2026-01-29 04:55:00,1324.0999755859375,1325.0999755859375,1320.300048828125,1323.5999755859375,42707
2026-01-29 05:00:00,1324.0,1325.0,1322.4000244140625,1323.300048828125,24669
2026-01-29 05:05:00,1323.5,1323.699951171875,1315.0,1316.5999755859375,67500
2026-01-29 05:10:00,1316.300048828125,1319.5999755859375,1315.0,1317.0,34188
2026-01-29 05:15:00,1317.300048828125,1317.4000244140625,1315.4000244140625,1315.4000244140625,20596
2026-01-29 05:20:00,1314.5,1317.199951171875,1313.5,1316.0,44356
2026-01-29 05:25:00,1316.0,1320.0,1316.0,1318.800048828125,24294
2026-01-29 05:30:00,1318.699951171875,1320.0,1317.5,1318.5,43571
2026-01-29 05:35:00,1318.5,1320.0,1318.4000244140625,1318.4000244140625,42887
2026-01-29 05:40:00,1317.5999755859375,1319.9000244140625,1317.199951171875,1319.0,30653
2026-01-29 05:45:00,1319.0,1320.0,1318.699951171875,1319.9000244140625,70397
2026-01-29 05:50:00,1319.9000244140625,1327.699951171875,1319.199951171875,1326.5,124203
2026-01-29 05:55:00,1327.300048828125,1327.300048828125,1321.800048828125,1323.800048828125,50089
2026-01-29 06:00:00,1323.9000244140625,1326.5,1320.5,1320.5,40565
2026-01-29 06:05:00,1320.699951171875,1322.0,1319.199951171875,1319.300048828125,20126
2026-01-29 06:10:00,1319.699951171875,1323.5,1319.300048828125,1321.699951171875,8802
2026-01-29 06:15:00,1321.699951171875,1321.699951171875,1318.5,1319.5,18527
2026-01-29 06:20:00,1319.5999755859375,1320.0,1315.699951171875,1315.699951171875,31652
2026-01-29 06:25:00,1315.699951171875,1317.5,1315.0,1316.199951171875,15103
2026-01-29 06:30:00,1315.699951171875,1317.4000244140625,1315.0,1316.4000244140625,19666
2026-01-29 06:35:00,1316.5999755859375,1318.300048828125,1315.300048828125,1317.5999755859375,16954
2026-01-29 06:40:00,1317.0,1317.5999755859375,1314.4000244140625,1316.800048828125,29202
2026-01-29 06:45:00,1317.300048828125,1317.5999755859375,1315.5,1316.300048828125,5990
2026-01-29 06:50:00,1316.199951171875,1316.5,1314.5999755859375,1316.0,57312
2026-01-29 06:55:00,1316.0,1316.300048828125,1314.699951171875,1314.699951171875,12618
2026-01-29 07:00:00,1315.199951171875,1318.0999755859375,1315.0,1317.800048828125,7099
2026-01-29 07:05:00,1317.5999755859375,1318.9000244140625,1316.5,1317.0999755859375,15521
2026-01-29 07:10:00,1317.4000244140625,1318.0,1316.5,1316.5,8874
2026-01-29 07:15:00,1316.199951171875,1318.4000244140625,1316.0,1317.300048828125,11468
2026-01-29 07:20:00,1317.300048828125,1320.0,1316.699951171875,1318.4000244140625,17569
2026-01-29 07:25:00,1319.0,1320.0,1317.5,1317.5,14993
2026-01-29 07:30:00,1317.699951171875,1319.9000244140625,1316.0999755859375,1319.9000244140625,21358
2026-01-29 07:35:00,1319.9000244140625,1321.5,1319.4000244140625,1321.0,26696
2026-01-29 07:40:00,1321.0,1321.300048828125,1319.199951171875,1321.0,27822
2026-01-29 07:45:00,1320.9000244140625,1321.0,1317.699951171875,1318.199951171875,23867
2026-01-29 07:50:00,1318.199951171875,1319.4000244140625,1316.800048828125,1318.5,7992
2026-01-29 07:55:00,1318.5999755859375,1320.9000244140625,1318.0999755859375,1318.5,11466
2026-01-29 08:00:00,1318.5,1321.800048828125,1318.5,1321.0999755859375,25434
2026-01-29 08:05:00,1320.5999755859375,1323.800048828125,1320.199951171875,1323.0999755859375,19182
2026-01-29 08:10:00,1323.199951171875,1326.0,1322.0,1325.5,37480
2026-01-29 08:15:00,1325.5,1326.699951171875,1324.0999755859375,1326.0999755859375,35254
2026-01-29 08:20:00,1326.300048828125,1327.5,1325.699951171875,1327.5,31047
2026-01-29 08:25:00,1327.0999755859375,1327.5,1326.0999755859375,1327.5,22021
2026-01-29 08:30:00,1329.0,1330.0999755859375,1327.4000244140625,1327.800048828125,31933
2026-01-29 08:35:00,1327.800048828125,1327.800048828125,1321.300048828125,1321.5999755859375,22495
2026-01-29 08:40:00,1321.5999755859375,1325.4000244140625,1321.5999755859375,1323.5,16289
2026-01-29 08:45:00,1323.199951171875,1326.0,1323.0,1323.199951171875,12179
2026-01-29 08:50:00,1323.199951171875,1323.699951171875,1322.300048828125,1323.699951171875,11205
2026-01-29 08:55:00,1323.5999755859375,1324.5,1323.199951171875,1323.699951171875,12883
2026-01-29 09:00:00,1324.0,1329.5,1324.0,1329.0,46516
2026-01-29 09:05:00,1329.0,1329.9000244140625,1327.5999755859375,1329.0999755859375,32019
2026-01-29 09:10:00,1329.5,1329.5,1326.0,1327.9000244140625,20785
2026-01-29 09:15:00,1328.0,1328.5,1324.800048828125,1325.5,44673
2026-01-29 09:20:00,1325.5,1326.0,1323.5999755859375,1324.5999755859375,42312
2026-01-29 09:25:00,1324.4000244140625,1325.5,1323.699951171875,1325.0,25328
2026-01-29 09:30:00,1326.0,1326.4000244140625,1323.0999755859375,1324.199951171875,40400
2026-01-29 09:35:00,1324.199951171875,1325.0,1323.300048828125,1323.5999755859375,26349
2026-01-29 09:40:00,1323.0999755859375,1323.0999755859375,1320.0,1320.0,124873
2026-01-29 09:45:00,1320.4000244140625,1324.4000244140625,1320.199951171875,1322.699951171875,64734
2026-01-29 09:50:00,1322.699951171875,1324.5,1322.0,1324.5,45790
2026-01-29 09:55:00,1324.5999755859375,1325.0,1323.5999755859375,1324.800048828125,59734
2026-01-30 03:45:00,1313.699951171875,1313.699951171875,1303.0,1309.9000244140625,0
2026-01-30 03:50:00,1308.5999755859375,1309.699951171875,1304.5999755859375,1304.5999755859375,71612
2026-01-30 03:55:00,1304.0999755859375,1308.0999755859375,1302.699951171875,1305.0999755859375,49826
2026-01-30 04:00:00,1304.699951171875,1315.4000244140625,1303.5999755859375,1315.4000244140625,63338
2026-01-30 04:05:00,1316.4000244140625,1321.800048828125,1315.9000244140625,1320.300048828125,54075
2026-01-30 04:10:00,1319.5,1321.0999755859375,1317.0999755859375,1320.5999755859375,30175
2026-01-30 04:15:00,1321.0,1325.300048828125,1320.699951171875,1325.300048828125,40510
2026-01-30 04:20:00,1325.300048828125,1329.4000244140625,1325.0,1327.0,43775
2026-01-30 04:25:00,1326.300048828125,1326.800048828125,1322.0,1325.9000244140625,34315
2026-01-30 04:30:00,1325.5999755859375,1332.300048828125,1325.0,1328.300048828125,37850
2026-01-30 04:35:00,1328.0999755859375,1331.5,1327.300048828125,1329.0,29497
2026-01-30 04:40:00,1329.5999755859375,1336.0,1329.0999755859375,1336.0,51355
2026-01-30 04:45:00,1336.0,1337.199951171875,1333.0,1333.0,35115
2026-01-30 04:50:00,1332.800048828125,1335.199951171875,1331.0999755859375,1335.199951171875,29693
2026-01-30 04:55:00,1335.5999755859375,1335.5999755859375,1330.5,1332.300048828125,37474
2026-01-30 05:00:00,1332.199951171875,1335.0,1330.0,1334.9000244140625,21881
2026-01-30 05:05:00,1334.800048828125,1336.800048828125,1332.800048828125,1336.5999755859375,11788
2026-01-30 05:10:00,1337.0,1338.0,1335.800048828125,1336.0999755859375,23046
2026-01-30 05:15:00,1336.0,1337.699951171875,1336.0,1336.9000244140625,8604
2026-01-30 05:20:00,1336.9000244140625,1337.9000244140625,1335.5999755859375,1337.4000244140625,13768
2026-01-30 05:25:00,1337.5,1339.4000244140625,1337.0,1337.800048828125,22711
2026-01-30 05:30:00,1337.800048828125,1339.800048828125,1336.5,1336.5999755859375,16502
2026-01-30 05:35:00,1336.5999755859375,1338.4000244140625,1334.5,1335.699951171875,20531
2026-01-30 05:40:00,1335.9000244140625,1336.9000244140625,1333.9000244140625,1336.5,19139
2026-01-30 05:45:00,1336.5,1337.199951171875,1335.300048828125,1336.300048828125,11141
2026-01-30 05:50:00,1336.800048828125,1338.0999755859375,1334.0999755859375,1336.9000244140625,19098
2026-01-30 05:55:00,1336.9000244140625,1338.0,1334.9000244140625,1334.9000244140625,10272
2026-01-30 06:00:00,1335.699951171875,1337.5,1334.9000244140625,1336.4000244140625,11319
2026-01-30 06:05:00,1336.4000244140625,1338.800048828125,1334.199951171875,1338.699951171875,21495
2026-01-30 06:10:00,1338.699951171875,1338.699951171875,1335.699951171875,1336.4000244140625,34262
2026-01-30 06:15:00,1336.199951171875,1336.4000244140625,1333.4000244140625,1333.5999755859375,13591
2026-01-30 06:20:00,1333.4000244140625,1334.0999755859375,1331.0999755859375,1333.9000244140625,14029
2026-01-30 06:25:00,1333.9000244140625,1334.0,1330.5,1332.800048828125,10761
2026-01-30 06:30:00,1332.800048828125,1332.800048828125,1329.0,1331.5,28060
2026-01-30 06:35:00,1330.800048828125,1333.4000244140625,1330.300048828125,1332.5999755859375,11196
2026-01-30 06:40:00,1332.800048828125,1334.5999755859375,1332.5999755859375,1333.699951171875,7756
2026-01-30 06:45:00,1333.699951171875,1333.699951171875,1329.0,1329.5,6195
2026-01-30 06:50:00,1329.5,1332.300048828125,1329.4000244140625,1332.199951171875,7709
2026-01-30 06:55:00,1331.699951171875,1333.5,1331.699951171875,1332.300048828125,6047
2026-01-30 07:00:00,1332.199951171875,1332.9000244140625,1331.5,1331.5,7082
2026-01-30 07:05:00,1332.199951171875,1333.5,1330.800048828125,1333.300048828125,9166
2026-01-30 07:10:00,1333.5999755859375,1334.5,1331.5999755859375,1332.300048828125,7432
2026-01-30 07:15:00,1332.0,1332.0999755859375,1329.4000244140625,1330.199951171875,14675
2026-01-30 07:20:00,1330.5999755859375,1332.0999755859375,1329.800048828125,1331.5,10650
2026-01-30 07:25:00,1331.800048828125,1333.300048828125,1330.199951171875,1331.699951171875,12804
2026-01-30 07:30:00,1331.699951171875,1332.0,1329.9000244140625,1330.300048828125,56409
2026-01-30 07:35:00,1330.300048828125,1330.300048828125,1325.0,1325.199951171875,17367
2026-01-30 07:40:00,1325.300048828125,1326.300048828125,1322.199951171875,1322.199951171875,18633
2026-01-30 07:45:00,1321.0999755859375,1321.9000244140625,1319.5999755859375,1321.300048828125,22747
2026-01-30 07:50:00,1321.0999755859375,1323.9000244140625,1321.0999755859375,1322.4000244140625,10486
2026-01-30 07:55:00,1322.4000244140625,1322.699951171875,1320.5,1320.800048828125,9817
2026-01-30 08:00:00,1320.800048828125,1324.0,1320.699951171875,1323.5999755859375,8577
2026-01-30 08:05:00,1323.9000244140625,1328.0999755859375,1323.5999755859375,1327.699951171875,13721
2026-01-30 08:10:00,1327.9000244140625,1330.0999755859375,1327.300048828125,1330.0,9080
2026-01-30 08:15:00,1329.5999755859375,1330.0,1326.800048828125,1329.0,9162
2026-01-30 08:20:00,1328.199951171875,1331.9000244140625,1328.199951171875,1331.199951171875,7190
2026-01-30 08:25:00,1331.5,1331.800048828125,1329.5999755859375,1331.800048828125,13565
2026-01-30 08:30:00,1331.199951171875,1331.5999755859375,1323.0,1328.800048828125,16076
2026-01-30 08:35:00,1328.800048828125,1330.0,1325.0,1326.5999755859375,13087
2026-01-30 08:40:00,1326.300048828125,1326.9000244140625,1324.0,1324.5,26608
2026-01-30 08:45:00,1324.4000244140625,1328.0,1323.0999755859375,1328.0,10052
2026-01-30 08:50:00,1327.4000244140625,1327.699951171875,1323.0999755859375,1324.0999755859375,13845
2026-01-30 08:55:00,1323.699951171875,1324.300048828125,1321.699951171875,1323.5999755859375,22748
2026-01-30 09:00:00,1323.5,1323.800048828125,1318.0999755859375,1318.0999755859375,45732
2026-01-30 09:05:00,1318.5,1323.9000244140625,1318.4000244140625,1322.9000244140625,18896
2026-01-30 09:10:00,1323.199951171875,1323.199951171875,1316.0999755859375,1317.4000244140625,32373
2026-01-30 09:15:00,1317.199951171875,1318.5999755859375,1314.0999755859375,1318.4000244140625,41721
2026-01-30 09:20:00,1317.699951171875,1321.5,1317.5999755859375,1320.5999755859375,26959
2026-01-30 09:25:00,1320.5,1323.0,1319.5,1322.4000244140625,30085
2026-01-30 09:30:00,1321.800048828125,1323.199951171875,1316.4000244140625,1321.5,26708
2026-01-30 09:35:00,1321.699951171875,1321.699951171875,1320.199951171875,1320.9000244140625,21725
2026-01-30 09:40:00,1321.0999755859375,1322.5,1320.800048828125,1321.0,24688
2026-01-30 09:45:00,1321.5999755859375,1322.4000244140625,1320.5999755859375,1321.0,26766
2026-01-30 09:50:00,1321.0,1321.9000244140625,1317.800048828125,1317.800048828125,41020
2026-01-30 09:55:00,1317.0999755859375,1320.5999755859375,1316.5,1318.0,46209
2026-02-03 03:45:00,1328.199951171875,1354.9000244140625,1328.0999755859375,1328.0999755859375,844629
2026-02-03 03:50:00,1328.0999755859375,1344.699951171875,1328.0999755859375,1332.800048828125,325385
2026-02-03 03:55:00,1332.0999755859375,1335.0999755859375,1326.199951171875,1331.199951171875,194818
2026-02-03 04:00:00,1332.0,1338.800048828125,1330.0,1330.0,193237
2026-02-03 04:05:00,1331.4000244140625,1336.699951171875,1328.199951171875,1332.4000244140625,146794
2026-02-03 04:10:00,1333.300048828125,1333.5999755859375,1322.0,1323.199951171875,149370
2026-02-03 04:15:00,1323.199951171875,1325.0,1319.0,1324.800048828125,146654
2026-02-03 04:20:00,1324.800048828125,1335.0,1321.0999755859375,1329.199951171875,105281
2026-02-03 04:25:00,1329.0999755859375,1333.9000244140625,1327.300048828125,1330.9000244140625,80882
2026-02-03 04:30:00,1330.9000244140625,1332.9000244140625,1325.4000244140625,1329.5999755859375,82582
2026-02-03 04:35:00,1329.5999755859375,1329.5999755859375,1321.9000244140625,1324.300048828125,66014
2026-02-03 04:40:00,1324.300048828125,1331.0,1323.0,1326.300048828125,57155
2026-02-03 04:45:00,1326.300048828125,1331.699951171875,1326.300048828125,1326.699951171875,60336
2026-02-03 04:50:00,1326.0,1339.9000244140625,1325.800048828125,1333.800048828125,93928
2026-02-03 04:55:00,1333.800048828125,1337.0,1331.199951171875,1334.800048828125,74404
2026-02-03 05:00:00,1334.800048828125,1339.0,1333.5999755859375,1338.300048828125,70740
2026-02-03 05:05:00,1338.5,1344.300048828125,1336.199951171875,1341.5,119652
2026-02-03 05:10:00,1341.0,1342.800048828125,1338.0,1342.0,64285
2026-02-03 05:15:00,1341.4000244140625,1345.0,1341.0999755859375,1344.0999755859375,64302
2026-02-03 05:20:00,1343.9000244140625,1345.0,1339.699951171875,1341.5,56817
2026-02-03 05:25:00,1341.800048828125,1348.0,1341.300048828125,1346.9000244140625,120382
2026-02-03 05:30:00,1346.9000244140625,1355.0,1346.0999755859375,1350.800048828125,233345
2026-02-03 05:35:00,1350.800048828125,1351.199951171875,1345.0,1349.0,67599
2026-02-03 05:40:00,1349.5,1350.0,1346.699951171875,1347.199951171875,41028
2026-02-03 05:45:00,1347.0999755859375,1348.699951171875,1346.199951171875,1346.5999755859375,39634
2026-02-03 05:50:00,1346.800048828125,1347.0,1345.300048828125,1346.9000244140625,37596
2026-02-03 05:55:00,1346.800048828125,1347.0,1344.0999755859375,1346.5,36450
2026-02-03 06:00:00,1346.5,1352.9000244140625,1346.5,1352.0,74565
2026-02-03 06:05:00,1352.4000244140625,1354.0,1349.800048828125,1353.4000244140625,56911
2026-02-03 06:10:00,1353.5999755859375,1354.300048828125,1352.4000244140625,1354.0,41909
2026-02-03 06:15:00,1354.5,1357.300048828125,1350.0,1350.0999755859375,89857
2026-02-03 06:20:00,1350.4000244140625,1350.4000244140625,1343.0999755859375,1344.800048828125,78172
2026-02-03 06:25:00,1344.699951171875,1351.0,1344.0,1351.0,57801
2026-02-03 06:30:00,1351.800048828125,1354.4000244140625,1349.0999755859375,1350.4000244140625,53182
2026-02-03 06:35:00,1349.9000244140625,1350.199951171875,1344.0,1346.0,59019
2026-02-03 06:40:00,1345.5,1346.0,1341.699951171875,1342.5999755859375,55728
2026-02-03 06:45:00,1342.5,1343.9000244140625,1342.0999755859375,1343.5,50834
2026-02-03 06:50:00,1343.5999755859375,1346.0,1343.0,1344.0999755859375,39941
2026-02-03 06:55:00,1344.199951171875,1345.9000244140625,1343.0999755859375,1343.5999755859375,33429
2026-02-03 07:00:00,1343.699951171875,1343.699951171875,1339.4000244140625,1340.4000244140625,50910
2026-02-03 07:05:00,1341.4000244140625,1342.0,1340.0,1340.699951171875,24667
2026-02-03 07:10:00,1340.300048828125,1343.0,1339.300048828125,1343.0,38616
2026-02-03 07:15:00,1342.5,1343.800048828125,1340.699951171875,1341.0,16700
2026-02-03 07:20:00,1341.0,1342.5999755859375,1339.9000244140625,1340.5,17451
2026-02-03 07:25:00,1341.199951171875,1342.300048828125,1340.199951171875,1341.199951171875,12891
2026-02-03 07:30:00,1341.0,1342.4000244140625,1341.0,1341.4000244140625,8738
2026-02-03 07:35:00,1341.4000244140625,1342.199951171875,1340.0,1342.199951171875,17335
2026-02-03 07:40:00,1341.699951171875,1343.0999755859375,1341.0,1342.4000244140625,25706
2026-02-03 07:45:00,1342.5,1343.4000244140625,1339.5,1341.5999755859375,23195
2026-02-03 07:50:00,1342.0,1347.300048828125,1341.5999755859375,1343.800048828125,34777
2026-02-03 07:55:00,1343.0,1343.0,1339.5,1341.0,23936
2026-02-03 08:00:00,1340.800048828125,1342.0,1339.0,1339.800048828125,39774
2026-02-03 08:05:00,1340.300048828125,1343.5999755859375,1337.0,1342.800048828125,78995
2026-02-03 08:10:00,1342.199951171875,1343.699951171875,1340.699951171875,1342.699951171875,11680
2026-02-03 08:15:00,1342.9000244140625,1347.5999755859375,1341.5,1346.199951171875,35349
2026-02-03 08:20:00,1346.0999755859375,1346.699951171875,1344.300048828125,1345.699951171875,14215
2026-02-03 08:25:00,1346.0,1347.800048828125,1345.300048828125,1347.0,20309
2026-02-03 08:30:00,1346.9000244140625,1347.9000244140625,1345.5999755859375,1347.9000244140625,24081
2026-02-03 08:35:00,1347.9000244140625,1349.699951171875,1346.9000244140625,1349.699951171875,17510
2026-02-03 08:40:00,1349.4000244140625,1349.699951171875,1345.0,1347.4000244140625,22768
2026-02-03 08:45:00,1347.199951171875,1349.0,1347.0,1347.800048828125,12509
2026-02-03 08:50:00,1347.800048828125,1347.800048828125,1344.5999755859375,1345.5,32566
2026-02-03 08:55:00,1345.0,1345.4000244140625,1341.9000244140625,1341.9000244140625,17111
2026-02-03 09:00:00,1342.5999755859375,1345.9000244140625,1341.9000244140625,1343.5999755859375,30651
2026-02-03 09:05:00,1343.5999755859375,1345.199951171875,1343.5999755859375,1344.5,15544
2026-02-03 09:10:00,1344.699951171875,1344.9000244140625,1343.199951171875,1344.0999755859375,16437
2026-02-03 09:15:00,1344.0999755859375,1344.5999755859375,1343.199951171875,1344.199951171875,17410
2026-02-03 09:20:00,1344.0,1344.300048828125,1341.5999755859375,1342.9000244140625,23920
2026-02-03 09:25:00,1343.300048828125,1346.0,1342.199951171875,1345.4000244140625,50103
2026-02-03 09:30:00,1344.699951171875,1345.4000244140625,1342.199951171875,1342.199951171875,37740
2026-02-03 09:35:00,1342.4000244140625,1342.800048828125,1340.699951171875,1341.699951171875,33124
2026-02-03 09:40:00,1341.800048828125,1345.699951171875,1341.300048828125,1345.699951171875,47093
2026-02-03 09:45:00,1344.699951171875,1345.4000244140625,1342.800048828125,1343.9000244140625,85028
2026-02-03 09:50:00,1343.9000244140625,1345.0999755859375,1342.800048828125,1343.5,73375
2026-02-03 09:55:00,1343.199951171875,1343.199951171875,1340.800048828125,1343.0,92560
2026-02-04 03:45:00,1337.300048828125,1353.5999755859375,1337.300048828125,1347.5999755859375,0
2026-02-04 03:50:00,1348.0,1355.9000244140625,1347.699951171875,1351.5,89088
2026-02-04 03:55:00,1351.5999755859375,1353.0,1350.300048828125,1351.300048828125,50927
2026-02-04 04:00:00,1356.4000244140625,1357.0,1353.699951171875,1353.9000244140625,77828
2026-02-04 04:05:00,1354.4000244140625,1356.5999755859375,1353.5999755859375,1353.5999755859375,44262
2026-02-04 04:10:00,1353.699951171875,1355.5999755859375,1348.199951171875,1349.699951171875,62262
2026-02-04 04:15:00,1349.800048828125,1350.800048828125,1348.300048828125,1349.199951171875,40991
2026-02-04 04:20:00,1349.5,1349.5999755859375,1347.0,1347.4000244140625,28311
2026-02-04 04:25:00,1346.9000244140625,1348.0999755859375,1343.0,1346.800048828125,67535
2026-02-04 04:30:00,1347.0999755859375,1347.0999755859375,1343.0999755859375,1345.0,47266
2026-02-04 04:35:00,1345.0,1347.0,1344.0999755859375,1344.4000244140625,24658
2026-02-04 04:40:00,1344.5999755859375,1346.0,1343.5,1343.5,25083
2026-02-04 04:45:00,1343.0999755859375,1345.0,1341.0999755859375,1341.199951171875,40235
2026-02-04 04:50:00,1340.4000244140625,1342.699951171875,1340.0,1340.4000244140625,20424
2026-02-04 04:55:00,1340.800048828125,1340.800048828125,1336.0,1336.800048828125,48900
2026-02-04 05:00:00,1336.800048828125,1337.0,1331.4000244140625,1331.5999755859375,58832
2026-02-04 05:05:00,1331.4000244140625,1338.0999755859375,1331.0,1338.0999755859375,56009
2026-02-04 05:10:00,1338.800048828125,1340.0,1335.0,1335.800048828125,23987
2026-02-04 05:15:00,1335.5999755859375,1335.9000244140625,1333.0,1334.699951171875,16644
2026-02-04 05:20:00,1335.5999755859375,1336.199951171875,1333.5999755859375,1334.800048828125,34930
2026-02-04 05:25:00,1334.800048828125,1336.300048828125,1333.0,1333.5999755859375,34944
2026-02-04 05:30:00,1333.0,1335.5,1333.0,1334.5999755859375,30358
2026-02-04 05:35:00,1334.800048828125,1338.300048828125,1334.0999755859375,1335.300048828125,67636
2026-02-04 05:40:00,1335.5,1335.5,1331.0,1331.9000244140625,28679
2026-02-04 05:45:00,1331.4000244140625,1334.699951171875,1330.199951171875,1334.699951171875,27323
2026-02-04 05:50:00,1334.9000244140625,1338.9000244140625,1334.300048828125,1335.5999755859375,29856
2026-02-04 05:55:00,1335.5999755859375,1338.5,1334.5999755859375,1337.300048828125,27436
2026-02-04 06:00:00,1337.800048828125,1346.199951171875,1336.9000244140625,1344.699951171875,91461
2026-02-04 06:05:00,1344.800048828125,1344.800048828125,1337.0999755859375,1337.0999755859375,33608
2026-02-04 06:10:00,1337.9000244140625,1341.0999755859375,1335.300048828125,1337.0999755859375,35066
2026-02-04 06:15:00,1337.800048828125,1339.5,1337.199951171875,1338.4000244140625,12171
2026-02-04 06:20:00,1338.5,1339.5,1337.0,1339.0,15309
2026-02-04 06:25:00,1339.4000244140625,1352.0,1339.4000244140625,1351.0999755859375,72603
2026-02-04 06:30:00,1351.9000244140625,1351.9000244140625,1347.4000244140625,1349.4000244140625,41519
2026-02-04 06:35:00,1350.4000244140625,1359.0,1349.4000244140625,1357.300048828125,59074
2026-02-04 06:40:00,1356.699951171875,1364.4000244140625,1356.699951171875,1360.5,104704
2026-02-04 06:45:00,1360.4000244140625,1360.4000244140625,1353.800048828125,1354.0,30039
2026-02-04 06:50:00,1354.0,1355.800048828125,1351.800048828125,1355.5,26839
2026-02-04 06:55:00,1355.5,1357.5,1352.4000244140625,1356.5,20160
2026-02-04 07:00:00,1357.0,1357.5999755859375,1354.800048828125,1356.0999755859375,19790
2026-02-04 07:05:00,1356.4000244140625,1358.0,1354.5,1357.300048828125,23419
2026-02-04 07:10:00,1357.0999755859375,1359.0,1355.9000244140625,1358.300048828125,20012
2026-02-04 07:15:00,1358.199951171875,1359.9000244140625,1357.199951171875,1357.9000244140625,14978
2026-02-04 07:20:00,1357.9000244140625,1360.0,1357.5,1359.5,20591
2026-02-04 07:25:00,1359.4000244140625,1359.4000244140625,1355.199951171875,1356.300048828125,13494
2026-02-04 07:30:00,1356.5999755859375,1357.9000244140625,1355.300048828125,1357.0999755859375,16697
2026-02-04 07:35:00,1357.5,1360.0,1356.4000244140625,1360.0,20821
2026-02-04 07:40:00,1360.0,1362.9000244140625,1359.5,1361.0,43428
2026-02-04 07:45:00,1361.0,1362.800048828125,1359.199951171875,1360.5,16840
2026-02-04 07:50:00,1361.0,1362.4000244140625,1360.0999755859375,1361.0,20192
2026-02-04 07:55:00,1360.5999755859375,1362.199951171875,1359.699951171875,1361.5999755859375,11365
2026-02-04 08:00:00,1361.9000244140625,1365.0,1361.5,1365.0,34852
2026-02-04 08:05:00,1364.5,1367.0,1364.0,1364.300048828125,49723
2026-02-04 08:10:00,1364.800048828125,1369.4000244140625,1364.199951171875,1368.300048828125,38460
2026-02-04 08:15:00,1368.0999755859375,1368.300048828125,1362.0,1362.199951171875,35074
2026-02-04 08:20:00,1362.5,1363.5999755859375,1360.199951171875,1363.300048828125,20741
2026-02-04 08:25:00,1363.300048828125,1367.0,1362.5999755859375,1365.699951171875,20680
2026-02-04 08:30:00,1366.0,1366.5,1363.0,1365.5,23752
2026-02-04 08:35:00,1365.0,1365.300048828125,1363.0999755859375,1363.699951171875,13120
2026-02-04 08:40:00,1364.0,1365.9000244140625,1363.5999755859375,1364.5,26536
2026-02-04 08:45:00,1364.800048828125,1366.4000244140625,1364.0,1366.4000244140625,15680
2026-02-04 08:50:00,1366.300048828125,1367.800048828125,1365.800048828125,1365.800048828125,11392
2026-02-04 08:55:00,1365.800048828125,1368.0,1365.699951171875,1367.4000244140625,19187
2026-02-04 09:00:00,1367.4000244140625,1368.0,1366.9000244140625,1367.300048828125,11974
2026-02-04 09:05:00,1367.300048828125,1367.9000244140625,1366.199951171875,1367.300048828125,11536
2026-02-04 09:10:00,1367.4000244140625,1368.699951171875,1367.0999755859375,1367.800048828125,17899
2026-02-04 09:15:00,1367.800048828125,1370.0999755859375,1367.0,1368.0,49658
2026-02-04 09:20:00,1368.0,1369.5999755859375,1367.5,1369.300048828125,19371
2026-02-04 09:25:00,1369.4000244140625,1371.0,1369.300048828125,1370.0999755859375,33902
2026-02-04 09:30:00,1370.300048828125,1372.0,1368.0999755859375,1368.300048828125,49866
2026-02-04 09:35:00,1368.4000244140625,1368.800048828125,1366.199951171875,1366.4000244140625,30445
2026-02-04 09:40:00,1364.800048828125,1365.300048828125,1364.0,1364.800048828125,45877
2026-02-04 09:45:00,1364.5999755859375,1366.9000244140625,1364.5999755859375,1365.5999755859375,31268
2026-02-04 09:50:00,1365.0,1365.0,1363.0999755859375,1364.9000244140625,48458
2026-02-04 09:55:00,1364.4000244140625,1366.5,1364.0999755859375,1366.0,51748
2026-02-05 03:45:00,1365.0,1366.0999755859375,1358.0999755859375,1360.5,0
2026-02-05 03:50:00,1360.300048828125,1361.699951171875,1356.800048828125,1361.0999755859375,41134
2026-02-05 03:55:00,1361.0999755859375,1362.0,1357.0,1358.5,41578
2026-02-05 04:00:00,1358.5,1364.300048828125,1358.5,1359.0,44541
2026-02-05 04:05:00,1359.0999755859375,1361.0,1357.0,1358.0,30422
2026-02-05 04:10:00,1358.0,1358.0,1352.5,1352.699951171875,30768
2026-02-05 04:15:00,1352.699951171875,1354.9000244140625,1351.0999755859375,1352.800048828125,25082
2026-02-05 04:20:00,1352.5,1354.5999755859375,1349.0999755859375,1349.0999755859375,30736
2026-02-05 04:25:00,1349.0,1351.800048828125,1347.5999755859375,1350.0999755859375,24250
2026-02-05 04:30:00,1350.0,1350.5,1345.5,1348.199951171875,34338
2026-02-05 04:35:00,1348.0999755859375,1350.4000244140625,1347.0,1348.5,15994
2026-02-05 04:40:00,1348.800048828125,1353.9000244140625,1348.800048828125,1353.300048828125,19381
2026-02-05 04:45:00,1353.300048828125,1354.4000244140625,1348.0999755859375,1349.0,21207
2026-02-05 04:50:00,1349.300048828125,1350.9000244140625,1348.0999755859375,1349.300048828125,18083
2026-02-05 04:55:00,1349.300048828125,1349.300048828125,1346.300048828125,1346.5999755859375,15337
2026-02-05 05:00:00,1346.4000244140625,1346.800048828125,1343.199951171875,1344.5999755859375,24328
2026-02-05 05:05:00,1344.5999755859375,1346.5,1344.4000244140625,1345.800048828125,11352
2026-02-05 05:10:00,1345.5,1347.0,1343.699951171875,1344.0999755859375,15739
2026-02-05 05:15:00,1342.9000244140625,1345.5,1342.699951171875,1344.5999755859375,11266
2026-02-05 05:20:00,1344.0999755859375,1345.300048828125,1343.300048828125,1344.0,9702
2026-02-05 05:25:00,1344.0,1344.5,1341.0999755859375,1341.0999755859375,16629
2026-02-05 05:30:00,1341.199951171875,1344.4000244140625,1340.9000244140625,1343.4000244140625,14083
2026-02-05 05:35:00,1343.800048828125,1344.5,1342.800048828125,1344.5,6963
2026-02-05 05:40:00,1345.300048828125,1349.0,1345.0,1348.5999755859375,10825
2026-02-05 05:45:00,1348.9000244140625,1350.0,1347.699951171875,1349.5999755859375,13361
2026-02-05 05:50:00,1349.9000244140625,1350.699951171875,1348.800048828125,1349.0,10054
2026-02-05 05:55:00,1349.0,1350.9000244140625,1348.300048828125,1349.4000244140625,12168
2026-02-05 06:00:00,1349.4000244140625,1350.5999755859375,1348.0,1348.5,6525
2026-02-05 06:05:00,1348.4000244140625,1349.199951171875,1347.0999755859375,1348.5,7120
2026-02-05 06:10:00,1348.699951171875,1350.0,1348.0,1348.0,7595
2026-02-05 06:15:00,1348.199951171875,1348.199951171875,1344.5,1344.5,7287
2026-02-05 06:20:00,1345.5999755859375,1347.4000244140625,1345.0,1346.5,6274
2026-02-05 06:25:00,1346.5,1348.5,1346.300048828125,1348.199951171875,3106
2026-02-05 06:30:00,1348.5,1348.5,1346.4000244140625,1347.699951171875,4430
2026-02-05 06:35:00,1347.800048828125,1348.0,1346.4000244140625,1346.5999755859375,5979
2026-02-05 06:40:00,1346.9000244140625,1347.199951171875,1345.4000244140625,1345.800048828125,6647
2026-02-05 06:45:00,1345.800048828125,1345.800048828125,1343.4000244140625,1344.5,8094
2026-02-05 06:50:00,1344.0999755859375,1344.5,1343.0,1343.699951171875,5108
2026-02-05 06:55:00,1343.699951171875,1345.0999755859375,1343.0999755859375,1345.0,6600
2026-02-05 07:00:00,1344.9000244140625,1346.5999755859375,1344.5,1345.800048828125,7478
2026-02-05 07:05:00,1346.5,1347.199951171875,1345.699951171875,1346.5999755859375,2725
2026-02-05 07:10:00,1346.4000244140625,1347.0,1345.0,1345.9000244140625,5046
2026-02-05 07:15:00,1345.9000244140625,1345.9000244140625,1344.0999755859375,1344.0999755859375,3313
2026-02-05 07:20:00,1344.0999755859375,1345.300048828125,1344.0,1344.5,2867
2026-02-05 07:25:00,1344.9000244140625,1348.300048828125,1343.5,1348.300048828125,7352
2026-02-05 07:30:00,1348.300048828125,1348.5,1347.0,1348.4000244140625,6823
2026-02-05 07:35:00,1348.0,1350.0,1347.199951171875,1348.5,18712
2026-02-05 07:40:00,1348.9000244140625,1349.4000244140625,1347.5,1348.300048828125,7532
2026-02-05 07:45:00,1348.300048828125,1352.699951171875,1348.300048828125,1351.5999755859375,21427
2026-02-05 07:50:00,1351.5999755859375,1352.5999755859375,1351.199951171875,1352.5,8443
2026-02-05 07:55:00,1352.0,1352.0,1349.4000244140625,1349.5999755859375,11826
2026-02-05 08:00:00,1350.0,1351.5,1350.0,1351.5,3543
2026-02-05 08:05:00,1351.5,1351.800048828125,1350.4000244140625,1351.4000244140625,6474
2026-02-05 08:10:00,1351.4000244140625,1352.4000244140625,1350.5999755859375,1352.0,6294
2026-02-05 08:15:00,1352.0,1352.4000244140625,1351.699951171875,1351.9000244140625,3598
2026-02-05 08:20:00,1352.300048828125,1352.300048828125,1349.0,1349.0,7196
2026-02-05 08:25:00,1349.0,1350.5999755859375,1348.5,1350.0,7204
2026-02-05 08:30:00,1349.9000244140625,1350.5999755859375,1349.199951171875,1349.199951171875,4545
2026-02-05 08:35:00,1349.800048828125,1351.300048828125,1347.199951171875,1350.0,8152
2026-02-05 08:40:00,1349.800048828125,1350.5999755859375,1347.5999755859375,1350.199951171875,9787
2026-02-05 08:45:00,1350.5,1351.5999755859375,1350.0,1350.5,9913
2026-02-05 08:50:00,1350.800048828125,1351.699951171875,1350.0,1351.0,9967
2026-02-05 08:55:00,1351.0999755859375,1354.699951171875,1349.4000244140625,1354.699951171875,23867
2026-02-05 09:00:00,1354.0,1358.199951171875,1354.0,1357.300048828125,36642
2026-02-05 09:05:00,1357.300048828125,1357.800048828125,1356.300048828125,1357.5999755859375,13219
2026-02-05 09:10:00,1357.5999755859375,1360.699951171875,1355.199951171875,1359.0,51324
2026-02-05 09:15:00,1359.199951171875,1361.4000244140625,1358.699951171875,1361.4000244140625,27054
2026-02-05 09:20:00,1361.199951171875,1363.0999755859375,1360.4000244140625,1363.0,44867
2026-02-05 09:25:00,1363.0,1367.9000244140625,1363.0,1366.300048828125,52459
2026-02-05 09:30:00,1367.800048828125,1367.9000244140625,1364.800048828125,1367.5,50521
2026-02-05 09:35:00,1367.9000244140625,1368.0,1364.0999755859375,1364.300048828125,44024
2026-02-05 09:40:00,1364.699951171875,1365.5,1363.4000244140625,1363.5999755859375,47841
2026-02-05 09:45:00,1364.5999755859375,1364.9000244140625,1360.5999755859375,1362.0999755859375,56381
2026-02-05 09:50:00,1361.800048828125,1362.199951171875,1358.699951171875,1358.800048828125,49553
2026-02-05 09:55:00,1359.0,1363.5999755859375,1356.300048828125,1363.300048828125,52318
2026-02-06 03:45:00,1357.800048828125,1357.800048828125,1341.5999755859375,1343.800048828125,0
2026-02-06 03:50:00,1343.699951171875,1344.5,1334.800048828125,1335.0999755859375,70109
2026-02-06 03:55:00,1334.800048828125,1335.0,1329.0999755859375,1332.0,84984
2026-02-06 04:00:00,1332.0,1332.0,1326.5999755859375,1328.4000244140625,53148
2026-02-06 04:05:00,1328.699951171875,1329.300048828125,1323.5,1325.0,56775
2026-02-06 04:10:00,1325.0,1326.0999755859375,1322.0,1323.0,38129
2026-02-06 04:15:00,1322.800048828125,1327.0,1322.5999755859375,1326.699951171875,31302
2026-02-06 04:20:00,1327.5,1327.5,1322.800048828125,1323.0,29740
2026-02-06 04:25:00,1323.300048828125,1323.300048828125,1321.0,1322.699951171875,35261
2026-02-06 04:30:00,1323.0,1323.9000244140625,1320.0,1321.9000244140625,34603
2026-02-06 04:35:00,1322.0,1322.800048828125,1320.300048828125,1321.800048828125,24715
2026-02-06 04:40:00,1321.699951171875,1321.9000244140625,1318.5999755859375,1320.0999755859375,43044
2026-02-06 04:45:00,1320.0,1325.5,1318.5999755859375,1325.0999755859375,40559
2026-02-06 04:50:00,1325.199951171875,1328.199951171875,1324.5,1324.5,37826
2026-02-06 04:55:00,1324.699951171875,1326.4000244140625,1324.0,1324.4000244140625,18680
2026-02-06 05:00:00,1324.300048828125,1324.300048828125,1320.9000244140625,1322.4000244140625,21669
2026-02-06 05:05:00,1322.5,1323.699951171875,1320.699951171875,1323.5999755859375,14394
2026-02-06 05:10:00,1323.5999755859375,1324.0999755859375,1321.0999755859375,1321.5,17683
2026-02-06 05:15:00,1321.800048828125,1321.9000244140625,1317.199951171875,1319.0999755859375,37475
2026-02-06 05:20:00,1318.699951171875,1319.9000244140625,1315.5,1316.9000244140625,35660
2026-02-06 05:25:00,1316.800048828125,1319.9000244140625,1316.0999755859375,1317.5999755859375,23812
2026-02-06 05:30:00,1317.5,1320.0,1317.0999755859375,1319.5999755859375,12887
2026-02-06 05:35:00,1319.4000244140625,1320.699951171875,1318.5,1319.9000244140625,17701
2026-02-06 05:40:00,1320.0,1323.4000244140625,1319.699951171875,1323.4000244140625,22858
2026-02-06 05:45:00,1322.9000244140625,1323.800048828125,1321.4000244140625,1323.0,16732
2026-02-06 05:50:00,1323.199951171875,1326.0999755859375,1323.199951171875,1325.0,32850
2026-02-06 05:55:00,1325.0,1325.199951171875,1324.0,1324.199951171875,14498
2026-02-06 06:00:00,1324.4000244140625,1325.0,1322.800048828125,1324.9000244140625,11873
2026-02-06 06:05:00,1324.800048828125,1326.0,1323.4000244140625,1325.4000244140625,9218
2026-02-06 06:10:00,1325.9000244140625,1327.9000244140625,1323.5999755859375,1323.5999755859375,25384
2026-02-06 06:15:00,1323.5,1326.5,1322.4000244140625,1325.699951171875,11804
2026-02-06 06:20:00,1325.9000244140625,1326.0,1323.5999755859375,1324.199951171875,8487
2026-02-06 06:25:00,1323.9000244140625,1324.9000244140625,1322.0999755859375,1323.800048828125,11516
2026-02-06 06:30:00,1323.800048828125,1326.5,1323.800048828125,1324.199951171875,10510
2026-02-06 06:35:00,1324.199951171875,1324.199951171875,1320.5,1320.5,27024
2026-02-06 06:40:00,1321.300048828125,1323.800048828125,1320.5,1323.5999755859375,7164
2026-02-06 06:45:00,1323.300048828125,1323.4000244140625,1321.5999755859375,1322.0999755859375,11760
2026-02-06 06:50:00,1322.0999755859375,1322.800048828125,1320.300048828125,1320.9000244140625,10180
2026-02-06 06:55:00,1320.699951171875,1321.800048828125,1318.800048828125,1321.5,26805
2026-02-06 07:00:00,1321.4000244140625,1321.4000244140625,1318.0,1318.199951171875,24663
2026-02-06 07:05:00,1319.5999755859375,1321.699951171875,1319.4000244140625,1319.699951171875,16142
2026-02-06 07:10:00,1319.5999755859375,1319.9000244140625,1317.300048828125,1317.4000244140625,10411
2026-02-06 07:15:00,1317.699951171875,1320.300048828125,1317.300048828125,1318.0999755859375,12645
2026-02-06 07:20:00,1317.5,1318.800048828125,1317.0,1317.300048828125,12073
2026-02-06 07:25:00,1316.4000244140625,1319.800048828125,1316.0,1319.5999755859375,11922
2026-02-06 07:30:00,1319.0,1319.699951171875,1317.800048828125,1319.699951171875,9794
2026-02-06 07:35:00,1319.9000244140625,1321.0,1318.800048828125,1320.0,11448
2026-02-06 07:40:00,1320.0,1321.300048828125,1319.5999755859375,1320.5999755859375,8061
2026-02-06 07:45:00,1321.0,1321.300048828125,1319.0999755859375,1320.300048828125,6376
2026-02-06 07:50:00,1320.300048828125,1320.300048828125,1319.0999755859375,1319.699951171875,5269
2026-02-06 07:55:00,1319.5999755859375,1319.800048828125,1319.4000244140625,1319.5,607
2026-02-06 08:00:00,1319.0,1319.5,1318.0,1319.0,33800
2026-02-06 08:05:00,1319.4000244140625,1322.199951171875,1319.0,1321.5,10011
2026-02-06 08:10:00,1321.5,1322.5,1321.4000244140625,1321.5999755859375,8047
2026-02-06 08:15:00,1321.199951171875,1322.300048828125,1320.5999755859375,1322.199951171875,5784
2026-02-06 08:20:00,1322.4000244140625,1324.9000244140625,1322.199951171875,1324.800048828125,14252
2026-02-06 08:25:00,1324.800048828125,1325.300048828125,1323.5,1324.5,12590
2026-02-06 08:30:00,1324.5,1326.5,1324.4000244140625,1325.699951171875,15357
2026-02-06 08:35:00,1325.4000244140625,1327.5,1325.199951171875,1327.300048828125,14288
2026-02-06 08:40:00,1327.300048828125,1327.300048828125,1325.0,1326.699951171875,15703
2026-02-06 08:45:00,1326.300048828125,1329.5,1326.199951171875,1329.0,31130
2026-02-06 08:50:00,1329.199951171875,1329.199951171875,1325.0999755859375,1325.5,14447
2026-02-06 08:55:00,1325.0999755859375,1326.199951171875,1325.0999755859375,1325.4000244140625,7896
2026-02-06 09:00:00,1326.0999755859375,1326.9000244140625,1324.300048828125,1326.0,14487
2026-02-06 09:05:00,1326.0,1327.0,1325.300048828125,1326.5999755859375,9732
2026-02-06 09:10:00,1326.800048828125,1328.0,1326.800048828125,1328.0,14894
2026-02-06 09:15:00,1327.5999755859375,1329.9000244140625,1326.5,1327.0999755859375,24174
2026-02-06 09:20:00,1327.199951171875,1328.4000244140625,1325.4000244140625,1328.4000244140625,21024
2026-02-06 09:25:00,1328.5999755859375,1329.800048828125,1328.0999755859375,1329.800048828125,29008
2026-02-06 09:30:00,1330.0999755859375,1332.5999755859375,1330.0999755859375,1331.4000244140625,43047
2026-02-06 09:35:00,1331.199951171875,1332.4000244140625,1330.800048828125,1331.800048828125,28040
2026-02-06 09:40:00,1331.0,1333.9000244140625,1331.0,1333.199951171875,58255
2026-02-06 09:45:00,1333.0999755859375,1334.0,1330.9000244140625,1331.0,55589
2026-02-06 09:50:00,1331.0999755859375,1332.800048828125,1330.0999755859375,1330.0999755859375,30794
2026-02-06 09:55:00,1330.0,1331.0999755859375,1326.5,1328.0,54173
2026-02-09 03:45:00,1345.0,1353.5999755859375,1343.9000244140625,1347.5,0
2026-02-09 03:50:00,1348.199951171875,1353.5,1346.199951171875,1353.5,47643
2026-02-09 03:55:00,1354.4000244140625,1354.5,1350.800048828125,1354.199951171875,40177
2026-02-09 04:00:00,1354.5,1362.5,1353.0,1355.0999755859375,84768
2026-02-09 04:05:00,1355.199951171875,1357.5999755859375,1352.199951171875,1352.199951171875,35244
2026-02-09 04:10:00,1352.300048828125,1353.0,1350.800048828125,1353.0,38335
2026-02-09 04:15:00,1353.4000244140625,1355.0,1352.5,1353.0,30524
2026-02-09 04:20:00,1353.199951171875,1354.5999755859375,1352.0,1353.0999755859375,21477
2026-02-09 04:25:00,1353.199951171875,1354.9000244140625,1352.300048828125,1353.800048828125,15213
2026-02-09 04:30:00,1354.0,1354.199951171875,1353.0,1354.0,8620
2026-02-09 04:35:00,1353.800048828125,1354.800048828125,1352.5999755859375,1353.9000244140625,7982
2026-02-09 04:40:00,1354.0999755859375,1355.0,1352.300048828125,1354.699951171875,15415
2026-02-09 04:45:00,1354.800048828125,1355.0,1353.0999755859375,1355.0,10431
2026-02-09 04:50:00,1354.800048828125,1354.800048828125,1352.4000244140625,1353.5,10943
2026-02-09 04:55:00,1353.5,1356.300048828125,1353.5,1355.5,15150
2026-02-09 05:00:00,1355.4000244140625,1357.9000244140625,1355.4000244140625,1356.5999755859375,18205
2026-02-09 05:05:00,1356.300048828125,1358.0,1355.0,1357.9000244140625,13156
2026-02-09 05:10:00,1357.9000244140625,1359.199951171875,1357.0,1358.800048828125,24116
2026-02-09 05:15:00,1358.300048828125,1359.800048828125,1357.199951171875,1357.199951171875,8688
2026-02-09 05:20:00,1357.199951171875,1360.0,1357.199951171875,1359.800048828125,14106
2026-02-09 05:25:00,1359.9000244140625,1361.5,1359.300048828125,1360.800048828125,30127
2026-02-09 05:30:00,1361.5,1362.0,1360.0,1360.5,12991
2026-02-09 05:35:00,1360.0,1362.5999755859375,1360.0,1361.300048828125,23267
2026-02-09 05:40:00,1361.0,1365.0999755859375,1361.0,1365.0,37897
2026-02-09 05:45:00,1364.5999755859375,1365.0,1363.0,1364.0,18408
2026-02-09 05:50:00,1363.9000244140625,1364.4000244140625,1361.699951171875,1362.9000244140625,12884
2026-02-09 05:55:00,1362.9000244140625,1362.9000244140625,1360.199951171875,1361.0,8938
2026-02-09 06:00:00,1361.0999755859375,1361.0999755859375,1358.800048828125,1360.5,12720
2026-02-09 06:05:00,1360.5,1362.699951171875,1360.5,1362.199951171875,8742
2026-02-09 06:10:00,1362.0,1363.5,1361.800048828125,1362.199951171875,11880
2026-02-09 06:15:00,1362.0999755859375,1364.0,1361.300048828125,1364.0,11678
2026-02-09 06:20:00,1363.5999755859375,1364.0,1362.0,1362.0,11045
2026-02-09 06:25:00,1361.699951171875,1363.0,1361.4000244140625,1362.9000244140625,6632
2026-02-09 06:30:00,1362.300048828125,1364.4000244140625,1362.300048828125,1364.300048828125,12149
2026-02-09 06:35:00,1364.199951171875,1365.0,1364.0,1365.0,11359
2026-02-09 06:40:00,1364.9000244140625,1369.0,1364.9000244140625,1368.5999755859375,46720
2026-02-09 06:45:00,1368.5999755859375,1370.0,1368.5999755859375,1369.4000244140625,34103
2026-02-09 06:50:00,1369.5999755859375,1369.5999755859375,1368.199951171875,1368.300048828125,18395
2026-02-09 06:55:00,1367.5,1370.199951171875,1366.300048828125,1369.300048828125,44272
2026-02-09 07:00:00,1369.9000244140625,1370.5,1365.300048828125,1366.199951171875,25711
2026-02-09 07:05:00,1366.5999755859375,1367.0,1365.4000244140625,1365.4000244140625,10245
2026-02-09 07:10:00,1365.4000244140625,1366.5999755859375,1365.4000244140625,1366.0,6469
2026-02-09 07:15:00,1365.9000244140625,1366.9000244140625,1365.9000244140625,1366.5999755859375,7675
2026-02-09 07:20:00,1366.5999755859375,1367.0999755859375,1363.199951171875,1364.199951171875,12853
2026-02-09 07:25:00,1363.800048828125,1364.800048828125,1363.800048828125,1364.800048828125,7174
2026-02-09 07:30:00,1364.699951171875,1367.0999755859375,1364.4000244140625,1366.4000244140625,9460
2026-02-09 07:35:00,1366.0999755859375,1366.5,1365.800048828125,1366.0999755859375,4621
2026-02-09 07:40:00,1366.0,1366.4000244140625,1364.300048828125,1365.0,7870
2026-02-09 07:45:00,1364.5999755859375,1366.0,1364.5,1365.800048828125,9872
2026-02-09 07:50:00,1365.699951171875,1366.4000244140625,1365.0,1366.199951171875,9791
2026-02-09 07:55:00,1365.5,1365.800048828125,1364.199951171875,1364.199951171875,5685
2026-02-09 08:00:00,1364.699951171875,1370.0,1364.300048828125,1369.5999755859375,37674
2026-02-09 08:05:00,1369.9000244140625,1371.0,1368.5999755859375,1369.5999755859375,32682
2026-02-09 08:10:00,1369.5,1369.800048828125,1369.0,1369.4000244140625,7841
2026-02-09 08:15:00,1369.0,1369.0,1367.5999755859375,1368.5,12914
2026-02-09 08:20:00,1368.4000244140625,1370.4000244140625,1368.300048828125,1369.9000244140625,18314
2026-02-09 08:25:00,1369.300048828125,1370.300048828125,1367.699951171875,1368.0,8894
2026-02-09 08:30:00,1368.4000244140625,1368.5,1367.0,1367.0999755859375,7887
2026-02-09 08:35:00,1367.5999755859375,1373.4000244140625,1367.0999755859375,1372.9000244140625,28403
2026-02-09 08:40:00,1372.800048828125,1373.0999755859375,1369.5,1370.5999755859375,22628
2026-02-09 08:45:00,1370.300048828125,1370.9000244140625,1369.5999755859375,1370.4000244140625,7800
2026-02-09 08:50:00,1370.4000244140625,1371.5,1369.699951171875,1371.5,16329
2026-02-09 08:55:00,1371.300048828125,1371.5,1370.0,1370.699951171875,9531
2026-02-09 09:00:00,1370.4000244140625,1371.0,1369.5,1370.4000244140625,7418
2026-02-09 09:05:00,1370.199951171875,1370.800048828125,1369.0,1369.4000244140625,9020
2026-02-09 09:10:00,1369.300048828125,1370.199951171875,1368.5999755859375,1369.0,14393
2026-02-09 09:15:00,1369.4000244140625,1371.9000244140625,1368.5,1370.0,15948
2026-02-09 09:20:00,1370.4000244140625,1371.5,1369.0999755859375,1370.300048828125,24591
2026-02-09 09:25:00,1369.5999755859375,1371.5,1369.5999755859375,1371.4000244140625,14744
2026-02-09 09:30:00,1370.9000244140625,1377.199951171875,1370.9000244140625,1376.199951171875,76871
2026-02-09 09:35:00,1376.199951171875,1376.699951171875,1374.5999755859375,1375.5999755859375,32777
2026-02-09 09:40:00,1375.199951171875,1375.4000244140625,1373.5,1375.0,41873
2026-02-09 09:45:00,1374.800048828125,1375.9000244140625,1374.0,1375.9000244140625,47795
2026-02-09 09:50:00,1375.199951171875,1375.199951171875,1372.699951171875,1373.0,49118
2026-02-09 09:55:00,1373.0,1374.9000244140625,1372.9000244140625,1374.300048828125,55588
2026-02-10 03:45:00,1387.0,1402.5,1383.199951171875,1401.800048828125,0
2026-02-10 03:50:00,1401.199951171875,1402.4000244140625,1389.300048828125,1393.199951171875,149234
2026-02-10 03:55:00,1394.9000244140625,1402.9000244140625,1393.4000244140625,1402.9000244140625,154069
2026-02-10 04:00:00,1402.9000244140625,1403.699951171875,1398.4000244140625,1403.0,109441
2026-02-10 04:05:00,1402.9000244140625,1409.0,1402.9000244140625,1406.0,159632
2026-02-10 04:10:00,1405.199951171875,1412.0,1404.0999755859375,1411.800048828125,126053
2026-02-10 04:15:00,1411.5999755859375,1411.800048828125,1405.0,1408.0,97001
2026-02-10 04:20:00,1407.699951171875,1411.0,1405.5,1407.300048828125,91050
2026-02-10 04:25:00,1407.199951171875,1410.9000244140625,1405.800048828125,1406.5,74238
2026-02-10 04:30:00,1407.0,1407.5,1405.199951171875,1406.0,45673
2026-02-10 04:35:00,1406.4000244140625,1408.800048828125,1401.0999755859375,1402.9000244140625,73314
2026-02-10 04:40:00,1402.5,1405.0,1398.0,1399.699951171875,65555
2026-02-10 04:45:00,1400.0,1402.0999755859375,1398.5999755859375,1401.9000244140625,40764
2026-02-10 04:50:00,1401.9000244140625,1402.9000244140625,1395.4000244140625,1398.0,56704
2026-02-10 04:55:00,1397.699951171875,1402.300048828125,1396.800048828125,1402.300048828125,26432
2026-02-10 05:00:00,1402.0,1403.0,1399.5,1401.800048828125,23932
2026-02-10 05:05:00,1402.0,1402.0999755859375,1400.5,1402.0,15553
2026-02-10 05:10:00,1402.0,1402.0999755859375,1397.199951171875,1397.699951171875,25228
2026-02-10 05:15:00,1397.4000244140625,1398.199951171875,1396.0,1396.699951171875,23835
2026-02-10 05:20:00,1396.300048828125,1397.5,1395.0,1395.0999755859375,19444
2026-02-10 05:25:00,1395.199951171875,1398.0,1395.199951171875,1396.0999755859375,15215
2026-02-10 05:30:00,1395.5999755859375,1398.9000244140625,1395.5999755859375,1398.0999755859375,13041
2026-02-10 05:35:00,1398.0999755859375,1398.800048828125,1395.5,1396.4000244140625,10780
2026-02-10 05:40:00,1396.5,1400.9000244140625,1396.5,1400.5999755859375,17214
2026-02-10 05:45:00,1400.300048828125,1400.800048828125,1396.5,1397.800048828125,19176
2026-02-10 05:50:00,1397.800048828125,1398.300048828125,1396.300048828125,1397.300048828125,10682
2026-02-10 05:55:00,1397.300048828125,1397.9000244140625,1395.5,1396.0,13663
2026-02-10 06:00:00,1395.9000244140625,1396.5,1393.699951171875,1395.0,28238
2026-02-10 06:05:00,1395.0999755859375,1395.800048828125,1394.0,1395.0,10451
2026-02-10 06:10:00,1395.0,1395.199951171875,1394.0999755859375,1394.4000244140625,5680
2026-02-10 06:15:00,1394.4000244140625,1396.5,1393.9000244140625,1395.9000244140625,15194
2026-02-10 06:20:00,1396.0999755859375,1397.699951171875,1395.5999755859375,1397.300048828125,10781
2026-02-10 06:25:00,1397.0,1397.4000244140625,1394.5,1395.300048828125,10749
2026-02-10 06:30:00,1395.4000244140625,1397.300048828125,1394.699951171875,1397.0,7162
2026-02-10 06:35:00,1396.699951171875,1398.9000244140625,1396.699951171875,1397.699951171875,9844
2026-02-10 06:40:00,1397.699951171875,1398.0,1396.300048828125,1397.5999755859375,8571
2026-02-10 06:45:00,1398.0,1398.5,1396.5,1396.5,11543
2026-02-10 06:50:00,1396.9000244140625,1397.199951171875,1394.800048828125,1396.4000244140625,12056
2026-02-10 06:55:00,1396.4000244140625,1396.4000244140625,1395.0,1395.699951171875,6344
2026-02-10 07:00:00,1395.699951171875,1401.0,1395.5999755859375,1399.800048828125,29947
2026-02-10 07:05:00,1399.800048828125,1399.800048828125,1397.4000244140625,1399.199951171875,12174
2026-02-10 07:10:00,1399.699951171875,1399.9000244140625,1398.4000244140625,1399.199951171875,7468
2026-02-10 07:15:00,1399.0,1400.4000244140625,1398.300048828125,1399.800048828125,15449
2026-02-10 07:20:00,1399.800048828125,1401.5,1399.5999755859375,1400.9000244140625,18734
2026-02-10 07:25:00,1400.800048828125,1404.5,1400.4000244140625,1402.0999755859375,33829
2026-02-10 07:30:00,1402.5,1402.5,1398.699951171875,1400.199951171875,16343
2026-02-10 07:35:00,1400.0999755859375,1401.9000244140625,1400.0,1401.699951171875,11091
2026-02-10 07:40:00,1401.4000244140625,1402.5,1401.300048828125,1401.300048828125,5151
2026-02-10 07:45:00,1401.9000244140625,1402.0,1400.0,1400.5,6539
2026-02-10 07:50:00,1400.5,1401.5999755859375,1398.0,1398.5,17827
2026-02-10 07:55:00,1398.699951171875,1400.800048828125,1398.199951171875,1400.0,6557
2026-02-10 08:00:00,1400.300048828125,1400.300048828125,1396.699951171875,1398.9000244140625,12122
2026-02-10 08:05:00,1399.199951171875,1399.300048828125,1397.5,1398.9000244140625,8860
2026-02-10 08:10:00,1398.5999755859375,1400.9000244140625,1398.5999755859375,1400.0,14523
2026-02-10 08:15:00,1400.0,1400.0,1396.699951171875,1399.0,10105
2026-02-10 08:20:00,1399.0,1399.9000244140625,1398.0999755859375,1399.9000244140625,4817
2026-02-10 08:25:00,1399.0999755859375,1401.5,1398.800048828125,1399.5999755859375,13378
2026-02-10 08:30:00,1399.0999755859375,1399.0999755859375,1396.199951171875,1397.0999755859375,10425
2026-02-10 08:35:00,1397.0999755859375,1400.0,1397.0,1399.300048828125,9196
2026-02-10 08:40:00,1399.199951171875,1399.5,1397.0,1399.0,10944
2026-02-10 08:45:00,1399.0,1399.800048828125,1398.199951171875,1399.5999755859375,8106
2026-02-10 08:50:00,1400.0,1400.0,1398.0,1398.9000244140625,7831
2026-02-10 08:55:00,1398.0999755859375,1398.5999755859375,1397.0,1397.5999755859375,17930
2026-02-10 09:00:00,1397.5,1399.0999755859375,1396.9000244140625,1398.0999755859375,12935
2026-02-10 09:05:00,1398.0999755859375,1398.5999755859375,1396.199951171875,1397.0,12388
2026-02-10 09:10:00,1397.0,1398.0999755859375,1396.0,1398.0999755859375,18871
2026-02-10 09:15:00,1398.0999755859375,1399.199951171875,1398.0999755859375,1398.699951171875,10857
2026-02-10 09:20:00,1399.300048828125,1401.300048828125,1399.300048828125,1400.800048828125,31183
2026-02-10 09:25:00,1400.5,1401.0,1399.5999755859375,1400.5,16390
2026-02-10 09:30:00,1400.0999755859375,1403.0999755859375,1400.0999755859375,1402.4000244140625,35331
2026-02-10 09:35:00,1402.0999755859375,1402.199951171875,1400.0,1401.5999755859375,28190
2026-02-10 09:40:00,1402.0,1402.800048828125,1400.5,1401.5,42529
2026-02-10 09:45:00,1401.5,1403.0,1400.0,1401.0,58381
2026-02-10 09:50:00,1401.0,1401.4000244140625,1399.699951171875,1399.9000244140625,39641
2026-02-10 09:55:00,1399.9000244140625,1400.0,1398.0,1400.0,48192
2026-02-11 03:45:00,1404.0,1409.0,1391.0999755859375,1408.300048828125,0
2026-02-11 03:50:00,1407.699951171875,1408.9000244140625,1401.5,1401.5,74437
2026-02-11 03:55:00,1402.4000244140625,1405.9000244140625,1398.0,1398.199951171875,49935
2026-02-11 04:00:00,1398.699951171875,1401.0,1397.5,1397.5,27740
2026-02-11 04:05:00,1398.0,1399.800048828125,1396.5,1396.5,26725
2026-02-11 04:10:00,1395.5999755859375,1399.0,1395.0,1396.800048828125,31634
2026-02-11 04:15:00,1397.9000244140625,1397.9000244140625,1395.5999755859375,1396.0,15366
2026-02-11 04:20:00,1395.4000244140625,1396.0,1390.0,1393.0,39922
2026-02-11 04:25:00,1393.699951171875,1394.4000244140625,1391.0,1391.0,17097
2026-02-11 04:30:00,1391.699951171875,1391.699951171875,1386.300048828125,1386.800048828125,31929
2026-02-11 04:35:00,1387.0,1388.699951171875,1386.5,1388.4000244140625,17224
2026-02-11 04:40:00,1388.5,1390.0,1385.0,1385.5999755859375,37079
2026-02-11 04:45:00,1385.5999755859375,1391.0,1385.4000244140625,1390.9000244140625,24568
2026-02-11 04:50:00,1390.5999755859375,1392.800048828125,1390.5999755859375,1392.5,22742
2026-02-11 04:55:00,1392.800048828125,1392.800048828125,1390.199951171875,1392.300048828125,16102
2026-02-11 05:00:00,1392.4000244140625,1393.5,1390.0,1390.5,12696
2026-02-11 05:05:00,1390.0,1391.800048828125,1390.0,1391.300048828125,6278
2026-02-11 05:10:00,1391.4000244140625,1392.199951171875,1389.300048828125,1389.9000244140625,18300
2026-02-11 05:15:00,1390.0,1392.800048828125,1390.0,1392.800048828125,6872
2026-02-11 05:20:00,1392.800048828125,1394.800048828125,1392.199951171875,1392.5999755859375,10569
2026-02-11 05:25:00,1392.5999755859375,1393.5999755859375,1390.800048828125,1392.0,11031
2026-02-11 05:30:00,1392.0,1392.5999755859375,1390.5999755859375,1391.0999755859375,11758
2026-02-11 05:35:00,1391.699951171875,1392.5,1389.0999755859375,1389.300048828125,17653
2026-02-11 05:40:00,1389.300048828125,1392.300048828125,1389.300048828125,1392.300048828125,9802
2026-02-11 05:45:00,1392.5,1393.800048828125,1390.800048828125,1391.0,9704
2026-02-11 05:50:00,1391.0,1392.9000244140625,1391.0,1392.0999755859375,5849
2026-02-11 05:55:00,1391.9000244140625,1391.9000244140625,1388.300048828125,1388.699951171875,5661
2026-02-11 06:00:00,1388.699951171875,1391.300048828125,1388.4000244140625,1390.0,19105
2026-02-11 06:05:00,1389.699951171875,1389.9000244140625,1388.0,1388.0,10623
2026-02-11 06:10:00,1388.0,1388.800048828125,1387.199951171875,1387.5,9895
2026-02-11 06:15:00,1387.199951171875,1389.5999755859375,1387.199951171875,1388.0,10878
2026-02-11 06:20:00,1388.0,1388.0,1387.199951171875,1388.0,11020
2026-02-11 06:25:00,1388.0,1388.800048828125,1386.300048828125,1387.300048828125,11493
2026-02-11 06:30:00,1387.300048828125,1389.4000244140625,1386.4000244140625,1389.0,6608
2026-02-11 06:35:00,1389.0,1391.5,1388.699951171875,1389.199951171875,6742
2026-02-11 06:40:00,1389.800048828125,1397.0,1389.199951171875,1396.300048828125,44995
2026-02-11 06:45:00,1395.300048828125,1399.0,1395.199951171875,1396.4000244140625,28054
2026-02-11 06:50:00,1396.5,1396.699951171875,1394.0999755859375,1394.5,8331
2026-02-11 06:55:00,1394.5,1396.0,1394.0,1396.0,14588
2026-02-11 07:00:00,1396.0,1396.0,1393.300048828125,1393.300048828125,6565
2026-02-11 07:05:00,1393.9000244140625,1394.9000244140625,1392.699951171875,1392.9000244140625,4031
2026-02-11 07:10:00,1393.0,1393.5,1389.300048828125,1390.699951171875,18725
2026-02-11 07:15:00,1390.0,1391.800048828125,1390.0,1391.800048828125,4400
2026-02-11 07:20:00,1391.4000244140625,1395.0,1391.4000244140625,1395.0,7248
2026-02-11 07:25:00,1394.4000244140625,1395.9000244140625,1393.4000244140625,1395.699951171875,6628
2026-02-11 07:30:00,1395.699951171875,1396.0999755859375,1392.0,1392.4000244140625,8737
2026-02-11 07:35:00,1392.0999755859375,1393.5999755859375,1392.0999755859375,1393.5999755859375,2086
2026-02-11 07:40:00,1393.5999755859375,1394.0,1392.0999755859375,1393.5,6083
2026-02-11 07:45:00,1393.0,1393.800048828125,1392.0999755859375,1392.9000244140625,11764
2026-02-11 07:50:00,1392.800048828125,1394.699951171875,1392.800048828125,1393.800048828125,4729
2026-02-11 07:55:00,1394.0,1394.699951171875,1393.5,1394.5,4958
2026-02-11 08:00:00,1394.9000244140625,1395.699951171875,1394.5999755859375,1395.0,4837
2026-02-11 08:05:00,1395.0,1395.699951171875,1394.199951171875,1395.199951171875,3431
2026-02-11 08:10:00,1395.5,1395.5,1394.199951171875,1395.4000244140625,3528
2026-02-11 08:15:00,1395.5999755859375,1396.9000244140625,1395.0999755859375,1395.699951171875,6608
2026-02-11 08:20:00,1394.800048828125,1394.9000244140625,1393.0999755859375,1394.0,6032
2026-02-11 08:25:00,1394.0,1395.4000244140625,1393.5,1394.0999755859375,3407
2026-02-11 08:30:00,1393.5,1394.300048828125,1393.0999755859375,1393.300048828125,3325
2026-02-11 08:35:00,1393.800048828125,1394.699951171875,1393.300048828125,1394.0,2916
2026-02-11 08:40:00,1394.5999755859375,1395.9000244140625,1394.5,1395.699951171875,6338
2026-02-11 08:45:00,1396.0999755859375,1396.5,1395.0,1395.0,4689
2026-02-11 08:50:00,1395.4000244140625,1395.4000244140625,1392.0999755859375,1392.5,7636
2026-02-11 08:55:00,1392.5,1395.0,1392.5,1394.300048828125,14339
2026-02-11 09:00:00,1393.5999755859375,1394.4000244140625,1393.0,1394.0,5225
2026-02-11 09:05:00,1394.0,1394.4000244140625,1393.4000244140625,1393.9000244140625,2348
2026-02-11 09:10:00,1393.5,1394.0,1392.0,1392.800048828125,9190
2026-02-11 09:15:00,1392.9000244140625,1393.5999755859375,1392.0999755859375,1393.4000244140625,7109
2026-02-11 09:20:00,1393.4000244140625,1394.5999755859375,1393.199951171875,1393.800048828125,9105
2026-02-11 09:25:00,1394.199951171875,1395.9000244140625,1394.0999755859375,1395.800048828125,18893
2026-02-11 09:30:00,1395.9000244140625,1397.699951171875,1395.9000244140625,1396.300048828125,23252
2026-02-11 09:35:00,1396.300048828125,1399.0999755859375,1396.0,1398.0,26300
2026-02-11 09:40:00,1397.5,1398.9000244140625,1397.0,1398.9000244140625,20636
2026-02-11 09:45:00,1398.4000244140625,1400.0,1397.199951171875,1398.199951171875,48117
2026-02-11 09:50:00,1398.0999755859375,1398.5,1395.4000244140625,1396.199951171875,28574
2026-02-11 09:55:00,1395.5999755859375,1396.0,1391.0,1391.0,36802
2026-02-12 03:45:00,1393.699951171875,1393.699951171875,1377.800048828125,1380.800048828125,0
2026-02-12 03:50:00,1380.5,1384.699951171875,1379.0,1379.0,53009
2026-02-12 03:55:00,1379.300048828125,1381.300048828125,1376.5,1380.0,30711
2026-02-12 04:00:00,1379.699951171875,1381.800048828125,1377.199951171875,1378.699951171875,28460
2026-02-12 04:05:00,1378.0999755859375,1379.199951171875,1377.0,1377.300048828125,19246
2026-02-12 04:10:00,1377.199951171875,1377.5999755859375,1375.300048828125,1376.0,17245
2026-02-12 04:15:00,1376.0,1377.699951171875,1373.800048828125,1377.699951171875,28850
2026-02-12 04:20:00,1377.199951171875,1382.4000244140625,1377.199951171875,1381.699951171875,22274
2026-02-12 04:25:00,1381.300048828125,1382.5999755859375,1379.300048828125,1379.800048828125,20841
2026-02-12 04:30:00,1379.9000244140625,1380.199951171875,1377.5999755859375,1378.800048828125,18146
2026-02-12 04:35:00,1378.800048828125,1379.5999755859375,1376.699951171875,1377.9000244140625,12455
2026-02-12 04:40:00,1377.800048828125,1379.800048828125,1376.5,1379.199951171875,10922
2026-02-12 04:45:00,1379.699951171875,1381.0,1376.9000244140625,1378.0,17440
2026-02-12 04:50:00,1378.300048828125,1381.699951171875,1377.9000244140625,1381.4000244140625,14341
2026-02-12 04:55:00,1381.5999755859375,1383.199951171875,1378.4000244140625,1379.300048828125,17417
2026-02-12 05:00:00,1379.199951171875,1380.800048828125,1378.0,1380.800048828125,6308
2026-02-12 05:05:00,1380.800048828125,1381.5,1377.800048828125,1378.4000244140625,10311
2026-02-12 05:10:00,1378.5999755859375,1379.5,1377.300048828125,1377.699951171875,7694
2026-02-12 05:15:00,1377.699951171875,1379.5,1377.0,1378.199951171875,8961
2026-02-12 05:20:00,1378.300048828125,1378.300048828125,1377.0999755859375,1378.0999755859375,8970
2026-02-12 05:25:00,1378.5,1379.0,1378.0999755859375,1378.699951171875,7473
2026-02-12 05:30:00,1377.800048828125,1379.4000244140625,1377.699951171875,1379.0999755859375,10350
2026-02-12 05:35:00,1378.5999755859375,1379.4000244140625,1377.800048828125,1379.0999755859375,4540
2026-02-12 05:40:00,1379.4000244140625,1380.300048828125,1378.5999755859375,1378.800048828125,9740
2026-02-12 05:45:00,1378.800048828125,1379.0999755859375,1377.300048828125,1378.0,5543
2026-02-12 05:50:00,1377.300048828125,1377.800048828125,1375.199951171875,1376.0,12840
2026-02-12 05:55:00,1376.0,1377.4000244140625,1375.9000244140625,1377.199951171875,4409
2026-02-12 06:00:00,1376.5999755859375,1376.9000244140625,1374.0,1374.199951171875,20852
2026-02-12 06:05:00,1374.699951171875,1376.300048828125,1374.0999755859375,1376.0999755859375,9323
2026-02-12 06:10:00,1376.0,1378.800048828125,1375.9000244140625,1377.4000244140625,9743
2026-02-12 06:15:00,1378.0,1379.0,1377.5,1378.199951171875,5492
2026-02-12 06:20:00,1378.199951171875,1378.199951171875,1375.0999755859375,1376.0999755859375,8223
2026-02-12 06:25:00,1375.800048828125,1376.300048828125,1374.199951171875,1375.5999755859375,7917
2026-02-12 06:30:00,1375.5999755859375,1375.5999755859375,1373.0,1373.800048828125,15467
2026-02-12 06:35:00,1373.5,1375.0999755859375,1373.199951171875,1375.0999755859375,5749
2026-02-12 06:40:00,1374.5999755859375,1375.300048828125,1372.9000244140625,1373.699951171875,8773
2026-02-12 06:45:00,1373.699951171875,1375.0,1373.4000244140625,1374.300048828125,6581
2026-02-12 06:50:00,1374.699951171875,1375.9000244140625,1374.0999755859375,1375.800048828125,4755
2026-02-12 06:55:00,1375.800048828125,1375.800048828125,1374.0,1375.0999755859375,8387
2026-02-12 07:00:00,1375.5,1377.0,1375.199951171875,1376.9000244140625,8820
2026-02-12 07:05:00,1376.9000244140625,1376.9000244140625,1374.0,1374.5,5790
2026-02-12 07:10:00,1374.5,1374.800048828125,1373.199951171875,1374.5,6774
2026-02-12 07:15:00,1374.5,1375.699951171875,1373.0999755859375,1373.800048828125,9623
2026-02-12 07:20:00,1373.5,1374.5999755859375,1373.199951171875,1373.9000244140625,4909
2026-02-12 07:25:00,1374.199951171875,1374.9000244140625,1374.0,1374.699951171875,6096
2026-02-12 07:30:00,1374.699951171875,1374.9000244140625,1373.0999755859375,1374.199951171875,6277
2026-02-12 07:35:00,1374.0,1374.4000244140625,1372.5,1373.9000244140625,13441
2026-02-12 07:40:00,1373.9000244140625,1373.9000244140625,1370.9000244140625,1371.5999755859375,13359
2026-02-12 07:45:00,1371.5,1376.0999755859375,1371.4000244140625,1374.5999755859375,18284
2026-02-12 07:50:00,1374.5,1375.0,1373.0999755859375,1374.9000244140625,6016
2026-02-12 07:55:00,1374.800048828125,1376.0,1373.800048828125,1375.300048828125,9968
2026-02-12 08:00:00,1374.5999755859375,1375.800048828125,1373.800048828125,1375.0,9640
2026-02-12 08:05:00,1375.199951171875,1377.0,1374.699951171875,1376.9000244140625,15662
2026-02-12 08:10:00,1376.9000244140625,1377.0,1376.0999755859375,1376.4000244140625,5855
2026-02-12 08:15:00,1376.4000244140625,1376.5,1374.4000244140625,1374.4000244140625,8504
2026-02-12 08:20:00,1374.9000244140625,1374.9000244140625,1373.4000244140625,1374.0,5950
2026-02-12 08:25:00,1374.300048828125,1375.0,1373.9000244140625,1374.9000244140625,7052
2026-02-12 08:30:00,1374.9000244140625,1374.9000244140625,1374.0,1374.199951171875,5374
2026-02-12 08:35:00,1374.199951171875,1374.4000244140625,1373.800048828125,1373.9000244140625,7207
2026-02-12 08:40:00,1373.800048828125,1373.9000244140625,1373.0999755859375,1373.199951171875,5478
2026-02-12 08:45:00,1373.4000244140625,1373.800048828125,1372.0999755859375,1372.9000244140625,8625
2026-02-12 08:50:00,1372.9000244140625,1373.800048828125,1372.800048828125,1373.5,7700
2026-02-12 08:55:00,1373.699951171875,1373.800048828125,1373.0,1373.4000244140625,5921
2026-02-12 09:00:00,1373.300048828125,1373.699951171875,1373.0,1373.4000244140625,4287
2026-02-12 09:05:00,1373.4000244140625,1373.4000244140625,1371.0,1372.0,15184
2026-02-12 09:10:00,1372.0,1372.5,1371.5,1371.5,10967
2026-02-12 09:15:00,1371.9000244140625,1372.9000244140625,1370.0,1370.0,24269
2026-02-12 09:20:00,1370.0,1374.0,1370.0,1373.5999755859375,35338
2026-02-12 09:25:00,1372.699951171875,1376.4000244140625,1372.699951171875,1375.199951171875,31933
2026-02-12 09:30:00,1375.5,1376.800048828125,1375.0,1375.300048828125,30372
2026-02-12 09:35:00,1375.0999755859375,1375.300048828125,1370.5,1371.5,16890
2026-02-12 09:40:00,1371.199951171875,1371.5,1369.0,1370.199951171875,36747
2026-02-12 09:45:00,1370.199951171875,1371.0,1368.4000244140625,1368.4000244140625,54340
2026-02-12 09:50:00,1369.300048828125,1369.300048828125,1367.0999755859375,1368.0,32971
2026-02-12 09:55:00,1367.9000244140625,1369.5,1367.9000244140625,1369.0,46558
2026-02-13 03:45:00,1350.199951171875,1359.0,1350.0,1354.0,0
2026-02-13 03:50:00,1353.800048828125,1354.5999755859375,1347.699951171875,1348.199951171875,88095
2026-02-13 03:55:00,1348.5999755859375,1348.5999755859375,1343.199951171875,1343.800048828125,39657
2026-02-13 04:00:00,1343.800048828125,1343.800048828125,1337.199951171875,1337.699951171875,49875
2026-02-13 04:05:00,1336.5,1338.0999755859375,1333.0,1334.5999755859375,36876
2026-02-13 04:10:00,1334.300048828125,1342.4000244140625,1333.5999755859375,1340.0,42772
2026-02-13 04:15:00,1340.0,1340.699951171875,1333.0,1333.4000244140625,36955
2026-02-13 04:20:00,1333.300048828125,1340.9000244140625,1332.300048828125,1340.0,29374
2026-02-13 04:25:00,1340.0,1340.9000244140625,1336.699951171875,1337.300048828125,22225
2026-02-13 04:30:00,1336.800048828125,1338.5,1335.800048828125,1337.5,18545
2026-02-13 04:35:00,1337.199951171875,1337.5,1332.5999755859375,1332.5999755859375,22975
2026-02-13 04:40:00,1332.9000244140625,1333.0,1330.0999755859375,1331.4000244140625,39601
2026-02-13 04:45:00,1331.800048828125,1331.800048828125,1326.9000244140625,1328.199951171875,58769
2026-02-13 04:50:00,1328.4000244140625,1331.5999755859375,1328.4000244140625,1331.300048828125,26835
2026-02-13 04:55:00,1332.5,1334.300048828125,1330.9000244140625,1331.0,22155
2026-02-13 05:00:00,1331.0,1336.199951171875,1330.9000244140625,1335.0,17605
2026-02-13 05:05:00,1335.0,1337.5999755859375,1335.0,1337.4000244140625,21826
2026-02-13 05:10:00,1337.800048828125,1337.800048828125,1334.800048828125,1336.699951171875,17462
2026-02-13 05:15:00,1336.300048828125,1337.4000244140625,1334.9000244140625,1334.9000244140625,12358
2026-02-13 05:20:00,1334.5999755859375,1335.300048828125,1333.0999755859375,1333.300048828125,11327
2026-02-13 05:25:00,1333.199951171875,1333.800048828125,1331.5,1331.9000244140625,10589
2026-02-13 05:30:00,1332.0,1332.300048828125,1327.800048828125,1328.4000244140625,31894
2026-02-13 05:35:00,1328.4000244140625,1329.0,1326.0,1326.5999755859375,25505
2026-02-13 05:40:00,1326.5999755859375,1328.0999755859375,1323.5,1326.0,55319
2026-02-13 05:45:00,1326.0999755859375,1327.300048828125,1323.0,1323.5,20843
2026-02-13 05:50:00,1323.0999755859375,1323.9000244140625,1322.0,1322.199951171875,23342
2026-02-13 05:55:00,1322.300048828125,1326.0,1321.4000244140625,1324.4000244140625,19960
2026-02-13 06:00:00,1324.4000244140625,1324.699951171875,1322.0,1322.4000244140625,14813
2026-02-13 06:05:00,1322.0999755859375,1324.5999755859375,1321.9000244140625,1323.699951171875,12030
2026-02-13 06:10:00,1323.9000244140625,1328.800048828125,1323.300048828125,1328.0,25159
2026-02-13 06:15:00,1328.0999755859375,1330.5999755859375,1327.199951171875,1328.5,24697
2026-02-13 06:20:00,1328.199951171875,1332.199951171875,1328.199951171875,1331.4000244140625,20161
2026-02-13 06:25:00,1331.9000244140625,1333.5999755859375,1331.5,1332.9000244140625,8583
2026-02-13 06:30:00,1332.9000244140625,1333.699951171875,1332.0999755859375,1332.9000244140625,10376
2026-02-13 06:35:00,1332.9000244140625,1337.300048828125,1332.9000244140625,1335.9000244140625,29265
2026-02-13 06:40:00,1336.0,1339.0,1335.699951171875,1338.0,28661
2026-02-13 06:45:00,1338.0,1338.0,1334.4000244140625,1336.5999755859375,12270
2026-02-13 06:50:00,1336.699951171875,1337.699951171875,1336.0,1337.0,7427
2026-02-13 06:55:00,1337.4000244140625,1344.5,1336.699951171875,1341.9000244140625,37449
2026-02-13 07:00:00,1342.0,1343.699951171875,1341.0999755859375,1342.800048828125,20063
2026-02-13 07:05:00,1343.4000244140625,1343.9000244140625,1341.5,1343.0,12890
2026-02-13 07:10:00,1343.0,1343.0,1342.300048828125,1342.300048828125,6453
2026-02-13 07:15:00,1342.300048828125,1345.5,1340.800048828125,1340.800048828125,23743
2026-02-13 07:20:00,1340.9000244140625,1340.9000244140625,1339.0999755859375,1339.800048828125,12271
2026-02-13 07:25:00,1339.800048828125,1340.0,1338.199951171875,1339.199951171875,10850
2026-02-13 07:30:00,1338.800048828125,1340.0,1338.300048828125,1340.0,11601
2026-02-13 07:35:00,1340.0,1340.800048828125,1338.5,1340.5999755859375,6390
2026-02-13 07:40:00,1340.5999755859375,1343.0,1340.199951171875,1343.0,9099
2026-02-13 07:45:00,1343.0,1343.0,1341.300048828125,1342.4000244140625,12111
2026-02-13 07:50:00,1342.4000244140625,1342.4000244140625,1340.0,1340.4000244140625,3299
2026-02-13 07:55:00,1340.4000244140625,1340.4000244140625,1338.199951171875,1339.4000244140625,8237
2026-02-13 08:00:00,1339.699951171875,1340.199951171875,1338.300048828125,1339.9000244140625,12623
2026-02-13 08:05:00,1339.5999755859375,1340.0999755859375,1339.0999755859375,1340.0,3775
2026-02-13 08:10:00,1340.0,1340.800048828125,1339.699951171875,1339.800048828125,6098
2026-02-13 08:15:00,1339.800048828125,1339.800048828125,1335.5,1335.9000244140625,13556
2026-02-13 08:20:00,1335.9000244140625,1336.800048828125,1335.5,1336.699951171875,9705
2026-02-13 08:25:00,1336.4000244140625,1337.9000244140625,1334.9000244140625,1334.9000244140625,15803
2026-02-13 08:30:00,1335.300048828125,1337.800048828125,1333.5999755859375,1337.4000244140625,14008
2026-02-13 08:35:00,1336.800048828125,1339.0,1336.5,1337.199951171875,6526
2026-02-13 08:40:00,1337.199951171875,1339.0,1336.5,1339.0,8880
2026-02-13 08:45:00,1338.9000244140625,1340.5,1338.5,1339.0,6461
2026-02-13 08:50:00,1339.199951171875,1341.4000244140625,1338.5999755859375,1340.0,12994
2026-02-13 08:55:00,1340.5,1342.9000244140625,1340.5,1340.5999755859375,6342
2026-02-13 09:00:00,1341.800048828125,1342.199951171875,1340.5,1340.5999755859375,7178
2026-02-13 09:05:00,1341.300048828125,1342.0,1337.0999755859375,1339.800048828125,13392
2026-02-13 09:10:00,1339.699951171875,1339.699951171875,1337.5,1338.4000244140625,12433
2026-02-13 09:15:00,1338.5999755859375,1338.5999755859375,1336.300048828125,1336.9000244140625,11320
2026-02-13 09:20:00,1336.800048828125,1342.300048828125,1336.300048828125,1341.9000244140625,30623
2026-02-13 09:25:00,1341.699951171875,1343.0,1340.300048828125,1342.0,17501
2026-02-13 09:30:00,1341.0999755859375,1341.0999755859375,1336.5,1337.0999755859375,26274
2026-02-13 09:35:00,1337.699951171875,1337.699951171875,1333.4000244140625,1335.0,30690
2026-02-13 09:40:00,1335.199951171875,1336.800048828125,1334.699951171875,1335.800048828125,33291
2026-02-13 09:45:00,1335.4000244140625,1336.0,1334.199951171875,1334.5999755859375,27511
2026-02-13 09:50:00,1334.699951171875,1335.5,1332.5,1332.5,28617
2026-02-13 09:55:00,1332.0,1335.9000244140625,1332.0,1335.300048828125,38460
2026-02-16 03:45:00,1293.0999755859375,1326.199951171875,1285.0,1326.199951171875,0
2026-02-16 03:50:00,1326.0999755859375,1330.0,1323.199951171875,1326.300048828125,76282
2026-02-16 03:55:00,1328.9000244140625,1341.5999755859375,1328.4000244140625,1340.199951171875,99350
2026-02-16 04:00:00,1340.0,1349.4000244140625,1340.0,1347.5,88941
2026-02-16 04:05:00,1346.699951171875,1347.4000244140625,1338.0,1338.5,46187
2026-02-16 04:10:00,1338.5,1343.699951171875,1336.0999755859375,1339.199951171875,32206
2026-02-16 04:15:00,1338.4000244140625,1343.9000244140625,1338.199951171875,1341.0999755859375,16391
2026-02-16 04:20:00,1341.0999755859375,1343.0,1337.0,1343.0,24542
2026-02-16 04:25:00,1342.9000244140625,1343.800048828125,1339.300048828125,1343.0,30011
2026-02-16 04:30:00,1343.800048828125,1346.4000244140625,1341.300048828125,1344.0,25896
2026-02-16 04:35:00,1344.0999755859375,1346.5999755859375,1343.0,1346.0,24805
2026-02-16 04:40:00,1347.0,1351.5,1346.800048828125,1347.699951171875,46315
2026-02-16 04:45:00,1347.9000244140625,1348.4000244140625,1342.0,1344.699951171875,19662
2026-02-16 04:50:00,1344.9000244140625,1344.9000244140625,1341.699951171875,1341.699951171875,16450
2026-02-16 04:55:00,1341.5999755859375,1342.699951171875,1340.5999755859375,1342.0,8182
2026-02-16 05:00:00,1342.0,1343.5999755859375,1341.199951171875,1343.5,6506
2026-02-16 05:05:00,1343.300048828125,1346.0999755859375,1342.300048828125,1342.699951171875,14756
2026-02-16 05:10:00,1342.5999755859375,1345.0,1342.5999755859375,1345.0,3516
2026-02-16 05:15:00,1344.4000244140625,1349.0,1343.5,1346.5999755859375,8507
2026-02-16 05:20:00,1346.9000244140625,1349.0,1344.300048828125,1346.9000244140625,13564
2026-02-16 05:25:00,1347.4000244140625,1348.5,1346.0999755859375,1348.0999755859375,7758
2026-02-16 05:30:00,1348.0999755859375,1351.0,1347.4000244140625,1351.0,18935
2026-02-16 05:35:00,1351.0,1352.0999755859375,1349.199951171875,1350.0999755859375,21060
2026-02-16 05:40:00,1350.0999755859375,1353.699951171875,1350.0999755859375,1352.5,22515
2026-02-16 05:45:00,1352.5999755859375,1353.0,1351.0,1353.0,14133
2026-02-16 05:50:00,1353.199951171875,1354.800048828125,1352.199951171875,1353.800048828125,13698
2026-02-16 05:55:00,1353.5999755859375,1354.5,1350.300048828125,1350.5,9736
2026-02-16 06:00:00,1351.0,1353.199951171875,1349.699951171875,1350.5999755859375,16595
2026-02-16 06:05:00,1350.199951171875,1352.5999755859375,1349.5,1352.5999755859375,10356
2026-02-16 06:10:00,1352.5,1353.800048828125,1351.699951171875,1352.0,9866
2026-02-16 06:15:00,1351.800048828125,1352.699951171875,1350.0,1351.199951171875,10810
2026-02-16 06:20:00,1351.0999755859375,1353.0,1351.0,1351.0,9059
2026-02-16 06:25:00,1350.800048828125,1356.0,1350.300048828125,1356.0,23653
2026-02-16 06:30:00,1355.9000244140625,1356.699951171875,1352.5,1353.5,18075
2026-02-16 06:35:00,1353.5,1353.5,1351.300048828125,1352.4000244140625,7655
2026-02-16 06:40:00,1352.4000244140625,1355.800048828125,1352.4000244140625,1354.199951171875,6761
2026-02-16 06:45:00,1354.0,1357.0,1353.199951171875,1357.0,12497
2026-02-16 06:50:00,1357.0,1357.5,1355.4000244140625,1356.5,25963
2026-02-16 06:55:00,1356.5,1357.5,1355.0,1357.5,10665
2026-02-16 07:00:00,1357.5,1362.5,1357.0,1360.300048828125,44660
2026-02-16 07:05:00,1360.800048828125,1361.699951171875,1352.0,1353.0,40253
2026-02-16 07:10:00,1353.0,1353.300048828125,1352.4000244140625,1353.199951171875,8300
2026-02-16 07:15:00,1353.199951171875,1353.5999755859375,1351.5,1351.699951171875,9788
2026-02-16 07:20:00,1350.0999755859375,1350.5999755859375,1348.0,1350.5999755859375,30739
2026-02-16 07:25:00,1350.699951171875,1351.5999755859375,1348.199951171875,1349.5,13780
2026-02-16 07:30:00,1349.699951171875,1352.5,1349.699951171875,1351.4000244140625,7852
2026-02-16 07:35:00,1351.300048828125,1352.5,1351.300048828125,1352.199951171875,5327
2026-02-16 07:40:00,1352.199951171875,1354.4000244140625,1352.0,1353.5,5677
2026-02-16 07:45:00,1353.9000244140625,1354.300048828125,1352.5,1353.4000244140625,5215
2026-02-16 07:50:00,1353.4000244140625,1354.0,1353.0,1353.5999755859375,3899
2026-02-16 07:55:00,1354.0,1354.5999755859375,1352.0999755859375,1353.800048828125,6216
2026-02-16 08:00:00,1353.9000244140625,1354.0,1352.5,1353.4000244140625,1912
2026-02-16 08:05:00,1352.800048828125,1354.5999755859375,1352.4000244140625,1354.0,6906
2026-02-16 08:10:00,1354.0,1355.0,1353.5999755859375,1354.300048828125,5931
2026-02-16 08:15:00,1354.300048828125,1356.4000244140625,1354.0,1354.4000244140625,12234
2026-02-16 08:20:00,1354.0999755859375,1355.800048828125,1353.0999755859375,1354.199951171875,4568
2026-02-16 08:25:00,1354.0999755859375,1354.0999755859375,1352.5999755859375,1353.4000244140625,5281
2026-02-16 08:30:00,1353.5,1355.0,1353.300048828125,1354.5999755859375,4897
2026-02-16 08:35:00,1354.0,1354.9000244140625,1352.5,1352.800048828125,7994
2026-02-16 08:40:00,1352.800048828125,1354.0,1351.9000244140625,1353.5999755859375,5366
2026-02-16 08:45:00,1353.4000244140625,1353.699951171875,1352.0999755859375,1352.5,1984
2026-02-16 08:50:00,1352.5999755859375,1352.800048828125,1350.300048828125,1350.5,7806
2026-02-16 08:55:00,1350.199951171875,1353.9000244140625,1350.0999755859375,1353.300048828125,9544
2026-02-16 09:00:00,1353.5,1356.4000244140625,1352.9000244140625,1356.0,10546
2026-02-16 09:05:00,1356.300048828125,1356.300048828125,1353.699951171875,1354.5999755859375,7694
2026-02-16 09:10:00,1355.199951171875,1356.199951171875,1352.800048828125,1354.699951171875,7247
2026-02-16 09:15:00,1355.5,1357.0,1354.4000244140625,1356.4000244140625,11012
2026-02-16 09:20:00,1356.4000244140625,1356.4000244140625,1353.699951171875,1355.0,11378
2026-02-16 09:25:00,1354.5,1356.300048828125,1354.5,1356.300048828125,11493
2026-02-16 09:30:00,1356.199951171875,1357.699951171875,1355.5999755859375,1357.4000244140625,14859
2026-02-16 09:35:00,1357.0,1357.300048828125,1355.5999755859375,1357.0,15792
2026-02-16 09:40:00,1356.4000244140625,1357.300048828125,1356.0,1356.699951171875,23501
2026-02-16 09:45:00,1356.5,1356.5,1353.800048828125,1354.0,49024
2026-02-16 09:50:00,1354.0999755859375,1354.0999755859375,1349.300048828125,1350.300048828125,49289
2026-02-16 09:55:00,1350.5999755859375,1355.0,1350.0,1355.0,42977
2026-02-17 03:45:00,1350.4000244140625,1351.0,1344.0,1344.0999755859375,0
2026-02-17 03:50:00,1342.4000244140625,1344.5,1341.9000244140625,1344.0,28315
2026-02-17 03:55:00,1343.5999755859375,1344.0,1341.199951171875,1341.699951171875,18909
2026-02-17 04:00:00,1341.699951171875,1345.300048828125,1339.800048828125,1345.0,30966
2026-02-17 04:05:00,1345.0,1348.0,1344.0999755859375,1344.699951171875,37409
2026-02-17 04:10:00,1344.300048828125,1345.5999755859375,1343.0999755859375,1344.9000244140625,28745
2026-02-17 04:15:00,1345.5,1345.5999755859375,1342.199951171875,1343.5999755859375,32788
2026-02-17 04:20:00,1344.5999755859375,1347.800048828125,1343.4000244140625,1346.199951171875,13732
2026-02-17 04:25:00,1345.699951171875,1347.5,1345.199951171875,1346.199951171875,16891
2026-02-17 04:30:00,1345.0999755859375,1346.4000244140625,1344.5,1346.0,7552
2026-02-17 04:35:00,1345.699951171875,1346.4000244140625,1343.4000244140625,1344.5999755859375,9707
2026-02-17 04:40:00,1345.199951171875,1348.699951171875,1344.5999755859375,1347.4000244140625,14416
2026-02-17 04:45:00,1348.0999755859375,1348.199951171875,1346.4000244140625,1347.5999755859375,5413
2026-02-17 04:50:00,1347.699951171875,1349.5,1347.5,1347.5999755859375,10849
2026-02-17 04:55:00,1347.5999755859375,1352.5,1347.5999755859375,1352.0,15808
2026-02-17 05:00:00,1352.0,1353.0,1349.5,1349.800048828125,14419
2026-02-17 05:05:00,1349.0999755859375,1351.4000244140625,1348.9000244140625,1350.4000244140625,9692
2026-02-17 05:10:00,1350.5,1351.4000244140625,1345.0,1345.0,12986
2026-02-17 05:15:00,1345.0999755859375,1345.800048828125,1344.0,1344.300048828125,11211
2026-02-17 05:20:00,1344.0999755859375,1345.199951171875,1343.800048828125,1344.9000244140625,7515
2026-02-17 05:25:00,1345.4000244140625,1345.4000244140625,1344.0,1344.4000244140625,9952
2026-02-17 05:30:00,1344.4000244140625,1345.199951171875,1343.0999755859375,1344.199951171875,7903
2026-02-17 05:35:00,1344.800048828125,1345.0,1342.5,1344.0999755859375,13418
2026-02-17 05:40:00,1344.0,1344.5,1343.4000244140625,1344.0999755859375,8166
2026-02-17 05:45:00,1344.5,1346.4000244140625,1343.5999755859375,1345.9000244140625,6072
2026-02-17 05:50:00,1345.9000244140625,1346.4000244140625,1345.0,1345.0,3633
2026-02-17 05:55:00,1344.4000244140625,1345.0,1343.300048828125,1344.5999755859375,3490
2026-02-17 06:00:00,1344.5999755859375,1346.0,1344.0999755859375,1345.800048828125,5758
2026-02-17 06:05:00,1346.0,1347.199951171875,1345.199951171875,1345.699951171875,5601
2026-02-17 06:10:00,1345.300048828125,1346.0,1343.5999755859375,1344.4000244140625,8944
2026-02-17 06:15:00,1344.0999755859375,1345.199951171875,1344.0999755859375,1345.0,2478
2026-02-17 06:20:00,1345.0,1345.5,1344.300048828125,1345.0,2357
2026-02-17 06:25:00,1345.0,1345.199951171875,1341.9000244140625,1342.0,10351
2026-02-17 06:30:00,1342.4000244140625,1342.5,1340.699951171875,1341.5999755859375,9914
2026-02-17 06:35:00,1342.0,1342.800048828125,1339.0,1339.300048828125,21005
2026-02-17 06:40:00,1339.800048828125,1340.0,1339.0,1339.199951171875,6793
2026-02-17 06:45:00,1339.0999755859375,1340.0,1338.0999755859375,1338.0999755859375,6357
2026-02-17 06:50:00,1338.0999755859375,1339.5999755859375,1337.800048828125,1338.9000244140625,9206
2026-02-17 06:55:00,1339.199951171875,1340.9000244140625,1339.0,1339.300048828125,10142
2026-02-17 07:00:00,1339.5999755859375,1341.0999755859375,1339.5,1340.0,7613
2026-02-17 07:05:00,1339.9000244140625,1340.0,1338.0,1338.9000244140625,5010
2026-02-17 07:10:00,1338.4000244140625,1339.5,1338.4000244140625,1339.5,2860
2026-02-17 07:15:00,1339.5,1340.0,1339.199951171875,1339.800048828125,2866
2026-02-17 07:20:00,1339.800048828125,1341.300048828125,1339.199951171875,1340.0,7244
2026-02-17 07:25:00,1340.0,1340.0,1337.699951171875,1338.4000244140625,9874
2026-02-17 07:30:00,1338.5,1339.199951171875,1337.0999755859375,1337.4000244140625,4041
2026-02-17 07:35:00,1337.4000244140625,1339.800048828125,1337.4000244140625,1339.800048828125,4200
2026-02-17 07:40:00,1340.0,1340.0,1338.0999755859375,1338.5999755859375,3561
2026-02-17 07:45:00,1338.5999755859375,1339.800048828125,1338.5999755859375,1339.699951171875,3644
2026-02-17 07:50:00,1339.5999755859375,1339.800048828125,1337.5,1337.699951171875,6906
2026-02-17 07:55:00,1337.699951171875,1338.5,1337.5,1337.5,5820
2026-02-17 08:00:00,1337.800048828125,1338.5,1337.4000244140625,1337.4000244140625,5093
2026-02-17 08:05:00,1337.5,1338.0,1337.0999755859375,1337.300048828125,5604
2026-02-17 08:10:00,1337.300048828125,1338.0,1337.0999755859375,1337.5,3773
2026-02-17 08:15:00,1337.5,1337.9000244140625,1333.4000244140625,1335.0,43668
2026-02-17 08:20:00,1334.9000244140625,1336.5,1334.5999755859375,1336.0,12056
2026-02-17 08:25:00,1335.699951171875,1336.699951171875,1335.4000244140625,1335.699951171875,5526
2026-02-17 08:30:00,1336.199951171875,1337.5,1336.0,1337.0,3191
2026-02-17 08:35:00,1337.5,1339.9000244140625,1337.5,1339.5,11331
2026-02-17 08:40:00,1338.800048828125,1339.300048828125,1336.0999755859375,1336.0999755859375,5855
2026-02-17 08:45:00,1336.0999755859375,1338.800048828125,1336.0999755859375,1337.4000244140625,3212
2026-02-17 08:50:00,1337.0,1338.0,1336.5999755859375,1337.699951171875,3297
2026-02-17 08:55:00,1337.699951171875,1337.699951171875,1335.699951171875,1335.9000244140625,6263
2026-02-17 09:00:00,1335.0,1336.5,1335.0,1336.0,4153
2026-02-17 09:05:00,1336.0,1338.199951171875,1335.0,1338.0,7647
2026-02-17 09:10:00,1337.699951171875,1339.5,1337.0,1338.5,15305
2026-02-17 09:15:00,1338.5,1338.9000244140625,1337.5,1338.300048828125,11172
2026-02-17 09:20:00,1338.699951171875,1340.0,1338.199951171875,1339.4000244140625,8640
2026-02-17 09:25:00,1339.4000244140625,1340.5999755859375,1338.0999755859375,1340.0,18634
2026-02-17 09:30:00,1339.800048828125,1341.199951171875,1338.300048828125,1338.300048828125,26201
2026-02-17 09:35:00,1338.4000244140625,1340.0,1337.5,1339.4000244140625,23768
2026-02-17 09:40:00,1340.0,1340.0,1338.699951171875,1338.699951171875,26136
2026-02-17 09:45:00,1338.9000244140625,1339.5,1338.0,1338.0,13582
2026-02-17 09:50:00,1338.5999755859375,1339.9000244140625,1338.199951171875,1339.9000244140625,13815
2026-02-17 09:55:00,1339.9000244140625,1339.9000244140625,1339.0,1339.5,21439
2026-02-18 03:45:00,1342.0,1350.9000244140625,1342.0,1350.5,0
2026-02-18 03:50:00,1350.0,1353.699951171875,1350.0,1353.699951171875,30798
2026-02-18 03:55:00,1353.4000244140625,1357.4000244140625,1353.4000244140625,1356.199951171875,33913
2026-02-18 04:00:00,1356.699951171875,1357.800048828125,1352.0,1352.4000244140625,36013
2026-02-18 04:05:00,1352.5999755859375,1352.5999755859375,1350.0,1350.699951171875,21185
2026-02-18 04:10:00,1350.800048828125,1351.0,1346.0,1348.0,30390
2026-02-18 04:15:00,1348.0,1348.4000244140625,1344.0,1344.9000244140625,31198
2026-02-18 04:20:00,1344.9000244140625,1344.9000244140625,1342.300048828125,1342.300048828125,20041
2026-02-18 04:25:00,1342.5,1342.5,1340.0999755859375,1340.5999755859375,20936
2026-02-18 04:30:00,1340.9000244140625,1342.199951171875,1339.800048828125,1340.9000244140625,22140
2026-02-18 04:35:00,1340.5,1340.5,1338.699951171875,1340.0,15964
2026-02-18 04:40:00,1340.0,1340.0,1335.199951171875,1336.800048828125,18905
2026-02-18 04:45:00,1336.699951171875,1338.800048828125,1336.0,1338.699951171875,18395
2026-02-18 04:50:00,1338.800048828125,1339.300048828125,1336.5999755859375,1337.0,9964
2026-02-18 04:55:00,1337.0999755859375,1337.4000244140625,1335.199951171875,1336.0,9498
2026-02-18 05:00:00,1336.0,1337.699951171875,1335.0999755859375,1336.800048828125,8029
2026-02-18 05:05:00,1336.800048828125,1338.800048828125,1336.5,1336.800048828125,15649
2026-02-18 05:10:00,1336.5999755859375,1337.4000244140625,1335.4000244140625,1336.800048828125,5504
2026-02-18 05:15:00,1336.199951171875,1337.0,1334.0,1336.300048828125,23647
2026-02-18 05:20:00,1336.0,1337.5,1335.0,1337.5,11293
2026-02-18 05:25:00,1337.5,1340.5999755859375,1337.5,1340.199951171875,18358
2026-02-18 05:30:00,1340.199951171875,1342.300048828125,1339.5,1341.800048828125,30774
2026-02-18 05:35:00,1341.300048828125,1341.4000244140625,1339.0999755859375,1340.4000244140625,9731
2026-02-18 05:40:00,1339.5999755859375,1340.5999755859375,1338.0999755859375,1339.0,14396
2026-02-18 05:45:00,1339.0,1339.199951171875,1338.0,1338.300048828125,11978
2026-02-18 05:50:00,1338.0,1338.9000244140625,1337.0,1338.800048828125,8913
2026-02-18 05:55:00,1338.800048828125,1340.800048828125,1338.0,1340.4000244140625,7528
2026-02-18 06:00:00,1340.300048828125,1340.699951171875,1338.0999755859375,1340.5999755859375,7307
2026-02-18 06:05:00,1340.699951171875,1341.4000244140625,1340.4000244140625,1340.699951171875,17572
2026-02-18 06:10:00,1340.4000244140625,1341.0,1338.699951171875,1340.300048828125,9095
2026-02-18 06:15:00,1340.5,1342.699951171875,1340.300048828125,1342.5999755859375,27740
2026-02-18 06:20:00,1342.5,1342.9000244140625,1338.0,1340.0,11496
2026-02-18 06:25:00,1339.800048828125,1346.4000244140625,1339.800048828125,1346.0,63131
2026-02-18 06:30:00,1347.0,1347.0,1344.0,1344.4000244140625,33259
2026-02-18 06:35:00,1344.4000244140625,1345.199951171875,1343.5999755859375,1344.199951171875,13308
2026-02-18 06:40:00,1344.300048828125,1344.9000244140625,1342.300048828125,1343.4000244140625,8554
2026-02-18 06:45:00,1343.699951171875,1344.0,1342.800048828125,1343.300048828125,6312
2026-02-18 06:50:00,1343.4000244140625,1345.9000244140625,1342.5,1345.5999755859375,13835
2026-02-18 06:55:00,1345.0999755859375,1345.0999755859375,1342.0999755859375,1343.0,8211
2026-02-18 07:00:00,1343.5,1345.0,1342.9000244140625,1345.0,7429
2026-02-18 07:05:00,1345.9000244140625,1347.4000244140625,1344.800048828125,1346.800048828125,18502
2026-02-18 07:10:00,1346.300048828125,1347.0,1345.4000244140625,1345.699951171875,8605
2026-02-18 07:15:00,1345.800048828125,1346.800048828125,1344.0999755859375,1344.0999755859375,17072
2026-02-18 07:20:00,1344.0999755859375,1345.5999755859375,1343.5,1345.199951171875,6444
2026-02-18 07:25:00,1345.300048828125,1346.0999755859375,1344.699951171875,1345.0,7205
2026-02-18 07:30:00,1345.5,1346.199951171875,1343.4000244140625,1344.0,9884
2026-02-18 07:35:00,1344.300048828125,1344.9000244140625,1343.5,1343.800048828125,6736
2026-02-18 07:40:00,1343.5999755859375,1345.4000244140625,1342.199951171875,1344.300048828125,16060
2026-02-18 07:45:00,1344.5999755859375,1345.9000244140625,1344.300048828125,1345.4000244140625,7690
2026-02-18 07:50:00,1346.0,1346.0,1343.699951171875,1345.4000244140625,14079
2026-02-18 07:55:00,1345.0999755859375,1345.0999755859375,1343.199951171875,1344.199951171875,8804
2026-02-18 08:00:00,1344.5,1344.5999755859375,1343.5,1344.5999755859375,5788
2026-02-18 08:05:00,1344.5,1346.0,1344.5,1345.0,13058
2026-02-18 08:10:00,1345.300048828125,1347.0,1345.199951171875,1346.5,10286
2026-02-18 08:15:00,1346.800048828125,1348.0,1345.5,1347.5999755859375,17508
2026-02-18 08:20:00,1347.4000244140625,1348.9000244140625,1345.0,1345.5,10362
2026-02-18 08:25:00,1345.0,1349.0,1345.0,1347.0,19688
2026-02-18 08:30:00,1347.300048828125,1349.5,1346.300048828125,1349.0999755859375,17447
2026-02-18 08:35:00,1348.699951171875,1351.199951171875,1348.5999755859375,1350.0999755859375,25704
2026-02-18 08:40:00,1350.5999755859375,1351.0,1348.800048828125,1350.0,14372
2026-02-18 08:45:00,1350.300048828125,1350.9000244140625,1349.5999755859375,1350.199951171875,10474
2026-02-18 08:50:00,1350.0999755859375,1350.199951171875,1348.0,1349.199951171875,17503
2026-02-18 08:55:00,1349.4000244140625,1350.300048828125,1348.300048828125,1348.300048828125,9632
2026-02-18 09:00:00,1348.800048828125,1349.5,1347.5999755859375,1348.0,10781
2026-02-18 09:05:00,1347.5999755859375,1349.4000244140625,1347.5999755859375,1347.800048828125,6703
2026-02-18 09:10:00,1347.699951171875,1349.0999755859375,1347.0,1348.5,15190
2026-02-18 09:15:00,1348.4000244140625,1350.9000244140625,1347.800048828125,1350.9000244140625,16086
2026-02-18 09:20:00,1350.5999755859375,1352.800048828125,1350.0,1351.699951171875,32337
2026-02-18 09:25:00,1351.699951171875,1354.5,1351.5999755859375,1353.699951171875,26309
2026-02-18 09:30:00,1354.800048828125,1356.4000244140625,1354.0,1354.0,57229
2026-02-18 09:35:00,1354.199951171875,1356.0,1354.199951171875,1356.0,23274
2026-02-18 09:40:00,1356.0,1357.9000244140625,1355.5999755859375,1356.300048828125,32953
2026-02-18 09:45:00,1356.300048828125,1356.9000244140625,1355.699951171875,1356.0,35537
2026-02-18 09:50:00,1356.0,1356.199951171875,1354.9000244140625,1355.300048828125,38861
2026-02-18 09:55:00,1355.0999755859375,1356.4000244140625,1355.0,1356.4000244140625,23453
2026-02-19 03:45:00,1356.0,1364.0,1356.0,1358.5999755859375,0
2026-02-19 03:50:00,1359.4000244140625,1362.5,1357.0,1357.5,34409
2026-02-19 03:55:00,1357.4000244140625,1358.300048828125,1353.0,1355.5,23927
2026-02-19 04:00:00,1356.5,1356.5,1350.5,1350.9000244140625,20448
2026-02-19 04:05:00,1350.5999755859375,1350.5999755859375,1347.300048828125,1347.5,43792
2026-02-19 04:10:00,1347.4000244140625,1349.300048828125,1345.699951171875,1346.0,16902
2026-02-19 04:15:00,1345.699951171875,1351.0999755859375,1345.5999755859375,1348.800048828125,22131
2026-02-19 04:20:00,1349.199951171875,1349.5,1347.5,1348.300048828125,11823
2026-02-19 04:25:00,1348.300048828125,1348.699951171875,1347.0,1347.0,8855
2026-02-19 04:30:00,1347.0,1348.9000244140625,1345.199951171875,1346.5,15710
2026-02-19 04:35:00,1347.0999755859375,1347.4000244140625,1344.0999755859375,1345.9000244140625,21272
2026-02-19 04:40:00,1345.800048828125,1345.800048828125,1343.0,1343.199951171875,12194
2026-02-19 04:45:00,1343.4000244140625,1345.9000244140625,1342.300048828125,1344.5,15231
2026-02-19 04:50:00,1344.0,1344.5999755859375,1343.0999755859375,1344.300048828125,9766
2026-02-19 04:55:00,1344.300048828125,1344.300048828125,1343.0,1343.5999755859375,12523
2026-02-19 05:00:00,1343.5,1344.0,1341.5,1341.5999755859375,12221
2026-02-19 05:05:00,1341.5999755859375,1342.9000244140625,1339.0,1339.4000244140625,22130
2026-02-19 05:10:00,1339.4000244140625,1342.199951171875,1339.4000244140625,1341.800048828125,8405
2026-02-19 05:15:00,1341.800048828125,1341.800048828125,1338.699951171875,1339.4000244140625,10906
2026-02-19 05:20:00,1339.0,1340.800048828125,1338.800048828125,1339.5,8774
2026-02-19 05:25:00,1339.199951171875,1339.800048828125,1338.300048828125,1339.0999755859375,9860
2026-02-19 05:30:00,1339.0999755859375,1339.0999755859375,1338.0999755859375,1339.0,7573
2026-02-19 05:35:00,1338.5999755859375,1340.9000244140625,1338.5,1339.300048828125,13964
2026-02-19 05:40:00,1339.699951171875,1339.9000244140625,1338.5999755859375,1338.699951171875,3698
2026-02-19 05:45:00,1338.300048828125,1338.5999755859375,1335.0,1335.4000244140625,23104
2026-02-19 05:50:00,1335.300048828125,1336.800048828125,1334.0,1334.4000244140625,19119
2026-02-19 05:55:00,1334.4000244140625,1336.699951171875,1334.4000244140625,1335.9000244140625,6808
2026-02-19 06:00:00,1335.4000244140625,1339.4000244140625,1335.4000244140625,1338.0,14611
2026-02-19 06:05:00,1338.0999755859375,1338.4000244140625,1335.699951171875,1335.800048828125,10106
2026-02-19 06:10:00,1335.699951171875,1336.9000244140625,1334.199951171875,1334.5,8925
2026-02-19 06:15:00,1334.9000244140625,1334.9000244140625,1333.0999755859375,1334.0999755859375,6517
2026-02-19 06:20:00,1334.300048828125,1335.4000244140625,1333.800048828125,1334.5,7264
2026-02-19 06:25:00,1334.5,1335.199951171875,1333.0,1333.800048828125,11845
2026-02-19 06:30:00,1333.0999755859375,1333.800048828125,1331.0999755859375,1331.300048828125,20503
2026-02-19 06:35:00,1331.699951171875,1332.0999755859375,1330.0,1330.0,18283
2026-02-19 06:40:00,1330.300048828125,1330.9000244140625,1329.0,1329.0999755859375,24173
2026-02-19 06:45:00,1329.199951171875,1331.0,1328.0999755859375,1331.0,13341
2026-02-19 06:50:00,1331.0,1333.5999755859375,1330.9000244140625,1332.800048828125,13915
2026-02-19 06:55:00,1332.5999755859375,1334.199951171875,1332.0,1333.9000244140625,18150
2026-02-19 07:00:00,1334.0999755859375,1334.199951171875,1332.0,1332.9000244140625,7201
2026-02-19 07:05:00,1332.9000244140625,1333.699951171875,1331.0,1331.0,5612
2026-02-19 07:10:00,1330.699951171875,1331.5,1330.0,1331.199951171875,7753
2026-02-19 07:15:00,1331.0999755859375,1331.4000244140625,1330.0,1331.4000244140625,5964
2026-02-19 07:20:00,1331.4000244140625,1334.699951171875,1331.4000244140625,1333.699951171875,9148
2026-02-19 07:25:00,1333.9000244140625,1334.699951171875,1333.0,1334.199951171875,5167
2026-02-19 07:30:00,1334.199951171875,1334.4000244140625,1333.199951171875,1334.0999755859375,2567
2026-02-19 07:35:00,1334.5,1335.699951171875,1334.0,1335.699951171875,9353
2026-02-19 07:40:00,1335.699951171875,1336.0,1333.9000244140625,1335.699951171875,5911
2026-02-19 07:45:00,1335.699951171875,1335.699951171875,1333.699951171875,1335.300048828125,2703
2026-02-19 07:50:00,1335.0999755859375,1336.800048828125,1334.5,1336.300048828125,7285
2026-02-19 07:55:00,1336.0,1336.300048828125,1333.699951171875,1335.5,10854
2026-02-19 08:00:00,1335.5,1335.5,1332.199951171875,1334.0,8483
2026-02-19 08:05:00,1333.4000244140625,1333.699951171875,1332.0,1333.0999755859375,6218
2026-02-19 08:10:00,1332.5,1333.5999755859375,1332.4000244140625,1332.9000244140625,4298
2026-02-19 08:15:00,1332.800048828125,1333.0,1331.0999755859375,1332.199951171875,7005
2026-02-19 08:20:00,1332.0,1332.199951171875,1330.0,1331.5,11071
2026-02-19 08:25:00,1331.4000244140625,1331.9000244140625,1330.0999755859375,1330.300048828125,2964
2026-02-19 08:30:00,1330.0,1331.5999755859375,1329.300048828125,1331.0999755859375,25592
2026-02-19 08:35:00,1330.800048828125,1331.300048828125,1329.699951171875,1331.0999755859375,6287
2026-02-19 08:40:00,1331.0999755859375,1331.9000244140625,1330.199951171875,1331.9000244140625,5944
2026-02-19 08:45:00,1331.9000244140625,1332.9000244140625,1331.0,1331.5999755859375,8353
2026-02-19 08:50:00,1331.800048828125,1332.699951171875,1330.300048828125,1331.4000244140625,5800
2026-02-19 08:55:00,1330.9000244140625,1330.9000244140625,1329.5,1330.0,17761
2026-02-19 09:00:00,1330.199951171875,1330.800048828125,1329.5,1330.0,11678
2026-02-19 09:05:00,1330.300048828125,1330.9000244140625,1327.5999755859375,1330.5,22382
2026-02-19 09:10:00,1330.0,1331.0,1325.0,1327.199951171875,33610
2026-02-19 09:15:00,1327.199951171875,1328.9000244140625,1326.0,1328.800048828125,34335
2026-02-19 09:20:00,1328.0999755859375,1330.199951171875,1327.300048828125,1330.0,22473
2026-02-19 09:25:00,1329.300048828125,1331.300048828125,1328.5999755859375,1330.5,14153
2026-02-19 09:30:00,1329.0999755859375,1329.0999755859375,1324.5,1326.0,35413
2026-02-19 09:35:00,1326.0,1326.800048828125,1322.300048828125,1324.5999755859375,24602
2026-02-19 09:40:00,1324.5999755859375,1325.0999755859375,1321.699951171875,1321.699951171875,29555
2026-02-19 09:45:00,1321.5999755859375,1322.0999755859375,1318.300048828125,1318.300048828125,58232
2026-02-19 09:50:00,1317.9000244140625,1317.9000244140625,1313.699951171875,1316.199951171875,48189
2026-02-19 09:55:00,1316.199951171875,1319.5,1314.699951171875,1319.0,50348
2026-02-20 03:45:00,1321.5,1329.300048828125,1319.800048828125,1324.0,0
2026-02-20 03:50:00,1325.5,1329.0,1324.199951171875,1325.9000244140625,32534
2026-02-20 03:55:00,1323.4000244140625,1324.0,1319.4000244140625,1319.4000244140625,36744
2026-02-20 04:00:00,1319.0999755859375,1326.0,1318.4000244140625,1324.9000244140625,35943
2026-02-20 04:05:00,1324.800048828125,1326.0,1322.4000244140625,1324.0,26609
2026-02-20 04:10:00,1324.5,1326.300048828125,1323.0,1326.0,15698
2026-02-20 04:15:00,1325.300048828125,1326.800048828125,1324.0,1324.800048828125,10411
2026-02-20 04:20:00,1325.300048828125,1326.199951171875,1322.5999755859375,1323.199951171875,17905
2026-02-20 04:25:00,1323.5,1325.199951171875,1322.0999755859375,1325.0,12936
2026-02-20 04:30:00,1325.0999755859375,1325.199951171875,1320.0,1321.0999755859375,18709
2026-02-20 04:35:00,1321.300048828125,1322.4000244140625,1318.0,1318.5,30630
2026-02-20 04:40:00,1319.300048828125,1322.0,1318.9000244140625,1320.4000244140625,31194
2026-02-20 04:45:00,1320.800048828125,1323.9000244140625,1320.800048828125,1322.199951171875,11475
2026-02-20 04:50:00,1322.5999755859375,1323.199951171875,1320.5999755859375,1322.9000244140625,6152
2026-02-20 04:55:00,1322.300048828125,1323.9000244140625,1320.5999755859375,1322.9000244140625,12843
2026-02-20 05:00:00,1323.0999755859375,1324.5,1323.0999755859375,1323.5999755859375,20745
2026-02-20 05:05:00,1324.199951171875,1326.0,1324.0,1324.0,12126
2026-02-20 05:10:00,1324.0,1326.0,1323.5,1325.199951171875,8115
2026-02-20 05:15:00,1325.5,1326.0,1324.0,1324.800048828125,15565
2026-02-20 05:20:00,1324.5999755859375,1326.9000244140625,1324.5,1326.0,15889
2026-02-20 05:25:00,1326.699951171875,1328.0,1325.699951171875,1326.699951171875,12195
2026-02-20 05:30:00,1326.9000244140625,1330.699951171875,1326.9000244140625,1329.5,20698
2026-02-20 05:35:00,1328.5999755859375,1329.5999755859375,1326.0,1326.699951171875,7017
2026-02-20 05:40:00,1326.0,1327.300048828125,1325.0,1325.0,8604
2026-02-20 05:45:00,1324.800048828125,1326.5999755859375,1324.300048828125,1326.4000244140625,12715
2026-02-20 05:50:00,1326.9000244140625,1327.800048828125,1325.300048828125,1327.199951171875,5862
2026-02-20 05:55:00,1327.0,1328.4000244140625,1325.9000244140625,1326.9000244140625,6734
2026-02-20 06:00:00,1327.300048828125,1328.699951171875,1326.300048828125,1327.0,7942
2026-02-20 06:05:00,1327.0,1327.5,1326.0999755859375,1327.199951171875,4978
2026-02-20 06:10:00,1327.4000244140625,1327.5,1326.0999755859375,1326.300048828125,4918
2026-02-20 06:15:00,1326.0999755859375,1327.0999755859375,1325.0,1325.5999755859375,5176
2026-02-20 06:20:00,1325.5999755859375,1325.699951171875,1324.0999755859375,1324.9000244140625,5235
2026-02-20 06:25:00,1324.9000244140625,1327.0999755859375,1324.800048828125,1326.0999755859375,5233
2026-02-20 06:30:00,1326.0999755859375,1326.0999755859375,1323.0999755859375,1325.0999755859375,6909
2026-02-20 06:35:00,1325.0,1328.4000244140625,1324.699951171875,1326.800048828125,8693
2026-02-20 06:40:00,1326.5999755859375,1327.5,1326.0999755859375,1326.9000244140625,5333
2026-02-20 06:45:00,1327.0,1328.800048828125,1326.300048828125,1327.9000244140625,7314
2026-02-20 06:50:00,1327.800048828125,1330.800048828125,1327.800048828125,1330.199951171875,17201
2026-02-20 06:55:00,1330.199951171875,1331.199951171875,1329.0,1330.4000244140625,18479
2026-02-20 07:00:00,1330.5,1330.9000244140625,1327.199951171875,1327.5,5656
2026-02-20 07:05:00,1327.300048828125,1328.5,1326.4000244140625,1327.5999755859375,6899
2026-02-20 07:10:00,1327.5999755859375,1328.800048828125,1327.0999755859375,1327.5999755859375,7607
2026-02-20 07:15:00,1327.800048828125,1329.199951171875,1327.4000244140625,1327.4000244140625,4412
2026-02-20 07:20:00,1327.9000244140625,1329.0999755859375,1327.4000244140625,1328.9000244140625,11662
2026-02-20 07:25:00,1329.0,1329.0,1324.800048828125,1325.9000244140625,8623
2026-02-20 07:30:00,1326.699951171875,1326.699951171875,1324.0999755859375,1324.0999755859375,5888
2026-02-20 07:35:00,1324.5,1325.699951171875,1324.0,1324.699951171875,6087
2026-02-20 07:40:00,1324.4000244140625,1326.5,1323.5,1325.5999755859375,9846
2026-02-20 07:45:00,1325.4000244140625,1326.0999755859375,1323.5999755859375,1324.5,5480
2026-02-20 07:50:00,1325.0999755859375,1325.199951171875,1323.5999755859375,1324.699951171875,5653
2026-02-20 07:55:00,1324.300048828125,1327.0999755859375,1323.699951171875,1325.699951171875,7010
2026-02-20 08:00:00,1326.300048828125,1329.0,1325.800048828125,1328.5,7046
2026-02-20 08:05:00,1328.5,1330.4000244140625,1327.0999755859375,1328.0999755859375,9498
2026-02-20 08:10:00,1327.9000244140625,1329.5,1327.9000244140625,1328.4000244140625,14607
2026-02-20 08:15:00,1328.4000244140625,1329.0999755859375,1327.699951171875,1328.5,4566
2026-02-20 08:20:00,1328.800048828125,1329.300048828125,1327.4000244140625,1327.4000244140625,5658
2026-02-20 08:25:00,1327.199951171875,1329.5999755859375,1327.199951171875,1329.0,3708
2026-02-20 08:30:00,1329.0,1329.9000244140625,1328.5999755859375,1328.5999755859375,4598
2026-02-20 08:35:00,1328.0,1329.5,1327.300048828125,1328.699951171875,6361
2026-02-20 08:40:00,1329.300048828125,1329.300048828125,1327.0999755859375,1327.0999755859375,7291
2026-02-20 08:45:00,1327.5,1327.9000244140625,1325.0999755859375,1326.5,7773
2026-02-20 08:50:00,1326.0,1326.300048828125,1324.199951171875,1324.699951171875,7997
2026-02-20 08:55:00,1324.699951171875,1325.300048828125,1323.5999755859375,1324.0999755859375,8755
2026-02-20 09:00:00,1323.5,1324.5999755859375,1322.300048828125,1322.699951171875,11141
2026-02-20 09:05:00,1323.199951171875,1323.9000244140625,1321.0,1322.199951171875,13884
2026-02-20 09:10:00,1322.199951171875,1323.5999755859375,1321.9000244140625,1323.5999755859375,16733
2026-02-20 09:15:00,1323.5999755859375,1325.800048828125,1323.4000244140625,1325.300048828125,13296
2026-02-20 09:20:00,1325.4000244140625,1325.4000244140625,1320.5,1322.9000244140625,23742
2026-02-20 09:25:00,1321.5,1325.0,1321.5,1324.199951171875,15530
2026-02-20 09:30:00,1324.0999755859375,1324.699951171875,1321.4000244140625,1321.4000244140625,18281
2026-02-20 09:35:00,1321.0999755859375,1321.5,1320.0,1320.800048828125,34825
2026-02-20 09:40:00,1320.699951171875,1320.699951171875,1320.0,1320.4000244140625,21438
2026-02-20 09:45:00,1320.0,1320.4000244140625,1319.300048828125,1320.0,33489
2026-02-20 09:50:00,1320.300048828125,1321.0,1319.800048828125,1321.0,21574
2026-02-20 09:55:00,1320.5,1321.0,1320.0,1320.5,39041
2026-02-23 03:45:00,1331.0,1333.0,1325.9000244140625,1328.699951171875,0
2026-02-23 03:50:00,1328.800048828125,1333.0,1328.0,1332.9000244140625,33737
2026-02-23 03:55:00,1332.0999755859375,1338.800048828125,1332.0999755859375,1337.800048828125,43714
2026-02-23 04:00:00,1338.0,1338.5999755859375,1333.5999755859375,1335.0999755859375,22469
2026-02-23 04:05:00,1334.5,1335.9000244140625,1330.5,1330.5,19620
2026-02-23 04:10:00,1330.199951171875,1332.9000244140625,1329.0,1329.4000244140625,17172
2026-02-23 04:15:00,1329.9000244140625,1330.199951171875,1328.0999755859375,1329.300048828125,19592
2026-02-23 04:20:00,1329.300048828125,1331.5999755859375,1327.9000244140625,1328.9000244140625,33947
2026-02-23 04:25:00,1329.5,1331.0,1328.0999755859375,1328.699951171875,8109
2026-02-23 04:30:00,1328.199951171875,1329.199951171875,1326.9000244140625,1328.9000244140625,14808
2026-02-23 04:35:00,1328.800048828125,1329.0999755859375,1326.5999755859375,1327.0,8291
2026-02-23 04:40:00,1327.0999755859375,1327.0999755859375,1325.0999755859375,1325.199951171875,16359
2026-02-23 04:45:00,1326.0,1327.0,1324.800048828125,1325.4000244140625,14227
2026-02-23 04:50:00,1325.300048828125,1326.5999755859375,1324.5999755859375,1325.300048828125,6879
2026-02-23 04:55:00,1326.0,1327.5,1323.199951171875,1326.4000244140625,10675
2026-02-23 05:00:00,1326.5999755859375,1326.699951171875,1324.0,1325.300048828125,9694
2026-02-23 05:05:00,1325.5999755859375,1325.5999755859375,1323.5,1324.5,9063
2026-02-23 05:10:00,1324.5,1324.5,1322.0,1323.4000244140625,10536
2026-02-23 05:15:00,1323.5999755859375,1324.0999755859375,1320.0999755859375,1321.199951171875,16496
2026-02-23 05:20:00,1321.800048828125,1324.699951171875,1321.5999755859375,1323.4000244140625,10258
2026-02-23 05:25:00,1322.9000244140625,1325.5,1322.199951171875,1324.199951171875,11490
2026-02-23 05:30:00,1324.199951171875,1327.0,1324.199951171875,1325.0,7373
2026-02-23 05:35:00,1325.0,1327.199951171875,1324.5,1327.199951171875,9968
2026-02-23 05:40:00,1326.5999755859375,1331.5,1326.5999755859375,1331.199951171875,17903
2026-02-23 05:45:00,1331.300048828125,1331.5999755859375,1328.4000244140625,1330.0999755859375,14672
2026-02-23 05:50:00,1330.800048828125,1331.0,1329.699951171875,1330.800048828125,16323
2026-02-23 05:55:00,1331.0,1331.300048828125,1329.5999755859375,1330.5,5000
2026-02-23 06:00:00,1330.0,1330.5,1327.199951171875,1328.0,6769
2026-02-23 06:05:00,1327.5,1329.4000244140625,1327.5,1329.0,2858
2026-02-23 06:10:00,1329.5999755859375,1332.5,1329.0999755859375,1331.9000244140625,14849
2026-02-23 06:15:00,1331.5,1332.199951171875,1331.0,1331.199951171875,7974
2026-02-23 06:20:00,1331.0999755859375,1333.0,1329.0,1332.9000244140625,15678
2026-02-23 06:25:00,1332.199951171875,1333.5,1331.199951171875,1332.4000244140625,8517
2026-02-23 06:30:00,1333.5,1335.9000244140625,1332.4000244140625,1334.5,17546
2026-02-23 06:35:00,1334.800048828125,1336.0999755859375,1333.300048828125,1333.5,11992
2026-02-23 06:40:00,1333.699951171875,1335.0999755859375,1333.0,1334.0999755859375,8054
2026-02-23 06:45:00,1334.0999755859375,1336.699951171875,1334.0,1334.0,14590
2026-02-23 06:50:00,1334.0,1334.5,1332.199951171875,1334.300048828125,5410
2026-02-23 06:55:00,1333.699951171875,1335.300048828125,1333.699951171875,1334.4000244140625,2649
2026-02-23 07:00:00,1335.0,1335.699951171875,1333.800048828125,1334.0999755859375,8461
2026-02-23 07:05:00,1334.4000244140625,1334.699951171875,1333.300048828125,1334.0,5240
2026-02-23 07:10:00,1334.0999755859375,1335.199951171875,1333.800048828125,1334.300048828125,6731
2026-02-23 07:15:00,1335.0,1335.0999755859375,1333.300048828125,1333.300048828125,2452
2026-02-23 07:20:00,1334.0,1334.4000244140625,1331.300048828125,1333.0999755859375,4984
2026-02-23 07:25:00,1332.800048828125,1335.5,1332.5999755859375,1335.0999755859375,5514
2026-02-23 07:30:00,1335.0,1335.5999755859375,1334.0,1335.0999755859375,7678
2026-02-23 07:35:00,1335.199951171875,1335.9000244140625,1334.699951171875,1335.4000244140625,7035
2026-02-23 07:40:00,1335.0,1336.300048828125,1331.300048828125,1332.5,15473
2026-02-23 07:45:00,1332.199951171875,1333.300048828125,1331.0999755859375,1332.800048828125,8964
2026-02-23 07:50:00,1333.0,1333.0,1331.0999755859375,1332.0,1857
2026-02-23 07:55:00,1332.0,1334.699951171875,1331.5999755859375,1334.199951171875,9874
2026-02-23 08:00:00,1334.5,1334.699951171875,1331.800048828125,1331.800048828125,3884
2026-02-23 08:05:00,1331.5999755859375,1333.0999755859375,1331.5999755859375,1332.4000244140625,3868
2026-02-23 08:10:00,1332.4000244140625,1332.5999755859375,1331.9000244140625,1332.0999755859375,2833
2026-02-23 08:15:00,1332.0999755859375,1332.800048828125,1332.0,1332.699951171875,3202
2026-02-23 08:20:00,1332.300048828125,1332.9000244140625,1331.199951171875,1331.5999755859375,2393
2026-02-23 08:25:00,1331.9000244140625,1331.9000244140625,1330.199951171875,1331.0,4283
2026-02-23 08:30:00,1331.0,1331.0999755859375,1329.199951171875,1330.199951171875,9075
2026-02-23 08:35:00,1330.0,1330.9000244140625,1328.800048828125,1330.0,8509
2026-02-23 08:40:00,1330.199951171875,1330.199951171875,1328.4000244140625,1329.0999755859375,3782
2026-02-23 08:45:00,1329.4000244140625,1329.5,1327.0,1328.300048828125,5856
2026-02-23 08:50:00,1328.0999755859375,1328.199951171875,1327.0,1327.4000244140625,6842
2026-02-23 08:55:00,1327.4000244140625,1329.0,1327.0,1327.800048828125,9841
2026-02-23 09:00:00,1328.0,1331.300048828125,1327.9000244140625,1330.0,7655
2026-02-23 09:05:00,1329.300048828125,1330.0999755859375,1326.9000244140625,1326.9000244140625,9721
2026-02-23 09:10:00,1326.9000244140625,1327.5999755859375,1325.4000244140625,1325.800048828125,8332
2026-02-23 09:15:00,1325.800048828125,1328.4000244140625,1325.199951171875,1327.699951171875,7647
2026-02-23 09:20:00,1327.5999755859375,1329.9000244140625,1327.0999755859375,1329.9000244140625,26363
2026-02-23 09:25:00,1329.4000244140625,1333.5,1329.4000244140625,1332.0999755859375,13541
2026-02-23 09:30:00,1333.800048828125,1334.0,1332.699951171875,1333.4000244140625,11557
2026-02-23 09:35:00,1333.5999755859375,1334.5,1332.5,1332.9000244140625,7513
2026-02-23 09:40:00,1332.800048828125,1334.5999755859375,1332.199951171875,1334.0999755859375,13610
2026-02-23 09:45:00,1334.699951171875,1334.699951171875,1333.4000244140625,1334.300048828125,16673
2026-02-23 09:50:00,1334.199951171875,1334.300048828125,1333.4000244140625,1333.9000244140625,16836
2026-02-23 09:55:00,1334.199951171875,1336.9000244140625,1334.199951171875,1335.5,33163
2026-02-24 03:45:00,1324.5999755859375,1333.699951171875,1324.5999755859375,1330.300048828125,0
2026-02-24 03:50:00,1329.5,1331.800048828125,1329.0999755859375,1330.0,19323
2026-02-24 03:55:00,1330.5999755859375,1330.5999755859375,1326.5,1326.5999755859375,24038
2026-02-24 04:00:00,1326.699951171875,1327.0,1324.5,1324.9000244140625,29084
2026-02-24 04:05:00,1324.5,1330.5,1324.5,1329.4000244140625,42379
2026-02-24 04:10:00,1329.4000244140625,1331.9000244140625,1324.0,1331.199951171875,60855
2026-02-24 04:15:00,1331.5,1336.4000244140625,1331.0,1336.0,52595
2026-02-24 04:20:00,1337.199951171875,1341.0,1336.800048828125,1341.0,48611
2026-02-24 04:25:00,1339.0,1339.300048828125,1336.9000244140625,1338.4000244140625,14488
2026-02-24 04:30:00,1338.4000244140625,1340.4000244140625,1336.800048828125,1337.199951171875,18025
2026-02-24 04:35:00,1336.800048828125,1338.0,1335.0999755859375,1335.0999755859375,16936
2026-02-24 04:40:00,1335.699951171875,1335.9000244140625,1333.800048828125,1334.800048828125,13417
2026-02-24 04:45:00,1334.800048828125,1334.800048828125,1332.0,1334.0999755859375,7887
2026-02-24 04:50:00,1333.9000244140625,1335.300048828125,1333.5,1333.800048828125,6089
2026-02-24 04:55:00,1333.0,1335.0,1333.0,1335.0,3146
2026-02-24 05:00:00,1334.9000244140625,1335.800048828125,1333.0,1333.0,5984
2026-02-24 05:05:00,1332.5999755859375,1334.699951171875,1332.5999755859375,1334.199951171875,3766
2026-02-24 05:10:00,1334.699951171875,1335.9000244140625,1333.5999755859375,1334.4000244140625,10509
2026-02-24 05:15:00,1334.4000244140625,1334.4000244140625,1332.199951171875,1333.4000244140625,7335
2026-02-24 05:20:00,1333.199951171875,1335.0,1332.5,1333.5,12115
2026-02-24 05:25:00,1333.4000244140625,1334.5,1333.0,1333.5999755859375,13033
2026-02-24 05:30:00,1333.5999755859375,1335.4000244140625,1333.300048828125,1335.4000244140625,6981
2026-02-24 05:35:00,1335.4000244140625,1335.5999755859375,1334.5,1334.699951171875,4649
2026-02-24 05:40:00,1334.5,1336.0,1334.300048828125,1334.4000244140625,6066
2026-02-24 05:45:00,1335.0,1335.0,1332.5999755859375,1332.5999755859375,6473
2026-02-24 05:50:00,1332.5,1333.4000244140625,1331.699951171875,1332.800048828125,10356
2026-02-24 05:55:00,1332.9000244140625,1333.5999755859375,1332.199951171875,1332.699951171875,4195
2026-02-24 06:00:00,1332.699951171875,1335.199951171875,1332.699951171875,1334.699951171875,7866
2026-02-24 06:05:00,1334.9000244140625,1334.9000244140625,1333.0,1333.199951171875,3815
2026-02-24 06:10:00,1333.0,1334.5,1332.5,1332.800048828125,4376
2026-02-24 06:15:00,1332.800048828125,1333.0,1331.4000244140625,1333.0,6069
2026-02-24 06:20:00,1333.0,1333.0,1331.800048828125,1332.199951171875,3860
2026-02-24 06:25:00,1332.199951171875,1332.5,1331.5999755859375,1332.300048828125,5967
2026-02-24 06:30:00,1332.300048828125,1332.800048828125,1331.800048828125,1332.300048828125,8166
2026-02-24 06:35:00,1332.300048828125,1333.800048828125,1331.699951171875,1331.699951171875,14692
2026-02-24 06:40:00,1331.699951171875,1332.199951171875,1331.0,1331.4000244140625,7955
2026-02-24 06:45:00,1331.199951171875,1331.699951171875,1330.0999755859375,1330.4000244140625,39930
2026-02-24 06:50:00,1330.0,1330.4000244140625,1328.0999755859375,1328.0999755859375,17104
2026-02-24 06:55:00,1328.300048828125,1329.9000244140625,1328.0999755859375,1328.0999755859375,6999
2026-02-24 07:00:00,1327.9000244140625,1328.0,1325.5999755859375,1326.699951171875,17866
2026-02-24 07:05:00,1326.800048828125,1328.5,1326.0999755859375,1327.300048828125,3765
2026-02-24 07:10:00,1327.4000244140625,1328.0,1326.199951171875,1326.199951171875,28867
2026-02-24 07:15:00,1326.199951171875,1328.199951171875,1324.5,1324.5,36373
2026-02-24 07:20:00,1324.300048828125,1327.0999755859375,1324.0999755859375,1326.4000244140625,22429
2026-02-24 07:25:00,1326.5,1326.9000244140625,1325.0,1326.300048828125,11000
2026-02-24 07:30:00,1326.199951171875,1326.699951171875,1324.699951171875,1326.300048828125,37372
2026-02-24 07:35:00,1326.699951171875,1326.9000244140625,1325.0,1326.800048828125,8960
2026-02-24 07:40:00,1326.9000244140625,1328.199951171875,1326.5,1327.9000244140625,19104
2026-02-24 07:45:00,1328.300048828125,1328.4000244140625,1325.9000244140625,1326.5,9859
2026-02-24 07:50:00,1326.800048828125,1327.0,1324.4000244140625,1325.300048828125,10248
2026-02-24 07:55:00,1325.300048828125,1326.5,1325.0,1325.0999755859375,16746
2026-02-24 08:00:00,1325.4000244140625,1326.199951171875,1324.800048828125,1326.0,44242
2026-02-24 08:05:00,1325.300048828125,1325.5999755859375,1321.5999755859375,1325.300048828125,45505
2026-02-24 08:10:00,1325.300048828125,1325.300048828125,1321.5,1322.300048828125,10835
2026-02-24 08:15:00,1321.800048828125,1322.5999755859375,1321.0,1321.4000244140625,6595
2026-02-24 08:20:00,1321.199951171875,1321.4000244140625,1319.0,1319.0,20426
2026-02-24 08:25:00,1319.4000244140625,1321.0,1318.5,1320.5999755859375,39385
2026-02-24 08:30:00,1320.5,1321.5999755859375,1319.699951171875,1320.0,6895
2026-02-24 08:35:00,1320.0,1321.4000244140625,1318.4000244140625,1321.4000244140625,5861
2026-02-24 08:40:00,1321.4000244140625,1324.0,1320.0,1324.0,10963
2026-02-24 08:45:00,1323.9000244140625,1325.0,1323.0,1324.300048828125,17316
2026-02-24 08:50:00,1324.800048828125,1325.0999755859375,1321.4000244140625,1321.5,12722
2026-02-24 08:55:00,1321.800048828125,1323.4000244140625,1321.0999755859375,1322.5999755859375,5072
2026-02-24 09:00:00,1323.0,1323.0,1319.0,1319.699951171875,14029
2026-02-24 09:05:00,1319.199951171875,1320.9000244140625,1319.0999755859375,1320.5,4415
2026-02-24 09:10:00,1320.9000244140625,1321.800048828125,1320.4000244140625,1320.800048828125,5462
2026-02-24 09:15:00,1320.300048828125,1322.199951171875,1319.5999755859375,1322.199951171875,13271
2026-02-24 09:20:00,1322.199951171875,1324.5,1320.0,1321.699951171875,25800
2026-02-24 09:25:00,1321.699951171875,1323.800048828125,1321.4000244140625,1323.699951171875,6585
2026-02-24 09:30:00,1323.800048828125,1323.800048828125,1320.0,1321.0,13764
2026-02-24 09:35:00,1321.0,1322.4000244140625,1320.0,1322.199951171875,22835
2026-02-24 09:40:00,1321.9000244140625,1323.0999755859375,1321.199951171875,1323.0,20394
2026-02-24 09:45:00,1323.0,1325.699951171875,1321.0999755859375,1325.699951171875,38740
2026-02-24 09:50:00,1324.800048828125,1328.300048828125,1324.199951171875,1328.300048828125,29781
2026-02-24 09:55:00,1328.199951171875,1332.800048828125,1327.699951171875,1328.9000244140625,43103
2026-02-25 03:45:00,1329.5,1338.699951171875,1329.5,1336.800048828125,0
2026-02-25 03:50:00,1338.0,1338.0,1335.199951171875,1335.800048828125,18294
2026-02-25 03:55:00,1336.5,1337.4000244140625,1332.199951171875,1332.199951171875,23652
2026-02-25 04:00:00,1331.9000244140625,1333.5,1330.5,1333.4000244140625,25372
2026-02-25 04:05:00,1333.699951171875,1334.5,1331.9000244140625,1333.0,17960
2026-02-25 04:10:00,1332.300048828125,1334.0,1329.0999755859375,1329.699951171875,16009
2026-02-25 04:15:00,1329.5999755859375,1333.199951171875,1329.5999755859375,1331.5,11626
2026-02-25 04:20:00,1331.5999755859375,1332.5999755859375,1329.699951171875,1330.0,14160
2026-02-25 04:25:00,1330.300048828125,1332.5999755859375,1330.199951171875,1332.0,6414
2026-02-25 04:30:00,1331.9000244140625,1332.9000244140625,1331.0999755859375,1332.300048828125,7514
2026-02-25 04:35:00,1332.300048828125,1332.4000244140625,1331.300048828125,1332.4000244140625,9864
2026-02-25 04:40:00,1332.300048828125,1333.199951171875,1329.5999755859375,1330.5,13338
2026-02-25 04:45:00,1330.300048828125,1334.0,1330.0,1330.699951171875,10489
2026-02-25 04:50:00,1330.4000244140625,1331.9000244140625,1330.0,1330.5999755859375,6205
2026-02-25 04:55:00,1330.699951171875,1332.0,1330.0,1330.699951171875,8535
2026-02-25 05:00:00,1330.9000244140625,1332.9000244140625,1330.300048828125,1331.0,9662
2026-02-25 05:05:00,1330.5999755859375,1331.5999755859375,1329.699951171875,1330.9000244140625,13372
2026-02-25 05:10:00,1331.0,1332.0,1330.199951171875,1330.5999755859375,8348
2026-02-25 05:15:00,1330.300048828125,1330.5999755859375,1327.5999755859375,1328.699951171875,13104
2026-02-25 05:20:00,1328.699951171875,1330.0,1328.300048828125,1329.0,7149
2026-02-25 05:25:00,1329.199951171875,1330.4000244140625,1328.5,1329.0999755859375,6301
2026-02-25 05:30:00,1329.199951171875,1333.0,1329.0,1331.5999755859375,12211
2026-02-25 05:35:00,1331.5999755859375,1334.199951171875,1331.0999755859375,1333.0,14357
2026-02-25 05:40:00,1332.9000244140625,1334.699951171875,1331.5999755859375,1332.4000244140625,9685
2026-02-25 05:45:00,1332.800048828125,1333.4000244140625,1331.5,1331.5,6171
2026-02-25 05:50:00,1332.0,1332.9000244140625,1331.300048828125,1332.9000244140625,4671
2026-02-25 05:55:00,1333.0999755859375,1333.300048828125,1331.800048828125,1332.300048828125,6861
2026-02-25 06:00:00,1332.199951171875,1334.9000244140625,1332.0,1333.9000244140625,7890
2026-02-25 06:05:00,1333.5999755859375,1334.5999755859375,1333.4000244140625,1333.800048828125,6744
2026-02-25 06:10:00,1333.5,1333.5,1331.5999755859375,1332.0999755859375,10111
2026-02-25 06:15:00,1331.0,1334.199951171875,1331.0,1332.699951171875,15046
2026-02-25 06:20:00,1332.5,1335.5999755859375,1332.4000244140625,1334.5,31863
2026-02-25 06:25:00,1334.0999755859375,1335.800048828125,1332.699951171875,1335.5999755859375,13246
2026-02-25 06:30:00,1335.699951171875,1335.699951171875,1333.0,1334.9000244140625,10077
2026-02-25 06:35:00,1334.300048828125,1334.5,1332.300048828125,1333.5999755859375,6201
2026-02-25 06:40:00,1334.5999755859375,1336.4000244140625,1334.0,1334.800048828125,15238
2026-02-25 06:45:00,1334.699951171875,1336.0,1334.699951171875,1335.0,8683
2026-02-25 06:50:00,1335.0,1336.800048828125,1334.699951171875,1336.699951171875,10741
2026-02-25 06:55:00,1336.300048828125,1336.9000244140625,1335.4000244140625,1336.5,11812
2026-02-25 07:00:00,1336.4000244140625,1338.0,1331.0,1331.4000244140625,19264
2026-02-25 07:05:00,1331.0,1331.0,1327.300048828125,1329.0,15708
2026-02-25 07:10:00,1329.0,1329.5999755859375,1327.0,1327.0999755859375,9508
2026-02-25 07:15:00,1327.0999755859375,1327.0999755859375,1322.0999755859375,1322.0999755859375,20271
2026-02-25 07:20:00,1322.0999755859375,1325.5,1321.5,1324.0999755859375,14812
2026-02-25 07:25:00,1324.199951171875,1326.199951171875,1322.9000244140625,1323.699951171875,6667
2026-02-25 07:30:00,1323.4000244140625,1323.4000244140625,1320.300048828125,1321.9000244140625,17619
2026-02-25 07:35:00,1322.0999755859375,1323.0,1321.0,1322.9000244140625,4912
2026-02-25 07:40:00,1322.199951171875,1324.199951171875,1321.5,1323.4000244140625,10324
2026-02-25 07:45:00,1323.0,1325.199951171875,1322.0,1325.199951171875,14163
2026-02-25 07:50:00,1325.199951171875,1328.199951171875,1325.0,1325.199951171875,16412
2026-02-25 07:55:00,1325.5999755859375,1326.300048828125,1323.300048828125,1325.5,6252
2026-02-25 08:00:00,1325.199951171875,1328.4000244140625,1325.199951171875,1327.5,6804
2026-02-25 08:05:00,1327.0,1327.4000244140625,1325.5999755859375,1326.199951171875,5331
2026-02-25 08:10:00,1326.699951171875,1327.0,1325.5999755859375,1326.5,4436
2026-02-25 08:15:00,1326.5,1327.0,1325.5,1326.5999755859375,5936
2026-02-25 08:20:00,1326.5999755859375,1327.9000244140625,1326.0,1327.5999755859375,11536
2026-02-25 08:25:00,1327.0999755859375,1327.800048828125,1326.300048828125,1327.699951171875,3598
2026-02-25 08:30:00,1327.199951171875,1327.4000244140625,1324.4000244140625,1324.9000244140625,6946
2026-02-25 08:35:00,1325.300048828125,1325.9000244140625,1323.5,1324.4000244140625,14602
2026-02-25 08:40:00,1324.5,1325.9000244140625,1324.0,1324.800048828125,4164
2026-02-25 08:45:00,1325.0,1327.5,1324.300048828125,1327.199951171875,5047
2026-02-25 08:50:00,1326.800048828125,1327.9000244140625,1325.199951171875,1325.699951171875,5330
2026-02-25 08:55:00,1325.699951171875,1326.699951171875,1323.4000244140625,1323.4000244140625,3917
2026-02-25 09:00:00,1323.800048828125,1325.0,1323.199951171875,1323.5,5817
2026-02-25 09:05:00,1324.0,1325.4000244140625,1322.0999755859375,1322.5999755859375,8173
2026-02-25 09:10:00,1322.5,1323.199951171875,1319.699951171875,1322.0,15424
2026-02-25 09:15:00,1321.5,1322.0,1320.0,1320.800048828125,10674
2026-02-25 09:20:00,1320.5999755859375,1322.300048828125,1319.699951171875,1322.300048828125,7493
2026-02-25 09:25:00,1323.5,1325.800048828125,1322.5999755859375,1325.5999755859375,10760
2026-02-25 09:30:00,1326.5999755859375,1328.0,1325.0999755859375,1325.199951171875,19058
2026-02-25 09:35:00,1325.800048828125,1326.699951171875,1324.199951171875,1326.5,5889
2026-02-25 09:40:00,1326.9000244140625,1326.9000244140625,1324.9000244140625,1325.699951171875,8759
2026-02-25 09:45:00,1325.800048828125,1327.699951171875,1325.800048828125,1327.0,20488
2026-02-25 09:50:00,1326.5999755859375,1327.0999755859375,1326.300048828125,1327.0,12316
2026-02-25 09:55:00,1327.300048828125,1329.9000244140625,1325.4000244140625,1326.800048828125,28869
2026-02-26 03:45:00,1322.199951171875,1322.199951171875,1303.0999755859375,1309.300048828125,0
2026-02-26 03:50:00,1308.699951171875,1309.5,1301.199951171875,1301.199951171875,104346
2026-02-26 03:55:00,1300.699951171875,1305.199951171875,1298.0999755859375,1304.5999755859375,133776
2026-02-26 04:00:00,1304.0,1307.0,1300.300048828125,1307.0,73056
2026-02-26 04:05:00,1306.9000244140625,1310.800048828125,1306.9000244140625,1307.9000244140625,66004
2026-02-26 04:10:00,1308.0999755859375,1310.0,1307.300048828125,1308.9000244140625,59729
2026-02-26 04:15:00,1308.9000244140625,1314.5,1308.0,1312.800048828125,78352
2026-02-26 04:20:00,1312.300048828125,1313.9000244140625,1309.800048828125,1309.800048828125,51433
2026-02-26 04:25:00,1310.5,1310.5,1305.0,1306.0,61947
2026-02-26 04:30:00,1306.4000244140625,1306.5999755859375,1299.199951171875,1301.0999755859375,109573
2026-02-26 04:35:00,1301.199951171875,1304.5999755859375,1299.199951171875,1302.4000244140625,71626
2026-02-26 04:40:00,1302.4000244140625,1310.0,1300.9000244140625,1308.4000244140625,91596
2026-02-26 04:45:00,1308.300048828125,1308.5,1303.300048828125,1304.5999755859375,29439
2026-02-26 04:50:00,1304.5999755859375,1306.699951171875,1303.0,1305.5,40664
2026-02-26 04:55:00,1305.5,1307.9000244140625,1303.5,1304.199951171875,23755
2026-02-26 05:00:00,1304.199951171875,1305.5,1296.800048828125,1296.800048828125,150119
2026-02-26 05:05:00,1296.300048828125,1298.800048828125,1296.0,1297.9000244140625,49194
2026-02-26 05:10:00,1297.800048828125,1299.5,1296.699951171875,1298.800048828125,28014
2026-02-26 05:15:00,1298.9000244140625,1299.699951171875,1297.5,1299.0999755859375,24574
2026-02-26 05:20:00,1299.9000244140625,1302.4000244140625,1297.800048828125,1299.0,35190
2026-02-26 05:25:00,1299.0,1299.699951171875,1295.199951171875,1297.4000244140625,47577
2026-02-26 05:30:00,1297.4000244140625,1297.699951171875,1295.800048828125,1296.199951171875,34918
2026-02-26 05:35:00,1296.0,1297.0,1296.0,1297.0,21387
2026-02-26 05:40:00,1297.0,1297.699951171875,1296.0,1296.5,20219
2026-02-26 05:45:00,1296.4000244140625,1298.199951171875,1293.5999755859375,1297.5,57441
2026-02-26 05:50:00,1297.5,1298.5999755859375,1296.5,1297.0,17476
2026-02-26 05:55:00,1296.5999755859375,1298.5,1296.5,1298.4000244140625,18222
2026-02-26 06:00:00,1298.4000244140625,1298.4000244140625,1295.300048828125,1296.199951171875,21928
2026-02-26 06:05:00,1296.4000244140625,1297.0,1294.0999755859375,1295.0,27958
2026-02-26 06:10:00,1295.0,1295.0,1290.300048828125,1291.0999755859375,53474
2026-02-26 06:15:00,1291.0,1292.0,1287.0,1292.0,111797
2026-02-26 06:20:00,1291.5,1293.5,1290.0999755859375,1291.199951171875,28820
2026-02-26 06:25:00,1291.199951171875,1291.9000244140625,1288.9000244140625,1288.9000244140625,24929
2026-02-26 06:30:00,1288.9000244140625,1290.0,1287.5999755859375,1289.4000244140625,34015
2026-02-26 06:35:00,1288.9000244140625,1289.4000244140625,1288.199951171875,1288.800048828125,20387
2026-02-26 06:40:00,1288.300048828125,1288.699951171875,1287.0,1287.0,42144
2026-02-26 06:45:00,1287.5999755859375,1288.800048828125,1286.4000244140625,1288.0,24452
2026-02-26 06:50:00,1288.0,1288.5,1285.4000244140625,1288.0,37949
2026-02-26 06:55:00,1288.0,1289.0,1285.0,1285.0999755859375,29631
2026-02-26 07:00:00,1285.0999755859375,1287.800048828125,1285.0,1286.800048828125,21877
2026-02-26 07:05:00,1287.0999755859375,1288.9000244140625,1285.199951171875,1288.5,31661
2026-02-26 07:10:00,1288.5,1291.9000244140625,1288.4000244140625,1291.699951171875,35397
2026-02-26 07:15:00,1291.699951171875,1291.699951171875,1289.0,1290.0,28981
2026-02-26 07:20:00,1290.0,1291.699951171875,1289.0999755859375,1290.199951171875,33908
2026-02-26 07:25:00,1289.199951171875,1289.9000244140625,1286.199951171875,1287.0,23301
2026-02-26 07:30:00,1287.0,1288.4000244140625,1286.5,1288.4000244140625,16890
2026-02-26 07:35:00,1288.300048828125,1288.800048828125,1286.4000244140625,1287.0,19015
2026-02-26 07:40:00,1287.800048828125,1288.0,1286.0999755859375,1286.0999755859375,17001
2026-02-26 07:45:00,1286.4000244140625,1286.800048828125,1284.0999755859375,1286.300048828125,68449
2026-02-26 07:50:00,1286.300048828125,1287.5999755859375,1286.0999755859375,1286.9000244140625,14899
2026-02-26 07:55:00,1287.199951171875,1291.699951171875,1286.699951171875,1290.0,45470
2026-02-26 08:00:00,1290.0,1290.300048828125,1288.0,1289.800048828125,15139
2026-02-26 08:05:00,1289.800048828125,1292.699951171875,1289.5,1292.0,21263
2026-02-26 08:10:00,1292.0,1293.9000244140625,1291.5999755859375,1292.5,22360
2026-02-26 08:15:00,1292.0999755859375,1292.800048828125,1290.0,1290.300048828125,11861
2026-02-26 08:20:00,1290.300048828125,1291.800048828125,1289.0999755859375,1291.5,20065
2026-02-26 08:25:00,1291.5,1291.5999755859375,1287.5999755859375,1289.0999755859375,20607
2026-02-26 08:30:00,1289.0999755859375,1289.300048828125,1287.5999755859375,1287.9000244140625,8238
2026-02-26 08:35:00,1287.9000244140625,1289.300048828125,1287.0,1288.4000244140625,14454
2026-02-26 08:40:00,1288.5,1289.5,1288.199951171875,1288.4000244140625,10253
2026-02-26 08:45:00,1289.0,1289.4000244140625,1288.0,1288.4000244140625,15330
2026-02-26 08:50:00,1288.4000244140625,1289.800048828125,1288.0999755859375,1288.699951171875,9351
2026-02-26 08:55:00,1288.300048828125,1289.0,1287.800048828125,1288.0999755859375,22533
2026-02-26 09:00:00,1288.0,1290.9000244140625,1287.699951171875,1290.699951171875,18993
2026-02-26 09:05:00,1290.800048828125,1291.5999755859375,1290.0,1291.0,16767
2026-02-26 09:10:00,1291.199951171875,1295.5999755859375,1291.0,1295.300048828125,58808
2026-02-26 09:15:00,1295.0,1295.5,1293.9000244140625,1295.0999755859375,41912
2026-02-26 09:20:00,1295.300048828125,1296.5,1292.0,1292.699951171875,36655
2026-02-26 09:25:00,1293.0,1296.4000244140625,1292.699951171875,1295.5,41814
2026-02-26 09:30:00,1295.800048828125,1297.4000244140625,1294.199951171875,1294.199951171875,67933
2026-02-26 09:35:00,1294.5999755859375,1298.0999755859375,1294.5999755859375,1298.0,42922
2026-02-26 09:40:00,1298.300048828125,1299.800048828125,1295.0999755859375,1296.800048828125,95278
2026-02-26 09:45:00,1296.5999755859375,1298.800048828125,1294.4000244140625,1294.4000244140625,91014
2026-02-26 09:50:00,1295.0999755859375,1296.0,1294.5999755859375,1295.9000244140625,43733
2026-02-26 09:55:00,1295.0999755859375,1296.0,1290.699951171875,1291.0,63520
2026-02-27 03:45:00,1291.0,1292.300048828125,1288.5,1290.5999755859375,0
2026-02-27 03:50:00,1291.4000244140625,1299.0,1291.0,1297.300048828125,44401
2026-02-27 03:55:00,1296.699951171875,1298.5999755859375,1290.5999755859375,1291.0,35846
2026-02-27 04:00:00,1291.0,1293.0,1289.4000244140625,1289.4000244140625,31445
2026-02-27 04:05:00,1289.0,1290.0999755859375,1286.300048828125,1287.9000244140625,40764
2026-02-27 04:10:00,1288.300048828125,1288.300048828125,1285.5999755859375,1286.199951171875,21192
2026-02-27 04:15:00,1286.0,1286.0,1283.5,1283.5,24527
2026-02-27 04:20:00,1284.199951171875,1284.800048828125,1282.0999755859375,1283.5,16691
2026-02-27 04:25:00,1283.699951171875,1285.800048828125,1283.0,1283.9000244140625,25715
2026-02-27 04:30:00,1283.699951171875,1283.699951171875,1280.0,1280.699951171875,30738
2026-02-27 04:35:00,1280.699951171875,1282.4000244140625,1279.5999755859375,1280.699951171875,32685
2026-02-27 04:40:00,1280.699951171875,1281.199951171875,1279.5,1279.5,24037
2026-02-27 04:45:00,1279.4000244140625,1279.4000244140625,1277.300048828125,1278.5999755859375,24431
2026-02-27 04:50:00,1278.9000244140625,1281.5,1278.0,1280.800048828125,32465
2026-02-27 04:55:00,1281.4000244140625,1282.4000244140625,1278.5999755859375,1278.800048828125,29945
2026-02-27 05:00:00,1278.800048828125,1279.5999755859375,1276.0999755859375,1277.4000244140625,44771
2026-02-27 05:05:00,1276.800048828125,1280.5999755859375,1276.5,1276.5999755859375,24640
2026-02-27 05:10:00,1276.5999755859375,1277.0999755859375,1272.0,1273.0,58628
2026-02-27 05:15:00,1273.699951171875,1274.4000244140625,1270.0999755859375,1274.4000244140625,34007
2026-02-27 05:20:00,1274.4000244140625,1276.0,1271.5999755859375,1275.199951171875,37307
2026-02-27 05:25:00,1275.699951171875,1276.0,1274.5,1274.5,13251
2026-02-27 05:30:00,1275.0,1278.5,1274.300048828125,1278.5,22067
2026-02-27 05:35:00,1278.5,1280.0,1277.0,1278.0,60088
2026-02-27 05:40:00,1277.800048828125,1278.0,1275.5999755859375,1278.0,10581
2026-02-27 05:45:00,1278.0,1279.0999755859375,1274.0,1274.0,14788
2026-02-27 05:50:00,1274.0,1275.0,1273.0,1273.5,8365
2026-02-27 05:55:00,1273.5,1274.699951171875,1272.5,1274.699951171875,10702
2026-02-27 06:00:00,1273.9000244140625,1274.4000244140625,1271.0999755859375,1271.300048828125,16653
2026-02-27 06:05:00,1271.5,1272.699951171875,1270.5,1272.0,12628
2026-02-27 06:10:00,1272.0,1273.4000244140625,1271.5,1272.5,11681
2026-02-27 06:15:00,1272.4000244140625,1274.4000244140625,1271.5,1273.5999755859375,9868
2026-02-27 06:20:00,1273.5999755859375,1275.800048828125,1272.5,1274.5,9134
2026-02-27 06:25:00,1274.4000244140625,1275.199951171875,1273.5999755859375,1274.800048828125,5394
2026-02-27 06:30:00,1274.800048828125,1275.199951171875,1272.5999755859375,1273.0,8664
2026-02-27 06:35:00,1273.0,1274.0,1272.5,1273.300048828125,5845
2026-02-27 06:40:00,1273.0,1274.0999755859375,1271.9000244140625,1272.0,14415
2026-02-27 06:45:00,1272.0,1272.0,1270.0999755859375,1271.0,19378
2026-02-27 06:50:00,1271.0,1272.0,1270.5,1271.0999755859375,22967
2026-02-27 06:55:00,1271.199951171875,1273.5999755859375,1271.0999755859375,1272.5,6939
2026-02-27 07:00:00,1272.0999755859375,1272.699951171875,1271.199951171875,1271.4000244140625,12732
2026-02-27 07:05:00,1271.5999755859375,1272.0,1270.5999755859375,1270.800048828125,9302
2026-02-27 07:10:00,1270.5,1271.0,1269.800048828125,1270.699951171875,60491
2026-02-27 07:15:00,1270.800048828125,1272.800048828125,1268.4000244140625,1270.0999755859375,20546
2026-02-27 07:20:00,1270.0999755859375,1270.800048828125,1269.4000244140625,1270.5,8275
2026-02-27 07:25:00,1270.5,1272.5,1270.0,1271.300048828125,11827
2026-02-27 07:30:00,1271.300048828125,1273.9000244140625,1271.300048828125,1272.300048828125,11994
2026-02-27 07:35:00,1272.300048828125,1274.0,1272.0,1273.9000244140625,8301
2026-02-27 07:40:00,1273.5,1273.9000244140625,1272.0,1272.5,9105
2026-02-27 07:45:00,1272.4000244140625,1273.0999755859375,1270.699951171875,1271.0,10488
2026-02-27 07:50:00,1270.9000244140625,1271.9000244140625,1270.300048828125,1271.800048828125,10890
2026-02-27 07:55:00,1271.9000244140625,1273.4000244140625,1271.800048828125,1273.300048828125,7889
2026-02-27 08:00:00,1273.300048828125,1273.5,1272.0999755859375,1272.699951171875,4868
2026-02-27 08:05:00,1272.800048828125,1274.9000244140625,1272.300048828125,1274.4000244140625,36797
2026-02-27 08:10:00,1274.4000244140625,1275.300048828125,1273.699951171875,1274.300048828125,24325
2026-02-27 08:15:00,1274.300048828125,1276.0,1274.0999755859375,1276.0,8042
2026-02-27 08:20:00,1275.9000244140625,1276.199951171875,1273.800048828125,1274.0,12296
2026-02-27 08:25:00,1274.0,1277.699951171875,1273.9000244140625,1277.699951171875,10726
2026-02-27 08:30:00,1277.4000244140625,1278.4000244140625,1276.0,1276.9000244140625,18597
2026-02-27 08:35:00,1276.9000244140625,1277.300048828125,1276.0999755859375,1276.9000244140625,9970
2026-02-27 08:40:00,1277.0,1278.0,1276.0999755859375,1277.0,6236
2026-02-27 08:45:00,1277.0,1277.5,1276.199951171875,1277.0,7231
2026-02-27 08:50:00,1277.0,1277.4000244140625,1275.5999755859375,1275.5999755859375,5233
2026-02-27 08:55:00,1275.9000244140625,1276.0,1274.0999755859375,1274.699951171875,7024
2026-02-27 09:00:00,1274.800048828125,1275.0,1274.5,1275.0,6974
2026-02-27 09:05:00,1275.0,1276.199951171875,1274.9000244140625,1275.5999755859375,4996
2026-02-27 09:10:00,1275.5999755859375,1275.9000244140625,1273.4000244140625,1274.699951171875,13169
2026-02-27 09:15:00,1274.5,1276.0,1274.0,1276.0,9492
2026-02-27 09:20:00,1275.800048828125,1278.5999755859375,1275.800048828125,1278.5999755859375,20817
2026-02-27 09:25:00,1278.5999755859375,1282.0,1277.800048828125,1280.699951171875,34386
2026-02-27 09:30:00,1279.9000244140625,1280.0,1270.199951171875,1272.0,44421
2026-02-27 09:35:00,1273.5,1273.5,1269.800048828125,1271.300048828125,59927
2026-02-27 09:40:00,1271.800048828125,1274.0999755859375,1270.300048828125,1271.199951171875,36029
2026-02-27 09:45:00,1271.699951171875,1272.5,1270.4000244140625,1271.5,60443
2026-02-27 09:50:00,1272.0999755859375,1275.300048828125,1271.9000244140625,1272.699951171875,55113
2026-02-27 09:55:00,1272.699951171875,1273.0999755859375,1270.0,1271.0,43737
2026-03-02 03:45:00,1220.0,1247.4000244140625,1220.0,1230.9000244140625,0
2026-03-02 03:50:00,1230.9000244140625,1245.0,1230.9000244140625,1238.300048828125,158450
2026-03-02 03:55:00,1238.300048828125,1242.300048828125,1234.5,1239.800048828125,134183
2026-03-02 04:00:00,1240.0,1244.0,1238.199951171875,1241.0,81767
2026-03-02 04:05:00,1240.9000244140625,1243.0999755859375,1238.0,1239.5999755859375,79919
2026-03-02 04:10:00,1239.5999755859375,1244.5999755859375,1239.5,1242.9000244140625,47663
2026-03-02 04:15:00,1242.699951171875,1249.800048828125,1242.4000244140625,1246.5,84794
2026-03-02 04:20:00,1245.800048828125,1247.4000244140625,1243.0999755859375,1244.0,42735
2026-03-02 04:25:00,1244.0999755859375,1249.0,1244.0999755859375,1249.0,36180
2026-03-02 04:30:00,1248.5,1251.0999755859375,1245.0999755859375,1245.199951171875,81333
2026-03-02 04:35:00,1245.9000244140625,1246.699951171875,1241.9000244140625,1244.300048828125,66936
2026-03-02 04:40:00,1244.800048828125,1248.199951171875,1244.5,1246.199951171875,29642
2026-03-02 04:45:00,1246.800048828125,1247.800048828125,1243.800048828125,1244.4000244140625,28461
2026-03-02 04:50:00,1244.300048828125,1246.300048828125,1244.199951171875,1245.800048828125,23224
2026-03-02 04:55:00,1246.0999755859375,1246.0999755859375,1242.699951171875,1243.0,20856
2026-03-02 05:00:00,1242.9000244140625,1246.5,1242.0999755859375,1244.5,32522
2026-03-02 05:05:00,1244.0999755859375,1245.699951171875,1242.800048828125,1243.800048828125,14959
2026-03-02 05:10:00,1243.300048828125,1247.0,1243.300048828125,1244.300048828125,30419
2026-03-02 05:15:00,1243.800048828125,1245.0,1243.0,1243.5,21984
2026-03-02 05:20:00,1243.0,1246.0999755859375,1242.800048828125,1243.800048828125,24569
2026-03-02 05:25:00,1243.800048828125,1246.0,1242.5999755859375,1245.300048828125,18806
2026-03-02 05:30:00,1245.300048828125,1252.800048828125,1244.300048828125,1248.0,63083
2026-03-02 05:35:00,1248.0,1250.0999755859375,1246.699951171875,1247.199951171875,20391
2026-03-02 05:40:00,1247.0,1247.199951171875,1244.699951171875,1244.699951171875,16330
2026-03-02 05:45:00,1244.800048828125,1245.4000244140625,1241.5999755859375,1242.0,45508
2026-03-02 05:50:00,1240.0,1242.4000244140625,1237.800048828125,1237.800048828125,49562
2026-03-02 05:55:00,1237.800048828125,1237.800048828125,1231.5,1231.5,41754
2026-03-02 06:00:00,1231.5,1232.300048828125,1228.199951171875,1229.0,38548
2026-03-02 06:05:00,1229.0,1231.300048828125,1228.800048828125,1230.699951171875,27271
2026-03-02 06:10:00,1230.5,1230.9000244140625,1228.800048828125,1229.0,19303
2026-03-02 06:15:00,1228.699951171875,1230.300048828125,1227.199951171875,1227.4000244140625,23359
2026-03-02 06:20:00,1227.4000244140625,1228.300048828125,1226.0,1226.9000244140625,29438
2026-03-02 06:25:00,1226.9000244140625,1226.9000244140625,1224.199951171875,1224.199951171875,32458
2026-03-02 06:30:00,1224.0,1224.0,1222.199951171875,1223.0,28846
2026-03-02 06:35:00,1222.5999755859375,1224.199951171875,1221.0,1223.5999755859375,26291
2026-03-02 06:40:00,1223.5999755859375,1224.199951171875,1222.0,1222.0,18099
2026-03-02 06:45:00,1222.300048828125,1222.4000244140625,1220.800048828125,1221.5999755859375,18517
2026-03-02 06:50:00,1221.5,1222.0,1220.300048828125,1220.800048828125,19643
2026-03-02 06:55:00,1220.800048828125,1221.699951171875,1220.0,1221.199951171875,20544
2026-03-02 07:00:00,1221.199951171875,1222.4000244140625,1220.699951171875,1222.4000244140625,14254
2026-03-02 07:05:00,1222.199951171875,1222.199951171875,1220.199951171875,1220.5999755859375,38397
2026-03-02 07:10:00,1220.800048828125,1221.699951171875,1219.4000244140625,1220.300048828125,19324
2026-03-02 07:15:00,1220.199951171875,1220.4000244140625,1217.5,1218.5,24534
2026-03-02 07:20:00,1218.300048828125,1220.9000244140625,1217.0999755859375,1220.4000244140625,25601
2026-03-02 07:25:00,1220.0,1220.4000244140625,1218.4000244140625,1219.300048828125,15413
2026-03-02 07:30:00,1219.300048828125,1220.300048828125,1217.699951171875,1219.0999755859375,16858
2026-03-02 07:35:00,1219.0999755859375,1219.5,1217.0999755859375,1217.4000244140625,18398
2026-03-02 07:40:00,1217.300048828125,1218.0,1217.0,1217.199951171875,26089
2026-03-02 07:45:00,1217.199951171875,1218.0,1215.9000244140625,1216.800048828125,23073
2026-03-02 07:50:00,1216.699951171875,1216.699951171875,1215.0,1215.9000244140625,15725
2026-03-02 07:55:00,1216.0,1216.0,1214.0999755859375,1214.300048828125,26761
2026-03-02 08:00:00,1215.0,1215.0,1212.5999755859375,1214.0,29513
2026-03-02 08:05:00,1213.800048828125,1214.4000244140625,1212.0,1212.199951171875,22415
2026-03-02 08:10:00,1212.4000244140625,1214.0,1211.0999755859375,1214.0,32467
2026-03-02 08:15:00,1214.0,1214.800048828125,1211.5,1211.5,18551
2026-03-02 08:20:00,1211.4000244140625,1211.9000244140625,1210.199951171875,1210.4000244140625,23339
2026-03-02 08:25:00,1210.300048828125,1210.4000244140625,1208.300048828125,1209.699951171875,62755
2026-03-02 08:30:00,1209.5,1221.0999755859375,1206.800048828125,1219.9000244140625,79507
2026-03-02 08:35:00,1220.0999755859375,1223.5,1219.0,1222.300048828125,48759
2026-03-02 08:40:00,1222.699951171875,1224.199951171875,1221.0,1223.300048828125,36992
2026-03-02 08:45:00,1223.199951171875,1225.4000244140625,1222.4000244140625,1223.0,31935
2026-03-02 08:50:00,1223.0,1226.0,1222.5999755859375,1225.5,28499
2026-03-02 08:55:00,1225.4000244140625,1225.4000244140625,1219.0,1219.699951171875,25121
2026-03-02 09:00:00,1220.0,1223.0,1216.699951171875,1223.0,35880
2026-03-02 09:05:00,1223.800048828125,1226.5999755859375,1223.800048828125,1225.0,34207
2026-03-02 09:10:00,1225.0,1226.199951171875,1223.5,1224.5999755859375,30698
2026-03-02 09:15:00,1224.5999755859375,1225.5,1221.4000244140625,1222.5,29671
2026-03-02 09:20:00,1221.9000244140625,1223.5,1220.199951171875,1222.9000244140625,25770
2026-03-02 09:25:00,1223.300048828125,1224.0,1221.0,1222.5999755859375,32625
2026-03-02 09:30:00,1221.800048828125,1226.199951171875,1221.800048828125,1225.4000244140625,46795
2026-03-02 09:35:00,1224.199951171875,1227.699951171875,1222.4000244140625,1224.9000244140625,29553
2026-03-02 09:40:00,1225.0,1227.5999755859375,1224.0,1227.5999755859375,32562
2026-03-02 09:45:00,1227.4000244140625,1232.199951171875,1227.0999755859375,1232.199951171875,67975
2026-03-02 09:50:00,1232.199951171875,1232.5999755859375,1229.699951171875,1231.199951171875,71369
2026-03-02 09:55:00,1231.4000244140625,1231.5999755859375,1228.300048828125,1228.300048828125,48166
2026-03-04 03:45:00,1203.5,1214.5,1203.0,1210.5,0
2026-03-04 03:50:00,1209.5999755859375,1213.199951171875,1201.5999755859375,1202.4000244140625,125078
2026-03-04 03:55:00,1202.4000244140625,1208.4000244140625,1202.0,1207.199951171875,71584
2026-03-04 04:00:00,1207.199951171875,1211.4000244140625,1207.199951171875,1208.300048828125,64737
2026-03-04 04:05:00,1207.800048828125,1211.4000244140625,1206.699951171875,1210.0,78844
2026-03-04 04:10:00,1209.5999755859375,1213.5,1205.9000244140625,1213.0,62611
2026-03-04 04:15:00,1213.199951171875,1214.300048828125,1207.800048828125,1208.800048828125,42738
2026-03-04 04:20:00,1208.800048828125,1209.9000244140625,1207.0,1207.5,53456
2026-03-04 04:25:00,1207.4000244140625,1207.800048828125,1205.300048828125,1206.0,29407
2026-03-04 04:30:00,1206.5,1209.199951171875,1204.5,1206.5,27260
2026-03-04 04:35:00,1207.0999755859375,1211.5,1206.0,1211.5,32091
2026-03-04 04:40:00,1211.800048828125,1211.800048828125,1208.5,1210.800048828125,20655
2026-03-04 04:45:00,1211.199951171875,1211.199951171875,1208.9000244140625,1209.300048828125,15346
2026-03-04 04:50:00,1210.199951171875,1211.0,1209.0,1209.9000244140625,17115
2026-03-04 04:55:00,1209.800048828125,1210.0,1207.199951171875,1207.800048828125,15913
2026-03-04 05:00:00,1207.800048828125,1208.5,1206.0,1206.4000244140625,19983
2026-03-04 05:05:00,1206.5999755859375,1206.699951171875,1202.0999755859375,1202.199951171875,30147
2026-03-04 05:10:00,1202.199951171875,1204.4000244140625,1200.300048828125,1201.199951171875,51820
2026-03-04 05:15:00,1200.800048828125,1204.0999755859375,1200.5999755859375,1203.199951171875,19014
2026-03-04 05:20:00,1203.199951171875,1203.199951171875,1200.0,1201.300048828125,71059
2026-03-04 05:25:00,1201.9000244140625,1201.9000244140625,1198.199951171875,1198.5,30032
2026-03-04 05:30:00,1199.0,1200.9000244140625,1197.0,1198.5999755859375,32225
2026-03-04 05:35:00,1198.800048828125,1202.0,1197.5,1201.0,30224
2026-03-04 05:40:00,1201.0,1203.0,1199.699951171875,1199.699951171875,31178
2026-03-04 05:45:00,1199.699951171875,1201.300048828125,1199.300048828125,1200.0,17261
2026-03-04 05:50:00,1200.0,1200.0,1197.0999755859375,1197.800048828125,21628
2026-03-04 05:55:00,1197.4000244140625,1197.800048828125,1195.5,1195.5,29618
2026-03-04 06:00:00,1196.0,1196.9000244140625,1195.199951171875,1196.0,20311
2026-03-04 06:05:00,1196.199951171875,1198.199951171875,1195.699951171875,1196.5,21009
2026-03-04 06:10:00,1196.300048828125,1196.300048828125,1191.800048828125,1192.0999755859375,53552
2026-03-04 06:15:00,1192.0999755859375,1193.0,1191.5,1192.4000244140625,25705
2026-03-04 06:20:00,1192.699951171875,1194.5999755859375,1191.0,1191.199951171875,22418
2026-03-04 06:25:00,1190.800048828125,1191.699951171875,1190.199951171875,1191.5999755859375,25339
2026-03-04 06:30:00,1191.9000244140625,1193.699951171875,1191.5999755859375,1193.0,15811
2026-03-04 06:35:00,1192.5999755859375,1192.699951171875,1190.5,1190.5999755859375,20102
2026-03-04 06:40:00,1190.5,1191.9000244140625,1190.0999755859375,1190.699951171875,15692
2026-03-04 06:45:00,1190.300048828125,1190.699951171875,1189.199951171875,1189.9000244140625,44403
2026-03-04 06:50:00,1189.5,1191.0,1188.800048828125,1190.199951171875,19944
2026-03-04 06:55:00,1190.699951171875,1191.699951171875,1188.199951171875,1189.0,20359
2026-03-04 07:00:00,1189.0,1192.800048828125,1188.300048828125,1192.5,33273
2026-03-04 07:05:00,1192.4000244140625,1195.699951171875,1192.0,1194.5999755859375,33053
2026-03-04 07:10:00,1194.800048828125,1195.0,1192.0999755859375,1194.800048828125,30233
2026-03-04 07:15:00,1194.4000244140625,1196.5,1194.0,1194.0,24138
2026-03-04 07:20:00,1194.699951171875,1203.199951171875,1194.0,1203.0,59471
2026-03-04 07:25:00,1203.0,1204.4000244140625,1201.199951171875,1202.699951171875,45332
2026-03-04 07:30:00,1202.5,1203.800048828125,1200.0,1200.300048828125,25520
2026-03-04 07:35:00,1200.4000244140625,1204.199951171875,1200.0,1203.9000244140625,24630
2026-03-04 07:40:00,1204.5,1204.9000244140625,1202.4000244140625,1204.0999755859375,30674
2026-03-04 07:45:00,1204.0999755859375,1204.5,1202.5999755859375,1203.0999755859375,19836
2026-03-04 07:50:00,1203.0999755859375,1208.300048828125,1201.4000244140625,1207.300048828125,43884
2026-03-04 07:55:00,1207.5,1209.9000244140625,1204.5,1204.699951171875,30399
2026-03-04 08:00:00,1205.0,1205.800048828125,1204.0,1204.0999755859375,15647
2026-03-04 08:05:00,1203.9000244140625,1204.800048828125,1202.0,1203.699951171875,21137
2026-03-04 08:10:00,1204.699951171875,1204.699951171875,1201.800048828125,1203.4000244140625,17086
2026-03-04 08:15:00,1203.9000244140625,1204.199951171875,1200.5,1201.300048828125,17936
2026-03-04 08:20:00,1201.0,1201.0999755859375,1200.0999755859375,1200.4000244140625,14357
2026-03-04 08:25:00,1200.0999755859375,1202.5,1200.0,1202.5,24075
2026-03-04 08:30:00,1202.199951171875,1203.5,1202.0999755859375,1202.199951171875,11063
2026-03-04 08:35:00,1202.699951171875,1206.0,1201.800048828125,1205.0999755859375,30491
2026-03-04 08:40:00,1205.4000244140625,1211.0,1204.5999755859375,1210.5999755859375,34045
2026-03-04 08:45:00,1211.5999755859375,1214.800048828125,1208.5999755859375,1213.4000244140625,41855
2026-03-04 08:50:00,1212.699951171875,1214.0,1211.199951171875,1211.9000244140625,27794
2026-03-04 08:55:00,1211.4000244140625,1212.4000244140625,1209.699951171875,1209.699951171875,26277
2026-03-04 09:00:00,1209.5,1211.199951171875,1206.4000244140625,1210.4000244140625,21576
2026-03-04 09:05:00,1210.0,1210.9000244140625,1208.5,1210.0,18783
2026-03-04 09:10:00,1210.9000244140625,1213.5999755859375,1209.9000244140625,1213.0999755859375,27327
2026-03-04 09:15:00,1212.699951171875,1213.0999755859375,1208.0999755859375,1212.5999755859375,25477
2026-03-04 09:20:00,1212.5,1217.699951171875,1211.0,1217.300048828125,50315
2026-03-04 09:25:00,1217.300048828125,1218.4000244140625,1214.5,1215.5,33054
2026-03-04 09:30:00,1216.0999755859375,1216.0999755859375,1208.0999755859375,1210.0999755859375,34282
2026-03-04 09:35:00,1210.0999755859375,1211.0,1207.5999755859375,1208.199951171875,22033
2026-03-04 09:40:00,1208.0999755859375,1208.800048828125,1207.0999755859375,1208.5,25719
2026-03-04 09:45:00,1209.0,1210.0,1208.5999755859375,1209.5,28221
2026-03-04 09:50:00,1209.0,1210.4000244140625,1207.800048828125,1210.199951171875,30466
2026-03-04 09:55:00,1210.199951171875,1211.199951171875,1208.5999755859375,1209.5,38832
2026-03-05 03:45:00,1228.5,1230.699951171875,1222.0999755859375,1225.0999755859375,0
2026-03-05 03:50:00,1224.0,1226.0999755859375,1222.699951171875,1225.0999755859375,40127
2026-03-05 03:55:00,1225.699951171875,1225.699951171875,1221.0,1221.9000244140625,37621
2026-03-05 04:00:00,1222.0,1222.699951171875,1216.5,1219.9000244140625,47544
2026-03-05 04:05:00,1219.699951171875,1219.800048828125,1216.5,1216.800048828125,23402
2026-03-05 04:10:00,1217.5,1219.300048828125,1216.0,1219.0,21812
2026-03-05 04:15:00,1219.0,1220.9000244140625,1218.5,1220.300048828125,28448
2026-03-05 04:20:00,1220.300048828125,1225.0,1220.0,1224.0,30938
2026-03-05 04:25:00,1224.5,1224.9000244140625,1222.300048828125,1223.0,25153
2026-03-05 04:30:00,1223.0,1224.800048828125,1221.5,1222.800048828125,16065
2026-03-05 04:35:00,1222.800048828125,1223.9000244140625,1222.0,1223.300048828125,12058
2026-03-05 04:40:00,1223.300048828125,1223.5999755859375,1220.5,1220.800048828125,17173
2026-03-05 04:45:00,1220.800048828125,1221.699951171875,1218.5999755859375,1218.9000244140625,27757
2026-03-05 04:50:00,1218.800048828125,1222.9000244140625,1217.5999755859375,1222.9000244140625,28957
2026-03-05 04:55:00,1222.199951171875,1223.0,1218.5999755859375,1218.5999755859375,17968
2026-03-05 05:00:00,1218.699951171875,1220.5,1218.699951171875,1219.5,19948
2026-03-05 05:05:00,1219.5,1221.800048828125,1219.4000244140625,1221.800048828125,8722
2026-03-05 05:10:00,1221.300048828125,1222.5,1221.300048828125,1221.9000244140625,9736
2026-03-05 05:15:00,1221.800048828125,1222.4000244140625,1220.0,1221.699951171875,14633
2026-03-05 05:20:00,1221.300048828125,1222.5,1218.5999755859375,1221.0999755859375,28982
2026-03-05 05:25:00,1221.300048828125,1222.9000244140625,1220.4000244140625,1222.0,9540
2026-03-05 05:30:00,1222.199951171875,1222.5999755859375,1220.0999755859375,1220.800048828125,5677
2026-03-05 05:35:00,1221.0,1221.4000244140625,1220.199951171875,1221.4000244140625,6173
2026-03-05 05:40:00,1221.0999755859375,1221.9000244140625,1220.0999755859375,1220.4000244140625,8032
2026-03-05 05:45:00,1219.699951171875,1221.0999755859375,1219.699951171875,1220.300048828125,7613
2026-03-05 05:50:00,1220.5,1220.5,1219.5,1219.5999755859375,5914
2026-03-05 05:55:00,1219.9000244140625,1219.9000244140625,1217.0999755859375,1217.199951171875,18932
2026-03-05 06:00:00,1217.699951171875,1219.0,1216.300048828125,1216.9000244140625,20207
2026-03-05 06:05:00,1216.9000244140625,1216.9000244140625,1214.0999755859375,1216.0,24028
2026-03-05 06:10:00,1216.0,1218.199951171875,1216.0,1216.9000244140625,6840
2026-03-05 06:15:00,1216.4000244140625,1216.4000244140625,1214.4000244140625,1214.4000244140625,9893
2026-03-05 06:20:00,1214.699951171875,1216.800048828125,1213.5,1216.800048828125,15685
2026-03-05 06:25:00,1216.5,1217.300048828125,1213.4000244140625,1214.800048828125,9812
2026-03-05 06:30:00,1214.5999755859375,1215.199951171875,1214.0,1214.800048828125,4620
2026-03-05 06:35:00,1215.0,1216.4000244140625,1214.699951171875,1216.199951171875,6838
2026-03-05 06:40:00,1216.4000244140625,1218.5999755859375,1216.4000244140625,1218.5999755859375,11046
2026-03-05 06:45:00,1218.5,1220.0,1218.0,1219.800048828125,5248
2026-03-05 06:50:00,1220.0,1222.0,1220.0,1220.800048828125,9019
2026-03-05 06:55:00,1221.0,1223.199951171875,1220.5,1223.199951171875,8340
2026-03-05 07:00:00,1223.0,1224.300048828125,1221.699951171875,1222.0999755859375,17967
2026-03-05 07:05:00,1221.800048828125,1223.4000244140625,1221.0,1222.300048828125,7153
2026-03-05 07:10:00,1222.800048828125,1223.0,1221.300048828125,1223.0,7191
2026-03-05 07:15:00,1222.699951171875,1224.0,1222.5,1223.5,10774
2026-03-05 07:20:00,1223.5999755859375,1226.5999755859375,1223.5,1226.5999755859375,28476
2026-03-05 07:25:00,1226.800048828125,1228.699951171875,1226.199951171875,1228.0,20627
2026-03-05 07:30:00,1227.699951171875,1229.800048828125,1227.199951171875,1227.300048828125,16688
2026-03-05 07:35:00,1227.199951171875,1229.800048828125,1226.9000244140625,1229.4000244140625,33565
2026-03-05 07:40:00,1229.0,1231.4000244140625,1228.199951171875,1230.9000244140625,19821
2026-03-05 07:45:00,1230.9000244140625,1231.4000244140625,1228.800048828125,1229.0999755859375,12909
2026-03-05 07:50:00,1229.0999755859375,1229.5,1225.0,1228.800048828125,25456
2026-03-05 07:55:00,1228.5999755859375,1230.0,1227.0,1230.0,7299
2026-03-05 08:00:00,1229.800048828125,1230.9000244140625,1227.300048828125,1228.4000244140625,15228
2026-03-05 08:05:00,1228.0,1229.0999755859375,1227.300048828125,1227.800048828125,7296
2026-03-05 08:10:00,1227.9000244140625,1228.800048828125,1227.5,1227.800048828125,6569
2026-03-05 08:15:00,1228.300048828125,1228.9000244140625,1227.0,1227.0999755859375,4827
2026-03-05 08:20:00,1227.300048828125,1227.5,1224.4000244140625,1225.4000244140625,25947
2026-03-05 08:25:00,1225.5,1226.199951171875,1224.0999755859375,1225.0,14879
2026-03-05 08:30:00,1224.800048828125,1225.9000244140625,1224.0,1225.5999755859375,7624
2026-03-05 08:35:00,1225.199951171875,1225.5999755859375,1222.0,1222.5,9661
2026-03-05 08:40:00,1222.5,1222.5,1220.300048828125,1221.0,28307
2026-03-05 08:45:00,1220.5,1222.699951171875,1220.0999755859375,1220.699951171875,11203
2026-03-05 08:50:00,1220.699951171875,1224.0999755859375,1219.4000244140625,1223.9000244140625,22328
2026-03-05 08:55:00,1224.0,1225.0,1222.699951171875,1225.0,7385
2026-03-05 09:00:00,1225.5,1225.5,1222.0,1223.0,12484
2026-03-05 09:05:00,1223.5999755859375,1229.199951171875,1223.5,1228.800048828125,20724
2026-03-05 09:10:00,1228.5999755859375,1236.0,1228.5999755859375,1234.199951171875,60897
2026-03-05 09:15:00,1234.0,1238.0,1233.699951171875,1235.300048828125,41522
2026-03-05 09:20:00,1235.699951171875,1242.5,1235.699951171875,1241.699951171875,51250
2026-03-05 09:25:00,1242.0,1243.800048828125,1239.9000244140625,1243.5999755859375,31600
2026-03-05 09:30:00,1243.5,1243.5,1238.699951171875,1239.4000244140625,44678
2026-03-05 09:35:00,1239.0,1240.0999755859375,1238.0,1239.300048828125,22385
2026-03-05 09:40:00,1238.800048828125,1239.9000244140625,1236.0999755859375,1236.199951171875,34734
2026-03-05 09:45:00,1236.300048828125,1240.4000244140625,1236.300048828125,1240.199951171875,25486
2026-03-05 09:50:00,1239.5,1241.5,1239.5,1240.0999755859375,33830
2026-03-05 09:55:00,1240.5,1241.800048828125,1240.0,1240.9000244140625,40441
2026-03-06 03:45:00,1225.5999755859375,1238.0999755859375,1224.9000244140625,1236.0999755859375,0
2026-03-06 03:50:00,1235.9000244140625,1240.0,1235.4000244140625,1239.0,37263
2026-03-06 03:55:00,1239.699951171875,1246.800048828125,1239.0999755859375,1246.800048828125,42480
2026-03-06 04:00:00,1247.0,1247.9000244140625,1243.5999755859375,1243.699951171875,44911
2026-03-06 04:05:00,1244.9000244140625,1245.300048828125,1243.199951171875,1244.4000244140625,33840
2026-03-06 04:10:00,1245.0,1245.0,1240.699951171875,1240.699951171875,22277
2026-03-06 04:15:00,1241.0,1243.699951171875,1240.9000244140625,1242.300048828125,17102
2026-03-06 04:20:00,1242.5999755859375,1244.5,1242.199951171875,1243.0,8692
2026-03-06 04:25:00,1243.0,1243.5,1240.0999755859375,1240.300048828125,19494
2026-03-06 04:30:00,1240.800048828125,1241.0,1237.0999755859375,1238.800048828125,31602
2026-03-06 04:35:00,1238.4000244140625,1241.5,1237.4000244140625,1241.199951171875,21253
2026-03-06 04:40:00,1241.800048828125,1242.300048828125,1240.800048828125,1242.0,8046
2026-03-06 04:45:00,1241.699951171875,1242.0,1240.699951171875,1240.9000244140625,9247
2026-03-06 04:50:00,1240.699951171875,1242.699951171875,1240.0999755859375,1242.4000244140625,19774
2026-03-06 04:55:00,1242.4000244140625,1242.9000244140625,1240.5,1241.5999755859375,9221
2026-03-06 05:00:00,1241.699951171875,1241.699951171875,1239.300048828125,1239.699951171875,12748
2026-03-06 05:05:00,1239.699951171875,1241.800048828125,1239.0,1241.699951171875,14700
2026-03-06 05:10:00,1241.800048828125,1241.800048828125,1240.0,1241.199951171875,5245
2026-03-06 05:15:00,1240.699951171875,1241.800048828125,1237.0,1237.9000244140625,26253
2026-03-06 05:20:00,1238.4000244140625,1241.0999755859375,1238.0,1239.5999755859375,12820
2026-03-06 05:25:00,1239.5999755859375,1239.5999755859375,1237.5,1238.5999755859375,5574
2026-03-06 05:30:00,1238.5999755859375,1240.699951171875,1238.4000244140625,1239.5,9157
2026-03-06 05:35:00,1239.5,1240.9000244140625,1239.300048828125,1240.0,5211
2026-03-06 05:40:00,1239.0999755859375,1239.4000244140625,1238.0,1238.199951171875,7987
2026-03-06 05:45:00,1238.199951171875,1239.199951171875,1237.5999755859375,1238.5,7811
2026-03-06 05:50:00,1238.5,1238.5,1236.199951171875,1237.0,15544
2026-03-06 05:55:00,1236.5999755859375,1238.0,1236.0999755859375,1237.9000244140625,3709
2026-03-06 06:00:00,1237.5,1238.4000244140625,1236.9000244140625,1238.4000244140625,10228
2026-03-06 06:05:00,1238.0,1239.699951171875,1237.5,1239.0,8317
2026-03-06 06:10:00,1239.0,1239.9000244140625,1235.4000244140625,1235.4000244140625,10393
2026-03-06 06:15:00,1236.199951171875,1237.5999755859375,1235.4000244140625,1237.5999755859375,6765
2026-03-06 06:20:00,1237.5,1237.800048828125,1236.800048828125,1237.0,3074
2026-03-06 06:25:00,1237.0,1238.0,1236.5,1237.4000244140625,13221
2026-03-06 06:30:00,1238.0,1238.0,1236.0,1236.0,3531
2026-03-06 06:35:00,1236.0,1236.0,1234.199951171875,1235.0,26191
2026-03-06 06:40:00,1235.0,1235.800048828125,1234.0,1234.199951171875,9266
2026-03-06 06:45:00,1234.199951171875,1235.199951171875,1233.800048828125,1234.800048828125,9462
2026-03-06 06:50:00,1234.800048828125,1234.800048828125,1232.199951171875,1233.800048828125,9032
2026-03-06 06:55:00,1233.800048828125,1234.800048828125,1231.800048828125,1232.199951171875,9968
2026-03-06 07:00:00,1232.300048828125,1232.699951171875,1231.0999755859375,1231.5,9410
2026-03-06 07:05:00,1231.699951171875,1231.9000244140625,1231.0999755859375,1231.300048828125,4081
2026-03-06 07:10:00,1231.300048828125,1233.699951171875,1230.699951171875,1233.0999755859375,12357
2026-03-06 07:15:00,1233.5,1233.699951171875,1231.4000244140625,1231.9000244140625,8308
2026-03-06 07:20:00,1231.5999755859375,1233.9000244140625,1231.5999755859375,1232.699951171875,3847
2026-03-06 07:25:00,1232.800048828125,1233.199951171875,1232.0,1232.800048828125,4322
2026-03-06 07:30:00,1232.9000244140625,1234.300048828125,1231.4000244140625,1231.800048828125,6989
2026-03-06 07:35:00,1231.800048828125,1231.800048828125,1230.0999755859375,1230.9000244140625,7023
2026-03-06 07:40:00,1230.9000244140625,1231.800048828125,1230.5999755859375,1231.199951171875,6573
2026-03-06 07:45:00,1230.9000244140625,1231.9000244140625,1230.5,1231.5,6312
2026-03-06 07:50:00,1231.5,1234.0,1228.300048828125,1228.4000244140625,26819
2026-03-06 07:55:00,1228.199951171875,1230.4000244140625,1228.0999755859375,1230.0,23832
2026-03-06 08:00:00,1230.0,1230.0,1227.300048828125,1227.300048828125,8846
2026-03-06 08:05:00,1228.199951171875,1230.800048828125,1227.199951171875,1229.699951171875,8749
2026-03-06 08:10:00,1229.4000244140625,1230.699951171875,1229.4000244140625,1229.5999755859375,8828
2026-03-06 08:15:00,1229.9000244140625,1229.9000244140625,1227.199951171875,1228.800048828125,7620
2026-03-06 08:20:00,1228.0,1230.0,1228.0,1228.800048828125,9297
2026-03-06 08:25:00,1228.800048828125,1228.800048828125,1227.0,1227.0,6978
2026-03-06 08:30:00,1227.5,1230.5999755859375,1227.0,1229.9000244140625,17015
2026-03-06 08:35:00,1230.5,1230.9000244140625,1229.0,1230.300048828125,6173
2026-03-06 08:40:00,1230.9000244140625,1232.0,1230.199951171875,1230.800048828125,10649
2026-03-06 08:45:00,1230.0999755859375,1232.699951171875,1230.0999755859375,1232.0,8133
2026-03-06 08:50:00,1232.5,1232.800048828125,1231.699951171875,1232.5,5277
2026-03-06 08:55:00,1232.0,1232.699951171875,1231.5,1231.800048828125,2817
2026-03-06 09:00:00,1231.800048828125,1231.9000244140625,1230.300048828125,1230.800048828125,6166
2026-03-06 09:05:00,1230.5,1231.199951171875,1230.0999755859375,1230.300048828125,9765
2026-03-06 09:10:00,1230.0999755859375,1230.0999755859375,1228.0999755859375,1229.4000244140625,12691
2026-03-06 09:15:00,1228.699951171875,1229.4000244140625,1225.5,1227.0,20520
2026-03-06 09:20:00,1227.0,1228.0,1226.5,1226.5999755859375,16570
2026-03-06 09:25:00,1227.0,1227.0,1223.0,1223.0999755859375,28718
2026-03-06 09:30:00,1222.9000244140625,1226.800048828125,1222.5999755859375,1226.5999755859375,18808
2026-03-06 09:35:00,1226.0999755859375,1226.5,1222.5,1223.699951171875,25945
2026-03-06 09:40:00,1223.9000244140625,1226.0,1222.5999755859375,1224.0999755859375,34783
2026-03-06 09:45:00,1224.699951171875,1224.9000244140625,1222.9000244140625,1223.5999755859375,23119
2026-03-06 09:50:00,1224.0,1226.0,1223.0999755859375,1224.0,34246
2026-03-06 09:55:00,1224.0,1226.9000244140625,1223.9000244140625,1226.9000244140625,25564
2026-03-09 03:45:00,1198.0,1201.300048828125,1176.0,1178.5999755859375,0
2026-03-09 03:50:00,1177.199951171875,1182.5999755859375,1175.0,1179.300048828125,98658
2026-03-09 03:55:00,1179.300048828125,1181.0,1175.199951171875,1180.9000244140625,92356
2026-03-09 04:00:00,1180.4000244140625,1189.199951171875,1180.4000244140625,1185.300048828125,80228
2026-03-09 04:05:00,1185.5999755859375,1192.199951171875,1184.199951171875,1190.699951171875,65478
2026-03-09 04:10:00,1190.199951171875,1191.9000244140625,1186.0,1186.800048828125,58813
2026-03-09 04:15:00,1186.800048828125,1192.0,1183.5,1190.0999755859375,57450
2026-03-09 04:20:00,1190.5,1192.5,1186.0,1191.800048828125,46786
2026-03-09 04:25:00,1190.800048828125,1196.0,1190.0,1195.0999755859375,50019
2026-03-09 04:30:00,1194.5999755859375,1197.0,1190.0999755859375,1191.9000244140625,30216
2026-03-09 04:35:00,1192.0,1196.800048828125,1192.0,1193.5,32282
2026-03-09 04:40:00,1193.0,1199.0,1192.5999755859375,1197.4000244140625,36557
2026-03-09 04:45:00,1196.699951171875,1196.699951171875,1191.4000244140625,1193.300048828125,22392
2026-03-09 04:50:00,1192.699951171875,1197.0,1192.0,1193.800048828125,21781
2026-03-09 04:55:00,1192.9000244140625,1196.0,1192.300048828125,1194.9000244140625,18973
2026-03-09 05:00:00,1194.9000244140625,1194.9000244140625,1188.0,1188.5,31484
2026-03-09 05:05:00,1188.5,1192.9000244140625,1188.0,1191.5,18920
2026-03-09 05:10:00,1191.699951171875,1192.699951171875,1190.0999755859375,1192.199951171875,13256
2026-03-09 05:15:00,1192.199951171875,1192.5,1189.300048828125,1190.5999755859375,15864
2026-03-09 05:20:00,1190.0999755859375,1198.800048828125,1190.0999755859375,1198.0,28987
2026-03-09 05:25:00,1197.5999755859375,1203.300048828125,1197.199951171875,1203.0,42566
2026-03-09 05:30:00,1203.300048828125,1203.800048828125,1201.0,1203.300048828125,22750
2026-03-09 05:35:00,1203.4000244140625,1203.4000244140625,1199.0999755859375,1200.0,19824
2026-03-09 05:40:00,1200.0,1200.800048828125,1196.5999755859375,1199.0,17499
2026-03-09 05:45:00,1199.0,1199.9000244140625,1197.5,1199.0,14269
2026-03-09 05:50:00,1199.0999755859375,1202.0,1198.699951171875,1200.9000244140625,19416
2026-03-09 05:55:00,1200.9000244140625,1203.800048828125,1200.0,1203.5999755859375,20502
2026-03-09 06:00:00,1203.5,1205.0,1201.300048828125,1204.5,26137
2026-03-09 06:05:00,1204.0999755859375,1204.5999755859375,1202.0999755859375,1203.5,7447
2026-03-09 06:10:00,1203.5,1206.199951171875,1202.699951171875,1203.0999755859375,18092
2026-03-09 06:15:00,1204.0,1204.4000244140625,1201.800048828125,1202.0,9464
2026-03-09 06:20:00,1202.0,1202.9000244140625,1200.800048828125,1201.9000244140625,8692
2026-03-09 06:25:00,1201.199951171875,1201.199951171875,1199.0,1199.800048828125,11645
2026-03-09 06:30:00,1200.0,1200.5,1198.0,1200.4000244140625,9420
2026-03-09 06:35:00,1199.5,1200.5,1195.9000244140625,1196.699951171875,18882
2026-03-09 06:40:00,1196.800048828125,1201.0,1195.800048828125,1201.0,6646
2026-03-09 06:45:00,1201.0,1203.0,1200.0999755859375,1201.800048828125,11761
2026-03-09 06:50:00,1201.800048828125,1201.800048828125,1197.0999755859375,1199.9000244140625,13939
2026-03-09 06:55:00,1199.9000244140625,1201.699951171875,1199.9000244140625,1201.5,8812
2026-03-09 07:00:00,1201.5,1202.4000244140625,1199.699951171875,1200.300048828125,9083
2026-03-09 07:05:00,1199.5999755859375,1202.5999755859375,1199.300048828125,1202.5999755859375,8176
2026-03-09 07:10:00,1202.199951171875,1204.0,1201.4000244140625,1203.4000244140625,7631
2026-03-09 07:15:00,1203.4000244140625,1204.9000244140625,1200.5,1201.300048828125,16098
2026-03-09 07:20:00,1200.5,1203.5,1200.0,1203.0999755859375,15170
2026-03-09 07:25:00,1203.300048828125,1203.800048828125,1201.0999755859375,1201.800048828125,10531
2026-03-09 07:30:00,1201.300048828125,1204.199951171875,1199.9000244140625,1204.199951171875,11667
2026-03-09 07:35:00,1204.5,1205.0,1202.199951171875,1203.199951171875,10881
2026-03-09 07:40:00,1203.199951171875,1203.300048828125,1198.5,1199.0,12683
2026-03-09 07:45:00,1199.0,1201.0,1198.199951171875,1200.9000244140625,10968
2026-03-09 07:50:00,1200.9000244140625,1202.5,1200.0999755859375,1200.5999755859375,8913
2026-03-09 07:55:00,1200.5,1202.5,1199.0,1202.300048828125,9557
2026-03-09 08:00:00,1201.5999755859375,1202.9000244140625,1199.0,1200.300048828125,10165
2026-03-09 08:05:00,1200.800048828125,1202.5999755859375,1200.300048828125,1202.0999755859375,9039
2026-03-09 08:10:00,1201.699951171875,1204.0,1201.5,1202.9000244140625,11126
2026-03-09 08:15:00,1202.5999755859375,1202.800048828125,1199.300048828125,1199.800048828125,11770
2026-03-09 08:20:00,1199.9000244140625,1201.199951171875,1198.699951171875,1199.300048828125,6967
2026-03-09 08:25:00,1198.699951171875,1200.9000244140625,1198.5,1198.9000244140625,14143
2026-03-09 08:30:00,1199.0,1200.199951171875,1198.5,1199.9000244140625,7251
2026-03-09 08:35:00,1199.800048828125,1201.0,1199.0999755859375,1200.0999755859375,6324
2026-03-09 08:40:00,1200.300048828125,1201.699951171875,1199.300048828125,1199.9000244140625,6785
2026-03-09 08:45:00,1200.0,1200.0999755859375,1198.4000244140625,1200.0,8730
2026-03-09 08:50:00,1199.9000244140625,1201.800048828125,1199.0,1201.699951171875,11272
2026-03-09 08:55:00,1201.5,1202.9000244140625,1201.0,1202.5,17045
2026-03-09 09:00:00,1202.9000244140625,1203.0999755859375,1200.4000244140625,1200.699951171875,22511
2026-03-09 09:05:00,1200.9000244140625,1202.0,1200.0999755859375,1201.4000244140625,11347
2026-03-09 09:10:00,1200.9000244140625,1204.699951171875,1200.300048828125,1204.699951171875,20694
2026-03-09 09:15:00,1204.699951171875,1209.5,1204.199951171875,1205.800048828125,58585
2026-03-09 09:20:00,1206.4000244140625,1208.800048828125,1205.0,1206.5999755859375,20063
2026-03-09 09:25:00,1207.199951171875,1209.9000244140625,1207.0,1209.800048828125,35017
2026-03-09 09:30:00,1209.199951171875,1212.199951171875,1207.9000244140625,1212.199951171875,33607
2026-03-09 09:35:00,1212.800048828125,1212.800048828125,1207.5999755859375,1208.199951171875,42289
2026-03-09 09:40:00,1208.199951171875,1211.300048828125,1207.0,1210.800048828125,32911
2026-03-09 09:45:00,1210.800048828125,1212.300048828125,1210.0,1211.0999755859375,48121
2026-03-09 09:50:00,1211.4000244140625,1211.9000244140625,1209.0999755859375,1210.800048828125,47316
2026-03-09 09:55:00,1210.5999755859375,1213.9000244140625,1210.4000244140625,1213.0,38464
2026-03-10 03:45:00,1233.5999755859375,1233.5999755859375,1225.800048828125,1228.5,0
2026-03-10 03:50:00,1229.0,1233.0,1227.5999755859375,1230.699951171875,36040
2026-03-10 03:55:00,1230.0,1238.5,1228.5999755859375,1235.0999755859375,74594
2026-03-10 04:00:00,1235.0,1235.199951171875,1230.199951171875,1232.4000244140625,31549
2026-03-10 04:05:00,1231.5,1231.5,1227.800048828125,1228.699951171875,25526
2026-03-10 04:10:00,1228.0999755859375,1232.4000244140625,1226.0999755859375,1232.0999755859375,30200
2026-03-10 04:15:00,1232.0999755859375,1233.4000244140625,1229.300048828125,1230.4000244140625,27832
2026-03-10 04:20:00,1229.5999755859375,1230.199951171875,1227.300048828125,1229.5999755859375,15308
2026-03-10 04:25:00,1229.0999755859375,1229.0999755859375,1226.5999755859375,1227.5999755859375,11621
2026-03-10 04:30:00,1227.5999755859375,1229.0999755859375,1226.5999755859375,1227.0,18502
2026-03-10 04:35:00,1226.699951171875,1228.800048828125,1225.300048828125,1228.0999755859375,26285
2026-03-10 04:40:00,1228.0,1229.5999755859375,1227.0,1228.699951171875,12464
2026-03-10 04:45:00,1228.9000244140625,1232.0,1228.9000244140625,1230.9000244140625,24092
2026-03-10 04:50:00,1231.0,1231.0,1227.9000244140625,1231.0,16469
2026-03-10 04:55:00,1231.300048828125,1232.0999755859375,1229.699951171875,1230.199951171875,24326
2026-03-10 05:00:00,1230.800048828125,1234.0,1230.5,1233.0,21287
2026-03-10 05:05:00,1233.0,1233.0,1230.0,1231.5999755859375,8144
2026-03-10 05:10:00,1231.5999755859375,1234.0,1231.0999755859375,1233.4000244140625,8683
2026-03-10 05:15:00,1234.0,1238.0,1233.699951171875,1236.5999755859375,39916
2026-03-10 05:20:00,1236.5999755859375,1241.199951171875,1236.0,1238.300048828125,80367
2026-03-10 05:25:00,1237.9000244140625,1238.0,1234.800048828125,1235.800048828125,19590
2026-03-10 05:30:00,1235.5999755859375,1237.800048828125,1235.4000244140625,1236.5,10279
2026-03-10 05:35:00,1236.5,1240.699951171875,1235.5999755859375,1240.4000244140625,16276
2026-03-10 05:40:00,1240.0,1240.0,1238.0999755859375,1239.5999755859375,15005
2026-03-10 05:45:00,1239.9000244140625,1242.0,1239.0,1239.300048828125,17740
2026-03-10 05:50:00,1239.5999755859375,1241.699951171875,1238.0,1238.0,13985
2026-03-10 05:55:00,1238.4000244140625,1239.0,1237.0999755859375,1237.4000244140625,55454
2026-03-10 06:00:00,1237.800048828125,1248.0,1237.800048828125,1248.0,116983
2026-03-10 06:05:00,1246.5999755859375,1247.300048828125,1245.199951171875,1245.5999755859375,58155
2026-03-10 06:10:00,1245.300048828125,1246.4000244140625,1245.0,1245.5999755859375,10587
2026-03-10 06:15:00,1245.199951171875,1245.5,1242.0999755859375,1243.0,7758
2026-03-10 06:20:00,1242.0,1246.5999755859375,1241.800048828125,1246.5,15436
2026-03-10 06:25:00,1246.0999755859375,1247.5,1244.800048828125,1245.300048828125,11478
2026-03-10 06:30:00,1245.800048828125,1246.699951171875,1245.5,1246.0999755859375,11219
2026-03-10 06:35:00,1246.300048828125,1246.9000244140625,1242.5999755859375,1242.5999755859375,11681
2026-03-10 06:40:00,1242.699951171875,1244.699951171875,1242.199951171875,1243.5,12311
2026-03-10 06:45:00,1243.0,1244.0,1242.0,1244.0,7383
2026-03-10 06:50:00,1243.5999755859375,1243.9000244140625,1240.5,1243.0,26251
2026-03-10 06:55:00,1243.0,1243.800048828125,1242.5999755859375,1243.5,5500
2026-03-10 07:00:00,1243.5,1244.0,1243.0,1243.5999755859375,5367
2026-03-10 07:05:00,1243.5999755859375,1245.800048828125,1243.5999755859375,1244.9000244140625,7255
2026-03-10 07:10:00,1245.699951171875,1246.5999755859375,1245.0,1245.4000244140625,20489
2026-03-10 07:15:00,1245.0,1247.800048828125,1245.0,1247.800048828125,11356
2026-03-10 07:20:00,1247.9000244140625,1248.4000244140625,1246.300048828125,1247.9000244140625,12416
2026-03-10 07:25:00,1247.9000244140625,1249.0,1245.5,1246.4000244140625,11351
2026-03-10 07:30:00,1246.300048828125,1248.0,1245.0,1245.5999755859375,9696
2026-03-10 07:35:00,1245.5999755859375,1245.9000244140625,1243.800048828125,1244.699951171875,7429
2026-03-10 07:40:00,1244.699951171875,1245.5999755859375,1244.0,1244.300048828125,4807
2026-03-10 07:45:00,1244.5999755859375,1245.800048828125,1243.9000244140625,1245.0,7975
2026-03-10 07:50:00,1245.0,1245.5999755859375,1240.5,1240.5999755859375,11936
2026-03-10 07:55:00,1240.699951171875,1245.4000244140625,1240.5999755859375,1245.0,6137
2026-03-10 08:00:00,1245.0,1246.0,1244.5999755859375,1245.5,10423
2026-03-10 08:05:00,1245.5,1249.5,1245.300048828125,1248.0999755859375,25632
2026-03-10 08:10:00,1248.0999755859375,1248.4000244140625,1245.300048828125,1246.300048828125,5889
2026-03-10 08:15:00,1246.0999755859375,1247.0,1245.0,1246.0,11176
2026-03-10 08:20:00,1246.0,1247.800048828125,1245.699951171875,1246.800048828125,5056
2026-03-10 08:25:00,1246.800048828125,1246.800048828125,1245.5,1245.9000244140625,4673
2026-03-10 08:30:00,1245.5,1245.9000244140625,1243.5,1244.199951171875,15192
2026-03-10 08:35:00,1244.300048828125,1247.0,1243.5,1246.4000244140625,9202
2026-03-10 08:40:00,1246.800048828125,1248.4000244140625,1246.800048828125,1248.199951171875,9745
2026-03-10 08:45:00,1248.4000244140625,1249.9000244140625,1247.5,1248.0,28230
2026-03-10 08:50:00,1247.4000244140625,1248.0,1246.5999755859375,1247.4000244140625,7781
2026-03-10 08:55:00,1247.4000244140625,1248.800048828125,1246.199951171875,1246.699951171875,6837
2026-03-10 09:00:00,1246.9000244140625,1248.199951171875,1246.5,1247.0999755859375,11397
2026-03-10 09:05:00,1246.9000244140625,1249.0,1246.9000244140625,1247.4000244140625,11876
2026-03-10 09:10:00,1247.0,1249.0,1246.800048828125,1249.0,10184
2026-03-10 09:15:00,1248.9000244140625,1250.0,1246.300048828125,1250.0,20614
2026-03-10 09:20:00,1250.0,1250.9000244140625,1248.5999755859375,1250.199951171875,22086
2026-03-10 09:25:00,1250.5999755859375,1250.5999755859375,1248.300048828125,1249.5,14236
2026-03-10 09:30:00,1250.199951171875,1250.199951171875,1245.300048828125,1246.9000244140625,47575
2026-03-10 09:35:00,1247.4000244140625,1248.4000244140625,1246.0999755859375,1247.0999755859375,17669
2026-03-10 09:40:00,1247.4000244140625,1248.9000244140625,1246.5,1247.9000244140625,13462
2026-03-10 09:45:00,1247.5999755859375,1249.9000244140625,1247.0999755859375,1249.699951171875,32325
2026-03-10 09:50:00,1249.699951171875,1251.0,1248.5999755859375,1251.0,48679
2026-03-10 09:55:00,1251.0,1253.9000244140625,1251.0,1253.0,49322
2026-03-11 03:45:00,1248.9000244140625,1256.199951171875,1246.699951171875,1255.199951171875,0
2026-03-11 03:50:00,1254.4000244140625,1261.5,1254.4000244140625,1256.800048828125,63129
2026-03-11 03:55:00,1256.4000244140625,1257.5999755859375,1253.199951171875,1253.4000244140625,33873
2026-03-11 04:00:00,1253.0,1253.4000244140625,1250.199951171875,1252.5999755859375,48822
2026-03-11 04:05:00,1252.0999755859375,1252.800048828125,1248.5,1249.4000244140625,29266
2026-03-11 04:10:00,1249.5,1252.300048828125,1249.0,1251.699951171875,18441
2026-03-11 04:15:00,1251.699951171875,1255.800048828125,1250.800048828125,1254.4000244140625,23672
2026-03-11 04:20:00,1254.0,1254.699951171875,1250.0999755859375,1250.0999755859375,16599
2026-03-11 04:25:00,1249.5999755859375,1253.199951171875,1249.5,1251.5999755859375,30493
2026-03-11 04:30:00,1251.5,1254.0,1250.5999755859375,1253.9000244140625,10881
2026-03-11 04:35:00,1253.4000244140625,1253.4000244140625,1251.0,1251.0,7476
2026-03-11 04:40:00,1251.0,1252.0,1242.0,1242.5999755859375,85975
2026-03-11 04:45:00,1242.800048828125,1243.0,1239.0,1240.0,98626
2026-03-11 04:50:00,1239.9000244140625,1241.9000244140625,1236.9000244140625,1241.4000244140625,109471
2026-03-11 04:55:00,1241.4000244140625,1242.5,1240.0999755859375,1240.300048828125,11629
2026-03-11 05:00:00,1241.199951171875,1242.4000244140625,1240.699951171875,1242.199951171875,8808
2026-03-11 05:05:00,1242.300048828125,1242.300048828125,1238.5999755859375,1238.5999755859375,18175
2026-03-11 05:10:00,1239.300048828125,1239.699951171875,1237.800048828125,1238.300048828125,15096
2026-03-11 05:15:00,1238.300048828125,1238.300048828125,1235.199951171875,1236.800048828125,23890
2026-03-11 05:20:00,1236.699951171875,1238.9000244140625,1236.699951171875,1238.9000244140625,7273
2026-03-11 05:25:00,1238.5,1239.9000244140625,1237.5,1239.9000244140625,10759
2026-03-11 05:30:00,1239.5,1240.699951171875,1238.0,1240.0999755859375,10604
2026-03-11 05:35:00,1240.199951171875,1240.300048828125,1237.699951171875,1238.300048828125,5492
2026-03-11 05:40:00,1238.4000244140625,1238.4000244140625,1235.9000244140625,1236.5,16331
2026-03-11 05:45:00,1236.199951171875,1236.199951171875,1233.199951171875,1235.4000244140625,15069
2026-03-11 05:50:00,1234.9000244140625,1235.5999755859375,1233.5999755859375,1233.800048828125,8867
2026-03-11 05:55:00,1233.800048828125,1236.199951171875,1233.699951171875,1235.5,17408
2026-03-11 06:00:00,1236.199951171875,1236.199951171875,1232.9000244140625,1233.199951171875,8455
2026-03-11 06:05:00,1233.199951171875,1234.9000244140625,1231.699951171875,1234.0999755859375,14643
2026-03-11 06:10:00,1234.199951171875,1234.800048828125,1233.199951171875,1234.0,4873
2026-03-11 06:15:00,1234.0,1234.0,1231.300048828125,1232.199951171875,9776
2026-03-11 06:20:00,1231.800048828125,1232.800048828125,1231.199951171875,1232.699951171875,6826
2026-03-11 06:25:00,1232.699951171875,1232.9000244140625,1231.0999755859375,1232.5999755859375,9002
2026-03-11 06:30:00,1232.199951171875,1235.4000244140625,1232.0,1235.4000244140625,5381
2026-03-11 06:35:00,1235.4000244140625,1235.4000244140625,1233.0,1233.800048828125,15798
2026-03-11 06:40:00,1233.800048828125,1235.5,1233.5999755859375,1235.5,7021
2026-03-11 06:45:00,1235.5,1237.0,1234.699951171875,1235.5999755859375,6942
2026-03-11 06:50:00,1235.5999755859375,1235.9000244140625,1234.0999755859375,1234.5,10643
2026-03-11 06:55:00,1234.5,1234.5,1233.0999755859375,1233.300048828125,5170
2026-03-11 07:00:00,1233.300048828125,1234.0,1232.800048828125,1232.9000244140625,13096
2026-03-11 07:05:00,1232.800048828125,1233.300048828125,1230.699951171875,1230.699951171875,9919
2026-03-11 07:10:00,1230.9000244140625,1233.9000244140625,1230.9000244140625,1233.9000244140625,6178
2026-03-11 07:15:00,1233.5,1233.699951171875,1231.4000244140625,1232.4000244140625,6882
2026-03-11 07:20:00,1232.5,1232.9000244140625,1231.5,1232.0,8007
2026-03-11 07:25:00,1232.0,1232.4000244140625,1231.300048828125,1232.0,8442
2026-03-11 07:30:00,1231.800048828125,1231.9000244140625,1230.0999755859375,1230.199951171875,10898
2026-03-11 07:35:00,1230.300048828125,1231.0,1229.4000244140625,1230.300048828125,20856
2026-03-11 07:40:00,1230.0,1230.0,1223.4000244140625,1224.5,60400
2026-03-11 07:45:00,1224.0,1225.800048828125,1223.5999755859375,1225.300048828125,11121
2026-03-11 07:50:00,1225.699951171875,1229.4000244140625,1225.5,1229.4000244140625,13033
2026-03-11 07:55:00,1229.4000244140625,1229.4000244140625,1228.0999755859375,1229.0999755859375,7997
2026-03-11 08:00:00,1229.0999755859375,1231.4000244140625,1228.5999755859375,1228.800048828125,14668
2026-03-11 08:05:00,1228.800048828125,1229.0,1227.0,1228.0,10064
2026-03-11 08:10:00,1228.0999755859375,1228.699951171875,1225.699951171875,1225.9000244140625,12471
2026-03-11 08:15:00,1226.5999755859375,1227.0999755859375,1225.199951171875,1225.9000244140625,6651
2026-03-11 08:20:00,1225.800048828125,1227.9000244140625,1225.199951171875,1227.0,5311
2026-03-11 08:25:00,1227.0,1227.5,1225.5999755859375,1227.0999755859375,3832
2026-03-11 08:30:00,1226.9000244140625,1226.9000244140625,1225.0,1226.300048828125,9149
2026-03-11 08:35:00,1226.5,1226.5,1224.199951171875,1224.699951171875,14385
2026-03-11 08:40:00,1224.5999755859375,1225.5,1224.300048828125,1224.5999755859375,6428
2026-03-11 08:45:00,1224.5999755859375,1225.199951171875,1223.0,1224.5999755859375,9526
2026-03-11 08:50:00,1224.300048828125,1225.800048828125,1223.0,1223.300048828125,16289
2026-03-11 08:55:00,1222.699951171875,1229.5999755859375,1222.5999755859375,1229.0,29735
2026-03-11 09:00:00,1229.300048828125,1229.300048828125,1226.0,1226.800048828125,10874
2026-03-11 09:05:00,1225.5999755859375,1226.699951171875,1224.699951171875,1225.300048828125,9928
2026-03-11 09:10:00,1226.0,1226.0,1224.0,1224.5,5780
2026-03-11 09:15:00,1224.300048828125,1225.300048828125,1222.9000244140625,1223.5999755859375,19177
2026-03-11 09:20:00,1223.699951171875,1225.0,1222.199951171875,1225.0,12042
2026-03-11 09:25:00,1224.800048828125,1225.199951171875,1223.0,1223.4000244140625,7817
2026-03-11 09:30:00,1224.5,1226.199951171875,1222.5,1222.800048828125,26541
2026-03-11 09:35:00,1222.800048828125,1222.9000244140625,1217.4000244140625,1219.699951171875,49584
2026-03-11 09:40:00,1219.699951171875,1221.0,1216.5999755859375,1217.5999755859375,32144
2026-03-11 09:45:00,1217.199951171875,1220.0,1215.4000244140625,1220.0,45459
2026-03-11 09:50:00,1220.0,1220.9000244140625,1217.4000244140625,1218.5,28717
2026-03-11 09:55:00,1218.300048828125,1220.0,1216.0,1220.0,37186
2026-03-12 03:45:00,1209.0,1213.0,1201.0,1204.4000244140625,0
2026-03-12 03:50:00,1204.0,1205.5,1199.0,1203.9000244140625,66229
2026-03-12 03:55:00,1203.0999755859375,1206.199951171875,1200.800048828125,1205.9000244140625,31355
2026-03-12 04:00:00,1204.4000244140625,1206.0,1203.5,1205.5,44819
2026-03-12 04:05:00,1205.4000244140625,1205.800048828125,1202.199951171875,1203.0999755859375,27096
2026-03-12 04:10:00,1202.800048828125,1205.4000244140625,1202.199951171875,1204.0,25232
2026-03-12 04:15:00,1204.0,1207.4000244140625,1203.300048828125,1206.300048828125,24474
2026-03-12 04:20:00,1206.0999755859375,1207.4000244140625,1205.0999755859375,1206.0,14800
2026-03-12 04:25:00,1206.800048828125,1209.0,1204.800048828125,1207.800048828125,23426
2026-03-12 04:30:00,1207.9000244140625,1208.9000244140625,1205.5999755859375,1206.0,15659
2026-03-12 04:35:00,1205.4000244140625,1206.0,1201.5,1203.300048828125,32349
2026-03-12 04:40:00,1203.5,1203.9000244140625,1197.0,1197.5999755859375,69168
2026-03-12 04:45:00,1197.699951171875,1198.5,1193.9000244140625,1195.9000244140625,50492
2026-03-12 04:50:00,1195.9000244140625,1198.9000244140625,1195.9000244140625,1196.9000244140625,23276
2026-03-12 04:55:00,1196.800048828125,1201.199951171875,1196.800048828125,1200.5999755859375,27150
2026-03-12 05:00:00,1200.5999755859375,1201.0,1198.0,1200.4000244140625,18154
2026-03-12 05:05:00,1199.699951171875,1204.199951171875,1199.5999755859375,1202.800048828125,28661
2026-03-12 05:10:00,1203.0,1203.5999755859375,1199.0,1200.0,19855
2026-03-12 05:15:00,1200.0,1201.800048828125,1199.5,1200.0,14576
2026-03-12 05:20:00,1199.800048828125,1200.699951171875,1197.699951171875,1199.5,15123
2026-03-12 05:25:00,1199.5,1203.0,1198.800048828125,1202.9000244140625,12058
2026-03-12 05:30:00,1202.9000244140625,1206.199951171875,1202.4000244140625,1206.199951171875,21161
2026-03-12 05:35:00,1206.5,1207.199951171875,1203.5999755859375,1203.5999755859375,15618
2026-03-12 05:40:00,1204.4000244140625,1207.0,1204.0,1204.5,10430
2026-03-12 05:45:00,1205.699951171875,1206.0,1201.800048828125,1202.0999755859375,19948
2026-03-12 05:50:00,1202.0999755859375,1202.0999755859375,1199.300048828125,1201.0,30116
2026-03-12 05:55:00,1200.699951171875,1202.0,1199.5999755859375,1201.300048828125,17806
2026-03-12 06:00:00,1200.800048828125,1201.0,1199.0999755859375,1200.4000244140625,22344
2026-03-12 06:05:00,1200.5999755859375,1201.699951171875,1199.0999755859375,1201.699951171875,13671
2026-03-12 06:10:00,1201.699951171875,1203.0,1200.699951171875,1202.0,13406
2026-03-12 06:15:00,1202.199951171875,1203.4000244140625,1200.699951171875,1201.300048828125,8565
2026-03-12 06:20:00,1201.300048828125,1202.0,1200.5,1201.5,5730
2026-03-12 06:25:00,1201.5,1204.5,1201.300048828125,1203.4000244140625,16988
2026-03-12 06:30:00,1203.199951171875,1205.0,1200.699951171875,1202.300048828125,33850
2026-03-12 06:35:00,1202.5999755859375,1202.5999755859375,1199.0,1200.300048828125,28704
2026-03-12 06:40:00,1199.9000244140625,1202.4000244140625,1198.800048828125,1202.4000244140625,39032
2026-03-12 06:45:00,1201.5999755859375,1202.5999755859375,1200.199951171875,1200.9000244140625,17910
2026-03-12 06:50:00,1201.4000244140625,1205.0,1201.0999755859375,1204.4000244140625,13177
2026-03-12 06:55:00,1204.4000244140625,1205.0,1203.0,1203.4000244140625,12486
2026-03-12 07:00:00,1203.699951171875,1204.199951171875,1201.300048828125,1202.0,14208
2026-03-12 07:05:00,1201.800048828125,1202.0,1200.5,1202.0,18502
2026-03-12 07:10:00,1201.4000244140625,1202.9000244140625,1201.199951171875,1202.0,10642
2026-03-12 07:15:00,1202.4000244140625,1203.699951171875,1202.0999755859375,1203.5,6698
2026-03-12 07:20:00,1203.199951171875,1204.5,1202.5999755859375,1204.199951171875,17706
2026-03-12 07:25:00,1204.4000244140625,1206.199951171875,1204.0,1205.4000244140625,35248
2026-03-12 07:30:00,1205.800048828125,1206.0,1204.5999755859375,1205.300048828125,11464
2026-03-12 07:35:00,1205.0999755859375,1205.0999755859375,1202.0,1203.4000244140625,12190
2026-03-12 07:40:00,1203.9000244140625,1205.800048828125,1203.0,1205.0,12270
2026-03-12 07:45:00,1205.199951171875,1205.5,1204.0,1204.9000244140625,6592
2026-03-12 07:50:00,1205.199951171875,1210.0999755859375,1204.699951171875,1209.800048828125,26794
2026-03-12 07:55:00,1210.0999755859375,1212.0,1209.300048828125,1211.4000244140625,22887
2026-03-12 08:00:00,1211.0,1213.300048828125,1211.0,1213.0,16742
2026-03-12 08:05:00,1212.5999755859375,1216.0,1212.0999755859375,1215.5999755859375,35000
2026-03-12 08:10:00,1216.0,1218.300048828125,1213.699951171875,1214.199951171875,28473
2026-03-12 08:15:00,1214.5999755859375,1216.800048828125,1214.4000244140625,1215.300048828125,13028
2026-03-12 08:20:00,1216.0,1216.0,1213.300048828125,1214.0999755859375,20762
2026-03-12 08:25:00,1213.9000244140625,1213.9000244140625,1210.9000244140625,1212.0,18810
2026-03-12 08:30:00,1212.0,1214.0,1212.0,1213.5,24272
2026-03-12 08:35:00,1213.699951171875,1215.5,1212.0999755859375,1212.0999755859375,14843
2026-03-12 08:40:00,1213.0,1214.0999755859375,1210.0999755859375,1214.0,13997
2026-03-12 08:45:00,1213.5,1214.800048828125,1212.699951171875,1214.5999755859375,7567
2026-03-12 08:50:00,1214.0999755859375,1214.9000244140625,1213.699951171875,1213.699951171875,6497
2026-03-12 08:55:00,1213.199951171875,1214.5999755859375,1212.0999755859375,1212.300048828125,7142
2026-03-12 09:00:00,1212.300048828125,1214.0,1211.5,1212.300048828125,6420
2026-03-12 09:05:00,1211.9000244140625,1213.300048828125,1211.5,1212.4000244140625,8785
2026-03-12 09:10:00,1212.699951171875,1212.699951171875,1210.0,1210.199951171875,14674
2026-03-12 09:15:00,1210.0,1211.9000244140625,1208.5,1210.800048828125,13201
2026-03-12 09:20:00,1210.300048828125,1211.0,1206.199951171875,1210.699951171875,21048
2026-03-12 09:25:00,1210.199951171875,1212.5,1209.699951171875,1212.4000244140625,15363
2026-03-12 09:30:00,1212.5999755859375,1213.0,1209.5999755859375,1212.5999755859375,25638
2026-03-12 09:35:00,1212.9000244140625,1212.9000244140625,1210.199951171875,1211.9000244140625,14142
2026-03-12 09:40:00,1211.699951171875,1212.699951171875,1210.0,1211.4000244140625,21490
2026-03-12 09:45:00,1211.0,1211.800048828125,1210.5,1211.800048828125,11635
2026-03-12 09:50:00,1211.800048828125,1212.4000244140625,1210.199951171875,1210.199951171875,24720
2026-03-12 09:55:00,1210.800048828125,1210.800048828125,1208.699951171875,1209.5,29432
2026-03-13 03:45:00,1204.0,1208.0,1196.5,1199.0999755859375,0
2026-03-13 03:50:00,1199.4000244140625,1199.4000244140625,1191.800048828125,1193.0,88912
2026-03-13 03:55:00,1193.0,1197.300048828125,1192.0999755859375,1196.699951171875,42481
2026-03-13 04:00:00,1196.800048828125,1198.199951171875,1195.5999755859375,1196.300048828125,31334
2026-03-13 04:05:00,1196.699951171875,1197.9000244140625,1194.699951171875,1196.0,38805
2026-03-13 04:10:00,1196.0,1196.9000244140625,1193.699951171875,1194.199951171875,22057
2026-03-13 04:15:00,1193.9000244140625,1194.0,1191.5,1191.699951171875,41902
2026-03-13 04:20:00,1191.5,1192.199951171875,1190.0999755859375,1191.300048828125,31532
2026-03-13 04:25:00,1191.300048828125,1192.800048828125,1190.0,1190.199951171875,30980
2026-03-13 04:30:00,1189.4000244140625,1192.699951171875,1189.0,1191.800048828125,46427
2026-03-13 04:35:00,1191.699951171875,1191.699951171875,1188.5,1190.0,29981
2026-03-13 04:40:00,1190.0,1190.4000244140625,1187.5999755859375,1187.9000244140625,38025
2026-03-13 04:45:00,1188.300048828125,1189.5999755859375,1187.0,1187.0999755859375,35651
2026-03-13 04:50:00,1187.300048828125,1189.0,1187.0,1187.4000244140625,16313
2026-03-13 04:55:00,1187.0,1191.0,1186.9000244140625,1190.4000244140625,17321
2026-03-13 05:00:00,1190.300048828125,1192.800048828125,1188.5999755859375,1188.800048828125,22873
2026-03-13 05:05:00,1189.4000244140625,1190.4000244140625,1189.0999755859375,1190.0,11963
2026-03-13 05:10:00,1190.4000244140625,1190.4000244140625,1188.5,1190.0,16724
2026-03-13 05:15:00,1190.0,1191.0,1188.800048828125,1190.5999755859375,10906
2026-03-13 05:20:00,1191.0,1197.9000244140625,1190.300048828125,1196.0,39663
2026-03-13 05:25:00,1196.800048828125,1196.9000244140625,1194.5999755859375,1196.9000244140625,18562
2026-03-13 05:30:00,1196.9000244140625,1196.9000244140625,1194.800048828125,1196.4000244140625,14403
2026-03-13 05:35:00,1196.4000244140625,1196.9000244140625,1192.0,1192.300048828125,14602
2026-03-13 05:40:00,1192.300048828125,1194.4000244140625,1191.5,1191.9000244140625,15957
2026-03-13 05:45:00,1192.0,1192.5,1190.4000244140625,1191.699951171875,12113
2026-03-13 05:50:00,1191.4000244140625,1193.5999755859375,1191.0,1192.5999755859375,5803
2026-03-13 05:55:00,1192.0,1198.300048828125,1192.0,1198.0999755859375,22581
2026-03-13 06:00:00,1197.699951171875,1198.199951171875,1195.0999755859375,1197.0,18739
2026-03-13 06:05:00,1196.800048828125,1198.0999755859375,1193.4000244140625,1194.0,69591
2026-03-13 06:10:00,1194.4000244140625,1196.199951171875,1193.0,1193.300048828125,14704
2026-03-13 06:15:00,1193.300048828125,1193.9000244140625,1192.5,1193.4000244140625,19548
2026-03-13 06:20:00,1193.9000244140625,1194.5999755859375,1193.300048828125,1193.699951171875,9101
2026-03-13 06:25:00,1193.5999755859375,1193.5999755859375,1190.0999755859375,1190.9000244140625,14525
2026-03-13 06:30:00,1190.9000244140625,1191.5999755859375,1190.0,1191.4000244140625,21801
2026-03-13 06:35:00,1191.5999755859375,1191.5999755859375,1189.300048828125,1191.0,15922
2026-03-13 06:40:00,1190.4000244140625,1192.199951171875,1190.0,1191.5,9944
2026-03-13 06:45:00,1192.0999755859375,1192.5,1190.0999755859375,1190.0999755859375,6907
2026-03-13 06:50:00,1190.0,1190.4000244140625,1187.0,1187.699951171875,31039
2026-03-13 06:55:00,1187.4000244140625,1189.4000244140625,1187.0,1188.0999755859375,14700
2026-03-13 07:00:00,1188.5999755859375,1188.699951171875,1185.300048828125,1186.9000244140625,24537
2026-03-13 07:05:00,1187.5,1187.5,1184.5,1185.800048828125,37658
2026-03-13 07:10:00,1185.800048828125,1186.0999755859375,1184.0,1185.699951171875,14040
2026-03-13 07:15:00,1185.699951171875,1188.0,1184.0,1187.5,17748
2026-03-13 07:20:00,1187.4000244140625,1187.5,1184.5999755859375,1184.9000244140625,13247
2026-03-13 07:25:00,1185.199951171875,1186.9000244140625,1184.0999755859375,1186.0,14841
2026-03-13 07:30:00,1185.9000244140625,1186.0,1184.0,1185.0999755859375,19599
2026-03-13 07:35:00,1185.0,1185.800048828125,1181.5999755859375,1182.300048828125,30063
2026-03-13 07:40:00,1181.699951171875,1182.5,1180.199951171875,1180.300048828125,25746
2026-03-13 07:45:00,1180.300048828125,1182.0999755859375,1177.0999755859375,1177.5,70025
2026-03-13 07:50:00,1177.4000244140625,1177.699951171875,1175.0,1175.0,50399
2026-03-13 07:55:00,1175.0,1180.0999755859375,1174.4000244140625,1179.0,17186
2026-03-13 08:00:00,1178.5999755859375,1181.5,1177.199951171875,1177.199951171875,24522
2026-03-13 08:05:00,1177.199951171875,1178.5999755859375,1174.800048828125,1175.5999755859375,37303
2026-03-13 08:10:00,1175.5,1177.0,1174.5999755859375,1177.0,15835
2026-03-13 08:15:00,1177.0,1178.5,1175.0999755859375,1177.5,30896
2026-03-13 08:20:00,1177.800048828125,1177.9000244140625,1175.300048828125,1176.5,15677
2026-03-13 08:25:00,1176.5,1176.800048828125,1174.0,1174.699951171875,20960
2026-03-13 08:30:00,1174.699951171875,1176.5,1174.5,1175.9000244140625,22561
2026-03-13 08:35:00,1175.9000244140625,1177.800048828125,1175.9000244140625,1177.5999755859375,12545
2026-03-13 08:40:00,1177.699951171875,1179.5999755859375,1177.0,1179.5,19761
2026-03-13 08:45:00,1179.199951171875,1179.5999755859375,1176.9000244140625,1179.5999755859375,20624
2026-03-13 08:50:00,1179.5,1181.0,1177.699951171875,1178.300048828125,44165
2026-03-13 08:55:00,1178.5,1178.699951171875,1176.0999755859375,1176.300048828125,19409
2026-03-13 09:00:00,1175.800048828125,1180.699951171875,1175.800048828125,1179.5999755859375,31209
2026-03-13 09:05:00,1179.5,1180.699951171875,1176.800048828125,1176.800048828125,37228
2026-03-13 09:10:00,1177.199951171875,1178.0999755859375,1175.9000244140625,1176.9000244140625,28712
2026-03-13 09:15:00,1176.9000244140625,1177.0,1173.300048828125,1176.5,51762
2026-03-13 09:20:00,1176.699951171875,1178.699951171875,1174.9000244140625,1175.5999755859375,28246
2026-03-13 09:25:00,1176.4000244140625,1176.4000244140625,1174.5999755859375,1176.300048828125,33662
2026-03-13 09:30:00,1174.800048828125,1176.9000244140625,1174.5,1174.5,27526
2026-03-13 09:35:00,1174.800048828125,1175.4000244140625,1172.199951171875,1173.300048828125,44143
2026-03-13 09:40:00,1174.0,1179.4000244140625,1172.9000244140625,1178.5,60880
2026-03-13 09:45:00,1178.300048828125,1178.800048828125,1176.0999755859375,1178.0,50006
2026-03-13 09:50:00,1178.0999755859375,1179.0,1176.4000244140625,1177.0,50807
2026-03-13 09:55:00,1177.0,1178.0,1175.699951171875,1178.0,63939
2026-03-16 03:45:00,1178.199951171875,1186.0,1168.5,1172.0,0
2026-03-16 03:50:00,1172.0,1174.300048828125,1169.800048828125,1171.0999755859375,96110
2026-03-16 03:55:00,1171.699951171875,1174.199951171875,1170.199951171875,1172.5,32951
2026-03-16 04:00:00,1174.0,1179.9000244140625,1173.4000244140625,1179.0,41278
2026-03-16 04:05:00,1179.4000244140625,1182.0,1178.9000244140625,1181.800048828125,40318
2026-03-16 04:10:00,1182.800048828125,1188.0,1182.800048828125,1186.0,71282
2026-03-16 04:15:00,1185.4000244140625,1194.699951171875,1185.300048828125,1194.4000244140625,81455
2026-03-16 04:20:00,1194.0,1195.9000244140625,1190.5999755859375,1191.300048828125,47546
2026-03-16 04:25:00,1190.5999755859375,1194.0,1188.0999755859375,1190.699951171875,52169
2026-03-16 04:30:00,1190.5,1194.0,1189.0999755859375,1191.5,34986
2026-03-16 04:35:00,1192.199951171875,1192.800048828125,1187.0,1187.0,16140
2026-03-16 04:40:00,1187.0,1187.5999755859375,1182.4000244140625,1184.5999755859375,30802
2026-03-16 04:45:00,1183.5,1183.5,1178.4000244140625,1178.4000244140625,25654
2026-03-16 04:50:00,1178.0,1178.0,1170.0,1170.300048828125,40330
2026-03-16 04:55:00,1170.300048828125,1172.0,1167.5999755859375,1167.5999755859375,45060
2026-03-16 05:00:00,1167.5,1170.699951171875,1165.0999755859375,1165.5999755859375,60678
2026-03-16 05:05:00,1165.4000244140625,1167.5999755859375,1163.9000244140625,1164.5999755859375,40044
2026-03-16 05:10:00,1165.0,1167.800048828125,1164.5,1165.0999755859375,14846
2026-03-16 05:15:00,1164.9000244140625,1167.0,1162.0,1162.800048828125,21403
2026-03-16 05:20:00,1162.4000244140625,1163.0,1160.0,1160.699951171875,34685
2026-03-16 05:25:00,1161.199951171875,1167.800048828125,1159.5,1167.5,26778
2026-03-16 05:30:00,1167.800048828125,1171.5999755859375,1166.800048828125,1170.0,26970
2026-03-16 05:35:00,1169.800048828125,1173.5,1169.0999755859375,1172.5999755859375,22318
2026-03-16 05:40:00,1172.4000244140625,1173.4000244140625,1166.5,1166.5,21022
2026-03-16 05:45:00,1167.5999755859375,1176.0,1167.5999755859375,1176.0,27835
2026-03-16 05:50:00,1175.800048828125,1176.4000244140625,1173.0999755859375,1175.4000244140625,30358
2026-03-16 05:55:00,1175.0999755859375,1175.0999755859375,1170.5,1171.0999755859375,23317
2026-03-16 06:00:00,1172.0,1172.5999755859375,1170.0,1171.300048828125,17542
2026-03-16 06:05:00,1170.5999755859375,1172.0999755859375,1168.0999755859375,1169.5,10625
2026-03-16 06:10:00,1169.4000244140625,1170.4000244140625,1168.0,1168.0,12240
2026-03-16 06:15:00,1168.0,1169.0,1167.4000244140625,1168.5,19457
2026-03-16 06:20:00,1168.800048828125,1169.9000244140625,1167.0,1167.9000244140625,7076
2026-03-16 06:25:00,1167.800048828125,1169.9000244140625,1166.5999755859375,1167.199951171875,12581
2026-03-16 06:30:00,1167.199951171875,1172.4000244140625,1167.199951171875,1169.9000244140625,16850
2026-03-16 06:35:00,1170.5999755859375,1171.699951171875,1168.800048828125,1169.0,12284
2026-03-16 06:40:00,1169.199951171875,1171.9000244140625,1167.5999755859375,1170.4000244140625,13184
2026-03-16 06:45:00,1170.300048828125,1170.300048828125,1168.0999755859375,1169.0,5996
2026-03-16 06:50:00,1169.0,1170.4000244140625,1168.0999755859375,1170.4000244140625,6288
2026-03-16 06:55:00,1170.5999755859375,1171.5,1169.5,1169.5,6113
2026-03-16 07:00:00,1169.4000244140625,1169.4000244140625,1164.4000244140625,1164.4000244140625,23223
2026-03-16 07:05:00,1164.5,1167.199951171875,1161.699951171875,1166.5999755859375,20543
2026-03-16 07:10:00,1166.800048828125,1167.5,1165.0999755859375,1165.0999755859375,9634
2026-03-16 07:15:00,1165.800048828125,1166.0,1162.0,1163.0,12740
2026-03-16 07:20:00,1162.300048828125,1167.5,1162.0999755859375,1166.5,12265
2026-03-16 07:25:00,1165.5,1166.0,1164.0,1164.9000244140625,5738
2026-03-16 07:30:00,1164.9000244140625,1168.5,1164.5,1165.199951171875,7922
2026-03-16 07:35:00,1163.0999755859375,1164.5999755859375,1161.5999755859375,1164.0,17178
2026-03-16 07:40:00,1163.9000244140625,1165.300048828125,1162.199951171875,1162.4000244140625,11423
2026-03-16 07:45:00,1162.4000244140625,1164.4000244140625,1162.4000244140625,1164.199951171875,10023
2026-03-16 07:50:00,1164.300048828125,1166.199951171875,1163.800048828125,1164.0,9277
2026-03-16 07:55:00,1165.0999755859375,1165.4000244140625,1163.199951171875,1163.800048828125,12569
2026-03-16 08:00:00,1163.800048828125,1165.0,1162.5999755859375,1162.5999755859375,10653
2026-03-16 08:05:00,1163.5,1165.5,1163.5,1165.300048828125,5035
2026-03-16 08:10:00,1165.4000244140625,1166.5999755859375,1163.699951171875,1163.699951171875,7374
2026-03-16 08:15:00,1163.699951171875,1165.300048828125,1163.0,1164.0,7351
2026-03-16 08:20:00,1164.5,1164.800048828125,1162.199951171875,1164.0,16138
2026-03-16 08:25:00,1163.199951171875,1165.5999755859375,1162.9000244140625,1164.699951171875,20077
2026-03-16 08:30:00,1165.0999755859375,1165.4000244140625,1163.300048828125,1164.0,9510
2026-03-16 08:35:00,1163.300048828125,1164.0999755859375,1161.0,1162.300048828125,13833
2026-03-16 08:40:00,1162.199951171875,1165.0,1161.0999755859375,1163.0,25150
2026-03-16 08:45:00,1163.0,1168.0999755859375,1161.5,1167.300048828125,23990
2026-03-16 08:50:00,1167.4000244140625,1172.300048828125,1167.4000244140625,1172.300048828125,31239
2026-03-16 08:55:00,1172.300048828125,1176.800048828125,1169.300048828125,1175.0999755859375,44119
2026-03-16 09:00:00,1177.0,1183.800048828125,1177.0,1183.0,43235
2026-03-16 09:05:00,1182.9000244140625,1185.9000244140625,1182.300048828125,1183.800048828125,42242
2026-03-16 09:10:00,1184.0,1189.0,1183.0999755859375,1188.0,39502
2026-03-16 09:15:00,1188.300048828125,1189.300048828125,1186.199951171875,1188.9000244140625,31069
2026-03-16 09:20:00,1189.300048828125,1191.699951171875,1187.699951171875,1189.9000244140625,33678
2026-03-16 09:25:00,1189.9000244140625,1191.0,1187.300048828125,1188.9000244140625,25965
2026-03-16 09:30:00,1187.0999755859375,1188.0,1183.0999755859375,1183.5999755859375,35220
2026-03-16 09:35:00,1182.5,1187.0,1182.5,1186.300048828125,36655
2026-03-16 09:40:00,1185.0,1187.699951171875,1184.0999755859375,1184.0999755859375,31576
2026-03-16 09:45:00,1184.800048828125,1186.9000244140625,1184.0999755859375,1185.300048828125,40968
2026-03-16 09:50:00,1184.800048828125,1185.5,1182.699951171875,1183.5999755859375,53666
2026-03-16 09:55:00,1183.0,1183.0999755859375,1181.699951171875,1182.5,36100
2026-03-17 03:45:00,1192.5999755859375,1197.0,1187.0,1188.5999755859375,0
2026-03-17 03:50:00,1188.5999755859375,1191.699951171875,1186.0,1188.9000244140625,43101
2026-03-17 03:55:00,1188.699951171875,1190.0,1186.800048828125,1187.699951171875,28892
2026-03-17 04:00:00,1188.4000244140625,1189.199951171875,1186.699951171875,1187.0,24417
2026-03-17 04:05:00,1187.4000244140625,1191.699951171875,1187.4000244140625,1191.699951171875,32026
2026-03-17 04:10:00,1191.300048828125,1194.5,1191.300048828125,1193.5,32999
2026-03-17 04:15:00,1193.5,1195.0,1191.5,1191.5999755859375,32690
2026-03-17 04:20:00,1191.5999755859375,1194.9000244140625,1189.800048828125,1194.9000244140625,32501
2026-03-17 04:25:00,1194.5999755859375,1195.5999755859375,1192.699951171875,1195.4000244140625,28620
2026-03-17 04:30:00,1195.5,1198.0,1195.5,1197.800048828125,34333
2026-03-17 04:35:00,1197.800048828125,1200.0,1194.5999755859375,1196.0,42386
2026-03-17 04:40:00,1196.0999755859375,1196.9000244140625,1195.0,1196.699951171875,13596
2026-03-17 04:45:00,1196.9000244140625,1199.5999755859375,1196.9000244140625,1199.5,34837
2026-03-17 04:50:00,1199.0999755859375,1202.699951171875,1199.0999755859375,1200.800048828125,45429
2026-03-17 04:55:00,1200.5999755859375,1200.5999755859375,1196.4000244140625,1196.699951171875,44834
2026-03-17 05:00:00,1196.5999755859375,1196.800048828125,1194.0999755859375,1194.199951171875,28593
2026-03-17 05:05:00,1194.199951171875,1194.9000244140625,1192.0,1194.9000244140625,17389
2026-03-17 05:10:00,1194.699951171875,1195.0,1193.199951171875,1195.0,8786
2026-03-17 05:15:00,1195.0,1196.0,1194.9000244140625,1195.9000244140625,14058
2026-03-17 05:20:00,1196.0999755859375,1197.5999755859375,1196.0999755859375,1197.4000244140625,14322
2026-03-17 05:25:00,1197.5,1199.0,1196.5,1197.0999755859375,13135
2026-03-17 05:30:00,1196.800048828125,1197.199951171875,1195.5,1196.4000244140625,11737
2026-03-17 05:35:00,1196.5,1196.699951171875,1192.0,1192.5,13373
2026-03-17 05:40:00,1192.800048828125,1193.800048828125,1192.300048828125,1192.5,22821
2026-03-17 05:45:00,1192.300048828125,1193.5999755859375,1190.5,1191.0,18387
2026-03-17 05:50:00,1190.800048828125,1191.5,1189.0999755859375,1189.699951171875,18561
2026-03-17 05:55:00,1189.5,1189.699951171875,1186.0,1188.4000244140625,17711
2026-03-17 06:00:00,1188.4000244140625,1189.0999755859375,1187.0999755859375,1188.199951171875,15016
2026-03-17 06:05:00,1187.5,1189.4000244140625,1186.4000244140625,1188.5999755859375,24718
2026-03-17 06:10:00,1188.4000244140625,1189.300048828125,1187.0999755859375,1188.5999755859375,11552
2026-03-17 06:15:00,1188.800048828125,1189.699951171875,1186.800048828125,1187.5,19755
2026-03-17 06:20:00,1187.800048828125,1189.699951171875,1187.0999755859375,1188.0999755859375,8320
2026-03-17 06:25:00,1187.0999755859375,1187.800048828125,1186.0999755859375,1187.4000244140625,24055
2026-03-17 06:30:00,1187.0999755859375,1188.699951171875,1185.300048828125,1186.0,15206
2026-03-17 06:35:00,1186.4000244140625,1187.5999755859375,1186.0,1187.199951171875,6654
2026-03-17 06:40:00,1187.5999755859375,1187.5999755859375,1185.4000244140625,1186.4000244140625,16685
2026-03-17 06:45:00,1186.5,1186.5,1184.199951171875,1184.5999755859375,21024
2026-03-17 06:50:00,1184.199951171875,1185.0,1183.5999755859375,1184.0999755859375,19272
2026-03-17 06:55:00,1184.4000244140625,1184.4000244140625,1181.699951171875,1182.0,22983
2026-03-17 07:00:00,1182.5999755859375,1184.0,1182.0,1183.9000244140625,35299
2026-03-17 07:05:00,1183.699951171875,1185.5999755859375,1183.699951171875,1185.4000244140625,13256
2026-03-17 07:10:00,1184.800048828125,1186.5,1183.300048828125,1186.300048828125,10891
2026-03-17 07:15:00,1186.199951171875,1188.300048828125,1186.0,1187.5,29925
2026-03-17 07:20:00,1187.9000244140625,1189.0,1186.699951171875,1188.699951171875,24996
2026-03-17 07:25:00,1188.5,1189.300048828125,1186.9000244140625,1189.300048828125,20457
2026-03-17 07:30:00,1189.4000244140625,1189.9000244140625,1188.0,1188.199951171875,22185
2026-03-17 07:35:00,1188.9000244140625,1189.5,1186.0999755859375,1188.9000244140625,12690
2026-03-17 07:40:00,1189.0,1191.0,1189.0,1190.9000244140625,13527
2026-03-17 07:45:00,1191.0,1192.0,1190.0,1190.5,16438
2026-03-17 07:50:00,1190.5,1191.5,1189.0999755859375,1189.699951171875,17353
2026-03-17 07:55:00,1189.800048828125,1190.199951171875,1187.699951171875,1189.9000244140625,20346
2026-03-17 08:00:00,1189.5999755859375,1192.0,1189.0,1190.199951171875,38818
2026-03-17 08:05:00,1190.4000244140625,1191.0,1188.199951171875,1188.9000244140625,11190
2026-03-17 08:10:00,1188.300048828125,1190.9000244140625,1188.199951171875,1190.300048828125,9767
2026-03-17 08:15:00,1190.699951171875,1191.5999755859375,1190.0,1191.199951171875,6664
2026-03-17 08:20:00,1191.9000244140625,1192.5,1190.9000244140625,1191.5999755859375,9864
2026-03-17 08:25:00,1191.199951171875,1191.9000244140625,1189.699951171875,1189.699951171875,16213
2026-03-17 08:30:00,1189.9000244140625,1193.0,1189.699951171875,1192.699951171875,15811
2026-03-17 08:35:00,1192.4000244140625,1192.699951171875,1190.4000244140625,1191.0,8592
2026-03-17 08:40:00,1191.9000244140625,1194.0,1191.5,1193.0999755859375,15508
2026-03-17 08:45:00,1193.4000244140625,1193.4000244140625,1190.5999755859375,1191.800048828125,13935
2026-03-17 08:50:00,1191.199951171875,1191.9000244140625,1189.4000244140625,1190.0999755859375,13598
2026-03-17 08:55:00,1189.800048828125,1190.0,1188.199951171875,1190.0,10718
2026-03-17 09:00:00,1190.0,1191.5,1190.0,1190.9000244140625,9692
2026-03-17 09:05:00,1190.9000244140625,1192.0,1190.4000244140625,1191.800048828125,13020
2026-03-17 09:10:00,1191.199951171875,1193.4000244140625,1190.0999755859375,1191.0,19284
2026-03-17 09:15:00,1191.0999755859375,1192.0,1188.800048828125,1192.0,21019
2026-03-17 09:20:00,1192.0,1195.199951171875,1191.0999755859375,1195.199951171875,44723
2026-03-17 09:25:00,1195.9000244140625,1197.5999755859375,1195.5999755859375,1197.0,26123
2026-03-17 09:30:00,1197.0999755859375,1197.0999755859375,1191.199951171875,1192.699951171875,38871
2026-03-17 09:35:00,1193.4000244140625,1195.9000244140625,1192.5,1195.0999755859375,25931
2026-03-17 09:40:00,1195.0,1196.300048828125,1193.5,1196.0999755859375,41698
2026-03-17 09:45:00,1196.0999755859375,1197.0,1194.0,1194.0,46392
2026-03-17 09:50:00,1195.199951171875,1206.0,1195.199951171875,1204.300048828125,151056
2026-03-17 09:55:00,1204.300048828125,1205.199951171875,1203.0,1203.4000244140625,43211
2026-03-18 03:45:00,1206.9000244140625,1216.199951171875,1205.300048828125,1215.699951171875,0
2026-03-18 03:50:00,1215.199951171875,1218.9000244140625,1214.9000244140625,1217.0,63468
2026-03-18 03:55:00,1216.699951171875,1223.5999755859375,1215.5999755859375,1221.699951171875,103368
2026-03-18 04:00:00,1221.699951171875,1223.9000244140625,1219.800048828125,1223.0,58580
2026-03-18 04:05:00,1222.0999755859375,1223.4000244140625,1220.5999755859375,1221.800048828125,27250
2026-03-18 04:10:00,1221.300048828125,1223.9000244140625,1219.5999755859375,1223.9000244140625,34142
2026-03-18 04:15:00,1224.199951171875,1224.5,1222.0999755859375,1222.4000244140625,29293
2026-03-18 04:20:00,1222.0,1224.0,1221.0999755859375,1222.4000244140625,22272
2026-03-18 04:25:00,1222.800048828125,1222.9000244140625,1219.800048828125,1220.9000244140625,25914
2026-03-18 04:30:00,1221.5,1222.5,1217.800048828125,1218.0,27796
2026-03-18 04:35:00,1218.0,1221.0,1217.9000244140625,1219.4000244140625,25984
2026-03-18 04:40:00,1219.0999755859375,1222.0,1217.5999755859375,1218.5999755859375,30888
2026-03-18 04:45:00,1218.5999755859375,1221.300048828125,1218.0999755859375,1220.4000244140625,18909
2026-03-18 04:50:00,1220.4000244140625,1222.0,1218.5,1222.0,20888
2026-03-18 04:55:00,1222.0,1222.0999755859375,1220.0999755859375,1220.5,15498
2026-03-18 05:00:00,1220.5,1223.199951171875,1220.0,1222.4000244140625,15565
2026-03-18 05:05:00,1221.699951171875,1226.0,1221.699951171875,1225.699951171875,40535
2026-03-18 05:10:00,1225.300048828125,1225.800048828125,1223.0,1223.199951171875,10914
2026-03-18 05:15:00,1224.0,1225.800048828125,1223.300048828125,1224.0999755859375,16289
2026-03-18 05:20:00,1224.5,1228.0,1224.0999755859375,1227.699951171875,28488
2026-03-18 05:25:00,1227.699951171875,1228.5999755859375,1226.5999755859375,1227.5,22927
2026-03-18 05:30:00,1228.0,1229.0,1226.0,1228.5999755859375,22937
2026-03-18 05:35:00,1229.0,1233.0,1228.199951171875,1233.0,52179
2026-03-18 05:40:00,1232.800048828125,1233.0,1228.199951171875,1229.5,36614
2026-03-18 05:45:00,1229.0999755859375,1229.9000244140625,1226.9000244140625,1229.9000244140625,20923
2026-03-18 05:50:00,1229.9000244140625,1231.0,1228.0999755859375,1230.800048828125,24981
2026-03-18 05:55:00,1230.800048828125,1232.0,1229.0,1229.300048828125,19680
2026-03-18 06:00:00,1229.699951171875,1231.9000244140625,1228.800048828125,1231.9000244140625,14124
2026-03-18 06:05:00,1231.4000244140625,1233.300048828125,1231.199951171875,1232.9000244140625,17610
2026-03-18 06:10:00,1233.0,1233.300048828125,1231.199951171875,1231.9000244140625,19010
2026-03-18 06:15:00,1231.300048828125,1232.0,1230.0999755859375,1230.0999755859375,10530
2026-03-18 06:20:00,1230.0999755859375,1232.5,1230.0,1232.0999755859375,15843
2026-03-18 06:25:00,1232.0,1233.5,1231.300048828125,1233.0,21081
2026-03-18 06:30:00,1233.0,1236.0,1231.300048828125,1231.5,51640
2026-03-18 06:35:00,1231.5999755859375,1232.5999755859375,1230.0,1230.800048828125,18511
2026-03-18 06:40:00,1230.800048828125,1232.0,1230.0999755859375,1231.300048828125,14140
2026-03-18 06:45:00,1231.300048828125,1233.5,1230.199951171875,1233.300048828125,25627
2026-03-18 06:50:00,1233.300048828125,1233.5,1231.0,1231.0,12155
2026-03-18 06:55:00,1231.5999755859375,1233.300048828125,1230.5,1233.0999755859375,10269
2026-03-18 07:00:00,1233.0,1233.4000244140625,1232.199951171875,1232.5999755859375,8865
2026-03-18 07:05:00,1233.0999755859375,1234.4000244140625,1232.5999755859375,1233.300048828125,13970
2026-03-18 07:10:00,1234.0,1237.800048828125,1233.0999755859375,1237.5999755859375,44096
2026-03-18 07:15:00,1237.800048828125,1238.4000244140625,1233.0999755859375,1236.0,30465
2026-03-18 07:20:00,1235.9000244140625,1238.4000244140625,1235.0999755859375,1235.699951171875,17183
2026-03-18 07:25:00,1236.0,1237.199951171875,1233.5,1236.800048828125,18198
2026-03-18 07:30:00,1236.800048828125,1239.0999755859375,1236.0999755859375,1238.0,25266
2026-03-18 07:35:00,1238.5,1238.5,1233.5999755859375,1235.300048828125,21264
2026-03-18 07:40:00,1235.0,1237.699951171875,1235.0,1237.5999755859375,15457
2026-03-18 07:45:00,1237.699951171875,1238.9000244140625,1237.0,1237.5999755859375,15563
2026-03-18 07:50:00,1237.800048828125,1243.699951171875,1237.800048828125,1240.699951171875,67791
2026-03-18 07:55:00,1240.0999755859375,1240.5,1238.5,1240.0,15344
2026-03-18 08:00:00,1240.0,1243.0999755859375,1240.0,1241.9000244140625,35125
2026-03-18 08:05:00,1241.5999755859375,1243.199951171875,1240.0,1242.5,18074
2026-03-18 08:10:00,1242.4000244140625,1243.5,1241.699951171875,1243.5,20548
2026-03-18 08:15:00,1243.5,1244.0,1241.0,1241.699951171875,22915
2026-03-18 08:20:00,1241.300048828125,1242.199951171875,1240.0999755859375,1241.699951171875,14074
2026-03-18 08:25:00,1242.4000244140625,1242.5999755859375,1240.5,1240.5,11934
2026-03-18 08:30:00,1240.9000244140625,1242.9000244140625,1240.0999755859375,1240.0999755859375,13608
2026-03-18 08:35:00,1240.300048828125,1240.5,1238.4000244140625,1240.0,13995
2026-03-18 08:40:00,1240.300048828125,1240.5999755859375,1238.5,1239.0,29039
2026-03-18 08:45:00,1239.0999755859375,1241.199951171875,1238.199951171875,1240.699951171875,27973
2026-03-18 08:50:00,1240.800048828125,1243.0,1239.699951171875,1242.800048828125,18539
2026-03-18 08:55:00,1242.5999755859375,1242.5999755859375,1239.0,1239.4000244140625,12209
2026-03-18 09:00:00,1239.0,1239.0999755859375,1235.5999755859375,1236.0,31028
2026-03-18 09:05:00,1236.199951171875,1237.0,1233.5999755859375,1234.5,25998
2026-03-18 09:10:00,1234.800048828125,1235.300048828125,1231.5999755859375,1232.0999755859375,26776
2026-03-18 09:15:00,1231.699951171875,1234.5,1231.5,1234.199951171875,23729
2026-03-18 09:20:00,1234.199951171875,1234.5,1232.0999755859375,1233.0,13452
2026-03-18 09:25:00,1232.699951171875,1236.699951171875,1232.699951171875,1236.699951171875,25759
2026-03-18 09:30:00,1237.300048828125,1237.300048828125,1233.199951171875,1234.800048828125,22948
2026-03-18 09:35:00,1234.199951171875,1235.9000244140625,1234.199951171875,1235.0,20570
2026-03-18 09:40:00,1234.0,1236.699951171875,1233.800048828125,1234.0,36471
2026-03-18 09:45:00,1234.9000244140625,1235.300048828125,1232.5999755859375,1233.9000244140625,36160
2026-03-18 09:50:00,1233.300048828125,1233.4000244140625,1230.800048828125,1232.800048828125,37615
2026-03-18 09:55:00,1232.800048828125,1234.0,1232.0,1233.0,45435
2026-03-19 03:45:00,1205.0,1213.0999755859375,1204.5,1205.0,0
2026-03-19 03:50:00,1203.4000244140625,1208.9000244140625,1198.0,1208.9000244140625,103780
2026-03-19 03:55:00,1208.800048828125,1210.0,1207.9000244140625,1209.0,37067
2026-03-19 04:00:00,1208.699951171875,1210.0999755859375,1207.199951171875,1209.199951171875,39030
2026-03-19 04:05:00,1209.5,1212.0,1205.800048828125,1206.300048828125,48138
2026-03-19 04:10:00,1206.5,1207.0,1203.0,1203.699951171875,42464
2026-03-19 04:15:00,1203.699951171875,1205.199951171875,1200.0,1201.300048828125,52251
2026-03-19 04:20:00,1201.199951171875,1204.0999755859375,1199.0,1199.0999755859375,58475
2026-03-19 04:25:00,1199.0999755859375,1200.800048828125,1197.5999755859375,1198.800048828125,47482
2026-03-19 04:30:00,1199.5999755859375,1200.5999755859375,1197.0999755859375,1200.0,25364
2026-03-19 04:35:00,1200.300048828125,1202.199951171875,1198.300048828125,1201.800048828125,21557
2026-03-19 04:40:00,1201.0999755859375,1202.0,1199.0999755859375,1199.0999755859375,19496
2026-03-19 04:45:00,1199.5999755859375,1199.5999755859375,1197.699951171875,1198.5999755859375,22292
2026-03-19 04:50:00,1199.199951171875,1201.800048828125,1198.9000244140625,1200.300048828125,17051
2026-03-19 04:55:00,1200.4000244140625,1201.9000244140625,1199.5,1200.9000244140625,15334
2026-03-19 05:00:00,1201.0999755859375,1204.0,1200.4000244140625,1203.9000244140625,19812
2026-03-19 05:05:00,1203.4000244140625,1206.199951171875,1202.0,1206.199951171875,21609
2026-03-19 05:10:00,1205.9000244140625,1206.4000244140625,1202.5999755859375,1204.800048828125,18622
2026-03-19 05:15:00,1203.699951171875,1204.0999755859375,1201.199951171875,1201.199951171875,13844
2026-03-19 05:20:00,1201.300048828125,1201.800048828125,1200.0999755859375,1201.0,24659
2026-03-19 05:25:00,1201.0,1202.9000244140625,1200.5,1200.800048828125,10373
2026-03-19 05:30:00,1200.800048828125,1200.800048828125,1198.0,1199.4000244140625,29427
2026-03-19 05:35:00,1199.4000244140625,1199.5,1196.199951171875,1197.0,23053
2026-03-19 05:40:00,1196.699951171875,1199.5,1196.5,1198.0999755859375,15898
2026-03-19 05:45:00,1197.699951171875,1198.0999755859375,1196.5999755859375,1197.300048828125,13767
2026-03-19 05:50:00,1197.0999755859375,1199.9000244140625,1196.0999755859375,1199.300048828125,14461
2026-03-19 05:55:00,1199.0,1199.199951171875,1196.800048828125,1197.5,15560
2026-03-19 06:00:00,1197.0,1200.5,1197.0,1199.9000244140625,8974
2026-03-19 06:05:00,1199.9000244140625,1200.300048828125,1198.300048828125,1199.9000244140625,8411
2026-03-19 06:10:00,1199.800048828125,1199.800048828125,1198.300048828125,1199.0999755859375,7179
2026-03-19 06:15:00,1199.0999755859375,1200.0,1198.4000244140625,1199.4000244140625,8437
2026-03-19 06:20:00,1199.4000244140625,1202.4000244140625,1199.0,1201.9000244140625,25163
2026-03-19 06:25:00,1201.5,1201.800048828125,1199.5999755859375,1201.4000244140625,11965
2026-03-19 06:30:00,1201.5,1201.5,1199.0999755859375,1200.199951171875,6415
2026-03-19 06:35:00,1200.0,1200.699951171875,1199.199951171875,1200.5999755859375,5803
2026-03-19 06:40:00,1200.0999755859375,1203.0,1199.199951171875,1203.0,6249
2026-03-19 06:45:00,1203.0,1205.0,1202.699951171875,1203.699951171875,11231
2026-03-19 06:50:00,1203.4000244140625,1204.4000244140625,1200.699951171875,1201.199951171875,21040
2026-03-19 06:55:00,1201.0,1202.5,1200.0999755859375,1202.300048828125,10639
2026-03-19 07:00:00,1201.800048828125,1203.4000244140625,1201.0999755859375,1202.9000244140625,8254
2026-03-19 07:05:00,1203.0,1204.699951171875,1202.4000244140625,1203.800048828125,9448
2026-03-19 07:10:00,1204.4000244140625,1204.4000244140625,1202.0,1202.800048828125,6341
2026-03-19 07:15:00,1203.0,1204.699951171875,1202.300048828125,1204.0999755859375,6199
2026-03-19 07:20:00,1204.0999755859375,1204.5999755859375,1203.0,1203.5,3990
2026-03-19 07:25:00,1203.699951171875,1204.4000244140625,1203.199951171875,1203.800048828125,4036
2026-03-19 07:30:00,1203.4000244140625,1203.800048828125,1201.0999755859375,1201.4000244140625,8007
2026-03-19 07:35:00,1201.4000244140625,1202.0,1200.0,1200.800048828125,11035
2026-03-19 07:40:00,1200.4000244140625,1201.800048828125,1199.199951171875,1200.300048828125,16657
2026-03-19 07:45:00,1200.0,1200.300048828125,1198.9000244140625,1199.0,9540
2026-03-19 07:50:00,1199.0,1199.9000244140625,1198.199951171875,1198.800048828125,6527
2026-03-19 07:55:00,1198.4000244140625,1199.0,1198.0,1198.699951171875,15074
2026-03-19 08:00:00,1199.0,1199.5,1197.699951171875,1197.800048828125,15162
2026-03-19 08:05:00,1197.5,1198.9000244140625,1197.0999755859375,1198.9000244140625,11846
2026-03-19 08:10:00,1198.5999755859375,1200.0,1198.0,1198.5999755859375,9440
2026-03-19 08:15:00,1198.5999755859375,1200.0,1198.5,1198.5,9653
2026-03-19 08:20:00,1198.5,1200.0,1198.199951171875,1199.4000244140625,12707
2026-03-19 08:25:00,1199.0,1199.4000244140625,1196.4000244140625,1196.800048828125,26812
2026-03-19 08:30:00,1196.199951171875,1197.5999755859375,1194.0,1194.0999755859375,36015
2026-03-19 08:35:00,1194.199951171875,1194.9000244140625,1193.4000244140625,1193.699951171875,18042
2026-03-19 08:40:00,1193.5,1194.5999755859375,1192.800048828125,1193.699951171875,16680
2026-03-19 08:45:00,1193.699951171875,1196.199951171875,1193.4000244140625,1195.5,11439
2026-03-19 08:50:00,1195.5,1195.5,1193.5,1195.199951171875,17991
2026-03-19 08:55:00,1195.199951171875,1195.5,1193.0,1193.9000244140625,19822
2026-03-19 09:00:00,1194.0999755859375,1196.300048828125,1193.300048828125,1195.300048828125,17054
2026-03-19 09:05:00,1195.0999755859375,1196.0,1193.0999755859375,1193.4000244140625,15048
2026-03-19 09:10:00,1193.5,1196.0,1191.4000244140625,1196.0,84415
2026-03-19 09:15:00,1196.5999755859375,1196.5999755859375,1192.0,1192.9000244140625,39841
2026-03-19 09:20:00,1192.4000244140625,1192.5999755859375,1189.800048828125,1189.800048828125,61251
2026-03-19 09:25:00,1190.300048828125,1191.4000244140625,1188.4000244140625,1189.699951171875,36732
2026-03-19 09:30:00,1189.199951171875,1194.4000244140625,1188.0,1192.800048828125,46327
2026-03-19 09:35:00,1192.800048828125,1193.0,1190.4000244140625,1192.300048828125,27149
2026-03-19 09:40:00,1192.199951171875,1195.199951171875,1191.300048828125,1194.0,55046
2026-03-19 09:45:00,1194.0999755859375,1197.199951171875,1192.5999755859375,1196.9000244140625,65487
2026-03-19 09:50:00,1197.5,1199.0,1196.699951171875,1197.5999755859375,33647
2026-03-19 09:55:00,1197.4000244140625,1198.4000244140625,1195.9000244140625,1196.0,50109
2026-03-20 03:45:00,1199.5,1211.9000244140625,1199.5,1211.699951171875,0
2026-03-20 03:50:00,1212.0,1212.0,1205.5,1207.0,39870
2026-03-20 03:55:00,1206.4000244140625,1208.0,1205.4000244140625,1208.0,23804
2026-03-20 04:00:00,1208.9000244140625,1209.800048828125,1206.0999755859375,1209.0,24165
2026-03-20 04:05:00,1209.0,1209.4000244140625,1204.800048828125,1205.0,34416
2026-03-20 04:10:00,1205.5,1205.5,1201.0,1202.699951171875,27262
2026-03-20 04:15:00,1203.0999755859375,1204.300048828125,1202.0999755859375,1202.9000244140625,15326
2026-03-20 04:20:00,1202.5,1203.699951171875,1200.9000244140625,1203.699951171875,28692
2026-03-20 04:25:00,1203.199951171875,1203.699951171875,1200.300048828125,1200.9000244140625,22605
2026-03-20 04:30:00,1201.0,1202.300048828125,1200.0,1201.0,45472
2026-03-20 04:35:00,1201.0,1203.300048828125,1198.800048828125,1198.800048828125,20547
2026-03-20 04:40:00,1198.699951171875,1199.699951171875,1197.0,1197.300048828125,39304
2026-03-20 04:45:00,1197.699951171875,1198.0,1192.300048828125,1194.300048828125,45610
2026-03-20 04:50:00,1194.300048828125,1194.5999755859375,1191.699951171875,1194.0,16811
2026-03-20 04:55:00,1194.5,1198.800048828125,1194.0,1197.800048828125,16820
2026-03-20 05:00:00,1197.800048828125,1199.800048828125,1197.0999755859375,1198.5,11478
2026-03-20 05:05:00,1198.300048828125,1199.9000244140625,1197.199951171875,1197.5,15227
2026-03-20 05:10:00,1197.5,1200.4000244140625,1197.5,1200.0,10969
2026-03-20 05:15:00,1200.9000244140625,1201.199951171875,1198.0,1199.0999755859375,18200
2026-03-20 05:20:00,1199.9000244140625,1202.300048828125,1199.5,1200.699951171875,13397
2026-03-20 05:25:00,1201.5999755859375,1201.699951171875,1199.5999755859375,1201.300048828125,17174
2026-03-20 05:30:00,1201.5,1202.199951171875,1200.4000244140625,1201.300048828125,7378
2026-03-20 05:35:00,1200.800048828125,1202.5,1200.5,1201.9000244140625,12967
2026-03-20 05:40:00,1202.0,1202.0,1200.0,1200.5,10779
2026-03-20 05:45:00,1200.4000244140625,1202.199951171875,1200.0999755859375,1201.9000244140625,14627
2026-03-20 05:50:00,1201.5,1205.199951171875,1201.5,1204.0,22176
2026-03-20 05:55:00,1203.800048828125,1205.0,1202.199951171875,1204.800048828125,23973
2026-03-20 06:00:00,1205.0,1207.9000244140625,1205.0,1205.699951171875,18322
2026-03-20 06:05:00,1206.0,1206.0,1204.300048828125,1204.699951171875,8306
2026-03-20 06:10:00,1204.699951171875,1205.4000244140625,1200.9000244140625,1201.5999755859375,14935
2026-03-20 06:15:00,1201.5,1204.9000244140625,1201.0999755859375,1204.9000244140625,7129
2026-03-20 06:20:00,1204.0999755859375,1204.699951171875,1200.800048828125,1201.300048828125,10023
2026-03-20 06:25:00,1200.800048828125,1201.0999755859375,1197.300048828125,1198.5999755859375,16086
2026-03-20 06:30:00,1198.800048828125,1199.300048828125,1194.0999755859375,1195.199951171875,19213
2026-03-20 06:35:00,1195.199951171875,1197.199951171875,1194.199951171875,1194.199951171875,7973
2026-03-20 06:40:00,1194.300048828125,1196.699951171875,1194.0,1194.9000244140625,10908
2026-03-20 06:45:00,1195.0,1195.0,1192.300048828125,1192.300048828125,10017
2026-03-20 06:50:00,1192.0,1192.9000244140625,1191.0999755859375,1191.699951171875,13063
2026-03-20 06:55:00,1191.5,1192.4000244140625,1191.0,1192.0,17164
2026-03-20 07:00:00,1192.0999755859375,1194.0,1190.0,1194.0,14884
2026-03-20 07:05:00,1193.9000244140625,1198.800048828125,1193.0999755859375,1198.0,16332
2026-03-20 07:10:00,1198.300048828125,1199.699951171875,1196.9000244140625,1198.9000244140625,6617
2026-03-20 07:15:00,1198.9000244140625,1199.5,1198.0999755859375,1198.9000244140625,5563
2026-03-20 07:20:00,1198.800048828125,1200.0,1197.0,1199.0999755859375,11362
2026-03-20 07:25:00,1199.800048828125,1201.0,1196.300048828125,1197.0,19752
2026-03-20 07:30:00,1197.0,1198.9000244140625,1195.199951171875,1198.5,6087
2026-03-20 07:35:00,1198.699951171875,1198.9000244140625,1197.0999755859375,1198.0,4310
2026-03-20 07:40:00,1198.0,1199.0,1197.0999755859375,1198.5999755859375,7195
2026-03-20 07:45:00,1198.9000244140625,1200.800048828125,1197.4000244140625,1197.4000244140625,8339
2026-03-20 07:50:00,1197.800048828125,1197.800048828125,1196.0999755859375,1197.4000244140625,6993
2026-03-20 07:55:00,1197.4000244140625,1199.5,1196.5999755859375,1198.5,6449
2026-03-20 08:00:00,1199.0,1199.699951171875,1197.800048828125,1198.0999755859375,8633
2026-03-20 08:05:00,1198.800048828125,1201.0,1198.199951171875,1200.300048828125,6645
2026-03-20 08:10:00,1200.699951171875,1200.699951171875,1198.0999755859375,1198.5,7421
2026-03-20 08:15:00,1198.5,1198.5,1196.0,1196.5,8636
2026-03-20 08:20:00,1196.0999755859375,1197.800048828125,1195.5999755859375,1197.199951171875,10116
2026-03-20 08:25:00,1198.0,1198.4000244140625,1195.0999755859375,1195.699951171875,10458
2026-03-20 08:30:00,1195.699951171875,1197.199951171875,1194.0999755859375,1196.699951171875,11265
2026-03-20 08:35:00,1197.0,1197.0,1193.5,1194.199951171875,25437
2026-03-20 08:40:00,1194.300048828125,1195.0,1192.0,1192.5,21030
2026-03-20 08:45:00,1192.199951171875,1193.9000244140625,1191.5999755859375,1193.9000244140625,9038
2026-03-20 08:50:00,1194.0,1194.4000244140625,1192.0,1193.5,10068
2026-03-20 08:55:00,1193.699951171875,1193.800048828125,1192.0999755859375,1192.199951171875,5035
2026-03-20 09:00:00,1191.5,1194.4000244140625,1191.5,1194.300048828125,10711
2026-03-20 09:05:00,1193.800048828125,1193.800048828125,1190.300048828125,1191.199951171875,18424
2026-03-20 09:10:00,1190.9000244140625,1191.5999755859375,1189.5,1190.0,42718
2026-03-20 09:15:00,1190.0,1191.5,1189.0,1189.5999755859375,18863
2026-03-20 09:20:00,1189.699951171875,1189.800048828125,1187.800048828125,1189.0,27231
2026-03-20 09:25:00,1188.9000244140625,1189.5,1187.300048828125,1188.4000244140625,26356
2026-03-20 09:30:00,1186.5,1191.9000244140625,1186.5,1190.5999755859375,57014
2026-03-20 09:35:00,1190.5999755859375,1193.0,1189.9000244140625,1192.5999755859375,37691
2026-03-20 09:40:00,1192.5,1193.5,1190.5999755859375,1191.9000244140625,44766
2026-03-20 09:45:00,1191.0,1192.0999755859375,1188.0,1189.9000244140625,50874
2026-03-20 09:50:00,1189.9000244140625,1192.699951171875,1189.5999755859375,1192.699951171875,51338
2026-03-20 09:55:00,1192.5999755859375,1192.9000244140625,1191.0999755859375,1192.0,51098
2026-03-23 03:45:00,1175.5,1176.5999755859375,1166.4000244140625,1167.4000244140625,0
2026-03-23 03:50:00,1167.0,1168.9000244140625,1163.0,1163.300048828125,111573
2026-03-23 03:55:00,1163.0,1165.5,1161.0999755859375,1162.0999755859375,44324
2026-03-23 04:00:00,1161.9000244140625,1165.9000244140625,1161.300048828125,1165.5,61440
2026-03-23 04:05:00,1164.800048828125,1166.300048828125,1163.5999755859375,1165.0999755859375,37911
2026-03-23 04:10:00,1164.699951171875,1168.0,1162.199951171875,1167.4000244140625,43306
2026-03-23 04:15:00,1167.300048828125,1167.300048828125,1163.5,1165.300048828125,28857
2026-03-23 04:20:00,1164.800048828125,1164.800048828125,1161.4000244140625,1161.4000244140625,43972
2026-03-23 04:25:00,1161.4000244140625,1163.699951171875,1159.199951171875,1159.800048828125,61648
2026-03-23 04:30:00,1160.0,1162.199951171875,1158.0999755859375,1162.199951171875,26842
2026-03-23 04:35:00,1162.0999755859375,1163.0,1160.0999755859375,1160.0999755859375,28693
2026-03-23 04:40:00,1160.800048828125,1160.800048828125,1157.300048828125,1158.5999755859375,29032
2026-03-23 04:45:00,1158.800048828125,1158.800048828125,1154.5,1155.699951171875,35878
2026-03-23 04:50:00,1155.4000244140625,1156.5999755859375,1153.199951171875,1153.699951171875,27284
2026-03-23 04:55:00,1153.300048828125,1153.800048828125,1150.5,1150.9000244140625,41830
2026-03-23 05:00:00,1150.800048828125,1152.5,1150.5999755859375,1151.800048828125,22799
2026-03-23 05:05:00,1151.5999755859375,1157.699951171875,1151.5,1154.5,36750
2026-03-23 05:10:00,1153.0999755859375,1155.0,1150.800048828125,1151.199951171875,25294
2026-03-23 05:15:00,1151.699951171875,1153.699951171875,1150.4000244140625,1152.300048828125,26915
2026-03-23 05:20:00,1151.699951171875,1151.699951171875,1145.300048828125,1147.0,79486
2026-03-23 05:25:00,1147.300048828125,1148.5,1145.300048828125,1147.0,23246
2026-03-23 05:30:00,1147.0,1147.0,1141.0,1141.4000244140625,57596
2026-03-23 05:35:00,1141.5,1147.4000244140625,1140.0999755859375,1144.0999755859375,27917
2026-03-23 05:40:00,1144.9000244140625,1145.5999755859375,1141.300048828125,1142.5,28637
2026-03-23 05:45:00,1142.699951171875,1142.699951171875,1140.0,1141.199951171875,33033
2026-03-23 05:50:00,1141.4000244140625,1146.0,1141.4000244140625,1144.0,20922
2026-03-23 05:55:00,1144.9000244140625,1146.699951171875,1143.0,1145.800048828125,16416
2026-03-23 06:00:00,1145.300048828125,1148.0,1142.699951171875,1143.5,23580
2026-03-23 06:05:00,1143.199951171875,1143.5999755859375,1141.0,1143.199951171875,19060
2026-03-23 06:10:00,1143.300048828125,1145.9000244140625,1142.0999755859375,1142.800048828125,13591
2026-03-23 06:15:00,1142.9000244140625,1143.9000244140625,1142.0999755859375,1143.5,13657
2026-03-23 06:20:00,1144.4000244140625,1148.4000244140625,1143.4000244140625,1146.800048828125,14623
2026-03-23 06:25:00,1146.5999755859375,1149.5999755859375,1144.800048828125,1147.699951171875,21435
2026-03-23 06:30:00,1147.699951171875,1148.5,1142.0999755859375,1142.5,24121
2026-03-23 06:35:00,1142.800048828125,1143.9000244140625,1141.199951171875,1143.0,19736
2026-03-23 06:40:00,1143.0,1144.5999755859375,1143.0,1143.199951171875,14188
2026-03-23 06:45:00,1142.5,1143.5999755859375,1140.300048828125,1140.800048828125,32814
2026-03-23 06:50:00,1140.5,1142.4000244140625,1138.300048828125,1138.300048828125,54653
2026-03-23 06:55:00,1138.4000244140625,1140.0,1136.5,1140.0,37803
2026-03-23 07:00:00,1139.9000244140625,1140.9000244140625,1136.199951171875,1136.699951171875,20096
2026-03-23 07:05:00,1137.0,1140.5,1137.0,1138.4000244140625,12641
2026-03-23 07:10:00,1138.5999755859375,1140.300048828125,1137.0,1138.5,16439
2026-03-23 07:15:00,1138.4000244140625,1140.300048828125,1136.800048828125,1138.5,55024
2026-03-23 07:20:00,1137.699951171875,1138.699951171875,1133.0999755859375,1133.0999755859375,45536
2026-03-23 07:25:00,1133.5999755859375,1135.800048828125,1132.9000244140625,1135.199951171875,22868
2026-03-23 07:30:00,1134.9000244140625,1134.9000244140625,1132.0,1132.5999755859375,23944
2026-03-23 07:35:00,1132.5999755859375,1134.5,1131.9000244140625,1133.4000244140625,24709
2026-03-23 07:40:00,1133.5,1133.5999755859375,1130.0999755859375,1130.9000244140625,26893
2026-03-23 07:45:00,1131.800048828125,1134.699951171875,1131.199951171875,1132.5999755859375,26130
2026-03-23 07:50:00,1132.300048828125,1133.699951171875,1131.5999755859375,1132.5999755859375,21455
2026-03-23 07:55:00,1132.0999755859375,1132.699951171875,1131.0999755859375,1131.699951171875,17336
2026-03-23 08:00:00,1132.300048828125,1137.0,1132.300048828125,1137.0,43287
2026-03-23 08:05:00,1136.800048828125,1139.0,1135.9000244140625,1137.5,18013
2026-03-23 08:10:00,1137.9000244140625,1139.5,1136.199951171875,1138.4000244140625,26792
2026-03-23 08:15:00,1139.4000244140625,1143.0,1138.0,1143.0,30717
2026-03-23 08:20:00,1142.4000244140625,1144.300048828125,1139.4000244140625,1139.800048828125,39818
2026-03-23 08:25:00,1140.4000244140625,1144.5999755859375,1139.9000244140625,1141.5,36193
2026-03-23 08:30:00,1141.4000244140625,1143.0999755859375,1140.5,1141.5999755859375,27557
2026-03-23 08:35:00,1142.0,1146.300048828125,1140.5999755859375,1142.300048828125,35306
2026-03-23 08:40:00,1141.5,1143.0999755859375,1139.800048828125,1139.800048828125,22583
2026-03-23 08:45:00,1139.800048828125,1142.199951171875,1139.5999755859375,1141.9000244140625,13463
2026-03-23 08:50:00,1141.699951171875,1142.0,1139.199951171875,1140.300048828125,14171
2026-03-23 08:55:00,1140.0,1140.0,1137.199951171875,1138.199951171875,19174
2026-03-23 09:00:00,1137.699951171875,1138.300048828125,1133.0,1133.5,32468
2026-03-23 09:05:00,1133.0999755859375,1135.800048828125,1131.0,1132.5,47389
2026-03-23 09:10:00,1132.199951171875,1138.4000244140625,1131.699951171875,1138.300048828125,28395
2026-03-23 09:15:00,1138.300048828125,1138.9000244140625,1136.5,1138.0,19338
2026-03-23 09:20:00,1138.9000244140625,1140.800048828125,1137.5,1138.0,38401
2026-03-23 09:25:00,1138.5999755859375,1139.199951171875,1136.199951171875,1138.5,38624
2026-03-23 09:30:00,1138.5,1138.5,1134.0999755859375,1134.0999755859375,43946
2026-03-23 09:35:00,1134.0999755859375,1134.4000244140625,1131.5,1134.4000244140625,56359
2026-03-23 09:40:00,1133.9000244140625,1138.5,1133.9000244140625,1135.5,59104
2026-03-23 09:45:00,1134.5999755859375,1138.0,1133.0999755859375,1133.699951171875,56209
2026-03-23 09:50:00,1133.5,1133.800048828125,1131.4000244140625,1132.4000244140625,57884
2026-03-23 09:55:00,1132.4000244140625,1132.5999755859375,1130.5999755859375,1130.800048828125,98481
2026-03-24 03:45:00,1160.0,1169.4000244140625,1151.9000244140625,1167.699951171875,0
2026-03-24 03:50:00,1167.800048828125,1174.800048828125,1164.5,1174.800048828125,103498
2026-03-24 03:55:00,1174.800048828125,1175.9000244140625,1171.9000244140625,1174.800048828125,68835
2026-03-24 04:00:00,1173.800048828125,1176.199951171875,1172.5999755859375,1174.199951171875,54507
2026-03-24 04:05:00,1174.300048828125,1177.0,1171.5999755859375,1172.5,57657
2026-03-24 04:10:00,1172.5,1175.0,1171.0,1171.9000244140625,43762
2026-03-24 04:15:00,1171.5999755859375,1171.800048828125,1168.9000244140625,1170.199951171875,40456
2026-03-24 04:20:00,1169.5999755859375,1170.9000244140625,1166.5,1168.4000244140625,37622
2026-03-24 04:25:00,1167.5999755859375,1171.699951171875,1167.5999755859375,1170.0,27258
2026-03-24 04:30:00,1169.5999755859375,1169.800048828125,1165.5,1165.800048828125,22742
2026-03-24 04:35:00,1166.0,1166.5,1162.300048828125,1162.300048828125,49468
2026-03-24 04:40:00,1162.0,1165.5,1161.800048828125,1163.5999755859375,51993
2026-03-24 04:45:00,1163.9000244140625,1169.4000244140625,1163.0,1168.4000244140625,42170
2026-03-24 04:50:00,1169.0999755859375,1172.300048828125,1167.0,1172.0,28232
2026-03-24 04:55:00,1172.199951171875,1172.300048828125,1166.5999755859375,1169.9000244140625,15012
2026-03-24 05:00:00,1167.5,1169.0,1165.0,1165.0,24346
2026-03-24 05:05:00,1164.5,1165.4000244140625,1163.0999755859375,1163.699951171875,22686
2026-03-24 05:10:00,1164.199951171875,1169.199951171875,1163.5,1167.699951171875,21181
2026-03-24 05:15:00,1167.699951171875,1174.0999755859375,1167.0,1172.199951171875,29580
2026-03-24 05:20:00,1172.0,1174.4000244140625,1170.0,1171.0,19945
2026-03-24 05:25:00,1171.0,1171.5,1166.0999755859375,1167.9000244140625,17878
2026-03-24 05:30:00,1167.9000244140625,1168.9000244140625,1166.5,1166.9000244140625,12419
2026-03-24 05:35:00,1167.4000244140625,1170.300048828125,1166.699951171875,1169.0999755859375,18955
2026-03-24 05:40:00,1169.5,1171.0,1166.5999755859375,1166.9000244140625,8892
2026-03-24 05:45:00,1167.300048828125,1168.9000244140625,1166.300048828125,1167.699951171875,13305
2026-03-24 05:50:00,1168.0,1169.5999755859375,1166.800048828125,1167.5999755859375,10263
2026-03-24 05:55:00,1167.300048828125,1167.699951171875,1166.300048828125,1166.800048828125,10639
2026-03-24 06:00:00,1168.199951171875,1169.5,1167.0,1169.199951171875,14846
2026-03-24 06:05:00,1168.5,1171.0,1168.5,1170.4000244140625,14102
2026-03-24 06:10:00,1170.699951171875,1171.9000244140625,1169.5999755859375,1171.199951171875,10840
2026-03-24 06:15:00,1171.0,1172.5,1169.0,1170.0,43420
2026-03-24 06:20:00,1170.5999755859375,1172.699951171875,1170.0,1171.699951171875,8943
2026-03-24 06:25:00,1172.0,1175.0,1172.0,1174.0,29824
2026-03-24 06:30:00,1174.0,1175.0,1173.5,1173.9000244140625,10314
2026-03-24 06:35:00,1174.0,1174.0,1171.5999755859375,1173.4000244140625,19599
2026-03-24 06:40:00,1172.699951171875,1174.4000244140625,1172.699951171875,1173.5,21082
2026-03-24 06:45:00,1173.300048828125,1174.4000244140625,1171.199951171875,1172.5999755859375,26540
2026-03-24 06:50:00,1172.5999755859375,1183.5999755859375,1172.5999755859375,1183.5,91196
2026-03-24 06:55:00,1184.199951171875,1185.9000244140625,1178.9000244140625,1181.0999755859375,89632
2026-03-24 07:00:00,1181.0,1184.5,1181.0,1183.9000244140625,43543
2026-03-24 07:05:00,1184.0,1186.9000244140625,1183.5,1184.9000244140625,53153
2026-03-24 07:10:00,1185.5,1188.9000244140625,1185.0,1185.0,57872
2026-03-24 07:15:00,1185.4000244140625,1188.199951171875,1185.300048828125,1185.800048828125,24136
2026-03-24 07:20:00,1186.0,1187.5,1185.0999755859375,1185.5,22415
2026-03-24 07:25:00,1185.5,1186.0,1182.699951171875,1185.0,26949
2026-03-24 07:30:00,1184.800048828125,1185.5999755859375,1181.800048828125,1182.5,19942
2026-03-24 07:35:00,1182.9000244140625,1186.800048828125,1181.300048828125,1185.699951171875,28000
2026-03-24 07:40:00,1185.0,1187.4000244140625,1184.699951171875,1186.4000244140625,14354
2026-03-24 07:45:00,1186.4000244140625,1186.5,1184.0999755859375,1185.0999755859375,10777
2026-03-24 07:50:00,1185.0,1187.5,1184.0,1185.800048828125,13973
2026-03-24 07:55:00,1185.699951171875,1187.9000244140625,1185.4000244140625,1187.300048828125,16808
2026-03-24 08:00:00,1186.199951171875,1189.0,1185.5999755859375,1188.0,25433
2026-03-24 08:05:00,1188.300048828125,1188.4000244140625,1184.0999755859375,1184.4000244140625,12102
2026-03-24 08:10:00,1184.4000244140625,1187.300048828125,1184.300048828125,1186.5,9731
2026-03-24 08:15:00,1186.5,1187.5,1182.0999755859375,1182.9000244140625,30791
2026-03-24 08:20:00,1182.9000244140625,1184.699951171875,1182.0999755859375,1182.5999755859375,14454
2026-03-24 08:25:00,1182.5999755859375,1184.5,1182.5999755859375,1182.5999755859375,10212
2026-03-24 08:30:00,1182.5999755859375,1184.4000244140625,1181.5,1182.5999755859375,27435
2026-03-24 08:35:00,1182.0999755859375,1185.4000244140625,1182.0999755859375,1183.4000244140625,43046
2026-03-24 08:40:00,1183.5,1186.699951171875,1183.199951171875,1186.699951171875,13368
2026-03-24 08:45:00,1186.199951171875,1188.0,1185.199951171875,1186.699951171875,27833
2026-03-24 08:50:00,1186.5999755859375,1188.0,1185.0999755859375,1186.800048828125,16891
2026-03-24 08:55:00,1186.800048828125,1187.699951171875,1185.0999755859375,1186.5999755859375,11894
2026-03-24 09:00:00,1186.800048828125,1187.9000244140625,1185.0999755859375,1187.5,20963
2026-03-24 09:05:00,1187.199951171875,1188.0,1182.199951171875,1182.800048828125,39615
2026-03-24 09:10:00,1182.800048828125,1186.4000244140625,1182.0999755859375,1183.0,19718
2026-03-24 09:15:00,1183.0,1183.9000244140625,1181.4000244140625,1183.199951171875,22595
2026-03-24 09:20:00,1182.699951171875,1184.300048828125,1181.699951171875,1183.0,26658
2026-03-24 09:25:00,1183.0999755859375,1187.5,1182.199951171875,1185.800048828125,30178
2026-03-24 09:30:00,1185.300048828125,1185.800048828125,1182.5999755859375,1184.4000244140625,30046
2026-03-24 09:35:00,1184.699951171875,1187.300048828125,1183.5,1185.4000244140625,34281
2026-03-24 09:40:00,1185.5,1186.699951171875,1183.0999755859375,1183.0999755859375,53275
2026-03-24 09:45:00,1183.800048828125,1186.0,1181.699951171875,1185.0,45347
2026-03-24 09:50:00,1184.4000244140625,1187.800048828125,1184.199951171875,1187.0,57452
2026-03-24 09:55:00,1186.800048828125,1187.9000244140625,1186.0,1187.5,76250
2026-03-25 03:45:00,1205.5,1213.5,1200.800048828125,1207.0,0
2026-03-25 03:50:00,1206.5999755859375,1216.0,1206.5999755859375,1215.199951171875,94936
2026-03-25 03:55:00,1215.4000244140625,1218.9000244140625,1213.699951171875,1215.300048828125,84466
2026-03-25 04:00:00,1215.300048828125,1224.0,1215.300048828125,1223.800048828125,120337
2026-03-25 04:05:00,1224.0,1225.9000244140625,1218.800048828125,1221.199951171875,101772
2026-03-25 04:10:00,1221.0,1222.0,1217.5,1222.0,50499
2026-03-25 04:15:00,1222.0,1222.5,1220.199951171875,1220.800048828125,38977
2026-03-25 04:20:00,1221.5,1223.800048828125,1219.0999755859375,1223.800048828125,41226
2026-03-25 04:25:00,1224.5999755859375,1224.5999755859375,1221.5,1223.0,32369
2026-03-25 04:30:00,1222.800048828125,1224.4000244140625,1222.5,1223.5,43260
2026-03-25 04:35:00,1223.0,1223.5999755859375,1221.0,1222.800048828125,29951
2026-03-25 04:40:00,1223.4000244140625,1224.800048828125,1222.0999755859375,1224.800048828125,42490
2026-03-25 04:45:00,1224.0999755859375,1224.9000244140625,1222.5,1223.800048828125,16142
2026-03-25 04:50:00,1224.199951171875,1226.300048828125,1223.4000244140625,1223.699951171875,45975
2026-03-25 04:55:00,1223.5999755859375,1226.5,1223.5999755859375,1223.699951171875,27218
2026-03-25 05:00:00,1224.0999755859375,1226.0,1223.0999755859375,1225.300048828125,19928
2026-03-25 05:05:00,1225.0,1228.5999755859375,1225.0,1228.199951171875,39831
2026-03-25 05:10:00,1228.5,1228.800048828125,1223.4000244140625,1227.199951171875,70062
2026-03-25 05:15:00,1227.800048828125,1228.800048828125,1227.0,1227.699951171875,19431
2026-03-25 05:20:00,1228.5,1229.199951171875,1227.5,1228.0,28511
2026-03-25 05:25:00,1228.4000244140625,1228.4000244140625,1227.199951171875,1228.0,14588
2026-03-25 05:30:00,1227.699951171875,1229.199951171875,1227.5999755859375,1228.199951171875,25620
2026-03-25 05:35:00,1228.300048828125,1229.9000244140625,1227.9000244140625,1228.800048828125,24957
2026-03-25 05:40:00,1228.5999755859375,1229.699951171875,1228.0,1229.5,22498
2026-03-25 05:45:00,1229.199951171875,1229.5,1225.5,1225.9000244140625,26031
2026-03-25 05:50:00,1226.300048828125,1226.800048828125,1223.800048828125,1223.800048828125,29878
2026-03-25 05:55:00,1224.0,1224.699951171875,1222.300048828125,1224.300048828125,25796
2026-03-25 06:00:00,1223.9000244140625,1224.800048828125,1223.0,1223.9000244140625,11929
2026-03-25 06:05:00,1224.0999755859375,1224.699951171875,1222.0,1222.300048828125,19678
2026-03-25 06:10:00,1222.300048828125,1224.5999755859375,1222.0,1223.199951171875,17220
2026-03-25 06:15:00,1223.0,1227.199951171875,1223.0,1225.4000244140625,25246
2026-03-25 06:20:00,1225.4000244140625,1227.5999755859375,1225.4000244140625,1226.5999755859375,14153
2026-03-25 06:25:00,1226.5999755859375,1227.0,1223.800048828125,1224.5,9979
2026-03-25 06:30:00,1224.4000244140625,1224.5999755859375,1223.199951171875,1223.199951171875,10512
2026-03-25 06:35:00,1223.199951171875,1224.5,1223.0,1223.5999755859375,13262
2026-03-25 06:40:00,1224.0,1225.9000244140625,1223.5,1225.9000244140625,15872
2026-03-25 06:45:00,1225.5,1226.0999755859375,1224.4000244140625,1226.0,15529
2026-03-25 06:50:00,1226.5,1226.5,1225.199951171875,1225.199951171875,11812
2026-03-25 06:55:00,1225.5,1226.0,1224.800048828125,1225.0999755859375,10376
2026-03-25 07:00:00,1225.5999755859375,1225.5999755859375,1224.4000244140625,1224.699951171875,9733
2026-03-25 07:05:00,1224.9000244140625,1226.300048828125,1224.0,1224.0,17150
2026-03-25 07:10:00,1224.0999755859375,1226.9000244140625,1224.0999755859375,1225.9000244140625,12326
2026-03-25 07:15:00,1225.4000244140625,1226.0,1224.4000244140625,1225.0,9261
2026-03-25 07:20:00,1225.4000244140625,1225.699951171875,1223.0999755859375,1223.4000244140625,15447
2026-03-25 07:25:00,1223.699951171875,1223.800048828125,1222.0999755859375,1222.4000244140625,34776
2026-03-25 07:30:00,1222.199951171875,1224.800048828125,1222.0999755859375,1224.4000244140625,10313
2026-03-25 07:35:00,1224.300048828125,1225.5999755859375,1223.0999755859375,1225.5999755859375,28144
2026-03-25 07:40:00,1225.5999755859375,1226.800048828125,1224.5999755859375,1226.0,38388
2026-03-25 07:45:00,1225.800048828125,1227.4000244140625,1225.0999755859375,1225.5,31088
2026-03-25 07:50:00,1225.0999755859375,1225.5,1223.5,1223.800048828125,15394
2026-03-25 07:55:00,1223.5,1225.5999755859375,1223.0999755859375,1224.4000244140625,13021
2026-03-25 08:00:00,1224.4000244140625,1225.4000244140625,1223.5,1224.199951171875,7026
2026-03-25 08:05:00,1224.199951171875,1225.0,1223.0,1223.0999755859375,16110
2026-03-25 08:10:00,1223.300048828125,1224.9000244140625,1223.0999755859375,1223.4000244140625,9668
2026-03-25 08:15:00,1223.4000244140625,1225.5,1223.4000244140625,1225.5,10045
2026-03-25 08:20:00,1225.0,1225.9000244140625,1223.300048828125,1223.300048828125,11439
2026-03-25 08:25:00,1223.4000244140625,1224.300048828125,1222.9000244140625,1223.4000244140625,8675
2026-03-25 08:30:00,1223.4000244140625,1225.5,1223.4000244140625,1225.0,12176
2026-03-25 08:35:00,1225.0,1225.4000244140625,1222.199951171875,1223.300048828125,18628
2026-03-25 08:40:00,1222.9000244140625,1224.5,1222.5,1222.5,11158
2026-03-25 08:45:00,1222.5,1223.9000244140625,1220.5,1220.5,31221
2026-03-25 08:50:00,1220.5,1221.699951171875,1218.800048828125,1219.0,37860
2026-03-25 08:55:00,1219.0999755859375,1219.9000244140625,1218.0,1218.5,36579
2026-03-25 09:00:00,1218.9000244140625,1218.9000244140625,1216.800048828125,1218.699951171875,22380
2026-03-25 09:05:00,1218.800048828125,1219.5999755859375,1216.5,1216.9000244140625,27343
2026-03-25 09:10:00,1217.0999755859375,1221.300048828125,1217.0999755859375,1220.300048828125,31506
2026-03-25 09:15:00,1220.800048828125,1221.699951171875,1219.699951171875,1220.699951171875,28315
2026-03-25 09:20:00,1220.300048828125,1220.5,1217.5,1218.0,13585
2026-03-25 09:25:00,1217.699951171875,1217.800048828125,1215.5,1217.800048828125,67490
2026-03-25 09:30:00,1216.699951171875,1216.699951171875,1213.4000244140625,1214.300048828125,83329
2026-03-25 09:35:00,1214.300048828125,1216.699951171875,1213.5999755859375,1216.699951171875,49487
2026-03-25 09:40:00,1215.5,1216.4000244140625,1214.5,1215.5999755859375,34666
2026-03-25 09:45:00,1215.800048828125,1215.800048828125,1211.5,1211.9000244140625,44701
2026-03-25 09:50:00,1211.800048828125,1211.800048828125,1209.9000244140625,1209.9000244140625,49138
2026-03-25 09:55:00,1209.800048828125,1212.800048828125,1207.0999755859375,1212.800048828125,59337
2026-03-27 03:45:00,1205.199951171875,1205.199951171875,1186.0,1187.0,0
2026-03-27 03:50:00,1186.0999755859375,1198.300048828125,1185.5999755859375,1194.0,100394
2026-03-27 03:55:00,1193.699951171875,1198.800048828125,1193.0,1196.0,42754
2026-03-27 04:00:00,1196.0,1196.0,1190.0999755859375,1190.800048828125,50006
2026-03-27 04:05:00,1190.9000244140625,1191.5999755859375,1185.5,1189.4000244140625,61921
2026-03-27 04:10:00,1190.0,1193.300048828125,1189.300048828125,1193.0999755859375,43707
2026-03-27 04:15:00,1192.699951171875,1193.0,1191.0,1192.5,28863
2026-03-27 04:20:00,1192.4000244140625,1192.4000244140625,1188.5,1188.5999755859375,37227
2026-03-27 04:25:00,1189.0,1189.4000244140625,1187.0,1188.199951171875,30353
2026-03-27 04:30:00,1188.300048828125,1191.0,1186.9000244140625,1188.5,34936
2026-03-27 04:35:00,1188.5999755859375,1188.5999755859375,1182.199951171875,1183.5,48140
2026-03-27 04:40:00,1183.699951171875,1184.0999755859375,1182.0999755859375,1183.0,36261
2026-03-27 04:45:00,1182.9000244140625,1183.5,1181.0999755859375,1181.5999755859375,21554
2026-03-27 04:50:00,1181.5999755859375,1182.9000244140625,1181.0999755859375,1182.199951171875,24762
2026-03-27 04:55:00,1182.0,1184.5999755859375,1181.300048828125,1182.0,27120
2026-03-27 05:00:00,1182.0,1184.5999755859375,1181.0,1181.300048828125,19884
2026-03-27 05:05:00,1181.5999755859375,1182.4000244140625,1180.199951171875,1181.800048828125,34195
2026-03-27 05:10:00,1182.0,1182.0,1178.5999755859375,1179.0,20764
2026-03-27 05:15:00,1179.300048828125,1180.800048828125,1178.0,1179.9000244140625,20999
2026-03-27 05:20:00,1179.5,1181.0,1179.300048828125,1180.199951171875,11206
2026-03-27 05:25:00,1180.300048828125,1181.4000244140625,1178.0,1178.4000244140625,14795
2026-03-27 05:30:00,1179.0,1179.5,1176.199951171875,1176.9000244140625,20937
2026-03-27 05:35:00,1176.9000244140625,1178.0999755859375,1175.699951171875,1177.5999755859375,21623
2026-03-27 05:40:00,1177.5999755859375,1178.699951171875,1176.0999755859375,1176.5,13701
2026-03-27 05:45:00,1176.199951171875,1177.300048828125,1175.0,1175.199951171875,19497
2026-03-27 05:50:00,1175.300048828125,1176.5999755859375,1173.0,1174.0,29687
2026-03-27 05:55:00,1173.800048828125,1175.5,1173.0,1173.199951171875,25482
2026-03-27 06:00:00,1173.5,1176.699951171875,1172.9000244140625,1175.5999755859375,19394
2026-03-27 06:05:00,1176.0999755859375,1179.9000244140625,1176.0,1179.0999755859375,15984
2026-03-27 06:10:00,1178.9000244140625,1178.9000244140625,1175.199951171875,1178.5999755859375,12132
2026-03-27 06:15:00,1178.5,1179.4000244140625,1177.199951171875,1178.0,14616
2026-03-27 06:20:00,1178.0999755859375,1182.300048828125,1177.9000244140625,1181.699951171875,26553
2026-03-27 06:25:00,1181.699951171875,1184.9000244140625,1180.300048828125,1184.9000244140625,28057
2026-03-27 06:30:00,1183.699951171875,1184.199951171875,1180.0,1181.9000244140625,21041
2026-03-27 06:35:00,1181.699951171875,1183.300048828125,1180.5,1180.9000244140625,22316
2026-03-27 06:40:00,1181.0999755859375,1181.0999755859375,1178.699951171875,1178.699951171875,26187
2026-03-27 06:45:00,1179.300048828125,1179.9000244140625,1175.0999755859375,1175.9000244140625,29215
2026-03-27 06:50:00,1175.800048828125,1177.5999755859375,1175.199951171875,1177.4000244140625,17441
2026-03-27 06:55:00,1177.699951171875,1182.699951171875,1177.4000244140625,1180.0999755859375,23953
2026-03-27 07:00:00,1180.199951171875,1181.4000244140625,1178.4000244140625,1179.0,15734
2026-03-27 07:05:00,1179.0999755859375,1181.4000244140625,1177.800048828125,1179.5999755859375,37307
2026-03-27 07:10:00,1179.699951171875,1180.9000244140625,1177.0,1179.0,33148
2026-03-27 07:15:00,1179.5999755859375,1182.0,1178.0,1181.0999755859375,26205
2026-03-27 07:20:00,1181.800048828125,1185.800048828125,1179.5999755859375,1180.5,36379
2026-03-27 07:25:00,1180.800048828125,1182.0,1179.4000244140625,1180.0999755859375,24660
2026-03-27 07:30:00,1180.0999755859375,1181.199951171875,1179.0,1179.0,15656
2026-03-27 07:35:00,1178.9000244140625,1179.9000244140625,1177.5,1177.9000244140625,26443
2026-03-27 07:40:00,1177.4000244140625,1181.0,1177.4000244140625,1180.800048828125,26152
2026-03-27 07:45:00,1180.9000244140625,1186.5999755859375,1180.4000244140625,1185.0,38391
2026-03-27 07:50:00,1184.800048828125,1185.199951171875,1183.199951171875,1184.4000244140625,20126
2026-03-27 07:55:00,1184.300048828125,1185.300048828125,1180.800048828125,1181.199951171875,18741
2026-03-27 08:00:00,1180.800048828125,1181.0,1177.300048828125,1178.300048828125,36760
2026-03-27 08:05:00,1178.800048828125,1179.4000244140625,1175.4000244140625,1178.5,19386
2026-03-27 08:10:00,1178.0,1180.4000244140625,1177.9000244140625,1179.0,39417
2026-03-27 08:15:00,1179.0,1180.300048828125,1178.4000244140625,1179.699951171875,12250
2026-03-27 08:20:00,1179.199951171875,1180.5,1179.199951171875,1180.0,7229
2026-03-27 08:25:00,1180.0,1180.5,1177.4000244140625,1177.9000244140625,24760
2026-03-27 08:30:00,1177.9000244140625,1178.5999755859375,1177.199951171875,1177.800048828125,13635
2026-03-27 08:35:00,1177.800048828125,1178.0999755859375,1175.0,1176.4000244140625,27035
2026-03-27 08:40:00,1176.0,1178.0,1175.0,1177.800048828125,20313
2026-03-27 08:45:00,1177.800048828125,1178.199951171875,1176.0,1176.0,19551
2026-03-27 08:50:00,1176.0999755859375,1178.5999755859375,1175.9000244140625,1178.0,44492
2026-03-27 08:55:00,1178.5,1178.699951171875,1176.699951171875,1177.0999755859375,17375
2026-03-27 09:00:00,1177.300048828125,1177.5999755859375,1174.0999755859375,1174.0999755859375,35152
2026-03-27 09:05:00,1174.0,1175.9000244140625,1173.300048828125,1173.699951171875,24142
2026-03-27 09:10:00,1173.699951171875,1175.5999755859375,1172.300048828125,1172.300048828125,56282
2026-03-27 09:15:00,1172.199951171875,1173.5,1171.699951171875,1173.0,35911
2026-03-27 09:20:00,1172.699951171875,1173.800048828125,1171.800048828125,1172.0,22272
2026-03-27 09:25:00,1172.4000244140625,1173.5,1171.300048828125,1171.300048828125,32145
2026-03-27 09:30:00,1170.5999755859375,1170.5999755859375,1167.300048828125,1169.9000244140625,86381
2026-03-27 09:35:00,1169.9000244140625,1171.5,1169.699951171875,1171.300048828125,46789
2026-03-27 09:40:00,1171.9000244140625,1173.199951171875,1171.199951171875,1173.0,63851
2026-03-27 09:45:00,1173.0,1173.9000244140625,1172.300048828125,1173.5999755859375,55167
2026-03-27 09:50:00,1173.5999755859375,1174.800048828125,1170.300048828125,1171.9000244140625,72015
2026-03-27 09:55:00,1171.0,1171.699951171875,1168.9000244140625,1169.5,82538
2026-03-30 03:45:00,1156.0,1158.9000244140625,1143.699951171875,1146.800048828125,0
2026-03-30 03:50:00,1146.800048828125,1151.9000244140625,1146.699951171875,1147.9000244140625,90289
2026-03-30 03:55:00,1147.300048828125,1151.5,1147.0,1148.0,81162
2026-03-30 04:00:00,1149.0,1155.800048828125,1149.0,1155.800048828125,69192
2026-03-30 04:05:00,1154.4000244140625,1154.699951171875,1150.5999755859375,1151.699951171875,46402
2026-03-30 04:10:00,1151.4000244140625,1157.800048828125,1150.699951171875,1154.800048828125,72677
2026-03-30 04:15:00,1155.5,1157.0,1151.0,1151.699951171875,35371
2026-03-30 04:20:00,1152.199951171875,1157.300048828125,1150.5999755859375,1153.0,37147
2026-03-30 04:25:00,1150.9000244140625,1152.9000244140625,1148.9000244140625,1152.199951171875,45895
2026-03-30 04:30:00,1152.5,1155.300048828125,1150.5,1152.5,35455
2026-03-30 04:35:00,1152.199951171875,1152.699951171875,1147.5999755859375,1148.800048828125,29584
2026-03-30 04:40:00,1148.4000244140625,1149.0,1145.0999755859375,1149.0,27121
2026-03-30 04:45:00,1148.5,1149.4000244140625,1146.199951171875,1148.0999755859375,19340
2026-03-30 04:50:00,1148.0999755859375,1148.4000244140625,1146.199951171875,1147.4000244140625,24207
2026-03-30 04:55:00,1147.4000244140625,1148.300048828125,1145.0,1145.5,28345
2026-03-30 05:00:00,1146.0,1147.0,1144.0,1144.699951171875,34364
2026-03-30 05:05:00,1144.5,1145.9000244140625,1143.5,1144.5,24696
2026-03-30 05:10:00,1144.9000244140625,1145.5999755859375,1141.0999755859375,1142.0999755859375,50460
2026-03-30 05:15:00,1143.4000244140625,1145.0,1142.5,1144.4000244140625,18452
2026-03-30 05:20:00,1144.300048828125,1145.800048828125,1143.800048828125,1144.199951171875,28388
2026-03-30 05:25:00,1144.0999755859375,1148.4000244140625,1143.0999755859375,1147.0,46286
2026-03-30 05:30:00,1147.300048828125,1149.300048828125,1146.5,1148.5999755859375,23412
2026-03-30 05:35:00,1148.800048828125,1149.800048828125,1145.0,1145.699951171875,27611
2026-03-30 05:40:00,1145.5,1145.5,1144.0,1144.9000244140625,11852
2026-03-30 05:45:00,1145.0,1146.0,1144.5999755859375,1145.199951171875,13972
2026-03-30 05:50:00,1145.0999755859375,1145.800048828125,1143.0,1143.699951171875,26341
2026-03-30 05:55:00,1143.5999755859375,1144.0,1141.0,1141.0,29971
2026-03-30 06:00:00,1140.9000244140625,1145.699951171875,1140.5,1145.5999755859375,25298
2026-03-30 06:05:00,1146.699951171875,1148.5,1145.0999755859375,1145.800048828125,23920
2026-03-30 06:10:00,1145.300048828125,1145.9000244140625,1142.9000244140625,1142.9000244140625,26613
2026-03-30 06:15:00,1143.0,1143.0,1140.0,1141.0,21743
2026-03-30 06:20:00,1141.0,1143.5999755859375,1140.0999755859375,1143.5999755859375,16144
2026-03-30 06:25:00,1143.0,1145.0,1143.0,1143.800048828125,14564
2026-03-30 06:30:00,1143.0,1148.5999755859375,1142.199951171875,1147.300048828125,25858
2026-03-30 06:35:00,1147.5999755859375,1147.9000244140625,1144.199951171875,1146.4000244140625,13090
2026-03-30 06:40:00,1146.0,1146.5,1143.0,1143.0,21135
2026-03-30 06:45:00,1143.5999755859375,1145.800048828125,1142.800048828125,1143.699951171875,19335
2026-03-30 06:50:00,1143.699951171875,1146.0999755859375,1142.5,1142.9000244140625,19577
2026-03-30 06:55:00,1142.9000244140625,1143.300048828125,1141.0,1142.800048828125,12200
2026-03-30 07:00:00,1142.4000244140625,1142.800048828125,1140.9000244140625,1141.0,13672
2026-03-30 07:05:00,1141.4000244140625,1143.699951171875,1140.5999755859375,1143.699951171875,10795
2026-03-30 07:10:00,1143.5999755859375,1145.199951171875,1142.800048828125,1144.0,20696
2026-03-30 07:15:00,1143.4000244140625,1143.9000244140625,1141.300048828125,1141.300048828125,16340
2026-03-30 07:20:00,1141.300048828125,1142.0999755859375,1139.199951171875,1140.300048828125,52898
2026-03-30 07:25:00,1139.9000244140625,1140.5999755859375,1138.199951171875,1140.5999755859375,11458
2026-03-30 07:30:00,1140.4000244140625,1141.0,1137.5999755859375,1139.0,20065
2026-03-30 07:35:00,1139.0,1143.9000244140625,1139.0,1141.9000244140625,17947
2026-03-30 07:40:00,1141.9000244140625,1143.9000244140625,1140.5,1143.199951171875,20878
2026-03-30 07:45:00,1143.4000244140625,1145.5,1143.0999755859375,1143.800048828125,22305
2026-03-30 07:50:00,1143.5,1143.699951171875,1140.0,1140.5,18305
2026-03-30 07:55:00,1140.4000244140625,1140.5,1138.5,1139.0,21538
2026-03-30 08:00:00,1138.300048828125,1140.0,1136.800048828125,1140.0,31562
2026-03-30 08:05:00,1140.5,1140.699951171875,1138.5999755859375,1139.5999755859375,11131
2026-03-30 08:10:00,1139.5999755859375,1140.5,1135.0,1137.0999755859375,26742
2026-03-30 08:15:00,1137.199951171875,1137.5,1135.0,1135.5,18652
2026-03-30 08:20:00,1135.9000244140625,1136.0,1133.699951171875,1134.0999755859375,38901
2026-03-30 08:25:00,1134.0,1136.4000244140625,1133.5,1136.4000244140625,23318
2026-03-30 08:30:00,1136.4000244140625,1140.0,1135.5,1138.300048828125,31912
2026-03-30 08:35:00,1137.699951171875,1138.0,1135.0,1135.5,36127
2026-03-30 08:40:00,1135.5,1135.5,1133.9000244140625,1134.4000244140625,16409
2026-03-30 08:45:00,1134.300048828125,1134.699951171875,1133.0999755859375,1134.4000244140625,21787
2026-03-30 08:50:00,1134.4000244140625,1135.0,1132.0,1133.300048828125,24653
2026-03-30 08:55:00,1133.300048828125,1134.0,1132.5,1133.0999755859375,11822
2026-03-30 09:00:00,1133.0999755859375,1134.5,1130.0,1130.0,55681
2026-03-30 09:05:00,1130.0,1132.699951171875,1129.300048828125,1131.0,48512
2026-03-30 09:10:00,1131.300048828125,1131.5,1127.0,1129.0,65867
2026-03-30 09:15:00,1128.9000244140625,1129.699951171875,1123.800048828125,1125.699951171875,85316
2026-03-30 09:20:00,1125.699951171875,1126.199951171875,1121.0,1121.699951171875,47472
2026-03-30 09:25:00,1121.699951171875,1123.699951171875,1121.5,1123.5,47523
2026-03-30 09:30:00,1123.4000244140625,1123.5,1117.0999755859375,1118.0,115211
2026-03-30 09:35:00,1118.0999755859375,1119.800048828125,1117.4000244140625,1118.699951171875,63894
2026-03-30 09:40:00,1118.300048828125,1121.0,1118.0,1119.5,98796
2026-03-30 09:45:00,1119.0,1120.800048828125,1117.0999755859375,1120.199951171875,106771
2026-03-30 09:50:00,1120.199951171875,1120.4000244140625,1117.0,1119.0999755859375,104865
2026-03-30 09:55:00,1118.9000244140625,1122.0,1118.0,1121.0,104084
2026-04-01 03:45:00,1158.0,1183.300048828125,1158.0,1178.800048828125,0
2026-04-01 03:50:00,1178.800048828125,1189.4000244140625,1178.5,1189.300048828125,121301
2026-04-01 03:55:00,1189.0999755859375,1192.300048828125,1187.199951171875,1191.5999755859375,90246
2026-04-01 04:00:00,1193.0,1193.0,1180.699951171875,1181.699951171875,101831
2026-04-01 04:05:00,1181.699951171875,1183.300048828125,1181.0,1182.0,49657
2026-04-01 04:10:00,1182.0999755859375,1187.300048828125,1182.0999755859375,1185.199951171875,56101
2026-04-01 04:15:00,1185.5,1190.699951171875,1185.300048828125,1190.300048828125,56332
2026-04-01 04:20:00,1190.0999755859375,1193.4000244140625,1189.699951171875,1193.300048828125,47931
2026-04-01 04:25:00,1193.4000244140625,1193.9000244140625,1189.4000244140625,1192.0,42404
2026-04-01 04:30:00,1192.0,1194.4000244140625,1192.0,1194.0,38404
2026-04-01 04:35:00,1193.699951171875,1193.9000244140625,1189.0,1190.0,22048
2026-04-01 04:40:00,1189.199951171875,1190.4000244140625,1187.199951171875,1189.699951171875,38041
2026-04-01 04:45:00,1189.5,1192.800048828125,1189.5,1191.4000244140625,24207
2026-04-01 04:50:00,1192.0,1193.5999755859375,1188.800048828125,1188.9000244140625,19256
2026-04-01 04:55:00,1188.5999755859375,1188.5999755859375,1186.0,1186.5,28527
2026-04-01 05:00:00,1188.300048828125,1191.0,1186.300048828125,1188.9000244140625,30455
2026-04-01 05:05:00,1188.300048828125,1190.199951171875,1188.0,1189.4000244140625,11184
2026-04-01 05:10:00,1189.4000244140625,1189.4000244140625,1186.0999755859375,1186.5,14666
2026-04-01 05:15:00,1186.5,1187.699951171875,1186.0,1186.9000244140625,18616
2026-04-01 05:20:00,1186.5,1186.5,1185.4000244140625,1185.9000244140625,12096
2026-04-01 05:25:00,1185.4000244140625,1186.5,1183.300048828125,1184.300048828125,25189
2026-04-01 05:30:00,1184.0,1184.0,1181.0999755859375,1181.300048828125,15756
2026-04-01 05:35:00,1181.5,1184.5,1179.9000244140625,1182.0,45366
2026-04-01 05:40:00,1181.5,1182.5,1177.5,1178.5,22470
2026-04-01 05:45:00,1178.5,1179.800048828125,1177.5999755859375,1179.0999755859375,8304
2026-04-01 05:50:00,1179.5,1180.5,1177.5999755859375,1178.4000244140625,16896
2026-04-01 05:55:00,1178.4000244140625,1179.5,1178.199951171875,1179.300048828125,12466
2026-04-01 06:00:00,1179.4000244140625,1181.699951171875,1178.800048828125,1179.300048828125,15921
2026-04-01 06:05:00,1179.300048828125,1183.0,1179.199951171875,1183.0,12993
2026-04-01 06:10:00,1183.0,1184.5,1182.4000244140625,1183.0,12796
2026-04-01 06:15:00,1183.0999755859375,1186.0,1181.699951171875,1182.699951171875,20758
2026-04-01 06:20:00,1182.699951171875,1184.9000244140625,1182.5999755859375,1182.5999755859375,8517
2026-04-01 06:25:00,1183.0,1184.699951171875,1180.9000244140625,1181.0,14506
2026-04-01 06:30:00,1181.800048828125,1185.0,1181.800048828125,1184.0999755859375,17292
2026-04-01 06:35:00,1182.9000244140625,1184.0,1182.300048828125,1183.199951171875,11818
2026-04-01 06:40:00,1183.199951171875,1185.5999755859375,1183.199951171875,1183.699951171875,17728
2026-04-01 06:45:00,1184.0,1184.5,1183.199951171875,1183.5,9239
2026-04-01 06:50:00,1183.5,1185.4000244140625,1183.4000244140625,1185.0,7686
2026-04-01 06:55:00,1184.5,1190.800048828125,1184.5,1190.0999755859375,48684
2026-04-01 07:00:00,1190.699951171875,1191.0,1189.0999755859375,1190.0,13320
2026-04-01 07:05:00,1189.800048828125,1193.199951171875,1189.800048828125,1193.199951171875,24021
2026-04-01 07:10:00,1193.0,1193.0999755859375,1190.0,1190.9000244140625,14294
2026-04-01 07:15:00,1191.0,1194.0,1191.0,1193.0,16264
2026-04-01 07:20:00,1192.5,1193.4000244140625,1191.5,1192.4000244140625,11512
2026-04-01 07:25:00,1192.9000244140625,1192.9000244140625,1191.5,1191.800048828125,8988
2026-04-01 07:30:00,1191.9000244140625,1192.5,1191.300048828125,1192.0,13917
2026-04-01 07:35:00,1192.5,1194.699951171875,1192.0,1193.300048828125,25101
2026-04-01 07:40:00,1193.300048828125,1194.5,1191.4000244140625,1194.5,11436
2026-04-01 07:45:00,1194.5,1195.800048828125,1191.5999755859375,1192.5,41181
2026-04-01 07:50:00,1192.5,1192.9000244140625,1189.9000244140625,1191.5,15862
2026-04-01 07:55:00,1191.699951171875,1192.4000244140625,1190.300048828125,1191.9000244140625,9158
2026-04-01 08:00:00,1192.0,1192.800048828125,1190.0999755859375,1192.5999755859375,20264
2026-04-01 08:05:00,1192.199951171875,1192.199951171875,1189.0,1190.5999755859375,12610
2026-04-01 08:10:00,1190.5,1190.5,1182.5,1187.5,52524
2026-04-01 08:15:00,1187.4000244140625,1191.0,1186.0999755859375,1190.0,18376
2026-04-01 08:20:00,1189.0999755859375,1191.5,1188.4000244140625,1188.4000244140625,14600
2026-04-01 08:25:00,1188.9000244140625,1190.0,1187.0,1187.5999755859375,10138
2026-04-01 08:30:00,1188.199951171875,1189.5999755859375,1186.0,1189.0999755859375,12269
2026-04-01 08:35:00,1188.5,1189.9000244140625,1188.0,1189.9000244140625,5147
2026-04-01 08:40:00,1189.5999755859375,1190.800048828125,1188.300048828125,1190.5999755859375,9073
2026-04-01 08:45:00,1190.5999755859375,1190.9000244140625,1187.5,1189.800048828125,4097
2026-04-01 08:50:00,1189.199951171875,1189.9000244140625,1187.0,1188.0999755859375,6504
2026-04-01 08:55:00,1187.9000244140625,1190.800048828125,1187.9000244140625,1190.699951171875,16001
2026-04-01 09:00:00,1190.5,1190.5,1187.300048828125,1187.699951171875,6693
2026-04-01 09:05:00,1187.300048828125,1187.9000244140625,1184.4000244140625,1184.800048828125,15858
2026-04-01 09:10:00,1184.199951171875,1184.699951171875,1182.5999755859375,1183.699951171875,21321
2026-04-01 09:15:00,1183.5,1183.5,1178.300048828125,1178.9000244140625,39954
2026-04-01 09:20:00,1178.800048828125,1181.199951171875,1178.300048828125,1180.0,25656
2026-04-01 09:25:00,1180.0,1182.5999755859375,1179.699951171875,1180.5,16816
2026-04-01 09:30:00,1181.800048828125,1184.5999755859375,1181.800048828125,1184.4000244140625,16705
2026-04-01 09:35:00,1184.199951171875,1184.5,1182.199951171875,1184.300048828125,19176
2026-04-01 09:40:00,1184.5,1185.0,1181.5,1181.5,27318
2026-04-01 09:45:00,1182.0,1182.5999755859375,1180.0,1181.5999755859375,24818
2026-04-01 09:50:00,1181.5,1184.0,1181.5,1183.300048828125,24563
2026-04-01 09:55:00,1183.0999755859375,1184.0,1182.199951171875,1184.0,35180
2026-04-02 03:45:00,1153.9000244140625,1156.9000244140625,1136.5,1142.0,0
2026-04-02 03:50:00,1141.0999755859375,1145.0,1138.800048828125,1144.0,82997
2026-04-02 03:55:00,1144.699951171875,1145.4000244140625,1141.5999755859375,1144.4000244140625,61463
2026-04-02 04:00:00,1144.300048828125,1144.699951171875,1140.9000244140625,1144.5,49536
2026-04-02 04:05:00,1143.0,1146.9000244140625,1142.9000244140625,1143.4000244140625,36867
2026-04-02 04:10:00,1143.5,1144.9000244140625,1142.0,1143.5,29150
2026-04-02 04:15:00,1143.199951171875,1143.300048828125,1140.300048828125,1141.5999755859375,43127
2026-04-02 04:20:00,1141.5999755859375,1142.300048828125,1141.199951171875,1141.800048828125,22983
2026-04-02 04:25:00,1142.0,1143.300048828125,1141.4000244140625,1141.9000244140625,20804
2026-04-02 04:30:00,1141.0999755859375,1144.0,1141.0999755859375,1142.5,21778
2026-04-02 04:35:00,1142.0,1142.5999755859375,1140.300048828125,1140.9000244140625,24598
2026-04-02 04:40:00,1140.9000244140625,1144.5999755859375,1140.0,1143.699951171875,20514
2026-04-02 04:45:00,1143.9000244140625,1145.0,1141.800048828125,1144.4000244140625,17088
2026-04-02 04:50:00,1144.699951171875,1145.9000244140625,1142.9000244140625,1143.199951171875,26702
2026-04-02 04:55:00,1143.199951171875,1145.0,1142.699951171875,1145.0,14335
2026-04-02 05:00:00,1144.9000244140625,1147.699951171875,1144.300048828125,1146.300048828125,27425
2026-04-02 05:05:00,1146.300048828125,1149.0999755859375,1145.199951171875,1149.0999755859375,28836
2026-04-02 05:10:00,1149.0,1150.0,1148.4000244140625,1149.0,11935
2026-04-02 05:15:00,1148.699951171875,1149.0,1145.0999755859375,1146.300048828125,13590
2026-04-02 05:20:00,1146.4000244140625,1148.4000244140625,1145.4000244140625,1148.199951171875,18436
2026-04-02 05:25:00,1148.0,1148.0999755859375,1146.5,1148.0,8603
2026-04-02 05:30:00,1148.0,1151.800048828125,1148.0,1150.5,28919
2026-04-02 05:35:00,1150.5,1152.199951171875,1150.0,1150.5,28099
2026-04-02 05:40:00,1150.4000244140625,1150.4000244140625,1147.699951171875,1148.5,14498
2026-04-02 05:45:00,1149.0,1150.5999755859375,1148.5,1149.5999755859375,9267
2026-04-02 05:50:00,1149.5999755859375,1149.5999755859375,1147.5,1148.699951171875,5900
2026-04-02 05:55:00,1148.5,1150.699951171875,1148.4000244140625,1149.800048828125,10811
2026-04-02 06:00:00,1149.800048828125,1152.699951171875,1149.0999755859375,1151.300048828125,18138
2026-04-02 06:05:00,1151.300048828125,1153.800048828125,1151.199951171875,1153.4000244140625,12471
2026-04-02 06:10:00,1153.800048828125,1153.800048828125,1152.5999755859375,1153.0,7921
2026-04-02 06:15:00,1153.0999755859375,1154.5,1152.5999755859375,1154.199951171875,8066
2026-04-02 06:20:00,1154.5,1156.5999755859375,1154.0999755859375,1156.5999755859375,12825
2026-04-02 06:25:00,1156.5999755859375,1157.9000244140625,1154.800048828125,1154.800048828125,26503
2026-04-02 06:30:00,1155.699951171875,1156.9000244140625,1152.300048828125,1152.5,12233
2026-04-02 06:35:00,1153.0,1153.0,1150.699951171875,1151.9000244140625,21673
2026-04-02 06:40:00,1151.300048828125,1156.800048828125,1151.300048828125,1156.5999755859375,20091
2026-04-02 06:45:00,1156.800048828125,1157.9000244140625,1156.0999755859375,1157.199951171875,17270
2026-04-02 06:50:00,1157.0,1157.300048828125,1152.699951171875,1154.9000244140625,40571
2026-04-02 06:55:00,1155.5999755859375,1156.4000244140625,1155.0,1156.199951171875,18283
2026-04-02 07:00:00,1156.5,1158.0,1155.699951171875,1157.9000244140625,14047
2026-04-02 07:05:00,1158.0,1160.0,1157.5,1159.0,26739
2026-04-02 07:10:00,1159.4000244140625,1160.0,1158.4000244140625,1160.0,12410
2026-04-02 07:15:00,1160.0,1160.0,1157.4000244140625,1159.0,13982
2026-04-02 07:20:00,1159.5,1160.0,1158.5,1158.5,9688
2026-04-02 07:25:00,1159.300048828125,1160.5,1159.0,1160.0999755859375,15371
2026-04-02 07:30:00,1160.300048828125,1162.800048828125,1159.9000244140625,1160.800048828125,21440
2026-04-02 07:35:00,1160.5999755859375,1161.300048828125,1158.300048828125,1161.0,15999
2026-04-02 07:40:00,1161.0,1161.0,1159.9000244140625,1160.699951171875,11906
2026-04-02 07:45:00,1161.0,1163.0,1160.5,1161.0999755859375,15066
2026-04-02 07:50:00,1161.199951171875,1164.800048828125,1161.0,1164.800048828125,18314
2026-04-02 07:55:00,1164.800048828125,1166.800048828125,1162.0999755859375,1166.800048828125,28223
2026-04-02 08:00:00,1166.800048828125,1167.699951171875,1164.9000244140625,1166.800048828125,32063
2026-04-02 08:05:00,1166.9000244140625,1169.5999755859375,1165.699951171875,1169.5999755859375,15724
2026-04-02 08:10:00,1169.699951171875,1170.699951171875,1168.5,1170.4000244140625,23841
2026-04-02 08:15:00,1170.0999755859375,1173.0999755859375,1170.0999755859375,1171.0999755859375,23737
2026-04-02 08:20:00,1171.4000244140625,1174.0,1170.4000244140625,1172.5,24626
2026-04-02 08:25:00,1172.5,1173.800048828125,1171.0999755859375,1173.699951171875,26326
2026-04-02 08:30:00,1174.5999755859375,1177.0,1174.4000244140625,1176.9000244140625,20122
2026-04-02 08:35:00,1177.0,1177.300048828125,1175.0,1176.5,16779
2026-04-02 08:40:00,1176.800048828125,1180.0,1176.800048828125,1179.4000244140625,17947
2026-04-02 08:45:00,1179.5,1182.4000244140625,1179.0999755859375,1181.5,41720
2026-04-02 08:50:00,1181.699951171875,1182.0,1180.5,1181.5,19144
2026-04-02 08:55:00,1181.0,1182.5,1179.300048828125,1179.4000244140625,27509
2026-04-02 09:00:00,1179.5999755859375,1181.9000244140625,1176.199951171875,1180.800048828125,42678
2026-04-02 09:05:00,1181.5999755859375,1181.5999755859375,1178.0,1178.4000244140625,27775
2026-04-02 09:10:00,1178.5999755859375,1179.199951171875,1172.800048828125,1173.5,38964
2026-04-02 09:15:00,1173.199951171875,1177.4000244140625,1172.199951171875,1175.300048828125,18191
2026-04-02 09:20:00,1175.300048828125,1178.300048828125,1175.300048828125,1178.300048828125,14925
2026-04-02 09:25:00,1178.4000244140625,1179.4000244140625,1176.5,1179.4000244140625,19179
2026-04-02 09:30:00,1180.5999755859375,1183.5999755859375,1179.4000244140625,1183.5,37326
2026-04-02 09:35:00,1183.5,1190.699951171875,1183.5,1190.4000244140625,42276
2026-04-02 09:40:00,1190.0999755859375,1191.0,1187.4000244140625,1187.9000244140625,38746
2026-04-02 09:45:00,1187.9000244140625,1189.4000244140625,1186.4000244140625,1186.699951171875,42968
2026-04-02 09:50:00,1186.5,1187.5,1185.5999755859375,1186.699951171875,35652
2026-04-02 09:55:00,1186.300048828125,1186.300048828125,1183.0,1183.0,37455
2026-04-06 03:45:00,1187.0,1194.9000244140625,1161.199951171875,1164.4000244140625,0
2026-04-06 03:50:00,1169.5999755859375,1172.4000244140625,1167.5,1172.199951171875,78474
2026-04-06 03:55:00,1173.0,1175.4000244140625,1169.300048828125,1170.199951171875,43189
2026-04-06 04:00:00,1170.800048828125,1178.9000244140625,1170.199951171875,1176.0,48530
2026-04-06 04:05:00,1177.5999755859375,1183.0999755859375,1177.5999755859375,1180.5999755859375,71042
2026-04-06 04:10:00,1180.199951171875,1181.4000244140625,1176.9000244140625,1179.9000244140625,47869
2026-04-06 04:15:00,1180.0,1181.5,1177.0999755859375,1177.0999755859375,26295
2026-04-06 04:20:00,1177.300048828125,1177.300048828125,1174.300048828125,1175.699951171875,37206
2026-04-06 04:25:00,1175.4000244140625,1177.5,1175.4000244140625,1176.0999755859375,14462
2026-04-06 04:30:00,1176.5999755859375,1179.4000244140625,1173.5999755859375,1179.4000244140625,21353
2026-04-06 04:35:00,1179.5999755859375,1181.5999755859375,1178.199951171875,1180.199951171875,17948
2026-04-06 04:40:00,1179.300048828125,1183.0,1178.0,1183.0,31071
2026-04-06 04:45:00,1183.0,1185.800048828125,1180.300048828125,1182.5999755859375,35451
2026-04-06 04:50:00,1182.9000244140625,1187.800048828125,1182.9000244140625,1186.300048828125,38256
2026-04-06 04:55:00,1186.199951171875,1186.5999755859375,1183.0999755859375,1184.9000244140625,27199
2026-04-06 05:00:00,1184.5,1186.800048828125,1181.800048828125,1185.699951171875,16302
2026-04-06 05:05:00,1186.5,1189.9000244140625,1186.199951171875,1189.0999755859375,27521
2026-04-06 05:10:00,1189.5999755859375,1190.0999755859375,1187.699951171875,1189.0999755859375,26230
2026-04-06 05:15:00,1189.4000244140625,1191.5,1188.5,1190.199951171875,18406
2026-04-06 05:20:00,1190.0,1191.699951171875,1185.0999755859375,1185.0999755859375,24754
2026-04-06 05:25:00,1185.800048828125,1187.5,1184.300048828125,1186.5999755859375,20201
2026-04-06 05:30:00,1186.5999755859375,1187.0,1182.5999755859375,1183.0,26494
2026-04-06 05:35:00,1182.5999755859375,1183.9000244140625,1181.0999755859375,1182.699951171875,11558
2026-04-06 05:40:00,1182.5,1182.5999755859375,1178.300048828125,1180.0,24335
2026-04-06 05:45:00,1179.800048828125,1182.300048828125,1178.0999755859375,1182.199951171875,13783
2026-04-06 05:50:00,1182.199951171875,1183.0,1181.4000244140625,1182.4000244140625,12242
2026-04-06 05:55:00,1182.300048828125,1184.5,1181.9000244140625,1183.5,7987
2026-04-06 06:00:00,1184.4000244140625,1184.4000244140625,1180.0,1182.300048828125,11669
2026-04-06 06:05:00,1182.300048828125,1185.5,1181.300048828125,1183.800048828125,11930
2026-04-06 06:10:00,1183.800048828125,1184.9000244140625,1182.4000244140625,1183.0,10091
2026-04-06 06:15:00,1183.800048828125,1187.0,1183.0999755859375,1186.5,12063
2026-04-06 06:20:00,1186.5,1187.5999755859375,1186.0,1186.199951171875,11466
2026-04-06 06:25:00,1186.5,1190.0,1186.300048828125,1188.0,17839
2026-04-06 06:30:00,1188.0,1194.4000244140625,1187.800048828125,1193.199951171875,50592
2026-04-06 06:35:00,1193.199951171875,1193.9000244140625,1192.5,1193.5,18595
2026-04-06 06:40:00,1193.5,1193.9000244140625,1191.4000244140625,1191.5,16877
2026-04-06 06:45:00,1192.0,1192.0,1189.4000244140625,1190.0999755859375,13016
2026-04-06 06:50:00,1190.0,1193.4000244140625,1189.300048828125,1192.199951171875,15532
2026-04-06 06:55:00,1191.699951171875,1193.0,1191.5,1192.300048828125,5937
2026-04-06 07:00:00,1192.5999755859375,1192.699951171875,1188.0,1188.4000244140625,16765
2026-04-06 07:05:00,1188.5,1189.699951171875,1187.0999755859375,1189.4000244140625,12843
2026-04-06 07:10:00,1189.800048828125,1190.5,1188.0999755859375,1188.699951171875,12365
2026-04-06 07:15:00,1189.0999755859375,1194.0,1189.0999755859375,1194.0,23322
2026-04-06 07:20:00,1193.9000244140625,1198.800048828125,1193.0,1197.5,56474
2026-04-06 07:25:00,1197.699951171875,1199.5999755859375,1197.0999755859375,1198.9000244140625,55912
2026-04-06 07:30:00,1198.9000244140625,1199.9000244140625,1195.0,1196.699951171875,27280
2026-04-06 07:35:00,1196.699951171875,1198.9000244140625,1196.199951171875,1198.5,10458
2026-04-06 07:40:00,1198.5,1199.800048828125,1197.800048828125,1199.0,15679
2026-04-06 07:45:00,1199.0,1202.9000244140625,1197.699951171875,1202.0,46948
2026-04-06 07:50:00,1202.0999755859375,1202.800048828125,1200.0999755859375,1201.5999755859375,22432
2026-04-06 07:55:00,1201.5999755859375,1202.5,1198.5999755859375,1199.699951171875,30939
2026-04-06 08:00:00,1199.5999755859375,1202.0,1199.5999755859375,1201.5999755859375,15393
2026-04-06 08:05:00,1201.800048828125,1202.0999755859375,1200.0999755859375,1200.4000244140625,14370
2026-04-06 08:10:00,1200.4000244140625,1201.0,1198.0,1198.5,16055
2026-04-06 08:15:00,1198.199951171875,1200.800048828125,1197.300048828125,1198.699951171875,19800
2026-04-06 08:20:00,1198.4000244140625,1200.800048828125,1198.4000244140625,1200.800048828125,9162
2026-04-06 08:25:00,1200.5,1200.800048828125,1199.199951171875,1199.5999755859375,13785
2026-04-06 08:30:00,1199.9000244140625,1202.800048828125,1199.699951171875,1202.5,21098
2026-04-06 08:35:00,1202.5,1202.800048828125,1199.0,1200.0,18208
2026-04-06 08:40:00,1199.9000244140625,1202.5999755859375,1199.699951171875,1202.4000244140625,12333
2026-04-06 08:45:00,1202.0999755859375,1203.5,1202.0999755859375,1203.0999755859375,22604
2026-04-06 08:50:00,1203.0999755859375,1204.0,1201.0,1202.0,20696
2026-04-06 08:55:00,1202.199951171875,1202.199951171875,1200.0,1201.5,14628
2026-04-06 09:00:00,1202.0,1203.199951171875,1201.0,1201.5999755859375,24524
2026-04-06 09:05:00,1201.5999755859375,1202.699951171875,1200.699951171875,1200.9000244140625,13041
2026-04-06 09:10:00,1200.9000244140625,1201.9000244140625,1199.699951171875,1200.199951171875,24430
2026-04-06 09:15:00,1200.699951171875,1203.0,1200.5,1201.0,37832
2026-04-06 09:20:00,1201.5,1202.5,1200.5999755859375,1201.4000244140625,27887
2026-04-06 09:25:00,1200.5999755859375,1201.699951171875,1198.0,1201.5,28059
2026-04-06 09:30:00,1201.0999755859375,1209.9000244140625,1201.0999755859375,1209.0,86689
2026-04-06 09:35:00,1208.5,1209.0,1206.0999755859375,1207.0,33974
2026-04-06 09:40:00,1206.9000244140625,1207.9000244140625,1204.300048828125,1205.0,33826
2026-04-06 09:45:00,1204.800048828125,1206.0,1204.0,1204.4000244140625,53008
2026-04-06 09:50:00,1204.0999755859375,1204.699951171875,1202.300048828125,1204.5,39732
2026-04-06 09:55:00,1204.5,1205.199951171875,1202.5999755859375,1203.0,59281
2026-04-07 03:45:00,1198.0,1198.0,1184.699951171875,1186.9000244140625,0
2026-04-07 03:50:00,1187.5999755859375,1199.0,1187.5999755859375,1199.0,138222
2026-04-07 03:55:00,1198.5999755859375,1204.300048828125,1198.0,1200.0,76811
2026-04-07 04:00:00,1200.5,1203.4000244140625,1199.0,1199.0,41844
2026-04-07 04:05:00,1198.800048828125,1198.800048828125,1196.0,1196.0,34990
2026-04-07 04:10:00,1196.5999755859375,1198.0999755859375,1190.4000244140625,1190.4000244140625,39589
2026-04-07 04:15:00,1191.0,1194.4000244140625,1190.300048828125,1191.0999755859375,47081
2026-04-07 04:20:00,1190.5999755859375,1193.800048828125,1190.5999755859375,1193.199951171875,20013
2026-04-07 04:25:00,1193.0,1195.199951171875,1192.9000244140625,1194.0,19125
2026-04-07 04:30:00,1194.0999755859375,1196.5,1193.199951171875,1196.5,17611
2026-04-07 04:35:00,1196.5,1197.699951171875,1194.0,1194.300048828125,34463
2026-04-07 04:40:00,1193.5,1196.0,1192.800048828125,1195.300048828125,15967
2026-04-07 04:45:00,1195.5999755859375,1198.199951171875,1195.300048828125,1197.800048828125,16201
2026-04-07 04:50:00,1198.4000244140625,1199.5,1193.5999755859375,1197.0999755859375,30480
2026-04-07 04:55:00,1196.5999755859375,1201.5,1196.5999755859375,1201.199951171875,30515
2026-04-07 05:00:00,1201.9000244140625,1202.5999755859375,1200.0999755859375,1201.199951171875,44827
2026-04-07 05:05:00,1200.300048828125,1202.0,1197.4000244140625,1202.0,31439
2026-04-07 05:10:00,1201.699951171875,1204.4000244140625,1201.199951171875,1204.0,35022
2026-04-07 05:15:00,1203.800048828125,1204.4000244140625,1200.0999755859375,1200.5999755859375,22534
2026-04-07 05:20:00,1200.199951171875,1200.199951171875,1196.5999755859375,1197.4000244140625,22353
2026-04-07 05:25:00,1197.5,1198.699951171875,1196.0999755859375,1196.699951171875,24374
2026-04-07 05:30:00,1196.800048828125,1197.800048828125,1194.699951171875,1197.199951171875,31510
2026-04-07 05:35:00,1197.0,1197.5,1195.199951171875,1196.5,12083
2026-04-07 05:40:00,1196.5,1196.5,1194.800048828125,1195.4000244140625,14076
2026-04-07 05:45:00,1195.4000244140625,1198.5999755859375,1194.4000244140625,1198.0999755859375,20083
2026-04-07 05:50:00,1198.5,1199.800048828125,1198.0999755859375,1199.0,8464
2026-04-07 05:55:00,1197.800048828125,1199.0,1197.4000244140625,1198.9000244140625,6961
2026-04-07 06:00:00,1198.9000244140625,1199.0999755859375,1198.0,1198.9000244140625,11717
2026-04-07 06:05:00,1198.699951171875,1199.9000244140625,1198.0,1199.4000244140625,9297
2026-04-07 06:10:00,1199.0,1199.0,1196.5999755859375,1198.0,24314
2026-04-07 06:15:00,1198.300048828125,1199.800048828125,1198.0,1199.300048828125,11967
2026-04-07 06:20:00,1199.0,1199.9000244140625,1199.0,1199.5999755859375,14014
2026-04-07 06:25:00,1199.699951171875,1201.9000244140625,1199.0,1201.5,10710
2026-04-07 06:30:00,1201.4000244140625,1201.4000244140625,1198.0,1199.0,13872
2026-04-07 06:35:00,1198.5,1200.0,1198.0999755859375,1199.4000244140625,3574
2026-04-07 06:40:00,1199.0999755859375,1199.4000244140625,1197.199951171875,1199.0,12001
2026-04-07 06:45:00,1199.0,1199.0999755859375,1197.5,1197.699951171875,4764
2026-04-07 06:50:00,1197.5999755859375,1197.699951171875,1196.300048828125,1196.699951171875,9414
2026-04-07 06:55:00,1197.5999755859375,1198.699951171875,1196.9000244140625,1198.0,7319
2026-04-07 07:00:00,1197.800048828125,1198.800048828125,1197.800048828125,1198.800048828125,5835
2026-04-07 07:05:00,1198.5,1198.9000244140625,1197.199951171875,1198.199951171875,7213
2026-04-07 07:10:00,1198.199951171875,1198.5999755859375,1196.5,1197.5,21301
2026-04-07 07:15:00,1197.199951171875,1197.300048828125,1196.199951171875,1196.9000244140625,5623
2026-04-07 07:20:00,1196.5,1199.300048828125,1196.5,1198.800048828125,15305
2026-04-07 07:25:00,1198.0999755859375,1198.5999755859375,1196.4000244140625,1196.699951171875,8239
2026-04-07 07:30:00,1196.699951171875,1198.199951171875,1196.0,1198.199951171875,6474
2026-04-07 07:35:00,1198.0,1198.199951171875,1196.300048828125,1197.0,5464
2026-04-07 07:40:00,1196.800048828125,1198.9000244140625,1196.0,1197.300048828125,11866
2026-04-07 07:45:00,1198.0,1200.0,1198.0,1199.0999755859375,19099
2026-04-07 07:50:00,1198.5,1198.9000244140625,1197.0,1197.5999755859375,7973
2026-04-07 07:55:00,1197.5999755859375,1198.199951171875,1197.0,1197.9000244140625,7314
2026-04-07 08:00:00,1198.199951171875,1200.0,1198.0999755859375,1199.0,11874
2026-04-07 08:05:00,1199.300048828125,1201.4000244140625,1198.9000244140625,1201.0,10335
2026-04-07 08:10:00,1201.0,1202.5999755859375,1199.300048828125,1201.9000244140625,26440
2026-04-07 08:15:00,1201.5,1202.5,1199.4000244140625,1200.199951171875,20162
2026-04-07 08:20:00,1199.800048828125,1201.300048828125,1198.5999755859375,1201.0,6101
2026-04-07 08:25:00,1200.9000244140625,1201.0,1198.0999755859375,1198.9000244140625,13104
2026-04-07 08:30:00,1199.199951171875,1201.5999755859375,1198.800048828125,1201.5,11830
2026-04-07 08:35:00,1200.800048828125,1201.5,1200.199951171875,1201.0,5680
2026-04-07 08:40:00,1200.5,1201.0999755859375,1198.9000244140625,1199.699951171875,16389
2026-04-07 08:45:00,1200.0,1200.9000244140625,1197.699951171875,1197.9000244140625,19408
2026-04-07 08:50:00,1198.199951171875,1200.0999755859375,1197.5,1200.0999755859375,19526
2026-04-07 08:55:00,1200.0999755859375,1204.4000244140625,1200.0999755859375,1200.5999755859375,57215
2026-04-07 09:00:00,1200.5999755859375,1201.9000244140625,1200.0999755859375,1200.9000244140625,5937
2026-04-07 09:05:00,1200.800048828125,1201.5,1200.0,1200.699951171875,14932
2026-04-07 09:10:00,1200.9000244140625,1202.300048828125,1200.0,1201.9000244140625,24106
2026-04-07 09:15:00,1201.9000244140625,1202.4000244140625,1201.0,1201.800048828125,5895
2026-04-07 09:20:00,1201.9000244140625,1203.0,1201.9000244140625,1202.5,12024
2026-04-07 09:25:00,1203.0,1204.5,1202.5999755859375,1203.5,24177
2026-04-07 09:30:00,1203.9000244140625,1205.5,1202.0999755859375,1205.0,34150
2026-04-07 09:35:00,1204.5999755859375,1205.5,1203.800048828125,1204.0999755859375,16941
2026-04-07 09:40:00,1204.699951171875,1204.699951171875,1202.0999755859375,1203.800048828125,30418
2026-04-07 09:45:00,1203.0,1203.800048828125,1201.699951171875,1202.0999755859375,34377
2026-04-07 09:50:00,1201.9000244140625,1203.0,1201.5,1202.800048828125,22981
2026-04-07 09:55:00,1202.699951171875,1203.699951171875,1202.0,1202.0,55028
2026-04-08 03:45:00,1265.9000244140625,1267.9000244140625,1252.199951171875,1259.0999755859375,0
2026-04-08 03:50:00,1258.5,1260.0,1250.0,1250.9000244140625,192887
2026-04-08 03:55:00,1250.9000244140625,1253.5,1250.0,1250.5999755859375,108733
2026-04-08 04:00:00,1251.0,1255.800048828125,1249.9000244140625,1254.5,115538
2026-04-08 04:05:00,1256.0,1261.0,1256.0,1259.4000244140625,115342
2026-04-08 04:10:00,1259.300048828125,1263.800048828125,1258.699951171875,1263.5,76478
2026-04-08 04:15:00,1263.5,1267.800048828125,1261.699951171875,1266.5,111712
2026-04-08 04:20:00,1266.699951171875,1268.5,1265.4000244140625,1266.0999755859375,87500
2026-04-08 04:25:00,1266.5999755859375,1266.5999755859375,1259.0,1259.0,117917
2026-04-08 04:30:00,1259.0,1262.5999755859375,1258.199951171875,1262.5999755859375,55257
2026-04-08 04:35:00,1262.800048828125,1266.800048828125,1261.699951171875,1266.800048828125,44278
2026-04-08 04:40:00,1266.800048828125,1267.800048828125,1263.9000244140625,1263.9000244140625,57614
2026-04-08 04:45:00,1263.800048828125,1265.9000244140625,1261.9000244140625,1265.199951171875,40031
2026-04-08 04:50:00,1264.800048828125,1266.199951171875,1263.4000244140625,1264.5,30720
2026-04-08 04:55:00,1264.5,1265.800048828125,1261.800048828125,1265.4000244140625,35249
2026-04-08 05:00:00,1265.5,1268.5,1265.199951171875,1268.5,57597
2026-04-08 05:05:00,1268.699951171875,1271.0,1268.5999755859375,1270.5999755859375,84637
2026-04-08 05:10:00,1270.5999755859375,1273.9000244140625,1270.199951171875,1271.9000244140625,44559
2026-04-08 05:15:00,1271.800048828125,1273.300048828125,1270.0,1270.5,42487
2026-04-08 05:20:00,1270.800048828125,1273.699951171875,1270.699951171875,1273.4000244140625,36954
2026-04-08 05:25:00,1273.5,1277.9000244140625,1273.5,1276.300048828125,89972
2026-04-08 05:30:00,1277.0,1280.800048828125,1276.5,1278.5,94276
2026-04-08 05:35:00,1278.5,1281.9000244140625,1278.0,1279.699951171875,63578
2026-04-08 05:40:00,1279.699951171875,1285.0,1279.699951171875,1285.0,145664
2026-04-08 05:45:00,1285.0,1285.0,1280.5999755859375,1283.0,89639
2026-04-08 05:50:00,1282.300048828125,1288.699951171875,1282.0,1285.9000244140625,121414
2026-04-08 05:55:00,1286.4000244140625,1288.800048828125,1282.0999755859375,1283.300048828125,83260
2026-04-08 06:00:00,1283.0,1284.5999755859375,1282.199951171875,1282.199951171875,47683
2026-04-08 06:05:00,1282.300048828125,1284.5,1280.199951171875,1282.0,36812
2026-04-08 06:10:00,1281.800048828125,1283.0,1280.800048828125,1282.699951171875,31098
2026-04-08 06:15:00,1282.800048828125,1285.0,1282.800048828125,1284.9000244140625,22967
2026-04-08 06:20:00,1284.9000244140625,1285.5999755859375,1279.5999755859375,1285.0,40939
2026-04-08 06:25:00,1284.5,1284.5999755859375,1281.0999755859375,1281.5,23001
2026-04-08 06:30:00,1281.5,1283.5,1280.5,1282.5,24375
2026-04-08 06:35:00,1282.5,1285.5999755859375,1282.5,1285.0,30390
2026-04-08 06:40:00,1284.699951171875,1287.5,1284.300048828125,1287.0999755859375,70624
2026-04-08 06:45:00,1287.199951171875,1288.4000244140625,1284.0,1285.699951171875,43714
2026-04-08 06:50:00,1285.5,1287.699951171875,1284.4000244140625,1286.300048828125,96161
2026-04-08 06:55:00,1286.300048828125,1287.699951171875,1284.0,1284.199951171875,20315
2026-04-08 07:00:00,1284.0999755859375,1284.199951171875,1278.0,1279.0999755859375,49335
2026-04-08 07:05:00,1279.4000244140625,1281.5999755859375,1278.699951171875,1281.300048828125,27229
2026-04-08 07:10:00,1281.0,1286.300048828125,1280.4000244140625,1286.0,84819
2026-04-08 07:15:00,1286.0,1286.699951171875,1285.300048828125,1286.5,21215
2026-04-08 07:20:00,1286.9000244140625,1287.199951171875,1283.5,1283.699951171875,41608
2026-04-08 07:25:00,1284.0,1287.4000244140625,1284.0,1286.0,30135
2026-04-08 07:30:00,1286.0,1286.300048828125,1282.199951171875,1282.5999755859375,25423
2026-04-08 07:35:00,1283.0,1283.5,1281.0,1282.199951171875,21570
2026-04-08 07:40:00,1282.5999755859375,1284.4000244140625,1281.699951171875,1282.800048828125,22065
2026-04-08 07:45:00,1282.4000244140625,1283.0,1280.5999755859375,1280.9000244140625,20101
2026-04-08 07:50:00,1280.5999755859375,1281.800048828125,1279.5,1281.0,32019
2026-04-08 07:55:00,1281.0,1282.5999755859375,1280.800048828125,1282.0,14548
2026-04-08 08:00:00,1281.9000244140625,1282.4000244140625,1280.0999755859375,1282.4000244140625,19107
2026-04-08 08:05:00,1282.0,1282.800048828125,1281.9000244140625,1282.199951171875,12997
2026-04-08 08:10:00,1282.199951171875,1282.800048828125,1280.300048828125,1280.300048828125,26291
2026-04-08 08:15:00,1280.300048828125,1281.699951171875,1280.0,1281.699951171875,26959
2026-04-08 08:20:00,1281.699951171875,1284.0,1281.4000244140625,1281.5999755859375,17316
2026-04-08 08:25:00,1281.9000244140625,1283.4000244140625,1280.699951171875,1281.9000244140625,18457
2026-04-08 08:30:00,1281.699951171875,1281.800048828125,1279.9000244140625,1281.0,32421
2026-04-08 08:35:00,1281.0,1281.9000244140625,1278.0,1278.199951171875,37244
2026-04-08 08:40:00,1278.4000244140625,1279.5,1276.300048828125,1277.9000244140625,43044
2026-04-08 08:45:00,1277.199951171875,1279.0,1276.4000244140625,1279.0,23504
2026-04-08 08:50:00,1279.0,1280.0,1277.5999755859375,1278.699951171875,16424
2026-04-08 08:55:00,1278.5,1280.0,1278.199951171875,1279.800048828125,25924
2026-04-08 09:00:00,1279.800048828125,1281.9000244140625,1279.800048828125,1280.4000244140625,24254
2026-04-08 09:05:00,1280.4000244140625,1285.9000244140625,1280.0,1285.300048828125,92241
2026-04-08 09:10:00,1285.0,1285.9000244140625,1282.199951171875,1283.800048828125,38764
2026-04-08 09:15:00,1284.199951171875,1285.5,1281.5,1281.5,40273
2026-04-08 09:20:00,1282.0,1285.0,1281.699951171875,1284.5999755859375,24478
2026-04-08 09:25:00,1285.0,1285.9000244140625,1284.4000244140625,1285.9000244140625,22780
2026-04-08 09:30:00,1285.699951171875,1285.699951171875,1282.5999755859375,1284.4000244140625,32909
2026-04-08 09:35:00,1284.4000244140625,1286.9000244140625,1284.0,1286.5,56102
2026-04-08 09:40:00,1286.4000244140625,1287.9000244140625,1285.5999755859375,1286.5,68548
2026-04-08 09:45:00,1287.0,1288.0,1286.0,1287.5,70517
2026-04-08 09:50:00,1287.699951171875,1289.0,1287.0,1288.699951171875,75984
2026-04-08 09:55:00,1288.9000244140625,1292.0,1287.5999755859375,1291.0,127354
2026-04-09 03:45:00,1285.0,1285.0,1263.699951171875,1277.699951171875,0
2026-04-09 03:50:00,1277.699951171875,1280.9000244140625,1275.800048828125,1278.300048828125,127817
2026-04-09 03:55:00,1277.5999755859375,1280.800048828125,1277.5,1279.0999755859375,84658
2026-04-09 04:00:00,1278.9000244140625,1278.9000244140625,1272.0,1272.0,68178
2026-04-09 04:05:00,1271.199951171875,1276.5,1271.199951171875,1274.5999755859375,45857
2026-04-09 04:10:00,1274.5,1274.5,1268.5999755859375,1269.0999755859375,42193
2026-04-09 04:15:00,1269.300048828125,1270.4000244140625,1266.0,1266.4000244140625,60469
2026-04-09 04:20:00,1266.0,1266.0,1263.5,1263.5999755859375,72114
2026-04-09 04:25:00,1263.300048828125,1265.0,1262.4000244140625,1263.4000244140625,35096
2026-04-09 04:30:00,1263.0,1266.0,1261.5999755859375,1264.5,50404
2026-04-09 04:35:00,1264.5999755859375,1267.4000244140625,1263.300048828125,1264.199951171875,49081
2026-04-09 04:40:00,1264.199951171875,1267.9000244140625,1264.0,1265.5,23803
2026-04-09 04:45:00,1266.0999755859375,1267.5999755859375,1262.0999755859375,1266.699951171875,40717
2026-04-09 04:50:00,1265.9000244140625,1267.9000244140625,1265.300048828125,1267.699951171875,26269
2026-04-09 04:55:00,1267.5999755859375,1267.5999755859375,1265.5,1267.300048828125,26199
2026-04-09 05:00:00,1268.4000244140625,1269.4000244140625,1267.5,1268.4000244140625,24848
2026-04-09 05:05:00,1267.9000244140625,1269.699951171875,1266.5,1267.4000244140625,30567
2026-04-09 05:10:00,1267.5,1269.699951171875,1266.699951171875,1267.5,29468
2026-04-09 05:15:00,1267.800048828125,1270.800048828125,1267.800048828125,1270.300048828125,22295
2026-04-09 05:20:00,1270.5999755859375,1272.5999755859375,1270.300048828125,1272.4000244140625,25569
2026-04-09 05:25:00,1272.0999755859375,1274.0,1271.4000244140625,1272.800048828125,19805
2026-04-09 05:30:00,1273.0999755859375,1277.0,1273.0999755859375,1276.0999755859375,30501
2026-04-09 05:35:00,1276.0,1276.199951171875,1273.0,1275.9000244140625,22891
2026-04-09 05:40:00,1276.199951171875,1276.800048828125,1274.699951171875,1275.199951171875,18752
2026-04-09 05:45:00,1275.199951171875,1278.699951171875,1275.199951171875,1276.0999755859375,21603
2026-04-09 05:50:00,1278.300048828125,1283.0,1276.5,1280.9000244140625,58572
2026-04-09 05:55:00,1280.9000244140625,1286.0,1280.0999755859375,1285.300048828125,63357
2026-04-09 06:00:00,1284.4000244140625,1286.699951171875,1284.4000244140625,1285.5,58073
2026-04-09 06:05:00,1286.300048828125,1286.5999755859375,1283.5,1286.0999755859375,34939
2026-04-09 06:10:00,1286.0,1292.0,1285.800048828125,1291.800048828125,93046
2026-04-09 06:15:00,1292.0,1294.800048828125,1288.199951171875,1293.5,74570
2026-04-09 06:20:00,1293.9000244140625,1297.4000244140625,1290.0,1290.9000244140625,98702
2026-04-09 06:25:00,1290.9000244140625,1294.9000244140625,1290.9000244140625,1293.0,30697
2026-04-09 06:30:00,1293.5,1293.5,1290.4000244140625,1291.0,29924
2026-04-09 06:35:00,1290.800048828125,1292.0,1288.300048828125,1291.800048828125,33060
2026-04-09 06:40:00,1291.800048828125,1291.800048828125,1289.0,1290.0,14253
2026-04-09 06:45:00,1290.0,1291.9000244140625,1290.0,1290.0,17840
2026-04-09 06:50:00,1290.800048828125,1291.0,1290.0,1290.0,11192
2026-04-09 06:55:00,1290.300048828125,1291.0,1288.5,1290.800048828125,16002
2026-04-09 07:00:00,1291.0,1291.0,1288.0999755859375,1288.4000244140625,56882
2026-04-09 07:05:00,1288.300048828125,1289.800048828125,1285.5,1287.5,24037
2026-04-09 07:10:00,1287.5,1288.9000244140625,1286.4000244140625,1286.5,11729
2026-04-09 07:15:00,1286.0999755859375,1286.5999755859375,1281.0,1282.0999755859375,38181
2026-04-09 07:20:00,1281.9000244140625,1285.0,1281.5,1284.800048828125,22836
2026-04-09 07:25:00,1284.9000244140625,1285.300048828125,1283.199951171875,1283.699951171875,13734
2026-04-09 07:30:00,1283.9000244140625,1284.699951171875,1282.9000244140625,1284.300048828125,17330
2026-04-09 07:35:00,1284.0,1285.199951171875,1283.5,1284.5999755859375,13147
2026-04-09 07:40:00,1284.199951171875,1284.5999755859375,1279.800048828125,1282.5999755859375,28981
2026-04-09 07:45:00,1282.0,1282.5,1280.300048828125,1280.5,8894
2026-04-09 07:50:00,1280.199951171875,1280.800048828125,1278.0999755859375,1280.5,16763
2026-04-09 07:55:00,1280.0999755859375,1283.4000244140625,1279.5999755859375,1281.300048828125,21496
2026-04-09 08:00:00,1281.4000244140625,1283.300048828125,1280.0,1282.4000244140625,11968
2026-04-09 08:05:00,1282.4000244140625,1283.9000244140625,1282.0,1282.0,7210
2026-04-09 08:10:00,1282.0,1282.0,1277.300048828125,1277.4000244140625,33368
2026-04-09 08:15:00,1276.5999755859375,1277.800048828125,1275.0999755859375,1277.300048828125,23286
2026-04-09 08:20:00,1277.199951171875,1278.9000244140625,1276.699951171875,1278.5,15621
2026-04-09 08:25:00,1278.699951171875,1280.5,1278.300048828125,1279.5,8973
2026-04-09 08:30:00,1279.5,1280.800048828125,1278.800048828125,1280.699951171875,8016
2026-04-09 08:35:00,1280.5,1280.5,1279.0999755859375,1279.699951171875,7620
2026-04-09 08:40:00,1279.5999755859375,1280.0,1277.0,1277.800048828125,19244
2026-04-09 08:45:00,1277.800048828125,1278.0,1275.300048828125,1275.300048828125,10619
2026-04-09 08:50:00,1275.300048828125,1276.9000244140625,1274.0999755859375,1275.300048828125,26588
2026-04-09 08:55:00,1275.0999755859375,1275.699951171875,1273.699951171875,1274.199951171875,23502
2026-04-09 09:00:00,1274.5,1276.4000244140625,1272.5,1275.800048828125,18895
2026-04-09 09:05:00,1275.0999755859375,1276.0,1274.5999755859375,1275.9000244140625,7727
2026-04-09 09:10:00,1276.4000244140625,1278.0999755859375,1275.9000244140625,1277.0,18506
2026-04-09 09:15:00,1277.199951171875,1278.0,1275.5999755859375,1277.699951171875,12729
2026-04-09 09:20:00,1277.5999755859375,1277.9000244140625,1276.0999755859375,1277.800048828125,11186
2026-04-09 09:25:00,1277.800048828125,1277.9000244140625,1276.300048828125,1277.5,21171
2026-04-09 09:30:00,1277.5999755859375,1279.699951171875,1275.0,1277.800048828125,34087
2026-04-09 09:35:00,1277.699951171875,1281.0999755859375,1277.0,1280.5,24596
2026-04-09 09:40:00,1280.9000244140625,1281.0,1279.699951171875,1280.9000244140625,26485
2026-04-09 09:45:00,1280.800048828125,1280.9000244140625,1277.9000244140625,1277.9000244140625,35773
2026-04-09 09:50:00,1278.800048828125,1279.800048828125,1276.5,1279.699951171875,59333
2026-04-09 09:55:00,1279.5,1281.0,1278.4000244140625,1279.300048828125,79214
2026-04-10 03:45:00,1290.800048828125,1305.4000244140625,1290.800048828125,1301.699951171875,0
2026-04-10 03:50:00,1301.4000244140625,1301.4000244140625,1294.4000244140625,1297.800048828125,120708
2026-04-10 03:55:00,1297.5,1299.0,1291.4000244140625,1294.300048828125,72472
2026-04-10 04:00:00,1292.199951171875,1294.5999755859375,1291.699951171875,1293.9000244140625,55923
2026-04-10 04:05:00,1294.0,1294.4000244140625,1288.0,1288.0999755859375,60816
2026-04-10 04:10:00,1289.0,1289.9000244140625,1287.699951171875,1287.800048828125,31276
2026-04-10 04:15:00,1288.5,1297.5999755859375,1288.4000244140625,1297.0,95417
2026-04-10 04:20:00,1296.300048828125,1298.5,1295.199951171875,1296.5,30848
2026-04-10 04:25:00,1296.4000244140625,1297.9000244140625,1296.0,1297.199951171875,20393
2026-04-10 04:30:00,1297.9000244140625,1298.699951171875,1296.0,1297.199951171875,40237
2026-04-10 04:35:00,1298.0,1298.0,1287.699951171875,1294.0999755859375,72769
2026-04-10 04:40:00,1293.9000244140625,1296.5,1293.9000244140625,1296.0,18809
2026-04-10 04:45:00,1296.0,1298.0,1295.0999755859375,1296.699951171875,18494
2026-04-10 04:50:00,1296.9000244140625,1298.4000244140625,1295.699951171875,1297.0999755859375,20528
2026-04-10 04:55:00,1296.9000244140625,1298.9000244140625,1295.9000244140625,1297.800048828125,20224
2026-04-10 05:00:00,1297.800048828125,1299.300048828125,1297.5,1298.699951171875,33062
2026-04-10 05:05:00,1298.800048828125,1299.300048828125,1297.300048828125,1298.199951171875,17234
2026-04-10 05:10:00,1298.300048828125,1298.699951171875,1297.199951171875,1297.9000244140625,10381
2026-04-10 05:15:00,1297.199951171875,1297.300048828125,1295.0,1295.4000244140625,19689
2026-04-10 05:20:00,1295.199951171875,1300.699951171875,1295.0999755859375,1299.699951171875,42070
2026-04-10 05:25:00,1300.0,1301.4000244140625,1297.0,1301.4000244140625,32957
2026-04-10 05:30:00,1301.300048828125,1301.300048828125,1298.300048828125,1298.9000244140625,27393
2026-04-10 05:35:00,1298.5,1300.0,1298.5,1300.0,9683
2026-04-10 05:40:00,1300.0,1301.300048828125,1298.5999755859375,1299.5,13799
2026-04-10 05:45:00,1299.5,1300.199951171875,1298.0,1298.699951171875,16945
2026-04-10 05:50:00,1299.300048828125,1300.5,1298.5999755859375,1299.300048828125,23303
2026-04-10 05:55:00,1299.300048828125,1300.5,1298.800048828125,1299.0,17707
2026-04-10 06:00:00,1299.5999755859375,1302.0,1299.5999755859375,1301.5,21611
2026-04-10 06:05:00,1301.300048828125,1302.0,1299.199951171875,1299.199951171875,11010
2026-04-10 06:10:00,1299.5999755859375,1302.0,1299.4000244140625,1300.199951171875,24840
2026-04-10 06:15:00,1299.800048828125,1300.4000244140625,1296.0,1296.699951171875,20704
2026-04-10 06:20:00,1296.4000244140625,1298.9000244140625,1295.699951171875,1296.5999755859375,15244
2026-04-10 06:25:00,1296.5999755859375,1298.5999755859375,1296.4000244140625,1298.0999755859375,8412
2026-04-10 06:30:00,1298.4000244140625,1301.5,1298.0,1301.5,19927
2026-04-10 06:35:00,1301.5,1301.699951171875,1300.199951171875,1301.0,11411
2026-04-10 06:40:00,1301.0,1303.0,1300.300048828125,1302.5,23719
2026-04-10 06:45:00,1302.5,1302.9000244140625,1299.300048828125,1300.5999755859375,18416
2026-04-10 06:50:00,1300.699951171875,1301.4000244140625,1299.4000244140625,1301.4000244140625,13438
2026-04-10 06:55:00,1301.5,1302.0,1299.800048828125,1300.5,11938
2026-04-10 07:00:00,1300.699951171875,1301.5999755859375,1300.5,1301.5,11575
2026-04-10 07:05:00,1301.5,1302.5,1301.199951171875,1302.199951171875,14029
2026-04-10 07:10:00,1302.199951171875,1302.5,1299.0999755859375,1299.0999755859375,12385
2026-04-10 07:15:00,1299.0999755859375,1299.9000244140625,1298.0,1299.9000244140625,17090
2026-04-10 07:20:00,1299.0,1302.0,1298.0,1301.199951171875,20244
2026-04-10 07:25:00,1301.199951171875,1302.9000244140625,1300.5,1302.4000244140625,18083
2026-04-10 07:30:00,1302.4000244140625,1303.0,1301.5,1302.800048828125,10841
2026-04-10 07:35:00,1303.0,1304.699951171875,1302.699951171875,1304.699951171875,34630
2026-04-10 07:40:00,1304.699951171875,1306.9000244140625,1303.199951171875,1306.9000244140625,69302
2026-04-10 07:45:00,1306.5999755859375,1306.9000244140625,1305.199951171875,1305.5999755859375,25297
2026-04-10 07:50:00,1305.5999755859375,1306.0,1303.699951171875,1304.0,21921
2026-04-10 07:55:00,1304.0999755859375,1305.5,1303.5999755859375,1305.300048828125,15045
2026-04-10 08:00:00,1304.800048828125,1306.300048828125,1304.5999755859375,1306.199951171875,16718
2026-04-10 08:05:00,1306.4000244140625,1307.699951171875,1305.5,1306.4000244140625,33627
2026-04-10 08:10:00,1306.9000244140625,1307.800048828125,1305.9000244140625,1306.199951171875,21480
2026-04-10 08:15:00,1306.300048828125,1307.0,1305.5,1306.0,16516
2026-04-10 08:20:00,1306.0,1308.0,1305.5,1307.800048828125,28954
2026-04-10 08:25:00,1307.4000244140625,1308.9000244140625,1307.4000244140625,1308.199951171875,33104
2026-04-10 08:30:00,1308.199951171875,1308.199951171875,1305.9000244140625,1306.5999755859375,9445
2026-04-10 08:35:00,1306.9000244140625,1307.4000244140625,1306.0,1306.4000244140625,15911
2026-04-10 08:40:00,1306.5,1307.800048828125,1304.0999755859375,1305.199951171875,22942
2026-04-10 08:45:00,1305.5,1306.699951171875,1298.0999755859375,1302.0999755859375,104089
2026-04-10 08:50:00,1302.0999755859375,1304.5999755859375,1301.699951171875,1302.199951171875,28086
2026-04-10 08:55:00,1301.800048828125,1301.800048828125,1298.800048828125,1300.0999755859375,27649
2026-04-10 09:00:00,1299.9000244140625,1300.5999755859375,1298.800048828125,1299.5,14864
2026-04-10 09:05:00,1299.300048828125,1299.4000244140625,1298.0999755859375,1299.0,22952
2026-04-10 09:10:00,1299.300048828125,1299.5999755859375,1298.699951171875,1299.199951171875,7512
2026-04-10 09:15:00,1299.0,1302.300048828125,1298.4000244140625,1302.0,25840
2026-04-10 09:20:00,1301.699951171875,1301.800048828125,1300.0,1301.800048828125,15649
2026-04-10 09:25:00,1302.0,1303.4000244140625,1301.0999755859375,1301.5,28940
2026-04-10 09:30:00,1301.5999755859375,1302.9000244140625,1301.0,1302.5,16910
2026-04-10 09:35:00,1302.9000244140625,1305.0,1302.800048828125,1305.0,29798
2026-04-10 09:40:00,1305.0,1305.0999755859375,1302.5999755859375,1303.5999755859375,36676
2026-04-10 09:45:00,1303.5999755859375,1304.4000244140625,1303.0999755859375,1303.5999755859375,28719
2026-04-10 09:50:00,1304.0,1304.0,1301.5999755859375,1302.800048828125,48583
2026-04-10 09:55:00,1302.699951171875,1305.0,1301.0,1305.0,96903
2026-04-13 03:45:00,1269.199951171875,1271.800048828125,1255.199951171875,1266.5999755859375,0
2026-04-13 03:50:00,1266.0,1273.0,1266.0,1273.0,93288
2026-04-13 03:55:00,1272.800048828125,1275.199951171875,1271.0999755859375,1274.9000244140625,98101
2026-04-13 04:00:00,1275.0,1276.5,1274.0999755859375,1276.0,51276
2026-04-13 04:05:00,1275.199951171875,1275.199951171875,1267.4000244140625,1267.5,60366
2026-04-13 04:10:00,1268.5999755859375,1273.9000244140625,1267.699951171875,1272.699951171875,37859
2026-04-13 04:15:00,1272.5999755859375,1273.800048828125,1271.0999755859375,1273.5,18539
2026-04-13 04:20:00,1273.800048828125,1275.9000244140625,1273.800048828125,1275.300048828125,29322
2026-04-13 04:25:00,1275.300048828125,1276.9000244140625,1275.300048828125,1276.800048828125,24571
2026-04-13 04:30:00,1276.300048828125,1277.0,1275.0,1276.5999755859375,19773
2026-04-13 04:35:00,1276.5,1280.0,1276.5,1279.699951171875,39862
2026-04-13 04:40:00,1279.800048828125,1286.800048828125,1279.0999755859375,1283.199951171875,89325
2026-04-13 04:45:00,1283.4000244140625,1283.800048828125,1279.0999755859375,1283.5999755859375,38517
2026-04-13 04:50:00,1283.5999755859375,1288.0,1283.5999755859375,1287.5,30738
2026-04-13 04:55:00,1287.0999755859375,1292.0,1286.0999755859375,1292.0,50761
2026-04-13 05:00:00,1292.300048828125,1294.4000244140625,1292.0,1292.9000244140625,34209
2026-04-13 05:05:00,1292.9000244140625,1295.9000244140625,1291.4000244140625,1295.9000244140625,45495
2026-04-13 05:10:00,1295.4000244140625,1296.4000244140625,1290.0,1293.4000244140625,44442
2026-04-13 05:15:00,1293.0,1300.9000244140625,1293.0,1300.0,60407
2026-04-13 05:20:00,1300.0999755859375,1302.5999755859375,1298.300048828125,1302.5,37938
2026-04-13 05:25:00,1302.5999755859375,1304.4000244140625,1302.0,1303.9000244140625,37074
2026-04-13 05:30:00,1304.0,1304.0,1301.0,1301.800048828125,27192
2026-04-13 05:35:00,1302.5999755859375,1304.9000244140625,1301.699951171875,1301.699951171875,26281
2026-04-13 05:40:00,1301.0999755859375,1302.0,1298.800048828125,1301.199951171875,35617
2026-04-13 05:45:00,1301.5999755859375,1303.9000244140625,1301.5,1303.9000244140625,13207
2026-04-13 05:50:00,1303.5,1305.0,1300.800048828125,1303.699951171875,28078
2026-04-13 05:55:00,1303.800048828125,1305.4000244140625,1302.0,1302.0,33632
2026-04-13 06:00:00,1302.4000244140625,1303.800048828125,1298.5,1299.0,22560
2026-04-13 06:05:00,1299.0,1299.9000244140625,1297.0,1298.0,32909
2026-04-13 06:10:00,1298.0999755859375,1298.0999755859375,1297.0,1297.800048828125,9379
2026-04-13 06:15:00,1297.9000244140625,1300.0,1297.800048828125,1299.0,10540
2026-04-13 06:20:00,1299.0,1301.0,1299.0,1299.699951171875,10919
2026-04-13 06:25:00,1300.199951171875,1300.9000244140625,1299.0,1299.699951171875,9338
2026-04-13 06:30:00,1300.0,1300.800048828125,1298.4000244140625,1298.4000244140625,8533
2026-04-13 06:35:00,1298.699951171875,1299.699951171875,1298.199951171875,1299.199951171875,4715
2026-04-13 06:40:00,1299.199951171875,1299.199951171875,1297.5,1298.5999755859375,10356
2026-04-13 06:45:00,1298.5999755859375,1298.5999755859375,1295.5999755859375,1298.4000244140625,15737
2026-04-13 06:50:00,1297.9000244140625,1298.699951171875,1297.199951171875,1297.5,4885
2026-04-13 06:55:00,1298.0,1299.9000244140625,1297.199951171875,1298.5999755859375,6861
2026-04-13 07:00:00,1298.699951171875,1299.300048828125,1297.4000244140625,1297.9000244140625,4794
2026-04-13 07:05:00,1297.9000244140625,1298.800048828125,1297.0999755859375,1298.800048828125,7170
2026-04-13 07:10:00,1298.0,1298.5,1295.9000244140625,1296.9000244140625,13745
2026-04-13 07:15:00,1296.4000244140625,1300.699951171875,1296.0,1300.4000244140625,28497
2026-04-13 07:20:00,1300.4000244140625,1302.0,1299.300048828125,1299.5999755859375,16435
2026-04-13 07:25:00,1299.5999755859375,1300.0999755859375,1290.4000244140625,1292.5999755859375,49692
2026-04-13 07:30:00,1292.5,1293.199951171875,1290.699951171875,1291.800048828125,30687
2026-04-13 07:35:00,1291.9000244140625,1294.9000244140625,1291.9000244140625,1293.4000244140625,13286
2026-04-13 07:40:00,1292.300048828125,1294.699951171875,1292.0999755859375,1293.5999755859375,12831
2026-04-13 07:45:00,1293.800048828125,1295.300048828125,1293.0,1294.5,6255
2026-04-13 07:50:00,1294.5,1294.9000244140625,1292.300048828125,1292.800048828125,12184
2026-04-13 07:55:00,1292.800048828125,1293.5999755859375,1291.0999755859375,1292.0,7372
2026-04-13 08:00:00,1291.800048828125,1294.300048828125,1291.300048828125,1294.0,8419
2026-04-13 08:05:00,1293.699951171875,1294.699951171875,1291.9000244140625,1292.5,9595
2026-04-13 08:10:00,1292.699951171875,1293.0,1291.699951171875,1292.5999755859375,11186
2026-04-13 08:15:00,1292.800048828125,1293.4000244140625,1291.199951171875,1291.5999755859375,14480
2026-04-13 08:20:00,1292.0999755859375,1295.0,1291.5999755859375,1295.0,19323
2026-04-13 08:25:00,1295.5999755859375,1295.699951171875,1291.9000244140625,1294.9000244140625,26956
2026-04-13 08:30:00,1294.9000244140625,1295.4000244140625,1293.199951171875,1294.300048828125,13384
2026-04-13 08:35:00,1294.0999755859375,1294.0999755859375,1290.4000244140625,1290.5999755859375,16808
2026-04-13 08:40:00,1290.0999755859375,1291.5,1288.800048828125,1290.800048828125,24223
2026-04-13 08:45:00,1291.4000244140625,1292.5999755859375,1290.699951171875,1292.300048828125,7680
2026-04-13 08:50:00,1292.0,1292.4000244140625,1290.5999755859375,1292.4000244140625,6255
2026-04-13 08:55:00,1292.4000244140625,1293.4000244140625,1291.0,1291.4000244140625,5859
2026-04-13 09:00:00,1291.800048828125,1293.9000244140625,1291.800048828125,1293.699951171875,4951
2026-04-13 09:05:00,1293.800048828125,1294.0,1293.0,1293.0,5803
2026-04-13 09:10:00,1293.199951171875,1294.199951171875,1291.5,1292.5,9808
2026-04-13 09:15:00,1293.0999755859375,1294.199951171875,1291.800048828125,1293.300048828125,13611
2026-04-13 09:20:00,1293.800048828125,1293.800048828125,1291.199951171875,1291.800048828125,14051
2026-04-13 09:25:00,1291.699951171875,1291.800048828125,1289.4000244140625,1290.9000244140625,23203
2026-04-13 09:30:00,1290.199951171875,1290.199951171875,1286.0,1288.300048828125,31233
2026-04-13 09:35:00,1288.300048828125,1290.0,1287.300048828125,1288.4000244140625,16238
2026-04-13 09:40:00,1288.0,1292.0999755859375,1288.0,1290.800048828125,20887
2026-04-13 09:45:00,1290.4000244140625,1292.0,1290.4000244140625,1291.4000244140625,24466
2026-04-13 09:50:00,1290.699951171875,1291.5,1289.5,1291.199951171875,36576
2026-04-13 09:55:00,1291.5,1294.5999755859375,1290.0999755859375,1292.9000244140625,72394
2026-04-15 03:45:00,1321.199951171875,1328.699951171875,1318.5999755859375,1326.0,0
2026-04-15 03:50:00,1326.0,1330.4000244140625,1321.5,1321.5,126659
2026-04-15 03:55:00,1322.0,1324.0999755859375,1320.0,1320.300048828125,58058
2026-04-15 04:00:00,1320.0999755859375,1325.5,1320.0,1322.699951171875,76830
2026-04-15 04:05:00,1323.0,1329.5999755859375,1323.0,1327.0,79554
2026-04-15 04:10:00,1327.0999755859375,1337.5999755859375,1327.0999755859375,1335.4000244140625,163629
2026-04-15 04:15:00,1335.0999755859375,1339.0,1332.699951171875,1339.0,110499
2026-04-15 04:20:00,1338.699951171875,1338.9000244140625,1335.199951171875,1336.0,87072
2026-04-15 04:25:00,1336.300048828125,1337.0999755859375,1332.300048828125,1332.9000244140625,49839
2026-04-15 04:30:00,1333.0,1333.699951171875,1332.300048828125,1333.5999755859375,30953
2026-04-15 04:35:00,1334.5,1336.0,1333.9000244140625,1335.0999755859375,32539
2026-04-15 04:40:00,1335.5999755859375,1336.0,1333.0,1334.199951171875,23387
2026-04-15 04:45:00,1333.699951171875,1337.9000244140625,1333.699951171875,1336.5999755859375,53136
2026-04-15 04:50:00,1337.300048828125,1337.5,1335.5999755859375,1336.0,22501
2026-04-15 04:55:00,1336.5,1337.5,1334.4000244140625,1334.9000244140625,28864
2026-04-15 05:00:00,1334.800048828125,1337.800048828125,1334.5999755859375,1337.0,36813
2026-04-15 05:05:00,1337.0,1339.800048828125,1336.5999755859375,1337.5,49991
2026-04-15 05:10:00,1337.9000244140625,1339.699951171875,1337.0999755859375,1338.199951171875,29243
2026-04-15 05:15:00,1338.699951171875,1340.0,1338.0,1338.9000244140625,40050
2026-04-15 05:20:00,1339.0,1339.0,1335.0,1335.300048828125,36576
2026-04-15 05:25:00,1335.4000244140625,1338.300048828125,1335.4000244140625,1336.5999755859375,20456
2026-04-15 05:30:00,1336.5999755859375,1338.199951171875,1335.199951171875,1337.0,31158
2026-04-15 05:35:00,1337.0999755859375,1337.5,1336.0,1336.9000244140625,16155
2026-04-15 05:40:00,1336.800048828125,1337.4000244140625,1335.699951171875,1336.5,16426
2026-04-15 05:45:00,1336.5,1339.5,1336.0999755859375,1337.5999755859375,36911
2026-04-15 05:50:00,1337.9000244140625,1340.699951171875,1337.699951171875,1340.699951171875,49265
2026-04-15 05:55:00,1340.9000244140625,1343.800048828125,1339.0999755859375,1343.0,45433
2026-04-15 06:00:00,1343.0,1344.5,1343.0,1343.9000244140625,51470
2026-04-15 06:05:00,1343.5,1346.9000244140625,1343.5,1344.300048828125,68730
2026-04-15 06:10:00,1344.0,1346.4000244140625,1343.5999755859375,1346.4000244140625,64151
2026-04-15 06:15:00,1348.300048828125,1348.699951171875,1346.5999755859375,1346.699951171875,71102
2026-04-15 06:20:00,1346.5999755859375,1347.800048828125,1345.199951171875,1346.300048828125,46138
2026-04-15 06:25:00,1346.300048828125,1347.4000244140625,1345.5999755859375,1346.699951171875,15682
2026-04-15 06:30:00,1346.699951171875,1349.0,1346.4000244140625,1348.699951171875,27475
2026-04-15 06:35:00,1348.0999755859375,1348.5999755859375,1347.0,1347.800048828125,22435
2026-04-15 06:40:00,1347.300048828125,1348.9000244140625,1347.199951171875,1348.800048828125,18076
2026-04-15 06:45:00,1348.800048828125,1349.800048828125,1348.199951171875,1349.0999755859375,32704
2026-04-15 06:50:00,1349.0,1350.0,1348.5999755859375,1349.4000244140625,54923
2026-04-15 06:55:00,1349.300048828125,1352.0,1346.5999755859375,1348.0,63494
2026-04-15 07:00:00,1347.699951171875,1348.0999755859375,1346.0,1346.0,20147
2026-04-15 07:05:00,1346.0,1346.300048828125,1345.300048828125,1345.4000244140625,23100
2026-04-15 07:10:00,1345.4000244140625,1345.4000244140625,1343.5999755859375,1345.0,32951
2026-04-15 07:15:00,1345.300048828125,1345.699951171875,1343.300048828125,1344.0,14452
2026-04-15 07:20:00,1344.0999755859375,1346.0999755859375,1344.0,1344.300048828125,13712
2026-04-15 07:25:00,1344.800048828125,1345.4000244140625,1343.300048828125,1343.9000244140625,13429
2026-04-15 07:30:00,1343.4000244140625,1344.0,1343.0999755859375,1343.9000244140625,13316
2026-04-15 07:35:00,1344.0,1344.4000244140625,1343.0,1343.4000244140625,5707
2026-04-15 07:40:00,1344.0,1344.199951171875,1343.0999755859375,1344.199951171875,5773
2026-04-15 07:45:00,1344.199951171875,1344.199951171875,1343.199951171875,1343.5,7839
2026-04-15 07:50:00,1343.5,1344.0,1338.699951171875,1339.800048828125,43693
2026-04-15 07:55:00,1339.199951171875,1341.9000244140625,1339.199951171875,1340.699951171875,17252
2026-04-15 08:00:00,1340.5999755859375,1342.9000244140625,1340.0,1341.5,11190
2026-04-15 08:05:00,1341.5,1341.800048828125,1339.4000244140625,1339.800048828125,11606
2026-04-15 08:10:00,1340.0,1342.5,1339.800048828125,1342.4000244140625,9278
2026-04-15 08:15:00,1342.4000244140625,1343.4000244140625,1342.199951171875,1343.4000244140625,10831
2026-04-15 08:20:00,1343.4000244140625,1343.800048828125,1339.5,1341.800048828125,20633
2026-04-15 08:25:00,1341.199951171875,1342.800048828125,1341.199951171875,1342.0,10116
2026-04-15 08:30:00,1342.0,1342.4000244140625,1341.199951171875,1341.800048828125,4984
2026-04-15 08:35:00,1341.800048828125,1342.4000244140625,1341.0,1342.300048828125,11222
2026-04-15 08:40:00,1342.199951171875,1342.5,1341.0,1341.0999755859375,8554
2026-04-15 08:45:00,1341.0,1341.5999755859375,1339.300048828125,1339.300048828125,13706
2026-04-15 08:50:00,1340.0,1341.0,1339.800048828125,1340.4000244140625,9736
2026-04-15 08:55:00,1340.4000244140625,1340.9000244140625,1339.300048828125,1340.4000244140625,11849
2026-04-15 09:00:00,1340.9000244140625,1341.0,1339.5999755859375,1340.300048828125,12928
2026-04-15 09:05:00,1340.300048828125,1341.199951171875,1339.199951171875,1340.199951171875,14244
2026-04-15 09:10:00,1340.199951171875,1340.9000244140625,1339.9000244140625,1340.5999755859375,5552
2026-04-15 09:15:00,1340.5,1340.800048828125,1339.0,1340.0,24731
2026-04-15 09:20:00,1339.5,1340.0999755859375,1339.199951171875,1340.0,17452
2026-04-15 09:25:00,1339.9000244140625,1342.0,1339.5,1341.9000244140625,19368
2026-04-15 09:30:00,1342.0999755859375,1342.5,1340.300048828125,1340.699951171875,23975
2026-04-15 09:35:00,1340.800048828125,1341.4000244140625,1340.5,1340.5,47569
2026-04-15 09:40:00,1340.800048828125,1340.9000244140625,1338.199951171875,1338.199951171875,89776
2026-04-15 09:45:00,1337.699951171875,1339.5,1337.0999755859375,1338.9000244140625,58402
2026-04-15 09:50:00,1338.5999755859375,1339.699951171875,1338.4000244140625,1339.199951171875,39832
2026-04-15 09:55:00,1339.199951171875,1341.0,1339.199951171875,1339.9000244140625,72843
