timestamp,volume_acceleration_60m,persistence_240m,trend_dir_240m,ret_15,ret_30,ret_60,ret_120,ret_300,mfe_60,mae_60,time_to_mfe_60,time_to_mae_60,max_recovery_after_mae_60,max_giveback_after_mfe_60,final_return_rel_mfe_60,final_return_rel_mae_60,crossed_pos_1pct_60,crossed_neg_1pct_60,crossed_pos_2pct_60,crossed_neg_2pct_60,exit_reason_60,volume_sum_60m,relative_volume_60m,volume_concentration_60m,Persistent_Build,Early_Excursion_Decay,Adverse_Excursion_Recovery,Flat_Bound,va_state,pers_state,cohort
1787152560,3.031458489460278,0.3433870623605505,1,0.0162820565378235,0.0253367202604291,0.0278677889528284,0.0207559003659328,0.0267357876685171,0.0398372886549412,-0.0036668103986122,11,2,0.0435040990535535,0.0266576876592109,-0.0119694997021127,0.0315345993514408,1,0,1,0,TimeStop,3362.25045,2.0341468183180162,0.06474373436398827,False,False,True,False,HIGH,HIGH,HIGH / HIGH
1787152620,3.2107801596205157,0.3098258903144908,1,0.0217665236566559,0.0274057184002879,0.0300348024361704,0.0219606372446071,0.0292707989559269,0.0425729801086076,-0.0010455731901232,10,1,0.0436185532987308,0.0267278209474662,-0.0125381776724371,0.0310803756262936,1,0,1,0,TimeStop,3363.25812,2.0134576231202863,0.06472433641221685,False,False,True,False,HIGH,HIGH,HIGH / HIGH
1787152680,3.357612711473143,0.3103436841422216,1,0.0229892074638613,0.0269023661800369,0.0300584828830055,0.0218642193324861,0.0286213480447781,0.0424890017410317,-0.0007105425037765,9,1,0.0431995442448082,0.026725668044202,-0.0124305188580261,0.030769025386782,1,0,1,0,TimeStop,3386.49083,2.0099063188377806,0.06428030103362187,False,False,True,False,HIGH,HIGH,HIGH / HIGH
1787152740,3.4089869404362148,0.308549259563421,1,0.0272590816361116,0.0271726919942298,0.0306681728860708,0.0204737451979507,0.0291539544408625,0.0423750192351936,-9.973804140896605e-05,8,1,0.0424747572766026,0.0267227459427614,-0.0117068463491227,0.0307679109274798,1,0,1,0,TimeStop,3402.42016,2.0148362551451613,0.06397935580066631,False,False,True,False,HIGH,HIGH,HIGH / HIGH
1787152800,3.170906770614097,0.3199265838969659,1,0.0221337245860405,0.0276372129233164,0.0288377698595682,0.0189657753690451,0.0282958050124263,0.0405126208940922,-0.0007461748061202,7,1,0.0412587957002125,0.0266750007485701,-0.011674851034524,0.0295839446656885,1,0,1,0,TimeStop,3431.27858,2.0185769004019627,0.06344126392675467,False,False,True,False,HIGH,HIGH,HIGH / HIGH
1787152860,3.071842678476973,0.3230062232583532,1,0.0240791193727078,0.0239249751760497,0.0273655335072818,0.0185754232792157,0.028336192982548,0.0400991910422766,0.0,6,1,0.0400991910422766,0.0266644018943273,-0.0127336575349947,0.0273655335072818,1,0,1,0,TimeStop,3476.5994199999996,2.0297436871489194,0.06261424561820816,False,False,False,False,HIGH,HIGH,HIGH / HIGH
1787152920,3.141102265079679,0.3288001829109374,1,0.0236863583365722,0.023093216538611,0.0266646237555681,0.0170677748213698,0.0269866064755299,0.0388950342312176,-0.0002092738198451,5,1,0.0391043080510628,0.0266335316451911,-0.0122304104756495,0.0268738975754132,1,0,1,0,TimeStop,3518.64486,2.035056889766911,0.06186604748738411,False,False,True,False,HIGH,HIGH,HIGH / HIGH
1787152980,2.6853851955480996,0.3316560351473139,1,0.0233344320031459,0.0213929838328198,0.0266994693813273,0.0154027929720593,0.0275599280555547,0.0384073252091531,0.0,4,1,0.0384073252091531,0.0266210285402143,-0.0117078558278258,0.0266994693813273,1,0,1,0,TimeStop,3620.33483,2.05824084754567,0.060128319678100055,False,False,False,False,HIGH,HIGH,HIGH / HIGH
1787153040,2.8277347859151254,0.3553822036583939,1,0.0215638592914399,0.0153492753595155,0.0234041593936771,0.0112173790513795,0.0235550378140901,0.0341272405036245,-0.0017901560907192,3,1,0.0359173965943438,0.0265113025643527,-0.0107230811099474,0.0251943154843963,1,0,1,0,TimeStop,4052.78029,2.166942765896567,0.11041578816995283,False,True,True,False,HIGH,HIGH,HIGH / HIGH
1787153100,2.3474135448133913,0.3507313746349545,1,0.0240329217371916,0.0194446466377682,0.0237380420015323,0.0109720269133952,0.0242176495271728,0.0345351654876688,-0.0004030965795883,2,1,0.0349382620672572,0.0265217602935876,-0.0107971234861364,0.0241411385811207,1,0,1,0,TimeStop,4117.083269999999,2.1741804442861867,0.1086912507358638,False,True,True,False,HIGH,HIGH,HIGH / HIGH
1787153160,2.480709650698562,0.3826368895158143,1,0.017304675939627,0.0129647824800237,0.018893903521752,0.00500147972773,0.017076058005327,0.0284107724178751,-0.001076945841965,1,1,0.0294877182598401,0.026364752885469,-0.009516868896123,0.0199708493637171,1,0,1,0,TimeStop,4382.77736,2.2231055236475,0.10210213598438411,False,True,True,False,HIGH,HIGH,HIGH / HIGH
1787153220,3.458319127041157,0.4760973137543961,1,-0.0047138060790865,-0.0085204760205571,-0.0020984039964964,-0.0166899146851785,-0.0043768160100838,0.006480867884832,-0.0193216811329584,1,4,0.0185182342473434,0.0258025490177904,-0.0085792718813284,0.0172232771364619,0,1,0,0,TimeStop,5712.30658,2.4761503744584688,0.234978539964849,False,False,True,False,HIGH,HIGH,HIGH / HIGH
1787153280,3.8206330385345577,0.4292344125072881,1,-0.0018304561295245,-0.0029888087044541,0.0026693484830733,-0.0125113430209584,-0.0003150940224552,0.0041820908707875,-0.0144285409691359,37,3,0.0186106318399234,0.0067968618672922,-0.0015127423877141,0.0170978894522093,0,1,0,0,TimeStop,6344.18982,2.571285420866695,0.2115746057547818,False,True,True,False,HIGH,HIGH,HIGH / HIGH
1787153340,4.184681669078016,0.3723214939717638,1,0.0056828124100826,0.0038380838486092,0.0087970914262294,-0.0041877593371629,0.006005544728664,0.010324944879985,-0.0083995332388662,36,2,0.0187244781188512,0.0068384401134599,-0.0015278534537555,0.0171966246650956,1,0,0,0,TimeStop,6890.76287,2.639371299732331,0.19479257744360604,False,True,True,False,HIGH,HIGH,HIGH / HIGH
1787153400,4.017539768835335,0.3145298068999884,1,0.0094296884893229,0.011543684157843,0.0141580216184803,0.0013911978468496,0.013361808884472,0.0171503426840049,-0.001700631382988,35,1,0.0188509740669929,0.0068846381949483,-0.0029923210655245,0.0158586530014684,1,0,0,0,TimeStop,7263.473710000001,2.6777359291930622,0.18479718019107413,False,True,True,False,HIGH,HIGH,HIGH / HIGH
1787153460,4.15272774709602,0.3195781210253852,1,0.0089095971579505,0.011031476631133,0.0130391135128228,-0.0010627799845213,0.0114138065410654,0.0157726913979302,-0.0005313163823436,34,1,0.0163040077802739,0.0068753134862347,-0.0027335778851074,0.0135704298951664,1,0,0,0,TimeStop,7783.714760000001,2.735728646431044,0.1724458695349211,False,True,True,False,HIGH,HIGH,HIGH / HIGH
1787153520,4.071481945399067,0.3308743668997722,1,0.0055190639085049,0.0080707060326222,0.0104423531484444,-0.004227240027601,0.0087831985083611,0.0129784328982719,-0.0004288461820798,33,1,0.0134072790803518,0.0068564003934637,-0.0025360797498275,0.0108711993305242,1,0,0,0,TimeStop,8018.559560000001,2.758909902118322,0.16739533453063232,False,True,True,False,HIGH,HIGH,HIGH / HIGH
1787153580,3.922430804418648,0.3358075146099045,1,0.003825219941349,0.005057917888563,0.0084964809384165,-0.0034548387096773,0.008475366568915,0.0116862170087976,-0.0014369501466275,32,1,0.0131231671554252,0.0068476539589442,-0.0031897360703811,0.009933431085044,1,0,0,0,TimeStop,8205.2131,2.776426575836485,0.1635873978702637,False,True,True,False,HIGH,HIGH,HIGH / HIGH
1787153640,3.934187577701847,0.3546013189914701,1,-8.409722866043425e-05,0.0032069368533475,0.0040809056220312,-0.0078257143336864,0.0041139021041098,0.0073709176891075,-0.0041331743856777,31,1,0.0115040920747852,0.0068184456174903,-0.0032900120670762,0.0082140800077089,0,0,0,0,TimeStop,8318.266230000001,2.7850351475177715,0.16136408993007187,False,True,True,False,HIGH,HIGH,HIGH / HIGH
1787153700,3.4847725099280673,0.3293278284554396,1,0.0053843134268021,0.007670596024162,0.007800809697623,-0.0035512154252669,0.0064668885230343,0.0106133664555516,-0.0005615739303143,30,1,0.011174940385866,0.0068403923108019,-0.0028125567579285,0.0083623836279374,1,0,0,0,TimeStop,8460.9872,2.7956117931299156,0.15864218066657754,False,True,True,False,HIGH,HIGH,HIGH / HIGH
1787153760,3.1558298295298575,0.3396559666957716,1,-0.0001505198121337,0.0044292281417101,0.005031453525985,-0.0058403148465288,0.0042686249635209,0.0082927648341293,-0.0028546155439032,29,19,0.0111473803780326,0.0068246851907355,-0.0032613113081442,0.0078860690698883,0,0,0,0,TimeStop,8548.46437,2.8015158208789277,0.15701878160837443,False,True,True,False,HIGH,HIGH,HIGH / HIGH
1787153820,3.153444406683054,0.3413490875577822,1,-0.0005794175072577,0.0039824732044956,0.0043724994549706,-0.0070464645237468,0.0028245143253238,0.0075118384137743,-0.0036269082775369,28,18,0.0111387466913113,0.0068193994471877,-0.0031393389588037,0.0079994077325075,0,0,0,0,TimeStop,8630.69217,2.7963983175433706,0.15552280553646486,False,True,True,False,HIGH,HIGH,HIGH / HIGH
1787153880,3.1167242659612713,0.3436336536150141,1,-0.001897178585622,0.0036429508149809,0.0038093956039303,-0.0068798639474453,0.0032534116071587,0.0073851844865281,-0.0037521619572036,27,17,0.0111373464437318,0.0068185421830956,-0.0035757888825977,0.007561557561134,0,0,0,0,TimeStop,8662.26094,2.7785490688651895,0.1549560177530279,False,True,True,False,HIGH,HIGH,HIGH / HIGH
1787153940,3.11741866731237,0.3525255018041652,1,-0.0060834023006989,0.0014609137833647,0.0004429350762923,-0.009054461059729,0.0009371405066967,0.0049717678047228,-0.0061388966328486,26,16,0.0111106644375714,0.0068022068391738,-0.0045288327284304,0.006581831709141,0,0,0,0,TimeStop,8713.04175,2.7716960879672636,0.15405291269263113,False,True,True,False,HIGH,HIGH,HIGH / HIGH
1787154000,3.0972573797190424,0.3603237901979989,1,-0.0044805933501041,-0.0016815307511681,-0.0027987718778519,-0.0111969771984547,-0.0008499230897371,0.0029441324199651,-0.0081441150929886,25,15,0.0110882475129537,0.0067884826772387,-0.005742904297817,0.0053453432151367,0,0,0,0,TimeStop,8771.80972,2.7728240975880634,0.153020813588738,False,False,True,False,HIGH,HIGH,HIGH / HIGH
1787154060,3.1004588257680044,0.3559517497333257,1,-0.0042660704922002,-0.0015229212742792,-0.0020154343052925,-0.0107174675579221,-0.0002829113541998,0.0036007560787759,-0.0074947508670977,24,14,0.0110955069458737,0.0067929270706892,-0.0056161903840685,0.0054793165618051,0,0,0,0,TimeStop,8875.832999999999,2.778250822971737,0.1512274352165031,False,False,True,False,HIGH,HIGH,HIGH / HIGH
1787154120,3.094368503827302,0.3557248104238851,1,-0.0038246988300664,-0.0023797059029802,-0.0012441984210566,-0.0099604260219204,-0.0005946718450308,0.0039288791679774,-0.0071702554077015,23,13,0.0110991345756789,0.0067951479899159,-0.0051730775890341,0.0059260569866448,0,0,0,0,TimeStop,8935.98878,2.78181514076765,0.15020939406327233,False,False,True,False,HIGH,HIGH,HIGH / HIGH
1787154180,2.9383502873651843,0.3403250466199184,1,-0.0011604767767587,5.219885489129145e-05,0.0002704717201766,-0.0080304584692497,0.0016885892136752,0.0060235728862233,-0.0050987199907617,22,12,0.011122292876985,0.0068093260398798,-0.0057531011660467,0.0053691917109383,0,0,0,0,TimeStop,9006.18923,2.7879583381132345,0.14903855845365133,False,True,True,False,HIGH,HIGH,HIGH / HIGH
1787154240,2.725182653663858,0.3453696321168207,1,-0.0018343045527968,-0.0016664244806127,-0.0013153760382573,-0.009240392906346,-0.0001256552491714,0.0046159011694529,-0.0064908289140444,21,11,0.0111067300834973,0.0067997981362253,-0.0059312772077103,0.005175452875787,0,0,0,0,TimeStop,9068.21083,2.7924663795561346,0.14801921626694248,False,False,True,False,HIGH,HIGH,HIGH / HIGH
1787154300,2.7141552794545425,0.3226273597628628,1,0.0020942475663498,0.003252363549694,0.0023518663046374,-0.0046916110926773,0.0027270491496828,0.0076485309306053,-0.003491726991901,20,10,0.0111402579225063,0.0068203246580271,-0.0052966646259678,0.0058435932965385,0,0,0,0,TimeStop,9149.197329999999,2.797171493563656,0.14670898567229834,False,True,True,False,HIGH,HIGH,HIGH / HIGH
1787154360,2.6456618383514243,0.3256749418109627,1,0.0021031413311556,0.0024685243807092,0.0016052631502146,-0.005856780934476,0.0014521933343273,0.006802486822717,-0.0043284174915753,19,9,0.0111309043142924,0.0068145981618196,-0.0051972236725023,0.00593368064179,0,0,0,0,TimeStop,9217.13346,2.797384885139794,0.14562764723165894,False,True,True,False,HIGH,HIGH,HIGH / HIGH
1787154420,2.6118548656940965,0.3212969809650747,1,0.0025376367447464,0.0025589540614743,0.002351913272979,-0.0048875058914639,0.0020308394408905,0.0074184262213508,-0.0037192877329646,18,8,0.0111377139543154,0.0068187671816111,-0.0050665129483717,0.0060712010059437,0,0,0,0,TimeStop,9262.71908,2.7937181527716173,0.1449109541601255,False,True,True,False,HIGH,HIGH,HIGH / HIGH
1787154480,2.5958436700660954,0.3183587201843825,1,0.0012280005749267,0.0030734340546015,0.0033578300483427,-0.0034348083168082,0.0030392539505772,0.0078310416109169,-0.0033112340945661,17,7,0.0111422757054831,0.0068215599916331,-0.0044732115625742,0.0066690641429089,0,0,0,0,TimeStop,9382.804720000002,2.8016474746635467,0.14305631418917558,False,True,True,False,HIGH,HIGH,HIGH / HIGH
1787154540,2.583371734748231,0.3191465922568418,1,0.0032913108721309,0.0034030118976923,0.0027174742310114,-0.0044626384891947,0.0031931891869319,0.007455641916591,-0.0036824834832146,16,6,0.0111381253998056,0.006819019078097,-0.0047381676855795,0.0063999577142261,0,0,0,0,TimeStop,9426.84425,2.8021026270887788,0.14238799585555897,False,True,True,False,HIGH,HIGH,HIGH / HIGH
1787154600,2.6210244073805944,0.3267757638789266,1,0.0022740384615384,0.0011682692307692,0.0004930069930069,-0.0061895396270397,0.0076440850815851,0.0052010489510489,-0.0059121503496503,15,5,0.0111131993006992,0.0068037587412586,-0.004708041958042,0.0064051573426572,0,0,0,0,TimeStop,9445.83646,2.789925706006287,0.1421017043523957,False,True,True,False,HIGH,HIGH,HIGH / HIGH
1787154660,2.6108557482979013,0.3041538292923695,1,0.0045804374004208,0.0033601664327413,0.0027325650990226,-0.0028008207634021,0.011115149936648,0.0084445557192035,-0.0027045028130248,14,4,0.0111490585322284,0.0068257125957131,-0.0057119906201808,0.0054370679120475,0,0,0,0,TimeStop,9470.49703,2.7832138669153763,0.14173168058107716,False,True,True,False,HIGH,HIGH,HIGH / HIGH
1787154720,2.5582015118888,0.3047842160225201,1,0.004564535483525,0.0034907935652629,0.0026575441218218,-0.0037711733096016,0.0094503607314068,0.0080959468543774,-0.0030492575634955,13,3,0.011145204417873,0.0068233530173841,-0.0054384027325555,0.0057068016853174,0,0,0,0,TimeStop,9496.68637,2.7819242694487705,0.14134082223039657,False,True,True,False,HIGH,HIGH,HIGH / HIGH
1787154780,2.560864785269328,0.3006355792570316,1,0.0055506599938795,0.0051953416877749,0.0037515410779557,-0.0023112512294978,0.0116699170465601,0.0093000068459845,-0.0018585092956184,12,2,0.011158516141603,0.0068315027638468,-0.0055484657680288,0.0056100503735741,0,0,0,0,TimeStop,9393.51049,2.744472066309287,0.14289327311966413,False,True,True,False,HIGH,HIGH,HIGH / HIGH
1787154840,2.142986260227124,0.2875803964342284,1,0.0075904921011753,0.0079331164453822,0.0049441660072101,-0.0007256953603564,0.0128476801781997,0.0111228347841378,-5.583399278990697e-05,11,1,0.0111786687769277,0.0068438406752834,-0.0061786687769277,0.005,1,0,0,0,TimeStop,9410.05969,2.731045525323734,0.14264197085024016,False,True,True,False,HIGH,HIGH,HIGH / HIGH
1787154900,2.219854067410387,0.3005758248654479,1,0.0028116605063032,0.0042115041536822,0.0015194297480573,-0.0040332201134768,0.0088584243662446,0.0074581426745409,-0.0015746233329857,10,1,0.0090327660075267,0.0068190360046151,-0.0059387129264836,0.003094053081043,0,0,0,0,TimeStop,9296.213230000001,2.6811866059815235,0.14438884164880542,False,True,True,False,HIGH,HIGH,HIGH / HIGH
1787154960,1.9688666980074867,0.29734349644559,1,0.0027549018232982,0.0058532351215727,0.0019444561307558,-0.0032454347424687,0.0113326543586434,0.0079005307922617,0.0,9,1,0.0079005307922617,0.0068220303329896,-0.0059560746615059,0.0019444561307558,0,0,0,0,TimeStop,9273.597590000001,2.6646410885613365,0.14474096454728738,False,True,False,False,HIGH,HIGH,HIGH / HIGH
1787155020,1.0906606777125718,0.2977530117909824,1,0.0014505408088207,0.006477261374279,0.0005240701260748,-0.0033058191648414,0.009128431067251,0.0077833469560406,-1.1538890735667053e-05,8,1,0.0077948858467763,0.0072592768299658,-0.0072592768299658,0.0005356090168105,0,0,0,0,TimeStop,9263.795800000002,2.6573399513036313,0.14489411133177177,False,True,True,False,NORMAL,HIGH,NORMAL / HIGH
1787155080,0.840851691280533,0.2998116410279046,1,0.0012140845485737,0.0056751190326912,-0.0008269555089176,-0.0040826640200196,0.0088080615097244,0.0071923962718248,-0.0012835692479988,7,60,0.0,0.0084759655198236,-0.0080193517807425,0.0004566137390811,0,0,0,0,TimeStop,9256.061330000002,2.6467029373416984,0.14501518649725711,False,False,False,False,NORMAL,HIGH,NORMAL / HIGH
1787155140,0.6654742317079302,0.302340333988088,1,0.0001681885812643,0.0049400472620124,-0.0012943081366513,-0.0052033433497681,0.0072068734136592,0.0064620591066896,-0.0020077603057443,6,59,0.0013300463867898,0.0084698194124339,-0.0077563672433409,0.000713452169093,0,0,0,0,TimeStop,9262.869650000004,2.6403099642669807,0.14490859860043473,False,False,False,False,NORMAL,HIGH,NORMAL / HIGH
1787155200,0.578817090751304,0.3079223841347043,1,0.0011556956704988,0.0025845027768759,-0.0023468054706231,-0.0061176087213777,0.0053647305582257,0.0055426756293077,-0.0029194067681501,5,58,0.0018925427461661,0.0084620823974578,-0.0078894810999308,0.0005726012975269,0,0,0,0,TimeStop,9182.174650000003,2.605334024580204,0.14618208770402769,False,False,False,False,NORMAL,HIGH,NORMAL / HIGH
1787155260,0.4641394095258534,0.3109765140367778,1,0.000364616210132,0.0019857313328951,-0.0042024056806738,-0.0066870088729587,0.0061272705695454,0.0046894828463654,-0.0042075021532596,4,60,0.0,0.008896984999625,-0.0088918885270392,5.096472585794723e-06,0,0,0,0,TimeStop,9184.713340000002,2.592955069005735,0.1461416824142276,False,False,False,False,NORMAL,HIGH,NORMAL / HIGH
1787155320,0.4206576037451887,0.3090587753569754,1,2.1263358049198325e-05,0.002352659492662,-0.0042708765397001,-0.0061184584589716,0.0062849243373987,0.0048684351566614,-0.0042960721625941,3,60,0.0,0.0091645073192555,-0.0091393116963615,2.5195622893994626e-05,0,0,0,0,TimeStop,9145.414820000002,2.574184181876067,0.14676966397025604,False,False,False,False,NORMAL,HIGH,NORMAL / HIGH
1787155380,0.3944818132388397,0.2996491942957027,1,0.0018431700657743,0.0034212586047551,-0.0012003801884748,-0.0049595192643658,0.0080976060234926,0.0065949424428787,-0.0037376932946919,2,60,0.0,0.0103326357375707,-0.0077953226313536,0.0025373131062171,0,0,0,0,TimeStop,9117.554970000001,2.5546504437604907,0.1472181373642982,False,False,False,False,NORMAL,HIGH,NORMAL / HIGH
1787155440,0.3786234913149615,0.3083754057767348,1,0.0001113345888187,0.0008711749655808,-0.0045551128044965,-0.0078894745880621,0.009674903000649,0.0041506698994932,-0.006156875529385,1,59,0.0025311518545577,0.0103075454288783,-0.0087057827039897,0.0016017627248885,0,0,0,0,TimeStop,9143.614290000001,2.551469953025671,0.14679856536249405,False,False,False,False,NORMAL,HIGH,NORMAL / HIGH
1787155500,0.3755290071848057,0.3132012857733577,1,-0.001103260374245,0.0001292224601717,-0.0053456526381077,-0.009078422916186,0.0077295090462264,0.0018217605099359,-0.0073745470127734,23,58,0.00252805064939,0.0091963075227094,-0.0071674131480436,0.0020288943746657,0,0,0,0,TimeStop,9043.255580000003,2.5034980170727215,0.14842768161596065,False,False,False,False,NORMAL,HIGH,NORMAL / HIGH
1787155560,0.3686320807209564,0.3067905977296534,1,-0.0012147070779491,0.0005995697530518,-0.0053350214206879,-0.008330978798713,0.0109680090763308,0.0027468762284924,-0.0064579234721446,22,57,0.0025303851359077,0.009204799700637,-0.0080818976491803,0.0011229020514566,0,0,0,0,TimeStop,8884.451940000003,2.455358687927045,0.15108072721478413,False,False,False,False,NORMAL,HIGH,NORMAL / HIGH
1787155620,0.3488799039036538,0.3065464082489618,1,-0.0010688630549209,0.0003884791426986,-0.0065962914858927,-0.0085474137993726,0.0144333600464254,0.0024161046493869,-0.0067856587055834,21,56,0.0025295504492017,0.0092017633549704,-0.0090123961352796,0.0001893672196907,0,0,0,0,TimeStop,8838.848470000003,2.437526588254844,0.15186021850649506,False,False,False,False,NORMAL,HIGH,NORMAL / HIGH
1787155680,0.333262815930347,0.3051091702295916,1,-0.0003533569418638,0.0001658406396559,-0.0072523275515564,-0.0086960139620362,0.0107362902525418,0.0026291560355299,-0.0074773762090546,20,60,0.0,0.0101065322445846,-0.0098814835870864,0.0002250486574982,0,0,0,0,TimeStop,8743.667460000002,2.406835642359585,0.15351332448775443,False,False,False,False,NORMAL,HIGH,NORMAL / HIGH
1787155740,0.3183329193889017,0.3069905185430965,1,0.0003400432486142,-0.001016493697419,-0.0064675120527734,-0.0098612542098169,0.0126053072344562,0.0024064822889534,-0.0076978053975248,19,59,0.0017841362406982,0.0101042876864783,-0.0088739943417268,0.0012302933447514,0,0,0,0,TimeStop,8696.91037,2.3908269394462,0.15433865624626417,False,False,False,False,NORMAL,HIGH,NORMAL / HIGH
1787155800,0.3085974260475085,0.2999697909899103,1,0.0013959187976256,-0.001119122966366,-0.0052821264442962,-0.00845370287591,0.0108066858496904,0.0035329689898393,-0.006582673716685,18,58,0.0021251105508862,0.0101156427065244,-0.0088150954341356,0.0013005472723888,0,0,0,0,TimeStop,8677.19414,2.380664120577246,0.15468934293084746,False,False,False,False,NORMAL,HIGH,NORMAL / HIGH
1787155860,0.2900655502316032,0.2978105993652188,1,0.0030898211443701,-0.0004932642336085,-0.0057086667225096,-0.0081688694328408,0.0097985643476011,0.0040304611787499,-0.0061226823609961,17,60,0.0,0.0101531435397461,-0.0097391279012596,0.0004140156384865,0,0,0,0,TimeStop,8657.936839999998,2.371416984793014,0.15503340862902393,False,False,False,False,NORMAL,HIGH,NORMAL / HIGH
1787155920,0.2795525256760269,0.2907432672098965,1,0.0050194396633891,0.0011382161014991,-0.0032587342844427,-0.0060462261004151,0.0101237642282483,0.0052212965424863,-0.0049438891840735,16,59,0.0016851548996308,0.0101651857265599,-0.0084800308269291,0.0016851548996308,0,0,0,0,TimeStop,8641.434399999998,2.3638861220571625,0.15532947400491753,False,False,False,False,NORMAL,HIGH,NORMAL / HIGH
1787155980,0.2744805088087593,0.2911775400054228,1,0.0044556249786767,0.0002182614722864,-0.0049274313409478,-0.0062823437403863,0.0114150604206657,0.0048691116422738,-0.0052925126546456,15,58,0.0021073823115769,0.0101616242969194,-0.0097965429832216,0.0003650813136977,0,0,0,0,TimeStop,8563.74038,2.335597223571994,0.1567386913240357,False,False,False,False,NORMAL,HIGH,NORMAL / HIGH
1787156040,0.2691255055362378,0.2892218841208891,1,0.0047710562435673,0.000351634414552,-0.0047128637377994,-0.0054273626995956,0.0126662770637082,0.0051905089919088,-0.0049810743094963,14,60,0.0,0.0101715833014052,-0.0099033727297083,0.0002682105716968,0,0,0,0,TimeStop,8419.26588,2.29472688992877,0.1594283253589326,False,False,False,False,NORMAL,HIGH,NORMAL / HIGH
1787156100,0.2573475009792262,0.297057021528591,1,0.0014271577463485,-0.0008975779951023,-0.0056080428578207,-0.0071325862153796,0.0104119629707591,0.0032817058581885,-0.0068705621493425,13,59,0.0013224936888593,0.0101522680075311,-0.0088897487160093,0.0012625192915218,0,0,0,0,TimeStop,8406.45614,2.2861230654776645,0.1596712619022836,False,False,False,False,NORMAL,HIGH,NORMAL / HIGH
1787156160,0.2467025939220227,0.2965926874915449,1,0.0016205242533514,-0.0008611354965263,-0.0069190694205342,-0.0064046588653069,0.0091414860467954,0.0032231445739656,-0.0070752557605904,12,60,0.0,0.010298400334556,-0.0101422139944999,0.0001561863400561,0,0,0,0,TimeStop,8339.05215,2.264053007440104,0.16096187382639165,False,False,False,False,NORMAL,HIGH,NORMAL / HIGH
1787156220,0.240730366871639,0.2942844450894854,1,0.0023313465623561,-0.0002065123329222,-0.0078387304705304,-0.0060621127347621,0.0100754134106022,0.0037463492609975,-0.0079181022769075,11,60,0.0,0.0116644515379051,-0.011585079731528,7.937180637702414e-05,0,0,0,0,TimeStop,8310.64353,2.2502612735866903,0.16151209652473209,False,False,False,False,NORMAL,HIGH,NORMAL / HIGH
1787156280,0.2206194018647336,0.2946269420183951,1,0.0015751852047633,0.0002835245995815,-0.0079551439910331,-0.0057339828624159,0.0086602421477739,0.0036424246581068,-0.0084588479406749,10,60,0.0,0.0121012725987817,-0.0115975686491399,0.0005037039496417,0,0,0,0,TimeStop,8267.81363,2.235934282005952,0.1623487804719662,False,False,False,False,NORMAL,HIGH,NORMAL / HIGH
1787156340,0.2135612992921888,0.2965538637111024,1,0.0007597557896637,-0.0006832126857825,-0.0098910861480991,-0.0061570632477413,0.0106598641287147,0.0029390514621406,-0.0101821245658978,9,60,0.0,0.0131211760280385,-0.0128301376102397,0.0002910384177987,0,1,0,0,TimeStop,8247.514539999998,2.22764921089697,0.16274835933784243,False,False,False,False,NORMAL,HIGH,NORMAL / HIGH
1787156400,0.2026401060686063,0.2972738231317117,1,0.0012338440857045,-0.0006744742702254,-0.0095952877895127,-0.005935955648551,0.0111665872867929,0.0029282515080356,-0.0101927832271708,8,59,0.001246795155834,0.0131210347352065,-0.0125235392975484,0.000597495437658,0,1,0,0,TimeStop,8222.724090000002,2.218056297162561,0.16323902459920672,False,False,False,False,NORMAL,HIGH,NORMAL / HIGH
1787156460,0.1955198240963502,0.2908684472111225,1,0.0018164833261542,-0.0006254995511232,-0.0085559715032076,-0.0051324758230732,0.0149580919670795,0.0039664013222016,-0.0092955293096941,7,60,0.0,0.0132619306318958,-0.0125223728254093,0.0007395578064864,0,0,0,0,TimeStop,8186.575900000001,2.2050761108706625,0.16395981377269095,False,False,False,False,NORMAL,HIGH,NORMAL / HIGH
1787156520,0.1946595584959831,0.292711558927425,1,0.0014589015636017,-0.000830350860002,-0.0093475987310176,-0.0057839186241597,0.0145697965735033,0.0034886966432597,-0.0097669237313343,6,59,0.000739351510975,0.013255620374594,-0.0128362953742773,0.0004193250003167,0,0,0,0,TimeStop,8156.812310000001,2.1920001158021853,0.16455809070835414,False,False,False,False,NORMAL,HIGH,NORMAL / HIGH
1787156580,0.1937178689283643,0.2941060055792115,1,0.0005193811084399,-0.0014363383413566,-0.0110029046923294,-0.0062925298764195,0.0140759702196273,0.0029835672415901,-0.0110365211215954,5,60,0.0,0.0140200883631855,-0.0139864719339195,3.361642926597193e-05,0,1,0,0,TimeStop,8064.19062,2.163045411940229,0.1664481314059017,False,False,False,False,NORMAL,HIGH,NORMAL / HIGH
1787156640,0.2006465843103379,0.2970942038241151,1,-0.0013560758216055,-0.002965425373375,-0.0119080817001151,-0.0074942562693971,0.0108499151053208,0.0020657366005547,-0.0123397520243724,4,60,0.0,0.0144054886249272,-0.0139738183006699,0.0004316703242572,0,1,0,0,TimeStop,7703.43588,2.054448768722248,0.1742429587146768,False,False,False,False,NORMAL,HIGH,NORMAL / HIGH
1787156700,0.1909960647518643,0.297205049705723,1,-0.0025115358638683,-0.0026807842715302,-0.0124700016648575,-0.0069775709509243,0.0115356457648276,0.0021340712021072,-0.0124849781133018,3,60,0.0,0.014619049315409,-0.0146040728669647,1.4976448444285057e-05,0,1,0,0,TimeStop,7633.16481,2.0323809701580218,0.1758470429253053,False,False,False,False,NORMAL,HIGH,NORMAL / HIGH
1787156760,0.1958149492152029,0.3010651964915103,1,-0.0035720483873428,-0.0038860331252446,-0.0136348090277148,-0.00815140396344,0.01103012989993,0.0009377425775357,-0.0139328185939381,2,60,0.0,0.0148705611714738,-0.0145725516052505,0.0002980095662233,0,1,0,0,TimeStop,7354.240699999999,1.9538364446378813,0.18251638948940033,False,False,False,False,NORMAL,HIGH,NORMAL / HIGH
1787156820,0.2483811682757991,0.3031481198872351,1,-0.0038618392925713,-0.0059148790307249,-0.0146221939589229,-0.0090268733860629,0.0099550731574087,0.0002008487310103,-0.0146641341924937,1,60,0.0,0.0148649829235041,-0.0148230426899333,4.194023357081272e-05,0,1,0,0,TimeStop,6033.12449,1.6007598758853236,0.10771001179854651,False,False,False,False,NORMAL,HIGH,NORMAL / HIGH
1787156880,0.2787919774141834,0.3018901476036973,1,-0.0042185671532082,-0.0064653827250523,-0.0151402768290448,-0.0090730474158063,0.0110596045523309,0.0002477753201847,-0.0153433451787451,1,60,0.0,0.0155911204989299,-0.0153880521492296,0.0002030683497003,0,1,0,0,TimeStop,5406.63097,1.4323490330705613,0.10616501906361847,False,False,False,False,NORMAL,HIGH,NORMAL / HIGH
1787156940,0.3162727076789162,0.3023679469084038,1,-0.00439843664042,-0.0062037087840707,-0.0128716179633651,-0.008898335468539,0.0108374389956781,1.4515334427152777e-07,-0.015337628130486,1,59,0.0026069540644824,0.0153377732838302,-0.0128717631167094,0.0024660101671208,0,1,0,0,TimeStop,4871.74732,1.287404250932558,0.10925679125739221,False,False,False,False,NORMAL,HIGH,NORMAL / HIGH
1787157000,0.3351049230053168,0.2943725405973398,1,-0.0023214227050548,-0.004918596122163,-0.0125885941830409,-0.007597462686437,0.0144775665094146,0.0008202747855117,-0.0139257743623647,3,58,0.002912317088026,0.0147460491478765,-0.0134088689685527,0.0013371801793238,0,1,0,0,TimeStop,4494.38708,1.185754108571374,0.11843027103041599,False,False,False,False,NORMAL,HIGH,NORMAL / HIGH
1787157060,0.3647443807001746,0.2950637955569107,1,-0.0024776446666043,-0.0061758733882739,-0.013920384029837,-0.0080857335682561,0.014293287790439,0.0005686564361792,-0.0141736853761853,2,57,0.0029115848962061,0.0147423418123646,-0.0144890404660162,0.0002533013463483,0,1,0,0,TimeStop,3973.58892,1.0478666737677045,0.06233867291939197,False,False,False,False,NORMAL,HIGH,NORMAL / HIGH
1787157120,0.3799402889930137,0.2949900704203715,1,-0.0025319560282957,-0.0066079896827077,-0.0145179911850848,-0.0081729901636428,0.0128694445824773,0.0003805344220192,-0.0145179911850848,1,60,0.0,0.014898525607104,-0.014898525607104,0.0,0,1,0,0,TimeStop,3736.8273,0.9849788735199339,0.052575654218753966,False,False,False,False,NORMAL,HIGH,NORMAL / HIGH
1787157180,0.3798704353179694,0.2894758227867366,1,-0.0012896292003457,-0.0046058808836243,-0.0118506309877978,-0.007349141735047,0.0135582628883681,0.0005191957017399,-0.0138766719017568,3,60,0.0,0.0143958676034967,-0.0123698266895377,0.0020260409139589,0,1,0,0,TimeStop,3559.0233000000003,0.93756268728093,0.044856497567745617,False,False,False,False,NORMAL,HIGH,NORMAL / HIGH
1787157240,0.3745171668908252,0.2825001778756748,1,-0.0014418730040834,-0.0054215646386899,-0.0118582276478422,-0.0070910023111264,0.0147364481241255,0.0006326734006419,-0.0137648269650609,2,59,0.0022589246791484,0.0143975003657029,-0.0124909010484842,0.0019065993172186,0,1,0,0,TimeStop,3451.6754,0.9128803577933076,0.046251544974362305,False,False,False,False,NORMAL,HIGH,NORMAL / HIGH
1787157300,0.3386981035682043,0.285209024198758,1,-0.0019059666902017,-0.0054741677128602,-0.0112641555887378,-0.0075721263199262,0.0150276913095536,0.0001480997451056,-0.0142424283823641,1,58,0.0030414949615566,0.0143905281274698,-0.0114122553338435,0.0029782727936262,0,1,0,0,TimeStop,3305.0740100000003,0.8755962249576379,0.043286864247859914,False,False,False,False,NORMAL,HIGH,NORMAL / HIGH
1787157360,0.3475214868024402,0.2814402496280679,1,-0.0024375550990834,-0.0059310351044868,-0.0108173414218751,-0.0073106296392101,0.0132266881166861,0.0001787016951068,-0.0137959453472345,2,57,0.0032644684758722,0.0139746470423414,-0.010996043116982,0.0029786039253594,0,1,0,0,TimeStop,3224.57701,0.8540533532411518,0.04436745953231243,False,False,False,False,NORMAL,HIGH,NORMAL / HIGH
1787157420,0.3518908069645619,0.2810364221488227,1,-0.002285917494996,-0.0069820582445902,-0.0113692519308464,-0.0079382675789787,0.0123288051628616,5.975399672095338e-05,-0.0139132310905132,1,56,0.0032640802442382,0.0139729850872342,-0.0114290059275674,0.0025439791596668,0,1,0,0,TimeStop,3090.5798800000002,0.8226355388794375,0.04461837433562791,False,False,False,False,NORMAL,HIGH,NORMAL / HIGH
1787157480,0.3646168197347436,0.2768927684806647,1,-0.0019547042133555,-0.0074169381614434,-0.0106486944615064,-0.0069830604422351,0.0117219709248112,0.0,-0.0134840991742941,1,55,0.0032655007287777,0.0134840991742941,-0.0106486944615064,0.0028354047127876,0,1,0,0,TimeStop,2982.4656099999997,0.794623696051357,0.0462357887841664,False,False,False,False,NORMAL,HIGH,NORMAL / HIGH
1787157540,0.3805833449150219,0.2710536777044966,1,-0.0016115349153038,-0.0054565649192042,-0.0094931912686226,-0.0058109308044557,0.0115586755800702,0.0002630810002667,-0.0125358751781839,10,54,0.0033053281400435,0.0127989561784507,-0.0097562722688893,0.0030426839095613,0,1,0,0,TimeStop,2899.2394100000006,0.7715869542608564,0.04756304343972751,False,False,False,False,NORMAL,HIGH,NORMAL / HIGH
1787157600,0.396948652715721,0.263539265246388,1,-0.0001696745513828,-0.0041676676104692,-0.0084217759502941,-0.0039409975697473,0.0123038830400083,0.0014900457596522,-0.0113246101566836,9,53,0.0033093825945396,0.0128146559163358,-0.0099118217099463,0.0029028342063895,0,1,0,0,TimeStop,2858.5513300000002,0.7591272235873816,0.04824004682119876,False,False,False,False,NORMAL,HIGH,NORMAL / HIGH
1787157660,0.423645604118381,0.261839154676962,1,-0.000315110327238,-0.0052179763299965,-0.0087196070478023,-0.0039189114147915,0.0142413252473477,0.0013591136917186,-0.0114538668715709,8,52,0.0033089499349155,0.0128129805632895,-0.010078720739521,0.0027342598237685,0,1,0,0,TimeStop,2771.4093600000006,0.7351601666212847,0.049756868108434174,False,False,False,False,NORMAL,HIGH,NORMAL / HIGH
1787157720,0.436954661626795,0.2581252072231004,1,-0.0020609989850159,-0.0043919513961458,-0.0087270858272704,-0.0042169842807854,0.0141593704214084,0.0009130049225344,-0.011894267415893,7,51,0.0033074757868676,0.0128072723384274,-0.0096400907498048,0.0031671815886226,0,1,0,0,TimeStop,2712.9026200000003,0.7211521914178126,0.05082992989995342,False,False,False,False,NORMAL,HIGH,NORMAL / HIGH
1787157780,0.4317159892581397,0.2557364831695878,1,-0.0022563340686327,-0.0051445699518223,-0.0082986856296489,-0.002659381016095,0.0144828689012912,0.0014826005434502,-0.0113319601069523,6,50,0.0033093579921294,0.0128145606504026,-0.0097812861730991,0.0030332744773034,0,1,0,0,TimeStop,2640.5760500000006,0.7026407785522559,0.05222218462520705,False,False,False,False,NORMAL,HIGH,NORMAL / HIGH
1787157840,0.4465905234405241,0.2504963994771434,1,-0.0018132475983252,-0.0050627179264973,-0.007935454975416,-0.0023069081569752,0.0157800799071114,0.0016693483155765,-0.0111476018827333,5,49,0.0033099750924483,0.0128169501983098,-0.0096048032909925,0.0032121469073173,0,1,0,0,TimeStop,2582.6771900000003,0.6878535052292304,0.053392909703903015,False,False,False,False,NORMAL,HIGH,NORMAL / HIGH
1787157900,0.4630516757107987,0.2512232558940579,1,-0.0026032165831906,-0.0047146966707036,-0.0070269509481555,-0.002841144197247,0.0162554243999211,0.0010172753223167,-0.0117913312173852,4,48,0.0049679227535145,0.012808606539702,-0.0080442262704722,0.0047643802692297,0,1,0,0,TimeStop,2517.3131800000006,0.6699881751618663,0.05477929845820772,False,False,False,False,NORMAL,HIGH,NORMAL / HIGH
1787157960,0.4744218618294472,0.2560981630712174,1,-0.0037074143771279,-0.0060631551221045,-0.0074500847381945,-0.0029258096092369,0.0189468862774532,0.0009223373318766,-0.0118850544202335,3,47,0.0050257259418337,0.0128073917521102,-0.0083724220700711,0.004434969682039,0,1,0,0,TimeStop,2433.04031,0.6493613662127542,0.05667668120138955,False,False,False,False,NORMAL,HIGH,NORMAL / HIGH
1787158020,0.4736688283120147,0.25471590315542,1,-0.0040863801893663,-0.0076337946103422,-0.007222432629279,-0.0036126729788782,0.0168393299344501,0.0007886380189366,-0.012017042971595,2,46,0.0050250546249089,0.0128056809905316,-0.0080110706482156,0.004794610342316,0,1,0,0,TimeStop,2376.2275,0.634764428061931,0.058031754114452425,False,False,False,False,NORMAL,HIGH,NORMAL / HIGH
1787158080,0.5170742096325176,0.2583941673836802,1,-0.0033205339408094,-0.008236333387489,-0.0067699061707862,-0.0040452311198769,0.0147532215395491,0.0001947860236224,-0.0126032962803147,1,45,0.0062513502543865,0.0127980823039372,-0.0069646921944087,0.0058333901095285,0,1,0,0,TimeStop,2267.04916,0.6055606153999847,0.051752710999879686,False,False,False,False,NORMAL,HIGH,NORMAL / HIGH
1787158140,0.5445471891404906,0.254350149272149,1,-0.0039854381302559,-0.0092141686992609,-0.0071606538279515,-0.0033857803341948,0.0167971167497906,1.951290545700983e-05,-0.0123407477520113,1,44,0.0062530124868033,0.0123602606574683,-0.0071801667334085,0.0051800939240597,0,1,0,0,TimeStop,2241.73931,0.5979023012152433,0.052337013263152356,False,False,False,False,NORMAL,HIGH,NORMAL / HIGH
1787158200,0.5756402477286626,0.2573222676152059,1,-0.0035750148819404,-0.0089268344394312,-0.0066792537012638,-0.0037196114270004,0.0154084874240322,0.0,-0.0123600194775768,1,43,0.0062528904747426,0.0123600194775768,-0.0066792537012638,0.005680765776313,0,1,0,0,TimeStop,2183.04408,0.5820178049741828,0.053744191917553946,False,False,False,False,NORMAL,HIGH,NORMAL / HIGH
1787158260,0.6013286552164778,0.2582148060986332,1,-0.0035020163632466,-0.0079354355634673,-0.0055183067300486,-0.0032679266987424,0.0171676928860208,0.0005833292885088,-0.011386144602987,1,42,0.006259056216356,0.0119694738914959,-0.0061016360185575,0.0058678378729383,0,1,0,0,TimeStop,2143.9605199999996,0.5712189875206515,0.05472392747232119,False,False,False,False,NORMAL,HIGH,NORMAL / HIGH
1787158320,0.6077479626720926,0.2609089813171369,1,-0.0047069003354181,-0.0085243260524841,-0.0064116781139407,-0.0035084994079398,0.0165422752539244,0.0001734067489905,-0.011653953571873,1,41,0.0062573606793348,0.0118273603208636,-0.0065850848629313,0.0052422754579322,0,1,0,0,TimeStop,2136.83018,0.5682854599299308,0.05490653450055634,False,False,False,False,NORMAL,HIGH,NORMAL / HIGH
1787158380,0.6143599405886542,0.2594830854851917,1,-0.005472931911154,-0.0095803269418821,-0.0060401325022551,-0.0032848667326359,0.0169972179189917,0.0,-0.0115519756564268,1,40,0.0062580063161546,0.0115519756564268,-0.0060401325022551,0.0055118431541716,0,1,0,0,TimeStop,2112.6577399999996,0.561327933115271,0.05553475973822434,False,False,False,False,NORMAL,HIGH,NORMAL / HIGH
1787158440,0.6108244644484874,0.2591461609064314,1,-0.0038512364058355,-0.0089692539800728,-0.0056419665483444,-0.0023824877091458,0.0171065767335156,0.0003421052861827,-0.010941973635436,1,39,0.0062618683265044,0.0112840789216187,-0.0059840718345272,0.0053000070870915,0,1,0,0,TimeStop,2073.71596,0.5490423062991526,0.056577632743878774,False,False,False,False,NORMAL,HIGH,NORMAL / HIGH
1787158500,0.6405332231380085,0.2595589088354605,1,-0.0039986715318847,-0.0098155307136812,-0.0055442257999238,-0.0032189692183789,0.0182928251641487,9.75356858144088e-05,-0.0111568286351943,1,38,0.0062605080486623,0.0112543643210087,-0.0056417614857382,0.0056126028352705,0,1,0,0,TimeStop,2008.1851999999997,0.5312952350102857,0.05842386449217932,False,False,False,False,NORMAL,HIGH,NORMAL / HIGH
1787158560,0.654208250278765,0.2591575088479476,1,-0.0049044114334501,-0.0097868077616222,-0.0051798189425255,-0.0038966736342288,0.0170544168205901,0.0,-0.0111422675879187,1,37,0.0062606002367426,0.0111422675879187,-0.0051798189425255,0.0059624486453931,0,1,0,0,TimeStop,1992.0942799999998,0.5258820694233456,0.05889577676012403,False,False,False,False,NORMAL,HIGH,NORMAL / HIGH
1787158620,0.6757282461211669,0.2516218747625048,1,-0.0023357664233576,-0.0087591240875912,-0.0038278832116789,-0.0022033576642334,0.01836,0.0006747445255474,-0.0098535766423357,3,36,0.0063703649635035,0.0105283211678832,-0.0045026277372263,0.0060256934306568,0,0,0,0,TimeStop,2011.4874799999998,0.529609729596071,0.058327949423776684,False,False,False,False,NORMAL,HIGH,NORMAL / HIGH
1787158680,0.716644330814606,0.2463554661400893,1,-0.0028947674455978,-0.0087313455949686,-0.0032584030654672,-0.0009804574708492,0.0182672477823925,0.0014402249661201,-0.0090961499914387,2,35,0.0063752380651837,0.0105363749575588,-0.0046986280315873,0.0058377469259714,0,0,0,0,TimeStop,2023.4264399999997,0.5312114932733716,0.05798379307527484,False,False,False,False,NORMAL,HIGH,NORMAL / HIGH
1787158740,0.7201622438625738,0.2464165742377588,1,-0.0032553731256738,-0.0067095331691529,-0.0039141012662333,-0.0010118999019502,0.0181725712905244,0.0011823512855495,-0.00935131052576,1,34,0.0063735964234128,0.0105336618113096,-0.0050964525517829,0.0054372092595266,0,0,0,0,TimeStop,2013.5851799999996,0.5277558550421566,0.05826718490250312,False,False,False,False,NORMAL,HIGH,NORMAL / HIGH
1787158800,0.783001965029515,0.2534833389317965,1,-0.0021169910737827,-0.0077079101578904,-0.003779673408988,-0.0006304811947587,0.0186449182792071,0.0001025481461355,-0.0092120957145245,3,33,0.0063744920981686,0.0093146438606601,-0.0038822215551235,0.0054324223055365,0,0,0,0,TimeStop,2011.3502599999997,0.5253626011176359,0.058331928721355585,False,False,False,False,NORMAL,HIGH,NORMAL / HIGH
1787158860,0.8583674724021758,0.2455808911580008,1,-0.0023645069520454,-0.007792636980918,-0.0024950885666511,0.0001563177446959,0.0177145000427715,0.0011160121866423,-0.0082080707626596,2,32,0.0063809517542608,0.009324082949302,-0.0036111007532935,0.0057129821960084,0,0,0,0,TimeStop,1973.5667799999997,0.5144857466289564,0.0594486800188236,False,False,False,False,NORMAL,HIGH,NORMAL / HIGH
1787158920,0.9132939266449006,0.2476065832479416,1,-0.0035619699845559,-0.007962618402629,-0.0018555065587023,0.0003897938655951,0.0182031541271271,0.0013631815487233,-0.0079632034590878,1,31,0.0063825271718501,0.0093263850078112,-0.0032186881074256,0.0061076969003855,0,0,0,0,TimeStop,1968.51974,0.511997763077285,0.05960109904714494,False,False,False,False,NORMAL,HIGH,NORMAL / HIGH
1787158980,1.005586291803124,0.2519477556548505,1,-0.0049321769075029,-0.0072782729624771,-0.0037636568950641,-0.0008585700791394,0.0159114448793772,0.0,-0.0093136887591442,1,30,0.0063738384728494,0.0093136887591442,-0.0037636568950641,0.0055500318640801,0,0,0,0,TimeStop,1965.03083,0.5092391493795451,0.059706920730602485,False,False,False,False,NORMAL,HIGH,NORMAL / HIGH
1787159040,1.0518469948581062,0.2465655087966587,1,-0.0052496527351863,-0.0064717500202123,-0.0033496196790558,-0.0004489844194656,0.0163265998341199,0.0006707719037802,-0.0083887424357236,1,29,0.0063797893559843,0.0090595143395039,-0.004020391582836,0.0050391227566678,0,0,0,0,TimeStop,1929.7297,0.49953895027386963,0.06079915751931475,False,False,True,False,NORMAL,HIGH,NORMAL / HIGH
1787159100,1.2476703959879565,0.2487183213669231,1,-0.0053710210376316,-0.0058218577013351,-0.0037528316122869,-0.0007980612708216,0.0152521623719297,0.0,-0.0088165237994263,1,28,0.0063770371131371,0.0088165237994263,-0.0037528316122869,0.0050636921871394,0,0,0,0,TimeStop,1879.50693,0.4845500528497915,0.04614837466973319,False,False,True,False,NORMAL,HIGH,NORMAL / HIGH
1787159160,1.2915868268769048,0.2419188104063548,1,-0.0044489996698646,-0.0049154600836994,-0.0030120266044797,0.0008270201253754,0.0170943333909158,9.814830281700848e-05,-0.0079118356175363,4,27,0.0063828576602409,0.0080099839203533,-0.0031101749072967,0.0048998090130565,0,0,0,0,TimeStop,1905.70219,0.48987024455671296,0.04551403175960038,False,False,True,False,NORMAL,HIGH,NORMAL / HIGH
1787159220,1.376997309684873,0.2363197318422347,1,-0.0038354789341476,-0.0044180407037769,-0.0019640779441002,0.0015189943101035,0.016259315095348,0.0010376012217545,-0.0069799069628796,3,26,0.0063888534660228,0.0080175081846341,-0.0030016791658547,0.0050158290187794,0,0,0,0,TimeStop,1912.20729,0.4902635710442394,0.04535919847894733,False,False,True,False,NORMAL,HIGH,NORMAL / HIGH
1787159280,1.4107730725426653,0.2301622261094725,1,-0.0041299982298332,-0.0032559051471993,-0.001454232984419,0.0027537229185007,0.0174647168260793,0.0019120145083332,-0.0061124970252993,2,25,0.0063944341738303,0.0080245115336325,-0.0033662474927522,0.0046582640408802,0,0,0,0,TimeStop,1921.13443,0.49176397802712957,0.045148423059598174,True,False,True,False,NORMAL,HIGH,NORMAL / HIGH
1787159340,1.413653250991309,0.2328299558482436,1,-0.0051378044738731,-0.0040587733094738,-0.0034158341052897,0.0009641160288608,0.0161766841435265,0.0008982411103993,-0.0071181509115332,1,24,0.0063879640375644,0.0080163920219325,-0.004314075215689,0.0037023168062434,0,0,0,0,TimeStop,1929.0616500000003,0.49316530900772426,0.044962891673265074,True,False,True,False,NORMAL,HIGH,NORMAL / HIGH
1787159400,1.3622714474851134,0.2310292066600673,1,-0.0058402122723501,-0.0042719122501445,-0.0031884180589585,0.0010805666197426,0.0158088857941205,0.0007756600539171,-0.0071868951362937,3,23,0.0063875217536854,0.0079625551902109,-0.0039640781128757,0.0039984770773352,0,0,0,0,TimeStop,1918.79989,0.4910508127538244,0.045203353644136385,True,False,True,False,NORMAL,HIGH,NORMAL / HIGH
1787159460,1.3646078373883568,0.2223278733825215,1,-0.0049064596248539,-0.0035199979839678,-0.0024743278232362,0.0026243581223238,0.0168949647252978,0.0017013201494207,-0.0062685999477239,2,22,0.0063934298450116,0.0079699200971446,-0.0041756479726569,0.0037942721244876,0,0,0,0,TimeStop,1950.11677,0.4983115936719211,0.044477434035911596,True,False,True,False,NORMAL,HIGH,NORMAL / HIGH
1787159520,1.3574600825099912,0.2267635818665377,1,-0.0064383962540239,-0.004354258121159,-0.0027966052092478,0.0013165057067603,0.015747439274217,0.0004243488440152,-0.0075354111793971,1,21,0.0063852794849282,0.0079597600234123,-0.003220954053263,0.0047388059701493,0,0,0,0,TimeStop,1944.7862,0.49742160214936354,0.04459934464775613,True,False,True,False,NORMAL,HIGH,NORMAL / HIGH
1787159580,1.415804291954548,0.2190243249820944,1,-0.0058535227364303,-0.0031704261569682,-0.0013616216968621,0.0026196528912298,0.0167693536216382,0.0009575161722797,-0.0062193862226097,2,20,0.006393746474333,0.0071769023948894,-0.0023191378691418,0.0048577645257475,0,0,0,0,TimeStop,1923.54206,0.4918931581990578,0.04509191236504597,True,False,True,False,NORMAL,HIGH,NORMAL / HIGH
1787159640,1.4441575829624471,0.2237901178055622,1,-0.0034654413481122,-0.0028873549123938,-0.0007178822429871,-0.0017640062137332,0.0155615886254863,0.001061803374706,-0.0061158467632801,1,19,0.0063944126224183,0.0071776501379861,-0.0017796856176932,0.0053979645202929,0,0,0,0,TimeStop,1948.78181,0.49785192471920947,0.044507902092949025,False,False,True,False,NORMAL,HIGH,NORMAL / HIGH
1787159700,1.42693502428443,0.2266493435900036,1,-0.0056027801196092,-0.002323207496099,-0.0015331412795617,-0.001667088025556,0.0154401804811632,1.4638988646898116e-07,-0.0071101567791765,1,18,0.0063880154698975,0.0071103031690629,-0.0015332876694482,0.0055770154996147,0,0,0,0,TimeStop,1933.5935699999998,0.49351156441772565,0.04485750849905857,False,False,True,False,NORMAL,HIGH,NORMAL / HIGH
1787159760,1.4515652990990924,0.219468048615936,1,-0.0054409953000857,-0.0013953900826167,0.000517994595795,0.0001744237603272,0.0163265036903818,0.0005386616127748,-0.0058574137060431,41,17,0.0063960753188179,0.0032158464719129,-2.0667016979771143e-05,0.0063754083018382,0,0,0,0,TimeStop,1919.2683499999998,0.4901646726728148,0.04519232029226137,False,True,True,False,NORMAL,HIGH,NORMAL / HIGH
1787159820,1.5147422672394637,0.2120321476370806,1,-0.0044163794290397,0.000414526390388,0.0017906541913401,0.0022612532025246,0.0183198940080679,0.001988376233781,-0.0044169665769015,40,16,0.0064053428106826,0.0032205060216415,-0.0001977220424408,0.0062076207682417,0,0,0,0,TimeStop,1920.6861599999997,0.4892210382446099,0.04515896027490509,True,False,True,False,HIGH,HIGH,HIGH / HIGH
1787159880,1.4998839901517425,0.2108310211683733,1,-0.0023577247706421,0.001478605504587,0.0022389724770642,0.0025981651376146,0.0179064954128441,0.0023359999999999,-0.0044032293577981,60,15,0.0067392293577981,0.0,-9.70275229357884e-05,0.0066422018348623,0,0,0,0,TimeStop,1931.6429099999998,0.49159518286411574,0.04490280763125106,True,False,True,False,HIGH,HIGH,HIGH / HIGH
1787159940,1.475819168110816,0.2036946895588547,1,-0.0012285467287207,0.0020726122704171,0.0037713254048294,0.004295430876132,0.018257859303989,0.0038251174975094,-0.0031556557976265,60,14,0.006980773295136,0.0,-5.3792092680005586e-05,0.006926981202456,0,0,0,0,TimeStop,1956.76363,0.4969559687507222,0.04432635023986009,True,False,True,False,HIGH,HIGH,HIGH / HIGH
1787160000,1.504641666761541,0.2044044141781888,1,-0.0004532711928159,0.00226782523861,0.0036947846631247,0.0041383586440359,0.017822593916028,0.0038193791433541,-0.0034641085617566,60,13,0.0072834877051107,0.0,-0.0001245944802293,0.0071588932248813,0,0,0,0,TimeStop,1997.57085,0.5056412008173145,0.04342083285806858,True,False,True,False,HIGH,HIGH,HIGH / HIGH
1787160060,1.4781405967231278,0.2028882959849041,1,-0.0004685449702527,0.0024364632303861,0.0034530397901786,0.0038234386205353,0.0181019388711166,0.0038050729506446,-0.0034783109519485,59,12,0.0072833839025932,0.0003636402638368,-0.0003520331604659,0.0069313507421272,0,0,0,0,TimeStop,1995.14356,0.5046907988427268,0.04347365860730342,True,False,True,False,HIGH,HIGH,HIGH / HIGH
1787160120,1.4411448594379204,0.2011254236659459,1,-0.0005848047760282,0.0021308116719919,0.0035973062824992,0.0035008921249033,0.0179759493708094,0.0041292008500906,-0.0031565348516604,58,11,0.007285735701751,0.0005318945675913,-0.0005318945675913,0.0067538411341596,0,0,0,0,TimeStop,1971.8283400000003,0.4991054369824182,0.043987698239492785,False,False,True,False,NORMAL,HIGH,NORMAL / HIGH
1787160180,1.4612930170389282,0.1971987752159835,1,0.0008777180566541,0.0035744387313067,0.0047627792217575,0.0053066259841036,0.0195450816005574,0.0053035359456811,-0.0019907204674729,57,10,0.007294256413154,0.0009821907842694,-0.0005407567239236,0.0067534996892304,0,0,0,0,TimeStop,1978.8596000000002,0.5011437927636258,0.0438314016820597,True,False,True,True,NORMAL,HIGH,NORMAL / HIGH
1787160240,1.4671547393220554,0.1962556694884407,1,0.0010846036458633,0.003357400812327,0.004467019058624,0.0059693665317301,0.0191241034656847,0.0053036838707769,-0.0019905736156883,56,9,0.0072942574864652,0.0009821909287935,-0.0008366648121528,0.0064575926743124,0,0,0,0,TimeStop,1940.0542100000002,0.48997604798182676,0.03629046530612152,True,False,True,True,HIGH,HIGH,HIGH / HIGH
1787160300,1.4940064982907422,0.1971729569356048,1,0.0015775130331818,0.0043136456349755,0.0055617861970702,0.0056093442248579,0.0189865487345367,0.0059443117580377,-0.0013545939803315,55,8,0.0072989057383693,0.000982816828121,-0.0003825255609674,0.0069163801774018,0,0,0,0,TimeStop,1955.50069,0.4932076845059378,0.03600380729090921,True,False,True,False,HIGH,HIGH,HIGH / HIGH
1787160360,1.477827816968261,0.1970467548325896,1,0.0013932978002886,0.0046525221590742,0.0055592037456934,0.0050357784387055,0.0187318531169939,0.0059299449335963,-0.0013688565623251,54,7,0.0072988014959215,0.0009828027916016,-0.0003707411879029,0.0069280603080186,0,0,0,0,TimeStop,1952.12151,0.49176568828558187,0.03606613094489185,False,False,True,False,HIGH,HIGH,HIGH / HIGH
1787160420,1.4014118381205911,0.1956070395565241,1,0.0020976435935197,0.0049748159057436,0.0056783505154638,0.0056257731958763,0.0188771723122237,0.0061966126656848,-0.0011041237113402,53,6,0.007300736377025,0.0009830633284241,-0.0005182621502209,0.0067824742268041,0,0,0,0,TimeStop,1947.83634,0.4902779828893547,0.03614547513781368,False,False,True,False,NORMAL,HIGH,NORMAL / HIGH
1787160480,1.3237972062305572,0.1885410050502513,1,0.0026988946204862,0.0055211495946941,0.0061605011053795,0.0057666912306559,0.0194253500368459,0.0069380987472365,-0.0003680176860722,52,5,0.0073061164333087,0.0009837877671333,-0.0007775976418569,0.0065285187914518,0,0,0,0,TimeStop,1962.9488900000001,0.4932653966400856,0.035867194687886135,False,False,True,False,NORMAL,HIGH,NORMAL / HIGH
1787160540,1.324061566592354,0.1963530831907411,1,0.0005800967269018,0.0028143146403473,0.0040250919405523,0.0025893341607126,0.0167354597174657,0.0046297453603291,-0.0026596221798402,51,4,0.0072893675401693,0.0009815324846814,-0.0006046534197767,0.0066847141203925,0,0,0,0,TimeStop,1959.1991,0.49198807059714905,0.03593584235517462,False,False,True,False,NORMAL,HIGH,NORMAL / HIGH
1787160600,1.2180371904201823,0.1861020192034503,1,0.0032980508773995,0.0039587504416441,0.0050547638676245,0.0034153809916382,0.0185921858438345,0.0057818572606289,-0.0015158697444353,50,3,0.0072977270050642,0.0014053115063008,-0.0007270933930043,0.0065706336120598,0,0,0,0,TimeStop,1959.1494200000002,0.4944299683497092,0.03593675361422917,False,False,True,False,NORMAL,HIGH,NORMAL / HIGH
1787160660,1.1550550964818933,0.1741418840581404,1,0.0040677377595003,0.0053391545071259,0.0059170176191507,0.0052253798775713,0.0190513553918562,0.0068870494996273,-0.0004186965318192,49,2,0.0073057460314466,0.0014068557172636,-0.0009700318804766,0.00633571415097,0,0,0,0,TimeStop,1964.4992200000002,0.5003584103482953,0.03583888926155949,False,False,True,False,NORMAL,HIGH,NORMAL / HIGH
1787160720,1.1203367429943578,0.1757763199409057,1,0.0048523355744415,0.0061561307640374,0.0064384747409768,0.0064571993807008,0.0189151297595416,0.007308212140437,-5.897524323697575e-07,48,1,0.0073088018928694,0.0014074441795637,-0.0008697373994601,0.0064390644934092,0,0,0,0,TimeStop,1992.3860400000003,0.5091126666527672,0.03533726325446447,True,False,True,False,NORMAL,HIGH,NORMAL / HIGH
1787160780,1.0391221604931806,0.1902172398366061,1,0.0038453966621926,0.0035403839481798,0.0045554745000248,0.0048972711882311,0.0150500894733387,0.0052434819533407,-0.000450235844129,47,1,0.0056937177974698,0.0014045592706062,-0.0006880074533159,0.0050057103441538,0,0,0,0,TimeStop,2009.0493500000002,0.513746065411368,0.03504417151325824,False,False,True,True,NORMAL,HIGH,NORMAL / HIGH
1787160840,1.0349428936997225,0.1900825989922217,1,0.0033052196158846,0.0031424676059488,0.0048244345802404,0.0041223642010325,0.0160964092285982,0.0053652244866727,-0.0001025661400771,46,1,0.0054677906267498,0.0014047293732797,-0.0005407899064323,0.0049270007203175,0,0,0,0,TimeStop,2013.0580800000002,0.5145712842352621,0.034974385835901955,False,False,True,False,NORMAL,HIGH,NORMAL / HIGH
1787160900,0.954393046794679,0.1929278999443024,1,0.0027223303853669,0.0020811422028092,0.00373409064684,0.0026142897356238,0.0150529288938181,0.0042745878837189,-0.0006747028330903,45,3,0.0049492907168092,0.0014032054999306,-0.0005404972368788,0.0044087934799304,0,0,0,0,TimeStop,2039.0275100000001,0.5205081337086382,0.03452894561486323,False,False,True,True,NORMAL,HIGH,NORMAL / HIGH
1787160960,0.9089715586180308,0.2069555004892079,1,0.002906369965668,0.0019128359479686,0.0035450599060295,0.0037805446665494,0.0160829329700419,0.0042756212417248,-0.0006736745677046,44,2,0.0049492958094295,0.0014032069437724,-0.0007305613356953,0.0042187344737341,0,0,0,0,TimeStop,2050.41505,0.5240780759468364,0.034337179684669206,False,False,True,True,NORMAL,HIGH,NORMAL / HIGH
1787161020,0.8504528451887404,0.2087623114524736,1,0.0027172054827639,0.0024648525786981,0.0034704406661117,0.0038822053114404,0.0179998502941397,0.0047167640122406,-0.0002347058478372,43,1,0.0049514698600779,0.0014038233229672,-0.0012463233461289,0.0037051465139489,0,0,0,0,TimeStop,2049.8278699999996,0.5250215532882258,0.034347015683809594,False,False,True,True,NORMAL,HIGH,NORMAL / HIGH
1787161080,0.8164693100266844,0.2082518342501592,1,0.0026943557899246,0.0018075573982169,0.0037050883733116,0.0033813599153307,0.0182300874287359,0.0044219366753616,-0.0003632756674254,42,1,0.004785212342787,0.0014034113805108,-0.00071684830205,0.004068364040737,0,0,0,0,TimeStop,2042.1453499999998,0.5235319535128458,0.034476228638671585,False,False,True,True,NORMAL,HIGH,NORMAL / HIGH
1787161140,0.8065508745339331,0.2129751902456269,1,0.0022703347531131,0.000645559383379,0.0037175518953605,0.0034235813200513,0.0198806420670129,0.0042145091529207,-0.0005354674029258,41,2,0.0047499765558466,0.001403121555951,-0.0004969572575602,0.0042530192982864,0,0,0,0,TimeStop,2041.1001800000001,0.5236412624819634,0.03449388260795704,False,False,True,True,NORMAL,HIGH,NORMAL / HIGH
1787161200,0.8210358395058979,0.2109814342629999,1,0.002731823115225,0.0010881426410642,0.0045188349964431,0.0042606914571688,0.02130081116756,0.0045188349964431,-0.0003907434666237,60,1,0.0049095784630668,0.0,0.0,0.0049095784630668,0,0,0,0,TimeStop,2015.0323899999999,0.5178129400833321,0.034940118257850934,False,False,True,True,NORMAL,HIGH,NORMAL / HIGH
1787161260,0.7670410295275307,0.2137143152382869,1,0.0032546896069156,0.001049363919613,0.0048429240274929,0.0047838173586288,0.0203985642078537,0.005155365995992,-1.47031514724739e-07,60,1,0.0051555130275067,0.0,-0.000312441968499,0.0048430710590077,0,0,0,0,TimeStop,1988.63916,0.5111395975993447,0.035403843701840805,False,False,True,True,NORMAL,HIGH,NORMAL / HIGH
1787161320,0.766816976418904,0.2117988058700525,1,0.0028711496635261,0.0015644649963267,0.0045498081123793,0.0051669230508082,0.0200695360233313,0.0047151461227942,-0.0002857040819968,59,2,0.0050008502047911,0.0003124520979041,-0.0001653380104149,0.0048355121943762,0,0,0,0,TimeStop,1978.5459799999999,0.508373413460474,0.03558444974829445,False,False,True,True,NORMAL,HIGH,NORMAL / HIGH
1787161380,0.7506296695861222,0.2026761330388514,1,0.0028146585075034,0.0018145573802878,0.0056864950482942,0.0052940391385842,0.0190538079100298,0.0056866420355262,-0.0001488980661182,60,1,0.0058355401016445,0.0,-1.4698723202390826e-07,0.0058353931144125,0,0,0,0,TimeStop,1973.50144,0.5079484522061062,0.03567540847601307,False,False,True,False,NORMAL,HIGH,NORMAL / HIGH
1787161440,0.7128769082350213,0.2023286072638224,1,0.0022329226023525,0.0021757548458489,0.0056735691711483,0.0052118182947107,0.0190987334182275,0.0057116320218794,-4.923187256742482e-05,60,27,0.0057608638944468,0.0,-3.806285073111506e-05,0.0057228010437157,0,0,0,0,TimeStop,1972.30808,0.5081748840536909,0.035696994153164956,False,False,True,False,NORMAL,HIGH,NORMAL / HIGH
1787161500,0.7346610452262866,0.210666255692649,1,0.0006585277063647,0.0007919059784426,0.004215428359214,0.0035210983443926,0.0162866755399655,0.0044224654790179,-0.001614478688309,60,26,0.0060369441673269,0.0,-0.0002070371198038,0.0058299070475231,0,0,0,0,TimeStop,1972.0860800000003,0.5076703253445338,0.03570101260488588,False,False,True,True,NORMAL,HIGH,NORMAL / HIGH
1787161560,0.7411686437646445,0.2014397129791853,1,0.0012662659099699,0.0019160583271992,0.004558234361205,0.003673154560913,0.0162988252510479,0.0047553590994789,-0.0012835858795278,59,25,0.0060389449790067,0.0004627954577645,-0.0001971247382738,0.0058418202407328,0,0,0,0,TimeStop,1978.6530600000003,0.5100902390812572,0.035582524002464574,False,False,True,True,NORMAL,HIGH,NORMAL / HIGH
1787161620,0.6955002974374327,0.2025529844820875,1,0.0012974992876446,0.0013755575960271,0.0036360205639626,0.0034806375779152,0.0147613836744863,0.0043907798465185,-0.001645973878638,58,24,0.0060367537251565,0.0009437425554821,-0.0007547592825559,0.0052819944426006,0,0,0,0,TimeStop,1961.5507100000002,0.5071067126110448,0.03589276058022481,False,False,True,True,NORMAL,HIGH,NORMAL / HIGH
1787161680,0.6948754962994991,0.2168666690152189,1,-0.0003038443121091,0.0007592443496024,0.0027432465728106,0.0023445700031352,0.013033059521679,0.0033374505483487,-0.0026929722847963,57,23,0.0060304228331451,0.0009427528294675,-0.0005942039755381,0.0054362188576069,0,0,0,0,TimeStop,1964.27577,0.510147956685655,0.03584296618391826,False,False,True,False,NORMAL,HIGH,NORMAL / HIGH
1787161740,0.6647259915039575,0.2111723630817345,1,-0.0001622158509233,0.0016951996428318,0.0038020990085767,0.0028931915689999,0.0146850812457943,0.0039992220679264,-0.002035178252633,56,22,0.0060344003205595,0.0009433746411743,-0.0001971230593497,0.0058372772612098,0,0,0,0,TimeStop,1941.75912,0.5045175203782516,0.03625860142734903,False,False,True,True,NORMAL,HIGH,NORMAL / HIGH
1787161800,0.6054849652126334,0.2113142580785378,1,-0.0006394473954831,0.0014237306522086,0.0029795434005495,0.0030500555961544,0.0156394877091086,0.003493065689953,-0.0025382924467657,55,21,0.0060313581367187,0.0009428990480852,-0.0005135222894034,0.0055178358473153,0,0,0,0,TimeStop,1926.6193499999997,0.5007170104742424,0.036543528953968,True,False,True,False,NORMAL,HIGH,NORMAL / HIGH
1787161860,0.6048682246516472,0.217217305863589,1,-0.0009906548083182,0.0010141057284733,0.0022628672267528,0.002691432792594,0.0144576388441039,0.0033099508116947,-0.0027203067380357,54,20,0.0060302575497305,0.0012018596579683,-0.0010470835849419,0.0049831739647885,0,0,0,0,TimeStop,1909.8679099999997,0.4967129325060366,0.03686405202755619,True,False,True,False,NORMAL,HIGH,NORMAL / HIGH
1787161920,0.6138029556483515,0.2162729229833272,1,-0.0002516690674957,0.0014633764309278,0.002921913072096,0.0036550678905175,0.0142146091840437,0.0039400288451468,-0.0020940157026245,53,19,0.0060340445477714,0.001202614425096,-0.0010181157730507,0.0050159287747206,0,0,0,0,TimeStop,1878.5973099999997,0.4892072139852688,0.037477680621186456,True,False,True,True,NORMAL,HIGH,NORMAL / HIGH
1787161980,0.5886358934093449,0.2153294803882075,1,-0.0008844154617875,0.0011841079690641,0.0027720090717097,0.0030655435137685,0.0135000917844958,0.0036683008021318,-0.0023641105613165,52,18,0.0060324113634483,0.00148350723514,-0.000896291730422,0.0051361196330262,0,0,0,0,TimeStop,1866.4370299999996,0.4860539667376983,0.03772185660075551,True,False,True,True,NORMAL,HIGH,NORMAL / HIGH
1787162040,0.5639611027928597,0.2167558297347138,1,-0.0016210949415501,0.0011059052790149,0.0032779730535129,0.0033446998671917,0.0141302460474262,0.0038855536888342,-0.0021481634434437,51,17,0.0060337171322779,0.0014838283534109,-0.0006075806353212,0.0054261364969566,0,0,0,0,TimeStop,1804.3440199999998,0.4699957058944279,0.039019981344799205,True,False,True,True,NORMAL,HIGH,NORMAL / HIGH
1787162100,0.5279431984749186,0.2151421809495594,1,-0.0016392024629819,0.0012427796510776,0.0023382202023164,0.0031971851634657,0.0147428529541123,0.003568831549626,-0.0024629819674534,50,16,0.0060318135170795,0.0014833602111126,-0.0012306113473095,0.0048012021697699,0,0,0,0,TimeStop,1789.86423,0.46632032526277767,0.03933564838043609,True,False,True,True,NORMAL,HIGH,NORMAL / HIGH
1787162160,0.5544717207681218,0.2193502206421994,1,-0.0021981713219468,0.0009024827655542,0.0012898263753884,0.0027090603964386,0.0148056708980377,0.003215992498753,-0.0028137003273589,49,15,0.0060296928261119,0.0019261661233645,-0.0019261661233645,0.0041035267027474,0,0,0,0,TimeStop,1809.84918,0.4701152602367828,0.03890129121145885,True,False,True,False,NORMAL,HIGH,NORMAL / HIGH
1787162220,0.5684222594331515,0.2175375845961214,1,-0.0013029437207739,0.0007000519799953,0.0016307679366523,0.0030912489985388,0.015029208888506,0.0031601257895368,-0.0028692312573427,48,14,0.0060293570468796,0.0019260588597607,-0.0015293578528845,0.0044999991939951,0,0,0,0,TimeStop,1782.8491399999998,0.46306507326214535,0.039490424860064155,True,False,True,False,NORMAL,HIGH,NORMAL / HIGH
1787162280,0.5529189449638752,0.2163217690832402,1,-0.0009972940849349,0.0006358409377496,0.0022853923239722,0.0037948183214238,0.0151099434646822,0.0033539217006882,-0.0026766001300703,47,13,0.0060305218307586,0.0019264309462522,-0.001068529376716,0.0049619924540425,0,0,0,0,TimeStop,1736.5249,0.4514622220126781,0.04054388739257352,True,False,True,False,NORMAL,HIGH,NORMAL / HIGH
1787162340,0.5306183818318947,0.2180681965121737,1,-5.70403897280877e-05,0.0012073793548103,0.0029136055113042,0.0034040942096087,0.015566747593636,0.0037558677184973,-0.0022770699539526,46,12,0.0060329376724499,0.0019272026791679,-0.000842262207193,0.0051906754652568,0,0,0,0,TimeStop,1708.4648499999998,0.4451884248646352,0.041209785498367145,True,False,True,True,NORMAL,HIGH,NORMAL / HIGH
1787162400,0.5385830481382241,0.2164958665496155,1,0.0001332904965928,0.0010916916910164,0.0031611402921334,0.0029537995196556,0.0150408574230121,0.0037614607465351,-0.0022715105420466,45,11,0.0060329712885817,0.0019272134177339,-0.0006003204544016,0.0054326508341801,0,0,0,0,TimeStop,1655.31339,0.43144228651943656,0.040538045789625374,False,False,True,True,NORMAL,HIGH,NORMAL / HIGH
1787162460,0.5511671159370635,0.217593543319033,1,0.0006489706478214,0.0005747941969972,0.00265803835245,0.002847437511471,0.016070635917938,0.0034846806571856,-0.0025466270824379,44,10,0.0060313077396235,0.0019266820023301,-0.0008266423047356,0.0052046654348879,0,0,0,0,TimeStop,1633.2579200000002,0.42537927993200797,0.04108547044425169,False,False,True,False,NORMAL,HIGH,NORMAL / HIGH
1787162520,0.5327310057380685,0.2180403528353008,1,7.795715902414097e-05,0.0002806164652845,0.0022494743386865,0.0025922220735694,0.0150549634605124,0.0030892722303556,-0.002939658960875,43,9,0.0060289311912307,0.0019259228215332,-0.0008397978916691,0.0051891332995615,0,0,0,0,TimeStop,1613.55277,0.4201849476463618,0.0415872175038936,True,False,True,False,NORMAL,HIGH,NORMAL / HIGH
1787162580,0.5241804170858944,0.2108242080101878,1,0.0010634117733303,0.0010115094201305,0.0029160618722967,0.003795909390807,0.0149990469906897,0.0036424015834615,-0.0023898541162671,42,8,0.0060322556997286,0.0019269848251593,-0.0007263397111647,0.0053059159885638,0,0,0,0,TimeStop,1560.45175,0.4069001706485954,0.04300239978583126,False,False,True,True,NORMAL,HIGH,NORMAL / HIGH
1787162640,0.5193797235878883,0.2074928360215681,1,0.0018577168448738,0.0016766980051254,0.0029103839389055,0.0049960612999617,0.017372967755469,0.0041621130795646,-0.0018732662751926,41,7,0.0060353793547572,0.0019279826667858,-0.001251729140659,0.0047836502140981,0,0,0,0,TimeStop,1555.56009,0.405951004527733,0.043137626396676204,False,False,True,True,NORMAL,HIGH,NORMAL / HIGH
1787162700,0.5200321920926626,0.2015603259226674,1,0.0020644981856796,0.0016495155675689,0.0029659008680016,0.0045369379270203,0.0166707421705219,0.0041351573010022,-0.0019000600397262,40,6,0.0060352173407284,0.0019279309119216,-0.0011692564330005,0.0048659609077279,0,0,0,0,TimeStop,1513.5306799999998,0.3960448492166374,0.04128096035687893,False,False,True,True,NORMAL,HIGH,NORMAL / HIGH
1787162760,0.51481209094587,0.19984002605732,1,0.0020067485318737,0.0016291077422084,0.0038506449749641,0.0051511142677356,0.0174586241991456,0.0043048702604356,-0.0017313671168768,39,5,0.0060362373773124,0.0019282567593518,-0.0004542252854715,0.0055820120918409,0,0,0,0,TimeStop,1478.94281,0.3885254075053883,0.04224639355730057,False,False,True,True,NORMAL,HIGH,NORMAL / HIGH
1787162820,0.540689080408502,0.1991310043010715,1,0.0017154772309786,0.00100311555545,0.0034899267423449,0.0060027033362761,0.0174332036236559,0.0041927530989052,-0.0018428104135071,38,4,0.0060355635124123,0.0019280414953608,-0.0007028263565603,0.005332737155852,0,0,0,0,TimeStop,1451.45847,0.3818738233817445,0.043046357364947545,False,False,True,True,NORMAL,HIGH,NORMAL / HIGH
1787162880,0.5584349652340955,0.1953217122320925,1,0.002070354484369,0.0018941072674902,0.0042140841631089,0.006824920329214,0.0183301508065695,0.0045567463208209,-0.001481004923182,37,3,0.0060377512440029,0.0019287403592331,-0.0003426621577119,0.005695089086291,0,0,0,0,TimeStop,1430.4976,0.37682365519903865,0.04367710928001557,False,False,True,True,NORMAL,HIGH,NORMAL / HIGH
1787162940,0.556018621183821,0.1861886586150792,1,0.0027314281248815,0.0030700106378071,0.0043949625972818,0.0080782409103447,0.0185679825212101,0.0055155899253119,-0.0005279243173339,36,2,0.0060435142426459,0.001930581330751,-0.0011206273280301,0.0049228869146157,0,0,0,0,TimeStop,1417.94923,0.3739337797568517,0.04406363689058176,True,False,True,False,NORMAL,HIGH,NORMAL / HIGH
1787163000,0.5599078641047058,0.1860463169818837,1,0.0028867140227956,0.0034269633304496,0.0042826395238992,0.0076764154818211,0.0178832946954976,0.005216585051673,-0.0008251320629814,35,1,0.0060417171146544,0.0019300072439516,-0.0009339455277738,0.0051077715868806,0,0,0,0,TimeStop,1417.1786499999998,0.3761904530394206,0.04408759615451447,True,False,True,True,NORMAL,HIGH,NORMAL / HIGH
1787163060,0.5931014347542829,0.1849598566635314,1,0.0031074848716292,0.003789583455731,0.0051113330591622,0.0076636214088479,0.0194389283825861,0.0054260912989835,-0.000225309911286,34,1,0.0056514012102695,0.0019304094941541,-0.0003147582398212,0.0053366429704482,0,0,0,0,TimeStop,1375.2174599999998,0.365704468529367,0.045432814676451244,True,False,True,False,NORMAL,HIGH,NORMAL / HIGH
1787163120,0.5996634228729977,0.1956121434292301,1,0.0020056088962869,0.0029806799466108,0.0041246459222806,0.0074087791318066,0.0176837829176354,0.0044688922253746,-4.064630262454899e-05,33,1,0.0045095385279991,0.0019285716801214,-0.0003442463030939,0.0041652922249052,0,0,0,0,TimeStop,1373.6462900000001,0.36571347457824105,0.04548478051070919,True,False,True,True,NORMAL,HIGH,NORMAL / HIGH
1787163180,0.6100509110255659,0.1942727101494578,1,0.0016347653645128,0.0038649245406568,0.003986702969354,0.0080715622866583,0.0179210896322979,0.0043618685623409,-0.0001047587928796,60,1,0.0044666273552205,0.0,-0.0003751655929869,0.0040914617622336,0,0,0,0,TimeStop,1362.4121200000002,0.3628845184184093,0.045859838651464715,True,False,True,True,NORMAL,HIGH,NORMAL / HIGH
1787163240,0.626204515433513,0.1930118225289151,1,0.0012644918716475,0.0034902204612177,-0.001046875504081,0.0071940979625595,0.0170613285156628,0.0038194312059525,-0.0013152299196108,59,60,0.0,0.0051346611255633,-0.0048663067100336,0.0002683544155297,0,0,0,0,TimeStop,1334.86796,0.3567179124040158,0.046806127551372194,False,False,False,True,NORMAL,HIGH,NORMAL / HIGH
1787163300,0.5845007394144555,0.1934411589725873,1,0.0009582734656775,0.0034208134181744,-0.000134152420608,0.0062180746561886,0.0174176758642935,0.0036339911444741,-0.0014997214321319,58,59,0.0013655690115239,0.005133712576606,-0.0037681435650821,0.0013655690115239,0,0,0,0,TimeStop,1323.3986899999998,0.35394086122290636,0.04721177410263268,False,False,False,True,NORMAL,HIGH,NORMAL / HIGH
1787163360,0.5756099454257184,0.1954752474477867,1,-7.412834370488808e-05,0.00263712315223,-0.0003433929597704,0.0053375337441449,0.0163495482492744,0.0028401703545516,-0.0022894817300734,57,58,0.002080281582227,0.0051296520846251,-0.0031835633143221,0.001946088770303,0,0,0,0,TimeStop,1327.0722399999997,0.3551254798182,0.04708108429726479,False,False,False,True,NORMAL,HIGH,NORMAL / HIGH
1787163420,0.602195780340836,0.1983551935120633,1,0.0002026435087482,0.0022573578422087,0.0004697578373441,0.0053528363424356,0.0176701329989057,0.0030173808934572,-0.0021131776450946,56,57,0.0027003016794794,0.0051305585385519,-0.0025476230561131,0.0025829354824387,0,0,0,0,TimeStop,1289.1830099999997,0.3464667725917053,0.04846480252636901,False,False,False,True,NORMAL,HIGH,NORMAL / HIGH
1787163480,0.5799326603039257,0.1966920174427792,1,-5.184721825750869e-05,0.0019824970235449,0.0003583902346789,0.0043638075366814,0.0170258062938128,0.002582548021289,-0.0025457862930892,55,56,0.0033680187317847,0.0051283343143783,-0.00222415778661,0.0029041765277682,0,0,0,0,TimeStop,1272.3606599999998,0.3425317761432894,0.049105573572197685,False,False,False,False,NORMAL,HIGH,NORMAL / HIGH
1787163540,0.5941690482824385,0.1977169123438636,1,-0.0001806831815584,0.0021033337950468,0.0005221363253141,0.0047169438362291,0.0162185850661982,0.0023064193483868,-0.0028205025335177,54,55,0.0042211632424225,0.0051269218819045,-0.0017842830230726,0.0033426388588318,0,0,0,0,TimeStop,1236.0317499999999,0.3331009169709296,0.05054886332814671,False,False,False,False,NORMAL,HIGH,NORMAL / HIGH
1787163600,0.6376484480248903,0.1981151551444465,1,-0.0004141276523237,0.0015536008392048,0.0004419411036992,0.0054414821817515,0.0151032896432806,0.0020726876738248,-0.0030530386415207,53,54,0.0042201788931914,0.0051257263153456,-0.0016307465701256,0.00349497974522,0,0,0,0,TimeStop,1189.90891,0.32069812853593765,0.04807019219647662,False,False,False,False,NORMAL,HIGH,NORMAL / HIGH
1787163660,0.6362689019990864,0.1987430441207354,1,-0.0003768844772937,0.0012474964050288,0.000369124229704,0.006108632631197,0.015391645785988,0.0022998152621815,-0.0028270728390014,52,53,0.0042211354296445,0.005126888101183,-0.0019306910324775,0.0031961970687054,0,0,0,0,TimeStop,1177.8212900000003,0.3175546406286077,0.04856352189048985,False,False,False,False,NORMAL,HIGH,NORMAL / HIGH
1787163720,0.6358988235314534,0.2043520431907927,1,-0.000711141728086,0.0014564053718731,-9.606856952724996e-05,0.0061330116207823,0.0152807603944435,0.0024793306129526,-0.0026484757315561,51,52,0.0042218914495457,0.0051278063445088,-0.0025753991824799,0.0025524071620289,0,0,0,0,TimeStop,1168.8764400000002,0.31556794369408203,0.04893515519912438,False,False,False,False,NORMAL,HIGH,NORMAL / HIGH
1787163780,0.6444953724161068,0.199896298395264,1,-0.0001758830765625,0.0015860230800773,0.0005412688184641,0.0071757659188097,0.0148790346201159,0.0024875519887528,-0.0026402964091147,50,51,0.0042219260734578,0.0051278483978676,-0.0019462831702887,0.0031815652275789,0,0,0,0,TimeStop,1137.2825300000002,0.30735979275334824,0.05029458247283548,False,False,False,False,NORMAL,HIGH,NORMAL / HIGH
1787163840,0.6860845956185966,0.1982461864825054,1,0.0003376602183087,0.0021696683268416,0.0014956663032242,0.0076993854291045,0.0152367525495543,0.0027828768621302,-0.0023464821591619,49,50,0.0042231698193582,0.0051293590212921,-0.0012872105589059,0.0038421484623861,0,0,0,0,TimeStop,1097.0386,0.29663102460258356,0.05213959654655725,False,False,False,True,NORMAL,HIGH,NORMAL / HIGH
1787163900,0.7148612281634685,0.2030256167235132,1,0.0005386942514045,0.001094080849822,4.7294983202900096e-05,0.0074983779870697,0.0144555725130927,0.0023294609528664,-0.0027975787897081,48,49,0.0042212602809848,0.0051270397425746,-0.0022821659696635,0.002844873772911,0,0,0,0,TimeStop,1060.5449,0.2872880422674135,0.05393373727034093,False,False,False,False,NORMAL,HIGH,NORMAL / HIGH
1787163960,0.6019498407507524,0.2075753479111756,1,0.0006799855393254,0.0003869943540992,-0.0005205315659566,0.006419596468702,0.0149412326451041,0.002317719875535,-0.0028092598099701,47,48,0.0042212108340261,0.0051269796855051,-0.0028382514414916,0.0022887282440134,0,0,0,0,TimeStop,1034.1603300000002,0.280958844015668,0.055309750665063696,False,False,False,False,NORMAL,HIGH,NORMAL / HIGH
1787164020,0.5790346128138226,0.2033831171552203,1,0.0009731193534913,0.0009300648629081,-5.228045285112157e-05,0.006805099057546,0.0162012290739066,0.0024646499201295,-0.0026630813308112,46,47,0.0042218296225438,0.0051277312509408,-0.0025169303729806,0.0026108008779601,0,0,0,0,TimeStop,1020.2681400000001,0.2773685866412985,0.056062860102639285,False,False,False,False,NORMAL,HIGH,NORMAL / HIGH
1787164080,0.5946281862569488,0.2001252759481775,1,0.0022265193394444,0.0016485032004017,-0.0003913986628286,0.0061523709721055,0.0167574876600292,0.0027226523001482,-0.0024063986650258,45,46,0.0042229161866343,0.005129050965174,-0.0031140509629768,0.0020150000021971,0,0,0,0,TimeStop,985.94601,0.2682898175155114,0.058014484991931764,False,False,False,True,NORMAL,HIGH,NORMAL / HIGH
1787164140,0.6259133953405114,0.2022459513663351,1,0.0022229177281716,0.001704168578535,-0.0014300018907542,0.0061861788061827,0.0159554174502702,0.0025517127143189,-0.0025764638736325,44,45,0.0042221962831373,0.0051281765879515,-0.0039817146050732,0.0011464619828783,0,0,0,0,TimeStop,962.9834500000001,0.26230945844087167,0.059397853618356575,False,False,False,False,NORMAL,HIGH,NORMAL / HIGH
1787164200,0.6277337856560797,0.2046302388734441,1,0.0024601824249583,0.0020671918649343,-0.0016311378592721,0.0068645182987418,0.0160030501809251,0.0026731560642705,-0.0024556417215065,43,44,0.004222707735718,0.0051287977857771,-0.0043042939235427,0.0008245038622343,0,0,0,0,TimeStop,943.1816500000001,0.25734496765310416,0.060644892741498944,False,False,False,True,NORMAL,HIGH,NORMAL / HIGH
1787164260,0.6208168799327892,0.2029841069804193,1,0.0027114524914172,0.0020820474066855,-0.000687569381435,0.006534180021868,0.0152774312419631,0.0029145147464074,-0.0022155176190201,42,43,0.0042237242057092,0.0051300323654275,-0.0036020841278424,0.001527948237585,0,0,0,0,TimeStop,940.6183200000002,0.25660654700520197,0.06081015942789632,False,False,False,True,NORMAL,HIGH,NORMAL / HIGH
1787164320,0.6156099096004061,0.2033159091409003,1,0.002054298043297,0.0019683055344602,1.86048528488582e-05,0.0065847994543358,0.0156786171349815,0.0028141671120112,-0.0023153519627971,41,42,0.0042233015966771,0.0051295190748084,-0.0027955622591624,0.002333956815646,0,0,0,0,TimeStop,906.0699200000001,0.24732622865679135,0.06312884771629985,False,False,False,True,NORMAL,HIGH,NORMAL / HIGH
1787164380,0.6281303195307342,0.2031724858652392,1,0.0020344497223612,0.0019026279260959,0.0003402467030269,0.007382459996845,0.0152623275715977,0.0026345318326934,-0.0024940683853397,40,41,0.0042225450717029,0.0051286002180331,-0.0022942851296665,0.0028343150883666,0,0,0,0,TimeStop,873.74343,0.23861314653296814,0.0654644693580128,False,False,False,False,NORMAL,HIGH,NORMAL / HIGH
1787164440,0.5978219737751469,0.2068490852458104,1,0.0022844297346377,0.0012316208775116,-0.0006986995489427,0.0071747407884716,0.0141595395700309,0.0024875519887528,-0.0026402964091147,39,40,0.0042219260734578,0.0051278483978676,-0.0031862515376956,0.001941596860172,0,0,0,0,TimeStop,849.63784,0.23225828893711647,0.06732180148661929,False,False,False,False,NORMAL,HIGH,NORMAL / HIGH
1787164500,0.5844102803375537,0.2031176655836423,1,0.0019685437199178,0.0013142174782431,-0.0011156350288895,0.006296205932929,0.0142642534896179,0.0024878456118112,-0.0026400042879748,38,39,0.0042219273100366,0.005127849899786,-0.0036034806407007,0.0015243692590853,0,0,0,0,TimeStop,820.42016,0.2243806124577048,0.06971933746728018,False,False,False,False,NORMAL,HIGH,NORMAL / HIGH
1787164560,0.5905558739747561,0.2005731847446981,1,0.0016249933170795,0.0022179239956027,0.0002346529019255,0.0065998691978518,0.0151299855502442,0.0026777089264043,-0.0024511121478283,37,38,0.0042227269098687,0.0051288210742326,-0.0024430560244788,0.0026857650497538,0,0,0,0,TimeStop,799.4481199999999,0.2186838099821967,0.0715482950913688,False,False,False,True,NORMAL,HIGH,NORMAL / HIGH
1787164620,0.5711355874482216,0.1953334304376757,1,0.0021690896301071,0.0024843191277332,0.0004103405826836,0.006448209156457,0.0148028899701037,0.0031927428336948,-0.0019387127029719,36,37,0.0042248959493521,0.0051314555366667,-0.0027824022510112,0.0023490532856555,0,0,0,0,TimeStop,800.29642,0.21968969927833287,0.07147245516854868,False,False,False,True,NORMAL,HIGH,NORMAL / HIGH
1787164680,0.5528926575762368,0.1971089310747684,1,0.0017622161006292,0.0023155909180323,-0.0003225334430709,0.0064743974798448,0.01486803006621,0.0026639036008763,-0.0024648468574008,35,36,0.0042226687694322,0.0051287504582771,-0.0029864370439472,0.0021423134143298,0,0,0,0,TimeStop,795.99894,0.2198456228171403,0.0718583243339495,False,False,False,True,NORMAL,HIGH,NORMAL / HIGH
1787164740,0.5397100676872667,0.1982254834245368,1,0.0018313897210798,0.0013208967922709,-0.0002928817721221,0.0063417690117612,0.0147183341353411,0.0024443912701315,-0.0026832363552971,34,35,0.0042217443042548,0.0051276276254287,-0.0027372730422537,0.0023903545831749,0,0,0,0,TimeStop,780.14293,0.21620303271918773,0.07331880838809884,False,False,False,False,NORMAL,HIGH,NORMAL / HIGH
1787164800,0.5121261199196017,0.202436482490037,1,0.0005550875759313,0.0008527538373191,-0.0002569822787595,0.0059186414008403,0.0143178349799126,0.0017898025451197,-0.0033344767776411,33,34,0.004218987536652,0.0051242793227608,-0.0020467848238793,0.0030774944988815,0,0,0,0,TimeStop,769.18399,0.21344614331854195,0.07436341726249399,False,False,False,False,NORMAL,HIGH,NORMAL / HIGH
1787164860,0.4956463048509875,0.2052543209324138,1,-0.0002927920908383,0.001316759632911,-5.882179935868908e-05,0.0056771815754322,0.014343154378983,0.0016366214572852,-0.0034868743251769,32,33,0.0042183424221791,0.0051234957824622,-0.0016954432566439,0.0034280525258182,0,0,0,0,TimeStop,765.7479199999999,0.21268368921454484,0.07469710136463709,False,False,False,False,NORMAL,HIGH,NORMAL / HIGH
1787164920,0.4735928523411575,0.2061747786953404,1,-4.3012634156446554e-05,0.0011405663125342,0.0006143199007608,0.0048879323373227,0.0150687594995379,0.001490080540426,-0.0036326656670372,31,32,0.0042765384660962,0.0051227462074633,-0.0008757606396651,0.0042469855677981,0,0,0,0,TimeStop,758.8070700000001,0.21098128080257947,0.07538035985879783,False,False,False,False,NORMAL,HIGH,NORMAL / HIGH
1787164980,0.4687294376738514,0.2094381238475611,1,-0.0005767320340152,0.0001213095763385,-0.000390236829909,0.004087986566499,0.0138263685802935,0.0004950307651315,-0.0046226256390858,30,31,0.0044181532327028,0.0051176564042174,-0.0008852675950406,0.0042323888091767,0,0,0,0,TimeStop,758.18776,0.21092329806506435,0.07544193274763497,False,False,False,False,NORMAL,HIGH,NORMAL / HIGH
1787165040,0.4961604741612765,0.2095511108144737,1,-0.0005175985705978,-0.0045213155771597,-0.0004591458805247,0.0035062846140391,0.0129556003595423,0.0003280657230356,-0.0047887366342443,29,30,0.0045899974879955,0.00511680235728,-0.0007872116035603,0.0043295907537196,0,0,0,0,TimeStop,769.0552099999999,0.2137414622452142,0.07437586958158701,False,False,False,False,NORMAL,HIGH,NORMAL / HIGH
1787165100,0.5208787265041083,0.2088380404925509,1,-0.0003920261042921,-0.0035428464222029,-0.0006914154027247,0.0032246083099596,0.0117637054254775,0.0002124509711667,-0.004903760002291,28,29,0.0045894669906128,0.0051162109734578,-0.0009038663738915,0.0042123445995663,0,0,0,0,TimeStop,742.46828,0.20651274066605335,0.07703918341131018,False,False,True,False,NORMAL,HIGH,NORMAL / HIGH
1787165160,0.5040198499680918,0.2066267165702417,1,-0.0006277030976038,-0.0029726767971945,-0.0008810637054354,0.0027811221507889,0.0117768848626533,0.0002025131502045,-0.0049136469900641,27,28,0.0045894213909992,0.0051161601402687,-0.00108357685564,0.0040325832846287,0,0,0,0,TimeStop,729.1681799999999,0.2031392766168679,0.0784443857657091,False,False,True,False,NORMAL,HIGH,NORMAL / HIGH
1787165220,0.4998708693142976,0.2032443362862006,1,-8.581621675056377e-05,-0.0017835738404686,-0.0001548200571359,0.0033042898313337,0.012952839529961,0.0007583112713532,-0.0043606918453688,26,27,0.0045919716663212,0.0051190031167221,-0.0009131313284892,0.0042058717882328,0,0,0,0,TimeStop,726.7592500000001,0.20290255792404482,0.07870439901521721,False,False,True,False,NORMAL,HIGH,NORMAL / HIGH
1787165280,0.5061167179026795,0.2055486227093117,1,-0.0001315541559492,-0.0016208933725793,-0.0003975858935355,0.0037428619080409,0.0124700184424309,0.0005988637521379,-0.0045193237707103,25,26,0.0045912400426292,0.0051181875228483,-0.0009964496456734,0.0041217378771748,0,0,0,0,TimeStop,703.4088899999999,0.19651670935889795,0.08131707007569951,False,False,True,False,NORMAL,HIGH,NORMAL / HIGH
1787165340,0.5045644293986788,0.2055249255229745,1,-0.001050409270954,-0.0015778786642137,-0.0009054647728616,0.003873320262028,0.0108223277063598,0.0002026592931997,-0.0049135015946086,24,25,0.0045894220615752,0.0051161608878083,-0.0011081240660613,0.004008036821747,0,0,0,0,TimeStop,693.13219,0.19383602832169688,0.08252271475084716,False,False,True,False,NORMAL,HIGH,NORMAL / HIGH
1787165400,0.5135342566043657,0.1999274162592253,1,-0.0006530407025009,-0.0011099353390314,7.030272558277048e-05,0.0109077382692376,0.0115756872420285,0.0005182816318418,-0.004599493703448,23,24,0.0046697964290307,0.0051177753352898,-0.000447978906259,0.0046697964290307,0,0,0,0,TimeStop,701.23987,0.1967462075635166,0.0815685936397199,False,False,True,False,NORMAL,HIGH,NORMAL / HIGH
1787165460,0.5283729513152338,0.1970425734605509,1,0.0005919687332877,-0.000877277774455,0.0004275979684123,0.011665790948757,0.0124594209674213,0.0010510077287893,-0.0040694925666831,22,23,0.0049684134667622,0.0051205002954724,-0.000623409760377,0.0044970905350954,0,0,0,0,TimeStop,699.99472,0.19684447794818974,0.08171368778324499,False,False,True,False,NORMAL,HIGH,NORMAL / HIGH
1787165520,0.5295179748397801,0.1966271552980971,1,0.0003145472165204,-0.0015502161982018,0.0007310188449025,0.01031951767672,0.0115762442126456,0.0010214376138516,-0.0040989114268085,21,22,0.0049682667044532,0.0051203490406601,-0.000290418768949,0.004829930271711,0,0,0,0,TimeStop,694.95194,0.19566374923103405,0.08230662684386492,False,False,True,False,NORMAL,HIGH,NORMAL / HIGH
1787165580,0.539084817811776,0.1924625867115817,1,0.0005524013668205,-0.0010430998811269,0.0002927230112162,0.0112104725239536,0.0123486123437872,0.0009001013271961,-0.0042196270632804,20,21,0.0049676644885462,0.0051197283904766,-0.0006073783159799,0.0045123500744966,0,0,0,0,TimeStop,685.99045,0.1951803620078637,0.08338184591345259,False,False,True,False,NORMAL,HIGH,NORMAL / HIGH
1787165640,0.53185002228515,0.1885227116393872,1,-0.0005095597263638,-0.0006725428287434,6.650879962583918e-05,0.0102715897795707,0.0115478278664561,0.0006118809565573,-0.0045063731509091,19,20,0.0049662339940361,0.0051182541074664,-0.0005453721569314,0.0045728819505349,0,0,0,0,TimeStop,683.8116000000001,0.19576723841127228,0.08364752806182287,False,False,True,False,NORMAL,HIGH,NORMAL / HIGH
1787165700,0.5456498852876104,0.1819545848926545,1,0.000297501122211,-0.0010456418498954,0.0008569611971655,0.0105808892241259,0.0128494449790395,0.0012340299744812,-0.0038874065025203,18,19,0.0049693218422427,0.0051214364770015,-0.0003770687773157,0.0047443676996858,0,0,0,0,TimeStop,683.33387,0.19838986241528442,0.08370600743089172,False,False,True,False,NORMAL,HIGH,NORMAL / HIGH
1787165760,0.6308615376285613,0.1740619937161929,1,0.0016100231257867,-0.0009071748485114,0.001417405813647,0.0133185503937237,0.0140304733467989,0.0019299786306021,-0.0031950177102542,17,18,0.0051219226603434,0.0051249963408564,-0.000512572816955,0.0046124235239013,0,0,0,0,TimeStop,633.74764,0.1849104368083739,0.03956426567521419,False,False,True,False,NORMAL,HIGH,NORMAL / HIGH
1787165820,0.6972213326123082,0.1738929254191593,1,0.0011836298577287,-0.0009814325198572,0.0014581032338843,0.0108270675811681,0.0140379378973261,0.0015331591197948,-0.0035898074399549,16,17,0.0051198940965837,0.0051229665597497,-7.505588591043971e-05,0.0050479106738392,0,0,0,0,TimeStop,634.98824,0.18549116911089863,0.039486967506673826,False,False,True,False,NORMAL,HIGH,NORMAL / HIGH
1787165880,0.7084406636665445,0.1731485691468438,1,0.000698444425628,-0.0020365446129182,0.0015059842326462,0.0106338748763718,0.0135924655746307,0.001506130473104,-0.0040482283480398,60,16,0.0055543588211439,0.0,-1.4624045776342326e-07,0.0055542125806861,0,0,0,0,TimeStop,628.1148900000001,0.1841421922326267,0.03991906639882394,False,False,True,False,NORMAL,HIGH,NORMAL / HIGH
1787165940,0.6886809666048359,0.1768139450703356,1,-0.0040057903979459,-0.0031288384011986,0.0004890637594396,0.0095337460573345,0.0137259508927349,0.001279753389051,-0.0042733499434688,59,15,0.0055531033325198,0.0013671854154024,-0.0007906896296113,0.0047624137029085,0,0,0,0,TimeStop,626.01288,0.18397354545411107,0.04005310561661287,True,False,True,False,NORMAL,HIGH,NORMAL / HIGH
1787166000,0.7052215668249743,0.1720249813818861,1,-0.0031520560061474,-0.0036907003384908,-0.0002066874045952,0.008365431516964,0.0142761943031162,0.0010382607035644,-0.0045135033091179,58,14,0.0055517640126824,0.0013668556721149,-0.0012449481081597,0.0043068159045226,0,0,0,0,TimeStop,620.25216,0.18420016164922245,0.040425107104826524,False,False,True,False,NORMAL,HIGH,NORMAL / HIGH
1787166060,0.6949111524638619,0.1776816297562027,1,-0.0023464465713719,-0.0027638622957951,0.0001888970633818,0.0102153543486678,0.0150472885961147,0.0012643822013351,-0.0042886358824882,57,13,0.0055530180838234,0.001367310632156,-0.0010754851379533,0.0044775329458701,0,0,0,0,TimeStop,610.64659,0.18225285111596018,0.04106100060265628,False,False,True,False,NORMAL,HIGH,NORMAL / HIGH
1787166120,0.7261350987672012,0.1738406106638877,1,-0.0016979033313584,-0.0019458706137131,0.0003419784631057,0.0102073041570194,0.0160805905364223,0.0012778502640209,-0.0042752425137564,56,12,0.0055530927777774,0.0013673290239271,-0.0009358718009151,0.0046172209768622,0,0,0,0,TimeStop,595.9441899999999,0.17891612655656144,0.042074006963638666,False,False,True,False,NORMAL,HIGH,NORMAL / HIGH
1787166180,0.7653558504365093,0.1706623314717316,1,-0.0014895351711722,-0.0015594142379914,0.0008772892886646,0.0101764680342009,0.0160142939239274,0.0011641150817593,-0.0043883469200361,55,11,0.0055524620017954,0.0013671737089806,-0.0002868257930946,0.0052656362087008,0,0,0,0,TimeStop,595.0819499999999,0.17980860499106383,0.04213496981382145,False,False,True,False,NORMAL,HIGH,NORMAL / HIGH
1787166240,0.8334021725856785,0.1667361344256314,1,-0.000528024034601,-0.0019279459279987,0.0020796248542813,0.0147507390142478,0.0172877409201073,0.0020796248542813,-0.003867154418508,60,10,0.0059467792727893,0.0,0.0,0.0059467792727893,0,0,0,0,TimeStop,582.8208399999999,0.17645563876908205,0.04302138543982059,False,False,True,False,NORMAL,HIGH,NORMAL / HIGH
1787166300,0.8839596254295845,0.1471212880071022,1,-0.0004571932023004,-0.0024266633437525,0.0015663912977092,0.0139546305217853,0.0179343759561422,0.0019972585958464,-0.0039490318794998,59,9,0.0059462904753462,0.0004469553506814,-0.0004308672981372,0.005515423177209,0,0,0,0,TimeStop,570.1092799999999,0.17533188944905834,0.03830541049954494,False,False,True,False,NORMAL,HIGH,NORMAL / HIGH
1787166360,0.8875977221423925,0.1463937314198733,1,-0.0014683772743077,-0.0019788820836195,0.0012954808559234,0.0155505932480951,0.0163297232619633,0.0012954808559234,-0.0046587034931652,60,8,0.0059541843490887,0.0,0.0,0.0059541843490887,0,0,0,0,TimeStop,560.28861,0.17468914869426463,0.03897682303411451,False,False,True,False,NORMAL,HIGH,NORMAL / HIGH
1787166420,0.8981986609396315,0.1455089495707919,1,-0.0018641770430223,-0.0020688388890253,0.0025040376858474,0.0196204926152157,0.0164969142841103,0.0030295800689767,-0.0044120708387276,60,7,0.0074416509077043,0.0,-0.0005255423831292,0.006916108524575,0,0,0,0,TimeStop,552.22758,0.17318346015190722,0.03954577929628216,False,False,True,False,NORMAL,HIGH,NORMAL / HIGH
1787166480,0.9508085255930632,0.1470620352287703,1,-0.0015946203774713,-0.0026320296571332,0.0025998800527487,0.0153241089298741,0.0163029182488169,0.0028630684050054,-0.0047693938104411,60,6,0.0076324622154466,0.0,-0.0002631883522567,0.0073692738631899,0,0,0,0,TimeStop,552.8744499999999,0.1748472001168573,0.03949951024143005,False,False,True,False,NORMAL,HIGH,NORMAL / HIGH
1787166540,1.0115449642183267,0.1383541479106053,1,-0.0001630661943449,-0.0016116497414193,0.0036671612764148,0.0182152982707377,0.0185838424947285,0.0041075131250005,-0.0039988510780063,60,5,0.0081063642030069,0.0,-0.0004403518485856,0.0076660123544212,0,0,0,0,TimeStop,550.07954,0.17471161044765982,0.039700204083213134,False,False,True,False,NORMAL,HIGH,NORMAL / HIGH
1787166600,1.1017951351375213,0.1394898156273304,1,-0.001342743504407,-0.0011087905906477,0.0033793036186813,0.0150773879683572,0.0185996953055739,0.0039211970551761,-0.0041836629802997,59,4,0.0081048600354759,0.0006869442430255,-0.0005418934364948,0.0075629665989811,0,0,0,0,TimeStop,547.5320299999998,0.17436347486589385,0.039884917782800774,True,False,True,False,NORMAL,HIGH,NORMAL / HIGH
1787166660,1.1080366273624525,0.1419156419334112,1,-0.002513151741875,-0.0013737725040915,0.0025393090951602,0.0129379530044422,0.0174617138180968,0.0033025485153144,-0.0047973170446573,58,3,0.0080998655599718,0.0008816050970306,-0.0007632394201542,0.0073366261398175,0,0,0,0,TimeStop,534.94231,0.1709324785451133,0.04082359834278205,True,False,True,False,NORMAL,HIGH,NORMAL / HIGH
1787166720,1.163154766456849,0.1403301751177451,1,-0.0021625027747344,-0.0005256468766536,0.0032706429653556,0.0120938238026408,0.01671825955791,0.0033323118510792,-0.0047677939943564,57,2,0.0081001058454357,0.0008816312501671,-6.166888572362635e-05,0.0080384369597121,0,0,0,0,TimeStop,527.52931,0.16897976217011518,0.04139726378426253,True,False,True,False,NORMAL,HIGH,NORMAL / HIGH
1787166780,1.2013666789010875,0.1346238433416633,1,-0.0027330801339619,-0.0005114843582968,0.0040686388626692,0.0137676975414701,0.0160598781585804,0.0040687850010574,-0.0047433598004566,60,1,0.0088121448015141,0.0,-1.4613838822136876e-07,0.0088119986631258,0,0,0,0,TimeStop,532.6593899999999,0.172070477762429,0.040998563828941424,True,False,True,False,NORMAL,HIGH,NORMAL / HIGH
1787166840,1.3612507504332427,0.1072538829033696,1,0.0008804790111156,0.0040806194649865,0.0082496097810386,0.0192594141012575,0.0212957603570418,0.0085831290063227,-1.4679543358690259e-07,59,1,0.0085832758017563,0.0007565836651033,-0.0003335192252841,0.0082497565764722,0,0,0,0,TimeStop,602.20397,0.19575720955079998,0.128122237387442,True,False,True,False,NORMAL,LOW,NORMAL / LOW
1787166900,1.426307844995525,0.1047417467625507,1,-0.0005403475380461,0.0028615691193947,0.0063530793577708,0.0178071274553003,0.0209855733805886,0.0074762983920811,-0.0009802505540945,58,15,0.0084565489461757,0.0011232190343103,-0.0011232190343103,0.0073333299118654,0,0,0,0,TimeStop,616.97255,0.2009613685107431,0.12505535294884676,True,False,True,False,NORMAL,LOW,NORMAL / LOW
1787166960,1.5635928271826791,0.1025374000313979,1,-0.0004183974717362,0.0020978493197559,0.0056828781642682,0.0159952400876068,0.0207566179708675,0.0068901490476878,-0.0015614798813832,57,14,0.008451628929071,0.0012121070013065,-0.0012072708834195,0.0072443580456515,0,0,0,0,TimeStop,626.4275200000001,0.20518727156568878,0.12316783272867704,True,False,True,False,HIGH,LOW,HIGH / LOW
1787167020,1.5897658726755892,0.119872105269896,1,-0.0002483890229041,0.0016316639765177,0.0048807857177482,0.015758789654187,0.0211592005212654,0.0062495615479732,-0.0021966904213079,56,13,0.0084462519692812,0.0015786469798839,-0.001368775830225,0.0070774761390562,0,0,0,0,TimeStop,627.27074,0.2065465664903226,0.12300226214919573,True,False,True,False,HIGH,HIGH,HIGH / HIGH
1787167080,1.62937594984493,0.1209343318598601,1,-6.99833094199121e-05,0.0012252935492372,0.0040039823138414,0.014113788761676,0.0202718807648385,0.0059253023337531,-0.0025182278703405,55,12,0.0084435302040936,0.0022065239670874,-0.0019213200199117,0.0065222101841819,0,0,0,0,TimeStop,621.5164000000001,0.2055732258969521,0.12414108461176566,True,False,True,False,HIGH,HIGH,HIGH / HIGH
1787167140,1.677867724151395,0.122379285329567,1,-0.0014006614763215,0.0006734765556401,0.004192618392554,0.0163904173739976,0.0209219692091552,0.0054836679740093,-0.0029561552420535,54,11,0.0084398232160628,0.002205555230346,-0.0012910495814552,0.0071487736346075,0,0,0,0,TimeStop,622.4594,0.20640679879966398,0.12395301605213128,True,False,True,False,HIGH,HIGH,HIGH / HIGH
1787167200,1.58758563865508,0.1151675935003708,1,-0.0019703709816708,0.0011815495081681,0.0049973325513889,0.0167553231183072,0.0207316213083343,0.0053297759548017,-0.0031087555232867,53,10,0.0084385314780885,0.0022052176640993,-0.0003324434034127,0.0081060880746757,0,0,0,0,TimeStop,615.6565400000001,0.20477754440320758,0.12532266773288886,True,False,True,False,HIGH,HIGH,HIGH / HIGH
1787167260,1.5448427028054077,0.1117208879281536,1,-0.0005112555253065,0.0013060214864903,0.0057373905916103,0.0198177746553087,0.0214734638915722,0.005737536957349,-0.0028102221831913,60,9,0.0085477591405403,0.0,-1.4636573863070076e-07,0.0085476127748017,0,0,0,0,TimeStop,615.8386499999999,0.20570159138340116,0.12528560849501735,True,False,True,False,HIGH,LOW,HIGH / LOW
1787167320,1.5818190259486773,0.1029239641398568,1,-0.0002050440844781,0.002284776941328,0.0062296786666276,0.0205701690149097,0.0208560590526962,0.0063856586308913,-0.0021676088930548,59,8,0.0085532675239462,0.0002050440844781,-0.0001559799642636,0.0083972875596825,0,0,0,0,TimeStop,621.16459,0.20846754923989208,0.1242113945999401,True,False,True,False,HIGH,LOW,HIGH / LOW
1787167380,1.5833600212554473,0.1036443327957515,1,-0.0010390661957912,0.0013372177440129,0.0066309079966089,0.0199454164578481,0.0203551003967156,0.0066310543645755,-0.0027950426926086,60,7,0.0094260970571842,0.0,-1.4636796664968532e-07,0.0094259506892175,0,0,0,0,TimeStop,620.72259,0.21039562043101137,0.12429984222098314,True,False,True,False,HIGH,LOW,HIGH / LOW
1787167440,1.614181759182881,0.0876932234842993,1,-0.0014488198006055,0.0007395490067502,0.0061944542893329,0.016961650083616,0.0193024338563661,0.0062270728471861,-0.0034518625415942,60,6,0.0096789353887803,0.0,-3.2618557853260864e-05,0.0096463168309271,0,0,0,0,TimeStop,620.64774,0.21851530739761604,0.12431483275843395,True,False,True,False,HIGH,LOW,HIGH / LOW
1787167500,1.5819219082135436,0.0843546004035979,1,0.0002342674748894,0.0019045945708512,0.0074507306216872,0.0185951272365222,0.0202348531435766,0.0075472195379075,-0.0024598084863392,60,5,0.0100070280242467,0.0,-9.64889162202564e-05,0.0099105391080265,0,0,0,0,TimeStop,622.8435800000001,0.2210222133801386,0.12387655982582335,True,False,True,False,HIGH,LOW,HIGH / LOW
1787167560,1.5742951685248427,0.0526146964015589,1,0.0011422498850718,0.0023266913780569,0.0069437424718011,0.0198700498476267,0.0210103952503969,0.0081078206540226,-0.0019047752989232,59,4,0.0100125959529459,0.001282742079478,-0.0011640781822215,0.0088485177707243,0,0,0,0,TimeStop,631.0905200000001,0.23008121651712718,0.12225777056514807,True,False,True,False,HIGH,LOW,HIGH / LOW
1787167620,1.43440152127882,0.0663717855904807,1,0.001640403274714,0.0024419323455568,0.0068577380360472,0.0192081396573238,0.0209434435053811,0.0077834579806476,-0.0022259163800001,58,3,0.0100093743606477,0.001282329352147,-0.0009257199446004,0.0090836544160473,0,0,0,0,TimeStop,635.02391,0.26359786025042553,0.12150049594195596,True,False,True,False,NORMAL,LOW,NORMAL / LOW
1787167680,1.4583895829617166,0.0415363430806863,1,0.0022276842151382,0.0035497580862722,0.0065463318604708,0.0207164960441093,0.0206433731376921,0.0083848087821343,-0.0016305382358799,57,2,0.0100153470180142,0.0019328479672199,-0.0018384769216634,0.0081768700963507,0,0,0,0,TimeStop,640.31456,0.284715837272805,0.12049658842678823,True,False,True,False,NORMAL,LOW,NORMAL / LOW
1787167740,1.5145080103651476,0.0101008224541852,1,0.0031973252760736,0.0036292575209376,0.0076270874464062,0.0213735328053639,0.021236839816497,0.0092615366609276,-0.0007625180784545,56,1,0.0100240547393821,0.0020495148352226,-0.0016344492145213,0.0083896055248608,0,0,0,0,TimeStop,641.95822,0.30439390051225773,0.12018807080622787,True,False,True,False,HIGH,LOW,HIGH / LOW
1787167800,1.5112150677092508,0.0313632960298869,1,0.0034037558685446,0.0034969190140845,0.0085095363849764,0.0239141725352113,0.0205404929577463,0.009587147887324,0.0,55,1,0.009587147887324,0.0020501760563381,-0.0010776115023475,0.0085095363849764,0,0,0,0,TimeStop,644.16476,0.3204447905584537,0.11977637522425164,True,False,False,False,HIGH,LOW,HIGH / LOW
1787167860,1.535407993386276,0.0272229596917611,1,0.0025173000234576,0.0029609429978889,0.0072267182735162,0.0232650129017124,0.0202012960356556,0.0088766713581985,-3.07881773408402e-06,54,5,0.0088797501759326,0.002048733286418,-0.0016499530846822,0.0072297970912503,0,0,0,0,TimeStop,634.77547,0.33793944054910374,0.12154804910782074,True,False,True,False,HIGH,LOW,HIGH / LOW
1787167920,1.6945996210237972,0.0146254706208309,1,0.001880520099972,0.0022923096147357,0.0065660724406754,0.0211968323117213,0.0190290410490128,0.0080633690007608,-0.0008092227959996,53,4,0.0088725917967604,0.0020470817073312,-0.0014972965600853,0.007375295236675,0,0,0,0,TimeStop,675.52664,0.3696042705200145,0.11421565846759203,True,False,True,False,HIGH,LOW,HIGH / LOW
1787167980,1.6323224661134217,0.0095180227443119,1,0.0012953675127626,0.0024405092915933,0.0070398180189472,0.0207148987909025,0.0187981297042544,0.007558726402041,-0.0013094237217855,52,3,0.0088681501238266,0.0020460569258895,-0.0005189083830938,0.0083492417407327,0,0,0,0,TimeStop,679.1207700000001,0.3814783275321421,0.11361119171778532,True,False,True,False,HIGH,LOW,HIGH / LOW
1787168040,1.5856242297508214,0.0255850074497283,1,0.0020770472720602,0.0040153120868676,0.0078789453529786,0.0226978928660981,0.0203514874563081,0.0084584024131442,-0.0004176663180252,51,2,0.0088760687311694,0.002047883904591,-0.0005794570601656,0.0082966116710038,0,0,0,0,TimeStop,685.0107199999999,0.391469256048781,0.11263432490516355,True,False,True,False,HIGH,LOW,HIGH / LOW
1787168100,1.5558360612764957,0.0065975950209001,1,0.0031581432035632,0.0040027680118696,0.0074201191066124,0.0239145669556854,0.0196245883901841,0.0088796296024795,-1.466107983150494e-07,50,1,0.0088797762132778,0.0020487392937465,-0.001459510495867,0.0074202657174107,0,0,0,0,TimeStop,683.6785299999999,0.3993332607312892,0.11285379986994767,True,False,True,False,HIGH,LOW,HIGH / LOW
1787168160,1.6225789850108745,0.014640328892927,1,0.001818206579957,0.0032808553654446,0.0063637230298502,0.0204491128408348,0.0179965255501516,0.0077084871264794,-0.000684463398415,49,2,0.0083929505248944,0.0020463610460956,-0.0013447640966291,0.0070481864282653,0,0,0,0,TimeStop,690.9507699999999,0.408520823175784,0.11166601637914089,True,False,True,False,HIGH,LOW,HIGH / LOW
1787168220,1.7176684302334502,0.0225262290128055,1,0.0024903316535802,0.0045823567326848,0.0060353920075002,0.0200106937771005,0.0186628383921246,0.0080490448845658,-0.0003467420602367,48,1,0.0083957869448026,0.0024370092581741,-0.0020136528770656,0.0063821340677369,0,0,0,0,TimeStop,710.1421699999999,0.427098828447749,0.10864827250013898,True,False,True,False,HIGH,LOW,HIGH / LOW
1787168280,1.634647076854794,0.0248465623735824,1,0.0023787556243615,0.0052457165915238,0.0067991238677466,0.0191652831495749,0.0201907781058365,0.0082562673653923,0.0,47,1,0.0082562673653923,0.0024375102289422,-0.0014571434976456,0.0067991238677466,0,0,0,0,TimeStop,709.9493899999999,0.43484752743129895,0.10867777490449004,True,False,False,False,HIGH,LOW,HIGH / LOW
1787168340,1.5594541605198091,0.0406030775360784,1,0.0021915439596384,0.0052873323456419,0.0066365945214476,0.0177692159631001,0.0209008928772843,0.0080056320087,-6.811496164920722e-05,46,1,0.0080737469703492,0.0024369043053636,-0.0013690374872523,0.0067047094830968,0,0,0,0,TimeStop,707.9919099999998,0.44053494664052034,0.10897825089555051,True,False,True,False,HIGH,LOW,HIGH / LOW
1787168400,1.4988062719793436,0.0505990908130549,1,0.0016699358842989,0.0044930760898205,0.0061772111133882,0.0165703955265392,0.0185613490646134,0.0073112392774542,-1.463828789817799e-07,45,1,0.0073113856603331,0.0024352255760166,-0.0011340281640659,0.0061773574962672,0,0,0,0,TimeStop,717.22032,0.45108281123604566,0.1075760374441148,True,False,True,False,HIGH,LOW,HIGH / LOW
1787168460,1.5532565694268372,0.0434341637416183,1,0.0011830901084446,0.003918464678285,0.0057363407966783,0.0182915827638476,0.0167991478824587,0.0069576234243939,0.0,44,1,0.0069576234243939,0.0024343706919094,-0.0012212826277156,0.0057363407966783,0,0,0,0,TimeStop,717.9221799999999,0.4599324368656446,0.10747086822139973,True,False,False,False,HIGH,LOW,HIGH / LOW
1787168520,1.546637906308336,0.0350163468332693,1,0.0008002163932508,0.0037982863993917,0.0042709886832178,0.0178289031201567,0.0174284293943913,0.0061329941222915,-0.0003899464865338,43,8,0.0065229406088254,0.0024323771091031,-0.0018620054390736,0.0046609351697517,0,0,0,0,TimeStop,722.3766599999999,0.4681157868348202,0.10680815739534001,True,False,True,False,HIGH,LOW,HIGH / LOW
1787168580,1.4920342782286944,0.0203681177284715,1,0.0013191352543502,0.0045824670812005,0.0044799716463414,0.0175850584172805,0.0169352870727524,0.006143438925076,-0.0003795693992786,42,7,0.0065230083243546,0.0024324023599391,-0.0016634672787345,0.0048595410456201,0,0,0,0,TimeStop,724.4139299999999,0.47528427106771254,0.10650778071040132,False,False,True,False,HIGH,LOW,HIGH / LOW
1787168640,1.071143172313482,0.0301875047925487,1,0.0004305556185022,0.0041520473906502,0.0039672520419959,0.0185964939468558,0.0171343592301693,0.0060448839246906,-0.0004774854499248,41,6,0.0065223693746154,0.0024321640982696,-0.0020776318826947,0.0044447374919207,0,0,0,0,TimeStop,719.03455,0.475939515184209,0.10730460726817648,False,False,True,False,NORMAL,LOW,NORMAL / LOW
1787168700,0.9850561372278024,0.0089690816489909,1,9.284711662191224e-05,0.0034815475494209,0.0039187331851677,0.019856123523219,0.0181601649315708,0.006162416656919,-0.000360714703474,40,5,0.006523131360393,0.0024324482395601,-0.0022436834717512,0.0042794478886418,0,0,0,0,TimeStop,719.95608,0.48385579006791873,0.10716725942504715,True,False,True,False,NORMAL,LOW,NORMAL / LOW
1787168760,0.903560638445806,0.0167537912088103,1,0.0004425289961788,0.0035775237387704,0.0036654153206287,0.0228380645132985,0.0185613566599444,0.0063434030860037,-0.0001809016418614,39,4,0.0065243047278652,0.0027243465531438,-0.0026779877653749,0.0038463169624902,0,0,0,0,TimeStop,727.2976199999999,0.4957586179449184,0.1060854839590978,True,False,True,False,NORMAL,LOW,NORMAL / LOW
1787168820,0.8838861913683597,0.0108501279956916,1,0.0004110165898051,0.0032438289024644,0.0034596455109853,0.0206841795898316,0.0188928724956646,0.0061712437528696,-0.0003519448351692,38,3,0.0065231885880389,0.0027238804878977,-0.0027115982418843,0.0038115903461545,0,0,0,0,TimeStop,725.4080299999999,0.5011501619508338,0.10636182232501619,True,False,True,False,NORMAL,LOW,NORMAL / LOW
1787168880,0.8713318134967728,0.008388566385448,1,0.0011436603184086,0.0027752882218486,0.004142094639975,0.0192800569826815,0.0182397808664356,0.0062552560338281,-0.0002684772208922,37,2,0.0065237332547204,0.002770462650885,-0.0021131613938531,0.0044105718608673,0,0,0,0,TimeStop,720.72902,0.5097577619305868,0.10705232876567118,True,False,True,False,NORMAL,LOW,NORMAL / LOW
1787168940,0.8528706276288034,0.0121127924988149,1,0.0019342472917465,0.003516773372496,0.0047831159779121,0.0211761030810777,0.0187779640299616,0.0063681282376998,-0.0001563367877572,36,1,0.006524465025457,0.0027707734151998,-0.0015850122597876,0.0049394527656694,0,0,0,0,TimeStop,722.6445400000001,0.5162414915147697,0.10676856425151983,True,False,True,False,NORMAL,LOW,NORMAL / LOW
1787169000,0.902588894826118,0.0244919860378873,1,0.0008419657598642,0.0038112798274152,0.0108366736959577,0.0191278661144368,0.0178171997484479,0.0118268347831093,-0.0004853616192518,60,11,0.0123121964023611,0.0,-0.0009901610871515,0.0113220353152095,1,0,0,0,TimeStop,718.66399,0.5198699661723439,0.10735993603909387,True,False,True,False,NORMAL,LOW,NORMAL / LOW
1787169060,0.925498898778252,0.0009272114450446,1,0.0014599942144002,0.0044255891905467,0.0112333896057709,0.0200664423077907,0.0160099445661188,0.0170843295757145,-0.0003103291667171,60,10,0.0173946587424316,0.0,-0.0058509399699435,0.0115437187724881,1,0,0,0,TimeStop,719.83596,0.5260363830001098,0.10718514257053788,True,False,True,False,NORMAL,LOW,NORMAL / LOW
1787169120,0.9112563892186184,0.0010301201081712,1,0.0020868281848203,0.0039359090510565,0.0095814945787181,0.019376187275331,0.0161323318818131,0.0167459157728615,-0.0006429552561592,59,9,0.0173888710290207,0.0073383113656954,-0.0071644211941433,0.0102244498348773,1,0,0,0,TimeStop,727.3720999999999,0.5350535757193746,0.10607462122894185,True,False,True,False,NORMAL,LOW,NORMAL / LOW
1787169180,0.9088200734002906,0.0059647930099545,1,0.0028601573517752,0.0052866208893368,0.0109145545714571,0.020050335962879,0.0152849662166111,0.0170681245717145,-0.0003262570250505,58,8,0.0173943815967651,0.0074460272652646,-0.0061535700002574,0.0112408115965076,1,0,0,0,TimeStop,726.20174,0.5387965770607024,0.10624557302768237,True,False,True,False,NORMAL,LOW,NORMAL / LOW
1787169240,0.8902770295366208,0.0211625803340299,1,0.0030890186658052,0.0054508740940604,0.0102044022973972,0.0194678042081922,0.0161523783353588,0.0170052421526663,-0.0003880639991347,57,7,0.017393306151801,0.0076743127211179,-0.006800839855269,0.010592466296532,1,0,0,0,TimeStop,724.41476,0.548146440361004,0.10650765867884857,True,False,True,False,NORMAL,LOW,NORMAL / LOW
1787169300,0.8965575262183191,0.0070763727451026,1,0.0028184336021118,0.0055355929904798,0.0097156021329254,0.0207065578926078,0.0154198393408085,0.0168338787234714,-0.000556496689663,56,6,0.0173903754131345,0.0081786599887065,-0.007118276590546,0.0102720988225885,1,0,0,0,TimeStop,723.7472900000001,0.5561799286192357,0.10660588449319097,True,False,True,False,NORMAL,LOW,NORMAL / LOW
1787169360,0.8882765940753649,0.0045551567634054,1,0.0027321421994293,0.0046063335771258,0.0118842997045843,0.0195878795957371,0.0152760555425961,0.0169712026687387,-0.0004215213236587,55,5,0.0173927239923974,0.0081797645210004,-0.0050869029641544,0.012305821028243,1,0,0,0,TimeStop,728.76094,0.5644439598668439,0.10587246896080901,True,False,True,False,NORMAL,LOW,NORMAL / LOW
1787169420,0.9107392958526384,0.0018729193435492,1,0.0029956728196418,0.0044050488591973,0.0093553233200966,0.0191227799259388,0.0151212447623206,0.0165271145279102,-0.0008580144584128,54,4,0.0173851289863231,0.0081761926043041,-0.0071717912078136,0.0102133377785095,1,0,0,0,TimeStop,714.94073,0.5559127673266185,0.10791904386255907,True,False,True,False,NORMAL,LOW,NORMAL / LOW
1787169480,0.887380026798747,0.0025291389296184,1,0.0032590327218917,0.0029859742878249,0.0091141648551599,0.0177339041179403,0.0142004987770048,0.0160108615928127,-0.001365438190887,53,3,0.0173762997836998,0.0081720402473531,-0.0068966967376527,0.010479603046047,1,0,0,0,TimeStop,716.9280600000001,0.5617464148035315,0.10761989145744971,False,False,True,False,NORMAL,LOW,NORMAL / LOW
1787169540,0.8893357799493866,0.0151525724603711,1,0.0037198901525425,0.0039833732381852,0.0090402610338473,0.0187056915853761,0.0144756408937439,0.0168136696720008,-0.0005763601163476,52,2,0.0173900297883484,0.0081784974420367,-0.0077734086381535,0.0096166211501949,1,0,0,0,TimeStop,730.5239600000001,0.5753757718040176,0.1056169601884105,True,False,True,False,NORMAL,LOW,NORMAL / LOW
1787169600,0.9163821635926404,0.0266555124346512,1,0.0033883858309446,0.004995149736799,0.008573891036845,0.0194982773707259,0.0159009683713129,0.0172758553386156,-0.0001220789682792,51,1,0.0173979343068949,0.0087019643017706,-0.0087019643017706,0.0086959700051243,1,0,0,0,TimeStop,742.88476,0.5907866522031907,0.10385960805010995,True,False,True,False,NORMAL,LOW,NORMAL / LOW
1787169660,0.9554222712114244,0.0325203889775073,1,0.0031336080301756,0.0042531818466198,0.0100245636746461,0.0173632611391673,0.0155829648197426,0.0171032112867775,0.0,50,1,0.0171032112867775,0.0087006336504217,-0.0070786476121313,0.0100245636746461,1,0,0,0,TimeStop,751.6863000000001,0.6050814741820253,0.10264350966619984,True,False,False,False,NORMAL,LOW,NORMAL / LOW
1787169720,0.7641379322033068,0.0298577302908582,1,0.0028316484581664,0.0042639884442318,0.009861953118343,0.0174584705444397,0.0159382901163718,0.0169612439492771,-0.0001116640560565,49,1,0.0170729080053337,0.0086994192153671,-0.0070992908309341,0.0099736171743995,1,0,0,0,TimeStop,749.4590000000001,0.6083918384417402,0.10294855355663218,True,False,True,False,NORMAL,LOW,NORMAL / LOW
1787169780,0.7906226179289958,0.0100457260025426,1,0.0016297640070168,0.0045881113988541,0.0092910278263436,0.0158931933471508,0.0146662693770001,0.016301875879113,-1.4606237732237446e-07,48,1,0.0163020219414904,0.0086937787651595,-0.0070108480527694,0.0092911738887209,1,0,0,0,TimeStop,754.08091,0.6187780582458116,0.10231756165263486,True,False,True,False,NORMAL,LOW,NORMAL / LOW
1787169840,0.8074538477436524,0.0253155792818333,1,0.0015794709932583,0.003848181615956,0.0126448176828353,0.0146729804636618,0.0133467561364513,0.0156138611606901,-0.0004460644446351,47,1,0.0160599256053252,0.0086878932621499,-0.0029690434778547,0.0130908821274705,1,0,0,0,TimeStop,759.2756099999999,0.62914013692014,0.10161754043436218,True,False,True,False,NORMAL,LOW,NORMAL / LOW
1787169900,0.810366827685353,0.0398628821700213,1,0.0029668161099706,0.0034037267661222,0.0123688647419817,0.0144739797216211,0.0133349746688195,0.0160507715883074,0.0,46,1,0.0160507715883074,0.0086916307368983,-0.0036819068463257,0.0123688647419817,1,0,0,0,TimeStop,753.4412,0.6389713798391073,0.1024044344800895,True,False,False,False,NORMAL,LOW,NORMAL / LOW
1787169960,0.7652332306342599,0.0281319555265458,1,0.0029612715368354,0.0030727862969962,0.0142366690599523,0.014939036894892,0.0123196077249368,0.0156015571780986,-1.4596172788269394e-07,45,1,0.0156017031398265,0.0086877880098571,-0.0013648881181462,0.0142368150216802,1,0,0,0,TimeStop,754.6167999999999,0.6422885035081473,0.10224490098815718,True,False,True,False,NORMAL,LOW,NORMAL / LOW
1787170020,0.7321845705507461,0.0225303591931891,1,0.0018452301878726,0.0014464073204921,0.0170737017367824,0.012183418855441,0.0113341521718494,0.0194462238765553,-0.0003034553517435,60,11,0.0197496792282988,0.0,-0.0023725221397728,0.0173771570885259,1,0,0,0,TimeStop,777.46766,0.6626105769404911,0.09923978059743346,False,False,True,False,NORMAL,LOW,NORMAL / LOW
1787170080,0.7497546725945865,0.0167133089298184,1,0.0024195432631097,0.0015453010647883,0.0126912331931018,0.0120394140682448,0.0106986081358744,0.0189829202108965,-0.0007577834593318,59,10,0.0197407036702284,0.0064616380686854,-0.0062916870177947,0.0134490166524337,1,0,0,0,TimeStop,770.7368200000001,0.6594196456043262,0.10010644100277964,False,False,True,False,NORMAL,LOW,NORMAL / LOW
1787170140,0.7945328549204878,0.0161165749575519,1,0.0023545820802591,0.0013421656996885,0.0144949815592464,0.0114886236484904,0.010230534553809,0.0186874461680228,-0.0010475332987798,58,9,0.0197349794668027,0.0064597643902499,-0.0041924646087764,0.0155425148580262,1,0,0,0,TimeStop,774.1140800000001,0.6628817727847283,0.0996697024293887,False,False,True,False,NORMAL,LOW,NORMAL / LOW
1787170200,0.7829569157847762,0.0073480636240249,1,0.0027095227783238,0.0016766019235528,0.0116586861095169,0.0112949487430512,0.0099371999276021,0.0187906198894971,-0.0009463583565017,57,8,0.0197369782459988,0.0074375256299315,-0.0071319337799801,0.0126050444660186,1,0,0,0,TimeStop,767.0194,0.659726444037947,0.10059161476228633,False,False,True,False,NORMAL,LOW,NORMAL / LOW
1787170260,0.807575418009981,0.0049657304537967,1,0.0018690847723157,0.0018107806384214,0.0103723054197918,0.011664325026889,0.0113143544631886,0.0190158932696184,-0.0007254491859796,56,7,0.019741342455598,0.0100860321223709,-0.0086435878498266,0.0110977546057714,1,0,0,0,TimeStop,789.4462,0.6791339992887403,0.09773398111232913,False,False,True,False,NORMAL,LOW,NORMAL / LOW
1787170320,0.8095221369003347,0.0115617430599616,1,0.0014051666201045,0.0004709136190316,0.008794417437758,0.0111049966950107,0.0102868334416545,0.0183032893454664,-0.0014242478709839,55,6,0.0197275372164503,0.0109918201153671,-0.0095088719077083,0.0102186653087419,1,0,0,0,TimeStop,793.8693900000001,0.6843950630884914,0.0971894381769777,False,False,True,False,NORMAL,LOW,NORMAL / LOW
1787170380,0.8261907917864371,0.015194093323164,1,-0.0002721714185079,-0.0001020278953871,0.0096597566176224,0.0100033912267654,0.0095374977986136,0.0175189610329123,-0.0021933814315051,54,5,0.0197123424644175,0.0109833538796069,-0.0078592044152898,0.0118531380491276,1,0,0,0,TimeStop,792.05936,0.6871529358296945,0.09741153743830513,True,False,True,False,NORMAL,LOW,NORMAL / LOW
1787170440,0.9773966787390068,0.0150981851987972,1,0.0002625065899636,-0.0001840312422152,0.0109197208840079,0.0090320903022669,0.0101627759249279,0.0178553983249952,-0.0018634619217667,53,4,0.0197188602467619,0.0109869854677922,-0.0069356774409872,0.0127831828057746,1,0,0,0,TimeStop,735.32776,0.63648463926379,0.06124647055348489,False,False,True,False,NORMAL,LOW,NORMAL / LOW
1787170500,1.009815487004352,0.0084734120770141,1,0.001601337955017,0.0004356688339854,0.0113817390063924,0.0107146848518821,0.010846988297119,0.0186544943611484,-0.0010798467319956,52,3,0.019734341093144,0.0109956111100505,-0.0072727553547559,0.012461585738388,1,0,0,0,TimeStop,718.0428800000002,0.6254718445386577,0.06272080854001365,False,False,True,False,NORMAL,LOW,NORMAL / LOW
1787170560,1.0407911167373225,0.009730685889216,1,0.0011160764702547,8.75782685236382e-05,0.0102540891838214,0.0104072418630535,0.0097439202685111,0.0187402922549479,-0.0009957109963769,51,2,0.0197360032513249,0.0109965372339517,-0.0084862030711265,0.0112498001801984,1,0,0,0,TimeStop,704.53295,0.6156754303593918,0.06392352550721724,False,False,True,False,NORMAL,LOW,NORMAL / LOW
1787170620,1.082687030411696,0.0065732720165491,1,0.0014282955551588,0.0002151187999401,0.0108251686081041,0.0110875086080312,0.0097648777750653,0.0189048033725263,-0.0008343869442126,50,1,0.019739190316739,0.0109983130080558,-0.0080796347644222,0.0116595555523167,1,0,0,0,TimeStop,708.8397400000001,0.6237069187056306,0.06353513701136451,False,False,True,False,NORMAL,LOW,NORMAL / LOW
1787170680,1.1317510379507558,0.0123196715195086,1,0.0029535338287097,0.0013630236346869,0.010069488394394,0.0112197537662151,0.0115278813943409,0.0194659957174196,-8.618240805589609e-05,49,1,0.0195521781254755,0.0110043706584334,-0.0093965073230255,0.0101556708024499,1,0,0,0,TimeStop,715.3873600000002,0.6301712922205793,0.06295362836715482,False,False,True,False,NORMAL,LOW,NORMAL / LOW
1787170740,1.1428270451600957,0.0129817483323618,1,0.0022651329109689,0.0012619047723142,0.0121468717833924,0.0096695511661651,0.0116894149084306,0.0188269954643419,-0.0003569008877928,48,1,0.0191838963521347,0.0109974731300556,-0.0066801236809494,0.0125037726711853,1,0,0,0,TimeStop,712.77081,0.6296526340965314,0.06318472834205992,False,False,True,False,NORMAL,LOW,NORMAL / LOW
1787170800,1.1242788093559446,0.0046140314396408,1,0.0004356182568892,0.0069987197889929,0.0116995241540276,0.0085875907908087,0.0108616287434668,0.0178553983249952,-0.0008734204288365,47,28,0.0187288187538317,0.0109869854677922,-0.0061558741709676,0.0125729445828641,1,0,0,0,TimeStop,724.23987,0.639876027796471,0.06218413520923669,False,False,True,False,NORMAL,LOW,NORMAL / LOW
1787170860,1.0962524605692574,0.0083130140332086,1,0.0001111855096756,0.0067778046362901,0.0140000602497395,0.0084383107428341,0.0090511408229967,0.0174110104798162,-0.0013096314156695,46,27,0.0187206418954858,0.0109821886343667,-0.0034109502300767,0.0153096916654091,1,0,0,0,TimeStop,725.28677,0.6426869881802341,0.062094376821460566,False,False,True,False,NORMAL,LOW,NORMAL / LOW
1787170920,1.0735876523413324,0.002768131838656,1,-0.0003980883028266,0.0056234521315189,0.0142517067945012,0.0081441443539507,0.0096742007485805,0.0175685756225859,-0.0011549655147821,45,26,0.018723541137368,0.0109838894318834,-0.0033168688280846,0.0154066723092833,1,0,0,0,TimeStop,719.11885,0.6419288020355474,0.06262696354017143,False,False,True,False,NORMAL,LOW,NORMAL / LOW
1787170980,1.0955864646662483,0.0073612358818355,1,-0.0008721320371263,0.0055983373947038,0.0132268027491205,0.0074827707393448,0.0089433519852489,0.0165233978717824,-0.0021809117080455,44,25,0.018704309579828,0.0109726075221168,-0.0032965951226619,0.015407714457166,1,0,0,0,TimeStop,724.5623899999999,0.6496238733798342,0.06215645556761511,False,False,True,False,NORMAL,LOW,NORMAL / LOW
1787171040,1.1359721638875593,0.0013032757435866,1,-0.001010038162812,0.0047277577908715,0.0107009094995339,0.0068398540009316,0.008206632758381,0.0162944973562817,-0.0024056003912225,43,24,0.0187000977475043,0.0109701367127646,-0.0055935878567478,0.0131065098907565,1,0,0,0,TimeStop,728.7567499999999,0.6645454905443575,0.0617987140427859,False,False,True,False,NORMAL,LOW,NORMAL / LOW
1787171100,1.1537073022808897,0.0041340498302918,1,-0.001030129694898,0.0041569976951429,0.0110619768055137,0.0058085769633177,0.0079987652395757,0.0160376427528239,-0.0026577287994642,42,23,0.0186953715522882,0.010967364160003,-0.0049756659473102,0.013719705604978,1,0,0,0,TimeStop,736.8613399999999,0.6735862461226109,0.06111900238924193,False,False,True,False,NORMAL,LOW,NORMAL / LOW
1787171160,1.18009526948186,0.0157802300149649,1,-5.8195361829662174e-05,0.00724459510577,0.0128371693776006,0.0066376174818866,0.0088439491372538,0.0171148194488898,-0.0016003724503157,41,22,0.0187151918992055,0.0109789914743793,-0.0042776500712891,0.0144375418279163,1,0,0,0,TimeStop,747.38292,0.6849253825749425,0.0602585753498354,False,False,True,False,NORMAL,LOW,NORMAL / LOW
1787171220,1.2304509796372367,0.0202890584168229,1,-0.0009329420620288,0.0049285638961312,0.0122662826680629,0.0062764862673225,0.0083781513521769,0.0168744113657767,-0.0018363569587019,40,21,0.0187107683244787,0.0109763964494673,-0.0046081286977137,0.0141026396267649,1,0,0,0,TimeStop,760.0731,0.6968031173825072,0.05925249821365867,False,False,True,False,NORMAL,LOW,NORMAL / LOW
1787171280,1.262005655248656,0.0262967669259448,1,0.000170189843932,0.0061099464244117,0.0140780048916842,0.0069882657815046,0.0091135278360121,0.0177959760074539,-0.0009317493594223,39,20,0.0187277253668762,0.0109863440484508,-0.0037179711157697,0.0150097542511065,1,0,0,0,TimeStop,762.46438,0.7008469917864983,0.05906666748156813,False,True,True,False,NORMAL,LOW,NORMAL / LOW
1787171340,1.1931137944834909,0.0244024480098963,1,-0.000446420643818,0.0050368242447601,0.0136423936297651,0.0064334352905488,0.0091406337106244,0.0175882746970175,-0.0011356289087279,38,19,0.0187239036057454,0.0109841020686144,-0.0039458810672524,0.014778022538493,1,0,0,0,TimeStop,754.1404699999999,0.6985561412855082,0.05971862244708868,False,True,True,False,NORMAL,LOW,NORMAL / LOW
1787171400,1.1195992221153104,0.0069704922376518,1,-0.0011638054751519,0.0035609538025961,0.0152746559100007,0.0065597895606939,0.0084665393560461,0.0170258921987355,-0.0016876634146546,37,18,0.0187135556133901,0.0109780315714238,-0.0017512362887347,0.0169623193246553,1,0,0,0,TimeStop,752.9561900000001,0.7005136342933304,0.05981255031584241,False,True,True,False,NORMAL,LOW,NORMAL / LOW
1787171460,1.0625004866924534,0.0142103781990876,1,-0.001027351598785,0.0057469390511802,0.0159232219888758,0.006480553681086,0.0098401884574471,0.0176045677408686,-0.0011196356613564,36,17,0.0187242034022251,0.0109842779398003,-0.0016813457519927,0.0170428576502323,1,0,0,0,TimeStop,757.50499,0.7050824615267192,0.05945337733022723,False,True,True,False,NORMAL,LOW,NORMAL / LOW
1787171520,1.204558781653534,0.0145487209568925,1,-0.0012114464516364,0.0055741963652239,0.0145353199075843,0.0057740180829195,0.0097027779293784,0.0174515818006512,-0.0012698066182757,35,16,0.0187213884189269,0.01098262657134,-0.0029162618930668,0.0158051265258601,1,0,0,0,TimeStop,715.6633600000001,0.6673402576095115,0.04195335639371002,False,True,True,False,NORMAL,LOW,NORMAL / LOW
1787171580,1.1687434754332096,0.0001848297423524,1,-0.0015858264020977,0.0046814374708663,0.0135794836780704,0.0030421056029236,0.0101772339477059,0.0164638353939236,-0.0022393782199604,34,15,0.0187032136138841,0.0109719645898499,-0.0028843517158532,0.0158188618980308,1,0,0,0,TimeStop,722.08995,0.6742197572901142,0.041579972135050484,False,True,True,False,NORMAL,LOW,NORMAL / LOW
1787171640,1.1284961744320878,0.0002902429555937,1,-0.0010009608293375,0.0087629147793233,0.0147031025714399,0.0040143124021431,0.0117207220411458,0.0165244325174426,-0.0021798961001495,33,14,0.0187043286175921,0.0109726186903406,-0.0018213299460027,0.0168829986715894,1,0,0,0,TimeStop,721.9760900000001,0.6763744621371435,0.04158652954836772,False,True,True,False,NORMAL,LOW,NORMAL / LOW
1787171700,1.1566537643440282,0.0116580262206632,1,0.0065602437701478,0.0089347266077567,0.0163729585465301,0.0049493617813335,0.0121512514714996,0.0174121949980723,-0.0013084686928746,32,13,0.0187206636909469,0.0109822014203527,-0.0010392364515421,0.0176814272394047,1,0,0,0,TimeStop,727.35238,0.6812841852493263,0.04127913900549827,False,True,True,False,NORMAL,LOW,NORMAL / LOW
1787171760,1.179478538638472,0.0067034392317937,1,0.0066658779775741,0.0111296836236275,0.0139963211000669,0.0058550706669791,0.0116781281235615,0.0172979016941244,-0.0014206589686537,31,12,0.0187185606627781,0.0109809677098751,-0.0033015805940574,0.0154169800687206,1,0,0,0,TimeStop,712.9692400000001,0.6704330802304785,0.042111886902722474,False,True,True,False,NORMAL,LOW,NORMAL / LOW
1787171820,1.109909723715791,0.0135521045887413,1,0.0060239384937969,0.0156047236297978,0.0138914613547672,0.0079794979323198,0.0123478362164366,0.0179738190925504,-0.0007571786359135,30,11,0.018730997728464,0.0109882637311431,-0.0040823577377832,0.0146486399906808,1,0,0,0,TimeStop,693.3820800000001,0.6520351396968026,0.04330149403341949,False,False,True,False,NORMAL,LOW,NORMAL / LOW
1787171880,1.0933809952296418,0.0048627319990548,1,0.0064761174613444,0.0111287348824499,0.0122826480364048,0.0079455412367871,0.0123410058589216,0.0174107143506833,-0.0013099220959451,29,10,0.0187206364466285,0.0109821854378748,-0.0051280663142784,0.01359257013235,1,0,0,0,TimeStop,691.3475099999999,0.6523006019102249,0.043428926213967274,False,False,True,False,NORMAL,LOW,NORMAL / LOW
1787171940,1.0199725454089188,0.0043681708287514,1,0.0057435972060535,0.0131351862630965,0.0110592258440047,0.0096999417927823,0.012587601862631,0.0173220314318974,-0.0013969732246798,28,9,0.0187190046565773,0.0109812281722932,-0.0062628055878927,0.0124561990686845,1,0,0,0,TimeStop,692.32638,0.655990818942015,0.043367522699337274,False,False,True,False,NORMAL,LOW,NORMAL / LOW
1787172000,1.023524077511519,0.0174218842996667,1,0.0051924763140821,0.0099653762170297,0.0103293776666343,0.0107243672492386,0.0127445607461243,0.0170853725973829,-0.001629277471671,27,8,0.018714650069054,0.0109786736177072,-0.0067559949307486,0.0119586551383053,1,0,0,0,TimeStop,681.572,0.6517528878197169,0.04405180964006737,True,False,True,False,NORMAL,LOW,NORMAL / LOW
1787172060,0.9314564456263263,0.0154835761159348,1,0.0073032154808671,0.00854604975993,0.0124836316019205,0.0097481449148844,0.0128617779717736,0.0171740142586933,-0.0015422668412629,26,7,0.0187162810999562,0.0109796304379454,-0.0046903826567728,0.0140258984431834,1,0,0,0,TimeStop,681.2305600000001,0.6560481801279566,0.044073888875449156,False,False,True,False,NORMAL,LOW,NORMAL / LOW
1787172120,0.9179952656286108,0.0057934988091789,1,0.0058669795101221,0.0083195860123684,0.0135002550006107,0.0105101307964593,0.013392809696167,0.0178239821704853,-0.000904258517479,25,6,0.0187282406879643,0.0109866463539715,-0.0043237271698746,0.0144045135180897,1,0,0,0,TimeStop,681.1792600000002,0.657999743471782,0.0440772081052497,False,False,True,False,NORMAL,LOW,NORMAL / LOW
1787172180,0.8843381693830696,0.0126669091360873,1,0.0059387458662475,0.0097627805889662,0.0130466382017153,0.0091662713470759,0.0134213123814677,0.0176227869441622,-0.001101751696405,24,5,0.0187245386405673,0.0109844746024325,-0.0045761487424468,0.0141483898981204,1,0,0,0,TimeStop,675.2285200000001,0.6537635582948177,0.04446565734516071,False,False,True,False,NORMAL,LOW,NORMAL / LOW
1787172240,0.8446632964946436,0.0106234220493428,1,0.005485693815543,0.0111057959396457,0.014571433356123,0.0098087484809893,0.0140182186603291,0.0180427499969053,-0.0006895160791218,23,4,0.0187322660760272,0.0109890077885463,-0.0034713166407823,0.0152609494352449,1,0,0,0,TimeStop,670.4634800000001,0.6492239056817334,0.044781678489035665,False,False,True,False,NORMAL,LOW,NORMAL / LOW
1787172300,0.9056161680019686,0.0033537866445714,1,0.0047302643853386,0.0109413033875178,0.0158751797443665,0.0087676946158324,0.0145353896686003,0.0182108916092497,-0.0005244683186034,22,3,0.0187353599278531,0.010990822751118,-0.0023357118648831,0.0163996480629699,1,0,0,0,TimeStop,687.49833,0.6671488280215376,0.04367207699253611,False,False,True,False,NORMAL,LOW,NORMAL / LOW
1787172360,0.8985236713930357,0.0013655542937969,1,0.006781257385582,0.0101656206278447,0.0191026301195652,0.0088814946858781,0.0166057752300222,0.0191027758277169,-9.237896825218277e-05,60,2,0.0191951547959691,0.0,-1.457081517421133e-07,0.0191950090878174,1,0,0,0,TimeStop,682.1538700000001,0.6627240066265904,0.04401423391470314,False,True,True,False,NORMAL,LOW,NORMAL / LOW
1787172420,0.8530374737971947,0.002864994957619,1,0.0067938732304783,0.010607767877868,0.0171651487490313,0.0077551425431103,0.0165528623079702,0.0199916914391078,-5.843095260950684e-05,60,1,0.0200501223917173,0.0,-0.0028265426900764,0.0172235797016408,1,0,0,0,TimeStop,682.82778,0.6667351650266071,0.043970794509854305,False,True,True,False,NORMAL,LOW,NORMAL / LOW
1787172480,0.8020130719635721,0.0028397819149288,1,0.0062772184517165,0.0086946137956092,0.0150755181199071,0.0064944927802158,0.0166809016302128,0.0193835787499299,-0.0002175655809503,59,1,0.0196011443308803,0.0072813112767852,-0.0043080606300227,0.0152930837008575,1,0,0,0,TimeStop,684.4057000000001,0.6721689681215376,0.04386941838736877,False,True,True,False,NORMAL,LOW,NORMAL / LOW
1787172540,0.8037609115131761,0.0042316989796701,1,0.009773658658137,0.0108712485306763,0.0163149508013089,0.0069415536667739,0.0162277665639861,0.0188475146233728,-0.0001903789355896,58,1,0.0190378935589624,0.0072774822473098,-0.0025325638220638,0.0165053297368986,1,0,0,0,TimeStop,685.6812400000001,0.6783521386431418,0.04378781020755358,False,True,True,False,NORMAL,LOW,NORMAL / LOW
1787172600,1.4111628743033624,0.0599841381871993,1,0.0023590071754822,0.0046681334073787,0.0082023066972467,0.0016960966643528,0.00988221012774,0.012077116227948,-0.002601182771151,57,11,0.0146782989990991,0.007229122258771,-0.0038748095307012,0.0108034894683978,1,0,0,0,TimeStop,924.21175,0.8656231385522459,0.2774128656122366,False,True,True,False,NORMAL,LOW,NORMAL / LOW
1787172660,2.3070892795016267,0.0705715406029406,1,0.0044342474933404,0.0071736341228325,0.0087349298320374,0.0004956654927194,0.0086625097644223,0.011857232148381,-0.0028178778405001,56,10,0.0146751099888811,0.0072275516582027,-0.0031223023163435,0.0115528076725375,1,0,0,0,TimeStop,1254.36137,1.0945418523714074,0.2738906173425924,False,True,True,False,HIGH,LOW,HIGH / LOW
1787172720,2.4718433764549,0.0567409032931197,1,0.0095234166597915,0.0085800054132527,0.0097017355698462,0.000930674181535,0.0093890985197504,0.013175625310285,-0.001518605522965,55,9,0.0146942308332501,0.0072369687522163,-0.0034738897404388,0.0112203410928113,1,0,0,0,TimeStop,1292.6349900000002,1.1256071717191567,0.26578099204942607,False,True,True,False,HIGH,LOW,HIGH / LOW
1787172780,2.5190921601270264,0.0655387118699471,1,0.0046226803998497,0.0075859963871663,0.0090371449793743,-0.0005063693074841,0.0079223227747188,0.0121602376899265,-0.0025192668316101,54,8,0.0146795045215366,0.0072297159834994,-0.0031230927105521,0.0115564118109845,1,0,0,0,TimeStop,1333.05326,1.1562402795779645,0.2577224933983508,False,True,True,False,HIGH,LOW,HIGH / LOW
1787172840,2.5379476515520065,0.065325799412428,1,0.0073493771947211,0.0059450449759602,0.0091698292837848,0.0005396825856149,0.0086640034609134,0.0128091419046889,-0.001879773767375,53,7,0.0146889156720639,0.0072343510136049,-0.003639312620904,0.0110496030511599,1,0,0,0,TimeStop,1371.2167000000002,1.1965797503840427,0.25054961042991963,False,True,True,False,HIGH,LOW,HIGH / LOW
1787172900,2.4992503770155583,0.0608336553283266,1,0.0047482447545262,0.0068763939565425,0.0108851994922779,0.0017760146122106,0.0085552929461637,0.0131287006334949,-0.0015648496444641,52,6,0.0146935502779591,0.0072366335759535,-0.002243501141217,0.012450049136742,1,0,0,0,TimeStop,1381.24192,1.206802453873387,0.2487310912197047,False,True,True,False,HIGH,LOW,HIGH / LOW
1787172960,2.439041065923937,0.0764368059718884,1,0.0012338234009008,0.005552349746035,0.0076131034876239,0.0001775191945338,0.0067630624299907,0.0110938663435018,-0.0035701724420588,51,5,0.0146640387855607,0.0072220990453107,-0.0034807628558779,0.0111832759296828,1,0,0,0,TimeStop,1391.3042999999998,1.2194630379796347,0.2469321844257939,False,True,True,False,HIGH,LOW,HIGH / LOW
1787173020,2.3504563989025,0.0697449384758474,1,0.0024383010400051,0.0073017317205943,0.0096769258359027,0.0025222506187302,0.0088424959715057,0.0131845708200817,-0.0015097897511748,50,4,0.0146943605712566,0.0072370326487148,-0.003507644984179,0.0111867155870775,1,0,0,0,TimeStop,1404.85327,1.2384022873184557,0.24455067111741854,False,True,True,False,HIGH,LOW,HIGH / LOW
1787173080,2.327601007922379,0.0784811438744803,1,0.0038014588248369,0.0079196697096475,0.0085418870956167,0.0021386913871222,0.008802639590853,0.0129120236708858,-0.0017783841101306,49,3,0.0146904077810165,0.0072350858833634,-0.0043701365752691,0.0103202712057474,1,0,0,0,TimeStop,1415.5278599999997,1.2590595809222835,0.24270649819636902,False,True,True,False,HIGH,LOW,HIGH / LOW
1787173140,2.4592465392739338,0.0689753107455703,1,0.0055894401667476,0.0085624418701988,0.0095788353792997,0.0030535253271416,0.0097592893992966,0.0137866291971128,-0.0009164631127941,48,2,0.014703092309907,0.0072413330656936,-0.0042077938178131,0.0104952984920938,1,0,0,0,TimeStop,1419.2354899999998,1.2659771845520444,0.24207244845603465,False,True,True,False,HIGH,LOW,HIGH / LOW
1787173200,2.6016967370746458,0.0622654843766757,1,0.0061817974657893,0.0116721381626299,0.0108315180781155,0.003448006437361,0.0106755416665037,0.0147164324193783,-1.449594902696857e-07,47,1,0.0147165773788686,0.0072479745172812,-0.0038849143412627,0.0108316630376058,1,0,0,0,TimeStop,1432.4704999999997,1.287347550000558,0.23983587096558015,False,True,True,False,HIGH,LOW,HIGH / LOW
1787173260,2.6622063561347025,0.0830520251468548,1,0.0033615675872346,0.0101181346346387,0.0072658603844461,0.0031297153775326,0.0098053801869694,0.0130870586232956,-0.0009734319366144,46,1,0.0140604905599101,0.0072363361330235,-0.0058211982388494,0.0082392923210606,1,0,0,0,TimeStop,1429.10253,1.2919336281054,0.24040109284531183,False,True,True,False,HIGH,LOW,HIGH / LOW
1787173320,2.8451751267381713,0.085020606085511,1,0.0037881583795818,0.0089114493736528,0.007522332535293,0.0025434819042856,0.010389285593333,0.0131087589620325,-0.0005700907716501,45,1,0.0136788497336827,0.007236491135443,-0.0055864264267394,0.0080924233069432,1,0,0,0,TimeStop,1503.5962099999997,1.3477455525186608,0.22849073954502724,False,True,True,False,HIGH,LOW,HIGH / LOW
1787173380,2.854979846291077,0.0754857978260306,1,0.0024023154848046,0.0088565846599132,0.0065413892908827,0.0018525325615049,0.0104357452966715,0.0130246020260492,-8.683068017366137e-05,44,1,0.0131114327062228,0.0072358900144717,-0.0064832127351665,0.0066282199710563,1,0,0,0,TimeStop,1500.1145599999995,1.360731693189221,0.22902104889909217,False,True,True,False,HIGH,LOW,HIGH / LOW
1787173440,3.069115109513097,0.1128164544275877,1,0.0010869662355798,0.0058885866094869,0.0020028372687151,-0.0003253259241087,0.0059253425291359,0.0089860295794344,-0.0031832067824616,43,8,0.0121692363618961,0.0072070430684245,-0.0069831923107192,0.0051860440511768,0,0,0,0,TimeStop,1557.5787299999997,1.3984255695659364,0.22057171389339664,False,True,True,False,HIGH,LOW,HIGH / LOW
1787173500,3.0533254801570364,0.1035788364183772,1,0.0023036918063951,0.0073723619007368,0.0020793952214007,-0.0002863207210378,0.0056566012071626,0.0096952379166524,-0.0024825521056833,42,7,0.0121777900223358,0.0082747409590806,-0.0076158426952516,0.0045619473270841,0,0,0,0,TimeStop,1581.17264,1.431491002169228,0.2172803913429719,False,True,True,False,HIGH,LOW,HIGH / LOW
1787173560,3.2204848796737147,0.1275520044048362,1,0.0027272931367369,0.0028350838897005,0.0006925088161036,-0.0019642670056101,0.0028425673598663,0.0073902146144113,-0.0047597748511651,41,6,0.0121499894655765,0.0082558506345406,-0.0066977057983077,0.0054522836672688,0,0,0,0,TimeStop,1628.4355999999998,1.4729363073761281,0.21097414598403527,False,True,True,False,HIGH,HIGH,HIGH / HIGH
1787173620,3.982304198163503,0.1608051987829271,1,-0.0009345115041117,-0.0016869380726267,-0.0048081892914845,-0.0056155280886085,-0.0013729490891953,0.0036177552597814,-0.0084867351124416,40,5,0.0121044903722231,0.008425944551266,-0.008425944551266,0.003678545820957,0,0,0,0,TimeStop,1817.30004,1.5807922739246867,0.18904847985366247,False,False,True,False,HIGH,HIGH,HIGH / HIGH
1787173680,4.201531636627723,0.13475572622635,1,0.0029496805568207,0.0011412128981668,-0.0006436504074413,-0.0012481521317825,0.0031799669279983,0.0075028739019477,-0.0046484743312016,39,4,0.0121513482331493,0.0094757084580298,-0.008146524309389,0.0040048239237602,0,0,0,0,TimeStop,1878.23916,1.6218463274660302,0.18291483710732556,False,False,True,False,HIGH,HIGH,HIGH / HIGH
1787173740,4.477426048288161,0.1415660192138066,1,-0.0013940865508566,-0.0020490458205769,-0.0029634034326471,-0.0040308721371565,0.0005285636211779,0.0054199315883553,-0.0067062945751129,38,3,0.0121262261634682,0.0094561180880072,-0.0083833350210024,0.0037428911424658,0,0,0,0,TimeStop,1914.83086,1.6446997378475645,0.17941940313203433,False,False,True,False,HIGH,HIGH,HIGH / HIGH
1787173800,4.713287373544493,0.1169866978500057,1,0.002118091982869,0.0003604098300557,-0.0003595455378973,-0.0015119350824398,0.0024387443736381,0.0083408514747056,-0.0038206034862376,37,2,0.0121614549609432,0.0094835897568126,-0.008700397012603,0.0034610579483402,0,0,0,0,TimeStop,1969.6429100000003,1.6758022936614525,0.17442644463914525,False,False,True,False,HIGH,HIGH,HIGH / HIGH
1787173860,5.110963306818254,0.1123722387579652,1,0.0043132046123505,0.0039042162159355,0.0012787559597255,0.0012999627654655,0.0048852113113928,0.0098478923825298,-0.0023317387835111,36,1,0.0121796311660409,0.0094977636918423,-0.0085691364228043,0.0036104947432366,0,0,0,0,TimeStop,2007.6196200000002,1.7059897229187184,0.17112694385802027,False,False,True,False,HIGH,LOW,HIGH / LOW
1787173920,5.338328841330811,0.0971316497393363,1,0.0048516010167843,0.0051379235910019,0.00229043620515,0.001392772340344,0.0066194949142728,0.010720130873818,-0.0008023673953237,35,1,0.0115224982691418,0.0095059672194583,-0.0084296946686679,0.0030928036004738,1,0,0,0,TimeStop,2066.4699499999997,1.7359768695800837,0.1662534749174553,False,False,True,False,HIGH,LOW,HIGH / LOW
1787173980,5.608722442323991,0.1183777139515468,1,0.0041026149629547,0.0032521079959332,0.0003403469405318,0.0001098451370966,0.004711087828683,0.0090760625679054,-0.0015048207167351,34,5,0.0105808832846406,0.0095314441795699,-0.0087357156273735,0.001845167657267,0,0,0,0,TimeStop,2094.24658,1.7520027246541685,0.1640484044624774,False,True,True,False,HIGH,HIGH,HIGH / HIGH
1787174040,5.852619968885575,0.1250569481516318,1,0.0029564766540887,0.0034275715067546,-0.0018672408330212,-0.0011108390701962,0.0035141285249301,0.008151626004551,-0.0024195639024109,33,4,0.010571189906962,0.0100188668375722,-0.0100188668375722,0.0005523230693897,0,0,0,0,TimeStop,2103.77016,1.761888899323796,0.16330577195752222,False,False,True,False,HIGH,HIGH,HIGH / HIGH
1787174100,5.494178762954647,0.1160217026388083,1,0.0054566090448751,0.0048804775710676,-0.0006595473586122,-0.0002485188277863,0.0039921488220062,0.0084821997128994,-0.0020924564955186,32,3,0.0105746562084181,0.0100848219971289,-0.0091417470715116,0.0014329091369064,0,0,0,0,TimeStop,2121.8008800000002,1.775485730244351,0.1619180259742375,False,False,True,False,HIGH,HIGH,HIGH / HIGH
1787174160,5.610176426660944,0.1165170558233168,1,0.0067339304849512,0.0088470734988643,0.0001515981779948,0.0006923608509749,0.004012086889556,0.0096929076718054,-0.0008944436743531,31,2,0.0105873513461586,0.010096929076718,-0.0095413094938105,0.001046041852348,0,0,0,0,TimeStop,2134.0712,1.7813229763625889,0.16098704204433292,False,False,True,False,HIGH,HIGH,HIGH / HIGH
1787174220,5.81634126718261,0.1309575169422003,1,0.0051039563988696,0.0064885518195974,0.0002595305380933,0.0014112693926986,0.003972547436415,0.0092854259184497,-0.0012976526904665,30,1,0.0105830786089163,0.0100928542591844,-0.0090258953803564,0.0015571832285598,0,0,0,0,TimeStop,2142.62622,1.7975354874421743,0.16034425733854782,False,False,True,False,HIGH,HIGH,HIGH / HIGH
1787174280,6.0811026224875375,0.1204235670034531,1,0.0064388011434182,0.0063259030404527,0.0011387982559986,0.0025121993474431,0.0053997632315999,0.0105968296133745,0.0,29,1,0.0105968296133745,0.0101059682961337,-0.0094580313573758,0.0011387982559986,1,0,0,0,TimeStop,2156.9397599999998,1.8101950135086322,0.15928020632342557,False,False,False,False,HIGH,HIGH,HIGH / HIGH
1787174340,6.0808152464274245,0.1474169183558248,1,0.0047964068416181,0.0053851588701777,-0.002447590054655,-0.0006908369364219,0.0023636471755523,0.0078904866512823,-0.002447590054655,28,60,0.0,0.0103380767059374,-0.0103380767059374,0.0,0,0,0,0,TimeStop,2163.4827699999996,1.8277502956320937,0.15879849600096427,False,False,False,False,HIGH,HIGH,HIGH / HIGH
1787174400,2.9987943014534775,0.1486542687820577,1,0.0050570202781621,0.0035177519544505,-0.0030759462557037,-0.002065837395931,0.0008985781052033,0.0073745574027927,-0.003169056446938,27,60,0.0,0.0105436138497307,-0.0104505036584964,9.31101912342463e-05,0,0,0,0,TimeStop,2162.9732299999996,1.8436610267918985,0.1588359047790897,False,False,False,False,HIGH,HIGH,HIGH / HIGH
1787174460,1.4978280798232648,0.1647756636149482,1,0.0001074975755635,0.0015501753186426,-0.0054849597400768,-0.0047075039766209,-0.0017795226160404,0.0046502389130028,-0.0059127972203912,26,60,0.0,0.010563036133394,-0.0101351986530796,0.0004278374803144,0,0,0,0,TimeStop,2185.76615,1.8583630627778631,0.15717958208841326,False,False,False,False,HIGH,HIGH,HIGH / HIGH
1787174520,1.3903031665804082,0.1679719861744795,1,-0.0007531303775167,0.0011121875811269,-0.0060217423344085,-0.005087217750112,-0.0019535754247588,0.0045565248888206,-0.0060343710450072,25,60,0.0,0.0105908959338278,-0.0105782672232291,1.2628710598669088e-05,0,0,0,0,TimeStop,2199.83303,1.8686229281241362,0.15617449384328957,False,False,False,False,NORMAL,HIGH,NORMAL / HIGH
1787174580,1.3239875619238095,0.1777609692055187,1,-0.001803148945269,0.0014402230652384,-0.0056690486218789,-0.0055055956454633,-0.0017705731545346,0.0045398023783198,-0.006779065103507,24,60,0.0,0.0113188674818268,-0.0102088510001987,0.0011100164816281,0,0,0,0,TimeStop,2217.65874,1.887278290061037,0.15491915135689455,False,False,False,False,NORMAL,HIGH,NORMAL / HIGH
1787174640,1.265585210238698,0.1590782039990287,1,-0.000655873614305,0.0032057261218495,-0.0038201761394616,-0.0031870279705645,-0.0002184807061687,0.0068235307316342,-0.0045210691487839,23,59,0.0012762207411689,0.0113445998804182,-0.0106437068710958,0.0007008930093223,0,0,0,0,TimeStop,2228.5262399999997,1.9067729284974793,0.15416368173434658,False,False,False,False,NORMAL,HIGH,NORMAL / HIGH
1787174700,1.252818727887288,0.1678214620052372,1,-0.0017539670891835,0.0039814276705631,-0.0051959226661794,-0.0041110849656329,-0.0008338602757214,0.0062096069730901,-0.005390839841473,22,60,0.0,0.0116004468145632,-0.0114055296392696,0.0001949171752936,0,0,0,0,TimeStop,2222.4435899999994,1.914788157420026,0.15458561537663149,False,False,False,False,NORMAL,HIGH,NORMAL / HIGH
1787174760,1.23768896772066,0.1717586918908231,1,-0.0004072319218115,0.0020493748954088,-0.0061209758914394,-0.0043145037049486,-0.001757345795923,0.0055109180530147,-0.0061209758914394,21,60,0.0,0.0116318939444541,-0.0116318939444541,0.0,0,0,0,0,TimeStop,2208.02303,1.911436512662009,0.1555952113416136,False,False,False,False,NORMAL,HIGH,NORMAL / HIGH
1787174820,1.2277126117069044,0.1712507698580711,1,0.000284940158256,0.0023579768013018,-0.0059172141790131,-0.0028981129863165,-0.0012006858105835,0.0058401955583246,-0.0059611837647046,20,60,0.0,0.0118013793230293,-0.0117574097373378,4.396958569151659e-05,0,0,0,0,TimeStop,2195.52486,1.9046430127271676,0.15648094733939838,False,False,False,False,NORMAL,HIGH,NORMAL / HIGH
1787174880,1.2297626181305077,0.1823199190946522,1,-0.0008470319211875,0.00061732834934,-0.0069913153386427,-0.0034886229974334,-0.0023271843122797,0.0049531268326934,-0.0069914589033751,19,60,0.0,0.0119445857360685,-0.0119444421713362,1.4356473232966793e-07,0,0,0,0,TimeStop,2207.7726100000004,1.9212651208282165,0.15561285996749455,False,False,False,False,NORMAL,HIGH,NORMAL / HIGH
1787174940,1.1962526495534305,0.1672191580969944,1,0.0004697061773184,0.0010077645834363,-0.0071119345289038,-0.0038802813584517,-0.001856279961539,0.0051798352883602,-0.0071163860396029,18,60,0.0,0.0122962213279632,-0.0122917698172641,4.451510699100998e-06,0,0,0,0,TimeStop,2215.93652,1.937422935013778,0.1550395541114147,False,False,False,False,NORMAL,HIGH,NORMAL / HIGH
1787175000,1.1549225132251335,0.1891715723964411,1,-0.0005730048105753,-0.0008309214544951,-0.0085837524837016,-0.0061051735356317,-0.0035658408892163,0.0030091707994225,-0.0093135132989703,17,60,0.0,0.0123226840983929,-0.0115929232831242,0.0007297608152686,0,0,0,0,TimeStop,2229.8049499999997,1.951643304324424,0.15407527461090265,False,False,False,False,NORMAL,HIGH,NORMAL / HIGH
1787175060,1.1586056750365732,0.1987723634075256,1,0.0020990084370109,-0.0028237036366288,-0.0092946672577321,-0.0071233039223805,-0.0043964555556097,0.002939184919921,-0.0094684622907762,16,60,0.0,0.0124076472106972,-0.0122338521776532,0.000173795033044,0,0,0,0,TimeStop,2242.5162899999996,1.9604921133417517,0.15320192389773013,False,False,False,False,NORMAL,HIGH,NORMAL / HIGH
1787175120,1.028499345505956,0.1920651225591248,1,0.0013775643921337,-0.0013768471348225,-0.0086357780283715,-0.0054221783707042,-0.0030123372561092,0.0041602358571561,-0.0091889268668667,15,60,0.0,0.0133491627240228,-0.0127960138855276,0.0005531488384952,0,0,0,0,TimeStop,2256.8306599999996,1.9822448590822712,0.15223021207980225,False,False,False,False,NORMAL,HIGH,NORMAL / HIGH
1787175180,1.0409930081858074,0.1804474347741249,1,-0.0001121758251343,-0.0022948706528103,-0.0103962030061113,-0.0056802280353782,-0.0035285178345935,0.0041314270328532,-0.0105002023324826,14,60,0.0,0.0146316293653358,-0.0145276300389646,0.0001039993263712,0,1,0,0,TimeStop,2267.497819999999,1.9967170461903632,0.15151406407967358,False,False,False,False,NORMAL,HIGH,NORMAL / HIGH
1787175240,0.9401711713799862,0.1875232949343993,1,0.0005859416141924,-0.0038630017205676,-0.0105339090244322,-0.0076555012953337,-0.004392484299301,0.0030793101852243,-0.0115369883346175,13,59,0.0014043110342593,0.0146162985198418,-0.0136132192096566,0.0010030793101852,0,1,0,0,TimeStop,2279.3092699999993,2.010002182747847,0.15072891358880847,False,False,False,False,NORMAL,HIGH,NORMAL / HIGH
1787175300,0.9185164186501502,0.1857176564515413,1,-0.0015315233789278,-0.0052542305899173,-0.0112395717232903,-0.0083185660267565,-0.0062565364661789,0.0023058762616166,-0.0122991522210526,12,58,0.0014032282267662,0.0146050284826692,-0.0135454479849069,0.0010595804977622,0,1,0,0,TimeStop,2285.1064399999996,2.023759409630544,0.1503465239019676,False,False,False,False,NORMAL,HIGH,NORMAL / HIGH
1787175360,0.8537446143341088,0.1673153633189103,1,0.0014425226753888,-0.0021365178662143,-0.00802887571057,-0.00544591056589,-0.004154356240532,0.0045422530562481,-0.0100953626311429,11,57,0.0020664869205728,0.014637615687391,-0.0125711287668181,0.0020664869205728,0,1,0,0,TimeStop,2303.4532699999995,2.0444149572911847,0.14914902528063878,False,False,False,False,NORMAL,HIGH,NORMAL / HIGH
1787175420,0.5950651775548905,0.1646503491258947,1,0.0018667238450778,-0.0031265254737145,-0.0058309628276657,-0.0055137145607188,-0.0037169318229309,0.0053136571429474,-0.0093351990039926,10,56,0.0035042361763268,0.01464885614694,-0.0111446199706132,0.0035042361763268,0,0,0,0,TimeStop,2316.91052,2.0500316631301407,0.1482827269479531,False,False,False,False,NORMAL,HIGH,NORMAL / HIGH
1787175480,0.5373217224597706,0.1546215791665873,1,0.0032492308577014,-0.0017828287184794,-0.0042844820150091,-0.0038951666235372,-0.0030631990569022,0.0063544092699617,-0.0083096121222576,9,55,0.0041691825526898,0.0146640213922194,-0.0106388912849708,0.0040251301072485,0,0,0,0,TimeStop,2332.34101,2.0596273716732942,0.1473017061085763,False,False,False,False,NORMAL,HIGH,NORMAL / HIGH
1787175540,0.5024893898876417,0.1445184625715547,1,0.0038641341197659,-0.0009162350196078,-0.0013444158526793,-0.0027055271596903,-0.001359528117376,0.0074843131094289,-0.0071961725958798,8,54,0.005941998552389,0.0146804857053088,-0.0088287289621083,0.0058517567432004,0,0,0,0,TimeStop,2351.76396,2.0755932166636084,0.14608515813806416,False,False,False,False,NORMAL,HIGH,NORMAL / HIGH
1787175600,0.456074510948297,0.1418140414389519,1,0.0057454721287723,-0.0007196959824463,0.0003909512989878,-0.0019593643923861,-0.0014396799584829,0.0079775664512809,-0.0067101066598662,7,53,0.007101057958854,0.0146876731111472,-0.0075866151522931,0.007101057958854,0,0,0,0,TimeStop,2365.9684399999996,2.0873376897678333,0.14520811190533042,False,True,False,False,NORMAL,HIGH,NORMAL / HIGH
1787175660,0.4142535957378395,0.1549912829914613,1,0.0024576076335,-0.002615249755705,-0.0027017589239523,-0.0038189055584296,-0.0033438236477553,0.0059205610162671,-0.0087371385871127,6,52,0.0070865666494223,0.0146576996033798,-0.0086223199402195,0.0060353796631603,0,0,0,0,TimeStop,2374.6620399999997,2.0924147958128207,0.14467650731469986,False,False,False,False,NORMAL,HIGH,NORMAL / HIGH
1787175720,0.3678886858638778,0.1545720495553909,1,0.0020724461199203,-0.0028329319977091,-0.0029502944763931,-0.0033240731416756,-0.0040230765948906,0.0055536729356234,-0.0090986805842956,5,51,0.0070839819753067,0.014652353519919,-0.0085039674120166,0.0061483861079024,0,0,0,0,TimeStop,2380.7314399999996,2.096132032192868,0.14430767125921606,False,False,False,False,NORMAL,HIGH,NORMAL / HIGH
1787175780,0.34059464835531,0.1536880652277217,1,0.0014656016819359,-0.0029023223895515,-0.0038303931016715,-0.0033047881063262,-0.0037068227637829,0.005805075838421,-0.0088509409809387,4,50,0.0070857530728422,0.0146560168193598,-0.0096354689400926,0.0050205478792672,0,0,0,0,TimeStop,2382.7129899999995,2.0990554522199014,0.14418765979867348,False,False,False,False,NORMAL,HIGH,NORMAL / HIGH
1787175840,0.3272598961518596,0.1588769856187471,1,0.0005378057954136,-0.0052767259841436,-0.0046942824512406,-0.0050810949995831,-0.0050519584699677,0.0047079177729815,-0.0099321118859961,3,49,0.0070780237510081,0.0146400296589777,-0.0094022002242222,0.0052378294347555,0,0,0,0,TimeStop,2384.7779100000002,2.0995853758095535,0.1440628112829173,False,False,False,False,NORMAL,HIGH,NORMAL / HIGH
1787175900,0.32382763535145,0.1563379374958155,1,-0.000258064516129,-0.0055131182795698,-0.0069964157706093,-0.007248458781362,-0.0060213620071685,0.003584229390681,-0.0110394265232974,2,48,0.0070701075268817,0.0146236559139784,-0.0105806451612903,0.0040430107526881,0,1,0,0,TimeStop,2376.37303,2.1000598962190655,0.1445723401430793,False,False,False,False,NORMAL,HIGH,NORMAL / HIGH
1787175960,0.3427518803890982,0.1742239562412473,1,-0.004912400902699,-0.0086192204440976,-0.0100295447500591,-0.009941899900145,-0.0088535596105079,0.0008384166393104,-0.0137452288602909,1,47,0.0070507636683072,0.0145836454996013,-0.0108679613893695,0.0037156841102318,0,1,0,0,TimeStop,2432.0255999999995,2.128387093142321,0.141264059884896,False,False,False,False,NORMAL,HIGH,NORMAL / HIGH
1787176020,0.4397872936448271,0.1573146729897327,1,-0.0027506223675266,-0.0061888645134044,-0.009251207847117,-0.0074209932037379,-0.0069910875881478,0.0005584045616695,-0.0118330768607063,8,46,0.0070644336978386,0.0123914814223758,-0.0098096124087865,0.0025818690135893,0,1,0,0,TimeStop,2632.34802,2.208649955186359,0.1305138254477461,False,False,False,False,NORMAL,HIGH,NORMAL / HIGH
1787176080,0.4383637764728144,0.1404512909053878,1,-0.0021829397007381,-0.0051544979303245,-0.0084535831930858,-0.0062861375438513,-0.0053935080211126,0.0020203956233895,-0.0103891919235247,7,45,0.0070747560726998,0.0124095875469143,-0.0104739788164754,0.0019356087304389,0,1,0,0,TimeStop,2664.33112,2.23289423730591,0.12894711450129367,False,False,False,False,NORMAL,HIGH,NORMAL / HIGH
1787176140,0.454009803506762,0.1551070947885401,1,-0.0044463380402715,-0.0077907942600177,-0.0092229255578151,-0.0092419729040758,-0.0071132529430298,0.0002721049465815,-0.0121158307793658,6,44,0.007062412281958,0.0123879357259473,-0.0094950305043966,0.0028929052215507,0,1,0,0,TimeStop,2701.4648499999994,2.2498507273535573,0.12717463638292392,False,False,False,False,NORMAL,HIGH,NORMAL / HIGH
1787176200,0.5203938200131427,0.1422836407791088,1,-0.003728417369357,-0.0065705845236045,-0.0064532782653588,-0.0074802099466529,-0.0066539035163196,0.0016204898755234,-0.0107841450123329,5,43,0.0070719325417311,0.0124046348878563,-0.0080737681408822,0.0043308667469741,0,1,0,0,TimeStop,2466.18046,2.050751491477322,0.1393076522875378,False,False,False,False,NORMAL,HIGH,NORMAL / HIGH
1787176260,0.6325331209032465,0.1453961069448805,1,-0.003573885131262,-0.0070242462455576,-0.0081679181474264,-0.0078816060988191,-0.0069319614811418,0.0008741258741258,-0.0115212656196262,4,42,0.0070666628453513,0.0123953914937521,-0.0090420440215522,0.0033533474721998,0,1,0,0,TimeStop,2139.7602800000004,1.7779654914031942,0.10229600112027501,False,False,False,False,NORMAL,HIGH,NORMAL / HIGH
1787176320,0.6504674410325004,0.1474944679114865,1,-0.0049839456685703,-0.0071260044618699,-0.0086867845021194,-0.0083765780356334,-0.0063727073355373,0.0012186068260616,-0.0111810509147149,3,41,0.0070690950500422,0.0123996577407766,-0.009905391328181,0.0024942664125955,0,1,0,0,TimeStop,2111.8020400000005,1.750077958592635,0.10365030237398576,False,False,False,False,NORMAL,HIGH,NORMAL / HIGH
1787176380,0.6529789356276948,0.1478992872048874,1,-0.0050157622068435,-0.0070990474752023,-0.0094580406027109,-0.007840764668009,-0.0068379561449677,0.0008739824495612,-0.0115214072679399,2,40,0.0070666618327035,0.0123953897175011,-0.0103320230522722,0.0020633666652289,0,1,0,0,TimeStop,2088.3925799999997,1.7282159458680026,0.10481215174591361,False,False,False,False,NORMAL,HIGH,NORMAL / HIGH
1787176440,0.6595083079213857,0.145732538125153,1,-0.004761968255361,-0.0070034511151283,-0.0085517288049472,-0.0078347238297844,-0.0061143993552833,0.0013839730104473,-0.0110177327187248,1,39,0.0070702626165133,0.0124017057291722,-0.0099357018153946,0.0024660039137776,0,1,0,0,TimeStop,2065.89466,1.7054701070455003,0.10595357267635322,False,False,False,False,NORMAL,HIGH,NORMAL / HIGH
1787176500,0.6823453761936509,0.1515667472586965,1,-0.0064282348669533,-0.0091409562804721,-0.0090110972884383,-0.0085473560809444,-0.0079460244750554,1.431741918033249e-07,-0.0123844244232836,1,38,0.0070604920982879,0.0123845675974754,-0.0090112404626301,0.0033733271348453,0,1,0,0,TimeStop,2079.25567,1.7086570361085578,0.10527272963983308,False,False,False,False,NORMAL,HIGH,NORMAL / HIGH
1787176560,0.7120731804406298,0.1406439592183204,1,-0.0050604208602702,-0.008153640919841,-0.0073794041258033,-0.0068583245578852,-0.0056649304993104,0.0010746997305868,-0.0111673013755067,4,37,0.0070691933458927,0.0122420011060935,-0.0084541038563901,0.0037878972497034,0,1,0,0,TimeStop,2090.92147,1.7263456106731634,0.10468538543439414,False,False,False,False,NORMAL,HIGH,NORMAL / HIGH
1787176620,0.7275185124899208,0.1401978541303236,1,-0.0048952330109698,-0.0082557241742341,-0.007086103518954,-0.0064381460043241,-0.0057726993709365,0.0010942167498164,-0.0111480230271486,3,36,0.0070693311673585,0.012242239776965,-0.0081803202687704,0.0040619195081945,0,1,0,0,TimeStop,2090.2518800000003,1.7256859937242301,0.10471892028629583,False,False,False,False,NORMAL,HIGH,NORMAL / HIGH
1787176680,0.7289884285076809,0.1354099088201681,1,-0.004361531803141,-0.007603949554356,-0.0063489635784333,-0.0055668750275294,-0.0053658649266643,0.0019512757828453,-0.0103014448479791,2,35,0.0070753833790615,0.0122527206308245,-0.0083002393612787,0.0039524812695458,0,1,0,0,TimeStop,2105.27622,1.7306554908282845,0.103971591908258,False,False,False,False,NORMAL,HIGH,NORMAL / HIGH
1787176740,0.7419816419580988,0.1391993003649248,1,-0.0058114063715312,-0.0081115246051254,-0.0064633982245739,-0.0053747368004287,-0.005855589757832,0.0017864146415708,-0.0104642899256428,1,34,0.007074219194927,0.0122507045672137,-0.0082498128661448,0.0040008917010688,0,1,0,0,TimeStop,2102.5266199999996,1.7239834143415909,0.10410756178678016,False,False,False,False,NORMAL,HIGH,NORMAL / HIGH
1787176800,0.7602507773132907,0.1410022730962761,1,-0.0052564102564101,-0.0077592783800838,-0.0073043939654678,-0.0049165376011013,-0.0071569724086503,0.0002077955601446,-0.0107841450123329,1,33,0.0070719325417311,0.0109919405724775,-0.0075121895256125,0.003479751046865,0,1,0,0,TimeStop,2103.59732,1.7175010489559575,0.10405457257380421,False,False,False,False,NORMAL,HIGH,NORMAL / HIGH
1787176860,0.7739457513377568,0.1257365211898369,1,-0.0037251188184449,-0.0064892874456627,-0.0041063091380212,-0.0024648774716665,-0.0052842202725432,0.000405472703296,-0.0088764325528773,1,32,0.0070855708328627,0.0092819052561734,-0.0045117818413172,0.0047701234148561,0,0,0,0,TimeStop,2135.19861,1.7335962825718558,0.10251454781529669,False,False,False,False,NORMAL,HIGH,NORMAL / HIGH
1787176920,0.8183702560771179,0.1248535738665781,1,-0.0034477255368566,-0.0072689391115378,-0.0049416776881549,-0.0016956356917234,-0.0057749869602396,0.0001143447992725,-0.009107505802352,1,31,0.0070839188835695,0.0092218506016246,-0.0050560224874274,0.0041658281141971,0,0,0,0,TimeStop,2080.7046600000003,1.6882998530341802,0.1051994183547414,False,False,False,False,NORMAL,HIGH,NORMAL / HIGH
1787176980,0.7995439888907419,0.1224605418746343,1,-0.0029780591531429,-0.0081199666264137,-0.0046583844233976,-0.000757418800693,-0.0054612368499486,0.0003952437895037,-0.0082242051667521,1,30,0.0070902336251676,0.0086194489562559,-0.0050536282129014,0.0035658207433544,0,0,0,0,TimeStop,2081.20874,1.6884409954413098,0.10517393848730426,False,False,False,False,NORMAL,HIGH,NORMAL / HIGH
1787177040,0.8438411455188087,0.1224117247872945,1,-0.0033593932176018,-0.0066967769648019,-0.0023235095812403,0.0004962919796482,-0.00521782686545,0.0005162875115819,-0.0077037461988709,3,29,0.0070939544012683,0.0082200337104528,-0.0028397970928223,0.0053802366176305,0,0,0,0,TimeStop,2036.5432700000001,1.6502861780762563,0.10748061346125977,False,False,True,False,NORMAL,HIGH,NORMAL / HIGH
1787177100,0.8926732386525669,0.117880018325256,1,-0.0028528035967289,-0.006016955605574,-0.002360806891869,0.0018417489288133,-0.0041867221057804,0.0011430502730524,-0.0070821327898817,2,28,0.0070983983333719,0.0082251830629342,-0.0035038571649215,0.0047213258980127,0,0,0,0,TimeStop,2070.63466,1.6647121686995547,0.10571102871425904,False,False,True,False,NORMAL,HIGH,NORMAL / HIGH
1787177160,0.928772464528848,0.1239860336818286,1,-0.0034627365369182,-0.0059049739266495,-0.002654937254259,7.463910053394678e-05,-0.0054590088962906,0.0002418939635806,-0.0079758853865558,1,27,0.007092008870404,0.0082177793501364,-0.0028968312178396,0.0053209481322968,0,0,0,0,TimeStop,2046.1547600000001,1.640369972695658,0.10697574019278971,False,False,True,False,NORMAL,HIGH,NORMAL / HIGH
1787177220,1.1434871802465958,0.1112235237792851,1,-0.0021527881725877,-0.0027129193654554,-0.0008112393896701,0.0017531472443432,-0.0041537300804423,0.0008763575221744,-0.0062281459873615,33,26,0.0071045035095359,0.0052928651992708,-0.0016875969118445,0.0054169065976913,0,0,0,0,TimeStop,1852.7475799999997,1.4822742944024123,0.11114262526792777,False,False,True,False,NORMAL,LOW,NORMAL / LOW
1787177280,1.2330699686417486,0.1154062926754005,1,-0.0020937872071013,-0.0025061212815223,-0.0006048910627201,0.0016087221834723,-0.005375753287403,0.000563844883464,-0.00653844032296,32,25,0.0071022852064241,0.0052912125603036,-0.0011687359461841,0.0059335492602399,0,0,0,0,TimeStop,1820.3882099999998,1.4498619762919112,0.11311830568272029,False,False,True,False,NORMAL,HIGH,NORMAL / HIGH
1787177340,1.2686241053124476,0.1202255232655876,1,-0.0022522078018241,-0.0004285735071272,-0.0010706414470486,0.0033352382645409,-0.005410398388967,0.0008183953257107,-0.0062856967517585,31,24,0.0071040920774693,0.0052925586817972,-0.0018890367727594,0.0052150553047099,0,0,0,0,TimeStop,1784.31594,1.4208202437532593,0.11540513951806092,False,False,True,False,NORMAL,HIGH,NORMAL / HIGH
1787177400,1.3457377433138291,0.1165843620286456,1,-0.0027302722447587,0.0011114471855082,-0.0011528040300876,0.0038309118924849,-0.0060411254191702,0.0011114471855082,-0.0059947250569592,30,23,0.0071061722424675,0.0052941084076735,-0.0022642512155958,0.0048419210268716,0,0,0,0,TimeStop,1738.3635399999998,1.384444804048729,0.11845579204911305,False,False,True,False,NORMAL,HIGH,NORMAL / HIGH
1787177460,1.4304702701787255,0.1188083056955042,1,-0.003108952668508,-8.673600456198999e-05,2.1179722044260497e-05,0.0031831537355339,-0.0071270485077587,0.0009672073066871,-0.0061379410803184,29,22,0.0071051483870056,0.0052933456339011,-0.0009460275846429,0.0061591208023627,0,0,0,0,TimeStop,1690.5620599999997,1.3463720732989892,0.12180518826975215,True,False,True,False,NORMAL,HIGH,NORMAL / HIGH
1787177520,1.5742752187582278,0.114398737669433,1,-0.0033770224751635,-0.0001176959031741,-0.0008956125214611,0.0022735333462602,-0.0064755796127069,0.0008205579736598,-0.0062835494548964,28,21,0.0071041074285562,0.0052925701183787,-0.0017161704951209,0.0053879369334353,0,0,0,0,TimeStop,1648.28026,1.309159271861165,0.12492974344059668,False,False,True,False,HIGH,HIGH,HIGH / HIGH
1787177580,1.6857386467538118,0.1115707915630249,1,-0.0032566216099375,-0.0009307721128627,-0.0002304233795429,0.0019200507248466,-0.0055046545810877,0.0011404444188258,-0.0059659336542064,27,20,0.0071063780730322,0.0052942617517364,-0.0013708677983688,0.0057355102746634,0,0,0,0,TimeStop,1625.83257,1.2891161170202674,0.12665463455440557,True,False,True,False,HIGH,LOW,HIGH / LOW
1787177640,1.760804840651876,0.0997394905051229,1,-0.0023135632900389,0.0005855332313193,0.0007578167892778,0.0038723399036279,-0.004584993582654,0.0024354892586106,-0.0046800814090314,26,19,0.007115570667642,0.0053011102477694,-0.0016776724693327,0.0054378981983092,0,0,0,0,TimeStop,1623.3810199999998,1.2821185838068587,0.12684590214070632,True,False,True,False,HIGH,LOW,HIGH / LOW
1787177700,1.8037675870485597,0.1035936648405305,1,-0.002516093744639,-0.0014915204195287,0.0004112998025241,0.0037848808326217,-0.0040001176377984,0.0015523576142938,-0.0055569443351201,25,18,0.007109301949414,0.0052964400437912,-0.0011410578117696,0.0059682441376443,0,0,0,0,TimeStop,1629.8179300000002,1.2816474337262358,0.12634492860193283,True,False,True,False,HIGH,LOW,HIGH / LOW
1787177760,1.6000191881217665,0.0965826925935013,1,-0.0027745039842212,-0.0014225858873249,0.00054068070677,0.0045341319658971,-0.0043519821305676,0.0019414893770446,-0.0051705747396974,24,17,0.007112064116742,0.0052984978623714,-0.0014008086702745,0.0057112554464674,0,0,0,0,TimeStop,1614.09381,1.2711588373674123,0.127575751002973,True,False,True,False,HIGH,LOW,HIGH / LOW
1787177820,1.0064454016716446,0.1006153612415647,1,-0.0038344336494939,-0.0030814137861447,0.0011514400207571,0.005055784587886,-0.0042378989246691,0.0014290656441894,-0.0056793611439444,23,16,0.0071084267881338,0.0052957880473952,-0.0002776256234323,0.0068308011647015,0,0,0,0,TimeStop,1613.2994800000001,1.2673118752270927,0.12763856466376594,True,False,True,False,NORMAL,LOW,NORMAL / LOW
1787177880,0.9671870355390604,0.0953762065208229,1,-0.0051572661168352,-0.0033161784979656,0.0013718388437616,0.0049279773791517,-0.0038918518569792,0.0018495958173118,-0.0052618160129486,22,15,0.0071114118302605,0.0052980119080168,-0.0004777569735502,0.0066336548567103,0,0,0,0,TimeStop,1597.34885,1.2549899779174913,0.1289131237675477,True,False,True,False,NORMAL,LOW,NORMAL / LOW
1787177940,0.8931297070113845,0.0877636088253435,1,-0.0033486331226003,-0.0014433763459484,0.0017610634796916,0.0069230103057071,-0.0023671372073554,0.0027588695476458,-0.0043589965647642,21,14,0.0071178661124101,0.0053028203573799,-0.0009978060679542,0.0061200600444559,0,0,0,0,TimeStop,1596.8995100000002,1.253548626889405,0.12894939769879443,True,False,True,False,NORMAL,LOW,NORMAL / LOW
1787178000,0.8877496082932347,0.0856723711741564,1,-0.0031732045381647,0.0001180821268408,0.0010132254869153,0.0070082752762875,-0.0017872552719052,0.0028772774476705,-0.0042414291575086,20,13,0.0071187066051792,0.005303446525686,-0.0018640519607552,0.005254654644424,0,0,0,0,TimeStop,1593.4750800000004,1.2506807663513002,0.1292265141667606,True,False,True,False,NORMAL,LOW,NORMAL / LOW
1787178060,0.9142858300793902,0.0887970021727182,1,-0.0024507235998824,-0.0011517621629174,0.0007817435956048,0.0071476792591315,-0.0021850433415274,0.0025878209629659,-0.0045288309982045,19,12,0.0071166519611705,0.005301915812983,-0.0018060773673611,0.0053105745938094,0,0,0,0,TimeStop,1587.0593800000001,1.2413567478585226,0.12974891336453964,True,False,True,False,NORMAL,LOW,NORMAL / LOW
1787178120,0.9076801982975774,0.0870153293514042,1,-0.0005613396382016,-0.0015719819909308,0.000940186142996,0.006340048233628,-0.0030013190326478,0.0030356808726405,-0.0040841501248577,18,11,0.0071198309974982,0.0053042841995596,-0.0020954947296444,0.0050243362678537,0,0,0,0,TimeStop,1587.7326600000001,1.2385174522480542,0.12969389317720528,False,False,True,False,NORMAL,LOW,NORMAL / LOW
1787178180,0.910775736689916,0.0891393470622841,1,-0.0004131992256736,-0.0023758594666568,0.000164384882306,0.0061053324637339,-0.0035451714213923,0.0026632082819961,-0.0044539787996901,17,10,0.0071171870816862,0.0053023144785268,-0.00249882339969,0.0046183636819962,0,0,0,0,TimeStop,1576.3538500000002,1.2269021814979284,0.1306300802957407,False,False,True,False,NORMAL,LOW,NORMAL / LOW
1787178240,0.9089081222741612,0.0883515956358308,1,0.0018277507692391,-0.0015591974529595,0.0006355761818618,0.0061453950542007,-0.0032917994934738,0.0030775343744634,-0.00404259371103,16,9,0.0071201280854935,0.0053045055305378,-0.0024419581926015,0.0046781698928919,0,0,0,0,TimeStop,1567.2347,1.2184134573103513,0.13139016766282677,False,False,True,False,NORMAL,LOW,NORMAL / LOW
1787178300,0.8664541216783378,0.0807273424827058,1,0.0038522370862638,0.0001310569781411,0.0010905038743448,0.0068412609559733,-0.0029842555342312,0.0038522370862638,-0.0032733900582227,15,8,0.0071256271444866,0.0053086023372935,-0.002761733211919,0.0043638939325675,0,0,0,0,TimeStop,1574.0347199999999,1.2210851707843595,0.13082254627775938,False,False,True,False,NORMAL,LOW,NORMAL / LOW
1787178360,0.8157615123591683,0.0791134669565935,1,0.0030316418951058,0.0007806015386855,0.0018175976579353,0.0072836873067195,-0.0035875007208387,0.004088872084975,-0.0030384347616707,14,7,0.0071273068466458,0.0053098537177864,-0.0022712744270396,0.0048560324196061,0,0,0,0,TimeStop,1579.06073,1.2227611998953376,0.13040614973687556,False,False,True,False,NORMAL,LOW,NORMAL / LOW
1787178420,0.7985414906830082,0.0792719448472862,1,0.0032703706873025,0.001179357102219,0.0030370721993774,0.0076651707039544,-0.002858556937551,0.0042118038049336,-0.0029163756458348,13,6,0.0071281794507685,0.0053105038090964,-0.0011747316055562,0.0059534478452123,0,0,0,0,TimeStop,1583.2169199999998,1.2240172021285571,0.13006381336551154,False,False,True,False,NORMAL,LOW,NORMAL / LOW
1787178480,0.7622282719363853,0.079656350331827,1,0.0023334486563948,0.0012646019453212,0.0035273531795986,0.0069683947825014,-0.0021397174792219,0.0044114323948311,-0.0027181640761385,12,5,0.0071295964709697,0.0053115594911578,-0.0008840792152325,0.0062455172557372,0,0,0,0,TimeStop,1564.2270700000001,1.2091161264015584,0.13164279914935878,False,False,True,False,NORMAL,LOW,NORMAL / LOW
1787178540,0.7497355208334054,0.076426761527588,1,0.0029058193182605,0.0016616045265526,0.0032548011027998,0.0070280852961812,-0.0025734694878122,0.0047600652608954,-0.0023720059047775,11,4,0.0071320711656729,0.0053134031422244,-0.0015052641580955,0.0056268070075773,0,0,0,0,TimeStop,1566.98016,1.2102533381745881,0.13141151066009668,False,False,True,True,NORMAL,LOW,NORMAL / LOW
1787178600,0.7279651674823785,0.081009588878413,1,0.0010271577503006,0.0004584415905379,0.0025000386611368,0.0053346587479023,-0.0027802777040284,0.0040787137851739,-0.0030485209549863,10,3,0.0071272347401602,0.0053097999983523,-0.0015786751240371,0.0055485596161231,0,0,0,0,TimeStop,1569.9286700000002,1.208368368868941,0.1311647044448204,False,False,True,False,NORMAL,LOW,NORMAL / LOW
1787178660,0.6797299293958964,0.0783531034137901,1,0.0013556794348897,0.0023985431435508,0.0021917347808569,0.0063597187059176,-0.0007829793535835,0.0047291143077545,-0.0024027371592976,9,2,0.0071318514670522,0.0053132394664402,-0.0025373795268976,0.0045944719401546,0,0,0,0,TimeStop,1564.76068,1.2037645134732171,0.13159790671631652,False,False,True,True,NORMAL,LOW,NORMAL / LOW
1787178720,0.689859172283363,0.0742129033541441,1,0.0007559183822303,0.0023443020119669,0.0032415933381941,0.0065697179153957,-0.0004669503482882,0.0052837595189788,-0.0018520289766784,8,1,0.0071357884956572,0.0053161725583394,-0.0020421661807846,0.0050936223148726,0,0,0,0,TimeStop,1582.44444,1.2101749345388044,0.13012730481709678,True,False,True,True,NORMAL,LOW,NORMAL / LOW
1787178780,0.724121698171126,0.0620146095745307,1,0.0018506318196478,0.0034899202388846,0.0047655182660563,0.0086078224599473,0.0017793142935832,0.0070431855161642,-1.449543211935729e-07,7,1,0.0070433304704854,0.0053254768091205,-0.0022776672501078,0.0047656632203775,0,0,0,0,TimeStop,1594.2758000000001,1.2116895639480472,0.12916161055696887,True,False,True,False,NORMAL,LOW,NORMAL / LOW
1787178840,0.7375566481336484,0.0662633928270527,1,0.0019116582186821,0.004402751629254,0.0029090514120202,0.0083272990586531,0.0005818971759593,0.0061280231716147,-0.0004055032585083,6,2,0.006533526430123,0.0053206372194062,-0.0032189717595945,0.0033145546705285,0,0,0,0,TimeStop,1619.45845,1.2209071798125573,0.1271531418419534,False,False,True,False,NORMAL,LOW,NORMAL / LOW
1787178900,0.6478067247788845,0.0665864268608417,1,0.0033017638369971,0.0036782807657775,0.0029542097488921,0.0071299273032699,0.000545370289918,0.0060697425203463,-0.0004634054508066,5,1,0.006533147971153,0.00532032901787,-0.0031155327714542,0.0034176151996987,0,0,0,0,TimeStop,1609.2615100000003,1.2133010561245534,0.12795883622420073,False,False,True,False,NORMAL,LOW,NORMAL / LOW
1787178960,0.6224020084274962,0.0733683205612266,1,0.0013021526532028,0.0032693420519646,0.002603871303744,0.0056709681152711,-0.000463080840229,0.0050509229789942,-0.0002640182859788,4,13,0.0050363115560442,0.005314941264973,-0.0024470516752501,0.0028678895897228,0,0,0,0,TimeStop,1598.54655,1.205104186430951,0.1288165364968571,False,False,True,True,NORMAL,LOW,NORMAL / LOW
1787179020,0.6234097991940761,0.0844798464881709,1,-0.0010112099849763,0.0019068531145267,0.0003191089795446,0.0045359990754651,-0.0018200335143881,0.0035990407950999,-0.0017082225817635,3,12,0.0050290361724258,0.0053072633768635,-0.0032799318155553,0.0020273315613081,0,0,0,0,TimeStop,1604.55581,1.2053022711638302,0.12833410263242884,False,False,True,True,NORMAL,LOW,NORMAL / LOW
1787179080,0.5853136564198506,0.0844385874717311,1,-0.0019634715459055,0.0019060069032651,0.0003909905835953,0.005313458074923,-0.002686255468165,0.003077679202333,-0.002226827094088,2,11,0.005026423628768,0.0053045062964211,-0.0026866886187377,0.0026178176776833,0,0,0,0,TimeStop,1593.546,1.1965391298082668,0.1292207630027624,False,False,True,True,NORMAL,LOW,NORMAL / LOW
1787179140,0.5916491025553846,0.0930059842977519,1,-0.0033807690190235,-0.0006423432312128,-0.0013629436700873,0.0044273690964448,-0.0045059145442823,0.0012475034797794,-0.0040473244249824,1,10,0.0050172526157076,0.0052948279047619,-0.0026104471498667,0.0026843807548951,0,0,0,0,TimeStop,1588.14262,1.1895698467094704,0.12966041425171249,False,False,True,False,NORMAL,LOW,NORMAL / LOW
1787179200,0.59381515875012,0.0961292816362617,1,-0.0037069002495064,-0.0022617374139128,-0.0023493971914901,0.0015669365167602,-0.0056588776612083,0.0,-0.0052882308184141,1,9,0.0050110013740562,0.0052882308184141,-0.0023493971914901,0.0029388336269239,0,0,0,0,TimeStop,1589.4963500000001,1.1874635956733128,0.12954998606948673,False,False,True,False,NORMAL,LOW,NORMAL / LOW
1787179260,0.5915162524101195,0.0886665424079643,1,-0.0022442366346162,0.0001079250875971,-0.0011201730720711,0.001239481446611,-0.0046109516730477,0.0007782421870665,-0.0042397700633675,1,8,0.0050162831435567,0.005018012250434,-0.0018984152591376,0.0031195969912963,0,0,0,0,TimeStop,1583.54613,1.182332985664018,0.13003677385767096,False,False,True,False,NORMAL,LOW,NORMAL / LOW
1787179320,0.5659535718168968,0.0885047318466705,1,-0.0020841974867164,-0.0007780081866631,-0.0003748846854994,0.0025644014285959,-0.0043510828217089,0.0006608747318934,-0.004354828787052,35,7,0.0050157035189455,0.0030881161986925,-0.0010357594173928,0.0039799441015526,0,0,0,0,TimeStop,1578.46742,1.1773556574966124,0.13045516644239638,True,False,True,False,NORMAL,LOW,NORMAL / LOW
1787179380,0.5715815422284725,0.0761640411900512,1,-0.0010663584184548,0.0007010012056931,0.0005276260103757,0.0032041236179566,-0.0029713219829795,0.0017953419768032,-0.003226047935501,34,6,0.0050213899123042,0.0030916172516109,-0.0012677159664275,0.0037536739458767,0,0,0,0,TimeStop,1603.7594700000002,1.191032495071666,0.12839782638976402,False,False,True,False,NORMAL,LOW,NORMAL / LOW
1787179440,0.5435213674526858,0.0764673526813158,1,-0.0012406098037736,0.0001721827392428,-0.0003886369198151,0.0032742119719495,-0.0022291463846021,0.0015711314439283,-0.0034491346375285,33,5,0.0050202660814569,0.0030909253207121,-0.0019597683637435,0.0030604977177134,0,0,0,0,TimeStop,1598.1172000000001,1.1898736063087147,0.12885114433409514,False,False,True,False,NORMAL,LOW,NORMAL / LOW
1787179500,0.540652894287119,0.0684739644681867,1,-0.0005681325979614,0.0019056625566689,-0.0002538188328376,0.0053710548352631,0.0005776616326411,0.0027703502642142,-0.0022559267708122,32,4,0.0050262770350264,0.0030946262019579,-0.0030241690970518,0.0020021079379746,0,0,0,0,TimeStop,1615.40887,1.1967684148279112,0.12747189508746476,False,False,True,True,NORMAL,LOW,NORMAL / LOW
1787179560,0.5761558411340185,0.066468698119507,1,0.0010414518338275,0.001966063488267,8.853279352867314e-05,0.005907578118275,-5.5892644528123024e-05,0.0030907043744154,-0.0019371784006558,31,3,0.0050278827750713,0.0030956148393095,-0.0030021715808867,0.0020257111941845,0,0,0,0,TimeStop,1565.58469,1.1581777709963579,0.13152864314226273,False,False,True,True,NORMAL,LOW,NORMAL / LOW
1787179620,0.7128035582182206,0.062848219296815,1,0.0015871838482897,0.0042459372966227,0.001847304440717,0.0075661980881208,0.0011296954911804,0.0042459372966227,-0.0007877359575003,30,2,0.0050336732541231,0.0030991799767006,-0.0023986328559057,0.0026350403982173,0,0,0,0,TimeStop,1386.0708299999997,1.0216760909565596,0.04632742325296609,False,False,True,True,NORMAL,LOW,NORMAL / LOW
1787179680,0.7375780162490618,0.0580394928552345,1,0.0016362603038532,0.0047036153698795,0.0021859245442228,0.0074963553455607,0.002012300672561,0.0049042956282088,-0.0001326775752615,29,1,0.0050369732034704,0.0031012117210004,-0.0027183710839859,0.0023186021194844,0,0,0,0,TimeStop,1364.6110999999999,1.0044841948814953,0.04705596341697646,False,False,True,True,NORMAL,LOW,NORMAL / LOW
1787179740,0.775621600344423,0.0611034688117532,1,0.0024863403775547,0.0032090717238587,-1.9224653811710363e-05,0.0069385100170565,0.0010671851059524,0.0039299239686624,-0.0009579081263913,28,5,0.0048878320950537,0.0039491486224741,-0.0039491486224741,0.0009386834725796,0,0,0,0,TimeStop,1337.7106099999999,0.9822563050944804,0.04800222822483258,False,False,True,True,NORMAL,LOW,NORMAL / LOW
1787179800,0.7855419313642349,0.0706242046917917,1,0.0003752778499465,0.0008950376721225,-0.0010336018013336,0.0052007736497215,-0.0013567737651915,0.0024808752634162,-0.0023999018504085,27,4,0.0048807771138247,0.0039538408244566,-0.0035144770647499,0.0013663000490748,0,0,0,0,TimeStop,1338.0163799999998,0.9825581431852335,0.047991258522560094,False,False,True,True,NORMAL,LOW,NORMAL / LOW
1787179860,0.7594070363405441,0.0679212826343949,1,0.0019646311490984,0.0019357352651581,0.0002886698805633,0.0042257340674237,0.0002191752796868,0.0034656278403752,-0.0014199437368243,26,3,0.0048855715771995,0.0039577247438778,-0.0031769579598118,0.0017086136173877,0,0,0,0,TimeStop,1333.628,0.9792433532770125,0.04814917653198643,False,False,True,True,NORMAL,LOW,NORMAL / LOW
1787179920,0.7625723649919274,0.0625893874680016,1,0.0029210168609191,0.002516123434653,0.0003129247765855,0.0055528241316482,0.000896405124794,0.004336408595309,-0.0005534025508286,25,2,0.0048898111461377,0.0042227492263644,-0.0040234838187235,0.0008663273274142,0,0,0,0,TimeStop,1331.5320499999998,0.9748847865291107,0.04822496762282215,False,False,True,True,NORMAL,LOW,NORMAL / LOW
1787179980,0.7562155167829082,0.059381627463784,1,0.003877091007044,0.0025462939856335,0.0016327182502051,0.0048320416688908,0.0012173776426967,0.0047724386280363,-0.000119495416859,24,1,0.0048919340448953,0.0042514906908586,-0.0031397203778311,0.0017522136670642,0,0,0,0,TimeStop,1319.5725,0.9654431178486599,0.04866204016831208,False,False,True,True,NORMAL,LOW,NORMAL / LOW
1787180040,0.758038123236596,0.0599960112367898,1,0.0027477151781581,0.0021982010643219,0.0007231894956038,0.0053453262378528,0.0007703320222119,0.0043654558074965,-0.000144464368348,23,1,0.0045099201758446,0.0042497686256363,-0.0036422663118927,0.0008676538639518,0,0,0,0,TimeStop,1311.8895900000002,0.9587355753762036,0.04894702304940157,False,False,True,True,NORMAL,LOW,NORMAL / LOW
1787180100,0.7795803211144577,0.0684757072379854,1,0.0014505398420962,0.0009593211704699,0.0004679580227639,0.003866468850018,-0.0005682244222076,0.0034424315555407,-0.0008034314802686,22,58,0.0013002847190106,0.0042458630358094,-0.0029744735327768,0.0012713895030326,0,0,0,0,TimeStop,1300.3496800000003,0.9483652188139139,0.04938140177802019,False,False,False,True,NORMAL,LOW,NORMAL / LOW
1787180160,0.8043616607258252,0.0747635225715331,1,0.0023574524032611,0.0010361872698725,0.0005249534112872,0.0031738379972108,-0.0010721469395866,0.0030275442405028,-0.0012165632838197,21,57,0.0017618793996439,0.0042441075243226,-0.0025025908292156,0.001741516695107,0,0,0,0,TimeStop,1280.0496900000003,0.9324649095387533,0.05016452915980159,False,False,False,True,NORMAL,LOW,NORMAL / LOW
1787180220,0.8071186122932003,0.0741430240927743,1,0.0013089173422883,0.0018555267684856,0.0006525817766538,0.003182202420183,-0.0011395637086569,0.0027508054403952,-0.0014921311198491,20,56,0.002144712896503,0.0042429365602444,-0.0020982236637413,0.002144712896503,0,0,0,0,TimeStop,1270.29359,0.9271641634272704,0.05054980242795683,False,False,False,True,NORMAL,LOW,NORMAL / LOW
1787180280,0.8451901348757843,0.0710787711826102,1,0.0017692462748074,0.002259893368727,0.0007870857295337,0.0028955109400728,-0.0007349598905385,0.0028647552511369,-0.0013786634646095,19,55,0.0021946277753039,0.0042434187157464,-0.0020776695216031,0.0021657491941432,0,0,0,0,TimeStop,1248.42889,0.9102386044982715,0.05143512018533951,False,False,False,True,NORMAL,LOW,NORMAL / LOW
1787180340,0.8477889156712923,0.0701603309104732,1,0.0014145474444439,0.0015905537050112,0.0010957436517183,0.0023260548463808,-0.0009133844170206,0.0028152338544217,-0.0014279753215831,18,54,0.0025237189733015,0.0042432091760048,-0.0017194902027033,0.0025237189733015,0,0,0,0,TimeStop,1240.6564400000002,0.9034548879704187,0.05175735032657388,False,False,False,True,NORMAL,LOW,NORMAL / LOW
1787180400,0.8910370636052288,0.0657768344351065,1,0.0024752013972306,0.0020406615464737,0.0024054265475246,0.0038036683079888,-0.0004723887340342,0.0033403806413075,-0.0009050505867659,17,53,0.0034312468534504,0.0042454312280735,-0.0009349540937829,0.0033104771342906,0,0,0,0,TimeStop,1250.7069900000001,0.9047262126482049,0.0513414336958331,False,False,False,True,NORMAL,LOW,NORMAL / LOW
1787180460,0.9290374743274604,0.0738063698079489,1,0.000923649717747,-0.000206313510837,0.0016481996837775,0.0023661129914175,-0.0021061291127265,0.0020471205631233,-0.0021928384973509,16,52,0.0042288498714291,0.0042399590604743,-0.0003989208793458,0.0038410381811284,0,0,0,0,TimeStop,1221.47764,0.8823370422048784,0.052570008567655806,False,False,False,True,NORMAL,LOW,NORMAL / LOW
1787180520,0.9097599993808132,0.0702839411435178,1,0.002654540204995,0.0008951927241229,0.0032621625523314,0.0034647033347769,-0.0006971271834848,0.00326923632164,-0.0015879890284394,60,51,0.0048572253500794,0.0,-7.073769308578448e-06,0.0048501515807709,0,0,0,0,TimeStop,1233.72167,0.8863768374524326,0.05204827925248326,False,False,False,True,NORMAL,LOW,NORMAL / LOW
1787180580,0.8773187590986106,0.0661178867213152,1,0.0030623442736545,0.0012711617739698,0.0039192228694715,0.0034668048380994,0.0001733402419049,0.004120730900686,-0.0009824058209963,60,50,0.0051031367216824,0.0,-0.0002015080312144,0.0049016286904679,0,0,0,0,TimeStop,1257.02848,0.8990924341371018,0.05108324196441436,False,False,False,True,NORMAL,LOW,NORMAL / LOW
1787180640,0.8131929814393809,0.0784854773862555,1,0.000720938846939,-0.0014871526534658,0.0028263686555399,0.0010188307784943,-0.0009517834657288,0.0029737285558543,-0.0027973869138928,60,49,0.0057711154697471,0.0,-0.0001473599003143,0.0056237555694328,0,0,0,0,TimeStop,1246.43676,0.890338304773825,0.05151732687986512,False,True,False,False,NORMAL,LOW,NORMAL / LOW
1787180700,0.8953641657846934,0.0741606821169349,1,0.0005195648409995,-0.000721417440988,0.0042125007214175,0.0012409822819875,-0.0005733825820973,0.0042126450049056,-0.0021353956253246,60,48,0.0063480406302302,0.0,-1.442834881215313e-07,0.0063478963467421,0,0,0,0,TimeStop,1199.1084700000001,0.8558401803588184,0.04020516175655067,False,True,False,True,NORMAL,LOW,NORMAL / LOW
1787180760,0.9197788296375016,0.0736186571531548,1,-2.8839225499527823e-05,-0.0006633021864891,0.002736842499905,7.426100566120023e-05,-0.0006579669297717,0.0036046147951859,-0.0027395822263277,59,47,0.0063441970215136,0.0008677722952809,-0.0008677722952809,0.0054764247262327,0,0,0,0,TimeStop,1177.3050200000002,0.8399553820286182,0.04094975319140318,False,True,False,False,NORMAL,LOW,NORMAL / LOW
1787180820,0.8950605858325085,0.0755135881304618,1,-0.0004037141703673,-0.0015847223023242,0.0025664686544783,-2.782744102879369e-05,-0.0002549166618604,0.0035176480765903,-0.0028259991925716,58,46,0.006343647269162,0.0014023300074974,-0.000951179422112,0.00539246784705,0,0,0,0,TimeStop,1167.67878,0.8317994124676789,0.04128733931432752,False,True,False,False,NORMAL,LOW,NORMAL / LOW
1787180880,0.9288797346736258,0.0763213842684003,1,-0.0013256573273083,-0.0015121341814812,0.0022149530514976,-0.0007204001499309,-0.0012291043966314,0.002997175898832,-0.0033431812518996,57,45,0.0063403571507316,0.0014016026921838,-0.0007822228473343,0.0055581343033972,0,0,0,0,TimeStop,1134.8624100000002,0.8100046561286441,0.04248122906811231,False,True,False,False,NORMAL,LOW,NORMAL / LOW
1787180940,0.9030301009915088,0.076635846341091,1,-0.0005480083429943,-0.0007210636092031,0.0044106018847739,-0.0001733436916522,0.0001729110534869,0.004670040571365,-0.0026248157502211,60,44,0.0072948563215862,0.0,-0.0002594386865911,0.007035417634995,0,0,0,0,TimeStop,1123.44558,0.8029333594887162,0.04291293753632463,False,True,False,False,NORMAL,LOW,NORMAL / LOW
1787181000,0.8775781903488731,0.0734937168870475,1,-0.0004905071714312,-8.785849041219349e-05,0.0049894678011617,-0.000189999395522,0.000966731928165,0.0050468859935821,-0.0022507065827937,59,43,0.0072975925763758,0.0005747589914652,-5.741819242042253e-05,0.0072401743839554,0,0,0,0,TimeStop,1111.91322,0.7960804340756842,0.04335801493573393,False,True,False,True,NORMAL,LOW,NORMAL / LOW
1787181060,0.8902036365362629,0.0770352282209044,1,-0.0013181576394934,-0.0012279656313699,0.0031619070451773,-0.0003671074068673,-0.0007417068016299,0.0037223653704182,-0.003565609931379,58,42,0.0072879753017973,0.0006604475483045,-0.0005604583252409,0.0067275169765564,0,0,0,0,TimeStop,1112.4869300000003,0.79461723035639,0.04333565518832656,False,True,False,False,NORMAL,LOW,NORMAL / LOW
1787181120,0.9264173009700564,0.0727089606110231,1,0.0005458948949022,0.0004034373787472,0.0031719867387625,8.651266163268714e-05,1.4995528016449938e-05,0.0044962072128201,-0.0027973869138928,57,41,0.007293594126713,0.0013242204740576,-0.0013242204740576,0.0059693736526554,0,0,0,0,TimeStop,1098.97526,0.7839191578116256,0.04386845796692457,False,True,False,False,NORMAL,LOW,NORMAL / LOW
1787181180,0.8621203097081597,0.0745876099229994,1,0.0004897805515034,-0.0001732537442337,0.0021509697381059,-0.0002309089003848,-0.0004613853870988,0.0041487208987401,-0.0031423501481232,56,40,0.0072910710468633,0.0023327276178719,-0.0019977511606342,0.0052933198862291,0,0,0,0,TimeStop,1086.1461000000002,0.7760563641654512,0.04438661612834589,False,True,False,False,NORMAL,LOW,NORMAL / LOW
1787181240,0.8975443887461603,0.0994639963437918,1,0.0001757576430424,-0.0005607231122165,0.0031121646637168,0.000362473104683,0.0001832550978728,0.0044547858056455,-0.0028385075624086,55,39,0.0072932933680541,0.0026575593737144,-0.0013426211419286,0.0059506722261255,0,0,0,0,TimeStop,1067.83597,0.772350932905555,0.04514771121635844,False,True,False,False,NORMAL,LOW,NORMAL / LOW
1787181300,0.8403767525991971,0.0966483869788699,1,-0.0004334669327992,-0.0021553739740286,0.0033721940473518,-0.0002802836383959,-0.0004635848147656,0.0039174862261125,-0.0033719058379552,54,38,0.0072893920640677,0.0026561378009823,-0.0005452921787606,0.006744099885307,0,0,0,0,TimeStop,1043.2849200000003,0.7569708134721082,0.04621014746383949,False,True,False,False,NORMAL,LOW,NORMAL / LOW
1787181360,0.8533360815826043,0.0921421948613059,1,-0.0011289205014815,-0.0018738465933685,0.003991293243875,-0.0011965231208885,-0.0004613986881055,0.0041776689088923,-0.0031136123279501,53,37,0.0072912812368424,0.0026568261853051,-0.0001863756650172,0.0071049055718252,0,0,0,0,TimeStop,1060.64869,0.7695135149900288,0.04545364591927229,False,True,False,False,NORMAL,LOW,NORMAL / LOW
1787181420,0.8310646371716027,0.0945874395447017,1,-0.0017546895868166,-0.0023884914708868,0.0038998541190211,-0.0024567381980676,-0.0010928115175136,0.0038998541190211,-0.0042312970852025,60,36,0.0081311512042236,0.0,0.0,0.0081311512042236,0,0,0,0,TimeStop,1056.21274,0.7652359459243506,0.04564454505633023,False,True,False,False,NORMAL,LOW,NORMAL / LOW
1787181480,0.8188562836900433,0.0917532246633222,1,-0.001785714028555,-0.0025059040170068,0.0035512667696909,-0.0010656680492989,-0.0014978396460483,0.0041003738334716,-0.0040324014930296,59,35,0.0081327753265013,0.0006442971422383,-0.0005491070637807,0.0075836682627205,0,0,0,0,TimeStop,1053.58829,0.7630185632291292,0.04575824395314796,False,True,False,False,NORMAL,LOW,NORMAL / LOW
1787181540,0.8244320643242351,0.0863973413068846,1,-0.0022065007482996,-0.0032179696821552,0.0051528722908086,0.0002390351796677,-0.0006142296388924,0.0051528722908086,-0.003515791090457,60,34,0.0086686633812657,0.0,0.0,0.0086686633812657,0,0,0,0,TimeStop,1066.07889,0.7698387746526549,0.045222122351564434,False,True,False,False,NORMAL,LOW,NORMAL / LOW
1787181600,0.8054774981224991,0.0804297844804671,1,-0.0012403378460518,-0.0019269148121084,0.0059889816005737,0.0012401936374893,0.000119693106874,0.0062440865476341,-0.0026535817585397,60,33,0.0088976683061738,0.0,-0.0002551049470603,0.0086425633591134,0,0,0,0,TimeStop,1062.80314,0.7668835963830821,0.04536150504786804,False,True,False,False,NORMAL,LOW,NORMAL / LOW
1787181660,0.8225280486001549,0.0825127844878617,1,-0.0006344812589377,-0.0016438832617931,0.0063609630214227,-0.0001739055450635,-0.0006918729728145,0.0063736526466015,-0.0027108211788114,60,32,0.009084473825413,0.0,-1.2689625178821662e-05,0.0090717842002342,0,0,0,0,TimeStop,1049.1008,0.7564885509806717,0.045953973154915145,False,True,False,False,NORMAL,LOW,NORMAL / LOW
1787181720,0.8018373331009134,0.084649859851476,1,-0.0011814851142396,-0.0021976690514655,0.0053947899838448,0.0005769674590353,-0.000115393491807,0.0067102757904455,-0.0024232633279483,60,31,0.0091335391183938,0.0,-0.0013154858066006,0.0078180533117931,0,0,0,0,TimeStop,1038.0094600000002,0.7488308353896537,0.046445000607219886,False,True,False,False,NORMAL,LOW,NORMAL / LOW
1787181780,0.8080782648721381,0.0790189936760918,1,-0.0001867243867244,-0.0009112554112553,0.0059399711399711,0.001285137085137,0.0002705627705627,0.0071170274170275,-0.002020202020202,59,30,0.0091372294372295,0.0013161616161617,-0.0011770562770563,0.0079601731601731,0,0,0,0,TimeStop,1027.3496,0.7409762503477825,0.046926917575088364,False,True,False,False,NORMAL,LOW,NORMAL / LOW
1787181840,0.8042974337716909,0.0759346238481646,1,-0.0001731501539377,-0.0014717763084704,0.0055063191870138,0.0007214589747404,0.0004060371109839,0.0070587546088604,-0.0020779461390472,58,29,0.0091367007479077,0.0015527240054363,-0.0015524354218466,0.0075842653260611,0,0,0,0,TimeStop,1020.6296400000001,0.7362326584026038,0.047235890582209616,False,True,True,False,NORMAL,LOW,NORMAL / LOW
1787181900,0.7743121505020322,0.0800118988147737,1,0.0004028462800083,-0.0004908922244027,0.0057444926900937,0.0010858518683278,0.0012410148031214,0.0073785388154877,-0.0017610632255039,57,28,0.0091396020409916,0.0020260670843702,-0.0016340461253939,0.0075055559155977,0,0,0,0,TimeStop,1010.72604,0.7292309265549125,0.047698731498003154,False,True,True,False,NORMAL,LOW,NORMAL / LOW
1787181960,0.7569658798170443,0.0858975005013064,1,9.031105232710028e-05,-0.0005107046729046,0.0054561725223862,0.0003735068921326,0.0007292689608846,0.0068847029379512,-0.002250418698485,56,27,0.0091351216364363,0.0020250738682374,-0.001428530415565,0.0077065912208712,0,0,0,0,TimeStop,1002.5774400000001,0.7242690636172862,0.04808641016298949,False,True,True,False,NORMAL,LOW,NORMAL / LOW
1787182020,0.8055270166874384,0.0898306199576678,1,-0.0001423797917535,-0.0012007170292426,0.0046140851947066,-0.0009456439205341,-0.0001712016119466,0.0057836746581409,-0.003341457724082,55,26,0.0091251323822229,0.0020228594502498,-0.0011695894634343,0.0079555429187886,0,0,0,0,TimeStop,1024.3746,0.7365376309275018,0.04706320324615623,False,True,True,False,NORMAL,LOW,NORMAL / LOW
1787182080,0.8134486786670735,0.0949314252622153,1,-0.0006627097134083,-0.0014694867558184,0.0034289464975718,-0.0014118598242176,-0.0007488619761515,0.0054921347162068,-0.0036303526235165,54,25,0.0091224873397233,0.0020631882186349,-0.0020631882186349,0.0070592991210884,0,0,0,0,TimeStop,1037.00864,0.7445131266639787,0.04648982480994565,False,True,True,False,NORMAL,LOW,NORMAL / LOW
1787182140,0.8404588094848179,0.096463606655552,1,-0.0007363513358837,-0.0004940242811421,0.0037610427472998,-0.000563075238442,-0.0001316148726824,0.0061143973984944,-0.0030137355183996,53,24,0.0091281329168941,0.0027144666512707,-0.0023533546511946,0.0067747782656995,0,0,0,0,TimeStop,1047.6422699999998,0.750366092218442,0.04601795038300622,False,True,True,False,NORMAL,LOW,NORMAL / LOW
1787182200,0.7691895391939495,0.0979874247003027,1,-0.0017226537546687,0.0003640221550371,0.0028275510996999,-0.0006042046937665,-0.0003160144807292,0.0061890974715814,-0.0029397131736086,52,23,0.00912881064519,0.0033618347062615,-0.0033615463718814,0.0057672642733086,0,0,0,0,TimeStop,1042.61908,0.7453522945718909,0.04623965830358677,False,True,True,False,NORMAL,LOW,NORMAL / LOW
1787182260,0.7827064417901464,0.0885777863985905,1,-0.0007457680046767,0.0018548958846967,0.0041588687876897,0.0011437610690918,-0.0002262701686016,0.0071505991036642,-0.0019869349180326,51,22,0.0091375340216969,0.00354485120644,-0.0029917303159745,0.0061458037057223,0,0,0,0,TimeStop,1048.7160699999997,0.7472816873866435,0.04597083174285678,False,True,True,False,NORMAL,LOW,NORMAL / LOW
1787182320,0.754717303135007,0.0869891896311912,1,-0.0006349159645016,0.0023648528291622,0.003317371009437,0.0006624645672324,-0.0010611260224533,0.0066520500415322,-0.0024809608144923,50,21,0.0091330108560246,0.0038852183861395,-0.0033346790320951,0.0057983318239294,0,0,0,0,TimeStop,1031.27003,0.7384400577573144,0.04674852230506495,False,True,True,False,NORMAL,LOW,NORMAL / LOW
1787182380,0.7327696288318825,0.0830192783207184,1,-0.0007214783424492,0.0026446992549052,0.0038240804685671,0.0023368338714246,-0.0007376362257433,0.0068844124178528,-0.0022507065827937,49,20,0.0091351190006465,0.0038861151990717,-0.0030603319492856,0.0060747870513608,0,0,0,0,TimeStop,1017.9005299999999,0.7268428386693397,0.04736253551218802,False,False,True,False,NORMAL,LOW,NORMAL / LOW
1787182440,0.7679925026073756,0.0827299035470959,1,-0.0010137056761885,0.0043199457277576,0.0054025314050206,0.0047527200741305,-0.0001569655370393,0.0078315261598881,-0.001312185680844,48,19,0.0091437118407322,0.0038897706267085,-0.0024289947548674,0.0067147170858647,0,0,0,0,TimeStop,988.3260899999998,0.7048056862332913,0.04877980100677096,False,False,True,False,NORMAL,LOW,NORMAL / LOW
1787182500,0.748965924273649,0.0857991397812041,1,-0.0006874296110196,0.0049374801466979,0.0041634179444974,0.0041998036327932,5.385659418400655e-05,0.0077277715209796,-0.0014149989892864,47,18,0.009142770510266,0.0038893701810622,-0.0035643535764821,0.0055784169337839,0,0,0,0,TimeStop,990.7107199999998,0.706083129520139,0.04866238855273516,False,False,True,False,NORMAL,LOW,NORMAL / LOW
1787182560,0.7536500184698406,0.083237113646652,1,-0.0010100428561183,0.0034024015067529,0.0030591312275093,0.0031770176580019,-0.0006097773014224,0.0070590452295748,-0.0020776581550355,46,17,0.0091367033846104,0.0039999140020654,-0.0039999140020654,0.0051367893825449,0,0,0,0,TimeStop,989.1544999999999,0.7060190514428984,0.048738948263390605,False,False,True,False,NORMAL,LOW,NORMAL / LOW
1787182620,0.7595591297080022,0.0802085604698145,1,-0.0010173859635973,0.0041577798833118,0.0042155448776963,0.0040133673973505,0.0006629977230483,0.0079010959319148,-0.0012432470916407,45,16,0.0091443430235556,0.0043346851786144,-0.0036855510542184,0.0054587919693371,0,0,0,0,TimeStop,970.4129599999999,0.6949812341548484,0.04968024128614276,False,False,True,False,NORMAL,LOW,NORMAL / LOW
1787182680,0.7863769525308527,0.0845009327573658,1,-0.0007246663374083,0.003732731624058,0.0049205436051119,0.003968273440957,0.0002769636927876,0.0073051158470284,-0.0018338200524022,44,15,0.0091389358994306,0.004332122044145,-0.0023845722419164,0.0067543636575141,0,0,0,0,TimeStop,976.2716,0.698146442718114,0.04938210842146796,False,False,True,False,NORMAL,LOW,NORMAL / LOW
1787182740,0.8147706684099797,0.0835911933278431,1,-0.0012988510507921,0.0051353684212654,0.0057982154075196,0.0042286260710291,-8.659007005280985e-05,0.0072331571850782,-0.0019051258579451,43,14,0.0091382830430233,0.0043318125711752,-0.0014349417775585,0.0077033412654647,0,0,0,0,TimeStop,967.4540800000001,0.6910772499171669,0.049832184283103126,False,False,True,False,NORMAL,LOW,NORMAL / LOW
1787182800,0.852653400143781,0.0813722341044598,1,-0.0008933786101614,0.0050777724169931,0.0039255563994302,0.0043583948733457,0.0001102295313571,0.0069728835352862,-0.0021630381336466,42,13,0.0091359216689329,0.0043306932110151,-0.0030473271358559,0.0060885945330769,0,0,0,0,TimeStop,962.8371999999999,0.6877563328884834,0.05007113352080705,False,False,True,False,NORMAL,LOW,NORMAL / LOW
1787182860,0.8395040342187317,0.0804766750850848,1,-0.0006009614517705,0.0043952699169458,0.0023623007043192,0.0042084612083422,0.0008539826679023,0.0067937783323537,-0.0023405183761346,41,12,0.0091342967084883,0.0045038930502111,-0.0044314776280344,0.0047028190804538,0,0,0,0,TimeStop,963.77672,0.688016892157877,0.05002232259770707,False,False,True,False,NORMAL,LOW,NORMAL / LOW
1787182920,0.8342193204362301,0.080694660062176,1,-0.0010584879447822,0.0027674328741506,0.0029403884206837,0.0032287917945275,-0.0002925831328851,0.0059268983204431,-0.0031995334812392,40,11,0.0091264318016823,0.0045000150615455,-0.0029865098997593,0.0061399219019229,0,0,0,0,TimeStop,969.38315,0.6912116957162421,0.049733018363275656,True,False,True,False,NORMAL,LOW,NORMAL / LOW
1787182980,0.8887535036983345,0.0793570942829992,1,-0.0008073120559513,0.0023246262325384,0.0026750861625415,0.003686821164089,-2.9409224895487672e-05,0.0061589260097059,-0.0029696109000967,39,10,0.0091285369098027,0.0045010530376629,-0.0034838398471643,0.0056446970626383,0,0,0,0,TimeStop,949.7814199999999,0.6770271042817491,0.05075941578221229,True,False,True,False,NORMAL,LOW,NORMAL / LOW
1787183040,0.8793717702397157,0.0746665418450345,1,0.0002425056240819,0.00367494840444,0.0036642729635225,0.0045589903225686,0.0004042241277083,0.0068557970096648,-0.0022790623731389,38,9,0.0091348593828038,0.0045041704908308,-0.0031915240461422,0.0059433353366615,0,0,0,0,TimeStop,949.2513799999999,0.6777208373118286,0.050787758665149375,False,False,True,False,NORMAL,LOW,NORMAL / LOW
1787183100,0.9329292764928306,0.0690089970565344,1,0.0020902767327678,0.0055395077321754,0.0056263017294389,0.005972900054618,0.0020446412866192,0.0079254039531273,-0.0012191596088175,37,8,0.0091445635619448,0.0045089553786428,-0.0022991022236883,0.0068454613382564,0,0,0,0,TimeStop,920.8442600000001,0.6577312783987772,0.05235450997978745,True,False,True,False,NORMAL,LOW,NORMAL / LOW
1787183160,0.8656692557830841,0.0702003348836963,1,0.0026026048287836,0.0058761508424818,0.0058185301940141,0.0075670785941313,0.0016555466517132,0.007902260361283,-0.0012420932267432,36,7,0.0091443535880263,0.0045088518457597,-0.0020837301672689,0.0070606234207573,0,0,0,0,TimeStop,911.11279,0.651856800389785,0.05291370127731386,False,False,True,False,NORMAL,LOW,NORMAL / LOW
1787183220,0.8568590756336757,0.0724500532425484,1,0.0030016746047907,0.0063034012099355,0.0057083485897049,0.0068700217743362,0.0014143865336546,0.0072915955564593,-0.0018472176779843,35,6,0.0091388132344437,0.0045061200360986,-0.0015832469667544,0.0075555662676893,0,0,0,0,TimeStop,890.14647,0.6367976309875263,0.054160019305586865,False,False,True,False,NORMAL,LOW,NORMAL / LOW
1787183280,0.8560942041969507,0.0710563448534563,1,0.0033686079750527,0.0060723876071954,0.0052988479196142,0.0079174486761182,0.001299483151907,0.007611382207721,-0.0015303323419859,34,5,0.009141714549707,0.0045075506020269,-0.0023125342881068,0.0068291802616001,0,0,0,0,TimeStop,880.4004400000001,0.6295602757504095,0.05475957054269531,False,False,True,False,NORMAL,LOW,NORMAL / LOW
1787183340,0.8084607468988263,0.0644304136491286,1,0.0053390636430667,0.0083978660513117,0.0069578684334801,0.0092415988454577,0.0029217699105834,0.0088542073963725,-0.0002987828825595,33,4,0.009152990278932,0.0045131103818451,-0.0018963389628924,0.0072566513160396,0,0,0,0,TimeStop,871.2155300000001,0.6227335846949925,0.05533688087493114,False,False,True,False,NORMAL,LOW,NORMAL / LOW
1787183400,0.8017469261618718,0.0632348863975155,1,0.0056287791471772,0.0079311791192044,0.0062408259800299,0.009215379367173,0.0036643342134035,0.0084209899698586,-0.0007280698750577,32,3,0.0091490598449164,0.0045111723832216,-0.0021801639898286,0.0069688958550877,0,0,0,0,TimeStop,854.29517,0.6121013807832784,0.05643289543589483,False,False,True,False,NORMAL,LOW,NORMAL / LOW
1787183460,0.7939986486194224,0.0660270193474327,1,0.0044169056268458,0.0080180269835668,0.0039359280029939,0.0078718560059878,0.0031324209394835,0.0080772464507679,-0.0010686947263909,31,2,0.0091459411771588,0.0045096346462193,-0.004141318447774,0.0050046227293848,0,0,0,0,TimeStop,849.40698,0.6092043213783652,0.056757656971455545,False,False,True,False,NORMAL,LOW,NORMAL / LOW
1787183520,0.8237728428846233,0.0593650085363194,1,0.0051804363501371,0.0076091814979954,0.005238260173668,0.0081350891730094,0.0043999592920281,0.0089275646745011,-0.0002260911500059,30,1,0.0091536558245071,0.0045134385457077,-0.003689304500833,0.005464351323674,0,0,0,0,TimeStop,842.4473099999999,0.6040763192293718,0.05722654631065295,False,False,True,False,NORMAL,LOW,NORMAL / LOW
1787183580,0.8401103291199958,0.0657755644871641,1,0.0044606304301827,0.0068574754628495,0.0031941083397063,0.0067891592410688,0.0044941385981596,0.0080356053171107,-0.0005980919120382,29,2,0.0086336972291489,0.0048414969774044,-0.0048414969774044,0.0037922002517445,0,0,0,0,TimeStop,844.8864,0.6050131101949296,0.057061339844031105,False,False,True,False,NORMAL,LOW,NORMAL / LOW
1787183640,0.8502461998724821,0.0625211369116374,1,0.0064425874335154,0.0069883808288227,0.0046187964771544,0.0073914038046004,0.0044819507410262,0.0085431044560701,-9.493943889769146e-05,28,1,0.0086380438949678,0.0048439344464128,-0.0039243079789157,0.0047137359160521,0,0,0,0,TimeStop,841.7948199999998,0.6022719159351442,0.057270903615206384,False,False,True,False,NORMAL,LOW,NORMAL / LOW
1787183700,0.911346541167148,0.0650601970220327,1,0.0059764902957486,0.0062384473197781,0.0033969212107208,0.0062963551293899,0.0036390942698706,0.0078732959796673,0.0,27,1,0.0078732959796673,0.0048407174214418,-0.0044763747689465,0.0033969212107208,0,0,0,0,TimeStop,843.0608799999999,0.6017663797719452,0.05718489748925369,False,False,False,False,NORMAL,LOW,NORMAL / LOW
1787183760,0.9446049963856714,0.0682428230635025,1,0.0049992357166705,0.0059699260644288,0.0026474947745104,0.0060562417265788,0.0032313523888871,0.0073991864099311,-0.0001312055800909,26,1,0.0075303919900221,0.0048384403192872,-0.0047516916354207,0.0027787003546014,0,0,0,0,TimeStop,839.96715,0.5997363616496431,0.05739551838426062,False,False,True,False,NORMAL,LOW,NORMAL / LOW
1787183820,0.8469136231982998,0.0680737370538985,1,0.0038299748010887,0.005821792549404,0.0025279709357646,0.0056480766081528,0.002906567804405,0.0069927880470736,-0.0001522178721096,25,1,0.0071450059191832,0.0050384837079986,-0.0044648171113089,0.0026801888078742,0,0,0,0,TimeStop,844.07591,0.6018930204096742,0.05711613070440548,False,False,True,False,NORMAL,LOW,NORMAL / LOW
1787183880,0.8061147086976079,0.0655911417018561,1,0.0031344687829272,0.0049056420293812,0.0021067670042946,0.005858029989616,0.0028252781453293,0.0069718665375655,0.0,24,1,0.0069718665375655,0.0050383790273235,-0.0048650995332709,0.0021067670042946,0,0,0,0,TimeStop,840.1418,0.5990983554839214,0.05738358691354245,False,False,False,False,NORMAL,LOW,NORMAL / LOW
1787183940,0.7366119398701638,0.0720360555659452,1,0.003431610595489,0.0042571701738768,0.0012289645645426,0.0055834884622857,0.002267548513524,0.0066116880140548,-0.0002997052417696,23,1,0.0069113932558245,0.0059307888579457,-0.0053827234495122,0.0015286698063123,0,0,0,0,TimeStop,830.81844,0.59415929736959,0.058027539687251044,False,False,True,False,NORMAL,LOW,NORMAL / LOW
1787184000,0.8817587053099246,0.078680709227345,1,0.0034420361912436,0.0024626324918761,0.0013948864635339,0.0047857619259262,0.0014957667739455,0.0058229556316866,-0.0001031861460781,22,59,0.0015462069291513,0.0059261417777648,-0.0044280691681526,0.0014980726096121,0,0,0,0,TimeStop,852.9991699999999,0.6049881949347197,0.08252186224284369,False,False,False,False,NORMAL,LOW,NORMAL / LOW
1787184060,0.9440868392757872,0.0805135771750635,1,0.0032650483830103,0.0022997071855983,0.0007167319902003,0.0049983990200822,0.0010483069583354,0.0052858984277269,-0.0006370790982024,21,58,0.0015453813349794,0.0059229775259294,-0.0045691664375265,0.0013538110884028,0,0,0,0,TimeStop,895.1434899999999,0.630280399875987,0.07863664405356957,False,False,False,True,NORMAL,LOW,NORMAL / LOW
1787184120,1.1222071042892312,0.0848328772377114,1,0.0032918455559366,0.0009502709293789,0.0002018822098604,0.0045488968640916,0.0001356913213815,0.0042770825416208,-0.0016399512086816,20,57,0.0019281693600362,0.0059170337503024,-0.0040752003317603,0.0018418334185421,0,0,0,0,TimeStop,941.32005,0.653769096239854,0.08584787926274383,False,False,False,True,NORMAL,LOW,NORMAL / LOW
1787184180,1.2527153910389366,0.0818379893443702,1,0.0026947022366978,0.0011762703323902,-0.0004506518264277,0.004629972691823,-0.0001916565238831,0.0042285299728789,-0.0016882177137535,19,56,0.0019280761411656,0.0059167476866324,-0.0046791817993067,0.0012375658873257,0,0,0,0,TimeStop,969.70202,0.6678326705582514,0.08333521879226362,False,False,False,True,NORMAL,LOW,NORMAL / LOW
1787184240,1.429664064269713,0.0820983680344227,1,0.0030425579974588,0.0010779290821298,-0.0018024435072134,0.0034166771746899,-0.0007656359026732,0.0034964758462362,-0.0024159586990832,18,55,0.0019266706283232,0.0059124345453194,-0.0052989193534497,0.0006135151918697,0,0,0,0,TimeStop,1043.09305,0.7091466889506503,0.08630057500622788,False,False,False,True,NORMAL,LOW,NORMAL / LOW
1787184300,1.5676104821624153,0.0882158882118491,1,0.0022895128100647,-0.0007702590633672,-0.0029590534247435,0.0017248573131362,-0.0015739951574685,0.0027765820555069,-0.0031316109951788,17,54,0.0019252884628094,0.0059081930506857,-0.0057356354802504,0.0001725575704353,0,0,0,0,TimeStop,1089.3231,0.7335214114041176,0.0826380437539606,False,False,False,False,HIGH,LOW,HIGH / LOW
1787184360,1.589118997980286,0.0809165593455313,1,0.0035852854890704,-0.0003421062962656,-0.0026553143171699,0.002073776754287,8.915758877056778e-05,0.003644244539709,-0.0027106783037452,16,60,0.0,0.0063549228434542,-0.006299558856879,5.536398657525173e-05,0,0,0,0,TimeStop,1100.63402,0.7396076162177375,0.08178879478938876,False,False,False,False,HIGH,LOW,HIGH / LOW
1787184420,1.6234051678832904,0.075619619675802,1,0.0024162280323294,5.752581470935082e-05,-0.0025876549601632,0.0016957172030949,0.0001452526821411,0.0037278166077027,-0.0026424482986741,15,60,0.0,0.0063702649063769,-0.006315471567866,5.4793338510832675e-05,0,0,0,0,TimeStop,1098.95442,0.7404503986791732,0.08191379766232706,False,False,False,False,HIGH,LOW,HIGH / LOW
1787184480,1.575329814287344,0.0741727565294226,1,0.0023862010715545,0.0011833946862846,-0.0029288659009638,0.002213796426493,-0.0003945607556701,0.0035590990613509,-0.0032716621260066,14,60,0.0,0.0068307611873575,-0.0064879649623147,0.0003427962250427,0,0,0,0,TimeStop,1106.7796899999998,0.7452723790323269,0.08133464212737769,False,False,False,False,HIGH,LOW,HIGH / LOW
1787184540,1.6025307872605434,0.0800931227865671,1,0.0005422995828297,0.0006594604140686,-0.004563816399214,0.0001665521620551,-0.0018445651947619,0.0020870708858923,-0.0047336708886204,13,59,0.0006005928395492,0.0068207417745128,-0.0066508872851064,0.0001698544894063,0,0,0,0,TimeStop,1130.4201,0.7595617202536086,0.07963369547303698,False,False,False,False,HIGH,LOW,HIGH / LOW
1787184600,1.5688735040904245,0.0816906235122468,1,0.0002604007415248,-0.0011463948852356,-0.0051537527134647,-0.0010276785604058,-0.0019723848889477,0.0018855367915815,-0.0051538962640388,12,60,0.0,0.0070394330556204,-0.0070392895050463,1.435505740839116e-07,0,0,0,0,TimeStop,1138.3450699999999,0.7642124810989852,0.0790792988632173,False,False,False,False,HIGH,LOW,HIGH / LOW
1787184660,1.588412977516109,0.0800478908324587,1,0.000965861777065,-0.0020240728660487,-0.0035178912070529,0.0004173671857473,-0.0016859853384336,0.0023880124560982,-0.004852288496378,11,60,0.0,0.0072403009524762,-0.0059059036631511,0.0013343972893251,0,0,0,0,TimeStop,1138.4974,0.7654836984453219,0.07906871811916304,False,False,False,False,HIGH,LOW,HIGH / LOW
1787184720,1.5841798879982316,0.0721130448900708,1,0.0019842182424469,0.0001724782246241,-0.00307571794061,0.002040992324719,-0.0014445051312271,0.0031507459683215,-0.0040950642481387,10,59,0.001422082962026,0.0072458102164603,-0.0062264639089316,0.0010193463075286,0,0,0,0,TimeStop,1139.32385,0.7655396679965688,0.07901136274817736,False,False,False,False,HIGH,LOW,HIGH / LOW
1787184780,1.6035267570977816,0.0643327806324349,1,0.0017656389064199,0.00034964713111,-0.0023767662861347,0.0024445095188589,-0.0006670766738332,0.0038254071353904,-0.0034252761939062,9,58,0.0014230393727696,0.0072506833292966,-0.0062021734215251,0.0010485099077715,0,0,0,0,TimeStop,1163.5679699999998,0.7796370340612901,0.07736508078681473,False,False,False,False,HIGH,LOW,HIGH / LOW
1787184840,1.654765444067492,0.0695458949602326,1,0.0008227362678935,-1.063635286941834e-05,-0.0027411606158276,0.0015132367974113,-0.0014586176880822,0.0031692019515695,-0.0040767415734213,8,57,0.0015941593199173,0.0072459435249909,-0.0059103625673972,0.0013355809575936,0,0,0,0,TimeStop,1179.145,0.7895004465209228,0.07634305365328269,False,False,False,False,HIGH,LOW,HIGH / LOW
1787184900,1.6805876098226928,0.078083491524548,1,-0.0009760441201816,8.631584994534902e-05,-0.0036402022174987,0.0008666053886367,-0.0021300338944102,0.0023727523410123,-0.0048674383868559,7,56,0.0018226862756362,0.0072401907278682,-0.0060129545585111,0.0012272361693571,0,0,0,0,TimeStop,1191.37628,0.7960712014872822,0.0755592767047536,False,False,False,False,HIGH,LOW,HIGH / LOW
1787184960,1.8538831326488765,0.0803550279938738,1,-0.0009621995692642,-5.728403881482107e-05,-0.0051671925839136,-0.0006711851665637,-0.0019368896432324,0.0020142733447892,-0.0052233280705717,6,55,0.0018220344275638,0.0072376014153609,-0.0071814659287028,5.6135486658109336e-05,0,0,0,0,TimeStop,1206.49539,0.802283222323992,0.07461241107601746,False,False,False,False,HIGH,LOW,HIGH / LOW
1787185020,1.935677208772988,0.086388689186049,1,-0.0023338918151578,-0.000591325259872,-0.0063318988353345,-0.0013369716401954,-0.0024651221359879,0.0009820043789335,-0.0063318988353345,5,60,0.0,0.007313903214268,-0.007313903214268,0.0,0,0,0,0,TimeStop,1205.86928,0.8015073001601267,0.07465115124252938,False,False,False,False,HIGH,LOW,HIGH / LOW
1787185080,1.983708014683054,0.0864097968184242,1,-0.0015143511787988,-0.0007688708060271,-0.0046005968721969,-0.0006685645922508,-0.0016048994204194,0.001529705634985,-0.0057881994833727,4,59,0.0012989582934225,0.0073179051183578,-0.0061303025071819,0.0011876026111758,0,0,0,0,TimeStop,1211.59679,0.8051180899837109,0.074298257260982,False,False,False,False,HIGH,LOW,HIGH / LOW
1787185140,2.0812415703031264,0.0886102478480378,1,-0.0019586695496264,-0.0014280054195972,-0.0048886465398461,-0.0020855300993498,-0.0025611496518716,0.0004525409666402,-0.0068574936025013,3,58,0.002140001295841,0.0073100345691415,-0.0053411875064863,0.0019688470626551,0,0,0,0,TimeStop,1200.0551600000001,0.7965166569124689,0.07501282691038968,False,False,False,False,HIGH,LOW,HIGH / LOW
1787185200,2.1705580087445666,0.0837276423732997,1,-0.0030527824888175,-0.0016770521382735,-0.0047205168743785,-0.0030004597235838,-0.0031115560059294,0.0004859566414864,-0.0068243220869013,2,57,0.0022470119042175,0.0073102787283877,-0.0052064735158649,0.0021038052125228,0,0,0,0,TimeStop,1205.2778299999998,0.8002469729884024,0.07468778381163788,False,False,False,False,HIGH,LOW,HIGH / LOW
1787185260,2.279455987703426,0.0836802520183133,1,-0.0039133612679686,-0.0040496289464071,-0.0064935632507708,-0.0033975214757718,-0.0033051001796699,5.874842077805292e-05,-0.0072484088133521,1,56,0.0022460524285235,0.0073071572341301,-0.0065523116715489,0.0007548455625812,0,0,0,0,TimeStop,1232.86432,0.8144719718756916,0.0730165749301594,False,False,False,False,HIGH,LOW,HIGH / LOW
1787185320,2.250457464007181,0.0773278278785168,1,-0.0023530167924855,-0.0023530167924855,-0.0047919708484733,-0.0022330776400851,-0.0012913544387026,0.0005529252312811,-0.006007861179326,5,55,0.0022488591075063,0.0065607864106071,-0.0053448960797544,0.0012158903308527,0,0,0,0,TimeStop,1236.8697300000001,0.816086416937452,0.07278012212328941,False,False,False,False,HIGH,LOW,HIGH / LOW
1787185380,2.2087660401578755,0.07290900197426,1,-0.0011999430798069,-0.0036384167694232,-0.0046273477427873,-0.0021713733890064,-0.001372080760114,0.0004147083614731,-0.0061451717388946,4,54,0.0022485484490108,0.0065598801003677,-0.0050420561042604,0.0015178239961073,0,0,0,0,TimeStop,1237.73831,0.8171102690902717,0.07272904884070366,False,False,False,False,HIGH,LOW,HIGH / LOW
1787185440,2.238150062065841,0.0696309806413868,1,0.000117097329406,-0.0023531397151951,-0.0047586575250388,-0.0025144355463867,-0.00035961508271,0.0007882544490528,-0.005774075053074,3,53,0.0022493880373023,0.0065623295021268,-0.0055469119740917,0.0010154175280351,0,0,0,0,TimeStop,1252.61728,0.8255829017825658,0.07186515102202647,False,False,False,False,HIGH,LOW,HIGH / LOW
1787185500,2.1283810279405095,0.0679001382960107,1,-0.001406429391504,-0.0028239092996556,-0.0046320321469574,-0.0024397244546498,-0.0004192020665902,0.000868972445465,-0.005693886337543,2,52,0.0022495694603903,0.006562858783008,-0.0055010045924224,0.0010618541905856,0,0,0,0,TimeStop,1257.5425699999998,0.8294114076568919,0.07158368404180546,False,False,False,False,HIGH,LOW,HIGH / LOW
1787185560,2.102140653940468,0.0750482562032627,1,-0.0029870495661117,-0.003302714329559,-0.0050550842186414,-0.0028722623794036,-0.0005968933708822,0.0006651917469734,-0.0058963308132285,1,51,0.0022491114395618,0.0065615225602019,-0.0057202759656148,0.000841246594587,0,0,0,0,TimeStop,1265.7345300000002,0.8361035918621954,0.07112038730585946,False,False,False,False,HIGH,LOW,HIGH / LOW
1787185620,2.219392346140112,0.0751475129334447,1,-0.0018081522491449,-0.0032747566597167,-0.0055341938732256,-0.0028983511458923,-0.0007041824189648,4.475553365587934e-05,-0.0061510169332275,21,50,0.0022485352245415,0.0061957724668833,-0.0055789494068815,0.0006168230600018,0,0,0,0,TimeStop,1246.0858,0.8239670375837894,0.07224183920561489,False,False,False,False,HIGH,LOW,HIGH / LOW
1787185680,2.29708399098557,0.0752369350018289,1,-0.0014134960516869,-0.0027852117731515,-0.0048242641780329,-0.0022557071069633,-8.614501076812635e-05,0.0009356783919597,-0.0052656137832017,20,49,0.0022505384063173,0.0062012921751614,-0.0057599425699927,0.0004413496051687,0,0,0,0,TimeStop,1236.3291800000002,0.8180381525431791,0.07281194317519869,False,False,False,False,HIGH,LOW,HIGH / LOW
1787185740,2.4568875478309717,0.0725433814357329,1,-0.0008326875385252,-0.0030153686717615,-0.0043079157305275,-0.0017226779966556,-0.0005451676261196,0.0012237548319716,-0.0049793221193866,19,48,0.0022511861273509,0.0062030769513582,-0.0055316705624992,0.000671406388859,0,0,0,0,TimeStop,1218.22456,0.8055997097505645,0.07389403641640585,False,False,False,False,HIGH,LOW,HIGH / LOW
1787185800,2.0207224033329374,0.0639656308669806,1,0.0010633978933882,-0.0010651230217808,-0.0034220796882807,-0.0002718514825464,0.0006403101550834,0.0022301597296379,-0.0039791523984171,18,47,0.002253448962939,0.0062093121280551,-0.0056522394179186,0.0005570727101364,0,0,0,0,TimeStop,1207.3835299999998,0.7983049072537827,0.07455752688625794,False,False,False,False,HIGH,LOW,HIGH / LOW
1787185860,1.7590912154677958,0.0691114941929497,1,0.0009057870783861,-0.0015793431685646,-0.0030026202151039,-0.001406607000356,0.0003916023780108,0.0018578479056601,-0.0043491575662824,17,46,0.002252611844154,0.0062070054719426,-0.0048604681207641,0.0013465373511784,0,0,0,0,TimeStop,1199.37502,0.7922722504170954,0.07505536508505906,False,False,False,False,HIGH,LOW,HIGH / LOW
1787185920,1.4062719494544933,0.0663771841246718,1,0.0017466430311602,-0.0007476782226389,-0.0026461282530506,-0.000891434850718,0.0005136424321265,0.0022017765156585,-0.004007359764331,16,45,0.0022533851451388,0.0062091362799895,-0.0048479047687091,0.0013612315112804,0,0,0,0,TimeStop,1197.7530000000002,0.7895149343956179,0.07515700649466124,False,False,False,False,NORMAL,LOW,NORMAL / LOW
1787185980,1.2142004333335237,0.062852983476692,1,0.0007466110040257,-0.0016250107069336,-0.0014815809125123,-0.0016537541527094,8.076908262986638e-05,0.0019271043220369,-0.0042803302276998,15,44,0.0027987493151874,0.0062074345497367,-0.0034086852345492,0.0027987493151874,0,0,0,0,TimeStop,1193.99173,0.7863400809924038,0.07539376340571471,False,False,False,False,NORMAL,LOW,NORMAL / LOW
1787186040,0.9394422863145964,0.0663868995752814,1,0.0005317055655296,-0.0028772710951526,-0.0006463195691202,-0.0021029802513464,-0.0003916696588869,0.0012950807899461,-0.0049084380610412,14,43,0.004262118491921,0.0062035188509874,-0.0019414003590664,0.004262118491921,0,0,0,0,TimeStop,1190.38565,0.7834732525776401,0.07562215656749559,False,False,False,False,NORMAL,LOW,NORMAL / LOW
1787186100,0.8056955751755187,0.0649078580852375,1,0.00137994301642,-0.0021904815996815,3.623482756448789e-05,-0.0020754504010636,0.0012025073925517,0.0024274458688341,-0.0037830885445462,13,42,0.004468243121314,0.0062105344133804,-0.0023912110412696,0.0038193233721107,0,0,0,0,TimeStop,1200.9094599999996,0.7892946449108501,0.0749594644712017,False,True,False,False,NORMAL,LOW,NORMAL / LOW
1787186160,0.7714509790918063,0.0618414461055612,1,-0.0001368030381494,-0.0023139996547557,0.0001175269002819,-0.001755135508372,0.0015248288163875,0.0028650958052822,-0.0033481500661718,12,41,0.0044701939121928,0.006213245871454,-0.0027475689050002,0.0034656769664537,0,0,0,0,TimeStop,1196.67572,0.7862740662188396,0.07522466487412313,False,True,False,False,NORMAL,LOW,NORMAL / LOW
1787186220,0.7695748114982207,0.0672438601305323,1,0.0,-0.0026450286174464,-0.0002013287698812,-0.0023986884868705,0.0007190313210043,0.0025478155828467,-0.0036634645805171,11,40,0.0044687796600419,0.0062112801633638,-0.0027491443527279,0.0034621358106359,0,0,0,0,TimeStop,1203.4004299999997,0.7897261390983381,0.07480430267089071,False,False,False,False,NORMAL,LOW,NORMAL / LOW
1787186280,0.7910759248159921,0.0709498949748933,1,-0.0024414032345326,-0.0041073999120182,-0.0009476074205216,-0.0040653191338714,-0.000890159259229,0.0012520826753722,-0.0049511697810033,10,39,0.0044630040304193,0.0062032524563756,-0.0021996900958939,0.0040035623604816,0,0,0,0,TimeStop,1212.58953,0.7932228783506364,0.07423742970962317,False,False,False,False,NORMAL,LOW,NORMAL / LOW
1787186340,0.755454745500904,0.0752067780802678,1,-0.0024699478203076,-0.0052198345390362,-0.0015605409837146,-0.0044229198071908,-0.0024360854010214,0.000306914045988,-0.005890482622696,9,38,0.0044587910140618,0.006197396668684,-0.0018674550297027,0.0043299416389813,0,0,0,0,TimeStop,1221.9122399999997,0.7974272054357375,0.07367102730716571,False,False,False,False,NORMAL,LOW,NORMAL / LOW
1787186400,0.76541993821451,0.0649077025444554,1,-0.0014194763013423,-0.0040119571153459,0.0004311459860308,-0.0033915380414475,-0.0006952947601391,0.001913857031991,-0.004293495444224,8,37,0.0047246414302549,0.006207352476215,-0.0014827110459601,0.0047246414302549,0,0,0,0,TimeStop,1227.3464399999998,0.7988393439551178,0.07334484141250291,False,True,False,False,NORMAL,LOW,NORMAL / LOW
1787186460,0.7656296482262455,0.057649748348761,1,-0.000316610494688,-0.0014968480705683,0.0018418095959173,-0.0018809541661695,0.0006867569457506,0.0032979300437599,-0.0029179974501341,7,36,0.0048750820488901,0.006215927493894,-0.0014561204478425,0.0047598070460515,0,0,0,0,TimeStop,1233.56351,0.8015945484239877,0.0729751887683513,False,True,False,False,NORMAL,LOW,NORMAL / LOW
1787186520,0.7761715133792357,0.0683061311072238,1,-0.0014692610582589,-0.0032476360187394,0.0002875578420945,-0.0036310464748656,-0.0004252292127726,0.0018562641910728,-0.0043507314689736,6,35,0.0049830425660333,0.0062069956600465,-0.0015687063489782,0.0046382893110682,0,0,0,0,TimeStop,1240.54877,0.8043588727421986,0.0725642813704132,False,True,False,False,NORMAL,LOW,NORMAL / LOW
1787186580,0.727618291851907,0.0645692757560058,1,-0.0013736573807486,-0.0027254604678112,0.0010090357439912,-0.0030702407063538,-6.168086836322337e-05,0.0023524996926739,-0.003857570392033,5,34,0.0049855107470645,0.0062100700847069,-0.0013434639486827,0.0048666061360242,0,0,0,0,TimeStop,1238.0942800000003,0.8020890613333993,0.07270813818799,False,True,False,False,NORMAL,LOW,NORMAL / LOW
1787186640,0.7029246989064447,0.0683125122114113,1,-0.0021845001392801,-0.0027305533060867,0.0008914508398352,-0.0036217166738678,-0.0002791353645533,0.0020581561714932,-0.0041500903093457,4,33,0.0050990355600056,0.0062082464808389,-0.0011667053316579,0.005041541149181,0,0,0,0,TimeStop,1251.6213000000002,0.8096172705734801,0.07192233785091384,False,True,False,False,NORMAL,LOW,NORMAL / LOW
1787186700,0.7029510141467811,0.0735706536748562,1,-0.0021262598549185,-0.0037261964376315,0.0003446591687021,-0.004365682803561,-0.0014619293072449,0.0011655224221612,-0.0050371937505824,3,32,0.0053818529192846,0.0062027161727437,-0.000820863253459,0.0053818529192846,0,0,0,0,TimeStop,1271.98578,0.8226778283521538,0.07077086191954128,False,True,False,False,NORMAL,LOW,NORMAL / LOW
1787186760,0.632381047747895,0.0770340769950884,1,-0.0024828812851655,-0.0051102012780671,0.0017384332736243,-0.0046919607655078,-0.0023390168864069,0.0017384332736243,-0.0052501890912306,60,31,0.006988622364855,0.0,0.0,0.006988622364855,0,0,0,0,TimeStop,1279.3618000000001,0.8269840021974618,0.0703628402848983,False,True,False,False,NORMAL,LOW,NORMAL / LOW
1787186820,0.6189076244831349,0.079615220538172,1,-0.0024899721612759,-0.0057439701300923,0.0011550795876959,-0.0052452868691602,-0.003769614934724,0.0012698843671911,-0.0057439701300923,60,30,0.0070138544972835,0.0,-0.0001148047794951,0.0068990497177883,0,0,0,0,TimeStop,1287.20268,0.8310205804994636,0.06993423133643568,False,True,False,False,NORMAL,LOW,NORMAL / LOW
1787186880,0.6177620520138173,0.0726756502141691,1,-0.0023698523531146,-0.0038346744353937,0.0026047983263115,-0.0043773766558772,-0.0028677482510814,0.0026484557687637,-0.0050231908621526,60,29,0.0076716466309163,0.0,-4.365744245214643e-05,0.0076279891884642,0,0,0,0,TimeStop,1303.1493299999997,0.839050952241147,0.06907844552243297,False,True,True,False,NORMAL,LOW,NORMAL / LOW
1787186940,0.615841376362959,0.0721447257296299,1,-0.0034071650520614,-0.0034655900015531,0.0022679503120924,-0.0047760601831529,-0.0038472901015504,0.002684102470758,-0.0054372526090975,60,28,0.0081213550798555,0.0,-0.0004161521586655,0.0077052029211899,0,0,0,0,TimeStop,1309.7749399999998,0.8422765275009311,0.06872900622148109,False,True,True,False,NORMAL,LOW,NORMAL / LOW
1787187000,0.5930917847558058,0.0371309384715812,1,-0.0035655044231727,-0.003048577359284,0.0029561048511881,-0.0053747491467833,-0.0029628536211891,0.0036210740825405,-0.005155916689737,60,27,0.0087769907722775,0.0,-0.0006649692313523,0.0081120215409251,0,0,0,0,TimeStop,1314.50929,0.8803006890355105,0.06848147113513363,False,True,True,False,NORMAL,LOW,NORMAL / LOW
1787187060,0.5808555017471115,0.0251893608973724,1,-0.00217749450447,-0.0024538715737194,0.0039204972082463,-0.0029670610614923,-0.0014269171123445,0.0055823564101711,-0.0032117864101611,59,26,0.0087941428203323,0.001762425350496,-0.0016618592019248,0.0071322836184075,0,0,0,0,TimeStop,1354.68045,0.9544244796073288,0.06645074858797881,False,True,True,False,NORMAL,LOW,NORMAL / LOW
1787187120,0.5931688004545909,0.0347298383722319,1,-0.0026450286174464,-0.0024447064914147,0.0028817337283211,-0.0032006960223188,-0.0020134315050762,0.0051266933187609,-0.0036634645805171,58,25,0.008790157899278,0.0024340648278638,-0.0022449595904397,0.0065451983088383,0,0,0,0,TimeStop,1364.3069000000003,0.965865896290506,0.06598187695158618,False,True,True,False,NORMAL,LOW,NORMAL / LOW
1787187180,0.6033081597940813,0.0231460740102482,1,-0.0016700740015548,-0.0009925422557517,0.0035836044804054,-0.0021764231621987,-0.0010364536842409,0.0062843732903337,-0.0025159088945837,57,24,0.0088002821849175,0.0027007688099282,-0.0027007688099282,0.0060995133749892,0,0,0,0,TimeStop,1366.02139,0.9724522491287475,0.06589906326430217,False,True,True,False,NORMAL,LOW,NORMAL / LOW
1787187240,0.5965393255198103,0.0314521935743802,1,-0.0027566956130493,-0.0024111916807486,0.0027598600953601,-0.0028716238569745,-0.002025124838827,0.0053632221564393,-0.003429004263996,56,23,0.0087922264204354,0.0027986969237205,-0.0026033620610791,0.0061888643593562,0,0,0,0,TimeStop,1382.26162,0.9870053052151327,0.06512481334756297,False,True,True,False,NORMAL,LOW,NORMAL / LOW
1787187300,0.5981807950606984,0.0301432135117617,1,-0.0025961660101293,-0.001813243281868,0.0028896181136081,-0.002780958801138,-0.0015045356987577,0.0059189821774261,-0.0028781045440748,55,22,0.008797086721501,0.0030295079834371,-0.003029364063818,0.0057677226576829,0,0,0,0,TimeStop,1367.3457299999998,0.9784206114650243,0.06583523685703105,False,True,True,False,NORMAL,LOW,NORMAL / LOW
1787187360,0.5902406233344552,0.0180729760658317,1,-0.0011806113698301,-0.0017581766442793,0.003399746141923,-0.0014420417133994,-0.0012952030843022,0.0061973099451069,-0.0026022108427082,54,21,0.0087995207878151,0.0030303462181351,-0.0027975638031838,0.0060019569846312,0,0,0,0,TimeStop,1363.97295,0.9786508781128115,0.06599803170583404,False,True,True,False,NORMAL,LOW,NORMAL / LOW
1787187420,0.5896774172819821,0.031063360099671,1,-0.0017809917022337,-0.0022668606304551,0.0031122380251155,-0.0018535266370155,-0.0011509164155768,0.0059113093476807,-0.0028857102724434,53,20,0.0087970196201241,0.0030294848753147,-0.0027990713225652,0.0059979482975589,0,0,0,0,TimeStop,1365.5799399999999,0.9806323768563537,0.06592036640491367,False,True,True,False,NORMAL,LOW,NORMAL / LOW
1787187480,0.5882688719485306,0.0273983798018311,1,-0.0013536625556231,-0.0020447474595789,0.0037433765630936,-0.0019006274618999,-0.0008350609256132,0.0063132045736575,-0.002487329750154,52,19,0.0088005343238115,0.0030306952558893,-0.0025698280105638,0.0062307063132476,0,0,0,0,TimeStop,1368.05957,0.9838781539527073,0.06580088467931262,False,True,True,False,NORMAL,LOW,NORMAL / LOW
1787187540,0.6083132474500778,0.0293307328421805,1,-0.0005472486315183,-0.0012964563526361,0.0043491789109766,-0.0017103140305386,-0.0001938922500721,0.0068352059925093,-0.0019698934024776,51,18,0.008805099394987,0.00303226735811,-0.0024860270815327,0.0063190723134543,0,0,0,0,TimeStop,1392.50902,1.0006333518974468,0.0646455633012704,False,True,True,False,NORMAL,LOW,NORMAL / LOW
1787187600,0.652381496028759,0.0395130950476448,1,-0.0016033457123347,-0.0023594697920946,0.0033861521645743,-0.0036413116608466,-0.0014040248424321,0.0058796058771593,-0.002917136485865,50,17,0.0087967423630244,0.0030293893945466,-0.0024934537125849,0.0063032886504394,0,0,0,0,TimeStop,1334.6008900000002,0.9632796244010252,0.0674505244785203,False,True,True,False,NORMAL,LOW,NORMAL / LOW
1787187660,0.687366861864007,0.0301995395634481,1,-0.0026338595534947,-0.0014255284451507,0.0042786004200874,-0.0035405037049491,-0.0012794348090613,0.0060238076492324,-0.0027741958049105,49,16,0.0087980034541429,0.0030298236844124,-0.0017452072291449,0.007052796224998,0,0,0,0,TimeStop,1290.28847,0.9312618383537481,0.06976698009244399,False,True,True,False,NORMAL,LOW,NORMAL / LOW
1787187720,0.7444149421207497,0.0329256414085734,1,-0.003262120558193,-0.0018998705222269,0.0043461372464394,-0.0042872967918284,-0.0017217666522801,0.0055315781901884,-0.003262120558193,48,15,0.0087936987483815,0.0030283412458639,-0.001185440943749,0.0076082578046325,0,0,0,0,TimeStop,1221.0731200000002,0.8918118407955568,0.0737216539497651,False,True,True,False,NORMAL,LOW,NORMAL / LOW
1787187780,0.7872358821410145,0.0290699840520255,1,-0.0014683017406141,0.0001436632487386,0.0050829151432437,-0.004258650852385,-0.001255829841678,0.0061393726407306,-0.002659641466626,47,14,0.0087990141073567,0.0030301717294046,-0.0010564574974869,0.0077425566098697,0,0,0,0,TimeStop,1170.19071,0.8544453824064542,0.0769272300922642,False,True,True,False,NORMAL,LOW,NORMAL / LOW
1787187840,0.9003834925387397,0.0038636218699397,1,-5.862469349861415e-05,0.0022373891010213,0.0052285448385999,-0.0039158990600891,-0.0007745085428566,0.0067674790531953,-0.0020370280478106,46,13,0.008804507101006,0.0030320633861133,-0.0015389342145954,0.0072655728864106,0,0,0,0,TimeStop,1095.77699,0.8084155598939313,0.057598261850707405,False,True,True,False,NORMAL,LOW,NORMAL / LOW
1787187900,0.9390780061172888,0.0053261832187379,1,0.000518776764738,0.0022316047163148,0.0046978118140168,-0.0030674117261706,0.0003406634088446,0.0072122939717708,-0.0015961031795106,45,12,0.0088083971512815,0.0030334030271488,-0.002514482157754,0.0062939149935274,0,0,0,0,TimeStop,1039.0393399999998,0.7699288771041948,0.04622752782392244,False,True,True,False,NORMAL,LOW,NORMAL / LOW
1787187960,0.9810426350216732,0.0106671139420473,1,-0.0002769801920954,0.0024371661566828,0.0047416817268338,-0.0028855828133286,0.0004162633079537,0.007776784820851,-0.0010365489854104,44,11,0.0088133338062615,0.0030351030940172,-0.0030351030940172,0.0057782307122442,0,0,0,0,TimeStop,1032.40357,0.7709542252608256,0.046524655082314376,False,True,True,False,NORMAL,LOW,NORMAL / LOW
1787188020,0.9659372769059136,0.0325941706354706,1,0.0002008533889935,0.0024501806454904,0.0042944848081734,-0.0033174693280437,0.0006611003507074,0.0077923328796708,-0.0010211368993918,43,10,0.0088134697790627,0.0034978480714974,-0.0034978480714974,0.0053156217075653,0,0,0,0,TimeStop,1028.87292,0.7993956630381288,0.04668430771800273,False,True,True,False,NORMAL,LOW,NORMAL / LOW
1787188080,0.9505712909082372,0.0115901953437808,1,0.0006786651668541,0.0031728245507772,0.0051577687404458,-0.0040562718121773,0.0005625739090305,0.0079677540307461,-0.0008472498629978,42,9,0.008815003893744,0.0034984569236537,-0.0028099852903003,0.0060050186034437,0,0,0,0,TimeStop,1044.6716600000002,0.8182750167423616,0.04597829331370968,False,True,True,False,NORMAL,LOW,NORMAL / LOW
1787188140,0.94533942816866,0.0250677549396859,1,0.0003464590143455,0.0036784946889506,0.0047520560727037,-0.0041717877068785,0.0004286745173337,0.0081423637880229,-0.0006741671245013,41,8,0.0088165309125242,0.0034990629596224,-0.0033903077153191,0.005426223197205,0,0,0,0,TimeStop,1022.94956,0.8084750413444134,0.0469546318588768,False,True,True,False,NORMAL,LOW,NORMAL / LOW
1787188200,0.9385011894523876,0.0102887263420953,1,0.0007849606163327,0.0044610004438491,0.0041474490800089,-0.0047048576941435,0.0009859624800369,0.0085373124680028,-0.0002826723984182,40,7,0.008819984866421,0.0043898633879938,-0.0043898633879938,0.0044301214784272,0,0,0,0,TimeStop,1031.53741,0.8219160872673831,0.04656372084459836,False,True,True,False,NORMAL,LOW,NORMAL / LOW
1787188260,0.9550042548286308,0.005642040542752,1,-0.000578247960566,0.0033436626214292,0.0039491510766481,-0.0067834596869504,0.000634170245885,0.007386642068548,-0.001423279813208,39,6,0.008809921881756,0.0046477472543311,-0.0034374909918999,0.0053724308898561,0,0,0,0,TimeStop,1045.75115,0.8387317112024562,0.045930831632363014,False,True,True,False,NORMAL,LOW,NORMAL / LOW
1787188320,0.9183224083170134,0.0089794885569388,1,-0.0004867358006435,0.0035467122914197,0.0051324963765144,-0.0056709911085652,0.0005477219510205,0.0077060254172397,-0.00110668957516,38,5,0.0088127149923998,0.0046492207829843,-0.0025735290407253,0.0062391859516744,0,0,0,0,TimeStop,1039.9399,0.8443607691399532,0.04618749602741466,False,True,True,False,NORMAL,LOW,NORMAL / LOW
1787188380,0.9668193784812672,0.0007427739944302,1,-0.0006920216677751,0.0037447022497478,0.0048327621511434,-0.0050457029851653,0.000486721906335,0.0076772595480607,-0.0011352038775128,37,4,0.0088124634255735,0.0046490880668216,-0.0028444973969172,0.0059679660286562,0,0,0,0,TimeStop,1025.59055,0.8370225196654819,0.04683371936295631,False,True,True,False,NORMAL,LOW,NORMAL / LOW
1787188440,0.9515079370379198,0.0046122360003949,1,-0.0007496179485142,0.0036319213006369,0.0042660914551193,-0.0056991718746689,-0.0001661814063904,0.0073864968743339,-0.0014234237376518,36,3,0.0088099206119857,0.0046477465844532,-0.0031204054192145,0.0056895151927711,0,0,0,0,TimeStop,1008.2230599999999,0.8266520310023088,0.047640469560376854,False,True,True,False,NORMAL,LOW,NORMAL / LOW
1787188500,0.9250478006665356,0.0032609303940598,1,-0.0007573383549641,0.0040860811473488,0.0045232732353973,-0.0041304778381231,-0.0001827759866947,0.0074949686152874,-0.0013159006171427,35,2,0.0088108692324302,0.0046482470370254,-0.0029716953798901,0.00583917385254,0,0,0,0,TimeStop,1010.7568200000001,0.8292987911692766,0.04752104467620609,False,True,True,False,NORMAL,LOW,NORMAL / LOW
1787188560,0.9813208700208942,0.0031149214525727,1,0.001211522087368,0.0068838122176843,0.0045193598198952,-0.0036979204248626,0.0006345518306322,0.0086805305009164,-0.0001407068535061,34,1,0.0088212373544225,0.0046537168256534,-0.0041611706810211,0.0046600666734014,0,0,0,0,TimeStop,981.9864499999999,0.8076834473155312,0.04891332258199694,False,True,True,False,NORMAL,LOW,NORMAL / LOW
1787188620,0.9812131746876396,0.0064823970974333,1,0.0013667084035463,0.0069389065899766,0.0050267561062739,-0.0029336094943583,0.0025414512165639,0.0088224787376458,0.0,33,1,0.0088224787376458,0.0046543717276542,-0.0037957226313718,0.0050267561062739,0,0,0,0,TimeStop,974.94902,0.8040268727913413,0.04926639138526443,False,True,False,False,NORMAL,LOW,NORMAL / LOW
1787188680,0.9516745566029184,0.0089176352503508,1,0.0016143353207141,0.0064642610984833,0.0039502055833975,-0.0041952823868634,0.0002684311812083,0.0076188611684599,-0.0010371073671382,32,13,0.0086559685355982,0.0046488186361014,-0.0036686555850624,0.0049873129505358,0,0,0,0,TimeStop,971.19887,0.8036843658383435,0.04945662673598457,False,True,True,False,NORMAL,LOW,NORMAL / LOW
1787188740,0.9450418665333524,0.0028272282969326,1,0.0022961484055164,0.005753479514726,0.002816887206391,-0.0043589366845,0.0010557384983707,0.0068265039483956,-0.0018226578277917,31,12,0.0086491617761873,0.004645162963155,-0.0040096167420046,0.0046395450341827,0,0,0,0,TimeStop,970.9475500000001,0.8034351214086561,0.049469428085997025,False,True,True,False,NORMAL,LOW,NORMAL / LOW
1787188800,1.0401143597744216,0.0051939530089987,1,0.0017119398369667,0.0060230439258183,0.0017282152199028,-0.0040328382496272,0.0014597434164276,0.0066900465663191,-0.0019579429701938,30,11,0.008647989536513,0.0049618313464163,-0.0049618313464163,0.0036861581900966,0,0,0,0,TimeStop,998.38784,0.8217278738993835,0.04810978066399527,False,True,True,False,NORMAL,LOW,NORMAL / LOW
1787188860,0.947037353459832,0.0309322083540017,1,0.0027148983218369,0.0063900491419097,0.0031162775201833,-0.0027910493159894,0.003753465194741,0.008055996364367,-0.000603727389248,29,10,0.008659723753615,0.0056234913125129,-0.0049397188441836,0.0037200049094314,0,0,0,0,TimeStop,969.14125,0.8012468361589307,0.04956162994816287,False,True,True,False,NORMAL,LOW,NORMAL / LOW
1787188920,0.8999520059604821,0.0285318036349046,1,0.0022488755622188,0.0053394937146811,0.0025712143928036,-0.0045121669934263,0.0037368815592204,0.0075899550224887,-0.0010657651943258,28,9,0.0086557202168145,0.0056208914773383,-0.0050187406296851,0.0036369795871294,0,0,0,0,TimeStop,965.09755,0.7996318502517985,0.04976929016139353,False,True,True,False,NORMAL,LOW,NORMAL / LOW
1787188980,0.8746576249365734,0.0266738482390472,1,0.0024924678328254,0.0045806932677861,0.0024673918338136,-0.0049876738494511,0.0037002951185678,0.0072841453681603,-0.0013689477851406,27,8,0.008653093153301,0.0056191855027291,-0.0048167535343467,0.0038363396189543,0,0,0,0,TimeStop,963.6107999999999,0.8021646281430062,0.049846078935603465,False,True,True,False,NORMAL,LOW,NORMAL / LOW
1787189040,0.847948948128186,0.0157322997350902,1,0.0033308816606279,0.0051835503094918,0.0022549525254559,-0.0046429903620568,0.0047581963897977,0.0077932047476419,-0.0008642614897103,26,7,0.0086574662373522,0.0056220253162002,-0.0055382522221859,0.0031192140151663,0,0,0,0,TimeStop,954.42032,0.7961959030177789,0.050326065983171867,False,True,True,False,NORMAL,LOW,NORMAL / LOW
1787189100,0.8585984102953862,0.0193888632702817,1,0.0036731565442914,0.0047114043177033,0.0022025097884517,-0.0051505798096926,0.0043140413315176,0.0077462713337496,-0.0009107917212391,25,6,0.0086570630549888,0.0056217634957792,-0.0055437615452979,0.0031133015096908,0,0,0,0,TimeStop,951.1969700000001,0.7937389468818852,0.05049660744819235,False,True,True,False,NORMAL,LOW,NORMAL / LOW
1787189160,0.8607788086287128,0.0253192336490391,1,0.0039241797309216,0.0051670072977541,0.002193912250432,-0.0057666449193475,0.0044681511375232,0.0079694983752963,-0.0006894823157375,24,5,0.0086589806910339,0.0057757303378564,-0.0057755861248642,0.0028833945661696,0,0,0,0,TimeStop,942.0344,0.7867649421574541,0.050987755861144776,False,True,True,False,NORMAL,LOW,NORMAL / LOW
1787189220,0.8447067502766508,0.024681691790969,1,0.0040354122716863,0.0053913200266853,0.0026505111700113,-0.004936802437749,0.0039461243035647,0.0081967508699807,-0.0004641820378282,23,4,0.0086609329078089,0.0057770325093308,-0.0055462396999693,0.0031146932078396,0,0,0,0,TimeStop,934.43685,0.7806303833394183,0.051402317877339704,False,True,True,False,NORMAL,LOW,NORMAL / LOW
1787189280,0.8422425001717956,0.0316176879615019,1,0.0044397963527996,0.0057999835242494,0.0025810085381031,-0.0042412794300257,0.0033762303973554,0.0083750769505549,-0.0002873878707602,22,3,0.0086624648213151,0.0058646169409667,-0.0057940684124518,0.0028683964088633,0,0,0,0,TimeStop,933.4770599999999,0.7826190335635175,0.051455169128633974,False,True,True,False,NORMAL,LOW,NORMAL / LOW
1787189340,0.7854045464244976,0.0286755268566451,1,0.0043848261935669,0.0056529640848117,0.0025964229049472,-0.0052492427520552,0.0038957161401989,0.0081422183758834,-0.0005182460695224,21,2,0.0086604644454059,0.0058632626568585,-0.0055457954709361,0.0031146689744697,0,0,0,0,TimeStop,940.3538100000001,0.7880278659133719,0.051078880618349386,False,True,True,False,NORMAL,LOW,NORMAL / LOW
1787189400,0.7791527259991798,0.0439253320672306,1,0.0048470903897751,0.0057592106402008,0.0031610455555235,-0.0046657626727446,0.0043596549435965,0.008258561495629,-0.0004029023975071,20,1,0.0086614638931362,0.0058639392977698,-0.0050975159401055,0.0035639479530307,0,0,0,0,TimeStop,937.46692,0.7882181651306801,0.051236175885544855,False,True,True,False,NORMAL,LOW,NORMAL / LOW
1787189460,0.7752520463021492,0.039023865388386,1,0.0056654263411695,0.0057122718712771,0.0016008198688468,-0.0041072719397436,0.0039344479686698,0.007459970494523,-0.000523949236742,19,1,0.0079839197312651,0.0058592947657687,-0.0058591506256761,0.0021247691055889,0,0,0,0,TimeStop,933.09511,0.7864353593439294,0.051476231613731216,False,True,True,False,NORMAL,LOW,NORMAL / LOW
1787189520,0.7768055633971289,0.0312693599356154,1,0.0055645930104006,0.0062578969626368,0.0017593488650714,-0.004356139718187,0.0046421095812299,0.007445594377694,0.0,18,1,0.007445594377694,0.0064069356916622,-0.0056862455126226,0.0017593488650714,0,0,0,0,TimeStop,925.8632799999999,0.7817594581083451,0.051878307561781696,False,True,False,False,NORMAL,LOW,NORMAL / LOW
1787189580,0.8140487708195661,0.0218179443824633,1,0.0048421089901996,0.0049385424074587,-0.0001724287072785,-0.005296497495106,0.0027853425235817,0.0059948481526307,-0.0004028613953858,17,59,0.0007195084371324,0.0063977095480165,-0.0061672768599092,0.0002304326881073,0,0,0,0,TimeStop,935.0365999999999,0.7888599350191307,0.05136934746725423,False,False,False,False,NORMAL,LOW,NORMAL / LOW
1787189640,0.8200293068548978,0.0190484628629498,1,0.0034494107502155,0.0029844782983616,-0.0014576027594135,-0.0070396665708537,0.0010347801092267,0.0045199770048864,-0.0018683529749928,16,58,0.0010922678930727,0.0063883299798792,-0.0059775797643,0.0004107502155792,0,0,0,0,TimeStop,944.9021399999999,0.7968692646945149,0.05083301007234464,False,False,False,True,NORMAL,LOW,NORMAL / LOW
1787189700,0.8531216547049261,0.0269927126156522,1,0.0043037363511442,0.0024607157528224,-0.0021116087148504,-0.0065739385844801,0.0027684130597665,0.0049695990747226,-0.0022886065582373,15,60,0.0,0.00725820563296,-0.007081207789573,0.0001769978433869,0,0,0,0,TimeStop,932.4859799999999,0.7880106047202541,0.0515098575530326,False,False,False,True,NORMAL,LOW,NORMAL / LOW
1787189760,0.8213209057859859,0.0150254348914143,1,0.0036652001742704,0.0022989127378291,-0.0018724423463091,-0.006216255440374,0.0026454109412596,0.0053266367653148,-0.0020736673303686,14,60,0.0,0.0074003040956835,-0.0071990791116239,0.0002012249840595,0,0,0,0,TimeStop,931.17226,0.7898738866468747,0.05158252888676044,False,False,False,True,NORMAL,LOW,NORMAL / LOW
1787189820,0.8491455484427913,0.0100527562733752,1,0.0030836833323744,0.0018397963293251,-0.0021978021978022,-0.0061272366377079,0.0025028767044473,0.0053290949887808,-0.0021979460330245,13,60,0.0,0.0075270410218053,-0.007526897186583,1.4383522229386228e-07,0,0,0,0,TimeStop,934.78579,0.7933418629205743,0.05138313024634232,False,False,False,True,NORMAL,LOW,NORMAL / LOW
1787189880,0.8120857747437236,0.0003815836323144,1,0.0020830335408653,0.0019786662288798,-0.0031206688823396,-0.0070164735032814,0.0023862162694839,0.0047797641269998,-0.0031209563955956,12,60,0.0,0.0079007205225955,-0.0079004330093395,2.875132560074302e-07,0,0,0,0,TimeStop,922.53198,0.7843093892877181,0.05206564221220819,False,False,False,False,NORMAL,LOW,NORMAL / LOW
1787189940,0.8459321680153972,0.0100510531962952,1,0.0018465181155368,0.0010696267673702,-0.0028668526645534,-0.007344827952913,0.0020030173160831,0.0044475089609803,-0.0034902627030934,11,60,0.0,0.0079377716640737,-0.0073143616255337,0.0006234100385399,0,0,0,0,TimeStop,917.6188800000001,0.7817626400637588,0.05234441122222768,False,False,False,False,NORMAL,LOW,NORMAL / LOW
1787190000,0.8070226752190672,0.015898232217012,1,0.0010344480836636,-0.0003121588231913,-0.0038210366028846,-0.0076423605125553,0.0020092800091937,0.0040582083548813,-0.0038764868126185,10,59,0.0006230247658451,0.0079346951674999,-0.0078792449577659,5.545020973396226e-05,0,0,0,0,TimeStop,902.43793,0.7709655719222039,0.05322495697848161,False,False,False,False,NORMAL,LOW,NORMAL / LOW
1787190060,0.7502637610072358,0.0025202014988834,1,0.0012379695518098,0.0006034706529534,-0.003715919745442,-0.0076708719037653,0.002312897163343,0.0040295061380621,-0.0039049622065911,9,58,0.0006230069559295,0.0079344683446532,-0.0077454258835041,0.000189042461149,0,0,0,0,TimeStop,894.1069100000002,0.7650123611835704,0.05372089116278051,False,False,False,False,NORMAL,LOW,NORMAL / LOW
1787190120,0.7673109544211271,0.0007167453426061,1,0.0013504580998106,0.0015801796425338,-0.0039174778154931,-0.0071832877649501,0.0022926181230615,0.004144613374621,-0.0039174778154931,8,60,0.0,0.0080620911901141,-0.0080620911901141,0.0,0,0,0,0,TimeStop,879.82195,0.7538819566113586,0.05459311398175506,False,False,False,False,NORMAL,LOW,NORMAL / LOW
1787190180,0.7345132441440578,0.0025003065819966,1,0.0013541749106205,0.0010840006417536,-0.0040751644637385,-0.0071575354418798,0.0022119530784426,0.0039178859818623,-0.0042476680771936,7,60,0.0,0.0081655540590559,-0.0079930504456008,0.000172503613455,0,0,0,0,TimeStop,874.445,0.7496184961605579,0.054928806271406436,False,False,False,False,NORMAL,LOW,NORMAL / LOW
1787190240,0.762396566486727,0.0037108602506169,1,0.0012626016026653,0.000631875233363,-0.004509147830083,-0.0063711692563976,0.0021368871528276,0.0037409885975241,-0.0045092914380905,6,60,0.0,0.0082502800356147,-0.0082501364276072,1.436080075065127e-07,0,0,0,0,TimeStop,866.3679100000002,0.7428094041207504,0.055440903853421805,False,False,False,False,NORMAL,LOW,NORMAL / LOW
1787190300,0.7626031657558806,0.0090265545795588,1,0.0009077204473686,0.0004354129553801,-0.0047087190690632,-0.005110682892032,0.003349650671904,0.0033950151604963,-0.0048524211357745,5,59,0.0003158287180469,0.0082474362962708,-0.0081037342295596,0.0001437020667112,0,0,0,0,TimeStop,856.0987900000001,0.7341653585674126,0.05610593141943349,False,False,False,False,NORMAL,LOW,NORMAL / LOW
1787190360,0.7762543770428231,0.016909339732922,1,4.658162534040419e-05,-0.0023482872294682,-0.0064192346280635,-0.0076535760355454,0.0015123978787445,0.0017844345707324,-0.0064784291242654,4,60,0.0,0.0082628636949978,-0.0082036691987959,5.9194496201872386e-05,0,0,0,0,TimeStop,863.9067699999999,0.7479767259328669,0.0555988466209149,False,False,False,False,NORMAL,LOW,NORMAL / LOW
1787190420,0.7899843604264363,0.0042042575640182,1,0.0006894673470558,-0.0018989736827016,-0.0063929820537813,-0.0075345450375551,0.0008889971905281,0.0018705922825526,-0.0063929820537813,3,59,0.0002580127286279,0.0082635743363339,-0.0082635743363339,0.0,0,0,0,0,TimeStop,864.2976,0.7808064397820063,0.05557370516821984,False,False,False,False,NORMAL,LOW,NORMAL / LOW
1787190480,0.818470761261932,0.01109112666076,1,9.596872622710826e-05,-0.0024979083830974,-0.0069640350752803,-0.0080271393828294,0.0008972359717714,0.0011471843706764,-0.0071390705729662,2,60,0.0,0.0082862549436427,-0.0081112194459567,0.0001750354976859,0,0,0,0,TimeStop,861.1831999999999,0.7812347472353183,0.055774683017504295,False,False,False,False,NORMAL,LOW,NORMAL / LOW
1787190540,0.8661728794095819,0.0006092210989449,1,-0.0004633342218082,-0.0029197933371822,-0.0070280711790215,-0.0080804915381706,0.0008847033966337,0.0010668861261979,-0.0072187042081488,1,59,0.0004010311657073,0.0082855903343468,-0.0080949573052195,0.0001906330291272,0,0,0,0,TimeStop,880.3791299999999,0.8005120052130169,0.05455856274103182,False,False,False,False,NORMAL,LOW,NORMAL / LOW
1787190600,0.8185099188822558,0.0119025941373996,1,-0.0018351227139888,-0.0042691156349219,-0.0083062997051177,-0.009451783933127,9.649498433661184e-05,8.318039450983155e-05,-0.0083064428727502,1,60,0.0,0.00838962326726,-0.0083894800996275,1.4316763247319841e-07,0,0,0,0,TimeStop,925.6387699999999,0.8353274267060946,0.05886015340519932,False,False,False,False,NORMAL,LOW,NORMAL / LOW
1787190660,0.8818833682124867,0.0005123910914351,1,-0.0013612980067496,-0.0032529848884313,-0.0068606610671781,-0.0078793057910412,0.0014475703933231,0.0006450365647309,-0.007322977876292,12,59,0.0009643303808208,0.007968014441023,-0.007505697631909,0.0004623168091139,0,0,0,0,TimeStop,887.10006,0.8019317976126503,0.06141724305598627,False,False,False,False,NORMAL,LOW,NORMAL / LOW
1787190720,0.9240230928630316,0.002206388598312,1,-0.0012400630413176,-0.002753576616839,-0.0060649521734012,-0.0074908525992641,0.0018648265324164,0.0012275878465218,-0.0067450653793412,11,58,0.0011611968673207,0.0079726532258631,-0.0072925400199231,0.0006801132059399,0,0,0,0,TimeStop,879.5453000000001,0.796359288990185,0.06194477987660214,False,False,False,False,NORMAL,LOW,NORMAL / LOW
1787190780,0.9562844849402962,0.0078699904052239,1,-0.0001041503632854,-0.0021036651890034,-0.005739459689147,-0.0071552447239449,0.0023829775269051,0.0016797473880279,-0.006296506329143,10,57,0.0011617212698137,0.0079762537171709,-0.0074192070771749,0.0005570466399959,0,0,0,0,TimeStop,879.5282500000001,0.797756505024818,0.061945980700449356,False,False,False,False,NORMAL,LOW,NORMAL / LOW
1787190840,1.0014716236866723,0.0035798558079567,1,-0.0007754594482475,-0.0029134955333621,-0.0056159846204845,-0.0072904089895916,0.0020379120202096,0.0015849151764127,-0.0063905834034177,9,56,0.0011616112859615,0.0079754985798305,-0.0072008997968973,0.0007745987829331,0,0,0,0,TimeStop,876.53417,0.7945954477030854,0.06215757681186576,False,False,False,False,NORMAL,LOW,NORMAL / LOW
1787190900,0.9977345111717826,0.0165898940308258,1,-0.0013452153514126,-0.002497129542344,-0.0056542383252627,-0.0072861765561424,0.0020890014796795,0.0020089257205491,-0.0059699492035546,8,55,0.0011621030420034,0.0079788749241038,-0.0076631640458119,0.0003157108782918,0,0,0,0,TimeStop,877.8347100000002,0.8001061935368323,0.06206548838789935,False,False,False,False,NORMAL,LOW,NORMAL / LOW
1787190960,1.0377673846260604,0.0061117873600422,1,-0.0006337143797496,-0.0029578120110754,-0.0048253827788368,-0.0076064376887459,0.0020576707345189,0.0017766097270638,-0.0062004152931047,7,54,0.0014084614140826,0.0079770250201685,-0.0066019925059006,0.0013750325142678,0,0,0,0,TimeStop,888.0106700000002,0.8124524945727022,0.06135426278154967,False,False,False,False,NORMAL,LOW,NORMAL / LOW
1787191020,1.0583164460668892,0.005987974077701,1,0.0002294117317917,-0.002726111517057,-0.0049503579698194,-0.007397272970262,0.0021806309640415,0.0017789093574018,-0.0061981339744426,6,53,0.001408464647279,0.0079770433318445,-0.0067292673272213,0.0012477760046232,0,0,0,0,TimeStop,880.7258200000001,0.807880218074299,0.06186174943752642,False,False,False,False,NORMAL,LOW,NORMAL / LOW
1787191080,1.0825875063605672,0.0018808129348728,1,-0.0002698089004232,-0.0032004126455314,-0.0056229551863337,-0.007335904622195,0.0018548106812195,0.0015489985729247,-0.0064262140073706,5,52,0.0014081414010927,0.0079752125802954,-0.0071719537592584,0.0008032588210369,0,0,0,0,TimeStop,888.7861200000001,0.81813666841289,0.06130073228416303,False,False,False,False,NORMAL,LOW,NORMAL / LOW
1787191140,1.089229233016761,0.0013010886602637,1,-0.0006299310173902,-0.0030393597881412,-0.006033253243743,-0.0075482717630265,0.0018655539032775,0.0014641019639161,-0.0065104345950312,4,51,0.0014080220395536,0.0079745365589473,-0.0074973552076591,0.0004771813512881,0,0,0,0,TimeStop,864.2395900000001,0.7987014459828646,0.06304182385349877,False,False,False,False,NORMAL,LOW,NORMAL / LOW
1787191200,1.1042378832456905,0.0011259664250766,1,-0.0004718791576284,-0.0025832873884629,-0.0070037480687379,-0.0076202029682777,0.0015599263581656,0.0014738693689325,-0.0075621145005453,3,60,0.0,0.0090359838694779,-0.0084776174376704,0.0005583664318074,0,0,0,0,TimeStop,863.8933900000001,0.8032107309254054,0.06306708747939373,False,False,False,False,NORMAL,LOW,NORMAL / LOW
1787191260,1.1219925446588657,0.0185323642072483,1,-0.0023947573031211,-0.0040880996657029,-0.0077857918328299,-0.0087030488045204,0.0008994851178638,0.0007273561142701,-0.0083018922008076,2,59,0.0007166070091331,0.0090292483150777,-0.0085131479471001,0.0005161003679776,0,0,0,0,TimeStop,864.67453,0.8096991689123072,0.06301011318096765,False,False,False,False,NORMAL,LOW,NORMAL / LOW
1787191320,1.1634943772697195,0.0208634555602128,1,-0.0025866576137947,-0.0044705717203752,-0.0085960743194947,-0.0084568434411799,0.0003424907716569,0.0001704575567844,-0.0091073037482041,1,60,0.0,0.0092777613049886,-0.0087665318762792,0.0005112294287093,0,0,0,0,TimeStop,875.7397300000001,0.8200089358379072,0.06221396395936039,False,False,False,False,NORMAL,LOW,NORMAL / LOW
1787191380,1.0846343703322523,0.0285127616548219,1,-0.0025936282021296,-0.0050858544070698,-0.009294323736761,-0.0083226978201865,-7.318703469481625e-05,1.432231597973924e-07,-0.0093602063903022,1,60,0.0,0.009360349613462,-0.0092944669599208,6.588265354118793e-05,0,0,0,0,TimeStop,874.7017000000001,0.8190813828180353,0.06228779479907264,False,False,False,False,NORMAL,LOW,NORMAL / LOW
1787191440,1.0607976351402932,0.028857966221627,1,-0.0024575978045403,-0.0044288632116337,-0.0090968804513578,-0.007159718494645,0.0011225480263988,8.024341266030007e-06,-0.0091801329919931,1,60,0.0,0.0091881573332592,-0.0091049047926238,8.325254063537395e-05,0,0,0,0,TimeStop,877.35059,0.8232898023268063,0.06209973597897735,False,False,False,False,NORMAL,LOW,NORMAL / LOW
1787191500,1.0692431401449547,0.0262534769299431,1,-0.002438467808596,-0.0045611008948507,-0.0077289145540857,-0.0064794884567572,0.0028547041229626,5.722890745433397e-05,-0.0082610429918181,8,60,0.0,0.0083182718992724,-0.00778614346154,0.0005321284377324,0,0,0,0,TimeStop,888.30247,0.8428370217566107,0.06133410841467097,False,False,False,False,NORMAL,LOW,NORMAL / LOW
1787191560,1.1400734457016417,0.0158574237391986,1,-0.0018942655415877,-0.0041617874978473,-0.0075912691579129,-0.0054480225015785,0.0027662017105791,0.0005740198610871,-0.0077485505998507,7,59,0.000532259916193,0.0083225704609379,-0.0081652890190001,0.0001572814419377,0,0,0,0,TimeStop,898.6386900000001,0.8540201307142897,0.06062863819050568,False,False,False,False,NORMAL,LOW,NORMAL / LOW
1787191620,1.14905907615684,0.0257064008670089,1,-0.0015153927580737,-0.0040301838097477,-0.0075794044987423,-0.0045022455234895,0.0035477849781865,0.001035003921644,-0.0075794044987423,6,60,0.0,0.0086144084203863,-0.0086144084203863,0.0,0,0,0,0,TimeStop,922.5108799999999,0.8748289824341627,0.05905972621157596,False,False,False,False,NORMAL,LOW,NORMAL / LOW
1787191680,1.2190191544461904,0.0284091062879714,1,-0.001999723097605,-0.0050892651541291,-0.0091667605217529,-0.0056377614521736,0.0034602756254874,0.0003493561301958,-0.0091667605217529,5,60,0.0,0.0095161166519488,-0.0095161166519488,0.0,0,0,0,0,TimeStop,917.41457,0.8729532433890655,0.0593878076298701,False,False,False,False,NORMAL,LOW,NORMAL / LOW
1787191740,1.1990345994987155,0.0259472763457445,1,-0.0021396953320763,-0.0039322733670736,-0.0088816377390289,-0.0043849039864655,0.0044997484189151,0.0009266510143276,-0.0088817812945694,4,60,0.0,0.009808432308897,-0.0098082887533565,1.43555540486201e-07,0,0,0,0,TimeStop,924.72842,0.8803701637602406,0.05891809835367664,False,False,False,False,NORMAL,LOW,NORMAL / LOW
1787191800,1.31698149489141,0.0206386291231499,1,-0.0011534658509013,-0.0035099734488745,-0.0088157439251206,-0.0029781462264767,0.0044961745370437,0.0019216766941699,-0.0088158876233703,3,60,0.0,0.0107375643175403,-0.0107374206192906,1.4369824969523437e-07,0,0,0,0,TimeStop,933.81757,0.8860562012606058,0.05834462934767869,False,False,False,False,NORMAL,LOW,NORMAL / LOW
1787191860,1.4261638147763145,0.0263891941318904,1,-0.00232557137935,-0.0043167853451246,-0.0106903927874123,-0.0043068795222234,0.0021274549213277,0.0009762260250373,-0.0108214654875387,2,60,0.0,0.011797691512576,-0.0116666188124496,0.0001310727001264,0,1,0,0,TimeStop,929.8652999999999,0.88001242454699,0.05859261551108532,False,False,False,False,NORMAL,LOW,NORMAL / LOW
1787191920,1.4775871206207225,0.0314683267152408,1,-0.0029548453726547,-0.0054889838774456,-0.0107483217625796,-0.005177434161455,0.0020369785988868,0.0001147512766079,-0.0116727867347524,1,59,0.0009244649721727,0.0117875380113603,-0.0108630730391875,0.0009244649721727,0,1,0,0,TimeStop,946.4161799999999,0.8960884497652932,0.057567950708535015,False,False,False,False,HIGH,LOW,HIGH / LOW
1787191980,1.6404425722361622,0.0318440552715634,1,-0.0029313946614784,-0.0051535786229576,-0.0098309544716287,-0.005038939871329,0.0016534380147266,4.849549192800653e-05,-0.011406197092566,2,58,0.0017596115769356,0.011454692584494,-0.0098794499635567,0.0015752426209373,0,1,0,0,TimeStop,977.7576799999999,0.9195799271503735,0.0557226408080988,False,False,False,False,HIGH,LOW,HIGH / LOW
1787192040,1.665583959562712,0.0395679296773179,1,-0.0024109475013634,-0.0051377766296392,-0.0099229311977956,-0.0044263612618042,0.0018083182640144,0.0003240621142972,-0.0111337868480725,1,57,0.0017600964436407,0.0114578489623697,-0.0102469933120928,0.0012108556502769,0,1,0,0,TimeStop,999.0150199999999,0.9393169540717468,0.054536957812706365,False,False,False,False,HIGH,LOW,HIGH / LOW
1787192100,1.7531174151568718,0.0343593465915917,1,-0.002112405030741,-0.0051418931775387,-0.0086147840513921,-0.0046854323119188,0.0014249155597622,0.0001673163688502,-0.0112805097667701,1,56,0.0026657257153779,0.0114478261356203,-0.0087821004202423,0.0026657257153779,0,1,0,0,TimeStop,1019.74756,0.9563497977961268,0.05342816412328557,False,False,False,False,HIGH,LOW,HIGH / LOW
1787192160,1.7525519779974934,0.0283373768958175,1,-0.0016974072409684,-0.0040805296542719,-0.0081803104782681,-0.0037663333245219,0.0025980459200736,0.0007530942663695,-0.0101131853847418,2,55,0.0028412715196471,0.0108662796511113,-0.0089334047446376,0.0019328749064737,0,1,0,0,TimeStop,1039.20519,0.9693319346741818,0.05242779820989925,False,False,False,False,HIGH,LOW,HIGH / LOW
1787192220,1.7542710681964682,0.0272835078548027,1,-0.001888799784925,-0.0045025586113875,-0.0079205509229154,-0.0036411671036336,0.0005926913558685,0.0003886171090333,-0.0104737050117533,1,54,0.0028402367203818,0.0108623221207866,-0.0083091680319487,0.0025531540888379,0,1,0,0,TimeStop,1050.60447,0.9801247961023627,0.051858945545891315,False,False,False,False,HIGH,LOW,HIGH / LOW
1787192280,1.7031259698917227,0.03134261536024,1,-0.002498706921681,-0.004477310603874,-0.0081134382212986,-0.0043655932321674,0.0007465534903635,0.0,-0.0105944828849848,1,53,0.002839890051726,0.0105944828849848,-0.0081134382212986,0.0024810446636861,0,1,0,0,TimeStop,1047.75244,0.9782624497629498,0.05200010796443481,False,False,False,False,HIGH,LOW,HIGH / LOW
1787192340,1.550071060670008,0.0356559922907352,1,-0.0019761219199854,-0.0041203082905331,-0.0071556671835485,-0.0036596393221973,0.0003425929184536,1.436448296740516e-07,-0.0102552353153685,1,52,0.0030995681318199,0.0102553789601982,-0.0071558108283782,0.0030995681318199,0,1,0,0,TimeStop,1042.01682,0.974052679068784,0.05228633449506122,False,False,False,False,HIGH,LOW,HIGH / LOW
1787192400,1.4142961380776629,0.0293051616347786,1,-0.0021278217109993,-0.004054493170381,-0.0057511143062545,-0.0028424155283968,0.0016966211358734,0.0002297627606038,-0.0093138749101365,3,51,0.0042474478792236,0.0095436376707404,-0.0059808770668583,0.003562760603882,0,0,0,0,TimeStop,1005.86651,0.9417486546912708,0.05416547768351489,False,False,False,False,NORMAL,LOW,NORMAL / LOW
1787192460,1.4305404462181572,0.027443390799284,1,-0.0022718253968253,-0.0036194501955372,-0.0058889751552794,-0.0036230446284794,0.0025217103749712,0.000201000690131,-0.0093423625488842,2,50,0.004247325741891,0.0095433632390153,-0.0060899758454105,0.0034533873936048,0,0,0,0,TimeStop,1010.40133,0.9483979859991806,0.05392237557723722,False,False,False,False,NORMAL,LOW,NORMAL / LOW
1787192520,1.4022048563344147,0.0302221326317237,1,-0.0025186077315908,-0.0033205188596499,-0.0070652152032112,-0.003254807296888,0.0021374231519808,0.0002821139740454,-0.0092620232029397,1,49,0.004247670187196,0.0095441371769851,-0.0073473291772566,0.0021968079997285,0,0,0,0,TimeStop,1014.7073300000001,0.9539672636610128,0.05369355122328721,False,False,False,False,NORMAL,LOW,NORMAL / LOW
1787192580,1.3625101924800296,0.0289904889953302,1,-0.0030957326646376,-0.0036434591182582,-0.0074367163899738,-0.0034720969311936,0.0011750960713635,0.0,-0.0094601415434414,1,48,0.0042468207785852,0.0094601415434414,-0.0074367163899738,0.0020234251534676,0,0,0,0,TimeStop,1015.7307100000002,0.9572365182597382,0.05363945331533788,False,False,False,False,NORMAL,LOW,NORMAL / LOW
1787192640,1.323927009350638,0.0266777874125489,1,-0.0017964218304022,-0.0027103857839977,-0.0068824233495994,-0.0025643644692017,0.0017866391216278,0.0004833809041525,-0.0087494820918883,6,47,0.0042498676457048,0.0092328629960408,-0.0073658042537519,0.0018670587422889,0,0,0,0,TimeStop,1019.2495900000001,0.9599901583191589,0.053454267271277486,False,False,False,False,NORMAL,LOW,NORMAL / LOW
1787192700,1.3221166133513051,0.0325263517037334,1,-0.0023592288879298,-0.0031650122284563,-0.0073369299381384,-0.0020430153934684,0.0023882894547546,0.0004891382534887,-0.0087437778736872,5,46,0.0042498921018558,0.0092329161271759,-0.0078260681916271,0.0014068479355487,0,0,0,0,TimeStop,1018.0614600000001,0.9609958359109375,0.053516651145992696,False,False,False,False,NORMAL,LOW,NORMAL / LOW
1787192760,1.2639478111351106,0.0325695986138963,1,-0.0019958554701332,-0.0018731110782065,-0.0079431306381657,-0.0018342588087808,0.0027351997675771,0.0007193425735542,-0.0085156979716668,4,45,0.0042508699670662,0.009235040545221,-0.00866247321172,0.000572567333501,0,0,0,0,TimeStop,1023.8350800000001,0.96720945201817,0.053214859565077606,False,False,False,False,NORMAL,LOW,NORMAL / LOW
1787192820,1.2561676622957567,0.0351620260704315,1,-0.0025416486836426,-0.0022303265717162,-0.0075672565098546,-0.0018703783628254,0.0024784923032657,0.0004891382534887,-0.0087437778736872,3,44,0.0042498921018558,0.0092329161271759,-0.0080563947633434,0.0011765213638325,0,0,0,0,TimeStop,1021.6814300000001,0.966911071438992,0.053327033652750246,False,False,False,False,NORMAL,LOW,NORMAL / LOW
1787192880,1.207742069538717,0.0347975819171967,1,-0.002228717211214,-0.0024303205694855,-0.0068047249150237,-0.0019121380618938,0.0029803048916227,0.000735470923716,-0.0084997184604065,2,43,0.0042509384773032,0.0092351893841225,-0.0075401958387398,0.0016949935453827,0,0,0,0,TimeStop,1020.01216,0.9652745668060266,0.05341430439417507,False,False,False,False,NORMAL,LOW,NORMAL / LOW
1787192940,1.2337674457810348,0.0392332124736846,1,-0.0027334192586075,-0.0030030207160089,-0.0078253477448785,-0.0021591134859569,0.0026243702166061,0.0004889943189478,-0.0087439204799422,1,42,0.0042498914904486,0.0092329147988901,-0.0083143420638263,0.0009185727350637,0,0,0,0,TimeStop,1006.48037,0.9556627613598432,0.054132441748466494,False,False,False,False,NORMAL,LOW,NORMAL / LOW
1787193000,1.227978950822983,0.0375828609965295,1,-0.0030359011997649,-0.0044319095763904,-0.0078021452915707,-0.002863629049456,0.0007630016941053,1.4379979150124987e-07,-0.0091875124836194,1,41,0.0042479896429638,0.0091876562834109,-0.0078022890913622,0.0013853671920487,0,0,0,0,TimeStop,1010.04109,0.9625143866818852,0.05394160746470225,False,False,False,False,NORMAL,LOW,NORMAL / LOW
1787193060,1.2410329993184268,0.0366829648453978,1,-0.0023871744204502,-0.0037128707528104,-0.0056989687861257,-0.0029645402134843,0.0009961430756183,0.0005467130228654,-0.0084300874352279,3,40,0.004251237011968,0.0089768004580934,-0.0062456818089912,0.0027311186491021,0,0,0,0,TimeStop,1024.58274,0.9744546166152438,0.05317602754073331,False,False,False,False,NORMAL,LOW,NORMAL / LOW
1787193120,1.1911236488249275,0.0421900382542935,1,-0.0026187050359712,-0.0041440287769783,-0.0061047482014388,-0.0034756834532373,0.00082345323741,0.0003741007194244,-0.0086011510791366,2,39,0.0042505035971223,0.0089752517985611,-0.0064788489208632,0.0024964028776978,0,0,0,0,TimeStop,1031.93052,0.9858855181873337,0.05279739182440307,False,False,False,False,NORMAL,LOW,NORMAL / LOW
1787193180,1.230618202860989,0.0520733334297903,1,-0.0019835600173378,-0.0042299824043441,-0.0051249524767579,-0.0028953728593306,0.0009256325503653,0.0008635878179847,-0.0081160556076272,1,38,0.0042525833857451,0.008979643425612,-0.0059885402947427,0.0029911031308693,0,0,0,0,TimeStop,1015.1697800000001,0.975632600576713,0.05366909168631871,False,False,False,False,NORMAL,LOW,NORMAL / LOW
1787193240,1.2608246955401976,0.0468468944766175,1,-0.002148431933986,-0.004688783219231,-0.005590212120052,-0.0034338640772451,0.0018130767784833,0.0,-0.0082955063272738,1,37,0.0042518140123186,0.0082955063272738,-0.005590212120052,0.0027052942072217,0,0,0,0,TimeStop,1021.0270700000001,0.9853949544169804,0.053361210099943775,False,False,False,False,NORMAL,LOW,NORMAL / LOW
1787193300,1.2477412883462262,0.0377612221701879,1,-0.0019307798145903,-0.0031823285809733,-0.0044717725034187,-0.0020212671073935,0.0026807580933175,0.0002151234524764,-0.0072013764442844,1,36,0.0042565049628966,0.0074164998967609,-0.0046868959558952,0.0027296039408657,0,0,0,0,TimeStop,1031.7444500000001,0.993052490883449,0.052806913572445185,False,False,False,False,NORMAL,LOW,NORMAL / LOW
1787193360,1.167219798579771,0.0294812205133395,1,-0.0013506933381408,-0.0034438140824588,-0.0043519618918007,-0.0019059287410914,0.0024092864526162,0.0001154278634215,-0.0070866367534134,1,35,0.0042569968955525,0.0072020646168349,-0.0044673897552222,0.0027346748616127,0,0,0,0,TimeStop,1037.5098400000002,0.9989233489624122,0.05251346820961235,False,False,False,False,NORMAL,LOW,NORMAL / LOW
1787193420,1.0753563839737557,0.0162012305671497,1,-0.0008039359273013,-0.0035635825818205,-0.0039380895818437,-0.0011416841571141,0.0024061858523421,0.0002297783518232,-0.0067604423737804,2,34,0.0042583954148119,0.0069902207256036,-0.004167867933667,0.0028223527919366,0,0,0,0,TimeStop,1023.6657799999999,0.9909004286114313,0.05322366055842954,False,False,False,False,NORMAL,LOW,NORMAL / LOW
1787193480,1.0176880488414173,0.0093592253077469,1,-0.0005494273337645,-0.0040983529725965,-0.0039080001955442,-0.0005577913194229,0.0031879763956789,0.0006086962666197,-0.0063841725703665,1,33,0.0042600086264418,0.0069928688369863,-0.0045166964621639,0.0024761723748223,0,0,0,0,TimeStop,1016.87866,0.985282671930293,0.053578899964328096,False,False,False,False,NORMAL,LOW,NORMAL / LOW
1787193540,1.0012501269553278,0.0001166478247208,1,-0.0009156087731836,-0.0049689034586895,-0.0044908498933423,-0.0014343048183101,0.0024555552144662,-1.44122268645369e-07,-0.0069655733695483,1,32,0.0042575159402832,0.0069654292472796,-0.0044907057710737,0.0024747234762059,0,0,0,0,TimeStop,1009.0559099999999,0.9806081941684007,0.05399427272568079,False,False,False,False,NORMAL,LOW,NORMAL / LOW
1787193600,0.9081996984017766,0.0141925558676259,1,-0.0008076888634255,-0.0053244591866207,-0.0038359813347587,-0.0004102615276639,0.0028845206811465,0.0003192685491205,-0.0063996472183474,1,31,0.0042599422807455,0.0067189157674679,-0.0041552498838793,0.0025636658835886,0,0,0,0,TimeStop,1012.84496,0.9868256896981694,0.053792280311095196,False,False,False,False,NORMAL,LOW,NORMAL / LOW
1787193660,0.8688158277750754,0.0050260919202613,1,0.0001229898619153,-0.0064012402222698,-0.0039697032570396,0.000376899764416,0.0031022858956293,0.000156584982462,-0.0065328811881887,15,30,0.0042593710560878,0.0066894661706507,-0.0041262882395016,0.002563177931149,0,0,0,0,TimeStop,1021.4940399999999,0.9934438595594017,0.053336816336197135,False,False,False,False,NORMAL,LOW,NORMAL / LOW
1787193720,0.8025051508162907,0.0083884778437897,1,0.0003121153996209,-0.0052883656388637,-0.0032786540037815,0.0004090384812037,0.0036000001730768,0.0004736538689256,-0.0062179329912467,14,29,0.0042607213586885,0.0066915868601724,-0.0037523078727071,0.0029392789874652,0,0,0,0,TimeStop,1017.37915,0.9908411975417343,0.05355254233389784,False,False,True,False,NORMAL,LOW,NORMAL / LOW
1787193780,0.6766917493748529,0.0009746075103995,1,-0.000202053678783,-0.0047016059445605,-0.0030949835451001,0.0003741093809874,0.0036195154721054,0.0004061264521436,-0.0062850087563804,13,28,0.0042604337793946,0.0066911352085241,-0.0035011099972438,0.0031900252112802,0,0,0,0,TimeStop,1018.51814,0.9983419389333199,0.05349265551617961,False,False,True,False,NORMAL,LOW,NORMAL / LOW
1787193840,0.6196222777478548,0.0028233516462701,1,-0.0002703404110875,-0.0048098665883054,-0.0018704555870662,0.0003749278166579,0.0040760236474288,0.0006658971918787,-0.0060269754721615,12,27,0.0042957293283714,0.0066928726640402,-0.0025363527789449,0.0041565198850952,0,0,0,0,TimeStop,1011.0204100000001,0.9916191337435245,0.05388935718913924,False,False,True,False,NORMAL,LOW,NORMAL / LOW
1787193900,0.5424071897111289,0.0077736188952635,1,-0.0014002594258965,-0.0034908404023018,-0.0004038655122074,0.0008075867867321,0.0038424918732884,0.0005215634614794,-0.0061703438381156,11,26,0.0063144372833639,0.006691907299595,-0.0009254289736869,0.0057664783259081,0,0,0,0,TimeStop,1001.56234,0.9890774209489266,0.05439825143585172,False,False,True,False,NORMAL,LOW,NORMAL / LOW
1787193960,0.4943379538896515,0.0094186520238112,1,-0.0013288685734268,-0.0041165786452321,-0.001242316126178,0.0005556667113371,0.0034746479948033,0.0006352949628061,-0.0060573730207078,10,25,0.0063151550594305,0.006692667983514,-0.0018776110889841,0.0048150568945298,0,0,0,0,TimeStop,988.7477600000001,0.9782005280108395,0.055103275278216554,False,False,True,False,NORMAL,LOW,NORMAL / LOW
1787194020,0.4656103585320264,0.018235470577236,1,-0.0015293286015175,-0.0034334516287255,-0.0011489079315617,0.0009808419169624,0.004010502322629,0.0006949132981332,-0.0059981534377794,9,24,0.0063155313194263,0.0066930667359127,-0.0018438212296949,0.0048492455062177,0,0,0,0,TimeStop,980.72623,0.9752712986849866,0.05555397452763143,False,False,True,False,NORMAL,LOW,NORMAL / LOW
1787194080,0.4746583302322458,0.0247606813839671,1,-0.002250887156774,-0.0036524809089285,-0.0010705597230103,0.0004008468701488,0.0040226043593792,0.000547396139696,-0.0061446839396713,8,23,0.0063146003171579,0.0066920800793673,-0.0016179558627063,0.0050741242166609,0,0,0,0,TimeStop,973.48794,0.9690735893363314,0.055967041563966376,False,False,True,False,NORMAL,LOW,NORMAL / LOW
1787194140,0.498285569920632,0.0172239732272183,1,-0.002545820807967,-0.0030479172517366,-0.0010598691952941,0.0007715351559103,0.0050278879163805,0.0005316654673182,-0.0061603093987232,7,22,0.0063145010385939,0.0066919748660414,-0.0015915346626123,0.0051004402034291,0,0,0,0,TimeStop,949.0053299999998,0.9465502319006366,0.0574108893571757,False,False,True,False,NORMAL,LOW,NORMAL / LOW
1787194200,0.5429100616371461,0.0016427468220189,1,-0.0012539699061659,-0.0017035280788346,-0.0011550786575216,0.0028294446455153,0.0055278042490322,0.0014171043747323,-0.005280792677601,6,21,0.0063200891724765,0.0066978970523333,-0.0025721830322539,0.0041257140200793,0,0,0,0,TimeStop,909.1400199999999,0.908326329919579,0.054769011268473264,False,False,True,False,NORMAL,LOW,NORMAL / LOW
1787194260,0.5485665768782656,0.0101730724142492,1,-0.00209595173236,-0.0022777692320345,-0.0010256815775294,0.0021731520199203,0.0046712667456081,0.0009510786828217,-0.0057437013944824,5,20,0.006317148016472,0.0066947800773041,-0.0019767602603511,0.0047180198169529,0,0,0,0,TimeStop,920.91825,0.9181395602998239,0.05406853431344205,False,False,True,False,NORMAL,LOW,NORMAL / LOW
1787194320,0.5658712322577654,0.0191480640143058,1,-0.0027618670186419,-0.0037571721043928,-0.0014346012136112,0.0023743631107821,0.0057932267029146,0.0007320159450789,-0.0059612989488774,4,19,0.0063157654796341,0.0066933148939564,-0.0021666171586902,0.0045266977352662,0,0,0,0,TimeStop,927.46658,0.9242856302072152,0.05368678621282505,False,False,True,False,NORMAL,LOW,NORMAL / LOW
1787194380,0.5860382164613464,0.0217490332386347,1,-0.0035508765874879,-0.0038071283883565,-0.0014239577830929,0.0034798879129227,0.0060063344406315,0.000856192672497,-0.0058379527674256,3,18,0.0063165491770435,0.0066941454399226,-0.00228015045559,0.0044139949843326,0,0,0,0,TimeStop,929.0911,0.9245775113736387,0.0535929146237651,False,False,True,False,NORMAL,LOW,NORMAL / LOW
1787194440,0.5879072730067665,0.0202464436057966,1,-0.004057009318831,-0.0041833761287902,-0.0016838810190126,0.0027432849600415,0.0068929055711029,0.0006371714607195,-0.0060555090735985,2,17,0.006315166902282,0.006692680534318,-0.0023210524797321,0.0043716280545858,0,0,0,0,TimeStop,922.0346499999999,0.9168486651426238,0.054003068105954594,False,False,True,False,NORMAL,LOW,NORMAL / LOW
1787194500,0.5918802446717745,0.0088911374869499,1,-0.0045204214172319,-0.0041851638043008,-0.0016412180689854,0.0030307403665752,0.006869822485207,0.0010992928272477,-0.0055964785683359,1,16,0.0063180834175205,0.0066957713955837,-0.0027405108962332,0.0039552604993505,0,0,0,0,TimeStop,922.7204099999999,0.920198667664675,0.05396293336569851,True,False,True,False,NORMAL,LOW,NORMAL / LOW
1787194560,0.622938674600597,0.0142074779050098,1,-0.0065234277687047,-0.0060814107177457,-0.0027945396333305,0.0020272810732509,0.0055650033216155,1.4416733573737018e-07,-0.0066550525461104,1,15,0.0063113576180326,0.0066551967134461,-0.0027946838006662,0.0038605129127798,0,0,0,0,TimeStop,927.6728499999999,0.9231439932677079,0.05367484884353359,True,False,True,False,NORMAL,LOW,NORMAL / LOW
1787194620,0.6299794331330357,0.0108961647143956,1,-0.0055987335875136,-0.0053488596419261,-0.0024590883681443,0.002235312047572,0.0056957706131225,1.4418577348907096e-07,-0.0065280108981375,1,14,0.0063121647951112,0.0065281550839109,-0.0024592325539178,0.0040689225299931,0,0,0,0,TimeStop,927.2009400000001,0.9231431236207984,0.05370216729935585,True,False,True,False,NORMAL,LOW,NORMAL / LOW
1787194680,0.6507140120820902,0.0081289025928545,1,-0.0045004616006001,-0.0043850614505799,-0.0017226357394264,0.0026226126593964,0.0065420345046449,0.0002308003000403,-0.0060841844094397,47,13,0.0063149847094801,0.0026045813859557,-0.0019534360394668,0.0043615486700132,0,0,0,0,TimeStop,921.09208,0.9169475755304667,0.05405833041143943,True,False,True,False,NORMAL,LOW,NORMAL / LOW
1787194740,0.6722118217659813,0.0050158002156906,1,-0.0045407537264469,-0.0048368521962151,-0.0015242144913073,0.0027523305128461,0.0074339185991828,0.0005588642170626,-0.0057581917329942,46,12,0.0063170559500568,0.0026054356579612,-0.0020830787083699,0.0042339772416868,0,0,0,0,TimeStop,929.59108,0.9256206003521199,0.053564089707057,False,False,True,False,NORMAL,LOW,NORMAL / LOW
1787194800,0.693326549271866,0.0012132673719197,1,-0.0020935124369283,-0.0033852387873804,-0.0006208028462755,0.0037557272240248,0.0080463155322186,0.0015465183981092,-0.004776773133825,45,11,0.0063232915319342,0.0026080074900773,-0.0021673212443847,0.0041559702875495,0,0,0,0,TimeStop,942.66981,0.9440473497320188,0.052820934193278136,False,False,True,False,NORMAL,LOW,NORMAL / LOW
1787194860,0.6895090096403964,0.0097689989978017,1,-0.002791419501456,-0.0019934996398237,-0.0009244545826297,0.0038855981676154,0.0087748073414984,0.0015887618678663,-0.0047347963693778,44,10,0.0063235582372442,0.002608117491244,-0.002513216450496,0.0038103417867481,0,0,0,0,TimeStop,958.61148,0.9565267371503313,0.051942524201775676,True,False,True,False,NORMAL,LOW,NORMAL / LOW
1787194920,0.7140985948632177,0.0069354414923656,1,-0.001907039517286,-0.0019688785136795,0.0001404380946133,0.0042392943765955,0.0095509463028009,0.0018495350299853,-0.004475669605801,43,9,0.0063252046357863,0.0026087965394434,-0.0017090969353719,0.0046161077004144,0,0,0,0,TimeStop,961.55962,0.9616335407702788,0.05178326851953288,False,False,True,False,NORMAL,LOW,NORMAL / LOW
1787194980,0.7153249190635493,0.0066816583860703,1,-0.0014047556987152,-0.0008987718615737,0.0009807412431906,0.0045370847842419,0.0096930600847133,0.0024262647824985,-0.0039025810524665,42,8,0.0063288458349651,0.0026102983324073,-0.0014455235393078,0.0048833222956572,0,0,0,0,TimeStop,960.68978,0.9666627383102251,0.05183015478732375,True,False,True,False,NORMAL,LOW,NORMAL / LOW
1787195040,0.7092175483120264,0.0243669247446395,1,-0.0005033779538387,-0.000905675416516,0.0019549458655404,0.0049740567303049,0.0100810075541399,0.0027069037397034,-0.0036237139170482,41,7,0.0063306176567517,0.0026110291107475,-0.000751957874163,0.0055786597825887,0,0,0,0,TimeStop,973.2455299999999,0.9758153005614164,0.05116149878438179,False,False,True,False,NORMAL,LOW,NORMAL / LOW
1787195100,0.7022954440863877,0.0153972881315154,1,-0.0004501226128793,-0.0012935604568584,0.0012591580220912,0.0044702928471123,0.010067771351011,0.0022961456986477,-0.0040318786258972,40,6,0.006328024324545,0.002609959504865,-0.0010369876765564,0.0052910366479885,0,0,0,0,TimeStop,974.9566400000001,0.9770030828699178,0.05107170714791993,False,False,True,False,NORMAL,LOW,NORMAL / LOW
1787195160,0.7203700925170446,0.0237097192937856,1,-0.0001821993807822,-0.0009112861092781,0.002159641073004,0.0056536757062143,0.011507626128606,0.0026750050357885,-0.0036554112276174,39,5,0.0063304162634059,0.0026109460471482,-0.0005153639627844,0.0058150523006214,0,0,0,0,TimeStop,961.3107399999999,0.9629991133805388,0.051796675027265385,False,False,True,False,NORMAL,LOW,NORMAL / LOW
1787195220,0.7691483610111799,0.0281319400676435,1,-0.0009980615991641,-0.0003758463595635,0.003100660132611,0.0060776294886912,0.0176492994689685,0.0031538978001703,-0.0032082928083289,60,4,0.0063621906084992,0.0,-5.3237667559309296e-05,0.0063089529409399,0,0,0,0,TimeStop,938.38741,0.9410398177725751,0.05306198641347927,True,False,True,False,NORMAL,LOW,NORMAL / LOW
1787195280,0.8396693087588655,0.0400408723931399,1,-0.0002571649619109,0.0001911361203392,0.0035616478424134,0.0066248937710331,0.0170694691469378,0.00407279216423,-0.0022952262450743,59,3,0.0063680184093043,0.0005112891219075,-0.0005111443218165,0.0058568740874878,0,0,0,0,TimeStop,943.5600599999999,0.9406379728405605,0.052771097581218104,True,False,True,True,NORMAL,LOW,NORMAL / LOW
1787195340,0.8949276361337756,0.0365637847829591,1,-0.0001268815696697,0.0004804408294462,0.004537030009519,0.0069324265839485,0.0240504304993167,0.004537030009519,-0.0020066407148471,60,2,0.0065436707243662,0.0,0.0,0.0065436707243662,0,0,0,0,TimeStop,956.6411799999998,0.948404462696308,0.052049505123749756,True,False,True,True,NORMAL,LOW,NORMAL / LOW
1787195400,0.9740450003520312,0.0410102127137829,1,0.000336780000458,0.0014964456154665,0.0058895181827856,0.0079400633082612,0.0283714316614953,0.0058896631591094,-0.0010809434711216,60,1,0.0069706066302311,0.0,-1.4497632384088274e-07,0.0069704616539073,0,0,0,0,TimeStop,951.60683,0.9386286741387126,0.052324866142459285,True,False,True,False,NORMAL,LOW,NORMAL / LOW
1787195460,1.0225123728030407,0.0601529232309115,1,0.0004449194508595,0.0024472020937044,0.0064524929492745,0.0086807180529767,0.0310987957716689,0.0068447360267937,-0.000108255026204,59,1,0.0069529910529977,0.0003922430775191,-0.0003922430775191,0.0065607479754786,0,0,0,0,TimeStop,960.47982,0.9428962962090892,0.05184148481120614,True,False,True,False,NORMAL,LOW,NORMAL / LOW
1787195520,1.122736357032242,0.0469495430011799,1,0.0002512807998414,0.0020203962290769,0.0056314158708837,0.0073489121629332,0.0294827921951284,0.0060371190895544,-0.0003577090208936,58,15,0.0063948281104481,0.0005079265100083,-0.0004057032186706,0.0059891248917774,0,0,0,0,TimeStop,961.50203,0.9409926344458615,0.051786370123420335,True,False,True,False,NORMAL,LOW,NORMAL / LOW
1787195580,1.2700944925127196,0.044225299898409,1,0.0001159218518631,0.0016142117871948,0.0048395924129728,0.0067937450307563,0.0329347022351616,0.0053761656847844,-0.0010144611061175,57,14,0.006390626790902,0.0005367181741264,-0.0005365732718116,0.0058540535190903,0,0,0,0,TimeStop,933.1476299999999,0.9103737587421901,0.04492307396204821,True,False,True,False,NORMAL,LOW,NORMAL / LOW
1787195640,1.3777737370936791,0.0447337221704657,1,-0.0002974491129361,0.0029536175074026,0.0055516586629373,0.0070252783910613,0.0335343434136982,0.0057466240902761,-0.0006463575022333,56,13,0.0063929815925094,0.000536915942649,-0.0001949654273388,0.0061980161651706,0,0,0,0,TimeStop,919.6948,0.8959350766137928,0.045580185948642965,True,False,True,False,NORMAL,LOW,NORMAL / LOW
1787195700,1.5671480308503802,0.0366450843467666,1,-0.0012944362688798,0.0030977887763124,0.0039634964050915,0.0056695816450876,0.0286805275417622,0.0042704962179387,-0.0021131024364727,55,12,0.0063835986544115,0.0005361279145621,-0.0003069998128472,0.0060765988415643,0,0,0,0,TimeStop,904.18083,0.8765558459963717,0.03916866939105532,True,False,True,True,HIGH,LOW,HIGH / LOW
1787195760,1.7241703617050503,0.04048524415847,1,0.0008001534255084,0.0028861435559837,0.0044503826656987,0.0069707790458301,0.0289932493935116,0.0050157336468282,-0.0013726020746048,54,11,0.006388335721433,0.0005653509811294,-0.0005653509811294,0.0058229847403035,0,0,0,0,TimeStop,891.0352899999999,0.8653511655041602,0.039746529006724304,True,False,True,True,HIGH,LOW,HIGH / LOW
1787195820,1.8239424468522565,0.0447621558176297,1,-6.19571511291088e-05,0.0022924145917776,0.0043135495078169,0.0068451071221771,0.0357617255356108,0.0043866531557614,-0.0019976838448176,53,10,0.006384337000579,0.000635784597568,-7.310364794445474e-05,0.0063112333526345,0,0,0,0,TimeStop,879.84818,0.8560352170415817,0.040251898912832894,True,False,True,True,HIGH,LOW,HIGH / LOW
1787195880,1.804672257128924,0.0437523606943569,1,0.0005066956207021,0.002591386174448,0.0037785016286644,0.0072351791530945,0.0330508867173363,0.0044593557727108,-0.0019254433586681,52,9,0.0063847991313789,0.0006808541440463,-0.0006808541440463,0.0057039449873326,0,0,0,0,TimeStop,878.8249799999999,0.855434600744501,0.04029876346937704,True,False,True,True,HIGH,LOW,HIGH / LOW
1787195940,1.813618320289488,0.0342516671724315,1,-0.0004025000723401,0.0019941259874417,0.0035212245724703,0.0067271911803003,0.031798373795538,0.0038344570155386,-0.0025463699759831,51,8,0.0063808269915217,0.0006804305680141,-0.0003132324430682,0.0060675945484534,0,0,0,0,TimeStop,888.0093699999999,0.8661332476832826,0.039881966560780774,True,False,True,False,HIGH,LOW,HIGH / LOW
1787196000,1.7994390858898677,0.0233152289744291,1,-0.0008438176653913,0.0005493853146225,0.002925523799635,0.0056723057596087,0.0303109139102076,0.0033697753622885,-0.003008097901938,50,7,0.0063778732642265,0.0006801155921741,-0.0004442515626534,0.0059336217015731,0,0,0,0,TimeStop,895.5484299999999,0.8726244525561214,0.03954622532250992,True,False,True,False,HIGH,LOW,HIGH / LOW
1787196060,1.716691616537025,0.0246967853613421,1,-0.0007292195918539,0.0012549461321928,0.0022793535834228,0.0060171463505537,0.0293246937733295,0.0034800638276854,-0.0028985104800368,49,6,0.0063785743077222,0.0012008548732969,-0.0012007102442625,0.0051778640634596,0,0,0,0,TimeStop,886.25946,0.8649247166339248,0.03996071308508233,True,False,True,False,HIGH,LOW,HIGH / LOW
1787196120,1.645136105876639,0.03255705342613,1,0.0006228368691621,0.0023313300991963,0.0038375208167402,0.0080660343204691,0.0309754543479834,0.0047502715226992,-0.0016363768011005,48,5,0.0063866483237998,0.0012536384041704,-0.000912750705959,0.0054738976178408,0,0,0,0,TimeStop,886.55945,0.8642543291815042,0.03994719135868441,True,False,True,True,HIGH,LOW,HIGH / LOW
1787196180,1.5911437270756386,0.0307196244002098,1,0.0004484163992364,0.002392278315953,0.0039943241143884,0.0082994691566716,0.0306333867155483,0.0049253385246897,-0.0014624226043578,47,4,0.0063877611290475,0.0012538568372709,-0.0009310144103012,0.0054567467187463,0,0,0,0,TimeStop,889.53306,0.8664396533037707,0.03981365234474815,True,False,True,True,HIGH,LOW,HIGH / LOW
1787196240,1.5817465100413657,0.0324845051421408,1,0.0006073994669137,0.0025099953644687,0.0043479835438636,0.0091053424498782,0.0310001158882836,0.0050850330281608,-0.0013037431915633,46,3,0.0063887762197241,0.0012540560899291,-0.0007370494842972,0.0056517267354269,0,0,0,0,TimeStop,881.34214,0.858248950131048,0.04018366805880858,True,False,True,True,HIGH,LOW,HIGH / LOW
1787196300,1.570712142431751,0.0336501137431218,1,0.001159275194308,0.0025546373109221,0.0053330427053562,0.009431592836001,0.0313333287922711,0.0055510136882589,-0.0008407245158369,45,2,0.0063917382040958,0.0012546374993277,-0.0002179709829026,0.0061737672211932,0,0,0,0,TimeStop,881.9562199999999,0.8586111787836419,0.04015568936063516,True,False,True,False,HIGH,LOW,HIGH / LOW
1787196360,1.4940969410779843,0.0445048470733975,1,0.0020013921845332,0.0033069822014183,0.0061577839114351,0.0103069231662958,0.0328082978723714,0.0063969704393591,-1.4504944075116626e-07,44,1,0.0063971154887999,0.0012556930092405,-0.000239186527924,0.0061579289608758,0,0,0,0,TimeStop,888.0785099999999,0.8622785913124198,0.039878861611007795,True,False,True,False,HIGH,LOW,HIGH / LOW
1787196420,1.5145901944149107,0.048690904782182,1,0.0017686709961729,0.002905311376551,0.0057403165951525,0.0098422822683521,0.0345877304882291,0.0057843847848776,-0.0004703989330858,43,2,0.0062547837179635,0.0012549286791138,-4.406818972506072e-05,0.0062107155282384,0,0,0,0,TimeStop,901.1256000000001,0.878433535957072,0.03930146918476181,True,False,True,False,HIGH,LOW,HIGH / LOW
1787196480,1.5378780626342483,0.0466855513443859,1,0.0014981162709192,0.0026741520321426,0.0049261076606624,0.0090407115269905,0.0338374335210905,0.0055536068453193,-0.0009918862660262,60,1,0.0065454931113455,0.0,-0.0006274991846569,0.0059179939266886,0,0,0,0,TimeStop,921.49317,0.896544233450057,0.03843279706565812,True,False,True,False,HIGH,LOW,HIGH / LOW
1787196540,1.4827919688076068,0.0479659697020299,1,0.0032520339349479,0.0033287383201622,0.0057109242269421,0.0090759122565631,0.0345627929792141,0.0063400741843054,0.0,59,1,0.0063400741843054,0.0007344191136309,-0.0006291499573632,0.0057109242269421,0,0,0,0,TimeStop,927.7845500000001,0.9067384058088381,0.03817218124617401,True,False,False,False,HIGH,LOW,HIGH / LOW
1787196600,1.3984317185451485,0.0433356994950137,1,0.0043979178695902,0.0027738260044847,0.0049773502519473,0.0087830818498241,0.0330579362815687,0.0058662093817611,0.0,58,1,0.0058662093817611,0.0012943748391272,-0.0008888591298137,0.0049773502519473,0,0,0,0,TimeStop,925.7294300000001,0.9074397615517817,0.03825692351597809,False,False,False,False,NORMAL,LOW,NORMAL / LOW
1787196660,1.356129200762812,0.0243134752748777,1,0.0020843223528048,0.0010711804550453,0.0027501013141897,0.0075426966942627,0.0310312337173622,0.0045058762230071,-0.000487610721936,57,8,0.0049934869449431,0.0017559196433741,-0.0017557749088174,0.0032377120361257,0,0,0,0,TimeStop,921.76701,0.9039546114990495,0.03842137938957047,False,False,True,True,NORMAL,LOW,NORMAL / LOW
1787196720,1.3127982345778628,0.0303551070516445,1,0.0023545176221109,0.0021134777893014,0.0026452131081659,0.0075572140254202,0.0340949033900769,0.00474262157528,-0.0002520422516045,56,7,0.0049946638268846,0.0021616857558633,-0.0020974084671141,0.0028972553597704,0,0,0,0,TimeStop,926.48063,0.9078632085527167,0.038225904409895754,False,False,True,True,NORMAL,LOW,NORMAL / LOW
1787196780,1.3400233813544031,0.024343743260723,1,0.0020836347851251,0.0018812038778757,0.0022410649688902,0.0068976993199247,0.0313099406742873,0.0042442482998119,-0.0007479380697439,55,6,0.0049921863695559,0.0024500072348431,-0.0020031833309217,0.0029890030386341,0,0,0,0,TimeStop,937.47636,0.9187174204022204,0.03777754993203242,False,False,True,True,NORMAL,LOW,NORMAL / LOW
1787196840,1.279034720940244,0.0191021117475493,1,0.0023975910903692,0.0028632144249733,0.0021684702514888,0.0073461959427519,0.0318288358779787,0.0045323373017701,-0.0004612811835197,54,5,0.0049936184852899,0.0024507100719669,-0.0023638670502813,0.0026297514350085,0,0,0,0,TimeStop,920.35524,0.9030460816537498,0.038480315492091945,False,False,True,True,NORMAL,LOW,NORMAL / LOW
1787196900,1.2742693928317474,0.019785793364186,1,0.0013943795821376,0.0025560248516245,0.0024615127209274,0.0077913890041141,0.0304809581937964,0.0045108193955681,-0.0004826921223199,53,4,0.0049935115178881,0.002450657575748,-0.0020493066746407,0.0029442048432473,0,0,0,0,TimeStop,914.77044,0.896853475698815,0.038715243137939614,False,False,True,True,NORMAL,LOW,NORMAL / LOW
1787196960,1.266374096718108,0.0253459663514289,1,0.0019856136724385,0.0030737282281201,0.0024567247230828,0.0076710773564344,0.0314127585556588,0.0045060216097408,-0.0004874660579324,52,3,0.0049934876676733,0.0024506458708166,-0.002049296886658,0.0029441907810152,0,0,0,0,TimeStop,912.2821600000001,0.894911924029154,0.038820840254072266,False,False,True,True,NORMAL,LOW,NORMAL / LOW
1787197020,1.2526740090725337,0.0178209298745363,1,0.0017074297798158,0.0034778136157613,0.0028074614594545,0.0070912317156457,0.032182837103413,0.004418506408506,-0.0005745462134147,51,2,0.0049930526219207,0.0024504323641159,-0.0016110449490514,0.0033820076728693,0,0,0,0,TimeStop,919.0230100000001,0.9008097604047914,0.03853609715386777,False,False,True,True,NORMAL,LOW,NORMAL / LOW
1787197080,1.1400539864650707,0.0256983280663872,1,0.0019429906478465,0.0033698676186515,0.0033633528597548,0.0071239612397904,0.0346078469836593,0.0047686587399908,-0.0002261345199266,50,1,0.0049947932599174,0.0024512866142118,-0.0014053058802359,0.0035894873796814,0,0,0,0,TimeStop,921.64314,0.9049816784278052,0.03842654327140112,False,False,True,True,NORMAL,LOW,NORMAL / LOW
1787197140,1.0478560709180555,0.0263099170915954,1,0.0019014409633274,0.0040546411649084,0.0030703334818216,0.0065157723036753,0.034413128078857,0.0047686587399908,-0.0001148045290023,49,1,0.0048834632689931,0.0024512866142118,-0.0016983252581692,0.0031851380108239,0,0,0,0,TimeStop,925.2173999999999,0.908455391905006,0.03827809550490512,False,False,True,True,NORMAL,LOW,NORMAL / LOW
1787197200,0.9744651600629364,0.0277730694181543,1,0.0013937463810075,0.0043865083960625,0.0034389114070642,0.0065665894614938,0.035079328314997,0.0046803705848292,-0.0001793572669368,48,1,0.0048597278517661,0.0024510712217719,-0.001241459177765,0.0036182686740011,0,0,0,0,TimeStop,927.10516,0.9112193065941262,0.03820015412275345,False,False,True,True,NORMAL,LOW,NORMAL / LOW
1787197260,0.8855709029643208,0.0293046058687251,1,0.0013029822384165,0.0039955130277232,0.0043639265147547,0.0065683275287096,0.034924006213666,0.0046805160220781,-3.4452813325604946e-05,47,1,0.0047149688354038,0.0024510715765883,-0.0003165895073234,0.0043983793280803,0,0,0,0,TimeStop,915.60572,0.9010159782268429,0.038679924367444975,True,False,True,True,NORMAL,LOW,NORMAL / LOW
1787197320,0.8174257815358936,0.0334987760747468,1,0.0011346335868617,0.0036037386618039,0.0036998229242291,0.0065175228608916,0.0341345130474181,0.0043022307321752,-0.0002027320055085,46,1,0.0045049627376838,0.0024501486918432,-0.0006024078079461,0.0039025549297376,0,0,0,0,TimeStop,924.24821,0.9101414543258475,0.038318234881948,True,False,True,True,NORMAL,LOW,NORMAL / LOW
1787197380,0.7717820662243146,0.0294391122513371,1,0.0011742765584047,0.0032201825691179,0.0034798630449509,0.0061317866118004,0.0337654059601515,0.0040494240663185,0.0,45,1,0.0040494240663185,0.0024495319313674,-0.0005695610213675,0.0034798630449509,0,0,0,0,TimeStop,925.0234800000001,0.9122337574677074,0.03828612004529874,True,False,False,True,NORMAL,LOW,NORMAL / LOW
1787197440,0.7720292116474217,0.0154510582260404,1,7.645574852553277e-05,0.0025903901338842,0.0022495911640856,0.0052349785772147,0.0335056839573725,0.003078030390076,-0.000446738598663,44,11,0.0035247689887391,0.0024471620681208,-0.0008284392259904,0.0026963297627486,0,0,0,0,TimeStop,944.32608,0.9273245806870275,0.037503528442209284,False,False,True,True,NORMAL,LOW,NORMAL / LOW
1787197500,0.7695507846242858,0.0069379675969177,1,-0.0016169805175924,0.0008630341313334,0.0012119417604194,0.0033216929783134,0.0324374430121148,0.001461862361568,-0.0020572274887841,43,10,0.0035190898503521,0.0024432191793572,-0.0002499206011486,0.0032691692492035,0,0,0,0,TimeStop,976.73654,0.9514323753666988,0.04070117004120681,True,False,True,True,NORMAL,LOW,NORMAL / LOW
1787197560,0.7375539382656215,0.0011959967567622,1,-0.0010110345757937,0.0015597374834281,0.0018002192789561,0.0036108377706918,0.034762112952494,0.002416517069658,-0.0011059273924073,42,9,0.0035224444620654,0.0024455482053342,-0.0006162977907018,0.0029061466713635,0,0,0,0,TimeStop,979.89403,0.953225089274563,0.04057001959691498,True,False,True,True,NORMAL,LOW,NORMAL / LOW
1787197620,0.7315395243119749,0.0059620800026098,1,-0.0002404736334019,0.0020165122339696,0.0021321995494983,0.0026353888220345,0.0357378482101539,0.0023824943282886,-0.0011398305794648,41,8,0.0035223249077535,0.0024454652016599,-0.0002502947787902,0.0032720301289632,0,0,0,0,TimeStop,984.00077,0.9562161688992061,0.0404007000929481,True,False,True,True,NORMAL,LOW,NORMAL / LOW
1787197680,0.7348826694292432,0.0014427319530952,1,-0.0002020099922026,0.0011840471308516,0.0014729835099776,0.0025895977127674,0.0352905247350332,0.0021561209460826,-0.0013654084962601,40,7,0.0035215294423427,0.0024449129292171,-0.0006831374361049,0.0028383920062377,0,0,0,0,TimeStop,981.04454,0.9527328889081508,0.04052244151932184,True,False,True,True,NORMAL,LOW,NORMAL / LOW
1787197740,0.707046300984175,0.0091335032043866,1,0.0004645096304527,0.0015240594185356,0.0018333474597012,0.0019952110890879,0.0343679369664617,0.0021296402050196,-0.0013917961852453,39,6,0.0035214363902649,0.0024448483254046,-0.0002962927453183,0.0032251436449465,0,0,0,0,TimeStop,977.11023,0.9495104235919549,0.040685604120632324,True,False,True,True,NORMAL,LOW,NORMAL / LOW
1787197800,0.6887263556352604,0.0027090579770306,1,0.0011600277504768,0.0023748337862056,0.0039891310631901,0.0035841475400357,0.0366537549864138,0.0039891310631901,-0.0004127883447996,60,5,0.0044019194079897,0.0,0.0,0.0044019194079897,0,0,0,0,TimeStop,972.10793,0.9434744223960171,0.04089496523292429,False,False,True,True,NORMAL,LOW,NORMAL / LOW
1787197860,0.7218322782209688,0.0005804744811968,1,0.0010859582621086,0.001023123486368,0.003202117950841,0.0025730479546342,0.0359570920816917,0.0034497014120347,-0.0010073786804926,60,4,0.0044570800925274,0.0,-0.0002475834611936,0.0042094966313337,0,0,0,0,TimeStop,964.2811399999999,0.9346119083351968,0.041226897790409965,False,False,True,True,NORMAL,LOW,NORMAL / LOW
1787197920,0.733397221157143,0.0048986961826335,1,0.001767366182294,0.0015026874570456,0.0038144365196537,0.0026294502180782,0.0370145684544857,0.0041032426177823,-0.0008170077463314,60,3,0.0049202503641138,0.0,-0.0002888060981285,0.0046314442659852,0,0,0,0,TimeStop,955.78403,0.9263486508590272,0.04159341310609678,False,False,True,True,NORMAL,LOW,NORMAL / LOW
1787197980,0.7398142486502162,0.0035069125015508,1,0.0014241099385129,0.0015982224056303,0.0049108385227517,0.0025700734046601,0.0373612121348731,0.0056477460599287,-0.000703674452167,60,2,0.0063514205120957,0.0,-0.0007369075371769,0.0056145129749187,0,0,0,0,TimeStop,950.34848,0.9215524495358559,0.04183130802713548,False,False,True,False,NORMAL,LOW,NORMAL / LOW
1787198040,0.7479084260124794,0.0003998775121779,1,0.0021491137885885,0.0018333863880596,0.0044346333740189,0.0025370900221905,0.0373225911841684,0.0056894511068303,-0.0006622328039468,59,1,0.0063516839107772,0.0012549622304774,-0.0012548177328113,0.0050968661779658,0,0,0,0,TimeStop,943.8141800000001,0.9152926052572259,0.04212091833585293,False,False,True,False,NORMAL,LOW,NORMAL / LOW
1787198100,0.7702992178224646,0.0088145850964777,1,0.002988596669263,0.0027713256624959,0.0046796387432224,0.0029260029593959,0.0370895919815289,0.0061109096933225,-0.0001637844648483,58,2,0.0062746941581709,0.0014312709501001,-0.0014312709501001,0.0048434232080707,0,0,0,0,TimeStop,953.9747000000001,0.9257675914062956,0.04167230011445796,False,False,True,False,NORMAL,LOW,NORMAL / LOW
1787198160,0.7627351019914537,0.0136332708147869,1,0.0026890270348416,0.0028414052334826,0.0048353332369525,0.002949833742952,0.036670377331213,0.0062022553129968,-7.300852970945367e-05,57,1,0.0062752638427063,0.0014514963134305,-0.0013669220760443,0.0049083417666619,0,0,0,0,TimeStop,937.7862500000001,0.9110375675122933,0.04239166441179959,False,False,True,False,NORMAL,LOW,NORMAL / LOW
1787198220,0.728219268102946,0.015323273353613,1,0.0024663067205015,0.0028267925061741,0.0047059728187358,0.0031708005935439,0.0361003243215741,0.0059925341572567,-0.0002662449146787,56,4,0.0062587790719354,0.0014511937803336,-0.0012865613385209,0.0049722177334145,0,0,0,0,TimeStop,938.0199900000001,0.912575849045504,0.04238110106800602,False,False,True,False,NORMAL,LOW,NORMAL / LOW
1787198280,0.6825819074144795,0.0129803234198293,1,0.0020435063690871,0.0022459496177853,0.0043527465956732,0.0027950462238191,0.0353369675822033,0.0056994782715247,-0.0005574775542312,55,3,0.0062569558257559,0.0014507710327841,-0.0013467316758514,0.0049102241499044,0,0,0,0,TimeStop,939.54911,0.9127403558356936,0.04231212565354886,False,False,True,False,NORMAL,LOW,NORMAL / LOW
1787198340,0.6996547022310489,0.0171666131542971,1,0.0025137421953175,0.002374282541501,0.0042830733265852,0.0030478798953228,0.0346331069414201,0.0058294135295228,-0.0004283506879913,54,2,0.0062577642175142,0.0015464847207135,-0.0015463402029376,0.0047114240145765,0,0,0,0,TimeStop,941.7762399999999,0.912548248130231,0.04221206515042257,False,False,True,False,NORMAL,LOW,NORMAL / LOW
1787198400,0.7178229328618517,0.0247156330421528,1,0.0024840312791093,0.0021974289618652,0.0043792487203705,0.0028680465876908,0.0340230047860997,0.0059121303021609,-0.0003461485374681,53,1,0.006258278839629,0.0015799982511909,-0.0015328815817903,0.0047253972578387,0,0,0,0,TimeStop,927.2063,0.9116242732265093,0.042875377356689656,False,False,True,False,NORMAL,LOW,NORMAL / LOW
1787198460,0.7178515684122454,0.0323342580755584,1,0.0025733738291395,0.0016771243563131,0.0048145035401059,0.0031965122753215,0.0358136894118948,0.0062603003989965,-1.4457968581332526e-07,52,1,0.0062604449786823,0.0015805451261391,-0.0014457968588906,0.0048146481197917,0,0,0,0,TimeStop,911.3994500000001,0.9057444503746142,0.04361898616462847,False,False,True,False,NORMAL,LOW,NORMAL / LOW
1787198520,0.7281880983856723,0.0341064696337473,1,0.002257528743511,0.0005306138782182,0.0040982807272456,0.002435796515284,0.0340855491723621,0.0054506021304586,1.4446334820046065e-07,51,1,0.0054504576671104,0.0015792733233546,-0.0013523214032129,0.0040981362638974,0,0,0,0,TimeStop,908.8403300000001,0.9163514798097043,0.043741808860969005,False,False,False,False,NORMAL,LOW,NORMAL / LOW
1787198580,0.6962536274602429,0.0321835632031746,1,0.0013863371770166,0.0003591853900658,0.0035528591055951,0.0020329286492016,0.0346620400545869,0.0051848634914986,-8.67995253032858e-05,50,30,0.0052716630168019,0.0016321488110702,-0.0016320043859034,0.0036396586308984,0,0,0,0,TimeStop,910.6328100000001,0.9301152362676718,0.04365570794665305,False,False,False,True,NORMAL,LOW,NORMAL / LOW
1787198640,0.7248327551656357,0.0325069609755953,1,0.0010590578455144,-0.000692760651195,0.0030132201824269,0.0011964553746679,0.0336914039949198,0.0044886560443366,-0.0007793557325943,49,29,0.0052680117769309,0.0017176134395565,-0.0014754358619096,0.0037925759150213,0,0,0,0,TimeStop,890.91008,0.9286883827826113,0.044622146378678305,False,True,True,True,NORMAL,LOW,NORMAL / LOW
1787198700,0.7274524740170301,0.0412950604478503,1,0.0012133984598429,-9.427117124060624e-05,0.0032070965836302,0.0021566876373103,0.035077104578634,0.0047749142247834,-0.0004945988249162,48,28,0.0052695130496997,0.0018047226825099,-0.0015678176411532,0.0037016954085464,0,0,0,0,TimeStop,885.39604,0.9350237114820736,0.04490004269727703,False,False,True,True,NORMAL,LOW,NORMAL / LOW
1787198760,0.728309240412578,0.0294023555271019,1,-6.276661381774278e-05,-0.0006151128154131,0.0034865050337382,0.0011492783426611,0.0373229043598411,0.0042515362669822,-0.0010152319421173,47,27,0.0052667682090996,0.0018037826191598,-0.000765031233244,0.0045017369758555,0,0,0,0,TimeStop,881.01044,0.9339258770154407,0.04512355154383869,False,True,True,True,NORMAL,LOW,NORMAL / LOW
1787198820,0.7485143376171862,0.0243472625558936,1,-0.0002642117663076,-0.0006680288763847,0.0029677673182736,0.0008883976421694,0.0340025544316619,0.0037596815152139,-0.0015045071758301,46,26,0.005264188691044,0.0018028991760976,-0.0007919141969402,0.0044722744941037,0,0,0,0,TimeStop,893.5838299999999,0.9447528138939877,0.04448862956707711,False,True,True,True,NORMAL,LOW,NORMAL / LOW
1787198880,0.7906348621706594,0.0296665163968316,1,0.0001738648644359,-6.492878754825863e-06,0.0030523744457606,0.0010721907117204,0.0350655852897338,0.0042176297529675,-0.0010489606343974,45,25,0.005266590387365,0.0018037217181022,-0.0011652553072068,0.0041013350801581,0,0,0,0,TimeStop,879.16526,0.9291508952407419,0.0452182562354659,False,True,True,True,NORMAL,LOW,NORMAL / LOW
1787198940,0.8435055061333152,0.0366856319158322,1,-0.0003150503215388,-0.0009803327854198,0.0023845776739626,8.233122819168905e-05,0.0364795109150157,0.0035327450471493,-0.0017302534821351,44,24,0.0052629985292844,0.0018024915650141,-0.0011481673731866,0.0041148311560977,0,0,0,0,TimeStop,872.75116,0.9242625485458265,0.04555057824271468,False,True,True,True,NORMAL,LOW,NORMAL / LOW
1787199000,0.9076242345582362,0.0347354679229001,1,-0.0002166236061791,-0.0009434585003651,0.0020385391123073,-0.0001707910667481,0.0365926706563073,0.0031130094942536,-0.0021477877440331,43,23,0.0052607972382867,0.0018017376585797,-0.0010744703819463,0.0041863268563404,0,0,0,0,TimeStop,872.8480999999999,0.9212579213504668,0.04554551931773696,False,True,True,True,NORMAL,LOW,NORMAL / LOW
1787199060,0.966833845592084,0.0337991476917598,1,0.0001519695484167,0.0003669473441374,0.0022139396735682,0.0010092854259184,0.0344020704769595,0.0035038064478919,-0.0017590403137435,42,22,0.0052628467616355,0.001802439587058,-0.0012898667743236,0.0039729799873118,0,0,0,0,TimeStop,845.7785,0.8945600279620047,0.04700322838662841,False,True,True,True,NORMAL,LOW,NORMAL / LOW
1787199120,1.0100853925435644,0.0275021744405577,1,0.0003595989044777,9.573924321299484e-05,0.0017078785178584,0.0006192771831322,0.0364088844287474,0.0035175520744342,-0.0017453667757431,41,21,0.0052629188501773,0.001859705962291,-0.0018096735565758,0.0034532452936015,0,0,0,0,TimeStop,835.59296,0.8834188094839032,0.047576178717446356,False,True,True,True,NORMAL,LOW,NORMAL / LOW
1787199180,1.0367209523255734,0.0228827678641324,1,0.0002020303982925,0.0002588469414241,0.0019447408646497,0.0007174170103538,0.0372224785856429,0.0036485161364749,-0.0016150895509474,40,20,0.0052636056874224,0.0019313298531997,-0.0017037752718252,0.0035598304155971,0,0,0,0,TimeStop,820.67021,0.8737119357622647,0.048441285568291796,False,True,True,True,NORMAL,LOW,NORMAL / LOW
1787199240,1.005143971431396,0.0257057952272492,1,-0.000139109967222,-0.0003399184484034,0.0014654838619464,1.2973986580200994e-05,0.0370614900652418,0.0033073574901274,-0.0019544590006167,39,19,0.0052618164907441,0.0019306733585527,-0.0018418736281809,0.0034199428625631,0,0,0,0,TimeStop,824.95527,0.8795094491289673,0.04818966730159806,False,True,True,True,NORMAL,LOW,NORMAL / LOW
1787199300,0.9159270745270536,0.0338747284596026,1,-0.0002858921521955,0.0003486067695454,0.0016993498728838,5.766861364594693e-07,0.0352670965092898,0.0034196046182177,-0.0018428005493513,38,18,0.005262405167569,0.0021412356250166,-0.0017202547453338,0.0035421504222352,0,0,0,0,TimeStop,813.82432,0.8684244374856904,0.04884877365178765,False,True,True,True,NORMAL,LOW,NORMAL / LOW
1787199360,0.9332066655647548,0.0393457237405728,1,-0.000893949007845,0.0002401072911858,0.0025092293493308,-0.0001013786340562,0.0361388151822795,0.0036774630826026,-0.0015862944162436,37,17,0.0052637574988462,0.0021417858790953,-0.0011682337332717,0.0040955237655745,0,0,0,0,TimeStop,804.10523,0.8654826268274148,0.04943920088667997,False,True,True,True,NORMAL,LOW,NORMAL / LOW
1787199420,0.936199278980889,0.0443453809276494,1,-0.001723025086634,0.0001154545001167,0.0025206845169029,0.0011725622452542,0.0372801283634951,0.0031858811686359,-0.0020752982430447,36,16,0.0052611794116806,0.0021407368735727,-0.0006651966517329,0.0045959827599477,0,0,0,0,TimeStop,804.91659,0.8677601581272439,0.049389365921753456,False,True,True,True,NORMAL,LOW,NORMAL / LOW
1787199480,0.9377985890747286,0.0448403411924267,1,-0.0010257297796237,0.0002885946694357,0.0034436656282451,0.0007013672551056,0.0378071997230874,0.0038075458636206,-0.0014710972654897,60,15,0.0052786431291104,0.0,-0.0003638802353755,0.0049147628937349,0,0,0,0,TimeStop,805.27693,0.8698518570035567,0.04936726549461686,False,True,True,True,NORMAL,LOW,NORMAL / LOW
1787199540,0.9738418697363654,0.0514782632257848,1,-0.0017499651823537,0.0003088173851212,0.0031947172908035,0.0019104291177596,0.0364270434065756,0.0034402429709442,-0.0018364686515753,59,14,0.0052767116225196,0.0003798944023317,-0.0002455256801407,0.0050311859423789,0,0,0,0,TimeStop,798.83755,0.863652210759106,0.04976521196330844,False,False,True,True,NORMAL,LOW,NORMAL / LOW
1787199600,0.9890872602745012,0.0523038390918015,1,-0.0013060848297627,0.001610472672071,0.0027387696242562,0.0025817452944249,0.036239600382453,0.0035714744036644,-0.0017059273151824,58,13,0.0052774017188468,0.0008327047794082,-0.0008327047794082,0.0044446969394386,0,0,0,0,TimeStop,788.59813,0.8552195374011011,0.050411380001623894,False,False,True,True,NORMAL,LOW,NORMAL / LOW
1787199660,0.974045462456867,0.0626814227809818,1,-0.0005523808726722,0.0021767673626599,0.0037292923911555,0.0042737367570365,0.0395388110333607,0.004328859404205,-0.0009525251150756,57,12,0.0052813845192807,0.0008333332130832,-0.0005995670130495,0.0046818175062311,0,0,0,0,TimeStop,798.0062200000001,0.871231421919443,0.04981705531067163,True,False,True,True,NORMAL,LOW,NORMAL / LOW
1787199720,0.966325667055128,0.0494035611015533,1,-0.000403923831506,0.0023082804385457,0.0042123485285631,0.0044319099826889,0.0387188401615696,0.0042123485285631,-0.0012406231967686,60,11,0.0054529717253317,0.0,0.0,0.0054529717253317,0,0,0,0,TimeStop,795.1634000000001,0.8686684451246804,0.04999515822785605,True,False,True,True,NORMAL,LOW,NORMAL / LOW
1787199780,0.9719487287809286,0.0508624864462444,1,-0.0001803263907672,0.0033073302677846,0.0042880173113335,0.0047183482102606,0.0382030835812821,0.0042881615724461,-0.0012226129294022,60,10,0.0055107745018483,0.0,-1.4426111253837417e-07,0.0055106302407358,0,0,0,0,TimeStop,796.8898800000002,0.8695483748280665,0.049886842583570006,True,False,True,True,NORMAL,LOW,NORMAL / LOW
1787199840,0.9793394484135964,0.045837672873313,1,-0.0006654921273896,0.0025964866227284,0.0047367635361084,0.0050749904625776,0.0389201834935165,0.0047369077693395,-0.0014156491613197,60,9,0.0061525569306592,0.0,-1.4423323103831406e-07,0.0061524126974282,0,0,0,0,TimeStop,799.3491700000001,0.8749536478498424,0.04973335995332302,True,False,True,True,NORMAL,LOW,NORMAL / LOW
1787199900,0.9311854403972624,0.0402939544062098,1,-0.0007269923778966,0.0019030391395223,0.0040768083376783,0.0041584021679162,0.0382676505402562,0.0042177955567114,-0.0019315825642346,59,8,0.006149378120946,0.0001853881019184,-0.000140987219033,0.006008390901913,0,0,0,0,TimeStop,801.62936,0.8778139529697575,0.04959189618503993,True,False,True,True,NORMAL,LOW,NORMAL / LOW
1787199960,0.9736337612179964,0.042379410347307,1,0.0002149451306062,0.0019882784985385,0.0041237461173644,0.0041110598856453,0.0379117943607971,0.0043458993341747,-0.0019107194909821,60,7,0.0062566188251569,0.0,-0.0002221532168103,0.0060344656083465,0,0,0,0,TimeStop,800.86093,0.8765010128080788,0.04963947985326241,False,False,True,True,NORMAL,LOW,NORMAL / LOW
1787200020,1.005489265843299,0.042964241072421,1,-0.0002637648117274,0.0018738832334797,0.0040785534849457,0.0031684928175977,0.0375305617657194,0.0041511969085033,-0.0021042090089664,59,6,0.0062554059174698,0.0002221101502033,-7.264342355762198e-05,0.0061827624939122,0,0,0,0,TimeStop,792.67609,0.8687051732808269,0.05015203624976249,False,False,True,True,NORMAL,LOW,NORMAL / LOW
1787200080,1.0568737090775315,0.0377476923128516,1,5.680506678130999e-05,0.0021020758215,0.0040944342424403,0.0027104955723045,0.0367645564064942,0.0044404549537983,-0.0018167529099259,58,5,0.0062572078637243,0.0005560841182117,-0.000346020711358,0.0059111871523663,0,0,0,0,TimeStop,783.9812400000002,0.8570527824568732,0.05070825419240898,False,False,True,True,NORMAL,LOW,NORMAL / LOW
1787200140,1.0267252431639924,0.03524599767709,1,-0.0002008364195291,0.0019042695112293,0.0033458799626817,0.003462517911999,0.0355941824047402,0.0044416134791371,-0.0018156016016739,57,4,0.006257215080811,0.0010957335164553,-0.0010957335164553,0.0051614815643556,0,0,0,0,TimeStop,785.7161200000002,0.8586275870361972,0.0505962891533904,True,False,True,True,NORMAL,LOW,NORMAL / LOW
1787200200,1.0379904559477249,0.0286732596542303,1,0.0006346803718784,0.0021770358768185,0.0037868829550463,0.0040701168224332,0.0363416163856849,0.0047014803007527,-0.0015573536323374,56,3,0.0062588339330901,0.0013267574236043,-0.0009145973457063,0.0053442365873838,0,0,0,0,TimeStop,789.6187500000001,0.8622983912453305,0.05034622088191294,True,False,True,True,NORMAL,LOW,NORMAL / LOW
1787200260,1.0333125598081256,0.0397901859660864,1,0.0011350709946203,0.0031321262186244,0.0047794514044844,0.0053101808102855,0.0382781908319346,0.00557128755358,-0.0006929648836688,55,2,0.0062642524372488,0.0013279060466057,-0.0007918361490955,0.0054724162881532,0,0,0,0,TimeStop,774.3939,0.847759248139346,0.05133604487328735,True,False,True,False,NORMAL,LOW,NORMAL / LOW
1787200320,0.9906327305635584,0.0397642549138285,1,0.0018416528007272,0.0035657747994322,0.0048990419073834,0.0063755406561279,0.0389333054570676,0.005913503105181,-0.0003528811795356,54,1,0.0062663842847167,0.0013283579589722,-0.0010144611977976,0.0052519230869191,0,0,0,0,TimeStop,762.30944,0.8361902176680226,0.052149846130726124,True,False,True,False,NORMAL,LOW,NORMAL / LOW
1787200380,1.029494169309887,0.0414793461240927,1,0.0013156739750359,0.0031925270064712,0.0046462218659729,0.0058706519090192,0.0393872045977701,0.0058199768771705,-0.0003880754575768,53,2,0.0062080523347474,0.0013282344530157,-0.0011737550111976,0.0050342973235497,0,0,0,0,TimeStop,758.5911699999999,0.8321823195120303,0.05240546103377397,True,False,True,False,NORMAL,LOW,NORMAL / LOW
1787200440,1.0323235860834996,0.050622975968619,1,0.0020623916811092,0.0037085499711149,0.0051665222414788,0.005950317735413,0.0390642692085499,0.0061813980358174,-2.8885037550548817e-05,52,1,0.0062102830733679,0.001413489312536,-0.0010148757943385,0.0051954072790294,0,0,0,0,TimeStop,760.8824199999999,0.8344914802321616,0.0522476521405239,True,False,True,False,NORMAL,LOW,NORMAL / LOW
1787200500,1.0414591679313117,0.0377206594122783,1,0.0029203717550803,0.0033016790080179,0.0053167889395774,0.006925613899624,0.0395446374209828,0.0058657212287363,-1.443798760839689e-07,51,1,0.0058658656086124,0.0014130458479739,-0.0005489322891588,0.0053169333194535,0,0,0,0,TimeStop,761.1614599999999,0.8364038644397487,0.05222849827420322,True,False,True,False,NORMAL,LOW,NORMAL / LOW
1787200560,1.045019865718057,0.0338416085987549,1,0.0027306565978066,0.004104142359713,0.0052015737984021,0.0064445401522601,0.0394775007785684,0.0058657212287363,0.0,50,1,0.0058657212287363,0.0014130458479739,-0.0006641474303341,0.0052015737984021,0,0,0,0,TimeStop,759.2292899999999,0.8342735402077727,0.05236141508713396,True,False,False,False,NORMAL,LOW,NORMAL / LOW
1787200620,0.9815456612834988,0.0326922116002789,1,0.0027133002366794,0.0036382266351094,0.0042717774057611,0.0058594065693008,0.0391097096345899,0.0054263118397506,-0.0003752236910465,49,3,0.0058015355307972,0.0014124285631818,-0.0011545344339894,0.0046470010968077,0,0,0,0,TimeStop,758.00193,0.8340055867944531,0.0524461989166703,True,False,True,False,NORMAL,LOW,NORMAL / LOW
1787200680,0.9461150054965972,0.0431586725789156,1,0.00348828568852,0.0030588871854991,0.0037480025250247,0.0060853097664352,0.0383479123455676,0.0052195869780863,-0.0005807557038506,48,2,0.005800342681937,0.0016352060600595,-0.0014715844530616,0.0043287582288753,0,0,0,0,TimeStop,755.45386,0.8355617465251642,0.0526230946784758,False,False,True,True,NORMAL,LOW,NORMAL / LOW
1787200740,0.8727740754543427,0.0550154265481882,1,0.0032641510169225,0.0033682124284543,0.0034348925562318,0.0063272513455457,0.0375254687057315,0.0055132342012479,-0.0002888028910886,47,1,0.0058020370923365,0.0021044652448596,-0.002078341645016,0.0037236954473204,0,0,0,0,TimeStop,747.8582799999999,0.8310112450655502,0.05315755814056108,True,False,True,False,NORMAL,LOW,NORMAL / LOW
1787200800,0.7981751710483673,0.0360872587766501,1,0.0026319449213157,0.0029848136604925,0.003116959108197,0.0062655119424284,0.0381206436002653,0.0050555732198306,1.4426358933166757e-07,46,1,0.0050554289562412,0.0021035073940859,-0.0019386141116335,0.0031168148446077,0,0,0,0,TimeStop,746.7649399999999,0.8322464292612949,0.05323538622474698,True,False,False,True,NORMAL,LOW,NORMAL / LOW
1787200860,0.8039428880523075,0.0143346295834144,1,0.0017729522804727,0.0018463148291078,0.0021948229678105,0.0056722654254127,0.037280137558382,0.0041300664658925,-0.0006328780963788,45,3,0.0047629445622714,0.0021273697796746,-0.001935243498082,0.0028277010641893,0,0,0,0,TimeStop,750.0040300000001,0.8377100291809138,0.05300547518391334,True,False,True,True,NORMAL,LOW,NORMAL / LOW
1787200920,0.7683880833088014,0.0310750897561038,1,0.0021382120303008,0.0016119849444267,0.0028073133742848,0.0058230991776583,0.0379503440588025,0.0044161265390159,-0.0003481749075031,44,2,0.004764301446519,0.0021279758321921,-0.001608813164731,0.0031554882817879,0,0,0,0,TimeStop,742.5333,0.8333747733971126,0.05353877058443035,False,False,True,True,NORMAL,LOW,NORMAL / LOW
1787200980,0.7815860323485885,0.0261116972467879,1,0.0020451545795762,0.0016854576476686,0.002642727237996,0.0059365131311005,0.0373973800511648,0.0043834008876369,-0.0003807453295264,43,1,0.0047641462171633,0.0021279064989811,-0.0017406736496408,0.0030234725675224,0,0,0,0,TimeStop,744.2276700000001,0.8356910723638696,0.05341687981044832,False,False,True,True,NORMAL,LOW,NORMAL / LOW
1787201040,0.7655433943083042,0.0314637962096249,1,0.0021055287976234,0.0018060162085773,0.0029786865861044,0.0062988492486949,0.0382719983849103,0.0046433824589738,1.4420442411619e-07,42,1,0.0046432382545497,0.00212845730107,-0.0016646958728694,0.0029785423816803,0,0,0,0,TimeStop,730.1154,0.8222414260953608,0.054449365127759254,False,False,False,True,NORMAL,LOW,NORMAL / LOW
1787201100,0.809742761731062,0.0346110400300521,1,0.0015413772230708,0.0013502723892428,0.0021071974173465,0.0072830253941716,0.0379266710863863,0.0040642204479289,-0.0004323638774392,41,3,0.0044965843253682,0.0021272302770012,-0.0019570230305824,0.0025395612947857,0,0,0,0,TimeStop,704.09204,0.7959237954093132,0.03808507762706705,False,False,True,True,NORMAL,LOW,NORMAL / LOW
1787201160,0.8217662401740637,0.0401735925593329,1,0.0019947909946057,0.0022685773561811,0.0018073648387089,0.007423084991274,0.0379549499608207,0.0044311868472975,-6.704089422452327e-05,40,2,0.004498227741522,0.0026239661825545,-0.0026238220085885,0.0018744057329335,0,0,0,0,TimeStop,707.1394799999999,0.7990980809709999,0.037920948778026084,False,False,True,True,NORMAL,LOW,NORMAL / LOW
1787201220,0.7990973098742775,0.0414975705478379,1,0.0017209526015264,0.0024049523542143,0.0005021186553653,0.0063417701469705,0.0377103504612385,0.0040643651549829,-0.0004322198184389,39,1,0.0044965849734218,0.0035742085686173,-0.0035622464996175,0.0009343384738043,0,0,0,0,TimeStop,700.2027,0.7936045377411651,0.03829662467739699,False,False,True,True,NORMAL,LOW,NORMAL / LOW
1787201280,0.7906111548368898,0.0387706160933961,1,0.0018743869493069,0.0031541606848492,0.0011149718676146,0.0075125428928222,0.0371963439073269,0.0044983844947251,-1.4418361140961413e-07,38,1,0.0044985286783366,0.0038638324205789,-0.0033834126271105,0.001115116051226,0,0,0,0,TimeStop,697.82654,0.7944421854705933,0.03842702801186094,False,False,True,True,NORMAL,LOW,NORMAL / LOW
1787201340,0.7783939238443631,0.0390742617143215,1,0.0016427702542992,0.0028850089647578,0.0001615674201674,0.0071916959246383,0.0364528384556402,0.0041105288342355,-1.441279396235555e-07,37,1,0.0041106729621751,0.0039489614140681,-0.0039489614140681,0.000161711548107,0,0,0,0,TimeStop,700.91043,0.7993492693538634,0.03825795544232378,False,False,True,True,NORMAL,LOW,NORMAL / LOW
1787201400,0.7959238714790196,0.0247298244904366,1,0.0003801969365427,0.0011264827824484,-0.0004033744097662,0.0056278072094897,0.0340199239894046,0.0029367730047218,-0.0011967349994242,36,60,0.0,0.004133508004146,-0.0033401474144881,0.0007933605896579,0,0,0,0,TimeStop,704.2460800000001,0.8023007047753934,0.03807674726425172,False,False,False,True,NORMAL,LOW,NORMAL / LOW
1787201460,0.7901464166763131,0.007856779916981,1,0.0013697454574357,0.00154915288306,-0.0006270620694978,0.0061790451550923,0.0338532884977954,0.0031265271589149,-0.0010077628988324,35,59,0.0007936546790062,0.0041342900577473,-0.0037535892284127,0.0003807008293346,0,0,0,0,TimeStop,704.8827900000001,0.8108666631174328,0.03804235311235219,False,False,False,True,NORMAL,LOW,NORMAL / LOW
1787201520,0.8044017432016973,0.0081892158920954,1,0.0009224235862949,0.0018996830887042,-0.0011804834224979,0.0055905288441957,0.0323844225123169,0.0027056703071862,-0.0015555553316702,34,60,0.0,0.0042612256388565,-0.0038861537296841,0.0003750719091723,0,0,0,0,TimeStop,705.1113199999999,0.8132989416790136,0.03803002340112765,False,False,False,True,NORMAL,LOW,NORMAL / LOW
1787201580,0.9006370535952971,0.0127337161083725,1,-0.0004279058451851,0.0009774542794252,-0.0023293261733872,0.0046731746889667,0.0310581136685291,0.0017252830095355,-0.0025317762506792,33,59,0.0004581008140995,0.0042570592602147,-0.0040546091829227,0.0002024500772919,0,0,0,0,TimeStop,746.5265200000001,0.851835941484259,0.06752689777182999,False,False,False,False,NORMAL,LOW,NORMAL / LOW
1787201640,0.8827541877459559,0.0013447466460585,1,0.0001037228445034,0.0021347341048337,-0.0018891655950316,0.004940285995963,0.0314740569888697,0.0022417657224627,-0.0020174884484257,32,58,0.0004583370077498,0.0042592541708884,-0.0041309313174943,0.000128322853394,0,0,0,0,TimeStop,744.6344399999999,0.8541791979107509,0.06769848034426128,False,False,False,True,NORMAL,LOW,NORMAL / LOW
1787201700,0.8885708444768602,0.0023911300778781,1,0.0003519424460432,0.0021696402877696,-0.0017454676258992,0.0047421582733813,0.0318861870503596,0.0024172661870503,-0.0020113669064747,31,60,0.0,0.004428633093525,-0.0041627338129496,0.0002658992805754,0,0,0,0,TimeStop,729.9936700000001,0.8379839276101423,0.06905624263837794,False,False,False,True,NORMAL,LOW,NORMAL / LOW
1787201760,0.84855341823305,0.005780296330745,1,7.323271053392123e-05,0.0021312301397635,-0.0018764263473166,0.0048792552305275,0.0313779863910889,0.0023529425305943,-0.0022223034320388,30,60,0.0,0.0045752459626331,-0.0042293688779109,0.0003458770847222,0,0,0,0,TimeStop,730.32837,0.8385426946694449,0.06902459505989067,False,False,False,True,NORMAL,LOW,NORMAL / LOW
1787201820,0.8339567121539835,0.0037566388729271,1,-0.0005251043015393,0.0022005466839304,-0.0015279815853834,0.0049201553733275,0.0314032513307437,0.0022730542368004,-0.0023139116673859,29,60,0.0,0.0045869659041863,-0.0038010358221839,0.0007859300820024,0,0,0,0,TimeStop,728.8563399999999,0.8390188694116765,0.06916400013753055,False,False,False,True,NORMAL,LOW,NORMAL / LOW
1787201880,0.7970862750874824,0.0071553821095041,1,-0.0003589627974984,0.0019881791176881,-0.0015509494817771,0.0048846276304097,0.0329208450343935,0.0023334739930374,-0.0022537684259775,28,59,0.0009161824025932,0.0045872424190149,-0.0038844234748146,0.0007028189442003,0,0,0,0,TimeStop,723.91915,0.8336849298932304,0.06963570448440272,False,False,False,True,NORMAL,LOW,NORMAL / LOW
1787201940,0.7896801678330323,0.0103834521101902,1,-0.0002988832816893,0.0014388704543156,-0.0012299255698604,0.005180163877833,0.0330679742894184,0.0025325213646864,-0.0020556320071903,27,58,0.0009163643417422,0.0045881533718768,-0.0037624469345469,0.0008257064373298,0,0,0,0,TimeStop,712.3615199999999,0.8264130423027104,0.07076550120225474,False,False,False,True,NORMAL,LOW,NORMAL / LOW
1787202000,0.762159282910543,0.0010184234961468,1,-0.0001908107225264,0.0016063499966544,-0.0015046130578713,0.0048501322796053,0.0326227336729841,0.0025189605564305,-0.0020691307535511,26,57,0.00097333614417,0.0045880913099817,-0.0040235736143018,0.0005645176956798,0,0,0,0,TimeStop,708.6859599999999,0.8234656549485173,0.0711325225068661,False,False,False,True,NORMAL,LOW,NORMAL / LOW
1787202060,0.8045525677087151,0.0033511547657102,1,0.0002732413022862,0.0016421816656094,-0.001610238764552,0.0048489899352523,0.0325901045209134,0.0024315454277694,-0.0021561458213576,25,56,0.0009732512736512,0.004587691249127,-0.0040417841923215,0.0005459070568055,0,0,0,0,TimeStop,710.1646099999999,0.8246101810753115,0.07098441585254439,False,False,False,True,NORMAL,LOW,NORMAL / LOW
1787202120,0.8306246346324411,0.0006721565123316,1,0.0006828246438407,0.0013285298696218,-0.0016556986939142,0.0047566088390254,0.0335642986012598,0.0023393865800355,-0.002247882898307,24,55,0.0009731617975006,0.0045872694783426,-0.0039950852739498,0.0005921842043928,0,0,0,0,TimeStop,694.4678299999999,0.807378148168955,0.07258884835601385,False,False,False,True,NORMAL,LOW,NORMAL / LOW
1787202180,0.794241930646936,0.0026400609268623,1,0.0012773794322052,0.0014490686686428,-0.0015145494754986,0.0047490135064598,0.033733121242679,0.0026190883603765,-0.0019694611908208,23,54,0.0009734333573045,0.0045885495511973,-0.0041336378358751,0.0004549117153222,0,0,0,0,TimeStop,690.4382899999999,0.8036616420831213,0.07301249181878369,False,False,False,True,NORMAL,LOW,NORMAL / LOW
1787202240,0.785829374023573,0.0106296696393319,1,0.0012402013445803,0.0014525852852462,-0.0018113069411274,0.0053127641309424,0.0326908671164333,0.0024637112683494,-0.0021241271897776,22,53,0.0009732825031605,0.004587838458127,-0.0042750182094768,0.0003128202486502,0,0,0,0,TimeStop,690.2088200000001,0.8045059872133555,0.07303676588774974,False,False,False,True,NORMAL,LOW,NORMAL / LOW
1787202300,0.7922095912132424,0.0142651577064895,1,0.0007460022181477,0.0020084785799938,-0.0010470509527862,0.0061681892508619,0.0327275375120106,0.0025556044352018,-0.0020326545778043,21,52,0.000985747529767,0.0045882590130062,-0.0036026553879881,0.000985603625018,0,0,0,0,TimeStop,695.9325300000002,0.8081461058932894,0.0724360736521398,False,False,False,True,NORMAL,LOW,NORMAL / LOW
1787202360,0.902529754559631,0.0281691291169984,1,0.0001791620192622,0.0010929458333973,-0.0023291062504108,0.0047561333155224,0.0337461584772894,0.0017543786492937,-0.0028302135033235,20,51,0.0010065281981031,0.0045845921526172,-0.0040834848997045,0.0005011072529126,0,0,0,0,TimeStop,738.12757,0.8486450343426838,0.0682952677136826,False,False,False,False,NORMAL,LOW,NORMAL / LOW
1787202420,0.9211014242926536,0.0280453185271237,1,0.0009763588859442,0.0006312541250802,-0.0020732168508904,0.0051035242385766,0.0334750180101545,0.0017816033279601,-0.0028031134201176,19,50,0.0010065555525199,0.0045847167480777,-0.0038548201788505,0.0007298965692272,0,0,0,0,TimeStop,721.3184299999999,0.8301033613680738,0.0698867766348352,False,False,False,False,NORMAL,LOW,NORMAL / LOW
1787202480,0.962877786546422,0.025966094083211,1,0.0014059617438587,0.0006870138416889,-0.0019741578650211,0.006078691566603,0.0332527070229759,0.0021541106112423,-0.0024323109399329,18,49,0.0010069298349713,0.0045864215511753,-0.0041282684762635,0.0004581530749118,0,0,0,0,TimeStop,720.90267,0.8331624445554348,0.06992708183477807,False,False,False,True,NORMAL,LOW,NORMAL / LOW
1787202540,1.0142773664874685,0.0279490104507657,1,0.0020308006199133,6.64562888793793e-05,-0.0022967696202123,0.006523648513551,0.0334384455097268,0.0021378211370699,-0.0024485258642985,17,48,0.0010069134678703,0.0045863470013684,-0.0044345907572822,0.0001517562440862,0,0,0,0,TimeStop,702.02896,0.8124983196619154,0.07180703770397165,False,False,False,True,NORMAL,LOW,NORMAL / LOW
1787202600,1.0587750774561822,0.0328176475962899,1,0.001817058341769,0.0001317521919622,-0.0022048355355799,0.0054470038314572,0.0341320162716832,0.002064597121646,-0.0025214147653934,16,47,0.0010068398949089,0.0045860118870394,-0.0042694326572259,0.0003165792298134,0,0,0,0,TimeStop,682.4314600000001,0.7933626001348866,0.07386913258658971,False,False,False,False,NORMAL,LOW,NORMAL / LOW
1787202660,1.0441182753388942,0.0190605848171202,1,0.0020578467275359,0.0003478658687905,-0.0012019931074219,0.0042388420008473,0.0350807910567684,0.0022795428829563,-0.0023074527169288,15,46,0.0011054596095068,0.0045869955998851,-0.0034815359903783,0.0011054596095068,0,0,0,0,TimeStop,683.23803,0.7992579901573148,0.07378192926409556,False,False,False,True,NORMAL,LOW,NORMAL / LOW
1787202720,1.10090711778745,0.0169311475862939,1,0.0027270829884777,0.0011934046794821,-0.001086745305764,0.0055346283115143,0.0367979157520492,0.0027996286353789,-0.0017897471697841,14,45,0.0012393214678977,0.004589375805163,-0.003886373941143,0.00070300186402,0,0,0,0,TimeStop,677.83787,0.7924802317158497,0.07436973092105345,False,False,False,True,NORMAL,LOW,NORMAL / LOW
1787202780,1.070943778676789,0.0177183770123481,1,0.0023479847543625,0.0009556588677801,-0.0012249416601924,0.0047722495087136,0.0364583858058176,0.0026934036222349,-0.0018954860374496,13,44,0.001239190188492,0.0045888896596846,-0.0039183452824274,0.0006705443772572,0,0,0,0,TimeStop,676.15165,0.7936687607535201,0.07455519778736028,False,False,False,True,NORMAL,LOW,NORMAL / LOW
1787202840,1.1035031947731313,0.0133200289661516,1,0.0017382732768264,0.0011705563338151,-0.0014503843604923,0.0047898957899699,0.038499672670302,0.0028322511588967,-0.0017572739453045,12,43,0.001239361784819,0.0045895251042013,-0.004282635519389,0.0003068895848122,0,0,0,0,TimeStop,665.9262,0.7812387390278674,0.07570001000110824,False,False,False,True,NORMAL,LOW,NORMAL / LOW
1787202900,1.1053289148700074,0.0156941465889137,1,0.001797503702161,0.0007559043513292,-0.0016958912741263,0.0044322304834693,0.0413002706258476,0.0027102884310508,-0.0018786785030272,11,42,0.0012392110557774,0.004588966934078,-0.0044061797051771,0.0001827872289009,0,0,0,0,TimeStop,663.2536,0.7800674736178306,0.07600504543058643,False,False,False,True,NORMAL,LOW,NORMAL / LOW
1787202960,1.0785985240361404,0.0338117374898713,1,0.0013685664144538,-0.0004601685894301,-0.002604073765068,0.0038695014240916,0.039212865732616,0.0021577145487499,-0.002604073765068,10,60,0.0,0.0047617883138179,-0.0047617883138179,0.0,0,0,0,0,TimeStop,663.0272,0.7806351761367284,0.07603099842661055,False,False,False,False,NORMAL,LOW,NORMAL / LOW
1787203020,1.135391012688436,0.0403563807236626,1,0.0006452646231945,-0.0018982684536624,-0.0013447326249416,0.00172430005035,0.0400154644970746,0.0016554315667249,-0.0031039701314942,9,59,0.0017592375065525,0.0047594016982191,-0.0030001641916665,0.0017592375065525,0,0,0,0,TimeStop,664.11946,0.7814345257273543,0.0759059522213067,False,False,False,False,NORMAL,LOW,NORMAL / LOW
1787203080,1.1835612442304737,0.0315123010191335,1,0.0001714702039258,-0.0020327771115881,-0.0027328872233425,0.0016850936050523,0.0405179923699352,0.0013399972432534,-0.0034179056574675,8,58,0.0017586834997801,0.004757902900721,-0.004072884466596,0.0006850184341249,0,0,0,0,TimeStop,672.78223,0.7904305956790254,0.0749285842463467,False,False,False,False,NORMAL,LOW,NORMAL / LOW
1787203140,1.1791608329105887,0.0246716949717611,1,0.0002121208680801,-0.0027156069940677,-0.0012801983013947,0.000819597093944,0.0404843311517172,0.0012219944046653,-0.003535347801337,7,57,0.0022552932132674,0.0047573422060024,-0.0025021927060601,0.0022551494999422,0,0,0,0,TimeStop,668.5336599999999,0.7871126998566609,0.07540475972443932,False,False,False,False,NORMAL,LOW,NORMAL / LOW
1787203200,1.149295668780642,0.0169777588591776,1,0.0012615352537485,-0.0015281357735765,-0.0001565954509668,0.001808253256114,0.0399994248100973,0.001808253256114,-0.0029518745798417,6,56,0.0027954229263504,0.0047601278359558,-0.0019648487070809,0.0027952791288748,0,0,0,0,TimeStop,670.8172299999999,0.7983946467038218,0.07514806976559027,False,False,False,False,NORMAL,LOW,NORMAL / LOW
1787203260,1.132093125181257,0.0340802122610183,1,0.0009136201281081,-0.0021728488774548,0.0005424215174431,0.0024287487717164,0.0390194146074273,0.0015749344615931,-0.0031840847517446,5,55,0.0037265062691878,0.0047590192133378,-0.0010325129441499,0.0037265062691878,0,0,0,0,TimeStop,663.34903,0.7901677920514042,0.07599411127502516,False,False,False,False,NORMAL,LOW,NORMAL / LOW
1787203320,1.1716084903528017,0.0372253748195087,1,-0.0003447681434235,-0.0030743262655863,0.0002186404642877,0.0011924668160661,0.0366030282135263,0.0009050163764868,-0.0039508992702407,60,54,0.0048559156467275,0.0,-0.000686375912199,0.0041695397345285,0,0,0,0,TimeStop,682.6199599999999,0.8080613565562538,0.07384873422101518,False,False,False,False,NORMAL,LOW,NORMAL / LOW
1787203380,0.93001027958992,0.0347054788116955,1,-0.0007179385080929,-0.0033035513823765,0.0004284935113326,0.0003737647054935,0.0385546481490816,0.0008476500872859,-0.004007987245459,59,53,0.0048556373327449,0.0009335498927761,-0.0004191565759532,0.0044364807567917,0,0,0,0,TimeStop,682.7402099999999,0.8068084120073412,0.07383572735521174,False,False,False,False,NORMAL,LOW,NORMAL / LOW
1787203440,0.9769304821074682,0.046811906570006,1,-0.001960363224183,-0.0040153280421517,0.0003366323784936,-0.000372807798272,0.0373034612411959,0.0004800420783295,-0.0046452397167062,60,52,0.0051252817950357,0.0,-0.0001434096998359,0.0049818720951998,0,0,0,0,TimeStop,690.2090999999999,0.8143699836290429,0.07303673625862077,False,True,False,False,NORMAL,LOW,NORMAL / LOW
1787203500,1.07104316104272,0.0447843013967612,1,-0.0016822494044934,-0.0039066319276492,8.126253844361985e-05,0.0003620920882591,0.0354069207255224,0.000620380615927,-0.0045056201085442,59,51,0.0051260007244713,0.0006381837162219,-0.0005391180774834,0.0045868826469878,0,0,0,0,TimeStop,711.32328,0.833670630924209,0.07086878978570757,False,False,False,False,NORMAL,LOW,NORMAL / LOW
1787203560,1.1144693612044958,0.0475054335443153,1,-0.0017064692066727,-0.0039991334134165,-1.2634131767248064e-05,0.0004522444894008,0.036375962473183,0.0005945220414632,-0.0045313462141177,58,50,0.005125868255581,0.0006381672239323,-0.0006071561732305,0.0045187120823504,0,0,0,0,TimeStop,708.87025,0.8286894726362842,0.07111402968314723,False,False,False,False,NORMAL,LOW,NORMAL / LOW
1787203620,1.1421455413057708,0.0515245338513888,1,-0.0015295072158863,-0.0037203414841978,-0.0009063640132431,0.0002773353299944,0.035471360964277,0.0004455739463266,-0.0046795312745827,57,49,0.0051251052209093,0.0013520815078773,-0.0013519379595698,0.0037731672613395,0,0,0,0,TimeStop,709.9787299999999,0.8290604433384653,0.07100300032931973,False,False,False,False,NORMAL,LOW,NORMAL / LOW
1787203680,1.1928416156017676,0.0504594568936335,1,-0.0013890643845845,-0.0035321061397967,-0.0013782953305382,0.0008040893687898,0.0342046694618343,0.0007179369364195,-0.0044085635517775,56,48,0.0051265004881971,0.0021094423065878,-0.0020962322669577,0.0030302682212393,0,0,0,0,TimeStop,704.09901,0.8212059370741814,0.07159592512422365,False,False,False,False,NORMAL,LOW,NORMAL / LOW
1787203740,1.2718841159193308,0.0398524343590529,1,-0.0005667318082538,-0.0026649614898265,0.0001162489941372,0.0014431256466259,0.0351763133693528,0.0014656857110012,-0.0036646453615357,55,47,0.005130331072537,0.0021110185078745,-0.001349436716864,0.0037808943556729,0,0,0,0,TimeStop,714.1055900000001,0.8317851783488642,0.07059266963587274,False,False,False,False,NORMAL,LOW,NORMAL / LOW
1787203800,1.3247204746205012,0.0429517604609384,1,-0.0010397304315318,-0.0031059737735649,0.0002821653402692,-0.0001492717864255,0.0331216710164761,0.0012846855767249,-0.0038447182642291,54,46,0.0051294038409541,0.0021106369724521,-0.0010025202364556,0.0041268836044984,0,0,0,0,TimeStop,712.5660900000001,0.8290579898629052,0.07074518519397968,False,True,False,False,NORMAL,LOW,NORMAL / LOW
1787203860,1.2668870773749792,0.0361395478307356,1,-0.0018262356790687,-0.0032470881215815,0.0005282048762633,-0.0008031529679598,0.0334235749170343,0.0011615623142412,-0.0039672107880782,53,45,0.0051287731023194,0.0021103774373631,-0.0006333574379778,0.0044954156643415,0,0,0,0,TimeStop,717.7509900000001,0.8349595566041076,0.07023413510025252,False,True,False,False,NORMAL,LOW,NORMAL / LOW
1787203920,1.2758981005481635,0.0335613241144196,1,-0.0025418928833034,-0.0029802691869017,0.0014693005836108,-0.000582059130081,0.0330220492791862,0.0014693005836108,-0.0037468170661864,60,44,0.0052161176497972,0.0,0.0,0.0052161176497972,0,0,0,0,TimeStop,717.1507400000002,0.8344125432989956,0.07029292056506836,False,True,False,False,NORMAL,LOW,NORMAL / LOW
1787203980,1.3101150019423782,0.0168171510023403,1,-0.0022038694175754,-0.0029593298719438,0.0012187673793986,-0.0008103560019371,0.0325822319494962,0.001658506582436,-0.0035887604958993,60,43,0.0052472670783353,0.0,-0.0004397392030374,0.0048075278752979,0,0,0,0,TimeStop,706.0415800000002,0.8264371773297089,0.07139893942223628,False,True,False,False,NORMAL,LOW,NORMAL / LOW
1787204040,1.308220497128262,0.002779684619777,1,-0.0029271069616782,-0.0032591580213895,0.0007797668113601,9.799170174094738e-05,0.0328944636556394,0.0014997615583152,-0.0037466739216924,59,42,0.0052464354800077,0.0008493093093697,-0.0007199947469551,0.0045264407330526,0,0,0,0,TimeStop,701.0453200000002,0.8239570414690841,0.07190779049776695,False,True,False,False,NORMAL,LOW,NORMAL / LOW
1787204100,1.2435570270260254,0.0127140238636793,1,-0.0027861561930651,-0.0030494048684202,0.0016003164154292,-0.0006020395237798,0.0313958154231842,0.0017503954474782,-0.0042081011656185,60,41,0.0059584966130968,0.0,-0.000150079032049,0.0058084175810477,0,0,0,0,TimeStop,690.1691600000001,0.8124785638061575,0.07304096288509905,False,True,False,False,NORMAL,LOW,NORMAL / LOW
1787204160,0.9617697760603462,0.0153788540094677,1,-0.0030836517192841,-0.0034183160495246,0.0012365344287724,-0.0008735744448594,0.032633363017437,0.0018652150182413,-0.0040939645514348,59,40,0.0059591795696762,0.0008701272586251,-0.0006286805894689,0.0053304989802073,0,0,0,0,TimeStop,686.92534,0.809112056039585,0.07338587916992552,False,True,False,False,NORMAL,LOW,NORMAL / LOW
1787204220,1.0168108372965003,0.0100100465063006,1,-0.0027304995114099,-0.0027027648445134,0.0015808760131056,-0.0007167902511928,0.0332241191009944,0.0023547163304018,-0.0036073748347416,58,39,0.0059620911651434,0.0008705523940909,-0.0007738403172961,0.0051882508478472,0,0,0,0,TimeStop,697.5082600000001,0.821032863708293,0.07227243445117051,False,True,False,False,NORMAL,LOW,NORMAL / LOW
1787204280,1.0430691943654922,0.0006271285302944,1,-0.0025874705190077,-0.0026593447000913,0.0023285797187449,-1.437483620917933e-07,0.0330200050283178,0.0026715633108756,-0.0032924124870751,57,38,0.0059639757979507,0.0008977085217334,-0.0003429835921307,0.00562099220582,0,0,0,0,TimeStop,722.4996100000001,0.8459005880642597,0.06977252209174202,False,True,False,False,NORMAL,LOW,NORMAL / LOW
1787204340,1.1419289821146952,0.0095397136637009,1,-0.0020590012082157,-0.0023630688683043,0.0028824578562797,0.0004589781945803,0.0336575858696276,0.0032774293769058,-0.0026901501639721,56,37,0.0059675795408779,0.0008982509636959,-0.000394971520626,0.0055726080202518,0,0,0,0,TimeStop,757.17725,0.8806155948472484,0.06657703992030929,False,True,False,False,NORMAL,LOW,NORMAL / LOW
1787204400,1.231528795768256,0.0122838087632506,1,-0.0022281307948585,-0.002336279917542,0.0031387694183044,0.0001786186308148,0.0331981852807318,0.0031387694183044,-0.002828128321235,60,36,0.0059668977395394,0.0,0.0,0.0059668977395394,0,0,0,0,TimeStop,783.1705400000001,0.9028200122793675,0.06436735988562593,False,True,False,False,NORMAL,LOW,NORMAL / LOW
1787204460,1.2993475011575475,0.0125819595871551,1,-0.0022965832553496,-0.0015493200206575,0.0034698268020427,0.000528376659788,0.0331220545769658,0.0035789824593042,-0.0028297058132793,60,35,0.0064086882725836,0.0,-0.0001091556572615,0.006299532615322,0,0,0,0,TimeStop,802.45432,0.9198348841939762,0.06282054784127775,False,True,False,False,NORMAL,LOW,NORMAL / LOW
1787204520,1.335239851203824,0.007756830897405,1,-0.0021941902982055,-0.0022774320871362,0.003007343248451,0.0003812732715789,0.0320597339626929,0.003251749191771,-0.0031548494236548,59,34,0.0064065986154258,0.0005548014913362,-0.0002444059433199,0.0061621926721059,0,0,0,0,TimeStop,829.4708900000002,0.9442889821501064,0.06077442934736382,False,True,False,False,NORMAL,LOW,NORMAL / LOW
1787204580,1.429793180292012,0.0116576016153329,1,-0.0021460227189396,-0.0021785186073469,0.0032851042586005,0.0005998798514851,0.032843134294579,0.0033837422207575,-0.0030236992801728,58,33,0.0064074415009303,0.000554874483912,-9.863796215696472e-05,0.0063088035387734,0,0,0,0,TimeStop,849.59468,0.9607093725218218,0.05933490543985045,False,True,False,False,NORMAL,LOW,NORMAL / LOW
1787204640,1.489865823797913,0.012760985541382,1,-0.0020994194893761,-0.0026178763225969,0.0033103023095052,0.0007188808003616,0.0324534424038454,0.0034660118908636,-0.0030996702349992,60,32,0.0065656821258628,0.0,-0.0001557095813583,0.0064099725445044,0,0,0,0,TimeStop,869.8261600000001,0.9786280579994074,0.05795482168528939,False,True,False,False,HIGH,LOW,HIGH / LOW
1787204700,1.545470167852906,0.0197225300179482,1,-0.0020683939141299,-0.0024499437023504,0.0051649444192841,0.0009233130947512,0.0334413360369244,0.005691750628953,-0.0028079072993653,60,31,0.0084996579283184,0.0,-0.0005268062096689,0.0079728517186494,0,0,0,0,TimeStop,886.37848,0.9934836137072908,0.05687256757406836,False,True,False,False,HIGH,LOW,HIGH / LOW
1787204760,1.6834016762718822,0.0449641041427294,1,-0.0014234520013451,-0.0021448921876503,0.0056055888084523,0.001107992817547,0.0341442831441897,0.0063604170105609,-0.0021448921876503,59,30,0.0085053091982112,0.0010199175344791,-0.0007548282021085,0.0077504809961027,0,0,0,0,TimeStop,923.2221999999999,1.0260864794331526,0.05460291141179231,False,True,False,False,HIGH,LOW,HIGH / LOW
1787204820,1.7556929297281914,0.0538557634940227,1,-0.0004394934488682,0.0005545885867397,0.0058367207652228,0.002523306045174,0.0359462714577166,0.0073053001527063,-0.0012079947762076,58,29,0.0085132949289139,0.0014687234364672,-0.0014685793874835,0.0070447155414304,0,0,0,0,TimeStop,973.0722100000003,1.069897415199543,0.05412671275444191,False,True,True,False,HIGH,LOW,HIGH / LOW
1787204880,1.762474776500586,0.0601326859943427,1,-0.0007571290679663,-0.0007015361784409,0.0063904458578545,0.0025025441668225,0.0362668712177752,0.0071238111258943,-0.0013879499387469,57,28,0.0085117610646412,0.001468458812438,-0.0007333652680397,0.0077783957966014,0,0,0,0,TimeStop,1007.3912900000001,1.1010492024522842,0.052282762937130405,False,True,True,False,HIGH,LOW,HIGH / LOW
1787204940,1.838299427434096,0.0668815483069974,1,-0.0003330258620304,0.0014393173128344,0.00702899284823,0.0040908429992733,0.0357336317644709,0.0076946122583203,-0.0008219729627959,56,27,0.0085165852211163,0.0014692910814637,-0.0006656194100903,0.007850965811026,0,0,0,0,TimeStop,1026.7512700000002,1.124043636967624,0.05129694166338843,False,False,True,False,HIGH,LOW,HIGH / LOW
1787205000,1.9617555242932692,0.0645420864625516,1,-0.0002639841765033,0.0013736394301629,0.0060336154253169,0.0030953692883719,0.0357741044340413,0.0070855196398179,-0.001425917802269,55,26,0.0085114374420869,0.0014684029807026,-0.001051904214501,0.0074595332275859,0,0,0,0,TimeStop,1062.40235,1.1649479473427369,0.049575568051030756,False,False,True,False,HIGH,LOW,HIGH / LOW
1787205060,2.060135856997535,0.0586064823245544,1,-0.0003356995106135,0.0027211831145738,0.0068103777541587,0.0031217172946192,0.0358852691452816,0.0075015153303017,-0.0010134379217404,54,25,0.0085149532520421,0.0014690095322813,-0.0006911375761429,0.0078238156758992,0,0,0,0,TimeStop,1077.85115,1.175431561074748,0.04886500329846102,False,True,True,False,HIGH,LOW,HIGH / LOW
1787205120,1.987745001073228,0.0539585887112434,1,2.781060373640526e-05,0.0033031216033777,0.0067790147812637,0.0045966749181064,0.0366187839157876,0.0076368206053229,-0.0008792761865293,53,24,0.0085160967918523,0.0014692068170851,-0.0008578058240591,0.0076582909677931,0,0,0,0,TimeStop,1100.3313600000001,1.1931936580175795,0.0478666717269605,False,False,True,False,HIGH,LOW,HIGH / LOW
1787205180,2.2943476607195175,0.0510403815299963,1,-7.206063585440351e-05,0.0037444147602666,0.0070188500534907,0.0048583280693039,0.0362792153634429,0.0078107964415305,-0.0007067707164598,52,23,0.0085175671579904,0.001469460486343,-0.0007919463880398,0.0077256207699506,0,0,0,0,TimeStop,1083.8097099999998,1.1685986059626603,0.04859635369016947,False,False,True,False,HIGH,LOW,HIGH / LOW
1787205240,2.2662060283091168,0.0529222026732892,1,-0.0003046950275183,0.0043695054182816,0.0068423779760552,0.0060388421300689,0.0366549271160557,0.0078857494539198,-0.0006324511734866,51,22,0.0085182006274065,0.0014695697732156,-0.0010433714778645,0.0074748291495419,0,0,0,0,TimeStop,1114.0290599999998,1.1964294504027053,0.04727812037506455,False,False,True,False,HIGH,LOW,HIGH / LOW
1787205300,2.100190960233368,0.0487954768679196,1,-0.0001083906311866,0.0040035348029776,0.0064989696403895,0.0055826940520207,0.036341274244296,0.0079171284439068,-0.0006013373847214,50,21,0.0085184658286283,0.0015954466710167,-0.0014181588035173,0.007100307025111,0,0,0,0,TimeStop,1140.4422299999999,1.2174031032878136,0.04618313722037459,False,False,True,False,HIGH,LOW,HIGH / LOW
1787205360,2.1271160306287435,0.0522126242778507,1,0.000748983337283,0.0040025058364773,0.0067683819480601,0.0054171560428081,0.0363241062506956,0.0079846870673815,-0.0005343497365872,49,20,0.0085190368039687,0.0015955536105436,-0.0012163051193213,0.0073027316846473,0,0,0,0,TimeStop,1168.3621600000001,1.2415682423336611,0.04507951541326877,False,False,True,False,HIGH,LOW,HIGH / LOW
1787205420,2.165363845792178,0.047189967501282,1,-8.342483890279764e-05,0.0028244855216121,0.0064580046709265,0.0049883442964715,0.0367157182626482,0.0075526134811947,-0.0009627716296183,48,19,0.0085153851108131,0.0015948696749846,-0.0010946088102681,0.0074207763005449,0,0,0,0,TimeStop,1198.2334799999999,1.2638557955726595,0.04395570719656406,False,False,True,False,HIGH,LOW,HIGH / LOW
1787205480,2.200193133721787,0.0507381838498294,1,-3.2565775300974216e-05,0.002161445263344,0.0064455738716428,0.0054686006126113,0.0372259953851703,0.0076365302117453,-0.00087956412583,47,18,0.0085160943375753,0.001595002507997,-0.0011909563401024,0.0073251379974729,0,0,0,0,TimeStop,1225.7035400000002,1.2867387441942737,0.04297058650903463,False,False,True,False,HIGH,LOW,HIGH / LOW
1787205540,2.155405969225468,0.0502936410684435,1,-0.0005195475815391,0.0027886421077898,0.0064179830892018,0.0059059275970247,0.0373084438440529,0.0075126926079301,-0.0010023551094751,46,17,0.0085150477174053,0.0015948064836541,-0.0010947095187282,0.007420338198677,0,0,0,0,TimeStop,1261.4761500000002,1.3122589336908148,0.04175203788038322,False,False,True,False,HIGH,LOW,HIGH / LOW
1787205600,2.166144250499693,0.0529389112633766,1,-0.0003823406192303,0.0033986953725256,0.0063643211782259,0.0057878558646482,0.0372628619859893,0.007776228847506,-0.000741046160604,45,16,0.0085172750081101,0.0015952236389978,-0.0014119076692801,0.00710536733883,0,0,0,0,TimeStop,1285.6103400000002,1.3308001854917235,0.04096824547941952,False,False,True,False,HIGH,LOW,HIGH / LOW
1787205660,2.2623852504742077,0.061891619486904,1,-0.0007224685856593,0.0037875916416739,0.0064696463751906,0.0064909759883321,0.0396393565951018,0.0077949647701084,-0.0007224685856593,44,15,0.0085174333557678,0.001595253296362,-0.0013253183949178,0.0071921149608499,0,0,0,0,TimeStop,1308.6305800000002,1.3460486736736572,0.040247569333126836,True,False,True,False,HIGH,LOW,HIGH / LOW
1787205720,2.325725783672853,0.0679687165772686,1,0.000994519120246,0.0044628703254285,0.0064229419896029,0.0069564457982034,0.0394988811119475,0.0077481988842246,-0.000768839227143,43,14,0.0085170381113676,0.0015951792699616,-0.0013252568946217,0.0071917812167459,0,0,0,0,TimeStop,1337.08823,1.370685088784484,0.039390968238498365,True,False,True,False,HIGH,LOW,HIGH / LOW
1787205780,2.415358425761884,0.0709530741267001,1,5.563501241050772e-05,0.0041904983181937,0.0062730638475184,0.0066573201767579,0.0391928483930056,0.0078869116038925,-0.000631298845487,42,13,0.0085182104493795,0.0024492377354706,-0.001613847756374,0.0069043626930055,0,0,0,0,TimeStop,1367.54739,1.3921507767065577,0.03851361962673922,True,False,True,False,HIGH,LOW,HIGH / LOW
1787205840,2.5183638839123885,0.0674292416334644,1,0.0017729336076078,0.0040521313692053,0.0071369983667504,0.0069054891892711,0.038879559008172,0.0080303124220675,-0.0004891099870405,41,12,0.0085194224091081,0.0024495862097797,-0.0008933140553171,0.0076261083537909,0,0,0,0,TimeStop,1397.94635,1.4148141963674223,0.03767612398000825,False,False,True,False,HIGH,LOW,HIGH / LOW
1787205900,2.725474362039514,0.0490909599282557,1,0.0016380560275377,0.004663943535974,0.0072228028462501,0.0066265567906721,0.0371029558044676,0.0073514444813387,-0.0011622404388508,40,11,0.0085136849201896,0.0024479365118238,-0.0001286416350885,0.008385043285101,0,0,0,0,TimeStop,1425.16688,1.4318061328222589,0.036956514173273516,False,False,True,False,HIGH,LOW,HIGH / LOW
1787205960,3.2080500187962446,0.0487481297347142,1,0.0030579091637972,0.0046708168063506,0.007101780366975,0.0081691732720552,0.0372006460854598,0.0079209892884543,-0.0006779660039826,60,10,0.008598955292437,0.0,-0.0008192089214793,0.0077797463709577,0,0,0,0,TimeStop,1417.14248,1.4179963867891514,0.03716577601992426,True,False,True,False,HIGH,LOW,HIGH / LOW
1787206020,3.105634737215192,0.0410602429679893,1,0.0032752199137982,0.004295249908069,0.0071916509413844,0.0136031857097241,0.0355921159563295,0.0076899224091325,-0.000907061564336,59,9,0.0085969839734686,0.0011613846240745,-0.0004982714677481,0.0080987125057205,0,0,0,0,TimeStop,1443.79211,1.4448462047729234,0.03647976715983023,True,False,True,False,HIGH,LOW,HIGH / LOW
1787206080,2.976588356754086,0.0521535416326327,1,0.0038167504335842,0.0050012243984341,0.0080687784741099,0.0123744234913847,0.0373390355660721,0.0085178927202127,-0.0006347558215136,60,8,0.0091526485417263,0.0,-0.0004491142461028,0.0087035342956235,0,0,0,0,TimeStop,1466.82498,1.4630018015147053,0.03590694235381783,True,False,True,False,HIGH,LOW,HIGH / LOW
1787206140,2.713888173585293,0.0492330020420422,1,0.0046756250855141,0.0052579516263834,0.0088407232383178,0.0193413438435655,0.0374610851169936,0.0092266821761508,-0.000327856042074,60,7,0.0095545382182249,0.0,-0.0003859589378329,0.0091685792803919,0,0,0,0,TimeStop,1499.2028800000003,1.4878121234314634,0.035131469331222194,True,False,True,False,HIGH,LOW,HIGH / LOW
1787206200,2.5458155075595843,0.0363463745978446,1,0.0041123711766717,0.0054878705375734,0.0076687476944673,0.022524919213558,0.0360864607011817,0.0093818512791409,-0.0004930001901365,60,6,0.0098748514692774,0.0,-0.0017131035846735,0.0081617478846039,0,0,0,0,TimeStop,1532.5496500000002,1.5175877373218667,0.03436704318192888,True,False,True,False,HIGH,LOW,HIGH / LOW
1787206260,2.470941244862057,0.0381892899148463,1,0.0032510874888371,0.0050269351539768,0.0054473828248783,0.0234553337366405,0.0360193587416816,0.0085846800910321,-0.001282372598162,59,5,0.0098670526891942,0.0031372972661538,-0.0031372972661538,0.0067297554230403,0,0,0,0,TimeStop,1573.94041,1.5493686777593656,0.03346327450859464,True,False,True,False,HIGH,LOW,HIGH / LOW
1787206320,2.4141637952052104,0.0530691556089237,1,0.0029081529727082,0.0052968385256058,0.0066285771924262,0.0230842387388685,0.0363339001123951,0.0089916135911697,-0.0008794201562004,58,4,0.0098710337473702,0.0031385630709818,-0.0023630363987435,0.0075079973486266,0,0,0,0,TimeStop,1619.2477199999998,1.5819993166984343,0.034751606752301004,True,False,True,False,HIGH,LOW,HIGH / LOW
1787206380,2.3207420855903824,0.0504537939504497,1,0.0021940824906423,0.0054755514566813,0.0060045463879272,0.0272228486614813,0.0362817607706524,0.0090243278586945,-0.0008470259345853,57,3,0.0098713537932798,0.00313866483178,-0.0030197814707672,0.0068515723225125,0,0,0,0,TimeStop,1660.16343,1.623578952050292,0.033895132842433465,True,False,True,False,HIGH,LOW,HIGH / LOW
1787206440,2.297284930843394,0.0514330965715119,1,0.0033099093447241,0.005943738604663,0.0062493441014103,0.0278148572707007,0.0376746708398155,0.0093918911906044,-0.0004830584998113,56,2,0.0098749496904158,0.0031425470891941,-0.0031425470891941,0.0067324026012217,0,0,0,0,TimeStop,1716.16941,1.6634603080265415,0.03802984694850143,True,False,True,False,HIGH,LOW,HIGH / LOW
1787206500,2.2341305242580978,0.0546188330859993,1,0.003782482188338,0.0076335899873503,0.006138532040519,0.0246188611435737,0.0369099098553585,0.0095173341660676,-0.0003588427415297,55,1,0.0098761769075973,0.0033788021255485,-0.0033788021255485,0.0064973747820487,0,0,0,0,TimeStop,1740.4813,1.6890743024902792,0.037498627534808905,False,False,True,False,HIGH,LOW,HIGH / LOW
1787206560,2.0474502609755634,0.0455036634470064,1,0.0045133209599439,0.0077671406754578,0.0064904768696987,0.0245379917812964,0.0379521920268509,0.0098797221741878,0.0,54,1,0.0098797221741878,0.003389245304489,-0.003389245304489,0.0064904768696987,0,0,0,0,TimeStop,1765.00091,1.7122762306231456,0.036977691983172974,False,False,False,False,HIGH,LOW,HIGH / LOW
1787206620,1.8691708643786105,0.0286059946911125,1,0.0034649052906211,0.0052792043919802,0.0030731652608798,0.0301052428809779,0.0350716023318969,0.0081007115962678,-0.0011598153912512,53,2,0.0092605269875191,0.0052727257806835,-0.005027546335388,0.0042329806521311,0,0,0,0,TimeStop,1778.7676400000003,1.7237574253082544,0.03669150401229471,False,False,True,False,HIGH,LOW,HIGH / LOW
1787206680,1.7654915598504315,0.0419855207523935,1,0.0041346332754096,0.0070969608110614,0.0044300877586288,0.0284408809270871,0.0369153802506405,0.0091860401936278,-8.445674495923062e-05,52,1,0.009270496938587,0.0052784024358133,-0.004755952434999,0.004514544503588,0,0,0,0,TimeStop,1777.44069,1.7196913770319302,0.03671889608873532,False,False,True,False,HIGH,LOW,HIGH / LOW
1787206740,1.6929474192067724,0.0198083329778975,1,0.002275164046796,0.0055816417817451,0.0021024869956193,0.0262174127826201,0.0343069009376219,0.0075993731247452,-0.0003437712293843,51,1,0.0079431443541295,0.0054968861291258,-0.0054968861291258,0.0024462582250036,0,0,0,0,TimeStop,1790.81682,1.7276715479103817,0.03644463200876123,False,False,True,False,HIGH,LOW,HIGH / LOW
1787206800,1.5645997846397683,0.003034716395903,1,0.0030209390410313,0.0046535836491619,0.0019651564416401,0.0246600958186348,0.034090373034556,0.0070563843422593,1.438199971172908e-07,50,1,0.0070562405222622,0.0056275326701504,-0.0050912279006192,0.001965012621643,0,0,0,0,TimeStop,1804.69702,1.7354270960376694,0.036164330786117214,False,False,False,False,HIGH,LOW,HIGH / LOW
1787206860,1.5051750012075749,0.0071165846043197,1,0.0016079905535045,0.0040780973898281,0.001885304624478,0.0226134537843889,0.033572101227395,0.0061184392591663,-0.000705354805393,49,7,0.0068237940645593,0.0056222913384038,-0.0042331346346882,0.002590659429871,0,0,0,0,TimeStop,1817.82475,1.7456258984976343,0.03590316393260681,False,False,True,False,HIGH,LOW,HIGH / LOW
1787206920,1.4942852864069456,0.0129696554389888,1,0.0010167000779292,0.0034644496793064,0.0009736134804749,0.0225025500084592,0.0343078468449551,0.005669908980999,-0.0011508430180036,48,6,0.0068207519990027,0.0056197849059605,-0.0046962955005241,0.0021244564984785,0,0,0,0,TimeStop,1825.94107,1.743023739957208,0.035743574134076514,False,False,True,False,HIGH,LOW,HIGH / LOW
1787206980,1.4274803382670456,0.0137084419133781,1,0.0011799703126475,0.0032622201878016,-5.4705364945264816e-05,0.0217122865377993,0.0331270419387694,0.005401329182426,-0.0014176012286165,47,5,0.0068189304110426,0.005618284054951,-0.0054560345473713,0.0013628958636713,0,0,0,0,TimeStop,1832.30833,1.7444443821382312,0.035619365437256946,False,False,True,False,NORMAL,LOW,NORMAL / LOW
1787207040,1.3627512618318205,0.0278739658924698,1,0.0005796164715549,0.0024621143358427,-0.0007092014365992,0.0213533922631605,0.0321449641029556,0.004850323625176,-0.0019648697025328,46,4,0.0068151933277089,0.0057846843199753,-0.0055595250617753,0.0012556682659336,0,0,0,0,TimeStop,1826.2925100000002,1.7404894602747971,0.03573669587025793,False,False,True,True,NORMAL,LOW,NORMAL / LOW
1787207100,1.3415282269040514,0.0234160116175213,1,0.001369865963597,0.0024854841152542,0.0002808067307478,0.0216140788110792,0.0322537252472672,0.0052478987947275,-0.001569991005858,45,3,0.0068178898005856,0.0057869730656673,-0.0049670920639797,0.0018507977366058,0,0,0,0,TimeStop,1809.0185800000002,1.7212652747403274,0.03607793790597772,False,False,True,True,NORMAL,LOW,NORMAL / LOW
1787207160,1.268885281947692,0.0252640806795183,1,0.0017700929381345,0.002754849809143,0.0004648844945801,0.0222847364407851,0.0325661782029471,0.0053163088171129,-0.0015020449605617,44,2,0.0068183537776747,0.0057873668858956,-0.0048514243225328,0.0019669294551418,0,0,0,0,TimeStop,1803.1722100000002,1.71690547869297,0.03619491229847647,False,False,True,True,NORMAL,LOW,NORMAL / LOW
1787207220,1.2210099713278788,0.0143110021611362,1,0.0023817590332847,0.0036232852326341,0.0011847731790109,0.0254336864664304,0.0333145976526949,0.0060658202851673,-0.0007576169018829,43,1,0.0068234371870502,0.0057916816451537,-0.0048810471061563,0.0019423900808939,0,0,0,0,TimeStop,1820.5357099999999,1.723863133320943,0.03584970052578645,False,False,True,False,NORMAL,LOW,NORMAL / LOW
1787207280,1.1688674884830714,0.0087383367340794,1,0.0032742849148379,0.0042748886704308,0.0021853968215626,0.0259886659589542,0.0339482035503244,0.0068152920550854,-1.4378556618314904e-07,42,1,0.0068154358406516,0.0057959961758791,-0.0046298952335228,0.0021855406071288,0,0,0,0,TimeStop,1827.6922699999998,1.7253506423384082,0.035709326494005475,False,False,True,False,NORMAL,LOW,NORMAL / LOW
1787207340,1.122507694527114,0.0141949742153982,1,0.002625140283583,0.003619248193501,0.0013267224223416,0.02513847324048,0.0330186354644082,0.00606191744867,-1.4367797505378676e-07,41,1,0.006062061126645,0.0057916591774522,-0.0047351950263283,0.0013268661003166,0,0,0,0,TimeStop,1828.9513599999998,1.7187140626561046,0.035684743414936965,False,False,True,False,NORMAL,LOW,NORMAL / LOW
1787207400,1.0739099842450974,0.0131027792711556,1,0.0038365959431932,0.0029555806872952,-0.0004313154244313,0.0237746290012296,0.0326578883038115,0.0057132417426004,-0.000496235361775,40,60,0.0,0.0062094771043754,-0.0061445571670317,6.491993734370133e-05,0,0,0,0,TimeStop,1824.1306299999997,1.7160031682638155,0.035779049442308856,False,False,False,False,NORMAL,LOW,NORMAL / LOW
1787207460,1.015563463573948,0.0256468990179058,1,0.0032392001655135,0.0026719345365987,-0.001330654985771,0.0227724630225651,0.0347177763761646,0.0053422897459594,-0.0013307985609744,39,60,0.0,0.0066730883069339,-0.0066729447317305,1.4357520339617312e-07,0,0,0,0,TimeStop,1829.1311999999998,1.7243578789006409,0.035681234894467936,False,False,False,False,NORMAL,LOW,NORMAL / LOW
1787207520,0.9590024937751872,0.0314787280065197,1,0.0018080344332855,0.001951362984218,-0.002048350071736,0.0248328550932569,0.0341278335724534,0.0046197991391678,-0.0027703012912481,38,60,0.0,0.007390100430416,-0.0066681492109039,0.000721951219512,0,0,0,0,TimeStop,1831.7539,1.729009780414314,0.03563014660430094,False,False,False,False,NORMAL,LOW,NORMAL / LOW
1787207580,0.9064138425990216,0.0323874257156892,1,0.002950129830687,0.0020738749597935,-0.0020266533623284,0.0229982097416864,0.0346577819254958,0.005030607202284,-0.0023625151801646,37,59,0.0007862611273962,0.0073931223824486,-0.0070572605646124,0.0003358618178362,0,0,0,0,TimeStop,1843.7620299999999,1.7369929224936396,0.03539809310423862,False,False,False,True,NORMAL,LOW,NORMAL / LOW
1787207640,0.8512078667557609,0.0273032015563341,1,0.0032989720323895,0.0030724171595934,-0.0006812438982369,0.0235060012634239,0.037156147705737,0.0053121231263998,-0.0020830701200252,36,58,0.0014644231321426,0.007395193246425,-0.0059933670246367,0.0014018262217883,0,0,0,0,TimeStop,1852.3515799999998,1.7497156401614025,0.03523394840627393,False,False,False,True,NORMAL,LOW,NORMAL / LOW
1787207700,0.804827914081026,0.0533249733982196,1,0.0016277273430518,0.0025469803377934,-0.0021988371040964,0.0208804209722745,0.0345929340975468,0.0040232911838174,-0.0033624212644969,35,57,0.0017752723955537,0.0073857124483143,-0.0062221282879139,0.0011635841604004,0,0,0,0,TimeStop,1881.7505099999998,1.771955049738237,0.03468348203078207,False,False,False,False,NORMAL,LOW,NORMAL / LOW
1787207760,0.7485590070422709,0.0491698748984942,1,0.0024661413044024,0.0024196617637923,-0.0021075028737697,0.0222968381431768,0.0360480397612385,0.0045032075903959,-0.002886035178987,34,56,0.0017761209638651,0.0073892427693829,-0.0066107104641657,0.0007785323052172,0,0,0,0,TimeStop,1889.09608,1.779005495959823,0.034548618617640664,False,False,False,False,NORMAL,LOW,NORMAL / LOW
1787207820,0.7176704966498569,0.0512742624041333,1,0.0024452635017844,0.0028840134747033,-0.0022940396720078,0.0232972218288585,0.0355386043303101,0.0046484827902547,-0.0027418286404445,33,55,0.001776377833456,0.0073903114306993,-0.0069425224622626,0.0004477889684367,0,0,0,0,TimeStop,1875.9211800000003,1.7653841328841653,0.03479125919352325,False,False,False,False,NORMAL,LOW,NORMAL / LOW
1787207880,0.6864557609486248,0.0600658033291803,1,0.0020797957778798,0.003052288893988,-0.0023233134465351,0.0249029084442403,0.0359111117485084,0.0042163836622303,-0.0031707491968792,32,54,0.0017756138136759,0.0073871328591096,-0.0065396971087654,0.0008474357503441,0,0,0,0,TimeStop,1851.6606300000003,1.7422240297084448,0.035247096008084365,False,False,False,False,NORMAL,LOW,NORMAL / LOW
1787207940,0.6619217527531677,0.0534319460151077,1,0.0018814073695866,0.003564032103539,-0.0024165141614698,0.0247629237397525,0.0366243381083236,0.004268233215345,-0.0031192810551254,31,53,0.0017757054919081,0.0073875142704705,-0.0066847473768149,0.0007027668936555,0,0,0,0,TimeStop,1820.6820300000002,1.7132061978195967,0.03584681944710576,False,False,False,False,NORMAL,LOW,NORMAL / LOW
1787208000,0.6250521136242685,0.0641239704991273,1,0.001114091994953,0.002168974107791,-0.0029508886285056,0.025109147611383,0.0362730060140323,0.0038727277132499,-0.0035118771726118,30,52,0.0017750061754616,0.0073846048858617,-0.0068236163417555,0.0005609885441062,0,0,0,0,TimeStop,1788.1034400000003,1.6848459381383356,0.03649993537286634,False,False,False,False,NORMAL,LOW,NORMAL / LOW
1787208060,0.5899129343230107,0.0661500810243936,1,0.0009830168398423,0.0004183446793264,-0.0029312791114295,0.0246154066642779,0.0356680759584379,0.0035399498387674,-0.0038422070942314,29,51,0.001774417771408,0.0073821569329988,-0.006471228950197,0.0009109279828018,0,0,0,0,TimeStop,1781.4629100000002,1.6768576063964657,0.03663599148409999,False,False,False,False,NORMAL,LOW,NORMAL / LOW
1787208120,0.541357244464554,0.0682830442297278,1,0.0012385762092745,0.0013247218291997,-0.0026181961623201,0.0243575665310077,0.0357905666676078,0.0036753075549135,-0.0037078450852346,28,50,0.001774657105315,0.0073831526401481,-0.0062935037172337,0.0010896489229144,0,0,0,0,TimeStop,1764.81417,1.6566877245478004,0.036981604697790924,False,False,False,False,NORMAL,LOW,NORMAL / LOW
1787208180,0.4983130311815556,0.0690791139068592,1,0.0009973381862147,0.0005261141660575,-0.002676432048794,0.0241009302231593,0.0348872021833379,0.0035294507130201,-0.0038526289871849,27,49,0.0017743992072888,0.0073820797002051,-0.0062058827618142,0.0011761969383909,0,0,0,0,TimeStop,1738.3816599999998,1.633346269686894,0.03754391886531983,False,False,False,False,NORMAL,LOW,NORMAL / LOW
1787208240,0.4362157042647807,0.0731684753100961,1,0.0009915050700172,0.0003037997902061,-0.0025828714239039,0.0247313091478128,0.0339798632327735,0.0034277787649678,-0.0039535530245275,26,48,0.0017742194351616,0.0073813317894953,-0.0060106501888717,0.0013706816006235,0,0,0,0,TimeStop,1717.2685400000003,1.6118774709076862,0.03800550611612555,False,False,False,False,NORMAL,LOW,NORMAL / LOW
1787208300,0.4375489553204103,0.0873187366958636,1,-0.0008776480748544,-0.0014837317470232,-0.0042198361055889,0.0237318385940233,0.0331799333079034,0.0018694733854008,-0.0055003953279475,25,47,0.0017714641041364,0.0073698687133484,-0.0060893094909898,0.0012805592223585,0,0,0,0,TimeStop,1728.39501,1.6094554214608616,0.03776084727298536,False,False,False,False,NORMAL,LOW,NORMAL / LOW
1787208360,0.435423171984542,0.0859933060208305,1,-0.0005654340747662,-0.0012668242039558,-0.004472524855629,0.0252918332486112,0.0336094815466131,0.0020962992475762,-0.0052752380232733,24,46,0.0017718651682305,0.0073715372708495,-0.0065688241032052,0.0008027131676443,0,0,0,0,TimeStop,1702.16486,1.578848660393993,0.0383427372598915,False,False,False,False,NORMAL,LOW,NORMAL / LOW
1787208420,0.439261834438668,0.0784229394718456,1,0.0001430698756708,-0.0021944541590657,-0.0032941874676518,0.0270210159479229,0.0349411293956035,0.0028066901135135,-0.0045700728754123,23,45,0.0017731212519344,0.0073767629889258,-0.0061008775811653,0.0012758854077605,0,0,0,0,TimeStop,1667.8293800000004,1.5424636921998842,0.03913209635388482,False,False,False,False,NORMAL,LOW,NORMAL / LOW
1787208480,0.4407110530581811,0.084158502813743,1,-0.0008736774091064,-0.0026480797343334,-0.0038632140309299,0.0260594859113255,0.0331860031297829,0.0020743577469283,-0.005297018119683,22,44,0.0017718263721779,0.0073713758666113,-0.0059375717778583,0.001433804088753,0,0,0,0,TimeStop,1634.8025800000003,1.5133330314787332,0.03992265537041175,False,False,False,False,NORMAL,LOW,NORMAL / LOW
1787208540,0.4414497133319411,0.0846661723029128,1,-0.0002258099321453,-0.0034598431808691,-0.0029176417658508,0.0251028236544632,0.0328257236721789,0.0020065316023719,-0.0053643453272082,21,43,0.0026217134137108,0.0073708769295801,-0.0049241733682227,0.0024467035613574,0,0,0,0,TimeStop,1622.8047000000001,1.4999662293674971,0.04021781548944244,False,False,False,False,NORMAL,LOW,NORMAL / LOW
1787208600,0.440102886676899,0.0904855743417022,1,0.0009177591331062,-0.002675974337101,-0.002920624213638,0.0267564508331768,0.033016137873161,0.002391670852723,-0.0049820392061088,20,42,0.0026227211164622,0.0073737100588318,-0.005312295066361,0.0020614149924708,0,0,0,0,TimeStop,1585.55564,1.4666431469329688,0.04116264251691602,False,False,False,False,NORMAL,LOW,NORMAL / LOW
1787208660,0.4311074587375225,0.0894441123372308,1,-4.6365197481471647e-05,-0.0021838866628506,-0.0036637092157985,0.02630881511162,0.0321406697195192,0.0020320549513451,-0.0053390097309673,19,41,0.0026217801946192,0.0073710646823124,-0.0056957641671437,0.0016753005151687,0,0,0,0,TimeStop,1563.05113,1.4506052147166435,0.041755294338963814,False,False,False,False,NORMAL,LOW,NORMAL / LOW
1787208720,0.4023091838214339,0.0853668449729255,1,0.000437679730648,-0.0024822366149867,-0.0021676453631997,0.0273306517220078,0.0317964734864552,0.0021978449783621,-0.0051744392747283,18,40,0.0030067939115286,0.0073722842530904,-0.0043654903415618,0.0030067939115286,0,0,0,0,TimeStop,1533.97376,1.4285468356730742,0.04254679037012993,False,False,False,False,NORMAL,LOW,NORMAL / LOW
1787208780,0.3957483346168882,0.087458947222157,1,0.0009704747268687,-0.0033061401954575,-0.0021454632989958,0.0274901528515583,0.030755647888126,0.0021321534406269,-0.005239647577849,17,39,0.0032448862236095,0.007371801018476,-0.0042776167396228,0.0030941842788532,0,0,0,0,TimeStop,1503.9039100000002,1.4040124206836921,0.04339749339437517,False,False,False,False,NORMAL,LOW,NORMAL / LOW
1787208840,0.403427124277958,0.0823957459353605,1,0.0016794649761692,-0.0031635268077368,-0.0007980751144003,0.0276657927684517,0.0308124275827356,0.0023823436867892,-0.004991297760322,16,38,0.0041932226459217,0.0073736414471112,-0.0031804188011895,0.0041932226459217,0,0,0,0,TimeStop,1478.2871200000002,1.381329915626292,0.04414951542025205,False,False,False,False,NORMAL,LOW,NORMAL / LOW
1787208900,0.4154033851393446,0.0834372225992747,1,0.001053708184984,-0.0021992112798044,-0.0009103591916206,0.0273869612276058,0.0302490720980993,0.002755565764537,-0.0046208211477141,15,37,0.0041949271354631,0.0073763869122511,-0.0036659249561576,0.0037104619560935,0,0,0,0,TimeStop,1466.9782500000001,1.367369214281293,0.04448986206850714,False,False,False,False,NORMAL,LOW,NORMAL / LOW
1787208960,0.4323042697087595,0.0748344544758506,1,-0.0005641176233924,-0.0022836741353071,-0.0013421417770763,0.0266724548380174,0.0285049780516723,0.0025544219591232,-0.004820485315832,14,36,0.0041940856705675,0.0073749072749553,-0.0038965637361996,0.0034783435387557,0,0,0,0,TimeStop,1444.38282,1.3496194269020176,0.04518584622877195,False,False,False,False,NORMAL,LOW,NORMAL / LOW
1787209020,0.4126385629442903,0.0775364742442306,1,8.603905399981048e-05,-0.0024297085265991,-0.0014602302009963,0.0261982477237588,0.0287546526942679,0.0024337170016606,-0.0049403023535474,13,35,0.0041935807135084,0.0073740193552081,-0.003893947202657,0.003480072152551,0,0,0,0,TimeStop,1413.83576,1.3216674406073363,0.04616212281969725,False,False,False,False,NORMAL,LOW,NORMAL / LOW
1787209080,0.4037229437132748,0.0816589643997019,1,-0.0004707545186993,-0.0020805975260762,-0.0009707164345442,0.0258390970218189,0.0298160277596264,0.0025295896704316,-0.0048451349353113,12,34,0.0041939817871833,0.007374724605743,-0.0035003061049759,0.0038744185007671,0,0,0,0,TimeStop,1382.66425,1.2946791345140694,0.04720282599336751,False,False,False,False,NORMAL,LOW,NORMAL / LOW
1787209140,0.392056520447761,0.0864932827184521,1,-0.0006870240919407,-0.0022842584728081,-0.0005087900860091,0.0249113876354846,0.0297068129340338,0.0024338605099152,-0.0049401599009563,11,33,0.0044313698149471,0.0073740204108715,-0.0029426505959243,0.0044313698149471,0,0,0,0,TimeStop,1346.4774300000001,1.263677685518584,0.04847141032285999,False,False,False,False,NORMAL,LOW,NORMAL / LOW
1787209200,0.4048867489886847,0.0945276555577946,1,-0.0006066160675927,-0.0033769153658885,-0.0005728197049978,0.0245453243591579,0.0302551911785765,0.0027495345839896,-0.0046268079621938,10,32,0.0048159816697694,0.0073763425461835,-0.0033223542889875,0.0040539882571959,0,0,0,0,TimeStop,1327.0131600000002,1.2493898904590626,0.0491823758552628,False,False,False,False,NORMAL,LOW,NORMAL / LOW
1787209260,0.4043649736816135,0.0958930070205513,1,-0.0007017869434407,-0.0039919233644648,2.1192505127519138e-05,0.02587619195312,0.0304456110823057,0.0026632392085401,-0.0047124685387952,9,31,0.004815567212388,0.0073757077473354,-0.0026420467034126,0.0047336610439227,0,0,0,0,TimeStop,1294.3014499999997,1.2255203199868505,0.05042539355881894,False,False,False,False,NORMAL,LOW,NORMAL / LOW
1787209320,0.4096644275213659,0.0990409974800013,1,-0.0023371896533035,-0.0039919233644648,0.0005300990133887,0.0249894001676213,0.030127723505395,0.0026632392085401,-0.0047124685387952,8,30,0.0052425675521839,0.0073757077473354,-0.0021331401951514,0.0052425675521839,0,0,0,0,TimeStop,1264.05978,1.2025905171940465,0.05163178279432322,False,False,False,False,NORMAL,LOW,NORMAL / LOW
1787209380,0.4428995712913879,0.1025561292377128,1,-0.0017759539360605,-0.0040920419388106,0.0003818608914862,0.0261259596654061,0.0292256789274664,0.0029506130399908,-0.0044272086627706,7,29,0.0053479145181619,0.0073778217027614,-0.0025687521485045,0.0048090695542569,0,0,0,0,TimeStop,1264.88289,1.1951174939737472,0.05159818392357256,False,False,True,False,NORMAL,LOW,NORMAL / LOW
1787209440,0.4567307276865485,0.1130341422661974,1,-0.0032347636904932,-0.003742163570263,-0.0002298686056164,0.0251396959894656,0.0276244525234018,0.0022328457332608,-0.0051396959894654,6,28,0.0053440872527408,0.0073725417227263,-0.0024627143388772,0.004909827383849,0,0,0,0,TimeStop,1240.74674,1.1761156591244246,0.05260191938928648,False,False,True,False,NORMAL,HIGH,NORMAL / HIGH
1787209500,0.4332839587856495,0.1164326747222074,1,-0.003590438312654,-0.0047337606465992,-0.0005919703703025,0.0254429980732002,0.0266443875659621,0.0014725602639854,-0.0058943887101423,5,27,0.0053400332727679,0.0073669489741277,-0.0020645306342879,0.0053024183398397,0,0,0,0,TimeStop,1202.71164,1.1429341577014211,0.05426542641592792,False,False,True,False,NORMAL,HIGH,NORMAL / HIGH
1787209560,0.4551857558150319,0.1136588260125869,1,-0.0021376205765693,-0.004516236871887,0.0010598659697446,0.0288256066823934,0.0252906688861935,0.0020785165196555,-0.0052928899393731,4,26,0.0066272391564805,0.0073714064590286,-0.0010186505499109,0.0063527559091177,0,0,0,0,TimeStop,1176.8421899999998,1.1173111056903757,0.05545829386011391,False,False,True,False,NORMAL,HIGH,NORMAL / HIGH
1787209620,0.4852673392097443,0.1222311914582071,1,-0.00291863891654,-0.0051631625164417,0.0063657544841113,0.0257082288135083,0.0242461196165554,0.0064939394000087,-0.0056096637692488,60,25,0.0121036031692575,0.0,-0.0001281849158973,0.0119754182533602,0,0,0,0,TimeStop,1164.1379699999998,1.102708207449221,0.056063509379390836,False,False,True,False,NORMAL,HIGH,NORMAL / HIGH
1787209680,0.5441572885092882,0.1393088433526093,1,-0.0042724685995291,-0.0053592443784267,0.0042711817975279,0.0256809934912124,0.0236678632495495,0.006071560775015,-0.0062041013811245,60,24,0.0122756621561395,0.0,-0.001800378977487,0.0104752831786525,0,0,0,0,TimeStop,1163.8326299999997,1.1003622135223639,0.05607821805099245,False,False,True,False,NORMAL,HIGH,NORMAL / HIGH
1787209740,0.6571680163341879,0.1472593908659497,1,-0.0048348717860771,-0.0059593071031783,0.0104086010441186,0.0273120022180016,0.0241393453751381,0.0116930983280671,-0.0066595782081347,60,23,0.0183526765362019,0.0,-0.0012844972839485,0.0170681792522533,1,0,0,0,TimeStop,1201.70185,1.1242192931969714,0.06128053310394754,False,False,True,False,NORMAL,HIGH,NORMAL / HIGH
1787209800,0.928480731377519,0.1463777402062422,1,-0.0032494954448412,-0.0051087819205885,0.0147431103257706,0.0288795241874614,0.0265515893702086,0.0153312096334414,-0.0056685563284978,60,22,0.0209997659619393,0.0,-0.0005880993076707,0.0204116666542685,1,0,0,0,TimeStop,1326.3461399999999,1.2018971017995468,0.12455946077545037,False,False,True,False,NORMAL,HIGH,NORMAL / HIGH
1787209860,0.9658673455084726,0.1405238696451565,1,-0.0017205270915686,-0.0033482230794455,0.0179103861816891,0.0277605112243262,0.0281617765351907,0.0191073057362316,-0.0042587701397294,60,21,0.023366075875961,0.0,-0.0011969195545425,0.0221691563214185,1,0,0,0,TimeStop,1299.4081,1.180645483228715,0.12714170398045077,False,False,True,False,NORMAL,HIGH,NORMAL / HIGH
1787209920,1.2303533182528834,0.1402260573495396,1,-0.0025155311466787,-0.0039377016322108,0.0163473021919749,0.028947002641501,0.0279136207859342,0.0187795214893755,-0.0050259089830928,60,20,0.0238054304724683,0.0,-0.0024322192974005,0.0213732111750677,1,0,0,0,TimeStop,1382.46229,1.2247345887885968,0.119503411554177,False,False,True,False,NORMAL,HIGH,NORMAL / HIGH
1787209980,1.334968169734067,0.125930341766427,1,-0.001610601205172,-0.0032008621959067,0.0210916564440376,0.030292452176145,0.0284699976107409,0.0210917996849845,-0.0043764406458218,60,19,0.0254682403308063,0.0,-1.432409468746232e-07,0.0254680970898594,1,0,1,0,TimeStop,1349.9751800000001,1.198124713084071,0.12237925737271702,False,False,True,False,NORMAL,HIGH,NORMAL / HIGH
1787210040,1.479711853258422,0.1289818348661067,1,-0.0015983324737838,-0.0028857945103432,0.0214315798521573,0.0306074150478483,0.0284813191221133,0.0223629018394361,-0.0042560598246518,60,18,0.026618961664088,0.0,-0.0009313219872787,0.0256876396768092,1,0,1,0,TimeStop,1293.36486,1.149551450106696,0.1277357728738664,False,False,True,False,HIGH,HIGH,HIGH / HIGH
1787210100,1.4122212529673333,0.1118438724335953,1,-0.0027719808264041,-0.00274017003584,0.018367579130058,0.0289502553747339,0.0284056030552115,0.0226025697387102,-0.0040226320878596,59,17,0.0266252018265698,0.0045466503810703,-0.0042349906086522,0.0223902112179176,1,0,1,0,TimeStop,1269.00739,1.1313839738133298,0.13018754760758328,True,False,True,False,NORMAL,LOW,NORMAL / LOW
1787210160,1.403391932341855,0.1209596552672288,1,-0.0032924470173528,-0.003209766862023,0.0179311333056299,0.0295615229197414,0.0283495493430007,0.0226119477839712,-0.004013498216,58,16,0.0266254459999713,0.0049486294008913,-0.0046808144783412,0.02194463152163,1,0,1,0,TimeStop,1240.96006,1.1097108412715015,0.13312995746212813,True,False,True,False,NORMAL,HIGH,NORMAL / HIGH
1787210220,1.427451282856952,0.0945522753678665,1,-0.0016586101977543,-0.0011021519304737,0.0269492580963099,0.0328910324963303,0.0290806497055737,0.0272327260039393,-0.0023808433679775,60,15,0.0296135693719168,0.0,-0.0002834679076293,0.0293301014642874,1,0,1,0,TimeStop,1235.6224900000002,1.102391287727191,0.13370504449138018,True,False,True,False,NORMAL,LOW,NORMAL / LOW
1787210280,1.4605891274278051,0.0981843885059555,1,-0.0023202085863214,-0.0012183606126439,0.0239048923972778,0.03250573487549,0.0297019701397621,0.0269494307884075,-0.0026559716099448,59,14,0.0296054023983523,0.0038479303438083,-0.0030445383911296,0.0265608640072226,1,0,1,0,TimeStop,1230.4995800000002,1.0971910266158909,0.13426169556270792,True,False,True,False,NORMAL,LOW,NORMAL / LOW
1787210340,1.4560678234428672,0.0829569515874639,1,-0.0005090465249855,0.0005440838598506,0.0240643308443422,0.0322804422745547,0.0304135554279149,0.0277163986214818,-0.0019111143021251,58,13,0.029627512923607,0.0038508041355542,-0.0036520677771396,0.0259754451464674,1,0,1,0,TimeStop,1220.6421300000002,1.090143708418718,0.13534594287680368,True,False,True,False,NORMAL,LOW,NORMAL / LOW
1787210400,1.4944523417410651,0.0823394879962404,1,-0.0011474421542171,-0.000245306309927,0.0226504277430096,0.0315440374346902,0.0311539013607394,0.0273033530458746,-0.0023122523970832,57,12,0.0296156054429579,0.0051436814606417,-0.004652925302865,0.0249626801400928,1,0,1,0,TimeStop,1208.6968600000002,1.0809286022669726,0.13668353535724412,True,False,True,False,HIGH,LOW,HIGH / LOW
1787210460,1.5330672509833885,0.0921986367627376,1,-0.0023837117666387,-0.0014830613909398,0.0206891438213879,0.0331671671634346,0.0297819838086581,0.0264283519001643,-0.0031620285801604,56,11,0.0295903804803248,0.0065284244828322,-0.0057392080787764,0.0238511724015484,1,0,1,0,TimeStop,1192.7054300000004,1.0668479312986339,0.1385161464386055,True,False,True,False,HIGH,LOW,HIGH / LOW
1787210520,1.6474394914589878,0.1018513830217296,1,-0.0022510937296658,0.000315374084888,0.021507996053089,0.0331297750011085,0.0302736164325107,0.0269052260699869,-0.0026989019730392,55,10,0.0296041280430262,0.0065314575605913,-0.0053972300168979,0.0242068980261282,1,0,1,0,TimeStop,1165.0917900000002,1.0428639108367719,0.14179909378642172,True,False,True,False,HIGH,LOW,HIGH / LOW
1787210580,1.7366555694856602,0.0947624023231923,1,-0.0010914389174004,0.0011645269859385,0.0217681827391255,0.0333840163430091,0.0308397187272453,0.0276867367843059,-0.0019399210332957,54,9,0.0296266578176016,0.0065364282277319,-0.0059185540451803,0.0237081037724213,1,0,1,0,TimeStop,1166.94989,1.0421781560344379,0.1415733112584637,True,False,True,False,HIGH,LOW,HIGH / LOW
1787210640,1.7502658630231065,0.0953914036355286,1,-0.0011298982301754,0.0023729586115177,0.0220782516275317,0.0344078998670059,0.0315761175588167,0.0277962432176308,-0.0018335715051958,53,8,0.0296298147228266,0.006537124724939,-0.005717991590099,0.0239118231327275,1,0,1,0,TimeStop,1168.71522,1.0424332878588474,0.14135946650887288,True,False,True,False,HIGH,LOW,HIGH / LOW
1787210700,1.6978309121914976,0.1068514956005385,1,-0.0018653479153011,0.0012916927935454,0.0213272832356502,0.0336777321204242,0.0310867398979935,0.0271852535758003,-0.0024269472376502,52,7,0.0296122008134506,0.0065332386283312,-0.0058579703401501,0.0237542304733005,1,0,1,0,TimeStop,1161.5240399999998,1.0362665488799914,0.14223464544048525,True,False,True,False,HIGH,LOW,HIGH / LOW
1787210760,1.6553524376552744,0.1182786077059582,1,-0.0016305013095528,0.0009436874328129,0.0218097129488238,0.0331820362438543,0.030673572690696,0.0270661495328417,-0.0025426176907812,51,6,0.0296087672236229,0.0068497701555691,-0.0052564365840178,0.0243523306396051,1,0,1,0,TimeStop,1157.6005499999999,1.0357673904656035,0.14271672555787918,True,False,True,False,HIGH,HIGH,HIGH / HIGH
1787210820,1.743164715065636,0.1119861956233752,1,-0.0014257570217278,0.0009718396125959,0.0242202178229529,0.0330296310625886,0.0312829890181549,0.0270928276170067,-0.0025167086955248,50,5,0.0296095363125316,0.0068499480786218,-0.0028726097940537,0.0267369265184778,1,0,1,0,TimeStop,1132.89485,1.0169417804108591,0.14582903258850546,True,False,True,False,HIGH,LOW,HIGH / LOW
1787210880,1.816696351523695,0.1093359944311975,1,-0.0015928263988522,0.0011121951219512,0.023751362984218,0.0317073170731707,0.0306285509325681,0.0268317073170731,-0.0027703012912481,49,4,0.0296020086083213,0.0068482065997129,-0.003080344332855,0.0265216642754662,1,0,1,0,TimeStop,1120.10516,1.010041521253129,0.14749415135271762,True,False,True,False,HIGH,LOW,HIGH / LOW
1787210940,1.9077329843359931,0.1177276730032233,1,-0.001289523123243,0.0017795333008191,0.0237802010921416,0.0306534009504333,0.0308832680966928,0.0269432418987256,-0.0026619820832763,48,3,0.0296052239820019,0.0068489504527248,-0.003163040806584,0.0264421831754179,1,0,1,0,TimeStop,1102.66963,0.9953143521408955,0.14982634463234468,True,False,True,False,HIGH,HIGH,HIGH / HIGH
1787211000,1.9851334707670805,0.0955754855001855,1,3.1899214575256415e-05,0.0028135969396295,0.0242163893279021,0.0325860535196975,0.0332863993387952,0.0283928873947666,-0.0012541276793364,47,2,0.029647015074103,0.0068586185139879,-0.0041764980668645,0.0254705170072385,1,0,1,0,TimeStop,1141.6453999999999,1.0220728723615702,0.1447112737457708,True,False,True,False,HIGH,LOW,HIGH / LOW
1787211060,2.103229821031202,0.0753091708196316,1,8.295327459135556e-05,0.0040292001277222,0.0241352336773617,0.0341699921057811,0.0334224062689098,0.0289393352783025,-0.0007234330636799,46,1,0.0296627683419824,0.0068622629164501,-0.0048041016009407,0.0248586667410417,1,0,1,0,TimeStop,1156.4927599999999,1.033097329264774,0.14285343213043547,True,False,True,False,HIGH,LOW,HIGH / LOW
1787211120,2.238570391452491,0.0781603673952365,1,0.0005573827479904,0.0045401462939223,0.0269363803015158,0.0344704641056005,0.0333647558995665,0.0289393352783025,-0.0004488390351369,45,1,0.0293881743134395,0.0068622629164501,-0.0020029549767866,0.0273852193366528,1,0,1,0,TimeStop,1189.68906,1.057289191075549,0.1388673440436613,True,False,True,False,HIGH,LOW,HIGH / LOW
1787211180,2.131642955406154,0.0683062955434011,1,0.0011044104362544,0.0044922854507624,0.0250756828209165,0.0354193732201107,0.0323844378084895,0.0293377089790049,1.955981499292297e-05,44,1,0.029318149164012,0.0068649197738366,-0.0042620261580884,0.0250561230059236,1,0,1,0,TimeStop,1215.8828,1.0749851471314897,0.13587572749610405,True,False,False,False,HIGH,LOW,HIGH / LOW
1787211240,2.176302292021207,0.0828315387794566,1,0.0010536667502339,0.0035254879170973,0.0242037338076318,0.0336222272825554,0.0312256885505329,0.0282398205289739,-0.0010438972739569,43,4,0.0292837178029309,0.0068575976714164,-0.0040360867213421,0.0252476310815888,1,0,1,0,TimeStop,1235.6228200000003,1.0862851832677,0.1337050087825344,True,False,True,False,HIGH,LOW,HIGH / LOW
1787211300,2.4076911595001276,0.0797544198162762,1,0.0009031721821244,0.0041614897728144,0.0231301174368131,0.0346697407572506,0.0310102049115897,0.0284834783438423,-0.0008071787027831,42,3,0.0292906570466255,0.0068592226884898,-0.0053533609070291,0.0239372961395963,1,0,1,0,TimeStop,1238.9737700000003,1.0839535369533733,0.1333433878910931,True,False,True,False,HIGH,LOW,HIGH / LOW
1787211360,2.474209616727669,0.0750779601054146,1,0.0009028023963941,0.0056014000912579,0.0244558818582434,0.0350027127199395,0.0318140089055419,0.0288809074256647,-0.0004210681877448,41,2,0.0293019756134096,0.0068618732459684,-0.0044250255674213,0.0248769500459883,1,0,1,0,TimeStop,1278.9232300000003,1.1086909567175964,0.12917816810630608,True,False,True,False,HIGH,LOW,HIGH / LOW
1787211420,2.492078697028283,0.0702428447641535,1,0.0025722582088789,0.0115887516084702,0.0256501038567048,0.0354319328736527,0.0327571409753385,0.0292221014890825,-8.959114799186296e-05,40,1,0.0293116926370744,0.0068641487575446,-0.0035719976323777,0.0257396950046966,1,0,1,0,TimeStop,1328.2043800000004,1.1401787189052282,0.12438519439304963,True,False,True,False,HIGH,LOW,HIGH / LOW
1787211480,2.357004967671368,0.0784883123448106,1,0.002258430842653,0.0096823160739441,0.0272896242417271,0.0344708622028002,0.0320557456228618,0.028809619641779,-0.0004072391685593,39,2,0.0292168588103383,0.0068613978092745,-0.0015199954000518,0.0276968634102865,1,0,1,0,TimeStop,1376.8144900000002,1.170156490146598,0.1199936238323581,True,False,True,False,HIGH,LOW,HIGH / LOW
1787211540,2.0058135597897335,0.0767613625646232,1,0.00350681919049,0.0164660343024769,0.0272452764977123,0.0334995257771769,0.0327806796000511,0.0291591325596919,-0.0002622350854155,60,1,0.0294213676451074,0.0,-0.0019138560619796,0.0275075115831278,1,0,1,0,TimeStop,1432.41429,1.2041820909187289,0.11533601776620087,True,False,True,False,HIGH,LOW,HIGH / LOW
1787211600,1.3277378815418166,0.0741804818183148,1,0.0031629406936757,0.0199538320226429,0.028143083344501,0.0347100999568057,0.0332434456368761,0.0304977824761841,-7.692745697657651e-05,60,1,0.0305747099331607,0.0,-0.002354699131683,0.0282200108014776,1,0,1,0,TimeStop,1486.44397,1.2375475188756473,0.11114375202450448,True,False,True,False,NORMAL,LOW,NORMAL / LOW
1787211660,1.379621319372861,0.0777557573992473,1,0.0025783928152275,0.0213300269496526,0.0276276701882277,0.0344618916617926,0.0325356433555789,0.0301359182998187,-0.0002378882879475,59,1,0.0303738065877662,0.0034260225638836,-0.002508248111591,0.0278655584761752,1,0,1,0,TimeStop,1519.2061,1.2521460800896846,0.10874690405732308,True,False,True,False,NORMAL,LOW,NORMAL / LOW
1787211720,1.0311367259478723,0.0757495234382909,1,0.002401019905313,0.0203651958892792,0.0270465759346438,0.0346501649183213,0.0312869837473071,0.029951455047955,-0.0003349959537489,58,4,0.0302864510017039,0.0035602122532062,-0.0029048791133111,0.0273815718883928,1,0,1,0,TimeStop,1548.99006,1.268154562638377,0.10665592005154635,True,False,True,False,NORMAL,LOW,NORMAL / LOW
1787211780,1.0613061886091055,0.0740687332109365,1,0.0027093370243393,0.0243705253331777,0.0268492223912464,0.0340427464233561,0.0311690155538995,0.0298619120441195,-0.0004219058822244,57,3,0.030283817926344,0.0035599027317255,-0.0030126896528731,0.0272711282734709,1,0,1,0,TimeStop,1590.9562500000002,1.292630071725514,0.10384255381001205,True,False,True,False,NORMAL,LOW,NORMAL / LOW
1787211840,1.1066155409340903,0.0661051510872281,1,0.0030730191533184,0.0243877524045092,0.0273849122790885,0.0344448537525056,0.0299333817606709,0.0296609779870165,-0.0006169313312614,56,2,0.0302779093182779,0.0035592081670558,-0.0022760657079279,0.0280018436103499,1,0,1,0,TimeStop,1625.8567400000002,1.315666401144598,0.10161347918021361,True,False,True,False,NORMAL,LOW,NORMAL / LOW
1787211900,1.198537653143988,0.0479903220325984,1,0.0027816089939121,0.0211657469113708,0.028070126030926,0.0347887197055135,0.02996677558512,0.0297519656545501,-0.0005286192204455,55,1,0.0302805848749956,0.0035595226822762,-0.001681839623624,0.0285987452513715,1,0,1,0,TimeStop,1633.3665700000001,1.319297267993558,0.10114628463346105,True,False,True,False,NORMAL,LOW,NORMAL / LOW
1787211960,1.2906050153437696,0.053627980574316,1,0.0039459195261849,0.0212089760361111,0.0298980780012363,0.0349356698244755,0.0292829521440995,0.0302465391084339,-1.4375458210199833e-07,54,1,0.030246682863016,0.0035612322642783,-0.0003484611071976,0.0298982217558184,1,0,1,0,TimeStop,1659.8253300000001,1.32989450521243,0.09953394312882306,True,False,True,False,NORMAL,LOW,NORMAL / LOW
1787212020,1.3134297129220596,0.0583473913353443,1,0.0039805448588999,0.028082361055233,0.0304153974366341,0.034578998793034,0.0286512155871026,0.0309500546008391,-0.0002023104776136,60,1,0.0311523650784528,0.0,-0.0005346571642049,0.0306177079142478,1,0,1,0,TimeStop,1680.94261,1.3388505869986997,0.098283522005549,True,False,True,False,NORMAL,LOW,NORMAL / LOW
1787212080,1.343254529958027,0.057638945595085,1,0.0033841375376936,0.0251538995303639,0.0300387460474576,0.0334549205468981,0.0286019673280454,0.0307856526130235,-1.4366350572446237e-07,59,1,0.0307857962765293,0.0014366350559066,-0.0007469065655659,0.0300388897109633,1,0,1,0,TimeStop,1711.55121,1.3552623529862968,0.09652586439408961,True,False,True,False,NORMAL,LOW,NORMAL / LOW
1787212140,1.402604924332869,0.068095720322971,1,0.0024692194324484,0.0235074569565754,0.0281024583264504,0.0320633991643547,0.0274421340829924,0.0297384148687625,-0.0008786144356552,58,2,0.0306170293044178,0.0018658716559872,-0.0016359565423121,0.0289810727621056,1,0,1,0,TimeStop,1738.64921,1.3665629498245961,0.0950214448376277,True,False,True,False,NORMAL,LOW,NORMAL / LOW
1787212200,1.432546611037496,0.0752372764106182,1,0.0032553774243579,0.0229013518990633,0.0297640045191081,0.0312451050531859,0.0300511508033419,0.030137294688612,-0.0004915944386082,57,1,0.0306288891272203,0.002604273224858,-0.0003732901695038,0.0302555989577164,1,0,1,0,TimeStop,1761.51126,1.3778719747389614,0.09378819412145001,True,False,True,False,NORMAL,LOW,NORMAL / LOW
1787212260,1.4884283076622993,0.0643117749060008,1,0.0046943596157532,0.0222051367933865,0.0300827387345568,0.0312826126860315,0.030945372556984,0.0305357435757048,-5.716421267494225e-05,56,1,0.0305929077883798,0.0026052805369644,-0.000453004841148,0.0301399029472317,1,0,1,0,TimeStop,1796.2749599999997,1.397319323010704,0.09197309080119895,True,False,True,False,HIGH,LOW,HIGH / LOW
1787212320,1.5514370719304853,0.0805224872645031,1,0.0089933601551069,0.0211859404716122,0.0295623778364499,0.0288751708873259,0.0303944562150487,0.029700794598275,-0.0001160405806391,60,1,0.0298168351789141,0.0,-0.0001384167618251,0.029678418417089,1,0,1,0,TimeStop,1849.8155799999997,1.425887740513865,0.08931104364468592,False,False,True,False,HIGH,LOW,HIGH / LOW
1787212380,1.5381507341804062,0.082792546548287,1,0.0074071566801882,0.0205796901486466,0.0296993349837664,0.0284687530432878,0.0304474370119175,0.0297014863507953,-5.909088105787799e-05,60,4,0.0297605772318532,0.0,-2.1513670289338704e-06,0.0297584258648243,1,0,1,0,TimeStop,1879.5901900000001,1.4420033419077527,0.0878962663664466,False,False,True,False,HIGH,LOW,HIGH / LOW
1787212440,1.5816301285500018,0.0944217580063072,1,0.0129139283003984,0.0196586438677572,0.0284866023312664,0.0272231322053362,0.0297621068704608,0.0288704141543037,-0.0011581690098671,60,3,0.0300285831641708,0.0,-0.0003838118230372,0.0296447713411335,1,0,1,0,TimeStop,1920.13633,1.460988831466826,0.08604022402930107,False,False,True,False,HIGH,LOW,HIGH / LOW
1787212500,1.66650518115942,0.0936291818669316,1,0.0167379501851977,0.0200097439999793,0.0283231046178505,0.0279517203291402,0.0305323466255273,0.0295308560716027,-0.0006739671653859,60,2,0.0302048232369887,0.0,-0.0012077514537522,0.0289970717832364,1,0,1,0,TimeStop,1949.17281,1.474806202752787,0.08475849814465655,False,False,True,False,HIGH,LOW,HIGH / LOW
1787212560,1.7627954982319147,0.0919325835651986,1,0.018703409398013,0.0208463530745944,0.0280522467073405,0.0277494503572407,0.0315434370109755,0.0297693830165941,-0.0004424382274657,59,1,0.0302118212440598,0.0021542698658132,-0.0017171363092535,0.0284946849348063,1,0,1,0,TimeStop,1993.7732500000002,1.4943455560442755,0.08286246191737198,False,False,True,False,HIGH,LOW,HIGH / LOW
1787212620,1.817631101524312,0.0898648723513931,1,0.017921146953405,0.0232258064516129,0.0276989247311827,0.0278543369175626,0.0311324731182796,0.0297671684587812,-3.397849462358915e-05,58,1,0.0298011469534048,0.0026703942652329,-0.0020682437275984,0.0277329032258063,1,0,1,0,TimeStop,2028.43117,1.5111167049945042,0.08144666796852662,True,False,True,False,HIGH,LOW,HIGH / LOW
1787212680,1.8534045122266951,0.0908996201502939,1,0.0216026594238372,0.0226140166632462,0.0268358634700687,0.0288987054856635,0.0309257193434217,0.0293610320343857,-0.000161943273421,57,1,0.0295229753078067,0.0031566040180275,-0.0025251685643169,0.0269978067434898,1,0,1,0,TimeStop,2061.41036,1.528754948854842,0.0801436546578722,True,False,True,False,HIGH,LOW,HIGH / LOW
1787212740,1.912634686411539,0.0980101710554822,1,0.0212494333355534,0.0219615864169547,0.0254331178397069,0.0282672636606416,0.0305886363457322,0.0287870551997415,-0.0006315130603173,56,1,0.0294185682600589,0.0035440071788238,-0.0033539373600346,0.0260646309000243,1,0,1,0,TimeStop,2107.1453599999995,1.5529512378981012,0.07840415907519548,True,False,True,False,HIGH,LOW,HIGH / LOW
1787212800,1.830523015272897,0.0944470763825191,1,0.0183331422839948,0.0213427425132539,0.0251325404785785,0.0282275397621435,0.0302623585040836,0.0291769594497778,-0.0001719444046424,55,1,0.0293489038544203,0.0041017337727467,-0.0040444189711992,0.025304484883221,1,0,1,0,TimeStop,2148.93797,1.5713643651398783,0.07687935264134217,True,False,True,False,HIGH,LOW,HIGH / LOW
1787212860,1.7589080211721366,0.105287491514279,1,0.0171952056123436,0.0200253474172681,0.0258544515273959,0.0275854702109139,0.02987678967271,0.0284771116487718,-9.751209558092972e-05,54,1,0.0285746237443528,0.0046717028346808,-0.0026226601213759,0.0259519636229768,1,0,1,0,TimeStop,2162.48414,1.5797295131859965,0.07639776724559005,True,False,True,False,HIGH,LOW,HIGH / LOW
1787212920,1.6386008281086124,0.1023899081522178,1,0.0240062582086392,0.022295011394239,0.024446342172366,0.028126302809539,0.0300867158616135,0.0279539902591886,-0.0005582983878042,53,2,0.0285122886469928,0.004669326634325,-0.0035076480868225,0.0250046405601702,1,0,1,0,TimeStop,2169.82434,1.5880326330824466,0.07613932471602747,False,False,True,False,HIGH,LOW,HIGH / LOW
1787212980,1.5997745067443778,0.0945707353555397,1,0.0216963385987876,0.0204913444018311,0.0257342718619249,0.0284543859011097,0.031134982545052,0.028400980145945,-0.0001237066285848,52,1,0.0285246867745299,0.0046713570187618,-0.0026667082840201,0.0258579784905098,1,0,1,0,TimeStop,2151.64004,1.5721155583313624,0.07678280610543015,False,False,True,False,HIGH,LOW,HIGH / LOW
1787213040,1.5282974858879506,0.0887171004167853,1,0.0209864174543313,0.0206056010928571,0.0253753976023458,0.0274696012623632,0.0305344571520033,0.0282937966732683,-8.246249030434833e-05,51,1,0.0283762591635726,0.0046708701539327,-0.0029183990709224,0.0254578600926501,1,0,1,0,TimeStop,2140.4815300000005,1.5654280256496338,0.07718308132282738,False,False,True,False,HIGH,LOW,HIGH / LOW
1787213100,1.444424166548986,0.0960850502025572,1,0.0195822269352217,0.0188900170512317,0.0260503895022229,0.0270044856975014,0.0308494919334007,0.0278860265048982,0.0,50,1,0.0278860265048982,0.0046690179191772,-0.0018356370026752,0.0260503895022229,1,0,1,0,TimeStop,2139.8298000000004,1.5665962377450198,0.07720658904740926,False,False,False,False,NORMAL,LOW,NORMAL / LOW
1787213160,1.3605845995149517,0.10126632114502,1,0.0174289593746005,0.0187494585481627,0.0277363439056181,0.0277635058459641,0.029364487792995,0.0277364868631988,1.4295758069399774e-07,60,1,0.0277363439056181,0.0,-1.4295758069340916e-07,0.0277362009480374,1,0,1,0,TimeStop,2150.02999,1.5687517031093152,0.07684030491128171,True,False,False,False,NORMAL,LOW,NORMAL / LOW
1787213220,1.529302111732935,0.1487552630996463,1,0.0120839054031346,0.0139002655237875,0.0192201237405106,0.0217233940985426,0.0240128579588474,0.0219923581236091,-0.0020467991717272,59,1,0.0240391572953363,0.0032840052553181,-0.0027722343830985,0.0212669229122378,1,0,1,0,TimeStop,2397.4157,1.6745634890298553,0.11207463102873648,True,False,True,False,HIGH,HIGH,HIGH / HIGH
1787213280,1.5196820789249883,0.1366676628658231,1,0.0130756798590425,0.0174384634527892,0.0213187554136158,0.0226419413789038,0.0258297460861087,0.0235116791733888,0.0,58,1,0.0235116791733888,0.0032888873449662,-0.0021929237597729,0.0213187554136158,1,0,1,0,TimeStop,2435.73305,1.6835041260989614,0.11031154666148658,True,False,False,False,HIGH,HIGH,HIGH / HIGH
1787213340,1.676892200221215,0.185528811626321,1,0.0066587252666926,0.0106046260587864,0.0167292728470597,0.0161635117470391,0.0186415453651294,0.0176569796108185,-0.000575520478996,60,1,0.0182325000898145,0.0,-0.0009277067637587,0.0173047933260557,1,0,0,0,TimeStop,2558.7511499999996,1.716797327381029,0.1050080544174841,False,False,True,False,HIGH,HIGH,HIGH / HIGH
1787213400,2.144432415147686,0.2074274918345296,1,0.003217932225492,0.0080290411827937,0.0139310271908646,0.0135861983893421,0.014776041024195,0.0145697922357129,-0.0014354238990608,60,1,0.0160052161347738,0.0,-0.0006387650448483,0.0153664510899254,1,0,0,0,TimeStop,2666.0548499999995,1.7179898430934353,0.1022156989755856,False,False,True,False,HIGH,HIGH,HIGH / HIGH
1787213460,2.274226808946039,0.22427447761496,1,0.002103599199543,0.0061661197383806,0.0096768096448904,0.0125761370757986,0.0132072027619396,0.0128469154835006,-0.0019760912799079,59,1,0.0148230067634085,0.0037610614175813,-0.0031701058386101,0.0116529009247984,1,0,0,0,TimeStop,2883.8821,1.7911007792749691,0.09449507661911699,True,False,True,False,HIGH,HIGH,HIGH / HIGH
1787213520,2.6178369508792585,0.2157950989883363,1,0.0052112676056338,0.0065480281690141,0.0123970422535211,0.0145067605633802,0.0143043661971831,0.0136230985915493,-5.140845070414337e-05,58,1,0.0136745070422535,0.0037639436619719,-0.0012260563380282,0.0124484507042253,1,0,0,0,TimeStop,2844.9505199999994,1.7441650502971997,0.09578818966594893,True,False,True,False,HIGH,HIGH,HIGH / HIGH
1787213580,2.5998265881798153,0.2451206300055467,1,0.0009899712281283,0.0024197270389662,0.0090107442109058,0.0102282531083021,0.0103305188055254,0.0095720131472445,-0.0037207038236708,57,3,0.0132927169709153,0.0037489005385432,-0.0005612689363386,0.0127314480345767,0,0,0,0,TimeStop,2948.7503599999995,1.777683380633169,0.09241632106150892,True,False,True,False,HIGH,HIGH,HIGH / HIGH
1787213640,2.557823389231173,0.2442605487308286,1,0.0006973351055631,0.0029258060412614,0.0089833086979933,0.0118632521930923,0.0105587642975086,0.0095335189995065,-0.003931836755703,60,2,0.0134653557552095,0.0,-0.0005502103015132,0.0129151454536963,0,0,0,0,TimeStop,3038.6322499999997,1.810301034984813,0.08968267219568936,True,False,True,False,HIGH,HIGH,HIGH / HIGH
1787213700,2.520040909517106,0.2105762746023357,1,0.002955418128206,0.0067612717528356,0.0103918039630799,0.0180070288972184,0.0134441694865601,0.0128083127677749,-0.0007007228279597,59,1,0.0135090355957347,0.0030639035298842,-0.0024165088046949,0.0110925267910397,1,0,0,0,TimeStop,3134.3619599999997,1.8418181034909227,0.08694358324843886,True,False,True,False,HIGH,HIGH,HIGH / HIGH
1787213760,2.4393440597264617,0.2086832781637872,1,0.0027822995913756,0.0085086423729376,0.0114255171431321,0.016971675584853,0.0136496675880467,0.0132518543502411,-0.0002022850752747,58,1,0.0134541394255159,0.0030652453125325,-0.001826337207109,0.0116278022184069,1,0,0,0,TimeStop,3216.4821999999995,1.8685620747214104,0.08472382032768595,True,False,True,False,HIGH,HIGH,HIGH / HIGH
1787213820,2.6154596184383347,0.2519599831362185,1,-0.001671129254028,0.0022693088314505,0.0057858500341436,0.01098008928529,0.0062678877356694,0.0060003840648315,-0.0063950707766633,57,9,0.0123954548414949,0.0030433084809285,-0.0002145340306878,0.012180920810807,0,0,0,0,TimeStop,3450.38001,1.9359985656111154,0.07898047728371808,True,False,True,False,HIGH,HIGH,HIGH / HIGH
1787213880,2.5824780067206863,0.230958677417975,1,-0.0011794054176694,0.0047649884757122,0.0084000404159364,0.0145156835275208,0.0092072380401969,0.0087167533726776,-0.0037156315641738,60,8,0.0124323849368514,0.0,-0.0003167129567411,0.0121156719801102,0,0,0,0,TimeStop,3514.89438,1.9539085744098148,0.0775308246957907,True,False,True,False,HIGH,HIGH,HIGH / HIGH
1787213940,2.51021614359082,0.2228680825222986,1,-0.0003729886656315,0.004489465453958,0.0080230422862578,0.015202092550547,0.0089287316814891,0.0103012177939711,-0.0031267948326765,60,7,0.0134280126266477,0.0,-0.0022781755077133,0.0111498371189344,1,0,0,0,TimeStop,3562.86054,1.9676558208280117,0.07648704094379175,True,False,True,False,HIGH,HIGH,HIGH / HIGH
1787214000,2.492491731963302,0.2145989096861242,1,-0.0006789152122342,0.0067090072833553,0.0086966273620095,0.0151291279329186,0.0105719604508379,0.0112914393381468,-0.002149734420215,59,6,0.0134411737583619,0.0033050271867856,-0.0025948119761372,0.0108463617822246,1,0,0,0,TimeStop,3623.00056,1.9832465370474206,0.07521739383887922,True,False,True,False,HIGH,HIGH,HIGH / HIGH
1787214060,2.415470903212342,0.2115763589643179,1,0.0012978785018797,0.0077064785311899,0.0122250965610645,0.0154923444558583,0.0116062964179142,0.0126102308009317,-0.00108388381114,60,5,0.0136941146120717,0.0,-0.0003851342398671,0.0133089803722045,1,0,0,0,TimeStop,3669.66309,1.998851747609597,0.07426094802615789,True,False,True,False,HIGH,HIGH,HIGH / HIGH
1787214120,2.2800940862448416,0.2118834131335076,1,0.0017946734563765,0.0082026563751642,0.0113770807403601,0.0135685572423859,0.0113208962383213,0.0122685883264619,-0.0014209060565627,59,4,0.0136894943830246,0.0013380339160557,-0.0008915075861017,0.0127979867969229,1,0,0,0,TimeStop,3689.47046,2.0042964485038475,0.07386226911273332,True,False,True,False,HIGH,HIGH,HIGH / HIGH
1787214180,2.2417806376145695,0.2072036677084583,1,0.0043064735246173,0.0089357498715181,0.011368364958032,0.0160490761473165,0.0116360790966692,0.0127809962029562,-0.0009154277685471,58,3,0.0136964239715034,0.0014126312449242,-0.0014126312449242,0.0122837927265792,1,0,0,0,TimeStop,3692.5661199999995,2.0028659834566094,0.07380034673556503,True,False,True,False,HIGH,HIGH,HIGH / HIGH
1787214240,2.161561909341621,0.207226094312393,1,0.0039197999213173,0.0086577586691395,0.0120633114146013,0.0152748271792277,0.0117744337660877,0.0125816332265498,-0.001112094643961,57,2,0.0136937278705108,0.0019032765694375,-0.0005183218119485,0.0131754060585623,1,0,0,0,TimeStop,3719.1582999999996,2.00916794986858,0.07327267032435807,True,False,True,False,HIGH,HIGH,HIGH / HIGH
1787214300,2.081162414947293,0.2026299262521212,1,0.004795676794402,0.0081502756878284,0.0120925476950412,0.0134186766225407,0.0110440950164279,0.012723783378238,-0.0009718668711014,56,1,0.0136956502493395,0.0019035437588118,-0.0006312356831968,0.0130644145661426,1,0,0,0,TimeStop,3753.43736,2.0192517931003664,0.07260349217603568,True,False,True,False,HIGH,HIGH,HIGH / HIGH
1787214360,1.9783066108165976,0.2065338682557992,1,0.0040539925633264,0.0070587445515609,0.0111295901290772,0.0137968605081633,0.0100009999455085,0.0121282716616004,-0.000419640053323,55,1,0.0125479117149234,0.0019024244184447,-0.0009986815325232,0.0115492301824002,1,0,0,0,TimeStop,3788.77106,2.0319446061540534,0.07192639926889643,True,False,True,False,HIGH,HIGH,HIGH / HIGH
1787214420,2.041288486600011,0.2197039241693697,1,0.001329830460978,0.0043715846994535,0.0086010928961748,0.0107047779178926,0.0077831021437578,0.0097724534117977,-0.0026518144878799,54,8,0.0124242678996777,0.0018979963570128,-0.0011713605156228,0.0112529073840548,0,0,0,0,TimeStop,3979.6007700000005,2.082740040250582,0.068477386489198,True,False,True,False,HIGH,HIGH,HIGH / HIGH
1787214480,2.0184041709387266,0.2205043500692678,1,0.0014283417935583,0.004128485174297,0.0077713733789434,0.0093991392671086,0.0075817593241274,0.0099780717581988,-0.0024487260752398,53,7,0.0124267978334387,0.0022805539645385,-0.0022066983792553,0.0102200994541833,0,0,0,0,TimeStop,4041.5571000000004,2.101296682425927,0.06742764069818535,True,False,True,False,HIGH,HIGH,HIGH / HIGH
1787214540,1.9466482663746312,0.2197524522170482,1,0.0022269180275804,0.0033969294628025,0.0067135502825309,0.0096743183190743,0.0086214762130143,0.0100593232798499,-0.0023684742745346,52,6,0.0124277975543845,0.0033457729973189,-0.0033457729973189,0.0090820245570655,1,0,0,0,TimeStop,4077.26374,2.1117539041535403,0.06683714308851652,True,False,True,False,HIGH,HIGH,HIGH / HIGH
1787214600,1.9522656975542352,0.2129112100149655,1,0.0037946388800934,0.003710603510041,0.0081717733469269,0.0088453189422879,0.005772486370908,0.0110543689203252,-0.0013856717028496,51,5,0.0124400406231748,0.004693354373508,-0.0028825955733983,0.0095574450497765,1,0,0,0,TimeStop,4102.87063,2.1091162839622912,0.06641999823426067,False,False,True,False,HIGH,HIGH,HIGH / HIGH
1787214660,1.977711123616604,0.2153045589190754,1,0.0057104545861006,0.0057146659393193,0.0097982747770405,0.0098805365432455,0.0038268566698219,0.0116717654455943,-0.0007758716413228,50,4,0.0124476370869171,0.0046962203525998,-0.0018734906685538,0.0105741464183633,1,0,0,0,TimeStop,4105.2669399999995,2.102935182753015,0.06638122781852525,True,False,True,False,HIGH,HIGH,HIGH / HIGH
1787214720,2.125418268925892,0.2347375963256517,1,0.0039470340896123,0.0021044128692293,0.0073364659667354,0.0065118922706364,0.0028160101692755,0.0089122556990432,-0.003501428304437,49,3,0.0124136840034803,0.0046834105992019,-0.0015757897323077,0.0108378942711725,0,0,0,0,TimeStop,4211.455330000001,2.118958166978752,0.06470747963507426,False,False,True,False,HIGH,HIGH,HIGH / HIGH
1787214780,2.1792759051563184,0.2138790731670644,1,0.0059514130221428,0.0051376501024288,0.0100906602044536,0.0081398740603669,0.0048567615911759,0.0111349425167695,-0.0013060894861409,48,2,0.0124410320029104,0.0046937283993298,-0.0010442823123158,0.0113967496905946,1,0,0,0,TimeStop,4209.407080000001,2.111276606489036,0.06473896556471795,False,False,True,False,HIGH,HIGH,HIGH / HIGH
1787214840,2.2507161587251363,0.2184175558754475,1,0.0048642684365829,0.0046734963088398,0.0091959179253417,0.0083865391186663,0.0032181574666807,0.0109163739156147,-0.0015219688132458,47,1,0.0124383427288606,0.0046927137952376,-0.0017204559902729,0.0107178867385876,1,0,0,0,TimeStop,4206.009610000001,2.1043122852433616,0.06479125947598582,False,False,True,False,HIGH,HIGH,HIGH / HIGH
1787214900,2.352371768249034,0.2049476811553918,1,0.0073929416761566,0.0070276205784349,0.0112787446325468,0.0086861025168812,0.0056076296910965,0.0122169779784836,-1.4045409362952636e-07,46,1,0.0122171184325772,0.0046987512507438,-0.0009382333459367,0.0112788850866404,1,0,0,0,TimeStop,4238.86498,2.106331523921683,0.06428906353134181,False,False,True,False,HIGH,HIGH,HIGH / HIGH
1787214960,2.4010866864109808,0.2102822406468703,1,0.006400293226326,0.0088214872479665,0.0102950561839376,0.0088635852082361,0.0001633400858461,0.0112976892710261,-3.367836821562153e-05,45,1,0.0113313676392418,0.0046944838762006,-0.0010026330870884,0.0103287345521533,1,0,0,0,TimeStop,4214.71488,2.089166148500444,0.0646574365666225,False,False,True,False,HIGH,HIGH,HIGH / HIGH
1787215020,1.88276712553493,0.2125879566958856,1,0.0063965032841301,0.0052469245719891,0.0095371988752945,0.0081072009139424,-0.0014256514629891,0.0104551512875871,-0.0005297119617597,44,1,0.0109848632493469,0.0046905727815543,-0.0009179524122925,0.0100669108370543,1,0,0,0,TimeStop,4178.74132,2.0685877809381013,0.06521405349876981,False,False,True,False,HIGH,HIGH,HIGH / HIGH
1787215080,1.83832198237234,0.2228448353684735,1,0.0046094259759715,0.0038137854034518,0.0069904706439274,0.0055782995820439,-0.0023566968910267,0.0084381838629373,-0.000631363043125,43,4,0.0090695469060623,0.0046812099389865,-0.0014477132190098,0.0076218336870524,0,0,0,0,TimeStop,4169.637930000001,2.05385386772037,0.06535643251883022,False,False,True,False,HIGH,HIGH,HIGH / HIGH
1787215140,1.5995385033313778,0.2237684617866454,1,0.0047194594111936,0.0060603787379823,0.0060883699565772,0.0057806065081262,-0.0010106229473688,0.0086280132196928,-0.0004432409464502,42,3,0.0090712541661431,0.0046820911343694,-0.0025396432631155,0.0065316109030275,0,0,0,0,TimeStop,4166.7607800000005,2.0382748080298816,0.06540156116185772,False,False,True,False,HIGH,HIGH,HIGH / HIGH
1787215200,1.3045797796977876,0.2253259417595643,1,0.0033385881039303,0.0058549761633311,0.0063872594376091,0.0047372651995823,-0.0012486140495932,0.007890267411509,-0.0011743517220468,41,2,0.0090646191335559,0.0046786664891457,-0.0015030079738999,0.0075616111596559,0,0,0,0,TimeStop,4190.16308,2.032116159173067,0.06503628970927784,False,False,True,False,NORMAL,HIGH,NORMAL / HIGH
1787215260,1.088854938392051,0.2187733779569231,1,0.0029926199292962,0.0034891752342273,0.0066504840924662,0.0048157472094292,0.0003523444544004,0.0080416781946761,-0.0010243026754958,40,1,0.009065980870172,0.0046793693439904,-0.0013911941022099,0.0076747867679621,0,0,0,0,TimeStop,4184.18422,2.0195626600101257,0.06512922129418097,False,False,True,False,NORMAL,HIGH,NORMAL / HIGH
1787215320,1.01916282975096,0.2178693082715757,1,0.0030377145930778,0.0058109637303118,0.0074033536178804,0.0044981516103496,0.0018902983296277,0.0084314106041692,-0.0006380753855284,39,2,0.0090694859896977,0.0046811784972514,-0.0010280569862888,0.0080414290034089,0,0,0,0,TimeStop,4156.61369,2.0032141563110892,0.06556121889691413,False,False,True,False,NORMAL,HIGH,NORMAL / HIGH
1787215380,0.938389583334644,0.2167493163215226,1,0.0026962921539675,0.0065751072072461,0.0070054335877646,0.005234168222489,0.0026953125491989,0.008537535445949,-0.000532904994151,38,1,0.0090704404401001,0.0046816711329648,-0.0015321018581844,0.0075383385819157,0,0,0,0,TimeStop,4128.020780000001,1.9877423628778599,0.06601533144414064,False,False,True,False,NORMAL,HIGH,NORMAL / HIGH
1787215440,0.8798777061767374,0.2231155539249023,1,0.0011674117050505,0.0060398312818791,0.0068717589571718,0.0042115202335047,0.0022977649407861,0.0078150018836891,-0.00084717059286,37,1,0.0086621724765491,0.0046783171035884,-0.0009432429265172,0.0077189295500318,0,0,0,0,TimeStop,4106.7088,1.9744598608752801,0.06635792145768893,False,False,True,False,NORMAL,HIGH,NORMAL / HIGH
1787215500,0.8234243080206426,0.2231252223575349,1,-8.371769164475408e-05,0.0036061500497762,0.0065351511579525,0.0042972752337212,0.0010472398388873,0.0072322861261056,-0.000698672354811,36,16,0.0079309584809167,0.004675612113992,-0.0006971349681531,0.0072338235127636,0,0,0,0,TimeStop,4091.6338999999994,1.9624675295156317,0.06660240545958915,False,False,True,False,NORMAL,HIGH,NORMAL / HIGH
1787215560,0.7984531648763253,0.2336179904119224,1,4.187441026912828e-06,0.0028922655172605,0.0048913498634893,0.0030116075865264,-0.0002481756715259,0.0059274623549052,-0.0019932219287912,35,15,0.0079206842836964,0.0046695550704328,-0.0010361124914158,0.0068845717922805,0,0,0,0,TimeStop,4102.7752,1.9565003672114396,0.06642154315449698,False,False,True,False,NORMAL,HIGH,NORMAL / HIGH
1787215620,0.6713919914196226,0.2369833323838197,1,-0.0018353769250923,0.0035085791530353,0.0040407018050755,0.0028371508067111,-0.0028276685372302,0.0049457007599343,-0.0029672531217931,34,14,0.0079129538817274,0.0046649976942747,-0.0009049989548588,0.0070079549268686,0,0,0,0,TimeStop,4171.86023,1.9646834967625546,0.06532161792965915,False,False,True,False,NORMAL,HIGH,NORMAL / HIGH
1787215680,0.6558636231696234,0.2389955868305856,1,-0.0008089485328811,0.0036178131024835,0.0033165495109279,0.0035351050886908,-0.0027617223964792,0.0051528626805682,-0.0027617223964792,33,13,0.0079145850770475,0.0046659593481047,-0.0018363131696403,0.0060782719074072,0,0,0,0,TimeStop,4195.56007,1.9629946510916154,0.06495262979276088,False,False,True,False,NORMAL,HIGH,NORMAL / HIGH
1787215740,0.6729988777340332,0.2292006802461232,1,-0.0001898486529329,0.0035177838631716,0.0038526713031617,0.0033181635883965,-0.0001718409498239,0.006022808919704,-0.0018986261239283,32,12,0.0079214350436324,0.0046699976729581,-0.0021701376165423,0.00575129742709,0,0,0,0,TimeStop,4262.57204,1.9709544849427991,0.06393150835756901,False,False,True,False,NORMAL,HIGH,NORMAL / HIGH
1787215800,0.6506284289100116,0.2295206419721642,1,-0.0003626401204616,0.0019743739891807,0.0014382912274831,0.0027325581395349,-0.0013137861803579,0.004788634208912,-0.0031230829290056,31,11,0.0079117171379176,0.004664268585132,-0.0033503429814288,0.0045613741564888,0,0,0,0,TimeStop,4267.917950000001,1.9673746724129126,0.06385142900884491,False,False,True,False,NORMAL,HIGH,NORMAL / HIGH
1787215860,0.6382136093783689,0.2305080634166892,1,0.0024057962203872,0.0044840617046154,0.0011648325967957,0.0025035395350093,0.0007745565088819,0.0048662506138586,-0.0030460776765146,30,10,0.0079123282903733,0.0046646288835539,-0.0037014180170629,0.0042109102733103,0,0,0,0,TimeStop,4251.556390000001,1.9572732096748608,0.064097152901693,False,False,True,False,NORMAL,HIGH,NORMAL / HIGH
1787215920,0.6499817829950032,0.2327653302802496,1,-0.0011422721644894,0.0031485975018247,-0.0006674748066921,0.0022467890226515,0.0008731088736254,0.0040328518533327,-0.003872914245718,29,9,0.0079057660990507,0.0049752020083036,-0.0047003266600249,0.0032054394390258,0,0,0,0,TimeStop,4231.649160000001,1.9420655790468524,0.0643986894225418,False,False,True,False,NORMAL,HIGH,NORMAL / HIGH
1787215980,0.6521841756387505,0.2285856409684801,1,-0.0007919899534556,0.0024110703648113,-0.0011950886037019,0.0015243647644422,-0.0002204924545058,0.0038111904865377,-0.0040928302483889,28,8,0.0079040207349266,0.0052296965867824,-0.0050062790902396,0.0028977416446869,0,0,0,0,TimeStop,4218.870830000002,1.942798069277595,0.06459374344011377,False,False,True,False,NORMAL,HIGH,NORMAL / HIGH
1787216040,0.6535920932107151,0.2324572424764918,1,0.0013346206388543,0.0033763213698521,-0.0012284750458258,0.0018918153529152,-0.0006122176920743,0.0038901941948947,-0.0040144486161303,27,7,0.0079046428110251,0.0052468240249545,-0.0051186692407206,0.0027859735703045,0,0,0,0,TimeStop,4204.7389600000015,1.929400759164466,0.06481083905384696,False,False,True,False,NORMAL,HIGH,NORMAL / HIGH
1787216100,0.6558846918926634,0.2283049203757624,1,0.0025080148309218,0.003910401159711,-0.0003611552507597,0.0022023361489782,0.0002457416854841,0.0045365336901676,-0.0033731984053971,26,6,0.0079097320955647,0.0052502021131276,-0.0048976889409273,0.0030120431546374,0,0,0,0,TimeStop,4198.079380000001,1.918097700847564,0.06491365106107162,False,False,True,False,NORMAL,HIGH,NORMAL / HIGH
1787216160,0.6617421926889758,0.2235905555402467,1,0.0004950737373981,0.0040423119302032,-0.0002945340094043,0.0026148260778069,0.0002719419120919,0.0050339934362984,-0.0028796556629672,25,5,0.0079136490992657,0.0053286669030935,-0.0053285274457027,0.0025851216535629,0,0,0,0,TimeStop,4182.02098,1.903397540852526,0.06516291078004108,False,False,True,False,NORMAL,HIGH,NORMAL / HIGH
1787216220,0.5635823947185212,0.220157166365904,1,0.0027648503110962,0.0042110990206746,0.0001512234591668,0.0037666359755587,0.0002607349125303,0.0053773611227366,-0.0025389916575988,24,4,0.0079163527803354,0.0054239558048045,-0.0052261376635697,0.0026902151167656,0,0,0,0,TimeStop,4176.44769,1.8947362024281396,0.0652498678847334,False,False,True,False,NORMAL,HIGH,NORMAL / HIGH
1787216280,0.5510679953962014,0.2168017414675224,1,0.0038683847578075,0.0036279104302215,0.0020089306275528,0.0046246995466577,0.0001388693882461,0.00582553594512,-0.002094345768866,23,3,0.007919881713986,0.0054263736834275,-0.0038166053175671,0.0041032763964189,0,0,0,0,TimeStop,4191.89406,1.8921458436567467,0.06500943394547523,False,False,True,False,NORMAL,HIGH,NORMAL / HIGH
1787216340,0.5495596471433092,0.2115224150975119,1,0.0048667380898171,0.0033053926341034,0.0027638524362324,0.0056415442485972,0.001395265678755,0.0066398387531585,-0.0012864547904029,22,2,0.0079262935435614,0.0054307668024824,-0.0038759863169261,0.0040503072266353,0,0,0,0,TimeStop,4173.84476,1.8782185604348018,0.06529055958468373,False,False,True,False,NORMAL,HIGH,NORMAL / HIGH
1787216400,0.5342217640756085,0.2056890878853572,1,0.0036901766744939,0.0044446774013195,0.0030191211003019,0.006010287375601,0.0011183327742367,0.0073166163479817,-0.0006150061500615,21,1,0.0079316224980432,0.0054344179805434,-0.0042974952476798,0.0036341272503634,0,0,0,0,TimeStop,4162.549829999999,1.8657543323109382,0.06546772318158653,False,False,True,False,NORMAL,HIGH,NORMAL / HIGH
1787216460,0.534956191583922,0.2129080379319859,1,0.0028880659826276,0.0040604049796839,0.001687392086607,0.0069017113999811,0.0003195004124612,0.0059232501106177,-0.0012157486205929,20,2,0.0071389987312107,0.0054269008459991,-0.0042358580240107,0.0029031407072,0,0,0,0,TimeStop,4185.2141,1.8703550359029635,0.06511319456751327,False,False,True,False,NORMAL,HIGH,NORMAL / HIGH
1787216520,0.4675166008548735,0.205093332633767,1,0.0053537822865985,0.0052210658194046,0.0035921458115312,0.0076834452412555,0.0019394765411071,0.0067935464033349,-0.0003516287872913,19,1,0.0071451751906263,0.0054315960468374,-0.0032014005918037,0.0039437745988226,0,0,0,0,TimeStop,4202.923489999999,1.8733997206724873,0.0648388343609843,False,False,True,False,NORMAL,HIGH,NORMAL / HIGH
1787216580,0.4609361662343996,0.2119627651887753,1,0.0044303455569031,0.0049276933378429,0.0026518700932622,0.0064208533750903,0.0013955888615874,0.0059666379164381,-0.0006980736044005,18,1,0.0066647115208387,0.0054271349208354,-0.0033147678231759,0.0033499436976628,0,0,0,0,TimeStop,4215.37452,1.8736153595892255,0.06464731869186323,False,False,True,False,NORMAL,HIGH,NORMAL / HIGH
1787216640,0.4545329295392712,0.2090490602963193,1,0.003708336538801,0.0045013844130628,0.0020423775184331,0.0062215164220247,0.0016035483866012,0.0062138372612706,-7.413880655506666e-05,17,1,0.0062879760678257,0.0054284685477632,-0.0041714597428375,0.0021165163249881,0,0,0,0,TimeStop,4235.8005,1.8794507776744704,0.06433557482227975,False,False,True,False,NORMAL,HIGH,NORMAL / HIGH
1787216700,0.4337912861317951,0.2155629746095097,1,0.0023378619121679,0.0042214572542409,0.0009298726505442,0.0041181070766418,0.0011335045794169,0.0051531430657958,-0.0005298614368409,16,2,0.0056830045026367,0.0054227461606664,-0.0042232704152515,0.0014597340873852,0,0,0,0,TimeStop,4264.708030000001,1.8886233161738613,0.06389948809696122,False,False,True,True,NORMAL,HIGH,NORMAL / HIGH
1787216760,0.4508840300071289,0.2256446540303276,1,0.0020732776008123,0.0014606835347956,2.642889930581268e-05,0.0010312834708099,-0.0010328135649803,0.0024545492481674,-0.0032131977577165,15,1,0.0056677470058839,0.005408187394806,-0.0024281203488616,0.0032396266570223,0,0,0,0,TimeStop,4317.089370000001,1.9057674895715777,0.06312416460352313,False,False,True,False,NORMAL,HIGH,NORMAL / HIGH
1787216820,0.5071299966185475,0.2036231710429546,1,0.0042957766123633,0.0042678810533363,0.0024560644945324,0.0024270531131443,0.0021596741798705,0.0051810421780853,-0.000502120062486,14,1,0.0056831622405713,0.0054228966748494,-0.0027249776835529,0.0029581845570184,0,0,0,0,TimeStop,4113.23239,1.8043305933517044,0.06625267773893027,False,False,True,True,NORMAL,HIGH,NORMAL / HIGH
1787216880,0.5126817716931134,0.2096458185206522,1,0.0032055991205652,0.0031646160738855,0.0012955661083028,0.0032709768378876,0.0013803201640214,0.0046068290022804,-0.0008129698239317,13,49,0.0031727011647269,0.0054197988262121,-0.0033112628939775,0.0021085359322345,0,0,0,0,TimeStop,4085.129589999999,1.7855523359629781,0.06670844926611007,False,False,False,True,NORMAL,HIGH,NORMAL / HIGH
1787216940,0.5524069598421331,0.2202145432227027,1,0.002038979466919,2.782260308274442e-05,-0.0005564520616548,0.0010294363140615,-0.0003344276890544,0.0025521673807802,-0.0028565466585053,12,48,0.0031662122308161,0.0054087140392855,-0.0031086194424351,0.0023000945968504,0,0,0,0,TimeStop,3980.1789,1.723051978641549,0.06846743999371485,False,False,False,False,NORMAL,HIGH,NORMAL / HIGH
1787217000,0.5990387776011523,0.2225406729693835,1,0.0013988779222137,0.0005291849092482,-0.0003400909847662,-0.0006590479426788,-0.000443258405329,0.002023444031605,-0.0033824175741667,11,47,0.0031739971382859,0.0054058616057717,-0.0023635350163712,0.0030423265894004,0,0,0,0,TimeStop,3792.87751,1.6282238517137708,0.06702309772191932,False,False,False,False,NORMAL,HIGH,NORMAL / HIGH
1787217060,0.6725899990818789,0.2044316306700115,1,0.0035454829173263,0.0031503168507033,0.0028715400841263,0.0025743640509552,0.0024426420287476,0.0045366737108909,-0.0008827466313661,10,46,0.003893675098781,0.005419420342257,-0.0016651336267645,0.0037542867154925,0,0,0,0,TimeStop,3648.0605399999995,1.5514928700532569,0.0696837119923454,False,False,False,True,NORMAL,HIGH,NORMAL / HIGH
1787217120,0.7051222332284149,0.2182479162723443,1,0.0014422610736003,0.0015831900277392,0.0020838843080408,0.0005468822494764,0.0012772642921505,0.0026053075263157,-0.0028036932011448,9,45,0.0049845444203749,0.0054090007274605,-0.0005214232182748,0.0048875775091856,0,0,0,0,TimeStop,3577.3992700000003,1.5184111077054077,0.07106011401405579,False,True,False,False,NORMAL,HIGH,NORMAL / HIGH
1787217180,0.7514430642563737,0.2209851299319916,1,-0.0002395476650497,0.000427515420794,0.0012066362071778,-0.0001901922262263,-0.000925518749992,0.0019496093482261,-0.0034558539234722,8,44,0.0049812845566274,0.0054054632716983,-0.0007429731410482,0.0046624901306501,0,0,0,0,TimeStop,3500.09643,1.4801149518636534,0.0726295418095095,False,True,False,False,NORMAL,HIGH,NORMAL / HIGH
1787217240,0.7965972188434776,0.2229833466535097,1,-0.0015537835978944,0.0008269331386538,0.0028543024153842,0.0006042491769589,-0.0016473331024019,0.0032276664110851,-0.0036399514487801,60,43,0.0068676178598653,0.0,-0.0003733639957009,0.0064942538641644,0,0,0,0,TimeStop,3453.3241700000003,1.4538031063418324,0.07361324552394974,False,True,False,False,NORMAL,HIGH,NORMAL / HIGH
1787217300,0.8672281039531342,0.2081481684746275,1,0.0007517267224089,0.0029184766434831,0.007536902916541,0.0015874273636047,-0.001309185423743,0.0093126101113232,-0.0018013310771318,60,42,0.011113941188455,0.0,-0.0017757071947822,0.0093382339936728,0,0,0,0,TimeStop,3450.0873200000005,1.4384447057249425,0.073682309003124,False,True,False,False,NORMAL,HIGH,NORMAL / HIGH
1787217360,0.8797615730224096,0.208315596996503,1,0.0011689629549112,0.001993319138021,0.0054835065437013,0.0016485731873942,-0.0022590115157951,0.008722615348279,-0.0023848291739972,59,41,0.0111074445222762,0.0039071671667129,-0.0032391088045777,0.0078683357176985,0,0,0,0,TimeStop,3423.97672,1.4197916984930252,0.07424419637993333,False,True,False,False,NORMAL,HIGH,NORMAL / HIGH
1787217420,0.922009431974784,0.2137239473295206,1,-0.000132009715915,0.0005302621851916,0.0051643590441941,-0.0009590853255219,-0.0045079233621066,0.007119214500503,-0.0039705743395344,58,40,0.0110897888400374,0.0039009565840887,-0.0019548554563088,0.0091349333837286,0,0,0,0,TimeStop,3220.9434800000004,1.3301832395081699,0.05995539853434497,False,True,False,False,NORMAL,HIGH,NORMAL / HIGH
1787217480,0.911672774418958,0.2114276441115064,1,0.0004951540772735,-0.0003001776050828,0.0060646993915845,-0.0001585660404626,-0.0041221611675796,0.0072171868355443,-0.0038736808167053,57,39,0.0110908676522497,0.0039013360682847,-0.0011524874439598,0.0099383802082898,0,0,0,0,TimeStop,3176.81904,1.3100752424904358,0.06078814926770271,False,True,False,False,NORMAL,HIGH,NORMAL / HIGH
1787217540,0.9123641610601468,0.2035473394766743,1,0.0007901178513635,0.0003337135079967,0.0071219108722026,-0.0001391052555217,-0.0044235471255915,0.0081894046030763,-0.0029121685243476,56,38,0.011101573127424,0.0039051018382619,-0.0010674937308737,0.0100340793965502,0,0,0,0,TimeStop,3279.148,1.3311650962782038,0.05889119673768918,False,True,False,False,NORMAL,HIGH,NORMAL / HIGH
1787217600,0.942860879779529,0.2056084953175492,1,0.0018792020272283,-0.0005350264194514,0.0063770418145757,0.0005023264952458,-0.0032527379924833,0.0086883002871609,-0.0026013833320276,60,37,0.0112896836191886,0.0,-0.0023112584725852,0.0089784251466033,0,0,0,0,TimeStop,3268.44725,1.3199392185338403,0.059084003879823974,False,True,False,False,NORMAL,HIGH,NORMAL / HIGH
1787217660,0.9771700836070604,0.2163528332831212,1,-0.0006113266162364,-0.003304411920869,0.0032277878763271,-0.0014905597650196,-0.0059142102205647,0.0062458313118882,-0.0050165151190205,59,36,0.0112623464309088,0.0033313413857986,-0.0030180434355611,0.0082443029953477,0,0,0,0,TimeStop,3274.82054,1.315847713525171,0.05896901758164739,False,True,False,False,NORMAL,HIGH,NORMAL / HIGH
1787217720,0.9689259109645614,0.2088597074627466,1,-2.7776238511226943e-05,-0.0038040947453051,0.0021668243662606,0.0001665185498746,-0.0059717523987213,0.0067497648394206,-0.0045182218374287,58,35,0.0112679866768493,0.0049441704549983,-0.0045829404731599,0.0066850462036894,0,0,0,0,TimeStop,3282.1699399999993,1.3177868446927263,0.05883697478504116,False,True,False,False,NORMAL,HIGH,NORMAL / HIGH
1787217780,0.9899271124991436,0.2047446049199803,1,-4.085209125193218e-05,-0.0035974851786113,0.0046280972902278,-0.0001939779571009,-0.0045707098287074,0.0072680594728634,-0.0040057281857474,57,34,0.0112737876586109,0.0049467158114545,-0.0026399621826355,0.0086338254759753,0,0,0,0,TimeStop,3313.9442399999994,1.3248134667531954,0.058272842273290645,False,True,False,False,NORMAL,HIGH,NORMAL / HIGH
1787217840,0.9971694903289516,0.2059377631278688,1,-0.0020070645005309,-0.0045893014590889,0.003173236030202,-0.0014795107132986,-0.005131571220386,0.0063782641175822,-0.004885564559603,56,33,0.0112638286771852,0.0049423460067024,-0.0032050280873801,0.008058800589805,0,0,0,0,TimeStop,3319.1919199999998,1.3232626351180863,0.058180712249986444,False,True,False,False,NORMAL,HIGH,NORMAL / HIGH
1787217900,0.9979018790823908,0.2061513972782499,1,-0.0008684781181,-0.0042549179742896,0.0013102842526799,-0.0016579531907648,-0.005322500428338,0.006490468122896,-0.0047746163909241,55,32,0.0112650845138202,0.0051810169427514,-0.0051801838702161,0.006084900643604,0,0,0,0,TimeStop,3322.1726999999996,1.322764168859914,0.05812851029689096,False,True,False,False,NORMAL,HIGH,NORMAL / HIGH
1787217960,0.9970967636195311,0.2033302225526468,1,-0.0003937699619495,-0.0043193856355219,0.002637911505236,-0.0010604704266258,-0.0046716257143592,0.0068565975914055,-0.0044125848046463,54,31,0.0112691823960519,0.0051829016332077,-0.0042186860861695,0.0070504963098823,0,0,0,0,TimeStop,3325.91001,1.3204010721966657,0.05806319155339985,False,True,False,False,NORMAL,HIGH,NORMAL / HIGH
1787218020,1.2215429864220029,0.2013192286703994,1,0.0001407259905207,-0.0040428507168135,0.0020857453323564,-0.0009078423968929,-0.0063264181720734,0.0070312984049479,-0.0042398393195363,53,30,0.0112711377244843,0.0051838009242626,-0.0049455530725915,0.0063255846518927,0,0,0,0,TimeStop,3344.24752,1.301608166445732,0.06322811297173363,False,True,False,False,NORMAL,HIGH,NORMAL / HIGH
1787218080,1.2577457695734269,0.1957779416488211,1,0.0006672229175357,-0.0016131275205117,0.0016152134612709,-1.3350020859496633e-05,-0.0060328188012794,0.0080656376025587,-0.0032170769016826,52,29,0.0112827145042413,0.0071599221248782,-0.0064504241412878,0.0048322903629535,0,0,0,0,TimeStop,3362.47983,1.2992788381517342,0.06288527238541085,False,True,True,False,NORMAL,HIGH,NORMAL / HIGH
1787218140,1.2791797032236785,0.1929788532877174,1,0.0023844216117391,-0.0005397560920601,0.002941023328545,0.0009668831723902,-0.0052705922448312,0.0092060643135323,-0.0020894143486298,51,28,0.0112954786621622,0.0071680221593751,-0.0062650409849872,0.0050304376771749,0,0,0,0,TimeStop,3373.81604,1.2997835976351653,0.06267397436405572,False,True,True,False,NORMAL,HIGH,NORMAL / HIGH
1787218200,1.311233168593816,0.1943649783020465,1,0.0021651223407533,-0.0014192482006134,0.0006680861467932,0.0005010993990007,-0.0057451790578023,0.0087391122900993,-0.0025511400394005,50,27,0.0112902523294998,0.0081266883925702,-0.008071026143306,0.0032192261861937,0,0,0,0,TimeStop,3349.9370400000003,1.286139128488261,0.06312072659132721,False,False,True,False,NORMAL,HIGH,NORMAL / HIGH
1787218260,1.301743703762735,0.1986524303127521,1,0.0008233936664163,-0.0023634164650929,8.146356382240084e-05,0.0018628186949147,-0.0056996691411571,0.0077293074206911,-0.0035496427280562,49,26,0.0112789501487474,0.008118553118136,-0.0076478438568687,0.0036311062918786,0,0,0,0,TimeStop,3357.352,1.2853269328185315,0.06298131980203446,False,False,True,False,NORMAL,HIGH,NORMAL / HIGH
1787218320,1.4214658730010723,0.2016676347754482,1,0.0006623593389748,-0.0016204594822589,-0.0008185682976419,0.0017206611363508,-0.0052102080608825,0.0074366026497153,-0.0038390714183466,48,25,0.011275674068062,0.0083525930826113,-0.0082551709473573,0.0030205031207047,0,0,0,0,TimeStop,3242.23023,1.2380679526020746,0.06521759560547925,False,False,True,False,NORMAL,HIGH,NORMAL / HIGH
1787218380,1.42051355377905,0.2053742902901742,1,-0.0007949380655321,-0.0022646636764697,-0.0019312980714937,0.0012937363519773,-0.0050489609896958,0.0069030293627036,-0.0043666727181783,47,24,0.0112697020808819,0.0093699348395255,-0.0088343274341973,0.0024353746466845,0,0,0,0,TimeStop,3219.23907,1.2277459029840911,0.06568336659756058,False,False,True,False,NORMAL,HIGH,NORMAL / HIGH
1787218440,1.427032310605925,0.1997518899716529,1,-0.0004560440148496,-0.0024479875615766,-0.0008020036469621,0.0041030061793199,-0.0051817497328855,0.0075778919980468,-0.0036993634426165,46,23,0.0112772554406634,0.0093762149069544,-0.0083798956450089,0.0028973597956544,0,0,0,0,TimeStop,3212.5718500000003,1.223073247906379,0.06581968275666736,False,False,True,False,NORMAL,HIGH,NORMAL / HIGH
1787218500,1.4824659196049184,0.2012562134068072,1,-0.0024097001333043,-0.0032777477317569,-0.0025637264991737,0.0021292860371001,-0.0052335631367824,0.0067963265892284,-0.0044721812272276,45,22,0.011268507816456,0.0093689418958104,-0.0093600530884021,0.0019084547280539,0,0,0,0,TimeStop,3203.07779,1.212980689379961,0.06601477512040069,False,False,True,False,HIGH,HIGH,HIGH / HIGH
1787218560,1.3918019287471313,0.2016175720938059,1,-0.0026947326664351,-0.0014321626990162,-0.0014168840745479,0.0031240620139921,-0.0044919155936557,0.0068613524555042,-0.0044078831590805,44,21,0.0112692356145847,0.0093695470068411,-0.0082782365300521,0.0029909990845325,0,0,0,0,TimeStop,3208.84252,1.2118469640012646,0.0658961786632022,True,False,True,False,NORMAL,HIGH,NORMAL / HIGH
1787218620,1.31768677142679,0.2055552815432,1,-0.003776423401631,-0.0018041168028829,-0.001416488627606,0.0024025724844548,-0.0062773265016704,0.0067777293377585,-0.00449057033007,43,20,0.0112682996678285,0.009368768835417,-0.0081942179653645,0.003074081702464,0,0,0,0,TimeStop,3207.79477,1.2115559446656479,0.06591770208541116,True,False,True,False,NORMAL,HIGH,NORMAL / HIGH
1787218680,1.3084134275679118,0.2040187905280313,1,-0.0035567783891946,-0.0018631537991218,-0.0014023678505919,0.0037242232227223,-0.0060683119337446,0.0073092101606358,-0.0039650380745928,42,19,0.0112742482352286,0.0093737146350954,-0.0087115780112278,0.0025626702240008,0,0,0,0,TimeStop,3196.09539,1.20673305914302,0.06615899533586825,True,False,True,False,NORMAL,HIGH,NORMAL / HIGH
1787218740,1.2309504718739797,0.2005468180091242,1,-0.0025874300976546,-0.0005842584091478,-0.0003059010099324,0.0054532175945245,-0.0046463845533204,0.0084021923601257,-0.0028842890131596,41,18,0.0112864813732854,0.0093838855966392,-0.0087080933700582,0.0025783880032272,0,0,0,0,TimeStop,3159.7016900000003,1.194644031086291,0.06692102000299907,True,False,True,False,NORMAL,HIGH,NORMAL / HIGH
1787218800,1.179932477778039,0.2047969139686676,1,-0.0033893834615598,-0.0008688161296298,-0.0016395221844807,0.0044745698269273,-0.0059944421893332,0.0073653428801198,-0.0039095336172225,40,17,0.0112748764973424,0.0093742369891936,-0.0090048650646005,0.0022700114327418,0,0,0,0,TimeStop,3097.47493,1.173043193934007,0.06826543064224252,False,False,True,False,NORMAL,HIGH,NORMAL / HIGH
1787218860,1.089342121999164,0.2053175385656775,1,-0.003927162072032,-0.0002779012894619,-0.0018226156069363,0.0041093263672744,-0.00533570475767,0.0072532236549577,-0.0040203979546464,39,16,0.0112736216096042,0.0093731936416185,-0.0090758392618941,0.00219778234771,0,0,0,0,TimeStop,3065.01431,1.1621053244048598,0.0689884087360101,False,False,True,False,NORMAL,HIGH,NORMAL / HIGH
1787218920,1.0732031169871838,0.205483219524747,1,-0.0041829880521972,0.0004999028391118,-0.0028838518326322,0.0037301724768968,-0.007194906130359,0.0068896028682393,-0.0043799489374043,38,15,0.0112695518056437,0.0097734547008716,-0.0097734547008716,0.0014960971047721,0,0,0,0,TimeStop,3067.0309500000003,1.1642404106868043,0.06894304734681597,False,False,True,False,NORMAL,HIGH,NORMAL / HIGH
1787218980,1.0633012530828363,0.2028371965727607,1,-0.0022788299504793,0.0007787878425715,-0.001758943205465,0.0035024607416717,-0.0058978865165474,0.0073934815846693,-0.0038817098534449,37,14,0.0112751914381142,0.0100614275164477,-0.0091524247901344,0.0021227666479798,0,0,0,0,TimeStop,3098.43727,1.1741179089634468,0.0682442281621535,False,False,True,False,NORMAL,HIGH,NORMAL / HIGH
1787219040,1.0224524916958493,0.2052391177533557,1,-0.0029172218170524,0.0020256941630981,-0.0026420829663773,0.002138888591821,-0.0062779157947338,0.0068054157214701,-0.0044631938245562,36,13,0.0112686095460264,0.0100555541589508,-0.0094474986878474,0.0018211108581789,0,0,0,0,TimeStop,3096.73284,1.1744989107792057,0.06828178952628021,False,False,True,False,NORMAL,HIGH,NORMAL / HIGH
1787219100,0.9214800772941788,0.2084839366926602,1,-0.003576626706979,0.0046049867268519,-0.0022233460219018,0.0026764298383811,-0.0073811144445565,0.0065597872075123,-0.0047060731560266,35,12,0.0112658603635389,0.0100531009234134,-0.0087831332294141,0.0024827271341247,0,0,0,0,TimeStop,3078.94507,1.1693298580247673,0.06867626904431913,False,False,True,False,NORMAL,HIGH,NORMAL / HIGH
1787219160,0.926475924995078,0.2108307155849464,1,-0.0031841882910377,0.0034832441883772,-0.0018705925543276,0.0032054402893161,-0.0064622742999583,0.0069002321468283,-0.0043694386263818,34,11,0.0112696707732101,0.0100565011460105,-0.0087708247011559,0.0024988460720541,0,0,0,0,TimeStop,3087.14203,1.1702688081393344,0.06849392024894947,False,False,True,False,NORMAL,HIGH,NORMAL / HIGH
1787219220,0.9402374489848744,0.2182332875553172,1,-0.0022813077757234,0.0046316408749911,-0.0011987073792931,0.0036562588885729,-0.0077852787456445,0.0067697592974472,-0.0044984511661806,33,10,0.0112682104636279,0.0100551980374031,-0.0079684666767403,0.0032997437868875,0,0,0,0,TimeStop,2997.9047899999996,1.1400462962291749,0.07053274697226125,False,False,True,False,NORMAL,HIGH,NORMAL / HIGH
1787219280,0.9614826328181888,0.2106712895620202,1,-0.001470894881269,0.0063667881638905,0.0002178331234239,0.0036169751361631,-0.0062807392146886,0.0077040917039915,-0.0035745762193511,32,9,0.0112786679233427,0.0100645297612593,-0.0074862585805676,0.003792409342775,0,0,0,0,TimeStop,2971.682279999999,1.1306054523794935,0.07115513708282437,False,False,True,False,NORMAL,HIGH,NORMAL / HIGH
1787219340,0.8606163441257045,0.2123715233457079,1,-0.0019928523751251,0.0067859328067638,-0.0005324563355211,0.0036669818667259,-0.0048393870285904,0.0080376015129602,-0.0032447991990209,31,8,0.0112824007119812,0.0100678607186561,-0.0085700578484813,0.0027123428634998,0,0,0,0,TimeStop,2910.82081,1.1052161939562946,0.07264289827583031,False,False,True,False,NORMAL,HIGH,NORMAL / HIGH
1787219400,0.8388597589554344,0.2010454640105698,1,-0.0008701443854942,0.0069157683528068,0.0012924080528869,0.0046515830501999,-0.0017148109433812,0.0092282640716965,-0.0020674630599344,30,7,0.0112957271316309,0.0100797525615658,-0.0079358560188095,0.0033598711128214,0,0,0,0,TimeStop,2916.7284799999998,1.1077887855878432,0.07249576415834223,False,False,True,False,NORMAL,HIGH,NORMAL / HIGH
1787219460,0.8255753209749045,0.2014923437703869,1,0.0012659814489846,0.0065538564385393,0.0013371493830254,0.0045122698532075,-0.0013175120470182,0.0095819057964959,-0.0017177794490403,29,6,0.0112996852455362,0.010083284588173,-0.0082447564134704,0.0030549288320658,0,0,0,0,TimeStop,2954.7000100000005,1.1186132000943756,0.07156410440462954,False,False,True,False,NORMAL,HIGH,NORMAL / HIGH
1787219520,0.8319479945624803,0.1953301299117733,1,0.0019797830979694,0.0059937197895219,0.0029162103262674,0.0050178390990222,6.747517917164608e-05,0.0105941607760649,-0.0007168540729356,28,5,0.0113110148490005,0.0100933945703113,-0.0076779504497974,0.0036330643992031,1,0,0,0,TimeStop,2958.9348300000006,1.1192851765902236,0.07146168204049291,False,False,True,False,NORMAL,HIGH,NORMAL / HIGH
1787219580,0.8539642820763166,0.1943795818685659,1,0.001699669939382,0.0082552807188705,0.0027227072445433,0.0043784490553639,0.0008038150254838,0.0109047744158117,-0.0004097169578193,27,4,0.0113144913736311,0.0100964968502834,-0.0081820671712684,0.0031324242023627,1,0,0,0,TimeStop,3056.417020000001,1.1470042390725521,0.06918246385108795,False,False,True,False,NORMAL,HIGH,NORMAL / HIGH
1787219640,0.8654800704408093,0.1941133378460269,1,0.0020083682008368,0.0077983263598326,0.0031241283124128,0.0042956764295676,0.0006903765690376,0.0110181311018131,-0.0002976290097628,26,3,0.0113157601115759,0.0100976290097629,-0.0078940027894002,0.0034217573221756,1,0,0,0,TimeStop,3091.5554300000003,1.1562924711999698,0.06839614064432284,False,False,True,False,NORMAL,HIGH,NORMAL / HIGH
1787219700,0.8609268744210732,0.1953988981492689,1,0.002529139555712,0.0055889828907293,0.0025644175526022,0.0031481080466043,0.0003332585476984,0.0107913022028948,-0.0005219191397633,25,2,0.0113132213426582,0.0100953635369691,-0.0082268846502925,0.0030863366923656,1,0,0,0,TimeStop,3087.9140100000004,1.1541290717674813,0.06847679673567075,False,False,True,False,NORMAL,HIGH,NORMAL / HIGH
1787219760,0.8616836613243162,0.1928565625453044,1,0.0036636485240991,0.0069874787561256,0.0029102172451646,0.0020800618034056,0.000279694448114,0.011224466024239,-9.360347864552907e-05,24,1,0.0113180695028845,0.0100996897972347,-0.0083142487790743,0.0030038207238101,1,0,0,0,TimeStop,3091.39557,1.1544133358076418,0.06839967749581785,False,False,True,False,NORMAL,HIGH,NORMAL / HIGH
1787219820,0.7049721041278906,0.191312166465656,1,0.0047025616505079,0.0061534736244233,0.0036148658638715,0.0023395641740515,0.0001231643215696,0.011119101991217,-8.731694824747857e-05,23,4,0.0112064189394645,0.0100986374650523,-0.0075042361273454,0.003702182812119,1,0,0,0,TimeStop,3135.2323,1.166169899599988,0.0674433151253258,False,False,True,False,NORMAL,HIGH,NORMAL / HIGH
1787219880,0.6781432210535737,0.1985631039986808,1,0.0030646014987325,0.0032335571217649,0.0026105245563695,0.0018640833495835,-0.0008078669526701,0.0096944034320416,-0.0014962253113073,22,3,0.011190628743349,0.0100844081678134,-0.007083878875672,0.0041067498676769,0,0,0,0,TimeStop,3143.44987,1.1664636114964324,0.0672670055972612,False,False,True,False,NORMAL,HIGH,NORMAL / HIGH
1787219940,0.6721241355191311,0.1975929058832208,1,0.0049573777506802,0.0034826592071288,0.0028697602185932,0.001909737530187,0.0005137207885726,0.0097510836123764,-0.0014401733278339,21,2,0.0111912569402104,0.0100849742659037,-0.0068813233937832,0.0043099335464272,0,0,0,0,TimeStop,3166.23325,1.1733633565236494,0.06678296995333492,False,False,True,False,NORMAL,HIGH,NORMAL / HIGH
1787220000,0.67208710492951,0.1965004364813378,1,0.0082109810479375,0.0020903010033444,0.0029821627647714,0.002546265328874,0.001310061315496,0.0101727982162764,-0.0010231326644369,20,1,0.0111959308807134,0.0100891861761426,-0.007190635451505,0.0040052954292084,1,0,0,0,TimeStop,3177.8376600000006,1.1751990286709424,0.06653910067891887,False,False,True,False,NORMAL,HIGH,NORMAL / HIGH
1787220060,0.6745032056950455,0.196891621963628,1,0.0066887306572557,0.0024506719874409,0.0052055355339076,0.0027621095203876,0.0026145424745752,0.0101166337044525,-0.0007948276008623,19,4,0.0109114613053148,0.0100886252283352,-0.0049110981705448,0.0060003631347699,1,0,0,0,TimeStop,3179.4454800000003,1.1752387708119767,0.06650545239102511,False,False,True,False,NORMAL,HIGH,NORMAL / HIGH
1787220120,0.6884601730430455,0.2015058157775486,1,0.0069287552739972,0.0008031927258857,0.0040766554887852,0.0014158185814529,0.0040858427885961,0.0090717625556283,-0.0018284118638665,18,3,0.0109001744194949,0.0100781894894506,-0.0049951070668431,0.0059050673526518,0,0,0,0,TimeStop,3213.6069400000006,1.1846946216446634,0.06579848249892066,False,True,True,False,NORMAL,HIGH,NORMAL / HIGH
1787220180,0.7148387305629101,0.2016591417650593,1,0.0078492284350867,0.0003341222795659,0.0037590148627334,0.0003679521603719,0.0070825570210992,0.0091885019056802,-0.0017129335532415,17,2,0.0109014354589218,0.010079355433573,-0.0054294870429468,0.005471948415975,0,0,0,0,TimeStop,3239.77147,1.1920051995108034,0.06526709120010862,False,True,True,False,NORMAL,HIGH,NORMAL / HIGH
1787220240,0.7279705340214674,0.1967097939266187,1,0.0087963149390075,0.0016500231507639,0.0041706209211843,0.0003806673913093,0.00782764740446,0.010050483017037,-0.0008602637166709,16,1,0.010910746733708,0.0100879645427553,-0.0058798620958527,0.0050308846378552,1,0,0,0,TimeStop,3263.9795599999998,1.1998812834288124,0.0647830221093664,False,True,True,False,NORMAL,HIGH,NORMAL / HIGH
1787220300,0.7169343186798608,0.1931754215861373,1,0.0077926935068039,0.0007163693104656,0.0031852725282889,0.0002414837609486,0.0054253723211395,0.0101072031832937,-9.001645099421363e-05,15,1,0.010197219634288,0.0100885310402083,-0.0069219306550048,0.0032752889792831,1,0,0,0,TimeStop,3284.1470199999994,1.2061435916010803,0.06438519917418314,False,True,True,False,NORMAL,HIGH,NORMAL / HIGH
1787220360,0.7613584843803434,0.2048160640992905,1,0.0052811891021228,1.530053732713273e-05,0.0010048280150057,-0.0034622334055238,0.0042717709259189,0.0083054098527115,-0.0017651256243661,14,37,0.0053070609197847,0.0100705354770777,-0.0073005818377058,0.0027699536393718,0,0,0,0,TimeStop,3288.88268,1.203303590835118,0.06429249096839172,False,True,False,False,NORMAL,HIGH,NORMAL / HIGH
1787220420,0.7910914719089505,0.2017547113080565,1,0.0040060056692382,0.0003883287657281,-2.8940302139561357e-05,-0.0038720176357747,0.0041450026011488,0.0085973567764622,-0.0014760945451843,13,36,0.0053085975376532,0.0100734513216465,-0.0086262970786017,0.0014471542430447,0,0,0,0,TimeStop,3266.4934000000003,1.1941906472426398,0.06473316615303737,False,False,False,False,NORMAL,HIGH,NORMAL / HIGH
1787220480,0.7982477767133076,0.1995808603206827,1,0.0065444873111371,0.0004616460661518,0.0019728547658135,-0.0032540757389122,0.0031752784911914,0.0091894853843635,-0.0008898798717859,12,35,0.0053117141157889,0.0100793652561495,-0.0072166306185499,0.0028627346375995,0,0,0,0,TimeStop,3257.6218200000003,1.1908343701635502,0.06490945594169675,False,True,False,False,NORMAL,HIGH,NORMAL / HIGH
1787220540,0.8689076904012482,0.2026046489737138,1,0.0057783530983798,0.0002785201269416,0.0015867713378987,-0.0025332665219085,0.0045932854518122,0.008991704248093,-0.0010856856522465,11,34,0.0053106731251043,0.0100773899003396,-0.0074049329101943,0.0026724569901453,0,0,0,0,TimeStop,3258.25135,1.1849389709632567,0.06489691472083638,False,True,False,False,NORMAL,HIGH,NORMAL / HIGH
1787220600,0.9388827919864956,0.2052528314312248,1,0.0030521240872592,-0.0007713762389692,-0.0003190654692022,-0.0019231552932252,0.0043318631378822,0.0082413192008007,-0.0018285761654756,10,33,0.0053067235884655,0.0100698953662764,-0.008560384670003,0.0015095106962734,0,0,0,0,TimeStop,3250.67439,1.178212492351442,0.0650481822019707,False,False,False,False,NORMAL,HIGH,NORMAL / HIGH
1787220660,1.0140496488157242,0.2048535310714354,1,0.0033116973369656,-0.0015451437149051,-0.0002963251237005,-0.0024740090065046,0.0043920609328959,0.0075332184355367,-0.002529604714516,9,32,0.0053029966086617,0.0100628231500528,-0.0078295435592373,0.0022332795908154,0,0,0,0,TimeStop,3218.52892,1.1650910305026798,0.06569785925676877,False,False,False,False,NORMAL,HIGH,NORMAL / HIGH
1787220720,1.052780538404802,0.2128087696113107,1,0.0014441209063226,-0.0033820639683642,-0.0015338057847579,-0.0030817723397951,0.0030767744208732,0.0063865073959482,-0.003664862880706,8,31,0.0052969610709317,0.0100513702766542,-0.0079203131807061,0.0021310570959481,0,0,0,0,TimeStop,3259.12301,1.1782871043579126,0.06487955789063636,False,False,False,False,NORMAL,HIGH,NORMAL / HIGH
1787220780,1.034711068128194,0.2114985238055551,1,0.0001684394233232,-0.0025357562319115,-0.0013951450009317,-0.00297192130088,0.0037310790315552,0.0066095463077883,-0.0034440515888434,7,30,0.0052981350020453,0.0100535978966317,-0.0080046913087201,0.0020489065879116,0,0,0,0,TimeStop,3248.92091,1.176320247597942,0.06508328945440534,False,False,False,False,NORMAL,HIGH,NORMAL / HIGH
1787220840,1.0750134877020256,0.2221653194309122,1,-0.00146744386996,-0.0046583407557966,-0.0022436491851368,-0.0049032612543533,0.001401189201986,0.0047700588779453,-0.0052651669825545,6,29,0.0052884531420097,0.0100352258604998,-0.0070137080630821,0.0030215177974176,0,0,0,0,TimeStop,3248.54938,1.1776644769914313,0.06509073289814052,False,False,True,False,NORMAL,HIGH,NORMAL / HIGH
1787220900,1.338527826389916,0.2352259580242979,1,-0.0060708325535506,-0.0067970325042895,-0.0059049703645734,-0.0080058914249524,-0.0014819786585121,0.0019458399136853,-0.0080611788212782,5,28,0.005273588298533,0.0100070187349635,-0.0078508102782587,0.0021562084567048,0,0,0,0,TimeStop,3452.9838499999996,1.2215989086545866,0.08962801549158708,False,False,True,False,NORMAL,HIGH,NORMAL / HIGH
1787220960,1.3203390542079003,0.2277165017868204,1,-0.0042098997840651,-0.005335252754554,-0.0038140191573001,-0.0066243563479321,-0.0007197829577542,0.003405127069376,-0.0066164664193566,4,27,0.0052812690327223,0.0100215934887326,-0.0072191462266761,0.0028024472620564,0,0,0,0,TimeStop,3444.9158099999995,1.216603914283554,0.08983792553119027,False,False,True,False,NORMAL,HIGH,NORMAL / HIGH
1787221020,1.3653029990401313,0.2256134490084191,1,-0.0060834120746156,-0.0058034686715683,-0.0060919831812768,-0.0088079180436311,-0.0022268288080424,0.0021282610814386,-0.0078805796003514,3,26,0.0052745484443786,0.01000884068179,-0.0082202442627154,0.0017885964190746,0,0,0,0,TimeStop,3436.27,1.211744537372372,0.09006396179578438,False,False,True,False,NORMAL,HIGH,NORMAL / HIGH
1787221080,1.363892410100812,0.2363977750366576,1,-0.0074565777732346,-0.0061100536233766,-0.0061857507134588,-0.0087272666996345,-0.00198635794778,0.001328843077722,-0.0086720133492095,2,25,0.005270340830292,0.0100008564269315,-0.0075145937911809,0.0024862626357506,0,0,0,0,TimeStop,3443.39669,1.2118651911932758,0.08987755924223763,False,False,True,False,NORMAL,HIGH,NORMAL / HIGH
1787221140,1.462372326054707,0.23001832104335,1,-0.0070839788790026,-0.0072690617774947,-0.0072096695040981,-0.0088672664181307,-0.0021546964302066,0.0012432322159159,-0.0087567691652996,1,24,0.0052698902306477,0.0100000013812156,-0.0084529017200141,0.0015470996612015,0,0,0,0,TimeStop,3315.2932600000004,1.1655157664325033,0.09335044164388641,False,False,True,False,NORMAL,HIGH,NORMAL / HIGH
1787221200,1.4800285370067268,0.2204535123558957,1,-0.0070216069653321,-0.0055847375487216,-0.0058374894053001,-0.0067124422217275,-0.0008005652350052,0.0,-0.0077139092333238,1,23,0.0052754345382369,0.0077139092333238,-0.0058374894053001,0.0018764198280237,0,0,0,0,TimeStop,3299.8441800000005,1.1578411956078363,0.09378748605032615,False,False,True,False,HIGH,HIGH,HIGH / HIGH
1787221260,1.449459736285949,0.2115255193226091,1,-0.0052382245105958,-0.0051827401208038,-0.004703166816516,-0.006483371701965,-0.0010959896547211,0.0006954228007356,-0.0070092973019643,2,22,0.0052791805688961,0.0077047201027,-0.0053985896172517,0.0023061304854482,0,0,0,0,TimeStop,3272.9596,1.14738543643129,0.09455787049739324,False,False,True,False,NORMAL,HIGH,NORMAL / HIGH
1787221320,1.4974089746523362,0.1990464335577941,1,-0.0036032422944508,-0.0030591736337065,-0.0019959808763884,-0.0049207310253976,-0.0006383036809445,0.0022565129910597,-0.0054602265160439,1,21,0.0052874161187061,0.0077167395071036,-0.0042524938674481,0.0034642456396554,0,0,0,0,TimeStop,3355.8930100000002,1.1680161674462335,0.09222108365129315,False,False,True,False,HIGH,HIGH,HIGH / HIGH
1787221380,1.3707891818002569,0.2064342312738599,1,-0.006043291003694,-0.0054872744830878,-0.0047998610235323,-0.0070575370598149,-0.0043626549982496,0.0002899031410923,-0.0073860294071881,1,20,0.0052771776933363,0.0076759325482804,-0.0050897641646246,0.0025861683836557,0,0,0,0,TimeStop,3337.6738,1.159807117353481,0.09272448673684049,False,False,True,False,NORMAL,HIGH,NORMAL / HIGH
1787221440,1.308606229936585,0.2002685497710492,1,-0.005468235575458,-0.0046380291821906,-0.0046380291821906,-0.0058921265877229,-0.002499476190832,0.0,-0.0068246037802276,1,19,0.0052801624818672,0.0068246037802276,-0.0046380291821906,0.002186574598037,0,0,0,0,TimeStop,3311.26058,1.1499103512959952,0.09346413020747524,False,False,True,False,NORMAL,HIGH,NORMAL / HIGH
1787221500,1.3343474438779976,0.1899274415655732,1,-0.0038118660380763,-0.0030077550466319,-0.002964353297999,-0.0038118660380763,0.000815758745071,0.0011553462287831,-0.0048658490775603,1,18,0.0052905760937343,0.0060211953063434,-0.0041196995267821,0.0019014957795613,0,0,0,0,TimeStop,3334.7835600000003,1.1527159656613044,0.09280485057926817,False,False,True,False,NORMAL,HIGH,NORMAL / HIGH
1787221560,1.3165091463824798,0.194608292998492,1,-0.0048408097550961,-0.0040489694231326,-0.0036886515953796,-0.0050524843574824,0.0004671248424388,1.385304988713409e-07,-0.0058220212791158,1,17,0.0052854926567059,0.0058221598096147,-0.0036887901258784,0.0021333696837362,0,0,0,0,TimeStop,3314.59576,1.1442585094483841,0.09337008564809121,False,False,True,False,NORMAL,HIGH,NORMAL / HIGH
1787221620,1.404341085890824,0.1947443063707762,1,-0.0048192253306347,-0.0025230820417556,-0.002987356863615,-0.0037686805112707,0.0023844511603404,0.000187706213436,-0.0051016164360773,35,16,0.0052893226495133,0.0042972800621065,-0.003175063077051,0.0021142595724622,0,0,0,0,TimeStop,3116.8826900000004,1.0772363771846598,0.09929282580731325,False,False,True,False,NORMAL,HIGH,NORMAL / HIGH
1787221680,1.4253046859457148,0.1898746386482212,1,-0.0027037402387881,-0.0006210244473707,-0.0016259372464028,-0.0026565351611879,0.0043895168629727,0.0016853601087938,-0.0036118826287396,34,15,0.0052972427375334,0.0043037146925109,-0.0033112973551966,0.0019859453823367,0,0,0,0,TimeStop,3080.81235,1.061895543296937,0.10045535230342736,False,False,True,False,NORMAL,HIGH,NORMAL / HIGH
1787221740,1.4063726301583053,0.1874226469288505,1,-0.0031955862292596,-0.0006107718782304,-0.001968351189388,-0.0027100225860665,0.0051915609649584,0.0014929208069016,-0.0038033042480989,33,14,0.0052962250550006,0.0043028878821331,-0.0034612719962897,0.0018349530587108,0,0,0,0,TimeStop,3062.57519,1.0545763123733647,0.10105354833753485,False,False,True,False,NORMAL,HIGH,NORMAL / HIGH
1787221800,1.3942435672499098,0.1743291152221131,1,-0.0007306355166179,0.0008900013906271,-0.0001668752607425,1.0151578361784529e-05,0.008381866221666,0.0033032957863995,-0.0020025031289111,32,13,0.0053057989153107,0.0043106661104157,-0.0034701710471421,0.0018356278681685,0,0,0,0,TimeStop,3058.20576,1.04978814006863,0.10119792920669929,False,False,True,True,NORMAL,HIGH,NORMAL / HIGH
1787221860,1.378267252797582,0.1745351154354658,1,-0.0011301106229564,0.0027481287842372,0.0017812100273756,-0.0008042829107535,0.0100960719134009,0.0028868557709174,-0.0024167408721673,31,12,0.0053035966430848,0.0043088768868885,-0.0011056457435418,0.004197950899543,0,0,0,0,TimeStop,3045.8609500000002,1.0444468380300918,0.10160808227309259,False,True,True,True,NORMAL,HIGH,NORMAL / HIGH
1787221920,1.3224438264119405,0.1674644361234211,1,0.0002816568376543,0.0032708356514966,0.0025413096695227,-0.0002505007232668,0.0106207577612105,0.0034986647379547,-0.0018081673528429,30,11,0.0053068320907977,0.0043115055079558,-0.000957355068432,0.0043494770223657,0,0,0,0,TimeStop,3043.16833,1.0415974486278683,0.10169798592771238,False,True,True,True,NORMAL,HIGH,NORMAL / HIGH
1787221980,1.2575423714154987,0.1663584219146631,1,0.0013566400418403,0.0034237486324697,0.0032312749786058,-0.0010017536952368,0.0082976602969438,0.0043144437768869,-0.0012245666524573,60,10,0.0055390104293442,0.0,-0.001083168798281,0.0044558416310631,0,0,0,0,TimeStop,3048.8431199999995,1.0429303375446257,0.10150869619031104,False,True,True,True,NORMAL,HIGH,NORMAL / HIGH
1787222040,1.2126872874258667,0.1701884706994181,1,-0.000186403376071,0.0025164455769607,0.0049089468195341,-0.0015177964450094,0.0087323026339493,0.0050068781454699,-0.001684724841491,60,9,0.0066916029869609,0.0,-9.793132593581296e-05,0.0065936716610251,0,0,0,0,TimeStop,3042.600549999999,1.0404894650191403,0.10171696379927364,False,True,True,True,NORMAL,HIGH,NORMAL / HIGH
1787222100,1.1837405026973786,0.1581996971663774,1,0.0014470298917776,0.0024671358374245,0.0047050750618906,-0.0009756869179837,0.0074796629779377,0.0069612553290648,-0.0006971977163329,60,8,0.0076584530453977,0.0,-0.0022561802671741,0.0054022727782236,0,0,0,0,TimeStop,2994.672319999999,1.0259601827055083,0.10334489283956118,False,True,True,False,NORMAL,HIGH,NORMAL / HIGH
1787222160,1.1087882900924468,0.1660878991785622,1,5.577655993538767e-05,0.0009895123376081,0.0045473892118951,-0.0016663421147801,0.0057541658552869,0.0058697526914624,-0.0017803989206331,59,7,0.0076501516120955,0.0022563774445711,-0.0013223634795672,0.0063277881325283,0,0,0,0,TimeStop,2997.939049999999,1.024899664111877,0.1032322821906603,False,True,True,False,NORMAL,HIGH,NORMAL / HIGH
1787222220,1.0826774141139468,0.1673697566867144,1,0.0005460361613351,-0.000417107093185,0.0038244784422808,-0.0011684283727398,0.0052573018080667,0.0057858136300417,-0.0018636995827538,58,6,0.0076495132127955,0.0022561891515994,-0.0019613351877608,0.0056881780250347,0,0,0,0,TimeStop,3004.78034,1.0255642320925236,0.10299724272024491,False,True,True,False,NORMAL,HIGH,NORMAL / HIGH
1787222280,1.058837650458386,0.1622183701988775,1,0.0005593971201901,0.0015105113780261,0.0051337905361138,-0.0009335809152626,0.0044762901896216,0.0063025408874765,-0.0013509022992056,57,5,0.0076534431866822,0.0022573482795338,-0.0011687503513626,0.0064846928353195,0,0,0,0,TimeStop,2977.2201699999996,1.0161362153519355,0.10395068967976259,False,True,True,False,NORMAL,HIGH,NORMAL / HIGH
1787222340,0.9725829890814658,0.1625995025494588,1,0.0008347711183943,0.0013078869381211,0.0057608808637313,-0.0003897639444277,0.0054042350266845,0.0062895182164202,-0.001363825926218,56,4,0.0076533441426382,0.0022573190669432,-0.0005286373526888,0.0071247067899494,0,0,0,0,TimeStop,2988.17245,1.0175057230393605,0.10356968855662932,False,True,True,False,NORMAL,HIGH,NORMAL / HIGH
1787222400,0.8954449330280073,0.1589083334868995,1,0.0008071878835239,0.0004526599408897,0.0061241326627693,0.0002224325293795,0.0055397948915962,0.0066811883464842,-0.0010580160549516,60,3,0.0077392044014358,0.0,-0.0005570556837149,0.0071821487177209,0,0,0,0,TimeStop,2983.62656,1.0150367479682398,0.1037274886036676,False,True,True,False,NORMAL,HIGH,NORMAL / HIGH
1787222460,0.8411530978523538,0.1569549789966628,1,0.0007956921261698,0.0012507511815316,0.0059427733656956,-3.953403845905377e-05,0.0060020744233841,0.0067537779715502,-0.0009859844873444,59,2,0.0077397624588946,0.0009187487810918,-0.0008110046058546,0.00692875785304,0,0,0,0,TimeStop,2983.57092,1.0155129773053349,0.10372942299625308,False,True,True,False,NORMAL,HIGH,NORMAL / HIGH
1787222520,0.7935433646391911,0.1534252075730258,1,0.0023072625067962,0.0018545303237927,0.0066331533409475,-0.0003677578348089,0.0072604311932754,0.0074614442825289,-0.0002837586020855,58,1,0.0077452028846144,0.0011144176812394,-0.0008282909415813,0.0069169119430331,0,0,0,0,TimeStop,2997.83662,1.0187651924884857,0.1032358094284671,False,True,True,False,NORMAL,HIGH,NORMAL / HIGH
1787222580,0.7907926245030279,0.1556115675000063,1,0.0020883621802773,0.0011435108958601,0.0052706747647023,-0.0010219763192731,0.0066348412205746,0.0068297420306798,-0.0005764887533184,57,1,0.0074062307839982,0.0015590672659774,-0.0015590672659774,0.0058471635180208,0,0,0,0,TimeStop,2958.69899,1.0049831950962829,0.10460141131153054,False,True,True,False,NORMAL,HIGH,NORMAL / HIGH
1787222640,0.7517833326982546,0.1532903247900129,1,0.0025931008283273,0.0024259926711933,0.0047936367441871,-0.0017237206408374,0.006093320436297,0.007133011687266,1.392567975387379e-07,56,1,0.0071328724304684,0.0025880875836133,-0.0023393749430788,0.0047934974873896,0,0,0,0,TimeStop,2948.24012,1.0013094399988587,0.10497248439859097,False,True,False,False,NORMAL,HIGH,NORMAL / HIGH
1787222700,0.4918586946442583,0.1492347053502011,1,0.0016218218679033,0.0008981670100779,0.0049106940323244,-0.0024419176519737,0.0054043101439989,0.0064647428395046,-0.0002769371475141,55,25,0.0067416799870187,0.0025863702947474,-0.0015540488071801,0.0051876311798385,0,0,0,0,TimeStop,2948.5405100000003,1.003546142477659,0.1049617900620263,False,True,True,False,NORMAL,HIGH,NORMAL / HIGH
1787222760,0.476036758845001,0.1507058982677802,1,0.0038826272054435,0.0015293932970547,0.0050855458278039,-0.0035980403726431,0.005586529983345,0.0064493360289992,-0.0002922407573989,54,24,0.0067415767863982,0.002586330702981,-0.0013637902011952,0.0053777865852029,0,0,0,0,TimeStop,2893.4088500000003,0.9855646917865978,0.10696175550855869,False,True,True,False,NORMAL,HIGH,NORMAL / HIGH
1787222820,0.4602865273930794,0.1587637884447304,1,0.0029883371282568,-0.0002901986685901,0.004860792936228,-0.0045363878122121,0.0063853440634071,0.0056419793857438,-0.0010941894217232,53,23,0.006736168807467,0.0025842559922132,-0.0007811864495158,0.0059549823579512,0,0,0,0,TimeStop,2896.46057,0.9862668247144023,0.10684906026530165,False,True,True,False,NORMAL,HIGH,NORMAL / HIGH
1787222880,0.4447427533046076,0.1576714098824836,1,0.0020643080676461,-7.616244671576447e-05,0.003398401728276,-0.0049126167957374,0.0049283218258085,0.0051497210550388,-0.0015831504206933,52,22,0.0067328714757322,0.002582991007689,-0.0017513193267628,0.0049815521489694,0,0,0,0,TimeStop,2870.31783,0.9772033763993448,0.10782223723287117,False,True,True,True,NORMAL,HIGH,NORMAL / HIGH
1787222940,0.4381854050553121,0.1506556802643908,1,0.002703352867133,5.982716072383571e-05,0.0042016754109394,-0.0039473404113966,0.0066623804448106,0.0062371902048745,-0.0005029655488774,51,21,0.0067401557537519,0.002585785539664,-0.0020355147939351,0.0047046409598168,0,0,0,0,TimeStop,2831.65974,0.9644862542405497,0.10929423674328893,False,True,True,False,NORMAL,HIGH,NORMAL / HIGH
1787223000,0.4201316690231658,0.1559492353808636,1,0.0010186319547596,-0.0002541713367868,0.0033548391761455,-0.0024470248118778,0.005923387920382,0.0055896837582985,-0.0011461347533558,50,20,0.0067358185116544,0.0025841216051337,-0.0022348445821529,0.0045009739295014,0,0,0,0,TimeStop,2796.6328600000006,0.952629734164849,0.11066311006586682,False,True,True,False,NORMAL,HIGH,NORMAL / HIGH
1787223060,0.4178720838579393,0.1524356808588677,1,0.0009336837000078,0.0004820717569235,0.0031708805292387,-0.0016619375139866,0.0084021796987149,0.0058971034107898,-0.0008407743135032,49,19,0.006737877724293,0.0035587911264859,-0.0027262228815511,0.0040116548427419,0,0,0,0,TimeStop,2746.08229,0.9349468360464811,0.11270022428934567,False,True,True,False,NORMAL,HIGH,NORMAL / HIGH
1787223120,0.3521338961607567,0.1560516124472508,1,-0.0009626176304843,0.0010664552290362,0.0020955178021013,-0.0014353775671308,0.0085759847960628,0.0053203216157631,-0.0014136926067907,48,18,0.0067340142225538,0.0035567505142532,-0.0032248038136617,0.0035092104088921,0,0,0,0,TimeStop,2720.6869300000003,0.925318228039561,0.1137521875771278,False,True,True,True,NORMAL,HIGH,NORMAL / HIGH
1787223180,0.3547545650396215,0.1526739832460879,1,0.0009505825047203,0.0006912062982383,0.0016512459515059,-0.0007966256893982,0.0079476207483164,0.0058233782937301,-0.0009140055919563,47,17,0.0067373838856864,0.004172271417938,-0.0041721323422242,0.0025652515434622,0,0,0,0,TimeStop,2614.4614599999995,0.8885669276512924,0.11837393464579893,False,True,True,False,NORMAL,HIGH,NORMAL / HIGH
1787223240,0.3652865522938574,0.155508479823363,1,0.0004727212057171,0.0,0.0011678994494188,-0.0006504087648072,0.0078692786830544,0.0055336188198654,-0.0012018241477115,46,16,0.0067354429675769,0.0043657193704465,-0.0043657193704465,0.0023697235971303,0,0,0,0,TimeStop,2562.5732699999994,0.8702173026430902,0.12077082580354866,False,True,True,False,NORMAL,HIGH,NORMAL / HIGH
1787223300,0.3297278309868964,0.1557457633614865,1,-0.0003542420027816,4.353268428379216e-05,0.0005821974965229,-5.382475660633301e-05,0.008289290681502,0.0058692628650904,-0.0008684283727399,45,15,0.0067376912378303,0.0055354659248956,-0.0052870653685674,0.0014506258692629,0,0,0,0,TimeStop,2534.7424699999997,0.861431482968338,0.12209685743735536,False,True,True,False,NORMAL,HIGH,NORMAL / HIGH
1787223360,0.3297528667088159,0.1543271186621655,1,0.0004546972563351,0.0003617826747408,-0.0008277465195631,0.0007790637298054,0.0086602510168095,0.0059533488126058,-0.00084068223227,44,60,0.0,0.0067940310448758,-0.0067810953321689,1.2935712706903743e-05,0,0,0,0,TimeStop,2504.90562,0.8511333048640886,0.12355119790900544,False,False,False,False,NORMAL,HIGH,NORMAL / HIGH
1787223420,0.3399828093676642,0.1574107673878935,1,-0.0004516900155659,-0.0004654491883478,-0.0012707082499443,-0.0004240326884588,0.0075607349344006,0.005142317100289,-0.0018345563709139,43,60,0.0,0.006976873471203,-0.0064130253502333,0.0005638481209696,0,0,0,0,TimeStop,2439.47408,0.8283735056192861,0.12686508642879288,False,False,False,True,NORMAL,HIGH,NORMAL / HIGH
1787223480,0.3200953429277741,0.1598254756598268,1,-0.00094288220488,-0.0010055372622546,-0.0007444976773172,-0.0006387759507939,0.0072597900958331,0.0047314987673208,-0.0022425231399991,42,59,0.001498164387421,0.0069740219073199,-0.005475996444638,0.0014980254626819,0,0,0,0,TimeStop,2390.0773299999996,0.8111008647801484,0.12948706140817628,False,False,False,True,NORMAL,HIGH,NORMAL / HIGH
1787223540,0.313474976190184,0.160301713029865,1,-0.000166675949591,-0.0013584089891673,-0.0009572755371514,-0.0006104506653774,0.006595367325319,0.0045281688605156,-0.0024444416973779,41,58,0.0014978612003251,0.0069726105578935,-0.005485444397667,0.0014871661602265,0,0,0,0,TimeStop,2350.9646,0.7970595504929898,0.131641322885083,False,False,False,True,NORMAL,HIGH,NORMAL / HIGH
1787223600,0.3096936660367007,0.1603594114098654,1,-0.000722483118904,-0.0010559368660905,-0.000434601383833,-0.0010002223024981,0.0052796843304526,0.004835079334204,-0.0021396615444466,40,57,0.0022655403340094,0.0069747408786506,-0.005269680718037,0.0017050601606135,0,0,0,0,TimeStop,2332.4199599999997,0.7891964772152908,0.13268797871203264,False,False,False,True,NORMAL,HIGH,NORMAL / HIGH
1787223660,0.3230605359349088,0.169971334551444,1,-0.0023441325157101,-0.0009642688219562,-0.0024307725406846,-0.0029603163733289,0.0033876942885232,0.0025567817930077,-0.0044021450129446,39,56,0.0022604035955748,0.0069589268059524,-0.0049875543336923,0.00197137247226,0,0,0,0,TimeStop,2335.40696,0.7874889719754604,0.1325182699635356,False,False,False,False,NORMAL,HIGH,NORMAL / HIGH
1787223720,0.3181549602461133,0.1694274511504948,1,-0.0032687676172128,-0.0007271476016744,-0.0026500336331761,-0.0021610632630891,0.0050578695809134,0.0026457359066455,-0.0043138083457967,38,55,0.0022606041549865,0.0069595442524423,-0.0052957695398216,0.0016637747126206,0,0,0,0,TimeStop,2284.1491499999997,0.7696890259735493,0.13549206714456455,False,False,False,False,NORMAL,HIGH,NORMAL / HIGH
1787223780,0.3145880908531686,0.1685365244034882,1,-0.0021360610263522,-0.0001918169209431,-0.0033783633841886,-0.0011482662968098,0.0044006934812759,0.0030790568654646,-0.003883495145631,37,54,0.0022615811373092,0.0069625520110957,-0.0064574202496532,0.0005051317614424,0,0,0,0,TimeStop,2232.60292,0.754296671704497,0.13862030154470997,False,False,False,False,NORMAL,HIGH,NORMAL / HIGH
1787223840,0.3279717634629311,0.1626966627870195,1,-0.00263639859072,0.0023864957558839,-0.0037742127193466,-0.0011827716624892,0.0036365649613469,0.0035243098845105,-0.0039131092977313,36,60,0.0,0.0074374191822418,-0.0072985226038571,0.0001388965783847,0,0,0,0,TimeStop,2214.4331,0.7471919464507104,0.13975770593385728,False,False,False,False,NORMAL,HIGH,NORMAL / HIGH
1787223900,0.3601092012269504,0.1530522708342807,1,-0.0012715080927724,0.0022324315126765,-0.0029344417705825,0.0005568577609705,0.0060665409604372,0.0045664003222524,-0.0031565459261805,35,60,0.0,0.007722946248433,-0.007500842092835,0.0002221041555979,0,0,0,0,TimeStop,2207.89576,0.7423631486661274,0.14017151335079334,False,False,False,False,NORMAL,HIGH,NORMAL / HIGH
1787223960,0.3713092530161405,0.154347694614563,1,-0.0004511906737067,0.0035543597914211,-0.0044625772978416,0.0005523507631611,0.0067096374716981,0.0049587897696023,-0.0048793068421738,34,60,0.0,0.0098380966117762,-0.0094213670674439,0.0004167295443322,0,0,0,0,TimeStop,2161.59265,0.7255130607231619,0.14317410359440294,False,False,False,False,NORMAL,HIGH,NORMAL / HIGH
1787224020,0.3941300122531457,0.1449822665475865,1,0.0020310279628457,0.004243355469131,-0.0038431885566732,0.0022697923654108,0.008102962556983,0.0062889931419239,-0.0044687624226015,33,60,0.0,0.0107577555645255,-0.0101321816985971,0.0006255738659283,0,0,0,0,TimeStop,2177.6750499999994,0.7286352049698621,0.14211674510391256,False,False,False,False,NORMAL,HIGH,NORMAL / HIGH
1787224080,0.4161181688774774,0.1485999523957336,1,-0.0002591298821495,0.0036178144082604,-0.0052166388339407,0.0011421166923688,0.006563280559298,0.004868168193495,-0.0058743980093268,32,59,0.0015508888710733,0.0107425662028219,-0.0100848070274357,0.0006577591753861,0,0,0,0,TimeStop,2168.2917699999994,0.7259838899652679,0.14273175514566477,False,False,False,False,NORMAL,HIGH,NORMAL / HIGH
1787224140,0.4222013270085153,0.1454397638450363,1,-0.0004724978459657,0.00444717752022,-0.0041135106589955,0.0008504961227382,0.0073932015898162,0.0050585063509269,-0.0063509269295978,31,60,0.0,0.0114094332805247,-0.0091720170099224,0.0022374162706022,0,0,0,0,TimeStop,2095.35746,0.7047637126661447,0.14769990128557825,False,False,False,False,NORMAL,HIGH,NORMAL / HIGH
1787224200,0.4473305484054417,0.1444670037605245,1,0.0003979156455006,0.0056689066349372,-0.0016046017970482,0.0014934358527283,0.0082292016379098,0.0062257102759489,-0.0051969731141198,30,59,0.0037927204532677,0.0114226833900687,-0.0078303120729972,0.0035923713170715,0,0,0,0,TimeStop,2040.0457399999998,0.69450419635347,0.15170448580236245,False,False,False,False,NORMAL,HIGH,NORMAL / HIGH
1787224260,0.4573412728398466,0.1561553760386068,1,-9.28723527902722e-05,0.0046861609628028,-0.0021783293765261,0.0009198255779358,0.0070961150994319,0.0054961524708217,-0.0059182489724257,29,58,0.004240290251128,0.0114144014432474,-0.0076744818473478,0.0037399195958996,0,0,0,0,TimeStop,1986.4734999999998,0.6769984829425452,0.15579573047412915,False,False,False,False,NORMAL,HIGH,NORMAL / HIGH
1787224320,0.4542959668601429,0.1521491027405245,1,-1.376539047136366e-05,0.0047697773204762,-0.0015503444823726,0.0013363552305007,0.0060278505829434,0.0055965350148429,-0.0058190059719547,28,57,0.0049534549044417,0.0114155409867977,-0.0071468794972156,0.0042686614895821,0,0,0,0,TimeStop,1928.9436599999997,0.6645562341869689,0.16044226506854017,False,False,False,False,NORMAL,HIGH,NORMAL / HIGH
1787224380,0.4594554527543621,0.1555938989202234,1,-6.271418946790019e-05,0.0041224498025753,-0.0015789792048925,0.0014984658663074,0.0065552319416855,0.0056797362944813,-0.0057367491939975,27,56,0.0050199162744712,0.0114164854884788,-0.0072587154993739,0.0041577699891049,0,0,0,0,TimeStop,1906.8166699999997,0.6572632363911193,0.1623040614596683,False,False,False,False,NORMAL,HIGH,NORMAL / HIGH
1787224440,0.4778496408917241,0.1606421762373835,1,-0.0011919317059252,0.0023619140867294,-0.0026655927241599,0.0009566015998835,0.0045146149859155,0.0046956274582722,-0.0067096864177715,26,55,0.0050150040307573,0.0114053138760438,-0.0073612201824322,0.0040440936936116,0,0,0,0,TimeStop,1869.84413,0.6441990607599197,0.16551330939012546,False,False,False,False,NORMAL,HIGH,NORMAL / HIGH
1787224500,0.6283008202261174,0.1568523397532225,1,-0.0003336948360724,0.0040089263368649,-0.0021134006284586,0.0014312727677206,0.0059510302828063,0.0055615806012068,-0.0058535635827702,25,54,0.0050193264925891,0.011415144183977,-0.0076749812296654,0.0037401629543116,0,0,0,0,TimeStop,1582.90337,0.5448735051691489,0.07467760334605895,False,False,False,False,NORMAL,HIGH,NORMAL / HIGH
1787224560,0.6536183535149526,0.1597329497813152,1,0.0013831058772133,0.0035507220802,-0.0028210969082847,0.0005495462873596,0.0047019208136453,0.0049124296948968,-0.0064953453221036,24,53,0.0050160862133217,0.0114077750170005,-0.0077335266031815,0.0036742484138189,0,0,0,0,TimeStop,1543.0798700000003,0.5307944771956199,0.07660486815889833,False,False,False,False,NORMAL,HIGH,NORMAL / HIGH
1787224620,0.6651192856548958,0.1634880971845587,1,0.0025499552266084,0.0051524868496418,-0.0027325817041374,0.0014397308978684,0.0051548513965709,0.0059339000642321,-0.0054854706936663,23,52,0.0050211849495753,0.0114193707578984,-0.0086664817683695,0.0027528889895289,0,0,0,0,TimeStop,1520.2085,0.5229564457005343,0.07775737999096835,False,False,False,False,NORMAL,HIGH,NORMAL / HIGH
1787224680,0.7024473208022471,0.1653473708162953,1,0.0019484060195709,0.0034748288264571,-0.0025573350231194,0.0009591917492551,0.0053096774399795,0.0052262815481445,-0.0061850563179407,22,51,0.0050176528254041,0.0114113378660853,-0.007783616571264,0.0036277212948212,0,0,0,0,TimeStop,1504.25695,0.5169548970302857,0.07858194040585952,False,False,False,False,NORMAL,HIGH,NORMAL / HIGH
1787224740,0.7299342715575657,0.1641453927797822,1,0.0050361717025833,0.0041416004700186,-0.0016696344264399,0.0010377304546969,0.006555690676467,0.0061769934921682,-0.0052451368645291,21,50,0.0050223983663431,0.0114221303566974,-0.0078466279186082,0.0035755024380892,0,0,0,0,TimeStop,1492.4977999999999,0.5124544116621543,0.0792010748692561,False,False,False,False,NORMAL,HIGH,NORMAL / HIGH
1787224800,0.7811393696810212,0.1638316019129852,1,0.0035084005651603,0.0036099280531714,-0.0008800903344303,0.0013561568980764,0.0059567428924845,0.0058453408131738,-0.0055730246193033,20,49,0.0050207429002731,0.0114183654324771,-0.0067254311476042,0.0046929342848729,0,0,0,0,TimeStop,1473.6358099999998,0.5053218794890441,0.08021481915535157,False,False,False,False,NORMAL,HIGH,NORMAL / HIGH
1787224860,0.8218579931908698,0.1619974513709538,1,0.0040073585479309,0.002687513198106,-0.001788617049805,0.0008805456547073,0.0057178469810727,0.0054124224778532,-0.0060010284617545,19,48,0.0053270648788652,0.0114134509396078,-0.0072010395276583,0.0042124114119494,0,0,0,0,TimeStop,1474.46469,0.5044393781027998,0.08016972586844383,False,False,False,False,NORMAL,HIGH,NORMAL / HIGH
1787224920,0.967781370749416,0.1698238091758029,1,0.0022078433147754,0.0010279662930366,-0.0029305995697066,-0.0002220340541084,0.0040550722214708,0.0042493346615571,-0.0071509128946102,18,47,0.0053209023886087,0.0114002475561673,-0.0071799342312637,0.0042203133249036,0,0,0,0,TimeStop,1394.2592900000002,0.4757836367469629,0.047876274146970176,False,False,False,False,NORMAL,HIGH,NORMAL / HIGH
1787224980,1.0284471364810308,0.1691301968391198,1,0.0038779491829247,0.0009593765261702,-0.0022685648322,0.0004587718257118,0.0046167650040346,0.0051286270561692,-0.0062816022352374,17,46,0.0053255612206749,0.0114102292914066,-0.0073971918883693,0.0040130374030373,0,0,0,0,TimeStop,1388.71558,0.47344326152061705,0.04806739476488051,False,False,False,False,NORMAL,HIGH,NORMAL / HIGH
1787225040,1.0313959728144968,0.1673382498737257,1,0.0049220010010565,0.0011678994494188,-0.0012599410488848,0.0011958456148155,0.0051120627328846,0.0055336188198654,-0.0058812079417162,16,45,0.005327707024081,0.0114148267615816,-0.0067935598687502,0.0046212668928313,0,0,0,0,TimeStop,1392.7743200000002,0.4744434135881928,0.0479273196249052,False,False,False,False,NORMAL,HIGH,NORMAL / HIGH
1787225100,1.1323546056552376,0.1630176604426972,1,0.0052688944139148,0.0005386413637347,-0.0008500325368312,0.0006230604982006,0.0063083484682794,0.0058254765821737,-0.0055926633513729,15,44,0.0053292533996781,0.0114181399335467,-0.006675509119005,0.0047426308145416,0,0,0,0,TimeStop,1340.2509300000002,0.45623060906901497,0.043667658563012524,False,False,False,False,NORMAL,HIGH,NORMAL / HIGH
1787225160,1.1542674186114992,0.1635318072831136,1,0.0047794771968855,-0.0011890989988877,-0.0013688820912124,-5.575639599547777e-05,0.0062569521690767,0.0055895439377085,-0.0058259176863181,14,43,0.0053280033370411,0.0114154616240266,-0.0069584260289209,0.0044570355951057,0,0,0,0,TimeStop,1338.16179,0.4548693503191607,0.0437358325707387,False,False,False,False,NORMAL,HIGH,NORMAL / HIGH
1787225220,1.1600031201344836,0.1635634801713895,1,0.0047836085591873,-0.000805634043308,-0.0007836647338772,9.69152447680182e-05,0.0063612274503463,0.0056103776343531,-0.0058053204939868,13,42,0.0053281137220446,0.0114156981283399,-0.0063940423682304,0.0050216557601095,0,0,0,0,TimeStop,1336.92892,0.45405587573470346,0.04377616425561353,False,False,False,False,NORMAL,HIGH,NORMAL / HIGH
1787225280,1.2462041587010575,0.1616676105221326,1,0.0041854264776723,0.0002613023341711,-0.0010322763313207,-0.000174804169267,0.0067997014005472,0.0057428106396637,-0.0056743908693537,12,41,0.0053288154034597,0.0114172015090175,-0.0067750869709844,0.004642114538033,0,0,0,0,TimeStop,1301.7729299999999,0.44177980995965077,0.044958393780703376,False,False,False,False,NORMAL,HIGH,NORMAL / HIGH
1787225340,1.2865426326265734,0.161413167941445,1,0.0035580867891109,0.0004016790965113,-0.000743134145658,0.0009274225123051,0.007074447910302,0.0058945851070798,-0.0055243393470684,11,40,0.005329619563441,0.0114189244541482,-0.0066377192527378,0.0047812052014104,0,0,0,0,TimeStop,1282.94036,0.43502055435854303,0.04561834815142927,False,False,False,False,NORMAL,HIGH,NORMAL / HIGH
1787225400,1.2975569463767953,0.1699463430486307,1,0.0043440707669198,0.0006219922668224,0.0001770563854348,-0.0028794959525995,0.0058973824028484,0.0058972433169211,-0.0055217113132493,10,39,0.0056987676986841,0.0114189546301705,-0.0057201869314863,0.0056987676986841,0,0,0,0,TimeStop,1267.17218,0.4303454613329022,0.046186004493880224,False,True,False,False,NORMAL,HIGH,NORMAL / HIGH
1787225460,1.2259076440127086,0.1832915449880663,1,0.00216462230116,-0.001467919187434,-0.0025808958206138,-0.0077618360437365,0.0030224232669146,0.0035244491313759,-0.0078675695176777,9,38,0.0071379807959149,0.0113920186490536,-0.0061053449519897,0.0052866736970638,0,0,0,0,TimeStop,1269.32813,0.43109146552381994,0.046107557704562964,False,False,False,False,NORMAL,HIGH,NORMAL / HIGH
1787225520,1.2823105628358176,0.183918373816457,1,0.0025959121632448,-0.0019242852709213,-0.0027847335225616,-0.0061975304496987,0.0033091602222069,0.0033753378771622,-0.008014988059581,8,37,0.0071369201807301,0.0113903259367433,-0.0061600713997239,0.0052302545370193,0,0,0,0,TimeStop,1258.2630100000001,0.4281583996838007,0.04651302592134533,False,False,False,False,NORMAL,HIGH,NORMAL / HIGH
1787225580,1.3616285567608712,0.1867257515504883,1,0.0015234544989698,-0.0031871578140439,-0.0042193946494869,-0.0064669825016364,0.0042704446636573,0.003271501315717,-0.0081176458674389,7,36,0.0071361816004373,0.0113891471831559,-0.0074908959652039,0.0038982512179519,0,0,0,0,TimeStop,1261.75683,0.42992772082697883,0.046384230787163645,False,False,False,False,NORMAL,HIGH,NORMAL / HIGH
1787225640,1.3416482167106685,0.191179395863329,1,-0.000890088593577,-0.0061460409745294,-0.0063953488372093,-0.009985326688815,0.0023255813953488,0.0011351052048726,-0.0102297895902547,6,35,0.0071209856035437,0.0113648947951273,-0.0075304540420819,0.0038344407530454,0,1,0,0,TimeStop,1280.65406,0.4362704614049343,0.04569978874700948,False,False,False,False,NORMAL,HIGH,NORMAL / HIGH
1787225700,1.2316897140741998,0.1853581120359957,1,0.0001011725342348,-0.0051553642855687,-0.0056541587385974,-0.0077207116947272,0.0023010514875342,0.0023287699900642,-0.0090496752985317,5,34,0.0071294760357607,0.011378445288596,-0.0079829287286617,0.0033955165599342,0,0,0,0,TimeStop,1304.5863100000001,0.4444472982126003,0.044861439639053084,False,False,False,False,NORMAL,HIGH,NORMAL / HIGH
1787225760,1.19588562469951,0.1915535068298341,1,-0.0013145773669764,-0.007988542933468,-0.006185602982404,-0.0131115730578378,0.0015028884286038,0.0013994558087247,-0.0099684398968552,4,33,0.0071228659060468,0.01136789570558,-0.0075850587911288,0.0037828369144512,0,0,0,0,TimeStop,1285.2391199999997,0.43914517836845607,0.04553675583731066,False,False,False,False,NORMAL,HIGH,NORMAL / HIGH
1787225820,1.0573813407047854,0.1897018477159289,1,-0.0011772777768695,-0.0080523749365776,-0.0049738843017343,-0.0132300694783703,0.0031738145268624,0.0020369939832335,-0.0093381390614863,3,32,0.0071274006587878,0.0113751330447199,-0.0070108782849679,0.0043642547597519,0,0,0,0,TimeStop,1266.61347,0.4345929271714012,0.046206377388359844,False,False,False,False,NORMAL,HIGH,NORMAL / HIGH
1787225880,1.006740119381916,0.1913052731898302,1,-0.0029072983016809,-0.0088026070436085,-0.006036381930947,-0.0129582438589207,0.0024365928623611,0.0012458465436584,-0.0101203053881512,2,31,0.007121773296908,0.0113661519318097,-0.0072822284746055,0.0040839234572041,0,1,0,0,TimeStop,1278.5745,0.4400710478347349,0.045774117972789234,False,False,False,False,NORMAL,HIGH,NORMAL / HIGH
1787225940,1.0414855147020052,0.1947945345706505,1,-0.0037357143618092,-0.0085227858376288,-0.0061154146330259,-0.0124414050691211,0.0023795619165497,0.0006086221798304,-0.0107502959752211,1,30,0.0071172407762748,0.0113589181550515,-0.0067240368128563,0.0046348813421952,0,1,0,0,TimeStop,1269.88075,0.438475215079924,0.046087492861042266,False,False,False,False,NORMAL,HIGH,NORMAL / HIGH
1787226000,1.0199775199215269,0.1958797797755895,1,-0.0047054604757644,-0.0072325080192877,-0.005865777334821,-0.0120082488055805,0.0030761470562926,0.000442987311637,-0.0108046293142495,1,29,0.0071168498704656,0.0112476166258865,-0.0063087646464581,0.0049388519794284,0,1,0,0,TimeStop,1273.6417,0.44128264715656285,0.04595140061761484,False,False,True,False,NORMAL,HIGH,NORMAL / HIGH
1787226060,1.1412149042807636,0.1929124556757229,1,-0.0059401852159881,-0.0068324722744768,-0.0059469659333989,-0.010323434685224,0.0035186388083427,0.0002907405567438,-0.0105549477511128,7,28,0.0071186462256174,0.0108456883078567,-0.0062377064901428,0.0046079818177139,0,1,0,0,TimeStop,1334.8183399999998,0.4615718900889361,0.059337055557687354,False,False,True,False,NORMAL,HIGH,NORMAL / HIGH
1787226120,1.1801465724854443,0.1920770557543998,1,-0.0055626331429809,-0.006290119334305,-0.0069547790598004,-0.0091685124824008,0.0044486396409536,0.0003073514991308,-0.0105385169134657,6,27,0.0071187644386704,0.0108458684125966,-0.0072621305589313,0.0035837378536652,0,1,0,0,TimeStop,1313.6852299999998,0.4555409689626421,0.06029160425286962,False,False,True,False,NORMAL,HIGH,NORMAL / HIGH
1787226180,1.1979465943616805,0.187328945085226,1,-0.0039077684658954,-0.005678021648245,-0.0062596584600943,-0.0077554344612331,0.0065500614111535,0.0010350365551812,-0.0098187218087907,5,26,0.0071239430655112,0.0108537583639719,-0.0072946950152755,0.0035590633486963,0,0,0,0,TimeStop,1319.4065699999999,0.4587419791753405,0.06003016189316081,False,False,True,False,NORMAL,HIGH,NORMAL / HIGH
1787226240,1.207888205312095,0.1818743414969962,1,-0.0031452167384735,-0.0050156602522852,-0.0064862645887594,-0.0066674049023748,0.0066091960793309,0.0018119575058961,-0.0090502246514087,4,25,0.0071294720833949,0.0108621821573049,-0.0082982220946555,0.0025639600626493,0,0,0,0,TimeStop,1334.8839100000002,0.46485048650751337,0.05933414089918874,False,False,True,False,NORMAL,HIGH,NORMAL / HIGH
1787226300,1.1780004811196396,0.1856136594585116,1,-0.0037059794630491,-0.0060978810095453,-0.0073166816991418,-0.0081070118361182,0.0053902260244482,0.0010306004694895,-0.0098231097960638,3,24,0.0071239114957651,0.0108537102655534,-0.0083472821686314,0.0025064280969219,0,0,0,0,TimeStop,1330.2870400000002,0.46475318617650063,0.05953917283896864,False,False,True,False,NORMAL,HIGH,NORMAL / HIGH
1787226360,1.1736611784079487,0.1892610331324644,1,-0.0036246953921133,-0.0063492744793975,-0.0086396488701817,-0.0082933650863978,0.0066182986264953,0.000841133141338,-0.0100105228178998,2,23,0.0071225631369073,0.0108516559592379,-0.0094807820115197,0.0013708739477181,0,1,0,0,TimeStop,1325.77312,0.464812548917096,0.05974188856687635,False,False,True,False,NORMAL,HIGH,NORMAL / HIGH
1787226420,1.163835276041133,0.1896883010573902,1,-0.0045084937803239,-0.0078446491024388,-0.0093517239546996,-0.0104587479945569,0.0055402401854707,0.0002619495634311,-0.0105834265770457,1,22,0.0071184413322923,0.0108453761404769,-0.0096136735181307,0.0012317026223461,0,1,0,0,TimeStop,1313.9581800000003,0.4618407598878345,0.06027907981059182,False,False,True,False,NORMAL,HIGH,NORMAL / HIGH
1787226480,1.1419209017556182,0.183267687504075,1,-0.0047034468257864,-0.0060112756955061,-0.0082828700042759,-0.0096402861156139,0.0051804816306278,0.0001386503599437,-0.0096264349308044,2,21,0.0071253264897399,0.0097650852907481,-0.0084215203642196,0.0013435649265284,0,0,0,0,TimeStop,1329.43018,0.4678213451040527,0.05957754772800478,False,False,True,False,NORMAL,HIGH,NORMAL / HIGH
1787226540,1.1202828051336535,0.1774105680192313,1,-0.0052606348119935,-0.0057872663514174,-0.0081149195643408,-0.0076480034138913,0.0054353473537492,0.0004198088830451,-0.0093480215640443,1,20,0.0071273295582862,0.0097678304470895,-0.008534728447386,0.0012331019997035,0,0,0,0,TimeStop,1335.2471,0.47097418463373963,0.05931800188893876,False,False,True,False,NORMAL,HIGH,NORMAL / HIGH
1787226600,1.0730184161168137,0.1785226735824192,1,-0.005256005056452,-0.0044738680458369,-0.0057824647487496,-0.0073654468664423,0.006772746654819,-1.746089003158222e-05,-0.0091499221119584,1,19,0.0071287548015715,0.0091324612219268,-0.005765003858718,0.0033674573632088,0,0,0,0,TimeStop,1339.75057,0.47336702987902907,0.05911860892136064,False,False,True,False,NORMAL,HIGH,NORMAL / HIGH
1787226660,1.015250393271114,0.1779150762218074,1,-0.0066827505591257,-0.004464132832007,-0.0048175421924884,-0.0048800716634878,0.0065719721836746,8.332641257325911e-05,-0.0086652536762407,1,18,0.0071322417896793,0.008748580088814,-0.0049008686050617,0.0038477114837523,0,0,0,0,TimeStop,1340.43467,0.4747937914871959,0.059088437335032516,False,False,True,False,NORMAL,HIGH,NORMAL / HIGH
1787226720,0.9444137538733448,0.1693867344557117,1,-0.0068832005988068,-0.0039545007692466,-0.0035235117875555,-0.0034588703760755,0.0074072676644101,-1.387154752060835e-07,-0.0081704802093937,1,17,0.0071358014792895,0.0081703414939185,-0.0035233730720803,0.0046469684218381,0,0,0,0,TimeStop,1333.3146299999999,0.47429569514013786,0.05940397578927039,True,False,True,False,NORMAL,HIGH,NORMAL / HIGH
1787226780,0.8965405731236499,0.1634587083733034,1,-0.005912498137722,-0.0032248475153636,-0.0024438362661635,-0.0033878532409745,0.0085805714114338,0.0002253477791026,-0.0072340385945906,1,16,0.0071425387877955,0.0074593863736933,-0.0026691840452662,0.0047902023284271,0,0,0,0,TimeStop,1335.3457399999998,0.47584300499976606,0.059313620156529655,False,False,True,False,NORMAL,HIGH,NORMAL / HIGH
1787226840,0.8709284314865665,0.1576561186084236,1,-0.0048050216642595,-0.0024250083324074,-0.0018161870903232,-0.0036629263415175,0.0089155371625375,0.0001030441062103,-0.0070408843461837,37,15,0.0071439284523941,0.0071169870014442,-0.0019192311965336,0.0052246972558604,0,0,0,0,TimeStop,1323.0271899999998,0.47327477417657876,0.05986588227260848,False,False,True,False,NORMAL,HIGH,NORMAL / HIGH
1787226900,0.8811510060944616,0.1551168158128989,1,-0.0025389946826507,-0.0013879263060477,-0.0006356521780225,-0.0025330176339615,0.0102272863114743,0.0010224923292224,-0.0061280039187199,36,14,0.0071504962479424,0.0071235300282755,-0.001658144507245,0.0054923517406973,0,0,0,0,TimeStop,1338.8527,0.4798932121203579,0.05915825542272126,False,False,True,False,NORMAL,HIGH,NORMAL / HIGH
1787226960,0.8912384022022615,0.1478003222379359,1,-0.0008976190820897,-0.0001799971267279,0.0016081413828011,-0.0015102775157555,0.0122134941326227,0.0025188461028743,-0.0046423388879545,35,13,0.0071611849908288,0.0071341784613739,-0.0009107047200731,0.0062504802707557,0,0,0,0,TimeStop,1356.00636,0.4871443684624241,0.058409895658601475,False,True,True,False,NORMAL,HIGH,NORMAL / HIGH
1787227020,0.9016295606832292,0.1493414481140401,1,-0.0007315555665646,2.1987022924911313e-05,0.0008477528079724,-0.0022248640666224,0.0123493314901341,0.0021548674050315,-0.0050037176159332,34,12,0.0071585850209648,0.0071315882966137,-0.0013071145970591,0.0058514704239057,0,0,0,0,TimeStop,1365.33435,0.4912826059508457,0.05801083815110928,False,True,True,False,NORMAL,HIGH,NORMAL / HIGH
1787227080,0.8885543399385241,0.1516410098365546,1,-0.0017771980608896,-0.0012932407386682,0.0001058004947459,-0.0037234544681802,0.012000362029551,0.0012177484014184,-0.0059341425982127,33,11,0.0071518909996311,0.0071249195200243,-0.0011119479066725,0.0060399430929586,0,0,0,0,TimeStop,1363.9696000000001,0.49199081075585793,0.0580688821803653,False,True,True,False,NORMAL,HIGH,NORMAL / HIGH
1787227140,0.8806830779529842,0.1492094658914852,1,-0.0018763450255933,-0.0011443535792576,0.000347157196866,-0.0032683105262038,0.0126528162484581,0.0012283275267571,-0.0059236390416015,32,10,0.0071519665683587,0.0071249948037643,-0.0008811703298911,0.0062707962384675,0,0,0,0,TimeStop,1357.5847900000003,0.4914944602077903,0.05834198392867968,False,True,True,False,NORMAL,HIGH,NORMAL / HIGH
1787227200,0.8872821620063844,0.1523208995431056,1,-0.0024007988577579,-0.0004446593067374,-0.0005658668451791,-0.0044300521303615,0.0110232140236009,0.0010105261519163,-0.0061398846193193,31,9,0.0071504107712357,0.0071234448739218,-0.0015763929970955,0.0055740177741402,0,0,0,0,TimeStop,1350.6182300000003,0.49009020215937094,0.05864291495606422,False,False,True,False,NORMAL,HIGH,NORMAL / HIGH
1787227260,0.8902527220923842,0.1505774335327389,1,-0.0027344907834266,-0.0011146127946877,-0.0005308341697678,-0.0041163271667171,0.0113920903763237,0.0007394158684119,-0.0064090583099102,30,8,0.0071484741783221,0.0071215155843601,-0.0012702500381798,0.0058782241401423,0,0,0,0,TimeStop,1321.4306900000001,0.4795830048945175,0.05993820985041598,False,False,True,False,NORMAL,HIGH,NORMAL / HIGH
1787227320,0.8752669152332937,0.1466185646590168,1,-0.0033512644771664,-0.0008621071918114,0.000490269601019,-0.003058242555151,0.0119605209952014,0.0010482344942682,-0.0061024456349115,29,7,0.0071506801291798,0.0071237132160531,-0.0005579648932492,0.0065927152359305,0,0,0,0,TimeStop,1325.7236400000002,0.4809269581563516,0.05974411831413068,False,True,True,False,NORMAL,HIGH,NORMAL / HIGH
1787227380,0.8384520546527292,0.1424364350002678,1,-0.0013140092423195,-0.0010355372561004,0.0022376567048568,-0.0016203145105196,0.0137439354757723,0.0022769016324498,-0.0049462525408307,60,6,0.0072231541732805,0.0,-3.924492759300319e-05,0.0071839092456875,0,0,0,0,TimeStop,1337.4422299999999,0.48523139889981076,0.059220643870352446,False,True,True,False,NORMAL,HIGH,NORMAL / HIGH
1787227440,0.8369144926259885,0.1371930908954884,1,-0.0005294166068559,-0.0002508495945665,0.0026012587607585,-0.0008182905986001,0.0135118929310975,0.0034773520144086,-0.0041090027147747,60,5,0.0075863547291833,0.0,-0.00087609325365,0.0067102614755333,0,0,0,0,TimeStop,1347.8382499999998,0.4873737067544508,0.05876386873573295,False,True,True,False,NORMAL,HIGH,NORMAL / HIGH
1787227500,0.8303586253453183,0.134372963111836,1,0.0007862696478599,-0.0005013792456855,0.0035015746986116,-3.803182386014203e-05,0.0138605797916718,0.0036733448041771,-0.0039144916433774,59,4,0.0075878364475545,0.000876125055881,-0.0001717701055655,0.007416066341989,0,0,0,0,TimeStop,1317.88195,0.4760002353342143,0.060099609073483405,False,True,True,False,NORMAL,HIGH,NORMAL / HIGH
1787227560,0.9223663341966964,0.1190036691207218,1,0.0022335439441604,0.0018174587987072,0.0050374078830617,0.0024113676527507,0.0151078966986623,0.0057787122129852,-0.0019958408234941,60,3,0.0077745530364794,0.0,-0.0007413043299235,0.0070332487065558,0,0,0,0,TimeStop,1345.5505500000002,0.48431084164271593,0.05886377884502369,False,True,True,False,NORMAL,HIGH,NORMAL / HIGH
1787227620,1.1263557384429843,0.0898205526778086,1,0.0029489983769542,0.0031034810276867,0.0061365648980777,0.0035902550220828,0.0165789495738457,0.0066234785693732,-0.0012962016263978,60,2,0.0079196801957711,0.0,-0.0004869136712955,0.0074327665244755,0,0,0,0,TimeStop,1384.19371,0.5060299771389354,0.07019883076914141,False,False,True,False,NORMAL,LOW,NORMAL / LOW
1787227680,1.1398005517165473,0.0982945768681917,1,0.0027036358643716,0.0027907913522762,0.006392100807613,0.0033496200495614,0.0155629811534637,0.0065900163947295,-0.0013294005350563,59,1,0.0079194169297859,0.0006983612812862,-0.0001979155871164,0.0077215013426694,0,0,0,0,TimeStop,1372.54179,0.5044447372013304,0.07079476975342222,False,False,True,False,NORMAL,LOW,NORMAL / LOW
1787227740,1.1592142326425772,0.0714217286481957,1,0.0023915045630878,0.0024280650833077,0.0049845106192961,0.0027624124361587,0.0139823058245653,0.0062348245932293,-0.0022195863916719,60,39,0.0084544109849013,0.0,-0.0012503139739332,0.007204097010968,0,0,0,0,TimeStop,1398.8321499999997,0.5213385615988825,0.06946421698986545,False,False,False,False,NORMAL,LOW,NORMAL / LOW
1787227800,1.1970033570303995,0.06185063782162,1,0.0011539983723341,0.0013766875884905,0.0031030167560396,0.0018234595703408,0.0111996789261865,0.0048718491844948,-0.0035711100458198,59,38,0.0084429592303147,0.0019672738826519,-0.0017688324284552,0.0066741268018594,0,0,0,0,TimeStop,1412.9345799999996,0.5384386196834823,0.06877089808361829,False,False,False,False,NORMAL,LOW,NORMAL / LOW
1787227860,1.007275703525666,0.0540166969837036,1,0.0007182666852445,0.0008915981607914,0.0031049184896195,0.002051414239933,0.0119682318517487,0.004720635362965,-0.0037210533649156,58,37,0.0084416887278807,0.0019896892852167,-0.0016157168733454,0.0068259718545352,0,0,0,0,TimeStop,1428.02684,0.5555935675223846,0.06804408522181558,False,False,False,False,NORMAL,LOW,NORMAL / LOW
1787227920,1.0355456277119977,0.0610774010657119,1,0.0007540942513368,-0.0006688669786096,0.0028911820409982,0.0022838680926916,0.0124498663101604,0.0041889483065954,-0.0042482731729054,57,36,0.0084372214795008,0.0019886363636364,-0.0012977662655971,0.0071394552139037,0,0,0,0,TimeStop,1447.51281,0.5669307047172697,0.0671280967800209,False,False,False,False,NORMAL,LOW,NORMAL / LOW
1787227980,1.0250066324485445,0.0396953822581449,1,0.0004848189415041,-0.0005849582172701,0.0030823119777158,0.0008448467966574,0.0123396935933148,0.0043008356545961,-0.0041373259052924,56,35,0.0084381615598885,0.0019888579387187,-0.0012185236768802,0.0072196378830082,0,0,0,0,TimeStop,1456.2147099999997,0.5760315245000124,0.06672695951546871,False,True,False,False,NORMAL,LOW,NORMAL / LOW
1787228040,1.0101532096363686,0.0379423425222751,1,0.0007333674967903,-0.0014780175704544,0.0036318754247507,0.0004164803068191,0.0125346643245337,0.004411208975471,-0.0040278799439102,55,34,0.0084390889193812,0.0019890765155112,-0.0007793335507202,0.007659755368661,0,0,0,0,TimeStop,1467.9873699999998,0.5848727079885677,0.06619183651423377,False,True,False,False,NORMAL,LOW,NORMAL / LOW
1787228100,1.031224813792057,0.0549977704775501,1,0.0019608471506199,-0.001226278389299,0.0035521805768427,-0.0007802703079281,0.0124563187961544,0.004720635362965,-0.0037210533649156,54,33,0.0084416887278807,0.0019896892852167,-0.0011684547861223,0.0072732339417583,0,0,0,0,TimeStop,1461.47318,0.5876776520520381,0.06648687182887612,False,True,False,False,NORMAL,LOW,NORMAL / LOW
1787228160,1.047969270856019,0.057215725706062,1,0.001624319675922,-0.0023050095289612,0.0033801790081938,-0.0010831120220417,0.0126881424663658,0.00478461565687,-0.0036576106350925,53,32,0.0084422262919625,0.0019898159880042,-0.0014044366486762,0.0070377896432863,0,0,0,0,TimeStop,1466.0322899999999,0.5936552313987613,0.06628010901451564,False,True,False,False,NORMAL,LOW,NORMAL / LOW
1787228220,1.0780027337749205,0.0120739072360277,1,0.002497527159405,-0.001518990802093,0.0041837450271217,-0.0008219091724114,0.0142631158182021,0.005716683040693,-0.0027333745055015,52,31,0.0084500575461945,0.0019916617990899,-0.0015329380135712,0.0069171195326233,0,0,0,0,TimeStop,1468.5710999999997,0.6089870012637412,0.06616552647672286,False,True,False,False,NORMAL,LOW,NORMAL / LOW
1787228280,1.0703143702383713,0.0332290673043998,1,0.0002788383824307,-0.0022853320698977,0.0035255427663666,-0.0014104958055795,0.0124021069646888,0.0048326412307349,-0.0036099885733396,51,30,0.0084426298040745,0.0019899110950085,-0.0013070984643683,0.0071355313397062,0,0,0,0,TimeStop,1467.35239,0.6119179110508945,0.0662204802760433,False,True,False,False,NORMAL,LOW,NORMAL / LOW
1787228340,1.0880808278333265,0.0364935201111037,1,0.0002787145684104,-0.0023412023746481,0.0027118927506341,-0.0026197775857744,0.0122355695532205,0.00488865352992,-0.0035544468909389,50,29,0.008443100420859,0.0026737088547618,-0.0021767607792858,0.0062663396415731,0,0,0,0,TimeStop,1473.1359499999999,0.6163700382932454,0.06596049740012115,False,True,True,False,NORMAL,LOW,NORMAL / LOW
1787228400,1.142351600672363,0.0488511310148142,1,-0.0012866372497282,-0.0013144775018049,0.0022382170657127,-0.0028756196370102,0.0104814373031259,0.0037635844769994,-0.004670063084619,49,28,0.0084336475616184,0.0026707153817253,-0.0015253674112867,0.0069082801503317,0,0,0,0,TimeStop,1485.6575500000004,0.6237289230149168,0.06540456109821538,False,True,True,False,NORMAL,LOW,NORMAL / LOW
1787228460,1.195275476047892,0.0525041383921579,1,-0.000415157872102,-0.0003549941013042,0.0026739453687892,-0.0026463703071735,0.012339004465071,0.0042447490049651,-0.0041929413134446,48,27,0.0084376903184098,0.0026719956169578,-0.0015708036361758,0.0068668866822339,0,0,0,0,TimeStop,1482.4458200000001,0.6238796714546412,0.06554626057092595,False,True,True,False,NORMAL,LOW,NORMAL / LOW
1787228520,1.2585800067615902,0.0506797417364632,1,0.0001540284211684,0.0004327000945479,0.0027165265671871,-0.0032160744394569,0.012743971757928,0.0042318821284278,-0.004205700082153,47,26,0.0084375822105808,0.0026719613820388,-0.0015153555612406,0.0069222266493401,0,0,0,0,TimeStop,1462.6544700000002,0.6161803297356377,0.06643317474700637,False,True,True,False,NORMAL,LOW,NORMAL / LOW
1787228580,1.473607905809647,0.0525191301500267,1,8.69204865597838e-05,0.0007835380399012,0.0027335378657817,-0.0021138115120891,0.0123729362478626,0.0044442277623198,-0.0039951385817612,46,25,0.0084393663440811,0.002672526370408,-0.0017106898965381,0.006728676447543,0,0,0,0,TimeStop,1561.46551,0.6504887214819293,0.08278325660872267,False,True,True,False,HIGH,LOW,HIGH / LOW
1787228640,1.5134361301396635,0.0548255702074436,1,3.647329417041691e-05,0.0006103012276464,0.0024588847134854,-0.0024005552850221,0.0123984142191275,0.003834150641387,-0.0046000898189672,45,24,0.0084342404603542,0.0026709031372323,-0.0013752659279015,0.0070589745324526,0,0,0,0,TimeStop,1547.96778,0.6469277220630328,0.08350509724433672,False,True,True,False,HIGH,LOW,HIGH / LOW
1787228700,1.4675928979948825,0.0563764115425347,1,0.0002224325293795,0.0007533196802262,0.0014743462773382,-0.002823000080315,0.0124519066212096,0.0037135653637754,-0.0047196619359618,44,23,0.0084332272997373,0.0036338070162568,-0.0022392190864371,0.0061940082133001,0,0,0,0,TimeStop,1547.50832,0.648529887927482,0.08352989016563092,False,True,True,False,HIGH,LOW,HIGH / LOW
1787228760,1.4292845735970603,0.0512933609247069,1,0.0001732070666812,0.0017884604272672,0.0013149256734225,-0.0022491856552804,0.013457103056116,0.0039994959730053,-0.0044361337230956,43,22,0.0084356296961009,0.0036348421887302,-0.0026845702995827,0.0057510593965182,0,0,0,0,TimeStop,1552.34316,0.6514915177852196,0.0832697327052351,False,True,True,False,NORMAL,LOW,NORMAL / LOW
1787228820,1.396056906253219,0.0412430234744789,1,-0.0014218889916317,0.0008257476293154,0.000881270599335,-0.0046434736505933,0.0123272125868764,0.0034322658033472,-0.004998598010218,42,21,0.0084308638135652,0.0036327886098592,-0.0025509952040122,0.005879868609553,0,0,0,0,TimeStop,1551.0948899999999,0.6636300510963238,0.08333674543921682,False,True,True,False,NORMAL,LOW,NORMAL / LOW
1787228880,1.4172793121103398,0.0401386434165872,1,-0.0010692587618732,0.0014008528734189,0.000858358224933,-0.0049924263737873,0.0134917876166166,0.0038141675324262,-0.0046199050293304,41,20,0.0084340725617566,0.003634171232582,-0.0029558093074931,0.0054782632542634,0,0,0,0,TimeStop,1551.2651399999997,0.6674741960678514,0.08332759930388176,False,True,True,False,NORMAL,LOW,NORMAL / LOW
1787228940,1.4387120267724771,0.041436850840034,1,-0.0022097644977865,0.0014932195472571,0.0016717990289062,-0.0054923977754256,0.0134350786334313,0.003675146245878,-0.0047577582554384,40,19,0.0084329045013164,0.0036336679251207,-0.0020033472169718,0.0064295572843446,0,0,0,0,TimeStop,1550.3563,0.669000431685516,0.08337644707864897,False,True,True,False,NORMAL,LOW,NORMAL / LOW
1787229000,1.4998827279083844,0.0528596102544206,1,-0.0031808883041514,-0.0001212614584777,-0.0030560112517282,-0.0064190698662076,0.0126196744213277,0.0027543872798956,-0.0056707809808076,39,18,0.0084251682607032,0.006482620882864,-0.0058103985316238,0.0026147697290793,0,0,0,0,TimeStop,1587.3663099999999,0.6854889033972148,0.08143249556556358,False,False,True,False,HIGH,LOW,HIGH / LOW
1787229060,1.5718850521991097,0.0541923073347315,1,-0.003922957068529,0.0005844300381179,-0.0051943462897527,-0.0049803845190729,0.0133490999137474,0.0031551709746529,-0.0052733646810049,38,17,0.0084285356556578,0.0083495172644056,-0.0083495172644056,7.901839125223301e-05,0,0,0,0,TimeStop,1600.6242100000002,0.6904327314109594,0.08075799378293796,False,False,True,False,HIGH,LOW,HIGH / LOW
1787229120,1.597317795754935,0.0380721455139302,1,-0.0040065115899875,0.0013535436925822,-0.003422327196406,-0.0041457753618319,0.0122154222732158,0.0032111359819605,-0.0056680772514646,37,60,0.0,0.0088792132334251,-0.0066334631783666,0.0022457500550585,0,0,0,0,TimeStop,1607.1466699999999,0.70251572444709,0.08043024473926827,False,False,False,False,HIGH,LOW,HIGH / LOW
1787229180,1.6156082279831592,0.0435758311117199,1,-0.002563455662498,0.0032765869888571,-0.0022571114963204,-0.0021240698052339,0.0141708207947925,0.0045525334272474,-0.0043385522361381,36,59,0.0027781334069636,0.0088910856633855,-0.0068096449235678,0.0020814407398177,0,0,0,0,TimeStop,1595.41493,0.6993405065729705,0.08102168130017438,False,False,False,False,HIGH,LOW,HIGH / LOW
1787229240,1.5630152130065342,0.0419484846450217,1,-0.0026191869375017,0.0028528239850651,-0.0036130847892111,-0.002869820836468,0.0143219370837861,0.0046086544623701,-0.0042829279166318,35,58,0.0027782886121095,0.0088915823790019,-0.0082217392515812,0.0006698431274206,0,0,0,0,TimeStop,1573.9144000000001,0.6910907452530983,0.08212848170141909,False,False,False,False,HIGH,LOW,HIGH / LOW
1787229300,1.602464723960089,0.0473486066396343,1,-2.7876118529255986e-05,0.0040049619490981,-0.0020783040169486,-0.001702673319767,0.0141421124522621,0.005056727901207,-0.0038388202826638,34,57,0.002779527778552,0.0088955481838708,-0.0071350319181557,0.0017605162657151,0,0,0,0,TimeStop,1555.93293,0.6870773521434311,0.08307761697671635,False,False,False,False,HIGH,LOW,HIGH / LOW
1787229360,1.4176757566379958,0.0443075084137557,1,6.0188758634815646e-05,0.00321410757626,-0.0069690780252513,-0.001415411108727,0.013818196510724,0.0046618422775872,-0.0072852083339138,33,60,0.0,0.0119470506115011,-0.0116309203028386,0.0003161303086624,0,0,0,0,TimeStop,1560.8650800000003,0.6896652049548618,0.08281510148205762,False,False,False,False,NORMAL,LOW,NORMAL / LOW
1787229420,1.1445062029155493,0.0428177440638402,1,0.0002786287566319,0.0030236998751948,-0.0082974557615929,-0.0037036320184406,0.0129500407917511,0.0040772256986222,-0.0095242020614072,32,60,0.0,0.0136014277600295,-0.0123746814602151,0.0012267462998143,0,0,0,0,TimeStop,1572.40288,0.6948625054273053,0.0822074301975331,False,False,False,False,NORMAL,LOW,NORMAL / LOW
1787229480,1.1433460646148077,0.0290106144340866,1,0.0006965570082673,0.0035912869228489,-0.0069638986801353,-0.0037424095691138,0.0136777833970949,0.0043569285694089,-0.00924828810077,31,59,0.0033149483696791,0.0136052166701789,-0.0113208272495442,0.0022843894206347,0,0,0,0,TimeStop,1567.0160400000002,0.6949916198817061,0.08249002990422484,False,False,False,False,NORMAL,LOW,NORMAL / LOW
1787229540,1.0753732877578766,0.0336043039674401,1,0.0005738070048443,0.0025502533548638,-0.0063649145275348,-0.0039535887298846,0.0136423241828608,0.0037975388384654,-0.0098001002282977,30,58,0.0035025613898324,0.0135976390667632,-0.0101624533660003,0.0034351857007629,0,0,0,0,TimeStop,1558.5825100000002,0.6945293789870243,0.08293638557512108,False,False,False,False,NORMAL,LOW,NORMAL / LOW
1787229600,1.0211938680015562,0.0310253857517085,1,0.0005307690905353,0.00172395581897,-0.0061787144338438,-0.0045834847314821,0.0133922476818513,0.0034903564655788,-0.0101031214482899,29,57,0.0039244070144461,0.0135934779138687,-0.0096690708994226,0.0039244070144461,0,1,0,0,TimeStop,1555.9465500000001,0.6984629003590468,0.08307688975562817,False,False,False,False,NORMAL,LOW,NORMAL / LOW
1787229660,1.1022129622171586,0.0298384180116463,1,0.0016149736357397,0.0022113486943992,-0.0044026511683397,-0.0034801073976261,0.0131191376115957,0.0038256262808177,-0.0097723932639688,28,56,0.0057012007825264,0.0135980195447865,-0.0082282774491575,0.005369742095629,0,0,0,0,TimeStop,1506.44892,0.6778285339130525,0.08580656023836507,False,False,False,False,NORMAL,LOW,NORMAL / LOW
1787229720,1.0596274713826468,0.0256990938145752,1,0.0022508370613867,0.0035624318126108,-0.0022292372753221,-0.0039572201604878,0.0134685117621983,0.0048610666921962,-0.0087509791322376,27,55,0.0065217418569154,0.0136120458244339,-0.0070903039675184,0.0065217418569154,0,0,0,0,TimeStop,1516.69931,0.6820264524239549,0.0852266491767574,False,False,False,False,NORMAL,LOW,NORMAL / LOW
1787229780,1.0494178330448531,0.026196932190774,1,0.0024727556509379,0.0036694166504082,-0.0015051980267007,-0.003127456172134,0.0137057889015858,0.00488865352992,-0.0087237659912483,26,54,0.0073094289138492,0.0136124195211684,-0.0063938515566208,0.0072185679645475,0,0,0,0,TimeStop,1510.6232,0.6799122216916657,0.08556945239554113,False,False,False,False,NORMAL,LOW,NORMAL / LOW
1787229840,1.0424769757006993,0.0154325103395384,1,0.0037111848896575,0.0051174566861033,-0.0001823229082388,-0.001925062076277,0.0150099043048851,0.0058979438105069,-0.0077281477554892,25,53,0.0075657729542728,0.0136260915659961,-0.0060802667187457,0.0075458248472504,0,0,0,0,TimeStop,1506.7374300000001,0.6782069166812308,0.08579013000294285,False,False,False,False,NORMAL,LOW,NORMAL / LOW
1787229900,1.0582586134203285,0.011518822190575,1,0.0030693902331672,0.0047843258815777,-0.0007961553522719,-0.0027340200795208,0.0146202693312503,0.0059542152777845,-0.0076726385525848,24,52,0.0079238871577086,0.0136268538303694,-0.0067503706300565,0.0068764832003129,0,0,0,0,TimeStop,1527.16567,0.6875301190189809,0.08464255223861862,False,False,False,False,NORMAL,LOW,NORMAL / LOW
1787229960,1.0509601312326138,0.0037372845359255,1,0.0045251390328018,0.0056983232264911,0.0003493016271926,-0.0010058657813035,0.0156703888728507,0.0071060045941335,-0.0065364516010541,23,51,0.0079329597858994,0.0136424561951877,-0.0067567029669409,0.0068857532282468,0,0,0,0,TimeStop,1538.6004900000003,0.6958117016101287,0.08401349202742031,False,True,False,False,NORMAL,LOW,NORMAL / LOW
1787230020,1.029096315700169,0.0107755388952216,1,0.0053816167926223,0.0057114114106144,-0.0011174743515191,-0.0020674672346043,0.0160488872679302,0.0072466814853079,-0.006397680346741,22,50,0.007934067895786,0.0136443618320489,-0.008364155836827,0.0052802059952218,0,0,0,0,TimeStop,1545.8643700000002,0.7063427862836452,0.08361872005627505,False,False,False,False,NORMAL,LOW,NORMAL / LOW
1787230080,1.0640971336794138,0.0087828112330608,1,0.0058550518170899,0.0058241850331014,-0.0013687533171317,-0.0015923629151651,0.0160341070979635,0.0071342774937847,-0.0065085616916673,21,49,0.007933182491131,0.0136428391854521,-0.0085030308109165,0.0051398083745356,0,0,0,0,TimeStop,1565.81199,0.7168449448102061,0.08255346160684338,False,False,False,False,NORMAL,LOW,NORMAL / LOW
1787230140,1.039240195363864,0.004061795659685,1,0.0054863807794385,0.005064953205755,0.0004707361363318,-0.0003633188992875,0.0169680122922196,0.007246822181869,-0.0063975415560832,20,48,0.0079340690040508,0.0136443637379522,-0.0067760860455371,0.0068682776924151,0,0,0,0,TimeStop,1565.39904,0.7244596064112534,0.08257523909047498,False,True,False,False,NORMAL,LOW,NORMAL / LOW
1787230200,0.9896405027251832,0.0017524292372372,1,0.0040329504906333,0.0035573706512042,-0.0015921888938447,-0.0005576772970561,0.0151092774308652,0.0050847457627119,-0.0085303300624442,19,47,0.0079170383586083,0.0136150758251561,-0.0066769346565566,0.0069381411685995,0,0,0,0,TimeStop,1576.16752,0.7306137356129165,0.08201107963447947,False,False,False,False,NORMAL,LOW,NORMAL / LOW
1787230260,0.9856505544116084,0.0052481624550204,1,0.0031537289985917,0.0030300151075835,-6.283216761796305e-05,-0.0009908256676232,0.0154014042083897,0.0046013765678088,-0.009007151443078,18,46,0.0099145259612484,0.0136085280108868,-0.0046642087354268,0.00894431927546,0,0,0,0,TimeStop,1602.7309899999998,0.7416661911509238,0.08065183789826141,False,False,False,False,NORMAL,LOW,NORMAL / LOW
1787230320,0.9743240621467992,0.0050658277205724,1,0.0027443064758616,0.002282838688123,6.486998162486069e-05,-0.001407093936188,0.0153978506598362,0.0037975388384654,-0.0098001002282977,17,45,0.0099065927946989,0.0135976390667632,-0.0037326688568405,0.0098649702099226,0,0,0,0,TimeStop,1609.18335,0.7465372314581193,0.0803284473456676,False,True,False,False,NORMAL,LOW,NORMAL / LOW
1787230380,0.729871482440678,0.0045564776234697,1,0.0028927149736937,0.0019484731230688,-0.0009463296495282,-0.001117946719372,0.0142527071792444,0.0036578236784233,-0.0099379227792779,16,44,0.0099052139297942,0.0135957464577012,-0.0046041533279515,0.0089915931297496,0,0,0,0,TimeStop,1609.1529199999998,0.7471073611061905,0.08032996640244734,False,False,False,False,NORMAL,LOW,NORMAL / LOW
1787230440,0.7348552475050523,0.0077585853229822,1,0.0019753129016397,0.0018474559811856,-0.0018500993778,-0.0017769190294226,0.0140970950184216,0.0032218830945326,-0.0103679580262008,15,43,0.0099009115822787,0.0135898411207334,-0.0050719824723326,0.0085178586484007,0,1,0,0,TimeStop,1617.0423899999998,0.7526204713070687,0.07993804046163566,False,False,False,False,NORMAL,LOW,NORMAL / LOW
1787230500,0.7436066887346868,0.0134664093882736,1,0.0011925537577612,0.0007204838424542,-0.0018985722875487,-0.0021717441536839,0.0136846030516523,0.0029580173508643,-0.0106282493925612,14,42,0.0098983074610551,0.0135862667434255,-0.004856589638413,0.0087296771050125,0,1,0,0,TimeStop,1604.7729999999997,0.7493439820353897,0.0805492116330472,False,False,False,False,NORMAL,LOW,NORMAL / LOW
1787230560,0.7376403254076607,0.0212390360873896,1,0.0005954134815843,-0.0004726893676163,-0.0031134120917302,-0.0033993050729673,0.0127865184155664,0.0022070882557331,-0.0113690062543432,13,41,0.009890896455872,0.0135760945100764,-0.0053205003474634,0.0082555941626129,0,1,0,0,TimeStop,1587.0402199999996,0.7434011415136449,0.08144922754383631,False,False,False,False,NORMAL,LOW,NORMAL / LOW
1787230620,0.7430036486749566,0.0208889556361444,1,0.0013086491951153,5.5477159886296664e-05,-0.0030700142613842,-0.0030563882922893,0.0131325143569744,0.0026043676236406,-0.0109771085109611,12,40,0.0098948172514222,0.0135814761346018,-0.0056743818850249,0.0079070942495768,0,1,0,0,TimeStop,1575.2252199999998,0.73995350432948,0.08206013867655067,False,False,False,False,NORMAL,LOW,NORMAL / LOW
1787230680,0.7325271462298766,0.0249340419084167,1,0.0011937092481813,-0.0005417357563949,-0.0038288498687157,-0.0027724859957762,0.0127693665319902,0.0024099386894693,-0.0111689036725152,11,39,0.0098928984100186,0.0135788423619846,-0.006238788558185,0.0073400538037995,0,1,0,0,TimeStop,1575.77677,0.743880983887553,0.08203141616309016,False,False,False,False,NORMAL,LOW,NORMAL / LOW
1787230740,0.7240480728356685,0.0315721079115822,1,0.0014010721586213,0.0001783132208621,-0.0036142130230079,-0.0017399089726988,0.0109164382274638,0.002178673460822,-0.0113970361368488,10,38,0.009890616027009,0.0135757095976709,-0.00579288648383,0.0077828231138409,0,1,0,0,TimeStop,1576.86402,0.7462990744575211,0.0819748553841694,False,False,False,False,NORMAL,LOW,NORMAL / LOW
1787230800,0.6472946377009419,0.0314196557827911,1,0.0017096879489183,-0.0029351057084495,-0.003866373137552,-0.0006675752179946,0.0122739266955124,0.0028759974860231,-0.010709158200167,9,37,0.0098974979976219,0.0135851556861901,-0.0067423706235751,0.006842785062615,0,1,0,0,TimeStop,1568.8669399999999,0.744443563265588,0.08239271075468008,False,False,False,False,NORMAL,LOW,NORMAL / LOW
1787230860,0.6003914033033753,0.0248007235256305,1,0.0011678992870391,-0.0057754010100382,-0.0035873973100219,0.0003838773727994,0.0109624032364158,0.0025692393958569,-0.011011760884856,8,36,0.0098944705669218,0.0135810002807129,-0.0061566367058788,0.0074243635748341,0,1,0,0,TimeStop,1565.6144499999998,0.745362311355383,0.08256387771587062,False,False,False,False,NORMAL,LOW,NORMAL / LOW
1787230920,0.59367808777033,0.034831048373632,1,0.0003280292900562,-0.0047694152770228,-0.0035467732810486,0.0021749133869296,0.008040677299206,0.0018550813557099,-0.0117162447996034,7,35,0.0098874224594887,0.0135713261553133,-0.0054018546367586,0.0081694715185547,0,1,0,0,TimeStop,1575.1515799999997,0.750194417094849,0.08206397507470363,False,False,False,False,NORMAL,LOW,NORMAL / LOW
1787230980,0.6076393465523237,0.0333638102805419,1,-3.068710937297353e-05,-0.005515626056605,-0.003849357674367,0.0044644884188097,0.0079630965987157,0.0012717793427431,-0.0122916452886748,6,34,0.0098816657851643,0.013563424631418,-0.0051211370171101,0.0084422876143078,0,1,0,0,TimeStop,1584.2570199999998,0.7549407298266207,0.08159231637805842,False,False,False,False,NORMAL,LOW,NORMAL / LOW
1787231040,0.6358627906182756,0.0318387787129692,1,-0.0004191280774551,-0.0064475151484167,-0.0034106773051385,0.0048303225896974,0.0087961327412101,0.0017508356513648,-0.0118190783711158,5,33,0.0098863936467017,0.0135699140224806,-0.0051615129565034,0.0084084010659772,0,1,0,0,TimeStop,1570.14588,0.748009375578831,0.08232559894371089,False,False,False,False,NORMAL,LOW,NORMAL / LOW
1787231100,0.6462062683811451,0.0296693967516193,1,-0.0004736695535705,-0.0060589999019897,-0.0035272555735996,0.0016751965131701,0.0072002769828527,0.0010475704722286,-0.012512816981692,4,32,0.0098794530421606,0.0135603874539206,-0.0045748260458283,0.0089855614080923,0,1,0,0,TimeStop,1577.1708800000004,0.7521892933327371,0.08195890606349515,False,False,False,False,NORMAL,LOW,NORMAL / LOW
1787231160,0.6769290172311251,0.0102135705079328,1,-0.0001233249575133,-0.0101505606077587,-0.0026128780975847,0.0027098159583327,0.0077182258038308,0.001443096434145,-0.0121226488923182,3,31,0.0098833565331464,0.0135657453264632,-0.0040559745317297,0.0095097707947335,0,1,0,0,TimeStop,1534.8251300000002,0.7369355798862138,0.08422014825884432,False,False,False,False,NORMAL,LOW,NORMAL / LOW
1787231220,0.7469450175673459,0.0307303662742341,1,-0.0004602048446033,-0.0112870270544917,-0.002530779582842,0.0018999588245077,0.0080083972460452,0.0010503498806244,-0.0125100752237095,2,30,0.0101064593324683,0.0135604251043339,-0.0035811294634664,0.0099792956408674,0,1,0,0,TimeStop,1465.9998000000003,0.7069861706397004,0.08817409115608336,False,False,False,False,NORMAL,LOW,NORMAL / LOW
1787231280,0.7454276884544927,0.0289223851287357,1,-0.0009415183065216,-0.0105174145496499,-0.0030231564373469,5.787339826346849e-05,0.0069040049640663,0.0007629018471329,-0.0127936294295529,1,29,0.0101035572987584,0.0135565312766858,-0.0037860582844798,0.0097704729922059,0,1,0,0,TimeStop,1459.0181900000002,0.7067625116237581,0.08859601675014071,False,False,True,False,NORMAL,LOW,NORMAL / LOW
1787231340,0.8049343784350125,0.012459635398555,1,-0.000127604860926,-0.0088924897805028,-0.0022110770461209,0.0021494268195148,0.0074766173464854,0.0004808439971563,-0.0123189371723095,5,28,0.0103003088065405,0.0127997811694659,-0.0026919210432772,0.0101078601261886,0,1,0,0,TimeStop,1457.6532900000002,0.7101761541897037,0.0886789752314832,False,False,True,False,NORMAL,LOW,NORMAL / LOW
1787231400,0.8344332476105507,0.0055242016660002,1,-0.0004715076171264,-0.0078890698449483,-0.0012755989806876,0.0031542664840466,0.0080424417981917,0.0009996961734948,-0.0118067229984438,4,27,0.0115028964932419,0.0128064191719387,-0.0022752951541825,0.0105311240177561,0,1,0,0,TimeStop,1442.1047700000001,0.7081499391386401,0.08963509634601652,False,False,True,False,NORMAL,LOW,NORMAL / LOW
1787231460,0.8145736979282987,0.0235129064425671,1,-0.0010674672648001,-0.0065994062742906,-0.0010502433297533,0.0037664856671858,0.0075204700911923,0.0008471675794426,-0.0119573001981863,3,26,0.0115011437248481,0.012804467777629,-0.001897410909196,0.0109070568684329,0,1,0,0,TimeStop,1433.23639,0.7107310630167505,0.09018972787873465,False,False,True,False,NORMAL,LOW,NORMAL / LOW
1787231520,0.8122832944899422,0.0128179726712887,1,-0.0012515342159846,-0.0057711099024225,-0.0006055631549882,0.0032769284325996,0.0066150935887372,0.0005307182706638,-0.0122697009717754,2,25,0.0117570343429709,0.0128004192424392,-0.001136281425652,0.0116641378167872,0,1,0,0,TimeStop,1414.1325199999999,0.7026996841626134,0.09140812347629204,False,False,True,False,NORMAL,LOW,NORMAL / LOW
1787231580,0.8197485170831883,0.0089367326868399,1,-0.0017333758577842,-0.0051556962793372,-0.0022305898073777,0.0036294813299009,0.0077979697953285,0.0004515330254337,-0.0123478731503217,1,24,0.0119143903380818,0.0127994061757555,-0.0026821228328115,0.0101172833429439,0,1,0,0,TimeStop,1407.62008,0.7020923386217911,0.09183102872473943,False,False,True,False,NORMAL,LOW,NORMAL / LOW
1787231640,0.8468921957488174,0.0106485682621629,1,-0.0012210481611762,-0.005272796287725,-0.0032037594626723,0.0026938559682232,0.0078404948589818,0.0,-0.0127802023098323,1,23,0.0119091750014051,0.0127802023098323,-0.0032037594626723,0.00957644284716,0,1,0,0,TimeStop,1420.3272699999998,0.7095686483839178,0.0910094474212271,False,False,True,False,NORMAL,LOW,NORMAL / LOW
1787231700,0.81081411657906,0.0207939672492067,1,-0.0046368660633386,-0.0055539095207854,-0.004317115710197,0.0030136783175383,0.0080678998135923,0.0001449497910029,-0.0123976500362235,1,22,0.0119137898622337,0.0125425998272265,-0.0044620655012,0.0080805343260265,0,1,0,0,TimeStop,1421.8438199999998,0.7181750996692947,0.09091237601609439,False,False,True,False,NORMAL,LOW,NORMAL / LOW
1787231760,0.7989923124498567,0.0151791343549529,1,-0.0069352006811464,-0.0053187138486397,-0.0044482551316165,0.0025551324081863,0.0071832286435911,0.0003020497303008,-0.0121654521490039,5,21,0.0119165909459238,0.0124675018793047,-0.0047503048619174,0.0077171970173873,0,1,0,0,TimeStop,1418.3525599999998,0.7206727645316199,0.09113615587932526,True,False,True,False,NORMAL,LOW,NORMAL / LOW
1787231820,0.793421121373491,0.0033448885205955,1,-0.0050957730042782,-0.0067901046807805,-0.0049847990712078,0.0024455932584516,0.0078301207143609,0.0004287566099976,-0.0120403245105584,4,20,0.0119181004040478,0.012469081120556,-0.0054135556812054,0.0070555254393505,0,1,0,0,TimeStop,1406.07028,0.718196274119609,0.09193224680063647,False,False,True,False,NORMAL,LOW,NORMAL / LOW
1787231880,0.729420725768143,0.0055808488936713,1,-0.0054851072693188,-0.0071512879261265,-0.0049186974935777,0.0032632090536693,0.0083274317850447,0.0002049573005623,-0.012261334444213,3,19,0.011915434284524,0.0124662917447753,-0.00512365479414,0.0073426369506352,0,1,0,0,TimeStop,1396.0192799999998,0.7148968155116627,0.0925941366655051,False,False,True,False,NORMAL,LOW,NORMAL / LOW
1787231940,0.7800452957908453,0.0062681231519413,1,-0.0060309147966856,-0.0045710648399086,-0.0053172505232613,0.004049749418367,0.0094477475449114,0.0010723726453246,-0.0114047303363604,2,18,0.011925767797133,0.012477102981685,-0.0063896231685859,0.0060874798130991,0,1,0,0,TimeStop,1420.05011,0.7375947690128963,0.09102721030034638,False,False,True,False,NORMAL,LOW,NORMAL / LOW
1787232000,0.7864946195149284,0.0129336373827823,1,-0.0055879772030863,-0.0051313055891438,-0.0051024163872885,0.0037053179187218,0.0094031574230943,0.0004241712618552,-0.0120448527081265,1,17,0.0119180457788292,0.0124690239699818,-0.0055265876491438,0.006942436320838,0,1,0,0,TimeStop,1400.57682,0.7313989813061385,0.09229283117794282,True,False,True,False,NORMAL,LOW,NORMAL / LOW
1787232060,0.7574522039969688,0.0043298138008971,1,-0.0100284724111793,-0.0030835042108583,-0.0053061273812255,0.0027412630227702,0.009951384805908,0.0003650202282042,-0.0120008039334401,3,16,0.0119185771544839,0.0123658241616444,-0.0056711476094298,0.0066946765522145,0,1,0,0,TimeStop,1398.1839300000001,0.7331798766333858,0.09245078363903095,False,False,True,False,NORMAL,LOW,NORMAL / LOW
1787232120,0.7625479453552086,0.0003945939343193,1,-0.0108318070599731,-0.0022129169740162,-0.0059165285995179,0.0015827779976079,0.009472501315625,0.000309722265239,-0.0120554183410303,2,15,0.011917918321933,0.0123651406062694,-0.0062262508647569,0.0061388897415124,0,1,0,0,TimeStop,1399.68871,0.735469052784252,0.09235139147475156,False,False,True,False,NORMAL,LOW,NORMAL / LOW
1787232180,0.9224207814555924,0.0018842057142893,1,-0.0095849206213599,-0.0028891732960817,-0.0048341350865634,-1.9448228745742485e-05,0.0101964284994899,0.0005042647881898,-0.0118632806189093,1,14,0.01192023614595,0.0123675454070992,-0.0053383998747533,0.0070291455323459,0,1,0,0,TimeStop,1305.20379,0.6875773492639463,0.0505606791105012,False,False,True,False,NORMAL,LOW,NORMAL / LOW
1787232240,0.9098855463856634,0.0020403109474305,1,-0.0087660035042349,-0.0036907368850523,-0.0048475205044408,0.0009515343769568,0.0100733217506844,-1.388695820867309e-07,-0.0121928881831844,1,13,0.0119162599755228,0.0121927493136023,-0.0048473816348587,0.0073453676787435,0,1,0,0,TimeStop,1308.1793899999998,0.6921417383272093,0.05044567320388683,False,False,True,False,NORMAL,LOW,NORMAL / LOW
1787232300,0.9805210986838452,0.0073681249550058,1,-0.007421061314759,-0.002617170500944,-0.0042910199084253,0.0031663176411053,0.0105875179452695,0.0005859793325534,-0.0113405625429389,48,12,0.0119265418754924,0.0068951254052756,-0.0048769992409788,0.0070495426345135,0,1,0,0,TimeStop,1355.4635499999997,0.715472373923951,0.04868592003082636,False,False,True,False,NORMAL,LOW,NORMAL / LOW
1787232360,1.028084521409627,0.0079346419151004,1,-0.0055378504835991,-0.002641971555978,-0.0035594309415751,0.0042271544895648,0.0107301588979029,0.0010303689068313,-0.010901469895638,47,11,0.0119318388024693,0.0068981877326585,-0.0045897998484064,0.0073420389540628,0,1,0,0,TimeStop,1366.33989,0.7218387951164802,0.048298370327166544,False,False,True,False,NORMAL,LOW,NORMAL / LOW
1787232420,1.0482420236603305,0.0057661872005723,1,-0.0045252391781048,-0.003125318037502,-0.0055198797421996,0.0052904756422898,0.0102471335610134,0.0008982908421327,-0.0110319736482814,46,10,0.0119302644904141,0.006897277571175,-0.0064181705843324,0.0055120939060817,0,1,0,0,TimeStop,1375.3605999999997,0.7454259209670066,0.047981591155076,False,False,True,False,NORMAL,LOW,NORMAL / LOW
1787232480,1.0740940331624789,0.0013432618620804,1,-0.00342826288968,-0.0032888958247881,-0.0058457668366751,0.006201138943261,0.0112319839903126,0.001302150161197,-0.0106329281534962,45,9,0.0119350783146932,0.0071479169978721,-0.0071479169978721,0.0047871613168211,0,1,0,0,TimeStop,1381.8688,0.7555614197013975,0.04775561182074594,False,False,True,False,NORMAL,LOW,NORMAL / LOW
1787232540,1.0982790827706204,0.0135335993776527,1,-0.0040567015545223,-0.0037918501068645,-0.007152239696952,0.0062408227792256,0.0100483749918537,0.0003504487675723,-0.011573285687864,44,8,0.0119237344554363,0.0086998003331347,-0.0075026884645243,0.004421045990912,0,1,0,0,TimeStop,1389.55431,0.7629227334039715,0.0474914794802083,False,False,True,False,NORMAL,LOW,NORMAL / LOW
1787232600,1.3023182018779162,0.0166324340069863,1,-0.0009213154739014,-0.0009340088437917,-0.0033733676640167,0.0114626709612103,0.0136152433144647,0.0041723525291957,-0.0077969373269743,43,7,0.0119692898561701,0.0087330384844841,-0.0075457201932125,0.0044235696629576,0,0,0,0,TimeStop,1419.32608,0.774311219679749,0.06747128890917019,False,False,True,False,NORMAL,LOW,NORMAL / LOW
1787232660,1.5138843929015928,0.0409601453643204,1,0.0016277757842342,0.0022007137041661,0.0002150789653052,0.0161875589264623,0.0154052756157229,0.0067330344229828,-0.0052667776276481,42,6,0.011999812050631,0.008755308101317,-0.0065179554576776,0.0054818565929534,0,0,0,0,TimeStop,1476.51675,0.798945253802548,0.06849736719884823,False,False,True,False,HIGH,LOW,HIGH / LOW
1787232720,1.601596778112719,0.030756527996986,1,-0.0017030098280099,0.0012285012285012,-0.0007259325441143,0.014345404288586,0.0132904288586107,0.0049990227831136,-0.0069801206164842,41,5,0.0119791433995978,0.0087402278311369,-0.005724955327228,0.0062541880723698,0,0,0,0,TimeStop,1526.5560600000001,0.8212661913707765,0.06625207724110702,False,False,True,False,HIGH,LOW,HIGH / LOW
1787232780,1.5862210973308637,0.0356141540967431,1,-0.0016753702423025,0.0016755098681248,0.0001333426603381,0.0115920150226214,0.0127062290849243,0.0051675516849414,-0.0068136005045519,40,4,0.0119811521894934,0.0087416934852965,-0.0050342090246033,0.00694694316489,0,0,0,0,TimeStop,1548.6331500000001,0.8309624512211881,0.06530759721887652,False,False,True,False,HIGH,LOW,HIGH / LOW
1787232840,1.5915240879717052,0.040519836212674,1,0.0014687076072173,0.0030565449632304,0.0007459591664607,0.0139290920719152,0.0130732315174808,0.0065917062763758,-0.005406421205319,39,3,0.0119981274816949,0.0087540790053952,-0.0058457471099151,0.0061523803717798,0,0,0,0,TimeStop,1581.65512,0.8459378600202488,0.06394409800285666,False,False,True,False,HIGH,LOW,HIGH / LOW
1787232900,1.6570677701830925,0.0382731917353346,1,0.0004592378244362,0.0025471776776895,0.000376412997827,0.010563866670745,0.0124459316598807,0.0054918586547543,-0.0064931591302359,38,2,0.0119850177849903,0.0087445139027687,-0.0051154456569272,0.006869572128063,0,0,0,0,TimeStop,1645.00907,0.877314701913514,0.06148143000816403,False,False,True,False,HIGH,LOW,HIGH / LOW
1787232960,1.7805884115466175,0.0665770960065876,1,0.0070153211549793,0.0076149788141538,0.005592642478323,0.0145030445884895,0.0177145943822431,0.010047001711704,-0.0019923113617869,37,1,0.0120393130734909,0.0087841288548419,-0.0044543592333809,0.00758495384011,1,0,0,0,TimeStop,1722.75715,0.9106925299628625,0.058706771293911046,False,False,True,False,HIGH,LOW,HIGH / LOW
1787233020,1.8520987350337377,0.0718034841892865,1,0.0087132705514313,0.0088562077278744,0.0046322597131987,0.0148539527464858,0.0191504926277833,0.0108114141934649,-0.0001614712700487,36,1,0.0109728854635136,0.0087907767610548,-0.0061791544802661,0.0047937309832475,1,0,0,0,TimeStop,1787.75444,0.9370333288981056,0.05657237243387857,False,False,True,False,HIGH,LOW,HIGH / LOW
1787233080,2.110091630926693,0.0611112586200283,1,0.0067605466280651,0.0075739161279853,0.0032440805593469,0.0124656344723919,0.0173316851812606,0.0097351871444138,-1.4026030341335105e-07,35,1,0.0097353274047172,0.0087814170807034,-0.0064911065850668,0.0032442208196503,0,0,0,0,TimeStop,1937.92761,0.9988367240811696,0.08459343329134983,False,False,True,False,HIGH,LOW,HIGH / LOW
1787233140,1.9964476959334416,0.0463794048233312,1,0.005120149870893,0.0067413602111664,0.0024267719939696,0.0122390733267048,0.0151479214337819,0.0085644513067399,-0.0010119255347214,34,1,0.0095763768414614,0.0087712354808019,-0.0061376793127703,0.0034386975286911,0,0,0,0,TimeStop,1947.87013,1.0034741013215596,0.08416164274771235,False,False,True,False,HIGH,LOW,HIGH / LOW
1787233200,2.009888428320027,0.0500610088175771,1,0.0048398073206934,0.0066660598762147,0.0016051474500798,0.0115663595373456,0.0145159212479345,0.0080669056487522,-0.0007000028005713,33,49,0.004944828745064,0.0087669084493236,-0.0064617581986724,0.0023051502506512,0,0,0,0,TimeStop,1974.4079800000002,1.0141261502985561,0.08303043325422539,False,False,False,False,HIGH,LOW,HIGH / LOW
1787233260,2.0860638964968237,0.0408921659493921,1,0.0029120051768982,0.0055860274088677,0.0009266233701769,0.0104906853167739,0.0124762069489622,0.0066047957618341,-0.0021493970795773,32,48,0.0049376567181313,0.0087541928414115,-0.0056781723916572,0.0030760204497542,0,0,0,0,TimeStop,1985.53941,1.0168724301074412,0.08256494390106313,False,False,False,False,HIGH,LOW,HIGH / LOW
1787233320,2.1413941393391505,0.0355712102926641,1,0.0014062849162011,0.0051955307262569,-0.0017318435754189,0.0098822625698325,0.0118990223463687,0.0054481843575418,-0.0032959497206704,31,47,0.0049319832402235,0.0087441340782123,-0.0071800279329608,0.0015641061452514,0,0,0,0,TimeStop,1991.1041300000004,1.018555466695516,0.0823341921348935,False,False,False,False,HIGH,LOW,HIGH / LOW
1787233380,2.1826481298394813,0.0277684307271477,1,0.0001398464954424,0.0029402655883133,-0.0016247036461554,0.0091836719028152,0.0116678313562918,0.0047466859381277,-0.0039913473819048,30,46,0.0049285422091476,0.0087380333200325,-0.0063713895842831,0.0023666437357493,0,0,0,0,TimeStop,2018.1030800000003,1.034018983044984,0.08123269402076329,False,False,False,False,HIGH,LOW,HIGH / LOW
1787233440,2.1178364844342212,0.0295266851818609,1,0.0002659302473055,0.0020800042638134,-0.0017430569672537,0.0080143228412735,0.011559315350998,0.0044251016387917,-0.0043101349421601,29,45,0.0049269647550338,0.0087352365809518,-0.0061681586060454,0.0025670779749063,0,0,0,0,TimeStop,2030.6185300000004,1.0386158049616085,0.08073202700459942,False,False,False,False,HIGH,LOW,HIGH / LOW
1787233500,2.179804891218368,0.0353566731219855,1,-1.2705075272733184e-05,0.0012437012146052,-0.0019394087979435,0.0086684913574773,0.0118402924568711,0.0050983652058529,-0.0036427265817539,28,44,0.0049302672868605,0.0087410917876069,-0.0070377740037964,0.0017033177838104,0,0,0,0,TimeStop,2024.4161700000002,1.03413043644197,0.08097937194406028,False,False,False,False,HIGH,LOW,HIGH / LOW
1787233560,2.2598854324509694,0.0332330651370712,1,0.0005720068210801,0.0008751131936855,-0.0013546942116036,0.008865337838649,0.0119021258213958,0.0050969619275497,-0.0036441176560929,27,43,0.0049302604034177,0.0087410795836427,-0.0064516561391534,0.0022894234444892,0,0,0,0,TimeStop,2053.5242100000005,1.051565018122634,0.07983151559727653,False,False,False,False,HIGH,LOW,HIGH / LOW
1787233620,2.3237629944381086,0.0440663216733351,1,0.002936511965248,0.0018176476272344,-0.0009510556633958,0.0121025014539924,0.0139279801527087,0.0067134657092063,-0.0020416722078489,26,42,0.004938189772313,0.0087551379170552,-0.0076645213726021,0.001090616544453,0,0,0,0,TimeStop,2067.56206,1.0570567348573223,0.07928949421716511,False,False,False,False,HIGH,LOW,HIGH / LOW
1787233680,2.4791798144919586,0.0392082291789613,1,0.0033565034965035,0.0022486713286713,-0.000223916083916,0.0112737062937063,0.0142377622377622,0.0068544055944055,-0.0019019580419581,25,41,0.0049388811188811,0.0087563636363636,-0.0070783216783215,0.0016780419580421,0,0,0,0,TimeStop,2048.54605,1.0486400040603494,0.08002551370519594,False,False,False,False,HIGH,LOW,HIGH / LOW
1787233740,2.3258571553800245,0.0256881312962239,1,0.0015855087073133,-0.0007496122093664,-0.0008336626005078,0.0101762405460762,0.0127094802418752,0.0051154855166655,-0.0036257551620483,24,40,0.0049303512664104,0.0087412406787139,-0.0059491481171733,0.0027920925615405,0,0,0,0,TimeStop,2069.6458199999997,1.0610913266740678,0.07920966399941803,False,False,False,False,HIGH,LOW,HIGH / LOW
1787233800,2.3397578925170155,0.0177216775507751,1,0.0020869814324405,2.9038205762795917e-05,0.0010361613614004,0.009999054862245,0.0125678192181825,0.0050303107213661,-0.003710189213228,23,39,0.0049299334620229,0.0087404999345942,-0.0039941493599657,0.0047463505746285,0,0,0,0,TimeStop,2059.2826600000003,1.0598696592527799,0.07960827971037253,False,False,False,False,HIGH,LOW,HIGH / LOW
1787233860,2.449898172873328,0.0024842788389388,1,0.0005954801745089,-0.0022294978363336,-0.0009280518115122,0.0101443405488979,0.0107775781233346,0.0030105605079053,-0.0057123741588354,22,38,0.005210660516251,0.0087229346667408,-0.0039386123194176,0.0047843223473232,0,0,0,0,TimeStop,2078.94162,1.0704896430584918,0.07885548512901483,False,False,False,False,HIGH,LOW,HIGH / LOW
1787233920,2.454228212865006,0.0098196221237007,1,0.000141702484359,-0.0037118255873484,-0.0014718684377343,0.009960237002277,0.0107718943562044,0.0020800198661871,-0.0066348221188392,21,37,0.005372862665794,0.0087148419850263,-0.0035518883039214,0.0051629536811048,0,0,0,0,TimeStop,2091.74482,1.078923932428721,0.07837282465458668,False,False,False,False,HIGH,LOW,HIGH / LOW
1787233980,2.35605287445113,0.0061947604561999,1,0.0008079076028996,-0.0019505974044138,-0.0001717796300009,0.0097067333017453,0.0103094248503128,0.0029546653633891,-0.00576778319711,20,36,0.0056561891309052,0.0087224485604992,-0.00312644499339,0.0055960035671091,0,0,0,0,TimeStop,2101.7823799999996,1.0974301146396708,0.0779985366515443,False,False,False,False,HIGH,LOW,HIGH / LOW
1787234040,2.3769161757532364,0.0039090084321949,1,0.0016129517853977,-0.0011610688189045,7.331599024527629e-05,0.0103945626854504,0.0104225788718368,0.0034267559319046,-0.0052997982834581,19,35,0.0056588514980436,0.0087265542153628,-0.0033534399416593,0.0053731142737034,0,0,0,0,TimeStop,2104.5876000000003,1.1066248689758047,0.07789457183915745,False,False,False,False,HIGH,LOW,HIGH / LOW
1787234100,2.1495505390735565,0.0038465540862144,1,0.0018174564166509,-0.0016782416520264,-0.0002736914892119,0.0102616192419051,0.0101841383518838,0.0032115550205594,-0.0055131276457251,18,34,0.0057133795143593,0.0087246826662846,-0.0034852465097714,0.0052394361565132,0,0,0,0,TimeStop,2113.55666,1.1135814473020804,0.0775640195044499,False,False,False,False,HIGH,LOW,HIGH / LOW
1787234160,2.0702096580087774,0.0035892761573978,1,0.0026662580746531,-0.0009198897080404,-0.0002867858638132,0.0110227826761261,0.0106796713436788,0.0036820683827437,-0.0050467062218313,17,33,0.0057160591300309,0.008728774604575,-0.0039688542465569,0.0047599203580181,0,0,0,0,TimeStop,2126.5203900000006,1.1229932459231466,0.07709117240112612,False,False,False,False,HIGH,LOW,HIGH / LOW
1787234220,2.030180124043235,0.0006926392147479,1,0.0037839245340595,-0.0024020689340645,1.366792983437015e-05,0.0110922224039962,0.0106738163886566,0.0040362233613092,-0.0046956312414846,16,32,0.0057180760743028,0.0087318546027939,-0.0040225554314749,0.004709299171319,0,0,0,0,TimeStop,2132.87458,1.1355786679161926,0.07686150490855397,False,False,False,False,HIGH,LOW,HIGH / LOW
1787234280,1.9866599179918911,0.0118808546423984,1,0.0028000275188352,-0.0025653080427982,0.0010604240775295,0.0117775590597881,0.0111250333344915,0.0046061952824176,-0.0041306162251442,15,31,0.0057213221153612,0.0087368115075619,-0.0035457712048881,0.0051910403026737,0,0,0,0,TimeStop,2137.3047300000003,1.1449138715295941,0.07670218836787021,False,False,False,False,HIGH,LOW,HIGH / LOW
1787234340,1.9586857124841863,0.0086646706845343,1,0.0018135917276112,-0.0033731801837276,0.0018811027563888,0.0108636962092975,0.0103131465593296,0.0041580656360632,-0.0045748485988464,14,30,0.0064998893181791,0.0087329142349096,-0.0022769628796744,0.0064559513552352,0,0,0,0,TimeStop,2151.9086,1.1573566921569933,0.07618165102365405,False,False,False,False,HIGH,LOW,HIGH / LOW
1787234400,1.711475259224915,0.0119938143147167,1,0.0012564222528172,-0.0024416393329553,0.0032112136698294,0.0101919733340817,0.0107783688737897,0.0051111352184833,-0.0036300676267637,13,29,0.0068887514117124,0.008741202845247,-0.0018999215486538,0.0068412812965931,0,0,0,0,TimeStop,2176.9055799999996,1.172142171865892,0.07530687206011022,False,False,True,False,HIGH,LOW,HIGH / LOW
1787234460,1.4685750570513902,0.0086115879208337,1,0.00030293309281,-0.0019812745208711,0.0039855725149403,0.0099900943250766,0.0096559051231972,0.0045223682809655,-0.0042137142039063,12,28,0.008400218848578,0.0087360824848718,-0.0005367957660251,0.0081992867188467,0,0,0,0,TimeStop,2194.98787,1.1836902644997072,0.07468649473675679,False,False,True,False,HIGH,LOW,HIGH / LOW
1787234520,1.3324819562989394,0.0104045889439303,1,-0.0011155883993306,-0.0019520356943669,0.0057420524261016,0.0108197155605131,0.0092861126603457,0.0066926938092582,-0.0049636084774122,60,27,0.0116563022866704,0.0,-0.0009506413831566,0.0107056609035138,0,0,0,0,TimeStop,2192.0186799999997,1.188562227517433,0.07478766102485952,False,False,True,False,NORMAL,LOW,NORMAL / LOW
1787234580,1.293762835564476,0.0079067980234424,1,-0.0011041261645005,-0.0015395876135473,0.0083459727273448,0.0094410383943458,0.0090886547377549,0.0084333716801465,-0.0052408705381755,60,26,0.013674242218322,0.0,-8.739895280169586e-05,0.0135868432655204,0,0,0,0,TimeStop,2178.68847,1.1884310655549943,0.07524524605392527,False,False,True,False,NORMAL,LOW,NORMAL / LOW
1787234640,1.2447239479627972,0.0027767457894601,1,-0.0023314244229567,-0.002303544908183,0.008269203479475,0.0082639063716679,0.0091826757810377,0.0115246944196084,-0.0052030144446554,60,25,0.0167277088642638,0.0,-0.0032554909401333,0.0134722179241304,1,0,0,0,TimeStop,2180.3825500000003,1.192638997700003,0.07518678316334901,False,False,True,False,NORMAL,LOW,NORMAL / LOW
1787234700,1.127950176612362,0.0012852137644056,1,-0.0020536572820615,-0.0021652494049116,0.0052208674204777,0.0090658499404982,0.008913298911134,0.0109328237711004,-0.0057850972551124,59,24,0.0167179210262128,0.0057120956666312,-0.0057119563506227,0.0110059646755901,1,0,0,0,TimeStop,2183.06864,1.1984976543899828,0.07509427188693435,False,False,True,False,NORMAL,LOW,NORMAL / LOW
1787234760,0.99020763820808,0.0067494948477859,1,-0.0028232967935752,-0.0020070526722526,0.0053366380405684,0.0087897322003571,0.009026306537124,0.0104050935192694,-0.006304100366558,58,23,0.0167091938858274,0.0063217842634203,-0.0050684554787009,0.0116407384071264,1,0,0,0,TimeStop,2195.58009,1.2134385637726761,0.07466634933822888,True,False,True,False,NORMAL,LOW,NORMAL / LOW
1787234820,0.8955299060686296,0.0018810855444264,1,-0.0038529820945725,-0.0041868682398146,0.0044419800798432,0.0083719271757991,0.0079690091305822,0.0099257016341075,-0.0067755644888772,57,22,0.0167012661229847,0.0063187848604135,-0.0054837215542642,0.0112175445687204,0,0,0,0,TimeStop,2200.58468,1.217734752891616,0.07449654243707632,False,False,True,False,NORMAL,LOW,NORMAL / LOW
1787234880,0.6852902666111721,0.0005397312268941,1,-0.0027562781892087,-0.0042972882677208,0.0030903725151734,0.008463722924439,0.0081854501921041,0.0101343337602315,-0.0065703825380033,56,21,0.0167047162982348,0.0077399910908179,-0.0070439612450581,0.0096607550531767,1,0,0,0,TimeStop,2215.85018,1.2283490651338478,0.07398331867364787,False,False,True,False,NORMAL,LOW,NORMAL / LOW
1787234940,0.6908355831805472,0.0014151787641453,1,-0.0027695534481233,-0.0042856967913703,0.0043701666407829,0.0087676085541933,0.0084905418817376,0.0097975284149892,-0.0069016180916328,55,20,0.016699146506622,0.007737410374289,-0.0054273617742063,0.0112717847324157,0,0,0,0,TimeStop,2194.3839199999998,1.2282755503134168,0.07470705035060593,False,False,True,False,NORMAL,LOW,NORMAL / LOW
1787235000,0.6988865359883687,0.0006589173941844,1,-0.0034893563156515,-0.0050273994801783,0.0044355234138798,0.0080115398445264,0.008391286415853,0.0093748717659814,-0.0073172852154089,54,19,0.0166921569813903,0.0077341718360189,-0.0049393483521015,0.0117528086292888,0,0,0,0,TimeStop,2239.8700599999997,1.2557164062902342,0.07318993763415009,False,False,True,False,NORMAL,LOW,NORMAL / LOW
1787235060,0.6829697543746325,0.0027366593488073,1,-0.0035766116131002,-0.0046335210630331,0.0048217930529304,0.0072284485929172,0.0078252457721189,0.0089933942116513,-0.0076924542282843,53,18,0.0166858484399357,0.0077312488259071,-0.0041716011587208,0.0125142472812148,0,0,0,0,TimeStop,2258.7986300000002,1.2713923258379454,0.07257661122275427,False,False,True,False,NORMAL,LOW,NORMAL / LOW
1787235120,0.6706006615677527,0.0051642707554432,1,-0.0061626743733673,-0.006891568943478,0.0038848441060413,0.0052940032234758,0.006891568943478,0.0082255599399765,-0.0084475907297283,52,17,0.0166731506697048,0.0077253654198854,-0.0043407158339352,0.0123324348357696,0,0,0,0,TimeStop,2267.4661,1.285037348723783,0.07229918453907645,False,False,True,False,NORMAL,LOW,NORMAL / LOW
1787235180,0.6510189167976409,0.0135565119783092,1,-0.0053503544220163,-0.0045515863617172,0.0058731717743756,0.0072960643556572,0.0087019796367024,0.0097876919026347,-0.0069112919363669,51,16,0.0166989838390017,0.0077373350036027,-0.0039145201282591,0.0127844637107425,0,0,0,0,TimeStop,2285.02258,1.2954241179769692,0.07174368928993254,True,False,True,False,NORMAL,LOW,NORMAL / LOW
1787235240,0.645962011215566,0.0288455899507227,1,-0.0051773822537129,-0.0038151257532335,0.005916570700263,0.0067800942914296,0.0092255841906959,0.0103310948830309,-0.0063768752782051,50,15,0.016707970161236,0.0077414987411239,-0.0044145241827678,0.0122934459784681,1,0,0,0,TimeStop,2270.32088,1.2920694050810835,0.07220827304376462,True,False,True,False,NORMAL,LOW,NORMAL / LOW
1787235300,0.6421097038356368,0.057021255880118,1,-0.0036934210893269,-0.0031791560922554,0.0073625791337814,0.0088687006721141,0.0109275734166272,0.0118527763058816,-0.0048803580890761,49,14,0.0167331343949577,0.0077531583791169,-0.0044901971721002,0.0122429372228575,1,0,0,0,TimeStop,2278.8677100000004,1.3514235443460663,0.07193745792290855,True,False,True,False,NORMAL,LOW,NORMAL / LOW
1787235360,0.6081090236676634,0.0503367766754692,1,-0.0022835158611588,-0.0022278577775544,0.0070346795893856,0.0086367675347376,0.0122064175583817,0.0122239937953093,-0.0045152794691418,48,13,0.0167392732644512,0.0077560027731395,-0.0051893142059236,0.0115499590585275,1,0,0,0,TimeStop,2289.2825700000008,1.3633280938875405,0.07161018571857643,True,False,True,False,NORMAL,LOW,NORMAL / LOW
1787235420,0.5914758821099408,0.0632138414308325,1,-0.0008373814680879,-0.0027636798944277,0.0074676168994439,0.0087381363397733,0.0125910123661378,0.0128981034196122,-0.0038523176789947,47,12,0.016750421098607,0.007761168029197,-0.0054304865201683,0.0113199345784387,1,0,0,0,TimeStop,2300.490260000001,1.3743829062581432,0.07126131018698594,False,False,True,False,NORMAL,LOW,NORMAL / LOW
1787235480,0.5934852837477832,0.0667558384407472,1,-0.0004359427848818,-0.0024670398508081,0.0082223497985927,0.0093108112973372,0.0124859093077133,0.0126042446091152,-0.0041413169100308,46,11,0.0167455615191461,0.0077589163835503,-0.0043818948105225,0.0123636667086236,1,0,0,0,TimeStop,2326.0815700000007,1.3900103254993181,0.07047730058752838,False,False,True,False,NORMAL,LOW,NORMAL / LOW
1787235540,0.5893045262929959,0.0750486833185284,1,2.794466564976029e-05,-8.411344360563207e-05,0.0094170728773128,0.0108873814604749,0.0134413841775346,0.0138884988279308,-0.0028783005619253,45,10,0.0167667993898561,0.0077687567739615,-0.0044714259506179,0.0122953734392381,1,0,0,0,TimeStop,2300.290030000001,1.3761884613043267,0.07126751316658966,False,False,True,False,NORMAL,LOW,NORMAL / LOW
1787235600,0.6037001585937323,0.0626593332169303,1,-0.000111821766435,0.0010070939114374,0.0088529055161913,0.0097465024287379,0.0124901143834758,0.0130132057178474,-0.0037391188416885,44,9,0.016752324559536,0.0077620499819562,-0.004160300201656,0.0125920243578799,1,0,0,0,TimeStop,2313.6362000000004,1.3867589649326149,0.07085640776194631,True,False,True,False,NORMAL,LOW,NORMAL / LOW
1787235660,0.5639720104703274,0.0598380047700875,1,0.00081855514544,0.0013043540794192,0.0080903186653891,0.0101932597248106,0.0133031269448886,0.0132658437269029,-0.0034906587386069,43,8,0.0167565024655098,0.0077639857798733,-0.0051755250615138,0.011580977403996,1,0,0,0,TimeStop,2308.9420200000004,1.385911997246186,0.0710004619345097,True,False,True,False,NORMAL,LOW,NORMAL / LOW
1787235720,0.5528424597024865,0.053650755113147,1,-0.0003351775784503,0.0022483024561991,0.0075439405370664,0.0102552602900493,0.0142881493279683,0.0138319780926033,-0.0029338866068684,42,7,0.0167658646994718,0.007768323692961,-0.0062880375555368,0.0104778271439349,1,0,0,0,TimeStop,2307.8098200000004,1.4062552551829437,0.07103529440740483,True,False,True,False,NORMAL,LOW,NORMAL / LOW
1787235780,0.5515129786341012,0.0609417502069489,1,-0.0015452692704988,0.0017822943130739,0.0048380747647895,0.0090338926268181,0.0135405790223066,0.0129262402635472,-0.0038246461375248,41,6,0.016750886401072,0.008172757475083,-0.0080881654987576,0.0086627209023144,1,0,0,0,TimeStop,2289.2825500000004,1.3991742587292937,0.0716101863441889,True,False,True,False,NORMAL,LOW,NORMAL / LOW
1787235840,0.5445497773117165,0.0551641091368549,1,-0.0015203540450348,0.001235819680847,0.0058273028514557,0.0088017265751745,0.0134666109598897,0.0126019837306068,-0.004143540400112,40,5,0.0167455241307189,0.0081701412233776,-0.0067746808791511,0.0099708432515677,1,0,0,0,TimeStop,2288.0341499999995,1.400060992306198,0.07164925838191709,True,False,True,False,NORMAL,LOW,NORMAL / LOW
1787235900,0.5676260032873421,0.044596341027794,1,-0.0015434287373392,0.0014069112999587,0.0074894750360139,0.0100157455694648,0.0138234374476543,0.0129092731353783,-0.0038413326781985,39,4,0.0167506058135769,0.0081726205764441,-0.0054197980993644,0.0113308077142124,1,0,0,0,TimeStop,2261.2856799999995,1.3905958840413408,0.07249678864105309,True,False,True,False,NORMAL,LOW,NORMAL / LOW
1787235960,0.5611463623807582,0.0493199589297701,1,-0.0010607031732202,0.0006336867661615,0.0078144002491767,0.009907757478683,0.0134540868749531,0.0126151252281432,-0.0041306162251442,38,3,0.0167457414532875,0.0081702472550589,-0.0048007249789665,0.011945016474321,1,0,0,0,TimeStop,2238.5122199999996,1.3785306638708479,0.0732343332930298,True,False,True,False,NORMAL,LOW,NORMAL / LOW
1787236020,0.5708597920351739,0.0563994613123896,1,-0.0007334143640168,0.0024215536025798,0.0108703584559208,0.0118489898985661,0.0143656105555744,0.0144774541490196,-0.0022990848677576,37,2,0.0167765390167773,0.0081852733862856,-0.0036070956930988,0.0131694433236785,1,0,0,0,TimeStop,2244.7545899999996,1.3796598935578972,0.07303067815533458,True,False,True,False,NORMAL,LOW,NORMAL / LOW
1787236080,0.5874721191403155,0.0515446652478885,1,0.0008030647412887,0.0036350571617006,0.0121177432817479,0.0128968839688971,0.0156950189559655,0.0152194759149132,-0.0015693340074972,36,1,0.0167888099224105,0.008191260361144,-0.0031017326331653,0.0136870772892452,1,0,0,0,TimeStop,2256.88957,1.3906101898660272,0.07263800239902744,True,False,True,False,NORMAL,LOW,NORMAL / LOW
1787236140,0.6016711508706813,0.0552213244226411,1,0.0013693461288259,0.0052720665705997,0.0134895429205477,0.0133893332079312,0.0162328537822727,0.0155891883237209,-0.000478095500416,35,1,0.0160672838241369,0.0081942433718832,-0.0020996454031731,0.0139676384209637,1,0,0,0,TimeStop,2281.72392,1.4031502187839364,0.07184740825261629,False,False,True,False,NORMAL,LOW,NORMAL / LOW
1787236200,0.6106622883700468,0.0437131673934175,1,0.0005161714355372,0.0056666890135679,0.0148862554379598,0.0122168037595417,0.0161917996762171,0.0156038289059641,-0.0004636865417396,34,17,0.0160675154477037,0.0081943614988733,-0.0007175734680042,0.0153499419796994,1,0,0,0,TimeStop,2213.14089,1.3646610311316125,0.07407388781289924,False,False,True,False,NORMAL,LOW,NORMAL / LOW
1787236260,0.6418407541921014,0.039246502550063,1,5.57854706113366e-05,0.0059786924668642,0.0159690453554051,0.0106512499300934,0.0154717297690286,0.0164420334433197,-0.001509982663162,60,16,0.0179520161064817,0.0,-0.0004729880879145,0.0174790280185671,1,0,0,0,TimeStop,2143.94168,1.3212979923611212,0.07646474320141022,False,False,True,False,NORMAL,LOW,NORMAL / LOW
1787236320,0.6729182172223965,0.029784885534517,1,-0.0019279128248114,0.0077091366303437,0.0150822855546241,0.0102993853031572,0.0147538418552668,0.0174629784856105,-0.002291142777312,60,15,0.0197541212629226,0.0,-0.0023806929309863,0.0173734283319362,1,0,0,0,TimeStop,2094.89377,1.2917768709314936,0.0782550181530207,False,False,True,False,NORMAL,LOW,NORMAL / LOW
1787236380,0.6878382050765312,0.0211392778359034,1,-0.002031982894208,0.0099008034953177,0.0114571446361377,0.0106725521342172,0.014169293841619,0.0167592867411965,-0.0029811722928835,59,14,0.01974045903408,0.0054156427641444,-0.0053021421050588,0.0144383169290212,1,0,0,0,TimeStop,2074.1115400000003,1.280332273419976,0.07903911956441839,False,False,True,False,NORMAL,LOW,NORMAL / LOW
1787236440,0.6907607993787234,0.0296134383235649,1,-0.0001120549779165,0.0105971594202818,0.013173306156974,0.011680404113284,0.0142035971883422,0.0175765637991724,-0.0021797627312687,58,13,0.0197563265304411,0.0061382934473965,-0.0044032576421983,0.0153530688882428,1,0,0,0,TimeStop,2044.20748,1.2617725340017736,0.08019535766496656,False,False,True,False,NORMAL,LOW,NORMAL / LOW
1787236500,0.7099474794681664,0.0181006954213189,1,0.0011190408109926,0.0074021443139602,0.0101836204258246,0.0097196687583352,0.013864378117677,0.0168402029268467,-0.0029018271011439,57,12,0.0197420300279906,0.0071791738616638,-0.006656582501022,0.0130854475269686,1,0,0,0,TimeStop,1978.69394,1.2206206781391553,0.08285058476501929,False,False,True,False,NORMAL,LOW,NORMAL / LOW
1787236560,0.7345914588528027,0.0208850170180047,1,0.0004854016059969,0.0073584595286817,0.0088608465632827,0.0091647283390405,0.0139725621824012,0.0161482887256373,-0.0035803077354096,56,11,0.0197285964610469,0.0078691148543355,-0.0072874421623545,0.0124411542986923,1,0,0,0,TimeStop,1894.84797,1.1726071679225822,0.08651667711367894,True,False,True,False,NORMAL,LOW,NORMAL / LOW
1787236620,0.7741785365243415,0.0326830491837261,1,0.0025843462495673,0.0086651280691645,0.0101745618204666,0.0119362666755743,0.015883016648076,0.0178894454382327,-0.0018729557130739,55,10,0.0197624011513066,0.0079127871540479,-0.007714883617766,0.0120475175335405,1,0,0,0,TimeStop,1844.5263300000001,1.140127733773411,0.08887699098337078,True,False,True,False,NORMAL,LOW,NORMAL / LOW
1787236680,0.8984570981858292,0.0314103854409808,1,0.0033327135233678,0.0074195447053082,0.009191735183629,0.0123129210804824,0.0159719435795842,0.0182126265076411,-0.001556049228756,54,9,0.0197686757363971,0.0091359522867492,-0.009020891324012,0.0107477844123851,1,0,0,0,TimeStop,1710.5707100000004,1.0536170643036138,0.03879561342424715,True,False,True,False,NORMAL,LOW,NORMAL / LOW
1787236740,0.8930250754547672,0.0291176762349866,1,0.002760370466286,0.0086931195065293,0.0097885467615925,0.0125504545715639,0.0161098244786761,0.0178612782118288,-0.0019005760706306,53,8,0.0197618542824595,0.009154602129165,-0.0080727314502363,0.0116891228322231,1,0,0,0,TimeStop,1697.2362500000002,1.048717381219058,0.03910041398184843,True,False,True,False,NORMAL,LOW,NORMAL / LOW
1787236800,0.821827235316393,0.0292498613262663,1,0.002954900715979,0.0095107371691586,0.0099452484970003,0.0136406918460481,0.0167689497198533,0.0181936939096973,-0.0015746142488679,52,7,0.0197683081585653,0.0091575918621676,-0.0082484454126969,0.0115198627458683,1,0,0,0,TimeStop,1678.6970000000001,1.0358022139511298,0.039532232439803014,True,False,True,False,NORMAL,LOW,NORMAL / LOW
1787236860,0.8187153965517653,0.0234798157939605,1,0.0016961890925346,0.009499329459097,0.0095552078676799,0.013047748100134,0.0163143998658919,0.0174061242735806,-0.0023468931604827,51,6,0.0197530174340634,0.009150508493518,-0.0078509164059007,0.0119021010281627,1,0,0,0,TimeStop,1667.1221400000002,1.026880453282949,0.03980670546430389,True,False,True,False,NORMAL,LOW,NORMAL / LOW
1787236920,0.8190651041433485,0.0287010536087238,1,0.0031572835637136,0.0108511948066484,0.0116342548547765,0.0155018467737421,0.0181578431921205,0.0189434215680787,-0.0008394426101068,50,5,0.0197828641781856,0.0091643348816385,-0.0073091667133022,0.0124736974648834,1,0,0,0,TimeStop,1655.69514,1.022478403310898,0.04008143673116054,True,False,True,False,NORMAL,LOW,NORMAL / LOW
1787236980,0.816222319122809,0.0274892971086158,1,0.0028297199720746,0.0104724242796181,0.0108259645330206,0.0160681179384563,0.017005020579146,0.0181232366673106,-0.0016437035585245,49,4,0.0197669402258351,0.0091569581726512,-0.0072972721342899,0.0124696680915452,1,0,0,0,TimeStop,1636.44368,1.0094374998454987,0.04055296299595229,True,False,True,False,NORMAL,LOW,NORMAL / LOW
1787237040,0.8074795740596239,0.0241790731927287,1,0.0038973835746632,0.0097689662883658,0.0097744171744842,0.0151351540224744,0.0163741823670821,0.0179180410353888,-0.0018449153016156,48,3,0.0197629563370045,0.0091551126516464,-0.0081436238609046,0.0116193324760999,1,0,0,0,TimeStop,1610.4521,0.9936934270224163,0.041207459694082176,True,False,True,False,NORMAL,LOW,NORMAL / LOW
1787237100,0.7976600502035991,0.0342660477794689,1,0.0051478603995383,0.0105753559332798,0.0106285131874055,0.0155771737714834,0.0172773665784397,0.0188007415716726,-0.0009793524635099,47,2,0.0197800940351825,0.0091630516236673,-0.008172228384267,0.0116078656509155,1,0,0,0,TimeStop,1601.8939,0.9882495423436821,0.0414276126527481,True,False,True,False,NORMAL,LOW,NORMAL / LOW
1787237160,0.80501996139753,0.0303709029816273,1,0.0059225766025298,0.0092832190587208,0.0102338958497225,0.0164132949912334,0.0149310780297334,0.0182028042448836,-0.0015656807915335,46,1,0.0197684850364172,0.0092271570891339,-0.0079689083951611,0.0117995766412561,1,0,0,0,TimeStop,1562.5983800000001,0.964493046072614,0.04246941558969234,True,False,True,False,NORMAL,LOW,NORMAL / LOW
1787237220,0.8157973587304914,0.0434654577303855,1,0.0096556647350299,0.0102596511855771,0.0130659835950842,0.0171354385375549,0.0169086811679405,0.0194283474706755,0.0,45,1,0.0194283474706755,0.0092382632065171,-0.0063623638755913,0.0130659835950842,1,0,0,0,TimeStop,1552.47551,0.958338903155212,0.042746336140271866,True,False,False,False,NORMAL,LOW,NORMAL / LOW
1787237280,0.7848529489594088,0.0427943731368278,1,0.0119570829776008,0.0107158260192246,0.0115001974568011,0.0151923528611091,0.0161995714005331,0.0188295309201402,-0.0004754910854864,44,1,0.0193050220056267,0.0092328366113866,-0.007329333463339,0.0119756885422876,1,0,0,0,TimeStop,1546.2840600000002,0.9530150009361684,0.042917496025924234,False,False,True,False,NORMAL,LOW,NORMAL / LOW
1787237340,0.7967679338625233,0.0283451791379612,1,0.0107104145534646,0.0095019855656455,0.0110190893492661,0.0140295419525936,0.0155235894477095,0.0176906010970041,-0.0001454642202035,43,1,0.0178360653172076,0.00922251540195,-0.0066715117477379,0.0111645535694697,1,0,0,0,TimeStop,1532.52385,0.9426832281752726,0.04330284321513169,False,False,True,False,NORMAL,LOW,NORMAL / LOW
1787237400,0.7628801347971863,0.0195739984403172,1,0.0062760803129643,0.007837918085172,0.0089536161097868,0.0131932686033231,0.0137677136237466,0.0157035891587064,-0.0004925806778675,42,2,0.0161961698365739,0.0092045087030721,-0.0067499730489195,0.0094461967876543,1,0,0,0,TimeStop,1535.38033,0.9433138524096224,0.04322228095757877,True,False,True,False,NORMAL,LOW,NORMAL / LOW
1787237460,0.7877852073736904,0.0173044439969241,1,0.0068697233479389,0.0067771248155699,0.0110826776594885,0.0124478087338267,0.0137203412757958,0.0156552880176942,-0.000540111620279,41,1,0.0161953996379732,0.0092040709884893,-0.0045726103582056,0.0116227892797675,1,0,0,0,TimeStop,1488.52777,0.9145207854954179,0.044582735597871986,False,False,True,False,NORMAL,LOW,NORMAL / LOW
1787237520,0.8316647815625142,0.0185650140584775,1,0.0060651074818233,0.0052837585934437,0.0114489567981675,0.0123939637766376,0.013845279258693,0.0152656474698794,-0.0009049985697342,40,4,0.0161706460396136,0.009200539988056,-0.0038166906717118,0.0123539553679018,1,0,0,0,TimeStop,1504.94284,0.9205689655264169,0.04409645219482223,False,False,True,False,NORMAL,LOW,NORMAL / LOW
1787237580,0.8301671214368488,0.0125077395836359,1,0.0040732561859653,0.0030503438412344,0.0098802101505902,0.0121829821719797,0.0132142550589641,0.0148304872189604,-0.001333227804711,39,3,0.0161637150236714,0.0091965964789854,-0.0049502770683702,0.0112134379553012,1,0,0,0,TimeStop,1489.3284,0.9115161569385334,0.0445587689055013,False,False,True,False,NORMAL,LOW,NORMAL / LOW
1787237640,0.8327077317532224,0.0158679148842404,1,0.0059164175360107,0.0045858159290308,0.0103204900382581,0.0125504707349877,0.0129271980989415,0.015059338392602,-0.0011080216586875,38,2,0.0161673600512895,0.0091986703740095,-0.0047388483543438,0.0114285116969456,1,0,0,0,TimeStop,1478.39808,0.9065678710807059,0.04488820764702292,False,False,True,False,NORMAL,LOW,NORMAL / LOW
1787237700,0.7911894054476191,0.014572832325088,1,0.0065365216805855,0.00607401813131,0.0105381949453853,0.0130699767312484,0.012812519209997,0.0151938967373705,-0.0009756064922786,37,1,0.0161695032296491,0.0091998897685934,-0.0046557017919851,0.0115138014376639,1,0,0,0,TimeStop,1466.61718,0.8992411069700036,0.045248781280470204,False,False,True,False,NORMAL,LOW,NORMAL / LOW
1787237760,0.8019576094708202,0.0171341257311101,1,0.007789927177053,0.0071761660415629,0.0113128128947575,0.0140353407036734,0.0134275763254716,0.0156833332821982,-0.0004719308526467,36,2,0.016155264134845,0.0092043251402753,-0.0043705203874407,0.0117847437474042,1,0,0,0,TimeStop,1449.8950599999998,0.8895795716445026,0.04577065046348941,False,False,True,False,NORMAL,LOW,NORMAL / LOW
1787237820,0.7678863061663314,0.0228497104250978,1,0.0076696958383257,0.0084283950429606,0.0110784030553262,0.0145928260806199,0.0128356843013558,0.0157364535581946,-0.0004196554975636,35,1,0.0161561090557583,0.0092048065268214,-0.0046580505028684,0.0114980585528899,1,0,0,0,TimeStop,1442.1659299999997,0.8853618468247054,0.04601595324055396,True,False,True,False,NORMAL,LOW,NORMAL / LOW
1787237880,0.7229876086964747,0.022381342743729,1,0.0076211386193822,0.008451962752314,0.0107057823129252,0.0147065629530501,0.0133245511319282,0.0152503624400579,-2.801940448303169e-05,34,1,0.015278381844541,0.0092004014720642,-0.0045445801271327,0.0107338017174082,1,0,0,0,TimeStop,1439.0424899999998,0.883377422453504,0.04611583081191717,True,False,True,False,NORMAL,LOW,NORMAL / LOW
1787237940,0.681231896873677,0.0153069364860438,1,0.0058487877444157,0.0081743804719265,0.00896572799726,0.0140657706693247,0.0120276748875941,0.0139662257219966,-0.0005268224904755,33,1,0.0144930482124721,0.0091887643687562,-0.0050004977247366,0.0094925504877355,1,0,0,0,TimeStop,1441.04171,0.88307252766857,0.046051852308980006,True,False,True,False,NORMAL,LOW,NORMAL / LOW
1787238000,0.6854062067292512,0.0108534100181882,1,0.0053996986389486,0.0091676163932953,0.0069584147078222,0.0122714097654396,0.0110222101730996,0.0135829580005347,0.0,32,1,0.0135829580005347,0.0091852911201476,-0.0066245432927125,0.0069584147078222,1,0,0,0,TimeStop,1414.19814,0.8688603528151815,0.046925984501719115,False,False,False,False,NORMAL,LOW,NORMAL / LOW
1787238060,0.6947386647181606,0.0168885119682923,1,0.0033408559807271,0.0099309786214681,0.005980685354965,0.0115409493212244,0.0105476429856617,0.0122079252697855,0.0,31,1,0.0122079252697855,0.0091728302990259,-0.0062272399148205,0.005980685354965,1,0,0,0,TimeStop,1420.40425,0.8737672926043734,0.0467209528554987,False,False,False,False,NORMAL,LOW,NORMAL / LOW
1787238120,0.7865721774937979,5.8943507066551705e-05,1,0.000598210332139,0.0073167431516352,0.0050486733871403,0.0092695567642683,0.0074345829621377,0.0096792233996035,-0.0021251370061092,30,21,0.0118043604057127,0.0091499146978407,-0.0046305500124632,0.0071738103932495,0,0,0,0,TimeStop,1505.46321,0.9126291195839809,0.07269622350983922,False,False,True,False,NORMAL,LOW,NORMAL / LOW
1787238180,0.8696077155158997,0.0209661438159592,1,-0.0012265905138228,0.0015410831790938,0.0010860019245568,0.0069849166552965,0.0047030131715058,0.0067912444689035,-0.0049793520013414,29,20,0.0117705964702449,0.0091237432562059,-0.0057052425443466,0.0060653539258982,0,0,0,0,TimeStop,1580.29469,0.9461875856481554,0.06925384910329604,False,False,True,False,NORMAL,LOW,NORMAL / LOW
1787238240,1.167680135270597,0.0231049293898782,1,-0.0011956233659202,0.002549133166147,-5.253664188891025e-06,0.0060229112295274,0.0052392857394676,0.0069062180848541,-0.004865722564778,28,19,0.0117719406496321,0.0091247851700673,-0.006911471749043,0.0048604689005891,0,0,0,0,TimeStop,1810.36308,1.0481597300167087,0.1438795084133068,False,False,True,False,NORMAL,LOW,NORMAL / LOW
1787238300,1.260129168661731,0.0140512571302813,1,0.0015520966887357,0.0027610385063837,0.0038250126361654,0.0086332000120298,0.0079098860894912,0.0093687100689207,-0.0024320200637496,27,18,0.0118007301326703,0.0091471007640462,-0.0055436974327552,0.0062570326999151,0,0,0,0,TimeStop,1856.75813,1.0709677670539515,0.14028437295707438,True,False,True,False,NORMAL,LOW,NORMAL / LOW
1787238360,1.3626448990842963,0.0204944547037635,1,-9.196674626498554e-05,0.0014914125358155,0.0034347640672072,0.0072904422035399,0.0072678660293815,0.0087256220601632,-0.0030675896028268,26,17,0.01179321166299,0.0091412729721228,-0.0052908579929559,0.0065023536700341,0,0,0,0,TimeStop,1895.9264899999998,1.0877558853095146,0.13738620741566834,True,False,True,False,NORMAL,LOW,NORMAL / LOW
1787238420,1.3652349825765584,0.0263498259340052,1,-0.0007766384924484,0.0014964666759041,0.0039125675488429,0.008462657613967,0.0075211306637107,0.0091450741305251,-0.002653041429957,25,16,0.0117981155604822,0.0091450741305251,-0.0052325065816822,0.0065656089788,0,0,0,0,TimeStop,1903.7195,1.0949572980590063,0.13682380728883642,True,False,True,False,NORMAL,LOW,NORMAL / LOW
1787238480,1.4189422703906724,0.0075801838409397,1,-0.00101876266341,0.0017591384717865,0.0053567959144022,0.0090542340892058,0.0086430375530822,0.0107135918288045,-0.0011028615837242,24,15,0.0118164534125288,0.0091592883510505,-0.0053567959144022,0.0064596574981265,1,0,0,0,TimeStop,1958.2272600000001,1.118086559495396,0.13301528138261132,True,False,True,False,NORMAL,LOW,NORMAL / LOW
1787238540,1.470774433997598,0.0187751893389622,1,-0.0013227755147283,0.0010859866433896,0.0043783079779421,0.0067891484468091,0.0077527918641062,0.0090891456757281,-0.0027083160140771,23,14,0.0117974616898052,0.009144567295702,-0.0047108376977859,0.0070866239920193,0,0,0,0,TimeStop,1978.25688,1.1257483860469122,0.13166851718468434,True,False,True,False,HIGH,LOW,HIGH / LOW
1787238600,1.5729697250661665,0.0291995490331582,1,-0.0004595000174492,0.0004304177378639,0.0035602249694359,0.0049018874676425,0.0079112109695034,0.0086011534309057,-0.0031906030446099,22,13,0.0117917564755157,0.0091401450125552,-0.0050409284614698,0.0067508280140459,0,0,0,0,TimeStop,1948.4099099999999,1.1065293629197548,0.13368549844832192,True,False,True,False,HIGH,LOW,HIGH / LOW
1787238660,1.5755819352402056,0.0294266135037203,1,-0.0006090169378943,5.535259603675413e-05,0.0023951068305103,0.0050503708623935,0.00670195394664,0.0078323923392007,-0.003950376397653,21,12,0.0117827687368537,0.0091331783460644,-0.0054372855086903,0.0063454832281634,0,0,0,0,TimeStop,1932.9071999999999,1.0962232691263216,0.13475771107893852,True,False,True,False,HIGH,LOW,HIGH / LOW
1787238720,1.637655101409851,0.0289620973220635,1,0.0007529245027098,0.0007746541253065,0.0014037059386919,0.0062337719856722,0.0062891340814597,0.0080053590508721,-0.0037794318741731,20,11,0.0117847909250452,0.0091347458049371,-0.0066016531121801,0.0051831378128651,0,0,0,0,TimeStop,1966.3850400000001,1.1085256955951952,0.13246345181714766,True,False,True,False,HIGH,LOW,HIGH / LOW
1787238780,1.700168817201713,0.0321182427418674,1,0.0008245401977871,0.0003498762013764,0.0014145844836199,0.0055792042107994,0.0055060193509622,0.0075715202155535,-0.0042081986134721,19,10,0.0117797188290256,0.0091308142707986,-0.0061569357319335,0.005622783097092,0,0,0,0,TimeStop,1985.7814,1.11331853735883,0.13116959903038672,False,False,True,False,HIGH,LOW,HIGH / LOW
1787238840,1.7943393287885752,0.0229426173121282,1,0.0023120699212909,5.398151755879216e-06,0.0008584445433337,0.0061601216383529,0.0062136879134689,0.0080702368750515,-0.0037153125495262,18,9,0.0117855494245778,0.0091353337407323,-0.0072117923317177,0.00457375709286,0,0,0,0,TimeStop,2010.41216,1.1217178346343486,0.12956256193754817,False,False,True,False,HIGH,LOW,HIGH / LOW
1787238900,1.8679326473065827,0.0280722654179324,1,0.0037476814041693,5.26009800393526e-05,0.0014951136458015,0.0058413388333657,0.0057225713573821,0.0081393095429251,-0.0036470474239362,17,8,0.0117863569668614,0.0091359596910384,-0.0066441958971236,0.0051421610697377,0,0,0,0,TimeStop,2038.5105800000001,1.132396524447294,0.12777669763185628,False,False,True,False,HIGH,LOW,HIGH / LOW
1787238960,1.979366022632033,0.0196049213341555,1,0.0065681792996453,0.0009419326241134,0.001590896498227,0.0067043439716312,0.0068150210549646,0.0088375443262411,-0.0029569758421985,16,7,0.0117945201684397,0.0091422872340425,-0.0072466478280141,0.0045478723404256,0,0,0,0,TimeStop,2076.32757,1.1455608302427256,0.12544944919264353,False,False,True,False,HIGH,LOW,HIGH / LOW
1787239020,2.029744425572563,0.0246575578984807,1,0.006714516126574,0.0027778328137857,0.0012611020136205,0.0075732625867389,0.0063321120881658,0.0090755839593698,-0.0027217191777149,15,6,0.0117973031370847,0.0091444443967209,-0.0078144819457492,0.0039828211913355,0,0,0,0,TimeStop,2113.2246499999997,1.1597811994451768,0.12325909126604219,False,False,True,False,HIGH,LOW,HIGH / LOW
1787239080,2.1195900222298176,0.0267309032579081,1,0.0027710726643599,0.0007760553633218,0.0010795847750865,0.0055640138408304,0.0060898269896194,0.0080276816608996,-0.0037573702422145,14,5,0.0117850519031142,0.0091349480968858,-0.0069480968858131,0.004836955017301,0,0,0,0,TimeStop,2121.15622,1.1605906356267046,0.12279819258196835,False,False,True,False,HIGH,LOW,HIGH / LOW
1787239140,2.1696900156843055,0.0323732591115094,1,0.0037492392100713,0.0015028239719316,0.0014565917524765,0.005426195313963,0.006588783371461,0.0081115397972896,-0.0036744925079581,13,4,0.0117860323052478,0.0091357080360594,-0.0066549480448131,0.0051310842604347,0,0,0,0,TimeStop,2154.0902399999995,1.1726822968333785,0.12092072335836779,False,False,True,False,HIGH,LOW,HIGH / LOW
1787239200,2.2722165481892462,0.0322186958805982,1,0.0012070683308886,0.0011070212824841,0.0008857554036475,0.0045028090665042,0.0061077131707857,0.0078045000415132,-0.0039779426009465,12,3,0.0117824426424598,0.0091329255804942,-0.0069187446378657,0.004863698004594,0,0,0,0,TimeStop,2174.1601499999997,1.1793605058374368,0.11980449094331898,False,False,True,False,HIGH,LOW,HIGH / LOW
1787239260,2.304708161530177,0.0229793420443064,1,0.0015835249137144,0.004276569995278,0.0020860641358064,0.00687916355754,0.0068711295787965,0.0088183998059656,-0.0029758965400838,11,2,0.0117942963460495,0.0091421137425777,-0.0067323356701591,0.0050619606758903,0,0,0,0,TimeStop,2167.61694,1.1785028360377614,0.12016613507366299,False,False,True,False,HIGH,LOW,HIGH / LOW
1787239320,2.2703463684469214,0.0086384182534876,1,0.0022748719214521,0.0061327940017154,0.0026910188666686,0.0084041991875358,0.0087321523782847,0.009929424196012,-0.0018778613569219,10,1,0.0118072855529339,0.0091521820674085,-0.0072384053293434,0.0045688802235905,0,0,0,0,TimeStop,2234.68376,1.2071481559574584,0.11655973639867505,False,False,True,False,HIGH,LOW,HIGH / LOW
1787239380,2.3706076389192137,0.002774683296662,1,0.0027807340432167,0.0068090962246226,0.0041756159200184,0.0096327561218311,0.0110773708650699,0.0117443191660882,-3.792478362377178e-05,9,1,0.011782243949712,0.0091686290079585,-0.0075687032460697,0.0042135407036422,1,0,0,0,TimeStop,2277.05464,1.2253747621845543,0.1143908211179333,False,False,True,False,HIGH,LOW,HIGH / LOW
1787239440,2.414555841443536,0.0134815597317112,1,0.0024119526299996,0.0057084959973518,0.0029571912745722,0.0089550938400103,0.010009360623753,0.0104257120671023,-5.313648877136848e-05,8,1,0.0104788485558737,0.0091566795271768,-0.0074685207925301,0.0030103277633436,1,0,0,0,TimeStop,2293.63863,1.2335004855824723,0.11356372647072134,False,False,True,False,HIGH,LOW,HIGH / LOW
1787239500,2.5244931771694588,0.0236136866164384,1,0.0008903268605212,0.0044372250287976,0.0025074907441197,0.0077704780027194,0.0090088442460028,0.0090648187327209,-0.0001349483912462,7,1,0.0091997671239671,0.0091443468400878,-0.0065573279886011,0.0026424391353659,0,0,0,0,TimeStop,2283.2443599999997,1.2263142125196178,0.11408071539044556,False,False,True,False,HIGH,LOW,HIGH / LOW
1787239560,2.5357010510034144,0.0259131787062853,1,0.0006647743927961,0.0041071730970884,0.0020771257376246,0.0078658277299677,0.0092219619526393,0.0084465533711648,-0.0006921906247841,6,20,0.0055386327248176,0.009138743995949,-0.0063694276335402,0.0027693163624088,0,0,0,0,TimeStop,2281.4919999999997,1.2268250658694515,0.11416833808753221,False,False,True,False,HIGH,LOW,HIGH / LOW
1787239620,2.6602804532937885,0.0332100645762737,1,2.1713274140555207e-05,0.0026278593754321,0.0009681077642242,0.0061130473266394,0.0073854175310485,0.0072469781207645,-0.0018808950847785,5,19,0.0055320443669958,0.0091278732055431,-0.0062788703565402,0.0028490028490028,0,0,0,0,TimeStop,2292.8317399999996,1.2287346696564998,0.11360369165161681,False,False,True,False,HIGH,LOW,HIGH / LOW
1787239680,2.7846679275181576,0.0370419920055133,1,-0.0004742729393075,0.0022349300153673,0.0007698122993308,0.0063818808108285,0.0070730392767387,0.0067414214447949,-0.0023818703052196,4,18,0.0055292677272815,0.0091232917500146,-0.0059716091454641,0.0031516826045505,0,0,0,0,TimeStop,2285.33619,1.2228635312358282,0.11397629422741519,False,False,True,False,HIGH,LOW,HIGH / LOW
1787239740,2.9086117265531706,0.043852285743555,1,-0.0023013508853746,0.0007849311990679,-9.88759216278994e-05,0.0054686946541682,0.0057448843793857,0.0057448843793857,-0.0033693765527904,3,17,0.0055237945043492,0.0091142609321762,-0.0058437603010136,0.0032705006311625,0,0,0,0,TimeStop,2282.2669199999996,1.2165761691872965,0.11412957341554074,False,False,True,False,HIGH,LOW,HIGH / LOW
1787239800,3.039927253340118,0.0517962188019538,1,-0.0036812841440001,-0.0021891325579478,-0.0026302964141199,0.0042127769547805,0.0043683358262285,0.0043752311662749,-0.0047266176950423,2,16,0.005516272037162,0.0091018488613173,-0.0070055275803949,0.0020963212809224,0,0,0,0,TimeStop,2323.41747,1.2320510331702812,0.11210819982342649,False,False,True,False,HIGH,LOW,HIGH / LOW
1787239860,3.057803000839358,0.0503634220488845,1,-0.005589533616537,-0.0039114487525625,-0.0052342100870321,0.0024136403501106,0.0033554816498516,0.0022545566939884,-0.0068280741918832,1,15,0.0055046247793161,0.0090826308858716,-0.0074887667810205,0.001593864104851,0,0,0,0,TimeStop,2362.7711199999994,1.2462113298977957,0.11024095723668743,False,False,True,False,HIGH,LOW,HIGH / LOW
1787239920,2.7840128487160336,0.0489235668161854,1,-0.0039104266897183,-0.0022515954191317,-0.0047118350103544,0.0013270099652364,0.003446895310034,0.0,-0.0067381332594912,1,14,0.005505123274161,0.0067381332594912,-0.0047118350103544,0.0020262982491367,0,0,0,0,TimeStop,2508.076409999999,1.296720923413059,0.10385415251363897,False,False,True,False,HIGH,LOW,HIGH / LOW
1787239980,2.472460179037876,0.030191340223492,1,-0.0019895042402223,-0.0004543810155969,-0.0007757051359825,0.0048172393151102,0.0064289668725597,0.0016534113565715,-0.0038676216397441,19,13,0.0055210329963156,0.005025796336546,-0.002429116492554,0.0030919165037616,0,0,0,0,TimeStop,2552.39713,1.3138812119221703,0.1020507925426166,False,False,True,False,HIGH,LOW,HIGH / LOW
1787240040,1.6443159739062758,0.0229304254711565,1,-0.0022380243494954,-0.0025478919145528,-0.0014734912917837,0.0040150396780796,0.0050080776558179,0.0007605338768541,-0.0047555776506468,18,12,0.0055161115275009,0.005021316323484,-0.0022340251686378,0.003282086358863,0,0,0,0,TimeStop,2578.7410099999993,1.3260834553239014,0.1010082629430088,False,False,True,False,HIGH,LOW,HIGH / LOW
1787240100,1.5153534233031671,0.016548626352672,1,-9.992643037492488e-05,0.001061044544936,-0.0004592745893997,0.0056308474410887,0.007712026125164,0.0029959961704543,-0.0025324370453122,17,11,0.0055284332157665,0.0050325327563122,-0.0034552707598541,0.0020731624559124,0,0,0,0,TimeStop,2603.9710599999994,1.3381821872558568,0.10002958711837606,False,False,True,False,HIGH,LOW,HIGH / LOW
1787240160,1.4454625037932096,0.0072172876009991,1,0.0026887873198548,0.0019404575087379,0.0003012127755706,0.0063381916916444,0.0080497662143542,0.003627691605139,-0.0019042234650284,16,10,0.0055319150701675,0.0050357022883734,-0.0033264788295684,0.002205436240599,0,0,0,0,TimeStop,2674.03289,1.362130194335269,0.09740873082529662,False,False,True,True,NORMAL,LOW,NORMAL / LOW
1787240220,1.4264338849602756,0.0085860451817768,1,0.003849165721243,0.0024124906610586,0.0017439608179529,0.0064751376629125,0.009639170978721,0.0040399568333379,-0.0014942306095907,15,9,0.0055341874429286,0.0050377708292979,-0.002295996015385,0.0032381914275436,0,0,0,0,TimeStop,2666.27251,1.3549929415437119,0.09769224601876873,False,False,True,True,NORMAL,LOW,NORMAL / LOW
1787240280,1.3137483099096805,0.0039271226980792,1,0.0040171914404094,0.0035913397786458,0.0030927580835622,0.0082183552317692,0.0088557473904464,0.0053368605783271,-0.0002044752936768,14,8,0.005541335872004,0.0050442780442851,-0.0022441024947648,0.0032972333772391,0,0,0,0,TimeStop,2657.7763299999997,1.3502747121356442,0.09800454126250724,False,False,True,True,NORMAL,LOW,NORMAL / LOW
1787240340,1.2658973778912974,0.0021247081720868,1,0.0032886113924551,0.0032887497962004,0.0027351348149361,0.0078008502972495,0.0067213010837842,0.0043959797587289,-0.0011401700539138,13,7,0.0055361498126428,0.0050395571744487,-0.0016608449437928,0.0038753048688499,0,0,0,0,TimeStop,2668.30761,1.3558479656336226,0.09761773680958771,False,False,True,True,NORMAL,LOW,NORMAL / LOW
1787240400,1.236416986693854,0.0034778878398231,1,0.0035437430786267,0.0031284606866002,0.0036590531561462,0.0080333610188261,0.007392026578073,0.0045681063122923,-0.000968992248062,12,6,0.0055370985603543,0.0050404208194905,-0.0009090531561461,0.0046280454042082,0,0,0,0,TimeStop,2663.9054099999994,1.3534459442883728,0.09777905364890567,False,False,True,True,NORMAL,LOW,NORMAL / LOW
1787240460,1.253305795541622,0.000352616127549,1,0.0034401118060552,0.002339624730171,0.0034594841423589,0.0070347871810483,0.0068634803785907,0.0050759672330769,-0.001356063541263,60,5,0.0064320307743399,0.0,-0.0016164830907179,0.004815547683622,0,0,0,0,TimeStop,2664.38365,1.3622474097289918,0.09776150292770337,False,False,True,True,NORMAL,LOW,NORMAL / LOW
1787240520,1.18397226656296,0.0037145186119785,1,0.0026060895145554,0.000628564892998,0.0038231128497332,0.0057933076716586,0.0061740423582204,0.0046802845123961,-0.0019025670479592,60,4,0.0065828515603553,0.0,-0.0008571716626628,0.0057256798976925,0,0,0,0,TimeStop,2666.3681700000006,1.3621525142812936,0.0976887411613528,False,False,True,True,NORMAL,LOW,NORMAL / LOW
1787240580,1.1329224130415223,0.0081210226383925,1,0.0027104884660066,0.001064335896443,0.0051860098467666,0.0059951872545223,0.0065274935000277,0.0053273496708525,-0.0019085025170105,60,3,0.0072358521878631,0.0,-0.0001413398240858,0.0070945123637772,0,0,0,0,TimeStop,2666.90549,1.362042797991687,0.09766905913115054,False,False,True,True,NORMAL,LOW,NORMAL / LOW
1787240640,1.0807527965515653,0.0077381289408727,1,0.0030934010857701,0.0008530417867288,0.0053088459727375,0.0071235840655172,0.0071511283321989,0.0061714382840947,-0.0010704892387733,59,2,0.007241927522868,0.0015116127458811,-0.0008625923113571,0.0063793352115108,0,0,0,0,TimeStop,2686.1547100000003,1.37154326047429,0.09696915409611682,False,False,True,False,NORMAL,LOW,NORMAL / LOW
1787240700,1.0243705254648785,0.0029531715741056,1,0.0014976649161611,0.0014424367921732,0.0048966168275525,0.0067021197079968,0.0070344573663796,0.0061928859532319,-0.0010491959394179,58,1,0.0072420818926499,0.001594556361754,-0.0012962691256793,0.0059458127669705,0,0,0,0,TimeStop,2687.78942,1.3710998749084515,0.09691017758377812,False,False,True,False,NORMAL,LOW,NORMAL / LOW
1787240760,1.000708353071931,0.0029965898134243,1,0.0016875172986438,0.0006483531691116,0.0061168004428452,0.0063937171325767,0.0066180459451979,0.0063935787434265,-0.0007489620813727,60,31,0.0071425408247992,0.0,-0.0002767783005812,0.006865762524218,0,0,0,0,TimeStop,2759.8273000000004,1.3948119185514618,0.09438059765551271,False,False,False,False,NORMAL,LOW,NORMAL / LOW
1787240820,0.9549375145128108,0.0090609079171756,1,0.0016653434741554,-0.0015125292467916,0.0040169692876562,0.0050222824145088,0.0055341962593397,0.004788087011813,-0.0023430593739922,59,30,0.0071311463858052,0.0009948123300356,-0.0007711177241567,0.0063600286616485,0,0,0,0,TimeStop,2767.66748,1.3954210688686455,0.09411323863226517,False,False,False,True,NORMAL,LOW,NORMAL / LOW
1787240880,0.9224669416640032,0.0091064462546058,1,0.0015381834471156,0.0003032940387991,0.0036501776406876,0.0060844131066726,0.0059183136353558,0.0057523524650142,-0.0013856374713769,58,29,0.0071379899363911,0.0024681192049299,-0.0021021748243266,0.0050358151120645,0,0,0,0,TimeStop,2770.6768700000002,1.3973347335947581,0.09401101688195058,False,False,True,False,NORMAL,LOW,NORMAL / LOW
1787240940,0.8736041141538109,0.0145966672973759,1,-0.0003105626117445,-4.616284482534561e-05,0.0029776417033481,0.006249675201541,0.0051666451055775,0.0051061082012855,-0.00202729523323,57,28,0.0071334034345155,0.0028303075938156,-0.0021284664979373,0.0050049369365782,0,0,0,0,TimeStop,2762.6293600000004,1.3934730686997836,0.09428486997618818,True,False,True,True,NORMAL,LOW,NORMAL / LOW
1787241000,0.8291608282873144,0.0152583564991858,1,0.0011610869985901,-0.0002210212036602,0.0042020291377546,0.0066624277776241,0.0047177452796284,0.0051972465651176,-0.0019368036933623,56,27,0.00713405025848,0.0028305642329914,-0.0009952174273629,0.006138832831117,0,0,0,0,TimeStop,2761.53852,1.3925416276302516,0.09432211360209453,False,False,True,True,NORMAL,LOW,NORMAL / LOW
1787241060,0.8453195246596458,0.0307352360856521,1,-0.0007463231070102,-0.0021811778995121,0.0013501676020187,0.0052674329064353,0.0021984187770535,0.0030328772500551,-0.0040858121232609,55,26,0.0071186893733161,0.0028244695223352,-0.0016827096480364,0.0054359797252796,0,0,0,0,TimeStop,2789.5679200000004,1.401833729255662,0.09337437103879513,False,False,True,False,NORMAL,LOW,NORMAL / LOW
1787241120,0.7953964601571514,0.0380360365945172,1,-0.0014311662640594,-0.0034207960972604,0.0009343101024708,0.0053187728521099,0.0008168839028387,0.0022849870465945,-0.0048283944268864,54,25,0.0071133814734809,0.0028223635165067,-0.0013506769441237,0.0057627045293572,0,0,0,0,TimeStop,2785.31812,1.3941945683870955,0.09351684036723246,False,False,True,False,NORMAL,LOW,NORMAL / LOW
1787241180,0.760864917650758,0.0369360748115715,1,-0.0004241477789365,-0.0026156699561806,0.0022802427438855,0.0054537622349524,0.0018494719677503,0.003411671432005,-0.0037097063059488,53,24,0.0071213777379538,0.0028255361799159,-0.0011314286881194,0.0059899490498344,0,0,0,0,TimeStop,2820.0121000000004,1.4064414592824852,0.09236632353456922,False,False,True,False,NORMAL,LOW,NORMAL / LOW
1787241240,0.7601796301540555,0.03931926376383,1,1.379500810354824e-07,-0.0027356880584479,0.002207201297724,0.0055247627982841,0.001655538923374,0.0032005798317808,-0.0039192997543522,52,23,0.0071198795861331,0.0028249417609244,-0.0009933785340568,0.0061265010520763,0,0,0,0,TimeStop,2854.8613400000004,1.417703556031814,0.09123880951780305,False,False,True,False,NORMAL,LOW,NORMAL / LOW
1787241300,0.7594998703454162,0.0454478519832184,1,-0.0004138159346722,-0.0019212094460383,0.0025053796071508,0.0052968439638048,0.0018206521739131,0.003117413374531,-0.0040018759655704,51,22,0.0071192893401014,0.0028247075700728,-0.0006120337673802,0.0065072555727212,0,0,0,0,TimeStop,2877.52536,1.4276144034332299,0.09052019266999614,False,False,True,False,NORMAL,LOW,NORMAL / LOW
1787241360,0.7762485687124839,0.0563826412165314,1,-0.0010967142562234,-0.0020217437080966,0.0026920728919898,0.0048730904547248,0.0012867396862594,0.0029234681543993,-0.0042849493378137,60,21,0.0072084174922131,0.0,-0.0002313952624095,0.0069770222298035,0,0,0,0,TimeStop,2906.33187,1.4405989528690861,0.08962298926997625,False,False,True,False,NORMAL,LOW,NORMAL / LOW
1787241420,0.7507073384213652,0.052546118851345,1,-0.0019723844112247,-0.00165540144899,0.003475915433139,0.0051035912183305,0.0020650791678053,0.0038385560805346,-0.0040020133521829,60,20,0.0078405694327175,0.0,-0.0003626406473955,0.007477928785322,0,0,0,0,TimeStop,2917.4189400000005,1.4464714769274691,0.08928239493776645,True,False,True,False,NORMAL,LOW,NORMAL / LOW
1787241480,0.7418416526554296,0.0478550093325824,1,-0.0016417027531863,-0.0014618505822921,0.0039584028410022,0.0048275963846953,0.0023673179917408,0.0040826718639897,-0.0041116357872166,60,19,0.0081943076512064,0.0,-0.0001242690229874,0.0080700386282189,0,0,0,0,TimeStop,2928.8990400000002,1.449766461066502,0.08893244404901031,True,False,True,False,NORMAL,LOW,NORMAL / LOW
1787241540,0.7232717767983673,0.0450537286568779,1,-0.0022334503413304,-0.0008831139370143,0.0050547233969859,0.0036796873997441,0.0027724258160145,0.0059909621567739,-0.0036559537126868,60,18,0.0096469158694607,0.0,-0.0009362387597879,0.0087106771096728,0,0,0,0,TimeStop,2926.7351999999996,1.4459172708846504,0.08899819498532018,False,False,True,False,NORMAL,LOW,NORMAL / LOW
1787241600,0.7498382403543166,0.0338184189283092,1,-5.514553445566573e-05,-0.0004421317411615,0.005276280509716,0.005950327556182,0.0038422201951516,0.0076153357105343,-0.0020471570334742,59,17,0.0096624927440085,0.0025936368410869,-0.0023390552008182,0.0073234375431902,0,0,0,0,TimeStop,3059.248809999999,1.4888269238538774,0.08514317277776438,False,False,True,False,NORMAL,LOW,NORMAL / LOW
1787241660,0.7020797557889454,0.0344783368522104,1,-0.001037413476345,-0.0013279555646062,0.0055272074774452,0.0045664705864473,0.0032202784285692,0.0072263882399393,-0.002432374705624,58,16,0.0096587629455634,0.0025926356768,-0.0016991807624941,0.0079595821830692,0,0,0,0,TimeStop,3030.5405799999994,1.4762336620085044,0.08594973178019615,False,False,True,False,NORMAL,LOW,NORMAL / LOW
1787241720,0.5936616017522487,0.0453015434709016,1,-0.0031725892701099,-0.0024657915561951,0.0041996805616419,0.000800320128051,0.0019927998776208,0.0056418292929028,-0.00400173857892,57,15,0.0096435678718229,0.0025885569670819,-0.0014421487312608,0.008201419140562,0,0,0,0,TimeStop,2940.7323899999997,1.4321691935442407,0.08857458464624184,False,True,True,False,NORMAL,LOW,NORMAL / LOW
1787241780,0.576572250276422,0.0457719851397833,1,-0.0012329928391409,-0.0003214701903371,0.005892515447623,0.0023944557991607,0.0028371677537229,0.0067347176344213,-0.0029193304527135,56,14,0.0096540480871349,0.0025913700995991,-0.0008422021867982,0.0088118459003366,0,0,0,0,TimeStop,2865.1948199999997,1.3962197763641913,0.09090975181924978,False,True,True,False,NORMAL,LOW,NORMAL / LOW
1787241840,0.6352437461361646,0.0435370592221322,1,0.0002644819051103,0.0010771450719887,0.0060281965638367,0.0039520205214732,0.0039947413310283,0.0079484209130667,-0.0017172659400809,55,13,0.0096656868531477,0.0025944942139571,-0.00192022434923,0.0077454625039177,0,0,0,0,TimeStop,2622.1778899999995,1.2817576201907803,0.06643964189630171,False,False,True,False,NORMAL,LOW,NORMAL / LOW
1787241900,0.6406115245188725,0.0524280632782137,1,-0.001380505315477,-0.0015187077177964,0.004789866077592,0.0016843849233742,0.0026847991163883,0.0065580560541212,-0.0030942979428412,54,12,0.0096523539969625,0.0025909153665608,-0.0017681899765291,0.0078841640204333,0,0,0,0,TimeStop,2573.6935299999996,1.256887104367668,0.06769126081612367,False,True,True,False,NORMAL,LOW,NORMAL / LOW
1787241960,0.5962540438447436,0.0657466265731483,1,-0.0014359264575971,-0.0016360700088339,0.0038424801236749,0.0015547703180211,0.0015542181978799,0.0063079726148409,-0.0033419832155476,53,11,0.0096499558303886,0.0026363736749116,-0.002465492491166,0.0071844633392226,0,0,0,0,TimeStop,2522.98447,1.2383784917767173,0.06905177660487145,False,True,True,False,NORMAL,LOW,NORMAL / LOW
1787242020,0.605445493929187,0.0704966224469106,1,-0.0019924814053701,-0.0006669209026563,0.0045323569125482,0.0021757742362327,0.0022581731970948,0.0062472766591348,-0.0034020971294657,52,10,0.0096493737886006,0.0031330928167015,-0.0017149197465866,0.007934454042014,0,0,0,0,TimeStop,2516.4209099999994,1.2447169622954737,0.06923188378688207,False,True,True,False,NORMAL,LOW,NORMAL / LOW
1787242080,0.6247214973030196,0.0695829604233867,1,-0.0021924521009331,-0.0004967975263652,0.0036777372867317,0.0014810060184417,0.0017392744740765,0.0063635359726133,-0.0032869526806912,51,9,0.0096504886533045,0.0031334548064712,-0.0026857986858816,0.0069646899674229,0,0,0,0,TimeStop,2451.84726,1.2130437003000276,0.0710552255200432,False,True,True,False,NORMAL,LOW,NORMAL / LOW
1787242140,0.6232901399874037,0.0680177572295255,1,-0.0027358256311216,-0.0005518002483101,0.0024003310801489,0.0009333701200166,0.0018350117257553,0.0057249275762174,-0.0039194371637466,50,8,0.009644364739964,0.0037025796661607,-0.0033245964960684,0.0063197682438956,0,0,0,0,TimeStop,2419.860379999999,1.2023920231682208,0.07199446771387696,False,True,True,False,NORMAL,LOW,NORMAL / LOW
1787242200,0.632470120096762,0.0583859872620925,1,-0.0015080175530593,0.0005289377087185,0.0013369028233931,0.0013079237159495,0.0026493803990837,0.0060580134131868,-0.0035895454420003,49,7,0.0096475588551871,0.0051098446167857,-0.0047211105897937,0.0049264482653934,0,0,0,0,TimeStop,2404.2311599999994,1.1969364509384945,0.07246248318318944,False,False,True,False,NORMAL,LOW,NORMAL / LOW
1787242260,0.6172792069521463,0.0550302324355668,1,-0.0009260450586909,0.0011172454770401,0.002648919586488,0.001341578097847,0.002896168647328,0.0064596750724904,-0.0031917355034189,48,6,0.0096514105759094,0.0051118846866824,-0.0038107554860023,0.005840655089907,0,0,0,0,TimeStop,2396.7275999999997,1.1951265279078764,0.07268934525558933,False,False,True,False,NORMAL,LOW,NORMAL / LOW
1787242320,0.6301773133908565,0.0448068646314941,1,0.000317609410084,0.0031925412373939,0.0048232955583608,0.0019208596959739,0.004118280066264,0.0076289835586682,-0.0020336400609124,47,5,0.0096626236195807,0.0051178236927773,-0.0028056880003073,0.0068569356192733,0,0,0,0,TimeStop,2356.4019399999993,1.1775554341110201,0.07393329509820384,False,True,True,False,NORMAL,LOW,NORMAL / LOW
1787242380,0.6401005765616768,0.0479886143582959,1,0.0001801479202308,0.0041172917688978,0.0041587368425705,0.0027349604116654,0.0040081530748927,0.0071843653709277,-0.0024739945977728,46,4,0.0096583599687006,0.005115565443429,-0.0030256285283572,0.0066327314403434,0,0,0,0,TimeStop,2323.2888999999996,1.1613957719373127,0.07498704100036807,False,False,True,False,NORMAL,LOW,NORMAL / LOW
1787242440,0.6470171761582235,0.0421918205026765,1,0.0013533590645807,0.0044520064384819,0.0052971298028446,0.0042707011315469,0.0054336273909031,0.0082428224326801,-0.0014256875737546,45,3,0.0096685100064348,0.0051209414267689,-0.0029456926298355,0.0067228173765992,0,0,0,0,TimeStop,2297.92067,1.1491067053393593,0.07581487136368376,False,False,True,False,NORMAL,LOW,NORMAL / LOW
1787242500,0.6593394511801599,0.0472685428344712,1,-0.000387007548444,0.0034492047755073,0.0043397367878734,0.0035386311625942,0.0068830674660584,0.0076709042611052,-0.0019921213556154,44,2,0.0096630256167206,0.0051180366111904,-0.0033311674732317,0.0063318581434888,0,0,0,0,TimeStop,2256.8232500000004,1.1289697085960504,0.07719548263250121,False,False,True,False,NORMAL,LOW,NORMAL / LOW
1787242560,0.6016819764436627,0.0440004596061071,1,-0.0002908438135529,0.0054649040858507,0.0051053254290567,0.0030205990165522,0.0067650575291274,0.0082723835985109,-0.0013964098837108,43,1,0.0096687934822218,0.0051210915701623,-0.0031670581694542,0.0065017353127676,0,0,0,0,TimeStop,2210.96534,1.1061839851156434,0.0787966038400222,False,False,True,False,NORMAL,LOW,NORMAL / LOW
1787242620,0.6051791714862382,0.0462173231591304,1,0.0007090472295472,0.005537874731945,0.0063042103207885,0.0041051122388275,0.0070020489582996,0.008842472095103,-7.749150049867491e-06,42,1,0.0088502212451528,0.0051239870926834,-0.0025382617743144,0.0063119594708384,0,0,0,0,TimeStop,2170.0987699999996,1.0864231725337845,0.0802804749758003,False,False,True,False,NORMAL,LOW,NORMAL / LOW
1787242680,0.6050874825275944,0.046095933404636,1,0.000912647937175,0.0033458688198208,0.0044795929653799,0.0039638867381926,0.0062457139696936,0.0079775467315562,-0.0006388950337352,41,5,0.0086164417652915,0.0051195940714521,-0.0034979537661763,0.0051184879991152,0,0,0,0,TimeStop,2133.9120599999997,1.0700096865064208,0.08164186484798254,False,False,True,False,NORMAL,LOW,NORMAL / LOW
1787242740,0.6201876502600504,0.0480771341217784,1,0.0008124482890071,0.0030239441420377,0.0039638298795757,0.0039139330043917,0.0053414535775229,0.0076819072824834,-0.0009320072835616,40,4,0.0086139145660451,0.0051180924963668,-0.0037180774029077,0.0048958371631374,0,0,0,0,TimeStop,2087.0112,1.048559449455886,0.08347658124690466,False,False,True,False,NORMAL,LOW,NORMAL / LOW
1787242800,0.6401487505156239,0.0401586164404671,1,-0.0001383934552199,0.0044240281454406,0.0036138526733232,0.0047868097902932,0.0055040777679969,0.0079495357459511,-0.0006666665744965,39,3,0.0086162023204477,0.0051194518015412,-0.0043356830726278,0.0042805192478198,0,0,0,0,TimeStop,2053.15259,1.0341350778417673,0.08485319642024268,False,False,True,False,NORMAL,LOW,NORMAL / LOW
1787242860,0.6111412267921498,0.0441917118751825,1,-0.0002004313559236,0.0035390648315263,0.0047831215234662,0.0050937210108872,0.0056802246268762,0.0077550347319893,-0.0008595049456092,38,2,0.0086145396775986,0.0051184639162046,-0.0029719132085231,0.0056426264690755,0,0,0,0,TimeStop,2058.82709,1.0380331150743818,0.0846193256569205,True,False,True,False,NORMAL,LOW,NORMAL / LOW
1787242920,0.6068957361217541,0.041066009362689,1,0.0013282069303249,0.0043700552677359,0.0056978473062666,0.0051723177003488,0.0059160803899872,0.0082562084062333,-0.0003626154280832,37,1,0.0086188238343166,0.0051210094151393,-0.0025583610999667,0.0060604627343499,0,0,0,0,TimeStop,1982.8314200000002,1.0007964617136291,0.08786251732888113,False,False,True,False,NORMAL,LOW,NORMAL / LOW
1787242980,0.58661545282426,0.0404265502001569,1,0.0016993803846625,0.0049087523761789,0.005434448034085,0.0060153417360712,0.0059326138404322,0.0085747878852605,-1.909105283981011e-05,36,2,0.0085938789381003,0.005122627504369,-0.0031403398511755,0.0054535390869248,0,0,0,0,TimeStop,1933.3219000000004,0.9908293994269379,0.09011254670006064,True,False,True,False,NORMAL,LOW,NORMAL / LOW
1787243040,0.5519012555426469,0.037498578042093,1,0.0021900168871439,0.0049564486535658,0.0059802179171933,0.0061377740840993,0.0059894859270113,0.0084839638531018,-0.0001091411902448,35,1,0.0085931050433467,0.0051221662022516,-0.0025037459359085,0.0060893591074381,0,0,0,0,TimeStop,1913.4113300000001,0.9808262043182318,0.0910502395739446,True,False,True,False,NORMAL,LOW,NORMAL / LOW
1787243100,0.531671615585129,0.04190013235984,1,0.002040031665338,0.0044351098280851,0.0052498233750783,0.0048780541738209,0.0052418075335642,0.0075774579057757,-0.0010050206808711,34,7,0.0085824785866468,0.0051175619900956,-0.0023276345306973,0.0062548440559494,0,0,0,0,TimeStop,1902.4939700000002,0.9753268840841319,0.09157272650908847,False,False,True,False,NORMAL,LOW,NORMAL / LOW
1787243160,0.5034374310469681,0.0446755624394492,1,0.0020451844687024,0.0047233660356501,0.0057767030537515,0.0043893878679011,0.0050765510570678,0.0073925659803786,-0.0011883377089954,33,6,0.008580903689374,0.0051166229100455,-0.001615862926627,0.0069650407627469,0,0,0,0,TimeStop,1909.5350500000002,0.9797663667223905,0.09123506792923229,False,False,True,False,NORMAL,LOW,NORMAL / LOW
1787243220,0.5086632094319474,0.04196240981584,1,0.002874019011827,0.0051398253564717,0.0051399635238199,0.0039586326959212,0.0046782082458272,0.0073090527246601,-0.0012711396042887,32,5,0.0085801923289488,0.0051161987399136,-0.0021690892008401,0.0064111031281086,0,0,0,0,TimeStop,1887.33158,0.9678277910617835,0.09230840083754652,False,False,True,False,NORMAL,LOW,NORMAL / LOW
1787243280,0.5089663692290864,0.0460141510179826,1,0.0039364347081411,0.0054281886239952,0.005607751595348,0.0042267742202822,0.0036530014641288,0.0070029558827591,-0.0015746291334014,31,4,0.0085775850161606,0.0051146440509405,-0.0013952042874111,0.0071823807287494,0,0,0,0,TimeStop,1882.28987,0.9644874073925155,0.09255564872162861,False,False,True,False,NORMAL,LOW,NORMAL / LOW
1787243340,0.5048891805550222,0.0459211410575417,1,0.0030944594591421,0.0059430857558602,0.0055681211289045,0.0038831972066723,0.00343365397988,0.0068801520519541,-0.0016963869292441,30,3,0.0085765389811983,0.005114020321011,-0.0013120309230496,0.0072645080581486,0,0,0,0,TimeStop,1848.5691200000003,0.9477272729049636,0.09424400641291679,False,False,True,False,NORMAL,LOW,NORMAL / LOW
1787243400,0.3714286860677903,0.0335556185736906,1,0.0038376975418686,0.0057209416607751,0.0068611201486242,0.0047710233717232,0.0055551553392944,0.0080610314895839,-0.000525566145078,29,2,0.0085865976346619,0.005120018096842,-0.0011999113409596,0.0073866862937023,0,0,0,0,TimeStop,1797.8676200000002,0.9274826463821699,0.09690177300150718,False,False,True,False,NORMAL,LOW,NORMAL / LOW
1787243460,0.4010399345663463,0.0329422417351914,1,0.0057574224100936,0.006864278498881,0.0076880915233442,0.0044878788121928,0.0068154445782034,0.0085657186983559,-2.5177828791414204e-05,28,1,0.0085908965271473,0.0051225814412839,-0.0008776271750116,0.0077132693521356,0,0,0,0,TimeStop,1751.3670000000002,0.9057315342453125,0.09947461611415538,False,False,True,False,NORMAL,LOW,NORMAL / LOW
1787243520,0.4528820017939055,0.0357453026909942,1,0.0048254060615984,0.0066819484098049,0.0060674337222263,0.0036891623199617,0.0065255541452569,0.0081276619693536,-0.0002382558070876,27,4,0.0083659177764413,0.00512035651808,-0.0020602282471273,0.006305689529314,0,0,0,0,TimeStop,1591.58083,0.8245350391184253,0.09481185445039571,False,False,True,False,NORMAL,LOW,NORMAL / LOW
1787243580,0.4682550977909565,0.0498917888876729,1,0.0024310022334721,0.0062159838914849,0.0055972862948192,0.0018786084649821,0.0057822463488347,0.0070584569082442,-0.0012985881014188,26,3,0.008357045009663,0.0051149259448398,-0.001461170613425,0.006895874396238,0,0,0,0,TimeStop,1538.4930300000003,0.7978044384613308,0.09808346678047672,False,True,True,False,NORMAL,LOW,NORMAL / LOW
1787243640,0.4737395139680673,0.0513142341585237,1,0.0022097005855706,0.0049457242293669,0.005496630206607,0.000630317092034,0.0056058722793062,0.0068638824439288,-0.0014915478952601,25,2,0.008355430339189,0.0051139376864433,-0.0013672522373218,0.0069881781018671,0,0,0,0,TimeStop,1501.2076900000002,0.7792600319709362,0.10051955569185766,False,True,True,False,NORMAL,LOW,NORMAL / LOW
1787243700,0.4697266288510402,0.046581204129901,1,0.0045630530973451,0.0063181692477875,0.0060929203539822,0.0023227323008848,0.0066924778761061,0.0080890486725663,-0.0002765486725663,24,1,0.0083655973451327,0.00512016039823,-0.001996128318584,0.0063694690265486,0,0,0,0,TimeStop,1477.0064200000002,0.7668099524267229,0.10216660398808557,False,True,True,False,NORMAL,LOW,NORMAL / LOW
1787243760,0.4863483187176078,0.0451185450195361,1,0.0037402458499972,0.0054875281126766,0.0060351610484634,0.0028635630815488,0.0070191306531072,0.0079570609324249,0.0,23,1,0.0079570609324249,0.0051194900225315,-0.0019218998839614,0.0060351610484634,0,0,0,0,TimeStop,1400.76248,0.7283877025492728,0.10772756420488933,False,True,False,False,NORMAL,LOW,NORMAL / LOW
1787243820,0.4619482969980963,0.0476193337026627,1,0.0030378134924772,0.0052027476363545,0.0047229402222664,0.0024853582085532,0.0057197076682863,0.0069188118620435,-0.0003874092678517,22,1,0.0073062211298953,0.0051142166771056,-0.0021958716397771,0.0051103494901182,0,0,0,0,TimeStop,1387.3779399999999,0.7220350535481371,0.10876685123017021,False,False,True,False,NORMAL,LOW,NORMAL / LOW
1787243880,0.4623073663089105,0.0496299459919524,1,0.0032039273003084,0.0041766097424856,0.0051097937921509,0.0017080983167471,0.0055242507009928,0.0068637433897162,-1.381062674524726e-07,21,1,0.0068638814959836,0.0051139369801765,-0.0017539495975652,0.0051099318984184,0,0,0,0,TimeStop,1378.60422,0.717567182682217,0.10945906577886437,False,True,True,False,NORMAL,LOW,NORMAL / LOW
1787243940,0.4717253934541701,0.0497556320512185,1,0.00276038647343,0.0029537612146307,0.0050518978605934,0.0001381642512076,0.004392132505176,0.0062801932367149,-1.380262249104391e-07,20,1,0.0062803312629398,0.005110973084886,-0.0012282953761215,0.0050520358868183,0,0,0,0,TimeStop,1367.4491899999998,0.7121330808551128,0.11035198316948071,False,True,True,False,NORMAL,LOW,NORMAL / LOW
1787244000,0.4660061834217585,0.052213265234083,1,0.0023902020748278,0.000807537977387,0.004358360390338,-0.000740507497966,0.0041331324625715,0.0055261527139137,-0.0001700588089015,19,1,0.0056962115228152,0.0051071432561337,-0.0011677923235756,0.0045284191992395,0,0,0,0,TimeStop,1365.5474499999998,0.7109858348948009,0.11050566569473659,False,True,True,False,NORMAL,LOW,NORMAL / LOW
1787244060,0.5163220403027543,0.055308049709137,1,0.0026727153709817,0.0015299647632362,0.0035629769763401,-0.0014894231102038,0.0040264480506291,0.0053364674513269,-0.0001438263405186,18,1,0.0054802937918456,0.005106179830362,-0.0017734904749868,0.0037068033168587,0,0,0,0,TimeStop,1387.0968,0.7201823642399114,0.10878889634811356,False,True,True,True,NORMAL,LOW,NORMAL / LOW
1787244120,0.5323113991178661,0.0666808108596796,1,0.0022593130360255,0.0016255646388234,0.0019626912318568,-0.0018191334427512,0.0026562324126209,0.0044223238699543,-0.0009201751184591,17,7,0.0053424989884135,0.0051015368260859,-0.0024596326380975,0.0028828663503159,0,0,0,0,TimeStop,1395.8036299999999,0.724248991117306,0.10811028625853339,False,True,True,True,NORMAL,LOW,NORMAL / LOW
1787244180,0.5510516289081653,0.0742207811453719,1,0.0014859047488277,4.127513191188199e-05,0.0008050026560546,-0.0027104003288802,0.0005091975440195,0.0030544973452522,-0.0022807262056776,16,6,0.0053352235509298,0.0050945895318835,-0.0022494946891975,0.0030857288617322,0,0,0,0,TimeStop,1406.3946600000002,0.7279619673521717,0.10729614829453347,False,True,True,True,NORMAL,LOW,NORMAL / LOW
1787244240,0.5697661577557771,0.0760091196319443,1,0.0028398385315117,0.0008413775461102,0.0018051548039684,-0.0017825748796414,0.0015297898731517,0.0037740140593072,-0.0015650365842962,15,5,0.0053390506436035,0.0050982440116043,-0.0019688592553388,0.0033701913882646,0,0,0,0,TimeStop,1417.0581600000003,0.73192473390211,0.1064887343791168,False,True,True,True,NORMAL,LOW,NORMAL / LOW
1787244300,0.5853002035784847,0.0736688823123643,1,0.0018760444278174,0.0008874709433501,0.0017967051039979,-0.0017435367376882,0.002099599501705,0.0042071880325445,-0.0011341666533515,14,4,0.0053413546858961,0.005100444134923,-0.0024104829285466,0.0029308717573494,0,0,0,0,TimeStop,1421.6179100000002,0.7350929908582235,0.10614717846372658,False,True,True,True,NORMAL,LOW,NORMAL / LOW
1787244360,0.6466646310196794,0.0883274455035055,1,0.0011005199306758,-0.0003576242744353,0.0002752331435173,-0.0030878105141537,0.0006876014415009,0.002792220296553,-0.0025416082088525,13,3,0.0053338285054056,0.0050932574069488,-0.0025169871530357,0.0028168413523698,0,0,0,0,TimeStop,1367.6589300000003,0.7064710843696778,0.11033505992608843,False,True,True,False,NORMAL,LOW,NORMAL / LOW
1787244420,0.6575702992665656,0.0861102330866195,1,0.0018476267986527,0.0007621150909385,0.0010012909717709,-0.0022044640017593,0.0009425291184248,0.0032863977043518,-0.0020500593191964,12,2,0.0053364570235483,0.0050957673713179,-0.0022851067325809,0.0030513502909674,0,0,0,0,TimeStop,1356.16307,0.7005093831582452,0.11127034302740599,False,True,True,True,NORMAL,LOW,NORMAL / LOW
1787244480,0.6938866743166681,0.0772806167063142,1,0.0037758026732808,0.0011299435028248,0.002425382389417,-0.0007165495383767,0.0022510679344081,0.0046162326030039,-0.0007272977814523,11,1,0.0053435303844563,0.005102521703183,-0.0021908502135869,0.0031526801708694,0,0,0,0,TimeStop,1362.63748,0.7052857187403042,0.11074165521999292,False,True,True,True,NORMAL,LOW,NORMAL / LOW
1787244540,0.7114982666586672,0.077800601089463,1,0.0027299911806857,0.0009370521441957,0.0032623194796605,-0.0004685260720978,0.0021513614816447,0.0046439201852056,-0.0004587421452981,10,21,0.0044705655385293,0.0051026623305037,-0.001381600705545,0.0037210616249586,0,0,0,0,TimeStop,1367.2849700000002,0.7073306342766066,0.11036523717510037,False,True,True,True,NORMAL,LOW,NORMAL / LOW
1787244600,0.7053307655133597,0.0723780865267542,1,0.0017471438403302,-0.0008066070199587,0.0024501032346868,-0.0016517549896765,0.0010368891947694,0.0035099793530626,-0.0015869236063316,9,20,0.0044655196145904,0.0050969029593942,-0.0010598761183757,0.0040370268410184,0,0,0,0,TimeStop,1366.5562700000003,0.7078073967509572,0.11042408813506083,False,True,True,True,NORMAL,LOW,NORMAL / LOW
1787244660,0.7157250265475122,0.0655544505985908,1,0.0017407713498623,0.0012396694214876,0.0039119834710743,-0.0007223140495868,0.0018732782369146,0.0042011019283746,-0.0008993112947657,8,19,0.0048265840220384,0.0051004132231404,-0.0002891184573003,0.00481129476584,0,0,0,0,TimeStop,1339.9097000000004,0.6963330776523043,0.1126200743229189,False,True,True,True,NORMAL,LOW,NORMAL / LOW
1787244720,0.7668567848214809,0.0630178141669977,1,0.0021583773959021,0.0013220147609604,0.0043803701255782,-0.0001305353602114,0.0018174432694426,0.0047091870456047,-0.0012294833663801,60,18,0.0059386704119849,0.0,-0.0003288169200265,0.0056098534919584,0,0,0,0,TimeStop,1323.1635500000004,0.6868965461139324,0.11404541033495062,False,True,True,True,NORMAL,LOW,NORMAL / LOW
1787244780,0.8312699938128354,0.0634565044196492,1,0.0009695759911893,0.0005231277533039,0.0031662995594713,-0.0016795154185022,0.0017896475770925,0.004487885462555,-0.0014494768722466,59,17,0.0059373623348016,0.0021438601321585,-0.0013215859030837,0.0046157764317179,0,0,0,0,TimeStop,1308.99615,0.6782258899964136,0.1152797355439128,False,True,True,True,NORMAL,LOW,NORMAL / LOW
1787244840,0.8996875312102862,0.0618481882119117,1,0.0001928424215886,0.0010187200301059,0.0033102551012049,-0.002174673389494,0.0014952514102202,0.004349759717792,-0.0015867861784977,58,16,0.0059365458962897,0.0021435653329063,-0.001039504616587,0.0048970412797027,0,0,0,0,TimeStop,1292.6704200000001,0.6688661813561604,0.11673565640962064,False,True,True,True,NORMAL,LOW,NORMAL / LOW
1787244900,0.935124366411271,0.062484362516697,1,-0.0015788902307353,0.0008111161577502,0.0027844881568096,-0.002575620586417,0.0008031357103966,0.0039677958678618,-0.0019664923030648,57,15,0.0059342881709267,0.0021427501144436,-0.0011833077110522,0.0047509804598745,0,0,0,0,TimeStop,1277.9385799999998,0.6608058010699668,0.11808136350340095,False,True,True,True,NORMAL,LOW,NORMAL / LOW
1787244960,0.9769056381048956,0.0609727012100655,1,-0.0011397045020046,0.0010483851114735,0.0021751618684332,-0.0030233044609109,0.0006348347992342,0.0034955797426635,-0.0024359172365761,56,14,0.0059314969792397,0.0021417422721996,-0.0013204178742302,0.0046110791050094,0,0,0,0,TimeStop,1264.0775499999997,0.6526945277388205,0.11937616485634132,False,True,True,True,NORMAL,LOW,NORMAL / LOW
1787245020,0.994628290649516,0.0661072907070102,1,-0.0006323197888601,1.3746082359324394e-07,0.00162203771925,-0.0038762577665366,-2.762962555664433e-05,0.0029966459559025,-0.0029319019079561,55,13,0.0059285478638587,0.0021406774069389,-0.0013746082366525,0.0045539396272061,0,0,0,0,TimeStop,1269.2530299999999,0.6541097899570739,0.118889399066473,False,True,True,False,NORMAL,LOW,NORMAL / LOW
1787245080,0.9958424846422528,0.0682464620775809,1,-0.0014424862197917,0.0001785935319742,0.0008657664911548,-0.0045851828639782,-0.0009198940693072,0.0024042810792928,-0.0035207654134117,54,12,0.0059250464927045,0.002139413133411,-0.0015385145881379,0.0043865319045666,0,0,0,0,TimeStop,1267.1332699999998,0.6521211503422297,0.11908828658567226,False,True,True,False,NORMAL,LOW,NORMAL / LOW
1787245140,1.135468647416095,0.0704100157223735,1,-0.0019928017502056,-0.0003727493456291,-0.0013681205264071,-0.0055711954682465,-0.0013089474258671,0.0017690148502516,-0.0041522766884754,53,11,0.005921291538727,0.003240104809153,-0.0031371353766587,0.0027841561620683,0,0,0,0,TimeStop,1324.40386,0.6753639830087759,0.11393860631001183,False,False,True,False,NORMAL,LOW,NORMAL / LOW
1787245200,1.5688600111980835,0.0661281071202579,1,-0.0009867223495016,0.0011336926980622,0.0006705092515703,-0.0046711548762258,0.0002539328660345,0.0031654305942497,-0.0027641149277877,52,10,0.0059295455220374,0.0032446213526881,-0.0024949213426793,0.0034346241793581,0,0,0,0,TimeStop,1250.83597,0.633239401895044,0.06485565009775023,False,True,True,False,HIGH,LOW,HIGH / LOW
1787245260,1.5457045604005688,0.0678910176529809,1,-0.001456541252433,0.0008181966944853,-0.0009554558880689,-0.0058258902165519,-0.0014404658513827,0.0025279598626089,-0.0033978176749994,51,9,0.0059257775376084,0.0035997906625552,-0.0034834157506779,0.0024423617869305,0,0,0,0,TimeStop,1276.2103699999998,0.6443763303557707,0.06356615014811391,False,False,True,False,HIGH,LOW,HIGH / LOW
1787245320,1.56741145386078,0.0654338203589322,1,-0.001083509785997,-0.0006104357871414,-0.0033851439105115,-0.0056929593154986,-0.002113997921716,0.0022740244050689,-0.0036502521619027,50,8,0.0059242765669716,0.0056593056773687,-0.0056591683155805,0.0002651082513911,0,0,0,0,TimeStop,1273.7344399999997,0.6439548511128367,0.06368971227628893,False,False,True,False,HIGH,LOW,HIGH / LOW
1787245380,1.5964569752771876,0.0655184512882182,1,-0.002635906507618,-0.0006148755402124,-0.0034775680251539,-0.0062050400575146,-0.0047498757962391,0.0016746744172925,-0.0042460594906841,49,7,0.0059207339079766,0.005655921468354,-0.0051522424424465,0.0007684914655301,0,0,0,0,TimeStop,1273.96548,0.6451974373228212,0.06367816182900025,False,False,True,False,HIGH,LOW,HIGH / LOW
1787245440,1.662318883255869,0.0619123980240259,1,-0.0017880576548615,0.0005481947571472,-0.0020637354394786,-0.0050862963541681,-0.0035744661903735,0.0027470205566849,-0.0031800518125813,48,6,0.0059270723692663,0.0056619764338096,-0.0048107559961635,0.0011163163731027,0,0,0,0,TimeStop,1284.7532800000001,0.6506993449010221,0.06314346984971309,False,False,True,False,HIGH,LOW,HIGH / LOW
1787245500,1.7170190287426463,0.0589323471267925,1,-0.002549296871962,-0.0002238346684862,-0.0030906772242246,-0.0049174923976593,-0.0019640839480311,0.0025979386599573,-0.0033282525107886,47,5,0.0059261911707459,0.0056886158841819,-0.0056886158841819,0.0002375752865639,0,0,0,0,TimeStop,1282.5776899999998,0.649727342099512,0.06325057782659545,False,False,True,False,HIGH,LOW,HIGH / LOW
1787245560,1.84574091289036,0.057113766002981,1,-0.0005002311403373,0.0005446441855073,-0.0022789529741478,-0.0035941566182724,-0.0015177436303031,0.0032948154438595,-0.0032502648970016,46,60,0.0,0.0065450803408611,-0.0055737684180073,0.0009713119228538,0,0,0,0,TimeStop,1304.32759,0.6588495831494382,0.0621958629273494,False,False,False,False,HIGH,LOW,HIGH / LOW
1787245620,1.9533659031483388,0.0590276591037569,1,-0.0008345613366172,-0.0004773240176833,-0.0023459499936453,-0.0049096773528714,-0.0020712894549726,0.0025453158974041,-0.0039948750184629,45,59,0.0021434239136035,0.0065401909158671,-0.0048912658910495,0.0016489250248176,0,0,0,0,TimeStop,1294.71267,0.6542721750868774,0.06265774783836787,False,False,False,False,HIGH,LOW,HIGH / LOW
1787245680,1.976811831223912,0.0516589538235714,1,-0.000446015791682,0.0009293027148925,-0.0021886818713628,-0.003939187266531,-0.0012437005254953,0.0035149015072529,-0.0030316145840423,44,58,0.0021454968702564,0.0065465160912952,-0.0057035833786157,0.0008429327126795,0,0,0,0,TimeStop,1297.4276,0.6549892272239366,0.06252663347072314,False,False,False,False,HIGH,LOW,HIGH / LOW
1787245740,1.9837642848352444,0.0507133414072452,1,0.0008257183749862,0.0020919575030275,-0.0014634481999338,-0.0026685841682264,-0.0002478531322249,0.004156115820764,-0.00239458328746,43,57,0.0021468677749642,0.0065506991082241,-0.0056195640206979,0.0009311350875261,0,0,0,0,TimeStop,1307.7905099999998,0.662147961779877,0.06203117347900009,False,False,False,True,HIGH,LOW,HIGH / LOW
1787245800,2.0479662978269317,0.0455136332220916,1,0.0023937859136792,0.0035479573026869,-2.894041691848257e-05,-0.000958892480563,0.0010980821047895,0.0055554575562601,-0.0010043702785777,42,56,0.0021498595425098,0.0065598278348378,-0.0055843979731785,0.0009754298616592,0,0,0,0,TimeStop,1323.03957,0.6685773966427881,0.061316215961704,False,False,False,False,HIGH,LOW,HIGH / LOW
1787245860,1.8184364223531515,0.0495914248353105,1,0.0021905862344716,0.0020299065276439,-0.0013038875952514,-0.0020509725046318,-0.0001509039920164,0.0046405731267526,-0.0019132863805292,41,55,0.0021479035359999,0.0065538595072819,-0.005944460722004,0.0006093987852778,0,0,0,0,TimeStop,1331.2028199999997,0.6723555365311127,0.06094021044817199,False,False,False,True,HIGH,LOW,HIGH / LOW
1787245920,1.8098989335329607,0.0532681904567706,1,0.0006328574179526,0.0003365794613628,-0.0028885037550548,-0.0032186184699182,-0.0009658606365712,0.0036312618634975,-0.0029160133146268,40,54,0.0021457456466121,0.0065472751781243,-0.0065197656185524,2.7509559571951055e-05,0,0,0,0,TimeStop,1362.49136,0.6852936720295265,0.05954076655576003,False,False,False,False,HIGH,LOW,HIGH / LOW
1787245980,1.7593499767821406,0.0515461689560376,1,0.0016234215149301,0.0007636960024895,-0.0014178798417688,-0.0027515618897121,-0.0011002120216014,0.0038523242236914,-0.0029715492627947,39,60,0.0,0.0068238734864861,-0.0052702040654603,0.0015536694210258,0,0,0,0,TimeStop,1378.7325600000001,0.6917159144525308,0.05883938796658286,False,False,False,False,HIGH,LOW,HIGH / LOW
1787246040,1.6599150221753598,0.0496523679503875,1,0.0016232872943377,0.0009629670390139,-0.0010210201947944,-0.0028529962031585,-0.0011280471028448,0.0037693281241402,-0.0030539811808727,38,59,0.0022406867330656,0.0068233093050129,-0.0047903483189347,0.0020329609860782,0,0,0,0,TimeStop,1368.09774,0.6886324549637198,0.05929677217360216,False,False,False,False,HIGH,LOW,HIGH / LOW
1787246100,1.616736449934435,0.0496643535499212,1,0.0021225093750012,0.0009084279572315,-0.0007976440600083,-0.0022890292702066,-0.0013483982919188,0.0041562540124757,-0.0026696854934611,37,58,0.0022415504571109,0.0068259395059368,-0.004953898072484,0.0018720414334527,0,0,0,0,TimeStop,1373.44107,0.6912445047651683,0.05906607991560933,False,False,False,False,HIGH,LOW,HIGH / LOW
1787246160,1.5531378759617929,0.0519356351182181,1,0.0022780560295007,0.0006330838240959,-0.0020741372667731,-0.0015582860916946,-0.0011559524464746,0.0039903131707854,-0.0028344983213165,36,57,0.0022411800319225,0.0068248114921019,-0.0060644504375585,0.0007603610545433,0,0,0,0,TimeStop,1371.27963,0.6901382126479153,0.05915918112194228,False,False,False,False,HIGH,LOW,HIGH / LOW
1787246220,1.5418402912536182,0.056016065448239,1,0.000473587135151,0.0002389937400965,-0.002185321356511,-0.0024691436117236,-0.0011682916086658,0.0033611760582175,-0.0034593587569686,35,56,0.0022397756264063,0.0068205348151861,-0.0055464974147286,0.0012740374004575,0,0,0,0,TimeStop,1367.50967,0.6879406658767059,0.05932227155658797,False,False,False,False,HIGH,LOW,HIGH / LOW
1787246280,1.4739213940234814,0.0491906881170494,1,0.0020263722953256,0.0012939767659526,-0.0005134063755987,-0.0013278368110995,-0.0006255849804547,0.0043219732423057,-0.002505092771018,34,55,0.0022419203876012,0.0068270660133237,-0.0048353796179045,0.0019916863954192,0,0,0,0,TimeStop,1380.92605,0.6937517639087063,0.058745926329653926,False,False,False,False,HIGH,LOW,HIGH / LOW
1787246340,1.4460154403104215,0.0529938789420395,1,0.0023404372487471,0.0023230904785506,-4.969987334105102e-05,-0.0014316592323366,-0.0003304146704113,0.0045432017181562,-0.0022853681370119,33,54,0.002296381959359,0.0068285698551682,-0.0045929015914973,0.0022356682636708,0,0,0,0,TimeStop,1390.32271,0.7011461474523278,0.05834888505849121,False,False,False,True,NORMAL,LOW,NORMAL / LOW
1787246400,1.4613255068956816,0.0459281745124994,1,0.002331405648603,0.0032593392605736,0.0011687334863359,-0.0008934942706711,0.0014409420399662,0.0051603909002995,-0.0016723744134979,32,53,0.0031951443283915,0.0068327653137975,-0.0039916574139635,0.0028411078998339,0,0,0,0,TimeStop,1391.17182,0.7015383966494226,0.058313271469228004,False,True,False,True,NORMAL,LOW,NORMAL / LOW
1787246460,1.471073710522954,0.0533959223305101,1,0.0010453982666117,0.0026690053652496,0.0003091209244738,-0.0016965194662265,0.0003300316412161,0.0037969459347915,-0.0030265511074425,31,52,0.0033356720319163,0.0068234970422341,-0.0034878250103177,0.0033356720319163,0,0,0,0,TimeStop,1381.21011,0.6978807972945786,0.05873384462846134,False,True,False,False,HIGH,LOW,HIGH / LOW
1787246520,1.415732215530291,0.05527571727597,1,0.0003575357044092,0.0030543175117825,-0.0005225521833674,-0.0016962318899569,0.0003022551839584,0.0033827003049092,-0.0034379808253601,30,51,0.0034848730081307,0.0068206811302693,-0.0039052524882766,0.0029154286419926,0,0,0,0,TimeStop,1387.31549,0.7013160735677503,0.05847536525379674,False,False,False,False,NORMAL,LOW,NORMAL / LOW
1787246580,1.334851087381815,0.0530329848602415,1,0.0013759321940614,0.002641789812598,0.0005777539282864,-0.0009628773494041,0.0015292110404799,0.003962684718897,-0.0028619389636478,29,50,0.0034868873661905,0.0068246236825449,-0.0033849307906105,0.0034396928919343,0,0,0,0,TimeStop,1387.3539700000001,0.7036143896026464,0.05847374336630182,False,True,False,False,NORMAL,LOW,NORMAL / LOW
1787246640,1.271049846223245,0.0546004740344618,1,0.0012651944337494,0.0022892030141355,0.0001566195478796,-0.0013479731587921,0.0008281997689895,0.0033276497442384,-0.0034926571695726,28,49,0.0036492767174522,0.0068203069138111,-0.0031710301963588,0.0036492767174522,0,0,0,0,TimeStop,1390.3495700000003,0.7052748784262175,0.058347757823235764,False,True,False,False,NORMAL,LOW,NORMAL / LOW
1787246700,1.2625781346589209,0.0605617275075896,1,0.0011514151476464,0.0019717726623935,-0.0003698276713038,-0.0014721616001192,0.0008944605314134,0.00315412135132,-0.0036650059708609,27,48,0.0037329222792713,0.0068191273221809,-0.0035239490226239,0.003295178299557,0,0,0,0,TimeStop,1397.24981,0.7124941541115147,0.05805961068622367,False,False,False,False,NORMAL,LOW,NORMAL / LOW
1787246760,1.2577283869782572,0.0668609276338911,1,-0.0001603284934369,0.0011255966981398,-0.001379347107204,-0.0022521550924697,0.0005450069695496,0.0024446317156962,-0.0043696727183001,26,47,0.0037302821369329,0.0068143044339964,-0.0038239788229003,0.0029903256110961,0,0,0,0,TimeStop,1410.3018900000002,0.719556358970926,0.05752227985739988,False,False,False,False,NORMAL,LOW,NORMAL / LOW
1787246820,1.220192125857306,0.0629299069683152,1,-0.000296090573474,0.0016219000354787,-0.0011752898807816,-0.0026392474515797,0.000618023778245,0.0029965080831765,-0.0038215478334045,25,46,0.0037323357711091,0.006818055916581,-0.0041717979639581,0.0026462579526229,0,0,0,0,TimeStop,1405.1982500000001,0.7178428627551805,0.05773119913862687,False,False,False,False,NORMAL,LOW,NORMAL / LOW
1787246880,1.2055189645386295,0.0692792714280041,1,-0.0008583320776787,0.0006870502564487,-0.0013732763822423,-0.0028293778953599,-0.0005766167486151,0.0022252901248955,-0.0045875232937096,24,45,0.0037294659262494,0.0068128134186052,-0.0035985665071379,0.0032142469114672,0,0,0,0,TimeStop,1394.43244,0.7133606349683814,0.05817691676765638,False,False,False,False,NORMAL,LOW,NORMAL / LOW
1787246940,0.9973614842792988,0.0647939579720458,1,-0.0006592501030078,-0.0009957423430847,-0.0016755940118115,-0.0027468754291992,-0.0002472187886279,0.0021425628347754,-0.0046696882296387,23,44,0.003729158082681,0.0068122510644142,-0.003818156846587,0.0029940942178272,0,0,0,0,TimeStop,1406.5625699999998,0.7195500848609927,0.05767520175088976,False,False,False,False,NORMAL,LOW,NORMAL / LOW
1787247000,0.8461652681093241,0.0883983951125888,1,-0.0012115099764866,-0.0004626589334372,-0.0020758540925609,-0.0029141058377971,-0.0004958923741887,0.0020294371381228,-0.0047820449332598,22,43,0.0037287371210118,0.0068114820713826,-0.0041052912306837,0.0027061908406989,0,0,0,0,TimeStop,1410.3103499999997,0.728396831038404,0.05752193479967017,False,False,False,False,NORMAL,LOW,NORMAL / LOW
1787247060,0.8143480004452238,0.1059813999723237,1,-0.001641233383799,-0.0017722025722677,-0.0031757968939709,-0.0028961488468944,-0.0019981724718691,0.0017083653892091,-0.0051009341370503,21,42,0.0037275423535685,0.0068092995262594,-0.0048841622831801,0.0019251372430793,0,0,0,0,TimeStop,1405.92239,0.7337797433484293,0.057701463876679564,False,False,False,False,NORMAL,LOW,NORMAL / LOW
1787247120,0.8423933554129769,0.08962756001305,1,-0.0002344823472314,-0.0027764029390836,-0.0023639284232325,-0.0016483861608132,-0.0002322832161905,0.0028862220454365,-0.0039310841812242,20,41,0.0037319253763366,0.0068173062266608,-0.0052501504686691,0.0015671557579917,0,0,0,0,TimeStop,1432.67866,0.7513494267178663,0.05662384892366582,False,False,False,False,NORMAL,LOW,NORMAL / LOW
1787247180,0.8567657122375564,0.0937806248203558,1,-0.0007309144246326,-0.0028644537674991,-0.0036979791816451,-0.0021255722245376,-0.0005717094221613,0.0022909586119191,-0.0045223012004799,19,40,0.003729710290852,0.006813259812399,-0.0059889377935643,0.0008243220188347,0,0,0,0,TimeStop,1454.4234099999999,0.7635344604102291,0.05577727877743662,False,False,False,False,NORMAL,LOW,NORMAL / LOW
1787247240,0.8243452646232626,0.1032298916447697,1,-1.730626596701867e-05,-0.0026104991346866,-0.0048397110128286,-0.0029861549872263,-0.0008790484300744,0.0021976210751861,-0.0055764634782847,18,60,0.0,0.0077740845534708,-0.0070373320880147,0.0007367524654561,0,0,0,0,TimeStop,1463.4605999999999,0.7714994799724189,0.05543284185443735,False,False,False,False,NORMAL,LOW,NORMAL / LOW
1787247300,0.8208420812189461,0.0935521294388342,1,0.0009257752543133,-0.0028674843981581,-0.0037473557131988,-0.0019760683798273,0.0005957891519371,0.002822405080549,-0.004956525945896,17,59,0.0012091702326971,0.007778931026445,-0.0065697607937478,0.0012091702326971,0,0,0,0,TimeStop,1475.8369899999998,0.7834040702769249,0.05496798125381043,False,False,False,False,NORMAL,LOW,NORMAL / LOW
1787247360,0.7452556628653292,0.123388327198014,1,0.0016219115551095,-0.0028220601410082,-0.0031525716890543,-0.0012633649318865,-8.2318676623588e-05,0.0027486742089263,-0.0050296848843808,16,58,0.0018771131953265,0.0077783590933071,-0.0059012458979806,0.0018771131953265,0,0,0,0,TimeStop,1476.45807,0.7931442180022633,0.0549448586779034,False,False,False,False,NORMAL,HIGH,NORMAL / HIGH
1787247420,0.7250782209758347,0.1266219272580211,1,0.0026958179562013,-0.0018695183419681,-0.0022270637248695,-0.0008188765266987,-0.0001649575007618,0.0030240833827175,-0.0047564120698852,15,57,0.0025293483450157,0.0077804954526028,-0.005251147107587,0.0025293483450157,0,0,0,0,TimeStop,1477.2314199999998,0.8011659178403169,0.05491609432461165,False,False,False,False,NORMAL,HIGH,NORMAL / HIGH
1787247480,0.7146665117270431,0.1233459546807381,1,0.0012641182775014,-0.0031150897249169,-0.0033844018796888,-0.0014876748467944,-0.0004385940806287,0.002583198219242,-0.0051938772706037,14,56,0.0025645112534007,0.0077770754898458,-0.0059676000989309,0.0018094753909148,0,0,0,0,TimeStop,1477.3273800000002,0.8179791802714853,0.05491252724226907,False,False,False,False,NORMAL,HIGH,NORMAL / HIGH
1787247540,0.6917581604232992,0.1199798897927717,1,0.0010227146475067,-0.0035479834723159,-0.0048890347054171,-0.0015289220049272,-0.0008520104301237,0.0020598492007458,-0.0057131666511251,13,55,0.0025631725770197,0.007773015851871,-0.006948883906163,0.000824131945708,0,0,0,0,TimeStop,1470.96391,0.8167533027571001,0.05515008182627676,False,False,False,False,NORMAL,HIGH,NORMAL / HIGH
1787247600,0.6455670717103488,0.1176746325788755,1,0.0008194140290218,-0.0035642519060268,-0.005076741618721,-0.0012666792364166,-0.0010207314358504,0.0020004029094622,-0.0057721518152966,12,54,0.0025630205191324,0.0077725547247588,-0.0070771445281832,0.0006954101965755,0,0,0,0,TimeStop,1462.8542799999998,0.8159829510292265,0.05545581751314287,False,False,False,False,NORMAL,HIGH,NORMAL / HIGH
1787247660,0.6581160045975983,0.1058154228754052,1,0.0012861313950857,-0.0033270405415822,-0.0050344624128786,-0.0003371972696089,-0.000381442388115,0.0026053779254508,-0.0052543139334061,11,60,0.0,0.0078596918588569,-0.0076398403383295,0.0002198515205274,0,0,0,0,TimeStop,1424.1279799999998,0.7975258011167007,0.05696382708525958,False,False,False,False,NORMAL,LOW,NORMAL / LOW
1787247720,0.6069850036158209,0.0949474430239016,1,0.0019185586760913,-0.0032239980848788,-0.0037744166601238,0.0006514821907347,7.012577401251034e-06,0.0032935738528213,-0.0045715129580742,10,59,0.000832159184957,0.0078650868108956,-0.0070679905129452,0.0007970962979504,0,0,0,0,TimeStop,1410.29253,0.7913922442029765,0.05752266162822262,False,False,False,False,NORMAL,LOW,NORMAL / LOW
1787247780,0.5971782242247838,0.0922348244968584,1,0.0015467099248708,-0.0021799110548999,-0.0035125753524466,0.0001169896139067,-0.0003189376078304,0.003086271248187,-0.0047771904621158,9,58,0.0012647525827759,0.0078634617103029,-0.0065988466006336,0.0012646151096692,0,0,0,0,TimeStop,1404.0380099999998,0.789474876558767,0.05777890585739912,False,False,False,False,NORMAL,LOW,NORMAL / LOW
1787247840,0.6130218503737912,0.0920224737640256,1,-0.0003367142189604,-0.0019820785574888,-0.0035812649459883,-0.0005835463566148,-0.00095200791622,0.0028036612517522,-0.0050575850031609,8,57,0.0017210906792006,0.0078612462549132,-0.0063849261977406,0.0014763200571726,0,0,0,0,TimeStop,1377.13168,0.7768558304376137,0.05890778723498685,False,False,False,False,NORMAL,LOW,NORMAL / LOW
1787247900,0.6094535187556552,0.0935584811903053,1,0.000749759384023,-0.0017045235803657,-0.003533892479032,-0.0001223704111095,-0.0003576240890965,0.0032448783170631,-0.0046198267564966,7,56,0.0017218479307025,0.0078647050735597,-0.0067787707960952,0.0010859342774645,0,0,0,0,TimeStop,1365.7390099999998,0.7719266606854843,0.05939918198572948,False,False,False,False,NORMAL,LOW,NORMAL / LOW
1787247960,0.6188785390385714,0.0928170947957676,1,-0.0001311844928377,-0.0027055082773427,-0.0033621182912848,-0.0017330379069555,-0.0004125298516913,0.0033551052838061,-0.004510463888443,6,55,0.0017220371109103,0.0078655691722492,-0.006717223575091,0.0011483455971582,0,0,0,0,TimeStop,1350.4423,0.7672393372046638,0.06007200751931423,False,False,False,False,NORMAL,LOW,NORMAL / LOW
1787248020,0.6317627001478693,0.1049331777288837,1,-0.0025425167671516,-0.0024237358389144,-0.00320254829084,-0.0012230036314793,-0.0005606349830455,0.0031214363143818,-0.0047423010642853,5,54,0.0017216360698084,0.0078637373786671,-0.0063239846052218,0.0015397527734453,0,0,0,0,TimeStop,1353.5632,0.7701783062747883,0.05993349996512907,False,False,False,False,NORMAL,LOW,NORMAL / LOW
1787248080,0.6338995426304044,0.1064210878402621,1,-0.0021350999181947,-0.001805047452087,-0.0031343299790599,-0.0014297691378536,-0.0005774887172505,0.0030240833827175,-0.0048388908202662,4,53,0.0019316523339218,0.0078629742029837,-0.0061584133617775,0.0017045608412062,0,0,0,0,TimeStop,1344.26286,0.7655406667791432,0.06034815244393495,False,False,False,False,NORMAL,LOW,NORMAL / LOW
1787248140,0.6627147474260957,0.1013195228444573,1,-0.0025932377479818,-0.0023672909208934,-0.0037187139189015,-0.0017831256591261,-0.0011319317945507,0.0022149656739381,-0.0056416656388032,3,52,0.0019300941120043,0.0078566313127414,-0.0059336795928396,0.0019229517199017,0,0,0,0,TimeStop,1366.61789,0.7776963941617839,0.05936098202256082,False,False,False,False,NORMAL,LOW,NORMAL / LOW
1787248200,0.6567320375577312,0.102624215561364,1,-0.0037897511945954,-0.0020838139177238,-0.0040918328115559,-0.0018785357280166,-0.0014688032075575,0.0018948755972977,-0.0059592464436755,2,51,0.0020291646070192,0.0078541220409732,-0.0059867084088537,0.0018674136321195,0,0,0,0,TimeStop,1368.39335,0.7783953046550656,0.059283962465909376,False,False,False,False,NORMAL,LOW,NORMAL / LOW
1787248260,0.6607055703915864,0.0956712774054542,1,-0.0044367756384424,-0.0023536026626415,-0.0046162388705011,-0.0026447501996664,-0.0018112340415956,0.0011249381037075,-0.0067231481912149,1,50,0.0021129463101714,0.0078480862949225,-0.0057411769742087,0.0021069093207137,0,0,0,0,TimeStop,1365.52962,0.7821423494231183,0.05940829024272648,False,False,False,False,NORMAL,LOW,NORMAL / LOW
1787248320,0.6935240605887704,0.0949310184848078,1,-0.0045530620716809,-0.0035659780658966,-0.0044912322263185,-0.0029339701121929,-0.0011258241465972,-1.370950007315569e-07,-0.0075144511840346,1,49,0.0031257660183169,0.0075143140890338,-0.0044910951313177,0.0030232189577161,0,0,0,0,TimeStop,1376.889,0.7878839757503237,0.05891816987426002,False,False,False,False,NORMAL,LOW,NORMAL / LOW
1787248380,0.7268146081964274,0.094133912910926,1,-0.004373679154659,-0.0020585975024014,-0.0048305201042953,-0.0021406614519007,-0.0004638397145602,0.0006460820639495,-0.0065321805955811,1,48,0.0031288596130094,0.0071782626595306,-0.0054766021682448,0.0017016604912858,0,0,0,0,TimeStop,1369.64062,0.7839983257415488,0.05922997523248106,False,False,False,False,NORMAL,LOW,NORMAL / LOW
1787248440,0.7381145346238076,0.0989366881331474,1,-0.0045660283757219,-0.00212771269993,-0.0054668318825722,-0.0029285031460897,-0.0006376690069813,0.0001306069050444,-0.0068113147286174,4,47,0.0031279804989622,0.0069419216336619,-0.0055974387876167,0.0013444828460451,0,0,0,0,TimeStop,1352.5032399999998,0.7752475230442417,0.059980469991332525,False,False,False,False,NORMAL,LOW,NORMAL / LOW
1787248500,0.7323353573882622,0.0967430623877507,1,-0.0043800768386388,-0.0023369923161362,-0.0053452250274423,-0.0030301866081228,-0.0011524423710209,0.0002744237102085,-0.006668496158068,3,46,0.0031284302963776,0.0069429198682766,-0.0056196487376509,0.0013232711306257,0,0,0,0,TimeStop,1350.70562,0.7748440733180949,0.06006029648414434,False,False,False,False,NORMAL,LOW,NORMAL / LOW
1787248560,0.7085192141851456,0.0990184015170421,1,-0.0046072464124121,-0.0025021274189827,-0.0051871833658822,-0.0027684922146964,-0.0014820915990245,0.0004118293415436,-0.0065320442612933,2,45,0.003128860042385,0.006943873602837,-0.0055990127074259,0.0013448608954111,0,0,0,0,TimeStop,1342.29238,0.7711446789122298,0.0604367432973135,False,False,False,False,NORMAL,LOW,NORMAL / LOW
1787248620,0.7150284992179787,0.101071892670256,1,-0.0051327093569017,-0.0027926605000961,-0.005489391485741,-0.0033484752833969,-0.0025526308566409,0.0004666099415365,-0.0064776438942716,1,44,0.0031290313726566,0.0069442538358081,-0.0059560014272775,0.0009882524085306,0,0,0,0,TimeStop,1324.4836500000001,0.761928606623981,0.061249363100858205,False,False,False,False,NORMAL,LOW,NORMAL / LOW
1787248680,0.7357407102873816,0.1038605239939288,1,-0.0037208658795857,-0.0020589120626304,-0.00544623418807,-0.0022258212005075,-0.0023335709317852,6.9865749325412e-05,-0.0063141342528708,1,43,0.0031295463351982,0.0063840000021962,-0.0055160999373954,0.0008679000648007,0,0,0,0,TimeStop,1322.95654,0.7605349705136567,0.06132006422523902,False,False,False,False,NORMAL,LOW,NORMAL / LOW
1787248740,0.8059592035193167,0.0903413721437625,1,-0.0016459185427049,-0.0006805293005671,-0.0042088331328406,-0.0006425846365355,-0.0008424815260353,0.0009967348341639,-0.0047224609039353,1,42,0.0031345592026121,0.0057191957380993,-0.0052055679670046,0.0005136277710946,0,0,0,0,TimeStop,1268.41951,0.72891386315894,0.06096787331818951,False,False,False,False,NORMAL,LOW,NORMAL / LOW
1787248800,0.8643231573316317,0.1004837661104911,1,-0.0024524442213201,-0.0016139418637449,-0.0053380848924901,-0.0019032890643107,-0.0015047153564088,2.376878713094562e-05,-0.0053655632591156,1,41,0.0031325337952996,0.0053893320462465,-0.0053618536796211,2.747836662543579e-05,0,0,0,0,TimeStop,1205.09284,0.6956429448992675,0.038409770984947515,False,False,False,False,NORMAL,LOW,NORMAL / LOW
1787248860,0.894266343179197,0.0903994583010248,1,-0.0025746615401733,-0.0014060861912682,-0.0048750922640916,-2.6542902476116778e-05,-0.0002540142014155,0.0003995188170612,-0.0052600331139899,24,60,0.0,0.0056595519310512,-0.0052746110811529,0.0003849408498983,0,0,0,0,TimeStop,1195.34105,0.6906994279700766,0.03872312424976956,False,False,False,False,NORMAL,LOW,NORMAL / LOW
1787248920,0.8487161711172204,0.0714606024927257,1,0.0001190837005425,0.0004136228996854,-0.0023156542277951,0.0015723458979042,0.0021714857662588,0.0025844195241587,-0.0030874930276079,23,59,0.0007718387998127,0.0056719125517666,-0.0049000737519539,0.0007718387998127,0,0,0,0,TimeStop,1211.02081,0.6989060151826065,0.038221754422205184,False,False,False,False,NORMAL,LOW,NORMAL / LOW
1787248980,0.8082221053384923,0.0727600959338114,1,0.0003307586689146,-0.0008359198679611,-0.0027369901016233,0.0012157206385557,0.0017812201537139,0.0020778146619077,-0.0035912318783579,22,58,0.0010743801994443,0.0056690465402657,-0.004814804763531,0.0008542417767346,0,0,0,0,TimeStop,1213.5218499999999,0.7001447591738962,0.038142980285027425,False,False,False,False,NORMAL,LOW,NORMAL / LOW
1787249040,0.8128054555809999,0.0749981765805526,1,0.0002265342843457,-0.0022350464650048,-0.0030288115804877,0.0012874583734644,0.0013830296764042,0.0017293723664528,-0.0039377029340941,21,57,0.0012796088572288,0.005667075300547,-0.0047581839469406,0.0009088913536063,0,0,0,0,TimeStop,1198.7658099999996,0.6933229611080038,0.03861249596366117,False,False,False,False,NORMAL,LOW,NORMAL / LOW
1787249100,0.7981317833530756,0.0658457852636633,1,0.001712426948947,-0.0008824015878267,-0.0018324787738449,0.0023809130003308,0.0028669092512956,0.0026121953908921,-0.0030598742970559,20,56,0.001280736575146,0.005672069687948,-0.004444674164737,0.0012273955232109,0,0,0,0,TimeStop,1196.31966,0.6925802464275863,0.03869144806999159,False,False,False,False,NORMAL,LOW,NORMAL / LOW
1787249160,0.875127919580029,0.063524610288215,1,0.0020924567368755,-0.0003314469111628,-0.00131820777766,0.0022616944944256,0.0029386455246259,0.002492811529777,-0.0031785827688399,19,55,0.0019567082098503,0.005671394298617,-0.0038110193074371,0.0018603749911798,0,0,0,0,TimeStop,1182.21985,0.6848031116949456,0.03915290375136232,False,False,False,False,NORMAL,LOW,NORMAL / LOW
1787249220,0.8838031715069221,0.0647100034207918,1,0.0009915988167471,-0.0003582150725498,-0.0025697558780118,0.0014156450329645,0.0023962260850811,0.0018111827832004,-0.0038563553427412,18,54,0.0022861861608337,0.0056675381259416,-0.0043809386612122,0.0012865994647294,0,0,0,0,TimeStop,1169.6613199999997,0.6795897296692412,0.03957328434182983,False,False,False,False,NORMAL,LOW,NORMAL / LOW
1787249280,0.8897597876885485,0.0607753366474714,1,0.0023252515565196,-0.0002701537078112,-0.0017543450984813,0.0017850819744212,0.0039793916827668,0.002622007134539,-0.0030501180613052,17,53,0.0022880365049332,0.0056721251958442,-0.0043763522330203,0.0012957729628238,0,0,0,0,TimeStop,1163.6091199999994,0.6773921011355941,0.03977911414100985,False,False,False,False,NORMAL,LOW,NORMAL / LOW
1787249340,0.9183830593166852,0.0593577645713518,1,0.0024495001630426,-0.0013458262022232,-0.001206902207155,0.0024241410210858,0.0035161001608926,0.0025339846957578,-0.0031376425314708,16,52,0.0022878356330675,0.0056716272272287,-0.0037408869029129,0.0019307403243158,0,0,0,0,TimeStop,1153.8606399999996,0.6728277522127016,0.04011519103381498,False,False,False,False,NORMAL,LOW,NORMAL / LOW
1787249400,0.9569823784834804,0.0571820594807338,1,0.0020520727588649,-0.0015178998902712,-0.0009299789776239,0.003023672016756,0.0042438904322693,0.0024908773031382,-0.0031805060529944,15,51,0.0022877372597152,0.0056713833561326,-0.0034208562807621,0.0022505270753705,0,0,0,0,TimeStop,1123.08794,0.6607596224432748,0.04121435049867957,False,False,False,False,NORMAL,LOW,NORMAL / LOW
1787249460,0.970681215313479,0.0526076833912142,1,0.0021148626869566,-0.0017131214959661,-0.0007480602959207,0.0029510192838529,0.0045124883055264,0.0028574083474486,-0.0028160485817322,14,50,0.0022885737029646,0.0056734569291808,-0.0036054686433694,0.0020679882858114,0,0,0,0,TimeStop,1113.91727,0.6576871270393665,0.04155366044374193,False,False,False,False,NORMAL,LOW,NORMAL / LOW
1787249520,1.0530677091622611,0.0443798130987751,1,0.0023521216134193,-0.0005521988633228,-0.0003310710147326,0.0029520498813662,0.005352314738178,0.0034420349831706,-0.0022347293494454,13,49,0.0022899078519008,0.005676764332616,-0.0037731059979032,0.0019036583347127,0,0,0,0,TimeStop,1093.65065,0.6453235616501125,0.03903086419781308,False,False,False,True,NORMAL,LOW,NORMAL / LOW
1787249580,1.096373024957087,0.0617638458035526,1,0.0016681608196307,-0.0013355757338535,-0.0013355757338535,0.0013470109294293,0.0042384621287679,0.0021849489955835,-0.0034847036348628,12,48,0.0022870391151197,0.0056696526304463,-0.003520524729437,0.0021491279010093,0,0,0,0,TimeStop,1100.52018,0.6484783788368446,0.03878723059853387,False,False,False,False,NORMAL,LOW,NORMAL / LOW
1787249640,1.0940006572370216,0.0680753710776835,1,0.0009669808137896,-0.0016023623966472,-0.0018338484046193,0.0010753564760585,0.0042718188300441,0.0017039904001472,-0.0039629413072115,11,47,0.002451190328319,0.0056669317073587,-0.0035378388047665,0.0021290929025921,0,0,0,0,TimeStop,1095.94305,0.6473021788186577,0.03894922277211393,False,False,False,False,NORMAL,LOW,NORMAL / LOW
1787249700,1.1046125471386472,0.0770126739885406,1,0.0008405637933929,-0.0018324924252159,-0.0014925757543828,0.0006801088008806,0.0046823934596066,0.0018660984493988,-0.0038017503504874,10,46,0.0024515870100596,0.0056678487998862,-0.0033586742037817,0.0023091745961045,0,0,0,0,TimeStop,1088.4338,0.6443097132696226,0.03921793865644378,False,False,False,False,NORMAL,LOW,NORMAL / LOW
1787249760,1.1216668270837282,0.0720287648069201,1,0.0011715918012565,-0.000658391297046,0.0005169233450525,0.0021886167660758,0.0062149380781262,0.0029818576313964,-0.0026923033436901,9,45,0.0034194982548149,0.0056741609750865,-0.0024649342863438,0.0032092266887426,0,0,0,0,TimeStop,1095.32847,0.6487086312803391,0.03897107686792803,False,False,False,False,NORMAL,LOW,NORMAL / LOW
1787249820,1.076725028979396,0.0794271362899166,1,0.0002945041285015,-0.0007807046738231,-0.0002844438564468,0.0009555880332376,0.0047868979426744,0.0024650422772598,-0.0032061949225943,8,44,0.0034177362596321,0.0056712371998542,-0.0027494861337066,0.0029217510661475,0,0,0,0,TimeStop,1088.3147499999998,0.6459657961740158,0.039222228679708704,False,False,False,False,NORMAL,LOW,NORMAL / LOW
1787249880,1.05923020841045,0.0818598703105973,1,-0.0011662927754298,-0.0013316862839066,-0.0008148487840616,0.0010368424024337,0.0047637737262565,0.0017464783301453,-0.0039206937438286,7,43,0.0034152864364928,0.005667172073974,-0.0025613271142069,0.003105844959767,0,0,0,0,TimeStop,1073.95031,0.6402141106189513,0.03974683893894495,False,False,False,False,NORMAL,LOW,NORMAL / LOW
1787249940,0.969166084723678,0.0917956176835901,1,-0.0024610232432114,-0.0013546298008367,-0.0013820280456144,0.0012060734887011,0.0052816656590812,0.0015024977148625,-0.0041632940895928,6,42,0.0034144546255465,0.0056657918044553,-0.0028845257604769,0.0027812660439783,0,0,0,0,TimeStop,1072.60134,0.6399744998582934,0.039796827029882326,False,False,False,False,NORMAL,LOW,NORMAL / LOW
1787250000,0.9930235749611408,0.0903214049981652,1,-0.0025903926785426,-0.0020122119691388,-0.0020598203759579,0.0004284756613715,0.0037669807904204,0.0008982302881932,-0.0047641429991425,5,41,0.0034123944772046,0.0056623732873357,-0.0029580506641511,0.0027043226231846,0,0,0,0,TimeStop,1081.0837099999999,0.6454647024591034,0.03948457423338661,False,False,False,False,NORMAL,LOW,NORMAL / LOW
1787250060,0.9835130690137632,0.0948399517933111,1,-0.0024188423251198,-0.002267974117782,-0.0020050205968798,-0.000317002021799,0.0029641408138108,0.0003995188170612,-0.0052600331139899,4,40,0.0034106942041715,0.0056595519310512,-0.0024045394139411,0.0032550125171101,0,0,0,0,TimeStop,1077.58495,0.6447547712164172,0.03961277484434058,True,False,False,False,NORMAL,LOW,NORMAL / LOW
1787250120,0.9104207865414138,0.0957927967388577,1,-0.0013484767413558,-0.0009285654042862,-0.0011742933361362,0.0008482153974554,0.0035772263315227,0.0008187720730344,-0.0048431516959973,3,39,0.003680140381368,0.0056619237690317,-0.0019930654091707,0.003668858359861,0,0,0,0,TimeStop,1077.2044199999998,0.6448361347949759,0.03962676833427773,False,False,False,False,NORMAL,LOW,NORMAL / LOW
1787250180,0.8789123835290018,0.0936940417869675,1,-0.0025893842944698,-0.0027776406459902,-0.001539741685883,0.000852585375768,0.0038503855679848,0.0002960671474239,-0.0053628995273514,2,38,0.0038231578414684,0.0056589666747754,-0.001835808833307,0.0038231578414684,0,0,0,0,TimeStop,1083.1562,0.6485104430097423,0.03940902521723091,False,False,False,False,NORMAL,LOW,NORMAL / LOW
1787250240,0.8774635035527324,0.0930794675759617,1,-0.0037860524292233,-0.0033462390178976,-0.0015043570949437,0.0008881508712609,0.0037481066644448,8.427809351135199e-05,-0.0055734904287995,1,37,0.0041536863966769,0.0056577685223108,-0.001588635188455,0.0040691333338557,0,0,0,0,TimeStop,1078.33868,0.6461240067111619,0.03958508657038992,True,False,False,False,NORMAL,LOW,NORMAL / LOW
1787250300,0.8804042098098669,0.0927369510206904,1,-0.0035626618078912,-0.0030152793960857,-0.00110274175323,0.0015992368553955,0.0064811177823916,0.0002742413389799,-0.0052218631687004,1,36,0.0042269474985998,0.0054961045076803,-0.0013769830922099,0.0041191214154704,0,0,0,0,TimeStop,1073.7173100000002,0.6451944242177639,0.0397554641267728,True,False,False,False,NORMAL,LOW,NORMAL / LOW
1787250360,0.8994256921826078,0.0890202244670188,1,-0.0038199056070865,-0.0026917911513454,-0.0008740135533321,0.0027286612335573,0.006561086159604,0.0003226132193552,-0.0049205050761023,2,35,0.0042282280100913,0.0052431182954575,-0.0011966267726873,0.0040464915227702,0,0,0,0,TimeStop,1057.30722,0.6351494177450295,0.04037249457163453,True,False,False,False,NORMAL,LOW,NORMAL / LOW
1787250420,0.910205382692638,0.099269849823158,1,-0.0028975051921547,-0.002704283130324,-0.0014656801698702,0.0024428002831171,0.0092354365407967,0.0006688455986451,-0.0045760874486718,1,34,0.0042296914873983,0.0052449330473169,-0.0021345257685153,0.0031104072788016,0,0,0,0,TimeStop,1054.8207800000002,0.6354167547823444,0.04046766124573313,True,False,False,False,NORMAL,LOW,NORMAL / LOW
1787250480,0.8912604532873815,0.10759613984606,1,-0.0029987341826123,-0.0033943107127103,-0.0014581038927563,0.0020628848395021,0.0087427089647463,0.0,-0.0051442829632092,1,33,0.0042272771474365,0.0051442829632092,-0.0014581038927563,0.0036861790704529,0,0,0,0,TimeStop,1060.56394,0.6405703780389449,0.040248520989691575,False,False,False,False,NORMAL,LOW,NORMAL / LOW
1787250540,0.8471760405291767,0.1086037081769825,1,-0.0025668611049967,-0.003530706581554,-0.0010730794629099,0.0019535549196566,0.0072088928021131,0.0001650891481399,-0.0049251595861765,1,32,0.0042282082324454,0.0050902487343165,-0.0012381686110499,0.0038520801232665,0,0,0,0,TimeStop,1045.62588,0.6353467963477074,0.040823520932745085,False,False,False,False,NORMAL,LOW,NORMAL / LOW
1787250600,0.8626575313685423,0.1066884441881481,1,-0.0026708112313887,-0.0037301632954463,-0.0008399954532355,0.0022354007441611,0.0092395371437898,1.3761393414448344e-07,-0.004638415259954,1,31,0.0042294266480575,0.0046385528738882,-0.0008401330671696,0.0037984198067185,0,0,0,0,TimeStop,1040.65907,0.633365045992414,0.04101836156581041,False,False,False,False,NORMAL,LOW,NORMAL / LOW
1787250660,0.8646620967546007,0.0952987742912988,1,-0.0018278416140535,-0.0034738906625139,0.0002805389819039,0.0041284816202896,0.0096372095226803,0.0003733633676687,-0.0038593735345556,54,30,0.0042327369022243,0.0011477721527668,-9.282438576479767e-05,0.0041399125164595,0,0,0,0,TimeStop,1052.2473000000002,0.6404126711162058,0.040566632957860754,False,False,False,False,NORMAL,LOW,NORMAL / LOW
1787250720,0.8426113026255576,0.0883031453667912,1,-0.0010748922421216,-0.0027281487027034,0.000717237761149,0.0044916222606572,0.0106081200793231,0.0007417610653143,-0.0034996683843083,60,29,0.0042414294496226,0.0,-2.4523304165280997e-05,0.0042169061454573,0,0,0,0,TimeStop,1024.41888,0.6249548225440877,0.041668628754675044,False,False,True,False,NORMAL,LOW,NORMAL / LOW
1787250780,0.8615157046372681,0.079171807114478,1,-0.0001655866309682,-0.0019026607055479,0.0015782432678556,0.0053216592690392,0.0106988817456388,0.0015783811418199,-0.0027576171573669,60,28,0.0043359982991868,0.0,-1.378739642983809e-07,0.0043358604252225,0,0,0,0,TimeStop,1009.70209,0.6161401542708137,0.04227596478482084,False,False,True,False,NORMAL,LOW,NORMAL / LOW
1787250840,0.9060472319798338,0.0774646300202745,1,0.0011091230199062,-0.0007955431914807,0.0018625703277295,0.0058571246385964,0.0107085027060061,0.002634098162632,-0.0017064705099702,59,27,0.0043405686726023,0.0010005018381409,-0.0007715278349025,0.0035690408376997,0,0,0,0,TimeStop,1024.47984,0.6239324800783712,0.041666149330961945,False,False,True,True,NORMAL,LOW,NORMAL / LOW
1787250900,0.9034876746469116,0.0760026800456992,1,0.0005796823142264,-0.00095091627605,0.0017779499442528,0.0058387611297763,0.0094894353519026,0.0021591165873295,-0.0021793958115538,58,26,0.0043385123988833,0.0013727793214821,-0.0003811666430766,0.0039573457558066,0,0,0,0,TimeStop,1010.76547,0.6156090853764317,0.04223148818093281,False,False,True,True,NORMAL,LOW,NORMAL / LOW
1787250960,0.8304873327401736,0.0759422590467693,1,0.0001512340185829,-0.000987088033777,0.0018951814525607,0.0048687152235858,0.0078557594174195,0.0021575318056721,-0.0028480798449444,60,25,0.0050056116506165,0.0,-0.0002623503531114,0.0047432612975051,0,0,0,0,TimeStop,1009.96335,0.6157171039001745,0.04226502872604238,False,False,True,False,NORMAL,LOW,NORMAL / LOW
1787251020,0.8572346333699439,0.0915479413995136,1,0.0004204783423344,-0.0022123332965943,0.0014113303207318,0.0053827289760828,0.0076877824313897,0.0015430397883831,-0.0034993938057974,60,24,0.0050424335941805,0.0,-0.0001317094676512,0.0049107241265292,0,0,0,0,TimeStop,1019.1707100000001,0.6223893304990844,0.041883199331739035,False,False,True,False,NORMAL,LOW,NORMAL / LOW
1787251080,0.8556878445125481,0.088744951064071,1,-0.0001887450850793,-0.0014845924588274,0.0019031681186526,0.0040302383689114,0.0075321559445256,0.0022653546332644,-0.0027807155741166,59,23,0.005046070207381,0.0005239089286351,-0.0003621865146118,0.0046838836927692,0,0,0,0,TimeStop,1016.6657900000001,0.6227305410631232,0.04198639358170987,False,False,True,False,NORMAL,LOW,NORMAL / LOW
1787251140,0.891752585904665,0.0799285229248726,1,0.0004414848962897,0.0001391112145858,0.0033766211183244,0.0038365989736959,0.0091217210706982,0.0035604466518843,-0.0017942310524107,60,22,0.0053546777042951,0.0,-0.0001838255335599,0.0051708521707351,0,0,0,0,TimeStop,1044.97579,0.6379879104595275,0.04084891765769999,False,False,True,True,NORMAL,LOW,NORMAL / LOW
1787251200,0.9085360163567272,0.0812800735671742,1,0.0005493395227426,0.0005888146743769,0.0038295037835414,0.0044631765847755,0.009329110136225,0.0038296418085472,-0.0016651336689365,60,21,0.0054947754774837,0.0,-1.3802500584310373e-07,0.0054946374524779,0,0,0,0,TimeStop,1048.16861,0.6410350867824867,0.040724488019155625,True,False,True,True,NORMAL,LOW,NORMAL / LOW
1787251260,0.91691972746802,0.072907051911862,1,0.0011324402706808,0.0009667173042397,0.0047210330064908,0.0048889656124843,0.0099056760116006,0.0048612070156055,-0.0011048197762739,60,20,0.0059660267918795,0.0,-0.0001401740091146,0.0058258527827648,0,0,0,0,TimeStop,1051.7611200000001,0.644523716295487,0.04058538501594354,False,False,True,True,NORMAL,LOW,NORMAL / LOW
1787251320,0.8883556816125481,0.0866966753032172,1,0.0001937835506749,0.0002212500226011,0.0044426673284384,0.0041686927215367,0.0092437790166367,0.0044447376655182,-0.0016834600908712,60,19,0.0061281977563895,0.0,-2.070337079780604e-06,0.0061261274193097,0,0,0,0,TimeStop,1059.2913800000001,0.6487023869421472,0.040296872801891384,False,False,True,True,NORMAL,LOW,NORMAL / LOW
1787251380,0.8544442405257786,0.0847318336955809,1,-0.0003967663268448,0.0,0.0036423590268959,0.0040559561923621,0.0086830572363017,0.003973319533885,-0.0021520020627435,59,18,0.0061253215966285,0.0003310984646826,-0.000330960506989,0.0057943610896394,0,0,0,0,TimeStop,1067.33701,0.6523391809528111,0.03999311332790756,True,False,True,True,NORMAL,LOW,NORMAL / LOW
1787251440,0.8727066699347376,0.084797985121449,1,-0.0009663259009271,-0.0002318575277559,0.0030084927991754,0.0036215842393156,0.0083665947508337,0.0037596505006384,-0.0023643674841127,58,17,0.0061240179847511,0.0009377747359983,-0.000751157701463,0.0053728602832881,0,0,0,0,TimeStop,1072.25607,0.6545529826598832,0.03980964173977584,True,False,True,True,NORMAL,LOW,NORMAL / LOW
1787251500,0.8889650236267425,0.0881049544092743,1,-0.0010621889702892,0.000340540709103,0.0034236207756326,0.0038777210485894,0.0084391451821078,0.004153547984366,-0.0019728732004672,57,16,0.0061264211848333,0.000965877213825,-0.0007299272087334,0.0053964939760998,0,0,0,0,TimeStop,1079.10512,0.6585680311997062,0.03955697105764821,True,False,True,True,NORMAL,LOW,NORMAL / LOW
1787251560,0.8607797330201875,0.0850209566847851,1,-0.0016490632749385,0.0011760889688401,0.0016345760222723,0.0035971158501444,0.0093525563999095,0.0040907862314807,-0.0020352520388737,56,15,0.0061260382703544,0.0025663133294728,-0.0024562102092084,0.003669828061146,0,0,0,0,TimeStop,1077.52172,0.6574814414921385,0.039615099359667665,True,False,True,True,NORMAL,LOW,NORMAL / LOW
1787251620,0.8952410849028866,0.0958102936509922,1,-0.0016550354453424,0.0004966485532231,0.0019859046147905,0.0037238297520205,0.0085323973188424,0.0036962458279314,-0.0024273853198355,55,14,0.006123631147767,0.0025653049402808,-0.0017103412131409,0.0044132899346261,0,0,0,0,TimeStop,1069.4113499999999,0.6533943403936066,0.0399155385811082,True,False,True,True,NORMAL,LOW,NORMAL / LOW
1787251680,0.966036024887716,0.0933300779414259,1,-0.00173736175846,0.0005175266830304,0.0017099202956507,0.0029785708375851,0.0083289666013955,0.0035301580297305,-0.0025924598030833,54,13,0.0061226178328139,0.0025648804434761,-0.0018202377340798,0.0043023800987341,0,0,0,0,TimeStop,1086.0782499999998,0.6618740161598914,0.03930299681445606,True,False,True,False,NORMAL,LOW,NORMAL / LOW
1787251740,0.9884249017831076,0.0880084502340966,1,-0.0019025560426834,-2.743540960108692e-05,0.0019428130256155,0.0026522734166046,0.0079135302065238,0.0033087931177103,-0.0028124741500537,53,12,0.006121267267764,0.0025643146662254,-0.0013659800920947,0.0047552871756693,0,0,0,0,TimeStop,1049.69563,0.6414048847994193,0.03483469774948001,True,False,True,False,NORMAL,LOW,NORMAL / LOW
1787251800,0.9287447336138088,0.0758136638925288,1,-0.0015297118433751,-4.77043981801517e-05,0.0022223907348683,0.0021688956293947,0.0073422032262511,0.0033641251895767,-0.0027574796635874,52,11,0.0061216048531642,0.0025644560871363,-0.0011417344547083,0.0049798703984558,0,0,0,0,TimeStop,1038.91783,0.6358704170905546,0.0351960751313701,False,False,True,False,NORMAL,LOW,NORMAL / LOW
1787251860,0.94071202021942,0.0770020684706335,1,-0.0011381499253729,0.000263551248312,0.0019806317400613,0.0015705559222116,0.0069460640716241,0.0031212627964331,-0.0029988603338278,51,10,0.006120123130261,0.0025638353653796,-0.0011406310563718,0.0049794920738891,0,0,0,0,TimeStop,1036.94968,0.6350009301653509,0.03526287794408693,False,False,True,False,NORMAL,LOW,NORMAL / LOW
1787251920,0.9742907369508363,0.0802781752011487,1,-0.0026317050639459,-0.0002459563183782,0.0015642876934254,1.3220496396476226e-05,0.0057217206696401,0.0021962549638832,-0.0039182246195389,50,9,0.0061144795834221,0.002561471176839,-0.0006319672704577,0.0054825123129644,0,0,0,0,TimeStop,1013.49676,0.6237990055445707,0.03607888198872979,False,True,True,False,NORMAL,LOW,NORMAL / LOW
1787251980,0.997330876956463,0.0682873624409673,1,-0.0012960920047437,0.0012413469759232,0.0027029151383104,0.0012518271325739,0.007363826911939,0.0035301580297305,-0.0025924598030833,49,8,0.0061226178328139,0.0025648804434761,-0.0008272428914201,0.0052953749413937,0,0,0,0,TimeStop,1011.9991799999999,0.6217501988914913,0.03613227236014164,False,True,True,False,NORMAL,LOW,NORMAL / LOW
1787252040,1.0043261693162626,0.067356991021978,1,-0.0003022402471997,0.0018480659934889,0.0025522816310765,0.0016277658224355,0.0085525299343376,0.0038900844231087,-0.0022347293494454,48,7,0.0061248137725542,0.0025658003641781,-0.0013378027920321,0.004787010980522,0,0,0,0,TimeStop,1010.1389999999999,0.6206525355543493,0.03619881026274602,False,False,True,True,NORMAL,LOW,NORMAL / LOW
1787252100,1.0069229841190968,0.0681329193644442,1,3.945347827935079e-05,0.0019183219194144,0.0023274793200317,0.0018974915864768,0.0076916349245499,0.0039116882170945,-0.0022132573619363,47,6,0.0061249455790308,0.0025658555804048,-0.0015842088970627,0.004540736681968,0,0,0,0,TimeStop,1008.9079799999998,0.6194296069728741,0.03624297827439129,False,False,True,True,NORMAL,LOW,NORMAL / LOW
1787252160,0.9859655669934902,0.0716455530677017,1,-0.0001655355073663,0.0018226838823594,0.0024313027644429,0.0016266622523864,0.0073939193290294,0.0038900844231087,-0.0022347293494454,46,5,0.0061248137725542,0.0025658003641781,-0.0014587816586657,0.0046660321138884,0,0,0,0,TimeStop,994.29646,0.6112166748911962,0.036775580997241,False,False,True,True,NORMAL,LOW,NORMAL / LOW
1787252220,0.977111582381346,0.0694943672913004,1,2.7461150407001005e-05,0.0012419615761927,0.0021527333987341,0.0024799212761956,0.0077277609185327,0.0042501305094623,-0.0018768799330885,45,4,0.0061270104425509,0.0025667205907983,-0.0020973971107282,0.0040296133318226,0,0,0,0,TimeStop,993.7318100000001,0.6110677982939361,0.036796477311116765,True,False,True,True,NORMAL,LOW,NORMAL / LOW
1787252280,0.9688379376597086,0.0657170651946945,1,0.000396923812848,0.0019428012911893,0.003238048156133,0.0030141919584837,0.0082158812861049,0.0043718204518721,-0.0017559324307594,44,3,0.0061277528826315,0.0025670316129943,-0.001133772295739,0.0049939805868925,0,0,0,0,TimeStop,984.01138,0.6052660896184529,0.03715996658493929,False,False,True,True,NORMAL,LOW,NORMAL / LOW
1787252340,1.018536586830615,0.055387396985262,1,0.000735178795483,0.0024663350239454,0.0035813216816582,0.0033188663032145,0.0081979683938006,0.0047305476522876,-0.0013993938537119,43,2,0.0061299415059996,0.0025679484687295,-0.0011492259706293,0.0049807155353702,0,0,0,0,TimeStop,968.0066200000001,0.5968381614058201,0.037774359435682366,False,False,True,True,NORMAL,LOW,NORMAL / LOW
1787252400,1.015494274251644,0.0496256977311637,1,0.0014042212276921,0.0029009890049174,0.0034532294601911,0.0032598486104204,0.0092270291176308,0.005221282943809,-0.0009116525774904,42,1,0.0061329355212995,0.0025692027183822,-0.0017680534836178,0.0043648820376816,0,0,0,0,TimeStop,971.39407,0.5990184747345326,0.03764263251061435,False,False,True,True,NORMAL,LOW,NORMAL / LOW
1787252460,0.9852576987387666,0.0373981838551089,1,0.0028298187940266,0.0037675175885897,0.0048723022847924,0.0035523374820112,0.0110197920091477,0.005749330516229,-0.0002209845795883,41,4,0.0059703150958173,0.0025705523329213,-0.0008770282314365,0.0050932868643807,0,0,0,0,TimeStop,968.6814600000001,0.598804125032682,0.03774804361384184,False,False,True,False,NORMAL,LOW,NORMAL / LOW
1787252520,1.0181504658363547,0.0236910331922213,1,0.0021552510153896,0.0034548117039206,0.0038970242864641,0.0035153206421132,0.0106392120023209,0.0053601525156798,-0.0006078523471389,40,3,0.0059680048628187,0.0025695576492691,-0.0014631282292156,0.0045048766336031,0,0,0,0,TimeStop,945.41974,0.5935856126038987,0.03867682094304483,False,False,True,False,NORMAL,LOW,NORMAL / LOW
1787252580,1.020114809640733,0.0050533519681303,1,0.0022588128164973,0.0034875395779175,0.0039635589618247,0.003187368329737,0.0099180835012041,0.005276687302922,-0.0006908220948692,39,2,0.0059675093977912,0.002569344324049,-0.0013131283410972,0.0046543810566939,0,0,0,0,TimeStop,943.9865400000001,0.5996736283737997,0.03873554171651642,False,False,True,True,NORMAL,LOW,NORMAL / LOW
1787252640,0.9443747602366552,0.0062179103068635,1,0.0018786949555223,0.0026602298469528,0.0043293828388307,0.0030806950660257,0.0098259572352063,0.005221282943809,-0.0007458975634012,38,1,0.0059671805072103,0.0025692027183822,-0.0008919001049782,0.005075280402232,0,0,0,0,TimeStop,946.89227,0.6257766591380705,0.0386166738904733,False,False,True,True,NORMAL,LOW,NORMAL / LOW
1787252700,0.9590766076681476,0.0255480641670357,1,0.0014842779627734,0.0027314636135105,0.004221126899621,0.0028364083759729,0.0104222576794366,0.0049013346626336,-0.0002078182467182,37,1,0.0051091529093518,0.0025683849760525,-0.0006802077630125,0.0044289451463393,0,0,0,0,TimeStop,939.8834,0.6273758424875542,0.038904644980430544,False,False,True,True,NORMAL,LOW,NORMAL / LOW
1787252760,1.0022123543274426,0.0255266094640814,1,0.0014032983375832,0.0028851173511511,0.00358462755601,0.0013193957523488,0.0112676480049192,0.004264266095945,-0.0006484510658182,36,1,0.0049127171617632,0.0025667567193481,-0.0006796385399349,0.0042330786218282,0,0,0,0,TimeStop,917.4492200000001,0.6191679709295785,0.03985597153813047,False,True,True,True,NORMAL,LOW,NORMAL / LOW
1787252820,0.950488761379348,0.0243981948987768,1,0.0023920438996115,0.0036316981440534,0.003995668804373,0.0026588084351719,0.0117656691716574,0.0048406993207446,-7.483766991393466e-05,35,1,0.0049155369906585,0.0025682300007373,-0.0008450305163715,0.0040705064742869,0,0,0,0,TimeStop,917.5364400000001,0.622234586095667,0.039852182873521616,False,False,True,True,NORMAL,LOW,NORMAL / LOW
1787252880,0.9560338517102124,0.035648435383528,1,0.0025407320031024,0.0033927974990614,0.003545647361973,0.0020157679752889,0.0108250012668451,0.0048325134164761,-1.3807575684861016e-07,34,1,0.004832651492233,0.0025682090787295,-0.0012868660545031,0.0035457854377298,0,0,0,0,TimeStop,916.9908800000001,0.6291667673978169,0.039875892767875724,False,False,True,True,NORMAL,LOW,NORMAL / LOW
1787252940,0.8506413954934641,0.0290045301910038,1,0.0021509563462665,0.0032370595924469,0.0036354308377429,0.0021102498975785,0.0111756450143777,0.0041935921426343,-0.0002496202226324,33,1,0.0044432123652668,0.002566576086769,-0.0005581613048913,0.0038850510603754,0,0,0,0,TimeStop,911.60887,0.6294423778936133,0.04011131440614438,False,False,True,True,NORMAL,LOW,NORMAL / LOW
1787253000,0.832961265593877,0.0278785336301118,1,0.0018787943161643,0.0032387820667564,0.0039573312292307,0.0022717961521961,0.0115326519830107,0.0040376145105823,-0.0005421190647963,60,3,0.0045797335753786,0.0,-8.028328135161432e-05,0.004499450294027,0,0,0,0,TimeStop,914.58953,0.6345864686173589,0.0399805910745556,False,False,True,True,NORMAL,LOW,NORMAL / LOW
1787253060,0.8159374621525435,0.0212562305467517,1,0.0019885485651214,0.0037506898454746,0.0037018487858719,0.0023022902869756,0.0115802980132449,0.0042218543046357,-0.0003587196467991,59,2,0.0045805739514348,0.0005201434878586,-0.0005200055187638,0.004060568432671,0,0,0,0,TimeStop,913.57749,0.6349331015019815,0.04002488064805537,False,False,True,True,NORMAL,LOW,NORMAL / LOW
1787253120,0.8131585284829657,0.0213000994012968,1,0.0012144670751227,0.0042204835237622,0.0032842082022409,0.0025251145333113,0.0127759838825413,0.004388143732406,-0.0001931887177788,58,1,0.0045813324501849,0.001103935530165,-0.001103935530165,0.0034773969200198,0,0,0,0,TimeStop,903.55439,0.6322875053965569,0.04046887537118822,False,False,True,True,NORMAL,LOW,NORMAL / LOW
1787253180,0.7833440569470045,0.0200279189537971,1,0.0015452641262124,0.0036423590268959,0.0026861742524312,0.0026087799863117,0.0116714967954495,0.0041388687662263,-0.0001276108665964,57,2,0.0042664796328227,0.0016554923234131,-0.001452694513795,0.0028137851190277,0,0,0,0,TimeStop,877.01426,0.6176639691142048,0.041423294531151636,False,False,True,True,NORMAL,LOW,NORMAL / LOW
1787253240,0.7645504070207311,0.023500926459447,1,0.001729884454093,0.0032411018007821,0.0029145497230376,0.0029973259151148,0.0139448911982832,0.0041579860883572,-0.0001085747719411,56,1,0.0042665608602984,0.0016555238415437,-0.0012434363653195,0.0030231244949788,0,0,0,0,TimeStop,881.72087,0.6249259390898425,0.04120217773681596,False,False,True,True,NORMAL,LOW,NORMAL / LOW
1787253300,0.7388102722683568,0.0252592843129569,1,0.0014946689313834,0.0030820305096744,0.0021759322990562,0.0048324318329722,0.012087976356754,0.0039772318168613,-1.3793548659795678e-07,55,1,0.0039773697523479,0.001801299517805,-0.001801299517805,0.0021760702345428,0,0,0,0,TimeStop,883.0325399999999,0.6305426616137948,0.041140975393726714,False,False,True,True,NORMAL,LOW,NORMAL / LOW
1787253360,0.7634959710842205,0.0365728103091564,1,0.0009350527646761,0.0004579484652937,0.0016708297301302,0.0032145970211988,0.0121446610003066,0.003076647453411,-0.0006820303806016,54,5,0.0037586778340127,0.0017996837220198,-0.0014058177232808,0.0023528601107318,0,0,0,0,TimeStop,879.0176,0.6327747308896788,0.0413288880677702,False,False,True,True,NORMAL,LOW,NORMAL / LOW
1787253420,0.7566767746219999,0.0362033762919109,1,0.0012967658326534,0.0014885167918563,0.0012403847094946,0.0031704387567976,0.0128474521177454,0.0033634303764123,-0.0003963220759943,53,4,0.0037597524524066,0.0021504780471343,-0.0021230456669176,0.0016367067854889,0,0,0,0,TimeStop,887.38522,0.6438132272016323,0.0409391763365182,False,False,True,True,NORMAL,LOW,NORMAL / LOW
1787253480,0.6706572504225694,0.0303022300584232,1,0.0012259575527874,0.0011917768363073,0.001853201265293,0.0030901848556547,0.0158384894990085,0.0031764635996732,-0.0005825882603297,52,3,0.003759051860003,0.0021500773269797,-0.0013232623343802,0.0024357895256227,0,0,0,0,TimeStop,891.55949,0.6507320371928723,0.040747499642452355,False,False,True,True,NORMAL,LOW,NORMAL / LOW
1787253540,0.6952322910704647,0.0285220574124366,1,0.0007800693790231,0.0019703024912725,0.00259168331334,0.0028078637280285,0.0153034501594538,0.0035017642555335,-0.0002585065545543,51,2,0.0037602708100879,0.002150774533892,-0.0009100809421935,0.0028501898678943,0,0,0,0,TimeStop,884.55958,0.6510703258871258,0.04106995257459085,True,False,True,True,NORMAL,LOW,NORMAL / LOW
1787253600,0.737815343412862,0.0258402685480118,1,0.001245337224139,0.0022702034317369,0.0024934320594917,0.0027793963423596,0.015628072151243,0.003577449027625,-0.0001831053845943,50,1,0.0037605544122193,0.0021509367467412,-0.0010840169681332,0.0026765374440861,0,0,0,0,TimeStop,869.3735800000001,0.6446033432641027,0.04178735222204475,True,False,True,True,NORMAL,LOW,NORMAL / LOW
1787253660,0.7535932589260881,0.0371537567143029,1,0.0014797424933868,0.0017166280722778,0.0016914098867414,0.0025937523943495,0.0160037637108382,0.0030223237441757,-0.0002990353148304,49,14,0.0033213590590062,0.002149746963758,-0.0013309138574343,0.0019904452015718,0,0,0,0,TimeStop,881.41847,0.6530185875875111,0.04121631351791392,False,False,True,True,NORMAL,LOW,NORMAL / LOW
1787253720,0.7593230176041966,0.0482975468249277,1,0.0012366960132876,0.0018106893622929,0.0020248865443671,0.0019164793531822,0.015611462014919,0.0026081089680984,-0.0007118784803599,48,13,0.0033199874484584,0.0021488591899406,-0.0005832224237312,0.0027367650247271,0,0,0,0,TimeStop,879.92451,0.6606937852874538,0.04128629170700109,False,False,True,True,NORMAL,LOW,NORMAL / LOW
1787253780,0.7269571921664423,0.063177971474715,1,0.0008499061122998,0.0014597560985685,0.0023960163078403,0.0014597560985685,0.0162183185824376,0.0024787895331672,-0.0008682236480213,60,12,0.0033470131811885,0.0,-8.277322532682704e-05,0.0032642399558617,0,0,0,0,TimeStop,872.67188,0.6615530952080496,0.04162941517033871,False,False,True,True,NORMAL,LOW,NORMAL / LOW
1787253840,0.745255019834157,0.0558668397823045,1,0.0010837720997047,0.0007029166013204,0.0023961125751573,0.0013590179931503,0.0161542764936564,0.0023962502669499,-0.001115165828422,60,11,0.003511416095372,0.0,-1.3769179254717256e-07,0.0035112784035794,0,0,0,0,TimeStop,883.3776700000001,0.6710713031757948,0.04112490187803819,False,False,True,True,NORMAL,LOW,NORMAL / LOW
1787253900,0.732565606795954,0.0467225938195526,1,0.0013574374049111,0.0004083740078067,0.0027049614825932,0.001466346319333,0.01666664371915,0.0027049614825932,-0.0011637144686388,60,10,0.003868675951232,0.0,0.0,0.003868675951232,0,0,0,0,TimeStop,877.0145400000001,0.6681410232543067,0.041423281306145726,False,False,True,True,NORMAL,LOW,NORMAL / LOW
1787253960,0.7713482338711086,0.0417699731036557,1,0.0017586441310897,0.0006075115805173,0.003605826327971,0.0015595367545193,0.0167696329030033,0.0040662793482,-0.0010898581504523,60,9,0.0051561374986523,0.0,-0.0004604530202289,0.0046956844784234,0,0,0,0,TimeStop,874.3994500000002,0.6660132829021675,0.04154716702989691,False,True,True,True,NORMAL,LOW,NORMAL / LOW
1787254020,0.7970635484432693,0.0258853935610658,1,0.003002370168922,0.0009096420820273,0.0039142174438754,0.0021856218389076,0.0181925659914321,0.0050089579071397,-0.0001520204873448,59,8,0.0051609783944845,0.001094878287822,-0.0010947404632642,0.0040662379312202,0,0,0,0,TimeStop,882.5627800000001,0.6750113924926777,0.04116287342187713,False,False,True,True,NORMAL,LOW,NORMAL / LOW
1787254080,0.8064567765289382,0.0264440124180218,1,0.0020938593349678,0.0012927353370617,0.0035261301964242,0.0008880409928648,0.0176036529931954,0.0044276701837516,-0.0007303231493981,58,7,0.0051579933331497,0.0013697347034353,-0.0009015399873274,0.0042564533458223,0,0,0,0,TimeStop,874.7196100000001,0.6713113020176076,0.04153196016721289,False,True,True,True,NORMAL,LOW,NORMAL / LOW
1787254140,0.7954796825864779,0.020386138839176,1,0.0015086076298029,0.0011122434926317,0.0030298856906762,0.0006259468392782,0.0152320616994904,0.0042616719460129,-0.0008954689436717,57,6,0.0051571408896847,0.0013695083321856,-0.0012317862553367,0.0039253546343479,0,0,0,0,TimeStop,876.9984600000001,0.6775123856115717,0.041424040813024914,False,True,True,True,NORMAL,LOW,NORMAL / LOW
1787254200,0.7885917984699249,0.0097918903566049,1,0.0015849925391861,0.000550643045852,0.0030779816880197,0.0016217663494018,0.0158152175260398,0.0043167219467476,-0.0008407016387898,56,5,0.0051574235855374,0.0013972670585716,-0.0012387402587278,0.0039186833268095,0,0,0,0,TimeStop,875.3920400000002,0.6833356013818181,0.0415000575056634,False,False,True,True,NORMAL,LOW,NORMAL / LOW
1787254260,0.7769379453812087,0.0037804340369605,1,-0.0004766585984421,0.001100638023092,0.0038468634432318,0.0020360564280067,0.0175877660380058,0.0039768362095314,-0.0011788419756963,55,4,0.0051556781852278,0.0013967941886752,-0.0001299727662996,0.0050257054189281,0,0,0,0,TimeStop,854.2523800000002,0.6747930201602967,0.04252703398965068,False,False,True,True,NORMAL,LOW,NORMAL / LOW
1787254320,0.7760757456937172,0.0024989891748579,1,0.0001915026251417,0.0004406900812928,0.003771679308685,0.0021072172396968,0.0171669506394067,0.0039010915787305,-0.0012541976384188,54,3,0.0051552892171494,0.0013966888080964,-0.0001294122700455,0.0050258769471039,0,0,0,0,TimeStop,847.1192900000001,0.6921195268515243,0.04288512896454052,False,False,True,True,NORMAL,LOW,NORMAL / LOW
1787254380,0.7536991887630494,0.0211305076625782,1,-3.4138863682359976e-05,0.0004743650171355,0.0037375172896827,0.0023144222382761,0.0155210691851604,0.0040542653757037,-0.0013696842485485,60,2,0.0054239496242523,0.0,-0.000316748086021,0.0051072015382312,0,0,0,0,TimeStop,835.9761800000001,0.691090062387143,0.04345676452168768,False,False,True,True,NORMAL,LOW,NORMAL / LOW
1787254440,0.8027688963499044,0.0080278581469225,1,0.0011893053715467,0.0016647244422297,0.0039871280045527,0.0031040691105862,0.0158821103977911,0.0048273426994518,-0.0006007831258328,59,1,0.0054281258252847,0.0012237460460383,-0.000840214694899,0.0045879111303856,0,0,0,0,TimeStop,829.0963899999999,0.6882974797634387,0.04381736603629405,False,False,True,True,NORMAL,LOW,NORMAL / LOW
1787254500,0.8213819187363053,0.0291511526052,1,0.0010235914910118,0.0014856054089918,0.0040536040803747,0.0025770874697694,0.0151087502268756,0.004436159867006,-0.0003974283658092,58,11,0.0048335882328153,0.0012232696373817,-0.0003825557866313,0.004451032446184,0,0,0,0,TimeStop,838.0634100000001,0.6981429463608813,0.04334853373445811,False,False,True,True,NORMAL,LOW,NORMAL / LOW
1787254560,0.8574857716635629,0.0404573531698304,1,0.0002365355671611,0.0006974978417333,0.0029679090448504,0.0022442670741115,0.0127409972691769,0.0036455923888111,-0.0011841914432742,57,10,0.0048297838320853,0.0012223068313508,-0.0006776833439606,0.0041521004881246,0,0,0,0,TimeStop,853.01594,0.7198143274904629,0.04258867659612551,False,False,True,True,NORMAL,LOW,NORMAL / LOW
1787254620,0.8885503142715769,0.0451954083696597,1,0.0005732843705097,0.0003626536118703,0.0039658015993078,0.0018124425958953,0.0118553061616444,0.0058368521006118,-0.0013543103775615,60,9,0.0071911624781733,0.0,-0.0018710505013039,0.0053201119768693,0,0,0,0,TimeStop,844.4139799999999,0.7143649106364405,0.043022523146762685,False,True,True,False,NORMAL,LOW,NORMAL / LOW
1787254680,0.8928275133467465,0.05416542965998,1,0.000609332111183,0.0001523330277958,0.00212302976769,0.0019028555631072,0.0146260348015605,0.006068138687181,-0.0011246773587846,59,8,0.0071928160459657,0.0039451089194909,-0.0039451089194909,0.0032477071264747,0,0,0,0,TimeStop,848.34589,0.718793545852557,0.042823122535549735,False,False,True,False,NORMAL,LOW,NORMAL / LOW
1787254740,0.9661875226869674,0.0506674968370737,1,-0.0003804431846751,0.0003970858547209,0.0004584299112519,0.0008738089487501,0.0129151245834519,0.0055845098279781,-0.0016048485462007,58,7,0.0071893583741788,0.0051260799167261,-0.0051260799167261,0.0020632784574527,0,0,0,0,TimeStop,823.8681599999998,0.700083425441999,0.04409542905505659,True,False,True,False,NORMAL,LOW,NORMAL / LOW
1787254800,0.9677170981993825,0.0546058700789965,1,-0.0009477768493575,0.0007162294513714,0.0006312554062674,0.0010437507708507,0.011795992442535,0.005260828381441,-0.0019262158541492,57,6,0.0071870442355903,0.005139967239618,-0.0046295729751736,0.0025574712604167,0,0,0,0,TimeStop,817.8250399999998,0.6968522877167622,0.044421261545134406,False,False,True,True,NORMAL,LOW,NORMAL / LOW
1787254860,0.998689854823344,0.0541389163575071,1,-0.0011491116720743,-4.865855644919199e-05,0.0001671435159379,0.0007992923891281,0.0111081711324179,0.0049325206163141,-0.0022521764051361,56,5,0.0071846970214502,0.005138288579603,-0.0047653771003761,0.0024193199210741,0,0,0,0,TimeStop,820.4399199999999,0.7007177664660864,0.04427968351418103,True,False,True,True,NORMAL,LOW,NORMAL / LOW
1787254920,1.0155249701226003,0.0522547070945683,1,-0.002086463750372,-0.0009323403942488,-0.0002727628124663,4.0673950876473495e-05,0.0124419691963527,0.0046287230921545,-0.002553801949464,55,4,0.0071825250416186,0.0055610634864033,-0.0049014859046209,0.0022810391369976,0,0,0,0,TimeStop,816.7364299999999,0.6977486587139639,0.04448046966632798,True,False,True,False,NORMAL,LOW,NORMAL / LOW
1787254980,1.0586800442495243,0.0494135855937954,1,-0.0007994500619311,-0.0009527146456749,0.0004120961632858,-0.000412508534363,0.0131999981855673,0.0049579374628264,-0.0022269412746471,54,3,0.0071848787374736,0.0055628858332802,-0.0045458412995406,0.002639037437933,0,0,0,0,TimeStop,793.0725599999998,0.6791687830587058,0.04580768750844186,False,True,True,True,NORMAL,LOW,NORMAL / LOW
1787255040,1.067884692874491,0.0530024661856487,1,-0.0003957670799347,-0.00032549710848,0.0006112524914213,0.0003088578393098,0.0133453814476824,0.0053790219245061,-0.0018088673278185,53,2,0.0071878892523247,0.0055652167216678,-0.0047677694330848,0.0024201198192398,0,0,0,0,TimeStop,790.0043699999999,0.6786322820996598,0.04598559372526003,False,False,True,False,NORMAL,LOW,NORMAL / LOW
1787255100,1.0785955923652997,0.0533503641861103,1,-0.0010327126514863,-0.0009033141687901,0.0004525509102583,0.0004247735526552,0.0128561036617981,0.0053574547139687,-0.0018302803450443,52,1,0.007187735059013,0.0055650973376364,-0.0049049038037103,0.0022828312553027,0,0,0,0,TimeStop,779.87938,0.6713922284256071,0.046582613839591454,False,False,True,False,NORMAL,LOW,NORMAL / LOW
1787255160,1.0633745726232735,0.0372784334547322,1,0.0015780488120691,0.0012123260819677,0.0019593371423597,0.0021490170667853,0.0147928301264065,0.0070901997603724,-2.7274237499045065e-05,51,1,0.0071174739978714,0.0055746888464071,-0.0051308626180126,0.0019866113798587,0,0,0,0,TimeStop,785.2499600000001,0.6856771409534695,0.04626402018536874,False,False,True,False,NORMAL,LOW,NORMAL / LOW
1787255220,1.052806929763804,0.0306346399500309,1,0.0002491397452359,-0.0002477632825551,0.0017344806241541,0.0011657262444218,0.0134619426650987,0.0063415012169993,-0.000577976679694,50,1,0.0069194778966934,0.0055705444694486,-0.0046070205928451,0.0023124573038482,0,0,0,0,TimeStop,784.65517,0.6877219944948464,0.046299089573321746,False,False,True,False,NORMAL,LOW,NORMAL / LOW
1787255280,1.1123624887245531,0.0377657759960996,1,0.0005085212411552,0.0006606370969963,0.0012664849536081,0.001257674623496,0.0153989427603865,0.0064521901930012,-0.0002753228160017,49,10,0.006727513009003,0.0055711571817956,-0.0051857052393931,0.0015418077696098,0,0,0,0,TimeStop,756.01783,0.6647776873827481,0.03479587247300768,False,False,True,False,NORMAL,LOW,NORMAL / LOW
1787255340,1.0990572379193335,0.0362764287198348,1,0.0004748543238849,0.0006201589213996,0.000708084714782,0.0006769873293289,0.0149520632427252,0.0059962914303861,-0.0007281741761806,48,9,0.0067244656065668,0.0055686335808831,-0.0052882067156041,0.0014362588909627,0,0,0,0,TimeStop,761.46876,0.670149608897426,0.03454678823593499,False,False,True,False,NORMAL,LOW,NORMAL / LOW
1787255400,1.0729540509666775,0.0388008192854464,1,0.00046154148804,0.000222723001233,-5.337648207443923e-05,0.0004696580149533,0.014566001739688,0.0057711257719125,-0.0009518347409087,47,8,0.0067229605128213,0.0058700373456535,-0.005824502253987,0.0008984582588343,0,0,0,0,TimeStop,765.1387,0.6742786193404915,0.0343810867232307,False,False,True,False,NORMAL,LOW,NORMAL / LOW
1787255460,1.0139938233208723,0.0216169125933853,1,0.0004608532663835,-2.5174969477093134e-05,-0.0004092652141763,0.0006156174230048,0.0148127869585403,0.0057702955995391,-0.0009526593640912,46,7,0.0067229549636303,0.0063377641738173,-0.0061795608137155,0.0005433941499148,0,0,0,0,TimeStop,762.8662800000001,0.6773123675247101,0.034483500830578065,False,False,True,False,NORMAL,LOW,NORMAL / LOW
1787255520,1.0153224664434222,0.0196732469718876,1,-0.0002105100765027,0.0002138100385119,-0.0015486446712282,0.0003833455867339,0.015013177160798,0.0052605519378957,-0.0016261937784441,45,60,0.0,0.0068867457163399,-0.006809196609124,7.754910721589512e-05,0,0,0,0,TimeStop,765.36913,0.6835303122867316,0.03437073559525454,False,False,False,True,NORMAL,LOW,NORMAL / LOW
1787255580,1.0643180557055796,0.0276149182389756,1,-0.0004567207887447,0.0009348954898789,-0.0014471764107081,0.0007700029196575,0.0145776584182332,0.0054554823754047,-0.0014473139357874,44,60,0.0,0.0069027963111922,-0.0069026587861128,1.375250793453353e-07,0,0,0,0,TimeStop,758.3240999999999,0.6817989745715968,0.03469004875356065,False,False,False,False,NORMAL,LOW,NORMAL / LOW
1787255640,1.0249657214148995,0.0215351104570316,1,0.0007778249576,0.0016920066342841,-0.0009221621910199,0.0011227758100152,0.0136078777032959,0.0059672232020519,-0.0011055764256708,43,60,0.0,0.0070727996277227,-0.0068893853930719,0.0001834142346508,0,0,0,0,TimeStop,763.8535599999999,0.6914006144806202,0.03443893093854273,False,False,False,False,NORMAL,LOW,NORMAL / LOW
1787255700,1.0718141700992134,0.0187626497156789,1,0.0016655849035412,0.0022956499909991,-0.0004289892699007,0.0010575404394985,0.0134167529599845,0.0062144951854658,-0.0008600429732466,42,59,0.0006238717871222,0.0070745381587125,-0.0066434844553665,0.0004310537033459,0,0,0,0,TimeStop,768.2709799999999,0.6975050537434643,0.03424091327776041,False,False,False,False,NORMAL,LOW,NORMAL / LOW
1787255760,1.0716202591066335,0.0174575235660624,1,0.0011017191139183,0.0029964943424397,-0.0008026889322365,0.0012349272206225,0.0137026830837401,0.0060886288028127,-0.0009850244088718,41,58,0.0006237937476133,0.0070736532116845,-0.0068913177350493,0.0001823354766352,0,0,0,0,TimeStop,788.79939,0.7188112900609058,0.033349797595558485,False,False,False,False,NORMAL,LOW,NORMAL / LOW
1787255820,1.038395786689319,0.0144697881869319,1,0.001156536427455,0.0030018447575328,0.0003264850422069,0.0017071959313713,0.0144581511858458,0.0067292271310034,-0.0003856957415526,40,60,0.0,0.007114922872556,-0.0064027420887964,0.0007121807837596,0,0,0,0,TimeStop,797.9278700000001,0.7278045626872369,0.032968268171908816,False,False,False,False,NORMAL,LOW,NORMAL / LOW
1787255880,1.0577098083767782,0.0214103576972647,1,-0.0001533872091576,0.002230511398458,-0.000223133680048,0.000442690617999,0.0141367980041777,0.0057619939511787,-0.0013460931314859,39,59,0.0011850021701194,0.0071080870826646,-0.0059851276312267,0.0011229594514378,0,0,0,0,TimeStop,803.53817,0.7342205274762515,0.03273808386725424,False,False,False,False,NORMAL,LOW,NORMAL / LOW
1787255940,1.1069357117734464,0.0251634083297214,1,7.029779300698717e-05,0.0019155116826403,-0.0002615187955112,0.000702290084737,0.0139943508638513,0.0057770753806949,-0.0013311182879363,38,58,0.0012106077856387,0.0071081936686312,-0.0060385941762061,0.0010695994924251,0,0,0,0,TimeStop,818.65084,0.7477149660225821,0.032133723822967065,False,False,False,False,NORMAL,LOW,NORMAL / LOW
1787256000,1.116463581038476,0.0337259453311777,1,0.0001295322522919,0.0025259477466068,-0.0001927153594141,0.0014898273820994,0.0144438785342619,0.006396773394268,-0.0007157999063953,37,57,0.001211353687746,0.0071125733006634,-0.0065894887536822,0.0005230845469812,0,0,0,0,TimeStop,816.87276,0.7698728609975198,0.03220366902674047,False,False,False,False,NORMAL,LOW,NORMAL / LOW
1787256060,1.152668945973384,0.037770308189247,1,-0.0003651465110833,0.0027432061431534,-0.0013135647184025,-0.0004589430913316,0.0144607645604063,0.0055034662099883,-0.0016027937627748,36,56,0.0012102784548154,0.0071062599727631,-0.0068170309283908,0.0002892290443723,0,0,0,0,TimeStop,804.0397399999999,0.7577644623591592,0.03271766144295306,False,False,False,False,NORMAL,LOW,NORMAL / LOW
1787256120,1.159455048998664,0.0199365837467023,1,-0.0004967792603327,0.0033295219400977,-0.0003802219103321,-0.0002964162123979,0.0158666616942869,0.0060908440004409,-0.0010195671855417,35,55,0.0012109854545509,0.0071104111859826,-0.006471065910773,0.0006393452752096,0,0,0,0,TimeStop,799.3396700000001,0.7559634939295847,0.03291003935786147,False,False,False,False,NORMAL,LOW,NORMAL / LOW
1787256180,1.1904900911718237,0.0305652907559352,1,0.0001520385410134,0.0032616050811968,-0.0007731263004111,-0.0024894419208646,0.016663424095068,0.0059406480061486,-0.0011687016899256,34,54,0.0012108046705139,0.0071093496960742,-0.0067137743065597,0.0003955753895144,0,0,0,0,TimeStop,787.0061800000001,0.7462462030607446,0.03342578580513815,False,False,False,False,NORMAL,LOW,NORMAL / LOW
1787256240,1.100103620111164,0.0446279807292301,1,0.0001452356317469,0.0023185438257458,-0.0012433050293475,-0.0027977113835165,0.0155492898238921,0.0055188164726364,-0.0015875519860352,33,53,0.0012102969312233,0.0071063684586716,-0.0067621215019839,0.0003442469566877,0,0,0,0,TimeStop,775.3472099999999,0.737414853558748,0.03392841253662344,False,False,False,False,NORMAL,LOW,NORMAL / LOW
1787256300,1.0188633395740332,0.0349968244709867,1,-0.000238708313017,0.0025641892978922,-0.0013788980201235,-0.0012478559565836,0.0151534402185555,0.00530713482097,-0.0017977376062122,32,52,0.0012100421397175,0.0071048724271822,-0.0066860328410935,0.0004188395860886,0,0,0,0,TimeStop,763.00594,0.7298372648462371,0.03447718899803061,False,False,False,True,NORMAL,LOW,NORMAL / LOW
1787256360,0.9574908314055868,0.0329271165420352,1,-0.0004858043513384,0.0022688286999955,-0.0022571407945712,-0.0014953643704516,0.0158852385192111,0.005306996586444,-0.0022571407945712,31,60,0.0,0.0075641373810152,-0.0075641373810152,0.0,0,0,0,0,TimeStop,770.82947,0.7385500099856854,0.034127262934044285,False,False,False,True,NORMAL,LOW,NORMAL / LOW
1787256420,1.0957607813755927,0.0309592017019067,1,0.000424409457482,0.0036018417665114,-0.0013315399764554,-0.0011387266065947,0.0160915272139155,0.00547221397058,-0.0020931665401414,30,59,0.0007619016184219,0.0075653805107215,-0.0068037539470354,0.000761626563686,0,0,0,0,TimeStop,832.6271900000002,0.7902429780660021,0.0892223805470489,False,False,False,False,NORMAL,LOW,NORMAL / LOW
1787256480,1.0643442582188043,0.0280793007858302,1,0.0013922521491233,0.0019703965834166,-0.0015244741389748,-0.0008365345455746,0.0165269232039273,0.0059149046240546,-0.0017033384332588,29,60,0.0,0.0076182430573135,-0.0074393787630295,0.000178864294284,0,0,0,0,TimeStop,826.06003,0.7859589073313393,0.08993169661047515,False,False,False,False,NORMAL,LOW,NORMAL / LOW
1787256540,1.0456532475257632,0.0288375514184788,1,0.0009134711560208,6.131970734264794e-05,-0.0015196563346625,-0.001203846093034,0.0164479803336973,0.0051853649381886,-0.0024273529890951,28,59,0.0009078341425655,0.0076127179272838,-0.0067050212728512,0.0009076966544325,0,0,0,0,TimeStop,828.18284,0.7884746908113374,0.08970118241039622,False,False,False,True,NORMAL,LOW,NORMAL / LOW
1787256600,1.0706578871372645,0.0370959319753865,1,0.000629017405563,-8.491322774954686e-05,-0.0016788911486614,-0.0018908994179458,0.016073332052765,0.004541346284112,-0.0030664942021302,27,58,0.0013877404535135,0.0076078404862422,-0.0062202374327734,0.0013876030534687,0,0,0,0,TimeStop,832.82645,0.7943892338171507,0.0892010334205884,False,False,False,False,NORMAL,LOW,NORMAL / LOW
1787256660,1.0182213457381963,0.0367507689872549,1,0.0018926900157543,0.0002158125735154,-0.001394396653338,-0.0017912443601782,0.0166007980116652,0.0049814215615455,-0.0026297518114166,26,57,0.0013883484028701,0.0076111733729621,-0.0063758182148836,0.0012353551580785,0,0,0,0,TimeStop,827.3719799999999,0.7905955389809622,0.08978909341358164,False,False,False,False,NORMAL,LOW,NORMAL / LOW
1787256720,0.982729835880332,0.0419252480853631,1,0.0018431766291639,0.0006601931064836,-0.0007566088080762,-0.0010208235909003,0.0168463400544659,0.0055662531290402,-0.0020493494347096,25,56,0.001389156328226,0.0076156025637498,-0.0063228619371164,0.0012927406266333,0,0,0,0,TimeStop,815.92059,0.7816048185971193,0.0910492772341975,False,False,False,False,NORMAL,LOW,NORMAL / LOW
1787256780,1.0052682548487757,0.0351531887063913,1,0.0023842643232661,0.0013661123241797,-7.718692857939704e-05,-0.0010275079904292,0.0178356840261582,0.0059162886433399,-0.00170196489577,24,55,0.0018299218361958,0.00761825353911,-0.0059934755719193,0.0016247779671906,0,0,0,0,TimeStop,817.82668,0.7837166510359681,0.09083707075929584,False,False,False,False,NORMAL,LOW,NORMAL / LOW
1787256840,0.9862356816755964,0.0463445696672234,1,0.0018450841842872,0.0009370546084668,8.253563785673107e-05,-0.0011812225371261,0.0178088521397433,0.0057063764420179,-0.0019102873381939,23,54,0.0019928229760507,0.0076166637802119,-0.0056238408041612,0.0019928229760507,0,0,0,0,TimeStop,810.3232800000001,0.7798909711407391,0.09167820033505639,False,True,False,False,NORMAL,LOW,NORMAL / LOW
1787256900,0.9975696595299384,0.0365853594884902,1,0.0023961051214217,0.0013570909585396,0.0026507317211477,-0.0012304658386761,0.0179558549046794,0.0062664294372572,-0.0013544758745426,22,53,0.0040052075956903,0.0076209053117998,-0.0036156977161094,0.0040052075956903,0,0,0,0,TimeStop,808.3845600000001,0.7785482608389798,0.0918980689091835,False,True,False,False,NORMAL,LOW,NORMAL / LOW
1787256960,0.9724218704130886,0.0452640016181483,1,0.0031094880729579,0.0007461065359784,0.0015411922212854,-0.0012657532972529,0.0214688269039713,0.0058707564072912,-0.0017471522958495,21,52,0.0040036327119631,0.0076179087031407,-0.0043295641860057,0.0032883445171349,0,0,0,0,TimeStop,798.20773,0.7705017525282138,0.09306973261208583,False,True,False,False,NORMAL,LOW,NORMAL / LOW
1787257020,0.9655927817887344,0.0438976782747105,1,0.0038282029722714,0.0019827351556799,0.0019276630035882,6.360833566580432e-05,0.022406655800013,0.0065908974819496,-0.0010324651713384,20,51,0.0040064990646683,0.0076233626532881,-0.0046632344783613,0.0029601281749267,0,0,0,0,TimeStop,790.9936900000001,0.7653166783163518,0.09391854946402921,False,True,False,False,NORMAL,LOW,NORMAL / LOW
1787257080,0.9707911208954108,0.0434032256328828,1,0.0031090938380924,0.000605447875285,0.0012346954511893,-0.0011478884506656,0.0263071985564998,0.0057877295071851,-0.0018295503961412,19,50,0.0040033022428535,0.0076172799033264,-0.0045530340559957,0.0030642458473306,0,0,0,0,TimeStop,784.6040100000001,0.7597157486638245,0.09468340596423919,False,True,False,False,NORMAL,LOW,NORMAL / LOW
1787257140,0.9623526589663908,0.04439423221781,1,0.0021729925980461,8.787129921221685e-05,0.000215621591807,-0.0014850112053096,0.0266767088389312,0.0053728005188118,-0.002241336941878,18,49,0.0040016507152985,0.0076141374606899,-0.0051571789270047,0.0024569585336851,0,0,0,0,TimeStop,782.3933999999999,0.7577885678596101,0.09495092877828469,False,True,False,False,NORMAL,LOW,NORMAL / LOW
1787257200,0.9707948994783822,0.0452305935624513,1,0.0028035668456214,-0.0002760380032949,0.0002852530238332,-0.0001565178115344,0.0242715388726701,0.0055471672889326,-0.0020682907292217,17,48,0.0040023447413453,0.0076154580181543,-0.0052619142650993,0.0023535437530549,0,0,0,0,TimeStop,780.5002499999999,0.7573757947276065,0.09518123793041706,False,True,False,False,NORMAL,LOW,NORMAL / LOW
1787257260,1.008294447469684,0.0413864239396343,1,0.0027559719144822,-0.0003840999144029,0.0009008188536928,0.0003380134275387,0.023196910912207,0.005795616473484,-0.0018217231613623,16,47,0.0040033336350737,0.0076173396348464,-0.0048947976197912,0.0027225420150552,0,0,0,0,TimeStop,771.3526599999999,0.7504222229242524,0.09631000689101143,False,True,False,False,NORMAL,LOW,NORMAL / LOW
1787257320,0.9781185454311012,0.0520737388886984,1,0.003176084348794,-0.0017620779597838,-0.0001081881225114,-2.295732714023811e-05,0.0212814422590229,0.005045663085965,-0.0025659968167673,15,46,0.0040003486214468,0.0076116599027323,-0.0051538512084764,0.0024578086942558,0,0,0,0,TimeStop,762.75086,0.7428435299526347,0.0973961274851922,False,False,False,False,NORMAL,LOW,NORMAL / LOW
1787257380,0.9599187028592728,0.0592708266876447,1,0.0005773406305596,-0.0023798469923672,-0.000934022276665,9.823858896952638e-05,0.0222307743989962,0.0045163645566711,-0.0030912867317863,14,45,0.003998241872749,0.0076076512884574,-0.0054503868333361,0.0021572644551213,0,0,0,0,TimeStop,766.2804299999999,0.7458692553873857,0.09694751045645261,False,False,False,False,NORMAL,LOW,NORMAL / LOW
1787257440,0.984106789562077,0.0605489766785138,1,-0.0008513737433207,-0.0026097531057353,-0.0010346155267329,-0.0002164835462203,0.0233736295842896,0.0042679950917574,-0.0033377751837603,13,44,0.003997253296326,0.0076057702755178,-0.0053026106184904,0.0023031596570274,0,0,0,0,TimeStop,767.1262,0.7449287895802249,0.09684062413720193,False,False,False,False,NORMAL,LOW,NORMAL / LOW
1787257500,0.9436229516540886,0.0561231180628417,1,-0.0007134818408161,-0.0027183987687907,-0.0012352737952236,-0.0003339468508208,0.0236123217599877,0.0039098695025783,-0.0036931885278272,12,43,0.0039958278613834,0.0076030580304056,-0.005145143297802,0.0024579147326035,0,0,0,0,TimeStop,772.4940499999999,0.7499076362714437,0.09616770511047949,False,False,False,False,NORMAL,LOW,NORMAL / LOW
1787257560,0.9406861304909884,0.0613435399376848,1,-0.0016737096287353,-0.0037878330543588,-0.002038937518865,-0.0007994676618281,0.0226375435611778,0.0030828965782179,-0.0045138984167055,11,42,0.003992536289548,0.0075967949949235,-0.005121834097083,0.0024749608978404,0,0,0,0,TimeStop,791.8677099999999,0.7662229426136162,0.09381488733768423,False,False,False,False,NORMAL,LOW,NORMAL / LOW
1787257620,0.9322641889457836,0.0549179888100937,1,-0.0011808070866546,-0.0026673527364973,-0.0017218558866205,-0.0006457989228721,0.0258198756425212,0.0037162268374208,-0.0038853646505539,10,41,0.0039950571121558,0.0076015914879747,-0.0054380827240413,0.0021635087639334,0,0,0,0,TimeStop,785.42468,0.7610692298112156,0.09458447371427137,False,False,False,False,NORMAL,LOW,NORMAL / LOW
1787257680,0.9010053240755984,0.0540073920070757,1,-0.0010157302297375,-0.0024481843753513,-0.0026288196432344,-0.0012625252233955,0.0260449702205739,0.0035236230712963,-0.0040765097422942,9,40,0.0039942904980221,0.0076001328135905,-0.0061524427145307,0.0014476900990597,0,0,0,0,TimeStop,785.18546,0.7632605247447664,0.09461329047025399,False,False,False,False,NORMAL,LOW,NORMAL / LOW
1787257740,0.83220442632485,0.0500361457240259,1,-0.0009063572703555,-0.002172868323493,-0.0023966771934642,-0.0005217630097487,0.0260438006316079,0.0038541809693807,-0.003748455306879,8,39,0.0039956062062336,0.0076026362762597,-0.0062508581628449,0.0013517781134147,0,0,0,0,TimeStop,788.0318199999999,0.7655962645443419,0.09427154857782266,False,False,False,False,NORMAL,LOW,NORMAL / LOW
1787257800,0.8168243513710086,0.0606484079909983,1,-0.0010365305267783,-0.0027118132075601,-0.0014517468882801,-0.0006506978628165,0.0251810049499172,0.0038610727795741,-0.0037416156914437,7,38,0.0039956336374683,0.0076026884710178,-0.0053128196678542,0.0022898688031636,0,0,0,0,TimeStop,782.89067,0.7620760617577389,0.09489061863516651,False,False,False,False,NORMAL,LOW,NORMAL / LOW
1787257860,0.8386951447423943,0.0741822921588414,1,-0.0023560554107803,-0.0040456727472226,-0.0018038677821972,-0.0029349883417913,0.0263810176930462,0.0027527088190919,-0.00484158551639,6,37,0.0039912220545878,0.007594294335482,-0.0045565766012892,0.0030377177341927,0,0,0,0,TimeStop,791.61605,0.7715484377615868,0.0938447117134626,False,False,False,False,NORMAL,LOW,NORMAL / LOW
1787257920,0.8847961382875623,0.0707034248150919,1,-0.0018384299336551,-0.003697433165583,-0.0016582078407856,-0.0023443959158435,0.0277391152165052,0.0027521586876101,-0.0048421314814803,5,36,0.0039912198649184,0.0075942901690905,-0.0044103665283957,0.0031839236406947,0,0,0,0,TimeStop,808.9198600000001,0.7866695623966731,0.09183725567079042,False,False,False,False,NORMAL,LOW,NORMAL / LOW
1787257980,0.932780823141555,0.0627524785303379,1,-0.0024958860189651,-0.0040216144634394,-0.0014177960142899,-0.0021722258725418,0.0252578343927031,0.0026703333521219,-0.0049233371171399,4,35,0.0039908941783551,0.0075936704692619,-0.0040881293664119,0.00350554110285,0,0,0,0,TimeStop,826.6948699999999,0.8012945246840433,0.08986263577515607,False,False,False,False,NORMAL,LOW,NORMAL / LOW
1787258040,1.0171926074954067,0.0563525871322935,1,-0.0020806001700648,-0.0035536096553678,-0.0008795520075258,-0.0018662694000562,0.0260628686211383,0.0031928698382406,-0.0044047580333216,3,34,0.0039929740123255,0.0075976278715623,-0.0040724218457665,0.0035252060257957,0,0,0,0,TimeStop,819.2877599999999,0.7922857524099673,0.09067507611733391,False,False,False,False,NORMAL,LOW,NORMAL / LOW
1787258100,1.091218772103264,0.0713849577541756,1,-0.0030709951088461,-0.0039330023554673,-0.0014705555605845,-0.0014706927136865,0.0246385947183436,0.0027359300804457,-0.0048582371821511,2,33,0.0039911552707525,0.0075941672625968,-0.0042064856410302,0.0033876816215666,0,0,0,0,TimeStop,805.2605099999998,0.7799272295987028,0.09225459224369516,False,False,False,False,NORMAL,LOW,NORMAL / LOW
1787258160,1.0991776286868244,0.0675578698930334,1,-0.0031314416636083,-0.0045157240901497,-0.0007215006225154,-0.0017800856773414,0.0238502670128516,0.0030312904077733,-0.0045651137505616,1,32,0.003992330883286,0.0075964041583349,-0.0037527910302888,0.0038436131280461,0,0,0,0,TimeStop,791.4844499999999,0.7663998365536723,0.09386031525951015,False,False,False,False,NORMAL,LOW,NORMAL / LOW
1787258220,1.1686233428175774,0.068652117635607,1,-0.0049225279446164,-0.0049156762549212,-0.0021448529421841,-0.0032982663854733,0.0233801577807103,9.811619643525076e-05,-0.0057239015713664,1,31,0.0039876834026039,0.0058220177678017,-0.0022429691386193,0.0035790486291823,0,0,0,0,TimeStop,944.0799199999999,0.8813095238625894,0.1785795952529104,False,False,False,False,NORMAL,LOW,NORMAL / LOW
1787258280,1.2225592961829956,0.0492309963182142,1,-0.0029554813034876,-0.0034879979830827,-0.0002197077584714,-0.0010701141011047,0.0236805141600965,0.0003294243203581,-0.0036665105368407,37,30,0.0039959348571988,0.0026962261484914,-0.0005491320788295,0.0034468027783693,0,0,0,0,TimeStop,946.59665,0.8828266162096424,0.17810480313869695,False,False,False,False,NORMAL,LOW,NORMAL / LOW
1787258340,1.265626016487549,0.0339190216460228,1,-0.0017598776760595,-0.0015808791029613,0.000415188702578,0.0002194176057333,0.0257364753311233,0.0015121392515413,-0.0024885201011135,36,29,0.0040006593526548,0.0026994139652707,-0.0010969505489632,0.0029037088036915,0,0,0,0,TimeStop,959.1137599999998,0.8924226536607568,0.17578041003186112,False,False,True,False,NORMAL,LOW,NORMAL / LOW
1787258400,1.2362033618946109,0.0318086966296162,1,-0.0020063484211393,-0.0015941132822161,0.0004122351389232,-0.0003847527963283,0.0249804875367575,0.0010168466760106,-0.0029818341715447,35,28,0.0039986808475554,0.0026980789842526,-0.0006046115370874,0.003394069310468,0,0,0,0,TimeStop,962.9598399999998,0.8974864594180085,0.17507833971560025,False,True,True,False,NORMAL,LOW,NORMAL / LOW
1787258460,1.2838492378388702,0.0290287577171564,1,-0.0021176677865884,-0.0016098617984357,0.0006320432312623,-0.0002113682299805,0.0246424021985594,0.0011542794301744,-0.0028449504088627,34,27,0.0039992298390371,0.0026984494120102,-0.000522236198912,0.0034769936401251,0,0,0,0,TimeStop,953.3264499999998,0.8973211656614599,0.17684751115423267,False,True,True,False,NORMAL,LOW,NORMAL / LOW
1787258520,1.3620230557920334,0.0201852029647456,1,-0.0014883030486296,-0.0014158671688153,0.0003135222805618,-0.0003713885147208,0.0278116667124832,0.001292025180746,-0.0027077549000742,33,26,0.0039997800808202,0.0026988206833989,-0.0009785029001842,0.003021277180636,0,0,0,0,TimeStop,955.2182799999999,0.9008224284422522,0.17649726091925294,False,True,True,False,NORMAL,LOW,NORMAL / LOW
1787258580,1.3314017954297357,0.0116089485741295,1,-0.001433910611969,-0.0014413302337635,-0.0008242650211961,-0.000847623089808,0.0275033013881973,0.0009344601448831,-0.0030638915998752,32,25,0.0039983517447584,0.002697856924685,-0.0017587251660793,0.0022396265786791,0,0,0,0,TimeStop,955.8459199999999,0.9059520812948199,0.17638136698852053,False,False,True,False,NORMAL,LOW,NORMAL / LOW
1787258640,1.3656121614122174,0.0160061284471018,1,-0.0012676600060002,-0.0008537189892969,-0.0003022099255415,-0.0009793305727188,0.0272119492072931,0.0011545546086738,-0.0028446763295966,31,24,0.0039992309382704,0.0026984501537093,-0.0014567645342153,0.002542466404055,0,0,0,0,TimeStop,951.81335,0.9083910171552625,0.1771286460733084,False,False,True,False,NORMAL,LOW,NORMAL / LOW
1787258700,1.3485342798171278,0.0186268055360713,1,-0.0016770209642052,0.0012918875536895,-2.7764792620908768e-05,-0.0006875222410419,0.0273936790563159,0.0012918875536895,-0.0027078919773631,30,23,0.0039997795310526,0.0026988203124474,-0.0013196523463104,0.0026801271847421,0,0,0,0,TimeStop,948.10451,0.9088364106604134,0.17782154627658084,False,False,True,False,NORMAL,LOW,NORMAL / LOW
1787258760,1.3864194693254142,0.004411689734982,1,-0.0016936075697205,0.0007944929089547,0.0001893090042621,-0.0006352918726909,0.0291126178232022,0.0015092478204718,-0.0024913999820177,29,22,0.0040006478024895,0.002699406171886,-0.0013199388162096,0.0026807089862799,0,0,0,0,TimeStop,939.1125,0.9046615236285563,0.17952418906148093,False,True,True,False,NORMAL,LOW,NORMAL / LOW
1787258820,1.4284953407946197,0.0133718148911353,1,-0.0018624271737934,-5.496317467296911e-05,-0.0005677695943718,-0.0010694459711993,0.0360995383093326,0.0009893371441134,-0.003009233813345,28,21,0.0039985709574585,0.0026980048367594,-0.0015571067384853,0.0024414642189731,0,0,0,0,TimeStop,943.6495899999999,0.9092614777587682,0.17866103242836148,False,False,True,False,NORMAL,LOW,NORMAL / LOW
1787258880,1.4355148755818232,0.0201228223197349,1,-0.0015295460169934,0.0006288668298183,-8.799186075280033e-06,-0.0004124618472791,0.0364148816234499,0.0015673550196606,-0.0024335248989468,27,20,0.0040008799186075,0.0026995627904419,-0.0015761542057359,0.0024247257128715,0,0,0,0,TimeStop,941.2966399999999,0.9121852555343293,0.17910762966284466,False,False,True,True,NORMAL,LOW,NORMAL / LOW
1787258940,1.4489245492350669,0.0194211663151305,1,-0.0014760806188896,0.0001277390679969,-3.107538145043536e-05,-5.568818357249337e-05,0.0393161326055276,0.0016722955274275,-0.0023290035885191,26,19,0.0040012991159466,0.0026998456406053,-0.0017033709088779,0.0022979282070686,0,0,0,0,TimeStop,939.6319499999998,0.9128369384393953,0.17942494399003783,False,False,True,True,NORMAL,LOW,NORMAL / LOW
1787259000,1.4365717913445009,0.0045979902769263,1,-0.000864662621302,0.000561446007563,0.0005230624162595,0.0004639049099492,0.0381175201008264,0.0022107022532544,-0.0017927475923926,25,18,0.004003449845647,0.0027012968288413,-0.0016876398369949,0.0023158100086521,0,0,0,0,TimeStop,936.78152,0.911880036738744,0.1799708965223823,False,False,True,True,NORMAL,LOW,NORMAL / LOW
1787259060,1.429801687565092,0.0076057643113519,1,-0.0013886308430185,0.001285412494925,0.0010253022577293,0.0012455014003289,0.0402270803658059,0.0025666962559264,-0.0014381756501035,24,17,0.00400487190603,0.0027022563530894,-0.0015413939981971,0.0024634779078328,0,0,0,0,TimeStop,940.9873800000001,0.9166206337052611,0.1791664942413999,False,False,True,True,NORMAL,LOW,NORMAL / LOW
1787259120,1.4974150402982314,0.0010509756941354,1,6.885584175715702e-06,0.0016568092643606,0.0019349868650597,0.003367326085292,0.0394407638701831,0.0032020720650748,-0.0008053379251916,23,16,0.0040074099902665,0.0027039689058036,-0.0012670852000151,0.0027403247902514,0,0,0,0,TimeStop,941.9169400000001,0.9194654712014847,0.17898967821939799,True,False,True,True,HIGH,LOW,HIGH / LOW
1787259180,1.4933920511170642,0.0038552850748425,1,-0.0005340951879373,0.0014492737655142,0.0022203926302025,0.0031321280980068,0.0383080393307806,0.0032946428792771,-0.0007131368961164,22,15,0.0040077797753935,0.0027042184154589,-0.0010742502490745,0.0029335295263189,0,0,0,0,TimeStop,935.7820300000001,0.9183909361101908,0.18016311982396155,True,False,True,True,HIGH,LOW,HIGH / LOW
1787259240,1.4447790387285722,0.0049432424812584,1,0.0001793141440573,0.0015792590552265,0.0020468255061285,0.0032226965982647,0.0380976449524859,0.0032777854290042,-0.0007299270072992,21,14,0.0040077124363035,0.0027041729789286,-0.0012309599228757,0.0027767525134278,0,0,0,0,TimeStop,930.21559,0.9172115051546718,0.1812412217258152,True,False,True,True,NORMAL,LOW,NORMAL / LOW
1787259300,1.4432166105114002,0.0061414851928473,1,0.0004130638890047,0.0014871676883801,0.0014871676883801,0.0023134331543526,0.037981499969915,0.0030292728739979,-0.0009774468493483,20,13,0.0040067197233463,0.0027035031535363,-0.0015421051856178,0.0024646145377284,0,0,0,0,TimeStop,916.31246,0.9062985318835999,0.1839911791661111,False,False,True,True,NORMAL,LOW,NORMAL / LOW
1787259360,1.3488743106080126,0.012632122209367,1,0.0005088836346328,0.0017555452478118,0.0020392530387033,0.0020943419301385,0.0367033870854009,0.0032788908182243,-0.0007288260336879,19,12,0.0040077168519122,0.0027041759583264,-0.0012396377795209,0.0027680790723912,0,0,0,0,TimeStop,901.57498,0.8955383329662949,0.1869987674236479,True,False,True,True,NORMAL,LOW,NORMAL / LOW
1787259420,1.3816766911886464,0.0126722111399282,1,7.254384704293762e-05,0.0009480255684711,0.0013802602548368,0.0004718791416755,0.0345772607112986,0.0027844723680899,-0.0012212694705207,18,11,0.0040057418386107,0.0027028433333719,-0.0014042121132531,0.0026015297253576,0,0,0,0,TimeStop,902.5262600000001,0.8983333810232458,0.18680166713376295,False,True,True,True,NORMAL,LOW,NORMAL / LOW
1787259480,1.4006499018536955,0.014308710962771,1,-7.430276146325103e-06,-0.0001810785816373,0.0006659728990308,0.0001151692802662,0.0343095753005512,0.0023717716654123,-0.0016323215911579,17,10,0.0040040932565703,0.0027017309653869,-0.0017057987663815,0.0022982944901887,0,0,0,0,TimeStop,893.39826,0.8925270754782142,0.18871025112585288,False,True,True,True,NORMAL,LOW,NORMAL / LOW
1787259540,1.4351577497634742,0.020617463536566,1,0.0004144664192068,-0.0002242962361578,0.0009640610003198,6.150945862733682e-05,0.0338161665296349,0.0024252890566141,-0.0015790179815402,16,9,0.0040043070381544,0.0027018752128578,-0.0014612280562942,0.0025430789818601,0,0,0,0,TimeStop,871.6195200000001,0.8878908998642776,0.19342546389966117,False,True,True,True,NORMAL,LOW,NORMAL / LOW
1787259600,1.4540474962318783,0.0130465402063817,1,0.0029738958035025,0.0012634926754048,0.001682867055843,0.0005921632338362,0.0331787641810771,0.0029738958035025,-0.0010326027095495,15,8,0.004006498513052,0.0027033538936006,-0.0012910287476594,0.0027154697653926,0,0,0,0,TimeStop,863.77338,0.8957672642378776,0.19518245630584263,False,True,True,True,NORMAL,LOW,NORMAL / LOW
1787259660,1.400039359195083,0.021068856398006,1,0.0024923214932224,0.0022509114159974,0.0008557457044361,0.0010875159040766,0.032451683900702,0.0032082889726823,-0.0007991458517609,14,7,0.0040074348244433,0.0027039856624724,-0.0023525432682462,0.001654891556197,0,0,0,0,TimeStop,866.6173000000001,0.9039788474632777,0.19454193910045411,False,False,True,True,NORMAL,LOW,NORMAL / LOW
1787259720,1.305303121434386,0.0201628910221068,1,0.0018108365503191,0.0020467932058799,8.383757481707174e-05,0.0009787933611652,0.0307309452610844,0.0028570854314523,-0.001148946468676,13,6,0.0040060319001283,0.0036124495907653,-0.0027732478566352,0.0012327840434931,0,0,0,0,TimeStop,875.41175,0.9139836968284311,0.1925875566554824,False,False,True,True,NORMAL,LOW,NORMAL / LOW
1787259780,1.2131936930686638,0.0279703858823226,1,0.0021617192959507,0.0026143322856818,-0.0017176435758767,0.001338974357209,0.0318263904905832,0.0031016451456327,-0.0017177812737744,12,60,0.0,0.0048194264194071,-0.0048192887215095,1.376978976252042e-07,0,0,0,0,TimeStop,883.00196,0.9227936214817603,0.19093209034326492,False,False,False,True,NORMAL,LOW,NORMAL / LOW
1787259840,1.1438345535671863,0.0187793227615352,1,0.0016061905536331,0.0026835940937245,-0.0015563413612107,0.0013404199973477,0.0338091819733753,0.0031530302731942,-0.0016666430273166,11,59,0.0007487018209964,0.0048196733005108,-0.0047093716344049,0.0001103016661059,0,0,0,0,TimeStop,885.69371,0.930668497824493,0.19035182038269188,False,False,False,True,NORMAL,LOW,NORMAL / LOW
1787259900,1.1202095370710052,0.0194787111015858,1,0.0014273427988309,0.0024721698447051,0.0001312230066839,0.0018663133605398,0.0329738768453492,0.0030780263288703,-0.0017412866133532,10,58,0.0018726473146925,0.0048193129422235,-0.0029468033221864,0.0018725096200371,0,0,0,0,TimeStop,890.8971000000001,0.9402344699532291,0.18924004803697306,False,False,False,True,NORMAL,LOW,NORMAL / LOW
1787259960,1.1777886776412978,0.0211594687271587,1,0.0026777617605144,0.0038114348558308,0.0007634997505532,0.0029391984079512,0.0358620242941761,0.0039608272257946,-0.0008627271549574,9,57,0.0018742954165208,0.004823554380752,-0.0031973274752413,0.0016262269055107,0,0,0,0,TimeStop,902.5615200000001,0.9568482935837498,0.18679436942979796,False,False,False,True,NORMAL,LOW,NORMAL / LOW
1787260020,0.6698803859789012,0.0210116396785774,1,0.0016499123195748,0.002784511067674,0.0001930704508842,0.0023138157744342,0.0336837704317976,0.0031951644803251,-0.0016247112550157,8,56,0.0018728660000181,0.0048198757353408,-0.0030020940294409,0.0018177817058999,0,0,0,0,TimeStop,849.54141,0.9015217188917662,0.19845225672989855,False,False,False,True,NORMAL,LOW,NORMAL / LOW
1787260080,0.6748599692455873,0.01797765380122,1,0.001984428827339,0.0032797299159431,0.0006889899407468,0.003720545680033,0.0332152404574892,0.0038307840705525,-0.0009921455146754,7,55,0.0022097285379633,0.004822929585228,-0.0031417941298057,0.0016811354554223,0,0,0,0,TimeStop,872.0874600000001,0.9231497603985178,0.1933216767043067,False,False,False,True,NORMAL,LOW,NORMAL / LOW
1787260140,0.6357286329947733,0.0052414997844641,1,0.0013996939262508,0.0019992283438502,0.0003162908950908,0.0026129455921826,0.0315320128521231,0.0030979157848296,-0.0017214927167722,6,54,0.0022081152780482,0.0048194085016018,-0.0027816248897387,0.002037783611863,0,0,0,0,TimeStop,876.39229,0.9298481834421992,0.19237208259785124,False,False,False,True,NORMAL,LOW,NORMAL / LOW
1787260200,0.6436842904716894,0.0122743930680501,1,0.0010736603090726,0.0020095518744737,-0.0002123648066786,0.0029003004349555,0.028958687131312,0.0026151287697333,-0.0022019601698313,5,53,0.0022846764684792,0.0048170889395646,-0.0028274935764119,0.0019895953631527,0,0,0,0,TimeStop,874.99426,0.9344490029895036,0.1926794468343141,False,False,False,True,NORMAL,LOW,NORMAL / LOW
1787260260,0.6348003163915849,0.0023270060306196,1,0.0012460275301606,0.0022455200065743,-0.0003974018426395,0.0029553922970117,0.0293097280034227,0.0027685982892312,-0.0020492279983982,4,52,0.0022850261821328,0.0048178262876294,-0.0031660001318707,0.0016518261557586,0,0,0,0,TimeStop,876.0985300000001,0.9392727796686247,0.19243658587122614,False,False,False,True,NORMAL,LOW,NORMAL / LOW
1787260320,0.6044980111524192,0.0066839251053125,1,0.000875418215223,0.0017318415069084,-0.000264414841422,0.0031521937966708,0.028734364115341,0.0027117318015899,-0.0021058212696069,3,51,0.0022848965994819,0.0048175530711969,-0.002976146643012,0.0018414064281849,0,0,0,0,TimeStop,883.7758600000002,0.9562341462336343,0.19076489597713153,False,False,False,True,NORMAL,LOW,NORMAL / LOW
1787260380,0.6261003863493653,0.0014266517059406,1,-0.0001736495957555,0.0006179558910763,-0.000950394419876,0.0029649774083528,0.0291007551555836,0.0023792196198175,-0.0024367358884591,2,50,0.0022841388982112,0.0048159555082766,-0.0033296140396936,0.001486341468583,0,0,0,0,TimeStop,887.6203600000001,0.9640237017971647,0.18993864674307379,False,False,False,True,NORMAL,LOW,NORMAL / LOW
1787260440,0.6145326437391864,0.0012880471512101,1,-0.0006384980193769,0.000551980299819,-0.001263653878504,0.003110236366685,0.0299054205895942,0.0020099895642299,-0.0028041919692023,1,49,0.002283297527285,0.0048141815334323,-0.003273643442734,0.0015405380906983,0,0,0,0,TimeStop,887.12017,0.9655447644785411,0.19004574092819917,False,False,False,False,NORMAL,LOW,NORMAL / LOW
1787260500,0.658363029264352,0.0236303000725142,1,-0.0017053316494618,-0.0013179497034921,-0.0038709367450033,0.0013452668570173,0.0265445859872611,0.0,-0.0048045244893476,1,48,0.0022787173292334,0.0048045244893476,-0.0038709367450033,0.0009335877443443,0,0,0,0,TimeStop,902.81945,0.9806139178327488,0.18674100341989755,False,False,False,False,NORMAL,LOW,NORMAL / LOW
1787260560,0.6604487793326421,0.0153371201596922,1,-0.0002408099015316,-0.000604703472072,-0.0028026261329431,0.0024725256233137,0.0272920177905355,0.0005652782343429,-0.0040937683260386,20,47,0.0022803447606537,0.0046590465603815,-0.003367904367286,0.0012911421930955,0,0,0,0,TimeStop,905.92234,0.9851061206013423,0.18610139363601522,False,False,False,False,NORMAL,LOW,NORMAL / LOW
1787260620,0.6414392181594218,0.0064617681376679,1,0.0002355301489583,-0.0005128346067169,-0.0018604683119881,0.0018963337547408,0.027760952014511,0.0008953993294124,-0.0037651844115868,19,46,0.0022810971252679,0.0046605837409993,-0.0027558676414005,0.0019047160995987,0,0,0,0,TimeStop,911.12322,0.99093918999034,0.18503908834636001,False,False,False,False,NORMAL,LOW,NORMAL / LOW
1787260680,0.6504769299843605,0.0165056183390865,1,0.0004516366780095,-0.0006372652609092,-0.0023796457640546,0.0024853070373704,0.0270598658362889,0.000788955827542,-0.0038711322684033,18,45,0.0022808545345174,0.0046600880959454,-0.0031686015915967,0.0014914865043486,0,0,0,0,TimeStop,915.69929,0.9991772793872115,0.18411438322727106,False,False,False,False,NORMAL,LOW,NORMAL / LOW
1787260740,0.6482550607773914,0.0128374477487743,1,0.001075675799783,-0.0001587941652287,-0.0017002661830158,0.0038542299809707,0.0274135097676284,0.0013953263921265,-0.0032675852164419,17,44,0.0022822364872695,0.0046629116085684,-0.0030955925751423,0.0015673190334261,0,0,0,0,TimeStop,916.33138,1.0025820883842185,0.18398738019863514,False,False,False,False,NORMAL,LOW,NORMAL / LOW
1787260800,0.6415836564418218,0.0177003701171083,1,0.0010433378451141,-3.836205308199355e-05,-0.0004416448548373,0.0030509519564097,0.0279024124368952,0.0014992825333585,-0.0031641131380818,16,43,0.0027224682832445,0.0046633956714404,-0.0019409273881959,0.0027224682832445,0,0,0,0,TimeStop,906.67044,0.9969908357698524,0.1859478400994302,False,False,False,False,NORMAL,LOW,NORMAL / LOW
1787260860,0.6343887902396268,0.008473845603806,1,0.0011306454960423,-0.0002597763174713,-0.0005622988967064,0.0023792211933492,0.0277891935800888,0.0011306454960423,-0.0035310336485926,15,42,0.0029688721996731,0.0046616791446349,-0.0016929443927487,0.0029687347518862,0,0,0,0,TimeStop,904.99077,0.9957682799923204,0.1862929607558318,False,False,False,False,NORMAL,LOW,NORMAL / LOW
1787260920,0.604952147919633,0.002063144038271,1,0.0011327298431762,0.0002777174758122,8.524001732863068e-05,0.002835192963464,0.0274009535058327,0.0013936742833206,-0.0032692296323445,14,41,0.003354607133572,0.0046629039156652,-0.001308434265992,0.0033544696496732,0,0,0,0,TimeStop,906.41308,0.9998233595512102,0.18600063670749323,False,False,False,False,NORMAL,LOW,NORMAL / LOW
1787260980,0.6062919738290167,0.0047226666584168,1,0.0012927357465225,0.0007700029196575,0.0010332259216622,0.0039329422211759,0.0273970586961165,0.0016936213530241,-0.0029706792404929,13,40,0.0040039051621551,0.004664300593517,-0.0006603954313619,0.0040039051621551,0,0,0,0,TimeStop,900.29006,0.994136942804723,0.1872656574704379,False,False,False,False,NORMAL,LOW,NORMAL / LOW
1787261040,0.6095037021515469,8.824443202358119e-05,1,0.0005986964258484,0.0004668292066501,0.0008189793092219,0.0038960644304057,0.0269123256248533,0.0015467928558494,-0.0031168240433404,12,39,0.0041526486129122,0.0046636168991898,-0.0007278135466274,0.0039358033525624,0,0,0,0,TimeStop,884.78431,0.9793864660392744,0.19054746800381214,False,False,False,False,NORMAL,LOW,NORMAL / LOW
1787261100,0.6251666777578866,7.639072233921357e-05,1,0.0009348878134623,0.0,0.0009024417069951,0.0061169159700835,0.0283034535855696,0.0013907831060273,-0.0032721073471183,11,38,0.0044819621645402,0.0046628904531456,-0.0004883413990321,0.0041745490541134,0,0,0,0,TimeStop,879.6523099999999,0.9766106526259737,0.19165914541848927,False,False,False,False,NORMAL,LOW,NORMAL / LOW
1787261160,0.6467342365898363,0.0067155149813369,1,0.0009982486311373,0.0002832106018652,0.0012420022219658,0.0058729080050852,0.0283467691100821,0.0013716466868003,-0.0032911546592474,10,37,0.0045332943620881,0.0046628013460477,-0.0001296444648344,0.0045331568812133,0,0,0,0,TimeStop,852.5837899999998,0.9536309631405366,0.19774409504079363,False,False,False,False,NORMAL,LOW,NORMAL / LOW
1787261220,0.6195143512885917,0.0044413566975853,1,0.0008556742188878,0.0004318253049354,0.0010779129745489,0.0085125969905077,0.0296747874119899,0.0016856314530551,-0.0029786319361767,9,36,0.0045347157977512,0.0046642633892318,-0.0006077184785062,0.0040565449107256,0,0,0,0,TimeStop,847.9461499999999,0.9498789974182457,0.19882560938569038,False,False,False,False,NORMAL,LOW,NORMAL / LOW
1787261280,0.6381917950427449,0.0188163211381057,1,0.000791742972679,0.0008472048913283,0.0013698956283758,0.0093193914272388,0.0309968818841418,0.0024041296696905,-0.0022634793449768,8,35,0.0045379685001074,0.0046676090146674,-0.0010342340413147,0.0036333749733527,0,0,0,0,TimeStop,853.90708,0.9555872784500412,0.19743765328658477,True,False,False,True,NORMAL,LOW,NORMAL / LOW
1787261340,0.6425231630837142,0.0205461221273977,1,0.0011912389228888,0.0011886238403313,0.0018794185432751,0.0076601273545205,0.03186918531232,0.0025009823764081,-0.0021670776245966,7,34,0.004538406960524,0.0046680600010047,-0.000621563833133,0.0040464961678717,0,0,0,0,TimeStop,843.74457,0.9495210406396691,0.19981569777687577,False,False,False,True,NORMAL,LOW,NORMAL / LOW
1787261400,0.644568003199723,0.0124501700296706,1,0.0003880436891541,0.0004188451726305,0.0008022136366142,0.0084525320950769,0.0312998074769774,0.0015591875943725,-0.0031044870198561,6,33,0.0045341433756804,0.0046636746142286,-0.0007569739577582,0.0039067006564703,0,0,0,0,TimeStop,841.6805300000001,0.9508842867795183,0.2003057026874555,True,False,False,False,NORMAL,LOW,NORMAL / LOW
1787261460,0.6370775871502511,0.0082763347906224,1,-0.0003639812208222,-0.0013920323700082,-0.0011331646387778,0.0073031203729455,0.0303221501740624,0.000806282296635,-0.0038538864785304,5,32,0.0045307349095502,0.0046601687751654,-0.0019394469354128,0.0027207218397525,0,0,0,0,TimeStop,827.5962200000001,0.9389266414688247,0.20371457230677054,False,False,False,False,NORMAL,LOW,NORMAL / LOW
1787261520,0.6485675823184499,0.0043921801552924,1,-0.0007481885347183,-0.0019589460735488,-0.0006873278074174,0.007760223571813,0.0304717159730145,0.0006597137979649,-0.003999772493534,4,31,0.0045300713815275,0.004659486291499,-0.0013470416053823,0.0033124446861166,0,0,0,0,TimeStop,817.1512800000002,0.9345255087967503,0.20631847997594763,False,False,False,False,NORMAL,LOW,NORMAL / LOW
1787261580,0.6597305969306207,0.0017790115033574,1,-0.0010884103728735,-0.0043206801678995,-0.0007555010045649,0.0067761614368719,0.0257942957957418,0.0003371668726063,-0.0043208175067478,3,30,0.0045286111842441,0.0046579843793541,-0.0010926678771712,0.0035653165021828,0,0,0,0,TimeStop,803.3596000000001,0.9245355268598702,0.20986045352542,False,False,False,False,NORMAL,LOW,NORMAL / LOW
1787261640,0.6770881576927568,0.0010516395363788,1,-0.0012331435023885,-0.0042285876421141,-0.0009875860258019,0.0057077006302778,0.0271063592107607,0.0003193071214002,-0.0043385940955512,2,29,0.0045285303316358,0.0046579012169515,-0.0013068931472022,0.0033510080697493,0,0,0,0,TimeStop,792.5221300000001,0.9147865231248747,0.21273022369734962,False,False,True,False,NORMAL,LOW,NORMAL / LOW
1787261700,0.6779057928424893,0.0057942501733636,1,-0.0010805724960166,-0.0023351738915443,-1.373550903076934e-07,0.0051075490357673,0.026015603538267,0.0004554694796989,-0.0042030657656172,1,28,0.0045291467501786,0.0046585352453162,-0.0004556068347892,0.0042029284105269,0,0,0,0,TimeStop,789.7972200000002,0.9173324321499657,0.2134641724872113,False,False,True,False,NORMAL,LOW,NORMAL / LOW
1787261760,0.6035235078896656,0.0094728398334095,1,-0.0013888515148037,-0.003036362208521,-0.0010593493760602,0.0036967394115859,0.0264588844485425,0.0,-0.0046564143906764,1,27,0.0045270848012196,0.0046564143906764,-0.0010593493760602,0.0035970650146161,0,0,0,0,TimeStop,782.7152300000001,0.9108809716707886,0.21539559157421784,False,False,True,False,NORMAL,LOW,NORMAL / LOW
1787261820,0.8160718237578829,0.0096098162432114,1,-0.0008540449651445,-0.0025842447586577,-0.0011558926630684,0.0044471037315132,0.0272997759625414,0.0001312858959124,-0.0043969788863164,49,26,0.0045282647822289,0.0020563546081487,-0.0012871785589808,0.003241086223248,0,0,0,0,TimeStop,618.91281,0.7224851321176337,0.04531912984641568,False,False,True,False,NORMAL,LOW,NORMAL / LOW
1787261880,0.722088665537642,0.0040070399129921,1,-0.0005220579438992,-0.0025822708243226,-0.000850593224564,0.0037083831847622,0.0269072043034827,0.0002709866675385,-0.0042579106337337,48,25,0.0045288973012722,0.0020566418447641,-0.0011215798921025,0.0034073174091697,0,0,0,0,TimeStop,605.13283,0.7084327453122027,0.04635112922232297,False,False,True,False,NORMAL,LOW,NORMAL / LOW
1787261940,0.735467504000381,0.0063809722424367,1,-0.0001317883180033,-0.001679579585646,-0.0001956898486304,0.0048477212782888,0.0277070165667121,0.0008180770146743,-0.0037132973313484,47,24,0.0045313743460228,0.0020577667088417,-0.0010137668633047,0.003517607482718,0,0,0,0,TimeStop,591.1198599999999,0.6915547809580699,0.047449919885960194,False,False,True,False,NORMAL,LOW,NORMAL / LOW
1787262000,0.7120243364006954,0.0021702240485069,1,-0.0009340146145816,-0.002217460579089,-0.0007966595242019,0.0044302510851051,0.0273022086698533,0.0003260809845613,-0.0042030657656172,46,23,0.0045291467501786,0.0020567551233449,-0.0011227405087633,0.0034064062414153,0,0,0,0,TimeStop,586.63726,0.6870111824726073,0.04781249319213035,False,False,True,False,NORMAL,LOW,NORMAL / LOW
1787262060,0.7004565937570731,0.0044905118198135,1,-0.0007143249553632,-0.0026370004120313,-0.0008428787254497,0.0043575058371103,0.0264739733553084,0.00024364785057,-0.0042851256695508,45,22,0.0045287735201209,0.0020565856338415,-0.0010865265760197,0.0034422469441011,0,0,0,0,TimeStop,578.4834300000001,0.679766832240362,0.04848641904920249,False,False,True,False,NORMAL,LOW,NORMAL / LOW
1787262120,0.706852612059871,0.006744690959907,1,-0.0004234865474316,-0.0019928051256986,-0.0006846961277912,0.0047390095828602,0.0264868712987008,0.0006998108325991,-0.0038310280431362,44,21,0.0045308388757353,0.0020575235435574,-0.0013845069603903,0.0031463319153449,0,0,0,0,TimeStop,568.32119,0.6686982703280989,0.04935341228434576,False,False,True,False,NORMAL,LOW,NORMAL / LOW
1787262180,0.6683247889877074,0.0028654165330149,1,5.541804180416441e-05,-0.0015673817381737,-2.3377337733733355e-05,0.0054371562156215,0.0274183168316831,0.0014815731573158,-0.003052805280528,43,20,0.0045343784378438,0.0020591309130913,-0.0015049504950495,0.0030294279427943,0,0,0,0,TimeStop,570.17015,0.6734772419216623,0.04919336797971623,False,False,True,False,NORMAL,LOW,NORMAL / LOW
1787262240,0.6852182849205897,0.0026641905068734,1,-2.6119710758891465e-06,-0.0018146325369112,-0.0006773253416183,0.0050316185972339,0.0272644414506063,0.001178686316021,-0.0033543207500481,42,19,0.0045330070660691,0.0020585081520992,-0.0018560116576394,0.0026769954084297,0,0,0,0,TimeStop,569.03207,0.6727925090703488,0.049291756086787875,False,False,True,False,NORMAL,LOW,NORMAL / LOW
1787262300,0.5915071297426735,0.0029383364323405,1,3.0789535791264084e-05,-0.0025563561903943,-0.0006597757669584,0.0045716962518824,0.0256518069127731,0.0010412086322312,-0.0034911759802035,41,18,0.0045323846124347,0.0020582254863407,-0.0017009843991896,0.002831400213245,0,0,0,0,TimeStop,570.42076,0.6755518696841548,0.049171755249581034,False,False,True,False,NORMAL,LOW,NORMAL / LOW
1787262360,0.5971968911354868,0.0040104747473771,1,-0.0010284254767465,-0.002199252556528,-0.0008244448021285,0.0055444531482918,0.0252395845117088,0.0010412086322312,-0.0034911759802035,40,17,0.0045323846124347,0.0020582254863407,-0.0018656534343598,0.0026667311780749,0,0,0,0,TimeStop,575.52353,0.681615699870597,0.04873578322679526,False,False,True,False,NORMAL,LOW,NORMAL / LOW
1787262420,0.5785713924606668,0.0005711784477224,1,-0.001211664092012,-0.001348325173081,-0.0005019613752338,0.0053615414270056,0.0255883438271812,0.0012794446885586,-0.0032540185782077,39,16,0.0045334632667663,0.0020587153198447,-0.0017814060637924,0.0027520572029738,0,0,0,0,TimeStop,562.0462400000001,0.6691499950881944,0.04990441711699734,False,False,True,False,NORMAL,LOW,NORMAL / LOW
1787262480,0.5469466227682038,0.0016933661650882,1,-0.0032357916642377,-0.0017434915697555,-0.0004036662131379,0.0053433527613738,0.0239855549090541,0.0012976163895082,-0.0032359291527299,38,15,0.0045335455422381,0.0020587526824005,-0.0017012826026462,0.0028322629395919,0,0,0,0,TimeStop,558.2781700000002,0.6682623015577697,0.05024124443196479,True,False,True,False,NORMAL,LOW,NORMAL / LOW
1787262540,0.5290425318494268,0.0108602651178503,1,-0.0029991425128279,-0.0015417168334246,-2.461356699804133e-05,0.0052785788263921,0.0240309542418664,0.0014248367666739,-0.0031092847874954,37,14,0.0045341215541694,0.0020590142582681,-0.001449450333672,0.0030846712204974,0,0,0,0,TimeStop,551.0533200000001,0.6675692435978446,0.05089995646882228,True,False,True,False,NORMAL,LOW,NORMAL / LOW
1787262600,0.538467549366675,0.0138694460102865,1,-0.0012559585497927,-0.0004032982731051,-5.912657941879274e-05,0.0046366238558147,0.0238743502435809,0.0014081751158778,-0.0031258709998291,36,13,0.0045340461157069,0.0020589800005033,-0.0014673016952966,0.0030667444204103,0,0,0,0,TimeStop,545.1651300000001,0.6636209402572765,0.05144971396097912,True,False,True,False,NORMAL,LOW,NORMAL / LOW
1787262660,0.5267586768794378,0.0201081426028689,1,-0.0016498020237571,-0.0003026011878573,0.0002199736031676,0.0043373295204574,0.0238914705235372,0.0012612736471624,-0.0032721073471183,35,12,0.0045333809942807,0.002058677958645,-0.0010413000439947,0.0034920809502859,0,0,0,0,TimeStop,536.30849,0.6546111549693439,0.05229935852777568,True,False,True,False,NORMAL,LOW,NORMAL / LOW
1787262720,0.5291696200784369,0.0254046711562538,1,-0.0017316787250095,-0.0001924240189708,0.0014295730152252,0.0037661503884421,0.0240502534567942,0.0014295730152252,-0.0035459623324485,60,11,0.0049755353476737,0.0,0.0,0.0049755353476737,0,0,0,0,TimeStop,522.4452200000001,0.6443521231878838,0.053687140634572174,True,False,True,False,NORMAL,LOW,NORMAL / LOW
1787262780,0.5429356053761829,0.0137633514896135,1,-0.0020612889927167,0.0002630204754706,0.0009097155421189,0.0038753607255736,0.0225492648069259,0.001484128074756,-0.0037378040401264,60,10,0.0052219321148825,0.0,-0.0005744125326371,0.0046475195822453,0,0,0,0,TimeStop,524.3093299999999,0.6492161390155166,0.05349626336040979,True,False,True,False,NORMAL,LOW,NORMAL / LOW
1787262840,0.5548809885579088,0.0181699165571023,1,-0.0015479952753363,0.0003519857853268,0.0011734692054357,0.004856744121865,0.0228342703586186,0.0016407677880642,-0.0035819810766063,59,9,0.0052227488646706,0.0007637583010783,-0.0004672985826284,0.0047554502820421,0,0,0,0,TimeStop,520.9774600000001,0.6461364063942976,0.05383839446720017,True,False,True,False,NORMAL,LOW,NORMAL / LOW
1787262900,0.5389347046144384,0.0198140485890509,1,-0.0012846458424989,0.0009024417069951,0.0008250384953804,0.0042896227452704,0.0231720193576771,0.0019522657281126,-0.0032721073471183,58,8,0.0052243730752309,0.001127364716234,-0.0011272272327321,0.0040971458424988,0,0,0,0,TimeStop,520.7498499999999,0.6480532184816356,0.05386192622043003,False,False,True,False,NORMAL,LOW,NORMAL / LOW
1787262960,0.5442009893633287,0.0153842387491885,1,-0.0019240498534938,0.00095852015703,5.497677986981223e-05,0.0037110700831619,0.023484705940887,0.0016494408380439,-0.0035733532495881,57,7,0.0052227940876321,0.0018417221256387,-0.0015944640581741,0.003628330029458,0,0,0,0,TimeStop,517.0627299999999,0.6459784617430814,0.05424600995705107,False,False,True,False,NORMAL,LOW,NORMAL / LOW
1787263020,0.5563775189012006,0.0164681483590562,1,-0.0015699834451356,0.0006458087930344,-0.0009071290390027,0.0038492843385592,0.0230118526120819,0.0018146704718706,-0.0034089851550581,56,6,0.0052236556269287,0.002721936975495,-0.0027217995108733,0.0025018561160553,0,0,0,0,TimeStop,504.83538999999996,0.6312372915625417,0.05555987269434499,False,False,True,False,NORMAL,LOW,NORMAL / LOW
1787263080,0.510262963700904,0.0178159748585668,1,-0.0016227098525754,0.0005222482857453,-0.0005504370426116,0.0045170764051442,0.0230457525524918,0.0021171818998479,-0.0031080510802275,55,5,0.0052252329800754,0.0027227589010124,-0.0026676189424595,0.0025576140376159,0,0,0,0,TimeStop,502.40003,0.631285119002264,0.05582919650701454,False,False,True,False,NORMAL,LOW,NORMAL / LOW
1787263140,0.5205731600672358,0.0005992673907477,1,-0.001812025298793,0.0006899745827056,-0.0009016822649862,0.0038951464089221,0.0233418717516103,0.0018722382629742,-0.0033517175335614,54,4,0.0052239557965357,0.0028044394276139,-0.0027739205279604,0.0024500352685752,0,0,0,0,TimeStop,501.87503999999996,0.6352543002029376,0.0558875970400919,False,False,True,False,NORMAL,LOW,NORMAL / LOW
1787263200,0.5083562899851867,0.0042315822305044,1,-0.0025870660716222,0.0003832079591798,-0.0010888713962061,0.0042577593082904,0.0228107699030008,0.0017012069263877,-0.0035218570796501,53,3,0.0052230640060378,0.0028039606769255,-0.0027900783225938,0.002432985683444,0,0,0,0,TimeStop,497.5859699999999,0.6319301930618317,0.05636933452926739,False,False,True,False,NORMAL,LOW,NORMAL / LOW
1787263260,0.5289395688813456,0.0049314510309253,1,-0.0011720324277898,0.000259228585813,0.0002315720328681,0.0065796452998926,0.0239943299938618,0.0027633161830599,-0.0024652858662493,52,2,0.0052286020493092,0.0029368232142226,-0.0025317441501918,0.0026968578991174,0,0,0,0,TimeStop,492.4156899999999,0.628932745197349,0.05696120284063248,False,False,True,True,NORMAL,LOW,NORMAL / LOW
1787263320,0.5547931043567957,0.0131803976756614,1,-0.0001368268692732,0.0012741141871155,0.0008948807617153,0.007014510668435,0.0251041515391989,0.0031859737317188,-0.0020448321358688,51,1,0.0052308058675876,0.0029380610641524,-0.0022910929700034,0.0029397128975842,0,0,0,0,TimeStop,499.83142,0.6408089829207768,0.05611610010431117,False,False,True,True,NORMAL,LOW,NORMAL / LOW
1787263380,0.6010569396849925,0.0130032651533038,1,0.0014971445423123,0.0035806500068072,0.0030618771466969,0.0084414730831922,0.0263731376902621,0.0052413852462985,-1.3793482048350446e-07,50,1,0.005241523181119,0.0029440808099422,-0.0021795080996015,0.0030620150815174,0,0,0,0,TimeStop,511.2646799999999,0.6543644812890024,0.054861192445369016,False,False,True,True,NORMAL,LOW,NORMAL / LOW
1787263440,0.6173879531525622,0.0154573113589061,1,0.0014618098554865,0.0032547646739905,0.0029012767355423,0.0082937952315953,0.0259599169779167,0.0051304712533485,-1.2412764127623011e-06,49,1,0.0051317125297613,0.0029437559727807,-0.0022291945178062,0.0029025180119551,0,0,0,0,TimeStop,517.5054499999999,0.662314010426389,0.05419960311529088,False,False,True,True,NORMAL,LOW,NORMAL / LOW
1787263500,0.6591572483852438,0.0114207209565517,1,0.000853732529357,0.0023405020156541,0.0017348626999562,0.007432195312415,0.0238755987382765,0.0033594464519985,-0.000991133765335,48,11,0.0043505802173335,0.0029385691189483,-0.0016245837520422,0.0027259964652912,0,0,0,0,TimeStop,529.4255799999999,0.6780526926891116,0.05297928747606039,False,False,True,True,NORMAL,LOW,NORMAL / LOW
1787263560,0.7511803312466702,0.0077017983887752,1,0.001349427123499,0.0019830340420843,0.0021740387793323,0.0091646469097719,0.0234383606918585,0.0036080202710146,-0.0007436377657816,47,10,0.0043516580367962,0.0029392971246006,-0.0014339814916823,0.0029176765451139,0,0,0,0,TimeStop,515.88573,0.6642178807700043,0.05301032459261861,True,False,True,True,NORMAL,LOW,NORMAL / LOW
1787263620,0.7980929274397626,0.0027935867967302,1,0.0015419248244527,0.0014320528707145,0.0021203359493322,0.0088879250998209,0.0230653999724632,0.0034145669833402,-0.0009362522373674,46,9,0.0043508192207076,0.0029387305521134,-0.0012942310340079,0.0030565881866997,0,0,0,0,TimeStop,500.0770999999999,0.645306124642682,0.05468610740223859,False,False,True,True,NORMAL,LOW,NORMAL / LOW
1787263680,0.8965531116667408,0.0096726153415187,1,0.0023291104378958,0.0017361608372349,0.0030294684659873,0.0080969429909115,0.02347893142385,0.0035527402919305,-0.0007986780501239,45,8,0.0043514183420545,0.0029391352244561,-0.0005232718259432,0.0038281465161112,0,0,0,0,TimeStop,481.22783999999996,0.6216678614381339,0.054028108598205796,False,False,True,True,NORMAL,LOW,NORMAL / LOW
1787263740,0.8990637245714768,0.012397632451575,1,0.0019029267823315,0.0014863862410023,0.0022959285158064,0.0087272539062376,0.0233605461223666,0.0031937069066027,-0.0011561546618059,44,7,0.0043498615684086,0.0029380837125353,-0.0008977783907962,0.0034520831776124,0,0,0,0,TimeStop,475.7317,0.6154523553148619,0.054652296662173236,False,False,True,True,NORMAL,LOW,NORMAL / LOW
1787263800,0.9213316425949026,0.011477832697138,1,0.0021899007964477,0.0014239586270087,0.0031133264025937,0.0094542372956019,0.0241284172804482,0.0032921471930505,-0.0011089917535945,60,6,0.0044011389466451,0.0,-0.0001788207904567,0.0042223181561883,0,0,0,0,TimeStop,468.76683999999995,0.6065868474930591,0.055464311426123916,False,False,True,True,NORMAL,LOW,NORMAL / LOW
1787263860,0.9602381010433362,0.0117603386652789,1,0.0028881269106832,0.0017988652951059,0.0033541270759316,0.0096579360489134,0.0252809220854334,0.0036314687818448,-0.0007711586658955,59,5,0.0044026274477403,0.0003331130022859,-0.0002773417059131,0.0041252857418271,0,0,0,0,TimeStop,467.10598,0.6058140845483986,0.055661522466486084,False,False,True,True,NORMAL,LOW,NORMAL / LOW
1787263920,0.9480129252283672,0.0197133556771786,1,0.0022192764654811,0.0013107210094533,0.0034175122790602,0.0104922390722078,0.0254268861371703,0.0034410556921502,-0.0009607364710048,58,4,0.0044017921631551,0.0003363541413966,-2.3543413090060857e-05,0.004378248750065,0,0,0,0,TimeStop,458.47803,0.5989792688599497,0.05670899868418995,False,False,True,True,NORMAL,LOW,NORMAL / LOW
1787263980,0.9696662206374757,0.0032851677074461,1,0.0021484444402818,0.0015464282438288,0.0039190965156884,0.0099990331380234,0.025669496826847,0.0039190965156884,-0.0006062858148677,60,3,0.0045253823305561,0.0,0.0,0.0045253823305561,0,0,0,0,TimeStop,449.88766000000004,0.5934510386957575,0.057791827408646856,False,False,True,True,NORMAL,LOW,NORMAL / LOW
1787264040,0.9313466336277116,0.0011114977808339,1,0.0025065417986503,0.001139374741771,0.0043794243217188,0.0121939126842031,0.0254690813937473,0.0043795620437956,-0.0006610659688748,60,2,0.0050406280126704,0.0,-1.377220767767237e-07,0.0050404902905936,0,0,0,0,TimeStop,446.85822,0.5906872326205476,0.058183622536920096,False,False,True,True,NORMAL,LOW,NORMAL / LOW
1787264100,1.014086110111398,0.0056934577157475,1,0.0029779782573136,0.0019014411843783,0.0052364736603267,0.0111346896432641,0.0252732649900416,0.0052364736603267,-5.526003152157272e-05,60,1,0.0052917336918482,0.0,0.0,0.0052917336918482,0,0,0,0,TimeStop,426.99692999999996,0.5653279467828484,0.055141262959431586,False,False,True,True,NORMAL,LOW,NORMAL / LOW
1787264160,0.9755715459693208,0.0095715841170496,1,0.0014329404662964,0.0013778379680731,0.0052899775856812,0.011736969877806,0.0258987251899278,0.0053175288347928,0.0,60,1,0.0053175288347928,0.0,-2.7551249111645165e-05,0.0052899775856812,0,0,0,0,TimeStop,425.12332,0.5652726385530846,0.05538428237717,False,False,False,True,NORMAL,LOW,NORMAL / LOW
1787264220,1.0248021299537415,0.0105917248003291,1,0.0014111341374549,0.0008475065122119,0.0037638045057444,0.0115283463807025,0.0256535925891915,0.0046999715432754,-0.000614153110945,59,2,0.0053141246542205,0.000936167037531,-0.000936167037531,0.0043779576166894,0,0,0,0,TimeStop,417.10689,0.5549200274799948,0.05644871989527672,False,False,True,True,NORMAL,LOW,NORMAL / LOW
1787264280,1.09330096321059,0.0011706645530368,1,0.0020803908187347,0.0013421654106963,0.0048765572803003,0.0151246685044254,0.0253668573978518,0.0051159296234292,-0.0002003951434134,58,1,0.0053163247668426,0.0009916460704991,-0.0002393723431288,0.0050769524237137,0,0,0,0,TimeStop,413.19203,0.5499959964124714,0.05698355314355894,False,False,True,True,NORMAL,LOW,NORMAL / LOW
1787264340,1.1778370670392908,0.002933505562155,1,0.001790337685231,0.0015194458216273,0.0055639563708477,0.0141849831983694,0.0252901724232908,0.0057841679061312,-1.377182834071684e-07,60,1,0.0057843056244146,0.0,-0.0002202115352834,0.0055640940891311,0,0,0,0,TimeStop,415.23125000000005,0.5539157423295856,0.05670370426117976,False,False,True,False,NORMAL,LOW,NORMAL / LOW
1787264400,1.2338262760733,0.0028240615971792,1,0.0014855012655442,0.000344310553538,0.0034941399801914,0.0132605645427534,0.0248027401782766,0.0046219874546054,-0.0004324859689666,59,41,0.0050544734235721,0.0011279850335644,-0.001127847474414,0.003926625949158,0,0,0,0,TimeStop,426.23456000000004,0.571593918681527,0.05523988951060185,False,False,False,True,NORMAL,LOW,NORMAL / LOW
1787264460,1.2956966888964083,0.0002177220945348,1,0.0006327530644377,0.0005227329706428,0.0029431750341302,0.0139454594638528,0.0248821444126501,0.0043734362534636,-0.0006797866545352,58,40,0.0050532229079988,0.0016661167954061,-0.0014302612193334,0.0036229616886654,0,0,0,0,TimeStop,424.78628,0.569695782751781,0.05542822616587335,False,False,False,True,NORMAL,LOW,NORMAL / LOW
1787264520,1.3572774906988587,0.0085946179555725,1,-0.0001097028002672,0.0016223092054533,0.0027497185600777,0.0135823889338193,0.0243021946471356,0.0039868307149693,-0.0010644470958246,57,39,0.005051277810794,0.00166547547022,-0.0012371121548916,0.0038141656559024,0,0,0,0,TimeStop,426.1776899999999,0.5729607637722116,0.05524726083150904,True,False,False,True,NORMAL,LOW,NORMAL / LOW
1787264580,1.342206347665476,0.0098898654495944,1,-0.000591571764689,0.0006465250173308,0.0028967233298814,0.0136896795318643,0.0248600271963646,0.0033364867341474,-0.0017115190535291,56,38,0.0050480057876766,0.0016643966393887,-0.000439763404266,0.0046082423834105,0,0,0,0,TimeStop,432.12885,0.5817231412775143,0.05448641070828759,True,False,False,True,NORMAL,LOW,NORMAL / LOW
1787264640,1.3370691543286162,0.0069951184520625,1,-0.0004157494006599,0.0008211943713631,0.0030745671143323,0.0139447789720383,0.0243188668754206,0.0034041714805529,-0.0016441748439187,55,37,0.0050483463244716,0.0016645089190336,-0.0003296043662206,0.004718741958251,0,0,0,0,TimeStop,434.5034099999999,0.5852308444310733,0.05418864261617649,True,False,False,True,NORMAL,LOW,NORMAL / LOW
1787264700,1.3740552816383182,0.0131874580291939,1,-0.0007642684972481,-7.733342270867328e-05,0.0052097727468776,0.014262728147333,0.0238434189119914,0.006528012281042,-0.0018829246154345,60,36,0.0084109368964765,0.0,-0.0013182395341643,0.0070926973623121,0,0,0,0,TimeStop,432.9482,0.5846485532892762,0.05438329573838164,True,False,False,False,NORMAL,LOW,NORMAL / LOW
1787264760,1.381608214151674,0.0200744738872975,1,-0.00108612474946,-0.0009026781419658,0.0046251613224799,0.0139271126533807,0.0237940960126041,0.0078578585382244,-0.0022404927353907,60,35,0.0100983512736151,0.0,-0.0032326972157445,0.0068656540578706,0,0,0,0,TimeStop,433.97934000000004,0.5878825362496536,0.05425408039009414,True,False,False,False,NORMAL,LOW,NORMAL / LOW
1787264820,1.4003689815052107,0.0186793106791975,1,-0.0009065435851841,-0.0015519355783944,0.0074266787026274,0.01487808506783,0.0250841530438996,0.0083391294516489,-0.0017640439729276,59,34,0.0101031734245766,0.0035717734830712,-0.0009124507490214,0.0091907226755551,0,0,0,0,TimeStop,433.19399000000004,0.5875554384286391,0.05435243919242739,False,False,False,False,NORMAL,LOW,NORMAL / LOW
1787264880,1.4932784447709124,0.0083164637754924,1,-0.0006007255709399,-0.0010721254126981,0.0079386207170473,0.0153099124117105,0.025313484330628,0.0087681744910566,-0.0013392978011464,58,33,0.010107472292203,0.0035732932611399,-0.0008295537740092,0.0092779185181937,0,0,0,0,TimeStop,423.21584,0.5763865260269447,0.05563390538501583,False,False,False,False,HIGH,LOW,HIGH / LOW
1787264940,1.4661000805791924,0.0148810747656108,1,-0.0013637487636004,-0.001590559402132,0.0057698648203099,0.0126937026046818,0.024963182767337,0.0083525662160676,-0.0017507418397626,57,32,0.0101033080558303,0.0035718210792394,-0.0025827013957577,0.0075206066600725,0,0,0,0,TimeStop,423.72174,0.5779672398527836,0.05556748162131119,False,False,False,False,HIGH,LOW,HIGH / LOW
1787265000,1.5281775034356049,0.0164918119761978,1,-0.0010733406877046,-0.00147151545895,0.0076441861880618,0.0133575407473073,0.0252776403432106,0.0084895862458507,-0.0016150946984087,56,31,0.0101046809442595,0.0035723064362932,-0.0008454000577889,0.0092592808864706,0,0,0,0,TimeStop,423.97470999999996,0.5800050715850519,0.055534326563959444,False,False,False,False,HIGH,LOW,HIGH / LOW
1787265060,1.532394219855752,0.0122569272590041,1,-5.502365260486786e-05,-2.764938543387404e-05,0.0084458555565843,0.0166721667392749,0.0265817890142801,0.0096840252993253,-0.0004326234686057,55,30,0.010116648767931,0.0035765374193164,-0.0012381697427409,0.00887847902519,0,0,0,0,TimeStop,431.39880000000005,0.5940365974861918,0.054578617279417554,True,False,False,False,HIGH,LOW,HIGH / LOW
1787265120,1.4567756813499473,0.0221047578250447,1,-0.00056283339183,-0.0003787508535642,0.0084533616097309,0.0157262028639064,0.0260832171303718,0.0090857586792029,-0.001024895685416,54,29,0.010110654364619,0.0035744182187546,-0.0006323970694719,0.009478257295147,0,0,0,0,TimeStop,438.17491,0.6020198207072149,0.05373459196922069,True,False,True,False,NORMAL,LOW,NORMAL / LOW
1787265180,1.2560577215643614,0.0326115888857715,1,-0.0007366927991028,-0.0005169219435495,0.0075373569221633,0.0139421861083927,0.0255283296865205,0.0088293181743212,-0.0012787667542635,53,28,0.0101080849285848,0.003573509846394,-0.0012919612521578,0.0088161236764269,0,0,0,0,TimeStop,433.0168900000001,0.5974609026245911,0.05437466884952223,True,False,True,False,NORMAL,LOW,NORMAL / LOW
1787265240,1.1985884097203965,0.0417098667832875,1,-0.0002704077424321,-0.000352341150917,0.0067019053641636,0.0137396552198179,0.0253456050149844,0.0090456682521789,-0.0010645844216546,52,27,0.0101102526738335,0.0035742762090676,-0.0023437628880152,0.0077664897858183,0,0,0,0,TimeStop,434.31298000000004,0.6042154572935075,0.054212402309505,False,False,True,False,NORMAL,LOW,NORMAL / LOW
1787265300,1.0729180667315767,0.0454984208304846,1,-0.0011394979863055,-0.0006042251255735,0.0051076870924244,0.0124995896516109,0.0246556541749978,0.0081865018661751,-0.001915142288218,51,26,0.0101016441543932,0.0035712328403978,-0.0030788147737506,0.0070228293806425,0,0,0,0,TimeStop,436.0020600000001,0.6078540789046634,0.0540023824658076,True,False,True,False,NORMAL,LOW,NORMAL / LOW
1787265360,0.9818683934183424,0.032187236000473,1,-0.0001099505222649,0.0001906267179768,0.0047611324903793,0.0115448048378229,0.0244119021440352,0.0087960417811984,-0.0013117097306212,50,25,0.0101077515118197,0.0040956569543705,-0.0040349092908191,0.0060728422210005,0,0,0,0,TimeStop,438.57276999999993,0.6121495523261576,0.05368584556674598,True,False,True,False,NORMAL,LOW,NORMAL / LOW
1787265420,0.9718729567151254,0.0216763033074816,1,0.0017322020331342,0.0006872988303546,0.0056094803517639,0.011193525559776,0.0240870811330217,0.0091565142634099,-0.0009548490451715,49,24,0.0101113633085815,0.0044879967432016,-0.003547033911646,0.0065643293969354,0,0,0,0,TimeStop,437.68053,0.6153491869725584,0.053795287626799394,False,False,True,False,NORMAL,LOW,NORMAL / LOW
1787265480,0.9416385031217456,0.0311693725242656,1,0.0012388296386553,0.0012910661302986,0.0045628575450387,0.0135611430883973,0.0247218819213351,0.008989075425095,-0.0011206102101996,48,23,0.0101096856352947,0.0044872520966077,-0.0044262178800562,0.0056834677552384,0,0,0,0,TimeStop,441.70277999999996,0.6217273223808831,0.05330541501233024,True,False,True,False,NORMAL,LOW,NORMAL / LOW
1787265540,0.925217589754872,0.0431577794443929,1,0.0012374582445466,0.0008083407682082,0.005044398264452,0.0122288859288365,0.0244159871963,0.0088796528904195,-0.0012289363728192,47,22,0.0101085892632388,0.0044867654644824,-0.0038352546259674,0.0062733346372713,0,0,0,0,TimeStop,433.60357,0.6177337233766356,0.05430109812057129,False,False,True,False,NORMAL,LOW,NORMAL / LOW
1787265600,0.9428906501836009,0.0433776404108895,1,0.0006874604789266,0.0016869656063563,0.0052310779974155,0.0115468891760372,0.0249048744948175,0.0089901850273554,-0.0011195117257306,46,21,0.0101096967530861,0.0044872570313143,-0.0037591070299398,0.0063505897231462,0,0,0,0,TimeStop,436.7359,0.6229832894867794,0.05391164316924713,True,False,True,False,NORMAL,LOW,NORMAL / LOW
1787265660,0.9161617730962778,0.0500254618139237,1,0.0001836460700359,0.0015524690980435,0.0052047715537735,0.0111529248042196,0.0254025402265307,0.0089537081316857,-0.0011556231368206,45,20,0.0101093312685063,0.0044870948085206,-0.0037489365779121,0.0063603946905942,0,0,0,0,TimeStop,438.44761000000005,0.6284416338781783,0.053701170819473724,True,False,True,False,NORMAL,LOW,NORMAL / LOW
1787265720,0.93895821491865,0.0407443427343666,1,-0.0006459776000597,0.0021040334687347,0.0054274218453729,0.0130944527051722,0.0264948441417476,0.0092540622476006,-0.0008582784545707,44,19,0.0101123407021713,0.0044884305659329,-0.0038266404022276,0.0062857002999436,0,0,0,0,TimeStop,432.62280000000004,0.6240729962475731,0.054424200481343096,True,False,True,False,NORMAL,LOW,NORMAL / LOW
1787265780,0.9256417261744072,0.03454212046454,1,-0.000471683193914,0.0023690047759642,0.0054606612090766,0.0136418205596114,0.0265095581167325,0.0093745315828339,-0.0007390161761208,43,18,0.0101135477589547,0.0044889663262204,-0.0039138703737573,0.0061996773851974,0,0,0,0,TimeStop,426.49034,0.6213484946674108,0.055206760368828045,True,False,True,False,NORMAL,LOW,NORMAL / LOW
1787265840,0.9533208283194942,0.0284052427488377,1,-0.0002271203736604,0.0032363621506581,0.0057128133721212,0.0137191160656643,0.0272631114555747,0.0097295836873921,-0.000387521558208,42,17,0.0101171052456002,0.0044905453406412,-0.0040167703152709,0.0061003349303293,0,0,0,0,TimeStop,420.91505000000006,0.6163269163388164,0.055938009344165755,True,False,True,False,NORMAL,LOW,NORMAL / LOW
1787265900,0.9383788568885216,0.034391898696192,1,-0.0003986026076424,0.0033287031427022,0.0052349258960889,0.0130944670299386,0.0276254439405594,0.0095732022410323,-0.0005423361221304,41,16,0.0101155383631627,0.0046927273179916,-0.0043382763449434,0.0057772620182193,0,0,0,0,TimeStop,416.73523,0.6139429251063118,0.05649906296619078,True,False,True,False,NORMAL,LOW,NORMAL / LOW
1787265960,0.9350384560275532,0.0319003250092211,1,2.737577348604391e-05,0.0039067567398398,0.0063741530878016,0.0134522349842852,0.0282483590699996,0.0097395848594639,-0.0003776205940652,40,15,0.0101172054535292,0.0046935007024842,-0.0033654317716623,0.0067517736818668,0,0,0,0,TimeStop,406.22897000000006,0.600460772738199,0.05796029268912061,True,False,True,False,NORMAL,LOW,NORMAL / LOW
1787266020,0.9255660312337688,0.0286679947107666,1,0.000184186204412,0.0029138285048991,0.0058664475323105,0.0127902806906969,0.0288612491896288,0.0096540256790508,-0.000462322504129,39,14,0.0101163481831798,0.0046931030038306,-0.0037875781467402,0.0063287700364396,0,0,0,0,TimeStop,406.50249,0.6029285484099473,0.05792129342184349,True,False,True,False,NORMAL,LOW,NORMAL / LOW
1787266080,0.8924209787342001,0.0277697990785794,1,0.0002199328785211,0.0035296544894365,0.0057493397887323,0.0145330380721831,0.0289471005721831,0.0095730633802816,-0.0005424735915493,38,13,0.010115536971831,0.0046927266725351,-0.0038237235915492,0.0062918133802817,0,0,0,0,TimeStop,408.39249,0.6132053597461335,0.057653239411919646,True,False,True,False,NORMAL,LOW,NORMAL / LOW
1787266140,0.8521455963896714,0.0281014342101854,1,-8.195556990550774e-05,0.004038374458024,0.0053033229270844,0.0142903837102028,0.0284238692572144,0.009318595815068,-0.0007943914888316,37,12,0.0101129873038996,0.0046915438490487,-0.0040152728879836,0.006097714415916,0,0,0,0,TimeStop,415.93454,0.6235693142675546,0.05660782583720986,True,False,True,False,NORMAL,LOW,NORMAL / LOW
1787266200,0.770204045120369,0.0285168704744653,1,0.0005358834988998,0.0031487452804229,0.0046960280953116,0.0141496895739787,0.0289309708622113,0.0093366389337444,-0.0007765291553213,36,11,0.0101131680890658,0.0046916277175941,-0.0046406108384328,0.005472557250633,0,0,0,0,TimeStop,416.75095999999996,0.6257906440204654,0.05649693044498326,True,False,True,False,NORMAL,LOW,NORMAL / LOW
1787266260,0.7389418636607848,0.0304478769561363,1,0.0003006102925004,0.0024191774796569,0.0041164504068616,0.0139653892676489,0.0288302727072796,0.0089069716296459,-0.0012018913569386,35,10,0.0101088629865845,0.0051722289421595,-0.0047905212227843,0.0053183417638002,0,0,0,0,TimeStop,416.91199,0.6276256785217141,0.056475108811334496,True,False,True,False,NORMAL,LOW,NORMAL / LOW
1787266320,0.7611748720461563,0.0362958778816268,1,-0.0010430963491627,0.0011255833104583,0.0023332418336535,0.0131758166346418,0.0260083722206972,0.0074114740598407,-0.0026824046115838,34,9,0.0100938786714246,0.0052503431237989,-0.0050782322261872,0.0050156464452374,0,0,0,0,TimeStop,432.16652999999997,0.649411148321238,0.05448166011375291,True,False,True,False,NORMAL,LOW,NORMAL / LOW
1787266380,0.7353427476118226,0.0476006615287763,1,5.217185959732813e-05,0.0022487444430105,0.0029629497420238,0.0128756030655086,0.0263482993346715,0.0077406564318292,-0.002356520521389,33,8,0.0100971769532183,0.0057483778670496,-0.0047777066898054,0.0053194702634129,0,0,0,0,TimeStop,429.72702,0.6490995454292927,0.05479094612202882,True,False,True,False,NORMAL,LOW,NORMAL / LOW
1787266440,0.7406303099221502,0.0528079359829485,1,-0.0004285871176761,0.002251523804294,0.0036789577727747,0.011284388556367,0.0250317116028774,0.0076327494371533,-0.0024633463291417,32,7,0.0100960957662951,0.005747762341442,-0.0039537916643786,0.0061423041019165,0,0,0,0,TimeStop,432.69516,0.653681812784938,0.05441509907344469,True,False,True,False,NORMAL,LOW,NORMAL / LOW
1787266500,0.7184825323223948,0.0455414913443367,1,0.0009988184791997,0.0052875150712244,0.003461728190872,0.0115116199363124,0.0257776490771954,0.0082970206746222,-0.0018057308360718,31,6,0.010102751510694,0.0057515514930008,-0.0048352924837502,0.0052674590269438,0,0,0,0,TimeStop,430.62024,0.6534564970119182,0.05467729524278747,False,False,True,False,NORMAL,LOW,NORMAL / LOW
1787266560,0.7159011815344573,0.0400543294644467,1,0.0013685716951941,0.0055328338326096,0.0036558923141051,0.0123967197708583,0.0259708399948927,0.0087684517699418,-0.0013390233004898,30,5,0.0101074750704317,0.0057542406413018,-0.0051125594558367,0.0049949156145949,0,0,0,0,TimeStop,431.99221,0.6546751729448667,0.0545036448689665,False,False,True,False,NORMAL,LOW,NORMAL / LOW
1787266620,1.038279034887987,0.0315090317656889,1,0.0027517886626307,0.0089925701706109,0.0047607319757841,0.0136487341772152,0.0268368189323059,0.0099064391854705,-0.0002124380847551,29,4,0.0101188772702256,0.0057607319757842,-0.0051457072096863,0.0049731700605393,0,0,0,0,TimeStop,515.1225199999999,0.7574183799010092,0.16797384435842566,False,False,True,False,NORMAL,LOW,NORMAL / LOW
1787266680,1.0268659640570186,0.0334155448082031,1,0.0028420285069617,0.0090204171482031,0.0050703043310769,0.0142463265643057,0.0261269330251498,0.0098508612624511,-0.0002674591381872,28,3,0.0101183204006384,0.0057604149468934,-0.0047805569313741,0.0053377634692642,0,0,0,0,TimeStop,513.75606,0.7574471658636986,0.1684206119145339,False,False,True,False,NORMAL,LOW,NORMAL / LOW
1787266740,1.065330177041426,0.0361863195686336,1,0.0034642693304633,0.0073721500650418,0.0048011577927414,0.0141972160907653,0.0252427823021065,0.0099589659451193,-0.0001604376232005,27,2,0.0101194035683199,0.0057610316001575,-0.0051578081523778,0.004961595415942,0,0,0,0,TimeStop,520.2632600000001,0.7672343296529661,0.16631408875575796,False,False,True,False,NORMAL,LOW,NORMAL / LOW
1787266800,1.0266523882531329,0.0414531770299612,1,0.0037287920565818,0.0091291353107485,0.0053524588438309,0.0140389385567335,0.026676019721222,0.0099757812210828,-0.0001437908298877,26,1,0.0101195720509705,0.0057611275182487,-0.0046233223772518,0.0054962496737186,0,0,0,0,TimeStop,519.3802800000001,0.7701332955399127,0.1665968334415777,False,False,True,False,NORMAL,LOW,NORMAL / LOW
1787266860,0.9910812875782932,0.0500707769167476,1,0.0038792747682064,0.0084737392357004,0.0063466035711338,0.0146915838996341,0.0263073981346465,0.0097119432140204,0.0,25,1,0.0097119432140204,0.0057596225273062,-0.0033653396428866,0.0063466035711338,0,0,0,0,TimeStop,519.7651,0.7749482196618644,0.16647348965907868,False,False,False,False,NORMAL,LOW,NORMAL / LOW
1787266920,0.930816669890678,0.0485747023297192,1,0.0027291396306172,0.0088354589008955,0.0061141584639362,0.015259334279171,0.0284837789204358,0.0094680955820505,-0.0001314784059095,24,1,0.0095995739879601,0.0057582315659298,-0.0033539371181143,0.0062456368698457,0,0,0,0,TimeStop,501.66721999999993,0.7498061971085017,0.17247909879381795,False,False,True,False,NORMAL,LOW,NORMAL / LOW
1787266980,0.991242055752969,0.0489134833344833,1,0.0033089938543719,0.0080584444524812,0.0053631745548919,0.0160895236646759,0.0287981337731206,0.0093510738931619,-4.991749861358144e-05,23,1,0.0094009913917754,0.0057575640480698,-0.0039878993382699,0.0054130920535055,0,0,0,0,TimeStop,480.052,0.7215233501636227,0.18024528592735783,False,False,True,False,NORMAL,LOW,NORMAL / LOW
1787267040,0.9870841576873948,0.0477811938351761,1,0.0041206677396025,0.0070567328924697,0.0053769185673047,0.0154523665028933,0.0284684177716793,0.0094013218756657,-1.3752061598731225e-07,22,1,0.0094014593962817,0.0057578506737891,-0.0040244033083609,0.0053770560879207,0,0,0,0,TimeStop,470.48438,0.7104249431608146,0.18391069646137878,False,False,True,False,NORMAL,LOW,NORMAL / LOW
1787267100,1.0250380257327585,0.050672877016496,1,0.002611462341946,0.0057153655854866,0.0056874656404618,0.0146614898295767,0.0269167124793843,0.0087960417811984,0.0,21,1,0.0087960417811984,0.0057543980208906,-0.0031085761407365,0.0056874656404618,0,0,0,0,TimeStop,456.98942,0.6923248079613924,0.18934160445114898,False,False,False,False,NORMAL,LOW,NORMAL / LOW
1787267160,1.053653579739598,0.0461082698318945,1,0.0021179305154446,0.0045696346779414,0.0069754432463191,0.0151995489589876,0.0269626996612933,0.0086037749538399,0.0,20,1,0.0086037749538399,0.0057533012879485,-0.0016283317075208,0.0069754432463191,0,0,0,0,TimeStop,446.2182399999999,0.6772439284042492,0.19391208660587253,True,False,False,False,NORMAL,LOW,NORMAL / LOW
1787267220,1.0498775025067366,0.0540923644005109,1,0.0021709441635523,0.0049188008353483,0.0067532699494394,0.0150975489118487,0.0271914156957573,0.0084633985491316,0.0,19,1,0.0084633985491316,0.0057525005495713,-0.0017101285996922,0.0067532699494394,0,0,0,0,TimeStop,442.19691,0.673966972362181,0.19567551930654603,True,False,False,False,NORMAL,LOW,NORMAL / LOW
1787267280,1.054594801334951,0.0618676576622186,1,0.0021964579901153,0.0032675727622184,0.0050521691378363,0.0143051894563427,0.0274916254805052,0.0076880834706205,-0.0003738330587588,18,1,0.0080619165293794,0.0057480779791323,-0.0026359143327841,0.0054260021965952,0,0,0,0,TimeStop,440.12106,0.6720697332207431,0.19659843134977453,True,False,True,False,NORMAL,LOW,NORMAL / LOW
1787267340,1.1145421436428624,0.0511043244864511,1,0.0026812600754976,0.0042326360839402,0.0064165933507827,0.0153419495863225,0.0279829996876922,0.0080647930212251,0.0,17,1,0.0080647930212251,0.0057502268145784,-0.0016481996704423,0.0064165933507827,0,0,0,0,TimeStop,440.62918,0.6724760594212295,0.19637172009352624,True,False,False,False,NORMAL,LOW,NORMAL / LOW
1787267400,1.0992160198356926,0.0556846905269892,1,0.0042844172369158,0.003538143664387,0.0063212308381428,0.0148387401343127,0.0266637042615816,0.0072909198899061,-0.0001569946610836,16,2,0.0074479145509897,0.0057458124693284,-0.0009696890517632,0.0064782254992265,0,0,0,0,TimeStop,444.92724000000004,0.6788857216403498,0.19447474153302005,False,False,True,False,NORMAL,LOW,NORMAL / LOW
1787267460,1.1511339439206008,0.0566569996719902,1,0.004158570835078,0.0036466411580205,0.0062827358784608,0.0150205382618024,0.0265570725418075,0.0073897666492774,-5.887877518983119e-05,15,1,0.0074486454244672,0.0057463763133295,-0.0011070307708165,0.0063416146536507,0,0,0,0,TimeStop,450.94664,0.6880681460933743,0.19187882184907729,False,False,True,False,NORMAL,LOW,NORMAL / LOW
1787267520,1.1661481342810176,0.0611150866756312,1,0.00622365532382,0.0033164105378704,0.0070506311745335,0.0144186333699231,0.0269206915477496,0.0071350164654226,-0.0001211580680571,14,1,0.0072561745334797,0.0057449231613611,-8.438529088905349e-05,0.0071717892425906,0,0,0,0,TimeStop,453.81136999999995,0.6949675780211443,0.19066756745208918,False,False,True,False,NORMAL,LOW,NORMAL / LOW
1787267580,1.2004229534304909,0.0600694507277268,1,0.006160879246794,0.0030843495941929,0.0060562017830288,0.0149050830580689,0.0268554629220212,0.0082525078346897,-1.371919578803297e-07,60,1,0.0082526450266475,0.0,-0.0021963060516608,0.0060563389749867,0,0,0,0,TimeStop,451.11035999999996,0.6922998177448635,0.19180918389903526,False,False,True,False,NORMAL,LOW,NORMAL / LOW
1787267640,1.2193613679527369,0.0654647844388436,1,0.0038943895204021,0.0024684623832357,0.0077804146254406,0.0145693032263743,0.0266403886902683,0.0078434905445768,-0.0003015303177834,60,4,0.0081450208623602,0.0,-6.307591913620302e-05,0.008081944943224,0,0,0,0,TimeStop,455.91929999999996,0.701354700635308,0.18978602134193487,False,False,True,False,NORMAL,LOW,NORMAL / LOW
1787267700,1.264779403163223,0.0661354941910055,1,0.0053802813039783,0.0018998985550955,0.005867491020755,0.0139006936638061,0.0266497134866888,0.0075946590628684,-0.0005483508348641,59,3,0.0081430098977325,0.0019740630055109,-0.0017271680421134,0.0064158418556191,0,0,0,0,TimeStop,456.90475,0.7042560952498239,0.18937669175030464,False,False,True,False,NORMAL,LOW,NORMAL / LOW
1787267760,1.33941774269216,0.0612388680504679,1,0.0045767101512826,0.0024577943433457,0.0064130673098004,0.0173814678798508,0.0255700504275378,0.0071804428853321,-0.0009592194694146,58,2,0.0081396623547467,0.0019732514799386,-0.0007673755755316,0.007372286779215,0,0,0,0,TimeStop,459.21762,0.7096353302407663,0.18842288760609838,False,False,True,False,NORMAL,LOW,NORMAL / LOW
1787267820,1.3883164741023335,0.0542025734349105,1,0.0060896996296804,0.0029440405979974,0.0077354272390619,0.0185081607461252,0.0264137978329447,0.0080921684268275,-5.48621588259498e-05,57,1,0.0081470305856535,0.0019750377177341,-0.0003567411877656,0.0077902893978878,0,0,0,0,TimeStop,466.6637599999999,0.7218624153944263,0.18541639059351858,False,False,True,False,NORMAL,LOW,NORMAL / LOW
1787267880,1.4155131175195328,0.0593183012394006,1,0.0047337865275816,0.002211878133711,0.0101983782484304,0.022500357041922,0.0266693183254199,0.0128614586882623,-0.000682148808494,60,3,0.0135436074967563,0.0,-0.0026630804398318,0.0108805270569245,1,0,0,0,TimeStop,465.19942,0.7216044783896969,0.1860000384351296,False,False,True,False,NORMAL,LOW,NORMAL / LOW
1787267940,1.4403273087193194,0.0705312092453575,1,0.0029240162534216,0.0012598606798701,0.0085733252200442,0.0225143773262878,0.0254090849390428,0.012093101225334,-0.0014402320806079,59,2,0.013533333305942,0.0035197760052897,-0.0035197760052897,0.0100135573006522,1,0,0,0,TimeStop,466.99447999999995,0.7237558073130196,0.18528508088575266,False,False,True,False,NORMAL,LOW,NORMAL / LOW
1787268000,1.551786736322586,0.0612026974936501,1,0.0030958186297714,0.0015424261079608,0.0097324181312656,0.0208648360706189,0.0265137729247742,0.0130087713490375,-0.0005368059579428,58,1,0.0135455773069804,0.0042631933840721,-0.0032763532177719,0.0102692240892084,1,0,0,0,TimeStop,462.70421,0.7184542694082573,0.18700307481533396,False,False,True,False,HIGH,LOW,HIGH / LOW
1787268060,1.6368755418781498,0.0523522566060849,1,0.0024465225976305,0.0016931768319437,0.0109699978060553,0.0198495776656427,0.0269362933304081,0.0133145019745502,-0.0001096972356296,57,1,0.0134241992101799,0.0042644800351031,-0.0023445041684948,0.011079695041685,1,0,0,0,TimeStop,467.15308999999996,0.7275726645056377,0.185222172029302,False,False,True,False,HIGH,LOW,HIGH / LOW
1787268120,1.5024377457320777,0.0501399820394474,1,0.0027419041509824,0.0012063007312247,0.0108029652596631,0.018504288543735,0.0267463153263806,0.0131198742672433,0.0,56,1,0.0131198742672433,0.0042636609547776,-0.0023169090075801,0.0108029652596631,1,0,0,0,TimeStop,467.40824999999995,0.7295417374090365,0.18512105851790164,False,False,False,False,HIGH,LOW,HIGH / LOW
1787268180,1.5721809744448298,0.0565005844062667,1,0.001068767269694,0.0007126028373427,0.0107617822961345,0.0191780848189157,0.0261010994659038,0.0123152071664666,-0.0002558904460124,55,30,0.0125710976124791,0.0042602745562019,-0.001553424870332,0.011017672742147,1,0,0,0,TimeStop,468.38042,0.7298260495030353,0.18473682140683848,False,False,False,False,HIGH,LOW,HIGH / LOW
1787268240,1.55513315068511,0.0551388614545675,1,0.0015472274891481,0.0014242272868416,0.0108368931025514,0.0204577552517867,0.0253240706054034,0.0122040033689454,-0.0003657132963903,54,29,0.0125697166653357,0.0042598065609513,-0.001367110266394,0.0112026063989417,1,0,0,0,TimeStop,470.42513,0.7359479745117317,0.18393385999595724,False,False,True,False,HIGH,LOW,HIGH / LOW
1787268300,2.4886484873018313,0.077599388426613,1,-0.0007430898655005,-0.001816183781237,0.0090060359995475,0.0186473468767542,0.0221444332757773,0.0098123937222981,-0.0027276235390317,53,28,0.0125400172613298,0.004249741599313,-0.0008063577227506,0.0117336595385792,0,0,0,0,TimeStop,628.09125,0.9259833921953173,0.26310770926995086,False,False,True,False,HIGH,LOW,HIGH / LOW
1787268360,3.1079491660840906,0.0759490332032804,1,-0.0005098095977329,-0.0018666138542194,0.0092591263776987,0.0187439084245284,0.0229731412348899,0.0100380553046371,-0.0025047642595317,52,27,0.0125428195641688,0.0042506912840463,-0.0007789289269383,0.0117638906372305,1,0,0,0,TimeStop,740.39211,1.0506401049416743,0.22320017699810443,False,False,True,False,HIGH,LOW,HIGH / LOW
1787268420,1.9983866510100603,0.1076881991124027,1,-0.0028892630088426,-0.0041941222561343,0.0073964751209473,0.0189156181929205,0.0205473399771291,0.0077102467928062,-0.0048036656603973,51,26,0.0125139124532035,0.004240894826081,-0.0003137716718588,0.0122001407813447,0,0,0,0,TimeStop,786.7715,1.1029495464453345,0.2100427506588635,False,False,True,False,HIGH,LOW,HIGH / LOW
1787268480,2.1450112383474393,0.103195235083054,1,-0.0030576915839783,-0.0039147996908629,0.0073132346981796,0.019250571723559,0.0203214796254794,0.0076269804433182,-0.0048858979945906,50,25,0.0125128784379089,0.0042405444040903,-0.0003137457451385,0.0121991326927703,0,0,0,0,TimeStop,818.59274,1.1365787382525645,0.20187773715168789,False,False,True,False,HIGH,LOW,HIGH / LOW
1787268540,2.1619052342623104,0.0825104518686899,1,-0.0014203955635688,-0.0025521772387041,0.0068841173578101,0.0206901874009725,0.0219372507239251,0.0093837075889198,-0.0031509861771294,49,24,0.0125346937660493,0.0042479374965852,-0.0024995902311096,0.0100351035349396,0,0,0,0,TimeStop,848.52911,1.1687619156079265,0.19475542801354218,False,False,True,False,HIGH,LOW,HIGH / LOW
1787268600,2.2674516907317455,0.0986584193886007,1,-0.003461757519621,-0.0037425105814179,0.005670011932346,0.0180662345423895,0.0198695173215366,0.0076430555477909,-0.004870022513423,48,23,0.012513078061214,0.0042406120553101,-0.0019730436154448,0.0105400344457691,0,0,0,0,TimeStop,859.68389,1.1824153510840167,0.1922283899027118,False,False,True,False,HIGH,LOW,HIGH / LOW
1787268660,2.3173567636942782,0.0914688743524399,1,-0.0021092623256394,-0.0021092623256394,0.0081574148352767,0.0207809331306687,0.0219833613399755,0.009003002182922,-0.0044834271563808,60,22,0.0134864293393029,0.0,-0.0008455873476453,0.0126408419916575,0,0,0,0,TimeStop,858.2614,1.1801980442270814,0.1925469909284048,False,False,True,False,HIGH,LOW,HIGH / LOW
1787268720,2.5420622283704883,0.0961281134686167,1,-0.0031266188619571,-0.0026974670774599,0.0072118766529433,0.0215189355727022,0.0219483600076342,0.0086702838291027,-0.0050807045287237,60,21,0.0137509883578264,0.0,-0.0014584071761593,0.012292581181667,0,0,0,0,TimeStop,856.63344,1.1731171284988549,0.19291291033420316,True,False,True,False,HIGH,LOW,HIGH / LOW
1787268780,2.6367467992153504,0.088135933452202,1,-0.0025100264644094,-0.0026737238425231,0.0063569148500804,0.0198031539028183,0.0221790849316563,0.0093307505524786,-0.0044292418083104,59,20,0.013759992360789,0.0032466646659209,-0.0029738357023981,0.0107861566583908,0,0,0,0,TimeStop,869.07451,1.1855815481649281,0.19015130244701342,False,False,True,False,HIGH,LOW,HIGH / LOW
1787268840,2.7545058442156916,0.0852414842779517,1,-0.0016593037424392,-0.0016680433885191,0.0069908975220509,0.0211377899428796,0.0237132543970321,0.0103850210113382,-0.0033893439953373,58,19,0.0137743650066756,0.0039600155729569,-0.0033941234892873,0.0103802415173882,1,0,0,0,TimeStop,877.4773500000001,1.2005435544809202,0.18833038824306972,False,False,True,False,HIGH,LOW,HIGH / LOW
1787268900,2.8266008449684845,0.0741107779098614,1,-0.0015485983422127,-2.774139282288946e-05,0.0073543388973273,0.0209331357271557,0.024569034729354,0.0111259384072749,-0.0026585273693439,57,18,0.0137844657766189,0.0040316579855239,-0.0037715995099476,0.0100128662666712,1,0,0,0,TimeStop,885.1688100000001,1.2141281516819362,0.18669393694520256,True,False,True,False,HIGH,LOW,HIGH / LOW
1787268960,2.909472715435464,0.0572373502286012,1,-0.0007515071863729,0.002394864910633,0.006751527430833,0.0208158189116633,0.0253877840003654,0.0120862162310779,-0.0017113408097401,56,17,0.013797557040818,0.0053346888002449,-0.0053346888002449,0.0084628682405731,1,0,0,0,TimeStop,895.02706,1.2312087637706495,0.18463760190669543,True,False,True,False,HIGH,LOW,HIGH / LOW
1787269020,3.019248297661837,0.0601066590851046,1,-0.0015314044555241,0.001825489892881,0.0055528963450691,0.0210392085205206,0.0250630246557348,0.0115937475603966,-0.0021970957593317,55,16,0.0137908433197283,0.0062493497239137,-0.0060408512153275,0.0077499921044008,1,0,0,0,TimeStop,910.27216,1.250826832747692,0.18154531936909946,True,False,True,False,HIGH,LOW,HIGH / LOW
1787269080,3.0246682288660978,0.0535645314890402,1,-0.0003557841818626,0.0017787840692433,0.0089574141386719,0.0201224691258014,0.0257980478669302,0.012479677539112,-0.001323243476389,54,15,0.0138029210155011,0.0062548227572151,-0.00352226340044,0.010280657615061,1,0,0,0,TimeStop,909.2047100000001,1.2529361672121198,0.18175846229393156,True,False,True,False,HIGH,LOW,HIGH / LOW
1787269140,2.958296440420177,0.0545305203258984,1,-0.0001228101870092,0.0021747523316499,0.0071484281458519,0.0203643359763963,0.0246925061305941,0.011884825926133,-0.0019099856033091,53,14,0.0137948115294422,0.0062511479265113,-0.0047363977802811,0.0090584137491611,1,0,0,0,TimeStop,919.3094400000001,1.2666386609621576,0.17976063641857087,True,False,True,False,HIGH,LOW,HIGH / LOW
1787269200,2.9581072891002584,0.0523060232235667,1,-0.0010738919139343,0.0027732749286374,0.0062829446053377,0.0200390993475145,0.0241883452984376,0.0118077513307754,-0.0019860094570315,52,13,0.013793760787807,0.0062506717807241,-0.0055248067254377,0.0082689540623692,1,0,0,0,TimeStop,922.15192,1.2682230719628418,0.17920653464561456,True,False,True,False,HIGH,LOW,HIGH / LOW
1787269260,2.8244821759215712,0.0494243325091514,1,-0.0013574963211398,0.0026265167563344,0.0059173547706621,0.0195524870544188,0.0244185240335101,0.0117976508626671,-0.0019959722275972,51,12,0.0137936230902644,0.0062787794484874,-0.005880296092005,0.0079133269982594,1,0,0,0,TimeStop,922.9033099999999,1.275979281898192,0.17906063203955788,True,False,True,False,HIGH,LOW,HIGH / LOW
1787269320,2.79063011914011,0.0458892163156642,1,-0.001308640253167,0.0037218773633546,0.0076256432768932,0.0226432098816084,0.0242741894676956,0.0118747239191649,-0.0019199498917557,50,11,0.0137946738109207,0.0062792577306051,-0.0042490806422716,0.009545593168649,1,0,0,0,TimeStop,926.0882,1.2852293159657286,0.1784448284731411,True,False,True,False,HIGH,LOW,HIGH / LOW
1787269380,2.7705315745929058,0.0483240252046986,1,-0.0008597369172208,0.0029627141426722,0.0081367274386418,0.0227898668118982,0.024957673069924,0.0119620506708642,-0.0018338136471678,49,10,0.0137958643180321,0.006279799642729,-0.0038253232322224,0.0099705410858097,1,0,0,0,TimeStop,927.92635,1.2885929682316208,0.17809134313299757,True,False,True,False,HIGH,LOW,HIGH / LOW
1787269440,2.7330472952836855,0.0515492963220769,1,-0.0011333915394496,0.0052988721755659,0.0079608239917896,0.0223782592358894,0.0253176088365693,0.0120642047294134,-0.0017330522332641,48,9,0.0137972569626775,0.0062804335667185,-0.0041033807376237,0.0096938762250538,1,0,0,0,TimeStop,935.09531,1.300162929960987,0.1767259959843024,True,False,True,False,HIGH,LOW,HIGH / LOW
1787269500,2.6975730043543074,0.0481025759063048,1,-0.0002817283369859,0.0039600687367884,0.0078186112831719,0.0227465187941808,0.0255269954993248,0.0123885213011389,-0.0014131570006755,47,8,0.0138016783018144,0.0062824461353616,-0.0045699100179669,0.0092317682838474,1,0,0,0,TimeStop,943.47698,1.3109593862653985,0.17515599585694183,True,False,True,False,HIGH,LOW,HIGH / LOW
1787269560,2.6100730357486728,0.0745963166328608,1,0.0,0.0039455755531788,0.0070332508786779,0.0232445032052334,0.0255121429243189,0.011409143499533,-0.0023791831521299,46,7,0.013788326651663,0.0062763685395026,-0.004375892620855,0.0094124340308079,1,0,0,0,TimeStop,949.16737,1.322866431642372,0.1741059113736706,True,False,True,False,HIGH,LOW,HIGH / LOW
1787269620,2.529723965835871,0.0634880453413943,1,0.000430497786998,0.004777322011114,0.0068834517498546,0.0311595337550333,0.0258375253761898,0.0118339027947485,-0.0019602145104283,45,6,0.0137941173051768,0.0062790044123287,-0.0049504510448938,0.0088436662602829,1,0,0,0,TimeStop,957.5058200000001,1.3346404692436342,0.17258970812313182,True,False,True,False,HIGH,LOW,HIGH / LOW
1787269680,2.554174557331068,0.0642531817988259,1,-0.0001641092967916,0.0079688739367084,0.0087334865020103,0.0309154563606029,0.0260868138180028,0.0118705724679303,-0.0019240447471349,44,5,0.0137946172150652,0.0062792319684909,-0.0031370859659199,0.0106575312491453,1,0,0,0,TimeStop,968.9077199999999,1.3471669269803732,0.17055870914105217,True,False,True,False,HIGH,LOW,HIGH / LOW
1787269740,2.5238296975822245,0.0581131850386507,1,-8.754171910042922e-06,0.0073042621874487,0.008939650927395,0.0338909558461453,0.0257155167697104,0.0120643431635388,-0.0017329156863818,43,4,0.0137972588499206,0.0062804344257809,-0.0031246922361438,0.0106725666137768,1,0,0,0,TimeStop,971.26955,1.3499748301651178,0.1701439626105853,True,False,True,False,HIGH,LOW,HIGH / LOW
1787269800,2.482811185767732,0.0496450916088888,1,0.0015232157988507,0.008177379020409,0.0094094743228847,0.0327861627567509,0.0265181071610851,0.0126941949587565,-0.0011116505272949,42,3,0.0138058454860515,0.0062843430141276,-0.0032847206358718,0.0105211248501796,1,0,0,0,TimeStop,979.9886399999999,1.361716498281117,0.1686301690191021,True,False,True,False,HIGH,LOW,HIGH / LOW
1787269860,2.4165678792850094,0.0480929165402849,1,0.003148738396539,0.0092611402260434,0.0098085624001046,0.0346739039373331,0.0263445723481578,0.0128473783145804,-0.000960555487719,41,2,0.0138079338022994,0.0062852936039077,-0.0030388159144757,0.0107691178878237,1,0,0,0,TimeStop,990.7756099999999,1.3737002243551848,0.16679422498097224,True,False,True,False,HIGH,LOW,HIGH / LOW
1787269920,2.505948036091171,0.040383521917284,1,0.003362042996029,0.0095851020128714,0.0108173353416404,0.0335408736135835,0.0266694509105846,0.0131452827605093,-0.0006667123100096,40,1,0.0138119950705189,0.0062871422702997,-0.0023279474188688,0.0114840476516501,1,0,0,0,TimeStop,983.8639599999999,1.3662914464109603,0.16796595537456216,True,False,True,False,HIGH,LOW,HIGH / LOW
1787269980,2.482470242320121,0.0451641743681498,1,0.0021353279670197,0.0100420234843642,0.0098833693966805,0.0320082910791914,0.0266006369982155,0.0128400300005435,-0.0007286589376527,39,6,0.0135686889381962,0.0062852480034429,-0.0029566606038629,0.0106120283343332,1,0,0,0,TimeStop,996.9816400000001,1.3814349911221075,0.16575596116293576,False,False,True,False,HIGH,LOW,HIGH / LOW
1787270040,2.494845612511801,0.057936409451373,1,0.0022978447173986,0.0093992791059304,0.0075775532850356,0.0309700228375673,0.0262727084846136,0.0120091109543044,-0.0015484464312899,38,5,0.0135575573855943,0.006280091678533,-0.0044315576692687,0.0091259997163256,1,0,0,0,TimeStop,1000.6277699999999,1.3875849909488107,0.16515197254619468,False,False,True,False,HIGH,LOW,HIGH / LOW
1787270100,1.2341441137201967,0.0515075400450272,1,0.0038513027254267,0.0108419106831248,0.0080221213418407,0.0320131924196155,0.0272763077324079,0.0128954916088748,-0.0006739403304757,37,4,0.0135694319393505,0.0062855921742425,-0.004873370267034,0.0086960616723165,1,0,0,0,TimeStop,1001.01428,1.3957756281970026,0.165088204336106,False,False,True,False,NORMAL,LOW,NORMAL / LOW
1787270160,0.7902572364791791,0.047588107574006,1,0.0039894287122746,0.0111465465300979,0.008708988333242,0.0307683354329845,0.0270229227145751,0.0131730295229227,-0.0004001205017253,36,3,0.013573150024648,0.0062873144547296,-0.0044640411896806,0.0091091088349674,1,0,0,0,TimeStop,1002.8271099999997,1.405771454704541,0.16478977118997118,False,False,True,False,NORMAL,LOW,NORMAL / LOW
1787270220,0.755578898556261,0.0537749908129032,1,0.0050371093806167,0.0116394145045034,0.0088458892934176,0.0291895997056392,0.0274147526340273,0.0132006390599733,-0.0003728808406757,35,2,0.0135735199006491,0.006287485787598,-0.0043547497665557,0.0092187701340934,1,0,0,0,TimeStop,920.5785599999999,1.295192751515546,0.17951281637495448,False,False,True,False,NORMAL,LOW,NORMAL / LOW
1787270280,0.6526757966155029,0.0482568446190992,1,0.00382574018997,0.0112721626478919,0.0091297317149727,0.028973260748122,0.0266586249648026,0.0128328204375673,-0.0007357719164551,34,1,0.0135685923540225,0.0062852032640073,-0.0037030887225946,0.0098655036314279,1,0,0,0,TimeStop,922.7051099999998,1.3031364153339253,0.17909909483431824,False,False,True,False,NORMAL,LOW,NORMAL / LOW
1787270340,0.6043615495235665,0.0445916673778127,1,0.0064395622603993,0.0094604393144006,0.0093511618942242,0.0288130869981095,0.0273994644310899,0.0132125712853723,2.560761600640184e-05,33,1,0.0131869636693659,0.0062875598338379,-0.003861409391148,0.0093255542782178,1,0,0,0,TimeStop,930.8009,1.3181540796574411,0.17754135175417216,False,False,False,False,NORMAL,LOW,NORMAL / LOW
1787270400,0.5973703581513101,0.0557891422135563,1,0.0042429924449796,0.0094478813095368,0.0086402332201904,0.0270699660571553,0.0262765520639438,0.0126738202124165,0.0,32,1,0.0126738202124165,0.0062842165772472,-0.004033586992226,0.0086402332201904,1,0,0,0,TimeStop,952.9569399999998,1.3451785206487366,0.17341355423677385,False,False,False,False,NORMAL,LOW,NORMAL / LOW
1787270460,0.6207123276155612,0.0590974959030141,1,0.0039455755531788,0.0102883780491271,0.0082923520573202,0.0248259320984818,0.0255366113979891,0.011409143499533,-0.0011121536412369,31,1,0.0125212971407699,0.0062763685395026,-0.0031167914422127,0.0094045056985572,1,0,0,0,TimeStop,971.68665,1.3635388204183125,0.17007092770081797,False,False,True,False,NORMAL,LOW,NORMAL / LOW
1787270520,0.6329563022330904,0.0652205635175893,1,0.00434495373115,0.00993614615754,0.009089600557055,0.0234654293495295,0.0257460311254845,0.011398497979595,-0.0007946019014401,30,2,0.0121930998810352,0.0062763024780014,-0.00230889742254,0.0098842024584952,1,0,0,0,TimeStop,1003.9210899999999,1.3939324073201256,0.1646101985963857,False,False,True,False,NORMAL,LOW,NORMAL / LOW
1787270580,0.6041279204296687,0.0573507264686227,1,0.0081343181507317,0.0090548488578853,0.0106691287101628,0.0249496648885242,0.0266358911229654,0.012036657092053,-0.0001641362330734,29,1,0.0122007933251265,0.0062802626179728,-0.0013675283818902,0.0108332649432362,1,0,0,0,TimeStop,1010.7677399999999,1.4013691194923599,0.1634951764487458,True,False,True,False,NORMAL,LOW,NORMAL / LOW
1787270640,0.5785828323696341,0.053130297210835,1,0.0073130803793215,0.0086734085323282,0.0100215628084503,0.0269037207744883,0.0252720109165478,0.0120732030263437,-0.0001280308849888,28,1,0.0122012339113325,0.0062804894062648,-0.0020516402178933,0.0101495936934392,1,0,0,0,TimeStop,1016.2351299999999,1.406593397315226,0.1626155651596103,True,False,True,False,NORMAL,LOW,NORMAL / LOW
1787270700,0.5702253336986369,0.059521613777405,1,0.0066440429104288,0.0073822850850206,0.0089232733783749,0.0252187189352693,0.0272494998894412,0.0111539892272945,-5.425437677028702e-05,27,4,0.0112082436040648,0.0062747851622341,-0.0022307158489196,0.0089775277551451,1,0,0,0,TimeStop,1026.69017,1.4141726824476624,0.16095961062917355,True,False,True,False,NORMAL,LOW,NORMAL / LOW
1787270760,0.5853791372417328,0.0727044289528559,1,0.0060932158866835,0.0043462538294112,0.0081671363168057,0.0256718271323595,0.0247771947899538,0.0096681972939964,-0.0015235768918484,26,3,0.0111917741858449,0.0062655649788827,-0.0015010609771906,0.0096907132086542,0,0,0,0,TimeStop,1056.0036199999997,1.4462488973973497,0.156491556345233,False,False,True,False,NORMAL,LOW,NORMAL / LOW
1787270820,0.5824611639222604,0.0735524705488216,1,0.0062022069304718,0.0037206145080083,0.0082883057959458,0.0243796257768453,0.0251105655598807,0.0097504583044298,-0.0014422277123071,25,2,0.011192686016737,0.006266075455203,-0.001462152508484,0.0097305335082529,0,0,0,0,TimeStop,1082.07737,1.506078965457859,0.15272073382331247,False,False,True,False,NORMAL,LOW,NORMAL / LOW
1787270880,0.5939452921711669,0.0686398988910962,1,0.0078898481040324,0.0071658835099989,0.0092065074855207,0.0242108785925034,0.0260082231450114,0.0106818926893235,-0.0005211179106107,24,1,0.0112030105999343,0.0062718555349141,-0.0014753852038027,0.0097276253961315,1,0,0,0,TimeStop,1089.1375899999998,1.5113403630113287,0.15173073771147685,False,False,True,False,NORMAL,LOW,NORMAL / LOW
1787270940,0.61197389435821,0.0709108110180271,1,0.0070851538052884,0.004962882773319,0.0088684509918736,0.022284118761479,0.025491269854158,0.0096890024138921,-3.49345025840236e-05,23,1,0.0097239369164762,0.0062656940864756,-0.0008205514220185,0.0089033854944576,0,0,0,0,TimeStop,1107.52388,1.5274732184637325,0.14921181654340493,False,False,True,False,NORMAL,LOW,NORMAL / LOW
1787271000,0.6133044906864729,0.0711951741409359,1,0.0069637883008357,0.0034999633161843,0.0084640063581644,0.0195382912214948,0.0261921080975228,0.0090094906077158,-0.0005948505741357,22,4,0.0096043411818516,0.0062614773295381,-0.0005454842495514,0.0090588569323002,0,0,0,0,TimeStop,1111.84738,1.5332993451292507,0.14863159546231966,False,False,True,False,NORMAL,LOW,NORMAL / LOW
1787271060,0.641243407883226,0.0742638717774798,1,0.0071286784632812,0.0032822172158124,0.0086832478306543,0.0198691095691806,0.026332206481946,0.0091471090710855,-0.0004585420436135,21,3,0.009605651114699,0.0062623313303146,-0.0004638612404311,0.0091417898742678,0,0,0,0,TimeStop,1118.65301,1.536187053509289,0.1477273547049232,False,False,True,False,NORMAL,LOW,NORMAL / LOW
1787271120,0.6551582591275227,0.08906996130032,1,0.0065692152680367,0.0038892904514478,0.0073164168387405,0.0183219711188335,0.0248613473744734,0.0081226151782471,-0.001473284205693,20,2,0.0095958993839401,0.0062559737634692,-0.0008061983395066,0.0087897010444335,0,0,0,0,TimeStop,1128.4511000000002,1.5434361940105545,0.14644467092991445,False,False,True,False,NORMAL,LOW,NORMAL / LOW
1787271180,0.7358430530313317,0.0839954430674124,1,0.0074180429528661,0.0051587294552543,0.0087956132662939,0.0198819042325447,0.0264542046508748,0.0090954823139309,-0.0006312386637157,60,1,0.0097267209776467,0.0,-0.0002998690476369,0.0094268519300097,0,0,0,0,TimeStop,1183.54421,1.5928391185355713,0.13962777951488606,False,False,True,False,NORMAL,LOW,NORMAL / LOW
1787271240,0.7782624195564339,0.1010656884020227,1,0.0030015483962262,0.0026479208222555,0.0067364760243499,0.0187855294344953,0.0249074091711862,0.0068521295210313,-0.0018967173455752,59,1,0.0087488468666066,0.0010476846169964,-0.0001156534966814,0.0086331933699251,0,0,0,0,TimeStop,1217.4058499999999,1.6192656761212736,0.1357440906005175,False,False,True,False,NORMAL,LOW,NORMAL / LOW
1787271300,0.7851150684708211,0.0900242184212316,1,0.0051828978680599,0.003843322724218,0.0079863428481011,0.0191854036599608,0.0265926586266718,0.0085178662035781,-1.3628803979449008e-07,58,1,0.0085180024916179,0.0010494179069673,-0.0005315233554769,0.0079864791361409,0,0,0,0,TimeStop,1228.7229599999998,1.6299064725819536,0.13449382438495333,False,False,True,False,NORMAL,LOW,NORMAL / LOW
1787271360,0.8050305004576787,0.0946627998017747,1,0.006317874843418,0.0030755405479005,0.0108985077065518,0.0182283100049016,0.0259880997767005,0.0108986438647132,-0.0003507434235607,60,1,0.011249387288274,0.0,-1.3615816144701978e-07,0.0112492511301125,1,0,0,0,TimeStop,1238.6939499999999,1.6358024969537122,0.13341120298520875,False,False,True,False,NORMAL,LOW,NORMAL / LOW
1787271420,0.8155092449906118,0.10518532907866,1,0.0055670040513656,0.0020961159180275,0.0106900414690965,0.0179414511175995,0.0258147134788786,0.0107794608677165,-7.893949954266687e-05,60,1,0.0108584003672591,0.0,-8.941939861993424e-05,0.0107689809686392,1,0,0,0,TimeStop,1245.86871,1.6388898208553986,0.13264290905901313,False,False,True,False,NORMAL,LOW,NORMAL / LOW
1787271480,1.2315348141755809,0.1238697879144513,1,0.0009131032349362,0.0007585676354425,0.0121777851344622,0.0141707380940428,0.0235386617135678,0.0157585608516145,-0.0023587369597867,60,23,0.0181172978114012,0.0,-0.0035807757171523,0.0145365220942489,1,0,0,0,TimeStop,1553.80997,1.8564588434284839,0.20127530781643782,False,False,True,False,NORMAL,HIGH,NORMAL / HIGH
1787271540,1.3326460339619637,0.1121390482407796,1,0.0013504521876102,0.0016235300507862,0.0138225469161619,0.014768881888053,0.0236500909806903,0.0166299122783194,-0.0015093289155644,60,22,0.0181392411938838,0.0,-0.0028073653621575,0.0153318758317263,1,0,0,0,TimeStop,1622.68324,1.8971870713497228,0.19273236592990262,True,False,True,False,NORMAL,LOW,NORMAL / LOW
1787271600,1.3669847931322945,0.1157836009949139,1,0.0007333696352658,0.0012221017135624,0.011025116891816,0.0148984543712264,0.0239011707712694,0.0163816204699457,-0.001753190571978,59,21,0.0181348110419238,0.0053565035781296,-0.0053565035781296,0.0127783074637941,1,0,0,0,TimeStop,1653.5992700000002,1.9176565053556867,0.18912900221587542,True,False,True,False,NORMAL,HIGH,NORMAL / HIGH
1787271660,1.3998645403095036,0.1254379422822479,1,-0.0017363819074485,0.0005423989414064,0.0087832278691329,0.0142236289540936,0.0225614359371103,0.0154437892133818,-0.0026742885540666,58,20,0.0181180777674484,0.0068079951150187,-0.0066605613442488,0.0114575164231996,1,0,0,0,TimeStop,1681.7869600000001,1.9338013545280817,0.18595909436710104,True,False,True,False,NORMAL,HIGH,NORMAL / HIGH
1787271720,1.4267121769836644,0.1198421859006511,1,-0.0024662959446629,0.0012205343822054,0.0076190153261901,0.01354699579547,0.0227611555676114,0.0154165197341652,-0.0027010714770106,57,19,0.0181175912111758,0.0079823680998237,-0.007797504407975,0.0103200868032007,1,0,0,0,TimeStop,1706.5535,1.9467023411359028,0.18326034314189388,True,False,True,False,NORMAL,HIGH,NORMAL / HIGH
1787271780,1.4248238923236758,0.1216167423912667,1,-0.0007182973371497,-0.0001570767195768,0.0083266924711596,0.0124761471072946,0.020808667273831,0.0146513682886633,-0.0034525706913001,56,18,0.0181039389799635,0.0080251431173562,-0.0063246758175036,0.0117792631624598,1,0,0,0,TimeStop,1723.3123500000004,1.9560246739967113,0.1814781748648177,True,False,True,False,NORMAL,HIGH,NORMAL / HIGH
1787271840,1.4441489870672426,0.1211241240798811,1,-0.0021073402025144,-0.0018047623557928,0.0095177196389282,0.0119604293759863,0.020249138235799,0.0144645219005791,-0.0036360832686645,55,17,0.0181006051692436,0.0080236653003915,-0.0049468022616509,0.0131538029075927,1,0,0,0,TimeStop,1745.8861,1.9752083024009268,0.17913171999021013,True,False,True,False,NORMAL,HIGH,NORMAL / HIGH
1787271900,1.9040300430270392,0.1226522914803808,1,-0.0034398704550203,-0.0027895453398627,0.009555255898599,0.0129291729319029,0.0187833178200591,0.0139039834647864,-0.0041866202852952,54,16,0.0180906037500817,0.0080192318552589,-0.0043487275661873,0.0137418761838943,1,0,0,0,TimeStop,1605.8170700000003,1.8111524848508558,0.19475666677276007,True,False,True,False,HIGH,HIGH,HIGH / HIGH
1787271960,2.414854936758617,0.1164079992378848,1,-0.0038192351481221,-0.0024106873580499,0.0093977669351093,0.0129634878573863,0.0178808783780398,0.0138762474098417,-0.0042138614590798,53,15,0.0180901088689216,0.0080190124835442,-0.0044784804747324,0.0136116283941891,1,0,0,0,TimeStop,1511.65042,1.7087526164189768,0.20688882552620866,True,False,True,False,HIGH,HIGH,HIGH / HIGH
1787272020,2.728726069164035,0.1263492751309728,1,-0.0026624347098428,-0.0027613843144437,0.0114345675773683,0.0134873319464145,0.0177731628368025,0.0134099048960291,-0.0046718832465053,52,14,0.0180817881425345,0.0080153240586014,-0.0019753373186607,0.0161064508238737,1,0,0,0,TimeStop,1477.3411800000001,1.6668387333798103,0.2116935371692543,False,False,True,False,HIGH,HIGH,HIGH / HIGH
1787272080,3.006044809030193,0.1248466823680771,1,-0.0022426772216522,-0.0021185502894784,0.0118506702922017,0.0140612667254948,0.0191206913098558,0.0134099048960291,-0.0046718832465053,51,13,0.0180817881425345,0.0080153240586014,-0.0015592346038273,0.0165225535387071,1,0,0,0,TimeStop,1459.7839,1.6422827514004812,0.21423964190864142,True,False,True,False,HIGH,HIGH,HIGH / HIGH
1787272140,3.176886692498508,0.1066117128858126,1,-0.0003525693200934,-0.0001082532964349,0.0137116772478159,0.0170237126268381,0.0201424385479408,0.0156093656736665,-0.002511666395355,50,12,0.0181210320690216,0.0080327201692983,-0.0018976884258505,0.016223343643171,1,0,0,0,TimeStop,1464.5495500000002,1.636119151996016,0.21354250527064786,True,False,True,False,HIGH,LOW,HIGH / LOW
1787272200,3.135364083273743,0.1107514109840839,1,-0.0013326680613877,-0.0008000889439667,0.0123263321596163,0.0168899982780663,0.0189965873176208,0.0150819681021987,-0.0030296538642492,49,11,0.018111621966448,0.0080285488439318,-0.0027556359425824,0.0153559860238656,1,0,0,0,TimeStop,1473.7542700000001,1.6379172265993431,0.21220876937645783,True,False,True,False,HIGH,LOW,HIGH / LOW
1787272260,3.2884741834941713,0.1183136474510594,1,-0.0032219782402474,-0.0019756992510012,0.0125213762351334,0.0145758220252446,0.0171835231391022,0.014411293173771,-0.0051031004623178,60,10,0.0195143936360888,0.0,-0.0018899169386375,0.0176244766974512,1,0,0,0,TimeStop,1595.9286499999998,1.7192018387599515,0.19596338470394653,True,False,True,False,HIGH,HIGH,HIGH / HIGH
1787272320,3.158062188460154,0.115027891286176,1,-0.0034516726576688,-0.0008382169543151,0.0142046169742384,0.0152149979792378,0.0165571196196364,0.0151182233752761,-0.0047665891296809,60,9,0.019884812504957,0.0,-0.0009136064010377,0.0189712061039193,1,0,0,0,TimeStop,1618.04175,1.735164773585151,0.1932852350688726,True,False,True,False,HIGH,HIGH,HIGH / HIGH
1787272380,3.2846827410894144,0.1000371147539875,1,-0.0001543946212655,0.0015997939597679,0.0133613023911511,0.0124540476061377,0.0190237488478013,0.0172585804912432,-0.0032688553922896,60,8,0.0205274358835329,0.0,-0.0038972781000921,0.0166301577834408,1,0,0,0,TimeStop,1631.0225,1.7460554718239003,0.1917469440182462,False,False,True,False,HIGH,LOW,HIGH / LOW
1787272440,3.3874897669863735,0.1010451072028267,1,0.0002727095819244,0.0013365617302073,0.0140486795418316,0.0141871362713915,0.0199482109451334,0.0176800157848808,-0.0028559243139372,59,7,0.0205359400988181,0.0047030537099554,-0.0036313362430491,0.0169046038557689,1,0,0,0,TimeStop,1634.2123500000002,1.748510370324385,0.19137266953098228,True,False,True,False,HIGH,LOW,HIGH / LOW
1787272500,3.4683487392207137,0.0940108949881475,1,0.0004883739196931,0.0015296956440167,0.0134796628212194,0.0133492941165458,0.020037032309055,0.0180588466154534,-0.0024847379758608,58,6,0.0205435845913143,0.0047048044191327,-0.0045791837942339,0.0159644007970803,1,0,0,0,TimeStop,1665.98464,1.764369065852725,0.18772296724176282,False,False,True,False,HIGH,LOW,HIGH / LOW
1787272560,3.3177678056228777,0.0823644658700231,1,0.0022827445652173,0.0038043478260869,0.0139699728260869,0.015819972826087,0.0221051630434782,0.0196358695652173,-0.0009395380434781,57,5,0.0205754076086955,0.0060476902173913,-0.0056658967391303,0.0149095108695651,1,0,0,0,TimeStop,1683.5607499999999,1.772227129707168,0.18576316892633665,True,False,True,False,HIGH,LOW,HIGH / LOW
1787272620,3.2578245160192707,0.0667472380598373,1,0.0036959456225689,0.0045507596655034,0.0154007931673613,0.0171036229866253,0.0232685630748614,0.0203545540772195,-0.000235355989871,56,4,0.0205899100670906,0.0062949229457269,-0.0049537609098582,0.0156361491572324,1,0,1,0,TimeStop,1695.8209099999997,1.8519968352955445,0.18442016969822603,True,False,True,False,HIGH,LOW,HIGH / LOW
1787272680,3.231538755571858,0.1053377991079071,1,0.0005616240306185,0.0020261051420945,0.0110659328438166,0.0140300219984104,0.0206543645551627,0.0178021662059928,-0.002736238787185,55,3,0.0205384049931779,0.00683876602751,-0.0067362333621762,0.0138021716310017,1,0,0,0,TimeStop,1717.33137,1.8700327817901816,0.1821102120786392,True,False,True,False,HIGH,LOW,HIGH / LOW
1787272740,3.0961774538175995,0.1051010634328455,1,0.0003032168277328,0.0038862810612235,0.0131221054029491,0.0154898581235834,0.0229875833184304,0.0190312351353483,-0.0015319714511782,54,2,0.0205632065865266,0.0068470243267342,-0.0059091297323992,0.0146540768541273,1,0,0,0,TimeStop,1722.2918800000002,1.8790390894860038,0.1815857019543052,True,False,True,False,HIGH,LOW,HIGH / LOW
1787272800,3.0900033562552047,0.0940138011124496,1,0.0006525698709766,0.0049467296696014,0.0136702652230402,0.0163851841906319,0.0230481372880896,0.0198299975307798,-0.0007493274195264,53,1,0.0205793249503063,0.0068523913315563,-0.0061597323077396,0.0144195926425667,1,0,0,0,TimeStop,1728.7358700000002,1.881995746654848,0.18090882790556082,True,False,True,False,HIGH,LOW,HIGH / LOW
1787272860,3.026536256863636,0.0920142814583686,1,0.001413947989933,0.0053833612538555,0.0135549229955032,0.0160084306699878,0.0227107154310378,0.0201904595147442,-0.0001428765827729,52,1,0.0203333360975171,0.0068548133299092,-0.0066355365192409,0.0136977995782761,1,0,1,0,TimeStop,1759.8551700000003,1.9027057924579578,0.1777098396114039,True,False,True,False,HIGH,LOW,HIGH / LOW
1787272920,3.010649653942384,0.1055600338014597,1,-9.921375474519536e-05,0.0034138489372184,0.0149039146680275,0.0139135415238744,0.0217692079050697,0.0185384497409719,-0.0012358966493981,51,14,0.01977434639037,0.0068437132274599,-0.0036345350729444,0.0161398113174256,1,0,0,0,TimeStop,1791.44783,1.9270753860336731,0.174575879220552,False,False,True,False,HIGH,LOW,HIGH / LOW
1787272980,2.66757330574915,0.1060350947761002,1,0.0001244059345293,0.0036182184011978,0.0145348730727084,0.0136147846888719,0.020909015306,0.0181099496122048,-0.0016560776911668,50,13,0.0197660273033716,0.0068408340705661,-0.0035750765394963,0.0161909507638753,1,0,0,0,TimeStop,1840.0855999999999,1.9551083174715724,0.1699614300552105,False,False,True,False,HIGH,LOW,HIGH / LOW
1787273040,2.454564398998059,0.1055221841870762,1,0.0002444021923732,0.0040777576227768,0.0143035670642465,0.0140488513979033,0.0215429472733142,0.0183904168285497,-0.0013810555867747,49,12,0.0197714724153245,0.0068427185720288,-0.0040868497643032,0.0156846226510213,1,0,0,0,TimeStop,1840.59775,1.955149894326866,0.16991413794784874,False,False,True,False,HIGH,LOW,HIGH / LOW
1787273100,2.410649781767313,0.1025383515091588,1,0.0005332898157258,0.0041271581232815,0.0148120974785356,0.0130634282253411,0.0214347749762714,0.0188605111789248,-0.0009200878516225,48,11,0.0197805990305474,0.0068458772067614,-0.0040484137003891,0.0157321853301582,1,0,0,0,TimeStop,1843.1394599999999,1.9536307439714904,0.16967982444475474,False,False,True,False,HIGH,LOW,HIGH / LOW
1787273160,2.4165063998453,0.1059369054206519,1,0.0012503074526522,0.0077989810761194,0.0160980308370259,0.0124656100973694,0.0211467698875034,0.018668687935965,-0.0011081869551029,47,10,0.0197768748910679,0.0068445883175049,-0.002570657098939,0.0172062177921289,1,0,0,0,TimeStop,1887.4438699999998,1.977227942144663,0.16569689036633448,False,False,True,False,HIGH,LOW,HIGH / LOW
1787273220,2.3756015937681645,0.0968416441306219,1,0.0026225077416199,0.0085759493670885,0.0241101211495625,0.0131449991850925,0.0221031401097409,0.0264282609876677,-0.0005400119519747,60,9,0.0269682729396424,0.0,-0.0023181398381051,0.0246501331015372,1,0,1,0,TimeStop,1889.09538,1.9806250497736009,0.16555203263479476,False,False,True,False,HIGH,LOW,HIGH / LOW
1787273280,1.208425971824138,0.1154429821021905,1,0.0017544594601373,0.0114105618161237,0.0219899211787972,0.0097247026563365,0.0203549021625498,0.0274565245596532,-0.0023368841445318,60,8,0.029793408704185,0.0,-0.005466603380856,0.024326805323329,1,0,1,0,TimeStop,1893.7549299999998,1.9781562759811055,0.1651446948312367,False,True,True,False,NORMAL,HIGH,NORMAL / HIGH
1787273340,1.0518165582584948,0.116500192298712,1,0.0010635621047059,0.0121792434975616,0.0247302253368827,0.0096281857379372,0.0203583004480925,0.0274432916006658,-0.0023497333841636,59,7,0.0297930249848295,0.0060474588661086,-0.002713066263783,0.0270799587210464,1,0,1,0,TimeStop,1902.12148,1.98118105997609,0.16441829992898246,False,True,True,False,NORMAL,HIGH,NORMAL / HIGH
1787273400,0.9907481263192424,0.1200154493798407,1,0.0010408134181949,0.0097910495198578,0.0231587765208439,0.0096486766578067,0.0218573529684946,0.0276041996468883,-0.002193491228001,58,6,0.0297976908748894,0.0060484059595382,-0.0044454231260444,0.0253522677488449,1,0,1,0,TimeStop,1901.1430799999996,1.978786810877588,0.1645029157931659,False,True,True,False,NORMAL,HIGH,NORMAL / HIGH
1787273460,0.9309817798284866,0.1250848763463467,1,0.0015181377401939,0.0082363615339494,0.0246238172888222,0.0095672907538106,0.0205787034244248,0.0273534557865938,-0.0024369642071134,57,5,0.0297904199937073,0.0060469300988329,-0.0027296384977716,0.0270607814959357,1,0,1,0,TimeStop,1894.29861,1.9741043958922697,0.16509729688288163,False,True,True,False,NORMAL,HIGH,NORMAL / HIGH
1787273520,0.8975011995714772,0.1360783871895676,1,0.0008516663304884,0.0063906808982227,0.0224803606719534,0.0092901665253542,0.0209932296116539,0.026630049665409,-0.0031393935436729,56,4,0.029769443209082,0.0060426721813428,-0.0041496889934555,0.0256197542156264,1,0,1,0,TimeStop,1903.7944900000002,1.9819475371617543,0.1642738129786267,False,True,True,False,NORMAL,HIGH,NORMAL / HIGH
1787273580,0.8798749737894348,0.1311123120589517,1,0.0014636590853609,0.0084851020027244,0.0219083929421757,0.0086331216101715,0.0218735568257711,0.0272699016903108,-0.0025180954647848,55,3,0.0297879971550957,0.0060464383053057,-0.0053615087481351,0.0244264884069605,1,0,1,0,TimeStop,1903.59236,1.9753927760817644,0.16429125613847284,False,True,True,False,NORMAL,HIGH,NORMAL / HIGH
1787273640,0.8532503297898376,0.1175064276347519,1,0.0035819781174489,0.0113429533298943,0.0232165449461081,0.0102355224934161,0.0229975836885401,0.0287760975212446,-0.001055575163576,54,2,0.0298316726848207,0.0060553036679065,-0.0055595525751364,0.0242721201096842,1,0,1,0,TimeStop,1911.7641700000001,1.9779950803511677,0.16358899539371533,False,True,True,False,NORMAL,HIGH,NORMAL / HIGH
1787273700,0.8255734965638399,0.1117856608579495,1,0.0042913593867834,0.0123793339517976,0.0238001434391526,0.0106938356338328,0.0244179286174962,0.0292230451662215,-0.0006215877690212,53,1,0.0298446329352428,0.0061496039669713,-0.0054229017270689,0.0244217312081739,1,0,1,0,TimeStop,1922.0650600000004,1.984349100150728,0.16271227572286234,False,True,True,False,NORMAL,LOW,NORMAL / LOW
1787273760,0.7986473609616151,0.1169660438883361,1,0.0039638086446568,0.0118369895742833,0.0218688911815811,0.0108966387923545,0.0235934784969592,0.028804029105126,-0.0002986533449174,52,1,0.0291026824500435,0.0069352736750652,-0.0069351379235448,0.0221675445264986,1,0,1,0,TimeStop,1922.72061,1.9849473907087034,0.16265679910717762,False,True,True,False,NORMAL,HIGH,NORMAL / HIGH
1787273820,0.7798360564940665,0.1142022451015736,1,0.0035134112706877,0.0142352609180231,0.0201653301342884,0.010153383938726,0.0237582831684062,0.0286924515002241,-5.415898226728012e-05,51,4,0.0287466104824914,0.0090981660737006,-0.0085271213659357,0.0202194891165557,1,0,1,0,TimeStop,1924.24455,1.9915690333213236,0.1625279801364125,False,False,True,False,NORMAL,HIGH,NORMAL / HIGH
1787273880,0.7617078906974201,0.1158775985791849,1,0.0034933778697299,0.0139988779085257,0.0196640019707139,0.0092313456361873,0.022684777483509,0.0280297690651102,-0.0006983228856198,50,3,0.02872809195073,0.0092424688833942,-0.0083657670943962,0.0203623248563338,1,0,1,0,TimeStop,1929.7547400000003,1.9952921354090272,0.16206390041047392,False,True,True,False,NORMAL,HIGH,NORMAL / HIGH
1787273940,0.723592386794755,0.1149528266938145,1,0.0038324187788519,0.013821426759259,0.0192816195578173,0.0099272779271509,0.0239418994025343,0.0281896054187862,-0.0005429531277601,49,2,0.0287325585465463,0.0093045505767215,-0.0089079858609688,0.0198245726855774,1,0,1,0,TimeStop,1919.94005,1.9829588541909742,0.16289236739449237,False,False,True,False,NORMAL,HIGH,NORMAL / HIGH
1787274000,0.7056294510591338,0.1183523057455986,1,0.0035919527557325,0.0131369318174879,0.0182718597077235,0.0097498768238784,0.0230489628305961,0.0283672131556848,-0.0003703086045253,48,1,0.0287375217602102,0.0110849689308503,-0.0100953534479613,0.0186421683122489,1,0,1,0,TimeStop,1905.82926,1.9669256843274394,0.16409842506038552,False,False,True,False,NORMAL,HIGH,NORMAL / HIGH
1787274060,0.5459139777785305,0.1269288329148512,1,0.0065404959925835,0.0145257740470396,0.0163976053249104,0.0089344118834102,0.0221794449959931,0.0274373020576044,1.3557117961108848e-07,47,1,0.0274371664864248,0.0118464808229822,-0.011039696732694,0.0163974697537308,1,0,1,0,TimeStop,1891.8662599999998,1.9525245091013346,0.1653095605183001,False,False,False,False,NORMAL,HIGH,NORMAL / HIGH
1787274120,0.5259603781288323,0.130104693727451,1,0.0059378695166922,0.0150554536650705,0.0142463352952389,0.0087940993556177,0.0206569694378665,0.0266147519631586,-0.0001773206003866,46,3,0.0267920725635452,0.0126362263141875,-0.0123684166679197,0.0144236558956255,1,0,1,0,TimeStop,1875.2651299999998,1.9329218399867694,0.1667729938539411,False,False,True,False,NORMAL,HIGH,NORMAL / HIGH
1787274180,0.505439469958291,0.1388315544520486,1,0.0096391907865228,0.0117427224948646,0.0141297836974465,0.0070373509169437,0.0212203217701118,0.0256570508439435,-0.001110028120171,45,2,0.0267670789641145,0.0134677186445477,-0.0115272671464969,0.0152398118176176,1,0,1,0,TimeStop,1882.3397299999997,1.938346233379277,0.16614619296167119,False,True,True,False,NORMAL,HIGH,NORMAL / HIGH
1787274240,0.4994994021873404,0.133140568016869,1,0.011103871735662,0.0126951499600284,0.0167146510408111,0.0074248364809268,0.0215601270909903,0.0263517028234423,-0.0004335048166975,44,1,0.0267852076401399,0.0134768399950109,-0.0096370517826312,0.0171481558575087,1,0,1,0,TimeStop,1891.9805199999998,1.9423826897343204,0.1652995771859216,False,True,True,False,NORMAL,HIGH,NORMAL / HIGH
1787274300,0.4642300268923769,0.1310022485279248,1,0.008741138207726,0.0119317152843066,0.0161513228873482,0.0073333832700522,0.0223846986668927,0.0265357674458736,-0.0001561764113477,43,1,0.0266919438572214,0.0134792569145312,-0.0103844445585254,0.016307499298696,1,0,1,0,TimeStop,1893.4594100000002,1.938746303792065,0.16517046964318077,False,True,True,False,NORMAL,HIGH,NORMAL / HIGH
1787274360,0.4471672137482665,0.1439538899228797,1,0.0067080400649701,0.0101270979967515,0.017362885760693,0.0059285327558202,0.0213860314022739,0.0257961559285328,-0.0007037087168381,42,1,0.026499864645371,0.0134695452084461,-0.0084332701678397,0.0180665944775312,1,0,1,0,TimeStop,1872.12228,1.9249477203772536,0.16705296621970656,False,True,True,False,NORMAL,HIGH,NORMAL / HIGH
1787274420,0.4394689821255184,0.1389724414256028,1,0.0055343011897481,0.0108008812869453,0.0159590465231043,0.0057168875162656,0.0218548659323691,0.0257564474358465,-0.0002281990707993,41,1,0.0259846465066458,0.0134690238033558,-0.0097974009127421,0.0161872455939037,1,0,1,0,TimeStop,1867.76497,1.9195366243354979,0.16744268418311756,False,True,True,False,NORMAL,HIGH,NORMAL / HIGH
1787274480,0.4309572581730481,0.1446898432155264,1,0.0070111809386834,0.0090215490947116,0.0148674934175431,0.0059967253183081,0.0208711216360035,0.0257685262673623,-0.0001892206747545,40,1,0.0259577469421169,0.0134691824083244,-0.0109010328498192,0.0150567140922977,1,0,1,0,TimeStop,1876.6868499999998,1.9311583877039038,0.1666466517842335,False,True,True,False,NORMAL,HIGH,NORMAL / HIGH
1787274540,0.434026718477273,0.1441197279422262,1,0.0077332747913664,0.0092000702828234,0.0132977374368439,0.0055886747805724,0.0205103836920043,0.0251041967204867,-0.0002958208907982,39,2,0.0254000176112849,0.0134604592162816,-0.0118064592836428,0.0135935583276421,1,0,1,0,TimeStop,1866.8571100000001,1.9192813837326095,0.1675241122230292,False,True,True,False,NORMAL,HIGH,NORMAL / HIGH
1787274600,0.4265217846672426,0.1426706729050125,1,0.008053414469236,0.0086805949966192,0.0109813387423936,0.0060217714672075,0.0186820824881675,0.0248251521298175,-0.0005679513184584,38,1,0.0253931034482759,0.0138438133874239,-0.0138438133874239,0.011549290060852,1,0,1,0,TimeStop,1863.1264800000001,1.9164675500680575,0.16785955401159883,False,False,True,False,NORMAL,HIGH,NORMAL / HIGH
1787274660,0.4015062577275536,0.1446495812422363,1,0.0078420963602813,0.0081278068213269,0.0110895682689123,0.0067318414640923,0.0180380250470582,0.0247421473230228,-0.0004595976607169,37,3,0.0252017449837397,0.0141501722848954,-0.0136525790541104,0.0115491659296292,1,0,1,0,TimeStop,1853.8997100000001,1.906027004013725,0.1686949829664734,False,False,True,False,NORMAL,HIGH,NORMAL / HIGH
1787274720,0.3834411865597452,0.1411103967929644,1,0.0106843112677078,0.0114509738359491,0.0109256179052772,0.0074089523950968,0.0184834932869007,0.0250908856291753,-0.0001194359646713,36,2,0.0252103215938466,0.0141654029854664,-0.0141652677238981,0.0110450538699485,1,0,1,0,TimeStop,1860.41726,1.9075539872553113,0.1681039983471235,False,False,True,False,NORMAL,HIGH,NORMAL / HIGH
1787274780,0.3565512203282964,0.1431375542672042,1,0.0104689281169921,0.0108772982308963,0.0109896304270747,0.0066611235030991,0.0178839344818072,0.0244509747014648,-0.000743609399731,35,1,0.0251945841011958,0.0149227442417583,-0.0134613442743901,0.0117332398268057,1,0,1,0,TimeStop,1815.56492,1.8620667075775086,0.17225689731876953,False,False,True,False,NORMAL,HIGH,NORMAL / HIGH
1787274840,0.370243889555685,0.1418502276379249,1,0.0099508720714146,0.0101842804143774,0.011968428379319,0.0063360836864191,0.0175576594292511,0.0242641960792264,-0.0004122150816658,34,1,0.0246764111608923,0.0149200235165325,-0.0122957676999074,0.0123806434609848,1,0,1,0,TimeStop,1791.99956,1.8322247114349532,0.17452212990498725,False,False,True,False,NORMAL,HIGH,NORMAL / HIGH
1787274900,0.3660418944235459,0.1239061391552203,1,0.0095108166576527,0.0106410221741481,0.0111103299080584,0.0059490265008113,0.0189211736073553,0.0246865873445106,1.3520822058898476e-07,33,1,0.02468645213629,0.0149261763115197,-0.0135762574364522,0.0111101946998378,1,0,1,0,TimeStop,1779.58694,1.8288696833896165,0.1757394218683129,False,False,False,False,NORMAL,HIGH,NORMAL / HIGH
1787274960,0.4087267539266953,0.1571239697205219,1,0.0079333897505847,0.0082348265048302,0.0072507796207742,0.003065549833166,0.0148641453641707,0.0207610187053764,-0.0021132898454469,32,1,0.0228743085508233,0.0152586530733687,-0.0135102390846022,0.0093640694662211,1,0,1,0,TimeStop,1880.6436800000001,1.8789157492230952,0.16629603115460978,False,True,True,False,NORMAL,HIGH,NORMAL / HIGH
1787275020,0.4602436636134869,0.1615306515660526,1,0.0090637646962817,0.015402084287477,0.0071747116830819,0.003239588561345,0.0155410565365234,0.0205548305447539,0.0,31,1,0.0205548305447539,0.0152555709086375,-0.0133801188616719,0.0071747116830819,1,0,1,0,TimeStop,1941.34017,1.9074919494866631,0.16109674380250424,False,True,False,False,NORMAL,HIGH,NORMAL / HIGH
1787275080,0.9798818036143118,0.1906059969025841,1,0.0020834489464529,0.0104600048309529,0.0019689752026279,-0.0020630742285822,0.0101571989910225,0.0158649349228831,-0.004393164496625,30,5,0.0202580994195082,0.015185464890742,-0.0138959597202552,0.0063621396992529,1,0,0,0,TimeStop,2051.63569,1.830249975338645,0.20619601328927945,False,True,True,False,NORMAL,HIGH,NORMAL / HIGH
1787275140,1.1530993258575752,0.2009694470812853,1,0.0015738029186208,0.0123999597106452,0.0009334325565846,-0.0028335149568872,0.0087050722797452,0.015080380477236,-0.0051620735730763,29,4,0.0202424540503124,0.0151737371269619,-0.0141469479206514,0.0060955061296609,1,0,0,0,TimeStop,2099.44155,1.8238763889765717,0.20150077528950497,False,True,True,False,NORMAL,HIGH,NORMAL / HIGH
1787275200,1.2478563580708262,0.1790537228318748,1,0.0031629294729165,0.0132381119909334,0.0038310991633107,0.0003620147679465,0.0106872238059621,0.0176404317858634,-0.0026530741042618,28,3,0.0202935058901253,0.0152120055698712,-0.0138093326225526,0.0064841732675726,1,0,0,0,TimeStop,2126.8178800000005,1.821936829351831,0.19890706391842067,False,True,True,False,NORMAL,HIGH,NORMAL / HIGH
1787275260,1.3393576212446487,0.1653134377225212,1,0.0033962755791248,0.0162535853497096,0.0053930328485461,0.0019855976940822,0.0125635305884632,0.0189609252175345,-0.0013589135897946,27,2,0.0203198388073291,0.0152317447162437,-0.0135678923689883,0.0067519464383407,1,0,0,0,TimeStop,2136.52542,1.814361977573704,0.19800330763207116,False,True,True,False,NORMAL,HIGH,NORMAL / HIGH
1787275320,1.383843569637086,0.1577970816001557,1,0.005237593676283,0.0159875087072253,0.0058831566089102,0.0029347807798308,0.0115144682956047,0.0201108467629313,-0.0002319234639108,26,1,0.0203427702268421,0.0152489341010275,-0.0142276901540211,0.006115080072821,1,0,1,0,TimeStop,2146.59838,1.8089041033237432,0.19707417276630948,False,True,True,False,NORMAL,HIGH,NORMAL / HIGH
1787275380,1.4290116986218335,0.1694229993477958,1,0.0019963712360713,0.0133103512513912,0.0041151887251597,0.0026705648750757,0.0100270174767495,0.0186267498154233,-9.543012035358905e-05,25,1,0.0187221799357769,0.0152267493584341,-0.0145115610902636,0.0042106188455133,1,0,0,0,TimeStop,2164.1908599999997,1.808007701767728,0.19547217753243817,False,False,True,False,NORMAL,HIGH,NORMAL / HIGH
1787275440,1.496733014194858,0.176834125342931,1,0.0014555394052664,0.0117404205735744,0.0024196799021336,0.0007069647775302,0.009803414933829,0.0172376186870644,-0.0001622784158028,24,1,0.0173998971028672,0.0152059841944314,-0.0148179387849307,0.0025819583179365,1,0,0,0,TimeStop,2197.60078,1.8130466056475005,0.19250043222136096,False,True,True,False,HIGH,HIGH,HIGH / HIGH
1787275500,1.540869395387934,0.1794434628679508,1,0.0006221699350261,0.0112811562863241,0.0033419835255087,-0.0001082559589406,0.0096196218285329,0.0166377469882508,-0.00035146296459,23,1,0.0169892099528409,0.0151970171257708,-0.013295763462742,0.0036934464900988,1,0,0,0,TimeStop,2208.54802,1.811991601418987,0.1915462539954191,False,True,True,False,HIGH,HIGH,HIGH / HIGH
1787275560,1.5937908039573536,0.1782218951707559,1,0.0002834873261173,0.0099145432620709,0.0035325230935509,0.0003305786898028,0.0117784757853792,0.0167685503748794,-0.0001860846764435,22,1,0.016954635051323,0.0151989724154624,-0.0132360272813285,0.0037186077699944,1,0,0,0,TimeStop,2214.4208599999997,1.8075271823450119,0.19103825638636734,False,True,True,False,HIGH,HIGH,HIGH / HIGH
1787275620,1.6343398231528177,0.1954898659864117,1,0.0007585578995281,0.0058468379524665,0.0020295572594112,-0.0013625402214351,0.0099601542972078,0.0142542772266814,-0.0024058919124584,21,11,0.0166601691391398,0.0151613882787281,-0.0122247199672701,0.0044354491718696,1,0,0,0,TimeStop,2221.0348499999996,1.8063282844173045,0.19046936611552948,False,True,True,False,HIGH,HIGH,HIGH / HIGH
1787275680,1.662505240205457,0.2040428846249335,1,0.0004041392095699,0.0055869135416334,0.0021847062004265,-0.0019745431093195,0.0085163542603242,0.0138371860780798,-0.0028161319101817,20,10,0.0166533179882616,0.0151551534705606,-0.0116524798776533,0.0050008381106082,1,0,0,0,TimeStop,2221.50422,1.8049649278674536,0.19042912284001876,False,True,True,False,HIGH,HIGH,HIGH / HIGH
1787275740,1.738568964761722,0.2020191987417055,1,0.0002311086107427,0.0053857539941843,0.0032672360922329,-0.001574402319276,0.0082331940748943,0.0141722972905158,-0.0024865252438985,19,9,0.0166588225344143,0.0151601628171538,-0.0109050611982828,0.0057537613361315,1,0,0,0,TimeStop,2207.34782,1.7858265745924586,0.19165040333335415,False,True,True,False,HIGH,HIGH,HIGH / HIGH
1787275800,1.7937046497424356,0.1892941443762041,1,0.0011195576093352,0.0050683453825179,0.0045080978074671,-0.0005564974119857,0.0099187795040731,0.0150327965153485,-0.0016401606034118,18,8,0.0166729571187604,0.0151730258271052,-0.0105246987078814,0.0061482584108789,1,0,0,0,TimeStop,2202.70579,1.7763331411914245,0.19205429155384388,False,True,True,False,HIGH,HIGH,HIGH / HIGH
1787275860,2.2390145744385515,0.1980747272294838,1,0.0002990641616903,0.0018450307776843,0.0020290394240862,-0.0027399515510713,0.0083073823680963,0.012726663374021,-0.0039084131372284,17,7,0.0166350765112495,0.0151385530319067,-0.0106976239499347,0.0059374525613147,1,0,0,0,TimeStop,2163.9251,1.7141650633522858,0.19549618422560006,False,True,True,False,HIGH,HIGH,HIGH / HIGH
1787275920,2.3861943382092923,0.2047299091715505,1,0.0062813865812563,-0.000797117405665,0.0009962299402795,-0.0039518233076434,0.0086698028225402,0.0113878490641578,-0.0052252360457744,16,6,0.0166130851099322,0.0151185400193508,-0.0103916191238783,0.0062214659860539,1,0,0,0,TimeStop,2188.69038,1.7161015489972156,0.19328412271817086,False,True,True,False,HIGH,HIGH,HIGH / HIGH
1787275980,2.6570514004722012,0.1833744365717686,1,0.0083591400429842,0.0023593559405059,-0.0008952925110447,-0.0019089674921738,0.0117590578307061,0.0137528326517312,-0.0028990997447887,15,5,0.01665193239652,0.0161991361691353,-0.014648125162776,0.0020038072337439,1,0,0,0,TimeStop,2311.1861599999997,1.7628176370975996,0.18303982055690401,False,False,True,False,HIGH,HIGH,HIGH / HIGH
1787276040,2.6865394528289257,0.1847695666175061,1,0.01080914532756,0.0039691126011034,0.0001365385433197,-0.0025640092958542,0.0115014666192013,0.0134853542687085,-0.0031621845204072,14,4,0.0166475387891157,0.0161948620318808,-0.0133488157253887,0.0032987230637269,1,0,0,0,TimeStop,2323.40127,1.7636919029523253,0.18207750226460023,False,True,True,False,HIGH,HIGH,HIGH / HIGH
1787276100,2.8319963819055296,0.1782458695748834,1,0.0100434159018521,0.0041698540912477,-0.000128634751595,-0.0014540679568958,0.012270229354022,0.0144318553722411,-0.0022312306704867,13,3,0.0166630860427278,0.0162099865274842,-0.0145604901238362,0.0021025959188916,1,0,0,0,TimeStop,2300.40874,1.7402407847810077,0.18389736251828015,False,False,True,False,HIGH,HIGH,HIGH / HIGH
1787276160,2.9888381567474847,0.1670501066621954,1,0.0128137906064719,0.0071632448810563,0.0018245116222167,-0.0012325101278752,0.012335955086141,0.0155119667246385,-0.001168861257388,12,2,0.0166808279820266,0.016227246031292,-0.0136874551024217,0.0029933728796048,1,0,0,0,TimeStop,2307.4477,1.7334215616702606,0.18333637637810815,False,True,True,False,HIGH,HIGH,HIGH / HIGH
1787276220,3.0648403686192047,0.1731641519969829,1,0.0106939047032935,0.0051030478224274,0.0016770026483359,-0.0026097717674916,0.011871314818817,0.014795758913328,-0.0018733046191486,11,1,0.0166690635324767,0.0162158014784512,-0.0131187562649921,0.0035503072674845,1,0,0,0,TimeStop,2317.8836800000004,1.729229272931074,0.18251092738182614,False,True,True,False,HIGH,HIGH,HIGH / HIGH
1787276280,3.0960821491504675,0.1601677967324792,1,0.011291438113057,0.0057936763868684,0.0029316477376077,-5.392461178309206e-05,0.0141472962843526,0.0165972443181971,0.0,10,1,0.0165972443181971,0.0162445880884021,-0.0136655965805893,0.0029316477376077,1,0,0,0,TimeStop,2315.0906800000002,1.7201924294606716,0.18273111444602247,False,True,False,False,HIGH,HIGH,HIGH / HIGH
1787276340,3.1702638927389906,0.1691478997199157,1,0.0102699328763171,0.0040603119982662,0.0023370852417563,-0.0010682209885185,0.0146635780738863,0.0157591412307434,-0.0007777774650405,9,2,0.016536918695784,0.0162311957252933,-0.0134220559889871,0.0031148627067968,1,0,0,0,TimeStop,2356.3176599999997,1.7352907132825948,0.17953398524373834,False,True,True,False,HIGH,HIGH,HIGH / HIGH
1787276400,3.2213645371168886,0.1644557911010267,1,0.0106523587739317,0.0022809437964671,0.0026783058167286,-0.0004584946387631,0.014615656144036,0.0160056188383919,-0.0005353126001699,8,1,0.0165409314385618,0.0162351342832932,-0.0133273130216633,0.0032136184168985,1,0,0,0,TimeStop,2351.5705099999996,1.72935212351859,0.1798964131422111,False,True,True,False,HIGH,HIGH,HIGH / HIGH
1787276460,3.3934989819977006,0.1603122541518743,1,0.0096283264274397,0.002937882902887,0.0024206953356147,0.0005303318571045,0.0136950087510121,0.0164803910667652,-6.826983188314495e-05,7,1,0.0165486608986483,0.0162427208465353,-0.0140596957311504,0.0024889651674979,1,0,0,0,TimeStop,2333.42606,1.7111519133329638,0.18129526675467061,False,True,True,False,HIGH,HIGH,HIGH / HIGH
1787276520,3.524861485337041,0.1803029610570928,1,0.0050844232235376,-0.0005194082009526,-0.000975829465075,-0.0016521032220828,0.0082483466597732,0.0134854898023347,-0.0027093743952887,6,51,0.0033440580517565,0.0161948641976234,-0.0144613192674098,0.0017335449302136,1,0,0,0,TimeStop,2333.209349999999,1.7020263994018356,0.18131210557680996,False,False,False,False,HIGH,HIGH,HIGH / HIGH
1787276580,3.839600220278096,0.1867734905430672,1,0.0051806806158943,0.0001111234730218,-0.0009069066113517,-0.0018139469452945,0.0084171684829762,0.0134276202406794,-0.0027663192375458,5,50,0.0033438671075589,0.0161939394782252,-0.0143345268520312,0.001859412626194,1,0,0,0,TimeStop,2309.4416899999997,1.6783904039662843,0.18317808231824206,False,False,False,False,HIGH,HIGH,HIGH / HIGH
1787276640,3.770293420018649,0.1811458732444079,1,0.0051534543757602,0.0017661608872093,-0.0002511237016354,-0.0009295724448396,0.008708788018416,0.0139379674954687,-0.0022641270126687,4,49,0.0033455510298881,0.0162020945081374,-0.0141890911971041,0.0020130033110333,1,0,0,0,TimeStop,2309.79277,1.677896557360713,0.18315023992390453,False,False,False,False,HIGH,HIGH,HIGH / HIGH
1787276700,3.859760273681742,0.1806123582599063,1,0.0039443718216956,0.000464366400743,-0.0017231458489107,-0.0004620920622777,0.0074784262273501,0.0138976796530056,-0.002303771080609,3,48,0.0033454180976603,0.0162014507336147,-0.0156208255019164,0.0005806252316983,1,0,0,0,TimeStop,2317.39909,1.6790463404292495,0.18254909213759984,False,False,False,False,HIGH,HIGH,HIGH / HIGH
1787276760,3.1886503563320785,0.1884934054994916,1,0.0015455044110129,-0.0009760096142158,-0.003574872334576,-0.0014745680429391,0.0061341923714147,0.0124238836739748,-0.003754016721746,2,47,0.0033405552166818,0.0161779003957208,-0.0159987560085509,0.0001791443871699,1,0,0,0,TimeStop,2285.53003,1.653673636735299,0.18509452706687912,False,False,False,False,HIGH,HIGH,HIGH / HIGH
1787276820,3.353979361865212,0.2276319268420886,1,-0.0070343187117571,-0.0081025760452011,-0.0107069754883016,-0.0080480690602172,-6.00770418435779e-05,0.0050745870399632,-0.0125306386282381,1,60,0.0,0.0176052256682013,-0.0157815625282648,0.0018236631399364,0,1,0,0,TimeStop,2664.0998299999997,1.8009181675062613,0.15879251041429632,False,False,False,False,HIGH,HIGH,HIGH / HIGH
1787276880,1.7838849560484489,0.2256587723873637,1,-0.0059500468277825,-0.0084031328184489,-0.0120013106472846,-0.007614887255149,0.001185950073359,0.003149135211574,-0.0122610522852754,1,59,0.0020609530581327,0.0154101874968494,-0.0151504458588586,0.0002597416379907,0,1,0,0,TimeStop,2826.74061,1.8542704451850491,0.14965614407754238,False,False,False,False,HIGH,HIGH,HIGH / HIGH
1787276940,1.5728803461850784,0.2395576614573661,1,-0.0067668884458303,-0.011326084166714,-0.0147375760229778,-0.0105353261265026,-0.0009184276920105,0.0002610282103624,-0.0150482167923296,2,60,0.0,0.0153092450026921,-0.0149986042333403,0.0003106407693518,0,1,0,0,TimeStop,2892.8507699999996,1.8717361724431167,0.14623606042422993,False,False,False,False,HIGH,HIGH,HIGH / HIGH
1787277000,1.4859066769594054,0.226600812180673,1,-0.0058151577626591,-0.0092841087561724,-0.0132043043299467,-0.0083894385178928,0.0004394499348445,0.0019542004641788,-0.0133809589629829,1,59,0.0010038701014617,0.0153351594271617,-0.0151585047941256,0.0001766546330361,0,1,0,0,TimeStop,2935.02067,1.8835656548404525,0.14413496447369142,False,False,False,False,HIGH,HIGH,HIGH / HIGH
1787277060,1.4352289858245342,0.2337940016390758,1,-0.0055790568590422,-0.0106868528266261,-0.0146946872412662,-0.0097242210898906,-0.0015669887699138,3.638314013224411e-05,-0.0154924702776206,1,60,0.0,0.0155288534177528,-0.0147310703813985,0.0007977830363543,0,1,0,0,TimeStop,2978.8442999999997,1.8971021716043723,0.1420145054241338,False,False,False,False,NORMAL,HIGH,NORMAL / HIGH
1787277120,1.400145953780987,0.2221559447865722,1,-0.0055317013933188,-0.0099453507171285,-0.0129001931518086,-0.0095988989856715,-0.000734769140597,0.0006327546728256,-0.01412330687449,1,59,0.0015050446154313,0.0147560615473156,-0.0135329478246342,0.0012231137226813,0,1,0,0,TimeStop,2990.8711,1.8957471962427317,0.14144344100954404,False,False,False,False,NORMAL,HIGH,NORMAL / HIGH
1787277180,1.3595091094475584,0.2125707560138563,1,-0.0054363772093697,-0.0090743793496986,-0.0129906667013306,-0.0084224385424752,0.0013581326399106,0.0006441148646748,-0.013135380316932,1,60,0.0,0.0137794951816069,-0.0136347815660054,0.0001447136156014,0,1,0,0,TimeStop,3004.16232,1.8970272042019583,0.14081765728291273,False,False,False,False,NORMAL,HIGH,NORMAL / HIGH
1787277240,1.2871536280149152,0.2123561707204314,1,-0.0061464967688106,-0.0092125810948194,-0.0126864860784436,-0.0094042859908032,0.0022252361386414,0.0003791644240289,-0.012951954242363,2,59,0.0008225400381313,0.013331118666392,-0.0130656505024726,0.0002654681639194,0,1,0,0,TimeStop,3013.11961,1.8955782643939867,0.14039903978455073,False,False,False,False,NORMAL,HIGH,NORMAL / HIGH
1787277300,1.262191227782576,0.2152669302114916,1,-0.0082831795768233,-0.0078506088158213,-0.0128016272407356,-0.0094710578855552,0.0023809299568318,0.000243279600024,-0.0130860282562489,1,58,0.0009440681097984,0.013329307856273,-0.0130449068407597,0.0002844010155132,0,1,0,0,TimeStop,3029.8396700000003,1.898532805292926,0.13962425279090757,False,False,False,False,NORMAL,HIGH,NORMAL / HIGH
1787277360,1.2438859193274796,0.2031021701582138,1,-0.0066266400708335,-0.0063193665356138,-0.0107374365575798,-0.0082799125074145,0.0046419160690242,-1.3284631865927924e-07,-0.0116233886571827,1,57,0.0009454672503933,0.011623255810864,-0.0107373037112611,0.0008859520996028,0,1,0,0,TimeStop,3053.21444,1.9050578223916572,0.13855531876758712,False,False,False,False,NORMAL,HIGH,NORMAL / HIGH
1787277420,1.2498364389835872,0.193161253402143,1,-0.0055754833076782,-0.0037950914085745,-0.0098140427828932,-0.0070133949176936,0.005779720776113,0.0005251630540141,-0.0100802832873477,10,56,0.0010943668911238,0.0106054463413618,-0.0103392058369073,0.0002662405044545,0,1,0,0,TimeStop,3100.10844,1.9195557228517128,0.13645945236676948,False,False,False,False,NORMAL,HIGH,NORMAL / HIGH
1787277480,1.2659750138212629,0.1960278691961648,1,-0.0050434287493132,-0.003383305108083,-0.0102314647907186,-0.0077969538014957,0.0055726355643475,0.000372227417915,-0.0102315978241059,9,55,0.0010941996112764,0.010603825242021,-0.0106036922086336,1.330333873183348e-07,0,1,0,0,TimeStop,3143.2202300000004,1.931485408196969,0.13458780137718826,False,False,False,False,NORMAL,HIGH,NORMAL / HIGH
1787277540,1.2645199566987102,0.1911095915282233,1,-0.0033699267249244,-0.0021071692069783,-0.0091773867508024,-0.0082319491361749,0.0068812098832905,0.0009031105469869,-0.0099109228192541,8,60,0.0,0.010814033366241,-0.0100804972977893,0.0007335360684516,0,0,0,0,TimeStop,3173.32947,1.9395890400258444,0.1333108030538033,False,False,False,False,NORMAL,HIGH,NORMAL / HIGH
1787277600,1.304722663232598,0.1821410331882647,1,-0.0034663329150777,-0.0005574223659761,-0.0083690645112113,-0.0057054837674555,0.008884110517546,0.0020687126008638,-0.0087579142515694,7,59,0.0012763546309631,0.0108266268524332,-0.0104377771120751,0.000388849740358,0,0,0,0,TimeStop,3259.45965,1.9642321433370635,0.12978810766993237,False,False,False,False,NORMAL,HIGH,NORMAL / HIGH
1787277660,1.2030060505181492,0.1829907983448794,1,-0.0025176230277341,0.0001836697700233,-0.0073427892808881,-0.0048701166616491,0.0092597841500057,0.0030087429211444,-0.0078280402782335,6,58,0.0012775519660734,0.0108367831993779,-0.0103515322020325,0.0004852509973453,0,0,0,0,TimeStop,3295.35292,1.973657905615661,0.12837444433720926,False,False,False,False,NORMAL,HIGH,NORMAL / HIGH
1787277720,1.1435858300389905,0.1767795291624466,1,-0.0010758250295802,0.0017947779947234,-0.0053756525903877,-0.0012035082981436,0.0129183146289364,0.0043314812581396,-0.0065195931711889,5,57,0.0012792367639129,0.0108510744293285,-0.0097071338485273,0.0011439405808011,0,0,0,0,TimeStop,3306.1239999999993,1.97764926211565,0.12795621095881465,False,False,False,False,NORMAL,HIGH,NORMAL / HIGH
1787277780,1.0132459138902596,0.1949625004175974,1,-0.0024677693337625,-0.0032469876519453,-0.0069936145200709,-0.0015998063364235,0.0117694127651146,0.0035098854232793,-0.0073323122579622,4,56,0.0012781902811364,0.0108421976812416,-0.0105034999433502,0.0003386977378913,0,0,0,0,TimeStop,3380.6533899999995,2.0022191672038714,0.12513530705376455,False,False,False,False,NORMAL,HIGH,NORMAL / HIGH
1787277840,1.0149294263116602,0.203226573856699,1,-0.0045902574811966,-0.0038174222789127,-0.0091370912678147,-0.0038326072518635,0.0087831748368481,0.001636513839238,-0.0098220134688046,3,60,0.0,0.0114585273080426,-0.0107736051070528,0.0006849222009898,0,0,0,0,TimeStop,3411.6022999999996,2.00969095878239,0.12400012158509803,False,False,False,False,NORMAL,HIGH,NORMAL / HIGH
1787277900,1.0092260261049053,0.1897885829801751,1,-0.0034892414832101,-0.0042806392019533,-0.0086777819589312,-0.0040084421088635,0.008648589420544,0.0023715271709884,-0.0090954085469087,2,59,0.0006854248054197,0.0114669357178972,-0.0110493091299197,0.0004176265879774,0,0,0,0,TimeStop,3415.87058,2.011403363868066,0.12384517799851774,False,False,False,False,NORMAL,HIGH,NORMAL / HIGH
1787277960,0.987178481987292,0.2005158592997238,1,-0.005136452528293,-0.0053007625982916,-0.0112392079216878,-0.0056772787910823,0.0073871678757979,0.0004564759920369,-0.0121777044672515,1,60,0.0,0.0126341804592884,-0.0116956839137248,0.0009384965455636,0,1,0,0,TimeStop,3435.7750799999994,2.0180410762324357,0.12312770485546455,False,False,False,False,NORMAL,HIGH,NORMAL / HIGH
1787278020,0.9622253907833817,0.1903149766644176,1,-0.0044382001216061,-0.0034086506667292,-0.0100812715255503,-0.0039815107412596,0.0103295997066956,0.0004423012668467,-0.0108510355977914,23,59,0.0016001447337639,0.0112933368646381,-0.010523572792397,0.0007697640722411,0,1,0,0,TimeStop,3429.29537,2.010923410762101,0.12336035667875411,False,False,False,False,NORMAL,HIGH,NORMAL / HIGH
1787278080,0.9599040017462084,0.1838228455394296,1,-0.0036578877981893,-0.0028455424968886,-0.0087408141030932,-0.0018396800338433,0.0120932888755107,0.0015301325959321,-0.0097754840829798,22,58,0.0016018846517684,0.011305616678912,-0.0102709466990254,0.0010346699798865,0,0,0,0,TimeStop,3429.6249,2.0069282879450703,0.12334850379701875,False,False,False,False,NORMAL,HIGH,NORMAL / HIGH
1787278140,0.9147059629225818,0.1760450835401907,1,-0.0030850465546887,-0.0017162582126967,-0.0076078948678714,-0.000836570756706,0.0127522643942697,0.0024320221184662,-0.0088837753996403,21,57,0.0016033271675118,0.0113157975181066,-0.0100399169863377,0.0012758805317688,0,0,0,0,TimeStop,3429.79217,2.004319189734265,0.12334248812516241,False,False,False,False,NORMAL,HIGH,NORMAL / HIGH
1787278200,0.9159301038785906,0.1629258334076088,1,0.0004361837493261,0.0003964577224787,-0.0049056961638436,0.0006634380241209,0.0159665188510696,0.0044553341019048,-0.0068833032579221,20,56,0.0019777408517447,0.0113386373598269,-0.0093610302657484,0.0019776070940784,0,0,0,0,TimeStop,3438.1489100000003,2.005321573909024,0.1230426927610881,False,False,False,False,NORMAL,HIGH,NORMAL / HIGH
1787278260,0.9165904111309504,0.1660479768351271,1,0.000309323309457,-0.0005156725816112,-0.0043099315249398,0.000273215530143,0.0163669877004867,0.0042664684572469,-0.0070700369222103,19,55,0.0033132230833556,0.0113365053794572,-0.0085763999821867,0.0027601053972704,0,0,0,0,TimeStop,3454.3039400000002,2.0089576798452495,0.12246724878529362,False,False,False,False,NORMAL,HIGH,NORMAL / HIGH
1787278320,0.8967358615226764,0.1618365406976457,1,0.0017903741000128,-0.0004566584562696,-0.0034786590110033,0.0013836229406046,0.015932737273405,0.0047711643399117,-0.0065710382202924,18,54,0.0033148881494521,0.0113422025602041,-0.008249823350915,0.003092379209289,0,0,0,0,TimeStop,3447.4448700000007,2.0013831796307433,0.12271091082016343,False,False,False,False,NORMAL,HIGH,NORMAL / HIGH
1787278380,0.8881190391088003,0.16742131582081,1,0.0016685387977721,-0.0010179169699047,-0.0042814553124021,0.0007767082199101,0.0151092412233239,0.0040803588822514,-0.0072540456282986,17,53,0.003376655084457,0.0113344045105501,-0.0083618141946536,0.0029725903158964,0,0,0,0,TimeStop,3459.4964800000007,2.0026852015452676,0.12228343125818122,False,False,False,False,NORMAL,HIGH,NORMAL / HIGH
1787278440,0.8944009569030826,0.1725408789053424,1,0.0012670273071295,-0.0020137280211763,-0.005565731632478,-6.984877006727686e-05,0.0146100121467412,0.0029263028698762,-0.0083950742593926,16,52,0.0033727740712817,0.0113213771292689,-0.0084920345023543,0.0028293426269146,0,0,0,0,TimeStop,3458.3980600000004,1.9979991544346598,0.12232226963486094,False,False,False,False,NORMAL,HIGH,NORMAL / HIGH
1787278500,0.8827548737099796,0.1682473813166285,1,0.0029190288749709,-0.0021864969139516,-0.0051045897312872,0.0014478137170421,0.0201006342191648,0.0041913986466211,-0.0071442593189885,15,51,0.0033770285037572,0.0113356579656097,-0.0092959883779083,0.0020396695877013,0,0,0,0,TimeStop,3465.29409,2.0000229247239933,0.12207884497329922,False,False,False,False,NORMAL,HIGH,NORMAL / HIGH
1787278560,1.0211090327514276,0.1666435243515344,1,0.0027081107998689,-0.0026014017134429,-0.0041551020582818,0.000792161187953,0.0248017056337584,0.0041774334084488,-0.0071580669127481,14,50,0.0033769815395954,0.0113355003211969,-0.0083325354667306,0.0030029648544663,0,0,0,0,TimeStop,3516.49064,1.982504803784997,0.12030150036173565,False,False,False,False,NORMAL,HIGH,NORMAL / HIGH
1787278620,0.6957800678983772,0.1643580205025312,1,0.0028736946168998,-0.0026256741677142,-0.0039070908712163,0.0005830820371423,0.0241632084192714,0.0040504212871339,-0.0072836452775435,13,49,0.0033765544063272,0.0113340665646774,-0.0079575121583502,0.0033765544063272,0,0,0,0,TimeStop,3480.1185699999996,1.951288398069108,0.12155881803762797,False,False,False,False,NORMAL,HIGH,NORMAL / HIGH
1787278680,0.6996722802477507,0.1632982303272878,1,-0.0007811460063425,-0.0036286700250101,-0.0040241260268509,0.0021041041938269,0.0239856908071864,0.0046289489579481,-0.0067116482261,12,48,0.0033784999561867,0.0113405971840482,-0.0086530749847991,0.002687522199249,0,0,0,0,TimeStop,3078.6953,1.7225059299806338,0.12744605482718604,False,False,False,False,NORMAL,HIGH,NORMAL / HIGH
1787278740,0.6837424866045461,0.1612400472076536,1,0.0007763990739414,-0.0034505733403399,-0.0037634346010905,0.0018957679559681,0.023482927316227,0.0048916353236689,-0.0064519271544437,11,47,0.0033793833528636,0.0113435624781127,-0.0086550699247595,0.0026884925533532,0,0,0,0,TimeStop,2977.67845,1.6619296742199665,0.1317696240841586,False,False,False,False,NORMAL,HIGH,NORMAL / HIGH
1787278800,0.6858142085490817,0.1575342117554011,1,-0.0007941687653439,-0.00395693216231,-0.0034558447115811,0.0016958853978488,0.0227961348580694,0.0045179467828005,-0.0068213973705081,10,46,0.0034491564113843,0.0113393441533086,-0.0079737914943817,0.0033655526589269,0,0,0,0,TimeStop,2957.5193000000004,1.6429200898354508,0.13266779696078398,False,False,False,False,NORMAL,HIGH,NORMAL / HIGH
1787278860,0.6641124178361123,0.1575843446053015,1,-0.000165158398271,-0.0040511282257707,-0.0033891573177205,0.0015474071468787,0.0214815577579648,0.0042588132399531,-0.0070776057247777,9,45,0.0037851362790815,0.0113364189647309,-0.0076479705576737,0.0036884484070572,0,0,0,0,TimeStop,2921.5401400000005,1.621500133673408,0.13430161873456237,False,False,False,False,NORMAL,HIGH,NORMAL / HIGH
1787278920,0.6555440511414299,0.1515889031322486,1,0.0010341391714735,-0.0029845245783355,-0.0029311315232865,0.0021962075675756,0.0206600345087744,0.0049022585931371,-0.0064414238040959,8,44,0.0039259284436712,0.011343682397233,-0.0078333901164236,0.0035102922808093,0,0,0,0,TimeStop,2888.51146,1.602709266478515,0.13583729039454806,False,False,False,False,NORMAL,HIGH,NORMAL / HIGH
1787278980,0.6480222809781014,0.1465218351834291,1,0.0008153276784672,-0.0039521506660227,-0.0014387033144256,0.0026665806407395,0.0220139811763849,0.0052070672619232,-0.006140055920422,7,43,0.0048196828748793,0.0113471231823453,-0.0066457705763488,0.0047013526059964,0,0,0,0,TimeStop,2852.6398,1.5829260056937904,0.13754543072700592,False,False,False,False,NORMAL,HIGH,NORMAL / HIGH
1787279040,0.6564847666083251,0.1448578415755166,1,0.001373024185525,-0.0035062061925078,-0.0017085809057247,0.0023434070870756,0.0210490204716379,0.005534141758119,-0.005816673553658,6,42,0.0048212511043511,0.0113508153117771,-0.0072427226638437,0.0041080926479333,0,0,0,0,TimeStop,2808.9167399999997,1.5555770943620943,0.13968643655845778,False,False,False,False,NORMAL,HIGH,NORMAL / HIGH
1787279100,0.6562778661805528,0.1509285702356421,1,-3.970870655488616e-05,-0.0049901944897683,-0.0034387472477988,9.078185774721077e-05,0.0206645713304743,0.0040173980288439,-0.0073162957579334,5,41,0.0048139787482211,0.0113336937867773,-0.0074561452766427,0.0038775485101345,0,0,0,0,TimeStop,2799.93977,1.546416256428703,0.14013428938866068,False,False,False,False,NORMAL,HIGH,NORMAL / HIGH
1787279160,0.6478116462111395,0.1495166646831505,1,-0.0008247407795209,-0.0044461669807962,-0.003190673276714,0.0006167173311608,0.0205991342695101,0.0039559214890629,-0.0073770783293843,4,40,0.0048136839856436,0.0113329998184473,-0.007146594765777,0.0041864050526702,0,0,0,0,TimeStop,2788.97521,1.5375915165211378,0.1406852124727204,False,False,False,False,NORMAL,HIGH,NORMAL / HIGH
1787279220,0.6190196124997918,0.1572184133559453,1,-0.002243016717246,-0.0060418808644791,-0.0033852269688769,-0.0004272603595612,0.0187239940816625,0.0029754630479223,-0.0083464690183482,3,39,0.0051919012057583,0.0113219320662705,-0.0063606900167993,0.0049612420494712,0,0,0,0,TimeStop,2788.2469199999996,1.53339513712198,0.1407219594453995,False,False,False,False,NORMAL,HIGH,NORMAL / HIGH
1787279280,0.5870132783936105,0.1626253715889132,1,-0.0026819807786927,-0.0068714077515812,-0.0041501823805663,-0.001131552411954,0.0195253860453171,0.0024078025724697,-0.0089077215470697,2,38,0.0053076308840524,0.0113155241195395,-0.006557984953036,0.0047575391665034,0,0,0,0,TimeStop,2786.92569,1.529847496774839,0.14078867312748478,False,False,False,False,NORMAL,HIGH,NORMAL / HIGH
1787279340,0.571859653974485,0.1641964812167409,1,-0.0032766037818396,-0.0070851471477206,-0.0048258711511076,-0.0020387905070391,0.0192002445748299,0.0016571758756595,-0.0096498749114989,1,37,0.0053036564043764,0.0113070507871585,-0.0064830470267672,0.0048240037603912,0,0,0,0,TimeStop,2785.34161,1.525009595534533,0.14086874248792772,False,False,False,False,NORMAL,HIGH,NORMAL / HIGH
1787279400,0.5189152821487186,0.1668784346056911,1,-0.005090665987911,-0.0078159989578667,-0.0050418659944178,-0.0027245329700622,0.0193331974222404,0.00079439989408,-0.0100339986621333,2,36,0.00530159929312,0.0108283985562133,-0.0058362658884978,0.0049921326677154,0,1,0,0,TimeStop,2802.71343,1.5276020693019654,0.13999560775644482,False,False,False,False,NORMAL,HIGH,NORMAL / HIGH
1787279460,0.5120379522609035,0.1733181495894323,1,-0.0052951725992087,-0.0075250769217638,-0.0047593340986391,-0.0008493667023714,0.0187866205207208,0.000990994499187,-0.0098395311719845,1,35,0.0053682536092416,0.0108305256711715,-0.0057503285978261,0.0050801970733454,0,0,0,0,TimeStop,2720.9260999999997,1.4829872226157603,0.14420368491448557,False,False,False,False,NORMAL,HIGH,NORMAL / HIGH
1787279520,0.5441448517519888,0.1719244369734432,1,-0.0054836105624596,-0.0071575843102956,-0.0049431287550585,-0.0005752784901171,0.0198326426214035,-1.333206233640568e-07,-0.0101282344416497,1,34,0.0055846675950226,0.0101281011210263,-0.0049429954344351,0.0051851056865911,0,1,0,0,TimeStop,2723.5481900000004,1.4747962564544685,0.1440648531355709,False,False,False,False,NORMAL,HIGH,NORMAL / HIGH
1787279580,0.5641661102778339,0.1436371354480913,1,-0.0028497500895691,-0.0037588317483983,-0.0010145833299861,0.0032279762583752,0.0216475237365372,0.0017955366902144,-0.0059351384294387,4,33,0.0056083242425167,0.0077306751196532,-0.0028101200202006,0.0049205550994525,0,0,0,0,TimeStop,2661.3473000000004,1.4245839189743852,0.1474319304361366,False,False,False,False,NORMAL,HIGH,NORMAL / HIGH
1787279640,0.54193067838756,0.1510163981785246,1,-0.0042236931428366,-0.0053400542308936,-0.0027001791606446,0.0023852875134564,0.0213535313259692,0.0004979433096086,-0.0072227185164177,3,32,0.0056010599613866,0.0077206618260264,-0.0031981224702533,0.004522539355773,0,0,0,0,TimeStop,2649.7155399999997,1.4160502540499207,0.1480791292789112,False,False,False,False,NORMAL,HIGH,NORMAL / HIGH
1787279700,0.540143174946239,0.1395874461684211,1,-0.0031652771612212,-0.0044160462577062,-0.0013256037240065,0.0036904582770848,0.0225677942821525,0.001697902649119,-0.0060320190462827,2,31,0.0056077776605651,0.0077299216954017,-0.0030235063731256,0.0047064153222761,0,0,0,0,TimeStop,2642.5435299999995,1.4104650394496967,0.1484810242652843,False,False,False,False,NORMAL,HIGH,NORMAL / HIGH
1787279760,0.5348882746621005,0.1474681964675054,1,-0.0038866117340684,-0.0059700913603877,-0.0030514543361909,0.0026493910533561,0.0216597883884497,0.0008094767091533,-0.0069135891638193,1,30,0.0056028040102,0.0077230658729727,-0.0038609310453443,0.0038621348276284,0,0,0,0,TimeStop,2619.7527099999998,1.3961239689760392,0.14977275087922326,False,False,False,False,NORMAL,HIGH,NORMAL / HIGH
1787279820,0.544320533399564,0.1522703725200491,1,-0.0040145121855037,-0.0066954432860421,-0.0042795975194536,0.0022601098038795,0.0203931230207162,0.00020386038037,-0.0074678401895032,1,29,0.0055996770316859,0.0076717005698733,-0.0044834578998236,0.0031882426700496,0,0,0,0,TimeStop,2596.9898999999996,1.3812000615638946,0.1510855202016766,False,False,True,False,NORMAL,HIGH,NORMAL / HIGH
1787279880,0.5373642214536823,0.1482558270523806,1,-0.0047635944540825,-0.0059120947229845,-0.002976845287638,0.0026242836585677,0.0218814245362295,0.0006902771500874,-0.0069497173020154,2,28,0.005602600182139,0.0076399944521028,-0.0036671224377254,0.0039728720143773,0,0,0,0,TimeStop,2582.3576799999996,1.3728671028458423,0.1519416047741303,False,False,True,False,NORMAL,HIGH,NORMAL / HIGH
1787279940,0.5487344685509078,0.1488236661492247,1,-0.0048725402624076,-0.0059017656088703,-0.0033973662956444,0.0019002626216162,0.0232552510951482,0.0004583843689325,-0.0071798396457013,1,27,0.0056013018757922,0.0076382240146338,-0.0038557506645769,0.0037824733500569,0,0,0,0,TimeStop,2537.60598,1.3470095280528402,0.15462115596054832,False,False,True,False,NORMAL,HIGH,NORMAL / HIGH
1787280000,0.5418337541497087,0.1499540278085611,1,-0.0049506823684069,-0.0053000526395239,-0.0031284215857614,0.0013857150745717,0.0235020699486613,0.0,-0.0072768760067125,1,26,0.0056007544151617,0.0072768760067125,-0.0031284215857614,0.004148454420951,0,0,0,0,TimeStop,2534.22344,1.345007539087089,0.15482753564934273,False,False,True,False,NORMAL,HIGH,NORMAL / HIGH
1787280060,0.5336356218848494,0.1453025821595115,1,-0.0036244154044612,-0.0037962165481163,-0.0018857985347931,0.0023463433451206,0.0242451018945356,0.0003527007902449,-0.0065577459904034,1,25,0.0056048116094756,0.0069104467806484,-0.0022384993250381,0.0046719474556103,0,0,0,0,TimeStop,2533.54565,1.3423238109122413,0.15486895608137158,False,False,True,False,NORMAL,HIGH,NORMAL / HIGH
1787280120,0.5343527742523598,0.1444041199514513,1,-0.0038074042185445,-0.0030233812073285,-0.0006769343294723,0.0025732071614484,0.0267127362175527,0.0006689026783414,-0.0061171732229034,1,24,0.0056072972369513,0.0067860759012449,-0.0013458370078138,0.005440238893431,0,0,0,0,TimeStop,2500.8073400000003,1.3246586140499064,0.1568963605169201,True,False,True,False,NORMAL,HIGH,NORMAL / HIGH
1787280180,0.5232465775206069,0.1457200226698155,1,-0.0042006931511771,-0.0032668637385352,-0.0009078636815177,0.0030291568391727,0.0266634597650289,0.0002272670693228,-0.0062424829877614,1,23,0.005606590263172,0.0064697500570843,-0.0011351307508405,0.0053346193062437,0,0,0,0,TimeStop,2478.7054,1.3121509946407903,0.1582953625711228,True,False,True,False,NORMAL,HIGH,NORMAL / HIGH
1787280240,0.5167297329407444,0.1485941326438692,1,-0.0038210634769201,-0.0035591708133005,-0.0006786191605598,0.0031269207859669,0.0250332986418114,0.000113750007193,-0.006394222463164,60,22,0.006507972470357,0.0,-0.0007923691677528,0.0057156033026042,0,0,0,0,TimeStop,2476.5296399999997,1.3099839056531313,0.158434433274136,True,False,True,False,NORMAL,HIGH,NORMAL / HIGH
1787280300,0.523182522875017,0.1390756908734668,1,-0.0027392777178655,-0.0029244871995723,0.0012632305170546,0.0044494500739162,0.0257861988380583,0.0015486836256189,-0.0049686262910889,59,21,0.0065173099167079,0.0007936400511349,-0.0002854531085642,0.0062318568081436,0,0,0,0,TimeStop,2474.7902099999997,1.306163685889645,0.15854579043287878,False,False,True,False,NORMAL,HIGH,NORMAL / HIGH
1787280360,0.3906583650910726,0.1376316041732589,1,-0.0022417749076195,-0.0015577526853436,0.0021078395489261,0.0058117756396386,0.0264221347553273,0.0022366802693508,-0.0045685498326678,60,20,0.0068052301020187,0.0,-0.0001288407204247,0.0066763893815939,0,0,0,0,TimeStop,2470.65607,1.3015788302338647,0.15881108453917667,True,False,True,False,NORMAL,HIGH,NORMAL / HIGH
1787280420,0.5257773862396985,0.1377118786704288,1,-0.001683203781873,-0.0012847901437934,0.0026876833882426,0.0056058085812827,0.0264647465595937,0.0026878174439754,-0.0046702336216066,60,19,0.007358051065582,0.0,-1.340557327965744e-07,0.0073579170098492,0,0,0,0,TimeStop,2178.65103,1.1333339990157767,0.08361260591605622,True,False,True,False,NORMAL,HIGH,NORMAL / HIGH
1787280480,0.5951318156370644,0.1278020558771312,1,-0.0009116797181876,-0.0003968962072109,0.0044397056791739,0.0074063571332761,0.0270426492902392,0.0048645296303293,-0.0030942060538486,60,18,0.007958735684178,0.0,-0.0004248239511554,0.0075339117330225,0,0,0,0,TimeStop,2021.58852,1.0486788613850655,0.08523246857377287,True,False,True,False,NORMAL,HIGH,NORMAL / HIGH
1787280540,0.6146424118596838,0.1261403436645161,1,-0.0011210962546201,-0.0003139445494433,0.0042651072386509,0.00693229311786,0.0266981774968359,0.0049476479336124,-0.0030117460647828,59,17,0.0079593939983953,0.0012380533558028,-0.0006825406949615,0.0072768533034338,0,0,0,0,TimeStop,1952.41012,1.0117881413675667,0.0882524517953226,True,False,True,False,NORMAL,HIGH,NORMAL / HIGH
1787280600,0.591006109074077,0.1254331028375543,1,-0.0012547406985615,0.0005030780966295,0.004879293488187,0.0072307068341264,0.0260323441881451,0.005084634227575,-0.0028758447307068,58,16,0.0079604789582818,0.0012382221171719,-0.0002053407393879,0.0077551382188939,0,0,0,0,TimeStop,1914.23919,0.9905005045035508,0.09001225181269014,True,False,True,False,NORMAL,HIGH,NORMAL / HIGH
1787280660,0.6234802277116354,0.1242146267558578,1,-0.0020916088980053,0.0006646635452992,0.0050445948956256,0.0067435823377814,0.0253544301570873,0.0054847498656238,-0.0030387880189226,60,15,0.0085235378845464,0.0,-0.0004401549699981,0.0080833829145483,0,0,0,0,TimeStop,1892.8569799999998,0.9761050735579494,0.09102905386966956,True,False,True,False,NORMAL,HIGH,NORMAL / HIGH
1787280720,0.6461969275098561,0.1192872512458863,1,-0.0026917371119746,5.355288495035405e-05,0.0033444380631358,0.0063334675063509,0.0244594413400624,0.0050526274535175,-0.0034672473105779,59,14,0.0085198747640955,0.0020618531794644,-0.0017081893903816,0.0068116853737138,0,0,0,0,TimeStop,1882.8556300000002,0.9703709254641065,0.09151258187543565,True,False,True,False,NORMAL,HIGH,NORMAL / HIGH
1787280780,0.6638204349151142,0.1136518415889542,1,-0.0011539974447296,0.002523420288772,0.0046283535572941,0.0078527463244301,0.0253970822289364,0.0063341518065025,-0.0021965864951792,58,13,0.0085307383016818,0.0022679469986324,-0.0017057982492084,0.0068249400524733,0,0,0,0,TimeStop,1866.29482,0.9606420493638634,0.09232463068187693,True,False,True,False,NORMAL,HIGH,NORMAL / HIGH
1787280840,0.6645192889802732,0.1137234331237648,1,-0.0010342648435548,0.0018039503085258,0.0033243747212612,0.0082347476169379,0.0256225442592657,0.00621109833229,-0.0023185968397476,57,12,0.0085296951720377,0.0031206660681717,-0.0028867236110288,0.0056429715610088,0,0,0,0,TimeStop,1852.95514,0.9528639583336701,0.0929892884508796,True,False,True,False,NORMAL,HIGH,NORMAL / HIGH
1787280900,0.6501627571005419,0.1177271083999304,1,-0.0003511084977662,0.0015592280934095,0.0033737589597836,0.00831816745282,0.0263604144182106,0.006191764093788,-0.0023377671810703,56,11,0.0085295312748584,0.0031206061049074,-0.0028180051340044,0.005711526140854,0,0,0,0,TimeStop,1830.7541599999997,0.9408175908804247,0.09411694031054395,True,False,True,False,NORMAL,HIGH,NORMAL / HIGH
1787280960,0.6533150613907284,0.1233672444154505,1,-0.0001724260874223,0.0012611007686793,0.0024841979682458,0.0071809288152862,0.0262651663448449,0.0055803474009654,-0.002944000868039,55,10,0.0085243482690045,0.0031187098553729,-0.0030961494327196,0.0054281988362848,0,0,0,0,TimeStop,1812.7648,0.9306339100442514,0.09505092993862194,True,False,True,False,NORMAL,HIGH,NORMAL / HIGH
1787281020,0.6611432053715467,0.1263698506190754,1,0.0007870195126284,0.0026728026507924,0.0028284059623212,0.0081697113451073,0.026605478822161,0.00621109833229,-0.0023185968397476,54,9,0.0085296951720377,0.00355536098423,-0.0033826923699688,0.0051470028020688,0,0,0,0,TimeStop,1770.8860000000002,0.9180548858364335,0.09729874198565011,True,False,True,False,NORMAL,HIGH,NORMAL / HIGH
1787281080,0.6822825217491298,0.1244980872006528,1,0.0009377686911601,0.0027400533951541,0.002459677088753,0.008064515045092,0.0244827924082268,0.0064815851503247,-0.0020504029502145,53,8,0.0085319881005392,0.0042094080363699,-0.0040219080615716,0.0045100800389675,0,0,0,0,TimeStop,1734.1700700000004,0.8973887132857292,0.09935875551121694,False,False,True,False,NORMAL,HIGH,NORMAL / HIGH
1787281140,0.6935667441926561,0.1276268853042774,1,0.0002628972105489,0.0022753975228821,0.0009541946277619,0.0078756320212831,0.0251063477653198,0.0059444055016849,-0.0025830289036474,52,7,0.0085274344053324,0.0051348916586759,-0.004990210873923,0.0035372235314094,0,0,0,0,TimeStop,1716.1548599999999,0.8868759230739083,0.10040176677295895,False,False,True,False,NORMAL,HIGH,NORMAL / HIGH
1787281200,0.7024338703512547,0.1256390670446292,1,-0.0001857182154762,0.0027959863901606,0.0026860605578454,0.0076606748129144,0.0259115881850426,0.0062949336957751,-0.0022354721522791,51,6,0.0085304058480542,0.0051366809467221,-0.0036088731379296,0.0049215327101245,0,0,0,0,TimeStop,1630.0910199999998,0.8415178882123124,0.10570267419791075,False,False,True,False,NORMAL,HIGH,NORMAL / HIGH
1787281260,0.7259248437762112,0.1248740352405859,1,0.0006855590914447,0.002786713053209,0.0024909632373976,0.0080956977068707,0.0273442943061375,0.0061975778076649,-0.0023320027502984,50,5,0.0085295805579633,0.0051361839889032,-0.0037066145702672,0.0048229659876961,0,0,0,0,TimeStop,1590.2964399999998,0.8208826584158835,0.1083477115750822,False,False,True,False,NORMAL,HIGH,NORMAL / HIGH
1787281320,0.6361885154374087,0.126825848288967,1,0.0003990853801006,0.0022304199742502,0.0041946935072622,0.0076450632386503,0.0272284460324307,0.0055318712377609,-0.0029920660967031,49,4,0.0085239373344641,0.0051327858576603,-0.0013371777304986,0.0071867596039654,0,0,0,0,TimeStop,1570.34433,0.8099093738000489,0.10972433033206164,True,False,True,False,NORMAL,HIGH,NORMAL / HIGH
1787281380,0.5577091680346054,0.1214670635502376,1,0.0005152532569208,0.002754602505765,0.0054317960715232,0.0086996359763963,0.0313257584564228,0.0063463235658752,-0.0021845179163393,48,3,0.0085308414822145,0.0051369432687887,-0.0009145274943519,0.0076163139878626,0,0,0,0,TimeStop,1495.24394,0.7698509543976598,0.11523536420418463,True,False,True,False,NORMAL,HIGH,NORMAL / HIGH
1787281440,0.5737879133543544,0.1200306829926935,1,0.0008080576155431,0.0026540478295904,0.0053533985066999,0.0076177343037731,0.0301626896502216,0.0066405639814671,-0.0018927717895268,47,2,0.0085333357709939,0.0051384452331591,-0.0012871654747671,0.0072461702962268,0,0,0,0,TimeStop,1465.6299999999999,0.7530099793422933,0.11756376438801062,True,False,True,False,NORMAL,HIGH,NORMAL / HIGH
1787281500,0.5786517733516873,0.1156384897885582,1,0.0017600271729155,0.0031041506063683,0.0047102140606661,0.0107519117385839,0.0297147287609739,0.0069125003344845,-0.0016231406527818,46,1,0.0085356409872664,0.0051398333453681,-0.0022022862738184,0.0063333547134479,0,0,0,0,TimeStop,1463.0403,0.7503674615698516,0.11777186178671907,True,False,True,False,NORMAL,HIGH,NORMAL / HIGH
1787281560,0.6005338478913597,0.1107768883338754,1,0.0027620495707635,0.002936166204688,0.0056251513765171,0.0104848085255255,0.0293455152183857,0.0075922387577707,-0.0003119029037378,45,1,0.0079041416615086,0.0051433031028822,-0.0019670873812535,0.005937054280255,0,0,0,0,TimeStop,1461.20608,0.7469321857431558,0.11791969822627621,True,False,True,False,NORMAL,LOW,NORMAL / LOW
1787281620,0.5993929343345802,0.1091178558815273,1,0.002752699540436,0.0024321299547649,0.0061618803734433,0.0109047491132522,0.0319055560549969,0.0077652666218425,-6.338718507613195e-05,44,2,0.0078286538069186,0.0051441863319465,-0.0016033862483991,0.0062252675585195,0,0,0,0,TimeStop,1464.0054899999998,0.7466422339451865,0.11769421711663118,False,False,True,False,NORMAL,LOW,NORMAL / LOW
1787281680,0.612141640638292,0.1067492608294086,1,0.0036816663670816,0.002952706113579,0.006961987507844,0.0105882216814145,0.0337993763609141,0.0074968005398989,-0.0003297677337273,43,1,0.0078265682736263,0.0051428159339033,-0.0005348130320548,0.0072917552415714,0,0,0,0,TimeStop,1455.1627499999997,0.7414263923973855,0.11840942190143339,False,False,True,False,NORMAL,LOW,NORMAL / LOW
1787281740,0.632055387111137,0.1100835704773782,1,0.0028411536574237,0.0025192674391578,0.0068232345623747,0.0108275098785308,0.0326280711684646,0.007252864558673,-0.0003504026738748,42,7,0.0076032672325479,0.0051415707509405,-0.0004296299962982,0.0071736372362496,0,0,0,0,TimeStop,1467.38596,0.7456647089249074,0.11742308070059496,False,False,True,False,NORMAL,LOW,NORMAL / LOW
1787281800,0.6415746902833552,0.1097766817955731,1,0.0019110075621702,0.0021832021400273,0.0055965893548934,0.0114883586075521,0.0311671528756315,0.0067838953826525,-0.0010527545351984,60,6,0.0078366499178509,0.0,-0.001187306027759,0.0066493438900919,0,0,0,0,TimeStop,1461.9551800000002,0.7425730585942962,0.11785927664348779,True,False,True,False,NORMAL,LOW,NORMAL / LOW
1787281860,0.7332842460507037,0.1140451443075886,1,0.0014337740761559,0.0019176980102439,0.004602985607863,0.0106932012246511,0.0304102474217248,0.0059923026143039,-0.0018381856680346,59,5,0.0078304882823385,0.0014368632380997,-0.0013893170064409,0.0064411712758976,0,0,0,0,TimeStop,1527.99224,0.7683325022050387,0.11276561195101358,True,False,True,False,NORMAL,HIGH,NORMAL / HIGH
1787281920,0.745748135389028,0.114415077658859,1,0.0018843001571726,0.0023535625947754,0.0048792552167347,0.0099349369979932,0.0324704096130725,0.005658271143193,-0.0021696170899068,58,4,0.0078278882330999,0.0018381123807676,-0.0007790159264583,0.0070488723066415,0,0,0,0,TimeStop,1520.4238300000004,0.764345393612894,0.11332693989675231,True,False,True,False,NORMAL,HIGH,NORMAL / HIGH
1787281980,0.7681016452542312,0.1130432569215953,1,0.0018005961612884,0.0023667318474688,0.0050799129526098,0.0107717519777821,0.033976466695618,0.0057771085130102,-0.0020517047317716,57,3,0.0078288132447819,0.0018383295881899,-0.0006971955604004,0.0071316176843814,0,0,0,0,TimeStop,1505.4569000000004,0.7561251047990584,0.11445361205624682,True,False,True,False,NORMAL,HIGH,NORMAL / HIGH
1787282040,0.7746516516689139,0.1098107008766661,1,0.002011971370672,0.0028908406484024,0.0055266426723536,0.0116395115667872,0.0326715356346976,0.0059185345660603,-0.0019113795172154,56,2,0.0078299140832757,0.0018385880825378,-0.0003918918937066,0.007438022189569,0,0,0,0,TimeStop,1497.3105999999998,0.7519342908795277,0.11507631082021327,True,False,True,False,NORMAL,LOW,NORMAL / LOW
1787282100,0.7620940576250121,0.1039919634634358,1,0.0029822584653571,0.0042000005645161,0.0065860223905944,0.0124358887682645,0.0342336067518288,0.0067205654194307,-0.0011155915477945,55,1,0.0078361569672253,0.0018400540107598,-0.0001345430288363,0.0077016139383889,0,0,0,0,TimeStop,1497.85149,0.7516075295198161,0.1150347555484289,True,False,True,False,NORMAL,LOW,NORMAL / LOW
1787282160,0.9454795390411088,0.1066122046593961,1,0.0020997144834106,0.0036713112291957,0.0049679054001885,0.0118251107160634,0.0342566195657618,0.0060171583881895,-0.0005132128129178,60,2,0.0065303712011073,0.0,-0.0010492529880009,0.0054811182131063,0,0,0,0,TimeStop,1350.25451,0.6763037885765566,0.07432860194631011,True,False,True,False,NORMAL,LOW,NORMAL / LOW
1787282220,0.75300042174861,0.1136546173555559,1,0.0018306040268457,0.0039775838926174,0.0045077852348993,0.0116872483221476,0.0350808053691275,0.0056394630872483,-0.0008884563758389,59,1,0.0065279194630872,0.0014762416107382,-0.0011316778523489,0.0053962416107383,0,0,0,0,TimeStop,1316.0743400000001,0.6594052884315623,0.07625901284573332,True,False,True,False,NORMAL,HIGH,NORMAL / HIGH
1787282280,0.7256416939316528,0.1063447823009245,1,0.0022381960110598,0.0048385222775253,0.0061529906304167,0.013314734309088,0.0371743631658726,0.0063371451482805,-7.414536386641308e-05,58,20,0.0064112905121469,0.0014772657822503,-0.0001841545178638,0.0062271359942831,0,0,0,0,TimeStop,1301.5473700000002,0.6519399787294229,0.07711016311300294,True,False,True,False,NORMAL,LOW,NORMAL / LOW
1787282340,0.7248242380439561,0.1027588283146691,1,0.0018444997519758,0.0045804898079032,0.0056805810523454,0.0125626659119602,0.0365699074405525,0.0064274073428338,-7.441398649820805e-05,60,19,0.006501821329332,0.0,-0.0007468262904883,0.0057549950388436,0,0,0,0,TimeStop,1281.9233700000002,0.6424291046971854,0.07829058456122849,True,False,True,False,NORMAL,LOW,NORMAL / LOW
1787282400,0.7565586262518871,0.1112740607674821,1,0.0013417618960562,0.0043740149204567,0.0051695954284524,0.01236914935571,0.0354338699038619,0.0057426227928245,-0.0007547746240019,59,18,0.0064973974168265,0.0008335675644767,-0.0005730273643721,0.0059243700524543,0,0,0,0,TimeStop,1249.04756,0.6255415352959997,0.08035124779395911,True,False,True,False,NORMAL,LOW,NORMAL / LOW
1787282460,0.7237616573743421,0.1145787096760174,1,0.0001736370398132,0.0043770221032974,0.0049533521543002,0.011649515647931,0.0332606177909262,0.0054158922441272,-0.0010793943958712,58,17,0.0064952866399985,0.0008332967675734,-0.0004625400898269,0.0060327465501715,0,0,0,0,TimeStop,1253.05663,0.627084134942282,0.08009416940717197,True,False,True,False,NORMAL,HIGH,NORMAL / HIGH
1787282520,0.7119288195197053,0.1126095936385112,1,-0.0003196895763212,0.0032907089512276,0.0051424121773007,0.0120574775552953,0.0349849375477957,0.0055979228498595,-0.0008985397621627,57,16,0.0064964626120222,0.0008334476360016,-0.0004555106725587,0.0060409519394635,0,0,0,0,TimeStop,1265.27762,0.632090395730856,0.07932056049485804,True,False,True,False,NORMAL,LOW,NORMAL / LOW
1787282580,0.7174513156599273,0.114475225990255,1,-0.0007262863096236,0.0020996350069465,0.0041111987504336,0.0096824769553563,0.0323559344481699,0.0047094667090625,-0.0020891790578598,60,15,0.0067986457669223,0.0,-0.0005982679586288,0.0062003778082935,0,0,0,0,TimeStop,1278.81832,0.6378972374967171,0.07848067894429288,True,False,True,True,NORMAL,HIGH,NORMAL / HIGH
1787282640,0.7270628879354377,0.1104637064354027,1,-0.0003209742810134,0.0015176865815583,0.0040589229911208,0.0099162676955012,0.0333048708417199,0.005308080316269,-0.0014946161359524,59,14,0.0068026964522214,0.0012491573251482,-0.0012491573251482,0.0055535391270732,0,0,0,0,TimeStop,1277.5909200000003,0.6364093592521921,0.07855607646303558,True,False,True,True,NORMAL,LOW,NORMAL / LOW
1787282700,0.74952192217881,0.097913693297441,1,0.0002716754041054,0.0018117060034764,0.0035417081446811,0.0092499773268428,0.0359904842503395,0.0055343969235343,-0.0012698309628926,58,13,0.006804227886427,0.0019926887788532,-0.0019926887788532,0.0048115391075737,0,0,0,0,TimeStop,1261.9574900000002,0.6408915467372669,0.07952924785128855,True,False,True,False,NORMAL,LOW,NORMAL / LOW
1787282760,0.7486621944902012,0.1007115646808503,1,0.0004832310898785,0.0012215566934813,0.0038195776321541,0.0080708846227094,0.0347287977832795,0.0052225974576384,-0.0015795205510685,57,12,0.0068021180087069,0.0021269946862015,-0.0014030198254842,0.0053990981832227,0,0,0,0,TimeStop,1252.6058300000002,0.6450370219453901,0.08012299447783984,True,False,True,True,NORMAL,LOW,NORMAL / LOW
1787282820,0.7712943384322423,0.093342037098033,1,0.0004683798693414,0.0001551885232324,0.0029680140103877,0.0076398854338819,0.0326722766826429,0.0044369444103452,-0.002359857258722,56,11,0.0067968016690672,0.0021253322883793,-0.0014689303999575,0.0053278712691097,0,0,0,0,TimeStop,1248.4461199999998,0.6456030883251053,0.08038995707720252,False,False,True,True,NORMAL,LOW,NORMAL / LOW
1787282880,0.768446542177216,0.0917558260067162,1,0.0005651181366329,-0.0002796101596338,0.0030312100431251,0.0091775399855263,0.0331850076946411,0.0046395716468864,-0.0021586011556772,55,10,0.0067981728025637,0.0021257610362571,-0.0016083616037613,0.0051898111988023,0,0,0,0,TimeStop,1243.7953699999998,0.6451213119536249,0.08069054799584921,False,False,True,True,NORMAL,LOW,NORMAL / LOW
1787282940,0.766292236476947,0.1024042444903268,1,0.0008771045684495,-0.0013182034582366,0.0028005959593145,0.0079306658488936,0.0352666001153747,0.0045688784427427,-0.0022288159946129,54,9,0.0067976944373556,0.0021780179152361,-0.0017682824834282,0.0050294119539274,0,0,0,0,TimeStop,1241.3806699999998,0.6449887000197495,0.08084750506063546,False,False,True,True,NORMAL,LOW,NORMAL / LOW
1787283000,0.8006791262603616,0.094778430812726,1,0.0012141212757065,-0.0001096193381376,0.0023290759129998,0.0071495126026727,0.035289118324159,0.0043972363597964,-0.0023992966137138,53,8,0.0067965329735102,0.0022378158038656,-0.0020681604467966,0.0047283725267136,0,0,0,0,TimeStop,1211.1094099999998,0.6299427086095881,0.08286826043239151,False,False,True,True,NORMAL,LOW,NORMAL / LOW
1787283060,0.8175127426171416,0.0975388310722571,1,0.0015683037556748,-0.0002949279362815,0.0039286652266429,0.0073646225833596,0.0372318045140992,0.0043093513997353,-0.0024865868757737,52,7,0.006795938275509,0.0022376199945329,-0.0003806861730923,0.0064152521024167,0,0,0,0,TimeStop,1215.6969599999998,0.6318199820574785,0.08255554904077413,False,False,True,False,NORMAL,LOW,NORMAL / LOW
1787283120,0.8982751918543924,0.0950964564340463,1,0.0021430567774052,0.0019599021281578,0.0043895483676994,0.0062962592773121,0.0379002840169899,0.0047379039551488,-0.0025932393827246,60,6,0.0073311433378735,0.0,-0.0003483555874494,0.006982787750424,0,0,0,0,TimeStop,1159.0616799999998,0.6029445328351891,0.08658946433290765,False,False,True,False,NORMAL,LOW,NORMAL / LOW
1787283180,1.015563899173437,0.0973110513475113,1,0.0025945192238878,0.0026698392199529,0.0042468683902348,0.0075110922766447,0.0390109331933078,0.0051600898371882,-0.0023071774595395,60,5,0.0074672672967277,0.0,-0.0009132214469534,0.0065540458497743,0,0,0,0,TimeStop,1079.0213299999998,0.5618017440082271,0.0930125542559942,True,False,True,True,NORMAL,LOW,NORMAL / LOW
1787283240,1.0099408523830748,0.1012549181187078,1,0.002730952814139,0.0026922054351176,0.0050992355235971,0.0084033545845054,0.039891968553217,0.0055548188935437,-0.0019153808190284,59,4,0.0074701997125721,0.0009135800714587,-0.0004555833699466,0.0070146163426255,0,0,0,0,TimeStop,1074.0211,0.5592876583654186,0.09344558500759437,False,False,True,False,NORMAL,LOW,NORMAL / LOW
1787283300,0.9880954274527372,0.1066119171897852,1,0.0030281899145591,0.0016010934191897,0.0050227201376104,0.0079357610864056,0.0410549629204242,0.0053751376358562,-0.0020937272366312,58,3,0.0074688648724875,0.0009134168250467,-0.0003524174982458,0.0071164473742417,0,0,0,0,TimeStop,1066.1650999999997,0.5556486929350921,0.09413413551053212,False,False,True,False,NORMAL,LOW,NORMAL / LOW
1787283360,0.9373059224116636,0.1072672926726578,1,0.0042026553268538,0.0026811129785106,0.0057182945041072,0.0092670394698093,0.0399470270892496,0.0062223448173712,-0.0012528139007873,57,2,0.0074751587181585,0.0009141865410114,-0.0005040503132639,0.0069711084048946,0,0,0,0,TimeStop,1062.14132,0.5537103190186772,0.09449075006327784,False,False,True,False,NORMAL,LOW,NORMAL / LOW
1787283420,0.9443295452316864,0.1007322483456793,1,0.0036115531034304,0.0037207011898618,0.0065678149278064,0.0103853128831258,0.0415839441419563,0.0069011663406096,-0.0005790352973903,56,1,0.0074802016379999,0.0009148032729926,-0.0003333514128031,0.0071468502251967,0,0,0,0,TimeStop,1066.7656600000003,0.5557909199958532,0.09408114055714915,True,False,True,False,NORMAL,LOW,NORMAL / LOW
1787283480,0.945648085252926,0.109976183491459,1,0.0028279752362682,0.0039974780164868,0.00561785242372,0.0095379270100409,0.040177612030398,0.00611044409715,-0.0007443875805727,55,2,0.0068548316777227,0.000914084875477,-0.0004925916734299,0.0063622400042927,0,0,0,0,TimeStop,1075.0399100000002,0.5592016251762182,0.09335702708934777,True,False,True,False,NORMAL,LOW,NORMAL / LOW
1787283540,0.8946519103547931,0.1059040319992659,1,0.0018392512149081,0.0042931515263651,0.0053156882573845,0.0108174752479962,0.0402092678242535,0.006301729779004,-0.0005544051663263,54,1,0.0068561349453303,0.0009861756951834,-0.0009860415216195,0.0058700934237108,0,0,0,0,TimeStop,1076.69832,0.5598390115337623,0.09321323172492738,True,False,True,False,NORMAL,LOW,NORMAL / LOW
1787283600,0.9255855282652676,0.1073469795988767,1,0.0015396123245706,0.0034059513346235,0.0045283031015028,0.0097143515501343,0.0398220278433907,0.0059319134313773,-0.0007742993248318,53,19,0.0067062127562091,0.001475366806366,-0.0014036103298745,0.0053026024263346,0,0,0,0,TimeStop,1100.22991,0.5704545305392161,0.09121959791113114,True,False,True,False,NORMAL,LOW,NORMAL / LOW
1787283660,0.6943613160764044,0.1098692314853384,1,0.0007379689940415,0.002680147883356,0.0042401379258015,0.0084985072381955,0.0415112586185192,0.0054073488306374,-0.0012953668282334,52,18,0.0067027156588709,0.0014745974449516,-0.0011672109048358,0.005535504754035,0,0,0,0,TimeStop,1095.2915600000001,0.5673528933855617,0.09163088045707209,True,False,True,False,NORMAL,LOW,NORMAL / LOW
1787283720,0.7042249817269337,0.1140907188600374,1,-0.0003130447222628,0.0025197622038884,0.0032523431136256,0.0084305073534702,0.0414208935183133,0.0046364642583164,-0.0020611121700723,51,17,0.0066975764283887,0.0018753213999488,-0.0013841211446908,0.0053134552836979,0,0,0,0,TimeStop,1106.88419,0.572599209639111,0.0906712110505436,True,False,True,True,NORMAL,HIGH,NORMAL / HIGH
1787283780,0.7089271811992077,0.1139759550447904,1,-0.0008442511946047,0.0027067748947935,0.0039405980465403,0.0081114829549542,0.040015256002228,0.0047419802499878,-0.0019562996183453,50,16,0.0066982798683332,0.0018755183631333,-0.0008013822034474,0.0058968976648857,0,0,0,0,TimeStop,1117.6436399999998,0.5771554269057119,0.08979832784625341,True,False,True,True,NORMAL,HIGH,NORMAL / HIGH
1787283840,0.7303492137078343,0.1164532831843636,1,-0.0021933841993845,0.0026282043041165,0.0038081242125831,0.0080743696380667,0.0398098093915785,0.0043581107140102,-0.0023376100240831,49,15,0.0066957207380934,0.0018748018066661,-0.000549986501427,0.0061457342366663,0,0,0,0,TimeStop,1130.93851,0.5831189033506845,0.08874269388881276,True,False,True,True,NORMAL,HIGH,NORMAL / HIGH
1787283900,0.7409931469352113,0.1208766437952818,1,-0.0013221353811485,0.0023760424464618,0.0031821997050826,0.0069913362521677,0.0407852932716586,0.0038484874077914,-0.0028438358415937,48,14,0.0066923232493852,0.0018738505098278,-0.0006662877027087,0.0060260355466764,0,0,0,0,TimeStop,1127.8343199999997,0.5811210241895367,0.08898694446538924,True,False,True,False,NORMAL,HIGH,NORMAL / HIGH
1787283960,0.7108472890208473,0.1183287517113143,1,-0.0018603141542815,0.0012918513825057,0.003696145209661,0.0064528351160952,0.0411737491945997,0.0038338124707005,-0.0032836785762449,60,13,0.0071174910469454,0.0,-0.0001376672610395,0.0069798237859059,0,0,0,0,TimeStop,1122.6706,0.5782267064639244,0.08939623964500364,True,False,True,False,NORMAL,HIGH,NORMAL / HIGH
1787284020,0.8247162199823268,0.1242064875075058,1,-0.0001827629778091,0.000528100777137,0.0029103032194225,0.0061377342979261,0.0414473544357056,0.0031508230417187,-0.0039618253997221,59,12,0.0071126484414409,0.0003556324220721,-0.0002405198222961,0.0068721286191447,0,0,0,0,TimeStop,1031.54684,0.5314927786704315,0.08802686070949527,True,False,True,False,NORMAL,HIGH,NORMAL / HIGH
1787284080,0.867495494719214,0.1252171368867863,1,7.512508259408437e-05,0.0013081388937121,0.0029535386119531,0.0060612039502959,0.0426310782307427,0.0030733109856262,-0.0041247947928961,60,11,0.0071981057785223,0.0,-0.0001197723736731,0.0070783334048492,0,0,0,0,TimeStop,1022.09472,0.5265693894802356,0.08884091486158935,True,False,True,False,NORMAL,HIGH,NORMAL / HIGH
1787284140,0.8903335648397116,0.1248151935689531,1,-3.864184995248547e-05,0.0010950752633595,0.0026558583584994,0.0063356588863284,0.0421205524099811,0.0033306867900227,-0.0038692659305372,59,10,0.00719995272056,0.0006749621403466,-0.0006748284315233,0.0065251242890366,0,0,0,0,TimeStop,1018.3296099999999,0.5245260770024076,0.08916938985992955,True,False,True,False,NORMAL,HIGH,NORMAL / HIGH
1787284200,0.8793342526640746,0.1309439195583893,1,-0.0014227880230275,0.0007921157817476,0.0023399958195745,0.0071776889303724,0.0441589513226342,0.0028541293462124,-0.0043424035735687,58,9,0.0071965329197812,0.0006746415499007,-0.0005141335266379,0.0066823993931432,0,0,0,0,TimeStop,1011.0274399999998,0.5210521208076596,0.08981341792266292,True,False,True,False,NORMAL,HIGH,NORMAL / HIGH
1787284260,0.9104098313948656,0.1334467831663716,1,-0.0015151745917739,0.0005738184350294,0.0016904597574918,0.0058330414140595,0.0458028688516923,0.0025253355201225,-0.0046688379582164,57,8,0.007194173478339,0.0013147723443828,-0.0008348757626306,0.0063592977157083,0,0,0,0,TimeStop,1005.1146399999999,0.5173593240041978,0.09034176439813872,True,False,True,False,NORMAL,HIGH,NORMAL / HIGH
1787284320,0.9311272510852976,0.1274500367278463,1,0.0001087553108509,0.0018456297955841,0.0029790661410204,0.0082233997284729,0.0494945018371352,0.0037925237612963,-0.0034107431251728,56,7,0.0072032668864691,0.0013164342116649,-0.0008134576202759,0.0063898092661932,0,0,0,0,TimeStop,1016.1260599999999,0.5215150357689782,0.08936276075824688,True,False,True,False,NORMAL,HIGH,NORMAL / HIGH
1787284380,0.9015118511530776,0.1260339759021774,1,0.0011662047819747,0.0020073490431649,0.0032095378910208,0.0084595997260931,0.0503869223470547,0.0037879583403506,-0.0034152757844225,55,6,0.0072032341247731,0.0013164282242958,-0.0005784204493298,0.0066248136754433,0,0,0,0,TimeStop,1015.81796,0.5216098811519445,0.08938986469583586,True,False,True,False,NORMAL,HIGH,NORMAL / HIGH
1787284440,0.8935772445925917,0.1148891131946537,1,0.0024493952582525,0.0025373854537072,0.0048941030631703,0.0092775415673316,0.0534437983050435,0.0049696380254784,-0.0022420758936194,54,5,0.0072117139190979,0.0013179779504872,-7.553496230817969e-05,0.0071361789567898,0,0,0,0,TimeStop,1018.44755,0.5225295678494994,0.08915906371417949,True,False,True,True,NORMAL,HIGH,NORMAL / HIGH
1787284500,0.8959493462835204,0.120571641712995,1,0.0018634699886918,0.0017268735540195,0.0049277833398417,0.0101708098240155,0.052990444141968,0.0049735833208789,-0.0023103545989877,60,4,0.0072839379198666,0.0,-4.5799981037176855e-05,0.0072381379388295,0,0,0,0,TimeStop,1025.0296,0.5251385740160338,0.08858654423247875,False,False,True,True,NORMAL,HIGH,NORMAL / HIGH
1787284560,0.9037389125568238,0.1205399633838644,1,0.0019407466784405,0.0025948511808442,0.0046850921506388,0.0100508119844056,0.0553065918945161,0.0053954579454878,-0.0020318363900181,60,3,0.0074272943355059,0.0,-0.000710365794849,0.0067169285406569,0,0,0,0,TimeStop,1020.94371,0.522914369730851,0.08894107394030569,True,False,True,False,NORMAL,HIGH,NORMAL / HIGH
1787284620,0.8944291608214887,0.1189666275295737,1,0.0028336939991021,0.0028123890366539,0.0053262406120821,0.0106097373057931,0.0587600243868122,0.0056807873456563,-0.0017486148424571,59,2,0.0074294021881135,0.000710567395368,-0.0003545467335741,0.0070748554545393,0,0,0,0,TimeStop,1029.8585600000001,0.5264387074637812,0.08817116595117683,False,False,True,False,NORMAL,HIGH,NORMAL / HIGH
1787284680,0.9221480927559116,0.1133251686857621,1,0.0035540265805845,0.0033117462006427,0.0055910856909636,0.0108440246645985,0.0627649648358253,0.0063211447218342,-0.0011129880652442,58,1,0.0074341327870785,0.000730193109664,-0.0007300590308705,0.0067040737562079,0,0,0,0,TimeStop,1038.86115,0.5296254552151966,0.08740708996577648,False,False,True,False,NORMAL,HIGH,NORMAL / HIGH
1787284740,0.9306932121511932,0.1097212080145852,1,0.0048321873468762,0.0041242359997085,0.0069148392910178,0.0129103483966142,0.0637124002342211,0.007296797496523,0.0,57,1,0.007296797496523,0.0007309010496067,-0.0003819582055051,0.0069148392910178,0,0,0,0,TimeStop,1039.80072,0.5298870687247841,0.08732810840908055,False,False,False,False,NORMAL,LOW,NORMAL / LOW
1787284800,0.948202125804427,0.1138174802145141,1,0.0037030737924903,0.0024389626086043,0.00496128793523,0.0104565261415163,0.0552178829381041,0.0059073609682084,-0.0003264816416397,56,1,0.0062338426098482,0.0009462070566407,-0.0009460730329784,0.0052877695768697,0,0,0,0,TimeStop,1049.1547899999998,0.5349736230117672,0.08654950715137089,False,False,True,False,NORMAL,HIGH,NORMAL / HIGH
1787284860,0.9221397435550204,0.1071797013685559,1,0.0031580404841998,0.0042248391860267,0.0055908079723466,0.0106103512045014,0.050289660175221,0.0060057858314818,-0.0002286667402081,55,1,0.0062344525716899,0.0009462996400175,-0.0004149778591352,0.0058194747125547,0,0,0,0,TimeStop,1051.05963,0.5370375050045025,0.08639265309809302,True,False,True,False,NORMAL,LOW,NORMAL / LOW
1787284920,0.9272462827061212,0.1184811546370245,1,0.0007109936982717,0.0024248936852473,0.0034359569450992,0.0075331634365505,0.0477682928101245,0.0036345323902627,-0.0010399469609666,54,4,0.0046744793512293,0.0009440691197666,-0.0001985754451634,0.0044759039060659,0,0,0,0,TimeStop,1057.0462700000003,0.5414655331813286,0.08590336353015084,True,False,True,True,NORMAL,HIGH,NORMAL / HIGH
1787284980,0.9499854591889896,0.124290995135841,1,0.0012329211878119,0.0015728299671492,0.003250185559718,0.0086053193919496,0.0414337173202035,0.0040875935434173,-0.001460952795185,60,3,0.0055485463386023,0.0,-0.0008374079836992,0.004711138354903,0,0,0,0,TimeStop,1060.16164,0.5423932345634919,0.08565092960730027,True,False,True,True,NORMAL,HIGH,NORMAL / HIGH
1787285040,0.9444233820545324,0.1222678561167027,1,0.0011337609239314,0.0024005672682325,0.0022522784529664,0.0086315055031997,0.0410000522821702,0.0044594952911949,-0.0010911061610192,59,2,0.0055506014522141,0.0026904591992485,-0.0022072168382284,0.0033433846139856,0,0,0,0,TimeStop,1049.3401999999999,0.5368462411475722,0.08653421454738894,False,False,True,True,NORMAL,HIGH,NORMAL / HIGH
1787285100,0.9654696954459402,0.1124744035910882,1,0.0022180596334559,0.0034161571317181,0.0060133734019678,0.0101835610637584,0.0408047756872932,0.0067688761251234,-0.0001816150921741,60,1,0.0069504912172975,0.0,-0.0007555027231556,0.0061949884941419,0,0,0,0,TimeStop,1041.4837,0.5331472542654971,0.08718699102059879,True,False,True,False,NORMAL,LOW,NORMAL / LOW
1787285160,0.993205806994386,0.106532787328022,1,0.0020921630190517,0.0030290602727865,0.0048324737526267,0.0096867575955646,0.0396781740538869,0.0065319213418423,-0.0002270657868592,59,1,0.0067589871287016,0.0017691595956703,-0.0016994475892155,0.005059539539486,0,0,0,0,TimeStop,1024.2774299999999,0.5257166034027027,0.08865159705803535,True,False,True,False,NORMAL,LOW,NORMAL / LOW
1787285220,0.9526544606569752,0.1087705347830121,1,0.0017366856109497,0.0028365597467198,0.0047138227280569,0.0098238302050074,0.0385168619278761,0.0061677485283514,0.0,58,1,0.0061677485283514,0.0017685194969176,-0.0014539258002944,0.0047138227280569,0,0,0,0,TimeStop,1011.69156,0.5206345749587329,0.08975446034164801,True,False,False,False,NORMAL,LOW,NORMAL / LOW
1787285280,0.9254451451659906,0.1194144938341809,1,0.0008401644573822,0.0016139227863743,0.0036011629222917,0.0077696506356215,0.0378724705711956,0.0051004449477829,-0.0010607610730214,57,4,0.0061612060208044,0.0017666435202784,-0.0014992820254912,0.0046619239953132,0,0,0,0,TimeStop,1006.05331,0.5180816005343661,0.09025747353288864,True,False,True,True,NORMAL,HIGH,NORMAL / HIGH
1787285340,0.9382217572481084,0.1152107666946913,1,8.77751992976973e-05,0.0010181655918545,0.0039771383681829,0.0079612239363101,0.039860628481115,0.0049955711600354,-0.00116499199068,56,3,0.0061605631507154,0.0017664591858683,-0.0010184327918524,0.0051421303588629,0,0,0,0,TimeStop,985.4217900000001,0.5086404305154267,0.09214717080692927,True,False,True,True,NORMAL,HIGH,NORMAL / HIGH
1787285400,0.8815028371633321,0.1088403666712733,1,-0.0001363423647673,0.0011185420670332,0.0058589789534173,0.0069490495266312,0.0417658100667985,0.0058589789534173,-0.0006492302604659,60,2,0.0065082092138833,0.0,0.0,0.0065082092138833,0,0,0,0,TimeStop,995.0435,0.5130231239691174,0.09125614106317965,True,False,True,False,NORMAL,LOW,NORMAL / LOW
1787285460,1.0416740678521976,0.1084448309855185,1,0.0006528375101742,0.0015558202141916,0.0060623108870247,0.0065972285356438,0.0430791202162238,0.0060623108870247,-0.0004473467763757,60,1,0.0065096576634004,0.0,0.0,0.0065096576634004,0,0,0,0,TimeStop,916.42229,0.4728324128559108,0.03637830546439459,True,False,True,False,NORMAL,LOW,NORMAL / LOW
1787285520,1.0253442346643242,0.1064596607326702,1,-2.1244761295686022e-05,0.0007307396196626,0.0050311335964121,0.0060841522364855,0.0439987023325678,0.0056388139383806,-0.0007879267758549,60,18,0.0064267407142355,0.0,-0.0006076803419684,0.0058190603722671,0,0,0,0,TimeStop,926.37224,0.4778403979172158,0.03598757449813047,True,False,True,False,NORMAL,LOW,NORMAL / LOW
1787285580,0.982804912495145,0.1119610550252874,1,-0.0002414223584627,0.0012304924855786,0.0056630711168542,0.0060379638328731,0.0438921078536684,0.0056632047208158,-0.0008693609775963,60,17,0.0065325656984121,0.0,-1.336039616422341e-07,0.0065324320944505,0,0,0,0,TimeStop,919.30878,0.47757372753882676,0.03626408310818048,True,False,True,False,NORMAL,LOW,NORMAL / LOW
1787285640,0.920023359859571,0.1025240979248194,1,-0.0007045468448188,0.0011768269667673,0.0060792709362604,0.0055933673492556,0.0402433150859038,0.0066035072141588,-0.0011728200652806,60,16,0.0077763272794394,0.0,-0.0005242362778983,0.007252091001541,0,0,0,0,TimeStop,916.5207700000001,0.47833684050716235,0.03637439662169358,False,False,True,False,NORMAL,LOW,NORMAL / LOW
1787285700,0.895039040073523,0.113960401669681,1,-0.0012594473573839,0.000804246335191,0.0058115911085045,0.0062681274226368,0.0361382075227944,0.0063458414135185,-0.001428495316931,59,15,0.0077743367304495,0.002205902284137,-0.0005342503050139,0.0072400864254355,0,0,0,0,TimeStop,909.66314,0.4754919533264175,0.03664861038559834,True,False,True,False,NORMAL,HIGH,NORMAL / HIGH
1787285760,0.9210008042863314,0.1052586266570566,1,0.0010634403142619,0.0024011918441517,0.0068233077683653,0.006761043264477,0.0387273188851178,0.0069911279762699,-0.000788193794928,58,14,0.007779321771198,0.0022073167472808,-0.0001678202079046,0.0076115015632933,0,0,0,0,TimeStop,896.07624,0.4689371806077999,0.037204300830473984,False,False,True,False,NORMAL,LOW,NORMAL / LOW
1787285820,0.9297778238401448,0.1027062303251888,1,0.0017126822806668,0.0023809450633472,0.0071472448424771,0.0077191634007399,0.0397293649312099,0.0071472448424771,-0.0007058116412954,60,13,0.0078530564837725,0.0,0.0,0.0078530564837725,0,0,0,0,TimeStop,899.7160499999999,0.4712251936188966,0.03705379047089357,True,False,True,False,NORMAL,LOW,NORMAL / LOW
1787285880,0.8970092461884855,0.0915694328649086,1,0.0003394902146585,0.0016432501188484,0.0071179470173656,0.0060552879105305,0.0376333513691683,0.0079241528397496,-0.0016476556151454,60,12,0.009571808454895,0.0,-0.0008062058223839,0.008765602632511,0,0,0,0,TimeStop,900.67531,0.4913296788729812,0.03701432650574157,False,False,True,False,NORMAL,LOW,NORMAL / LOW
1787285940,0.8960984492186047,0.0939334971018006,1,0.0012653717152959,0.0015590757898088,0.0068432114423581,0.0058575197325329,0.0361894440698757,0.0083973454173616,-0.0011789567374833,59,11,0.009576302154845,0.001683155410192,-0.0015541339750035,0.0080221681798415,0,0,0,0,TimeStop,909.41802,0.5004734681544479,0.03665848846936198,False,False,True,False,NORMAL,LOW,NORMAL / LOW
1787286000,0.9099943435917724,0.0935639812958968,1,0.0011954459279055,0.0015466549080652,0.0071625265626829,0.0051253809382193,0.038437085318009,0.0082234981776526,-0.0013511530270943,58,10,0.009574651204747,0.0016904769885338,-0.0010609716149696,0.0085136795897773,0,0,0,0,TimeStop,903.5350100000002,0.4994030837498233,0.03689717568331967,False,False,True,False,NORMAL,LOW,NORMAL / LOW
1787286060,0.8673490337470863,0.0893595079895724,1,0.0009349412043221,0.0011160009405492,0.0066631585230063,0.0055759989563694,0.037257714099466,0.008112838136735,-0.0014607621787042,57,9,0.0095736003154392,0.001690291446089,-0.0014496796137286,0.0081239207017106,0,0,0,0,TimeStop,894.4405800000001,0.4965278124972881,0.03727233619029226,False,False,True,False,NORMAL,LOW,NORMAL / LOW
1787286120,0.795207832254841,0.0892567851541845,1,0.0010979673117385,0.0011313482953132,0.0068796871908085,0.0033947125056112,0.0367837075163559,0.0081057039555397,-0.0014678286097462,56,8,0.0095735325652859,0.0016902794842877,-0.0012260167647311,0.0083475158005547,0,0,0,0,TimeStop,879.5498699999999,0.49000420453530613,0.03790335390533342,False,True,True,False,NORMAL,LOW,NORMAL / LOW
1787286180,0.8134538101284087,0.0861929817236629,1,0.0007731087904646,0.001199780469678,0.0055484673528747,0.0032124532593591,0.0364851011349387,0.0079384161642884,-0.001633527743071,55,7,0.0095719439073594,0.0029023286314451,-0.0023899488114137,0.0071819950959457,0,0,0,0,TimeStop,873.3629999999999,0.48729894855050865,0.03817185981086903,False,False,True,False,NORMAL,LOW,NORMAL / LOW
1787286240,0.7990463466418535,0.0812171968575572,1,0.0009303087345222,0.002350752843393,0.0058336663021043,0.00501076253923,0.0373051932307616,0.0085914626139191,-0.0009866829858101,54,6,0.0095781455997292,0.0029369381861678,-0.0027577963118148,0.0068203492879144,0,0,0,0,TimeStop,864.6295899999999,0.48379425088542505,0.03855742434167677,False,False,True,False,NORMAL,LOW,NORMAL / LOW
1787286300,0.7826144976876271,0.0737582245367176,1,0.001255055549042,0.0031953917483173,0.0056881235088026,0.006165386856702,0.0376719869275296,0.0093384528405658,-0.0002467865938999,53,5,0.0095852394344657,0.0041594102361892,-0.0036503293317631,0.0059349101027025,0,0,0,0,TimeStop,863.47659,0.4841525353010349,0.03860891005742264,True,False,True,False,NORMAL,LOW,NORMAL / LOW
1787286360,0.8015478018167943,0.0767040891956039,1,0.0009023935876343,0.0020848311432406,0.0042351305805206,0.0075955245874195,0.0365100642805121,0.0087461632573495,-0.0008334514657483,52,4,0.0095796147230979,0.0045110326768289,-0.0045110326768289,0.0050685820462689,0,0,0,0,TimeStop,873.1385899999998,0.48989837763738603,0.03818167056389068,True,False,True,False,NORMAL,LOW,NORMAL / LOW
1787286420,0.78696734834282,0.0738748909344315,1,0.0007520003570264,0.0025068014744444,0.0046580462768833,0.0083453600388774,0.0401513140164021,0.0088135564232094,-0.0007666983028817,51,3,0.0095802547260911,0.0059727107247837,-0.004155510146326,0.005424744579765,0,0,0,0,TimeStop,868.8839600000001,0.487684177720441,0.03836863325224694,True,False,True,False,NORMAL,LOW,NORMAL / LOW
1787286480,0.7495699321684959,0.0730271473474643,1,0.0014722702830054,0.0022718158129338,0.0061277554286042,0.0074578367689648,0.0394923106384725,0.008953493391221,-0.000628090254164,50,2,0.0095815836453851,0.0059735392257731,-0.0028257379626168,0.0067558456827682,0,0,0,0,TimeStop,871.9721999999999,0.4895833965568287,0.038232744117300994,True,False,True,False,NORMAL,LOW,NORMAL / LOW
1787286540,0.7286782183074121,0.0854345189018016,1,0.0018827002621156,0.0027791414560679,0.0051157427610736,0.0070028537223693,0.0386673967933146,0.0091145093691937,-0.00046860337349,49,1,0.0095831127426837,0.0059744925256692,-0.0039987666081201,0.0055843461345636,0,0,0,0,TimeStop,866.47802,0.4881189482031142,0.03847517101472465,True,False,True,False,NORMAL,LOW,NORMAL / LOW
1787286600,0.7018784514460152,0.0808225056508815,1,0.0020662960837171,0.0025161884371113,0.0048092356148424,0.0081330911267992,0.0388562599947296,0.0094167215829472,0.0,48,1,0.0094167215829472,0.0059762817820871,-0.0046074859681047,0.0048092356148424,0,0,0,0,TimeStop,869.0305,0.4905924763625535,0.03836216335330003,True,False,False,False,NORMAL,LOW,NORMAL / LOW
1787286660,0.7080852663365264,0.0786991804175901,1,0.0013363304222455,0.0013602220668301,0.0034225114549757,0.0071210448149859,0.0388580915060665,0.00772020454985,-0.000822059435738,47,11,0.0085422639855881,0.0059662375024342,-0.0042976930948743,0.0042445708907138,0,0,0,0,TimeStop,861.2885699999999,0.49486283772702033,0.038706992245351644,True,False,True,False,NORMAL,LOW,NORMAL / LOW
1787286720,0.6895648504298335,0.0838125191213366,1,0.0006671202177044,0.0010086174697188,0.0018983778880529,0.0082459580598686,0.039629822314711,0.0071500987140494,-0.001387332586308,46,10,0.0085374313003575,0.0059628621738434,-0.0052517208259965,0.0032857104743609,0,0,0,0,TimeStop,859.2642599999999,0.49592742914963495,0.03879818066679511,True,False,True,False,NORMAL,LOW,NORMAL / LOW
1787286780,0.7305106566996772,0.0905770272132605,1,0.0013033174406721,0.0016747215403435,0.0032504197813853,0.0094073468882262,0.0392064203397593,0.0075820885802114,-0.0009590046209983,45,9,0.0085410932012097,0.0059654197827199,-0.004331668798826,0.0042094244023836,0,0,0,0,TimeStop,893.7827100000001,0.5147526437700112,0.05034824403797205,True,False,True,False,NORMAL,LOW,NORMAL / LOW
1787286840,0.750261088624392,0.0956052505573209,1,0.0002933328993588,-0.0001479336904908,0.003287356058118,0.0089567246600526,0.0393763734556002,0.007122960509308,-0.0014142407453404,44,8,0.0085372012546484,0.0059627015012935,-0.0038356044511899,0.0047015968034585,0,0,0,0,TimeStop,892.0620099999999,0.5142160596520182,0.05044536085557551,False,False,True,False,NORMAL,LOW,NORMAL / LOW
1787286900,0.7511045347923988,0.0985153096987174,1,0.0003507896301248,0.002588373978025,0.0028984826814625,0.0086779752529252,0.0386180702542264,0.0070196606250376,-0.0015166649749626,43,7,0.0085363256000003,0.0059620899112502,-0.0041211779435751,0.0044151476564252,0,0,0,0,TimeStop,895.8531899999999,0.5189613379032277,0.05023188006954578,True,False,True,False,NORMAL,LOW,NORMAL / LOW
1787286960,0.7393586118931881,0.107513116783178,1,0.0001808906141384,0.0017979673284339,0.0035285675771184,0.0078221850599028,0.0391597497573118,0.0071711922892575,-0.0013664178175653,42,6,0.0085376101068228,0.005962987058984,-0.0036426247121391,0.0048949853946837,0,0,0,0,TimeStop,887.75646,0.5163552623348541,0.05069001694451202,True,False,True,False,NORMAL,LOW,NORMAL / LOW
1787287020,0.7616891229085029,0.1129933711381674,1,3.3344372543603434e-05,0.0018719530745979,0.0037925889331095,0.0078992818555796,0.0393778366891332,0.0070000508168237,-0.0015361085543386,41,5,0.0085361593711624,0.0059619738107962,-0.0032074618837142,0.0053286974874482,0,0,0,0,TimeStop,869.53568,0.5076709849936221,0.05175220641894764,True,False,True,False,NORMAL,HIGH,NORMAL / HIGH
1787287080,0.7771387985797676,0.0986951872834141,1,0.000426342070411,0.0019840380516967,0.003898175213251,0.0085361793133917,0.038576620446704,0.0071597720910824,-0.0013777412087624,40,4,0.0085375132998449,0.0059629194453604,-0.0032615968778313,0.0052759164220135,0,0,0,0,TimeStop,859.3337599999999,0.5031359167299619,0.05236660316941349,True,False,True,False,NORMAL,LOW,NORMAL / LOW
1787287140,0.794831050376495,0.1034070163614565,1,0.0014191238855246,0.0029559631163924,0.0054726958455692,0.0103777688297507,0.0397923245057056,0.0076540332653957,-0.000887669798046,39,3,0.0085417030634417,0.0059658457333726,-0.0021813374198264,0.0063603656436152,0,0,0,0,TimeStop,856.14588,0.5016405420929035,0.05256159148952513,True,False,True,False,NORMAL,LOW,NORMAL / LOW
1787287200,0.7946767375722831,0.1058409545577943,1,0.0019379040220787,0.0047351404326169,0.0051626703126427,0.0105051915773141,0.0399681689183639,0.0080732648956176,-0.0004719919193916,38,2,0.0085452568150092,0.0059683278067329,-0.0029105945829748,0.0056346622320343,0,0,0,0,TimeStop,836.6564,0.49051479366849293,0.05378598669656983,True,False,True,False,NORMAL,LOW,NORMAL / LOW
1787287260,0.7901138543551747,0.1094480555302874,1,0.0011813714935459,0.0044994902749099,0.0042403894761558,0.0088799089823345,0.0408001662730319,0.0078366978837966,-0.0007065535949534,37,1,0.00854325147875,0.0059669272046894,-0.0035963084076407,0.0049469430711093,0,0,0,0,TimeStop,836.99283,0.492402590924616,0.05376436737217928,False,False,True,False,NORMAL,LOW,NORMAL / LOW
1787287320,0.8016827375673218,0.0992486382033665,1,0.0017534824979535,0.0042972538031397,0.0051613776687268,0.0066428854580584,0.0421249703090939,0.0080554983285638,-3.070897544580968e-05,36,1,0.0080862073040097,0.0059682226192432,-0.002894120659837,0.0051920866441726,0,0,0,0,TimeStop,844.95717,0.498069463743056,0.05325759884373785,True,False,True,False,NORMAL,LOW,NORMAL / LOW
1787287380,0.8323070456833702,0.1001205021523129,1,0.0007983701133357,0.0044271310797492,0.0041545136400794,0.0062843457274857,0.0444738723605948,0.0074702249180614,-0.0002854276570992,35,21,0.0077556525751607,0.0059647574905744,-0.0033157112779819,0.0044399412971787,0,0,0,0,TimeStop,834.92409,0.49545136520105737,0.05389758247363542,False,False,True,False,NORMAL,LOW,NORMAL / LOW
1787287440,0.8658346646454086,0.1033164878096719,1,0.0008947566354003,0.0048966814227471,0.0042500606665543,0.0058170520843881,0.0431600344348566,0.0072182193635902,-0.000535493236096,34,20,0.0077537125996863,0.0059632654841791,-0.0029681586970359,0.0047855539026504,0,0,0,0,TimeStop,819.42236,0.4865434968170271,0.05491721021623086,False,False,True,False,NORMAL,LOW,NORMAL / LOW
1787287500,0.8924946672177951,0.1056267193001953,1,0.0004489646594765,0.0050033208708393,0.0037970535643523,0.0047468839984725,0.0447710493711693,0.0073352686623201,-0.0004193449999213,33,19,0.0077546136622415,0.0059639584780404,-0.0035382150979677,0.0042163985642737,0,0,0,0,TimeStop,813.0908600000001,0.4830399735012378,0.0553448479300333,False,False,True,False,NORMAL,LOW,NORMAL / LOW
1787287560,0.9389264072798912,0.1097570540709694,1,2.3859760061368864e-05,0.0044115230111389,0.002746538302046,0.0039094016918568,0.0426811119074731,0.0063753545473702,-0.0013718695561593,32,18,0.0077472241035295,0.0059582752779162,-0.0036288162453242,0.0041184078582053,0,0,0,0,TimeStop,832.98801,0.4964286547088482,0.05402285442259847,False,False,True,False,NORMAL,LOW,NORMAL / LOW
1787287620,0.9832504345100372,0.1128874067315914,1,0.000341269584175,0.0047549784366947,0.0032180655320254,0.0051275755022295,0.043886735291181,0.0064786564536411,-0.0012693628830134,31,17,0.0077480193366546,0.0059588868799308,-0.0032605909216157,0.0044874284150388,0,0,0,0,TimeStop,859.71578,0.5106706617403445,0.05234333374688086,False,False,True,False,NORMAL,LOW,NORMAL / LOW
1787287680,1.0082757846000567,0.1042515803091259,1,0.00037092067229,0.0054657153611004,0.003098513758318,0.005897412111926,0.0415459141948395,0.0062705985590737,-0.0014758191175954,30,16,0.0077464176766692,0.0059576550669656,-0.0031720848007557,0.0045743328759134,0,0,0,0,TimeStop,855.3012,0.5086744959935583,0.0526135003668883,False,False,True,False,NORMAL,LOW,NORMAL / LOW
1787287740,0.977442022138752,0.1004585677009028,1,-0.0004411371897987,0.0052759101088294,0.003670053385868,0.0070447262168979,0.0436016371150535,0.0068276248429582,-0.0009230809032004,29,15,0.0077507057461587,0.0059609529576795,-0.0031575714570902,0.0045931342890684,0,0,0,0,TimeStop,849.8888999999999,0.5063776020523724,0.05294855598184658,False,False,True,False,NORMAL,LOW,NORMAL / LOW
1787287800,0.9786211222610516,0.1023851993900412,1,0.0022367997017601,0.0056071992523735,0.0048263993564802,0.0065482657935646,0.0399111946785075,0.0066665324444624,-0.0010829331889422,28,14,0.0077494656334046,0.0059599992053334,-0.0018401330879821,0.0059093325454224,0,0,0,0,TimeStop,851.75411,0.5075976490437057,0.0528326068188858,False,False,True,False,NORMAL,LOW,NORMAL / LOW
1787287860,1.0819841893298243,0.0989013117001172,1,0.0016167842531989,0.0055409738504284,0.0041355906070729,0.0065358256689908,0.0425357504449089,0.0069890374238472,-0.0007629108998762,27,13,0.0077519483237234,0.0059619086056749,-0.0028534468167743,0.0048985015069491,0,0,0,0,TimeStop,864.96258,0.5131954898844571,0.05202582289744835,False,False,True,False,NORMAL,LOW,NORMAL / LOW
1787287920,1.1572403265067306,0.0951438245809445,1,0.001838547396845,0.0057418428713508,0.0052287567751839,0.0059532391444012,0.042049986349269,0.0069664741515707,-0.0007853004767953,26,12,0.0077517746283661,0.005961775019149,-0.0017377173763867,0.0060140572519793,0,0,0,0,TimeStop,840.4752200000001,0.4995151610745938,0.05354160233302297,False,False,True,False,NORMAL,LOW,NORMAL / LOW
1787287980,1.1582474559296985,0.1006252536200824,1,0.0015570321529738,0.0043434756659221,0.0052332654712485,0.006632820963037,0.0403948303919021,0.0067305604995729,-0.0010193980311285,25,11,0.0077499585307015,0.0059603782853418,-0.0014972950283243,0.0062526635023771,0,0,0,0,TimeStop,845.51716,0.5024024077653282,0.05322232608501997,True,False,True,False,NORMAL,LOW,NORMAL / LOW
1787288040,1.1798554933336534,0.1133466110435548,1,0.0015346613562809,0.0034747451915721,0.004362089986198,0.0068124837071341,0.0405663706718284,0.0062260738098145,-0.0015200011088478,24,10,0.0077460749186623,0.0059573914568607,-0.0018639838236164,0.0058820910950459,0,0,0,0,TimeStop,837.11942,0.4981636658848874,0.05375623707308093,True,False,True,False,NORMAL,HIGH,NORMAL / HIGH
1787288100,1.1869147513329723,0.1168926433610473,1,0.0027918261194723,0.0024847918770252,0.0052173166779693,0.007003019303312,0.0395984887625332,0.0061234941296358,-0.0016217911157031,23,9,0.0077452852453389,0.0059567841308072,-0.0009061774516664,0.0068391077936725,0,0,0,0,TimeStop,829.0350200000001,0.49386578702301687,0.054280445233785175,False,False,True,False,NORMAL,HIGH,NORMAL / HIGH
1787288160,1.1674657545266036,0.1110824987356605,1,0.0033142034758538,0.0021458257529223,0.0053406981706883,0.008305708304495,0.0407989554332498,0.0066474732548433,-0.0011018456581427,22,8,0.0077493189129861,0.0059598863648333,-0.0013067750841549,0.0064425438288311,0,0,0,0,TimeStop,842.0135200000001,0.500532899220551,0.05344378555821764,False,False,True,False,NORMAL,LOW,NORMAL / LOW
1787288220,1.1864850225848604,0.1124290334314183,1,0.002539318654369,0.0021458655435304,0.0052555046116116,0.007517193581063,0.0357467878658633,0.0062909846990456,-0.0014555899130991,21,7,0.0077465746121448,0.0059577757637148,-0.001035480087434,0.0067110945247108,0,0,0,0,TimeStop,836.6588,0.496716784970974,0.053785832408623446,False,False,True,False,NORMAL,LOW,NORMAL / LOW
1787288280,1.1940580366892877,0.1063344370780869,1,0.0036258661832178,0.0038471994870401,0.0052237326368356,0.0078397322880358,0.0364298618093518,0.0066665324444624,-0.0010829331889422,20,6,0.0077494656334046,0.0059599992053334,-0.0014427998076267,0.0063066658257778,0,0,0,0,TimeStop,819.65596,0.4867382581792347,0.05490155894187605,True,False,True,False,NORMAL,LOW,NORMAL / LOW
1787288340,1.2601994449085372,0.1093048166899049,1,0.0039983472396235,0.0023301255564738,0.0059543358302454,0.008266600911684,0.0384494708501053,0.006317809825927,-0.0014289712899529,19,5,0.0077467811158799,0.005957934582678,-0.0003634739956815,0.0073833071201983,0,0,0,0,TimeStop,825.51685,0.4888474079454499,0.05451177647070439,False,False,True,False,NORMAL,LOW,NORMAL / LOW
1787288400,1.274925061450838,0.1066500327359864,1,0.0045523123839834,0.0022872919202491,0.0054681093413824,0.0096640784211325,0.0380285786796546,0.0068832136831561,-0.0008679199939933,18,4,0.0077511336771495,0.0059612820730645,-0.0014151043417737,0.0063360293353758,0,0,0,0,TimeStop,815.33387,0.48287185203583943,0.05519259245295427,False,False,True,False,NORMAL,LOW,NORMAL / LOW
1787288460,1.2860733826690272,0.1045769562452051,1,0.0043875585649829,0.0020594880270847,0.0049916359540677,0.0085603844128839,0.036981879011243,0.0063513432457829,-0.0013956960152486,17,3,0.0077470392610316,0.0059581331182896,-0.0013597072917151,0.0063873319693164,0,0,0,0,TimeStop,816.23434,0.48348360121659717,0.055131703966289886,False,False,True,False,NORMAL,LOW,NORMAL / LOW
1787288520,1.2997182549336894,0.1013282621742374,1,0.0044122031018017,0.0008888638946817,0.0040831768715215,0.0106662334732283,0.0370231135263095,0.0061352930805477,-0.0016100829948344,16,2,0.0077453760753821,0.0059568539868477,-0.0020521162090262,0.0056932598663559,0,0,0,0,TimeStop,806.4949100000001,0.47863131872643316,0.05579748792214943,False,False,True,False,NORMAL,LOW,NORMAL / LOW
1787288580,1.1844484578970202,0.0974350817708921,1,0.0050929056248321,0.0015730637972162,0.0053377850403724,0.01010760438518,0.0355472182271288,0.005897490385685,-0.0018460550499053,15,1,0.0077435454355903,0.0059554460689059,-0.0005597053453125,0.0071838400902777,0,0,0,0,TimeStop,824.1875100000001,0.4876671360657253,0.05459969904178722,False,False,True,False,NORMAL,LOW,NORMAL / LOW
1787288640,1.1790391197346426,0.0927587247459962,1,0.0057195704138474,0.0034357980188896,0.0063648915421574,0.0103886428817958,0.0361489230928507,0.0072719699691535,1.334135060804303e-07,14,1,0.0072718365556474,0.0059635837162412,-0.0009070784269961,0.0063647581286513,0,0,0,0,TimeStop,833.23913,0.4930546444827487,0.05400657311905167,False,False,False,False,NORMAL,LOW,NORMAL / LOW
1787288700,1.239433000543018,0.1096173016515953,1,0.0033628774672974,0.0003093080984044,0.004145260661584,0.0066545808130265,0.0346306668403226,0.0044198464315223,-0.0015268512023172,13,22,0.0058136618925904,0.0059466976338396,-0.0002745857699383,0.0056721118639012,0,0,0,0,TimeStop,860.52448,0.5076152494290354,0.052294142753498425,False,False,True,True,NORMAL,LOW,NORMAL / LOW
1787288760,1.2911939062674485,0.099377284112954,1,0.0039178552705218,0.0017274942704262,0.0048309384596311,0.0082666186932908,0.0354312763416909,0.005363581416673,-0.0005887036282706,12,21,0.0058191243056832,0.0059522850449437,-0.0005326429570419,0.0054196420879018,0,0,0,0,TimeStop,864.6128600000001,0.5096547238601168,0.05204686638595683,False,False,True,False,NORMAL,LOW,NORMAL / LOW
1787288820,1.3030173928785418,0.100499096367142,1,0.0038961322506985,0.0019170472360438,0.0050860328198485,0.00960919927067,0.0345443924238292,0.0051850802603775,-0.0008323180083157,60,20,0.0060173982686933,0.0,-9.904744052896628e-05,0.0059183508281643,0,0,0,0,TimeStop,865.8309499999999,0.5115070369942318,0.05197364450878085,False,False,True,True,NORMAL,LOW,NORMAL / LOW
1787288880,1.3087228772899548,0.1002655083542514,1,0.0027821116756162,0.0019103469604928,0.0041535301744689,0.0103203202790074,0.0342232886591638,0.0054850083229034,-0.0007856266927219,60,19,0.0062706350156253,0.0,-0.0013314781484345,0.0049391568671908,0,0,0,0,TimeStop,867.58278,0.5134823227287018,0.05186869891539342,False,False,True,False,NORMAL,LOW,NORMAL / LOW
1787288940,1.3126790617352997,0.0993414915242052,1,0.001937111025857,0.0025093152857447,0.0039683030777003,0.0095849536361517,0.0351675407419411,0.0050035935758227,-0.0012640391313194,59,18,0.0062676327071422,0.0014637783392476,-0.0010352904981224,0.0052323422090197,0,0,0,0,TimeStop,876.8279600000001,0.5188770266160455,0.05132180091519892,True,False,True,True,NORMAL,LOW,NORMAL / LOW
1787289000,1.3496320875777328,0.1052382350998313,1,-0.0003061794426817,0.0004255150067128,0.0010837210742484,0.0093790045686383,0.0354701708266006,0.003641329387552,-0.0026178076568515,58,17,0.0062591370444035,0.0025780734323021,-0.0025576083133035,0.0037015287311,0,0,0,0,TimeStop,870.4649100000001,0.5146407128696774,0.05169696042083993,True,False,True,False,NORMAL,LOW,NORMAL / LOW
1787289060,1.357924683784137,0.1048010766895236,1,-0.0011645182724253,-0.0002579401993355,0.0005316943521593,0.0099666445182724,0.0370567441860465,0.003641196013289,-0.0026179401993355,57,16,0.0062591362126245,0.0032098338870431,-0.0031095016611296,0.0031496345514949,0,0,0,0,TimeStop,871.0853100000002,0.5146886605921687,0.05166014107160181,True,False,True,False,NORMAL,LOW,NORMAL / LOW
1787289120,1.3044151744684056,0.1042795561085211,1,-0.0003924565386291,0.0008604263949889,0.0010477472835147,0.0094503321788303,0.0367460035108374,0.0040612338557046,-0.0022005218927466,56,15,0.0062617557484513,0.0033235166020283,-0.0030134865721899,0.0032482691762614,0,0,0,0,TimeStop,866.40238,0.5126153467892165,0.05193936563285988,True,False,True,True,NORMAL,LOW,NORMAL / LOW
1787289180,1.2899233438364448,0.1047425435355341,1,0.0002205336782161,-0.0002714158461417,0.0003727816271532,0.008609581656912,0.0371734756439817,0.0033485249153237,-0.0029087860750252,55,14,0.0062573109903489,0.0033211574829668,-0.0029757432881704,0.0032815677021784,0,0,0,0,TimeStop,868.4668699999999,0.5144390459867155,0.05181589713376172,False,False,True,False,NORMAL,LOW,NORMAL / LOW
1787289240,1.3767958136001717,0.1076253084361334,1,-0.0016615781168726,-0.0006434698891405,-0.0004829674967387,0.0085496398453761,0.0361483514718295,0.0026288406735631,-0.0036239820577176,54,13,0.0062528227312807,0.0033187752751441,-0.0031118081703018,0.0031410145609789,0,0,0,0,TimeStop,903.77744,0.5335162477484323,0.0497914508687006,True,False,True,False,NORMAL,LOW,NORMAL / LOW
1787289300,1.4272759906965986,0.110312147909034,1,-0.0022547561095738,-0.0012002620105192,0.0004538984419826,0.0127402216681212,0.0363412148016295,0.0026389567796814,-0.0036139290399683,53,12,0.0062528858196497,0.0033188087602001,-0.0021850583376988,0.0040678274819509,0,0,0,0,TimeStop,930.74177,0.5472094438737677,0.0483489529002228,True,False,True,False,NORMAL,LOW,NORMAL / LOW
1787289360,1.3387549054849706,0.0912725113907693,1,-0.0023179006132099,-0.0016576718515747,-6.184253325069295e-05,0.0170508888404352,0.0379734387646782,0.0022737084167024,-0.0039768995577727,52,11,0.0062506079744752,0.0033175997612294,-0.0023355509499531,0.003915057024522,0,0,0,0,TimeStop,943.39526,0.5626989459101355,0.047700462264353545,True,False,True,False,NORMAL,LOW,NORMAL / LOW
1787289420,1.2186345452306786,0.09148088062556,1,-0.0035078618083684,-0.0015296395018222,0.0005678599243472,0.0163026215757582,0.0368848902822981,0.0020339468785616,-0.0042151658403066,51,10,0.0062491127188682,0.0033168061328872,-0.0014660869542143,0.0047830257646539,0,0,0,0,TimeStop,945.6431,0.5695313935399612,0.04758707592748258,True,False,True,False,NORMAL,LOW,NORMAL / LOW
1787289480,1.2454367460985332,0.0703412933905115,1,-0.0035020064393228,-0.0023543334860824,-0.0010551486148988,0.0146136757599886,0.0361450702091381,0.0011186431106947,-0.0051247613819848,50,9,0.0062434044926796,0.0033137764100318,-0.0021737917255935,0.004069612767086,0,0,0,0,TimeStop,964.2194599999999,0.6175809382987734,0.046670277739468156,True,False,True,False,NORMAL,LOW,NORMAL / LOW
1787289540,1.3137535220153886,0.0608066527428144,1,-0.0022707844832113,-0.0015974288320383,-0.0009789922587978,0.0146031685389561,0.0379021230601228,0.0018619424586024,-0.0043860975670583,49,8,0.0062480400256607,0.0033162367855943,-0.0028409347174002,0.0034071053082604,0,0,0,0,TimeStop,972.0005199999999,0.6331198810746167,0.04629667276309688,True,False,True,False,NORMAL,LOW,NORMAL / LOW
1787289600,1.352646562766957,0.0808026277605725,1,-0.0030433350061753,-0.0007764462073002,-0.0020226582808001,0.0138031345568282,0.0349166109236805,0.0013716420789824,-0.0048733402235863,48,7,0.0062449823025687,0.0034473363029041,-0.0033943003597825,0.0028506819427861,0,0,0,0,TimeStop,991.11231,0.6497803753547298,0.04540392601924196,False,False,True,False,NORMAL,LOW,NORMAL / LOW
1787289660,1.2261997968906246,0.0871231826303098,1,-0.0021818129726414,-0.0013976389624125,-0.0010799635979845,0.0131525559337448,0.0347543480737798,0.0017584226748319,-0.0044889717571346,47,6,0.0062473944319666,0.0034486678393021,-0.0028383862728164,0.0034090081591501,0,0,0,0,TimeStop,1000.70241,0.6594697298850914,0.04496880346275973,True,False,True,False,NORMAL,LOW,NORMAL / LOW
1787289720,1.2389081473968409,0.0963539495875788,1,-0.0019714041633147,-0.0005101568556619,-0.0034611629666701,0.0114648039509773,0.0343702765402905,0.0015359076429109,-0.0047100990900455,46,5,0.0062460067329565,0.0049970706095811,-0.0049970706095811,0.0012489361233753,0,0,0,0,TimeStop,1009.45327,0.6682031969651274,0.04457897293254596,False,False,True,False,NORMAL,LOW,NORMAL / LOW
1787289780,1.2374256640962038,0.0796285066757561,1,-0.0008693460971962,0.0008859417389419,-0.002323124314102,0.0136716224350773,0.035521311592069,0.0026953977497372,-0.0035578400599673,45,4,0.0062532378097045,0.0055761356264881,-0.0050185220638393,0.0012347157458652,0,0,0,0,TimeStop,1015.2456999999998,0.674574372913688,0.04432462998858307,False,False,True,False,NORMAL,LOW,NORMAL / LOW
1787289840,1.245190939641849,0.0688854390916452,1,0.0005710979796944,0.0008842721741408,-0.000818131059283,0.012753813207929,0.0361765335574516,0.0030605539172274,-0.003194961162681,44,3,0.0062555150799085,0.0055781663132942,-0.0038786849765105,0.002376830103398,0,0,0,0,TimeStop,1017.28306,0.6817770915332871,0.044235858994840636,False,False,True,False,NORMAL,LOW,NORMAL / LOW
1787289900,1.2849372911639028,0.059163127070499,1,0.0007319185478076,0.0027257518748268,0.0004745639694284,0.0147996163608919,0.0370867089520444,0.0039487178464633,-0.00231233620398,43,2,0.0062610540504433,0.0055831055226883,-0.0034741538770348,0.0027869001734085,0,0,0,0,TimeStop,1028.09876,0.6907556831776539,0.04377049341057468,False,False,True,True,NORMAL,LOW,NORMAL / LOW
1787289960,1.266865478150239,0.0541583382960396,1,0.0009076350306676,0.0031880314577628,0.0033462223184288,0.0156686118332884,0.0343741156645273,0.0048113171524528,-0.0014551164365891,42,1,0.0062664335890419,0.0055879025634769,-0.0014650948340239,0.004801338755018,0,0,0,0,TimeStop,1028.10322,0.6919965450425634,0.043770303530417894,True,False,True,True,NORMAL,LOW,NORMAL / LOW
1787290020,1.3278458388877428,0.0409914277015078,1,0.0012533748287649,0.0031029804891672,0.0036702177180173,0.0144341592520181,0.0350498078176329,0.0044554389604862,-0.0012241152296212,41,6,0.0056795541901075,0.0055859234728484,-0.0007852212424688,0.0048943329476386,0,0,0,0,TimeStop,1056.86217,0.7090133013466032,0.042579241908147776,True,False,True,True,NORMAL,LOW,NORMAL / LOW
1787290080,1.3779045354304704,0.0466947788653544,1,-0.0004918410568406,0.0013712576480751,0.0013219805667661,0.0144639523539768,0.0341252421516949,0.0031273015617912,-0.0025447428593059,40,5,0.0056720444210971,0.0055785375066992,-0.0018053209950251,0.003866723426072,0,0,0,0,TimeStop,1060.72631,0.7114886333580583,0.042424129179938985,False,False,True,False,NORMAL,LOW,NORMAL / LOW
1787290140,1.291624805926286,0.0410221631198256,1,0.0010198027095979,0.0036157850406416,0.0018775061229383,0.0160843990796908,0.036272476816077,0.0042975595212923,-0.0013811019613881,39,4,0.0056786614826805,0.0055850454822168,-0.0024200533983539,0.0032586080843265,0,0,0,0,TimeStop,1054.7802200000003,0.7093367010556385,0.04266328581702072,False,False,True,True,NORMAL,LOW,NORMAL / LOW
1787290200,1.2943541134153969,0.0426703911548777,1,0.001056877099151,0.0031735585662662,0.0033079468163157,0.0172259125028706,0.035925039564699,0.0049047719537842,-0.0007773229275136,38,3,0.0056820948812978,0.0055884222792832,-0.0015968251374684,0.0040852697438293,0,0,0,0,TimeStop,1048.3673700000002,0.707016259389882,0.04292425659909655,True,False,True,True,NORMAL,LOW,NORMAL / LOW
1787290260,1.282104182577455,0.0302357051087657,1,0.0006617626617145,0.002926121614552,0.0036859182625345,0.0161748096285071,0.03629891240803,0.004602276649781,-0.0010781078137076,37,2,0.0056803844634886,0.0055867400586953,-0.0009163583872464,0.0047640260762421,0,0,0,0,TimeStop,1047.9146500000002,0.7170344104033143,0.04294280073286502,True,False,True,True,NORMAL,LOW,NORMAL / LOW
1787290320,1.3093393471143029,0.0152859598888749,1,0.0019851860649259,0.0031914761888847,0.006335552898285,0.0184861964327632,0.0367439167228425,0.0063932045123771,-0.0001244902059492,60,1,0.0065176947183264,0.0,-5.765161409210153e-05,0.0064600431042343,0,0,0,0,TimeStop,1052.60147,0.7266241452462067,0.04275159334520025,True,False,True,False,NORMAL,LOW,NORMAL / LOW
1787290380,1.273804892593755,0.0371104884782718,1,0.0011517062358946,0.0037588083977449,0.0061369793477709,0.0150609068762104,0.0343149396438357,0.006339572163348,-0.0009500445757402,60,50,0.0072896167390883,0.0,-0.0002025928155771,0.0070870239235112,0,0,0,0,TimeStop,1016.1401,0.7193541152985199,0.04198563761040432,True,False,False,False,NORMAL,LOW,NORMAL / LOW
1787290440,1.293195465107304,0.0385749061694301,1,0.0006748881767727,0.002919064208244,0.0056507924351895,0.0155845188416918,0.0328075959754539,0.0058439785110072,-0.0014420482989122,59,49,0.0072860268099195,0.0010625898953444,-0.0001931860758177,0.0070928407341017,0,0,0,0,TimeStop,1033.88901,0.7319972870854246,0.041264864591219516,True,False,False,False,NORMAL,LOW,NORMAL / LOW
1787290500,1.1613651237915066,0.0430721314465018,1,0.0022738087606738,0.0038347664388645,0.0057627892266921,0.0158634634827402,0.0333148825484744,0.0061307852985635,-0.0011573190521953,58,48,0.0072881043507589,0.0012863238189879,-0.0003679960718713,0.0069201082788875,0,0,0,0,TimeStop,1029.38148,0.7308426266909716,0.041445558161780804,True,False,False,False,NORMAL,LOW,NORMAL / LOW
1787290560,1.1287585372090765,0.0535789071479111,1,0.0007858886723292,0.0030980922525892,0.0042785204343018,0.0153773368955322,0.0333541414817617,0.005650369402238,-0.0016342549623845,57,47,0.0072846243646225,0.0020932660560166,-0.0013718489679361,0.0059127753966863,0,0,0,0,TimeStop,1037.23632,0.7399730760749921,0.04113169696950065,True,False,False,False,NORMAL,LOW,NORMAL / LOW
1787290620,1.1807897358827164,0.0518464363709922,1,0.0014641337069383,0.0031629221127107,0.004091176770726,0.0142455067478506,0.0330271838034577,0.0052150213022883,-0.0020664495335607,56,46,0.007281470835849,0.0020923598768634,-0.0011238445315622,0.0061576263042867,0,0,0,0,TimeStop,1068.3164,0.7628641409093765,0.03993506979767418,True,False,False,True,NORMAL,LOW,NORMAL / LOW
1787290680,1.176493782834361,0.0641425549145825,1,0.0017568151165031,0.0022389061264625,0.0046199945518931,0.0152491180046641,0.0327340858807661,0.0052687179010172,-0.0020131418966055,55,45,0.0072818597976227,0.0020924716465906,-0.000648723349124,0.0066331364484986,0,0,0,0,TimeStop,1070.39542,0.7663297892200861,0.039857504248289856,True,False,False,True,NORMAL,LOW,NORMAL / LOW
1787290740,1.1711559040136093,0.0657411430669524,1,0.000312995443381,0.0014553358953474,0.004878375120924,0.0157555640979625,0.0316636437872927,0.0051427885743655,-0.0030869474263225,60,44,0.0082297360006881,0.0,-0.0002644134534414,0.0079653225472466,0,0,0,0,TimeStop,1080.55926,0.7786398287948145,0.03948260088946904,True,False,False,False,NORMAL,LOW,NORMAL / LOW
1787290800,1.1879621871609414,0.0622696342065889,1,0.0019923750707507,0.0006579261101025,0.0053150812524799,0.0168361604585213,0.0336165306957133,0.0062563419866181,-0.0023645755473318,60,43,0.00862091753395,0.0,-0.0009412607341382,0.0076796567998117,0,0,0,0,TimeStop,1093.97302,0.7863121288311045,0.03899848462441972,False,False,False,False,NORMAL,LOW,NORMAL / LOW
1787290860,1.2300871014329526,0.0607197908131769,1,0.0022783285363042,0.000789838282539,0.0046199292069887,0.0175327616066815,0.0345094993937971,0.0069441167482536,-0.0016826931704243,59,42,0.008626809918678,0.0024014167641115,-0.0023241875412648,0.0063026223774131,0,0,0,0,TimeStop,1118.73769,0.8013065605706243,0.0381352039726131,False,False,False,False,NORMAL,LOW,NORMAL / LOW
1787290920,1.2656119377335808,0.0462228765019657,1,0.0018472903132223,0.0001871598512497,0.001473900432553,0.0188190625164378,0.0323680277310061,0.0062399014707655,-0.0023808752120658,58,41,0.0086207766828313,0.0047660010382125,-0.0047660010382125,0.0038547756446188,0,0,0,0,TimeStop,1111.11824,0.7988244309888365,0.03839671464667883,False,False,False,False,NORMAL,LOW,NORMAL / LOW
1787290980,1.267274815979199,0.0428349347642985,1,0.0018640155042714,0.000644372366166,0.0021210202797232,0.019328114568317,0.0343982420554427,0.0066640514371004,-0.0019603590731456,57,40,0.0086244105102461,0.005700881523722,-0.0045430311573772,0.0040813793528689,0,0,0,0,TimeStop,1109.17578,0.8007840505472686,0.0384639574441483,False,False,False,False,NORMAL,LOW,NORMAL / LOW
1787291040,1.1264190741304332,0.0486925178643002,1,0.0025933376382933,0.0001606057373578,0.0015603597940474,0.0175135973546415,0.0340965050517745,0.0063164947937306,-0.0023049380884143,56,39,0.008621432882145,0.0056989132610789,-0.0047561349996831,0.0038652978824618,0,0,0,0,TimeStop,1113.23799,0.8037632989920722,0.03832360230537946,False,False,False,False,NORMAL,LOW,NORMAL / LOW
1787291100,1.0338826563481027,0.0443754345863059,1,0.0021144467567606,0.0016561482643473,0.0009462375195737,0.0173791892343451,0.0358768766745074,0.0068876361886206,-0.0017386898431722,55,38,0.0086263260317929,0.0060211489867522,-0.0059413986690469,0.002684927362746,0,0,0,0,TimeStop,1113.1249000000003,0.8053225209006717,0.03832749586322253,False,False,False,False,NORMAL,LOW,NORMAL / LOW
1787291160,1.020478565007913,0.0341294620201356,1,0.0022628614756043,0.0015984790720872,0.0011596782889721,0.0176961270679866,0.0364260480439667,0.0069819970712939,-0.0016451373801372,54,37,0.0086271344514312,0.0060217132611684,-0.0058223187823218,0.0028048156691093,0,0,0,0,TimeStop,1091.0993600000004,0.791022281155467,0.03910119606339059,False,False,False,False,NORMAL,LOW,NORMAL / LOW
1787291220,1.0533489388208186,0.0141833532695078,1,0.0012039001581413,0.0021007127593882,0.0019033847533352,0.017468378685333,0.0358016785769951,0.0066120163321148,-0.0020119483768675,53,36,0.0086239647089823,0.0060195007907072,-0.0047086315787795,0.0039153331302027,0,0,0,0,TimeStop,1066.5414300000002,0.8305661499136484,0.040001530929745496,False,False,False,False,NORMAL,LOW,NORMAL / LOW
1787291280,0.99269958496023,0.0115921186209377,1,0.002604103000186,0.0013022508038584,0.0027902527171746,0.0163427759028461,0.0338611782838617,0.0065238765911083,-0.0020993329967314,52,35,0.0086232095878398,0.0060189737184767,-0.0037336238739337,0.004889585713906,0,0,0,0,TimeStop,1065.7088500000002,0.8586301612198891,0.04003278193664245,False,False,False,False,NORMAL,LOW,NORMAL / LOW
1787291340,0.929513643947552,0.0315661691794384,1,0.0022426624850756,0.0006194260622917,0.0033623328898231,0.0159013924729767,0.0336328953239044,0.0065075610636908,-0.0021155087438459,51,34,0.0086230698075368,0.006018876152256,-0.0031452281738676,0.0054778416336691,0,0,0,0,TimeStop,1064.9057000000003,0.8718847340491415,0.040062974590144455,False,False,False,False,NORMAL,LOW,NORMAL / LOW
1787291400,0.9016709046342268,0.0094232826529475,1,0.0015574164111111,-0.0012471804420239,0.0017135959387484,0.0137737870244667,0.0318200196146623,0.0051884245625678,-0.0034233437837828,50,33,0.0086117683463507,0.0060109877671754,-0.0034748286238194,0.0051369397225312,0,0,0,0,TimeStop,1083.6421200000002,0.8917648898611331,0.03937027660017497,False,False,False,False,NORMAL,LOW,NORMAL / LOW
1787291460,0.9757067474135231,0.0294323356499189,1,0.0023103878726022,0.0003181199813085,0.0023903495547516,0.0142914903502719,0.0328602665619637,0.0062022106084446,-0.0024182431648036,49,32,0.0086204537732483,0.0060170501683844,-0.003811861053693,0.0048085927195553,0,0,0,0,TimeStop,1088.9916000000003,0.8977809182489974,0.03917687703008911,False,False,False,False,NORMAL,LOW,NORMAL / LOW
1787291520,0.9875027372750188,0.010852089342459,1,0.0016963047887538,-0.0029525123554278,0.0007207139313656,0.0127166470456101,0.0327229599264743,0.0050854647045874,-0.0035254215519736,48,31,0.0086108862565611,0.0060103720712206,-0.0043647507732217,0.0042461354833393,0,0,0,0,TimeStop,1110.18866,0.9156864302559744,0.03842886487419175,False,False,False,False,NORMAL,LOW,NORMAL / LOW
1787291580,0.9780133211032448,0.0002559736106447,1,0.0004812455505015,-0.0032062255240278,0.0013922693765335,0.0121109926273127,0.0320272362696783,0.0048454847613754,-0.0037633455108267,47,30,0.0086088302722021,0.0060089370004739,-0.0034532153848419,0.0051556148873602,0,0,0,0,TimeStop,1110.63377,0.9182085446929885,0.03841346369289672,False,False,False,False,NORMAL,LOW,NORMAL / LOW
1787291640,0.9756018388382484,0.0016048331031664,1,0.0011419830164858,-0.0017008991756118,0.0024397513061945,0.0128277362542054,0.0327008415854853,0.0052131007187619,-0.0033988790360527,46,29,0.0086119797548146,0.0060111353296318,-0.0027733494125674,0.0058386303422472,0,0,0,0,TimeStop,1114.61249,0.9243884589080303,0.03827634301854989,False,False,True,False,NORMAL,LOW,NORMAL / LOW
1787291700,0.9368495791595506,0.0044959512756256,1,-0.0013317955244459,-0.0022450684059816,0.0017764344044967,0.0126102980167568,0.0317381217520416,0.0042554883868915,-0.0043482871990667,45,28,0.0086037755859582,0.0060054088450524,-0.0024790539823947,0.0061247216035634,0,0,0,0,TimeStop,1119.7946200000001,0.9322661590212441,0.038099209656856536,False,False,True,False,NORMAL,LOW,NORMAL / LOW
1787291760,0.9577458579536402,0.0126699180729112,1,-0.0014851066928075,0.0001576881458964,0.0029492590314922,0.0135351865381802,0.032436411824144,0.0046551821775525,-0.0039520177119994,44,27,0.0086071998895519,0.0060077989984083,-0.0017059231460602,0.0069012767434917,0,0,0,0,TimeStop,1124.8582200000003,0.9372685479010586,0.037927704346597556,True,False,True,False,NORMAL,LOW,NORMAL / LOW
1787291820,0.8524202007217309,0.0266746804809086,1,-0.0016570693737701,0.0005654825475381,0.0022498647946476,0.0129627427216165,0.0323204102340541,0.0043845116915671,-0.0042203692780027,43,26,0.0086048809695698,0.006006180399407,-0.0021346468969194,0.0064702340726503,0,0,0,0,TimeStop,1116.7380200000002,0.9395917628347857,0.03820349019728011,True,False,True,False,NORMAL,LOW,NORMAL / LOW
1787291880,0.8401256298216039,0.0224012173025408,1,-0.0012173739342174,-4.920960226560281e-05,0.0026024053812757,0.0110057076506607,0.0322881311081751,0.0047911052383821,-0.0038172591471829,42,25,0.008608364385565,0.0060086118130369,-0.0021886998571063,0.0064196645284586,0,0,0,0,TimeStop,1131.03366,0.9577480958845147,0.03772061920774312,True,False,True,False,NORMAL,LOW,NORMAL / LOW
1787291940,0.9153480830610952,0.0344032291592733,1,-0.0024264393245082,-0.0017320163190068,0.0022985785726846,0.0110757885662808,0.0309686690808721,0.0037135267268058,-0.0048856057015559,41,24,0.0085991324283618,0.0060021679353589,-0.0014149481541212,0.0071841842742405,0,0,0,0,TimeStop,1138.68225,0.9649533349614722,0.03746724777698081,True,False,True,False,NORMAL,LOW,NORMAL / LOW
1787292000,0.955812181995274,0.0353301494800534,1,-0.0004573314893288,0.0001339631102733,0.0041731498401263,0.0125752895891166,0.0311774601363584,0.0047631180723,-0.0038450065383282,40,23,0.0086081246106282,0.0060084444508699,-0.0005899682321736,0.0080181563784545,0,0,0,0,TimeStop,1156.7334700000001,0.9947586263891952,0.03688255860704022,True,False,True,False,NORMAL,LOW,NORMAL / LOW
1787292060,0.9576401099090556,0.0431058993715663,1,-0.0006628823924883,0.0007575798771292,0.0035510230445133,0.0140323369363028,0.0308497613795804,0.0047084809555267,-0.0038991755615767,39,22,0.0086076565171034,0.0060081177230321,-0.0011574579110133,0.0074501986060901,0,0,0,0,TimeStop,1152.51508,0.9999902019595651,0.03701755468570529,True,False,True,False,NORMAL,LOW,NORMAL / LOW
1787292120,0.9386421717391576,0.0481098131086891,1,0.0008957342266698,0.0031340743856243,0.0065562861258347,0.0152891971320048,0.0300479083099424,0.0070871702429897,-0.0032119816298168,60,21,0.0102991518728065,0.0,-0.0005308841171549,0.0097682677556515,0,0,0,0,TimeStop,1156.98064,1.0080717687663363,0.0368746792513313,True,False,True,False,NORMAL,LOW,NORMAL / LOW
1787292180,1.0735296166264985,0.0529311750701267,1,-0.0012984708445058,0.002369265335586,0.0047444942543525,0.0170024406958096,0.0285679488679726,0.0055926483066934,-0.00469121957794,59,20,0.0102838678846335,0.0015106418816616,-0.0008481540523409,0.0094357138322926,0,0,0,0,TimeStop,1180.3574599999997,1.035412509023809,0.05037878101774357,True,False,True,False,NORMAL,LOW,NORMAL / LOW
1787292240,1.0182795395176587,0.0365428514495398,1,-0.0016196041972101,0.0027237773459835,0.0039983025773806,0.0159083656924958,0.0316764726274694,0.005938990622151,-0.0043484191923295,58,19,0.0102874098144806,0.0023598734807675,-0.0019406880447703,0.0083467217697102,0,0,0,0,TimeStop,1176.7340899999995,1.0402199371589045,0.05053390609258208,True,False,True,False,NORMAL,LOW,NORMAL / LOW
1787292300,1.09795743388677,0.0470422635674526,1,-0.0028002357200697,0.0019206575148491,0.0024989613054482,0.0145555023254039,0.0307453587311816,0.0053079411378156,-0.004973015139503,57,18,0.0102809562773187,0.0029941960292191,-0.0028089798323674,0.0074719764449512,0,0,0,0,TimeStop,1160.4158799999998,1.0256767374033633,0.0512445331237625,True,False,True,False,NORMAL,LOW,NORMAL / LOW
1787292360,1.1045416316446215,0.030750460792833,1,-0.0019876755897164,0.0011767824012722,0.0034191624701828,0.0137675589716405,0.0304797243572753,0.0055658627087198,-0.0047177312483434,56,17,0.0102835939570633,0.002994964219454,-0.002146700238537,0.0081368937185263,0,0,0,0,TimeStop,1157.4703699999998,1.0271354251762002,0.05137493929974209,True,False,True,False,NORMAL,LOW,NORMAL / LOW
1787292420,1.0244331624998506,0.0453833933943722,1,-0.004640944687484,0.0009253279178823,0.0045002778897756,0.0156088488157764,0.0295671807141846,0.0050655941728448,-0.005212883701142,55,16,0.0102784778739869,0.0029934742261869,-0.0005653162830691,0.0097131615909177,0,0,0,0,TimeStop,1171.0140699999997,1.0380083348452855,0.05078074766428726,True,False,True,False,NORMAL,LOW,NORMAL / LOW
1787292480,1.0538696719943554,0.0463009789935146,1,-0.0036856973490795,0.0023757693009874,0.0061412821040095,0.0187366115210821,0.0309713129734981,0.0061520213926629,-0.0042425493533291,60,15,0.010394570745992,0.0,-1.0739288653353884e-05,0.0103838314573387,0,0,0,0,TimeStop,1188.3635699999998,1.0523098017190837,0.05003937473445102,True,False,True,False,NORMAL,LOW,NORMAL / LOW
1787292540,1.035736342183145,0.0559439881285859,1,-0.0028396393721617,0.0034180647931904,0.0055944500849612,0.017529179733373,0.0304297631954955,0.0059796252163793,-0.0045356823802921,60,14,0.0105153075966714,0.0,-0.0003851751314181,0.0101301324652533,0,0,0,0,TimeStop,1186.5712499999997,1.050944972636949,0.050114959384023515,True,False,True,False,NORMAL,LOW,NORMAL / LOW
1787292600,0.9997648729358428,0.0600866748673433,1,-0.0009144907962853,0.0046540930930126,0.0082863034527105,0.0183516758053798,0.032615820677501,0.0084620598490354,-0.0030205143821564,60,13,0.0114825742311918,0.0,-0.0001757563963249,0.0113068178348669,0,0,0,0,TimeStop,1187.81376,1.052262058719383,0.05006253673976634,True,False,True,False,NORMAL,LOW,NORMAL / LOW
1787292660,0.9321665760059872,0.0540754602222522,1,0.0016452381929556,0.0038270681595074,0.0094299363222293,0.0189666597201939,0.0329481959160318,0.0094300691419752,-0.0024705800942249,60,12,0.0119006492362001,0.0,-1.3281974587005252e-07,0.0119005164164542,0,0,0,0,TimeStop,1192.3036499999998,1.0579907954239591,0.04987401489545051,True,False,True,False,NORMAL,LOW,NORMAL / LOW
1787292720,0.9646715085083988,0.0589988235293453,1,0.0022262409570167,0.001286499800192,0.0083937903243049,0.0212437811539929,0.0285887959108245,0.0095112270249157,-0.0025675545201935,60,11,0.0120787815451092,0.0,-0.0011174367006107,0.0109613448444984,0,0,0,0,TimeStop,1219.45355,1.0761501655101693,0.04876362039374112,False,False,True,False,NORMAL,LOW,NORMAL / LOW
1787292780,0.9860610307572634,0.0541125076465118,1,0.0011695881580893,0.0014756970151798,0.0082337306462509,0.022576225421484,0.0277289471807507,0.0094752975464412,-0.0026030541031799,59,10,0.0120783516496212,0.0012416997022975,-0.0012415669001903,0.0108367847494309,0,0,0,0,TimeStop,1231.2878899999998,1.0885466482719657,0.04829493612578291,True,False,True,False,NORMAL,LOW,NORMAL / LOW
1787292840,1.035256835171268,0.0442111540743655,1,0.0006961120792246,0.0013995292842569,0.0090369719058143,0.0212832848095884,0.0300385445001699,0.0096148737674259,-0.0024651479088746,58,9,0.0120800216763005,0.0017973265895954,-0.0005779018616116,0.0115021198146889,0,0,0,0,TimeStop,1200.2131399999998,1.0626475795488133,0.04954534158824491,True,False,True,False,NORMAL,LOW,NORMAL / LOW
1787292900,1.07959616727357,0.0619349653875305,1,0.0005915651409691,-0.0007087369712687,0.0122807490132951,0.0210665131268941,0.0283254606159999,0.0148471173009448,-0.0033892250483384,60,8,0.0182363423492832,0.0,-0.0025663682876497,0.0156699740616335,1,0,0,0,TimeStop,1176.7068,1.0424951414886392,0.05053507806702571,False,False,True,False,NORMAL,LOW,NORMAL / LOW
1787292960,1.1073560946150924,0.0605384881530662,1,0.001421404493629,-0.0004381004886525,0.0171137897337966,0.0222325712384442,0.0268352143606713,0.0207718823629185,-0.0032384398738599,60,7,0.0240103222367784,0.0,-0.0036580926291219,0.0203522296076565,1,0,1,0,TimeStop,1161.3199,1.067623669362753,0.051204642235098186,False,False,True,False,NORMAL,LOW,NORMAL / LOW
1787293020,1.1243612050134353,0.0661116510318833,1,0.0022363369953654,-0.0001969143455748,0.0157258315818786,0.0225426481995929,0.0267608584669854,0.0199360857140962,-0.0041040397276349,60,6,0.0240401254417312,0.0,-0.0042102541322176,0.0198298713095135,1,0,0,0,TimeStop,1162.29293,1.0752696328090066,0.051161775543106844,False,False,True,False,NORMAL,LOW,NORMAL / LOW
1787293080,1.1542436426199496,0.0649753107519244,1,0.0036725048205276,0.0014860666817852,0.0156853747763568,0.0246272525706937,0.0266508722597038,0.0206600291056224,-0.0033971598464489,59,5,0.0240571889520714,0.0056946648494339,-0.0049746543292656,0.0190825346228058,1,0,1,0,TimeStop,1143.6928400000002,1.0613986293301656,0.051993829042420156,False,False,True,False,NORMAL,LOW,NORMAL / LOW
1787293140,1.2199084756022691,0.0615471737059574,1,0.0043504275138548,0.0027412088513267,0.0155974305615308,0.0247125740806248,0.0266565431555823,0.0213399736342555,-0.0027332417649539,58,4,0.0240732153992094,0.0061025225920012,-0.0057425430727246,0.0183306723264847,1,0,1,0,TimeStop,1138.8175100000003,1.0588333893029007,0.05221641700960498,False,False,True,False,NORMAL,LOW,NORMAL / LOW
1787293200,1.1798710558235006,0.054086104143474,1,0.0047341499707711,0.002964473614285,0.0158578678854227,0.0248558484349259,0.0290927087208375,0.0219077164266354,-0.0021788807992772,57,3,0.0240865972259127,0.0068521815379709,-0.0060498485412127,0.0180367486846999,1,0,1,0,TimeStop,1120.0292800000002,1.0507521011865835,0.05309233522895043,False,False,True,False,NORMAL,LOW,NORMAL / LOW
1787293260,1.1008015069672,0.0563354653435602,1,0.0031707604341044,0.0020715705654535,0.0142479067523694,0.0224664689328817,0.0297759886102791,0.0213376681267205,-0.0027354929311521,56,2,0.0240731610578726,0.0071962545218092,-0.007089761374351,0.0169833996835215,1,0,1,0,TimeStop,1129.8125,1.056390181521973,0.05263260054212535,False,False,True,False,NORMAL,LOW,NORMAL / LOW
1787293320,1.0636175840223332,0.043726698610757,1,0.0055922258160586,0.0036841036483339,0.014977807550463,0.0262061730060929,0.0328797434581045,0.0235507174054968,-0.0005746057270544,55,1,0.0241253231325513,0.0086076416972665,-0.0085729098550337,0.0155524132775175,1,0,1,0,TimeStop,1138.2995899999999,1.0607136008531557,0.05224017518973191,False,False,True,False,NORMAL,LOW,NORMAL / LOW
1787293380,1.0558003303467227,0.0460828968344255,1,0.0060838900274132,0.0046132861363212,0.0160319910574083,0.0248368509301892,0.0335435019828068,0.023566789982168,-0.0004524525590184,54,1,0.0240192425411864,0.0087003965613605,-0.0075347989247596,0.0164844436164267,1,0,1,0,TimeStop,1128.93091,1.051058527612014,0.05267370170597951,False,False,True,False,NORMAL,LOW,NORMAL / LOW
1787293440,1.0705971287644138,0.0572438875519564,1,0.0062755243914952,0.0041477053103493,0.013583056988014,0.023996716289194,0.0303865537997414,0.0223972630780853,-0.0004484796089322,53,1,0.0228457426870175,0.008816465768006,-0.0088142060900713,0.0140315365969462,1,0,1,0,TimeStop,1139.70565,1.0603863098339745,0.052175726250019025,False,False,True,False,NORMAL,LOW,NORMAL / LOW
1787293500,1.0846383004036504,0.0490724214461298,1,0.0055736809692457,0.0040305516747019,0.0143182574623668,0.0260085181693708,0.0293908067281712,0.0219803581191999,0.0,52,1,0.0219803581191999,0.008812870660281,-0.007662100656833,0.0143182574623668,1,0,1,0,TimeStop,1129.1277000000005,1.0546039682145814,0.052664521470866386,False,False,False,False,NORMAL,LOW,NORMAL / LOW
1787293560,1.1206813488963467,0.0634128430935063,1,0.0021782462326562,0.0027911307573617,0.0122812935761956,0.02302122633128,0.0267608562243449,0.0199309463987264,-0.0015100668471109,51,19,0.0214410132458374,0.0087951979131692,-0.0076496528225308,0.0137913604233066,1,0,0,0,TimeStop,1166.9901000000002,1.0803368885590228,0.05095584786880368,True,False,True,False,NORMAL,LOW,NORMAL / LOW
1787293620,1.2457613092871782,0.0612306829154915,1,-0.0009376537137236,0.0016834302966568,0.0107245799905013,0.0210949558576588,0.0252401909442475,0.0192405852994554,-0.0021859151585054,50,18,0.0214265004579608,0.0087892447037671,-0.008516005308954,0.0129104951490068,1,0,0,0,TimeStop,1154.0619500000003,1.066538051300222,0.05152667064363398,True,False,True,False,NORMAL,LOW,NORMAL / LOW
1787293680,1.2538111700023211,0.0487451710418568,1,0.0003057512540444,0.0026517454748814,0.0131246212929153,0.0224374994030887,0.0266494384788683,0.0202799965193435,-0.0011683544666478,49,17,0.0214483509859913,0.0087982078864456,-0.0071553752264282,0.0142929757595631,1,0,1,0,TimeStop,1163.8307200000002,1.0725748207864454,0.051094174589239226,True,False,True,False,NORMAL,LOW,NORMAL / LOW
1787293740,1.1383029201630783,0.0382567596338251,1,0.0007029278884384,0.004037588060101,0.0141802694141025,0.0251960360494763,0.0275676213045019,0.0209038755403526,-0.0005575906456437,48,16,0.0214614661859963,0.0088035877991574,-0.00672360612625,0.0147378600597462,1,0,1,0,TimeStop,1163.61777,1.07586567887137,0.05110352517218777,True,False,True,False,NORMAL,LOW,NORMAL / LOW
1787293800,1.0563373601947217,0.0414826733893838,1,-0.0012995333536064,0.0040386457003137,0.0138720775916499,0.0245506902220956,0.0257063319858803,0.0200647207130549,-0.0013791047396829,47,15,0.0214438254527379,0.0087963514928056,-0.006192643121405,0.0152511823313328,1,0,1,0,TimeStop,1162.44679,1.083625479123341,0.051155003834627136,True,False,True,False,NORMAL,LOW,NORMAL / LOW
1787293860,1.0598854350198164,0.0480542492021384,1,-0.0018568656251379,0.0027913285130721,0.0124430273840963,0.0258675654968894,0.0225136508316004,0.0193736381803697,-0.0020556593185007,46,14,0.0214292974988704,0.0087903920622473,-0.0069306107962734,0.014498686702597,1,0,0,0,TimeStop,1161.3393899999999,1.0837839285777486,0.05120378290105187,True,False,True,False,NORMAL,LOW,NORMAL / LOW
1787293920,1.111919847500762,0.0581310555818847,1,-0.0024278219129781,0.003411519783441,0.0120741471365925,0.0249128927928089,0.0167928538682745,0.0176602544383826,-0.0037330242656499,45,13,0.0213932787040325,0.0087756169942241,-0.00558610730179,0.0158071714022425,1,0,0,0,TimeStop,1183.0577099999998,1.1124229884471244,0.05026379482366926,True,False,True,False,NORMAL,LOW,NORMAL / LOW
1787293980,0.9829581266040252,0.0984325230273555,1,-0.0021784378153641,0.0023696146728634,0.0088694956170127,0.0249747576476361,0.0149418067429372,0.0169253657976139,-0.004452464059478,44,12,0.0213778298570919,0.0087692798092779,-0.0080558701806012,0.0133219596764907,1,0,0,0,TimeStop,1211.7998100000002,1.1538906673899991,0.04907161191913373,True,False,True,False,NORMAL,LOW,NORMAL / LOW
1787294040,1.0512227573484256,0.0892668232533327,1,-0.0016022481978839,0.0012710631384153,0.0098779083964601,0.0254317073270694,0.0112916256982153,0.0169159544865791,-0.0044616775257025,43,11,0.0213776320122817,0.0087691986524668,-0.007038046090119,0.0143395859221626,1,0,0,0,TimeStop,1217.8025,1.1549242050301871,0.04882973224311824,True,False,True,False,NORMAL,LOW,NORMAL / LOW
1787294100,1.0135191748247856,0.0981585734305261,1,-0.0017613379186301,0.0005771951963077,0.0100427997180272,0.0269404039678763,0.015810652471235,0.0170926473001479,-0.0042886991527726,42,10,0.0213813464529206,0.0087707223323499,-0.0070498475821207,0.0143314988707998,1,0,0,0,TimeStop,1222.80798,1.1606527751271876,0.048629851107121494,True,False,True,False,NORMAL,LOW,NORMAL / LOW
1787294160,1.0235372008899997,0.0830585967531568,1,-0.0010957156169257,0.0022397443771442,0.0110515322546485,0.0260084872294464,0.0177045829980092,0.0181094868482357,-0.0032932356304799,41,9,0.0214027224787157,0.008779490872125,-0.0070579545935872,0.0143447678851285,1,0,0,0,TimeStop,1229.26536,1.1661754268415545,0.04837439655828258,True,False,True,False,NORMAL,LOW,NORMAL / LOW
1787294220,1.0319472889106098,0.0807776015936885,1,-0.0018975108585154,0.0035716450290351,0.0101129560861017,0.0266776343561816,0.0181108472407817,0.0178586221416583,-0.0035388266530734,40,8,0.0213974487947318,0.0087773275837655,-0.0077456660555566,0.0136517827391752,1,0,0,0,TimeStop,1204.0783199999998,1.1443718461342156,0.04938629739633549,True,False,True,False,NORMAL,LOW,NORMAL / LOW
1787294280,0.9852982670194204,0.0887495920916539,1,-0.0014617110021032,0.0037565880165359,0.0105802427887293,0.0256118856376148,0.018812436196467,0.0173771791080746,-0.004010148779456,39,7,0.0213873278875306,0.0087731759431283,-0.0067969363193452,0.0145903915681853,1,0,0,0,TimeStop,1210.5678000000003,1.1487269763627364,0.04912155271270224,True,False,True,False,NORMAL,LOW,NORMAL / LOW
1787294340,1.0513888294867293,0.0966933805619721,1,-0.0021145491762135,0.0021689716062859,0.010824383573514,0.0240813969339565,0.0169202241147371,0.0160211972723266,-0.0053376251319612,38,6,0.0213588224042878,0.0087614828685587,-0.0051968136988125,0.0161620087054753,1,0,0,0,TimeStop,1238.4243800000002,1.1650748116838148,0.048016633845661204,True,False,True,False,NORMAL,LOW,NORMAL / LOW
1787294400,1.1392695858232489,0.0934850443183563,1,-0.001534576057178,0.0036153840258744,0.0114601674846932,0.0243733858477046,0.0178008972790675,0.0163157384291722,-0.0050492758265027,37,5,0.021365014255675,0.0087640227932243,-0.004855570944479,0.016509443311196,1,0,0,0,TimeStop,1270.3775400000002,1.181406724061677,0.046808895881455835,True,False,True,False,NORMAL,LOW,NORMAL / LOW
1787294460,1.199154254164554,0.0878922388797114,1,0.0006115524129659,0.0055815073536466,0.0128534503689227,0.0279853370319331,0.0185745483317599,0.0177141144629764,-0.0036802964878075,36,4,0.021394410950784,0.0087760814468202,-0.0048606640940536,0.0165337468567303,1,0,0,0,TimeStop,1265.0029200000001,1.172377750360575,0.0470077729148641,True,False,True,False,NORMAL,LOW,NORMAL / LOW
1787294520,1.1686222659746663,0.0711123100362561,1,0.0026235439861422,0.0070981587443066,0.0173196346668577,0.0311947072851759,0.0188827522541522,0.0201971769711728,-0.0012494329802557,35,3,0.0214466099514285,0.0087974937064124,-0.0028775423043151,0.0185690676471134,1,0,1,0,TimeStop,1298.4902100000004,1.1908794245645582,0.04579547041790941,True,False,True,False,NORMAL,LOW,NORMAL / LOW
1787294580,1.2269761730421085,0.0718192618174743,1,0.0023452771494075,0.0067480755161736,0.0171706749388319,0.0294635553133866,0.019080207391137,0.0199681399814588,-0.0014736551487824,34,2,0.0214417951302413,0.0087955186455898,-0.0027974650426268,0.0186443300876144,1,0,0,0,TimeStop,1361.402,1.231161847985417,0.05068095242992151,True,False,True,False,NORMAL,LOW,NORMAL / LOW
1787294640,1.30088585751954,0.068948835166936,1,0.003332317792553,0.0076267687353679,0.0159283835513164,0.0298742741060842,0.019115864095443,0.0201867578168675,-0.0012596331028449,33,1,0.0214463909197125,0.0087974038586393,-0.0042583742655511,0.0171880166541614,1,0,1,0,TimeStop,1404.69597,1.2574783208743636,0.049118920729871535,True,False,True,False,NORMAL,LOW,NORMAL / LOW
1787294700,1.310922236279347,0.0710427958380717,1,0.0053451252224258,0.0129986986428704,0.0164174169388893,0.0325822643614054,0.0211672376703052,0.0213920537540169,0.0,32,1,0.0213920537540169,0.0088077975194539,-0.0049746368151275,0.0164174169388893,1,0,1,0,TimeStop,1411.6788900000001,1.2644555005316411,0.048875952235851595,True,False,False,False,NORMAL,LOW,NORMAL / LOW
1787294760,1.3188256668515117,0.0752452829515211,1,0.0046568412666798,0.0175595830843789,0.0165172940317333,0.0333000066387838,0.0200625373431586,0.0212699993361215,0.0,31,1,0.0212699993361215,0.0088067450043151,-0.0047527053043881,0.0165172940317333,1,0,1,0,TimeStop,1415.04203,1.2685840064547942,0.048759788428333825,False,False,False,False,NORMAL,LOW,NORMAL / LOW
1787294820,1.3314701755497058,0.0824217865534276,1,0.0058535530808576,0.0159258819620776,0.0155354240427382,0.0331277814655833,0.0169367753931935,0.0201369653170183,-0.0001147235394797,30,1,0.020251688856498,0.0087969744816385,-0.00460154127428,0.0156501475822179,1,0,1,0,TimeStop,1434.2437000000002,1.3062186766981305,0.0481069918591938,False,False,True,False,NORMAL,LOW,NORMAL / LOW
1787294880,1.3404860652473811,0.1025723329507088,1,0.0045579817680729,0.0141782382870468,0.0135148134407463,0.0334659211363155,0.0163900519397923,0.0191455109179562,-0.0006761447954208,29,5,0.019821655713377,0.0087884248463005,-0.0056306974772099,0.0141909582361671,1,0,0,0,TimeStop,1434.2277900000001,1.3105952269708292,0.048107525513781876,False,False,True,False,NORMAL,LOW,NORMAL / LOW
1787294940,1.339089763676355,0.1073312817932173,1,0.0028779224824104,0.0128210764619231,0.012497040373281,0.0320893719870735,0.0156616560031824,0.018547921057552,-0.0012621119578453,28,4,0.0198100330153974,0.0087832716336132,-0.006050880684271,0.0137591523311263,1,0,0,0,TimeStop,1463.8386300000002,1.3316816022943694,0.047134396227813714,False,False,True,False,NORMAL,LOW,NORMAL / LOW
1787295000,1.3799151201522064,0.1056545810688969,1,0.0023426593296456,0.0128552851176024,0.0120395601443506,0.0349442378197279,0.0172327530399928,0.0188872520519959,-0.0009293807100251,27,3,0.0198166327620211,0.008786197795688,-0.0068476919076453,0.0129689408543757,1,0,0,0,TimeStop,1442.76164,1.3148331985099075,0.04782297233796707,False,False,True,False,NORMAL,LOW,NORMAL / LOW
1787295060,1.3771187605193216,0.1017049832076443,1,0.0033391187185966,0.012151164192838,0.0118727607471546,0.0372586231525128,0.017941584835135,0.0192262689883472,-0.0005969574120909,26,2,0.0198232264004381,0.0087891212495371,-0.0073535082411925,0.0124697181592456,1,0,0,0,TimeStop,1407.28238,1.289206768342409,0.04902864626216666,False,False,True,False,NORMAL,LOW,NORMAL / LOW
1787295120,1.3872174269572306,0.0940335122988902,1,0.0054795533996261,0.0112522494488825,0.0119872937046721,0.0401848058238202,0.0195954790535589,0.0197936917451904,-4.057062450783486e-05,25,1,0.0198342623696983,0.0087940143214304,-0.0078063980405183,0.01202786432918,1,0,0,0,TimeStop,1400.57008,1.2827612778302622,0.049263618426005504,True,False,True,False,NORMAL,LOW,NORMAL / LOW
1787295180,1.4448806316985523,0.1111099272309208,1,0.0052259378294608,0.0113662690695667,0.0107038206490775,0.0401274719784053,0.0193082321767133,0.0188664674331958,0.0,24,1,0.0188664674331958,0.0087860185631267,-0.0081626467841182,0.0107038206490775,1,0,0,0,TimeStop,1417.5091999999997,1.2917337058629672,0.04867492218039927,False,False,False,False,NORMAL,LOW,NORMAL / LOW
1787295240,1.4090175740819777,0.114908009166214,1,0.0042925976914116,0.0093963782696176,0.0103627025309752,0.0412199512866673,0.0193267499735254,0.01817417663878,-0.0001058985491898,23,1,0.0182800751879698,0.0087800487133326,-0.0078114741078047,0.0104686010801651,1,0,0,0,TimeStop,1419.5906699999996,1.2935444252977315,0.048603552741016555,True,False,True,False,NORMAL,HIGH,NORMAL / HIGH
1787295300,1.4183111493032476,0.1167493382820994,1,0.0051578752348939,0.0102464071143106,0.0108146520922107,0.0405400576979064,0.0182320091046237,0.0178777492523092,-0.0003440700844295,22,1,0.0182218193367387,0.0087774925230923,-0.0070630971600984,0.0111587221766403,1,0,0,0,TimeStop,1420.7231699999998,1.2931587463392225,0.048564809427300334,True,False,True,False,NORMAL,HIGH,NORMAL / HIGH
1787295360,1.2771093552742905,0.117858025338876,1,0.0049669174103534,0.0094637482599855,0.0105547986713808,0.0417331079915113,0.0158407931199957,0.0170921093293074,-0.0007453946393205,21,2,0.017837503968628,0.0087707176932515,-0.0065373106579266,0.0113001933107013,1,0,0,0,TimeStop,1404.29318,1.2789239049399377,0.04913300939053197,True,False,True,False,NORMAL,HIGH,NORMAL / HIGH
1787295420,1.1985608864942194,0.1195594982779832,1,0.0044629061276325,0.0090259551275266,0.0106888295057678,0.0452930204254417,0.017120065615409,0.017527648428405,-0.0003174939146999,20,1,0.017845142343105,0.0087744734892581,-0.0068388189226372,0.0110063234204678,1,0,0,0,TimeStop,1407.4690799999998,1.2822203650647666,0.049022142639183246,True,False,True,False,NORMAL,HIGH,NORMAL / HIGH
1787295480,1.1493267328476,0.1214105816550199,1,0.0043924967445223,0.0104451778648962,0.0083814902340966,0.0486349749477397,0.0151614032864214,0.0175816290392163,0.0,19,1,0.0175816290392163,0.0094849724142684,-0.0092001388051196,0.0083814902340966,1,0,0,0,TimeStop,1391.5757899999996,1.2705186859518611,0.04958202815529007,False,False,False,False,NORMAL,HIGH,NORMAL / HIGH
1787295540,1.2312114530617673,0.1229973173981696,1,0.0042801879961996,0.0101018940671316,0.0087570811544952,0.0477462122689291,0.0142255639773625,0.0167984622098052,-0.0003464813372673,18,1,0.0171449435470725,0.0094845465489943,-0.00804138105531,0.0091035624917625,1,0,0,0,TimeStop,1382.1007299999997,1.2604368862451178,0.049921940204749056,False,False,True,False,NORMAL,HIGH,NORMAL / HIGH
1787295600,1.3417694674046332,0.1314838927040471,1,0.0076128816149094,0.0097938778885123,0.0083672220775152,0.0399582504056345,0.0124410039979648,0.0159616117182054,-0.0007201303103006,17,5,0.0166817420285061,0.0094767405306562,-0.0075943896406902,0.0090873523878158,1,0,0,0,TimeStop,1398.3809399999996,1.265616769516815,0.049340739727187666,False,False,True,False,NORMAL,HIGH,NORMAL / HIGH
1787295660,1.3627357026650693,0.1259868892672745,1,0.0128429343112133,0.0096248328007937,0.0104442262038574,0.035585330373473,0.013616203795298,0.0165361518351835,-0.0001550239454505,16,4,0.016691175780634,0.009482099756389,-0.006091925631326,0.010599250149308,1,0,0,0,TimeStop,1411.8552,1.2743340834089587,0.0488698486926988,False,False,True,False,NORMAL,HIGH,NORMAL / HIGH
1787295720,1.3459816074308788,0.1367316511346255,1,0.0100137130801688,0.0086331751054853,0.0086760284810127,0.0331606012658227,0.0107067510548523,0.0142002900843881,-0.0024525316455696,15,3,0.0166528217299577,0.0094603111814346,-0.0055242616033754,0.0111285601265823,1,0,0,0,TimeStop,1461.2569299999998,1.304175874366846,0.04721767170678193,False,False,True,False,NORMAL,HIGH,NORMAL / HIGH
1787295780,1.380455763820669,0.1409526970057262,1,0.0095766065210509,0.0064845151419226,0.0122000633111745,0.0276725229503007,0.0123545161971087,0.0145213411417114,-0.0021367521367521,14,2,0.0166580932784636,0.0094633058984911,-0.0023212778305369,0.0143368154479266,1,0,0,0,TimeStop,1429.9224,1.2725610027600474,0.048252373695243884,False,False,True,False,NORMAL,HIGH,NORMAL / HIGH
1787295840,1.3328188379094583,0.1341635707808424,1,0.0099146204703564,0.0085959193018793,0.0118626327201356,0.0279813678497565,0.0123169884546636,0.01562503094729,-0.0010511845401269,13,1,0.0166762154874169,0.0094736009547148,-0.0037623982271543,0.0129138172602625,1,0,0,0,TimeStop,1455.9276799999998,1.2897895352697775,0.047390506374602355,False,False,True,False,NORMAL,HIGH,NORMAL / HIGH
1787295900,1.3667432818375318,0.1291191208473971,1,0.0104880558460791,0.0094601441719469,0.0120264872935686,0.0277442321045177,0.0149343222853312,0.0165059249632407,0.0,12,1,0.0165059249632407,0.009481817804572,-0.0044794376696721,0.0120264872935686,1,0,0,0,TimeStop,1456.75198,1.2893960908856297,0.047363690557674754,False,False,False,False,NORMAL,HIGH,NORMAL / HIGH
1787295960,1.3437843021196931,0.139087758127285,1,0.0087827189330518,0.0087920958303051,0.0103131342199827,0.0261949567876916,0.0154902380556488,0.0158342777365649,-1.320689753304572e-07,11,1,0.0158344098055402,0.0094755527779982,-0.0055211435165821,0.0103132662889581,1,0,0,0,TimeStop,1457.3226799999998,1.2943384958321689,0.04734514253219473,True,False,True,False,NORMAL,HIGH,NORMAL / HIGH
1787296020,1.3749194446119728,0.150527790467082,1,0.0057412366365266,0.0065180309641743,0.0110588032383,0.023806484722825,0.014649647429524,0.0142361307071503,-0.0002128239763748,10,1,0.0144489546835252,0.0094606454974938,-0.0031773274688503,0.0112716272146749,1,0,0,0,TimeStop,1452.2744500000001,1.2906780047595112,0.04750971829050631,True,False,True,False,NORMAL,HIGH,NORMAL / HIGH
1787296080,1.4250175503030875,0.1529701291625359,1,0.0061084090740479,0.006798117047159,0.0125184500836042,0.0235846128971174,0.0122809923519371,0.0135696156360512,-0.0004900695361101,9,1,0.0140596851721614,0.0094544283429126,-0.001051165552447,0.0130085196197143,1,0,0,0,TimeStop,1456.9544,1.289638602787655,0.04735711014703,True,False,True,False,NORMAL,HIGH,NORMAL / HIGH
1787296140,1.3224895951613105,0.1493486897699559,1,0.0050819657437864,0.0086366792551511,0.0118683328526758,0.0259080606545977,0.0118815135917145,0.0138222456077823,0.0,8,1,0.0138222456077823,0.0094567848381431,-0.0019539127551064,0.0118683328526758,1,0,0,0,TimeStop,1474.1397,1.3036944583666181,0.046805028044492665,True,False,False,False,NORMAL,HIGH,NORMAL / HIGH
1787296200,1.23446085244654,0.1521516004789869,1,0.0050624205458546,0.0078165237238098,0.0099826530601498,0.0260741252539637,0.0101419563177303,0.0126546031532039,-0.0010213840267018,7,4,0.0136759871799058,0.0094458932410129,-0.0026719500930541,0.0110040370868517,1,0,0,0,TimeStop,1511.70324,1.324595684999703,0.04564199386117609,True,False,True,False,NORMAL,HIGH,NORMAL / HIGH
1787296260,1.235267899586486,0.1508792962991894,1,0.0044746058519217,0.0072315798988919,0.0094476328220568,0.0265623719161014,0.0108684224826871,0.0120652647454294,-0.0016027633687848,6,3,0.0136680281142142,0.0094403959789994,-0.0026176319233726,0.0110503961908416,1,0,0,0,TimeStop,1541.84412,1.3639642952266837,0.04474975719335363,True,False,True,False,NORMAL,HIGH,NORMAL / HIGH
1787296320,1.228759719837782,0.1409976384033489,1,0.0045427750214145,0.01014943363147,0.0127430285201928,0.0290476569274387,0.0118171679571644,0.0133892870952685,-0.0006740475621025,60,2,0.0140633346573711,0.0,-0.0006462585750756,0.0134170760822954,1,0,0,0,TimeStop,1559.5244000000002,1.364487142400185,0.044242430576911775,True,False,True,False,NORMAL,HIGH,NORMAL / HIGH
1787296380,1.0730228123071162,0.1409560558898316,1,0.0060262110081388,0.0103527383623897,0.0142253669355418,0.0291531837258716,0.0137798980795708,0.0142253669355418,-0.0005509746376482,60,1,0.01477634157319,0.0,0.0,0.01477634157319,1,0,0,0,TimeStop,1554.93065,1.359801158820449,0.044373136512551224,True,False,True,False,NORMAL,HIGH,NORMAL / HIGH
1787296440,1.0072884105997664,0.1462402544683334,1,0.0057968942736467,0.0082387795496615,0.0121366344789566,0.0251925793329706,0.0124035819933632,0.0161907353153527,-0.0005028301306872,60,1,0.01669356544604,0.0,-0.0040541008363961,0.0126394646096439,1,0,0,0,TimeStop,1594.1758700000003,1.3818278847509846,0.04328076424842636,True,False,True,False,NORMAL,HIGH,NORMAL / HIGH
1787296500,1.2714015374278305,0.1778354906123655,1,0.0021645180539052,0.0033748496425503,0.0086791773153473,0.0171921355844041,0.007482216659448,0.0119960862493327,-0.0011194878985194,59,44,0.0131155741478521,0.0045576528402481,-0.0033169089339853,0.0097986652138668,1,0,0,0,TimeStop,1818.95282,1.5044901148165613,0.1291087418089272,True,False,False,False,NORMAL,HIGH,NORMAL / HIGH
1787296560,1.6958013222718358,0.1985929779953956,1,-0.0031772957103245,-0.0010243027238623,0.0050326537269613,0.0143915185124774,0.0018934594682759,0.0073397488174849,-0.0057154787147284,58,43,0.0130552275322133,0.0045366824335344,-0.0023070950905235,0.0107481324416898,0,0,0,0,TimeStop,2169.5842200000006,1.6784731937908997,0.1654782915041666,True,False,False,False,HIGH,HIGH,HIGH / HIGH
1787296620,1.8147549981343625,0.1923878929655041,1,-0.0013668507237128,-0.0003843370134298,0.0067112762182073,0.0157908465127159,0.0032401020164116,0.0078402661951575,-0.0052214480941375,57,42,0.0130617142892951,0.0045389365770819,-0.0011289899769501,0.0119327243123449,0,0,0,0,TimeStop,2305.5000100000007,1.7356928399164273,0.1557228750565045,True,False,False,False,HIGH,HIGH,HIGH / HIGH
1787296680,1.9525439692153224,0.1919271060728985,1,-0.0030627605266959,-0.0006541501496039,0.0088037870943112,0.0154601274123012,0.0036423111685262,0.0089363939251178,-0.0044757091721858,60,41,0.0134121030973037,0.0,-0.0001326068308066,0.0132794962664971,0,0,0,0,TimeStop,2425.32951,1.7853268325152518,0.14802899503746195,True,False,False,False,HIGH,HIGH,HIGH / HIGH
1787296740,1.9342695111529915,0.18575055523033,1,-0.0013057551022115,-0.0003199341879555,0.0089751541750693,0.014334280627913,0.0045337302417432,0.01027907884057,-0.0037262461613127,60,40,0.0140053250018827,0.0,-0.0013039246655007,0.012701400336382,1,0,0,0,TimeStop,2458.98572,1.7951350196945943,0.14600291782092983,True,False,False,False,HIGH,HIGH,HIGH / HIGH
1787296800,1.9795835250212588,0.179475385627372,1,-0.0010172427750979,-0.0008053716905442,0.0088575191805455,0.0170141635820025,0.0044012948200527,0.010581522042636,-0.0034279956773067,59,39,0.0140095177199428,0.0019210952845735,-0.0017240028620905,0.0122855148578522,1,0,0,0,TimeStop,2492.5338,1.8103784812724788,0.14403780201496164,True,False,False,False,HIGH,HIGH,HIGH / HIGH
1787296860,2.066919317350067,0.1693145507030571,1,9.295259600783668e-06,-0.0002750611326968,0.0081031098272888,0.0170156927547508,0.0047543289071313,0.0116210382883524,-0.0024028900664049,58,38,0.0140239283547574,0.0035435886143281,-0.0035179284610636,0.0105059998936937,1,0,0,0,TimeStop,2500.36906,1.8101156139325787,0.1435864391955002,False,False,False,False,HIGH,HIGH,HIGH / HIGH
1787296920,2.1217532168936675,0.1592490485178861,1,0.00077236002597,0.00072686538516,0.011062670899897,0.018028201957397,0.0064877717747576,0.0130839702583046,-0.0009602384705829,57,37,0.0140442087288876,0.0038111922585165,-0.0020212993584075,0.01202290937048,1,0,0,0,TimeStop,2540.7151200000003,1.82522052798376,0.1413063145780783,False,False,False,False,HIGH,HIGH,HIGH / HIGH
1787296980,2.075145048325249,0.1582743957053996,1,0.0006855205332652,-0.0006550034747536,0.0086659277958536,0.0168637527285262,0.0040395155305632,0.0120487371831627,-0.0019811202877668,56,36,0.0140298574709295,0.004346650733182,-0.0033828093873091,0.0106470480836204,1,0,0,0,TimeStop,2576.11829,1.8421707841661177,0.13936436513557768,False,False,False,False,HIGH,HIGH,HIGH / HIGH
1787297040,2.1367100486050563,0.1529737562490208,1,0.0035367399202453,0.0009573288374723,0.0102741055401275,0.0183017668356111,0.0069966312516196,0.0133348038603695,-0.0007128821315752,55,35,0.0140476859919448,0.004352174264273,-0.0030606983202419,0.0109869876717028,1,0,0,0,TimeStop,2604.43758,1.8516969156019119,0.1378489900303159,False,False,False,False,HIGH,HIGH,HIGH / HIGH
1787297100,2.140440080294515,0.1611970318846033,1,0.00274023097636,0.0005624815628132,0.0115252393624963,0.0167553747510488,0.0046487909135255,0.0121874061766605,-0.001844373638661,54,34,0.0140317798153216,0.0043472463030001,-0.0006621668141641,0.0133696130011574,1,0,0,0,TimeStop,2616.7324099999996,1.8566828328709588,0.13720130060987018,False,False,False,False,HIGH,HIGH,HIGH / HIGH
1787297160,2.2720711864912504,0.1594161225292937,1,0.0027446926292695,0.0010808217860977,0.0106096327406607,0.0162161255833438,0.0052666974587129,0.0142359070715952,-0.0018414971117392,60,33,0.0160774041833344,0.0,-0.0036262743309345,0.0124511298523999,1,0,0,0,TimeStop,2577.0611799999997,1.825989289778398,0.13931337477987235,False,False,False,False,HIGH,HIGH,HIGH / HIGH
1787297220,2.351002077906127,0.1482255105463738,1,0.0055813040016499,0.0016479996077316,0.0102603380509999,0.0205972418753423,0.006419987652458,0.0151104651383842,-0.0009808023122863,59,32,0.0160912674506705,0.0050959504178931,-0.0048501270873842,0.0112411403632862,1,0,0,0,TimeStop,2571.1958799999998,1.819992269125927,0.13963117037975342,False,False,False,False,HIGH,HIGH,HIGH / HIGH
1787297280,2.445892456019256,0.1575003429068869,1,0.0043006109651112,-0.0020423548709097,0.0091922335263046,0.0184308157688282,0.0046128756209941,0.0137384665016617,-0.0023310523829525,58,31,0.0160695188846142,0.0050890628551437,-0.004546232975357,0.0115232859092571,1,0,0,0,TimeStop,2564.1867500000003,1.8119169087865103,0.1400128481281638,False,False,False,False,HIGH,HIGH,HIGH / HIGH
1787297340,2.3902264823696995,0.1595272558171368,1,0.0024278115093786,-0.0013313636183985,0.0108617441766419,0.0170226872317608,0.0035351217988968,0.0133025120409033,-0.0027600962068243,57,30,0.0160626082477276,0.0050868743225724,-0.0024407678642613,0.0136218403834663,1,0,0,0,TimeStop,2585.5939599999997,1.823900998456394,0.13885362340496807,False,False,False,False,HIGH,HIGH,HIGH / HIGH
1787297400,2.2986016815566197,0.1614758357116803,1,0.0012077174623937,-0.0014128188358403,0.0105325049051668,0.0163760627861346,0.0030555918901243,0.0127773708306082,-0.0032769130150425,56,29,0.0160542838456508,0.0050842380640942,-0.0022448659254414,0.0138094179202094,1,0,0,0,TimeStop,2642.95116,1.8473146644606306,0.1358402286934428,False,False,True,False,HIGH,HIGH,HIGH / HIGH
1787297460,2.3087935140696505,0.1553345209257498,1,0.0021598554860329,0.0008115820614184,0.0132595491792548,0.0188352488415319,0.0043509961515302,0.0140389297588816,-0.0025462732675341,60,28,0.0165852030264158,0.0,-0.0007793805796267,0.015805822446789,1,0,0,0,TimeStop,2694.36429,1.8694937050934854,0.13324816222234004,False,False,True,False,HIGH,HIGH,HIGH / HIGH
1787297520,2.282711887890315,0.1620748289350649,1,0.0009838584979829,4.248658143030488e-05,0.0126855781194888,0.0188257388677965,0.0031708062541292,0.0130803765069337,-0.0038598732409576,60,27,0.0169402497478913,0.0,-0.0003947983874448,0.0165454513604464,1,0,0,0,TimeStop,2752.16124,1.8827579148383395,0.13044987509525424,False,False,True,False,HIGH,HIGH,HIGH / HIGH
1787297580,2.3605113034422187,0.1457484660233267,1,0.0024160100372662,0.0056787243949261,0.0159636723090468,0.0204702989727238,0.0051669800254574,0.0162210515514633,-0.0014172894637142,60,26,0.0176383410151776,0.0,-0.0002573792424165,0.0173809617727611,1,0,0,0,TimeStop,2786.63578,1.8865719317230314,0.12883602965867322,True,False,True,False,HIGH,HIGH,HIGH / HIGH
1787297640,2.3776249906440214,0.1542339408718528,1,0.0009871098379633,0.0032388723330523,0.0154016627171363,0.0200734153123253,0.00391728124291,0.0155337573890865,-0.0024236557599757,60,25,0.0179574131490623,0.0,-0.0001320946719502,0.0178253184771121,1,0,0,0,TimeStop,2809.5795999999996,1.8877355211730533,0.12778391827731098,True,False,True,False,HIGH,HIGH,HIGH / HIGH
1787297700,2.386232073994324,0.1531764298652438,1,0.0002120868283474,0.0025422926664695,0.0167295923049661,0.0194444346256098,0.0060349176088493,0.0167861487925255,-0.0024132077203271,60,24,0.0191993565128527,0.0,-5.65564875594296e-05,0.0191428000252932,1,0,0,0,TimeStop,2848.6436900000003,1.9001451991901248,0.12603158873828826,True,False,True,False,HIGH,HIGH,HIGH / HIGH
1787297760,2.4480320331945022,0.1594960307305656,1,-0.0002843537491557,0.0015077818273603,0.0147934645244479,0.0198237242407513,0.0066146285341132,0.0167872137168478,-0.0024121629043253,59,23,0.0191993766211731,0.0031093008943134,-0.0019937491923999,0.0172056274287732,1,0,0,0,TimeStop,2880.97134,1.909436152873511,0.12461737644359905,True,False,True,False,HIGH,HIGH,HIGH / HIGH
1787297820,2.4811630409196583,0.1594362221678217,1,-4.545952968646371e-05,0.0045113670440419,0.0163988375461129,0.0209074534370613,0.0085119366637394,0.0174812197774368,-0.0017312613394998,58,22,0.0192124811169367,0.0031114231413635,-0.0010823822313239,0.0181300988856128,1,0,0,0,TimeStop,2926.85651,1.929121291226882,0.12266371404725952,True,False,True,False,HIGH,HIGH,HIGH / HIGH
1787297880,2.451134710402924,0.1602566971319559,1,-0.0013396056808181,0.0056817081196201,0.0148742694666236,0.0190048621076532,0.0082055592523232,0.0166997194353945,-0.0026648140362928,60,21,0.0193645334716873,0.0,-0.0018254499687709,0.0175390835029164,1,0,0,0,TimeStop,2954.6986800000004,1.9390981354693861,0.1215078520290942,True,False,True,False,HIGH,HIGH,HIGH / HIGH
1787297940,2.5392193723115377,0.1702104725068382,1,-0.0025703205275554,0.0032039818340843,0.0131150510176412,0.0180922129441754,0.0092448688658246,0.0150994079860143,-0.0042346452130475,59,20,0.0193340531990619,0.0029469367134528,-0.001984356968373,0.0173496962306888,1,0,0,0,TimeStop,2970.8765900000003,1.9335331184693536,0.12084618095832785,True,False,True,False,HIGH,HIGH,HIGH / HIGH
1787298000,2.5548687845572617,0.1700571502784538,1,-0.0021717981848861,0.0021493290547929,0.0127669074651986,0.0174960061774431,0.0098306363192325,0.014755425478452,-0.0045720760705463,58,19,0.0193275015489984,0.0029459380972854,-0.0019885180132534,0.017338983535745,1,0,0,0,TimeStop,2968.8939900000005,1.9247595798114072,0.12092688092241378,True,False,True,False,HIGH,HIGH,HIGH / HIGH
1787298060,2.5341467678600447,0.167263730372253,1,-0.0016593165293241,0.0022001424174838,0.014939857940454,0.0185474540098778,0.0114014980354564,0.0155970789654131,-0.0045736365145783,60,18,0.0201707154799914,0.0,-0.000657221024959,0.0195134944550323,1,0,0,0,TimeStop,3011.318030000001,1.932794069173502,0.11922323926709259,True,False,True,False,HIGH,HIGH,HIGH / HIGH
1787298120,2.532761555685015,0.1736597358503963,1,-0.0039114732724901,0.0025675358539764,0.013638852672751,0.0176230769230769,0.0079425032594524,0.014341590612777,-0.0065256844850065,60,17,0.0208672750977836,0.0,-0.0007027379400259,0.0201645371577576,1,0,0,0,TimeStop,3037.4575400000003,1.930989421215036,0.11819723741718542,True,False,True,False,HIGH,HIGH,HIGH / HIGH
1787298180,2.7799288529852997,0.1748660458580531,1,-0.006315804019999,0.0038329470749284,0.0120853664752907,0.0204295648879571,0.0087337377432974,0.0142623802912913,-0.006603265273025,59,16,0.0208656455643164,0.0023785626129067,-0.0021770138160006,0.0186886317483158,1,0,0,0,TimeStop,3042.2823900000003,1.9170672886100892,0.11800978475242727,True,False,True,False,HIGH,HIGH,HIGH / HIGH
1787298240,2.8158204256910033,0.1620869918188838,1,-0.0037500706630604,0.0038660037764427,0.0137272378452681,0.0208662631898396,0.0108637682779062,0.0157202951751066,-0.0051753429590021,58,15,0.0208956381341088,0.0024825091790172,-0.0019930573298384,0.0189025808042703,1,0,0,0,TimeStop,3052.58819,1.9108699208406743,0.11761137358000458,True,False,True,False,HIGH,HIGH,HIGH / HIGH
1787298300,2.049539209216906,0.1541967586655836,1,-0.0026173752484409,0.0052864865754674,0.0159037489451914,0.0230394083901026,0.0111546120950329,0.016431038877442,-0.0044792208442048,57,14,0.0209102597216468,0.0028480972554663,-0.0005272899322505,0.0203829697893963,1,0,0,0,TimeStop,3104.87752,1.9276655688416189,0.11563067711604934,True,False,True,False,HIGH,HIGH,HIGH / HIGH
1787298360,1.3008922979029802,0.1529907641236575,1,-0.0013453676249689,0.0060631669692655,0.0165100118862577,0.021744275656683,0.0099140532138611,0.0172072519233531,-0.0046959861022218,60,13,0.021903238025575,0.0,-0.0006972400370954,0.0212059979884795,1,0,0,0,TimeStop,3140.2186699999997,1.9386016223079676,0.114329327899958,True,False,True,False,NORMAL,HIGH,NORMAL / HIGH
1787298420,1.1327287173542122,0.1500784309597216,1,-0.000940446650124,0.0070983413869662,0.0173232336424187,0.0226737625701972,0.0099809324800836,0.0186757215619694,-0.0048389708763223,60,12,0.0235146924382918,0.0,-0.0013524879195507,0.0221622045187411,1,0,0,0,TimeStop,3170.13785,1.9417015495739962,0.11325030865771342,True,False,True,False,NORMAL,HIGH,NORMAL / HIGH
1787298480,1.0028339060099851,0.1417266419078545,1,0.0032548506059262,0.0094641282047962,0.0196850676783281,0.0216323303917181,0.0118705239594367,0.0206035952261144,-0.0038240605323512,60,11,0.0244276557584657,0.0,-0.0009185275477863,0.0235091282106794,1,0,1,0,TimeStop,3212.32986,1.9564806983261094,0.11176283434354405,True,False,True,False,NORMAL,HIGH,NORMAL / HIGH
1787298540,0.9873662167613628,0.1405526865331595,1,0.0022495419500991,0.0092980631313023,0.0193505075398238,0.0235103291249897,0.0121107752928623,0.0213066935251512,-0.0034074021177867,60,10,0.024714095642938,0.0,-0.0019561859853273,0.0227579096576106,1,0,1,0,TimeStop,3221.44629,1.952368167830802,0.11144655464673292,True,False,True,False,NORMAL,HIGH,NORMAL / HIGH
1787298600,0.9697890662366576,0.1322747605941006,1,0.0023297117369487,0.0096706793624766,0.0226321959905503,0.0208552328723518,0.0129842914942026,0.02376949950661,-0.0026247378763431,60,9,0.0263942373829532,0.0,-0.0011373035160597,0.0252569338668935,1,0,1,0,TimeStop,3261.9631099999992,1.9650022159686609,0.1100622778042392,False,False,True,False,NORMAL,HIGH,NORMAL / HIGH
1787298660,0.9666740488266652,0.1268970024359828,1,0.0017926453219342,0.0083804761032352,0.0250879986003512,0.0236130505208021,0.0125320169021218,0.0262523210166941,-0.0021284143777776,60,8,0.0283807353944717,0.0,-0.0011643224163429,0.0272164129781288,1,0,1,0,TimeStop,3314.03947,1.985859134577241,0.10833277432269085,False,False,True,False,NORMAL,HIGH,NORMAL / HIGH
1787298720,0.9371789646675514,0.1327874320180995,1,0.0045570337343386,0.0103282982322644,0.0278635041117195,0.0236127793464429,0.0127369767592983,0.02829676491612,-0.0016858784490548,60,7,0.0299826433651748,0.0,-0.0004332608044004,0.0295493825607743,1,0,1,0,TimeStop,3345.19946,1.998197697304963,0.10732367211371008,False,False,True,False,NORMAL,HIGH,NORMAL / HIGH
1787298780,0.9360456907695172,0.1301721483416829,1,0.0070307322092461,0.0093270405145534,0.0291120412609421,0.0225938860611164,0.0128596410545481,0.0291120412609421,-0.0013269859934498,60,6,0.0304390272543919,0.0,0.0,0.0304390272543919,1,0,1,0,TimeStop,3365.6136200000005,1.9976120542662332,0.10667269940510876,False,False,True,False,NORMAL,HIGH,NORMAL / HIGH
1787298840,0.913903820629944,0.1405794641738116,1,0.0057891824160414,0.0093078660141046,0.0305407639042832,0.0229252252549692,0.0110989790747266,0.0307375492028755,-0.0016686135571707,60,5,0.0324061627600462,0.0,-0.0001967852985922,0.0322093774614539,1,0,1,0,TimeStop,3395.5120799999995,2.0071494284153233,0.10573341562077436,False,False,True,False,NORMAL,HIGH,NORMAL / HIGH
1787298900,0.9244495184769014,0.1442461399748852,1,0.0043305322818283,0.010956594917051,0.0294073750753109,0.0213235315295688,0.010775272370031,0.0306690396136743,-0.0024055021508651,60,4,0.0330745417645395,0.0,-0.0012616645383633,0.0318128772261761,1,0,1,0,TimeStop,3432.2459400000002,2.018434279608758,0.1046017961055553,False,False,True,False,NORMAL,HIGH,NORMAL / HIGH
1787298960,0.9728032566641192,0.1490795526246322,1,0.0038658736548638,0.0095185231273953,0.030852665645764,0.0214444502455229,0.0094401431409593,0.0312313495869086,-0.0029191638020026,60,3,0.0341505133889112,0.0,-0.0003786839411446,0.0337718294477666,1,0,1,0,TimeStop,3530.2681599999996,2.046107305006281,0.10169739910069608,False,False,True,False,NORMAL,HIGH,NORMAL / HIGH
1787299020,0.983587083314356,0.1489937193176934,1,0.0065044511131478,0.0085981686646816,0.0342382243767307,0.0171468608830968,0.0098549751119077,0.0349598213298194,-0.0026244767833086,60,2,0.037584298113128,0.0,-0.0007215969530886,0.0368627011600393,1,0,1,0,TimeStop,3578.20115,2.0626410577773564,0.10033507758500386,False,False,True,False,NORMAL,HIGH,NORMAL / HIGH
1787299080,1.0519964619154554,0.1366923863002208,1,0.0102132560183454,0.0112575803713203,0.0399189048028819,0.0198201216900264,0.0125267755711542,0.0406302523709507,-0.0002892883414962,60,1,0.0409195407124469,0.0,-0.0007113475680688,0.0402081931443781,1,0,1,0,TimeStop,3734.753109999999,2.110918941045812,0.0961292699746892,False,True,True,False,NORMAL,HIGH,NORMAL / HIGH
1787299140,1.071148353831556,0.1498100045072254,1,0.0076447427650731,0.0122093628966048,0.0386506641121289,0.0209944744141065,0.0119909079770119,0.0418216021381587,-0.0009551997054069,60,1,0.0427768018435656,0.0,-0.0031709380260298,0.0396058638175358,1,0,1,0,TimeStop,3775.5643299999997,2.1205483537332728,0.09509017953880289,False,False,True,False,NORMAL,HIGH,NORMAL / HIGH
1787299200,1.0592121257954583,0.1447397319592125,1,0.0079246034849235,0.0119622241966708,0.0313288925269041,0.01956210468184,0.0108570656856075,0.0413666188161979,-0.0001570564246492,59,1,0.0415236752408471,0.0122672987696547,-0.0100377262892937,0.0314859489515533,1,0,1,0,TimeStop,3792.4867200000003,2.117839528070547,0.09466587927827998,False,False,True,False,NORMAL,HIGH,NORMAL / HIGH
1787299260,1.0238885390123742,0.1534382111292886,1,0.0074185152244428,0.0124378727634194,0.0248812388824945,0.0175527100554566,0.0085540703149523,0.0398137490844407,-0.0001398189808517,58,5,0.0399535680652924,0.0167416553311708,-0.0149325102019461,0.0250210578633463,1,0,1,0,TimeStop,3805.03217,2.118132202448824,0.09435375943221001,False,False,True,False,NORMAL,HIGH,NORMAL / HIGH
1787299320,0.9624846963930864,0.1437230755952418,1,0.0080463552048883,0.0126425543991415,0.0242739711200253,0.0172530023337867,0.0082355105016484,0.0392429918746884,-0.0006886455448046,57,4,0.039931637419493,0.0178258278420125,-0.014969020754663,0.0249626166648299,1,0,1,0,TimeStop,3755.76565,2.092203399821789,0.09559145150603314,False,False,True,False,NORMAL,HIGH,NORMAL / HIGH
1787299380,0.92611643466439,0.1583884814281744,1,0.0061891328959136,0.0102268723247662,0.0152859698393139,0.0128284816869633,0.005681060023226,0.0359526385909166,-0.0038525710389863,56,3,0.039805209629903,0.0252845416580663,-0.0206666687516027,0.0191385408783002,1,0,1,0,TimeStop,3770.19202,2.0931965362487452,0.0952256776565985,False,False,True,False,NORMAL,HIGH,NORMAL / HIGH
1787299440,0.8942850121633149,0.1508586020502666,1,0.0070327008256733,0.0121235238381454,0.0159297661642962,0.0134729599288861,0.0087429521945203,0.0374254831629759,-0.0024363187132896,55,2,0.0398618018762655,0.0253204894403787,-0.0214957169986797,0.0183660848775858,1,0,1,0,TimeStop,3746.4383599999996,2.077793750373301,0.09582943999110666,False,False,True,False,NORMAL,HIGH,NORMAL / HIGH
1787299500,0.8643373653350013,0.1523206403506495,1,0.0073239050380005,0.0141513228342342,0.0155309618950612,0.015577319856878,0.0090889028180416,0.0381571730784298,-0.0017327430854815,54,1,0.0398899161639113,0.025338347828358,-0.0226262111833685,0.0172637049805427,1,0,1,0,TimeStop,3742.4723,2.073344576807323,0.09593099459947907,True,False,True,False,NORMAL,HIGH,NORMAL / HIGH
1787299560,0.8424116444099102,0.1437476166239565,1,0.006576042269889,0.013265680944432,0.0157197031591305,0.0164590601956368,0.0112397694607373,0.0392306294600315,0.0,53,1,0.0392306294600315,0.0265816894099131,-0.023510926300901,0.0157197031591305,1,0,1,0,TimeStop,3768.5251000000003,2.079779785321108,0.09526779853476364,True,False,False,False,NORMAL,HIGH,NORMAL / HIGH
1787299620,0.8101406836008999,0.153922241525204,1,0.0057450839565292,0.0118340826117797,0.0126082493359394,0.0134898812522667,0.0089074819901248,0.0368304341424218,-0.0002867912106515,52,2,0.0371172253530733,0.0293312156778151,-0.0242221848064823,0.0128950405465909,1,0,1,0,TimeStop,3776.1105499999994,2.0790039900209516,0.09507642460308798,True,False,True,False,NORMAL,HIGH,NORMAL / HIGH
1787299680,0.7978926283846253,0.1592427564385814,1,0.0022802762933257,0.0091406269725152,0.010929344361675,0.0110026161813851,0.0050570570132845,0.0346553582523461,-0.002384002119807,51,1,0.0370393603721531,0.0292696842856544,-0.023726013890671,0.013313346481482,1,0,1,0,TimeStop,3772.96015,2.071387418335148,0.09515581287016774,True,False,True,False,NORMAL,HIGH,NORMAL / HIGH
1787299740,0.7690595962681575,0.152486996072746,1,0.0034984305454656,0.0098794157150744,0.0138750540422002,0.0133133668652239,0.0062551526526887,0.035578167198589,-0.0011294966399722,50,1,0.0367076638385613,0.0292957899123223,-0.0217031131563887,0.0150045506821725,1,0,1,0,TimeStop,3770.6812,2.063802755388001,0.09521332378881567,False,False,True,False,NORMAL,HIGH,NORMAL / HIGH
1787299800,0.75151731855414,0.1511227806366351,1,0.0065974919832103,0.0105948066845687,0.0159324243293271,0.0157092577625986,0.0059831321531924,0.0363167088145579,-0.0001824960241937,49,1,0.0364992048387517,0.0293166827436973,-0.0203842844852307,0.0161149203535209,1,0,1,0,TimeStop,3737.26722,2.045786124716402,0.09606460251991293,False,False,True,False,NORMAL,HIGH,NORMAL / HIGH
1787299860,0.717691227828799,0.1527907141803918,1,0.0056308811972574,0.0127117478672869,0.0169545586492663,0.0172125163309112,0.0055004033603062,0.0362625412207642,-2.6069497892346273e-05,48,1,0.0362886107186566,0.0293151503799433,-0.0193079825714979,0.0169806281471586,1,0,1,0,TimeStop,3708.9322899999997,2.0283557192801065,0.09679850208319657,True,False,True,False,NORMAL,HIGH,NORMAL / HIGH
1787299920,0.6938268860913088,0.1614905437767306,1,0.0020801870763892,0.0110429636137621,0.0160994723716538,0.0141172085803686,0.0032910286535497,0.0338514164349605,-0.000766350490195,47,2,0.0346177669251555,0.0292469413278267,-0.0177519440633066,0.0168658228618488,1,0,1,0,TimeStop,3688.5800900000004,2.01178074533432,0.09733259987313979,False,False,True,False,NORMAL,HIGH,NORMAL / HIGH
1787299980,0.6866493465319191,0.1677324643421294,1,0.0010337662337663,0.008220909090909,0.0147184415584416,0.013897012987013,0.0016623376623376,0.0324675324675324,-0.0021038961038961,46,1,0.0345714285714285,0.0292077922077922,-0.0177490909090908,0.0168223376623377,1,0,1,0,TimeStop,3773.76091,2.0320593283899506,0.0951356216152019,False,False,True,False,NORMAL,HIGH,NORMAL / HIGH
1787300040,0.7218036638053068,0.1566107822810405,1,0.0045299895268703,0.0098232573189334,0.0128993896765086,0.0150455164327217,0.0039274561817281,0.0339175682883046,-0.0005161784689981,45,1,0.0344337467573027,0.0292488127179924,-0.021018178611796,0.0134155681455067,1,0,1,0,TimeStop,3878.54535,2.0476140322507717,0.09256539697286252,True,False,True,False,NORMAL,HIGH,NORMAL / HIGH
1787300100,0.7667739235799083,0.1588781781237264,1,0.004005875734938,0.0105614295143785,0.0084397085421297,0.0144990764418664,0.0019156049939327,0.0331790842446427,-0.0010776252788121,44,1,0.0342567095234548,0.0292279215152981,-0.0247393757025129,0.0095173338209418,1,0,1,0,TimeStop,3686.78204,1.9370514707275348,0.09738006915103666,False,False,True,False,NORMAL,HIGH,NORMAL / HIGH
1787300160,0.903134925169466,0.1680979039464158,1,0.0049823955616483,0.0103838856842984,0.0093120007104352,0.0154613175590365,0.0006337052516261,0.0321566790469207,-0.0010956440521354,43,7,0.0332523230990562,0.0291989983795789,-0.0228446783364855,0.0104076447625707,1,0,1,0,TimeStop,3378.8936500000004,1.7660046658982547,0.04808094507502477,False,False,True,False,NORMAL,HIGH,NORMAL / HIGH
1787300220,0.9455181848352124,0.1743272208816479,1,0.0045595117432065,0.0101528240443439,0.0090190410190066,0.0134505596424595,-0.0021467052729535,0.0309476211175419,-0.0022657505454296,42,6,0.0332133716629716,0.0291647949672119,-0.0219285800985353,0.0112847915644363,1,0,1,0,TimeStop,3275.6971000000003,1.7040657459600188,0.049595672322694295,False,False,True,False,NORMAL,HIGH,NORMAL / HIGH
1787300280,0.994079210671509,0.1761669986769652,1,0.0040129030386479,0.0101251140956425,0.006598250723426,0.0123091196737668,-0.0043114166094246,0.0295804284919483,-0.0035888972118702,41,5,0.0331693257038185,0.0291261180336904,-0.0229821777685223,0.0101871479352962,1,0,1,0,TimeStop,3207.35192,1.6574190724255982,0.05065250214263983,False,False,True,False,NORMAL,HIGH,NORMAL / HIGH
1787300340,1.0111965588902905,0.175394200654087,1,0.0050552708053056,0.0099598372133344,0.0053114553224309,0.0138640270547435,-0.0026078469434219,0.0301805316871868,-0.0030081271525265,40,4,0.0331886588397134,0.029143094537918,-0.0248690763647559,0.0083195824749575,1,0,1,0,TimeStop,3218.8873100000005,1.653108223296252,0.05047098091793713,False,False,True,False,NORMAL,HIGH,NORMAL / HIGH
1787300400,1.0022404383711605,0.1717408042566164,1,0.0067777779938382,0.0128373705337841,0.008085031083559,0.0118634125346694,-0.0034981076331836,0.0306090899721734,-0.0025933754521878,39,3,0.0332024654243613,0.0291552181553134,-0.0225240588886144,0.0106784065357469,1,0,1,0,TimeStop,3215.53199,1.6449401243531157,0.05052364601106021,False,False,True,False,NORMAL,HIGH,NORMAL / HIGH
1787300460,0.9817879835032453,0.1592854993751281,1,0.0066459347268563,0.0165686691611485,0.0088409437889631,0.0131120039022382,-0.0018174862042474,0.0324412521447505,-0.0008202388614524,38,2,0.0332614910062029,0.029207048755642,-0.0236003083557873,0.0096611826504155,1,0,1,0,TimeStop,3228.21566,1.643046054628016,0.0503251384388613,False,False,True,False,NORMAL,HIGH,NORMAL / HIGH
1787300520,0.9797665322380896,0.1663569782063079,1,0.0060542166721778,0.0173559484675781,0.006889316812874,0.011456432799725,-0.0026345853351746,0.0309077823812024,-0.002304305823008,37,1,0.0332120882042104,0.0291636679569223,-0.0240184655683284,0.009193622635882,1,0,1,0,TimeStop,3203.9725299999996,1.6238183998677993,0.05070592786886347,False,False,True,False,NORMAL,HIGH,NORMAL / HIGH
1787300580,0.962362618119248,0.1566763132681784,1,0.0068447427745068,0.0196021705078884,0.0081273935271974,0.0127783334603691,-0.0019722800448083,0.0323014257835654,-0.0006737876853321,36,1,0.0329752134688976,0.0292030931646193,-0.024174032256368,0.0088011812125296,1,0,1,0,TimeStop,3193.1915,1.6140504139869376,0.050877124030926424,False,False,True,False,NORMAL,HIGH,NORMAL / HIGH
1787300640,0.9535765567766652,0.1624572647915761,1,0.0063587395608983,0.0210370874984163,0.0079460230163889,0.012722931027679,-0.0010001651148639,0.0319678991781641,1.2980728284749033e-07,35,1,0.0319677693708813,0.0291936579276942,-0.0240218761617752,0.007945893209106,1,0,1,0,TimeStop,3167.4961700000003,1.5979453379595794,0.05128984891558684,False,False,False,False,NORMAL,HIGH,NORMAL / HIGH
1787300700,0.9231929209056684,0.1784139917594664,1,0.0039711153000022,0.0182508133890494,0.0051705436355188,0.0103179067838796,-0.0026850515124814,0.029524429643466,-0.0023566396944215,34,2,0.0318810693378876,0.0291245338650082,-0.0243538860079471,0.0075271833299404,1,0,1,0,TimeStop,3170.8662900000004,1.5964435849208798,0.05123533606962657,False,False,True,False,NORMAL,HIGH,NORMAL / HIGH
1787300760,0.8962642083290625,0.1697237988088631,1,0.0070412184057031,0.0211329876863253,0.005547634478289,0.0077253402462734,-0.0006492546986389,0.0304601425793908,-0.001449902786779,33,1,0.0319100453661698,0.0291510045366169,-0.0249125081011017,0.006997537265068,1,0,1,0,TimeStop,3301.0171700000005,1.6355491025994746,0.04921525446049103,False,False,True,False,NORMAL,HIGH,NORMAL / HIGH
1787300820,0.8733601356494499,0.1623032105895971,1,0.0089441709884736,0.0254214775602803,0.010231920857434,0.0099597842580981,0.0012860628037285,0.0317052764522419,-1.1549908126313142e-05,32,2,0.0317168263603682,0.0291862285124665,-0.0214733555948079,0.0102434707655603,1,0,1,0,TimeStop,3323.8971,1.640212231972716,0.048876482969343424,False,False,True,False,NORMAL,HIGH,NORMAL / HIGH
1787300880,0.7410369124876477,0.1645704674839611,1,0.0071797207043107,0.0283422591710387,0.0091544325606255,0.0100959268081306,7.446847155396092e-05,0.0314013046253482,-0.0003061769910586,31,1,0.0317074816164069,0.0291776293597787,-0.0222468720647226,0.0094606095516842,1,0,1,0,TimeStop,3333.55441,1.641680387506187,0.048734887756039354,False,False,True,False,NORMAL,HIGH,NORMAL / HIGH
1787300940,0.7099613880038297,0.1751589517366574,1,0.0052693974766808,0.0261223637962188,0.0060947435102878,0.0089099826476659,-0.0020248489357827,0.02925505367468,-0.0007932384545742,30,2,0.0300482921292542,0.029116913405212,-0.0231603101643921,0.0068879819648621,1,0,1,0,TimeStop,3338.92447,1.6401614840595402,0.048656506446819986,False,False,True,False,NORMAL,HIGH,NORMAL / HIGH
1787301000,0.6930822872879242,0.1779685144449292,1,0.006529397823137,0.0191377384127231,0.005782652069679,0.0077681492290292,-0.0042614601655992,0.0290568105374381,-0.0009856940392759,29,1,0.030042504576714,0.0291113052440087,-0.023274158467759,0.0067683461089549,1,0,1,0,TimeStop,3302.8130500000007,1.6197051754680807,0.04918849403238248,False,False,True,False,NORMAL,HIGH,NORMAL / HIGH
1787301060,0.7190257824161735,0.1792331244042686,1,0.0053747111854944,0.0122904984629934,0.0055027358654487,0.0064585931883377,-0.0086161513920907,0.0270395616931038,-0.0020146769766797,28,36,0.0118418307400046,0.0290542386697835,-0.021536825827655,0.0075174128421284,1,0,1,0,TimeStop,3309.07655,1.611688537490145,0.04909538886309535,False,False,False,False,NORMAL,HIGH,NORMAL / HIGH
1787301120,0.7743806451300828,0.1800675752581663,1,0.0055679252804359,0.0114862017899152,0.0060632449804505,0.0051751033239217,-0.0094392159981162,0.026268338576123,-0.0027640827252316,27,35,0.0118329384889612,0.0290324213013547,-0.0202050935956725,0.0088273277056822,1,0,1,0,TimeStop,3268.38216,1.5834796340474484,0.04970667200068182,False,False,False,False,NORMAL,HIGH,NORMAL / HIGH
1787301180,0.8120231890148045,0.1863531501078575,1,0.0060877813805937,0.0050078825392018,0.0044358147702609,0.0029574678255413,-0.0110129817462009,0.0254653355309679,-0.003544369369776,26,34,0.0118236798133472,0.0290097049007439,-0.0210295207607069,0.007980184140037,1,0,1,0,TimeStop,3284.81016,1.5831581851324579,0.04945807888027234,False,False,False,False,NORMAL,HIGH,NORMAL / HIGH
1787301240,0.8416767541340524,0.1863495587421958,1,0.0048798972061496,0.003760649996274,0.004600891220414,0.0015335014761273,-0.0122877382026496,0.0249988847496411,-0.0039976245812008,25,33,0.011818301606502,0.028996509330842,-0.0203979935292271,0.0085985158016149,1,0,1,0,TimeStop,3257.33651,1.5662892920534217,0.049875227659545676,False,True,False,False,NORMAL,HIGH,NORMAL / HIGH
1787301300,0.8772736231488234,0.191634373334307,1,0.006018798460193,0.0013603877742537,0.0026701714410505,0.0004419167857301,-0.0181050680335526,0.0236708760356459,-0.0052880648474253,24,32,0.011802989582507,0.0289589408830712,-0.0210007045945953,0.0079582362884759,1,0,1,0,TimeStop,3257.2039800000002,1.5588368078953485,0.049877256996351815,False,True,False,False,NORMAL,HIGH,NORMAL / HIGH
1787301360,0.8962969837760439,0.1803537932616176,1,0.009857223967218,0.0024218941397592,0.0049569295547845,0.0028686538162087,-0.0126226702347237,0.0256250152392395,-0.0033892068899812,23,31,0.0118255209304263,0.0290142221292207,-0.020668085684455,0.0083461364447657,1,0,1,0,TimeStop,3267.49896,1.5531835246823957,0.04972010763853464,False,False,False,False,NORMAL,HIGH,NORMAL / HIGH
1787301420,0.93985036671999,0.1835588351067457,1,0.0112337204179553,0.0007651123217369,0.0044358727345984,0.002084853740582,-0.012571249151558,0.0247040023262713,-0.0042841649848202,22,30,0.0118149015936145,0.0289881673110916,-0.0202681295916728,0.0087200377194187,1,0,1,0,TimeStop,3278.39323,1.5468415763215435,0.049554885153298096,False,True,False,False,NORMAL,HIGH,NORMAL / HIGH
1787301480,0.9639432482623118,0.1809794572999639,1,0.0126707000507611,0.0017725154862965,0.0040700535675226,0.0023136588929102,-0.0092149138916516,0.0252836231124463,-0.0037209412696906,21,29,0.0118215846577332,0.029004564382137,-0.0212135695449236,0.0077909948372133,1,0,1,0,TimeStop,3288.45462,1.5431298304214172,0.04940326651063836,False,False,True,False,NORMAL,HIGH,NORMAL / HIGH
1787301540,0.9976975335207976,0.1830766088979193,1,0.0145856018937368,0.0039565499256132,0.0049127312061298,0.0025133134022486,-0.0070913231160082,0.0254473465679244,-0.0035618494375002,20,28,0.0118234723994719,0.0290091960054246,-0.0205346153617946,0.00847458064363,1,0,1,0,TimeStop,3274.6665300000004,1.5294092116305094,0.049611280572132016,False,False,True,False,NORMAL,HIGH,NORMAL / HIGH
1787301600,1.035251014448706,0.1856925783380922,1,0.0142232160581434,0.0052816594835564,0.0046694838440966,0.0036885323611443,-0.0060723541042662,0.0254522405615504,-0.003557093891568,19,27,0.0118235288275262,0.0290093344531185,-0.0207827567174538,0.0082265777356647,1,0,1,0,TimeStop,3263.5982300000005,1.518510138439452,0.04977953429028547,False,False,True,False,NORMAL,HIGH,NORMAL / HIGH
1787301660,1.122259172409193,0.1939718437364165,1,0.0139932398228263,0.0041895542249948,0.0035544924570648,0.0017186825673227,-0.006969075683943,0.023255179376633,-0.0056920017355437,18,26,0.0117981965738842,0.0289471811121767,-0.0197006869195681,0.0092464941926085,1,0,1,0,TimeStop,3288.81818,1.5149077989800415,0.04939780526267949,False,True,True,False,NORMAL,HIGH,NORMAL / HIGH
1787301720,1.1784265499045654,0.1982594170781494,1,0.0163312371938912,0.0050012798069612,0.0039306151691209,-0.0003355795338931,-0.0058666608357203,0.0225593309503627,-0.0063681650912393,17,25,0.0117901733977652,0.028927496041602,-0.0186287157812417,0.0102987802603603,1,0,1,0,TimeStop,3291.42711,1.5066337284170883,0.04935865038797714,False,True,True,False,NORMAL,HIGH,NORMAL / HIGH
1787301780,1.1345988376926348,0.1865797878739014,1,0.0210116804694293,0.0064445523882174,0.0082445598850283,0.0026667779595303,-0.0048049148165192,0.0240489193965299,-0.0049207160716812,16,24,0.0134353930112976,0.0289696354682112,-0.0158043595115016,0.0131652759567096,1,0,1,0,TimeStop,3279.44883,1.491962500408027,0.049538934260486694,False,True,True,False,NORMAL,HIGH,NORMAL / HIGH
1787301840,1.0180078370699324,0.1862976764281408,1,0.0207436597312928,0.0030462086660019,0.0070423532860237,0.002535437788339,-0.0043702720531057,0.023859928749652,-0.0051043603039073,15,23,0.0143681676667867,0.0289642890535593,-0.0168175754636282,0.0121467135899311,1,0,1,0,TimeStop,3281.1582499999995,1.4827278445344683,0.0495131254336788,False,True,True,False,NORMAL,HIGH,NORMAL / HIGH
1787301900,1.0539491313829834,0.1931955106209069,1,0.0125265497628332,-0.0020995467571608,0.007023952271384,0.0022422943316095,-0.005627983874411,0.0223812764565268,-0.006541182546627,14,22,0.0143474172462731,0.0289224590031538,-0.0153573241851427,0.013565134818011,1,0,1,0,TimeStop,3286.4233,1.474376285946246,0.04943380239544918,False,True,True,False,NORMAL,HIGH,NORMAL / HIGH
1787301960,1.0643126305331223,0.1926062170911687,1,0.0068788156301884,-0.001060869031118,0.0051492495983512,0.0018634596280609,-0.0075938999516725,0.0215490306913162,-0.0073498846549073,13,21,0.0143516716589789,0.0288989153462235,-0.0163997810929649,0.0124991342532585,1,0,1,0,TimeStop,3310.0385399999996,1.4782899635574502,0.049081120366652894,False,True,True,False,NORMAL,HIGH,NORMAL / HIGH
1787302020,1.1544935251303996,0.1972306850345562,1,0.0058855064493318,-0.0011223876213085,0.0052594187873027,0.0006834715424734,-0.0080676344130746,0.0205857931376581,-0.0082858728845631,12,20,0.0143381392012266,0.0288716660222213,-0.0153263743503553,0.0135452916718659,1,0,1,0,TimeStop,3429.9162899999997,1.5075164776533845,0.052598137897995174,False,True,True,False,NORMAL,HIGH,NORMAL / HIGH
1787302080,1.1802214608931367,0.2017936906074972,1,-0.0010733644333797,-0.0034915114207155,0.0019096707161001,-0.0024010952112202,-0.0076377854025002,0.0192603016446373,-0.0095738671402531,11,19,0.0143195174629418,0.0288341687848904,-0.0173506309285371,0.0114835378563533,1,0,0,0,TimeStop,3485.9873799999996,1.5159344047155174,0.051752112194967274,False,True,True,False,NORMAL,HIGH,NORMAL / HIGH
1787302140,1.175619572425447,0.200588999425293,1,-0.0011138119221883,-0.0046025413285039,0.0040808549702942,-0.0018605444860793,-0.0060502017268511,0.0200212857272077,-0.0088344107709115,10,18,0.0143302084756712,0.0288556964981193,-0.0159404307569135,0.0129152657412058,1,0,1,0,TimeStop,3521.03057,1.5191226691033135,0.051237047339807676,False,True,True,False,NORMAL,HIGH,NORMAL / HIGH
1787302200,1.2351722005292325,0.2099045377097685,1,-0.0046305403965308,-0.0046921051577318,-0.0017376365864143,-0.004724231467631,-0.0060023722272019,0.0175464689153632,-0.0112392167272864,9,17,0.0142954399454953,0.0287856856426497,-0.0192841055017776,0.009501580140872,1,1,0,0,TimeStop,3597.6550100000004,1.5331969415779798,0.050145778152308154,False,False,True,False,NORMAL,HIGH,NORMAL / HIGH
1787302260,1.2942420872942226,0.2195300432937047,1,-0.0073627535170261,-0.0076017740922136,-0.0014388502075557,-0.0066149039995769,-0.0079433780569657,0.0156138817426861,-0.0131171323458585,8,16,0.0142682891620073,0.0287310140885446,-0.0170527319502418,0.0116782821383027,1,1,0,0,TimeStop,3669.1232800000002,1.548245274273802,0.049169023832854146,False,False,True,False,NORMAL,HIGH,NORMAL / HIGH
1787302320,1.3365255924620634,0.2283278958075838,1,-0.0103523131051163,-0.0102880724002939,-0.0041354953729484,-0.0078886055981439,-0.0127401808911179,0.0133206415454071,-0.0153454983644749,7,15,0.0142360715891276,0.028666139909882,-0.0174561369183556,0.0112100029915264,1,1,0,0,TimeStop,3704.82713,1.5500095450840965,0.048695176230800274,False,False,True,False,NORMAL,HIGH,NORMAL / HIGH
1787302380,1.4069048697396975,0.2307308927693381,1,-0.0107618247115457,-0.011254170805634,-0.0063337663330021,-0.0091672397544637,-0.014161636229337,0.0124551081225643,-0.0161865464455821,6,14,0.0142239117699498,0.0286416545681465,-0.0187888744555665,0.0098527801125799,1,1,0,0,TimeStop,3769.14958,1.5602550676532132,0.04786416834112484,False,False,True,False,NORMAL,HIGH,NORMAL / HIGH
1787302440,1.5251196550647956,0.2354458035553054,1,-0.0104762495626631,-0.012821340813487,-0.0073898470745222,-0.0105957543754017,-0.0170857556365588,0.0107055970968975,-0.0178865650146863,5,13,0.0141993330105855,0.0285921621115839,-0.0180954441714198,0.0104967179401641,1,1,0,0,TimeStop,3904.1203,1.58803562826311,0.046209439294173385,False,False,True,False,HIGH,HIGH,HIGH / HIGH
1787302500,1.5937187858315092,0.2328284252216327,1,-0.0088161623920807,-0.0128458230344991,-0.00785291007377,-0.0102172913583904,-0.0162717658587209,0.0110715514352447,-0.017530963271395,4,12,0.0142044742777674,0.0286025147066398,-0.0189244615090148,0.009678053197625,1,1,0,0,TimeStop,3947.9389699999997,1.591798117284575,0.04569655492926731,False,False,True,False,HIGH,HIGH,HIGH / HIGH
1787302560,1.601016561196932,0.2432877848224984,1,-0.0096683934495899,-0.0152628045474757,-0.0091266344006079,-0.0118386030232643,-0.0175476365253748,0.009134123572091,-0.019413582640659,3,11,0.0141772554877538,0.02854770621275,-0.018260757972699,0.010286948240051,0,1,0,0,TimeStop,4058.1501,1.6043971967078108,0.053976933972944965,False,False,True,False,HIGH,HIGH,HIGH / HIGH
1787302620,1.7900999741100962,0.2530077401967508,1,-0.0111478984137221,-0.0148129886444214,-0.0165255577397884,-0.0146274561071905,-0.0218156396335466,0.0061280156788916,-0.0223346498212571,2,10,0.014135022885932,0.0284626655001487,-0.02265357341868,0.0058090920814687,0,1,0,1,TimeStop,4323.53945,1.6587612270489331,0.07465084422902629,False,False,True,False,HIGH,HIGH,HIGH / HIGH
1787302680,2.0193343518790545,0.2665645479492573,1,-0.0142673471419194,-0.018658988716345,-0.0193272600584804,-0.0181438760318181,-0.0259410899320135,0.0029747347510306,-0.025398726613184,1,9,0.014090722660328,0.0283734613642146,-0.0223019948095111,0.0060714665547035,0,1,0,1,TimeStop,4284.01141,1.625598872477911,0.07533963827608013,False,False,True,False,HIGH,HIGH,HIGH / HIGH
1787302740,2.1497476756302096,0.2648613443357418,1,-0.0173378016082408,-0.0195177699975636,-0.0169991608421253,-0.0182695683957826,-0.0251225017831001,0.0013343758354831,-0.0253227338605312,1,8,0.0140918213586686,0.0266571096960143,-0.0183335366776084,0.0083235730184059,0,1,0,1,TimeStop,4366.47306,1.6380180509408695,0.07391683529589897,False,False,True,False,HIGH,HIGH,HIGH / HIGH
1787302800,2.33859178766627,0.2288248332461975,1,-0.0144451486466404,-0.013104299683617,-0.0114093456804392,-0.0125641243838407,-0.0202674331321911,1.663836451224408e-05,-0.018831834398739,1,7,0.0141856663664987,0.0188484727632512,-0.0114259840449515,0.0074224887182997,0,1,0,0,TimeStop,4513.92196,1.6623532160626284,0.07150231502894659,False,False,True,False,HIGH,HIGH,HIGH / HIGH
1787302860,2.3591570237773665,0.199951377434478,1,-0.0078854421585354,-0.0067053504975606,-0.0071506127237032,-0.00809511995663,-0.0162115522640098,0.0010730194317589,-0.014131492354609,2,6,0.0142536236101029,0.0152045117863679,-0.0082236321554622,0.0069808796309057,0,1,0,0,TimeStop,4649.424419999999,1.6878110437177598,0.06941845717754458,False,False,True,False,HIGH,HIGH,HIGH / HIGH
1787302920,2.336439669683351,0.1989200140380635,1,-0.0069668903923047,-0.0053613749746345,-0.00685458088773,-0.009506744313374,-0.0183400144726111,0.0011167138238961,-0.0140884616022736,1,5,0.0142542457459584,0.0152051754261698,-0.0079712947116261,0.0072338807145436,0,1,0,0,TimeStop,4759.088769999999,1.7098893188971125,0.06781883793270788,False,False,True,False,HIGH,HIGH,HIGH / HIGH
1787302980,2.4471754955227567,0.1676983017460613,1,-0.0024207453292745,-0.0005692171960836,-0.0024204886360633,-0.0038548903008727,-0.0129337441451487,0.0058252673909008,-0.0085096366481925,43,4,0.0143349040390933,0.0101506763481078,-0.0082457560269641,0.0060891480121291,0,0,0,0,TimeStop,5074.325819999999,1.7719477734643883,0.07051062006893362,False,False,True,False,HIGH,HIGH,HIGH / HIGH
1787303040,2.4989087510835017,0.1707398193921933,1,-0.003492619527585,0.0008370932095645,-0.0024182835440345,-0.0004021695318624,-0.0141357902111089,0.0066169796978243,-0.0077292077324446,42,3,0.0143461874302689,0.010158666220354,-0.0090352632418589,0.00531092418841,0,0,0,0,TimeStop,5208.673919999999,1.7979894663203235,0.06869192917340466,False,False,True,False,HIGH,HIGH,HIGH / HIGH
1787303100,2.4951839112925565,0.1542421733413168,1,-6.185116552153291e-05,0.0013080042737741,4.564898910638838e-05,0.0004200992884801,-0.0102013274726032,0.0077225230697774,-0.0066394204352907,41,2,0.0143619435050682,0.0101698232406848,-0.007676874080671,0.0066850694243971,0,0,0,0,TimeStop,5320.13292,1.8219987267081392,0.06725280465361004,False,False,True,False,HIGH,HIGH,HIGH / HIGH
1787303160,2.5386939093408323,0.1547215633598975,1,-0.0002407934782161,0.0025289106611151,0.0007279144376217,0.0007536539863353,-0.0079777157283057,0.0085770611201027,-0.0057970611612861,40,1,0.0143741222813888,0.0101784471433219,-0.007849146682481,0.0065249755989078,0,0,0,0,TimeStop,5465.174549999999,1.8450193415741392,0.06546796570294357,False,False,True,False,HIGH,HIGH,HIGH / HIGH
1787303220,2.512840740466012,0.1498369806017605,1,6.491270143214416e-05,0.0036679540160482,0.0008706544874638,0.0011214184352586,-0.0084328554092758,0.0093395725086465,-0.0022858544147206,39,8,0.0116254269233672,0.0101861423231586,-0.0084689180211826,0.0031565089021845,0,0,0,0,TimeStop,5579.68895,1.8631431510259493,0.06412433797048848,False,False,True,False,HIGH,HIGH,HIGH / HIGH
1787303280,2.5187901561369896,0.1517730999969958,1,-0.0004977022787709,0.0022934728650554,7.247966449755634e-05,0.0010686566518565,-0.0074019374599624,0.0088949155579723,-0.0027253898710764,38,7,0.0116203054290487,0.0101816548948363,-0.0088224358934747,0.002797869535574,0,0,0,0,TimeStop,5679.46926,1.877860094645157,0.06299776328043723,False,False,True,False,HIGH,HIGH,HIGH / HIGH
1787303340,2.5136735961234407,0.1576336574629792,1,-0.002369919114915,0.0009524130108892,-0.0005540003916033,-0.0011803343222772,-0.0108162409480294,0.0068608939962904,-0.0047359838671798,37,6,0.0115968778634703,0.0101611277762332,-0.0074148943878938,0.0041819834755764,0,0,0,0,TimeStop,5746.423919999999,1.88750557143207,0.06226374263039056,False,False,True,False,HIGH,HIGH,HIGH / HIGH
1787303400,2.5143564586207536,0.157474224696379,1,-0.004065502775089,-0.0006089593236728,-0.0002196667429684,-0.0018951388981558,-0.0111489853757379,0.0055385017291056,-0.0060431450118713,36,5,0.011581646740977,0.0101477823410521,-0.0057581684720741,0.0058234782689028,0,0,0,0,TimeStop,5834.0504900000005,1.9017615762505862,0.06132855048362805,False,False,True,False,HIGH,HIGH,HIGH / HIGH
1787303460,2.380913377279875,0.1614563187360039,1,-0.0056490281244003,-0.0006324122425473,0.0002536570385086,-0.0031793647499773,-0.0124935384105841,0.0044753356021048,-0.0070940657454947,35,4,0.0115694013475995,0.0101370529871481,-0.0042216785635961,0.0073477227840033,0,0,0,0,TimeStop,5879.882570000001,1.9085938167776466,0.06085051116930724,False,True,True,False,HIGH,HIGH,HIGH / HIGH
1787303520,2.3185478233530508,0.1691675040111052,1,-0.0037064089006029,-0.0010653365914577,-0.001950856038394,-0.008766117791364,-0.0163550412088421,0.0029815090382752,-0.0085706866314463,34,3,0.0115521956697216,0.0101219774561774,-0.0049323650766692,0.0066198305930523,0,0,0,0,TimeStop,5908.69972,1.909688642425301,0.06055373888588808,False,False,True,False,HIGH,HIGH,HIGH / HIGH
1787303580,2.3557139185972176,0.1664283582070015,1,-0.004455205538431,0.0017884815338704,-0.0008095137900194,-0.0095390801261229,-0.0164504720905242,0.0030021762802347,-0.0085502574317847,33,2,0.0115524337120194,0.0101221860276768,-0.0038116900702541,0.0077407436417652,0,0,0,0,TimeStop,5849.407180000001,1.8854782607414018,0.06116754210979717,False,False,True,False,HIGH,HIGH,HIGH / HIGH
1787303640,2.480521280885529,0.1473330770844092,1,-0.0022184311077505,0.0039840084988073,0.0021187955863005,-0.0042714877933003,-0.0143785869911189,0.006214637254158,-0.0053747971178114,32,1,0.0115894343719695,0.010154605825314,-0.0040958416678575,0.0074935927041119,0,0,0,0,TimeStop,5761.024780000001,1.8533195147688095,0.062105940117133114,False,True,True,False,HIGH,HIGH,HIGH / HIGH
1787303700,2.4664879315234023,0.1289632098879696,1,0.0013605016110286,0.0091426945432248,0.0060086565893924,-0.0013193914458381,-0.0089764496745854,0.0099426029925622,-0.0007358590697144,31,7,0.0106784620622766,0.0101922280395039,-0.0039339464031697,0.0067445156591068,0,0,0,0,TimeStop,5845.789330000001,1.8664372758344234,0.06120539756091414,False,True,True,False,HIGH,HIGH,HIGH / HIGH
1787303760,2.430097437474048,0.1345626180522541,1,0.0011894711670619,0.0062167137485605,0.0060925827140397,-0.0047650881272458,-0.0110758327423709,0.0080712185409831,-0.0025874567454797,30,6,0.0106586752864629,0.0101733422364656,-0.0019786358269434,0.0086800394595194,0,0,0,0,TimeStop,5853.737640000001,1.8637230521404646,0.0611222917739101,False,True,True,False,HIGH,HIGH,HIGH / HIGH
1787303820,2.197985068721061,0.1369545682299336,1,0.0016167793421353,0.0063889773176655,0.004391907826613,-0.0048500809867647,-0.0124581973218782,0.0071827157291938,-0.0034665651188724,29,5,0.0106492808480663,0.0101643755652462,-0.0027908079025808,0.0078584729454854,0,0,0,0,TimeStop,5877.684370000001,1.862801092533195,0.060873268701905466,False,True,True,False,HIGH,HIGH,HIGH / HIGH
1787303880,2.1174720832081415,0.128310476302691,1,0.0018560210875696,0.0054201065005639,0.0056734342089671,-0.0045929638711459,-0.0122622704724233,0.0082660226559113,-0.0023947123598319,28,4,0.0106607350157432,0.0101753081778533,-0.0025925884469441,0.0080681465687991,0,0,0,0,TimeStop,5882.897490000001,1.8588423098991917,0.060819325954292625,False,True,True,False,HIGH,HIGH,HIGH / HIGH
1787303940,2.088876555181369,0.1229059528927981,1,0.0043448877770449,0.0087235467833999,0.0085073851362507,-0.0033963287064601,-0.0117831943793332,0.0101450319621483,-0.0005355704495556,27,3,0.010680602411704,0.0101942709300738,-0.0016376468258976,0.0090429555858064,1,0,0,0,TimeStop,5876.979810000001,1.8519402656458621,0.06088056647586134,False,True,True,False,HIGH,HIGH,HIGH / HIGH
1787304000,1.9674271684624656,0.1297918394382814,1,0.0013699401716919,0.0029683966003159,0.0037480781229825,-0.0039192402715344,-0.014831952462446,0.0077848557376997,-0.0028707917387451,26,2,0.0106556474764449,0.0101704522950131,-0.0040367776147172,0.0066188698617276,0,0,0,0,TimeStop,5899.5122200000005,1.8540836735700386,0.06064804116974945,False,True,True,False,HIGH,HIGH,HIGH / HIGH
1787304060,1.8464223373632256,0.1267291734768296,1,0.0027703712266549,0.0062101319044786,0.0042336308211619,-0.0016772067613997,-0.0131912202364669,0.0088199783915936,-0.0018466137840417,25,1,0.0106665921756354,0.0101808986373162,-0.0045863475704316,0.0060802446052037,0,0,0,0,TimeStop,5891.6632899999995,1.8483561816445055,0.06072883706835189,False,True,True,False,HIGH,HIGH,HIGH / HIGH
1787304120,1.7894643756423638,0.123764653937752,1,0.003602807446652,0.0062165331706843,0.0045358669623265,-0.0003835267408804,-0.0082182645788457,0.0092740578030692,-0.0009114233529922,24,35,0.0086672149545035,0.0101854811560614,-0.0047381908407426,0.0054472903153187,0,0,0,0,TimeStop,5911.470199999999,1.848134702928051,0.06052535966433529,False,True,False,False,HIGH,HIGH,HIGH / HIGH
1787304180,1.682878917060069,0.1287044952169161,1,0.0027925650097953,0.0049764098389583,0.0046134446529611,0.0003652836293427,-0.0099140501530817,0.0093972948918252,-0.0007894299591826,23,34,0.0086682732620369,0.0101867248510078,-0.0047838502388641,0.0054028746121437,0,0,0,0,TimeStop,5910.854279999999,1.845830416349992,0.060531666498806,False,True,False,False,HIGH,HIGH,HIGH / HIGH
1787304240,1.5041822241000602,0.1309821866819577,1,0.0033302244884764,0.005502037233504,0.0047392498231152,-0.0016924788362874,-0.0080544065879693,0.0092527413598195,-0.0009325246730755,22,33,0.0086670318979846,0.010185266032895,-0.0045134915367043,0.0056717744961907,0,0,0,0,TimeStop,5904.879989999999,1.8428965962809658,0.060592909696036014,False,True,False,False,HIGH,HIGH,HIGH / HIGH
1787304300,1.4469885466120231,0.1333829601442256,1,0.0034706534024552,0.0050578856649092,0.0051208853870147,-0.0018643537394458,-0.006562277801977,0.0096432089971333,-0.0005459975915812,21,32,0.0086703850674426,0.0101892065887145,-0.0045223236101186,0.0056668829785959,0,0,0,0,TimeStop,5935.96281,1.8473839094721252,0.06027562359340321,False,True,False,False,NORMAL,HIGH,NORMAL / HIGH
1787304360,1.332474440589115,0.1349566370525752,1,0.0050451158833689,0.0062312769084019,0.0021656913042356,-0.0018817190440588,-0.0063640465080307,0.010181881461239,-1.2761349867297928e-05,20,31,0.0086750109567146,0.0101946428111063,-0.0080161901570033,0.0021784526541029,1,0,0,0,TimeStop,5826.365249999999,1.8106344283931628,0.06140944562306664,False,True,False,False,NORMAL,HIGH,NORMAL / HIGH
1787304420,1.1000177235315527,0.1461968788377547,1,0.0026508976196773,-0.0017383187918916,-0.0002693803212087,-0.0061098077431233,-0.009112043073104,0.0067127983142983,-0.0034468348968397,19,30,0.008645219950895,0.010159633211138,-0.006982178635507,0.003177454575631,0,0,0,0,TimeStop,5825.321609999999,1.80988224007436,0.061420447479808765,False,False,False,False,NORMAL,HIGH,NORMAL / HIGH
1787304480,1.031994705620925,0.1376918936381601,1,0.006271628466179,-0.0006809776973054,0.0009329535868124,-0.0049892511713664,-0.0085777220916775,0.0074907546703602,-0.002676729589503,18,29,0.0086519007081294,0.0101674842598633,-0.0065578010835478,0.0036096831763154,0,0,0,0,TimeStop,5821.973389999999,1.8075687298764775,0.06145577041189466,False,True,True,False,NORMAL,HIGH,NORMAL / HIGH
1787304540,0.9509931596113712,0.1387130309445556,1,0.0062162298843061,0.0025687453360905,0.0027981849180084,-0.0037585369089534,-0.0082755241240341,0.0084518181381834,-0.0017253650669422,17,28,0.0086601539111085,0.0101771832051256,-0.0056536332201749,0.0045235499849506,0,0,0,0,TimeStop,5814.3109699999995,1.802545174071811,0.06153676021907029,False,True,True,False,NORMAL,HIGH,NORMAL / HIGH
1787304600,0.8428423716641059,0.1410596162064358,1,0.0077716196311676,0.0017174601152222,0.0019740817315395,-0.004627940482832,-0.0073608191300217,0.0085704412823616,-0.0016079390542966,16,27,0.0086611725960546,0.0101783803366582,-0.0065963595508221,0.0035820207858361,0,0,0,0,TimeStop,5826.843249999999,1.8018767103354048,0.06140440795279675,False,True,True,False,NORMAL,HIGH,NORMAL / HIGH
1787304660,0.7754020088506489,0.1460582553881332,1,0.0050212699256998,-0.0004482680203358,0.0009506262775767,-0.0087240742667945,-0.0087739246514005,0.0068735714588561,-0.0032876842569144,15,26,0.008646600602059,0.0101612557157706,-0.0059229451812793,0.0042383105344912,0,0,0,0,TimeStop,5797.25551,1.788995378900259,0.06171780067013124,False,True,True,False,NORMAL,HIGH,NORMAL / HIGH
1787304720,0.7339464404054933,0.1553491266168857,1,0.0047644948386992,-0.0015012547024878,-0.00088278909001,-0.0139016185450378,-0.0094254415966368,0.0055569520218244,-0.0045910165175228,14,25,0.008635294036131,0.0101479685393472,-0.0064397411118344,0.0037082274275128,0,0,0,0,TimeStop,5778.70839,1.7804870204334595,0.06191588774736564,False,False,True,False,NORMAL,HIGH,NORMAL / HIGH
1787304780,0.5931453629535073,0.1480223185920318,1,0.0035574826501769,-0.0018523258156867,-0.0014718182316683,-0.0141614828982837,-0.0092127011710721,0.006398126510617,-0.0037583310677957,13,24,0.0086425176837144,0.0101564575784128,-0.0078699447422854,0.0022865128361273,0,0,0,0,TimeStop,5738.99009,1.7628278770291415,0.06234439411621287,False,False,True,False,NORMAL,HIGH,NORMAL / HIGH
1787304840,0.5438032742660174,0.1484758928107059,1,0.0043597165273041,-0.0032526539790402,-0.0030533416514894,-0.0183060608273503,-0.0104911694885039,0.005775052231252,-0.0043751173510686,12,23,0.0086371669876669,0.0101501695823207,-0.0088283938827414,0.0013217756995792,0,0,0,0,TimeStop,5742.9747800000005,1.7633128468953014,0.06230113725138106,False,False,True,False,NORMAL,HIGH,NORMAL / HIGH
1787304900,0.5111527962035918,0.1468272034933948,1,0.0015962696347265,-0.0012607062754714,-0.0022223206781128,-0.0134719763500389,-0.0107493285201245,0.0064061395381091,-0.0037503989068828,11,22,0.0086425864961753,0.010156538444992,-0.0086284602162219,0.00152807822877,0,0,0,0,TimeStop,5739.3589999999995,1.7567654012386649,0.06234038679232298,False,False,True,False,NORMAL,HIGH,NORMAL / HIGH
1787304960,0.4526985632098216,0.146445235093629,1,0.0034302575908938,-0.0017964531539601,-0.0020779753610942,-0.0129859659960199,-0.0087029259053577,0.0060328938095153,-0.004119877881238,10,21,0.0086393812211209,0.0101527716907533,-0.0081108691706095,0.0020419025201438,0,0,0,0,TimeStop,5695.69712,1.742678366377771,0.06281827359527854,False,False,True,False,NORMAL,HIGH,NORMAL / HIGH
1787305020,0.4213590453516914,0.1462545528631328,1,0.0026043427784763,-0.0027870766595579,-0.002340636229584,-0.012723616416432,-0.0109527403216809,0.0056508912832217,-0.0044980252806678,9,20,0.0086361007464243,0.0101489165638896,-0.0079915275128057,0.0021573890510838,0,0,0,0,TimeStop,5673.098059999999,1.7345706394098097,0.06306851322079915,False,False,True,False,NORMAL,HIGH,NORMAL / HIGH
1787305080,0.3954244267047719,0.14205281323897,1,0.0021777632836175,-0.0022159110686505,-0.0017492750315297,-0.0106563332837111,-0.0115514575729197,0.0065863371074807,-0.0035720198712712,8,19,0.0086441339560114,0.010158356978752,-0.0083356121390105,0.0018227448397414,0,0,0,0,TimeStop,5672.99882,1.7286873962646412,0.06306961650311078,False,False,True,False,NORMAL,HIGH,NORMAL / HIGH
1787305140,0.3730024174443482,0.1406246023244782,1,0.0021646041273548,-0.0015049800399214,-0.0023876877358308,-0.0118473055594668,-0.0134394396673717,0.0059028590256637,-0.0042486003685628,7,18,0.0086382645378826,0.0101514593942266,-0.0082905467614946,0.0018609126327319,0,0,0,0,TimeStop,5644.38243,1.7197538030584776,0.06338937243130778,False,False,True,False,NORMAL,HIGH,NORMAL / HIGH
1787305200,0.3494192283589184,0.1429111007178503,1,0.0015817425821793,0.0003895297885009,-0.0009763922351846,-0.0110340667808635,-0.0123097319023355,0.0061512068875645,-0.0040027588055687,6,17,0.0086403972433514,0.0101539656931332,-0.0071275991227491,0.003026366570384,0,0,0,0,TimeStop,5632.4599899999985,1.7152093163097024,0.06352355110115929,False,False,True,False,NORMAL,HIGH,NORMAL / HIGH
1787305260,0.3429612527614644,0.1499013017330769,1,0.0011802067452368,0.0008866299967205,-0.0018293076295711,-0.0126640724007203,-0.0127920713500515,0.0051109800910331,-0.0050324877493591,5,16,0.0086314642194841,0.0101434678403922,-0.0069402877206042,0.003203180119788,0,0,0,0,TimeStop,5560.8564799999995,1.6946086667173585,0.06434150230037947,False,False,True,False,NORMAL,HIGH,NORMAL / HIGH
1787305320,0.3373022159925702,0.151165881015595,1,-0.0043776118108398,-0.0008864638292905,-0.0042494915869215,-0.0158079857079327,-0.0131922832164173,0.0040511614802959,-0.0060816107889529,4,15,0.0086223629494762,0.0101327722692488,-0.0083006530672174,0.0018321192020313,0,0,0,0,TimeStop,5520.6404299999995,1.679535749916214,0.06481020898511951,False,False,True,False,NORMAL,HIGH,NORMAL / HIGH
1787305380,0.3439339893649901,0.1631387071012448,1,-0.0069092737654564,-0.0025933571525118,-0.0055321716054029,-0.0181808402533386,-0.0146842349078981,0.0012115279509961,-0.0088925870535788,3,14,0.0085979773883888,0.010104115004575,-0.0067436995563991,0.0033604154481758,0,0,0,0,TimeStop,5518.58086,1.6720801031012789,0.06483439657346979,False,False,True,False,NORMAL,HIGH,NORMAL / HIGH
1787305440,0.3428063693893678,0.1570966599846842,1,-0.0036249510193599,-0.0018578113761948,-0.0044753981627272,-0.0173663864411357,-0.0134302868654129,0.0022217771761982,-0.0078925331508134,2,13,0.0086066529776648,0.0101143103270116,-0.0066971753389254,0.0034171349880862,0,0,0,0,TimeStop,5513.3022200000005,1.6641740009141728,0.06489647142905944,False,False,True,False,NORMAL,HIGH,NORMAL / HIGH
1787305500,0.3174794760900385,0.1647533999776371,1,-0.0060074717307093,-0.003105643999386,-0.0047483060646067,-0.017952688574106,-0.0136616920683546,0.0007926613883871,-0.0093072264615837,1,12,0.0085943803410781,0.0100998878499708,-0.0055409674529939,0.0045589203969769,0,0,0,0,TimeStop,5479.94653,1.6502226786437386,0.06529148743354618,False,False,True,False,NORMAL,HIGH,NORMAL / HIGH
1787305560,0.3147701661562579,0.1601893150333403,1,-0.0054422111349346,-0.0001233641151302,-0.003268957293261,-0.0178681095708565,-0.0117064235758667,0.0016016880813133,-0.0082674411291102,2,11,0.0086034006053407,0.0098691292104236,-0.0048706453745743,0.0049984838358492,0,0,0,0,TimeStop,5452.55839,1.6376683221834383,0.06561944584696139,False,False,True,False,NORMAL,HIGH,NORMAL / HIGH
1787305620,0.3171970299197075,0.1625440374325941,1,-0.0062360379704629,-0.001984391260301,-0.0045520063371796,-0.020821741541818,-0.0124911038254604,0.0005475944220457,-0.009311148437549,1,10,0.0085943463174595,0.0098587428595947,-0.0050996007592253,0.0047591421003693,0,0,0,0,TimeStop,5321.14765,1.5937012820678287,0.06723997970625754,False,False,True,False,NORMAL,HIGH,NORMAL / HIGH
1787305680,0.3215886941139552,0.1526310863048481,1,-0.0053906313882265,0.0002519620472729,-0.0043025494745842,-0.0183974522785289,-0.0108956630152858,0.0019368702628351,-0.0072898800960092,1,9,0.0086118810662358,0.0092267503588444,-0.0062394197374194,0.002987330621425,0,0,0,0,TimeStop,5280.836429999999,1.574796465976298,0.06775325551978895,False,False,True,False,NORMAL,HIGH,NORMAL / HIGH
1787305740,0.3172410496969337,0.1574253325836073,1,-0.0075793267900719,-0.0002142922586059,-0.0059172520091018,-0.0199165295234545,-0.0116614857008795,0.0002358876024965,-0.0086969177821812,1,8,0.0085996748431239,0.0089328053846777,-0.0061531396115983,0.0027796657730794,0,0,0,0,TimeStop,5235.180719999999,1.5579160647622574,0.06834412776489596,False,False,True,False,NORMAL,HIGH,NORMAL / HIGH
1787305800,0.3196870174773051,0.1373372233887392,1,-0.0028524226744972,0.0007773739684215,-0.0029917935311152,-0.0154025952212592,-0.0071471478017037,0.0032906651656839,-0.0053381474189788,29,7,0.0086288125846627,0.0080133754993214,-0.0062824586967992,0.0023463538878635,0,0,0,0,TimeStop,5161.85315,1.533500849102587,0.06931500172568839,False,False,True,False,NORMAL,HIGH,NORMAL / HIGH
1787305860,0.3307791069273429,0.1494627774636441,1,-0.0052088430713686,-0.0019643025056562,-0.0051835120894669,-0.0172090759117073,-0.009360053681212,0.0010855221284678,-0.0075243250988451,28,6,0.008609847227313,0.0079957628175728,-0.0062690342179347,0.0023408130093782,0,0,0,0,TimeStop,5085.991139999999,1.509595278188482,0.0703488956530113,False,False,True,False,NORMAL,HIGH,NORMAL / HIGH
1787305920,0.3272217034941697,0.1436548203481311,1,-0.0053774148066157,-0.0016702828396804,-0.0037686956486123,-0.0157234410949477,-0.0093493601984782,0.0015297486973074,-0.0070839191055782,27,5,0.0086136678028857,0.0079993108963365,-0.0052984443459198,0.0033152234569658,0,0,0,0,TimeStop,5033.165569999999,1.493104218366876,0.07108724221841962,False,False,True,False,NORMAL,HIGH,NORMAL / HIGH
1787305980,0.3344634853087067,0.136679803420386,1,-0.004384126761975,-0.0003611678666719,-0.0028515343738762,-0.0137694928757139,-0.0087204481249902,0.0028880612872904,-0.0057372886982142,26,4,0.0086253499855046,0.0080101598648427,-0.0057395956611666,0.002885754324338,0,0,0,0,TimeStop,4947.761359999999,1.46599969984075,0.07231429205389164,False,False,True,False,NORMAL,HIGH,NORMAL / HIGH
1787306040,0.3577283665000346,0.1406141482925581,1,-0.0036616581269816,-0.000758613490717,-0.0032297748430548,-0.0137381662763449,-0.0098565960501634,0.0022202540708394,-0.0063993524312326,25,3,0.008619606502072,0.0080048260267314,-0.0054500289138942,0.0031695775881777,0,0,0,0,TimeStop,4815.68965,1.4231904576673036,0.07429753285700211,False,False,True,False,NORMAL,HIGH,NORMAL / HIGH
1787306100,0.3533898176474265,0.1336053795537187,1,-0.0011903299980336,6.26826802755092e-05,-0.0023830955194316,-0.0136935378386754,-0.009331643678317,0.0030510698485028,-0.0055756820939553,24,2,0.0086267519424581,0.0080114618293242,-0.0054341653679344,0.0031925865745237,0,0,0,0,TimeStop,4750.5865300000005,1.4022324966264368,0.0753157231723974,False,False,True,False,NORMAL,HIGH,NORMAL / HIGH
1787306160,0.3706361063235633,0.1375738849386947,1,-0.0002932306756949,-0.0040404086987412,-0.0027369477440903,-0.0158732720815572,-0.0087395295575624,0.0024159184416473,-0.0062053708740337,23,1,0.0086212893156811,0.0080063888161897,-0.0051528661857376,0.0034684231299434,0,0,0,0,TimeStop,4562.0692,1.346261314340237,0.07842797737482807,False,False,True,False,NORMAL,HIGH,NORMAL / HIGH
1787306220,0.4277031031525761,0.1166335021152626,1,0.0035064980689103,0.0014714964005281,0.0019299958911343,-0.0106018516790822,-0.0046069997932054,0.0069487830460967,-0.0011351175993928,22,9,0.0080839006454895,0.0080425932257633,-0.0050187871549623,0.0030651134905271,0,0,0,0,TimeStop,4356.4680499999995,1.2751560913620343,0.08212934328762035,False,True,True,False,NORMAL,HIGH,NORMAL / HIGH
1787306280,0.447835749329667,0.1193854857666969,1,0.0043459439293215,0.0016150310842667,0.0012067063541837,-0.0128420314605585,-0.0048664486104544,0.0066606845935888,-0.0014209031643879,21,8,0.0080815877579768,0.0080402921567303,-0.0054539782394051,0.0026276095185717,0,0,0,0,TimeStop,4280.991930000001,1.2507159580841496,0.08357732643518435,False,True,True,False,NORMAL,HIGH,NORMAL / HIGH
1787306340,0.4703195958261462,0.1235616349140358,1,0.0017735687429878,0.0002288517201291,-0.0012923768760418,-0.0152532302683417,-0.0067517033280791,0.0043548569894946,-0.0037082193192695,20,7,0.0080630763087641,0.0080218752980175,-0.0056472338655365,0.0024158424432276,0,0,0,0,TimeStop,4167.07817,1.217445720448844,0.08586204659558859,False,False,True,False,NORMAL,HIGH,NORMAL / HIGH
1787306400,0.5072985837134716,0.1239026750036248,1,0.0029193657384687,0.0002561816345776,-0.0011681060288762,-0.0152243066779381,-0.0057461001035518,0.0053266251602741,-0.0027442526151338,19,6,0.008070877775408,0.0080296369004335,-0.0064947311891504,0.0015761465862575,0,0,0,0,TimeStop,4016.8979400000003,1.1709632426581795,0.08907218090783754,False,False,True,False,NORMAL,HIGH,NORMAL / HIGH
1787306460,0.5289018902024921,0.1216217699981038,1,0.0053479517021066,0.001399521658716,-0.000951309680029,-0.0141648867368201,-0.0054243032694538,0.0058097887079631,-0.0022649679599772,18,5,0.0080747566679404,0.0080334959724548,-0.0067610983879921,0.0013136582799482,0,0,0,0,TimeStop,3871.0811400000007,1.1271661689304247,0.09242737288632497,False,False,True,False,NORMAL,HIGH,NORMAL / HIGH
1787306520,0.5423462246678834,0.1254981599892836,1,0.0042783265167704,0.0006193954828592,-0.0026704683670742,-0.0149812748521193,-0.0043846003890368,0.0055538699945424,-0.0027989736539745,17,60,0.0,0.0083528436485169,-0.0082243383616167,0.0001285052869002,0,0,0,0,TimeStop,3772.60507,1.097587572469547,0.09483999871738495,False,False,False,False,NORMAL,HIGH,NORMAL / HIGH
1787306580,0.6088307800076183,0.1152392708067123,1,0.0056731754330598,0.0003812137160258,-0.0014378820419519,-0.0125153376443204,-0.0035178962663827,0.0067490138041051,-0.0019257532573315,16,60,0.0,0.0086747670614366,-0.008186895846057,0.0004878712153795,0,0,0,0,TimeStop,3437.5702100000003,1.002791012312859,0.053929339235226845,False,False,False,False,NORMAL,HIGH,NORMAL / HIGH
1787306640,0.6455526019317608,0.1133314447366118,1,0.0074212828594593,0.0001999627371434,0.0020210013665192,-0.0128507926468821,-0.001782797204436,0.0075392261094423,-0.0011423499059479,15,59,0.0031634800314738,0.0086815760153903,-0.005518224742923,0.0031633512724672,0,0,0,0,TimeStop,3328.88306,0.9691125794968246,0.05569011787395139,False,True,False,False,NORMAL,HIGH,NORMAL / HIGH
1787306700,0.663305297210554,0.1158793961337097,1,0.0036401799748182,-0.0009628282462536,0.0003744332068763,-0.0125091808142071,-0.0017246815260416,0.0061606606483042,-0.0025090368014352,14,58,0.0036007050453845,0.0086696974497395,-0.0057862274414279,0.0028834700083115,0,0,0,0,TimeStop,3229.07196,0.9394737165740322,0.05741150779433233,False,True,False,False,NORMAL,HIGH,NORMAL / HIGH
1787306760,0.7314302785410329,0.116272536938922,1,0.003261529360323,-0.0002820288587668,2.572082615293603e-05,-0.0111512641786054,-0.0013544587052137,0.0063273232336222,-0.0023438102831862,13,57,0.0036013014738033,0.0086711335168085,-0.0063016024074693,0.0023695311093392,0,0,0,0,TimeStop,3073.1623499999996,0.8930895425910544,0.045133505556580834,False,True,False,False,NORMAL,HIGH,NORMAL / HIGH
1787306820,0.755533452896834,0.1119173094908152,1,0.0037271745304421,0.0004476881712267,0.0002505458089618,-0.009806030960616,-0.001986093485114,0.0069445069986825,-0.0017319445520376,12,56,0.0036035101635123,0.0086764515507202,-0.0066939611897207,0.0019824903609995,0,0,0,0,TimeStop,2952.4185399999997,0.8582304861967915,0.04357918372914703,False,True,False,False,NORMAL,LOW,NORMAL / LOW
1787306880,0.7761858753389199,0.1145849679566782,1,0.0040406737211001,0.0004676723574742,0.000996104790018,-0.0111148456816384,-0.0010630438557725,0.0073042106345836,-0.0013753403433124,11,55,0.0036047974198594,0.008679550977896,-0.0063081058445656,0.0023714451333304,0,0,0,0,TimeStop,2855.3429499999997,0.8297565218069027,0.044773588405553885,False,True,False,False,NORMAL,HIGH,NORMAL / HIGH
1787306940,0.8163901615923755,0.1183412183544282,1,0.0029137136595657,-0.0008840381556882,-0.0006266811122554,-0.0131255948649941,-0.0012136402832417,0.0059035289024044,-0.002763952942483,10,54,0.0035997848587672,0.0086674818448874,-0.0065302100146599,0.0021372718302275,0,0,0,0,TimeStop,2785.26112,0.8086988477718465,0.04590016680375016,False,False,False,False,NORMAL,HIGH,NORMAL / HIGH
1787307000,0.8532961642897781,0.1305336444133739,1,0.0012545059543793,-0.0013653901635439,-0.0016758402815637,-0.0153110045390655,-0.0034157213274481,0.0042464545287473,-0.0044067489468566,9,53,0.0035938547560598,0.0086532034756039,-0.005922294810311,0.0027309086652928,0,0,0,0,TimeStop,2702.9800999999998,0.7842680673522798,0.04729740703603405,False,False,False,False,NORMAL,HIGH,NORMAL / HIGH
1787307060,0.8886319048559314,0.1380604101805594,1,-0.0037482771328827,-0.0027135317276648,-0.0034321511991771,-0.0155375832345359,-0.0049528104838483,0.0027099437559809,-0.0059300202002806,8,52,0.0035883561092649,0.0086399639562616,-0.0061420949551581,0.0024978690011034,0,0,0,0,TimeStop,2682.07293,0.7766958621873374,0.047666097580724626,False,False,False,False,NORMAL,HIGH,NORMAL / HIGH
1787307120,0.8905552144218148,0.1345991907235038,1,-0.0020278908729522,-0.0033660116051678,-0.0068285833360048,-0.0148221716410732,-0.0045202449267463,0.003430256788382,-0.0079824319558876,7,60,0.0,0.0114126887442696,-0.0102588401243868,0.0011538486198828,0,0,0,0,TimeStop,2632.50047,0.7636354496737395,0.04856369503326243,False,False,False,False,NORMAL,HIGH,NORMAL / HIGH
1787307180,0.8813759529074234,0.1381967510035136,1,-0.0027190958071385,-0.0029464556647638,-0.0087366387656627,-0.0141397337033259,-0.0048532043073615,0.0023047244609873,-0.0093687632148916,6,60,0.0,0.0116734876758789,-0.0110413632266501,0.0006321244492288,0,0,0,0,TimeStop,2657.0526399999994,0.7682034166510145,0.04811494814795993,False,False,False,False,NORMAL,HIGH,NORMAL / HIGH
1787307240,0.8728404198606861,0.1376176359129991,1,-0.0015419822114062,-0.0026224588203623,-0.0063767723025913,-0.0145626670667578,-0.004431325032297,0.0025767182595421,-0.0090999372316506,5,59,0.0027232930538794,0.0116766554911928,-0.0089534905621335,0.0027231649290593,0,0,0,0,TimeStop,2636.01613,0.7602195640539079,0.048498925535785706,False,False,False,False,NORMAL,HIGH,NORMAL / HIGH
1787307300,0.9216983129487456,0.1351350649579704,1,-0.0026554319269029,-0.0016477794816803,-0.0072842793024012,-0.0154615595195806,-0.0043463818731191,0.0024002522077464,-0.0092743480459217,4,58,0.0027228137202141,0.0116746002536681,-0.0096845315101476,0.0019900687435205,0,0,0,0,TimeStop,2537.65937,0.7308303930285157,0.046166448257395555,False,False,False,False,NORMAL,HIGH,NORMAL / HIGH
1787307360,0.9357975369597452,0.1421725714770971,1,-0.0039274263569202,-0.0031459812793275,-0.0107919201749762,-0.0183018221657561,-0.00657247474783,0.0004593802624002,-0.0111926153440169,3,57,0.0027175417415306,0.0116519956064171,-0.0112513004373764,0.0004006951690406,0,1,0,0,TimeStop,2526.9926599999994,0.7256672824927706,0.046361321840958584,False,False,False,False,NORMAL,HIGH,NORMAL / HIGH
1787307420,0.9460975764941156,0.135809475825743,1,-0.0036433436202908,-0.0025727203606774,-0.0092015763382406,-0.0166743142803254,-0.0067656429100991,0.0012701095344713,-0.0103913283482665,2,56,0.002719743920531,0.0116614378827379,-0.010471685872712,0.0011897520100258,0,1,0,0,TimeStop,2493.7234599999997,0.7149126548694497,0.04697983632876438,False,False,False,False,NORMAL,HIGH,NORMAL / HIGH
