instance,rank,load
setA-01,1,0.929383900
setA-01,2,0.729592816
setA-01,3,0.611936062
setA-01,4,0.588166209
setA-01,5,0.554974599
setA-01,6,0.551952874
setA-01,7,0.491583056
setA-01,8,0.469690769
setA-01,9,0.463052534
setA-01,10,0.462986842
setA-01,11,0.453778495
setA-01,12,0.450331034
setA-01,13,0.418448014
setA-01,14,0.407251676
setA-01,15,0.403629352
setA-01,16,0.391841576
setA-01,17,0.374607216
setA-01,18,0.350181722
setA-01,19,0.349999271
setA-01,20,0.349999271
setA-01,21,0.349542100
setA-01,22,0.330995309
setA-01,23,0.325580131
setA-01,24,0.322752034
setA-01,25,0.302389267
setA-01,26,0.298948233
setA-01,27,0.284255800
setA-01,28,0.281212240
setA-01,29,0.273597306
setA-01,30,0.267697200
setA-01,31,0.257887107
setA-01,32,0.225721399
setA-01,33,0.210085813
setA-01,34,0.183670307
setA-01,35,0.177915892
setA-01,36,0.176970686
setA-01,37,0.176155194
setA-01,38,0.163017184
setA-01,39,0.161518064
setA-01,40,0.154048694
setA-01,41,0.142503272
setA-01,42,0.136540180
setA-01,43,0.129855894
setA-01,44,0.120055947
setA-01,45,0.112023824
setA-01,46,0.110251859
setA-01,47,0.103033186
setA-01,48,0.101855496
setA-01,49,0.095288986
setA-01,50,0.092224212
setA-01,51,0.078554028
setA-01,52,0.076225779
setA-01,53,0.052593280
setA-01,54,0.050111474
setA-01,55,0.014008968
setA-01,56,0.000000000
setA-01,57,0.000000000
setA-01,58,0.000000000
setA-01,59,0.000000000
setA-01,60,0.000000000
setA-01,61,0.000000000
setA-01,62,0.000000000
setA-01,63,0.000000000
setA-01,64,0.000000000
setA-01,65,0.000000000
setA-01,66,0.000000000
setA-01,67,0.000000000
setA-01,68,0.000000000
setA-01,69,0.000000000
setA-01,70,0.000000000
setA-01,71,0.000000000
setA-01,72,0.000000000
setA-01,73,0.000000000
setA-01,74,0.000000000
setA-01,75,0.000000000
setA-01,76,0.000000000
setA-01,77,0.000000000
setA-01,78,0.000000000
setA-01,79,0.000000000
setA-01,80,0.000000000
setA-02,1,0.903074709
setA-02,2,0.677856689
setA-02,3,0.575131896
setA-02,4,0.573776888
setA-02,5,0.548578044
setA-02,6,0.539336458
setA-02,7,0.538769866
setA-02,8,0.522807865
setA-02,9,0.521294298
setA-02,10,0.502721975
setA-02,11,0.497146797
setA-02,12,0.495466826
setA-02,13,0.480551780
setA-02,14,0.478554223
setA-02,15,0.432274066
setA-02,16,0.401123012
setA-02,17,0.377388509
setA-02,18,0.365954048
setA-02,19,0.348753086
setA-02,20,0.341382088
setA-02,21,0.328813902
setA-02,22,0.324877855
setA-02,23,0.319625231
setA-02,24,0.311857238
setA-02,25,0.311619536
setA-02,26,0.304560194
setA-02,27,0.285363958
setA-02,28,0.284523017
setA-02,29,0.282599649
setA-02,30,0.277828809
setA-02,31,0.273572965
setA-02,32,0.270868840
setA-02,33,0.261501632
setA-02,34,0.254489496
setA-02,35,0.252170122
setA-02,36,0.242606175
setA-02,37,0.228479781
setA-02,38,0.214467825
setA-02,39,0.213699271
setA-02,40,0.198559146
setA-02,41,0.190399727
setA-02,42,0.190219054
setA-02,43,0.187294553
setA-02,44,0.183066780
setA-02,45,0.178887396
setA-02,46,0.172272581
setA-02,47,0.170182161
setA-02,48,0.165991904
setA-02,49,0.162651894
setA-02,50,0.154607503
setA-02,51,0.151346724
setA-02,52,0.144210714
setA-02,53,0.143226141
setA-02,54,0.129686773
setA-02,55,0.129500386
setA-02,56,0.121651806
setA-02,57,0.121040168
setA-02,58,0.118649601
setA-02,59,0.112909296
setA-02,60,0.106957236
setA-02,61,0.095816418
setA-02,62,0.093281380
setA-02,63,0.089194569
setA-02,64,0.083746816
setA-02,65,0.071233125
setA-02,66,0.070709714
setA-02,67,0.060773538
setA-02,68,0.058761529
setA-02,69,0.056932583
setA-02,70,0.047217250
setA-02,71,0.042965972
setA-02,72,0.039154709
setA-02,73,0.037429557
setA-02,74,0.036510758
setA-02,75,0.031994869
setA-02,76,0.000000000
setA-02,77,0.000000000
setA-02,78,0.000000000
setA-02,79,0.000000000
setA-02,80,0.000000000
setA-02,81,0.000000000
setA-02,82,0.000000000
setA-02,83,0.000000000
setA-02,84,0.000000000
setA-02,85,0.000000000
setA-02,86,0.000000000
setA-02,87,0.000000000
setA-02,88,0.000000000
setA-02,89,0.000000000
setA-02,90,0.000000000
setA-02,91,0.000000000
setA-02,92,0.000000000
setA-02,93,0.000000000
setA-02,94,0.000000000
setA-02,95,0.000000000
setA-02,96,0.000000000
setA-02,97,0.000000000
setA-02,98,0.000000000
setA-02,99,0.000000000
setA-02,100,0.000000000
setA-02,101,0.000000000
setA-02,102,0.000000000
setA-02,103,0.000000000
setA-02,104,0.000000000
setA-02,105,0.000000000
setA-02,106,0.000000000
setA-02,107,0.000000000
setA-02,108,0.000000000
setA-02,109,0.000000000
setA-02,110,0.000000000
setA-02,111,0.000000000
setA-02,112,0.000000000
setA-02,113,0.000000000
setA-02,114,0.000000000
setA-02,115,0.000000000
setA-02,116,0.000000000
setA-02,117,0.000000000
setA-02,118,0.000000000
setA-02,119,0.000000000
setA-02,120,0.000000000
setA-02,121,0.000000000
setA-02,122,0.000000000
setA-02,123,0.000000000
setA-02,124,0.000000000
setA-02,125,0.000000000
setA-02,126,0.000000000
setA-02,127,0.000000000
setA-02,128,0.000000000
setA-02,129,0.000000000
setA-02,130,0.000000000
setA-02,131,0.000000000
setA-02,132,0.000000000
setA-02,133,0.000000000
setA-02,134,0.000000000
setA-02,135,0.000000000
setA-02,136,0.000000000
setA-02,137,0.000000000
setA-02,138,0.000000000
setA-02,139,0.000000000
setA-02,140,0.000000000
setA-02,141,0.000000000
setA-02,142,0.000000000
setA-02,143,0.000000000
setA-02,144,0.000000000
setA-02,145,0.000000000
setA-02,146,0.000000000
setA-02,147,0.000000000
setA-02,148,0.000000000
setA-02,149,0.000000000
setA-02,150,0.000000000
setA-03,1,0.982168293
setA-03,2,0.729609966
setA-03,3,0.649755899
setA-03,4,0.639224079
setA-03,5,0.630137747
setA-03,6,0.601922365
setA-03,7,0.599340112
setA-03,8,0.549759387
setA-03,9,0.544626984
setA-03,10,0.462742584
setA-03,11,0.462054129
setA-03,12,0.437986869
setA-03,13,0.425477982
setA-03,14,0.418182323
setA-03,15,0.405700760
setA-03,16,0.402612327
setA-03,17,0.389467365
setA-03,18,0.364481111
setA-03,19,0.360070652
setA-03,20,0.349556424
setA-03,21,0.339535413
setA-03,22,0.306854255
setA-03,23,0.299421805
setA-03,24,0.291444005
setA-03,25,0.286209241
setA-03,26,0.284945911
setA-03,27,0.277296238
setA-03,28,0.276323429
setA-03,29,0.275225936
setA-03,30,0.271211111
setA-03,31,0.265112917
setA-03,32,0.256014497
setA-03,33,0.255517041
setA-03,34,0.248564544
setA-03,35,0.238415457
setA-03,36,0.230278523
setA-03,37,0.218560904
setA-03,38,0.201556528
setA-03,39,0.200772390
setA-03,40,0.192108872
setA-03,41,0.186480043
setA-03,42,0.184750369
setA-03,43,0.172085714
setA-03,44,0.166725921
setA-03,45,0.165673359
setA-03,46,0.156953589
setA-03,47,0.151559150
setA-03,48,0.144482857
setA-03,49,0.134854368
setA-03,50,0.133175559
setA-03,51,0.127079630
setA-03,52,0.124771118
setA-03,53,0.123126043
setA-03,54,0.117774027
setA-03,55,0.110920797
setA-03,56,0.094454379
setA-03,57,0.090354702
setA-03,58,0.035909524
setA-03,59,0.034129310
setA-03,60,0.027147600
setA-03,61,0.023012363
setA-03,62,0.022692747
setA-03,63,0.017753363
setA-03,64,0.014139286
setA-03,65,0.008450374
setA-03,66,0.000000000
setA-03,67,0.000000000
setA-03,68,0.000000000
setA-03,69,0.000000000
setA-03,70,0.000000000
setA-03,71,0.000000000
setA-03,72,0.000000000
setA-03,73,0.000000000
setA-03,74,0.000000000
setA-03,75,0.000000000
setA-03,76,0.000000000
setA-03,77,0.000000000
setA-03,78,0.000000000
setA-03,79,0.000000000
setA-03,80,0.000000000
setA-03,81,0.000000000
setA-03,82,0.000000000
setA-03,83,0.000000000
setA-03,84,0.000000000
setA-03,85,0.000000000
setA-03,86,0.000000000
setA-03,87,0.000000000
setA-03,88,0.000000000
setA-03,89,0.000000000
setA-03,90,0.000000000
setA-03,91,0.000000000
setA-03,92,0.000000000
setA-03,93,0.000000000
setA-03,94,0.000000000
setA-03,95,0.000000000
setA-03,96,0.000000000
setA-03,97,0.000000000
setA-03,98,0.000000000
setA-03,99,0.000000000
setA-03,100,0.000000000
setA-03,101,0.000000000
setA-03,102,0.000000000
setA-03,103,0.000000000
setA-03,104,0.000000000
setA-03,105,0.000000000
setA-03,106,0.000000000
setA-03,107,0.000000000
setA-03,108,0.000000000
setA-03,109,0.000000000
setA-03,110,0.000000000
setA-03,111,0.000000000
setA-03,112,0.000000000
setA-03,113,0.000000000
setA-03,114,0.000000000
setA-03,115,0.000000000
setA-03,116,0.000000000
setA-03,117,0.000000000
setA-03,118,0.000000000
setA-03,119,0.000000000
setA-03,120,0.000000000
setA-03,121,0.000000000
setA-03,122,0.000000000
setA-03,123,0.000000000
setA-03,124,0.000000000
setA-03,125,0.000000000
setA-03,126,0.000000000
setA-03,127,0.000000000
setA-03,128,0.000000000
setA-03,129,0.000000000
setA-03,130,0.000000000
setA-03,131,0.000000000
setA-03,132,0.000000000
setA-03,133,0.000000000
setA-03,134,0.000000000
setA-03,135,0.000000000
setA-03,136,0.000000000
setA-03,137,0.000000000
setA-03,138,0.000000000
setA-03,139,0.000000000
setA-03,140,0.000000000
setA-03,141,0.000000000
setA-03,142,0.000000000
setA-03,143,0.000000000
setA-03,144,0.000000000
setA-03,145,0.000000000
setA-03,146,0.000000000
setA-03,147,0.000000000
setA-03,148,0.000000000
setA-03,149,0.000000000
setA-03,150,0.000000000
setA-03,151,0.000000000
setA-03,152,0.000000000
setA-03,153,0.000000000
setA-03,154,0.000000000
setA-03,155,0.000000000
setA-03,156,0.000000000
setA-03,157,0.000000000
setA-03,158,0.000000000
setA-03,159,0.000000000
setA-03,160,0.000000000
setA-03,161,0.000000000
setA-03,162,0.000000000
setA-03,163,0.000000000
setA-03,164,0.000000000
setA-03,165,0.000000000
setA-03,166,0.000000000
setA-03,167,0.000000000
setA-03,168,0.000000000
setA-03,169,0.000000000
setA-03,170,0.000000000
setA-03,171,0.000000000
setA-03,172,0.000000000
setA-03,173,0.000000000
setA-03,174,0.000000000
setA-03,175,0.000000000
setA-03,176,0.000000000
setA-03,177,0.000000000
setA-03,178,0.000000000
setA-03,179,0.000000000
setA-03,180,0.000000000
setA-03,181,0.000000000
setA-03,182,0.000000000
setA-03,183,0.000000000
setA-03,184,0.000000000
setA-03,185,0.000000000
setA-03,186,0.000000000
setA-03,187,0.000000000
setA-03,188,0.000000000
setA-03,189,0.000000000
setA-03,190,0.000000000
setA-03,191,0.000000000
setA-03,192,0.000000000
setA-03,193,0.000000000
setA-03,194,0.000000000
setA-03,195,0.000000000
setA-03,196,0.000000000
setA-03,197,0.000000000
setA-03,198,0.000000000
setA-03,199,0.000000000
setA-03,200,0.000000000
setA-03,201,0.000000000
setA-03,202,0.000000000
setA-03,203,0.000000000
setA-03,204,0.000000000
setA-03,205,0.000000000
setA-03,206,0.000000000
setA-03,207,0.000000000
setA-03,208,0.000000000
setA-03,209,0.000000000
setA-03,210,0.000000000
setA-03,211,0.000000000
setA-03,212,0.000000000
setA-03,213,0.000000000
setA-03,214,0.000000000
setA-03,215,0.000000000
setA-03,216,0.000000000
setA-03,217,0.000000000
setA-03,218,0.000000000
setA-03,219,0.000000000
setA-03,220,0.000000000
setA-03,221,0.000000000
setA-03,222,0.000000000
setA-03,223,0.000000000
setA-03,224,0.000000000
setA-03,225,0.000000000
setA-03,226,0.000000000
setA-03,227,0.000000000
setA-03,228,0.000000000
setA-03,229,0.000000000
setA-03,230,0.000000000
setA-03,231,0.000000000
setA-03,232,0.000000000
setA-03,233,0.000000000
setA-03,234,0.000000000
setA-03,235,0.000000000
setA-03,236,0.000000000
setA-03,237,0.000000000
setA-03,238,0.000000000
setA-03,239,0.000000000
setA-03,240,0.000000000
setA-03,241,0.000000000
setA-03,242,0.000000000
setA-03,243,0.000000000
setA-03,244,0.000000000
setA-03,245,0.000000000
setA-03,246,0.000000000
setA-03,247,0.000000000
setA-03,248,0.000000000
setA-03,249,0.000000000
setA-03,250,0.000000000
setA-04,1,0.588574874
setA-04,2,0.562218510
setA-04,3,0.558393846
setA-04,4,0.534762727
setA-04,5,0.526576016
setA-04,6,0.463018750
setA-04,7,0.417190838
setA-04,8,0.408062561
setA-04,9,0.376966386
setA-04,10,0.374509654
setA-04,11,0.347582656
setA-04,12,0.342957651
setA-04,13,0.337894431
setA-04,14,0.334293521
setA-04,15,0.325238571
setA-04,16,0.325083983
setA-04,17,0.314568474
setA-04,18,0.309279908
setA-04,19,0.309060155
setA-04,20,0.306602222
setA-04,21,0.303073791
setA-04,22,0.293161302
setA-04,23,0.280083376
setA-04,24,0.279757996
setA-04,25,0.279682632
setA-04,26,0.278437723
setA-04,27,0.278420675
setA-04,28,0.275420356
setA-04,29,0.270466949
setA-04,30,0.269403690
setA-04,31,0.267846109
setA-04,32,0.260336031
setA-04,33,0.259094769
setA-04,34,0.257918719
setA-04,35,0.256316392
setA-04,36,0.252291147
setA-04,37,0.250570814
setA-04,38,0.242952299
setA-04,39,0.242446491
setA-04,40,0.241450211
setA-04,41,0.240324548
setA-04,42,0.236675577
setA-04,43,0.231274463
setA-04,44,0.230610136
setA-04,45,0.228142238
setA-04,46,0.226097937
setA-04,47,0.223326836
setA-04,48,0.221170449
setA-04,49,0.215825289
setA-04,50,0.213372519
setA-04,51,0.212003758
setA-04,52,0.210867538
setA-04,53,0.207540582
setA-04,54,0.206876099
setA-04,55,0.206835232
setA-04,56,0.206459556
setA-04,57,0.205761277
setA-04,58,0.205689164
setA-04,59,0.204647319
setA-04,60,0.200067925
setA-04,61,0.195245200
setA-04,62,0.194036462
setA-04,63,0.191821649
setA-04,64,0.188215517
setA-04,65,0.185745583
setA-04,66,0.185288827
setA-04,67,0.185057588
setA-04,68,0.183640900
setA-04,69,0.183222605
setA-04,70,0.181169532
setA-04,71,0.175220182
setA-04,72,0.173384284
setA-04,73,0.172317935
setA-04,74,0.170874034
setA-04,75,0.170329754
setA-04,76,0.166241015
setA-04,77,0.165733288
setA-04,78,0.165706698
setA-04,79,0.164204896
setA-04,80,0.161187576
setA-04,81,0.157417090
setA-04,82,0.155769318
setA-04,83,0.155324103
setA-04,84,0.153198033
setA-04,85,0.146123897
setA-04,86,0.142636364
setA-04,87,0.138844374
setA-04,88,0.136946163
setA-04,89,0.136754021
setA-04,90,0.136685000
setA-04,91,0.135335389
setA-04,92,0.135023243
setA-04,93,0.131385276
setA-04,94,0.128689919
setA-04,95,0.125370588
setA-04,96,0.125157181
setA-04,97,0.120929508
setA-04,98,0.119399053
setA-04,99,0.116462524
setA-04,100,0.116302429
setA-04,101,0.113681877
setA-04,102,0.113598089
setA-04,103,0.112475103
setA-04,104,0.110031414
setA-04,105,0.103176237
setA-04,106,0.101071907
setA-04,107,0.094532085
setA-04,108,0.092263248
setA-04,109,0.091823588
setA-04,110,0.091790615
setA-04,111,0.091421399
setA-04,112,0.090890122
setA-04,113,0.090267423
setA-04,114,0.088852579
setA-04,115,0.087654521
setA-04,116,0.087598950
setA-04,117,0.087195027
setA-04,118,0.086222390
setA-04,119,0.084764900
setA-04,120,0.082967001
setA-04,121,0.081701958
setA-04,122,0.081699833
setA-04,123,0.080089805
setA-04,124,0.076235538
setA-04,125,0.075705140
setA-04,126,0.075481907
setA-04,127,0.074423451
setA-04,128,0.074112203
setA-04,129,0.073146585
setA-04,130,0.069761276
setA-04,131,0.069604722
setA-04,132,0.068267576
setA-04,133,0.067242661
setA-04,134,0.062109888
setA-04,135,0.059145367
setA-04,136,0.058782931
setA-04,137,0.055640724
setA-04,138,0.055402317
setA-04,139,0.053977509
setA-04,140,0.053558221
setA-04,141,0.052572764
setA-04,142,0.052353333
setA-04,143,0.052148828
setA-04,144,0.050642995
setA-04,145,0.048194431
setA-04,146,0.047549525
setA-04,147,0.047042433
setA-04,148,0.043636450
setA-04,149,0.041641959
setA-04,150,0.039878595
setA-04,151,0.039860920
setA-04,152,0.039801671
setA-04,153,0.038351570
setA-04,154,0.036605850
setA-04,155,0.036320118
setA-04,156,0.036160995
setA-04,157,0.032349020
setA-04,158,0.032252610
setA-04,159,0.030981587
setA-04,160,0.030420238
setA-04,161,0.028971667
setA-04,162,0.027715524
setA-04,163,0.027502434
setA-04,164,0.026396296
setA-04,165,0.025062292
setA-04,166,0.014682767
setA-04,167,0.014227861
setA-04,168,0.012900000
setA-04,169,0.012628027
setA-04,170,0.010727810
setA-04,171,0.008431287
setA-04,172,0.005366895
setA-04,173,0.000000000
setA-04,174,0.000000000
setA-04,175,0.000000000
setA-04,176,0.000000000
setA-04,177,0.000000000
setA-04,178,0.000000000
setA-04,179,0.000000000
setA-04,180,0.000000000
setA-04,181,0.000000000
setA-04,182,0.000000000
setA-04,183,0.000000000
setA-04,184,0.000000000
setA-04,185,0.000000000
setA-04,186,0.000000000
setA-04,187,0.000000000
setA-04,188,0.000000000
setA-04,189,0.000000000
setA-04,190,0.000000000
setA-04,191,0.000000000
setA-04,192,0.000000000
setA-04,193,0.000000000
setA-04,194,0.000000000
setA-04,195,0.000000000
setA-04,196,0.000000000
setA-04,197,0.000000000
setA-04,198,0.000000000
setA-04,199,0.000000000
setA-04,200,0.000000000
setA-04,201,0.000000000
setA-04,202,0.000000000
setA-04,203,0.000000000
setA-04,204,0.000000000
setA-04,205,0.000000000
setA-04,206,0.000000000
setA-04,207,0.000000000
setA-04,208,0.000000000
setA-04,209,0.000000000
setA-04,210,0.000000000
setA-04,211,0.000000000
setA-04,212,0.000000000
setA-04,213,0.000000000
setA-04,214,0.000000000
setA-04,215,0.000000000
setA-04,216,0.000000000
setA-04,217,0.000000000
setA-04,218,0.000000000
setA-04,219,0.000000000
setA-04,220,0.000000000
setA-04,221,0.000000000
setA-04,222,0.000000000
setA-04,223,0.000000000
setA-04,224,0.000000000
setA-04,225,0.000000000
setA-04,226,0.000000000
setA-04,227,0.000000000
setA-04,228,0.000000000
setA-04,229,0.000000000
setA-04,230,0.000000000
setA-04,231,0.000000000
setA-04,232,0.000000000
setA-04,233,0.000000000
setA-04,234,0.000000000
setA-04,235,0.000000000
setA-04,236,0.000000000
setA-04,237,0.000000000
setA-04,238,0.000000000
setA-04,239,0.000000000
setA-04,240,0.000000000
setA-04,241,0.000000000
setA-04,242,0.000000000
setA-04,243,0.000000000
setA-04,244,0.000000000
setA-04,245,0.000000000
setA-04,246,0.000000000
setA-04,247,0.000000000
setA-04,248,0.000000000
setA-04,249,0.000000000
setA-04,250,0.000000000
setA-05,1,0.204985875
setA-05,2,0.154636000
setA-05,3,0.132435693
setA-05,4,0.131520452
setA-05,5,0.125145295
setA-05,6,0.123705893
setA-05,7,0.119132488
setA-05,8,0.118386541
setA-05,9,0.117969148
setA-05,10,0.115523745
setA-05,11,0.113806726
setA-05,12,0.109206682
setA-05,13,0.108510158
setA-05,14,0.107624742
setA-05,15,0.104123573
setA-05,16,0.098108882
setA-05,17,0.097953325
setA-05,18,0.096721195
setA-05,19,0.096452214
setA-05,20,0.090104720
setA-05,21,0.081427355
setA-05,22,0.079579612
setA-05,23,0.079579612
setA-05,24,0.077082717
setA-05,25,0.076185477
setA-05,26,0.073754291
setA-05,27,0.073485835
setA-05,28,0.071570715
setA-05,29,0.069313523
setA-05,30,0.068748064
setA-05,31,0.068732937
setA-05,32,0.067713326
setA-05,33,0.065796584
setA-05,34,0.064808118
setA-05,35,0.063486621
setA-05,36,0.063333017
setA-05,37,0.062923743
setA-05,38,0.060043167
setA-05,39,0.059689388
setA-05,40,0.055106703
setA-05,41,0.054317631
setA-05,42,0.053718953
setA-05,43,0.051125191
setA-05,44,0.050481674
setA-05,45,0.047645508
setA-05,46,0.047645508
setA-05,47,0.046748495
setA-05,48,0.046609745
setA-05,49,0.045973146
setA-05,50,0.045529635
setA-05,51,0.045046757
setA-05,52,0.044734792
setA-05,53,0.044435285
setA-05,54,0.043229003
setA-05,55,0.042093763
setA-05,56,0.041314779
setA-05,57,0.040722776
setA-05,58,0.040472028
setA-05,59,0.040140976
setA-05,60,0.039969321
setA-05,61,0.039922514
setA-05,62,0.039900910
setA-05,63,0.038791227
setA-05,64,0.038710799
setA-05,65,0.038586491
setA-05,66,0.038196809
setA-05,67,0.036986941
setA-05,68,0.036273567
setA-05,69,0.035594135
setA-05,70,0.035233721
setA-05,71,0.035149581
setA-05,72,0.034718194
setA-05,73,0.034516818
setA-05,74,0.034162472
setA-05,75,0.033802929
setA-05,76,0.033251106
setA-05,77,0.033093365
setA-05,78,0.032303057
setA-05,79,0.032038096
setA-05,80,0.030355257
setA-05,81,0.029610695
setA-05,82,0.029469434
setA-05,83,0.029019157
setA-05,84,0.028929082
setA-05,85,0.028634411
setA-05,86,0.028601921
setA-05,87,0.028517237
setA-05,88,0.028410632
setA-05,89,0.027357747
setA-05,90,0.025938322
setA-05,91,0.025886920
setA-05,92,0.025486638
setA-05,93,0.024887116
setA-05,94,0.024868014
setA-05,95,0.024791494
setA-05,96,0.024714920
setA-05,97,0.023764294
setA-05,98,0.023176555
setA-05,99,0.022799463
setA-05,100,0.022491693
setA-05,101,0.022485389
setA-05,102,0.022398014
setA-05,103,0.022270896
setA-05,104,0.022032134
setA-05,105,0.021995453
setA-05,106,0.021869167
setA-05,107,0.021801655
setA-05,108,0.021443974
setA-05,109,0.021228221
setA-05,110,0.021002881
setA-05,111,0.020763955
setA-05,112,0.020593143
setA-05,113,0.020519588
setA-05,114,0.020301994
setA-05,115,0.020125109
setA-05,116,0.019913501
setA-05,117,0.019579637
setA-05,118,0.019519193
setA-05,119,0.019486762
setA-05,120,0.019356158
setA-05,121,0.019009197
setA-05,122,0.018962166
setA-05,123,0.018597082
setA-05,124,0.018566827
setA-05,125,0.018438573
setA-05,126,0.018381652
setA-05,127,0.018156154
setA-05,128,0.017819520
setA-05,129,0.017664306
setA-05,130,0.017560601
setA-05,131,0.017356389
setA-05,132,0.017238231
setA-05,133,0.017110327
setA-05,134,0.017107801
setA-05,135,0.016914674
setA-05,136,0.016698915
setA-05,137,0.016681343
setA-05,138,0.016572745
setA-05,139,0.016271913
setA-05,140,0.016097134
setA-05,141,0.015908694
setA-05,142,0.015336013
setA-05,143,0.015216884
setA-05,144,0.015169376
setA-05,145,0.015135524
setA-05,146,0.014934866
setA-05,147,0.014803063
setA-05,148,0.014764939
setA-05,149,0.014629293
setA-05,150,0.014220737
setA-05,151,0.014072921
setA-05,152,0.014000326
setA-05,153,0.013939200
setA-05,154,0.013745726
setA-05,155,0.013509381
setA-05,156,0.013458034
setA-05,157,0.013290863
setA-05,158,0.013290863
setA-05,159,0.013018485
setA-05,160,0.012597613
setA-05,161,0.012559713
setA-05,162,0.012310643
setA-05,163,0.012252932
setA-05,164,0.012252613
setA-05,165,0.012227217
setA-05,166,0.012044950
setA-05,167,0.011958727
setA-05,168,0.011894901
setA-05,169,0.011469559
setA-05,170,0.011303259
setA-05,171,0.011158985
setA-05,172,0.011151098
setA-05,173,0.011052307
setA-05,174,0.011038653
setA-05,175,0.010957275
setA-05,176,0.010848851
setA-05,177,0.010845501
setA-05,178,0.010749441
setA-05,179,0.010406534
setA-05,180,0.010311740
setA-05,181,0.010223555
setA-05,182,0.009648143
setA-05,183,0.009571207
setA-05,184,0.009557267
setA-05,185,0.009453988
setA-05,186,0.009321730
setA-05,187,0.009109778
setA-05,188,0.008978422
setA-05,189,0.008828983
setA-05,190,0.008797974
setA-05,191,0.008513695
setA-05,192,0.008329468
setA-05,193,0.008305242
setA-05,194,0.008200989
setA-05,195,0.008177250
setA-05,196,0.008169652
setA-05,197,0.008164666
setA-05,198,0.007765349
setA-05,199,0.007644053
setA-05,200,0.007644053
setA-05,201,0.007641312
setA-05,202,0.007186350
setA-05,203,0.007155133
setA-05,204,0.006952582
setA-05,205,0.006808647
setA-05,206,0.006620774
setA-05,207,0.006618742
setA-05,208,0.006254904
setA-05,209,0.005720653
setA-05,210,0.005296494
setA-05,211,0.004740345
setA-05,212,0.004592903
setA-05,213,0.004459743
setA-05,214,0.004229257
setA-05,215,0.004178711
setA-05,216,0.004091463
setA-05,217,0.003283583
setA-05,218,0.001885213
setA-05,219,0.000000000
setA-05,220,0.000000000
setA-05,221,0.000000000
setA-05,222,0.000000000
setA-05,223,0.000000000
setA-05,224,0.000000000
setA-05,225,0.000000000
setA-05,226,0.000000000
setA-05,227,0.000000000
setA-05,228,0.000000000
setA-05,229,0.000000000
setA-05,230,0.000000000
setA-05,231,0.000000000
setA-05,232,0.000000000
setA-05,233,0.000000000
setA-05,234,0.000000000
setA-05,235,0.000000000
setA-05,236,0.000000000
setA-05,237,0.000000000
setA-05,238,0.000000000
setA-05,239,0.000000000
setA-05,240,0.000000000
setA-05,241,0.000000000
setA-05,242,0.000000000
setA-05,243,0.000000000
setA-05,244,0.000000000
setA-05,245,0.000000000
setA-05,246,0.000000000
setA-05,247,0.000000000
setA-05,248,0.000000000
setA-05,249,0.000000000
setA-05,250,0.000000000
setA-05,251,0.000000000
setA-05,252,0.000000000
setA-05,253,0.000000000
setA-05,254,0.000000000
setA-05,255,0.000000000
setA-05,256,0.000000000
setA-05,257,0.000000000
setA-05,258,0.000000000
setA-05,259,0.000000000
setA-05,260,0.000000000
setA-05,261,0.000000000
setA-05,262,0.000000000
setA-05,263,0.000000000
setA-05,264,0.000000000
setA-05,265,0.000000000
setA-05,266,0.000000000
setA-05,267,0.000000000
setA-05,268,0.000000000
setA-05,269,0.000000000
setA-05,270,0.000000000
setA-05,271,0.000000000
setA-05,272,0.000000000
setA-05,273,0.000000000
setA-05,274,0.000000000
setA-05,275,0.000000000
setA-05,276,0.000000000
setA-05,277,0.000000000
setA-05,278,0.000000000
setA-05,279,0.000000000
setA-05,280,0.000000000
setA-05,281,0.000000000
setA-05,282,0.000000000
setA-05,283,0.000000000
setA-05,284,0.000000000
setA-05,285,0.000000000
setA-05,286,0.000000000
setA-05,287,0.000000000
setA-05,288,0.000000000
setA-05,289,0.000000000
setA-05,290,0.000000000
setA-05,291,0.000000000
setA-05,292,0.000000000
setA-05,293,0.000000000
setA-05,294,0.000000000
setA-05,295,0.000000000
setA-05,296,0.000000000
setA-05,297,0.000000000
setA-05,298,0.000000000
setA-05,299,0.000000000
setA-05,300,0.000000000
setA-05,301,0.000000000
setA-05,302,0.000000000
setA-05,303,0.000000000
setA-05,304,0.000000000
setA-05,305,0.000000000
setA-05,306,0.000000000
setA-05,307,0.000000000
setA-05,308,0.000000000
setA-05,309,0.000000000
setA-05,310,0.000000000
setA-05,311,0.000000000
setA-05,312,0.000000000
setA-05,313,0.000000000
setA-05,314,0.000000000
setA-05,315,0.000000000
setA-05,316,0.000000000
setA-05,317,0.000000000
setA-05,318,0.000000000
setA-05,319,0.000000000
setA-05,320,0.000000000
setA-05,321,0.000000000
setA-05,322,0.000000000
setA-05,323,0.000000000
setA-05,324,0.000000000
setA-05,325,0.000000000
setA-05,326,0.000000000
setA-05,327,0.000000000
setA-05,328,0.000000000
setA-05,329,0.000000000
setA-05,330,0.000000000
setA-05,331,0.000000000
setA-05,332,0.000000000
setA-05,333,0.000000000
setA-05,334,0.000000000
setA-05,335,0.000000000
setA-05,336,0.000000000
setA-05,337,0.000000000
setA-05,338,0.000000000
setA-05,339,0.000000000
setA-05,340,0.000000000
setA-05,341,0.000000000
setA-05,342,0.000000000
setA-05,343,0.000000000
setA-05,344,0.000000000
setA-05,345,0.000000000
setA-05,346,0.000000000
setA-05,347,0.000000000
setA-05,348,0.000000000
setA-05,349,0.000000000
setA-05,350,0.000000000
setA-05,351,0.000000000
setA-05,352,0.000000000
setA-05,353,0.000000000
setA-05,354,0.000000000
setA-05,355,0.000000000
setA-05,356,0.000000000
setA-05,357,0.000000000
setA-05,358,0.000000000
setA-05,359,0.000000000
setA-05,360,0.000000000
setA-05,361,0.000000000
setA-05,362,0.000000000
setA-05,363,0.000000000
setA-05,364,0.000000000
setA-05,365,0.000000000
setA-05,366,0.000000000
setA-05,367,0.000000000
setA-05,368,0.000000000
setA-05,369,0.000000000
setA-05,370,0.000000000
setA-05,371,0.000000000
setA-05,372,0.000000000
setA-05,373,0.000000000
setA-05,374,0.000000000
setA-05,375,0.000000000
setA-05,376,0.000000000
setA-05,377,0.000000000
setA-05,378,0.000000000
setA-05,379,0.000000000
setA-05,380,0.000000000
setA-05,381,0.000000000
setA-05,382,0.000000000
setA-05,383,0.000000000
setA-05,384,0.000000000
setA-05,385,0.000000000
setA-05,386,0.000000000
setA-05,387,0.000000000
setA-05,388,0.000000000
setA-05,389,0.000000000
setA-05,390,0.000000000
setA-05,391,0.000000000
setA-05,392,0.000000000
setA-05,393,0.000000000
setA-05,394,0.000000000
setA-05,395,0.000000000
setA-05,396,0.000000000
setA-06,1,0.633802900
setA-06,2,0.619718300
setA-06,3,0.577464700
setA-06,4,0.563380100
setA-06,5,0.521126900
setA-06,6,0.507042200
setA-06,7,0.471830950
setA-06,8,0.450704200
setA-06,9,0.394366100
setA-06,10,0.380281700
setA-06,11,0.309859150
setA-06,12,0.281690200
setA-06,13,0.267605600
setA-06,14,0.267605600
setA-06,15,0.256338020
setA-06,16,0.225352100
setA-06,17,0.225352050
setA-06,18,0.216901400
setA-06,19,0.216901390
setA-06,20,0.214084520
setA-06,21,0.205633760
setA-06,22,0.188732400
setA-06,23,0.183098600
setA-06,24,0.180281660
setA-06,25,0.174647900
setA-06,26,0.169014100
setA-06,27,0.154929600
setA-06,28,0.154929560
setA-06,29,0.145070400
setA-06,30,0.140845050
setA-06,31,0.135211240
setA-06,32,0.133802850
setA-06,33,0.130985915
setA-06,34,0.130985910
setA-06,35,0.129577460
setA-06,36,0.128169010
setA-06,37,0.128169000
setA-06,38,0.126760560
setA-06,39,0.126760560
setA-06,40,0.126760540
setA-06,41,0.126760540
setA-06,42,0.126760540
setA-06,43,0.119718290
setA-06,44,0.112676050
setA-06,45,0.109859180
setA-06,46,0.109859170
setA-06,47,0.109859120
setA-06,48,0.107042240
setA-06,49,0.104225345
setA-06,50,0.098591560
setA-06,51,0.098591560
setA-06,52,0.098591540
setA-06,53,0.091549300
setA-06,54,0.091549250
setA-06,55,0.090140840
setA-06,56,0.090140835
setA-06,57,0.085915490
setA-06,58,0.084507040
setA-06,59,0.084507000
setA-06,60,0.081690135
setA-06,61,0.081690130
setA-06,62,0.081690130
setA-06,63,0.081690120
setA-06,64,0.078873240
setA-06,65,0.077464785
setA-06,66,0.075352110
setA-06,67,0.073239440
setA-06,68,0.073239420
setA-06,69,0.072887315
setA-06,70,0.069014095
setA-06,71,0.067605640
setA-06,72,0.067605640
setA-06,73,0.067605625
setA-06,74,0.064788720
setA-06,75,0.063380300
setA-06,76,0.062323932
setA-06,77,0.061971840
setA-06,78,0.061971820
setA-06,79,0.061971820
setA-06,80,0.060563390
setA-06,81,0.059154930
setA-06,82,0.058450707
setA-06,83,0.056338040
setA-06,84,0.056338040
setA-06,85,0.056338020
setA-06,86,0.056338020
setA-06,87,0.055985910
setA-06,88,0.055633792
setA-06,89,0.054929575
setA-06,90,0.054929570
setA-06,91,0.053521120
setA-06,92,0.053521120
setA-06,93,0.051760568
setA-06,94,0.050704220
setA-06,95,0.050704220
setA-06,96,0.050704200
setA-06,97,0.049295780
setA-06,98,0.049295770
setA-06,99,0.047887340
setA-06,100,0.047887330
setA-06,101,0.047887320
setA-06,102,0.047887310
setA-06,103,0.046830978
setA-06,104,0.046478880
setA-06,105,0.046478880
setA-06,106,0.046478875
setA-06,107,0.046478870
setA-06,108,0.046478867
setA-06,109,0.045070420
setA-06,110,0.045070410
setA-06,111,0.044366190
setA-06,112,0.043661980
setA-06,113,0.043661970
setA-06,114,0.042605633
setA-06,115,0.042253520
setA-06,116,0.042253520
setA-06,117,0.042253520
setA-06,118,0.042253515
setA-06,119,0.041549295
setA-06,120,0.041549290
setA-06,121,0.040845070
setA-06,122,0.039436620
setA-06,123,0.039436620
setA-06,124,0.039436620
setA-06,125,0.039436615
setA-06,126,0.039436615
setA-06,127,0.038028180
setA-06,128,0.038028170
setA-06,129,0.038028170
setA-06,130,0.038028160
setA-06,131,0.038028150
setA-06,132,0.037323943
setA-06,133,0.036619730
setA-06,134,0.036619720
setA-06,135,0.036619720
setA-06,136,0.036619720
setA-06,137,0.036619715
setA-06,138,0.035211270
setA-06,139,0.035211250
setA-06,140,0.034507038
setA-06,141,0.034507038
setA-06,142,0.033802820
setA-06,143,0.033802820
setA-06,144,0.033802820
setA-06,145,0.033802810
setA-06,146,0.033802800
setA-06,147,0.033802800
setA-06,148,0.033450700
setA-06,149,0.032746475
setA-06,150,0.032394375
setA-06,151,0.032394370
setA-06,152,0.032394360
setA-06,153,0.030985910
setA-06,154,0.030281690
setA-06,155,0.029577460
setA-06,156,0.029225355
setA-06,157,0.028873235
setA-06,158,0.028169020
setA-06,159,0.028169020
setA-06,160,0.028169020
setA-06,161,0.028169020
setA-06,162,0.028169020
setA-06,163,0.028169020
setA-06,164,0.028169020
setA-06,165,0.028169020
setA-06,166,0.028169015
setA-06,167,0.028169010
setA-06,168,0.028169000
setA-06,169,0.027816897
setA-06,170,0.027464790
setA-06,171,0.027464790
setA-06,172,0.027464785
setA-06,173,0.027464780
setA-06,174,0.027112672
setA-06,175,0.026760570
setA-06,176,0.026760570
setA-06,177,0.026760565
setA-06,178,0.026056335
setA-06,179,0.026056335
setA-06,180,0.025704225
setA-06,181,0.025352120
setA-06,182,0.025352120
setA-06,183,0.025352120
setA-06,184,0.025352110
setA-06,185,0.025352110
setA-06,186,0.025352110
setA-06,187,0.025352105
setA-06,188,0.025352100
setA-06,189,0.024647895
setA-06,190,0.024507040
setA-06,191,0.023943670
setA-06,192,0.023943660
setA-06,193,0.023943660
setA-06,194,0.023943660
setA-06,195,0.023239435
setA-06,196,0.023239430
setA-06,197,0.023098589
setA-06,198,0.022887328
setA-06,199,0.022535220
setA-06,200,0.022535220
setA-06,201,0.022535210
setA-06,202,0.022535210
setA-06,203,0.022535210
setA-06,204,0.022183095
setA-06,205,0.021830985
setA-06,206,0.021478875
setA-06,207,0.021126760
setA-06,208,0.021126760
setA-06,209,0.021126760
setA-06,210,0.020070425
setA-06,211,0.020070422
setA-06,212,0.020070420
setA-06,213,0.019718310
setA-06,214,0.019718310
setA-06,215,0.019718310
setA-06,216,0.019718300
setA-06,217,0.019366198
setA-06,218,0.019014080
setA-06,219,0.018661972
setA-06,220,0.018309860
setA-06,221,0.018309855
setA-06,222,0.018309850
setA-06,223,0.017605638
setA-06,224,0.017605635
setA-06,225,0.017605630
setA-06,226,0.017605625
setA-06,227,0.016901410
setA-06,228,0.016901400
setA-06,229,0.016901400
setA-06,230,0.016549295
setA-06,231,0.016197185
setA-06,232,0.016197185
setA-06,233,0.016197180
setA-06,234,0.015845073
setA-06,235,0.015140843
setA-06,236,0.014788735
setA-06,237,0.014788735
setA-06,238,0.014788730
setA-06,239,0.014084510
setA-06,240,0.014084510
setA-06,241,0.014084510
setA-06,242,0.014084510
setA-06,243,0.014084510
setA-06,244,0.014084510
setA-06,245,0.014084510
setA-06,246,0.014084510
setA-06,247,0.014084505
setA-06,248,0.014084505
setA-06,249,0.014084500
setA-06,250,0.014084500
setA-06,251,0.014084500
setA-06,252,0.013732393
setA-06,253,0.013380285
setA-06,254,0.013028167
setA-06,255,0.013028167
setA-06,256,0.012676060
setA-06,257,0.012676060
setA-06,258,0.012676060
setA-06,259,0.012676060
setA-06,260,0.012676060
setA-06,261,0.011971835
setA-06,262,0.011971835
setA-06,263,0.011971830
setA-06,264,0.011971830
setA-06,265,0.011690140
setA-06,266,0.011619717
setA-06,267,0.011267610
setA-06,268,0.011267610
setA-06,269,0.011267605
setA-06,270,0.011267605
setA-06,271,0.011267605
setA-06,272,0.011267605
setA-06,273,0.011267605
setA-06,274,0.011267600
setA-06,275,0.010915490
setA-06,276,0.010563380
setA-06,277,0.010563380
setA-06,278,0.010563380
setA-06,279,0.010563380
setA-06,280,0.010211270
setA-06,281,0.010000002
setA-06,282,0.009859155
setA-06,283,0.009859150
setA-06,284,0.009859150
setA-06,285,0.009859150
setA-06,286,0.009507045
setA-06,287,0.009507043
setA-06,288,0.009507040
setA-06,289,0.009436620
setA-06,290,0.009154930
setA-06,291,0.009154930
setA-06,292,0.009154930
setA-06,293,0.009154928
setA-06,294,0.009014083
setA-06,295,0.008450705
setA-06,296,0.008450705
setA-06,297,0.008450705
setA-06,298,0.008450700
setA-06,299,0.008169014
setA-06,300,0.008098593
setA-06,301,0.008098593
setA-06,302,0.008098590
setA-06,303,0.007746478
setA-06,304,0.007605632
setA-06,305,0.007323946
setA-06,306,0.007323942
setA-06,307,0.007042255
setA-06,308,0.007042255
setA-06,309,0.007042255
setA-06,310,0.007042255
setA-06,311,0.007042255
setA-06,312,0.007042250
setA-06,313,0.007042250
setA-06,314,0.007042250
setA-06,315,0.006690143
setA-06,316,0.006619719
setA-06,317,0.006338030
setA-06,318,0.006338030
setA-06,319,0.006338030
setA-06,320,0.006338028
setA-06,321,0.005985918
setA-06,322,0.005985918
setA-06,323,0.005985915
setA-06,324,0.005915491
setA-06,325,0.005633805
setA-06,326,0.005633805
setA-06,327,0.005633805
setA-06,328,0.005633805
setA-06,329,0.005633805
setA-06,330,0.005633802
setA-06,331,0.005633802
setA-06,332,0.005633800
setA-06,333,0.005633800
setA-06,334,0.005633800
setA-06,335,0.005633800
setA-06,336,0.005633800
setA-06,337,0.005281690
setA-06,338,0.005281690
setA-06,339,0.005211268
setA-06,340,0.005070422
setA-06,341,0.004929578
setA-06,342,0.004929577
setA-06,343,0.004929577
setA-06,344,0.004929575
setA-06,345,0.004577462
setA-06,346,0.004507042
setA-06,347,0.004225350
setA-06,348,0.004225350
setA-06,349,0.003873240
setA-06,350,0.003873237
setA-06,351,0.003521127
setA-06,352,0.003521127
setA-06,353,0.003521127
setA-06,354,0.003521127
setA-06,355,0.003521127
setA-06,356,0.003521127
setA-06,357,0.003521127
setA-06,358,0.003521125
setA-06,359,0.003521125
setA-06,360,0.003380282
setA-06,361,0.003239437
setA-06,362,0.003239437
setA-06,363,0.003169015
setA-06,364,0.003169015
setA-06,365,0.003169015
setA-06,366,0.003169015
setA-06,367,0.003169013
setA-06,368,0.003098592
setA-06,369,0.003098591
setA-06,370,0.003098591
setA-06,371,0.002957746
setA-06,372,0.002816903
setA-06,373,0.002816903
setA-06,374,0.002816903
setA-06,375,0.002816903
setA-06,376,0.002816900
setA-06,377,0.002816900
setA-06,378,0.002535212
setA-06,379,0.002535212
setA-06,380,0.002464787
setA-06,381,0.002464787
setA-06,382,0.002394367
setA-06,383,0.002253521
setA-06,384,0.002112676
setA-06,385,0.002112675
setA-06,386,0.002112675
setA-06,387,0.001971831
setA-06,388,0.001760562
setA-06,389,0.001760562
setA-06,390,0.001760562
setA-06,391,0.001690141
setA-06,392,0.001408450
setA-06,393,0.001267606
setA-06,394,0.001056338
setA-06,395,0.000985915
setA-06,396,0.000985915
setA-06,397,0.000845070
setA-06,398,0.000000000
setA-06,399,0.000000000
setA-06,400,0.000000000
setA-06,401,0.000000000
setA-06,402,0.000000000
setA-06,403,0.000000000
setA-06,404,0.000000000
setA-06,405,0.000000000
setA-06,406,0.000000000
setA-06,407,0.000000000
setA-06,408,0.000000000
setA-06,409,0.000000000
setA-06,410,0.000000000
setA-06,411,0.000000000
setA-06,412,0.000000000
setA-06,413,0.000000000
setA-06,414,0.000000000
setA-06,415,0.000000000
setA-06,416,0.000000000
setA-06,417,0.000000000
setA-06,418,0.000000000
setA-06,419,0.000000000
setA-06,420,0.000000000
setA-06,421,0.000000000
setA-06,422,0.000000000
setA-06,423,0.000000000
setA-06,424,0.000000000
setA-06,425,0.000000000
setA-06,426,0.000000000
setA-06,427,0.000000000
setA-06,428,0.000000000
setA-06,429,0.000000000
setA-06,430,0.000000000
setA-06,431,0.000000000
setA-06,432,0.000000000
setA-06,433,0.000000000
setA-06,434,0.000000000
setA-06,435,0.000000000
setA-06,436,0.000000000
setA-06,437,0.000000000
setA-06,438,0.000000000
setA-06,439,0.000000000
setA-06,440,0.000000000
setA-06,441,0.000000000
setA-06,442,0.000000000
setA-06,443,0.000000000
setA-06,444,0.000000000
setA-06,445,0.000000000
setA-06,446,0.000000000
setA-06,447,0.000000000
setA-06,448,0.000000000
setA-06,449,0.000000000
setA-06,450,0.000000000
setA-06,451,0.000000000
setA-06,452,0.000000000
setA-06,453,0.000000000
setA-06,454,0.000000000
setA-06,455,0.000000000
setA-06,456,0.000000000
setA-06,457,0.000000000
setA-06,458,0.000000000
setA-06,459,0.000000000
setA-06,460,0.000000000
setA-06,461,0.000000000
setA-06,462,0.000000000
setA-06,463,0.000000000
setA-06,464,0.000000000
setA-06,465,0.000000000
setA-06,466,0.000000000
setA-06,467,0.000000000
setA-06,468,0.000000000
setA-06,469,0.000000000
setA-06,470,0.000000000
setA-06,471,0.000000000
setA-06,472,0.000000000
setA-06,473,0.000000000
setA-06,474,0.000000000
setA-06,475,0.000000000
setA-06,476,0.000000000
setA-06,477,0.000000000
setA-06,478,0.000000000
setA-06,479,0.000000000
setA-06,480,0.000000000
setA-06,481,0.000000000
setA-06,482,0.000000000
setA-06,483,0.000000000
setA-06,484,0.000000000
setA-06,485,0.000000000
setA-06,486,0.000000000
setA-06,487,0.000000000
setA-06,488,0.000000000
setA-06,489,0.000000000
setA-06,490,0.000000000
setA-06,491,0.000000000
setA-06,492,0.000000000
setA-06,493,0.000000000
setA-06,494,0.000000000
setA-06,495,0.000000000
setA-06,496,0.000000000
setA-06,497,0.000000000
setA-06,498,0.000000000
setA-06,499,0.000000000
setA-06,500,0.000000000
setA-07,1,0.907989441
setA-07,2,0.708428000
setA-07,3,0.670152222
setA-07,4,0.653738590
setA-07,5,0.639782373
setA-07,6,0.624264884
setA-07,7,0.582113534
setA-07,8,0.571737143
setA-07,9,0.568878243
setA-07,10,0.565420074
setA-07,11,0.557122807
setA-07,12,0.543977847
setA-07,13,0.543439142
setA-07,14,0.541680169
setA-07,15,0.501459254
setA-07,16,0.495893228
setA-07,17,0.474394141
setA-07,18,0.472981452
setA-07,19,0.463274642
setA-07,20,0.437327428
setA-07,21,0.435441854
setA-07,22,0.424951201
setA-07,23,0.419576840
setA-07,24,0.414292827
setA-07,25,0.405588804
setA-07,26,0.388411604
setA-07,27,0.386738144
setA-07,28,0.384872659
setA-07,29,0.382049144
setA-07,30,0.381062888
setA-07,31,0.378691974
setA-07,32,0.377947077
setA-07,33,0.371690206
setA-07,34,0.370347107
setA-07,35,0.365768552
setA-07,36,0.362305728
setA-07,37,0.360818118
setA-07,38,0.357540301
setA-07,39,0.352401932
setA-07,40,0.347555789
setA-07,41,0.344926073
setA-07,42,0.340870360
setA-07,43,0.339635203
setA-07,44,0.334908717
setA-07,45,0.334216157
setA-07,46,0.332118824
setA-07,47,0.331994953
setA-07,48,0.328973943
setA-07,49,0.328233201
setA-07,50,0.326707402
setA-07,51,0.326388706
setA-07,52,0.325428612
setA-07,53,0.324580968
setA-07,54,0.324352879
setA-07,55,0.324285011
setA-07,56,0.323033621
setA-07,57,0.321023160
setA-07,58,0.319303250
setA-07,59,0.316972749
setA-07,60,0.314685162
setA-07,61,0.313978776
setA-07,62,0.313792893
setA-07,63,0.310648485
setA-07,64,0.305057270
setA-07,65,0.303955686
setA-07,66,0.301416239
setA-07,67,0.297359122
setA-07,68,0.294559336
setA-07,69,0.293358537
setA-07,70,0.290208983
setA-07,71,0.290152798
setA-07,72,0.289300602
setA-07,73,0.288973747
setA-07,74,0.287844100
setA-07,75,0.287793617
setA-07,76,0.282408211
setA-07,77,0.278959658
setA-07,78,0.277166880
setA-07,79,0.276792946
setA-07,80,0.275576006
setA-07,81,0.275203162
setA-07,82,0.273996627
setA-07,83,0.273630606
setA-07,84,0.273418122
setA-07,85,0.272880653
setA-07,86,0.271848873
setA-07,87,0.270810202
setA-07,88,0.269267406
setA-07,89,0.268805986
setA-07,90,0.267633081
setA-07,91,0.263434975
setA-07,92,0.263047182
setA-07,93,0.262958174
setA-07,94,0.262129029
setA-07,95,0.261873861
setA-07,96,0.259194393
setA-07,97,0.258518118
setA-07,98,0.258468780
setA-07,99,0.258287231
setA-07,100,0.257723750
setA-07,101,0.256289499
setA-07,102,0.255605037
setA-07,103,0.255251963
setA-07,104,0.254953353
setA-07,105,0.254809942
setA-07,106,0.254104645
setA-07,107,0.253922266
setA-07,108,0.252512774
setA-07,109,0.252303250
setA-07,110,0.251442027
setA-07,111,0.251402285
setA-07,112,0.250369955
setA-07,113,0.249988211
setA-07,114,0.249557175
setA-07,115,0.248040569
setA-07,116,0.247570322
setA-07,117,0.246916511
setA-07,118,0.244547156
setA-07,119,0.243467767
setA-07,120,0.242730042
setA-07,121,0.241526483
setA-07,122,0.240846087
setA-07,123,0.240609845
setA-07,124,0.240199051
setA-07,125,0.239296018
setA-07,126,0.238750946
setA-07,127,0.237292277
setA-07,128,0.235159178
setA-07,129,0.234648603
setA-07,130,0.233317585
setA-07,131,0.232331250
setA-07,132,0.229788030
setA-07,133,0.229719262
setA-07,134,0.227700000
setA-07,135,0.227161500
setA-07,136,0.226662940
setA-07,137,0.225465763
setA-07,138,0.223716495
setA-07,139,0.223295238
setA-07,140,0.222486040
setA-07,141,0.221915474
setA-07,142,0.221167717
setA-07,143,0.219878403
setA-07,144,0.219850411
setA-07,145,0.219072379
setA-07,146,0.218859800
setA-07,147,0.217599603
setA-07,148,0.217582656
setA-07,149,0.217020282
setA-07,150,0.216603655
setA-07,151,0.215344706
setA-07,152,0.214280000
setA-07,153,0.213649150
setA-07,154,0.213247550
setA-07,155,0.212052859
setA-07,156,0.210091618
setA-07,157,0.209158228
setA-07,158,0.208761688
setA-07,159,0.208070061
setA-07,160,0.207179533
setA-07,161,0.206580720
setA-07,162,0.206071691
setA-07,163,0.205946727
setA-07,164,0.204086864
setA-07,165,0.203084942
setA-07,166,0.203011877
setA-07,167,0.202470699
setA-07,168,0.202179715
setA-07,169,0.201915356
setA-07,170,0.201312567
setA-07,171,0.200946570
setA-07,172,0.199971868
setA-07,173,0.199028871
setA-07,174,0.198722838
setA-07,175,0.197495818
setA-07,176,0.196507289
setA-07,177,0.195541132
setA-07,178,0.194622989
setA-07,179,0.194461462
setA-07,180,0.194356092
setA-07,181,0.193371597
setA-07,182,0.192072123
setA-07,183,0.190339477
setA-07,184,0.189596694
setA-07,185,0.188570936
setA-07,186,0.188112676
setA-07,187,0.187917521
setA-07,188,0.187511758
setA-07,189,0.184703645
setA-07,190,0.184615839
setA-07,191,0.184600000
setA-07,192,0.183242959
setA-07,193,0.182705169
setA-07,194,0.182548894
setA-07,195,0.180989855
setA-07,196,0.180734182
setA-07,197,0.180627413
setA-07,198,0.179975393
setA-07,199,0.179954902
setA-07,200,0.178569036
setA-07,201,0.177047782
setA-07,202,0.177024232
setA-07,203,0.175811524
setA-07,204,0.175756829
setA-07,205,0.175465189
setA-07,206,0.175066881
setA-07,207,0.174037912
setA-07,208,0.172748724
setA-07,209,0.172237483
setA-07,210,0.171878846
setA-07,211,0.171379526
setA-07,212,0.171095395
setA-07,213,0.170431173
setA-07,214,0.169470445
setA-07,215,0.168355903
setA-07,216,0.168150760
setA-07,217,0.167011759
setA-07,218,0.166944511
setA-07,219,0.166454035
setA-07,220,0.165018199
setA-07,221,0.164080109
setA-07,222,0.163825000
setA-07,223,0.163260743
setA-07,224,0.162547105
setA-07,225,0.162185833
setA-07,226,0.161259048
setA-07,227,0.160805210
setA-07,228,0.160620270
setA-07,229,0.159164919
setA-07,230,0.158959031
setA-07,231,0.156824463
setA-07,232,0.156175828
setA-07,233,0.154312786
setA-07,234,0.150245369
setA-07,235,0.149842655
setA-07,236,0.149392419
setA-07,237,0.148109434
setA-07,238,0.147446622
setA-07,239,0.147233839
setA-07,240,0.146901793
setA-07,241,0.145967402
setA-07,242,0.145967179
setA-07,243,0.145264687
setA-07,244,0.144725759
setA-07,245,0.144160767
setA-07,246,0.142611925
setA-07,247,0.142305018
setA-07,248,0.140779483
setA-07,249,0.140574777
setA-07,250,0.138871528
setA-07,251,0.138501023
setA-07,252,0.138384652
setA-07,253,0.138077297
setA-07,254,0.134582591
setA-07,255,0.133997267
setA-07,256,0.133033333
setA-07,257,0.131997852
setA-07,258,0.131706034
setA-07,259,0.131519490
setA-07,260,0.130123518
setA-07,261,0.130058311
setA-07,262,0.129868015
setA-07,263,0.129573434
setA-07,264,0.129232166
setA-07,265,0.128903318
setA-07,266,0.128543727
setA-07,267,0.128024585
setA-07,268,0.125537830
setA-07,269,0.125242472
setA-07,270,0.125076993
setA-07,271,0.123561854
setA-07,272,0.123274323
setA-07,273,0.119790261
setA-07,274,0.118539309
setA-07,275,0.118305831
setA-07,276,0.118262323
setA-07,277,0.118007606
setA-07,278,0.117067785
setA-07,279,0.116715331
setA-07,280,0.115085940
setA-07,281,0.113679724
setA-07,282,0.108942497
setA-07,283,0.108293417
setA-07,284,0.108043178
setA-07,285,0.106851961
setA-07,286,0.106687457
setA-07,287,0.106375333
setA-07,288,0.105789394
setA-07,289,0.103915789
setA-07,290,0.103864720
setA-07,291,0.103470524
setA-07,292,0.102985159
setA-07,293,0.102430541
setA-07,294,0.101681311
setA-07,295,0.100661973
setA-07,296,0.100370994
setA-07,297,0.100244954
setA-07,298,0.099802194
setA-07,299,0.099550907
setA-07,300,0.099538444
setA-07,301,0.097540471
setA-07,302,0.096107178
setA-07,303,0.095227348
setA-07,304,0.094951368
setA-07,305,0.094352703
setA-07,306,0.094270573
setA-07,307,0.093898898
setA-07,308,0.093578218
setA-07,309,0.092867647
setA-07,310,0.092675161
setA-07,311,0.092170103
setA-07,312,0.091674543
setA-07,313,0.091210075
setA-07,314,0.091031484
setA-07,315,0.090736364
setA-07,316,0.089626010
setA-07,317,0.089260637
setA-07,318,0.089240758
setA-07,319,0.089075235
setA-07,320,0.089049266
setA-07,321,0.088873988
setA-07,322,0.088615214
setA-07,323,0.088160703
setA-07,324,0.088049866
setA-07,325,0.087651523
setA-07,326,0.087580282
setA-07,327,0.087405589
setA-07,328,0.087333896
setA-07,329,0.087115441
setA-07,330,0.085604887
setA-07,331,0.083129596
setA-07,332,0.082867852
setA-07,333,0.082516224
setA-07,334,0.082310345
setA-07,335,0.081218393
setA-07,336,0.079529372
setA-07,337,0.079445703
setA-07,338,0.079173145
setA-07,339,0.078410037
setA-07,340,0.078361404
setA-07,341,0.076509956
setA-07,342,0.076405078
setA-07,343,0.076314938
setA-07,344,0.075525373
setA-07,345,0.074577293
setA-07,346,0.073346766
setA-07,347,0.072843977
setA-07,348,0.071448247
setA-07,349,0.071306892
setA-07,350,0.070064421
setA-07,351,0.068831400
setA-07,352,0.068275000
setA-07,353,0.067745694
setA-07,354,0.067182918
setA-07,355,0.061733202
setA-07,356,0.057549821
setA-07,357,0.057098971
setA-07,358,0.056674302
setA-07,359,0.056606100
setA-07,360,0.055165728
setA-07,361,0.053872577
setA-07,362,0.053541393
setA-07,363,0.052946799
setA-07,364,0.052131169
setA-07,365,0.049779218
setA-07,366,0.049251565
setA-07,367,0.048710747
setA-07,368,0.046836309
setA-07,369,0.044189258
setA-07,370,0.040950226
setA-07,371,0.039222449
setA-07,372,0.037935829
setA-07,373,0.036733444
setA-07,374,0.035321574
setA-07,375,0.032041574
setA-07,376,0.030476648
setA-07,377,0.030312620
setA-07,378,0.027174645
setA-07,379,0.024666402
setA-07,380,0.024394658
setA-07,381,0.023370079
setA-07,382,0.023236996
setA-07,383,0.022222596
setA-07,384,0.021160947
setA-07,385,0.016938225
setA-07,386,0.012013855
setA-07,387,0.011603341
setA-07,388,0.007184974
setA-07,389,0.005219796
setA-07,390,0.004461790
setA-07,391,0.000000000
setA-07,392,0.000000000
setA-07,393,0.000000000
setA-07,394,0.000000000
setA-07,395,0.000000000
setA-07,396,0.000000000
setA-07,397,0.000000000
setA-07,398,0.000000000
setA-07,399,0.000000000
setA-07,400,0.000000000
setA-07,401,0.000000000
setA-07,402,0.000000000
setA-07,403,0.000000000
setA-07,404,0.000000000
setA-07,405,0.000000000
setA-07,406,0.000000000
setA-07,407,0.000000000
setA-07,408,0.000000000
setA-07,409,0.000000000
setA-07,410,0.000000000
setA-07,411,0.000000000
setA-07,412,0.000000000
setA-07,413,0.000000000
setA-07,414,0.000000000
setA-07,415,0.000000000
setA-07,416,0.000000000
setA-07,417,0.000000000
setA-07,418,0.000000000
setA-07,419,0.000000000
setA-07,420,0.000000000
setA-07,421,0.000000000
setA-07,422,0.000000000
setA-07,423,0.000000000
setA-07,424,0.000000000
setA-07,425,0.000000000
setA-07,426,0.000000000
setA-07,427,0.000000000
setA-07,428,0.000000000
setA-07,429,0.000000000
setA-07,430,0.000000000
setA-07,431,0.000000000
setA-07,432,0.000000000
setA-07,433,0.000000000
setA-07,434,0.000000000
setA-07,435,0.000000000
setA-07,436,0.000000000
setA-07,437,0.000000000
setA-07,438,0.000000000
setA-07,439,0.000000000
setA-07,440,0.000000000
setA-07,441,0.000000000
setA-07,442,0.000000000
setA-07,443,0.000000000
setA-07,444,0.000000000
setA-07,445,0.000000000
setA-07,446,0.000000000
setA-07,447,0.000000000
setA-07,448,0.000000000
setA-07,449,0.000000000
setA-07,450,0.000000000
setA-07,451,0.000000000
setA-07,452,0.000000000
setA-07,453,0.000000000
setA-07,454,0.000000000
setA-07,455,0.000000000
setA-07,456,0.000000000
setA-07,457,0.000000000
setA-07,458,0.000000000
setA-07,459,0.000000000
setA-07,460,0.000000000
setA-07,461,0.000000000
setA-07,462,0.000000000
setA-07,463,0.000000000
setA-07,464,0.000000000
setA-07,465,0.000000000
setA-07,466,0.000000000
setA-07,467,0.000000000
setA-07,468,0.000000000
setA-07,469,0.000000000
setA-07,470,0.000000000
setA-07,471,0.000000000
setA-07,472,0.000000000
setA-07,473,0.000000000
setA-07,474,0.000000000
setA-07,475,0.000000000
setA-07,476,0.000000000
setA-07,477,0.000000000
setA-07,478,0.000000000
setA-07,479,0.000000000
setA-07,480,0.000000000
setA-07,481,0.000000000
setA-07,482,0.000000000
setA-07,483,0.000000000
setA-07,484,0.000000000
setA-07,485,0.000000000
setA-07,486,0.000000000
setA-07,487,0.000000000
setA-07,488,0.000000000
setA-07,489,0.000000000
setA-07,490,0.000000000
setA-07,491,0.000000000
setA-07,492,0.000000000
setA-07,493,0.000000000
setA-07,494,0.000000000
setA-07,495,0.000000000
setA-07,496,0.000000000
setA-07,497,0.000000000
setA-07,498,0.000000000
setA-07,499,0.000000000
setA-07,500,0.000000000
setA-08,1,0.561163237
setA-08,2,0.501753384
setA-08,3,0.490718575
setA-08,4,0.480790622
setA-08,5,0.368040603
setA-08,6,0.360021665
setA-08,7,0.343683068
setA-08,8,0.335450251
setA-08,9,0.318903697
setA-08,10,0.306868336
setA-08,11,0.306868336
setA-08,12,0.286403250
setA-08,13,0.271996758
setA-08,14,0.258396635
setA-08,15,0.240725514
setA-08,16,0.227682350
setA-08,17,0.226889418
setA-08,18,0.226193118
setA-08,19,0.224940726
setA-08,20,0.219238242
setA-08,21,0.216435094
setA-08,22,0.209856490
setA-08,23,0.205937119
setA-08,24,0.205712924
setA-08,25,0.195125907
setA-08,26,0.187222086
setA-08,27,0.182635492
setA-08,28,0.178977888
setA-08,29,0.175988514
setA-08,30,0.171210995
setA-08,31,0.167885650
setA-08,32,0.164237313
setA-08,33,0.163283152
setA-08,34,0.162863780
setA-08,35,0.157206818
setA-08,36,0.154646175
setA-08,37,0.145047298
setA-08,38,0.143572981
setA-08,39,0.143360818
setA-08,40,0.136877294
setA-08,41,0.133253041
setA-08,42,0.131367000
setA-08,43,0.130267301
setA-08,44,0.127762757
setA-08,45,0.126796566
setA-08,46,0.122462920
setA-08,47,0.121637292
setA-08,48,0.117688944
setA-08,49,0.114813527
setA-08,50,0.112332980
setA-08,51,0.111242455
setA-08,52,0.109178908
setA-08,53,0.108756593
setA-08,54,0.108581357
setA-08,55,0.100673317
setA-08,56,0.094424576
setA-08,57,0.094151412
setA-08,58,0.092957673
setA-08,59,0.092941709
setA-08,60,0.091452206
setA-08,61,0.088063967
setA-08,62,0.087995657
setA-08,63,0.086442129
setA-08,64,0.086072457
setA-08,65,0.083925105
setA-08,66,0.083861459
setA-08,67,0.082534909
setA-08,68,0.082214590
setA-08,69,0.080260530
setA-08,70,0.080081748
setA-08,71,0.079035695
setA-08,72,0.077807987
setA-08,73,0.076862203
setA-08,74,0.075781876
setA-08,75,0.075295585
setA-08,76,0.074556250
setA-08,77,0.074265246
setA-08,78,0.074176129
setA-08,79,0.072982243
setA-08,80,0.071920272
setA-08,81,0.071891921
setA-08,82,0.071326112
setA-08,83,0.070757130
setA-08,84,0.070729824
setA-08,85,0.069706493
setA-08,86,0.068589466
setA-08,87,0.068159780
setA-08,88,0.067627315
setA-08,89,0.066638456
setA-08,90,0.066030500
setA-08,91,0.064983126
setA-08,92,0.064934360
setA-08,93,0.063812552
setA-08,94,0.063021328
setA-08,95,0.060420256
setA-08,96,0.059416811
setA-08,97,0.058814840
setA-08,98,0.058282431
setA-08,99,0.057950780
setA-08,100,0.057946680
setA-08,101,0.057753815
setA-08,102,0.057377609
setA-08,103,0.057154852
setA-08,104,0.057070332
setA-08,105,0.056734896
setA-08,106,0.055964848
setA-08,107,0.054937427
setA-08,108,0.054890937
setA-08,109,0.054885073
setA-08,110,0.054822471
setA-08,111,0.054755562
setA-08,112,0.054441632
setA-08,113,0.053965972
setA-08,114,0.053570652
setA-08,115,0.052946960
setA-08,116,0.052863875
setA-08,117,0.052195322
setA-08,118,0.052172236
setA-08,119,0.051900060
setA-08,120,0.051651065
setA-08,121,0.051641498
setA-08,122,0.051156795
setA-08,123,0.050927164
setA-08,124,0.050412359
setA-08,125,0.050155912
setA-08,126,0.049604822
setA-08,127,0.049337291
setA-08,128,0.049135973
setA-08,129,0.049110873
setA-08,130,0.048734082
setA-08,131,0.048513350
setA-08,132,0.048188410
setA-08,133,0.046962123
setA-08,134,0.046894867
setA-08,135,0.046889840
setA-08,136,0.046519468
setA-08,137,0.046282017
setA-08,138,0.046020063
setA-08,139,0.045910513
setA-08,140,0.045728688
setA-08,141,0.045495693
setA-08,142,0.045284770
setA-08,143,0.045026501
setA-08,144,0.044779694
setA-08,145,0.044708371
setA-08,146,0.044569258
setA-08,147,0.044365771
setA-08,148,0.044033122
setA-08,149,0.043427887
setA-08,150,0.042724085
setA-08,151,0.042550593
setA-08,152,0.042490839
setA-08,153,0.042417839
setA-08,154,0.041950443
setA-08,155,0.041861453
setA-08,156,0.041531068
setA-08,157,0.041506253
setA-08,158,0.041500384
setA-08,159,0.041492145
setA-08,160,0.041193024
setA-08,161,0.041141218
setA-08,162,0.041139633
setA-08,163,0.041032776
setA-08,164,0.041022931
setA-08,165,0.041018108
setA-08,166,0.040449441
setA-08,167,0.039964978
setA-08,168,0.039517848
setA-08,169,0.039246701
setA-08,170,0.039210201
setA-08,171,0.038630980
setA-08,172,0.038594068
setA-08,173,0.038400157
setA-08,174,0.038202961
setA-08,175,0.037951375
setA-08,176,0.037829280
setA-08,177,0.037742512
setA-08,178,0.037110214
setA-08,179,0.036963460
setA-08,180,0.036882908
setA-08,181,0.036765543
setA-08,182,0.036724490
setA-08,183,0.036704777
setA-08,184,0.036523831
setA-08,185,0.036328087
setA-08,186,0.036250151
setA-08,187,0.035650022
setA-08,188,0.035188078
setA-08,189,0.035156866
setA-08,190,0.034903919
setA-08,191,0.034468765
setA-08,192,0.034277643
setA-08,193,0.034114164
setA-08,194,0.034013864
setA-08,195,0.033466590
setA-08,196,0.033401274
setA-08,197,0.033352225
setA-08,198,0.033109759
setA-08,199,0.033070082
setA-08,200,0.032717878
setA-08,201,0.032700588
setA-08,202,0.032687791
setA-08,203,0.032629484
setA-08,204,0.032438183
setA-08,205,0.032437931
setA-08,206,0.032278188
setA-08,207,0.032060283
setA-08,208,0.032051347
setA-08,209,0.032032350
setA-08,210,0.031705002
setA-08,211,0.031684445
setA-08,212,0.031579916
setA-08,213,0.030990864
setA-08,214,0.030984843
setA-08,215,0.030984648
setA-08,216,0.030856935
setA-08,217,0.030303371
setA-08,218,0.030215984
setA-08,219,0.030047985
setA-08,220,0.029594139
setA-08,221,0.029586134
setA-08,222,0.029539074
setA-08,223,0.029506406
setA-08,224,0.029436693
setA-08,225,0.029011007
setA-08,226,0.028803415
setA-08,227,0.028347732
setA-08,228,0.028314741
setA-08,229,0.027833819
setA-08,230,0.027829654
setA-08,231,0.027677761
setA-08,232,0.027384799
setA-08,233,0.027384799
setA-08,234,0.027346692
setA-08,235,0.027130209
setA-08,236,0.027126506
setA-08,237,0.027112897
setA-08,238,0.027101536
setA-08,239,0.027006132
setA-08,240,0.026431937
setA-08,241,0.026009395
setA-08,242,0.025859510
setA-08,243,0.025781007
setA-08,244,0.025730051
setA-08,245,0.025371301
setA-08,246,0.025297819
setA-08,247,0.025206409
setA-08,248,0.025117739
setA-08,249,0.025078229
setA-08,250,0.024986807
setA-08,251,0.024948616
setA-08,252,0.024685494
setA-08,253,0.024682352
setA-08,254,0.024292981
setA-08,255,0.024197271
setA-08,256,0.023937140
setA-08,257,0.023679579
setA-08,258,0.023630744
setA-08,259,0.023437605
setA-08,260,0.023238591
setA-08,261,0.023172089
setA-08,262,0.022890894
setA-08,263,0.022819766
setA-08,264,0.022814377
setA-08,265,0.022810725
setA-08,266,0.022354273
setA-08,267,0.022111706
setA-08,268,0.022052943
setA-08,269,0.022008879
setA-08,270,0.021875121
setA-08,271,0.021815488
setA-08,272,0.021408584
setA-08,273,0.021279526
setA-08,274,0.021050447
setA-08,275,0.021043979
setA-08,276,0.020915082
setA-08,277,0.020883167
setA-08,278,0.020775551
setA-08,279,0.020603187
setA-08,280,0.019971318
setA-08,281,0.019630679
setA-08,282,0.019577643
setA-08,283,0.019497822
setA-08,284,0.019443349
setA-08,285,0.019394988
setA-08,286,0.019340583
setA-08,287,0.019333443
setA-08,288,0.019161052
setA-08,289,0.018914812
setA-08,290,0.018847317
setA-08,291,0.018537739
setA-08,292,0.018465364
setA-08,293,0.018168376
setA-08,294,0.018004686
setA-08,295,0.017429795
setA-08,296,0.016978231
setA-08,297,0.016970783
setA-08,298,0.016653392
setA-08,299,0.016507625
setA-08,300,0.016458838
setA-08,301,0.016287859
setA-08,302,0.016279411
setA-08,303,0.016033913
setA-08,304,0.015811875
setA-08,305,0.015804682
setA-08,306,0.015672295
setA-08,307,0.015426428
setA-08,308,0.015318856
setA-08,309,0.015298536
setA-08,310,0.015056391
setA-08,311,0.014889407
setA-08,312,0.014757766
setA-08,313,0.014757411
setA-08,314,0.014730854
setA-08,315,0.014710159
setA-08,316,0.014660803
setA-08,317,0.014531077
setA-08,318,0.014479605
setA-08,319,0.014440694
setA-08,320,0.014353031
setA-08,321,0.014256716
setA-08,322,0.014256130
setA-08,323,0.014207339
setA-08,324,0.014180287
setA-08,325,0.014125862
setA-08,326,0.013935322
setA-08,327,0.013680514
setA-08,328,0.013483695
setA-08,329,0.013303783
setA-08,330,0.013044979
setA-08,331,0.012925614
setA-08,332,0.012561214
setA-08,333,0.012511429
setA-08,334,0.012448906
setA-08,335,0.012410357
setA-08,336,0.012060816
setA-08,337,0.011895317
setA-08,338,0.011845340
setA-08,339,0.011834576
setA-08,340,0.011829718
setA-08,341,0.011605307
setA-08,342,0.011373897
setA-08,343,0.011097177
setA-08,344,0.010550609
setA-08,345,0.010487658
setA-08,346,0.010387775
setA-08,347,0.010160878
setA-08,348,0.009912376
setA-08,349,0.009838332
setA-08,350,0.009574185
setA-08,351,0.008884987
setA-08,352,0.008875811
setA-08,353,0.008796546
setA-08,354,0.008605413
setA-08,355,0.008515941
setA-08,356,0.008395203
setA-08,357,0.008251594
setA-08,358,0.008180752
setA-08,359,0.008144004
setA-08,360,0.007945807
setA-08,361,0.007462160
setA-08,362,0.007422079
setA-08,363,0.007287815
setA-08,364,0.007180672
setA-08,365,0.006280607
setA-08,366,0.004329688
setA-08,367,0.004275648
setA-08,368,0.003797459
setA-08,369,0.002927508
setA-08,370,0.000000000
setA-08,371,0.000000000
setA-08,372,0.000000000
setA-08,373,0.000000000
setA-08,374,0.000000000
setA-08,375,0.000000000
setA-08,376,0.000000000
setA-08,377,0.000000000
setA-08,378,0.000000000
setA-08,379,0.000000000
setA-08,380,0.000000000
setA-08,381,0.000000000
setA-08,382,0.000000000
setA-08,383,0.000000000
setA-08,384,0.000000000
setA-08,385,0.000000000
setA-08,386,0.000000000
setA-08,387,0.000000000
setA-08,388,0.000000000
setA-08,389,0.000000000
setA-08,390,0.000000000
setA-08,391,0.000000000
setA-08,392,0.000000000
setA-08,393,0.000000000
setA-08,394,0.000000000
setA-08,395,0.000000000
setA-08,396,0.000000000
setA-08,397,0.000000000
setA-08,398,0.000000000
setA-08,399,0.000000000
setA-08,400,0.000000000
setA-08,401,0.000000000
setA-08,402,0.000000000
setA-08,403,0.000000000
setA-08,404,0.000000000
setA-08,405,0.000000000
setA-08,406,0.000000000
setA-08,407,0.000000000
setA-08,408,0.000000000
setA-08,409,0.000000000
setA-08,410,0.000000000
setA-08,411,0.000000000
setA-08,412,0.000000000
setA-08,413,0.000000000
setA-08,414,0.000000000
setA-08,415,0.000000000
setA-08,416,0.000000000
setA-08,417,0.000000000
setA-08,418,0.000000000
setA-08,419,0.000000000
setA-08,420,0.000000000
setA-08,421,0.000000000
setA-08,422,0.000000000
setA-08,423,0.000000000
setA-08,424,0.000000000
setA-08,425,0.000000000
setA-08,426,0.000000000
setA-08,427,0.000000000
setA-08,428,0.000000000
setA-08,429,0.000000000
setA-08,430,0.000000000
setA-08,431,0.000000000
setA-08,432,0.000000000
setA-08,433,0.000000000
setA-08,434,0.000000000
setA-08,435,0.000000000
setA-08,436,0.000000000
setA-08,437,0.000000000
setA-08,438,0.000000000
setA-08,439,0.000000000
setA-08,440,0.000000000
setA-08,441,0.000000000
setA-08,442,0.000000000
setA-08,443,0.000000000
setA-08,444,0.000000000
setA-08,445,0.000000000
setA-08,446,0.000000000
setA-08,447,0.000000000
setA-08,448,0.000000000
setA-08,449,0.000000000
setA-08,450,0.000000000
setA-08,451,0.000000000
setA-08,452,0.000000000
setA-08,453,0.000000000
setA-08,454,0.000000000
setA-08,455,0.000000000
setA-08,456,0.000000000
setA-08,457,0.000000000
setA-08,458,0.000000000
setA-08,459,0.000000000
setA-08,460,0.000000000
setA-08,461,0.000000000
setA-08,462,0.000000000
setA-08,463,0.000000000
setA-08,464,0.000000000
setA-08,465,0.000000000
setA-08,466,0.000000000
setA-08,467,0.000000000
setA-08,468,0.000000000
setA-08,469,0.000000000
setA-08,470,0.000000000
setA-08,471,0.000000000
setA-08,472,0.000000000
setA-08,473,0.000000000
setA-08,474,0.000000000
setA-08,475,0.000000000
setA-08,476,0.000000000
setA-08,477,0.000000000
setA-08,478,0.000000000
setA-08,479,0.000000000
setA-08,480,0.000000000
setA-08,481,0.000000000
setA-08,482,0.000000000
setA-08,483,0.000000000
setA-08,484,0.000000000
setA-08,485,0.000000000
setA-08,486,0.000000000
setA-08,487,0.000000000
setA-08,488,0.000000000
setA-08,489,0.000000000
setA-08,490,0.000000000
setA-08,491,0.000000000
setA-08,492,0.000000000
setA-08,493,0.000000000
setA-08,494,0.000000000
setA-08,495,0.000000000
setA-08,496,0.000000000
setA-08,497,0.000000000
setA-08,498,0.000000000
setA-08,499,0.000000000
setA-08,500,0.000000000
setA-08,501,0.000000000
setA-08,502,0.000000000
setA-08,503,0.000000000
setA-08,504,0.000000000
setA-08,505,0.000000000
setA-08,506,0.000000000
setA-08,507,0.000000000
setA-08,508,0.000000000
setA-08,509,0.000000000
setA-08,510,0.000000000
setA-08,511,0.000000000
setA-08,512,0.000000000
setA-08,513,0.000000000
setA-08,514,0.000000000
setA-08,515,0.000000000
setA-08,516,0.000000000
setA-08,517,0.000000000
setA-08,518,0.000000000
setA-08,519,0.000000000
setA-08,520,0.000000000
setA-08,521,0.000000000
setA-08,522,0.000000000
setA-08,523,0.000000000
setA-08,524,0.000000000
setA-08,525,0.000000000
setA-08,526,0.000000000
setA-08,527,0.000000000
setA-08,528,0.000000000
setA-08,529,0.000000000
setA-08,530,0.000000000
setA-08,531,0.000000000
setA-08,532,0.000000000
setA-08,533,0.000000000
setA-08,534,0.000000000
setA-08,535,0.000000000
setA-08,536,0.000000000
setA-08,537,0.000000000
setA-08,538,0.000000000
setA-08,539,0.000000000
setA-08,540,0.000000000
setA-08,541,0.000000000
setA-08,542,0.000000000
setA-08,543,0.000000000
setA-08,544,0.000000000
setA-08,545,0.000000000
setA-08,546,0.000000000
setA-08,547,0.000000000
setA-08,548,0.000000000
setA-08,549,0.000000000
setA-08,550,0.000000000
setA-08,551,0.000000000
setA-08,552,0.000000000
setA-08,553,0.000000000
setA-08,554,0.000000000
setA-08,555,0.000000000
setA-08,556,0.000000000
setA-08,557,0.000000000
setA-08,558,0.000000000
setA-08,559,0.000000000
setA-08,560,0.000000000
setA-08,561,0.000000000
setA-08,562,0.000000000
setA-08,563,0.000000000
setA-08,564,0.000000000
setA-08,565,0.000000000
setA-08,566,0.000000000
setA-08,567,0.000000000
setA-08,568,0.000000000
setA-08,569,0.000000000
setA-08,570,0.000000000
setA-08,571,0.000000000
setA-08,572,0.000000000
setA-08,573,0.000000000
setA-08,574,0.000000000
setA-08,575,0.000000000
setA-08,576,0.000000000
setA-08,577,0.000000000
setA-08,578,0.000000000
setA-08,579,0.000000000
setA-08,580,0.000000000
setA-08,581,0.000000000
setA-08,582,0.000000000
setA-08,583,0.000000000
setA-08,584,0.000000000
setA-08,585,0.000000000
setA-08,586,0.000000000
setA-08,587,0.000000000
setA-08,588,0.000000000
setA-08,589,0.000000000
setA-08,590,0.000000000
setA-08,591,0.000000000
setA-08,592,0.000000000
setA-08,593,0.000000000
setA-08,594,0.000000000
setA-08,595,0.000000000
setA-08,596,0.000000000
setA-08,597,0.000000000
setA-08,598,0.000000000
setA-08,599,0.000000000
setA-08,600,0.000000000
setA-08,601,0.000000000
setA-08,602,0.000000000
setA-08,603,0.000000000
setA-08,604,0.000000000
setA-08,605,0.000000000
setA-08,606,0.000000000
setA-08,607,0.000000000
setA-08,608,0.000000000
setA-08,609,0.000000000
setA-08,610,0.000000000
setA-08,611,0.000000000
setA-08,612,0.000000000
setA-08,613,0.000000000
setA-08,614,0.000000000
setA-08,615,0.000000000
setA-08,616,0.000000000
setA-08,617,0.000000000
setA-08,618,0.000000000
setA-08,619,0.000000000
setA-08,620,0.000000000
setA-08,621,0.000000000
setA-08,622,0.000000000
setA-08,623,0.000000000
setA-08,624,0.000000000
setA-08,625,0.000000000
setA-08,626,0.000000000
setA-08,627,0.000000000
setA-08,628,0.000000000
setA-08,629,0.000000000
setA-08,630,0.000000000
setA-08,631,0.000000000
setA-08,632,0.000000000
setA-08,633,0.000000000
setA-08,634,0.000000000
setA-08,635,0.000000000
setA-08,636,0.000000000
setA-08,637,0.000000000
setA-08,638,0.000000000
setA-08,639,0.000000000
setA-08,640,0.000000000
setA-08,641,0.000000000
setA-08,642,0.000000000
setA-08,643,0.000000000
setA-08,644,0.000000000
setA-08,645,0.000000000
setA-08,646,0.000000000
setA-08,647,0.000000000
setA-08,648,0.000000000
setA-08,649,0.000000000
setA-08,650,0.000000000
setA-08,651,0.000000000
setA-08,652,0.000000000
setA-08,653,0.000000000
setA-08,654,0.000000000
setA-09,1,0.927677491
setA-09,2,0.849650000
setA-09,3,0.806946980
setA-09,4,0.741544361
setA-09,5,0.611136786
setA-09,6,0.588311304
setA-09,7,0.555089091
setA-09,8,0.547354412
setA-09,9,0.538035369
setA-09,10,0.523564176
setA-09,11,0.515370262
setA-09,12,0.509610579
setA-09,13,0.497412268
setA-09,14,0.457679511
setA-09,15,0.427305311
setA-09,16,0.423556088
setA-09,17,0.409776567
setA-09,18,0.409161390
setA-09,19,0.408321667
setA-09,20,0.401367147
setA-09,21,0.389743688
setA-09,22,0.388248120
setA-09,23,0.387122348
setA-09,24,0.385478571
setA-09,25,0.382728909
setA-09,26,0.377566667
setA-09,27,0.369476449
setA-09,28,0.351524525
setA-09,29,0.351025549
setA-09,30,0.348809211
setA-09,31,0.344772610
setA-09,32,0.333625490
setA-09,33,0.332120000
setA-09,34,0.327148900
setA-09,35,0.325835514
setA-09,36,0.324801326
setA-09,37,0.324704842
setA-09,38,0.324351490
setA-09,39,0.324012281
setA-09,40,0.320472978
setA-09,41,0.316135375
setA-09,42,0.315883208
setA-09,43,0.314972378
setA-09,44,0.309490625
setA-09,45,0.309440494
setA-09,46,0.304643068
setA-09,47,0.296574502
setA-09,48,0.295464598
setA-09,49,0.291824515
setA-09,50,0.288173301
setA-09,51,0.287058720
setA-09,52,0.286268344
setA-09,53,0.285660000
setA-09,54,0.281986667
setA-09,55,0.281087288
setA-09,56,0.280542898
setA-09,57,0.280398383
setA-09,58,0.278806687
setA-09,59,0.278546299
setA-09,60,0.276795139
setA-09,61,0.270583579
setA-09,62,0.268989588
setA-09,63,0.268407424
setA-09,64,0.267909756
setA-09,65,0.267704615
setA-09,66,0.267693750
setA-09,67,0.267050000
setA-09,68,0.266479618
setA-09,69,0.266325990
setA-09,70,0.264701908
setA-09,71,0.264030051
setA-09,72,0.263582449
setA-09,73,0.263420000
setA-09,74,0.261416143
setA-09,75,0.261213341
setA-09,76,0.260293441
setA-09,77,0.258832080
setA-09,78,0.258015129
setA-09,79,0.256015903
setA-09,80,0.254860174
setA-09,81,0.254380964
setA-09,82,0.254297136
setA-09,83,0.253567047
setA-09,84,0.253093198
setA-09,85,0.252433948
setA-09,86,0.251883172
setA-09,87,0.249898082
setA-09,88,0.248620657
setA-09,89,0.247633092
setA-09,90,0.247506000
setA-09,91,0.244864853
setA-09,92,0.243323101
setA-09,93,0.237355977
setA-09,94,0.236347855
setA-09,95,0.235038269
setA-09,96,0.234974051
setA-09,97,0.233685778
setA-09,98,0.232482185
setA-09,99,0.231702105
setA-09,100,0.230748833
setA-09,101,0.225733242
setA-09,102,0.225641477
setA-09,103,0.225474256
setA-09,104,0.224847816
setA-09,105,0.223505930
setA-09,106,0.223114799
setA-09,107,0.218128085
setA-09,108,0.217248090
setA-09,109,0.216423994
setA-09,110,0.215949602
setA-09,111,0.215140487
setA-09,112,0.214917637
setA-09,113,0.214118298
setA-09,114,0.213354784
setA-09,115,0.211582768
setA-09,116,0.209472395
setA-09,117,0.209048133
setA-09,118,0.208410294
setA-09,119,0.208178295
setA-09,120,0.207918892
setA-09,121,0.206812338
setA-09,122,0.205588745
setA-09,123,0.203764986
setA-09,124,0.202485236
setA-09,125,0.201727887
setA-09,126,0.201195688
setA-09,127,0.200366171
setA-09,128,0.199802349
setA-09,129,0.198856733
setA-09,130,0.198843622
setA-09,131,0.198626984
setA-09,132,0.196817747
setA-09,133,0.194363296
setA-09,134,0.193173302
setA-09,135,0.192031165
setA-09,136,0.191960640
setA-09,137,0.190751938
setA-09,138,0.189022222
setA-09,139,0.187130942
setA-09,140,0.186683856
setA-09,141,0.185149875
setA-09,142,0.185104651
setA-09,143,0.184341376
setA-09,144,0.181377157
setA-09,145,0.180674327
setA-09,146,0.179231002
setA-09,147,0.179174518
setA-09,148,0.178859028
setA-09,149,0.177945785
setA-09,150,0.175048221
setA-09,151,0.172068750
setA-09,152,0.171497068
setA-09,153,0.171475628
setA-09,154,0.170120000
setA-09,155,0.169242733
setA-09,156,0.169063588
setA-09,157,0.168056443
setA-09,158,0.167598058
setA-09,159,0.167472689
setA-09,160,0.166296764
setA-09,161,0.164531849
setA-09,162,0.164233033
setA-09,163,0.163874901
setA-09,164,0.163256914
setA-09,165,0.161206683
setA-09,166,0.160396278
setA-09,167,0.160278189
setA-09,168,0.160071358
setA-09,169,0.158948434
setA-09,170,0.158375307
setA-09,171,0.157645436
setA-09,172,0.157281537
setA-09,173,0.157099664
setA-09,174,0.156432782
setA-09,175,0.153630013
setA-09,176,0.153388621
setA-09,177,0.152359459
setA-09,178,0.152143780
setA-09,179,0.152066719
setA-09,180,0.151533296
setA-09,181,0.149129048
setA-09,182,0.149126087
setA-09,183,0.148150482
setA-09,184,0.147869684
setA-09,185,0.146069896
setA-09,186,0.145790899
setA-09,187,0.145171143
setA-09,188,0.145072351
setA-09,189,0.142816222
setA-09,190,0.142724133
setA-09,191,0.141896471
setA-09,192,0.140607092
setA-09,193,0.140569877
setA-09,194,0.137854717
setA-09,195,0.137003716
setA-09,196,0.136505767
setA-09,197,0.136428425
setA-09,198,0.136107143
setA-09,199,0.135640552
setA-09,200,0.135025714
setA-09,201,0.134890871
setA-09,202,0.134551885
setA-09,203,0.133962851
setA-09,204,0.133005144
setA-09,205,0.132347727
setA-09,206,0.131645114
setA-09,207,0.129983438
setA-09,208,0.129956250
setA-09,209,0.129079452
setA-09,210,0.129006309
setA-09,211,0.128523942
setA-09,212,0.128502623
setA-09,213,0.128442538
setA-09,214,0.128368841
setA-09,215,0.127078211
setA-09,216,0.125637458
setA-09,217,0.125152381
setA-09,218,0.124829582
setA-09,219,0.124351081
setA-09,220,0.123342770
setA-09,221,0.122998869
setA-09,222,0.122761290
setA-09,223,0.122749298
setA-09,224,0.122646190
setA-09,225,0.121195791
setA-09,226,0.120154269
setA-09,227,0.119789246
setA-09,228,0.119346392
setA-09,229,0.119236493
setA-09,230,0.119218005
setA-09,231,0.118945226
setA-09,232,0.116032851
setA-09,233,0.115307839
setA-09,234,0.115269417
setA-09,235,0.114958300
setA-09,236,0.114659547
setA-09,237,0.113533415
setA-09,238,0.112833758
setA-09,239,0.112595617
setA-09,240,0.112262741
setA-09,241,0.112224318
setA-09,242,0.112055105
setA-09,243,0.111745565
setA-09,244,0.111140865
setA-09,245,0.108900346
setA-09,246,0.108895297
setA-09,247,0.107906452
setA-09,248,0.107745654
setA-09,249,0.107184531
setA-09,250,0.107006844
setA-09,251,0.106585963
setA-09,252,0.106065829
setA-09,253,0.106006597
setA-09,254,0.105719268
setA-09,255,0.104795794
setA-09,256,0.104499408
setA-09,257,0.103690377
setA-09,258,0.103595906
setA-09,259,0.102897738
setA-09,260,0.102457196
setA-09,261,0.101110624
setA-09,262,0.100693431
setA-09,263,0.099069960
setA-09,264,0.097633936
setA-09,265,0.097046424
setA-09,266,0.096906460
setA-09,267,0.096189047
setA-09,268,0.095816292
setA-09,269,0.094963434
setA-09,270,0.094650673
setA-09,271,0.093540146
setA-09,272,0.092975480
setA-09,273,0.092832974
setA-09,274,0.092459074
setA-09,275,0.091984524
setA-09,276,0.090994201
setA-09,277,0.090960116
setA-09,278,0.090559622
setA-09,279,0.089605660
setA-09,280,0.088445126
setA-09,281,0.087794913
setA-09,282,0.087518421
setA-09,283,0.087167054
setA-09,284,0.086732670
setA-09,285,0.086607574
setA-09,286,0.086347273
setA-09,287,0.085684494
setA-09,288,0.085149612
setA-09,289,0.085043502
setA-09,290,0.084005307
setA-09,291,0.082449479
setA-09,292,0.082262698
setA-09,293,0.082020445
setA-09,294,0.081443417
setA-09,295,0.080913315
setA-09,296,0.078670093
setA-09,297,0.076289716
setA-09,298,0.075783511
setA-09,299,0.074778257
setA-09,300,0.074659904
setA-09,301,0.073479383
setA-09,302,0.073465996
setA-09,303,0.072125206
setA-09,304,0.072018764
setA-09,305,0.071499749
setA-09,306,0.071061991
setA-09,307,0.070433165
setA-09,308,0.070316650
setA-09,309,0.070133219
setA-09,310,0.069780313
setA-09,311,0.069554863
setA-09,312,0.068898003
setA-09,313,0.067907981
setA-09,314,0.066513866
setA-09,315,0.066462413
setA-09,316,0.065980306
setA-09,317,0.065406742
setA-09,318,0.065208221
setA-09,319,0.065086970
setA-09,320,0.065000993
setA-09,321,0.064453408
setA-09,322,0.064131343
setA-09,323,0.063725361
setA-09,324,0.063711080
setA-09,325,0.063384685
setA-09,326,0.063273913
setA-09,327,0.061003083
setA-09,328,0.060383850
setA-09,329,0.059802401
setA-09,330,0.059141968
setA-09,331,0.058712854
setA-09,332,0.056686016
setA-09,333,0.056573684
setA-09,334,0.056492740
setA-09,335,0.055960808
setA-09,336,0.054252462
setA-09,337,0.053844712
setA-09,338,0.052364110
setA-09,339,0.051987739
setA-09,340,0.051733127
setA-09,341,0.051615393
setA-09,342,0.051121379
setA-09,343,0.051100306
setA-09,344,0.049686152
setA-09,345,0.048421480
setA-09,346,0.045334965
setA-09,347,0.044807692
setA-09,348,0.043416456
setA-09,349,0.042882186
setA-09,350,0.042635138
setA-09,351,0.042554637
setA-09,352,0.042168370
setA-09,353,0.041820365
setA-09,354,0.041073878
setA-09,355,0.040427888
setA-09,356,0.040162807
setA-09,357,0.039937748
setA-09,358,0.037863242
setA-09,359,0.037231585
setA-09,360,0.036709513
setA-09,361,0.036683422
setA-09,362,0.036570579
setA-09,363,0.036552015
setA-09,364,0.035785820
setA-09,365,0.035112664
setA-09,366,0.034512410
setA-09,367,0.034264610
setA-09,368,0.033552967
setA-09,369,0.032854237
setA-09,370,0.032686179
setA-09,371,0.032028983
setA-09,372,0.030277240
setA-09,373,0.030153000
setA-09,374,0.029634398
setA-09,375,0.028993369
setA-09,376,0.028302930
setA-09,377,0.027330195
setA-09,378,0.026988889
setA-09,379,0.026815810
setA-09,380,0.026340788
setA-09,381,0.024819602
setA-09,382,0.023931025
setA-09,383,0.023390832
setA-09,384,0.022532745
setA-09,385,0.022322779
setA-09,386,0.021878760
setA-09,387,0.021821228
setA-09,388,0.021256396
setA-09,389,0.020939542
setA-09,390,0.020904370
setA-09,391,0.019908884
setA-09,392,0.018998862
setA-09,393,0.018754126
setA-09,394,0.017686893
setA-09,395,0.017576269
setA-09,396,0.016562708
setA-09,397,0.016466990
setA-09,398,0.015409724
setA-09,399,0.015183649
setA-09,400,0.014993149
setA-09,401,0.014844178
setA-09,402,0.014710759
setA-09,403,0.014120749
setA-09,404,0.012828525
setA-09,405,0.012398465
setA-09,406,0.011153571
setA-09,407,0.010687524
setA-09,408,0.009901401
setA-09,409,0.009642937
setA-09,410,0.009087002
setA-09,411,0.008170087
setA-09,412,0.007248291
setA-09,413,0.005905983
setA-09,414,0.005105911
setA-09,415,0.000000000
setA-09,416,0.000000000
setA-09,417,0.000000000
setA-09,418,0.000000000
setA-09,419,0.000000000
setA-09,420,0.000000000
setA-09,421,0.000000000
setA-09,422,0.000000000
setA-09,423,0.000000000
setA-09,424,0.000000000
setA-09,425,0.000000000
setA-09,426,0.000000000
setA-09,427,0.000000000
setA-09,428,0.000000000
setA-09,429,0.000000000
setA-09,430,0.000000000
setA-09,431,0.000000000
setA-09,432,0.000000000
setA-09,433,0.000000000
setA-09,434,0.000000000
setA-09,435,0.000000000
setA-09,436,0.000000000
setA-09,437,0.000000000
setA-09,438,0.000000000
setA-09,439,0.000000000
setA-09,440,0.000000000
setA-09,441,0.000000000
setA-09,442,0.000000000
setA-09,443,0.000000000
setA-09,444,0.000000000
setA-09,445,0.000000000
setA-09,446,0.000000000
setA-09,447,0.000000000
setA-09,448,0.000000000
setA-09,449,0.000000000
setA-09,450,0.000000000
setA-09,451,0.000000000
setA-09,452,0.000000000
setA-09,453,0.000000000
setA-09,454,0.000000000
setA-09,455,0.000000000
setA-09,456,0.000000000
setA-09,457,0.000000000
setA-09,458,0.000000000
setA-09,459,0.000000000
setA-09,460,0.000000000
setA-09,461,0.000000000
setA-09,462,0.000000000
setA-09,463,0.000000000
setA-09,464,0.000000000
setA-09,465,0.000000000
setA-09,466,0.000000000
setA-09,467,0.000000000
setA-09,468,0.000000000
setA-09,469,0.000000000
setA-09,470,0.000000000
setA-09,471,0.000000000
setA-09,472,0.000000000
setA-09,473,0.000000000
setA-09,474,0.000000000
setA-09,475,0.000000000
setA-09,476,0.000000000
setA-09,477,0.000000000
setA-09,478,0.000000000
setA-09,479,0.000000000
setA-09,480,0.000000000
setA-09,481,0.000000000
setA-09,482,0.000000000
setA-09,483,0.000000000
setA-09,484,0.000000000
setA-09,485,0.000000000
setA-09,486,0.000000000
setA-09,487,0.000000000
setA-09,488,0.000000000
setA-09,489,0.000000000
setA-09,490,0.000000000
setA-09,491,0.000000000
setA-09,492,0.000000000
setA-09,493,0.000000000
setA-09,494,0.000000000
setA-09,495,0.000000000
setA-09,496,0.000000000
setA-09,497,0.000000000
setA-09,498,0.000000000
setA-09,499,0.000000000
setA-09,500,0.000000000
setA-09,501,0.000000000
setA-09,502,0.000000000
setA-09,503,0.000000000
setA-09,504,0.000000000
setA-09,505,0.000000000
setA-09,506,0.000000000
setA-09,507,0.000000000
setA-09,508,0.000000000
setA-09,509,0.000000000
setA-09,510,0.000000000
setA-09,511,0.000000000
setA-09,512,0.000000000
setA-09,513,0.000000000
setA-09,514,0.000000000
setA-09,515,0.000000000
setA-09,516,0.000000000
setA-09,517,0.000000000
setA-09,518,0.000000000
setA-09,519,0.000000000
setA-09,520,0.000000000
setA-09,521,0.000000000
setA-09,522,0.000000000
setA-09,523,0.000000000
setA-09,524,0.000000000
setA-09,525,0.000000000
setA-09,526,0.000000000
setA-09,527,0.000000000
setA-09,528,0.000000000
setA-09,529,0.000000000
setA-09,530,0.000000000
setA-09,531,0.000000000
setA-09,532,0.000000000
setA-09,533,0.000000000
setA-09,534,0.000000000
setA-09,535,0.000000000
setA-09,536,0.000000000
setA-09,537,0.000000000
setA-09,538,0.000000000
setA-09,539,0.000000000
setA-09,540,0.000000000
setA-09,541,0.000000000
setA-09,542,0.000000000
setA-09,543,0.000000000
setA-09,544,0.000000000
setA-09,545,0.000000000
setA-09,546,0.000000000
setA-09,547,0.000000000
setA-09,548,0.000000000
setA-09,549,0.000000000
setA-09,550,0.000000000
setA-09,551,0.000000000
setA-09,552,0.000000000
setA-09,553,0.000000000
setA-09,554,0.000000000
setA-09,555,0.000000000
setA-09,556,0.000000000
setA-09,557,0.000000000
setA-09,558,0.000000000
setA-09,559,0.000000000
setA-09,560,0.000000000
setA-09,561,0.000000000
setA-09,562,0.000000000
setA-09,563,0.000000000
setA-09,564,0.000000000
setA-09,565,0.000000000
setA-09,566,0.000000000
setA-09,567,0.000000000
setA-09,568,0.000000000
setA-09,569,0.000000000
setA-09,570,0.000000000
setA-09,571,0.000000000
setA-09,572,0.000000000
setA-09,573,0.000000000
setA-09,574,0.000000000
setA-09,575,0.000000000
setA-09,576,0.000000000
setA-09,577,0.000000000
setA-09,578,0.000000000
setA-09,579,0.000000000
setA-09,580,0.000000000
setA-09,581,0.000000000
setA-09,582,0.000000000
setA-09,583,0.000000000
setA-09,584,0.000000000
setA-09,585,0.000000000
setA-09,586,0.000000000
setA-09,587,0.000000000
setA-09,588,0.000000000
setA-09,589,0.000000000
setA-09,590,0.000000000
setA-09,591,0.000000000
setA-09,592,0.000000000
setA-09,593,0.000000000
setA-09,594,0.000000000
setA-09,595,0.000000000
setA-09,596,0.000000000
setA-09,597,0.000000000
setA-09,598,0.000000000
setA-09,599,0.000000000
setA-09,600,0.000000000
setA-09,601,0.000000000
setA-09,602,0.000000000
setA-09,603,0.000000000
setA-09,604,0.000000000
setA-09,605,0.000000000
setA-09,606,0.000000000
setA-09,607,0.000000000
setA-09,608,0.000000000
setA-09,609,0.000000000
setA-09,610,0.000000000
setA-09,611,0.000000000
setA-09,612,0.000000000
setA-09,613,0.000000000
setA-09,614,0.000000000
setA-09,615,0.000000000
setA-09,616,0.000000000
setA-09,617,0.000000000
setA-09,618,0.000000000
setA-09,619,0.000000000
setA-09,620,0.000000000
setA-09,621,0.000000000
setA-09,622,0.000000000
setA-09,623,0.000000000
setA-09,624,0.000000000
setA-09,625,0.000000000
setA-09,626,0.000000000
setA-09,627,0.000000000
setA-09,628,0.000000000
setA-09,629,0.000000000
setA-09,630,0.000000000
setA-09,631,0.000000000
setA-09,632,0.000000000
setA-09,633,0.000000000
setA-09,634,0.000000000
setA-09,635,0.000000000
setA-09,636,0.000000000
setA-09,637,0.000000000
setA-09,638,0.000000000
setA-09,639,0.000000000
setA-09,640,0.000000000
setA-09,641,0.000000000
setA-09,642,0.000000000
setA-09,643,0.000000000
setA-09,644,0.000000000
setA-09,645,0.000000000
setA-09,646,0.000000000
setA-09,647,0.000000000
setA-09,648,0.000000000
setA-09,649,0.000000000
setA-09,650,0.000000000
setA-09,651,0.000000000
setA-09,652,0.000000000
setA-09,653,0.000000000
setA-09,654,0.000000000
setA-09,655,0.000000000
setA-09,656,0.000000000
setA-09,657,0.000000000
setA-09,658,0.000000000
setA-09,659,0.000000000
setA-09,660,0.000000000
setA-09,661,0.000000000
setA-09,662,0.000000000
setA-09,663,0.000000000
setA-09,664,0.000000000
setA-09,665,0.000000000
setA-09,666,0.000000000
setA-09,667,0.000000000
setA-09,668,0.000000000
setA-09,669,0.000000000
setA-09,670,0.000000000
setA-09,671,0.000000000
setA-09,672,0.000000000
setA-09,673,0.000000000
setA-09,674,0.000000000
setA-09,675,0.000000000
setA-09,676,0.000000000
setA-09,677,0.000000000
setA-09,678,0.000000000
setA-09,679,0.000000000
setA-09,680,0.000000000
setA-09,681,0.000000000
setA-09,682,0.000000000
setA-09,683,0.000000000
setA-09,684,0.000000000
setA-09,685,0.000000000
setA-09,686,0.000000000
setA-09,687,0.000000000
setA-09,688,0.000000000
setA-09,689,0.000000000
setA-09,690,0.000000000
setA-09,691,0.000000000
setA-09,692,0.000000000
setA-09,693,0.000000000
setA-09,694,0.000000000
setA-09,695,0.000000000
setA-09,696,0.000000000
setA-09,697,0.000000000
setA-09,698,0.000000000
setA-09,699,0.000000000
setA-09,700,0.000000000
setA-09,701,0.000000000
setA-09,702,0.000000000
setA-09,703,0.000000000
setA-09,704,0.000000000
setA-09,705,0.000000000
setA-09,706,0.000000000
setA-09,707,0.000000000
setA-09,708,0.000000000
setA-09,709,0.000000000
setA-09,710,0.000000000
setA-09,711,0.000000000
setA-09,712,0.000000000
setA-09,713,0.000000000
setA-09,714,0.000000000
setA-09,715,0.000000000
setA-09,716,0.000000000
setA-09,717,0.000000000
setA-09,718,0.000000000
setA-09,719,0.000000000
setA-09,720,0.000000000
setA-09,721,0.000000000
setA-09,722,0.000000000
setA-09,723,0.000000000
setA-09,724,0.000000000
setA-09,725,0.000000000
setA-09,726,0.000000000
setA-09,727,0.000000000
setA-09,728,0.000000000
setA-09,729,0.000000000
setA-09,730,0.000000000
setA-09,731,0.000000000
setA-09,732,0.000000000
setA-09,733,0.000000000
setA-09,734,0.000000000
setA-09,735,0.000000000
setA-09,736,0.000000000
setA-09,737,0.000000000
setA-09,738,0.000000000
setA-09,739,0.000000000
setA-09,740,0.000000000
setA-09,741,0.000000000
setA-09,742,0.000000000
setA-09,743,0.000000000
setA-09,744,0.000000000
setA-09,745,0.000000000
setA-09,746,0.000000000
setA-09,747,0.000000000
setA-09,748,0.000000000
setA-09,749,0.000000000
setA-09,750,0.000000000
setA-10,1,0.591304440
setA-10,2,0.552174020
setA-10,3,0.548913150
setA-10,4,0.532608700
setA-10,5,0.450000120
setA-10,6,0.443478360
setA-10,7,0.434782600
setA-10,8,0.423913100
setA-10,9,0.380434800
setA-10,10,0.369565300
setA-10,11,0.358695700
setA-10,12,0.304348000
setA-10,13,0.293478260
setA-10,14,0.286956560
setA-10,15,0.282608750
setA-10,16,0.271739200
setA-10,17,0.260869650
setA-10,18,0.254347840
setA-10,19,0.253260910
setA-10,20,0.250000000
setA-10,21,0.239130480
setA-10,22,0.234782640
setA-10,23,0.232608760
setA-10,24,0.217391360
setA-10,25,0.215217420
setA-10,26,0.206521750
setA-10,27,0.204347880
setA-10,28,0.204347880
setA-10,29,0.182608720
setA-10,30,0.179347900
setA-10,31,0.178260900
setA-10,32,0.173913100
setA-10,33,0.169565240
setA-10,34,0.165760915
setA-10,35,0.163043520
setA-10,36,0.163043500
setA-10,37,0.160869610
setA-10,38,0.156521780
setA-10,39,0.154347820
setA-10,40,0.152173950
setA-10,41,0.152173940
setA-10,42,0.146739150
setA-10,43,0.145652200
setA-10,44,0.143478280
setA-10,45,0.142391345
setA-10,46,0.141304400
setA-10,47,0.141304360
setA-10,48,0.141304350
setA-10,49,0.139130500
setA-10,50,0.139130460
setA-10,51,0.139130440
setA-10,52,0.135869550
setA-10,53,0.134782640
setA-10,54,0.134782630
setA-10,55,0.132608740
setA-10,56,0.132608680
setA-10,57,0.132065250
setA-10,58,0.130434850
setA-10,59,0.129347850
setA-10,60,0.127173940
setA-10,61,0.122826110
setA-10,62,0.121739160
setA-10,63,0.119565250
setA-10,64,0.114130480
setA-10,65,0.114130460
setA-10,66,0.114130450
setA-10,67,0.114130450
setA-10,68,0.113043500
setA-10,69,0.111413065
setA-10,70,0.110869595
setA-10,71,0.109782630
setA-10,72,0.108695700
setA-10,73,0.108695700
setA-10,74,0.107608710
setA-10,75,0.106521780
setA-10,76,0.106521750
setA-10,77,0.105434800
setA-10,78,0.104891330
setA-10,79,0.103260900
setA-10,80,0.102173940
setA-10,81,0.101086980
setA-10,82,0.100000000
setA-10,83,0.097826100
setA-10,84,0.097826100
setA-10,85,0.097826100
setA-10,86,0.096739140
setA-10,87,0.096195668
setA-10,88,0.092391300
setA-10,89,0.091304350
setA-10,90,0.090760885
setA-10,91,0.089130460
setA-10,92,0.089130440
setA-10,93,0.086956545
setA-10,94,0.085869580
setA-10,95,0.085597850
setA-10,96,0.084782630
setA-10,97,0.084782600
setA-10,98,0.082065240
setA-10,99,0.081521750
setA-10,100,0.080434810
setA-10,101,0.080434790
setA-10,102,0.080434780
setA-10,103,0.079347840
setA-10,104,0.079076105
setA-10,105,0.078260890
setA-10,106,0.078260885
setA-10,107,0.078260880
setA-10,108,0.076086980
setA-10,109,0.076086980
setA-10,110,0.076086980
setA-10,111,0.076086970
setA-10,112,0.075000030
setA-10,113,0.075000020
setA-10,114,0.074728275
setA-10,115,0.073913060
setA-10,116,0.073913060
setA-10,117,0.073913060
setA-10,118,0.073913040
setA-10,119,0.071739140
setA-10,120,0.071739140
setA-10,121,0.070652200
setA-10,122,0.069565240
setA-10,123,0.069565240
setA-10,124,0.069565220
setA-10,125,0.069565200
setA-10,126,0.068478280
setA-10,127,0.068478260
setA-10,128,0.067391320
setA-10,129,0.067391320
setA-10,130,0.067391310
setA-10,131,0.066304355
setA-10,132,0.066304350
setA-10,133,0.066304350
setA-10,134,0.065217450
setA-10,135,0.065217420
setA-10,136,0.065217420
setA-10,137,0.065217420
setA-10,138,0.065217400
setA-10,139,0.064402195
setA-10,140,0.061956550
setA-10,141,0.061956533
setA-10,142,0.061956530
setA-10,143,0.060869600
setA-10,144,0.060869580
setA-10,145,0.060869580
setA-10,146,0.060869570
setA-10,147,0.060869540
setA-10,148,0.059782650
setA-10,149,0.059782630
setA-10,150,0.058695680
setA-10,151,0.058695675
setA-10,152,0.058695670
setA-10,153,0.057608710
setA-10,154,0.056521760
setA-10,155,0.056521750
setA-10,156,0.056521750
setA-10,157,0.056250015
setA-10,158,0.055434800
setA-10,159,0.055163057
setA-10,160,0.054347850
setA-10,161,0.054347840
setA-10,162,0.054347840
setA-10,163,0.054347820
setA-10,164,0.052717405
setA-10,165,0.052173930
setA-10,166,0.052173930
setA-10,167,0.052173920
setA-10,168,0.052173900
setA-10,169,0.051086970
setA-10,170,0.051086970
setA-10,171,0.050000010
setA-10,172,0.049456537
setA-10,173,0.048913060
setA-10,174,0.048641315
setA-10,175,0.047826100
setA-10,176,0.047826100
setA-10,177,0.047826100
setA-10,178,0.047826100
setA-10,179,0.047826097
setA-10,180,0.047554360
setA-10,181,0.046739140
setA-10,182,0.046739140
setA-10,183,0.046739137
setA-10,184,0.046195662
setA-10,185,0.045652200
setA-10,186,0.045652175
setA-10,187,0.045108710
setA-10,188,0.044565220
setA-10,189,0.043478280
setA-10,190,0.043478270
setA-10,191,0.043478265
setA-10,192,0.043478260
setA-10,193,0.043478260
setA-10,194,0.043478250
setA-10,195,0.042934795
setA-10,196,0.042391310
setA-10,197,0.042391310
setA-10,198,0.042391310
setA-10,199,0.041304357
setA-10,200,0.040760880
setA-10,201,0.040217400
setA-10,202,0.040217400
setA-10,203,0.040217400
setA-10,204,0.039130450
setA-10,205,0.039130450
setA-10,206,0.039130440
setA-10,207,0.039130440
setA-10,208,0.039130440
setA-10,209,0.038043500
setA-10,210,0.038043490
setA-10,211,0.038043488
setA-10,212,0.038043480
setA-10,213,0.036956540
setA-10,214,0.036956540
setA-10,215,0.036956540
setA-10,216,0.036956530
setA-10,217,0.036956520
setA-10,218,0.036956520
setA-10,219,0.036956520
setA-10,220,0.036956520
setA-10,221,0.036141317
setA-10,222,0.035869570
setA-10,223,0.035326095
setA-10,224,0.034782620
setA-10,225,0.034782620
setA-10,226,0.034782620
setA-10,227,0.034782612
setA-10,228,0.034239135
setA-10,229,0.033695665
setA-10,230,0.032880440
setA-10,231,0.032608705
setA-10,232,0.032608700
setA-10,233,0.032608700
setA-10,234,0.032065220
setA-10,235,0.031521745
setA-10,236,0.031521740
setA-10,237,0.030978270
setA-10,238,0.030434800
setA-10,239,0.030434790
setA-10,240,0.030434790
setA-10,241,0.030434780
setA-10,242,0.030434780
setA-10,243,0.029891310
setA-10,244,0.029891305
setA-10,245,0.029347830
setA-10,246,0.029347830
setA-10,247,0.029347830
setA-10,248,0.028260880
setA-10,249,0.028260880
setA-10,250,0.028260880
setA-10,251,0.028260860
setA-10,252,0.027717400
setA-10,253,0.027717395
setA-10,254,0.027282614
setA-10,255,0.027173920
setA-10,256,0.026630445
setA-10,257,0.026630442
setA-10,258,0.026630440
setA-10,259,0.026630440
setA-10,260,0.026630435
setA-10,261,0.026086960
setA-10,262,0.026086960
setA-10,263,0.025815220
setA-10,264,0.025543485
setA-10,265,0.025000010
setA-10,266,0.025000010
setA-10,267,0.025000005
setA-10,268,0.025000005
setA-10,269,0.025000000
setA-10,270,0.025000000
setA-10,271,0.024456520
setA-10,272,0.023913060
setA-10,273,0.023913050
setA-10,274,0.023913050
setA-10,275,0.023913050
setA-10,276,0.023913045
setA-10,277,0.023913040
setA-10,278,0.023369575
setA-10,279,0.023369572
setA-10,280,0.023097835
setA-10,281,0.022826100
setA-10,282,0.022826100
setA-10,283,0.022826090
setA-10,284,0.022826090
setA-10,285,0.022282620
setA-10,286,0.022282610
setA-10,287,0.022282610
setA-10,288,0.022010875
setA-10,289,0.021739140
setA-10,290,0.021739140
setA-10,291,0.021739140
setA-10,292,0.021739140
setA-10,293,0.021739140
setA-10,294,0.021739140
setA-10,295,0.021739140
setA-10,296,0.021739140
setA-10,297,0.021739140
setA-10,298,0.021739140
setA-10,299,0.021739140
setA-10,300,0.021739140
setA-10,301,0.021739140
setA-10,302,0.021739135
setA-10,303,0.021739130
setA-10,304,0.021467395
setA-10,305,0.021413047
setA-10,306,0.021195657
setA-10,307,0.020923920
setA-10,308,0.020923917
setA-10,309,0.020923915
setA-10,310,0.020652180
setA-10,311,0.020652180
setA-10,312,0.020652175
setA-10,313,0.020380438
setA-10,314,0.020108702
setA-10,315,0.020108700
setA-10,316,0.020108700
setA-10,317,0.019565220
setA-10,318,0.019565220
setA-10,319,0.019565220
setA-10,320,0.019565220
setA-10,321,0.019565220
setA-10,322,0.019565220
setA-10,323,0.019565220
setA-10,324,0.019565220
setA-10,325,0.019565220
setA-10,326,0.019565220
setA-10,327,0.019293485
setA-10,328,0.019293483
setA-10,329,0.019293483
setA-10,330,0.019021745
setA-10,331,0.018478270
setA-10,332,0.018478265
setA-10,333,0.018478265
setA-10,334,0.018478262
setA-10,335,0.018478260
setA-10,336,0.018478260
setA-10,337,0.017934790
setA-10,338,0.017934790
setA-10,339,0.017934785
setA-10,340,0.017663047
setA-10,341,0.017391320
setA-10,342,0.017391310
setA-10,343,0.017391310
setA-10,344,0.017391310
setA-10,345,0.017391300
setA-10,346,0.017391300
setA-10,347,0.016847827
setA-10,348,0.016847827
setA-10,349,0.016847825
setA-10,350,0.016847825
setA-10,351,0.016304352
setA-10,352,0.015760880
setA-10,353,0.015760875
setA-10,354,0.015489135
setA-10,355,0.015217400
setA-10,356,0.015217400
setA-10,357,0.015217400
setA-10,358,0.015217400
setA-10,359,0.015217400
setA-10,360,0.015217400
setA-10,361,0.015217395
setA-10,362,0.015217392
setA-10,363,0.015217390
setA-10,364,0.015217390
setA-10,365,0.015217390
setA-10,366,0.015217390
setA-10,367,0.014945655
setA-10,368,0.014673917
setA-10,369,0.014673915
setA-10,370,0.014130440
setA-10,371,0.014130440
setA-10,372,0.014130437
setA-10,373,0.014130430
setA-10,374,0.014021742
setA-10,375,0.013858695
setA-10,376,0.013586960
setA-10,377,0.013586957
setA-10,378,0.013315222
setA-10,379,0.013315220
setA-10,380,0.013043485
setA-10,381,0.013043481
setA-10,382,0.013043480
setA-10,383,0.013043480
setA-10,384,0.013043480
setA-10,385,0.013043480
setA-10,386,0.013043480
setA-10,387,0.013043480
setA-10,388,0.013043480
setA-10,389,0.013043480
setA-10,390,0.013043480
setA-10,391,0.012771742
setA-10,392,0.012608698
setA-10,393,0.012500005
setA-10,394,0.012500005
setA-10,395,0.012500002
setA-10,396,0.012500002
setA-10,397,0.012500000
setA-10,398,0.012391306
setA-10,399,0.012228262
setA-10,400,0.011956530
setA-10,401,0.011956525
setA-10,402,0.011956525
setA-10,403,0.011956520
setA-10,404,0.011956520
setA-10,405,0.011956520
setA-10,406,0.011956520
setA-10,407,0.011956520
setA-10,408,0.011684782
setA-10,409,0.011413045
setA-10,410,0.011141305
setA-10,411,0.011086959
setA-10,412,0.010978263
setA-10,413,0.010869570
setA-10,414,0.010869570
setA-10,415,0.010869570
setA-10,416,0.010869570
setA-10,417,0.010869570
setA-10,418,0.010869567
setA-10,419,0.010869567
setA-10,420,0.010869560
setA-10,421,0.010869560
setA-10,422,0.010597828
setA-10,423,0.010597825
setA-10,424,0.010326090
setA-10,425,0.010326090
setA-10,426,0.010326090
setA-10,427,0.010326087
setA-10,428,0.010326085
setA-10,429,0.010108698
setA-10,430,0.010054353
setA-10,431,0.009891305
setA-10,432,0.009782610
setA-10,433,0.009782610
setA-10,434,0.009782610
setA-10,435,0.009782610
setA-10,436,0.009782610
setA-10,437,0.009782610
setA-10,438,0.009782610
setA-10,439,0.009782610
setA-10,440,0.009782610
setA-10,441,0.009782610
setA-10,442,0.009782610
setA-10,443,0.009673914
setA-10,444,0.009565218
setA-10,445,0.009510872
setA-10,446,0.009239135
setA-10,447,0.009239135
setA-10,448,0.009239135
setA-10,449,0.009239130
setA-10,450,0.008967392
setA-10,451,0.008695660
setA-10,452,0.008695660
setA-10,453,0.008695660
setA-10,454,0.008695655
setA-10,455,0.008695655
setA-10,456,0.008695655
setA-10,457,0.008695655
setA-10,458,0.008695655
setA-10,459,0.008695654
setA-10,460,0.008695650
setA-10,461,0.008695650
setA-10,462,0.008695650
setA-10,463,0.008695650
setA-10,464,0.008695650
setA-10,465,0.008695650
setA-10,466,0.008695650
setA-10,467,0.008586959
setA-10,468,0.008478262
setA-10,469,0.008369568
setA-10,470,0.008152175
setA-10,471,0.008152175
setA-10,472,0.008152175
setA-10,473,0.008152175
setA-10,474,0.008152175
setA-10,475,0.008152175
setA-10,476,0.008152175
setA-10,477,0.008152175
setA-10,478,0.008043479
setA-10,479,0.007880435
setA-10,480,0.007826089
setA-10,481,0.007608700
setA-10,482,0.007608700
setA-10,483,0.007608700
setA-10,484,0.007608700
setA-10,485,0.007608697
setA-10,486,0.007608697
setA-10,487,0.007608695
setA-10,488,0.007608695
setA-10,489,0.007336960
setA-10,490,0.007173914
setA-10,491,0.007173914
setA-10,492,0.007065220
setA-10,493,0.007065220
setA-10,494,0.007065220
setA-10,495,0.007065220
setA-10,496,0.007065218
setA-10,497,0.006956523
setA-10,498,0.006793480
setA-10,499,0.006793480
setA-10,500,0.006793480
setA-10,501,0.006793477
setA-10,502,0.006630436
setA-10,503,0.006521742
setA-10,504,0.006521740
setA-10,505,0.006521740
setA-10,506,0.006521740
setA-10,507,0.006521740
setA-10,508,0.006521739
setA-10,509,0.006304349
setA-10,510,0.006250000
setA-10,511,0.006250000
setA-10,512,0.006086959
setA-10,513,0.006086958
setA-10,514,0.006086957
setA-10,515,0.005978265
setA-10,516,0.005978265
setA-10,517,0.005978265
setA-10,518,0.005978262
setA-10,519,0.005978260
setA-10,520,0.005978260
setA-10,521,0.005978260
setA-10,522,0.005978260
setA-10,523,0.005869567
setA-10,524,0.005543480
setA-10,525,0.005434785
setA-10,526,0.005434785
setA-10,527,0.005434785
setA-10,528,0.005434785
setA-10,529,0.005434785
setA-10,530,0.005434785
setA-10,531,0.005434785
setA-10,532,0.005434785
setA-10,533,0.005434785
setA-10,534,0.005434785
setA-10,535,0.005434785
setA-10,536,0.005434785
setA-10,537,0.005434785
setA-10,538,0.005434784
setA-10,539,0.005434782
setA-10,540,0.005434780
setA-10,541,0.005434780
setA-10,542,0.005434780
setA-10,543,0.005217393
setA-10,544,0.005217392
setA-10,545,0.005163045
setA-10,546,0.005163045
setA-10,547,0.005163043
setA-10,548,0.005163043
setA-10,549,0.005108697
setA-10,550,0.004945653
setA-10,551,0.004891306
setA-10,552,0.004891305
setA-10,553,0.004891305
setA-10,554,0.004891305
setA-10,555,0.004891305
setA-10,556,0.004891305
setA-10,557,0.004891305
setA-10,558,0.004891305
setA-10,559,0.004891305
setA-10,560,0.004891305
setA-10,561,0.004891305
setA-10,562,0.004891305
setA-10,563,0.004619568
setA-10,564,0.004565219
setA-10,565,0.004347830
setA-10,566,0.004347830
setA-10,567,0.004347830
setA-10,568,0.004347828
setA-10,569,0.004347828
setA-10,570,0.004347828
setA-10,571,0.004347828
setA-10,572,0.004347827
setA-10,573,0.004347825
setA-10,574,0.004347825
setA-10,575,0.004076087
setA-10,576,0.004076087
setA-10,577,0.004076087
setA-10,578,0.004076087
setA-10,579,0.004021741
setA-10,580,0.004021740
setA-10,581,0.003913045
setA-10,582,0.003858696
setA-10,583,0.003804350
setA-10,584,0.003804350
setA-10,585,0.003804350
setA-10,586,0.003804350
setA-10,587,0.003804350
setA-10,588,0.003804350
setA-10,589,0.003804349
setA-10,590,0.003804348
setA-10,591,0.003804348
setA-10,592,0.003804348
setA-10,593,0.003804345
setA-10,594,0.003804345
setA-10,595,0.003804345
setA-10,596,0.003641305
setA-10,597,0.003586957
setA-10,598,0.003532610
setA-10,599,0.003532610
setA-10,600,0.003532610
setA-10,601,0.003532610
setA-10,602,0.003478262
setA-10,603,0.003260870
setA-10,604,0.003260870
setA-10,605,0.003260870
setA-10,606,0.003260870
setA-10,607,0.003260870
setA-10,608,0.003260870
setA-10,609,0.003043479
setA-10,610,0.002989132
setA-10,611,0.002989132
setA-10,612,0.002989132
setA-10,613,0.002989130
setA-10,614,0.002989130
setA-10,615,0.002989130
setA-10,616,0.002934783
setA-10,617,0.002717393
setA-10,618,0.002717393
setA-10,619,0.002717392
setA-10,620,0.002717391
setA-10,621,0.002717390
setA-10,622,0.002717390
setA-10,623,0.002717390
setA-10,624,0.002608697
setA-10,625,0.002608696
setA-10,626,0.002500000
setA-10,627,0.002445652
setA-10,628,0.002445652
setA-10,629,0.002445652
setA-10,630,0.002445652
setA-10,631,0.002445652
setA-10,632,0.002445652
setA-10,633,0.002445652
setA-10,634,0.002445652
setA-10,635,0.002445652
setA-10,636,0.002445652
setA-10,637,0.002391305
setA-10,638,0.002282609
setA-10,639,0.002282608
setA-10,640,0.002173915
setA-10,641,0.002173915
setA-10,642,0.002173915
setA-10,643,0.002173914
setA-10,644,0.002173913
setA-10,645,0.002173913
setA-10,646,0.002173913
setA-10,647,0.002173913
setA-10,648,0.002173913
setA-10,649,0.002065218
setA-10,650,0.002065218
setA-10,651,0.002065218
setA-10,652,0.002065217
setA-10,653,0.001956522
setA-10,654,0.001956522
setA-10,655,0.001956522
setA-10,656,0.001902175
setA-10,657,0.001902175
setA-10,658,0.001902175
setA-10,659,0.001902175
setA-10,660,0.001902175
setA-10,661,0.001902175
setA-10,662,0.001902175
setA-10,663,0.001902175
setA-10,664,0.001902175
setA-10,665,0.001739131
setA-10,666,0.001739131
setA-10,667,0.001739131
setA-10,668,0.001630435
setA-10,669,0.001630435
setA-10,670,0.001630435
setA-10,671,0.001630435
setA-10,672,0.001630435
setA-10,673,0.001576087
setA-10,674,0.001521740
setA-10,675,0.001521740
setA-10,676,0.001521740
setA-10,677,0.001521739
setA-10,678,0.001413044
setA-10,679,0.001358695
setA-10,680,0.001358695
setA-10,681,0.001358695
setA-10,682,0.001358695
setA-10,683,0.001358695
setA-10,684,0.001304348
setA-10,685,0.001304348
setA-10,686,0.001250000
setA-10,687,0.001086960
setA-10,688,0.001086957
setA-10,689,0.001086957
setA-10,690,0.001086957
setA-10,691,0.001086957
setA-10,692,0.001086957
setA-10,693,0.001086957
setA-10,694,0.000978262
setA-10,695,0.000978261
setA-10,696,0.000978261
setA-10,697,0.000978261
setA-10,698,0.000869565
setA-10,699,0.000869565
setA-10,700,0.000869565
setA-10,701,0.000869565
setA-10,702,0.000869565
setA-10,703,0.000869565
setA-10,704,0.000815217
setA-10,705,0.000815217
setA-10,706,0.000760870
setA-10,707,0.000760870
setA-10,708,0.000760869
setA-10,709,0.000706522
setA-10,710,0.000652174
setA-10,711,0.000652174
setA-10,712,0.000652174
setA-10,713,0.000652174
setA-10,714,0.000543478
setA-10,715,0.000543478
setA-10,716,0.000543478
setA-10,717,0.000434783
setA-10,718,0.000434783
setA-10,719,0.000271740
setA-10,720,0.000217391
setA-10,721,0.000108695
setA-10,722,0.000054348
setA-10,723,0.000010870
setA-10,724,0.000000000
setA-10,725,0.000000000
setA-10,726,0.000000000
setA-10,727,0.000000000
setA-10,728,0.000000000
setA-10,729,0.000000000
setA-10,730,0.000000000
setA-10,731,0.000000000
setA-10,732,0.000000000
setA-10,733,0.000000000
setA-10,734,0.000000000
setA-10,735,0.000000000
setA-10,736,0.000000000
setA-10,737,0.000000000
setA-10,738,0.000000000
setA-10,739,0.000000000
setA-10,740,0.000000000
setA-10,741,0.000000000
setA-10,742,0.000000000
setA-10,743,0.000000000
setA-10,744,0.000000000
setA-10,745,0.000000000
setA-10,746,0.000000000
setA-10,747,0.000000000
setA-10,748,0.000000000
setA-10,749,0.000000000
setA-10,750,0.000000000
setA-10,751,0.000000000
setA-10,752,0.000000000
setA-10,753,0.000000000
setA-10,754,0.000000000
setA-10,755,0.000000000
setA-10,756,0.000000000
setA-10,757,0.000000000
setA-10,758,0.000000000
setA-10,759,0.000000000
setA-10,760,0.000000000
setA-10,761,0.000000000
setA-10,762,0.000000000
setA-10,763,0.000000000
setA-10,764,0.000000000
setA-10,765,0.000000000
setA-10,766,0.000000000
setA-10,767,0.000000000
setA-10,768,0.000000000
setA-10,769,0.000000000
setA-10,770,0.000000000
setA-10,771,0.000000000
setA-10,772,0.000000000
setA-10,773,0.000000000
setA-10,774,0.000000000
setA-10,775,0.000000000
setA-10,776,0.000000000
setA-10,777,0.000000000
setA-10,778,0.000000000
setA-10,779,0.000000000
setA-10,780,0.000000000
setA-10,781,0.000000000
setA-10,782,0.000000000
setA-10,783,0.000000000
setA-10,784,0.000000000
setA-10,785,0.000000000
setA-10,786,0.000000000
setA-10,787,0.000000000
setA-10,788,0.000000000
setA-10,789,0.000000000
setA-10,790,0.000000000
setA-10,791,0.000000000
setA-10,792,0.000000000
setA-10,793,0.000000000
setA-10,794,0.000000000
setA-10,795,0.000000000
setA-10,796,0.000000000
setA-10,797,0.000000000
setA-10,798,0.000000000
setA-10,799,0.000000000
setA-10,800,0.000000000
setA-10,801,0.000000000
setA-10,802,0.000000000
setA-10,803,0.000000000
setA-10,804,0.000000000
setA-10,805,0.000000000
setA-10,806,0.000000000
setA-10,807,0.000000000
setA-10,808,0.000000000
setA-10,809,0.000000000
setA-10,810,0.000000000
setA-10,811,0.000000000
setA-10,812,0.000000000
setA-10,813,0.000000000
setA-10,814,0.000000000
setA-10,815,0.000000000
setA-10,816,0.000000000
setA-10,817,0.000000000
setA-10,818,0.000000000
setA-10,819,0.000000000
setA-10,820,0.000000000
setA-10,821,0.000000000
setA-10,822,0.000000000
setA-10,823,0.000000000
setA-10,824,0.000000000
setA-10,825,0.000000000
setA-10,826,0.000000000
setA-10,827,0.000000000
setA-10,828,0.000000000
setA-10,829,0.000000000
setA-10,830,0.000000000
setA-10,831,0.000000000
setA-10,832,0.000000000
setA-10,833,0.000000000
setA-10,834,0.000000000
setA-10,835,0.000000000
setA-10,836,0.000000000
setA-10,837,0.000000000
setA-10,838,0.000000000
setA-10,839,0.000000000
setA-10,840,0.000000000
setA-10,841,0.000000000
setA-10,842,0.000000000
setA-10,843,0.000000000
setA-10,844,0.000000000
setA-10,845,0.000000000
setA-10,846,0.000000000
setA-10,847,0.000000000
setA-10,848,0.000000000
setA-10,849,0.000000000
setA-10,850,0.000000000
setA-10,851,0.000000000
setA-10,852,0.000000000
setA-10,853,0.000000000
setA-10,854,0.000000000
setA-10,855,0.000000000
setA-10,856,0.000000000
setA-10,857,0.000000000
setA-10,858,0.000000000
setA-10,859,0.000000000
setA-10,860,0.000000000
setA-10,861,0.000000000
setA-10,862,0.000000000
setA-10,863,0.000000000
setA-10,864,0.000000000
setA-10,865,0.000000000
setA-10,866,0.000000000
setA-10,867,0.000000000
setA-10,868,0.000000000
setA-10,869,0.000000000
setA-10,870,0.000000000
setA-10,871,0.000000000
setA-10,872,0.000000000
setA-10,873,0.000000000
setA-10,874,0.000000000
setA-10,875,0.000000000
setA-10,876,0.000000000
setA-10,877,0.000000000
setA-10,878,0.000000000
setA-10,879,0.000000000
setA-10,880,0.000000000
setA-10,881,0.000000000
setA-10,882,0.000000000
setA-10,883,0.000000000
setA-10,884,0.000000000
setA-10,885,0.000000000
setA-10,886,0.000000000
setA-10,887,0.000000000
setA-10,888,0.000000000
setA-10,889,0.000000000
setA-10,890,0.000000000
setA-10,891,0.000000000
setA-10,892,0.000000000
setA-10,893,0.000000000
setA-10,894,0.000000000
setA-10,895,0.000000000
setA-10,896,0.000000000
setA-10,897,0.000000000
setA-10,898,0.000000000
setA-10,899,0.000000000
setA-10,900,0.000000000
setA-10,901,0.000000000
setA-10,902,0.000000000
setA-10,903,0.000000000
setA-10,904,0.000000000
setA-10,905,0.000000000
setA-10,906,0.000000000
setA-10,907,0.000000000
setA-10,908,0.000000000
setA-10,909,0.000000000
setA-10,910,0.000000000
setA-10,911,0.000000000
setA-10,912,0.000000000
setA-10,913,0.000000000
setA-10,914,0.000000000
setA-10,915,0.000000000
setA-10,916,0.000000000
setA-10,917,0.000000000
setA-10,918,0.000000000
setA-10,919,0.000000000
setA-10,920,0.000000000
setA-10,921,0.000000000
setA-10,922,0.000000000
setA-10,923,0.000000000
setA-10,924,0.000000000
setA-10,925,0.000000000
setA-10,926,0.000000000
setA-10,927,0.000000000
setA-10,928,0.000000000
setA-10,929,0.000000000
setA-10,930,0.000000000
setA-10,931,0.000000000
setA-10,932,0.000000000
setA-10,933,0.000000000
setA-10,934,0.000000000
setA-10,935,0.000000000
setA-10,936,0.000000000
setA-10,937,0.000000000
setA-10,938,0.000000000
setA-10,939,0.000000000
setA-10,940,0.000000000
setA-10,941,0.000000000
setA-10,942,0.000000000
setA-10,943,0.000000000
setA-10,944,0.000000000
setA-10,945,0.000000000
setA-10,946,0.000000000
setA-10,947,0.000000000
setA-10,948,0.000000000
setA-10,949,0.000000000
setA-10,950,0.000000000
setA-10,951,0.000000000
setA-10,952,0.000000000
setA-10,953,0.000000000
setA-10,954,0.000000000
setA-10,955,0.000000000
setA-10,956,0.000000000
setA-10,957,0.000000000
setA-10,958,0.000000000
setA-10,959,0.000000000
setA-10,960,0.000000000
setA-10,961,0.000000000
setA-10,962,0.000000000
setA-10,963,0.000000000
setA-10,964,0.000000000
setA-10,965,0.000000000
setA-10,966,0.000000000
setA-11,1,0.785788957
setA-11,2,0.670605797
setA-11,3,0.611862088
setA-11,4,0.547038333
setA-11,5,0.498086612
setA-11,6,0.481167857
setA-11,7,0.418118485
setA-11,8,0.388185906
setA-11,9,0.349418160
setA-11,10,0.348431933
setA-11,11,0.327442169
setA-11,12,0.324854135
setA-11,13,0.306728185
setA-11,14,0.301605820
setA-11,15,0.297627742
setA-11,16,0.290482456
setA-11,17,0.281173868
setA-11,18,0.271839940
setA-11,19,0.259582083
setA-11,20,0.257987766
setA-11,21,0.251658306
setA-11,22,0.251088327
setA-11,23,0.249366067
setA-11,24,0.247264474
setA-11,25,0.245479835
setA-11,26,0.240030864
setA-11,27,0.237583679
setA-11,28,0.235458353
setA-11,29,0.234391084
setA-11,30,0.233291872
setA-11,31,0.226894459
setA-11,32,0.226341600
setA-11,33,0.211022535
setA-11,34,0.207789062
setA-11,35,0.202581408
setA-11,36,0.200714995
setA-11,37,0.199318100
setA-11,38,0.198121973
setA-11,39,0.195442337
setA-11,40,0.192413630
setA-11,41,0.190590437
setA-11,42,0.188128622
setA-11,43,0.187965135
setA-11,44,0.185075068
setA-11,45,0.181514572
setA-11,46,0.181237643
setA-11,47,0.180215829
setA-11,48,0.180048069
setA-11,49,0.179576648
setA-11,50,0.178577496
setA-11,51,0.177756848
setA-11,52,0.175240809
setA-11,53,0.175174924
setA-11,54,0.173785802
setA-11,55,0.172692760
setA-11,56,0.171344878
setA-11,57,0.168347632
setA-11,58,0.167304959
setA-11,59,0.166805882
setA-11,60,0.166038042
setA-11,61,0.165469071
setA-11,62,0.164174646
setA-11,63,0.163309952
setA-11,64,0.162690549
setA-11,65,0.161984196
setA-11,66,0.158549631
setA-11,67,0.157563051
setA-11,68,0.153661830
setA-11,69,0.152818118
setA-11,70,0.152376839
setA-11,71,0.152271208
setA-11,72,0.151055844
setA-11,73,0.150776136
setA-11,74,0.150504792
setA-11,75,0.148920994
setA-11,76,0.147620118
setA-11,77,0.146929116
setA-11,78,0.144807939
setA-11,79,0.144526527
setA-11,80,0.143922680
setA-11,81,0.143873542
setA-11,82,0.143447177
setA-11,83,0.143259761
setA-11,84,0.142490828
setA-11,85,0.141695606
setA-11,86,0.140984963
setA-11,87,0.140584638
setA-11,88,0.140416854
setA-11,89,0.139865371
setA-11,90,0.139526991
setA-11,91,0.139372959
setA-11,92,0.138579507
setA-11,93,0.137914854
setA-11,94,0.136749176
setA-11,95,0.136714899
setA-11,96,0.136350638
setA-11,97,0.136023364
setA-11,98,0.135818958
setA-11,99,0.135316216
setA-11,100,0.135263391
setA-11,101,0.134525093
setA-11,102,0.134422541
setA-11,103,0.134146250
setA-11,104,0.132522120
setA-11,105,0.132361396
setA-11,106,0.132037321
setA-11,107,0.132016405
setA-11,108,0.131002102
setA-11,109,0.130898880
setA-11,110,0.129258271
setA-11,111,0.127789544
setA-11,112,0.127128525
setA-11,113,0.126625407
setA-11,114,0.126340264
setA-11,115,0.126129186
setA-11,116,0.124961615
setA-11,117,0.124758312
setA-11,118,0.124524925
setA-11,119,0.124506667
setA-11,120,0.124335000
setA-11,121,0.123374172
setA-11,122,0.122629870
setA-11,123,0.121901567
setA-11,124,0.121524859
setA-11,125,0.121490212
setA-11,126,0.121145707
setA-11,127,0.119773661
setA-11,128,0.119306729
setA-11,129,0.118488073
setA-11,130,0.118476662
setA-11,131,0.117745977
setA-11,132,0.117024810
setA-11,133,0.116570451
setA-11,134,0.114972404
setA-11,135,0.114517833
setA-11,136,0.114379027
setA-11,137,0.113757420
setA-11,138,0.113168860
setA-11,139,0.113011184
setA-11,140,0.112783307
setA-11,141,0.111538776
setA-11,142,0.110440513
setA-11,143,0.109191310
setA-11,144,0.109044743
setA-11,145,0.108812625
setA-11,146,0.108770263
setA-11,147,0.108064372
setA-11,148,0.107790764
setA-11,149,0.107602978
setA-11,150,0.107462626
setA-11,151,0.107261440
setA-11,152,0.107192027
setA-11,153,0.106810783
setA-11,154,0.106717874
setA-11,155,0.105693541
setA-11,156,0.105286957
setA-11,157,0.104988889
setA-11,158,0.104825297
setA-11,159,0.104301961
setA-11,160,0.104020459
setA-11,161,0.103865952
setA-11,162,0.102875498
setA-11,163,0.102519471
setA-11,164,0.102488937
setA-11,165,0.102036147
setA-11,166,0.101756747
setA-11,167,0.100879405
setA-11,168,0.100433333
setA-11,169,0.100265637
setA-11,170,0.100250702
setA-11,171,0.099972152
setA-11,172,0.099970113
setA-11,173,0.099937791
setA-11,174,0.099551988
setA-11,175,0.099383966
setA-11,176,0.099051195
setA-11,177,0.098782216
setA-11,178,0.098569572
setA-11,179,0.098194421
setA-11,180,0.097958073
setA-11,181,0.097866771
setA-11,182,0.097297995
setA-11,183,0.097263383
setA-11,184,0.097209454
setA-11,185,0.097058834
setA-11,186,0.096993384
setA-11,187,0.096198647
setA-11,188,0.096075510
setA-11,189,0.095910785
setA-11,190,0.095893162
setA-11,191,0.095652860
setA-11,192,0.095455729
setA-11,193,0.095167890
setA-11,194,0.094860167
setA-11,195,0.094643721
setA-11,196,0.094423593
setA-11,197,0.093646719
setA-11,198,0.093448071
setA-11,199,0.093196869
setA-11,200,0.093013053
setA-11,201,0.093000551
setA-11,202,0.092915222
setA-11,203,0.092915152
setA-11,204,0.092557319
setA-11,205,0.091957216
setA-11,206,0.091580610
setA-11,207,0.091437809
setA-11,208,0.091349064
setA-11,209,0.091289250
setA-11,210,0.090962794
setA-11,211,0.090888936
setA-11,212,0.090437481
setA-11,213,0.089634015
setA-11,214,0.089240678
setA-11,215,0.088880521
setA-11,216,0.088584428
setA-11,217,0.088400256
setA-11,218,0.088321573
setA-11,219,0.088274389
setA-11,220,0.088215059
setA-11,221,0.088157470
setA-11,222,0.087580585
setA-11,223,0.087297703
setA-11,224,0.087132904
setA-11,225,0.087060840
setA-11,226,0.087051034
setA-11,227,0.086779245
setA-11,228,0.086752551
setA-11,229,0.086432868
setA-11,230,0.086352069
setA-11,231,0.086188386
setA-11,232,0.085555644
setA-11,233,0.085475326
setA-11,234,0.085207025
setA-11,235,0.084889029
setA-11,236,0.084851295
setA-11,237,0.084771182
setA-11,238,0.084740049
setA-11,239,0.084570874
setA-11,240,0.084290433
setA-11,241,0.083862527
setA-11,242,0.083667398
setA-11,243,0.083576150
setA-11,244,0.083529966
setA-11,245,0.083397801
setA-11,246,0.083380970
setA-11,247,0.083340493
setA-11,248,0.083177036
setA-11,249,0.082939673
setA-11,250,0.082832049
setA-11,251,0.082773122
setA-11,252,0.082060748
setA-11,253,0.081701254
setA-11,254,0.081479487
setA-11,255,0.081254941
setA-11,256,0.081139136
setA-11,257,0.080966075
setA-11,258,0.080711493
setA-11,259,0.080187123
setA-11,260,0.080078216
setA-11,261,0.078805926
setA-11,262,0.078761410
setA-11,263,0.078667542
setA-11,264,0.078193095
setA-11,265,0.078164540
setA-11,266,0.078080688
setA-11,267,0.077868286
setA-11,268,0.077846164
setA-11,269,0.077277723
setA-11,270,0.076491797
setA-11,271,0.076393310
setA-11,272,0.076095890
setA-11,273,0.076054569
setA-11,274,0.076036686
setA-11,275,0.075994947
setA-11,276,0.074931720
setA-11,277,0.074789436
setA-11,278,0.074638128
setA-11,279,0.074581818
setA-11,280,0.074371218
setA-11,281,0.074267820
setA-11,282,0.074127206
setA-11,283,0.074078466
setA-11,284,0.073996907
setA-11,285,0.073379378
setA-11,286,0.073328571
setA-11,287,0.072895559
setA-11,288,0.072656721
setA-11,289,0.072621420
setA-11,290,0.072525728
setA-11,291,0.072117248
setA-11,292,0.072009286
setA-11,293,0.071739515
setA-11,294,0.070996752
setA-11,295,0.070902416
setA-11,296,0.070735484
setA-11,297,0.070733033
setA-11,298,0.070392568
setA-11,299,0.070115231
setA-11,300,0.070069908
setA-11,301,0.069937230
setA-11,302,0.069686354
setA-11,303,0.069368265
setA-11,304,0.068950528
setA-11,305,0.068406531
setA-11,306,0.068314004
setA-11,307,0.068223425
setA-11,308,0.068114536
setA-11,309,0.067780618
setA-11,310,0.067568000
setA-11,311,0.067274681
setA-11,312,0.067042350
setA-11,313,0.066745130
setA-11,314,0.066708547
setA-11,315,0.066431497
setA-11,316,0.066368045
setA-11,317,0.066352033
setA-11,318,0.066332353
setA-11,319,0.066294690
setA-11,320,0.066108817
setA-11,321,0.065958333
setA-11,322,0.065708457
setA-11,323,0.065205432
setA-11,324,0.064961864
setA-11,325,0.064942488
setA-11,326,0.064877415
setA-11,327,0.064695491
setA-11,328,0.064047634
setA-11,329,0.064015953
setA-11,330,0.063947451
setA-11,331,0.063821255
setA-11,332,0.063414667
setA-11,333,0.063377627
setA-11,334,0.063142504
setA-11,335,0.063056117
setA-11,336,0.062984385
setA-11,337,0.062860000
setA-11,338,0.062625698
setA-11,339,0.062376573
setA-11,340,0.062281514
setA-11,341,0.061943580
setA-11,342,0.061832134
setA-11,343,0.061808986
setA-11,344,0.061661818
setA-11,345,0.061521212
setA-11,346,0.061411042
setA-11,347,0.061407612
setA-11,348,0.061401958
setA-11,349,0.061284397
setA-11,350,0.061230753
setA-11,351,0.060965840
setA-11,352,0.060954965
setA-11,353,0.060433402
setA-11,354,0.060057091
setA-11,355,0.059731221
setA-11,356,0.059705125
setA-11,357,0.059475321
setA-11,358,0.059224129
setA-11,359,0.058898757
setA-11,360,0.058410743
setA-11,361,0.057725187
setA-11,362,0.057625385
setA-11,363,0.057251377
setA-11,364,0.057055625
setA-11,365,0.057048964
setA-11,366,0.057001613
setA-11,367,0.056306533
setA-11,368,0.056274906
setA-11,369,0.056174292
setA-11,370,0.056012766
setA-11,371,0.055904457
setA-11,372,0.055874775
setA-11,373,0.055807903
setA-11,374,0.055807054
setA-11,375,0.055536802
setA-11,376,0.055397266
setA-11,377,0.055179566
setA-11,378,0.054931378
setA-11,379,0.054837658
setA-11,380,0.054547586
setA-11,381,0.054379480
setA-11,382,0.053995364
setA-11,383,0.053899314
setA-11,384,0.053501075
setA-11,385,0.053413462
setA-11,386,0.053074513
setA-11,387,0.052801205
setA-11,388,0.052624484
setA-11,389,0.052471521
setA-11,390,0.052356021
setA-11,391,0.052355567
setA-11,392,0.052264803
setA-11,393,0.052143007
setA-11,394,0.051560725
setA-11,395,0.051532773
setA-11,396,0.051427284
setA-11,397,0.051313064
setA-11,398,0.051086833
setA-11,399,0.050974306
setA-11,400,0.050910127
setA-11,401,0.050878627
setA-11,402,0.050604814
setA-11,403,0.050589543
setA-11,404,0.050295435
setA-11,405,0.049996676
setA-11,406,0.049983333
setA-11,407,0.049974369
setA-11,408,0.049818298
setA-11,409,0.049623339
setA-11,410,0.049619546
setA-11,411,0.049338219
setA-11,412,0.048946429
setA-11,413,0.048477470
setA-11,414,0.048454488
setA-11,415,0.048357652
setA-11,416,0.048165564
setA-11,417,0.048149636
setA-11,418,0.048102212
setA-11,419,0.048102212
setA-11,420,0.047703312
setA-11,421,0.047684268
setA-11,422,0.047675172
setA-11,423,0.047587234
setA-11,424,0.047473750
setA-11,425,0.047287202
setA-11,426,0.047035614
setA-11,427,0.046984136
setA-11,428,0.046957846
setA-11,429,0.046751582
setA-11,430,0.046285432
setA-11,431,0.046275425
setA-11,432,0.046275294
setA-11,433,0.046107220
setA-11,434,0.046053623
setA-11,435,0.046011708
setA-11,436,0.045918794
setA-11,437,0.045618278
setA-11,438,0.045612857
setA-11,439,0.045592029
setA-11,440,0.045045856
setA-11,441,0.044606773
setA-11,442,0.044562969
setA-11,443,0.044290998
setA-11,444,0.044233073
setA-11,445,0.044201143
setA-11,446,0.044077840
setA-11,447,0.043633435
setA-11,448,0.043518976
setA-11,449,0.043348228
setA-11,450,0.043259029
setA-11,451,0.043144571
setA-11,452,0.043026872
setA-11,453,0.042989901
setA-11,454,0.042804145
setA-11,455,0.042650836
setA-11,456,0.042401852
setA-11,457,0.042216598
setA-11,458,0.041774328
setA-11,459,0.041681620
setA-11,460,0.041553132
setA-11,461,0.041447495
setA-11,462,0.041405305
setA-11,463,0.041331172
setA-11,464,0.041307025
setA-11,465,0.041182969
setA-11,466,0.041167082
setA-11,467,0.040859353
setA-11,468,0.040676697
setA-11,469,0.040664000
setA-11,470,0.040389694
setA-11,471,0.040386364
setA-11,472,0.040330013
setA-11,473,0.040172353
setA-11,474,0.039904330
setA-11,475,0.039876111
setA-11,476,0.039620060
setA-11,477,0.039383813
setA-11,478,0.039219686
setA-11,479,0.039198661
setA-11,480,0.039198580
setA-11,481,0.039159642
setA-11,482,0.039110583
setA-11,483,0.039061360
setA-11,484,0.039034021
setA-11,485,0.038839228
setA-11,486,0.038812658
setA-11,487,0.038653407
setA-11,488,0.038331725
setA-11,489,0.038314886
setA-11,490,0.037972754
setA-11,491,0.037891017
setA-11,492,0.037873007
setA-11,493,0.037795975
setA-11,494,0.037493076
setA-11,495,0.037176790
setA-11,496,0.037010526
setA-11,497,0.036457698
setA-11,498,0.036415796
setA-11,499,0.036404738
setA-11,500,0.036223893
setA-11,501,0.035899242
setA-11,502,0.035752894
setA-11,503,0.035750521
setA-11,504,0.035594362
setA-11,505,0.035062369
setA-11,506,0.034765590
setA-11,507,0.034503293
setA-11,508,0.034065822
setA-11,509,0.033993293
setA-11,510,0.033973127
setA-11,511,0.033697485
setA-11,512,0.033564450
setA-11,513,0.033563265
setA-11,514,0.033552778
setA-11,515,0.033449440
setA-11,516,0.032868556
setA-11,517,0.032634683
setA-11,518,0.032354337
setA-11,519,0.032184538
setA-11,520,0.032047222
setA-11,521,0.031992386
setA-11,522,0.031437487
setA-11,523,0.031112870
setA-11,524,0.030619848
setA-11,525,0.030343173
setA-11,526,0.030191688
setA-11,527,0.030157702
setA-11,528,0.030127071
setA-11,529,0.029998970
setA-11,530,0.029171036
setA-11,531,0.029081890
setA-11,532,0.028608158
setA-11,533,0.028341388
setA-11,534,0.028327913
setA-11,535,0.028234323
setA-11,536,0.028223000
setA-11,537,0.027984252
setA-11,538,0.027714723
setA-11,539,0.027408740
setA-11,540,0.027276136
setA-11,541,0.027228477
setA-11,542,0.026584650
setA-11,543,0.026503770
setA-11,544,0.026429185
setA-11,545,0.026402411
setA-11,546,0.026383333
setA-11,547,0.026132566
setA-11,548,0.025999746
setA-11,549,0.025809804
setA-11,550,0.025700000
setA-11,551,0.025655721
setA-11,552,0.025399688
setA-11,553,0.025303367
setA-11,554,0.025028169
setA-11,555,0.024767613
setA-11,556,0.024467556
setA-11,557,0.024431294
setA-11,558,0.024342466
setA-11,559,0.024248618
setA-11,560,0.024103154
setA-11,561,0.023367864
setA-11,562,0.023328541
setA-11,563,0.022738388
setA-11,564,0.022424644
setA-11,565,0.022218841
setA-11,566,0.022025130
setA-11,567,0.022019888
setA-11,568,0.021777038
setA-11,569,0.021761998
setA-11,570,0.021532937
setA-11,571,0.021454162
setA-11,572,0.021360698
setA-11,573,0.020972892
setA-11,574,0.020917292
setA-11,575,0.020870558
setA-11,576,0.020380765
setA-11,577,0.020185103
setA-11,578,0.020019289
setA-11,579,0.019492657
setA-11,580,0.019478982
setA-11,581,0.018423868
setA-11,582,0.018249525
setA-11,583,0.017693750
setA-11,584,0.017633198
setA-11,585,0.017394155
setA-11,586,0.017195455
setA-11,587,0.017161567
setA-11,588,0.017115924
setA-11,589,0.016954204
setA-11,590,0.016756294
setA-11,591,0.016561609
setA-11,592,0.015911127
setA-11,593,0.015780942
setA-11,594,0.015730218
setA-11,595,0.015718797
setA-11,596,0.015697789
setA-11,597,0.015635344
setA-11,598,0.015454637
setA-11,599,0.015158308
setA-11,600,0.015080737
setA-11,601,0.014948971
setA-11,602,0.014386774
setA-11,603,0.014221729
setA-11,604,0.014195370
setA-11,605,0.014054342
setA-11,606,0.013841781
setA-11,607,0.013626587
setA-11,608,0.013452896
setA-11,609,0.013328794
setA-11,610,0.012865128
setA-11,611,0.012545570
setA-11,612,0.012209164
setA-11,613,0.011734715
setA-11,614,0.011664270
setA-11,615,0.011479514
setA-11,616,0.011291667
setA-11,617,0.010895603
setA-11,618,0.010598733
setA-11,619,0.010424856
setA-11,620,0.010111729
setA-11,621,0.009667437
setA-11,622,0.009443036
setA-11,623,0.008971149
setA-11,624,0.008825594
setA-11,625,0.008597727
setA-11,626,0.008572619
setA-11,627,0.008323380
setA-11,628,0.008279455
setA-11,629,0.008255401
setA-11,630,0.008165646
setA-11,631,0.007956299
setA-11,632,0.007812332
setA-11,633,0.007778837
setA-11,634,0.007651765
setA-11,635,0.007373038
setA-11,636,0.006837951
setA-11,637,0.006644866
setA-11,638,0.006373780
setA-11,639,0.006251583
setA-11,640,0.005605484
setA-11,641,0.005155357
setA-11,642,0.004801114
setA-11,643,0.004738335
setA-11,644,0.004736863
setA-11,645,0.004675742
setA-11,646,0.004457569
setA-11,647,0.004301646
setA-11,648,0.004143044
setA-11,649,0.003858795
setA-11,650,0.002331599
setA-11,651,0.000000000
setA-11,652,0.000000000
setA-11,653,0.000000000
setA-11,654,0.000000000
setA-11,655,0.000000000
setA-11,656,0.000000000
setA-11,657,0.000000000
setA-11,658,0.000000000
setA-11,659,0.000000000
setA-11,660,0.000000000
setA-11,661,0.000000000
setA-11,662,0.000000000
setA-11,663,0.000000000
setA-11,664,0.000000000
setA-11,665,0.000000000
setA-11,666,0.000000000
setA-11,667,0.000000000
setA-11,668,0.000000000
setA-11,669,0.000000000
setA-11,670,0.000000000
setA-11,671,0.000000000
setA-11,672,0.000000000
setA-11,673,0.000000000
setA-11,674,0.000000000
setA-11,675,0.000000000
setA-11,676,0.000000000
setA-11,677,0.000000000
setA-11,678,0.000000000
setA-11,679,0.000000000
setA-11,680,0.000000000
setA-11,681,0.000000000
setA-11,682,0.000000000
setA-11,683,0.000000000
setA-11,684,0.000000000
setA-11,685,0.000000000
setA-11,686,0.000000000
setA-11,687,0.000000000
setA-11,688,0.000000000
setA-11,689,0.000000000
setA-11,690,0.000000000
setA-11,691,0.000000000
setA-11,692,0.000000000
setA-11,693,0.000000000
setA-11,694,0.000000000
setA-11,695,0.000000000
setA-11,696,0.000000000
setA-11,697,0.000000000
setA-11,698,0.000000000
setA-11,699,0.000000000
setA-11,700,0.000000000
setA-11,701,0.000000000
setA-11,702,0.000000000
setA-11,703,0.000000000
setA-11,704,0.000000000
setA-11,705,0.000000000
setA-11,706,0.000000000
setA-11,707,0.000000000
setA-11,708,0.000000000
setA-11,709,0.000000000
setA-11,710,0.000000000
setA-11,711,0.000000000
setA-11,712,0.000000000
setA-11,713,0.000000000
setA-11,714,0.000000000
setA-11,715,0.000000000
setA-11,716,0.000000000
setA-11,717,0.000000000
setA-11,718,0.000000000
setA-11,719,0.000000000
setA-11,720,0.000000000
setA-11,721,0.000000000
setA-11,722,0.000000000
setA-11,723,0.000000000
setA-11,724,0.000000000
setA-11,725,0.000000000
setA-11,726,0.000000000
setA-11,727,0.000000000
setA-11,728,0.000000000
setA-11,729,0.000000000
setA-11,730,0.000000000
setA-11,731,0.000000000
setA-11,732,0.000000000
setA-11,733,0.000000000
setA-11,734,0.000000000
setA-11,735,0.000000000
setA-11,736,0.000000000
setA-11,737,0.000000000
setA-11,738,0.000000000
setA-11,739,0.000000000
setA-11,740,0.000000000
setA-11,741,0.000000000
setA-11,742,0.000000000
setA-11,743,0.000000000
setA-11,744,0.000000000
setA-11,745,0.000000000
setA-11,746,0.000000000
setA-11,747,0.000000000
setA-11,748,0.000000000
setA-11,749,0.000000000
setA-11,750,0.000000000
setA-11,751,0.000000000
setA-11,752,0.000000000
setA-11,753,0.000000000
setA-11,754,0.000000000
setA-11,755,0.000000000
setA-11,756,0.000000000
setA-11,757,0.000000000
setA-11,758,0.000000000
setA-11,759,0.000000000
setA-11,760,0.000000000
setA-11,761,0.000000000
setA-11,762,0.000000000
setA-11,763,0.000000000
setA-11,764,0.000000000
setA-11,765,0.000000000
setA-11,766,0.000000000
setA-11,767,0.000000000
setA-11,768,0.000000000
setA-11,769,0.000000000
setA-11,770,0.000000000
setA-11,771,0.000000000
setA-11,772,0.000000000
setA-11,773,0.000000000
setA-11,774,0.000000000
setA-11,775,0.000000000
setA-11,776,0.000000000
setA-11,777,0.000000000
setA-11,778,0.000000000
setA-11,779,0.000000000
setA-11,780,0.000000000
setA-11,781,0.000000000
setA-11,782,0.000000000
setA-11,783,0.000000000
setA-11,784,0.000000000
setA-11,785,0.000000000
setA-11,786,0.000000000
setA-11,787,0.000000000
setA-11,788,0.000000000
setA-11,789,0.000000000
setA-11,790,0.000000000
setA-11,791,0.000000000
setA-11,792,0.000000000
setA-11,793,0.000000000
setA-11,794,0.000000000
setA-11,795,0.000000000
setA-11,796,0.000000000
setA-11,797,0.000000000
setA-11,798,0.000000000
setA-11,799,0.000000000
setA-11,800,0.000000000
setA-11,801,0.000000000
setA-11,802,0.000000000
setA-11,803,0.000000000
setA-11,804,0.000000000
setA-11,805,0.000000000
setA-11,806,0.000000000
setA-11,807,0.000000000
setA-11,808,0.000000000
setA-11,809,0.000000000
setA-11,810,0.000000000
setA-11,811,0.000000000
setA-11,812,0.000000000
setA-11,813,0.000000000
setA-11,814,0.000000000
setA-11,815,0.000000000
setA-11,816,0.000000000
setA-11,817,0.000000000
setA-11,818,0.000000000
setA-11,819,0.000000000
setA-11,820,0.000000000
setA-11,821,0.000000000
setA-11,822,0.000000000
setA-11,823,0.000000000
setA-11,824,0.000000000
setA-11,825,0.000000000
setA-11,826,0.000000000
setA-11,827,0.000000000
setA-11,828,0.000000000
setA-11,829,0.000000000
setA-11,830,0.000000000
setA-11,831,0.000000000
setA-11,832,0.000000000
setA-11,833,0.000000000
setA-11,834,0.000000000
setA-11,835,0.000000000
setA-11,836,0.000000000
setA-11,837,0.000000000
setA-11,838,0.000000000
setA-11,839,0.000000000
setA-11,840,0.000000000
setA-11,841,0.000000000
setA-11,842,0.000000000
setA-11,843,0.000000000
setA-11,844,0.000000000
setA-11,845,0.000000000
setA-11,846,0.000000000
setA-11,847,0.000000000
setA-11,848,0.000000000
setA-11,849,0.000000000
setA-11,850,0.000000000
setA-11,851,0.000000000
setA-11,852,0.000000000
setA-11,853,0.000000000
setA-11,854,0.000000000
setA-11,855,0.000000000
setA-11,856,0.000000000
setA-11,857,0.000000000
setA-11,858,0.000000000
setA-11,859,0.000000000
setA-11,860,0.000000000
setA-11,861,0.000000000
setA-11,862,0.000000000
setA-11,863,0.000000000
setA-11,864,0.000000000
setA-11,865,0.000000000
setA-11,866,0.000000000
setA-11,867,0.000000000
setA-11,868,0.000000000
setA-11,869,0.000000000
setA-11,870,0.000000000
setA-11,871,0.000000000
setA-11,872,0.000000000
setA-11,873,0.000000000
setA-11,874,0.000000000
setA-11,875,0.000000000
setA-11,876,0.000000000
setA-11,877,0.000000000
setA-11,878,0.000000000
setA-11,879,0.000000000
setA-11,880,0.000000000
setA-11,881,0.000000000
setA-11,882,0.000000000
setA-11,883,0.000000000
setA-11,884,0.000000000
setA-11,885,0.000000000
setA-11,886,0.000000000
setA-11,887,0.000000000
setA-11,888,0.000000000
setA-11,889,0.000000000
setA-11,890,0.000000000
setA-11,891,0.000000000
setA-11,892,0.000000000
setA-11,893,0.000000000
setA-11,894,0.000000000
setA-11,895,0.000000000
setA-11,896,0.000000000
setA-11,897,0.000000000
setA-11,898,0.000000000
setA-11,899,0.000000000
setA-11,900,0.000000000
setA-11,901,0.000000000
setA-11,902,0.000000000
setA-11,903,0.000000000
setA-11,904,0.000000000
setA-11,905,0.000000000
setA-11,906,0.000000000
setA-11,907,0.000000000
setA-11,908,0.000000000
setA-11,909,0.000000000
setA-11,910,0.000000000
setA-11,911,0.000000000
setA-11,912,0.000000000
setA-11,913,0.000000000
setA-11,914,0.000000000
setA-11,915,0.000000000
setA-11,916,0.000000000
setA-11,917,0.000000000
setA-11,918,0.000000000
setA-11,919,0.000000000
setA-11,920,0.000000000
setA-11,921,0.000000000
setA-11,922,0.000000000
setA-11,923,0.000000000
setA-11,924,0.000000000
setA-11,925,0.000000000
setA-11,926,0.000000000
setA-11,927,0.000000000
setA-11,928,0.000000000
setA-11,929,0.000000000
setA-11,930,0.000000000
setA-11,931,0.000000000
setA-11,932,0.000000000
setA-11,933,0.000000000
setA-11,934,0.000000000
setA-11,935,0.000000000
setA-11,936,0.000000000
setA-11,937,0.000000000
setA-11,938,0.000000000
setA-11,939,0.000000000
setA-11,940,0.000000000
setA-11,941,0.000000000
setA-11,942,0.000000000
setA-11,943,0.000000000
setA-11,944,0.000000000
setA-11,945,0.000000000
setA-11,946,0.000000000
setA-11,947,0.000000000
setA-11,948,0.000000000
setA-11,949,0.000000000
setA-11,950,0.000000000
setA-11,951,0.000000000
setA-11,952,0.000000000
setA-11,953,0.000000000
setA-11,954,0.000000000
setA-11,955,0.000000000
setA-11,956,0.000000000
setA-11,957,0.000000000
setA-11,958,0.000000000
setA-11,959,0.000000000
setA-11,960,0.000000000
setA-11,961,0.000000000
setA-11,962,0.000000000
setA-11,963,0.000000000
setA-11,964,0.000000000
setA-11,965,0.000000000
setA-11,966,0.000000000
setA-11,967,0.000000000
setA-11,968,0.000000000
setA-11,969,0.000000000
setA-11,970,0.000000000
setA-11,971,0.000000000
setA-11,972,0.000000000
setA-11,973,0.000000000
setA-11,974,0.000000000
setA-11,975,0.000000000
setA-11,976,0.000000000
setA-11,977,0.000000000
setA-11,978,0.000000000
setA-11,979,0.000000000
setA-11,980,0.000000000
setA-11,981,0.000000000
setA-11,982,0.000000000
setA-11,983,0.000000000
setA-11,984,0.000000000
setA-11,985,0.000000000
setA-11,986,0.000000000
setA-11,987,0.000000000
setA-11,988,0.000000000
setA-11,989,0.000000000
setA-11,990,0.000000000
setA-11,991,0.000000000
setA-11,992,0.000000000
setA-11,993,0.000000000
setA-11,994,0.000000000
setA-11,995,0.000000000
setA-11,996,0.000000000
setA-11,997,0.000000000
setA-11,998,0.000000000
setA-11,999,0.000000000
setA-11,1000,0.000000000
setA-12,1,0.879872592
setA-12,2,0.494918853
setA-12,3,0.386703010
setA-12,4,0.360035308
setA-12,5,0.360035308
setA-12,6,0.170540083
setA-12,7,0.135104930
setA-12,8,0.128940507
setA-12,9,0.097396491
setA-12,10,0.069384630
setA-12,11,0.056530214
setA-12,12,0.052306915
setA-12,13,0.051871079
setA-12,14,0.045425437
setA-12,15,0.040538123
setA-12,16,0.037252260
setA-12,17,0.035923812
setA-12,18,0.034873432
setA-12,19,0.034027973
setA-12,20,0.032712931
setA-12,21,0.030367764
setA-12,22,0.029511433
setA-12,23,0.028739049
setA-12,24,0.027041872
setA-12,25,0.026671081
setA-12,26,0.026671081
setA-12,27,0.026059264
setA-12,28,0.025827592
setA-12,29,0.025239448
setA-12,30,0.024192203
setA-12,31,0.022125784
setA-12,32,0.021658083
setA-12,33,0.021420038
setA-12,34,0.021265186
setA-12,35,0.021135588
setA-12,36,0.021038999
setA-12,37,0.020405866
setA-12,38,0.020061472
setA-12,39,0.019925027
setA-12,40,0.018557197
setA-12,41,0.018447462
setA-12,42,0.017807405
setA-12,43,0.017699931
setA-12,44,0.017688914
setA-12,45,0.017429142
setA-12,46,0.016989168
setA-12,47,0.016679473
setA-12,48,0.016554023
setA-12,49,0.016215249
setA-12,50,0.016205390
setA-12,51,0.015940022
setA-12,52,0.015896756
setA-12,53,0.015640626
setA-12,54,0.014845758
setA-12,55,0.014588332
setA-12,56,0.013174417
setA-12,57,0.012915768
setA-12,58,0.012318176
setA-12,59,0.011903199
setA-12,60,0.011901480
setA-12,61,0.011606691
setA-12,62,0.011424670
setA-12,63,0.011384332
setA-12,64,0.010787240
setA-12,65,0.010621159
setA-12,66,0.010394861
setA-12,67,0.010296981
setA-12,68,0.010106235
setA-12,69,0.009762995
setA-12,70,0.009607230
setA-12,71,0.009580822
setA-12,72,0.009178958
setA-12,73,0.008857883
setA-12,74,0.008793492
setA-12,75,0.008638274
setA-12,76,0.008530181
setA-12,77,0.008390443
setA-12,78,0.008200894
setA-12,79,0.008052111
setA-12,80,0.007907509
setA-12,81,0.007860749
setA-12,82,0.007756134
setA-12,83,0.007588392
setA-12,84,0.007560083
setA-12,85,0.007412557
setA-12,86,0.007381935
setA-12,87,0.007352258
setA-12,88,0.007223426
setA-12,89,0.006909183
setA-12,90,0.006887872
setA-12,91,0.006823562
setA-12,92,0.006823562
setA-12,93,0.006821994
setA-12,94,0.006792689
setA-12,95,0.006729507
setA-12,96,0.006729507
setA-12,97,0.006633597
setA-12,98,0.006630572
setA-12,99,0.006590330
setA-12,100,0.006497852
setA-12,101,0.006479477
setA-12,102,0.006446949
setA-12,103,0.006422384
setA-12,104,0.006325404
setA-12,105,0.006203705
setA-12,106,0.006080021
setA-12,107,0.006061479
setA-12,108,0.006041052
setA-12,109,0.005972920
setA-12,110,0.005968429
setA-12,111,0.005937866
setA-12,112,0.005846171
setA-12,113,0.005824895
setA-12,114,0.005802483
setA-12,115,0.005657584
setA-12,116,0.005582946
setA-12,117,0.005448152
setA-12,118,0.005437780
setA-12,119,0.005331006
setA-12,120,0.005309868
setA-12,121,0.005284466
setA-12,122,0.005284466
setA-12,123,0.005282457
setA-12,124,0.005278480
setA-12,125,0.005256705
setA-12,126,0.005198864
setA-12,127,0.005182965
setA-12,128,0.005136560
setA-12,129,0.005079023
setA-12,130,0.005079023
setA-12,131,0.005060156
setA-12,132,0.005058998
setA-12,133,0.005018205
setA-12,134,0.005008746
setA-12,135,0.004994523
setA-12,136,0.004971488
setA-12,137,0.004866044
setA-12,138,0.004775910
setA-12,139,0.004678681
setA-12,140,0.004676937
setA-12,141,0.004648696
setA-12,142,0.004420375
setA-12,143,0.004391705
setA-12,144,0.004391494
setA-12,145,0.004389066
setA-12,146,0.004302157
setA-12,147,0.004238998
setA-12,148,0.004166890
setA-12,149,0.004166890
setA-12,150,0.004162186
setA-12,151,0.004144482
setA-12,152,0.004132489
setA-12,153,0.004102885
setA-12,154,0.004073657
setA-12,155,0.004050958
setA-12,156,0.004044648
setA-12,157,0.004039219
setA-12,158,0.003988636
setA-12,159,0.003950765
setA-12,160,0.003949994
setA-12,161,0.003934994
setA-12,162,0.003934994
setA-12,163,0.003926743
setA-12,164,0.003878412
setA-12,165,0.003820865
setA-12,166,0.003816718
setA-12,167,0.003815683
setA-12,168,0.003802687
setA-12,169,0.003768167
setA-12,170,0.003740868
setA-12,171,0.003729428
setA-12,172,0.003727808
setA-12,173,0.003689193
setA-12,174,0.003677268
setA-12,175,0.003675850
setA-12,176,0.003616364
setA-12,177,0.003616364
setA-12,178,0.003612353
setA-12,179,0.003579661
setA-12,180,0.003545287
setA-12,181,0.003528408
setA-12,182,0.003521098
setA-12,183,0.003513557
setA-12,184,0.003480727
setA-12,185,0.003463319
setA-12,186,0.003437306
setA-12,187,0.003432327
setA-12,188,0.003424541
setA-12,189,0.003390692
setA-12,190,0.003370612
setA-12,191,0.003350048
setA-12,192,0.003284680
setA-12,193,0.003211605
setA-12,194,0.003176817
setA-12,195,0.003143043
setA-12,196,0.003133827
setA-12,197,0.003115843
setA-12,198,0.003110328
setA-12,199,0.003103413
setA-12,200,0.003102729
setA-12,201,0.003053838
setA-12,202,0.003023197
setA-12,203,0.002971914
setA-12,204,0.002970654
setA-12,205,0.002968308
setA-12,206,0.002916919
setA-12,207,0.002899727
setA-12,208,0.002895521
setA-12,209,0.002890485
setA-12,210,0.002879326
setA-12,211,0.002876041
setA-12,212,0.002855366
setA-12,213,0.002833256
setA-12,214,0.002829172
setA-12,215,0.002826694
setA-12,216,0.002821469
setA-12,217,0.002814885
setA-12,218,0.002801519
setA-12,219,0.002792595
setA-12,220,0.002775301
setA-12,221,0.002762988
setA-12,222,0.002761713
setA-12,223,0.002761713
setA-12,224,0.002758795
setA-12,225,0.002738438
setA-12,226,0.002729738
setA-12,227,0.002728614
setA-12,228,0.002702634
setA-12,229,0.002680733
setA-12,230,0.002672229
setA-12,231,0.002671285
setA-12,232,0.002651208
setA-12,233,0.002611523
setA-12,234,0.002588183
setA-12,235,0.002565229
setA-12,236,0.002565229
setA-12,237,0.002557018
setA-12,238,0.002555558
setA-12,239,0.002550487
setA-12,240,0.002538427
setA-12,241,0.002527579
setA-12,242,0.002515405
setA-12,243,0.002510192
setA-12,244,0.002506280
setA-12,245,0.002475584
setA-12,246,0.002470665
setA-12,247,0.002468829
setA-12,248,0.002468343
setA-12,249,0.002463997
setA-12,250,0.002462544
setA-12,251,0.002441981
setA-12,252,0.002421967
setA-12,253,0.002410753
setA-12,254,0.002402186
setA-12,255,0.002399944
setA-12,256,0.002396589
setA-12,257,0.002339973
setA-12,258,0.002339873
setA-12,259,0.002337835
setA-12,260,0.002318930
setA-12,261,0.002304851
setA-12,262,0.002304271
setA-12,263,0.002300355
setA-12,264,0.002296470
setA-12,265,0.002284717
setA-12,266,0.002275071
setA-12,267,0.002264165
setA-12,268,0.002256102
setA-12,269,0.002251677
setA-12,270,0.002242506
setA-12,271,0.002237074
setA-12,272,0.002237074
setA-12,273,0.002235704
setA-12,274,0.002231518
setA-12,275,0.002220056
setA-12,276,0.002210524
setA-12,277,0.002185210
setA-12,278,0.002185075
setA-12,279,0.002181639
setA-12,280,0.002181236
setA-12,281,0.002175047
setA-12,282,0.002174819
setA-12,283,0.002167412
setA-12,284,0.002159980
setA-12,285,0.002159980
setA-12,286,0.002146544
setA-12,287,0.002143597
setA-12,288,0.002134722
setA-12,289,0.002117713
setA-12,290,0.002114541
setA-12,291,0.002111095
setA-12,292,0.002104118
setA-12,293,0.002103769
setA-12,294,0.002102308
setA-12,295,0.002091022
setA-12,296,0.002079339
setA-12,297,0.002078542
setA-12,298,0.002075058
setA-12,299,0.002069786
setA-12,300,0.002069268
setA-12,301,0.002048976
setA-12,302,0.002042614
setA-12,303,0.002036294
setA-12,304,0.002035705
setA-12,305,0.002022903
setA-12,306,0.002022903
setA-12,307,0.002018963
setA-12,308,0.002018805
setA-12,309,0.002018492
setA-12,310,0.002008105
setA-12,311,0.002007747
setA-12,312,0.002006540
setA-12,313,0.002002455
setA-12,314,0.002001721
setA-12,315,0.002001338
setA-12,316,0.001995205
setA-12,317,0.001979075
setA-12,318,0.001974536
setA-12,319,0.001973723
setA-12,320,0.001973064
setA-12,321,0.001961957
setA-12,322,0.001958521
setA-12,323,0.001953390
setA-12,324,0.001947954
setA-12,325,0.001946179
setA-12,326,0.001927696
setA-12,327,0.001925757
setA-12,328,0.001913081
setA-12,329,0.001908115
setA-12,330,0.001897997
setA-12,331,0.001895115
setA-12,332,0.001890256
setA-12,333,0.001886680
setA-12,334,0.001886559
setA-12,335,0.001884046
setA-12,336,0.001883619
setA-12,337,0.001870630
setA-12,338,0.001862751
setA-12,339,0.001857031
setA-12,340,0.001856766
setA-12,341,0.001855164
setA-12,342,0.001845402
setA-12,343,0.001842413
setA-12,344,0.001837236
setA-12,345,0.001831921
setA-12,346,0.001830853
setA-12,347,0.001811948
setA-12,348,0.001808513
setA-12,349,0.001800306
setA-12,350,0.001782684
setA-12,351,0.001779821
setA-12,352,0.001779524
setA-12,353,0.001775037
setA-12,354,0.001768565
setA-12,355,0.001761836
setA-12,356,0.001758800
setA-12,357,0.001756068
setA-12,358,0.001755167
setA-12,359,0.001754956
setA-12,360,0.001741177
setA-12,361,0.001727626
setA-12,362,0.001726371
setA-12,363,0.001724425
setA-12,364,0.001723646
setA-12,365,0.001709972
setA-12,366,0.001706186
setA-12,367,0.001705090
setA-12,368,0.001699683
setA-12,369,0.001698272
setA-12,370,0.001697940
setA-12,371,0.001680292
setA-12,372,0.001676603
setA-12,373,0.001676177
setA-12,374,0.001669835
setA-12,375,0.001662284
setA-12,376,0.001655028
setA-12,377,0.001653194
setA-12,378,0.001646452
setA-12,379,0.001645478
setA-12,380,0.001642032
setA-12,381,0.001637951
setA-12,382,0.001634629
setA-12,383,0.001633427
setA-12,384,0.001628638
setA-12,385,0.001611014
setA-12,386,0.001607417
setA-12,387,0.001598066
setA-12,388,0.001585433
setA-12,389,0.001580661
setA-12,390,0.001577011
setA-12,391,0.001561314
setA-12,392,0.001560736
setA-12,393,0.001553897
setA-12,394,0.001552326
setA-12,395,0.001547355
setA-12,396,0.001542429
setA-12,397,0.001535790
setA-12,398,0.001530384
setA-12,399,0.001530367
setA-12,400,0.001528381
setA-12,401,0.001518906
setA-12,402,0.001506208
setA-12,403,0.001505775
setA-12,404,0.001499154
setA-12,405,0.001485916
setA-12,406,0.001483921
setA-12,407,0.001483915
setA-12,408,0.001478431
setA-12,409,0.001478080
setA-12,410,0.001474113
setA-12,411,0.001472421
setA-12,412,0.001455513
setA-12,413,0.001455505
setA-12,414,0.001450424
setA-12,415,0.001446336
setA-12,416,0.001438758
setA-12,417,0.001437043
setA-12,418,0.001430379
setA-12,419,0.001429775
setA-12,420,0.001429775
setA-12,421,0.001426595
setA-12,422,0.001402946
setA-12,423,0.001395104
setA-12,424,0.001388392
setA-12,425,0.001381810
setA-12,426,0.001378587
setA-12,427,0.001378011
setA-12,428,0.001366834
setA-12,429,0.001362064
setA-12,430,0.001352305
setA-12,431,0.001350103
setA-12,432,0.001348948
setA-12,433,0.001332138
setA-12,434,0.001331952
setA-12,435,0.001325732
setA-12,436,0.001325732
setA-12,437,0.001325239
setA-12,438,0.001317994
setA-12,439,0.001311341
setA-12,440,0.001299660
setA-12,441,0.001296168
setA-12,442,0.001293988
setA-12,443,0.001293735
setA-12,444,0.001293117
setA-12,445,0.001293117
setA-12,446,0.001287490
setA-12,447,0.001286934
setA-12,448,0.001285933
setA-12,449,0.001284354
setA-12,450,0.001278289
setA-12,451,0.001271837
setA-12,452,0.001262888
setA-12,453,0.001260142
setA-12,454,0.001257453
setA-12,455,0.001256219
setA-12,456,0.001249572
setA-12,457,0.001245638
setA-12,458,0.001244251
setA-12,459,0.001244251
setA-12,460,0.001243958
setA-12,461,0.001237181
setA-12,462,0.001237024
setA-12,463,0.001233752
setA-12,464,0.001233752
setA-12,465,0.001233011
setA-12,466,0.001232140
setA-12,467,0.001231943
setA-12,468,0.001231629
setA-12,469,0.001231367
setA-12,470,0.001225376
setA-12,471,0.001222684
setA-12,472,0.001222022
setA-12,473,0.001221851
setA-12,474,0.001220382
setA-12,475,0.001219682
setA-12,476,0.001215169
setA-12,477,0.001208387
setA-12,478,0.001198836
setA-12,479,0.001198186
setA-12,480,0.001191810
setA-12,481,0.001188222
setA-12,482,0.001185758
setA-12,483,0.001180095
setA-12,484,0.001177023
setA-12,485,0.001176300
setA-12,486,0.001171456
setA-12,487,0.001170088
setA-12,488,0.001170004
setA-12,489,0.001163828
setA-12,490,0.001162255
setA-12,491,0.001155597
setA-12,492,0.001153058
setA-12,493,0.001147657
setA-12,494,0.001137639
setA-12,495,0.001135057
setA-12,496,0.001134175
setA-12,497,0.001128737
setA-12,498,0.001128625
setA-12,499,0.001125974
setA-12,500,0.001124420
setA-12,501,0.001120375
setA-12,502,0.001119601
setA-12,503,0.001111698
setA-12,504,0.001106544
setA-12,505,0.001104475
setA-12,506,0.001101848
setA-12,507,0.001100981
setA-12,508,0.001099548
setA-12,509,0.001095375
setA-12,510,0.001095158
setA-12,511,0.001093473
setA-12,512,0.001089810
setA-12,513,0.001087534
setA-12,514,0.001085079
setA-12,515,0.001080878
setA-12,516,0.001077694
setA-12,517,0.001075954
setA-12,518,0.001075265
setA-12,519,0.001071449
setA-12,520,0.001069385
setA-12,521,0.001068823
setA-12,522,0.001066834
setA-12,523,0.001066238
setA-12,524,0.001065153
setA-12,525,0.001061534
setA-12,526,0.001061166
setA-12,527,0.001058747
setA-12,528,0.001053384
setA-12,529,0.001050589
setA-12,530,0.001050522
setA-12,531,0.001050032
setA-12,532,0.001044094
setA-12,533,0.001043500
setA-12,534,0.001039645
setA-12,535,0.001033649
setA-12,536,0.001019675
setA-12,537,0.001018082
setA-12,538,0.001017846
setA-12,539,0.001017710
setA-12,540,0.001014382
setA-12,541,0.001012488
setA-12,542,0.001011111
setA-12,543,0.001008540
setA-12,544,0.001006483
setA-12,545,0.001006285
setA-12,546,0.001006188
setA-12,547,0.001005477
setA-12,548,0.001005369
setA-12,549,0.001004839
setA-12,550,0.001004839
setA-12,551,0.001001058
setA-12,552,0.000998813
setA-12,553,0.000996467
setA-12,554,0.000996467
setA-12,555,0.000994505
setA-12,556,0.000989915
setA-12,557,0.000987861
setA-12,558,0.000987631
setA-12,559,0.000982651
setA-12,560,0.000981152
setA-12,561,0.000977344
setA-12,562,0.000977118
setA-12,563,0.000974961
setA-12,564,0.000970391
setA-12,565,0.000968973
setA-12,566,0.000963630
setA-12,567,0.000957955
setA-12,568,0.000957443
setA-12,569,0.000955886
setA-12,570,0.000955804
setA-12,571,0.000945393
setA-12,572,0.000942983
setA-12,573,0.000942388
setA-12,574,0.000942121
setA-12,575,0.000941335
setA-12,576,0.000932619
setA-12,577,0.000932441
setA-12,578,0.000927334
setA-12,579,0.000925202
setA-12,580,0.000923982
setA-12,581,0.000922293
setA-12,582,0.000918197
setA-12,583,0.000915612
setA-12,584,0.000908628
setA-12,585,0.000905084
setA-12,586,0.000904500
setA-12,587,0.000903739
setA-12,588,0.000901016
setA-12,589,0.000899299
setA-12,590,0.000894969
setA-12,591,0.000893742
setA-12,592,0.000892760
setA-12,593,0.000891196
setA-12,594,0.000883394
setA-12,595,0.000882832
setA-12,596,0.000878221
setA-12,597,0.000877346
setA-12,598,0.000876242
setA-12,599,0.000870785
setA-12,600,0.000870588
setA-12,601,0.000869920
setA-12,602,0.000869483
setA-12,603,0.000869454
setA-12,604,0.000867557
setA-12,605,0.000866628
setA-12,606,0.000865696
setA-12,607,0.000863329
setA-12,608,0.000862816
setA-12,609,0.000861121
setA-12,610,0.000857886
setA-12,611,0.000856319
setA-12,612,0.000853099
setA-12,613,0.000847336
setA-12,614,0.000845372
setA-12,615,0.000839745
setA-12,616,0.000838247
setA-12,617,0.000836148
setA-12,618,0.000835013
setA-12,619,0.000834805
setA-12,620,0.000834062
setA-12,621,0.000832042
setA-12,622,0.000830876
setA-12,623,0.000826619
setA-12,624,0.000825781
setA-12,625,0.000824141
setA-12,626,0.000818017
setA-12,627,0.000817690
setA-12,628,0.000813926
setA-12,629,0.000813780
setA-12,630,0.000804396
setA-12,631,0.000801664
setA-12,632,0.000800174
setA-12,633,0.000799863
setA-12,634,0.000799358
setA-12,635,0.000795632
setA-12,636,0.000794428
setA-12,637,0.000791037
setA-12,638,0.000790193
setA-12,639,0.000787958
setA-12,640,0.000781911
setA-12,641,0.000779797
setA-12,642,0.000770456
setA-12,643,0.000764191
setA-12,644,0.000754700
setA-12,645,0.000742496
setA-12,646,0.000738957
setA-12,647,0.000736729
setA-12,648,0.000724087
setA-12,649,0.000723614
setA-12,650,0.000720361
setA-12,651,0.000720361
setA-12,652,0.000712834
setA-12,653,0.000711656
setA-12,654,0.000710125
setA-12,655,0.000710093
setA-12,656,0.000706347
setA-12,657,0.000704446
setA-12,658,0.000696389
setA-12,659,0.000692356
setA-12,660,0.000689627
setA-12,661,0.000689278
setA-12,662,0.000683025
setA-12,663,0.000681225
setA-12,664,0.000678641
setA-12,665,0.000677391
setA-12,666,0.000674607
setA-12,667,0.000674113
setA-12,668,0.000670731
setA-12,669,0.000667771
setA-12,670,0.000666040
setA-12,671,0.000657554
setA-12,672,0.000657471
setA-12,673,0.000656750
setA-12,674,0.000655748
setA-12,675,0.000651603
setA-12,676,0.000649930
setA-12,677,0.000644167
setA-12,678,0.000638543
setA-12,679,0.000632486
setA-12,680,0.000628772
setA-12,681,0.000628188
setA-12,682,0.000624218
setA-12,683,0.000623839
setA-12,684,0.000622212
setA-12,685,0.000620930
setA-12,686,0.000620698
setA-12,687,0.000618590
setA-12,688,0.000614062
setA-12,689,0.000610219
setA-12,690,0.000609607
setA-12,691,0.000608836
setA-12,692,0.000605087
setA-12,693,0.000603566
setA-12,694,0.000603462
setA-12,695,0.000600383
setA-12,696,0.000591183
setA-12,697,0.000587577
setA-12,698,0.000586068
setA-12,699,0.000583983
setA-12,700,0.000578608
setA-12,701,0.000578285
setA-12,702,0.000577804
setA-12,703,0.000569620
setA-12,704,0.000561627
setA-12,705,0.000561447
setA-12,706,0.000554729
setA-12,707,0.000546312
setA-12,708,0.000542951
setA-12,709,0.000525398
setA-12,710,0.000521084
setA-12,711,0.000499898
setA-12,712,0.000494236
setA-12,713,0.000486047
setA-12,714,0.000463900
setA-12,715,0.000462672
setA-12,716,0.000461778
setA-12,717,0.000448136
setA-12,718,0.000434635
setA-12,719,0.000425606
setA-12,720,0.000409043
setA-12,721,0.000395365
setA-12,722,0.000395097
setA-12,723,0.000385045
setA-12,724,0.000379564
setA-12,725,0.000377826
setA-12,726,0.000361504
setA-12,727,0.000350308
setA-12,728,0.000344277
setA-12,729,0.000335283
setA-12,730,0.000332650
setA-12,731,0.000320780
setA-12,732,0.000317164
setA-12,733,0.000292197
setA-12,734,0.000277026
setA-12,735,0.000270220
setA-12,736,0.000239927
setA-12,737,0.000185512
setA-12,738,0.000000000
setA-12,739,0.000000000
setA-12,740,0.000000000
setA-12,741,0.000000000
setA-12,742,0.000000000
setA-12,743,0.000000000
setA-12,744,0.000000000
setA-12,745,0.000000000
setA-12,746,0.000000000
setA-12,747,0.000000000
setA-12,748,0.000000000
setA-12,749,0.000000000
setA-12,750,0.000000000
setA-12,751,0.000000000
setA-12,752,0.000000000
setA-12,753,0.000000000
setA-12,754,0.000000000
setA-12,755,0.000000000
setA-12,756,0.000000000
setA-12,757,0.000000000
setA-12,758,0.000000000
setA-12,759,0.000000000
setA-12,760,0.000000000
setA-12,761,0.000000000
setA-12,762,0.000000000
setA-12,763,0.000000000
setA-12,764,0.000000000
setA-12,765,0.000000000
setA-12,766,0.000000000
setA-12,767,0.000000000
setA-12,768,0.000000000
setA-12,769,0.000000000
setA-12,770,0.000000000
setA-12,771,0.000000000
setA-12,772,0.000000000
setA-12,773,0.000000000
setA-12,774,0.000000000
setA-12,775,0.000000000
setA-12,776,0.000000000
setA-12,777,0.000000000
setA-12,778,0.000000000
setA-12,779,0.000000000
setA-12,780,0.000000000
setA-12,781,0.000000000
setA-12,782,0.000000000
setA-12,783,0.000000000
setA-12,784,0.000000000
setA-12,785,0.000000000
setA-12,786,0.000000000
setA-12,787,0.000000000
setA-12,788,0.000000000
setA-12,789,0.000000000
setA-12,790,0.000000000
setA-12,791,0.000000000
setA-12,792,0.000000000
setA-12,793,0.000000000
setA-12,794,0.000000000
setA-12,795,0.000000000
setA-12,796,0.000000000
setA-12,797,0.000000000
setA-12,798,0.000000000
setA-12,799,0.000000000
setA-12,800,0.000000000
setA-12,801,0.000000000
setA-12,802,0.000000000
setA-12,803,0.000000000
setA-12,804,0.000000000
setA-12,805,0.000000000
setA-12,806,0.000000000
setA-12,807,0.000000000
setA-12,808,0.000000000
setA-12,809,0.000000000
setA-12,810,0.000000000
setA-12,811,0.000000000
setA-12,812,0.000000000
setA-12,813,0.000000000
setA-12,814,0.000000000
setA-12,815,0.000000000
setA-12,816,0.000000000
setA-12,817,0.000000000
setA-12,818,0.000000000
setA-12,819,0.000000000
setA-12,820,0.000000000
setA-12,821,0.000000000
setA-12,822,0.000000000
setA-12,823,0.000000000
setA-12,824,0.000000000
setA-12,825,0.000000000
setA-12,826,0.000000000
setA-12,827,0.000000000
setA-12,828,0.000000000
setA-12,829,0.000000000
setA-12,830,0.000000000
setA-12,831,0.000000000
setA-12,832,0.000000000
setA-12,833,0.000000000
setA-12,834,0.000000000
setA-12,835,0.000000000
setA-12,836,0.000000000
setA-12,837,0.000000000
setA-12,838,0.000000000
setA-12,839,0.000000000
setA-12,840,0.000000000
setA-12,841,0.000000000
setA-12,842,0.000000000
setA-12,843,0.000000000
setA-12,844,0.000000000
setA-12,845,0.000000000
setA-12,846,0.000000000
setA-12,847,0.000000000
setA-12,848,0.000000000
setA-12,849,0.000000000
setA-12,850,0.000000000
setA-12,851,0.000000000
setA-12,852,0.000000000
setA-12,853,0.000000000
setA-12,854,0.000000000
setA-12,855,0.000000000
setA-12,856,0.000000000
setA-12,857,0.000000000
setA-12,858,0.000000000
setA-12,859,0.000000000
setA-12,860,0.000000000
setA-12,861,0.000000000
setA-12,862,0.000000000
setA-12,863,0.000000000
setA-12,864,0.000000000
setA-12,865,0.000000000
setA-12,866,0.000000000
setA-12,867,0.000000000
setA-12,868,0.000000000
setA-12,869,0.000000000
setA-12,870,0.000000000
setA-12,871,0.000000000
setA-12,872,0.000000000
setA-12,873,0.000000000
setA-12,874,0.000000000
setA-12,875,0.000000000
setA-12,876,0.000000000
setA-12,877,0.000000000
setA-12,878,0.000000000
setA-12,879,0.000000000
setA-12,880,0.000000000
setA-12,881,0.000000000
setA-12,882,0.000000000
setA-12,883,0.000000000
setA-12,884,0.000000000
setA-12,885,0.000000000
setA-12,886,0.000000000
setA-12,887,0.000000000
setA-12,888,0.000000000
setA-12,889,0.000000000
setA-12,890,0.000000000
setA-12,891,0.000000000
setA-12,892,0.000000000
setA-12,893,0.000000000
setA-12,894,0.000000000
setA-12,895,0.000000000
setA-12,896,0.000000000
setA-12,897,0.000000000
setA-12,898,0.000000000
setA-13,1,0.854700000
setA-13,2,0.790597500
setA-13,3,0.666666000
setA-13,4,0.493589250
setA-13,5,0.448717500
setA-13,6,0.414529500
setA-13,7,0.397435500
setA-13,8,0.363247500
setA-13,9,0.344016750
setA-13,10,0.341880000
setA-13,11,0.277777500
setA-13,12,0.258546750
setA-13,13,0.251281800
setA-13,14,0.241025400
setA-13,15,0.213675000
setA-13,16,0.200854500
setA-13,17,0.198290400
setA-13,18,0.192307500
setA-13,19,0.168375900
setA-13,20,0.155555400
setA-13,21,0.149572500
setA-13,22,0.136752000
setA-13,23,0.125640900
setA-13,24,0.113247750
setA-13,25,0.112820400
setA-13,26,0.111111000
setA-13,27,0.110683650
setA-13,28,0.102991350
setA-13,29,0.102564000
setA-13,30,0.101281950
setA-13,31,0.091025550
setA-13,32,0.089529825
setA-13,33,0.088034100
setA-13,34,0.085897350
setA-13,35,0.084615300
setA-13,36,0.083760600
setA-13,37,0.082264875
setA-13,38,0.081196500
setA-13,39,0.080341800
setA-13,40,0.080341800
setA-13,41,0.079914450
setA-13,42,0.079059750
setA-13,43,0.076923000
setA-13,44,0.076495650
setA-13,45,0.076068300
setA-13,46,0.074786250
setA-13,47,0.073504200
setA-13,48,0.072649500
setA-13,49,0.072649500
setA-13,50,0.071794800
setA-13,51,0.071581125
setA-13,52,0.071367450
setA-13,53,0.069017025
setA-13,54,0.068803350
setA-13,55,0.067093950
setA-13,56,0.065811900
setA-13,57,0.064102500
setA-13,58,0.063034125
setA-13,59,0.062393100
setA-13,60,0.061965750
setA-13,61,0.061538400
setA-13,62,0.060683700
setA-13,63,0.060256350
setA-13,64,0.059401650
setA-13,65,0.058546950
setA-13,66,0.058119600
setA-13,67,0.057478575
setA-13,68,0.057051225
setA-13,69,0.056837550
setA-13,70,0.056837550
setA-13,71,0.055555500
setA-13,72,0.054914475
setA-13,73,0.054700800
setA-13,74,0.053846100
setA-13,75,0.053418750
setA-13,76,0.052991400
setA-13,77,0.052564050
setA-13,78,0.051709350
setA-13,79,0.051282000
setA-13,80,0.051068325
setA-13,81,0.050854650
setA-13,82,0.050427300
setA-13,83,0.050213625
setA-13,84,0.049572600
setA-13,85,0.048717900
setA-13,86,0.048717900
setA-13,87,0.048717900
setA-13,88,0.048717900
setA-13,89,0.048290550
setA-13,90,0.047863200
setA-13,91,0.047649525
setA-13,92,0.047329013
setA-13,93,0.047008500
setA-13,94,0.046794825
setA-13,95,0.046153800
setA-13,96,0.046153800
setA-13,97,0.045299100
setA-13,98,0.044444400
setA-13,99,0.044017050
setA-13,100,0.044017050
setA-13,101,0.043376025
setA-13,102,0.042735000
setA-13,103,0.042735000
setA-13,104,0.042307650
setA-13,105,0.041239275
setA-13,106,0.041025600
setA-13,107,0.040598250
setA-13,108,0.039743550
setA-13,109,0.039316200
setA-13,110,0.038461500
setA-13,111,0.038461500
setA-13,112,0.038461500
setA-13,113,0.037606800
setA-13,114,0.037606800
setA-13,115,0.037478595
setA-13,116,0.035897400
setA-13,117,0.035897400
setA-13,118,0.035790563
setA-13,119,0.035576888
setA-13,120,0.035470050
setA-13,121,0.035042700
setA-13,122,0.034615350
setA-13,123,0.034188000
setA-13,124,0.034188000
setA-13,125,0.033760650
setA-13,126,0.033333300
setA-13,127,0.033333300
setA-13,128,0.033119625
setA-13,129,0.032905950
setA-13,130,0.032264925
setA-13,131,0.031410225
setA-13,132,0.029914500
setA-13,133,0.029914500
setA-13,134,0.029487150
setA-13,135,0.029487150
setA-13,136,0.028205100
setA-13,137,0.027991425
setA-13,138,0.027777750
setA-13,139,0.027777750
setA-13,140,0.027136725
setA-13,141,0.026495700
setA-13,142,0.026068350
setA-13,143,0.026068350
setA-13,144,0.025641000
setA-13,145,0.025641000
setA-13,146,0.025641000
setA-13,147,0.025213650
setA-13,148,0.024786300
setA-13,149,0.024786300
setA-13,150,0.024786300
setA-13,151,0.024786300
setA-13,152,0.023931600
setA-13,153,0.023931600
setA-13,154,0.023931600
setA-13,155,0.023611088
setA-13,156,0.022863225
setA-13,157,0.022863225
setA-13,158,0.022222200
setA-13,159,0.022222200
setA-13,160,0.022222200
setA-13,161,0.022222200
setA-13,162,0.022008525
setA-13,163,0.021794850
setA-13,164,0.021794850
setA-13,165,0.021367500
setA-13,166,0.021367500
setA-13,167,0.020726475
setA-13,168,0.020641005
setA-13,169,0.020512800
setA-13,170,0.020085450
setA-13,171,0.019957245
setA-13,172,0.019658100
setA-13,173,0.019658100
setA-13,174,0.019444425
setA-13,175,0.019230750
setA-13,176,0.019230750
setA-13,177,0.018803400
setA-13,178,0.018803400
setA-13,179,0.018803400
setA-13,180,0.018589725
setA-13,181,0.018376050
setA-13,182,0.018376050
setA-13,183,0.018376050
setA-13,184,0.018162375
setA-13,185,0.017948700
setA-13,186,0.017948700
setA-13,187,0.017948700
setA-13,188,0.017841863
setA-13,189,0.017628187
setA-13,190,0.017521350
setA-13,191,0.017200837
setA-13,192,0.017094000
setA-13,193,0.017094000
setA-13,194,0.016880325
setA-13,195,0.016559813
setA-13,196,0.016559812
setA-13,197,0.016559812
setA-13,198,0.016324770
setA-13,199,0.016239300
setA-13,200,0.016239300
setA-13,201,0.016239300
setA-13,202,0.016239300
setA-13,203,0.016239300
setA-13,204,0.016132463
setA-13,205,0.015918788
setA-13,206,0.015811950
setA-13,207,0.015705112
setA-13,208,0.015598275
setA-13,209,0.015491438
setA-13,210,0.015384600
setA-13,211,0.015042720
setA-13,212,0.014957250
setA-13,213,0.014957250
setA-13,214,0.014850413
setA-13,215,0.014658105
setA-13,216,0.014529900
setA-13,217,0.014529900
setA-13,218,0.014316225
setA-13,219,0.014316225
setA-13,220,0.014316225
setA-13,221,0.014209388
setA-13,222,0.014102550
setA-13,223,0.014102550
setA-13,224,0.014102550
setA-13,225,0.014102550
setA-13,226,0.013888875
setA-13,227,0.013782037
setA-13,228,0.013760670
setA-13,229,0.013675200
setA-13,230,0.013675200
setA-13,231,0.013568363
setA-13,232,0.013461525
setA-13,233,0.013461525
setA-13,234,0.013461525
setA-13,235,0.013461525
setA-13,236,0.013354687
setA-13,237,0.013247850
setA-13,238,0.013205115
setA-13,239,0.013034175
setA-13,240,0.013034175
setA-13,241,0.012820500
setA-13,242,0.012820500
setA-13,243,0.012820500
setA-13,244,0.012820500
setA-13,245,0.012713662
setA-13,246,0.012606825
setA-13,247,0.012606825
setA-13,248,0.012521355
setA-13,249,0.012521355
setA-13,250,0.012393150
setA-13,251,0.012393150
setA-13,252,0.012393150
setA-13,253,0.012179475
setA-13,254,0.011965800
setA-13,255,0.011965800
setA-13,256,0.011965800
setA-13,257,0.011965800
setA-13,258,0.011965800
setA-13,259,0.011965800
setA-13,260,0.011858962
setA-13,261,0.011752125
setA-13,262,0.011752125
setA-13,263,0.011645288
setA-13,264,0.011538450
setA-13,265,0.011538450
setA-13,266,0.011452980
setA-13,267,0.011431613
setA-13,268,0.011324775
setA-13,269,0.011324775
setA-13,270,0.010683750
setA-13,271,0.010683750
setA-13,272,0.010683750
setA-13,273,0.010683750
setA-13,274,0.010683750
setA-13,275,0.010683750
setA-13,276,0.010683750
setA-13,277,0.010576913
setA-13,278,0.010512810
setA-13,279,0.010470075
setA-13,280,0.010256400
setA-13,281,0.010256400
setA-13,282,0.010042725
setA-13,283,0.009829050
setA-13,284,0.009829050
setA-13,285,0.009829050
setA-13,286,0.009829050
setA-13,287,0.009829050
setA-13,288,0.009829050
setA-13,289,0.009786315
setA-13,290,0.009722213
setA-13,291,0.009722213
setA-13,292,0.009615375
setA-13,293,0.009615375
setA-13,294,0.009572640
setA-13,295,0.009572640
setA-13,296,0.009529905
setA-13,297,0.009401700
setA-13,298,0.009401700
setA-13,299,0.009401700
setA-13,300,0.009401700
setA-13,301,0.009401700
setA-13,302,0.009188025
setA-13,303,0.009188025
setA-13,304,0.009188025
setA-13,305,0.009123923
setA-13,306,0.009102555
setA-13,307,0.009081188
setA-13,308,0.009081187
setA-13,309,0.009017085
setA-13,310,0.009017085
setA-13,311,0.008974350
setA-13,312,0.008974350
setA-13,313,0.008974350
setA-13,314,0.008974350
setA-13,315,0.008888880
setA-13,316,0.008867512
setA-13,317,0.008675205
setA-13,318,0.008568368
setA-13,319,0.008547000
setA-13,320,0.008547000
setA-13,321,0.008461530
setA-13,322,0.008461530
setA-13,323,0.008376060
setA-13,324,0.008333325
setA-13,325,0.008290590
setA-13,326,0.008205120
setA-13,327,0.008162385
setA-13,328,0.008119650
setA-13,329,0.008119650
setA-13,330,0.008119650
setA-13,331,0.008119650
setA-13,332,0.008034180
setA-13,333,0.007905975
setA-13,334,0.007905975
setA-13,335,0.007820505
setA-13,336,0.007692300
setA-13,337,0.007692300
setA-13,338,0.007692300
setA-13,339,0.007692300
setA-13,340,0.007692300
setA-13,341,0.007649565
setA-13,342,0.007606830
setA-13,343,0.007585463
setA-13,344,0.007478625
setA-13,345,0.007478625
setA-13,346,0.007435890
setA-13,347,0.007371788
setA-13,348,0.007264950
setA-13,349,0.007264950
setA-13,350,0.007264950
setA-13,351,0.007264950
setA-13,352,0.007179480
setA-13,353,0.007158113
setA-13,354,0.007158113
setA-13,355,0.007158113
setA-13,356,0.007158112
setA-13,357,0.007051275
setA-13,358,0.006923070
setA-13,359,0.006837600
setA-13,360,0.006837600
setA-13,361,0.006837600
setA-13,362,0.006730763
setA-13,363,0.006730763
setA-13,364,0.006623925
setA-13,365,0.006623925
setA-13,366,0.006623925
setA-13,367,0.006623925
setA-13,368,0.006623925
setA-13,369,0.006581190
setA-13,370,0.006559823
setA-13,371,0.006559822
setA-13,372,0.006517088
setA-13,373,0.006410250
setA-13,374,0.006410250
setA-13,375,0.006410250
setA-13,376,0.006410250
setA-13,377,0.006410250
setA-13,378,0.006410250
setA-13,379,0.006410250
setA-13,380,0.006410250
setA-13,381,0.006410250
setA-13,382,0.006324780
setA-13,383,0.006303412
setA-13,384,0.006303412
setA-13,385,0.006239310
setA-13,386,0.006196575
setA-13,387,0.006089738
setA-13,388,0.006068370
setA-13,389,0.006068370
setA-13,390,0.005982900
setA-13,391,0.005982900
setA-13,392,0.005982900
setA-13,393,0.005876063
setA-13,394,0.005854695
setA-13,395,0.005769225
setA-13,396,0.005769225
setA-13,397,0.005726490
setA-13,398,0.005683755
setA-13,399,0.005683755
setA-13,400,0.005662388
setA-13,401,0.005641020
setA-13,402,0.005555550
setA-13,403,0.005555550
setA-13,404,0.005555550
setA-13,405,0.005555550
setA-13,406,0.005555550
setA-13,407,0.005555550
setA-13,408,0.005512815
setA-13,409,0.005470080
setA-13,410,0.005427345
setA-13,411,0.005384610
setA-13,412,0.005341875
setA-13,413,0.005341875
setA-13,414,0.005341875
setA-13,415,0.005341875
setA-13,416,0.005256405
setA-13,417,0.005256405
setA-13,418,0.005256405
setA-13,419,0.005235038
setA-13,420,0.005213670
setA-13,421,0.005213670
setA-13,422,0.005128200
setA-13,423,0.005128200
setA-13,424,0.005128200
setA-13,425,0.005128200
setA-13,426,0.005128200
setA-13,427,0.004999995
setA-13,428,0.004999995
setA-13,429,0.004957260
setA-13,430,0.004914525
setA-13,431,0.004914525
setA-13,432,0.004914525
setA-13,433,0.004914525
setA-13,434,0.004914525
setA-13,435,0.004914525
setA-13,436,0.004914525
setA-13,437,0.004871790
setA-13,438,0.004829055
setA-13,439,0.004807687
setA-13,440,0.004700850
setA-13,441,0.004700850
setA-13,442,0.004700850
setA-13,443,0.004658115
setA-13,444,0.004615380
setA-13,445,0.004594013
setA-13,446,0.004594013
setA-13,447,0.004594012
setA-13,448,0.004572645
setA-13,449,0.004529910
setA-13,450,0.004487175
setA-13,451,0.004487175
setA-13,452,0.004487175
setA-13,453,0.004487175
setA-13,454,0.004465808
setA-13,455,0.004444440
setA-13,456,0.004444440
setA-13,457,0.004444440
setA-13,458,0.004358970
setA-13,459,0.004358970
setA-13,460,0.004316235
setA-13,461,0.004273500
setA-13,462,0.004273500
setA-13,463,0.004273500
setA-13,464,0.004273500
setA-13,465,0.004273500
setA-13,466,0.004273500
setA-13,467,0.004273500
setA-13,468,0.004273500
setA-13,469,0.004209398
setA-13,470,0.004188030
setA-13,471,0.004145295
setA-13,472,0.004145295
setA-13,473,0.004102560
setA-13,474,0.004059825
setA-13,475,0.003974355
setA-13,476,0.003952988
setA-13,477,0.003952988
setA-13,478,0.003952987
setA-13,479,0.003888885
setA-13,480,0.003888885
setA-13,481,0.003846150
setA-13,482,0.003846150
setA-13,483,0.003846150
setA-13,484,0.003846150
setA-13,485,0.003846150
setA-13,486,0.003846150
setA-13,487,0.003846150
setA-13,488,0.003846150
setA-13,489,0.003824782
setA-13,490,0.003803415
setA-13,491,0.003803415
setA-13,492,0.003760680
setA-13,493,0.003717945
setA-13,494,0.003717945
setA-13,495,0.003675210
setA-13,496,0.003675210
setA-13,497,0.003675210
setA-13,498,0.003632475
setA-13,499,0.003632475
setA-13,500,0.003632475
setA-13,501,0.003632475
setA-13,502,0.003632475
setA-13,503,0.003632475
setA-13,504,0.003589740
setA-13,505,0.003589740
setA-13,506,0.003589740
setA-13,507,0.003589740
setA-13,508,0.003547005
setA-13,509,0.003547005
setA-13,510,0.003504270
setA-13,511,0.003461535
setA-13,512,0.003418800
setA-13,513,0.003418800
setA-13,514,0.003418800
setA-13,515,0.003418800
setA-13,516,0.003418800
setA-13,517,0.003418800
setA-13,518,0.003376065
setA-13,519,0.003311963
setA-13,520,0.003311963
setA-13,521,0.003311963
setA-13,522,0.003290595
setA-13,523,0.003205125
setA-13,524,0.003205125
setA-13,525,0.003205125
setA-13,526,0.003183757
setA-13,527,0.003162390
setA-13,528,0.003141023
setA-13,529,0.003141023
setA-13,530,0.003119655
setA-13,531,0.003119655
setA-13,532,0.003119655
setA-13,533,0.003098288
setA-13,534,0.003098288
setA-13,535,0.003098288
setA-13,536,0.003098288
setA-13,537,0.003076920
setA-13,538,0.003076920
setA-13,539,0.003034185
setA-13,540,0.003034185
setA-13,541,0.003034185
setA-13,542,0.002991450
setA-13,543,0.002991450
setA-13,544,0.002991450
setA-13,545,0.002991450
setA-13,546,0.002991450
setA-13,547,0.002991450
setA-13,548,0.002991450
setA-13,549,0.002991450
setA-13,550,0.002991450
setA-13,551,0.002991450
setA-13,552,0.002991450
setA-13,553,0.002991450
setA-13,554,0.002948715
setA-13,555,0.002948715
setA-13,556,0.002905980
setA-13,557,0.002863245
setA-13,558,0.002863245
setA-13,559,0.002863245
setA-13,560,0.002820510
setA-13,561,0.002820510
setA-13,562,0.002799142
setA-13,563,0.002777775
setA-13,564,0.002777775
setA-13,565,0.002777775
setA-13,566,0.002735040
setA-13,567,0.002735040
setA-13,568,0.002735040
setA-13,569,0.002735040
setA-13,570,0.002692305
setA-13,571,0.002692305
setA-13,572,0.002649570
setA-13,573,0.002606835
setA-13,574,0.002585467
setA-13,575,0.002564100
setA-13,576,0.002564100
setA-13,577,0.002564100
setA-13,578,0.002564100
setA-13,579,0.002564100
setA-13,580,0.002564100
setA-13,581,0.002564100
setA-13,582,0.002564100
setA-13,583,0.002521365
setA-13,584,0.002521365
setA-13,585,0.002499998
setA-13,586,0.002499998
setA-13,587,0.002478630
setA-13,588,0.002478630
setA-13,589,0.002478630
setA-13,590,0.002457263
setA-13,591,0.002457263
setA-13,592,0.002435895
setA-13,593,0.002435895
setA-13,594,0.002435895
setA-13,595,0.002393160
setA-13,596,0.002393160
setA-13,597,0.002350425
setA-13,598,0.002350425
setA-13,599,0.002350425
setA-13,600,0.002350425
setA-13,601,0.002350425
setA-13,602,0.002350425
setA-13,603,0.002350425
setA-13,604,0.002350425
setA-13,605,0.002350425
setA-13,606,0.002307690
setA-13,607,0.002286323
setA-13,608,0.002286323
setA-13,609,0.002264955
setA-13,610,0.002264955
setA-13,611,0.002264955
setA-13,612,0.002264955
setA-13,613,0.002264955
setA-13,614,0.002243587
setA-13,615,0.002243587
setA-13,616,0.002222220
setA-13,617,0.002222220
setA-13,618,0.002222220
setA-13,619,0.002200853
setA-13,620,0.002179485
setA-13,621,0.002136750
setA-13,622,0.002136750
setA-13,623,0.002136750
setA-13,624,0.002136750
setA-13,625,0.002136750
setA-13,626,0.002136750
setA-13,627,0.002136750
setA-13,628,0.002094015
setA-13,629,0.002094015
setA-13,630,0.002051280
setA-13,631,0.002029913
setA-13,632,0.001965810
setA-13,633,0.001965810
setA-13,634,0.001965810
setA-13,635,0.001923075
setA-13,636,0.001923075
setA-13,637,0.001923075
setA-13,638,0.001923075
setA-13,639,0.001923075
setA-13,640,0.001923075
setA-13,641,0.001923075
setA-13,642,0.001923075
setA-13,643,0.001923075
setA-13,644,0.001923075
setA-13,645,0.001923075
setA-13,646,0.001923075
setA-13,647,0.001923075
setA-13,648,0.001923075
setA-13,649,0.001901707
setA-13,650,0.001880340
setA-13,651,0.001858973
setA-13,652,0.001837605
setA-13,653,0.001837605
setA-13,654,0.001816238
setA-13,655,0.001816238
setA-13,656,0.001805554
setA-13,657,0.001794870
setA-13,658,0.001794870
setA-13,659,0.001794870
setA-13,660,0.001794870
setA-13,661,0.001773503
setA-13,662,0.001773503
setA-13,663,0.001752135
setA-13,664,0.001752135
setA-13,665,0.001709400
setA-13,666,0.001709400
setA-13,667,0.001709400
setA-13,668,0.001709400
setA-13,669,0.001709400
setA-13,670,0.001709400
setA-13,671,0.001709400
setA-13,672,0.001709400
setA-13,673,0.001709400
setA-13,674,0.001709400
setA-13,675,0.001709400
setA-13,676,0.001709400
setA-13,677,0.001688033
setA-13,678,0.001666665
setA-13,679,0.001666665
setA-13,680,0.001666665
setA-13,681,0.001666665
setA-13,682,0.001645298
setA-13,683,0.001623930
setA-13,684,0.001623930
setA-13,685,0.001581195
setA-13,686,0.001581195
setA-13,687,0.001581195
setA-13,688,0.001538460
setA-13,689,0.001538460
setA-13,690,0.001495725
setA-13,691,0.001495725
setA-13,692,0.001495725
setA-13,693,0.001495725
setA-13,694,0.001495725
setA-13,695,0.001495725
setA-13,696,0.001495725
setA-13,697,0.001495725
setA-13,698,0.001495725
setA-13,699,0.001495725
setA-13,700,0.001495725
setA-13,701,0.001495725
setA-13,702,0.001452990
setA-13,703,0.001452990
setA-13,704,0.001452990
setA-13,705,0.001452990
setA-13,706,0.001452990
setA-13,707,0.001452990
setA-13,708,0.001431622
setA-13,709,0.001410255
setA-13,710,0.001410255
setA-13,711,0.001410255
setA-13,712,0.001367520
setA-13,713,0.001367520
setA-13,714,0.001367520
setA-13,715,0.001356836
setA-13,716,0.001346152
setA-13,717,0.001324785
setA-13,718,0.001324785
setA-13,719,0.001282050
setA-13,720,0.001282050
setA-13,721,0.001282050
setA-13,722,0.001282050
setA-13,723,0.001282050
setA-13,724,0.001282050
setA-13,725,0.001239315
setA-13,726,0.001239315
setA-13,727,0.001196580
setA-13,728,0.001196580
setA-13,729,0.001196580
setA-13,730,0.001196580
setA-13,731,0.001196580
setA-13,732,0.001175212
setA-13,733,0.001175212
setA-13,734,0.001153845
setA-13,735,0.001153845
setA-13,736,0.001111110
setA-13,737,0.001111110
setA-13,738,0.001111110
setA-13,739,0.001111110
setA-13,740,0.001111110
setA-13,741,0.001089743
setA-13,742,0.001068375
setA-13,743,0.001068375
setA-13,744,0.001068375
setA-13,745,0.001068375
setA-13,746,0.001068375
setA-13,747,0.001068375
setA-13,748,0.001068375
setA-13,749,0.001068375
setA-13,750,0.001068375
setA-13,751,0.001025640
setA-13,752,0.000982905
setA-13,753,0.000982905
setA-13,754,0.000982905
setA-13,755,0.000982905
setA-13,756,0.000982905
setA-13,757,0.000961538
setA-13,758,0.000940170
setA-13,759,0.000940170
setA-13,760,0.000940170
setA-13,761,0.000940170
setA-13,762,0.000940170
setA-13,763,0.000918802
setA-13,764,0.000918802
setA-13,765,0.000897435
setA-13,766,0.000897435
setA-13,767,0.000897435
setA-13,768,0.000897435
setA-13,769,0.000897435
setA-13,770,0.000876068
setA-13,771,0.000854700
setA-13,772,0.000854700
setA-13,773,0.000854700
setA-13,774,0.000854700
setA-13,775,0.000854700
setA-13,776,0.000854700
setA-13,777,0.000854700
setA-13,778,0.000854700
setA-13,779,0.000854700
setA-13,780,0.000811965
setA-13,781,0.000811965
setA-13,782,0.000811965
setA-13,783,0.000790597
setA-13,784,0.000769230
setA-13,785,0.000769230
setA-13,786,0.000747863
setA-13,787,0.000747862
setA-13,788,0.000747862
setA-13,789,0.000705128
setA-13,790,0.000705128
setA-13,791,0.000683760
setA-13,792,0.000683760
setA-13,793,0.000683760
setA-13,794,0.000641025
setA-13,795,0.000641025
setA-13,796,0.000641025
setA-13,797,0.000641025
setA-13,798,0.000641025
setA-13,799,0.000641025
setA-13,800,0.000641025
setA-13,801,0.000641025
setA-13,802,0.000641025
setA-13,803,0.000641025
setA-13,804,0.000641025
setA-13,805,0.000641025
setA-13,806,0.000641025
setA-13,807,0.000598290
setA-13,808,0.000598290
setA-13,809,0.000598290
setA-13,810,0.000598290
setA-13,811,0.000598290
setA-13,812,0.000598290
setA-13,813,0.000598290
setA-13,814,0.000576923
setA-13,815,0.000555555
setA-13,816,0.000534188
setA-13,817,0.000534187
setA-13,818,0.000534187
setA-13,819,0.000534187
setA-13,820,0.000534187
setA-13,821,0.000512820
setA-13,822,0.000512820
setA-13,823,0.000512820
setA-13,824,0.000491453
setA-13,825,0.000470085
setA-13,826,0.000470085
setA-13,827,0.000470085
setA-13,828,0.000470085
setA-13,829,0.000448717
setA-13,830,0.000448717
setA-13,831,0.000427350
setA-13,832,0.000427350
setA-13,833,0.000427350
setA-13,834,0.000427350
setA-13,835,0.000427350
setA-13,836,0.000427350
setA-13,837,0.000427350
setA-13,838,0.000427350
setA-13,839,0.000427350
setA-13,840,0.000384615
setA-13,841,0.000384615
setA-13,842,0.000384615
setA-13,843,0.000384615
setA-13,844,0.000384615
setA-13,845,0.000384615
setA-13,846,0.000384615
setA-13,847,0.000384615
setA-13,848,0.000384615
setA-13,849,0.000384615
setA-13,850,0.000363247
setA-13,851,0.000341880
setA-13,852,0.000341880
setA-13,853,0.000341880
setA-13,854,0.000341880
setA-13,855,0.000320512
setA-13,856,0.000320512
setA-13,857,0.000320512
setA-13,858,0.000320512
setA-13,859,0.000299145
setA-13,860,0.000299145
setA-13,861,0.000277778
setA-13,862,0.000256410
setA-13,863,0.000256410
setA-13,864,0.000256410
setA-13,865,0.000192307
setA-13,866,0.000181624
setA-13,867,0.000149573
setA-13,868,0.000106838
setA-13,869,0.000106838
setA-13,870,0.000085470
setA-13,871,0.000085470
setA-13,872,0.000021367
setA-13,873,0.000000000
setA-13,874,0.000000000
setA-13,875,0.000000000
setA-13,876,0.000000000
setA-13,877,0.000000000
setA-13,878,0.000000000
setA-13,879,0.000000000
setA-13,880,0.000000000
setA-13,881,0.000000000
setA-13,882,0.000000000
setA-13,883,0.000000000
setA-13,884,0.000000000
setA-13,885,0.000000000
setA-13,886,0.000000000
setA-13,887,0.000000000
setA-13,888,0.000000000
setA-13,889,0.000000000
setA-13,890,0.000000000
setA-13,891,0.000000000
setA-13,892,0.000000000
setA-13,893,0.000000000
setA-13,894,0.000000000
setA-13,895,0.000000000
setA-13,896,0.000000000
setA-13,897,0.000000000
setA-13,898,0.000000000
setA-13,899,0.000000000
setA-13,900,0.000000000
setA-13,901,0.000000000
setA-13,902,0.000000000
setA-13,903,0.000000000
setA-13,904,0.000000000
setA-13,905,0.000000000
setA-13,906,0.000000000
setA-13,907,0.000000000
setA-13,908,0.000000000
setA-13,909,0.000000000
setA-13,910,0.000000000
setA-13,911,0.000000000
setA-13,912,0.000000000
setA-13,913,0.000000000
setA-13,914,0.000000000
setA-13,915,0.000000000
setA-13,916,0.000000000
setA-13,917,0.000000000
setA-13,918,0.000000000
setA-13,919,0.000000000
setA-13,920,0.000000000
setA-13,921,0.000000000
setA-13,922,0.000000000
setA-13,923,0.000000000
setA-13,924,0.000000000
setA-13,925,0.000000000
setA-13,926,0.000000000
setA-13,927,0.000000000
setA-13,928,0.000000000
setA-13,929,0.000000000
setA-13,930,0.000000000
setA-13,931,0.000000000
setA-13,932,0.000000000
setA-13,933,0.000000000
setA-13,934,0.000000000
setA-13,935,0.000000000
setA-13,936,0.000000000
setA-13,937,0.000000000
setA-13,938,0.000000000
setA-13,939,0.000000000
setA-13,940,0.000000000
setA-13,941,0.000000000
setA-13,942,0.000000000
setA-13,943,0.000000000
setA-13,944,0.000000000
setA-13,945,0.000000000
setA-13,946,0.000000000
setA-13,947,0.000000000
setA-13,948,0.000000000
setA-13,949,0.000000000
setA-13,950,0.000000000
setA-13,951,0.000000000
setA-13,952,0.000000000
setA-13,953,0.000000000
setA-13,954,0.000000000
setA-13,955,0.000000000
setA-13,956,0.000000000
setA-13,957,0.000000000
setA-13,958,0.000000000
setA-13,959,0.000000000
setA-13,960,0.000000000
setA-13,961,0.000000000
setA-13,962,0.000000000
setA-13,963,0.000000000
setA-13,964,0.000000000
setA-13,965,0.000000000
setA-13,966,0.000000000
setA-13,967,0.000000000
setA-13,968,0.000000000
setA-13,969,0.000000000
setA-13,970,0.000000000
setA-13,971,0.000000000
setA-13,972,0.000000000
setA-13,973,0.000000000
setA-13,974,0.000000000
setA-13,975,0.000000000
setA-13,976,0.000000000
setA-13,977,0.000000000
setA-13,978,0.000000000
setA-13,979,0.000000000
setA-13,980,0.000000000
setA-13,981,0.000000000
setA-13,982,0.000000000
setA-13,983,0.000000000
setA-13,984,0.000000000
setA-13,985,0.000000000
setA-13,986,0.000000000
setA-13,987,0.000000000
setA-13,988,0.000000000
setA-13,989,0.000000000
setA-13,990,0.000000000
setA-13,991,0.000000000
setA-13,992,0.000000000
setA-13,993,0.000000000
setA-13,994,0.000000000
setA-13,995,0.000000000
setA-13,996,0.000000000
setA-13,997,0.000000000
setA-13,998,0.000000000
setA-13,999,0.000000000
setA-13,1000,0.000000000
setA-14,1,0.572103669
setA-14,2,0.493684744
setA-14,3,0.454887615
setA-14,4,0.439679657
setA-14,5,0.410116269
setA-14,6,0.400002196
setA-14,7,0.387999028
setA-14,8,0.372180157
setA-14,9,0.371369337
setA-14,10,0.349406241
setA-14,11,0.348408987
setA-14,12,0.347273074
setA-14,13,0.339916807
setA-14,14,0.329114153
setA-14,15,0.305707235
setA-14,16,0.285475118
setA-14,17,0.284835435
setA-14,18,0.277368170
setA-14,19,0.253888037
setA-14,20,0.246147885
setA-14,21,0.245187928
setA-14,22,0.226937216
setA-14,23,0.219410640
setA-14,24,0.218800123
setA-14,25,0.218186158
setA-14,26,0.217630680
setA-14,27,0.216624341
setA-14,28,0.210114233
setA-14,29,0.205280481
setA-14,30,0.202868297
setA-14,31,0.197960082
setA-14,32,0.196425991
setA-14,33,0.195759248
setA-14,34,0.190322841
setA-14,35,0.177060406
setA-14,36,0.175907319
setA-14,37,0.172374627
setA-14,38,0.171890436
setA-14,39,0.171110366
setA-14,40,0.169677946
setA-14,41,0.169107292
setA-14,42,0.167392803
setA-14,43,0.162254950
setA-14,44,0.160919030
setA-14,45,0.156456546
setA-14,46,0.152426508
setA-14,47,0.152022243
setA-14,48,0.150443709
setA-14,49,0.149575622
setA-14,50,0.149224941
setA-14,51,0.149223495
setA-14,52,0.149053040
setA-14,53,0.146249797
setA-14,54,0.145085982
setA-14,55,0.140089943
setA-14,56,0.136404032
setA-14,57,0.129818012
setA-14,58,0.129618412
setA-14,59,0.127574054
setA-14,60,0.126943147
setA-14,61,0.124323140
setA-14,62,0.123133674
setA-14,63,0.121704612
setA-14,64,0.119791667
setA-14,65,0.118773165
setA-14,66,0.113636181
setA-14,67,0.113075031
setA-14,68,0.111441070
setA-14,69,0.105821443
setA-14,70,0.104111563
setA-14,71,0.103555228
setA-14,72,0.103239149
setA-14,73,0.103031630
setA-14,74,0.102899123
setA-14,75,0.102784900
setA-14,76,0.102473033
setA-14,77,0.102303305
setA-14,78,0.101128011
setA-14,79,0.101121843
setA-14,80,0.100065403
setA-14,81,0.099945874
setA-14,82,0.099930486
setA-14,83,0.099640570
setA-14,84,0.099154156
setA-14,85,0.098994159
setA-14,86,0.098521480
setA-14,87,0.098262146
setA-14,88,0.097474359
setA-14,89,0.097363342
setA-14,90,0.096766709
setA-14,91,0.095209234
setA-14,92,0.094293747
setA-14,93,0.094148128
setA-14,94,0.094140271
setA-14,95,0.094074446
setA-14,96,0.093230708
setA-14,97,0.092719261
setA-14,98,0.091066507
setA-14,99,0.090459839
setA-14,100,0.090260534
setA-14,101,0.089093927
setA-14,102,0.088611449
setA-14,103,0.088157373
setA-14,104,0.088156446
setA-14,105,0.086180462
setA-14,106,0.085479640
setA-14,107,0.082793244
setA-14,108,0.082754571
setA-14,109,0.081753722
setA-14,110,0.081733100
setA-14,111,0.080997390
setA-14,112,0.079750757
setA-14,113,0.078566673
setA-14,114,0.077614406
setA-14,115,0.076150965
setA-14,116,0.075564352
setA-14,117,0.075518560
setA-14,118,0.074513238
setA-14,119,0.073900711
setA-14,120,0.073752276
setA-14,121,0.073456215
setA-14,122,0.073448136
setA-14,123,0.072574387
setA-14,124,0.072208114
setA-14,125,0.071775024
setA-14,126,0.071735237
setA-14,127,0.070516775
setA-14,128,0.069632313
setA-14,129,0.069210626
setA-14,130,0.068925408
setA-14,131,0.068134559
setA-14,132,0.067857707
setA-14,133,0.067462775
setA-14,134,0.067442305
setA-14,135,0.066843672
setA-14,136,0.066290031
setA-14,137,0.066052126
setA-14,138,0.065830925
setA-14,139,0.065672499
setA-14,140,0.065348490
setA-14,141,0.065152049
setA-14,142,0.065041957
setA-14,143,0.064910671
setA-14,144,0.064827926
setA-14,145,0.064115093
setA-14,146,0.063561052
setA-14,147,0.062432607
setA-14,148,0.062026155
setA-14,149,0.061936859
setA-14,150,0.061812841
setA-14,151,0.061267590
setA-14,152,0.060911566
setA-14,153,0.060780050
setA-14,154,0.060312841
setA-14,155,0.060137188
setA-14,156,0.059907795
setA-14,157,0.059358125
setA-14,158,0.058825734
setA-14,159,0.058451969
setA-14,160,0.058451969
setA-14,161,0.058344600
setA-14,162,0.058323223
setA-14,163,0.057900452
setA-14,164,0.057871917
setA-14,165,0.057289219
setA-14,166,0.056901386
setA-14,167,0.056480157
setA-14,168,0.056429959
setA-14,169,0.055941486
setA-14,170,0.055673592
setA-14,171,0.055251711
setA-14,172,0.055251711
setA-14,173,0.054932379
setA-14,174,0.054880027
setA-14,175,0.054244990
setA-14,176,0.054220029
setA-14,177,0.053949957
setA-14,178,0.053783113
setA-14,179,0.053692435
setA-14,180,0.053590582
setA-14,181,0.052838647
setA-14,182,0.052710999
setA-14,183,0.052684622
setA-14,184,0.052278685
setA-14,185,0.051359879
setA-14,186,0.051025567
setA-14,187,0.050887478
setA-14,188,0.050779686
setA-14,189,0.050629533
setA-14,190,0.050484831
setA-14,191,0.049636123
setA-14,192,0.049341654
setA-14,193,0.049247827
setA-14,194,0.048633956
setA-14,195,0.048433792
setA-14,196,0.047657500
setA-14,197,0.047530309
setA-14,198,0.047455155
setA-14,199,0.047175413
setA-14,200,0.047009854
setA-14,201,0.046986085
setA-14,202,0.046896120
setA-14,203,0.046792547
setA-14,204,0.046522111
setA-14,205,0.045970816
setA-14,206,0.045798898
setA-14,207,0.045739357
setA-14,208,0.045670980
setA-14,209,0.045189515
setA-14,210,0.045030900
setA-14,211,0.044618962
setA-14,212,0.044611484
setA-14,213,0.044193577
setA-14,214,0.043893345
setA-14,215,0.043613742
setA-14,216,0.043465933
setA-14,217,0.043205874
setA-14,218,0.043145235
setA-14,219,0.043138785
setA-14,220,0.043132449
setA-14,221,0.042896588
setA-14,222,0.042681898
setA-14,223,0.042666042
setA-14,224,0.042574293
setA-14,225,0.042463590
setA-14,226,0.042460371
setA-14,227,0.042309920
setA-14,228,0.042118702
setA-14,229,0.041992056
setA-14,230,0.041775671
setA-14,231,0.041688433
setA-14,232,0.041596161
setA-14,233,0.041441870
setA-14,234,0.041416670
setA-14,235,0.041133138
setA-14,236,0.041129419
setA-14,237,0.040971660
setA-14,238,0.040761841
setA-14,239,0.040628696
setA-14,240,0.040597851
setA-14,241,0.040509311
setA-14,242,0.040356899
setA-14,243,0.040351672
setA-14,244,0.040183619
setA-14,245,0.040086727
setA-14,246,0.040086727
setA-14,247,0.040084815
setA-14,248,0.040013926
setA-14,249,0.040012697
setA-14,250,0.039920093
setA-14,251,0.039817155
setA-14,252,0.039518995
setA-14,253,0.039490453
setA-14,254,0.039276390
setA-14,255,0.039156306
setA-14,256,0.038862346
setA-14,257,0.038807477
setA-14,258,0.038699553
setA-14,259,0.038222234
setA-14,260,0.038215138
setA-14,261,0.037796832
setA-14,262,0.037586872
setA-14,263,0.037357203
setA-14,264,0.037288931
setA-14,265,0.037275716
setA-14,266,0.037164595
setA-14,267,0.037150460
setA-14,268,0.037099572
setA-14,269,0.037050198
setA-14,270,0.037030198
setA-14,271,0.036881518
setA-14,272,0.036868210
setA-14,273,0.036839456
setA-14,274,0.036727855
setA-14,275,0.036533138
setA-14,276,0.036451902
setA-14,277,0.036286080
setA-14,278,0.036262882
setA-14,279,0.036262748
setA-14,280,0.036050439
setA-14,281,0.035982474
setA-14,282,0.035943550
setA-14,283,0.035928624
setA-14,284,0.035822266
setA-14,285,0.035738126
setA-14,286,0.035663113
setA-14,287,0.035634375
setA-14,288,0.035614410
setA-14,289,0.035601840
setA-14,290,0.035334620
setA-14,291,0.035323509
setA-14,292,0.035322324
setA-14,293,0.035253753
setA-14,294,0.035172829
setA-14,295,0.035172055
setA-14,296,0.035111576
setA-14,297,0.035110308
setA-14,298,0.035074006
setA-14,299,0.034777468
setA-14,300,0.034740878
setA-14,301,0.034671435
setA-14,302,0.034576394
setA-14,303,0.034513892
setA-14,304,0.034431904
setA-14,305,0.034398402
setA-14,306,0.034336612
setA-14,307,0.034274005
setA-14,308,0.034155688
setA-14,309,0.034150929
setA-14,310,0.034150830
setA-14,311,0.034135891
setA-14,312,0.033928059
setA-14,313,0.033883211
setA-14,314,0.033864820
setA-14,315,0.033756468
setA-14,316,0.033751520
setA-14,317,0.033725838
setA-14,318,0.033696935
setA-14,319,0.033603159
setA-14,320,0.033315583
setA-14,321,0.033277414
setA-14,322,0.033209237
setA-14,323,0.033187580
setA-14,324,0.033144808
setA-14,325,0.032942309
setA-14,326,0.032898160
setA-14,327,0.032817900
setA-14,328,0.032815202
setA-14,329,0.032622754
setA-14,330,0.032573448
setA-14,331,0.032502957
setA-14,332,0.032452279
setA-14,333,0.032329618
setA-14,334,0.032280806
setA-14,335,0.032255214
setA-14,336,0.032237165
setA-14,337,0.032183492
setA-14,338,0.032004748
setA-14,339,0.031917322
setA-14,340,0.031766922
setA-14,341,0.031711996
setA-14,342,0.031711563
setA-14,343,0.031575185
setA-14,344,0.031300020
setA-14,345,0.031232641
setA-14,346,0.031104732
setA-14,347,0.031095662
setA-14,348,0.031075058
setA-14,349,0.031043974
setA-14,350,0.031043822
setA-14,351,0.031043665
setA-14,352,0.030984514
setA-14,353,0.030972221
setA-14,354,0.030944661
setA-14,355,0.030944430
setA-14,356,0.030865472
setA-14,357,0.030775730
setA-14,358,0.030748044
setA-14,359,0.030613347
setA-14,360,0.030324659
setA-14,361,0.030250248
setA-14,362,0.030182542
setA-14,363,0.030087851
setA-14,364,0.030059728
setA-14,365,0.030051634
setA-14,366,0.030007640
setA-14,367,0.029908300
setA-14,368,0.029869694
setA-14,369,0.029821606
setA-14,370,0.029811926
setA-14,371,0.029793361
setA-14,372,0.029776174
setA-14,373,0.029763670
setA-14,374,0.029681291
setA-14,375,0.029678178
setA-14,376,0.029643740
setA-14,377,0.029618184
setA-14,378,0.029615953
setA-14,379,0.029574634
setA-14,380,0.029574634
setA-14,381,0.029513647
setA-14,382,0.029428946
setA-14,383,0.029416956
setA-14,384,0.029403407
setA-14,385,0.029348622
setA-14,386,0.029165651
setA-14,387,0.029142555
setA-14,388,0.028913548
setA-14,389,0.028870192
setA-14,390,0.028831128
setA-14,391,0.028588706
setA-14,392,0.028541315
setA-14,393,0.028440819
setA-14,394,0.028308641
setA-14,395,0.028299990
setA-14,396,0.028288083
setA-14,397,0.028270744
setA-14,398,0.028258452
setA-14,399,0.028206355
setA-14,400,0.028138038
setA-14,401,0.028120632
setA-14,402,0.028106456
setA-14,403,0.028016487
setA-14,404,0.027982336
setA-14,405,0.027941572
setA-14,406,0.027717659
setA-14,407,0.027707749
setA-14,408,0.027555787
setA-14,409,0.027555027
setA-14,410,0.027441771
setA-14,411,0.027422697
setA-14,412,0.027388669
setA-14,413,0.027358601
setA-14,414,0.027354996
setA-14,415,0.027350997
setA-14,416,0.027304113
setA-14,417,0.027297751
setA-14,418,0.027235027
setA-14,419,0.027230142
setA-14,420,0.027219022
setA-14,421,0.027164039
setA-14,422,0.027142448
setA-14,423,0.027046228
setA-14,424,0.027018667
setA-14,425,0.026981745
setA-14,426,0.026895328
setA-14,427,0.026781132
setA-14,428,0.026753418
setA-14,429,0.026735971
setA-14,430,0.026634881
setA-14,431,0.026570355
setA-14,432,0.026501656
setA-14,433,0.026501072
setA-14,434,0.026386718
setA-14,435,0.026263728
setA-14,436,0.026212037
setA-14,437,0.026183171
setA-14,438,0.026183171
setA-14,439,0.026034289
setA-14,440,0.025984368
setA-14,441,0.025853429
setA-14,442,0.025794524
setA-14,443,0.025780378
setA-14,444,0.025715059
setA-14,445,0.025579979
setA-14,446,0.025544162
setA-14,447,0.025491374
setA-14,448,0.025463299
setA-14,449,0.025413185
setA-14,450,0.025407023
setA-14,451,0.025351181
setA-14,452,0.025331818
setA-14,453,0.025291244
setA-14,454,0.025049904
setA-14,455,0.025022386
setA-14,456,0.024961256
setA-14,457,0.024934013
setA-14,458,0.024907553
setA-14,459,0.024864628
setA-14,460,0.024772596
setA-14,461,0.024769654
setA-14,462,0.024614287
setA-14,463,0.024610743
setA-14,464,0.024607076
setA-14,465,0.024587611
setA-14,466,0.024546312
setA-14,467,0.024512697
setA-14,468,0.024462900
setA-14,469,0.024421769
setA-14,470,0.024416581
setA-14,471,0.024382582
setA-14,472,0.024268905
setA-14,473,0.024204592
setA-14,474,0.024204592
setA-14,475,0.024187345
setA-14,476,0.024168193
setA-14,477,0.024126118
setA-14,478,0.024064010
setA-14,479,0.023960253
setA-14,480,0.023888929
setA-14,481,0.023888045
setA-14,482,0.023881507
setA-14,483,0.023802254
setA-14,484,0.023772815
setA-14,485,0.023767103
setA-14,486,0.023747239
setA-14,487,0.023742583
setA-14,488,0.023603037
setA-14,489,0.023478745
setA-14,490,0.023473955
setA-14,491,0.023378917
setA-14,492,0.023345359
setA-14,493,0.023317386
setA-14,494,0.023231415
setA-14,495,0.023136972
setA-14,496,0.023101771
setA-14,497,0.023095198
setA-14,498,0.023042663
setA-14,499,0.022999298
setA-14,500,0.022980557
setA-14,501,0.022751378
setA-14,502,0.022696030
setA-14,503,0.022656424
setA-14,504,0.022644885
setA-14,505,0.022596202
setA-14,506,0.022472857
setA-14,507,0.022409279
setA-14,508,0.022380888
setA-14,509,0.022344644
setA-14,510,0.022313544
setA-14,511,0.022311540
setA-14,512,0.022308977
setA-14,513,0.022293550
setA-14,514,0.022132279
setA-14,515,0.021983679
setA-14,516,0.021977810
setA-14,517,0.021961954
setA-14,518,0.021859869
setA-14,519,0.021837667
setA-14,520,0.021821396
setA-14,521,0.021757449
setA-14,522,0.021734969
setA-14,523,0.021722734
setA-14,524,0.021674158
setA-14,525,0.021639358
setA-14,526,0.021594226
setA-14,527,0.021537954
setA-14,528,0.021521884
setA-14,529,0.021513643
setA-14,530,0.021440307
setA-14,531,0.021393839
setA-14,532,0.021391854
setA-14,533,0.021349456
setA-14,534,0.021310997
setA-14,535,0.021213748
setA-14,536,0.021148984
setA-14,537,0.021105885
setA-14,538,0.021086032
setA-14,539,0.021050494
setA-14,540,0.021050051
setA-14,541,0.021006958
setA-14,542,0.020964046
setA-14,543,0.020963270
setA-14,544,0.020941116
setA-14,545,0.020848040
setA-14,546,0.020843225
setA-14,547,0.020782526
setA-14,548,0.020516294
setA-14,549,0.020494278
setA-14,550,0.020423076
setA-14,551,0.020321924
setA-14,552,0.020303210
setA-14,553,0.020285192
setA-14,554,0.020283822
setA-14,555,0.020136925
setA-14,556,0.019990733
setA-14,557,0.019920494
setA-14,558,0.019895073
setA-14,559,0.019881125
setA-14,560,0.019880266
setA-14,561,0.019850228
setA-14,562,0.019837587
setA-14,563,0.019811189
setA-14,564,0.019725654
setA-14,565,0.019697769
setA-14,566,0.019672291
setA-14,567,0.019620148
setA-14,568,0.019551077
setA-14,569,0.019543157
setA-14,570,0.019537899
setA-14,571,0.019511046
setA-14,572,0.019365069
setA-14,573,0.019344870
setA-14,574,0.019341669
setA-14,575,0.019297601
setA-14,576,0.019277328
setA-14,577,0.019227394
setA-14,578,0.018953076
setA-14,579,0.018913359
setA-14,580,0.018766345
setA-14,581,0.018758293
setA-14,582,0.018754224
setA-14,583,0.018743528
setA-14,584,0.018714084
setA-14,585,0.018711472
setA-14,586,0.018561358
setA-14,587,0.018511144
setA-14,588,0.018481636
setA-14,589,0.018415064
setA-14,590,0.018290260
setA-14,591,0.018224883
setA-14,592,0.018144283
setA-14,593,0.018120859
setA-14,594,0.018099743
setA-14,595,0.018027800
setA-14,596,0.018001296
setA-14,597,0.017864866
setA-14,598,0.017807913
setA-14,599,0.017736373
setA-14,600,0.017706730
setA-14,601,0.017653171
setA-14,602,0.017617289
setA-14,603,0.017565423
setA-14,604,0.017417576
setA-14,605,0.017416130
setA-14,606,0.017327332
setA-14,607,0.017306148
setA-14,608,0.017286952
setA-14,609,0.017232994
setA-14,610,0.017180182
setA-14,611,0.017111761
setA-14,612,0.017056954
setA-14,613,0.016994479
setA-14,614,0.016974432
setA-14,615,0.016914582
setA-14,616,0.016866153
setA-14,617,0.016831900
setA-14,618,0.016729290
setA-14,619,0.016635776
setA-14,620,0.016569483
setA-14,621,0.016351840
setA-14,622,0.016341003
setA-14,623,0.016328720
setA-14,624,0.016239081
setA-14,625,0.016155066
setA-14,626,0.016082685
setA-14,627,0.016068061
setA-14,628,0.016055656
setA-14,629,0.015988285
setA-14,630,0.015859338
setA-14,631,0.015826120
setA-14,632,0.015777097
setA-14,633,0.015737823
setA-14,634,0.015666196
setA-14,635,0.015592853
setA-14,636,0.015501812
setA-14,637,0.015446248
setA-14,638,0.015437192
setA-14,639,0.015411660
setA-14,640,0.015384253
setA-14,641,0.015363928
setA-14,642,0.015334130
setA-14,643,0.015225081
setA-14,644,0.015219567
setA-14,645,0.015187755
setA-14,646,0.015178220
setA-14,647,0.015178220
setA-14,648,0.015152950
setA-14,649,0.015104892
setA-14,650,0.015082495
setA-14,651,0.015035917
setA-14,652,0.015000411
setA-14,653,0.014862243
setA-14,654,0.014839338
setA-14,655,0.014812643
setA-14,656,0.014766446
setA-14,657,0.014700636
setA-14,658,0.014594460
setA-14,659,0.014586581
setA-14,660,0.014498692
setA-14,661,0.014454527
setA-14,662,0.014412456
setA-14,663,0.014395540
setA-14,664,0.014319528
setA-14,665,0.014207594
setA-14,666,0.014121636
setA-14,667,0.014048935
setA-14,668,0.014006357
setA-14,669,0.013996068
setA-14,670,0.013872004
setA-14,671,0.013850563
setA-14,672,0.013741923
setA-14,673,0.013721430
setA-14,674,0.013664056
setA-14,675,0.013634091
setA-14,676,0.013481413
setA-14,677,0.013456561
setA-14,678,0.013410905
setA-14,679,0.013409671
setA-14,680,0.013383449
setA-14,681,0.013359538
setA-14,682,0.013249892
setA-14,683,0.013220176
setA-14,684,0.013005820
setA-14,685,0.013004507
setA-14,686,0.012972074
setA-14,687,0.012965239
setA-14,688,0.012959563
setA-14,689,0.012939963
setA-14,690,0.012894517
setA-14,691,0.012872038
setA-14,692,0.012741466
setA-14,693,0.012713594
setA-14,694,0.012590258
setA-14,695,0.012585641
setA-14,696,0.012571947
setA-14,697,0.012538229
setA-14,698,0.012478557
setA-14,699,0.012453493
setA-14,700,0.012439357
setA-14,701,0.012387440
setA-14,702,0.012267304
setA-14,703,0.012215912
setA-14,704,0.012195673
setA-14,705,0.012062518
setA-14,706,0.012053865
setA-14,707,0.011869297
setA-14,708,0.011869080
setA-14,709,0.011810534
setA-14,710,0.011783605
setA-14,711,0.011748614
setA-14,712,0.011671522
setA-14,713,0.011605716
setA-14,714,0.011577894
setA-14,715,0.011537749
setA-14,716,0.011465055
setA-14,717,0.011453455
setA-14,718,0.011331580
setA-14,719,0.011237930
setA-14,720,0.011132057
setA-14,721,0.011117037
setA-14,722,0.011107649
setA-14,723,0.011095597
setA-14,724,0.011055031
setA-14,725,0.010867531
setA-14,726,0.010812949
setA-14,727,0.010701405
setA-14,728,0.010658857
setA-14,729,0.010651172
setA-14,730,0.010624396
setA-14,731,0.010452982
setA-14,732,0.010444814
setA-14,733,0.010401269
setA-14,734,0.010327324
setA-14,735,0.010281300
setA-14,736,0.010086982
setA-14,737,0.009814510
setA-14,738,0.009809943
setA-14,739,0.009747308
setA-14,740,0.009701146
setA-14,741,0.009654637
setA-14,742,0.009476177
setA-14,743,0.009416299
setA-14,744,0.009410825
setA-14,745,0.009390023
setA-14,746,0.009332116
setA-14,747,0.009147846
setA-14,748,0.008993270
setA-14,749,0.008989612
setA-14,750,0.008974661
setA-14,751,0.008974661
setA-14,752,0.008945183
setA-14,753,0.008743945
setA-14,754,0.008475710
setA-14,755,0.008432199
setA-14,756,0.008319232
setA-14,757,0.008287461
setA-14,758,0.008176004
setA-14,759,0.008175546
setA-14,760,0.007854484
setA-14,761,0.007809347
setA-14,762,0.007776763
setA-14,763,0.007745422
setA-14,764,0.007684749
setA-14,765,0.007546758
setA-14,766,0.007405844
setA-14,767,0.007289097
setA-14,768,0.006876812
setA-14,769,0.006766054
setA-14,770,0.006698100
setA-14,771,0.006644943
setA-14,772,0.006537514
setA-14,773,0.006380279
setA-14,774,0.006201924
setA-14,775,0.005801155
setA-14,776,0.005717532
setA-14,777,0.005635615
setA-14,778,0.005235350
setA-14,779,0.005226443
setA-14,780,0.005135552
setA-14,781,0.004833659
setA-14,782,0.004494732
setA-14,783,0.004318750
setA-14,784,0.003360993
setA-14,785,0.002881601
setA-14,786,0.002656026
setA-14,787,0.001848420
setA-14,788,0.000000000
setA-14,789,0.000000000
setA-14,790,0.000000000
setA-14,791,0.000000000
setA-14,792,0.000000000
setA-14,793,0.000000000
setA-14,794,0.000000000
setA-14,795,0.000000000
setA-14,796,0.000000000
setA-14,797,0.000000000
setA-14,798,0.000000000
setA-14,799,0.000000000
setA-14,800,0.000000000
setA-14,801,0.000000000
setA-14,802,0.000000000
setA-14,803,0.000000000
setA-14,804,0.000000000
setA-14,805,0.000000000
setA-14,806,0.000000000
setA-14,807,0.000000000
setA-14,808,0.000000000
setA-14,809,0.000000000
setA-14,810,0.000000000
setA-14,811,0.000000000
setA-14,812,0.000000000
setA-14,813,0.000000000
setA-14,814,0.000000000
setA-14,815,0.000000000
setA-14,816,0.000000000
setA-14,817,0.000000000
setA-14,818,0.000000000
setA-14,819,0.000000000
setA-14,820,0.000000000
setA-14,821,0.000000000
setA-14,822,0.000000000
setA-14,823,0.000000000
setA-14,824,0.000000000
setA-14,825,0.000000000
setA-14,826,0.000000000
setA-14,827,0.000000000
setA-14,828,0.000000000
setA-14,829,0.000000000
setA-14,830,0.000000000
setA-14,831,0.000000000
setA-14,832,0.000000000
setA-14,833,0.000000000
setA-14,834,0.000000000
setA-14,835,0.000000000
setA-14,836,0.000000000
setA-14,837,0.000000000
setA-14,838,0.000000000
setA-14,839,0.000000000
setA-14,840,0.000000000
setA-14,841,0.000000000
setA-14,842,0.000000000
setA-14,843,0.000000000
setA-14,844,0.000000000
setA-14,845,0.000000000
setA-14,846,0.000000000
setA-14,847,0.000000000
setA-14,848,0.000000000
setA-14,849,0.000000000
setA-14,850,0.000000000
setA-14,851,0.000000000
setA-14,852,0.000000000
setA-14,853,0.000000000
setA-14,854,0.000000000
setA-14,855,0.000000000
setA-14,856,0.000000000
setA-14,857,0.000000000
setA-14,858,0.000000000
setA-14,859,0.000000000
setA-14,860,0.000000000
setA-14,861,0.000000000
setA-14,862,0.000000000
setA-14,863,0.000000000
setA-14,864,0.000000000
setA-14,865,0.000000000
setA-14,866,0.000000000
setA-14,867,0.000000000
setA-14,868,0.000000000
setA-14,869,0.000000000
setA-14,870,0.000000000
setA-14,871,0.000000000
setA-14,872,0.000000000
setA-14,873,0.000000000
setA-14,874,0.000000000
setA-14,875,0.000000000
setA-14,876,0.000000000
setA-14,877,0.000000000
setA-14,878,0.000000000
setA-14,879,0.000000000
setA-14,880,0.000000000
setA-14,881,0.000000000
setA-14,882,0.000000000
setA-14,883,0.000000000
setA-14,884,0.000000000
setA-14,885,0.000000000
setA-14,886,0.000000000
setA-14,887,0.000000000
setA-14,888,0.000000000
setA-14,889,0.000000000
setA-14,890,0.000000000
setA-14,891,0.000000000
setA-14,892,0.000000000
setA-14,893,0.000000000
setA-14,894,0.000000000
setA-14,895,0.000000000
setA-14,896,0.000000000
setA-14,897,0.000000000
setA-14,898,0.000000000
setA-14,899,0.000000000
setA-14,900,0.000000000
setA-14,901,0.000000000
setA-14,902,0.000000000
setA-14,903,0.000000000
setA-14,904,0.000000000
setA-14,905,0.000000000
setA-14,906,0.000000000
setA-14,907,0.000000000
setA-14,908,0.000000000
setA-14,909,0.000000000
setA-14,910,0.000000000
setA-14,911,0.000000000
setA-14,912,0.000000000
setA-14,913,0.000000000
setA-14,914,0.000000000
setA-14,915,0.000000000
setA-14,916,0.000000000
setA-14,917,0.000000000
setA-14,918,0.000000000
setA-14,919,0.000000000
setA-14,920,0.000000000
setA-14,921,0.000000000
setA-14,922,0.000000000
setA-14,923,0.000000000
setA-14,924,0.000000000
setA-14,925,0.000000000
setA-14,926,0.000000000
setA-14,927,0.000000000
setA-14,928,0.000000000
setA-14,929,0.000000000
setA-14,930,0.000000000
setA-14,931,0.000000000
setA-14,932,0.000000000
setA-14,933,0.000000000
setA-14,934,0.000000000
setA-14,935,0.000000000
setA-14,936,0.000000000
setA-14,937,0.000000000
setA-14,938,0.000000000
setA-14,939,0.000000000
setA-14,940,0.000000000
setA-14,941,0.000000000
setA-14,942,0.000000000
setA-14,943,0.000000000
setA-14,944,0.000000000
setA-14,945,0.000000000
setA-14,946,0.000000000
setA-14,947,0.000000000
setA-14,948,0.000000000
setA-14,949,0.000000000
setA-14,950,0.000000000
setA-14,951,0.000000000
setA-14,952,0.000000000
setA-14,953,0.000000000
setA-14,954,0.000000000
setA-14,955,0.000000000
setA-14,956,0.000000000
setA-14,957,0.000000000
setA-14,958,0.000000000
setA-14,959,0.000000000
setA-14,960,0.000000000
setA-14,961,0.000000000
setA-14,962,0.000000000
setA-14,963,0.000000000
setA-14,964,0.000000000
setA-14,965,0.000000000
setA-14,966,0.000000000
setA-14,967,0.000000000
setA-14,968,0.000000000
setA-14,969,0.000000000
setA-14,970,0.000000000
setA-14,971,0.000000000
setA-14,972,0.000000000
setA-14,973,0.000000000
setA-14,974,0.000000000
setA-14,975,0.000000000
setA-14,976,0.000000000
setA-14,977,0.000000000
setA-14,978,0.000000000
setA-14,979,0.000000000
setA-14,980,0.000000000
setA-14,981,0.000000000
setA-14,982,0.000000000
setA-14,983,0.000000000
setA-14,984,0.000000000
setA-14,985,0.000000000
setA-14,986,0.000000000
setA-14,987,0.000000000
setA-14,988,0.000000000
setA-14,989,0.000000000
setA-14,990,0.000000000
setA-14,991,0.000000000
setA-14,992,0.000000000
setA-14,993,0.000000000
setA-14,994,0.000000000
setA-14,995,0.000000000
setA-14,996,0.000000000
setA-14,997,0.000000000
setA-14,998,0.000000000
setA-14,999,0.000000000
setA-14,1000,0.000000000
setA-14,1001,0.000000000
setA-14,1002,0.000000000
setA-14,1003,0.000000000
setA-14,1004,0.000000000
setA-14,1005,0.000000000
setA-14,1006,0.000000000
setA-14,1007,0.000000000
setA-14,1008,0.000000000
setA-14,1009,0.000000000
setA-14,1010,0.000000000
setA-14,1011,0.000000000
setA-14,1012,0.000000000
setA-14,1013,0.000000000
setA-14,1014,0.000000000
setA-14,1015,0.000000000
setA-14,1016,0.000000000
setA-14,1017,0.000000000
setA-14,1018,0.000000000
setA-14,1019,0.000000000
setA-14,1020,0.000000000
setA-14,1021,0.000000000
setA-14,1022,0.000000000
setA-14,1023,0.000000000
setA-14,1024,0.000000000
setA-14,1025,0.000000000
setA-14,1026,0.000000000
setA-14,1027,0.000000000
setA-14,1028,0.000000000
setA-14,1029,0.000000000
setA-14,1030,0.000000000
setA-14,1031,0.000000000
setA-14,1032,0.000000000
setA-14,1033,0.000000000
setA-14,1034,0.000000000
setA-14,1035,0.000000000
setA-14,1036,0.000000000
setA-14,1037,0.000000000
setA-14,1038,0.000000000
setA-14,1039,0.000000000
setA-14,1040,0.000000000
setA-14,1041,0.000000000
setA-14,1042,0.000000000
setA-14,1043,0.000000000
setA-14,1044,0.000000000
setA-14,1045,0.000000000
setA-14,1046,0.000000000
setA-14,1047,0.000000000
setA-14,1048,0.000000000
setA-14,1049,0.000000000
setA-14,1050,0.000000000
setA-14,1051,0.000000000
setA-14,1052,0.000000000
setA-14,1053,0.000000000
setA-14,1054,0.000000000
setA-14,1055,0.000000000
setA-14,1056,0.000000000
setA-14,1057,0.000000000
setA-14,1058,0.000000000
setA-14,1059,0.000000000
setA-14,1060,0.000000000
setA-14,1061,0.000000000
setA-14,1062,0.000000000
setA-14,1063,0.000000000
setA-14,1064,0.000000000
setA-14,1065,0.000000000
setA-14,1066,0.000000000
setA-14,1067,0.000000000
setA-14,1068,0.000000000
setA-14,1069,0.000000000
setA-14,1070,0.000000000
setA-14,1071,0.000000000
setA-14,1072,0.000000000
setA-14,1073,0.000000000
setA-14,1074,0.000000000
setA-14,1075,0.000000000
setA-14,1076,0.000000000
setA-14,1077,0.000000000
setA-14,1078,0.000000000
setA-14,1079,0.000000000
setA-14,1080,0.000000000
setA-14,1081,0.000000000
setA-14,1082,0.000000000
setA-14,1083,0.000000000
setA-14,1084,0.000000000
setA-14,1085,0.000000000
setA-14,1086,0.000000000
setA-14,1087,0.000000000
setA-14,1088,0.000000000
setA-14,1089,0.000000000
setA-14,1090,0.000000000
setA-14,1091,0.000000000
setA-14,1092,0.000000000
setA-14,1093,0.000000000
setA-14,1094,0.000000000
setA-14,1095,0.000000000
setA-14,1096,0.000000000
setA-14,1097,0.000000000
setA-14,1098,0.000000000
setA-14,1099,0.000000000
setA-14,1100,0.000000000
setA-14,1101,0.000000000
setA-14,1102,0.000000000
setA-14,1103,0.000000000
setA-14,1104,0.000000000
setA-14,1105,0.000000000
setA-14,1106,0.000000000
setA-14,1107,0.000000000
setA-14,1108,0.000000000
setA-15,1,0.898695808
setA-15,2,0.884702778
setA-15,3,0.842466667
setA-15,4,0.825206000
setA-15,5,0.815027246
setA-15,6,0.596971930
setA-15,7,0.588248760
setA-15,8,0.532757795
setA-15,9,0.518356000
setA-15,10,0.491368564
setA-15,11,0.490411111
setA-15,12,0.424266138
setA-15,13,0.407770474
setA-15,14,0.389191751
setA-15,15,0.373621386
setA-15,16,0.368696215
setA-15,17,0.367392896
setA-15,18,0.362732192
setA-15,19,0.362381796
setA-15,20,0.350868908
setA-15,21,0.350460967
setA-15,22,0.347532306
setA-15,23,0.346102182
setA-15,24,0.343738069
setA-15,25,0.336639155
setA-15,26,0.336101837
setA-15,27,0.335972681
setA-15,28,0.328025714
setA-15,29,0.327299554
setA-15,30,0.323814491
setA-15,31,0.322211963
setA-15,32,0.315293033
setA-15,33,0.313619581
setA-15,34,0.310356200
setA-15,35,0.307325955
setA-15,36,0.305228047
setA-15,37,0.304120209
setA-15,38,0.303290775
setA-15,39,0.297831365
setA-15,40,0.297584309
setA-15,41,0.295355556
setA-15,42,0.290430212
setA-15,43,0.282336899
setA-15,44,0.281754043
setA-15,45,0.281544182
setA-15,46,0.277902459
setA-15,47,0.270199102
setA-15,48,0.267123077
setA-15,49,0.265439344
setA-15,50,0.264928883
setA-15,51,0.259112994
setA-15,52,0.259042416
setA-15,53,0.258967077
setA-15,54,0.255301027
setA-15,55,0.254066367
setA-15,56,0.249479416
setA-15,57,0.247431641
setA-15,58,0.245966519
setA-15,59,0.245012801
setA-15,60,0.243117476
setA-15,61,0.242330516
setA-15,62,0.240649767
setA-15,63,0.234890120
setA-15,64,0.234555138
setA-15,65,0.233766234
setA-15,66,0.233313163
setA-15,67,0.232925088
setA-15,68,0.231608333
setA-15,69,0.231025462
setA-15,70,0.230136857
setA-15,71,0.228792348
setA-15,72,0.227992826
setA-15,73,0.227607949
setA-15,74,0.227567101
setA-15,75,0.227492261
setA-15,76,0.224038978
setA-15,77,0.222065810
setA-15,78,0.220553282
setA-15,79,0.220072653
setA-15,80,0.215659174
setA-15,81,0.215319190
setA-15,82,0.214149225
setA-15,83,0.213180960
setA-15,84,0.213166807
setA-15,85,0.212294271
setA-15,86,0.212114217
setA-15,87,0.211288743
setA-15,88,0.208149427
setA-15,89,0.207973351
setA-15,90,0.206098280
setA-15,91,0.204425641
setA-15,92,0.203123567
setA-15,93,0.199416015
setA-15,94,0.199197134
setA-15,95,0.199164987
setA-15,96,0.198165678
setA-15,97,0.197092602
setA-15,98,0.195797120
setA-15,99,0.192577948
setA-15,100,0.192291304
setA-15,101,0.189169844
setA-15,102,0.188692094
setA-15,103,0.188628201
setA-15,104,0.188574823
setA-15,105,0.187922912
setA-15,106,0.187446269
setA-15,107,0.187042857
setA-15,108,0.186395896
setA-15,109,0.186387664
setA-15,110,0.186160897
setA-15,111,0.185506919
setA-15,112,0.185418483
setA-15,113,0.185153564
setA-15,114,0.184931541
setA-15,115,0.183875494
setA-15,116,0.183131976
setA-15,117,0.182911031
setA-15,118,0.182094949
setA-15,119,0.181630164
setA-15,120,0.181174401
setA-15,121,0.181131034
setA-15,122,0.180332859
setA-15,123,0.180019023
setA-15,124,0.179925212
setA-15,125,0.179773677
setA-15,126,0.177861897
setA-15,127,0.177815824
setA-15,128,0.177526372
setA-15,129,0.177367660
setA-15,130,0.177143836
setA-15,131,0.177141493
setA-15,132,0.177043291
setA-15,133,0.176967943
setA-15,134,0.176428879
setA-15,135,0.176109421
setA-15,136,0.175308896
setA-15,137,0.175290521
setA-15,138,0.173828181
setA-15,139,0.173567225
setA-15,140,0.173475187
setA-15,141,0.173462130
setA-15,142,0.171834561
setA-15,143,0.171797356
setA-15,144,0.171415909
setA-15,145,0.171152353
setA-15,146,0.170686425
setA-15,147,0.170604702
setA-15,148,0.169036164
setA-15,149,0.168800000
setA-15,150,0.168451383
setA-15,151,0.166983656
setA-15,152,0.166215320
setA-15,153,0.166176118
setA-15,154,0.165816860
setA-15,155,0.164383576
setA-15,156,0.164383551
setA-15,157,0.164383409
setA-15,158,0.163201079
setA-15,159,0.160976684
setA-15,160,0.160827163
setA-15,161,0.159292903
setA-15,162,0.159206299
setA-15,163,0.159175446
setA-15,164,0.158978337
setA-15,165,0.158677170
setA-15,166,0.157868598
setA-15,167,0.157170816
setA-15,168,0.156809843
setA-15,169,0.156808295
setA-15,170,0.156576253
setA-15,171,0.156468889
setA-15,172,0.156245916
setA-15,173,0.156100388
setA-15,174,0.155860000
setA-15,175,0.155778098
setA-15,176,0.155721079
setA-15,177,0.155297236
setA-15,178,0.155178000
setA-15,179,0.154817611
setA-15,180,0.154689711
setA-15,181,0.153777989
setA-15,182,0.153198660
setA-15,183,0.153183736
setA-15,184,0.152659788
setA-15,185,0.152552778
setA-15,186,0.152456677
setA-15,187,0.152367614
setA-15,188,0.152116119
setA-15,189,0.151933041
setA-15,190,0.151721458
setA-15,191,0.151555925
setA-15,192,0.151514405
setA-15,193,0.151482996
setA-15,194,0.151386637
setA-15,195,0.151027396
setA-15,196,0.150973289
setA-15,197,0.149848632
setA-15,198,0.149709831
setA-15,199,0.149701914
setA-15,200,0.149119286
setA-15,201,0.148427300
setA-15,202,0.148082961
setA-15,203,0.147216772
setA-15,204,0.146998707
setA-15,205,0.146884516
setA-15,206,0.146450909
setA-15,207,0.146149007
setA-15,208,0.145993721
setA-15,209,0.145954933
setA-15,210,0.145225940
setA-15,211,0.145169740
setA-15,212,0.145108037
setA-15,213,0.144962658
setA-15,214,0.144793782
setA-15,215,0.144441967
setA-15,216,0.144413811
setA-15,217,0.144397771
setA-15,218,0.143222201
setA-15,219,0.142672170
setA-15,220,0.142551563
setA-15,221,0.141903704
setA-15,222,0.141723131
setA-15,223,0.141642819
setA-15,224,0.141164205
setA-15,225,0.140587521
setA-15,226,0.140333097
setA-15,227,0.140236911
setA-15,228,0.140142627
setA-15,229,0.139800910
setA-15,230,0.139660320
setA-15,231,0.139410351
setA-15,232,0.138937152
setA-15,233,0.138717658
setA-15,234,0.138490984
setA-15,235,0.138360870
setA-15,236,0.138041757
setA-15,237,0.137737656
setA-15,238,0.137472584
setA-15,239,0.137176773
setA-15,240,0.136743717
setA-15,241,0.136740583
setA-15,242,0.136346858
setA-15,243,0.136326915
setA-15,244,0.136203459
setA-15,245,0.136137324
setA-15,246,0.135723647
setA-15,247,0.134511613
setA-15,248,0.134446192
setA-15,249,0.134350270
setA-15,250,0.133679885
setA-15,251,0.133648372
setA-15,252,0.133585714
setA-15,253,0.133534182
setA-15,254,0.133270641
setA-15,255,0.133122650
setA-15,256,0.132957230
setA-15,257,0.132583726
setA-15,258,0.131583547
setA-15,259,0.131405247
setA-15,260,0.131283710
setA-15,261,0.130824106
setA-15,262,0.130773606
setA-15,263,0.130524923
setA-15,264,0.130514436
setA-15,265,0.130467169
setA-15,266,0.129881231
setA-15,267,0.129293846
setA-15,268,0.129133546
setA-15,269,0.129132054
setA-15,270,0.129101220
setA-15,271,0.129025660
setA-15,272,0.129018327
setA-15,273,0.128830025
setA-15,274,0.128635294
setA-15,275,0.128536760
setA-15,276,0.128411578
setA-15,277,0.127533161
setA-15,278,0.127448544
setA-15,279,0.126581185
setA-15,280,0.125598900
setA-15,281,0.125212259
setA-15,282,0.124889884
setA-15,283,0.124308994
setA-15,284,0.124239005
setA-15,285,0.123552796
setA-15,286,0.123416267
setA-15,287,0.123239365
setA-15,288,0.123160681
setA-15,289,0.122843952
setA-15,290,0.122687991
setA-15,291,0.121551174
setA-15,292,0.121198164
setA-15,293,0.120578022
setA-15,294,0.120467647
setA-15,295,0.120455556
setA-15,296,0.120415904
setA-15,297,0.120177998
setA-15,298,0.119998186
setA-15,299,0.119850883
setA-15,300,0.119838986
setA-15,301,0.119801113
setA-15,302,0.119045484
setA-15,303,0.118911383
setA-15,304,0.118337010
setA-15,305,0.118317404
setA-15,306,0.118117910
setA-15,307,0.118100971
setA-15,308,0.118057500
setA-15,309,0.117904990
setA-15,310,0.117197550
setA-15,311,0.116930572
setA-15,312,0.116919205
setA-15,313,0.116581799
setA-15,314,0.116581695
setA-15,315,0.116383800
setA-15,316,0.116070854
setA-15,317,0.116035574
setA-15,318,0.115969178
setA-15,319,0.115865088
setA-15,320,0.115840940
setA-15,321,0.115820272
setA-15,322,0.115753333
setA-15,323,0.115002016
setA-15,324,0.114832536
setA-15,325,0.113328000
setA-15,326,0.113298154
setA-15,327,0.113194830
setA-15,328,0.112998842
setA-15,329,0.112885892
setA-15,330,0.112714195
setA-15,331,0.112508299
setA-15,332,0.112442367
setA-15,333,0.111948141
setA-15,334,0.111762323
setA-15,335,0.111758484
setA-15,336,0.111700350
setA-15,337,0.111673696
setA-15,338,0.111012468
setA-15,339,0.110925474
setA-15,340,0.110870760
setA-15,341,0.110728274
setA-15,342,0.110304308
setA-15,343,0.110043707
setA-15,344,0.109976991
setA-15,345,0.109916746
setA-15,346,0.109726474
setA-15,347,0.109656597
setA-15,348,0.109152164
setA-15,349,0.108982411
setA-15,350,0.108374792
setA-15,351,0.108277990
setA-15,352,0.108214217
setA-15,353,0.108168519
setA-15,354,0.108094848
setA-15,355,0.108053772
setA-15,356,0.107900948
setA-15,357,0.107733466
setA-15,358,0.107579690
setA-15,359,0.106365744
setA-15,360,0.106284198
setA-15,361,0.106189538
setA-15,362,0.105846992
setA-15,363,0.105492948
setA-15,364,0.105273059
setA-15,365,0.105263158
setA-15,366,0.105177648
setA-15,367,0.104996387
setA-15,368,0.104925532
setA-15,369,0.104630675
setA-15,370,0.104472590
setA-15,371,0.104471526
setA-15,372,0.103454348
setA-15,373,0.103191709
setA-15,374,0.103074093
setA-15,375,0.102993926
setA-15,376,0.102833333
setA-15,377,0.102687909
setA-15,378,0.102252580
setA-15,379,0.101671726
setA-15,380,0.101191443
setA-15,381,0.101122303
setA-15,382,0.101110251
setA-15,383,0.100992229
setA-15,384,0.100830112
setA-15,385,0.100807906
setA-15,386,0.100667315
setA-15,387,0.100350581
setA-15,388,0.100043326
setA-15,389,0.099924198
setA-15,390,0.098884216
setA-15,391,0.098806440
setA-15,392,0.098596976
setA-15,393,0.098594469
setA-15,394,0.098210117
setA-15,395,0.098108254
setA-15,396,0.097663137
setA-15,397,0.097418842
setA-15,398,0.097368007
setA-15,399,0.096995359
setA-15,400,0.096894721
setA-15,401,0.096590268
setA-15,402,0.096426071
setA-15,403,0.096255133
setA-15,404,0.096083400
setA-15,405,0.095996641
setA-15,406,0.095416692
setA-15,407,0.095374273
setA-15,408,0.095270511
setA-15,409,0.095065170
setA-15,410,0.094635701
setA-15,411,0.094374739
setA-15,412,0.094287138
setA-15,413,0.094126575
setA-15,414,0.093882057
setA-15,415,0.093774024
setA-15,416,0.093554608
setA-15,417,0.092437396
setA-15,418,0.092094337
setA-15,419,0.091876538
setA-15,420,0.091691290
setA-15,421,0.091282028
setA-15,422,0.091161581
setA-15,423,0.090469220
setA-15,424,0.090228222
setA-15,425,0.090210518
setA-15,426,0.090198608
setA-15,427,0.090019597
setA-15,428,0.089409773
setA-15,429,0.089367063
setA-15,430,0.088995695
setA-15,431,0.088907020
setA-15,432,0.088896073
setA-15,433,0.088629058
setA-15,434,0.088614992
setA-15,435,0.088329545
setA-15,436,0.088003283
setA-15,437,0.087902481
setA-15,438,0.087622172
setA-15,439,0.087595329
setA-15,440,0.087505819
setA-15,441,0.087321912
setA-15,442,0.087161395
setA-15,443,0.086748665
setA-15,444,0.086703580
setA-15,445,0.086679563
setA-15,446,0.086496010
setA-15,447,0.086409387
setA-15,448,0.086323316
setA-15,449,0.086157237
setA-15,450,0.085819635
setA-15,451,0.085659407
setA-15,452,0.085408043
setA-15,453,0.085280121
setA-15,454,0.085210028
setA-15,455,0.085171601
setA-15,456,0.084938560
setA-15,457,0.084911397
setA-15,458,0.084905049
setA-15,459,0.084521053
setA-15,460,0.084499878
setA-15,461,0.084459195
setA-15,462,0.084391484
setA-15,463,0.084059943
setA-15,464,0.083973065
setA-15,465,0.083936205
setA-15,466,0.083899740
setA-15,467,0.083154333
setA-15,468,0.082945719
setA-15,469,0.082797543
setA-15,470,0.081821053
setA-15,471,0.081562481
setA-15,472,0.081263864
setA-15,473,0.081103201
setA-15,474,0.081043855
setA-15,475,0.080887302
setA-15,476,0.080479514
setA-15,477,0.079508902
setA-15,478,0.079474656
setA-15,479,0.079381838
setA-15,480,0.079324709
setA-15,481,0.078584342
setA-15,482,0.078455844
setA-15,483,0.078423939
setA-15,484,0.078193297
setA-15,485,0.077988778
setA-15,486,0.077930185
setA-15,487,0.077922186
setA-15,488,0.077570482
setA-15,489,0.077400336
setA-15,490,0.077224176
setA-15,491,0.077081981
setA-15,492,0.077064461
setA-15,493,0.076736504
setA-15,494,0.076251511
setA-15,495,0.076177762
setA-15,496,0.075527542
setA-15,497,0.075319978
setA-15,498,0.075241208
setA-15,499,0.074982018
setA-15,500,0.074977842
setA-15,501,0.074442286
setA-15,502,0.074396879
setA-15,503,0.074306089
setA-15,504,0.074288654
setA-15,505,0.073880225
setA-15,506,0.073708460
setA-15,507,0.073617806
setA-15,508,0.073512069
setA-15,509,0.073453017
setA-15,510,0.073452405
setA-15,511,0.073448050
setA-15,512,0.073090460
setA-15,513,0.072921992
setA-15,514,0.072772859
setA-15,515,0.072702664
setA-15,516,0.072641905
setA-15,517,0.072640029
setA-15,518,0.072578947
setA-15,519,0.072168404
setA-15,520,0.072157922
setA-15,521,0.072033146
setA-15,522,0.071928223
setA-15,523,0.071763226
setA-15,524,0.071552921
setA-15,525,0.071548966
setA-15,526,0.071548201
setA-15,527,0.071358453
setA-15,528,0.070827037
setA-15,529,0.070163659
setA-15,530,0.070116351
setA-15,531,0.070041615
setA-15,532,0.069806621
setA-15,533,0.069607862
setA-15,534,0.069425745
setA-15,535,0.069120044
setA-15,536,0.068946799
setA-15,537,0.068905263
setA-15,538,0.068819957
setA-15,539,0.068634330
setA-15,540,0.068625971
setA-15,541,0.068592924
setA-15,542,0.068460941
setA-15,543,0.068398736
setA-15,544,0.068149462
setA-15,545,0.067974865
setA-15,546,0.067853808
setA-15,547,0.067726000
setA-15,548,0.067712848
setA-15,549,0.067641148
setA-15,550,0.067499796
setA-15,551,0.067417277
setA-15,552,0.067329194
setA-15,553,0.067005905
setA-15,554,0.066978114
setA-15,555,0.066536281
setA-15,556,0.066532132
setA-15,557,0.066210139
setA-15,558,0.066079653
setA-15,559,0.065638179
setA-15,560,0.065455882
setA-15,561,0.065361233
setA-15,562,0.065299136
setA-15,563,0.064883314
setA-15,564,0.064783914
setA-15,565,0.064686104
setA-15,566,0.064661364
setA-15,567,0.064164498
setA-15,568,0.064101675
setA-15,569,0.063785907
setA-15,570,0.063439728
setA-15,571,0.063211443
setA-15,572,0.062632152
setA-15,573,0.062521902
setA-15,574,0.062173782
setA-15,575,0.061690000
setA-15,576,0.061487023
setA-15,577,0.061414094
setA-15,578,0.061396386
setA-15,579,0.061381074
setA-15,580,0.061329664
setA-15,581,0.061161676
setA-15,582,0.060832121
setA-15,583,0.060512729
setA-15,584,0.060365402
setA-15,585,0.060356803
setA-15,586,0.060193742
setA-15,587,0.059731081
setA-15,588,0.059564069
setA-15,589,0.059411985
setA-15,590,0.059403271
setA-15,591,0.059293842
setA-15,592,0.059140345
setA-15,593,0.059030424
setA-15,594,0.059022531
setA-15,595,0.059019639
setA-15,596,0.058926756
setA-15,597,0.058926334
setA-15,598,0.058877255
setA-15,599,0.058441906
setA-15,600,0.058342206
setA-15,601,0.058293950
setA-15,602,0.058209348
setA-15,603,0.057849129
setA-15,604,0.057274737
setA-15,605,0.057206918
setA-15,606,0.057169556
setA-15,607,0.057081302
setA-15,608,0.056756522
setA-15,609,0.056586403
setA-15,610,0.056379339
setA-15,611,0.055998718
setA-15,612,0.055932180
setA-15,613,0.055821875
setA-15,614,0.055742561
setA-15,615,0.055490563
setA-15,616,0.055276264
setA-15,617,0.054995956
setA-15,618,0.054933165
setA-15,619,0.054852046
setA-15,620,0.054457231
setA-15,621,0.054393411
setA-15,622,0.054118107
setA-15,623,0.054113872
setA-15,624,0.053976652
setA-15,625,0.053787945
setA-15,626,0.053770405
setA-15,627,0.053676276
setA-15,628,0.053658938
setA-15,629,0.053497633
setA-15,630,0.053333333
setA-15,631,0.053230626
setA-15,632,0.053228952
setA-15,633,0.052996719
setA-15,634,0.052990535
setA-15,635,0.052936980
setA-15,636,0.052575389
setA-15,637,0.052254305
setA-15,638,0.052075573
setA-15,639,0.051920977
setA-15,640,0.051849505
setA-15,641,0.051797917
setA-15,642,0.051747052
setA-15,643,0.051450235
setA-15,644,0.051332442
setA-15,645,0.051187356
setA-15,646,0.051172236
setA-15,647,0.051015650
setA-15,648,0.050760532
setA-15,649,0.050529142
setA-15,650,0.050304353
setA-15,651,0.049948217
setA-15,652,0.049820769
setA-15,653,0.049629508
setA-15,654,0.049413413
setA-15,655,0.049344846
setA-15,656,0.049281707
setA-15,657,0.049263975
setA-15,658,0.049013456
setA-15,659,0.048824077
setA-15,660,0.048795895
setA-15,661,0.048276208
setA-15,662,0.048227466
setA-15,663,0.047878641
setA-15,664,0.047834527
setA-15,665,0.047781779
setA-15,666,0.047607273
setA-15,667,0.047382427
setA-15,668,0.047108706
setA-15,669,0.047083444
setA-15,670,0.047073523
setA-15,671,0.047072717
setA-15,672,0.046991863
setA-15,673,0.046871486
setA-15,674,0.046772990
setA-15,675,0.046271111
setA-15,676,0.045968568
setA-15,677,0.045923175
setA-15,678,0.045257489
setA-15,679,0.045154784
setA-15,680,0.045134945
setA-15,681,0.045114669
setA-15,682,0.044983446
setA-15,683,0.044724538
setA-15,684,0.044496494
setA-15,685,0.044406872
setA-15,686,0.044056772
setA-15,687,0.044020412
setA-15,688,0.043987060
setA-15,689,0.043900593
setA-15,690,0.043576213
setA-15,691,0.043476284
setA-15,692,0.043150625
setA-15,693,0.043145843
setA-15,694,0.043133253
setA-15,695,0.043113184
setA-15,696,0.043077974
setA-15,697,0.042690194
setA-15,698,0.042546353
setA-15,699,0.042431047
setA-15,700,0.042262618
setA-15,701,0.041810652
setA-15,702,0.041713523
setA-15,703,0.041343081
setA-15,704,0.041041301
setA-15,705,0.040957576
setA-15,706,0.040854599
setA-15,707,0.040584232
setA-15,708,0.040455763
setA-15,709,0.040213126
setA-15,710,0.040140169
setA-15,711,0.039871017
setA-15,712,0.039411680
setA-15,713,0.039102771
setA-15,714,0.038912077
setA-15,715,0.038823019
setA-15,716,0.038678517
setA-15,717,0.038504204
setA-15,718,0.038453929
setA-15,719,0.038179355
setA-15,720,0.038001697
setA-15,721,0.037655349
setA-15,722,0.037503305
setA-15,723,0.037441498
setA-15,724,0.037251647
setA-15,725,0.037211669
setA-15,726,0.036871028
setA-15,727,0.036758056
setA-15,728,0.036023678
setA-15,729,0.035907415
setA-15,730,0.035727837
setA-15,731,0.035447630
setA-15,732,0.035346632
setA-15,733,0.035273958
setA-15,734,0.035255426
setA-15,735,0.035105593
setA-15,736,0.035019714
setA-15,737,0.034178713
setA-15,738,0.033767269
setA-15,739,0.033719744
setA-15,740,0.033688519
setA-15,741,0.033686674
setA-15,742,0.033663564
setA-15,743,0.033339718
setA-15,744,0.033253244
setA-15,745,0.033170179
setA-15,746,0.032932598
setA-15,747,0.032837064
setA-15,748,0.032700000
setA-15,749,0.032611613
setA-15,750,0.032515385
setA-15,751,0.032337705
setA-15,752,0.032109913
setA-15,753,0.032063173
setA-15,754,0.032034851
setA-15,755,0.031323465
setA-15,756,0.031259176
setA-15,757,0.031050278
setA-15,758,0.030821944
setA-15,759,0.030640136
setA-15,760,0.030390196
setA-15,761,0.030336910
setA-15,762,0.029965799
setA-15,763,0.029887934
setA-15,764,0.029672082
setA-15,765,0.029293253
setA-15,766,0.029214058
setA-15,767,0.029202865
setA-15,768,0.029199737
setA-15,769,0.027815257
setA-15,770,0.027719608
setA-15,771,0.027700000
setA-15,772,0.027212162
setA-15,773,0.027012500
setA-15,774,0.026771689
setA-15,775,0.026723819
setA-15,776,0.026284772
setA-15,777,0.026186434
setA-15,778,0.026163063
setA-15,779,0.025981459
setA-15,780,0.025640381
setA-15,781,0.025584191
setA-15,782,0.025536934
setA-15,783,0.024988376
setA-15,784,0.024852808
setA-15,785,0.024807774
setA-15,786,0.024546879
setA-15,787,0.024407513
setA-15,788,0.024121467
setA-15,789,0.023685376
setA-15,790,0.023583833
setA-15,791,0.023512103
setA-15,792,0.023358855
setA-15,793,0.023318399
setA-15,794,0.022562436
setA-15,795,0.022489704
setA-15,796,0.021990970
setA-15,797,0.021730917
setA-15,798,0.021638265
setA-15,799,0.021376512
setA-15,800,0.021334894
setA-15,801,0.021290663
setA-15,802,0.021110316
setA-15,803,0.020506640
setA-15,804,0.020379973
setA-15,805,0.020309293
setA-15,806,0.020203631
setA-15,807,0.020087576
setA-15,808,0.020083107
setA-15,809,0.019368479
setA-15,810,0.018980412
setA-15,811,0.018799069
setA-15,812,0.018644612
setA-15,813,0.018461987
setA-15,814,0.018302810
setA-15,815,0.018264912
setA-15,816,0.018024561
setA-15,817,0.017303406
setA-15,818,0.017200863
setA-15,819,0.016826575
setA-15,820,0.016823881
setA-15,821,0.016785017
setA-15,822,0.016379893
setA-15,823,0.015207489
setA-15,824,0.015206061
setA-15,825,0.014868844
setA-15,826,0.014390572
setA-15,827,0.014233616
setA-15,828,0.014183628
setA-15,829,0.013907276
setA-15,830,0.013904699
setA-15,831,0.013753386
setA-15,832,0.013599483
setA-15,833,0.013436143
setA-15,834,0.013185918
setA-15,835,0.012566529
setA-15,836,0.012078315
setA-15,837,0.012038748
setA-15,838,0.012015360
setA-15,839,0.011945957
setA-15,840,0.011592370
setA-15,841,0.011530576
setA-15,842,0.010799027
setA-15,843,0.010581798
setA-15,844,0.010556728
setA-15,845,0.010158427
setA-15,846,0.009902582
setA-15,847,0.009767681
setA-15,848,0.009622439
setA-15,849,0.009525497
setA-15,850,0.009242570
setA-15,851,0.008601512
setA-15,852,0.008559830
setA-15,853,0.008084426
setA-15,854,0.006945915
setA-15,855,0.006917079
setA-15,856,0.006858279
setA-15,857,0.006279775
setA-15,858,0.005899043
setA-15,859,0.005494708
setA-15,860,0.005131098
setA-15,861,0.004658704
setA-15,862,0.004364159
setA-15,863,0.001582353
setA-15,864,0.001393051
setA-15,865,0.000000000
setA-15,866,0.000000000
setA-15,867,0.000000000
setA-15,868,0.000000000
setA-15,869,0.000000000
setA-15,870,0.000000000
setA-15,871,0.000000000
setA-15,872,0.000000000
setA-15,873,0.000000000
setA-15,874,0.000000000
setA-15,875,0.000000000
setA-15,876,0.000000000
setA-15,877,0.000000000
setA-15,878,0.000000000
setA-15,879,0.000000000
setA-15,880,0.000000000
setA-15,881,0.000000000
setA-15,882,0.000000000
setA-15,883,0.000000000
setA-15,884,0.000000000
setA-15,885,0.000000000
setA-15,886,0.000000000
setA-15,887,0.000000000
setA-15,888,0.000000000
setA-15,889,0.000000000
setA-15,890,0.000000000
setA-15,891,0.000000000
setA-15,892,0.000000000
setA-15,893,0.000000000
setA-15,894,0.000000000
setA-15,895,0.000000000
setA-15,896,0.000000000
setA-15,897,0.000000000
setA-15,898,0.000000000
setA-15,899,0.000000000
setA-15,900,0.000000000
setA-15,901,0.000000000
setA-15,902,0.000000000
setA-15,903,0.000000000
setA-15,904,0.000000000
setA-15,905,0.000000000
setA-15,906,0.000000000
setA-15,907,0.000000000
setA-15,908,0.000000000
setA-15,909,0.000000000
setA-15,910,0.000000000
setA-15,911,0.000000000
setA-15,912,0.000000000
setA-15,913,0.000000000
setA-15,914,0.000000000
setA-15,915,0.000000000
setA-15,916,0.000000000
setA-15,917,0.000000000
setA-15,918,0.000000000
setA-15,919,0.000000000
setA-15,920,0.000000000
setA-15,921,0.000000000
setA-15,922,0.000000000
setA-15,923,0.000000000
setA-15,924,0.000000000
setA-15,925,0.000000000
setA-15,926,0.000000000
setA-15,927,0.000000000
setA-15,928,0.000000000
setA-15,929,0.000000000
setA-15,930,0.000000000
setA-15,931,0.000000000
setA-15,932,0.000000000
setA-15,933,0.000000000
setA-15,934,0.000000000
setA-15,935,0.000000000
setA-15,936,0.000000000
setA-15,937,0.000000000
setA-15,938,0.000000000
setA-15,939,0.000000000
setA-15,940,0.000000000
setA-15,941,0.000000000
setA-15,942,0.000000000
setA-15,943,0.000000000
setA-15,944,0.000000000
setA-15,945,0.000000000
setA-15,946,0.000000000
setA-15,947,0.000000000
setA-15,948,0.000000000
setA-15,949,0.000000000
setA-15,950,0.000000000
setA-15,951,0.000000000
setA-15,952,0.000000000
setA-15,953,0.000000000
setA-15,954,0.000000000
setA-15,955,0.000000000
setA-15,956,0.000000000
setA-15,957,0.000000000
setA-15,958,0.000000000
setA-15,959,0.000000000
setA-15,960,0.000000000
setA-15,961,0.000000000
setA-15,962,0.000000000
setA-15,963,0.000000000
setA-15,964,0.000000000
setA-15,965,0.000000000
setA-15,966,0.000000000
setA-15,967,0.000000000
setA-15,968,0.000000000
setA-15,969,0.000000000
setA-15,970,0.000000000
setA-15,971,0.000000000
setA-15,972,0.000000000
setA-15,973,0.000000000
setA-15,974,0.000000000
setA-15,975,0.000000000
setA-15,976,0.000000000
setA-15,977,0.000000000
setA-15,978,0.000000000
setA-15,979,0.000000000
setA-15,980,0.000000000
setA-15,981,0.000000000
setA-15,982,0.000000000
setA-15,983,0.000000000
setA-15,984,0.000000000
setA-15,985,0.000000000
setA-15,986,0.000000000
setA-15,987,0.000000000
setA-15,988,0.000000000
setA-15,989,0.000000000
setA-15,990,0.000000000
setA-15,991,0.000000000
setA-15,992,0.000000000
setA-15,993,0.000000000
setA-15,994,0.000000000
setA-15,995,0.000000000
setA-15,996,0.000000000
setA-15,997,0.000000000
setA-15,998,0.000000000
setA-15,999,0.000000000
setA-15,1000,0.000000000
setA-15,1001,0.000000000
setA-15,1002,0.000000000
setA-15,1003,0.000000000
setA-15,1004,0.000000000
setA-15,1005,0.000000000
setA-15,1006,0.000000000
setA-15,1007,0.000000000
setA-15,1008,0.000000000
setA-15,1009,0.000000000
setA-15,1010,0.000000000
setA-15,1011,0.000000000
setA-15,1012,0.000000000
setA-15,1013,0.000000000
setA-15,1014,0.000000000
setA-15,1015,0.000000000
setA-15,1016,0.000000000
setA-15,1017,0.000000000
setA-15,1018,0.000000000
setA-15,1019,0.000000000
setA-15,1020,0.000000000
setA-15,1021,0.000000000
setA-15,1022,0.000000000
setA-15,1023,0.000000000
setA-15,1024,0.000000000
setA-15,1025,0.000000000
setA-15,1026,0.000000000
setA-15,1027,0.000000000
setA-15,1028,0.000000000
setA-15,1029,0.000000000
setA-15,1030,0.000000000
setA-15,1031,0.000000000
setA-15,1032,0.000000000
setA-15,1033,0.000000000
setA-15,1034,0.000000000
setA-15,1035,0.000000000
setA-15,1036,0.000000000
setA-15,1037,0.000000000
setA-15,1038,0.000000000
setA-15,1039,0.000000000
setA-15,1040,0.000000000
setA-15,1041,0.000000000
setA-15,1042,0.000000000
setA-15,1043,0.000000000
setA-15,1044,0.000000000
setA-15,1045,0.000000000
setA-15,1046,0.000000000
setA-15,1047,0.000000000
setA-15,1048,0.000000000
setA-15,1049,0.000000000
setA-15,1050,0.000000000
setA-15,1051,0.000000000
setA-15,1052,0.000000000
setA-15,1053,0.000000000
setA-15,1054,0.000000000
setA-15,1055,0.000000000
setA-15,1056,0.000000000
setA-15,1057,0.000000000
setA-15,1058,0.000000000
setA-15,1059,0.000000000
setA-15,1060,0.000000000
setA-15,1061,0.000000000
setA-15,1062,0.000000000
setA-15,1063,0.000000000
setA-15,1064,0.000000000
setA-15,1065,0.000000000
setA-15,1066,0.000000000
setA-15,1067,0.000000000
setA-15,1068,0.000000000
setA-15,1069,0.000000000
setA-15,1070,0.000000000
setA-15,1071,0.000000000
setA-15,1072,0.000000000
setA-15,1073,0.000000000
setA-15,1074,0.000000000
setA-15,1075,0.000000000
setA-15,1076,0.000000000
setA-15,1077,0.000000000
setA-15,1078,0.000000000
setA-15,1079,0.000000000
setA-15,1080,0.000000000
setA-15,1081,0.000000000
setA-15,1082,0.000000000
setA-15,1083,0.000000000
setA-15,1084,0.000000000
setA-15,1085,0.000000000
setA-15,1086,0.000000000
setA-15,1087,0.000000000
setA-15,1088,0.000000000
setA-15,1089,0.000000000
setA-15,1090,0.000000000
setA-15,1091,0.000000000
setA-15,1092,0.000000000
setA-15,1093,0.000000000
setA-15,1094,0.000000000
setA-15,1095,0.000000000
setA-15,1096,0.000000000
setA-15,1097,0.000000000
setA-15,1098,0.000000000
setA-15,1099,0.000000000
setA-15,1100,0.000000000
setA-15,1101,0.000000000
setA-15,1102,0.000000000
setA-15,1103,0.000000000
setA-15,1104,0.000000000
setA-15,1105,0.000000000
setA-15,1106,0.000000000
setA-15,1107,0.000000000
setA-15,1108,0.000000000
setA-15,1109,0.000000000
setA-15,1110,0.000000000
setA-15,1111,0.000000000
setA-15,1112,0.000000000
setA-15,1113,0.000000000
setA-15,1114,0.000000000
setA-15,1115,0.000000000
setA-15,1116,0.000000000
setA-15,1117,0.000000000
setA-15,1118,0.000000000
setA-15,1119,0.000000000
setA-15,1120,0.000000000
setA-15,1121,0.000000000
setA-15,1122,0.000000000
setA-15,1123,0.000000000
setA-15,1124,0.000000000
setA-15,1125,0.000000000
setA-15,1126,0.000000000
setA-15,1127,0.000000000
setA-15,1128,0.000000000
setA-15,1129,0.000000000
setA-15,1130,0.000000000
setA-15,1131,0.000000000
setA-15,1132,0.000000000
setA-15,1133,0.000000000
setA-15,1134,0.000000000
setA-15,1135,0.000000000
setA-15,1136,0.000000000
setA-15,1137,0.000000000
setA-15,1138,0.000000000
setA-15,1139,0.000000000
setA-15,1140,0.000000000
setA-15,1141,0.000000000
setA-15,1142,0.000000000
setA-15,1143,0.000000000
setA-15,1144,0.000000000
setA-15,1145,0.000000000
setA-15,1146,0.000000000
setA-15,1147,0.000000000
setA-15,1148,0.000000000
setA-15,1149,0.000000000
setA-15,1150,0.000000000
setA-15,1151,0.000000000
setA-15,1152,0.000000000
setA-15,1153,0.000000000
setA-15,1154,0.000000000
setA-15,1155,0.000000000
setA-15,1156,0.000000000
setA-15,1157,0.000000000
setA-15,1158,0.000000000
setA-15,1159,0.000000000
setA-15,1160,0.000000000
setA-15,1161,0.000000000
setA-15,1162,0.000000000
setA-15,1163,0.000000000
setA-15,1164,0.000000000
setA-15,1165,0.000000000
setA-15,1166,0.000000000
setA-15,1167,0.000000000
setA-15,1168,0.000000000
setA-15,1169,0.000000000
setA-15,1170,0.000000000
setA-15,1171,0.000000000
setA-15,1172,0.000000000
setA-15,1173,0.000000000
setA-15,1174,0.000000000
setA-15,1175,0.000000000
setA-15,1176,0.000000000
setA-15,1177,0.000000000
setA-15,1178,0.000000000
setA-15,1179,0.000000000
setA-15,1180,0.000000000
setA-15,1181,0.000000000
setA-15,1182,0.000000000
setA-15,1183,0.000000000
setA-15,1184,0.000000000
setA-15,1185,0.000000000
setA-15,1186,0.000000000
setA-15,1187,0.000000000
setA-15,1188,0.000000000
setA-15,1189,0.000000000
setA-15,1190,0.000000000
setA-15,1191,0.000000000
setA-15,1192,0.000000000
setA-15,1193,0.000000000
setA-15,1194,0.000000000
setA-15,1195,0.000000000
setA-15,1196,0.000000000
setA-15,1197,0.000000000
setA-15,1198,0.000000000
setA-15,1199,0.000000000
setA-15,1200,0.000000000
setA-15,1201,0.000000000
setA-15,1202,0.000000000
setA-15,1203,0.000000000
setA-15,1204,0.000000000
setA-15,1205,0.000000000
setA-15,1206,0.000000000
setA-15,1207,0.000000000
setA-15,1208,0.000000000
setA-15,1209,0.000000000
setA-15,1210,0.000000000
setA-15,1211,0.000000000
setA-15,1212,0.000000000
setA-15,1213,0.000000000
setA-15,1214,0.000000000
setA-15,1215,0.000000000
setA-15,1216,0.000000000
setA-15,1217,0.000000000
setA-15,1218,0.000000000
setA-15,1219,0.000000000
setA-15,1220,0.000000000
setA-15,1221,0.000000000
setA-15,1222,0.000000000
setA-15,1223,0.000000000
setA-15,1224,0.000000000
setA-15,1225,0.000000000
setA-15,1226,0.000000000
setA-15,1227,0.000000000
setA-15,1228,0.000000000
setA-15,1229,0.000000000
setA-15,1230,0.000000000
setA-15,1231,0.000000000
setA-15,1232,0.000000000
setA-15,1233,0.000000000
setA-15,1234,0.000000000
setA-15,1235,0.000000000
setA-15,1236,0.000000000
setA-15,1237,0.000000000
setA-15,1238,0.000000000
setA-15,1239,0.000000000
setA-15,1240,0.000000000
setA-15,1241,0.000000000
setA-15,1242,0.000000000
setA-15,1243,0.000000000
setA-15,1244,0.000000000
setA-15,1245,0.000000000
setA-15,1246,0.000000000
setA-15,1247,0.000000000
setA-15,1248,0.000000000
setA-15,1249,0.000000000
setA-15,1250,0.000000000
setA-16,1,0.999999700
setA-16,2,0.868852300
setA-16,3,0.790983500
setA-16,4,0.786885500
setA-16,5,0.758196300
setA-16,6,0.491803200
setA-16,7,0.487704900
setA-16,8,0.463114600
setA-16,9,0.369672060
setA-16,10,0.366803300
setA-16,11,0.361475340
setA-16,12,0.343442580
setA-16,13,0.315573900
setA-16,14,0.314754080
setA-16,15,0.312704820
setA-16,16,0.300409780
setA-16,17,0.280327850
setA-16,18,0.258196650
setA-16,19,0.254918000
setA-16,20,0.248770410
setA-16,21,0.241803300
setA-16,22,0.221311400
setA-16,23,0.213114700
setA-16,24,0.206557350
setA-16,25,0.204918100
setA-16,26,0.204917900
setA-16,27,0.201229490
setA-16,28,0.199590130
setA-16,29,0.194672090
setA-16,30,0.186782760
setA-16,31,0.181147500
setA-16,32,0.181147460
setA-16,33,0.180737660
setA-16,34,0.180635227
setA-16,35,0.179508140
setA-16,36,0.177868800
setA-16,37,0.175204890
setA-16,38,0.172131150
setA-16,39,0.168032700
setA-16,40,0.167622930
setA-16,41,0.166393410
setA-16,42,0.165573780
setA-16,43,0.154918030
setA-16,44,0.154917980
setA-16,45,0.154098320
setA-16,46,0.152663925
setA-16,47,0.144262280
setA-16,48,0.140163900
setA-16,49,0.138524600
setA-16,50,0.137704870
setA-16,51,0.133196690
setA-16,52,0.129508220
setA-16,53,0.127049200
setA-16,54,0.120081960
setA-16,55,0.118852460
setA-16,56,0.118032780
setA-16,57,0.116393400
setA-16,58,0.113524570
setA-16,59,0.112704870
setA-16,60,0.111885230
setA-16,61,0.110245920
setA-16,62,0.110245860
setA-16,63,0.109836060
setA-16,64,0.109836020
setA-16,65,0.108606550
setA-16,66,0.106967200
setA-16,67,0.105737695
setA-16,68,0.103278680
setA-16,69,0.102459000
setA-16,70,0.099999920
setA-16,71,0.099180330
setA-16,72,0.098524578
setA-16,73,0.097950790
setA-16,74,0.095901605
setA-16,75,0.095081953
setA-16,76,0.094262260
setA-16,77,0.093032780
setA-16,78,0.091393435
setA-16,79,0.090163900
setA-16,80,0.089590155
setA-16,81,0.086885200
setA-16,82,0.084426190
setA-16,83,0.083401630
setA-16,84,0.082889327
setA-16,85,0.082786880
setA-16,86,0.078688530
setA-16,87,0.076639350
setA-16,88,0.076393428
setA-16,89,0.076229480
setA-16,90,0.076229480
setA-16,91,0.076024575
setA-16,92,0.075614740
setA-16,93,0.073770510
setA-16,94,0.073770500
setA-16,95,0.073770500
setA-16,96,0.073196712
setA-16,97,0.072950820
setA-16,98,0.072540930
setA-16,99,0.071311470
setA-16,100,0.070901660
setA-16,101,0.070491840
setA-16,102,0.070286865
setA-16,103,0.069467210
setA-16,104,0.068442610
setA-16,105,0.068032800
setA-16,106,0.066803265
setA-16,107,0.066393440
setA-16,108,0.065983588
setA-16,109,0.065655728
setA-16,110,0.065573800
setA-16,111,0.065368846
setA-16,112,0.063934408
setA-16,113,0.063729490
setA-16,114,0.062295070
setA-16,115,0.062295070
setA-16,116,0.061475410
setA-16,117,0.061475380
setA-16,118,0.061372935
setA-16,119,0.060655760
setA-16,120,0.059016380
setA-16,121,0.057786850
setA-16,122,0.057377050
setA-16,123,0.057377035
setA-16,124,0.056147520
setA-16,125,0.055532783
setA-16,126,0.055327840
setA-16,127,0.054303268
setA-16,128,0.054098355
setA-16,129,0.053483590
setA-16,130,0.052049175
setA-16,131,0.051639360
setA-16,132,0.051639340
setA-16,133,0.051536872
setA-16,134,0.051536870
setA-16,135,0.051024580
setA-16,136,0.050512293
setA-16,137,0.050512285
setA-16,138,0.050409830
setA-16,139,0.049999990
setA-16,140,0.049590145
setA-16,141,0.049385235
setA-16,142,0.049180330
setA-16,143,0.049180325
setA-16,144,0.049180300
setA-16,145,0.048872955
setA-16,146,0.048770475
setA-16,147,0.047950795
setA-16,148,0.047336058
setA-16,149,0.046926233
setA-16,150,0.046106550
setA-16,151,0.046106540
setA-16,152,0.045901640
setA-16,153,0.045901620
setA-16,154,0.045778682
setA-16,155,0.045696714
setA-16,156,0.045573763
setA-16,157,0.045368840
setA-16,158,0.045081960
setA-16,159,0.044959014
setA-16,160,0.044877045
setA-16,161,0.044262300
setA-16,162,0.043954915
setA-16,163,0.043647538
setA-16,164,0.043032800
setA-16,165,0.043032780
setA-16,166,0.042622960
setA-16,167,0.042090153
setA-16,168,0.041803280
setA-16,169,0.041803270
setA-16,170,0.041803260
setA-16,171,0.040983600
setA-16,172,0.040778680
setA-16,173,0.040778680
setA-16,174,0.040778680
setA-16,175,0.040778675
setA-16,176,0.040573770
setA-16,177,0.040471295
setA-16,178,0.040163940
setA-16,179,0.040163920
setA-16,180,0.039754100
setA-16,181,0.039754095
setA-16,182,0.039549177
setA-16,183,0.039344280
setA-16,184,0.039344260
setA-16,185,0.039344240
setA-16,186,0.039344220
setA-16,187,0.038934410
setA-16,188,0.038524590
setA-16,189,0.038524590
setA-16,190,0.038319657
setA-16,191,0.038114740
setA-16,192,0.037622944
setA-16,193,0.037500003
setA-16,194,0.037295090
setA-16,195,0.037295060
setA-16,196,0.037295060
setA-16,197,0.037213111
setA-16,198,0.037049177
setA-16,199,0.036680315
setA-16,200,0.036577855
setA-16,201,0.036475410
setA-16,202,0.036168015
setA-16,203,0.035901634
setA-16,204,0.035860650
setA-16,205,0.035450815
setA-16,206,0.035245885
setA-16,207,0.034426225
setA-16,208,0.034426210
setA-16,209,0.034426200
setA-16,210,0.034303273
setA-16,211,0.034016395
setA-16,212,0.034016390
setA-16,213,0.033811463
setA-16,214,0.033606540
setA-16,215,0.033401625
setA-16,216,0.032786890
setA-16,217,0.032581955
setA-16,218,0.031967200
setA-16,219,0.031762280
setA-16,220,0.031762280
setA-16,221,0.031721307
setA-16,222,0.031311473
setA-16,223,0.031147540
setA-16,224,0.030430328
setA-16,225,0.030327860
setA-16,226,0.030327850
setA-16,227,0.030122951
setA-16,228,0.029918025
setA-16,229,0.029918025
setA-16,230,0.029815563
setA-16,231,0.029713125
setA-16,232,0.029713113
setA-16,233,0.029508170
setA-16,234,0.029303275
setA-16,235,0.029262291
setA-16,236,0.028995892
setA-16,237,0.028893435
setA-16,238,0.028688530
setA-16,239,0.028688530
setA-16,240,0.028688520
setA-16,241,0.028688520
setA-16,242,0.028688520
setA-16,243,0.028483604
setA-16,244,0.028073770
setA-16,245,0.027868870
setA-16,246,0.027868870
setA-16,247,0.027868860
setA-16,248,0.027868840
setA-16,249,0.027868840
setA-16,250,0.027868820
setA-16,251,0.027704915
setA-16,252,0.027459010
setA-16,253,0.027459000
setA-16,254,0.027254095
setA-16,255,0.027049190
setA-16,256,0.027049180
setA-16,257,0.027049180
setA-16,258,0.027049180
setA-16,259,0.027049180
setA-16,260,0.027049170
setA-16,261,0.026967210
setA-16,262,0.026946710
setA-16,263,0.026762285
setA-16,264,0.026393432
setA-16,265,0.026229510
setA-16,266,0.026229490
setA-16,267,0.025614752
setA-16,268,0.025614749
setA-16,269,0.025614747
setA-16,270,0.025409840
setA-16,271,0.025409830
setA-16,272,0.025286879
setA-16,273,0.025204915
setA-16,274,0.025204910
setA-16,275,0.024672129
setA-16,276,0.024590180
setA-16,277,0.024590160
setA-16,278,0.024590160
setA-16,279,0.023975405
setA-16,280,0.023934424
setA-16,281,0.023852456
setA-16,282,0.023770490
setA-16,283,0.023770490
setA-16,284,0.023770490
setA-16,285,0.023770480
setA-16,286,0.023647533
setA-16,287,0.023360660
setA-16,288,0.023360653
setA-16,289,0.023360650
setA-16,290,0.022950810
setA-16,291,0.022786880
setA-16,292,0.022745890
setA-16,293,0.022622948
setA-16,294,0.022540983
setA-16,295,0.022131150
setA-16,296,0.022131140
setA-16,297,0.021926226
setA-16,298,0.021721320
setA-16,299,0.021639343
setA-16,300,0.021577869
setA-16,301,0.021516390
setA-16,302,0.021311470
setA-16,303,0.021311460
setA-16,304,0.021106560
setA-16,305,0.021106557
setA-16,306,0.021106555
setA-16,307,0.021106540
setA-16,308,0.021065567
setA-16,309,0.021024587
setA-16,310,0.020901630
setA-16,311,0.020778683
setA-16,312,0.020696730
setA-16,313,0.020696725
setA-16,314,0.020696715
setA-16,315,0.020594255
setA-16,316,0.020491800
setA-16,317,0.020491800
setA-16,318,0.020491800
setA-16,319,0.020491800
setA-16,320,0.020491800
setA-16,321,0.020491790
setA-16,322,0.020286875
setA-16,323,0.020122946
setA-16,324,0.020081962
setA-16,325,0.020081960
setA-16,326,0.020081960
setA-16,327,0.020081950
setA-16,328,0.020040983
setA-16,329,0.019877045
setA-16,330,0.019774590
setA-16,331,0.019774585
setA-16,332,0.019672120
setA-16,333,0.019672120
setA-16,334,0.019467205
setA-16,335,0.019364753
setA-16,336,0.019303271
setA-16,337,0.019262300
setA-16,338,0.019262290
setA-16,339,0.018852465
setA-16,340,0.018852455
setA-16,341,0.018852450
setA-16,342,0.018852450
setA-16,343,0.018770487
setA-16,344,0.018749998
setA-16,345,0.018647540
setA-16,346,0.018647535
setA-16,347,0.018442620
setA-16,348,0.018442600
setA-16,349,0.018340168
setA-16,350,0.018340162
setA-16,351,0.018196718
setA-16,352,0.018032790
setA-16,353,0.018032783
setA-16,354,0.018032780
setA-16,355,0.018032770
setA-16,356,0.017909833
setA-16,357,0.017622955
setA-16,358,0.017622950
setA-16,359,0.017622950
setA-16,360,0.017622950
setA-16,361,0.017418035
setA-16,362,0.017418028
setA-16,363,0.017418020
setA-16,364,0.017008200
setA-16,365,0.017008195
setA-16,366,0.017008190
setA-16,367,0.016926226
setA-16,368,0.016803270
setA-16,369,0.016803270
setA-16,370,0.016700813
setA-16,371,0.016598350
setA-16,372,0.016516385
setA-16,373,0.016495895
setA-16,374,0.016393450
setA-16,375,0.016393450
setA-16,376,0.016393440
setA-16,377,0.016393440
setA-16,378,0.016393400
setA-16,379,0.016352455
setA-16,380,0.016290975
setA-16,381,0.016229506
setA-16,382,0.016188520
setA-16,383,0.016188515
setA-16,384,0.015983600
setA-16,385,0.015983600
setA-16,386,0.015860651
setA-16,387,0.015819671
setA-16,388,0.015778680
setA-16,389,0.015696721
setA-16,390,0.015655734
setA-16,391,0.015573780
setA-16,392,0.015573770
setA-16,393,0.015532783
setA-16,394,0.015471308
setA-16,395,0.015368850
setA-16,396,0.015368845
setA-16,397,0.015163935
setA-16,398,0.014959015
setA-16,399,0.014959015
setA-16,400,0.014959010
setA-16,401,0.014918029
setA-16,402,0.014877045
setA-16,403,0.014877045
setA-16,404,0.014856555
setA-16,405,0.014754100
setA-16,406,0.014754100
setA-16,407,0.014754090
setA-16,408,0.014754080
setA-16,409,0.014590160
setA-16,410,0.014549177
setA-16,411,0.014549175
setA-16,412,0.014508198
setA-16,413,0.014426226
setA-16,414,0.014344260
setA-16,415,0.014241795
setA-16,416,0.014139345
setA-16,417,0.014139340
setA-16,418,0.014139340
setA-16,419,0.014139340
setA-16,420,0.014139335
setA-16,421,0.014139335
setA-16,422,0.014057373
setA-16,423,0.014036885
setA-16,424,0.013934435
setA-16,425,0.013934425
setA-16,426,0.013934425
setA-16,427,0.013934425
setA-16,428,0.013934420
setA-16,429,0.013770491
setA-16,430,0.013565572
setA-16,431,0.013524590
setA-16,432,0.013524590
setA-16,433,0.013524590
setA-16,434,0.013524590
setA-16,435,0.013524585
setA-16,436,0.013524585
setA-16,437,0.013483602
setA-16,438,0.013442620
setA-16,439,0.013319672
setA-16,440,0.013319670
setA-16,441,0.013319665
setA-16,442,0.013217210
setA-16,443,0.013114760
setA-16,444,0.013114760
setA-16,445,0.013114755
setA-16,446,0.013114753
setA-16,447,0.013012293
setA-16,448,0.012950815
setA-16,449,0.012909840
setA-16,450,0.012909831
setA-16,451,0.012909830
setA-16,452,0.012704920
setA-16,453,0.012704913
setA-16,454,0.012500005
setA-16,455,0.012500000
setA-16,456,0.012479507
setA-16,457,0.012377048
setA-16,458,0.012377046
setA-16,459,0.012336058
setA-16,460,0.012295085
setA-16,461,0.012295080
setA-16,462,0.012295080
setA-16,463,0.012295080
setA-16,464,0.012295080
setA-16,465,0.012172130
setA-16,466,0.011967211
setA-16,467,0.011885255
setA-16,468,0.011885248
setA-16,469,0.011885245
setA-16,470,0.011885240
setA-16,471,0.011782785
setA-16,472,0.011762293
setA-16,473,0.011577873
setA-16,474,0.011475405
setA-16,475,0.011475400
setA-16,476,0.011475400
setA-16,477,0.011434422
setA-16,478,0.011372953
setA-16,479,0.011331964
setA-16,480,0.011270490
setA-16,481,0.011270489
setA-16,482,0.011229505
setA-16,483,0.011188520
setA-16,484,0.011168030
setA-16,485,0.011065575
setA-16,486,0.011065575
setA-16,487,0.011065571
setA-16,488,0.011065570
setA-16,489,0.011065570
setA-16,490,0.011065570
setA-16,491,0.011065569
setA-16,492,0.011004097
setA-16,493,0.010942620
setA-16,494,0.010860655
setA-16,495,0.010860655
setA-16,496,0.010860650
setA-16,497,0.010778688
setA-16,498,0.010778684
setA-16,499,0.010758198
setA-16,500,0.010655740
setA-16,501,0.010655735
setA-16,502,0.010491802
setA-16,503,0.010450820
setA-16,504,0.010348360
setA-16,505,0.010327867
setA-16,506,0.010245905
setA-16,507,0.010245895
setA-16,508,0.010143442
setA-16,509,0.010143437
setA-16,510,0.010040985
setA-16,511,0.010040982
setA-16,512,0.010040982
setA-16,513,0.010000001
setA-16,514,0.009959011
setA-16,515,0.009938528
setA-16,516,0.009877045
setA-16,517,0.009856558
setA-16,518,0.009836070
setA-16,519,0.009836065
setA-16,520,0.009836060
setA-16,521,0.009836060
setA-16,522,0.009836060
setA-16,523,0.009713115
setA-16,524,0.009713112
setA-16,525,0.009651638
setA-16,526,0.009631150
setA-16,527,0.009631150
setA-16,528,0.009631145
setA-16,529,0.009631144
setA-16,530,0.009631143
setA-16,531,0.009631140
setA-16,532,0.009590163
setA-16,533,0.009528688
setA-16,534,0.009528685
setA-16,535,0.009467209
setA-16,536,0.009426227
setA-16,537,0.009426225
setA-16,538,0.009426220
setA-16,539,0.009385245
setA-16,540,0.009323773
setA-16,541,0.009221315
setA-16,542,0.009221315
setA-16,543,0.009221310
setA-16,544,0.009221310
setA-16,545,0.009221307
setA-16,546,0.009221307
setA-16,547,0.009139343
setA-16,548,0.009139342
setA-16,549,0.009139341
setA-16,550,0.009118853
setA-16,551,0.009118850
setA-16,552,0.009118850
setA-16,553,0.009057376
setA-16,554,0.009016400
setA-16,555,0.009016400
setA-16,556,0.009016393
setA-16,557,0.009016390
setA-16,558,0.009016390
setA-16,559,0.008913933
setA-16,560,0.008913930
setA-16,561,0.008852458
setA-16,562,0.008811475
setA-16,563,0.008811473
setA-16,564,0.008770488
setA-16,565,0.008729509
setA-16,566,0.008729509
setA-16,567,0.008709020
setA-16,568,0.008709017
setA-16,569,0.008606560
setA-16,570,0.008606550
setA-16,571,0.008586064
setA-16,572,0.008565574
setA-16,573,0.008524588
setA-16,574,0.008524587
setA-16,575,0.008504098
setA-16,576,0.008504092
setA-16,577,0.008483607
setA-16,578,0.008401640
setA-16,579,0.008401635
setA-16,580,0.008360655
setA-16,581,0.008278687
setA-16,582,0.008196723
setA-16,583,0.008196720
setA-16,584,0.008196720
setA-16,585,0.008196719
setA-16,586,0.008155736
setA-16,587,0.008155736
setA-16,588,0.008094263
setA-16,589,0.008094263
setA-16,590,0.008094260
setA-16,591,0.008032785
setA-16,592,0.007991800
setA-16,593,0.007991800
setA-16,594,0.007848361
setA-16,595,0.007827870
setA-16,596,0.007786890
setA-16,597,0.007786885
setA-16,598,0.007786885
setA-16,599,0.007786885
setA-16,600,0.007786885
setA-16,601,0.007786885
setA-16,602,0.007786880
setA-16,603,0.007745901
setA-16,604,0.007684425
setA-16,605,0.007684423
setA-16,606,0.007684423
setA-16,607,0.007684422
setA-16,608,0.007663933
setA-16,609,0.007622949
setA-16,610,0.007581967
setA-16,611,0.007581967
setA-16,612,0.007581965
setA-16,613,0.007581964
setA-16,614,0.007499998
setA-16,615,0.007459017
setA-16,616,0.007459016
setA-16,617,0.007459013
setA-16,618,0.007377050
setA-16,619,0.007377050
setA-16,620,0.007377050
setA-16,621,0.007377049
setA-16,622,0.007377049
setA-16,623,0.007377048
setA-16,624,0.007377048
setA-16,625,0.007377045
setA-16,626,0.007377042
setA-16,627,0.007377040
setA-16,628,0.007295080
setA-16,629,0.007233606
setA-16,630,0.007213111
setA-16,631,0.007172127
setA-16,632,0.007151638
setA-16,633,0.007131145
setA-16,634,0.007049179
setA-16,635,0.006967215
setA-16,636,0.006967215
setA-16,637,0.006967210
setA-16,638,0.006967210
setA-16,639,0.006885243
setA-16,640,0.006885242
setA-16,641,0.006762295
setA-16,642,0.006762295
setA-16,643,0.006762295
setA-16,644,0.006762295
setA-16,645,0.006762295
setA-16,646,0.006762295
setA-16,647,0.006700819
setA-16,648,0.006680329
setA-16,649,0.006680327
setA-16,650,0.006659833
setA-16,651,0.006598359
setA-16,652,0.006557380
setA-16,653,0.006557380
setA-16,654,0.006557377
setA-16,655,0.006557360
setA-16,656,0.006454915
setA-16,657,0.006434425
setA-16,658,0.006434425
setA-16,659,0.006434425
setA-16,660,0.006434425
setA-16,661,0.006352458
setA-16,662,0.006352455
setA-16,663,0.006352455
setA-16,664,0.006331966
setA-16,665,0.006331965
setA-16,666,0.006311474
setA-16,667,0.006311474
setA-16,668,0.006311474
setA-16,669,0.006249997
setA-16,670,0.006229507
setA-16,671,0.006188523
setA-16,672,0.006147541
setA-16,673,0.006147540
setA-16,674,0.006147540
setA-16,675,0.006147539
setA-16,676,0.006127049
setA-16,677,0.006045077
setA-16,678,0.006024591
setA-16,679,0.005983606
setA-16,680,0.005983603
setA-16,681,0.005942625
setA-16,682,0.005942623
setA-16,683,0.005942623
setA-16,684,0.005942623
setA-16,685,0.005942620
setA-16,686,0.005819671
setA-16,687,0.005778689
setA-16,688,0.005778685
setA-16,689,0.005737705
setA-16,690,0.005737705
setA-16,691,0.005737703
setA-16,692,0.005737703
setA-16,693,0.005737702
setA-16,694,0.005737702
setA-16,695,0.005655737
setA-16,696,0.005655737
setA-16,697,0.005635242
setA-16,698,0.005614753
setA-16,699,0.005553279
setA-16,700,0.005532787
setA-16,701,0.005532785
setA-16,702,0.005491805
setA-16,703,0.005491801
setA-16,704,0.005471312
setA-16,705,0.005471311
setA-16,706,0.005409836
setA-16,707,0.005409834
setA-16,708,0.005409834
setA-16,709,0.005368852
setA-16,710,0.005327870
setA-16,711,0.005286883
setA-16,712,0.005225410
setA-16,713,0.005204918
setA-16,714,0.005143441
setA-16,715,0.005122949
setA-16,716,0.005122945
setA-16,717,0.005081967
setA-16,718,0.005081967
setA-16,719,0.005081965
setA-16,720,0.005081965
setA-16,721,0.005040983
setA-16,722,0.005020493
setA-16,723,0.005020493
setA-16,724,0.005020490
setA-16,725,0.005020488
setA-16,726,0.004979505
setA-16,727,0.004959015
setA-16,728,0.004918040
setA-16,729,0.004918040
setA-16,730,0.004918040
setA-16,731,0.004918033
setA-16,732,0.004918031
setA-16,733,0.004918030
setA-16,734,0.004918030
setA-16,735,0.004918030
setA-16,736,0.004918030
setA-16,737,0.004918030
setA-16,738,0.004877049
setA-16,739,0.004836063
setA-16,740,0.004795082
setA-16,741,0.004754099
setA-16,742,0.004754098
setA-16,743,0.004754097
setA-16,744,0.004754097
setA-16,745,0.004733605
setA-16,746,0.004713115
setA-16,747,0.004713115
setA-16,748,0.004713115
setA-16,749,0.004713115
setA-16,750,0.004713115
setA-16,751,0.004713113
setA-16,752,0.004713112
setA-16,753,0.004672129
setA-16,754,0.004631147
setA-16,755,0.004631145
setA-16,756,0.004610655
setA-16,757,0.004610655
setA-16,758,0.004549179
setA-16,759,0.004508200
setA-16,760,0.004508200
setA-16,761,0.004508200
setA-16,762,0.004508196
setA-16,763,0.004508195
setA-16,764,0.004508195
setA-16,765,0.004487703
setA-16,766,0.004467214
setA-16,767,0.004426229
setA-16,768,0.004405738
setA-16,769,0.004405735
setA-16,770,0.004405735
setA-16,771,0.004405735
setA-16,772,0.004385246
setA-16,773,0.004385246
setA-16,774,0.004344263
setA-16,775,0.004344262
setA-16,776,0.004303280
setA-16,777,0.004303280
setA-16,778,0.004303279
setA-16,779,0.004303278
setA-16,780,0.004303276
setA-16,781,0.004262295
setA-16,782,0.004262294
setA-16,783,0.004262294
setA-16,784,0.004221311
setA-16,785,0.004200820
setA-16,786,0.004200818
setA-16,787,0.004180328
setA-16,788,0.004159837
setA-16,789,0.004139343
setA-16,790,0.004098365
setA-16,791,0.004098362
setA-16,792,0.004098361
setA-16,793,0.004098360
setA-16,794,0.004098360
setA-16,795,0.004098360
setA-16,796,0.004098360
setA-16,797,0.004098360
setA-16,798,0.004098360
setA-16,799,0.004098360
setA-16,800,0.004098360
setA-16,801,0.004098358
setA-16,802,0.004057377
setA-16,803,0.004016392
setA-16,804,0.003995900
setA-16,805,0.003975409
setA-16,806,0.003975408
setA-16,807,0.003954916
setA-16,808,0.003934428
setA-16,809,0.003934425
setA-16,810,0.003893445
setA-16,811,0.003893445
setA-16,812,0.003893444
setA-16,813,0.003893442
setA-16,814,0.003893442
setA-16,815,0.003893440
setA-16,816,0.003893440
setA-16,817,0.003893440
setA-16,818,0.003852461
setA-16,819,0.003790983
setA-16,820,0.003729508
setA-16,821,0.003709016
setA-16,822,0.003709016
setA-16,823,0.003688525
setA-16,824,0.003688525
setA-16,825,0.003688525
setA-16,826,0.003688520
setA-16,827,0.003688520
setA-16,828,0.003688520
setA-16,829,0.003647541
setA-16,830,0.003647541
setA-16,831,0.003586065
setA-16,832,0.003586062
setA-16,833,0.003586062
setA-16,834,0.003565574
setA-16,835,0.003565573
setA-16,836,0.003565573
setA-16,837,0.003565571
setA-16,838,0.003524590
setA-16,839,0.003524589
setA-16,840,0.003483608
setA-16,841,0.003483606
setA-16,842,0.003483605
setA-16,843,0.003401638
setA-16,844,0.003381148
setA-16,845,0.003381148
setA-16,846,0.003381145
setA-16,847,0.003319672
setA-16,848,0.003319669
setA-16,849,0.003278690
setA-16,850,0.003278690
setA-16,851,0.003278690
setA-16,852,0.003278688
setA-16,853,0.003278688
setA-16,854,0.003278687
setA-16,855,0.003278685
setA-16,856,0.003278685
setA-16,857,0.003278680
setA-16,858,0.003278680
setA-16,859,0.003258198
setA-16,860,0.003237705
setA-16,861,0.003237703
setA-16,862,0.003237702
setA-16,863,0.003176231
setA-16,864,0.003176230
setA-16,865,0.003155738
setA-16,866,0.003155737
setA-16,867,0.003155737
setA-16,868,0.003155735
setA-16,869,0.003114753
setA-16,870,0.003073772
setA-16,871,0.003073770
setA-16,872,0.003073770
setA-16,873,0.003073770
setA-16,874,0.003073768
setA-16,875,0.003073768
setA-16,876,0.003073767
setA-16,877,0.003032787
setA-16,878,0.003032786
setA-16,879,0.002991803
setA-16,880,0.002991800
setA-16,881,0.002971312
setA-16,882,0.002971308
setA-16,883,0.002950820
setA-16,884,0.002950819
setA-16,885,0.002909836
setA-16,886,0.002889344
setA-16,887,0.002868855
setA-16,888,0.002868855
setA-16,889,0.002868853
setA-16,890,0.002868853
setA-16,891,0.002868853
setA-16,892,0.002868853
setA-16,893,0.002868853
setA-16,894,0.002868853
setA-16,895,0.002868852
setA-16,896,0.002868850
setA-16,897,0.002868850
setA-16,898,0.002868850
setA-16,899,0.002827869
setA-16,900,0.002827867
setA-16,901,0.002807376
setA-16,902,0.002786886
setA-16,903,0.002766395
setA-16,904,0.002766393
setA-16,905,0.002745901
setA-16,906,0.002704918
setA-16,907,0.002704918
setA-16,908,0.002704918
setA-16,909,0.002704917
setA-16,910,0.002684426
setA-16,911,0.002684426
setA-16,912,0.002663935
setA-16,913,0.002663935
setA-16,914,0.002663935
setA-16,915,0.002663934
setA-16,916,0.002663933
setA-16,917,0.002663933
setA-16,918,0.002663933
setA-16,919,0.002663933
setA-16,920,0.002622952
setA-16,921,0.002622950
setA-16,922,0.002622950
setA-16,923,0.002581967
setA-16,924,0.002561476
setA-16,925,0.002561475
setA-16,926,0.002500000
setA-16,927,0.002500000
setA-16,928,0.002459020
setA-16,929,0.002459018
setA-16,930,0.002459017
setA-16,931,0.002459016
setA-16,932,0.002459015
setA-16,933,0.002459015
setA-16,934,0.002459015
setA-16,935,0.002459015
setA-16,936,0.002459015
setA-16,937,0.002459015
setA-16,938,0.002459014
setA-16,939,0.002418033
setA-16,940,0.002377050
setA-16,941,0.002377048
setA-16,942,0.002377048
setA-16,943,0.002356558
setA-16,944,0.002336065
setA-16,945,0.002336065
setA-16,946,0.002336064
setA-16,947,0.002295082
setA-16,948,0.002295081
setA-16,949,0.002254100
setA-16,950,0.002254099
setA-16,951,0.002254099
setA-16,952,0.002254098
setA-16,953,0.002254098
setA-16,954,0.002254097
setA-16,955,0.002233607
setA-16,956,0.002213115
setA-16,957,0.002213113
setA-16,958,0.002172132
setA-16,959,0.002172130
setA-16,960,0.002151640
setA-16,961,0.002151640
setA-16,962,0.002151637
setA-16,963,0.002131148
setA-16,964,0.002131147
setA-16,965,0.002090164
setA-16,966,0.002090163
setA-16,967,0.002090163
setA-16,968,0.002069672
setA-16,969,0.002049180
setA-16,970,0.002049180
setA-16,971,0.002049180
setA-16,972,0.002049180
setA-16,973,0.002049180
setA-16,974,0.002049180
setA-16,975,0.002049180
setA-16,976,0.002049180
setA-16,977,0.002049180
setA-16,978,0.002049177
setA-16,979,0.002028688
setA-16,980,0.002008196
setA-16,981,0.002008195
setA-16,982,0.001967213
setA-16,983,0.001946723
setA-16,984,0.001946722
setA-16,985,0.001926229
setA-16,986,0.001905736
setA-16,987,0.001885246
setA-16,988,0.001885245
setA-16,989,0.001864753
setA-16,990,0.001864753
setA-16,991,0.001844265
setA-16,992,0.001844264
setA-16,993,0.001844262
setA-16,994,0.001844262
setA-16,995,0.001844262
setA-16,996,0.001844262
setA-16,997,0.001844261
setA-16,998,0.001844261
setA-16,999,0.001844260
setA-16,1000,0.001844260
setA-16,1001,0.001844260
setA-16,1002,0.001803277
setA-16,1003,0.001762295
setA-16,1004,0.001762295
setA-16,1005,0.001762295
setA-16,1006,0.001762295
setA-16,1007,0.001741805
setA-16,1008,0.001741803
setA-16,1009,0.001741802
setA-16,1010,0.001741802
setA-16,1011,0.001721311
setA-16,1012,0.001721311
setA-16,1013,0.001721310
setA-16,1014,0.001700819
setA-16,1015,0.001700819
setA-16,1016,0.001680327
setA-16,1017,0.001680327
setA-16,1018,0.001680326
setA-16,1019,0.001639345
setA-16,1020,0.001639345
setA-16,1021,0.001639345
setA-16,1022,0.001639345
setA-16,1023,0.001639344
setA-16,1024,0.001639344
setA-16,1025,0.001639344
setA-16,1026,0.001639344
setA-16,1027,0.001639342
setA-16,1028,0.001639342
setA-16,1029,0.001639342
setA-16,1030,0.001639342
setA-16,1031,0.001639340
setA-16,1032,0.001618852
setA-16,1033,0.001598360
setA-16,1034,0.001557378
setA-16,1035,0.001557377
setA-16,1036,0.001557377
setA-16,1037,0.001536885
setA-16,1038,0.001536885
setA-16,1039,0.001536885
setA-16,1040,0.001516393
setA-16,1041,0.001516393
setA-16,1042,0.001495901
setA-16,1043,0.001475410
setA-16,1044,0.001475410
setA-16,1045,0.001475409
setA-16,1046,0.001475408
setA-16,1047,0.001434428
setA-16,1048,0.001434428
setA-16,1049,0.001434428
setA-16,1050,0.001434426
setA-16,1051,0.001434425
setA-16,1052,0.001434425
setA-16,1053,0.001434425
setA-16,1054,0.001434425
setA-16,1055,0.001393443
setA-16,1056,0.001372951
setA-16,1057,0.001352460
setA-16,1058,0.001352459
setA-16,1059,0.001352458
setA-16,1060,0.001352458
setA-16,1061,0.001352458
setA-16,1062,0.001331968
setA-16,1063,0.001331968
setA-16,1064,0.001331967
setA-16,1065,0.001331965
setA-16,1066,0.001331965
setA-16,1067,0.001331965
setA-16,1068,0.001311475
setA-16,1069,0.001270492
setA-16,1070,0.001270492
setA-16,1071,0.001250000
setA-16,1072,0.001250000
setA-16,1073,0.001229510
setA-16,1074,0.001229510
setA-16,1075,0.001229510
setA-16,1076,0.001229510
setA-16,1077,0.001229509
setA-16,1078,0.001229508
setA-16,1079,0.001229508
setA-16,1080,0.001229508
setA-16,1081,0.001209016
setA-16,1082,0.001188525
setA-16,1083,0.001147541
setA-16,1084,0.001147541
setA-16,1085,0.001147540
setA-16,1086,0.001127050
setA-16,1087,0.001127049
setA-16,1088,0.001106557
setA-16,1089,0.001106557
setA-16,1090,0.001106557
setA-16,1091,0.001106557
setA-16,1092,0.001106557
setA-16,1093,0.001086065
setA-16,1094,0.001086065
setA-16,1095,0.001086065
setA-16,1096,0.001065574
setA-16,1097,0.001065574
setA-16,1098,0.001065574
setA-16,1099,0.001065573
setA-16,1100,0.001065573
setA-16,1101,0.001045082
setA-16,1102,0.001024590
setA-16,1103,0.001024590
setA-16,1104,0.001024590
setA-16,1105,0.001024590
setA-16,1106,0.001024590
setA-16,1107,0.001024590
setA-16,1108,0.001024590
setA-16,1109,0.001024590
setA-16,1110,0.001024590
setA-16,1111,0.001024590
setA-16,1112,0.001024590
setA-16,1113,0.001024589
setA-16,1114,0.001024589
setA-16,1115,0.001004099
setA-16,1116,0.000983607
setA-16,1117,0.000983606
setA-16,1118,0.000983606
setA-16,1119,0.000963115
setA-16,1120,0.000963114
setA-16,1121,0.000942624
setA-16,1122,0.000942624
setA-16,1123,0.000922130
setA-16,1124,0.000922130
setA-16,1125,0.000922130
setA-16,1126,0.000922130
setA-16,1127,0.000922130
setA-16,1128,0.000922130
setA-16,1129,0.000901639
setA-16,1130,0.000901639
setA-16,1131,0.000901639
setA-16,1132,0.000901638
setA-16,1133,0.000881148
setA-16,1134,0.000881148
setA-16,1135,0.000881147
setA-16,1136,0.000860656
setA-16,1137,0.000860656
setA-16,1138,0.000840164
setA-16,1139,0.000819673
setA-16,1140,0.000819673
setA-16,1141,0.000819673
setA-16,1142,0.000819672
setA-16,1143,0.000819672
setA-16,1144,0.000819672
setA-16,1145,0.000819672
setA-16,1146,0.000819670
setA-16,1147,0.000819670
setA-16,1148,0.000819670
setA-16,1149,0.000778689
setA-16,1150,0.000778688
setA-16,1151,0.000778688
setA-16,1152,0.000758196
setA-16,1153,0.000737705
setA-16,1154,0.000717215
setA-16,1155,0.000717213
setA-16,1156,0.000717212
setA-16,1157,0.000696721
setA-16,1158,0.000696721
setA-16,1159,0.000696721
setA-16,1160,0.000676230
setA-16,1161,0.000676229
setA-16,1162,0.000655738
setA-16,1163,0.000655738
setA-16,1164,0.000655738
setA-16,1165,0.000655738
setA-16,1166,0.000655738
setA-16,1167,0.000655738
setA-16,1168,0.000614755
setA-16,1169,0.000614755
setA-16,1170,0.000614755
setA-16,1171,0.000614755
setA-16,1172,0.000614755
setA-16,1173,0.000614754
setA-16,1174,0.000614754
setA-16,1175,0.000614754
setA-16,1176,0.000594262
setA-16,1177,0.000573770
setA-16,1178,0.000553278
setA-16,1179,0.000553278
setA-16,1180,0.000532788
setA-16,1181,0.000512295
setA-16,1182,0.000491803
setA-16,1183,0.000491803
setA-16,1184,0.000471312
setA-16,1185,0.000471312
setA-16,1186,0.000471311
setA-16,1187,0.000450820
setA-16,1188,0.000450820
setA-16,1189,0.000450819
setA-16,1190,0.000409840
setA-16,1191,0.000409836
setA-16,1192,0.000409836
setA-16,1193,0.000409836
setA-16,1194,0.000409836
setA-16,1195,0.000409836
setA-16,1196,0.000409836
setA-16,1197,0.000409836
setA-16,1198,0.000409835
setA-16,1199,0.000409835
setA-16,1200,0.000409835
setA-16,1201,0.000389345
setA-16,1202,0.000368853
setA-16,1203,0.000368852
setA-16,1204,0.000368852
setA-16,1205,0.000368852
setA-16,1206,0.000368852
setA-16,1207,0.000327869
setA-16,1208,0.000327869
setA-16,1209,0.000327869
setA-16,1210,0.000327869
setA-16,1211,0.000327869
setA-16,1212,0.000327869
setA-16,1213,0.000327869
setA-16,1214,0.000327869
setA-16,1215,0.000327869
setA-16,1216,0.000307378
setA-16,1217,0.000307377
setA-16,1218,0.000286885
setA-16,1219,0.000286885
setA-16,1220,0.000286885
setA-16,1221,0.000266393
setA-16,1222,0.000245902
setA-16,1223,0.000245902
setA-16,1224,0.000215164
setA-16,1225,0.000204918
setA-16,1226,0.000204918
setA-16,1227,0.000204918
setA-16,1228,0.000204918
setA-16,1229,0.000204918
setA-16,1230,0.000204917
setA-16,1231,0.000184426
setA-16,1232,0.000163934
setA-16,1233,0.000163934
setA-16,1234,0.000153689
setA-16,1235,0.000143443
setA-16,1236,0.000143443
setA-16,1237,0.000143443
setA-16,1238,0.000143442
setA-16,1239,0.000122951
setA-16,1240,0.000102460
setA-16,1241,0.000102459
setA-16,1242,0.000077869
setA-16,1243,0.000061475
setA-16,1244,0.000061475
setA-16,1245,0.000036885
setA-16,1246,0.000000000
setA-16,1247,0.000000000
setA-16,1248,0.000000000
setA-16,1249,0.000000000
setA-16,1250,0.000000000
setA-16,1251,0.000000000
setA-16,1252,0.000000000
setA-16,1253,0.000000000
setA-16,1254,0.000000000
setA-16,1255,0.000000000
setA-16,1256,0.000000000
setA-16,1257,0.000000000
setA-16,1258,0.000000000
setA-16,1259,0.000000000
setA-16,1260,0.000000000
setA-16,1261,0.000000000
setA-16,1262,0.000000000
setA-16,1263,0.000000000
setA-16,1264,0.000000000
setA-16,1265,0.000000000
setA-16,1266,0.000000000
setA-16,1267,0.000000000
setA-16,1268,0.000000000
setA-16,1269,0.000000000
setA-16,1270,0.000000000
setA-16,1271,0.000000000
setA-16,1272,0.000000000
setA-16,1273,0.000000000
setA-16,1274,0.000000000
setA-16,1275,0.000000000
setA-16,1276,0.000000000
setA-16,1277,0.000000000
setA-16,1278,0.000000000
setA-16,1279,0.000000000
setA-16,1280,0.000000000
setA-16,1281,0.000000000
setA-16,1282,0.000000000
setA-16,1283,0.000000000
setA-16,1284,0.000000000
setA-16,1285,0.000000000
setA-16,1286,0.000000000
setA-16,1287,0.000000000
setA-16,1288,0.000000000
setA-16,1289,0.000000000
setA-16,1290,0.000000000
setA-16,1291,0.000000000
setA-16,1292,0.000000000
setA-16,1293,0.000000000
setA-16,1294,0.000000000
setA-16,1295,0.000000000
setA-16,1296,0.000000000
setA-16,1297,0.000000000
setA-16,1298,0.000000000
setA-16,1299,0.000000000
setA-16,1300,0.000000000
setA-16,1301,0.000000000
setA-16,1302,0.000000000
setA-16,1303,0.000000000
setA-16,1304,0.000000000
setA-16,1305,0.000000000
setA-16,1306,0.000000000
setA-16,1307,0.000000000
setA-16,1308,0.000000000
setA-16,1309,0.000000000
setA-16,1310,0.000000000
setA-16,1311,0.000000000
setA-16,1312,0.000000000
setA-16,1313,0.000000000
setA-16,1314,0.000000000
setA-16,1315,0.000000000
setA-16,1316,0.000000000
setA-16,1317,0.000000000
setA-16,1318,0.000000000
setA-16,1319,0.000000000
setA-16,1320,0.000000000
setA-16,1321,0.000000000
setA-16,1322,0.000000000
setA-16,1323,0.000000000
setA-16,1324,0.000000000
setA-16,1325,0.000000000
setA-16,1326,0.000000000
setA-16,1327,0.000000000
setA-16,1328,0.000000000
setA-16,1329,0.000000000
setA-16,1330,0.000000000
setA-16,1331,0.000000000
setA-16,1332,0.000000000
setA-16,1333,0.000000000
setA-16,1334,0.000000000
setA-16,1335,0.000000000
setA-16,1336,0.000000000
setA-16,1337,0.000000000
setA-16,1338,0.000000000
setA-16,1339,0.000000000
setA-16,1340,0.000000000
setA-16,1341,0.000000000
setA-16,1342,0.000000000
setA-16,1343,0.000000000
setA-16,1344,0.000000000
setA-16,1345,0.000000000
setA-16,1346,0.000000000
setA-16,1347,0.000000000
setA-16,1348,0.000000000
setA-16,1349,0.000000000
setA-16,1350,0.000000000
setA-16,1351,0.000000000
setA-16,1352,0.000000000
setA-16,1353,0.000000000
setA-16,1354,0.000000000
setA-16,1355,0.000000000
setA-16,1356,0.000000000
setA-16,1357,0.000000000
setA-16,1358,0.000000000
setA-16,1359,0.000000000
setA-16,1360,0.000000000
setA-16,1361,0.000000000
setA-16,1362,0.000000000
setA-16,1363,0.000000000
setA-16,1364,0.000000000
setA-16,1365,0.000000000
setA-16,1366,0.000000000
setA-16,1367,0.000000000
setA-16,1368,0.000000000
setA-16,1369,0.000000000
setA-16,1370,0.000000000
setA-16,1371,0.000000000
setA-16,1372,0.000000000
setA-16,1373,0.000000000
setA-16,1374,0.000000000
setA-16,1375,0.000000000
setA-16,1376,0.000000000
setA-16,1377,0.000000000
setA-16,1378,0.000000000
setA-16,1379,0.000000000
setA-16,1380,0.000000000
setA-16,1381,0.000000000
setA-16,1382,0.000000000
setA-16,1383,0.000000000
setA-16,1384,0.000000000
setA-16,1385,0.000000000
setA-16,1386,0.000000000
setA-16,1387,0.000000000
setA-16,1388,0.000000000
setA-16,1389,0.000000000
setA-16,1390,0.000000000
setA-16,1391,0.000000000
setA-16,1392,0.000000000
setA-16,1393,0.000000000
setA-16,1394,0.000000000
setA-16,1395,0.000000000
setA-16,1396,0.000000000
setA-16,1397,0.000000000
setA-16,1398,0.000000000
setA-16,1399,0.000000000
setA-16,1400,0.000000000
setA-16,1401,0.000000000
setA-16,1402,0.000000000
setA-16,1403,0.000000000
setA-16,1404,0.000000000
setA-16,1405,0.000000000
setA-16,1406,0.000000000
setA-16,1407,0.000000000
setA-16,1408,0.000000000
setA-16,1409,0.000000000
setA-16,1410,0.000000000
setA-16,1411,0.000000000
setA-16,1412,0.000000000
setA-16,1413,0.000000000
setA-16,1414,0.000000000
setA-16,1415,0.000000000
setA-16,1416,0.000000000
setA-16,1417,0.000000000
setA-16,1418,0.000000000
setA-16,1419,0.000000000
setA-16,1420,0.000000000
setA-16,1421,0.000000000
setA-16,1422,0.000000000
setA-16,1423,0.000000000
setA-16,1424,0.000000000
setA-16,1425,0.000000000
setA-16,1426,0.000000000
setA-16,1427,0.000000000
setA-16,1428,0.000000000
setA-16,1429,0.000000000
setA-16,1430,0.000000000
setA-16,1431,0.000000000
setA-16,1432,0.000000000
setA-16,1433,0.000000000
setA-16,1434,0.000000000
setA-16,1435,0.000000000
setA-16,1436,0.000000000
setA-16,1437,0.000000000
setA-16,1438,0.000000000
setA-16,1439,0.000000000
setA-16,1440,0.000000000
setA-16,1441,0.000000000
setA-16,1442,0.000000000
setA-16,1443,0.000000000
setA-16,1444,0.000000000
setA-16,1445,0.000000000
setA-16,1446,0.000000000
setA-16,1447,0.000000000
setA-16,1448,0.000000000
setA-16,1449,0.000000000
setA-16,1450,0.000000000
setA-16,1451,0.000000000
setA-16,1452,0.000000000
setA-17,1,0.424192341
setA-17,2,0.409979468
setA-17,3,0.360416583
setA-17,4,0.313249732
setA-17,5,0.280761904
setA-17,6,0.273319657
setA-17,7,0.253886651
setA-17,8,0.247575750
setA-17,9,0.241072182
setA-17,10,0.237588748
setA-17,11,0.219954434
setA-17,12,0.219246556
setA-17,13,0.207304242
setA-17,14,0.207083522
setA-17,15,0.202342030
setA-17,16,0.198060600
setA-17,17,0.193557149
setA-17,18,0.161537714
setA-17,19,0.158011034
setA-17,20,0.150594536
setA-17,21,0.140380952
setA-17,22,0.129666255
setA-17,23,0.119336267
setA-17,24,0.118727463
setA-17,25,0.109623278
setA-17,26,0.102681440
setA-17,27,0.102546278
setA-17,28,0.098624252
setA-17,29,0.096138202
setA-17,30,0.094451539
setA-17,31,0.092731342
setA-17,32,0.087897785
setA-17,33,0.086546848
setA-17,34,0.086126208
setA-17,35,0.085749906
setA-17,36,0.081518135
setA-17,37,0.080233100
setA-17,38,0.078749557
setA-17,39,0.076358474
setA-17,40,0.075818695
setA-17,41,0.074738050
setA-17,42,0.074289895
setA-17,43,0.073694407
setA-17,44,0.073336418
setA-17,45,0.072673176
setA-17,46,0.069702682
setA-17,47,0.069680093
setA-17,48,0.069055685
setA-17,49,0.068905861
setA-17,50,0.068567315
setA-17,51,0.067149732
setA-17,52,0.066070143
setA-17,53,0.065121584
setA-17,54,0.061645553
setA-17,55,0.061457079
setA-17,56,0.061451230
setA-17,57,0.060809748
setA-17,58,0.060754519
setA-17,59,0.060398573
setA-17,60,0.060237095
setA-17,61,0.060098418
setA-17,62,0.060017247
setA-17,63,0.059772371
setA-17,64,0.059142968
setA-17,65,0.058785233
setA-17,66,0.057807095
setA-17,67,0.057356626
setA-17,68,0.056903877
setA-17,69,0.056374452
setA-17,70,0.054553999
setA-17,71,0.054547849
setA-17,72,0.054381190
setA-17,73,0.054252107
setA-17,74,0.053481016
setA-17,75,0.052047178
setA-17,76,0.051902422
setA-17,77,0.051317005
setA-17,78,0.051144192
setA-17,79,0.050874505
setA-17,80,0.050768130
setA-17,81,0.050377584
setA-17,82,0.049169371
setA-17,83,0.049155398
setA-17,84,0.048917647
setA-17,85,0.048839106
setA-17,86,0.047959865
setA-17,87,0.047819211
setA-17,88,0.047381681
setA-17,89,0.047184020
setA-17,90,0.046825197
setA-17,91,0.046590792
setA-17,92,0.046373017
setA-17,93,0.046329119
setA-17,94,0.046215940
setA-17,95,0.044382075
setA-17,96,0.044382075
setA-17,97,0.044335720
setA-17,98,0.043637564
setA-17,99,0.043223175
setA-17,100,0.043106283
setA-17,101,0.043049256
setA-17,102,0.042876712
setA-17,103,0.042847159
setA-17,104,0.042333443
setA-17,105,0.042289446
setA-17,106,0.042152226
setA-17,107,0.041986526
setA-17,108,0.041718049
setA-17,109,0.041670110
setA-17,110,0.041352750
setA-17,111,0.041087254
setA-17,112,0.041082530
setA-17,113,0.040866246
setA-17,114,0.040670809
setA-17,115,0.040439942
setA-17,116,0.040367419
setA-17,117,0.040189524
setA-17,118,0.040111887
setA-17,119,0.040070431
setA-17,120,0.040024167
setA-17,121,0.039865848
setA-17,122,0.039850542
setA-17,123,0.039575820
setA-17,124,0.039236219
setA-17,125,0.039061622
setA-17,126,0.038863785
setA-17,127,0.038852857
setA-17,128,0.038846169
setA-17,129,0.038423893
setA-17,130,0.038423893
setA-17,131,0.038396009
setA-17,132,0.038392023
setA-17,133,0.038243491
setA-17,134,0.037849037
setA-17,135,0.037441539
setA-17,136,0.037323426
setA-17,137,0.037111223
setA-17,138,0.037030030
setA-17,139,0.036757397
setA-17,140,0.036598482
setA-17,141,0.036575673
setA-17,142,0.036430110
setA-17,143,0.036424913
setA-17,144,0.036342601
setA-17,145,0.035974381
setA-17,146,0.035918847
setA-17,147,0.035842481
setA-17,148,0.035763543
setA-17,149,0.035405120
setA-17,150,0.035382457
setA-17,151,0.035365015
setA-17,152,0.035070430
setA-17,153,0.035015334
setA-17,154,0.034989332
setA-17,155,0.034187375
setA-17,156,0.033806269
setA-17,157,0.033625633
setA-17,158,0.033618025
setA-17,159,0.033192465
setA-17,160,0.033099718
setA-17,161,0.033084449
setA-17,162,0.032921919
setA-17,163,0.032717240
setA-17,164,0.032343237
setA-17,165,0.032299189
setA-17,166,0.032292847
setA-17,167,0.032292779
setA-17,168,0.032237490
setA-17,169,0.032152652
setA-17,170,0.032064414
setA-17,171,0.032030159
setA-17,172,0.031959243
setA-17,173,0.031878597
setA-17,174,0.031668333
setA-17,175,0.031636146
setA-17,176,0.031630746
setA-17,177,0.031578464
setA-17,178,0.031572756
setA-17,179,0.031506122
setA-17,180,0.031312034
setA-17,181,0.031234306
setA-17,182,0.031148245
setA-17,183,0.030913518
setA-17,184,0.030871442
setA-17,185,0.030736939
setA-17,186,0.030689135
setA-17,187,0.030542501
setA-17,188,0.030401573
setA-17,189,0.030244202
setA-17,190,0.030147713
setA-17,191,0.030044490
setA-17,192,0.029967330
setA-17,193,0.029938585
setA-17,194,0.029780798
setA-17,195,0.029555729
setA-17,196,0.029301760
setA-17,197,0.029127468
setA-17,198,0.028972849
setA-17,199,0.028914565
setA-17,200,0.028823801
setA-17,201,0.028704753
setA-17,202,0.028629850
setA-17,203,0.028131588
setA-17,204,0.028110644
setA-17,205,0.028071636
setA-17,206,0.027934941
setA-17,207,0.027793336
setA-17,208,0.027792896
setA-17,209,0.027663700
setA-17,210,0.027384410
setA-17,211,0.027361417
setA-17,212,0.027206689
setA-17,213,0.027139863
setA-17,214,0.027126921
setA-17,215,0.027057467
setA-17,216,0.026922952
setA-17,217,0.026906974
setA-17,218,0.026731150
setA-17,219,0.026649540
setA-17,220,0.026603148
setA-17,221,0.026555527
setA-17,222,0.026490284
setA-17,223,0.026463677
setA-17,224,0.026436212
setA-17,225,0.026261706
setA-17,226,0.026260562
setA-17,227,0.026132687
setA-17,228,0.026012290
setA-17,229,0.025846175
setA-17,230,0.025793697
setA-17,231,0.025756827
setA-17,232,0.025581957
setA-17,233,0.025573485
setA-17,234,0.025436262
setA-17,235,0.025370849
setA-17,236,0.025249474
setA-17,237,0.025225061
setA-17,238,0.025216080
setA-17,239,0.025166512
setA-17,240,0.025154502
setA-17,241,0.024983524
setA-17,242,0.024945264
setA-17,243,0.024871896
setA-17,244,0.024797462
setA-17,245,0.024763734
setA-17,246,0.024727077
setA-17,247,0.024725044
setA-17,248,0.024584686
setA-17,249,0.024488887
setA-17,250,0.024467857
setA-17,251,0.024444239
setA-17,252,0.024393928
setA-17,253,0.024367542
setA-17,254,0.024283207
setA-17,255,0.024253617
setA-17,256,0.024207010
setA-17,257,0.024165876
setA-17,258,0.024036670
setA-17,259,0.023853655
setA-17,260,0.023738914
setA-17,261,0.023615697
setA-17,262,0.023513511
setA-17,263,0.023404217
setA-17,264,0.023398298
setA-17,265,0.023269422
setA-17,266,0.023222580
setA-17,267,0.023047488
setA-17,268,0.022984873
setA-17,269,0.022976283
setA-17,270,0.022973373
setA-17,271,0.022972542
setA-17,272,0.022968697
setA-17,273,0.022936120
setA-17,274,0.022924197
setA-17,275,0.022876219
setA-17,276,0.022860403
setA-17,277,0.022796668
setA-17,278,0.022793910
setA-17,279,0.022732195
setA-17,280,0.022674870
setA-17,281,0.022657528
setA-17,282,0.022572675
setA-17,283,0.022543053
setA-17,284,0.022423899
setA-17,285,0.022413716
setA-17,286,0.022383333
setA-17,287,0.022374733
setA-17,288,0.022343268
setA-17,289,0.022209880
setA-17,290,0.022206207
setA-17,291,0.022181225
setA-17,292,0.022148353
setA-17,293,0.022130346
setA-17,294,0.022119790
setA-17,295,0.022013505
setA-17,296,0.021921888
setA-17,297,0.021849326
setA-17,298,0.021823316
setA-17,299,0.021637686
setA-17,300,0.021570919
setA-17,301,0.021292310
setA-17,302,0.021267465
setA-17,303,0.021182278
setA-17,304,0.021123726
setA-17,305,0.021071163
setA-17,306,0.020958135
setA-17,307,0.020953986
setA-17,308,0.020863813
setA-17,309,0.020827063
setA-17,310,0.020762240
setA-17,311,0.020749657
setA-17,312,0.020745572
setA-17,313,0.020741791
setA-17,314,0.020685866
setA-17,315,0.020594230
setA-17,316,0.020578226
setA-17,317,0.020549096
setA-17,318,0.020480833
setA-17,319,0.020457676
setA-17,320,0.020433434
setA-17,321,0.020332773
setA-17,322,0.020319757
setA-17,323,0.020253649
setA-17,324,0.020218660
setA-17,325,0.020087574
setA-17,326,0.020086892
setA-17,327,0.020061947
setA-17,328,0.019961938
setA-17,329,0.019912682
setA-17,330,0.019882715
setA-17,331,0.019862555
setA-17,332,0.019812155
setA-17,333,0.019750736
setA-17,334,0.019745668
setA-17,335,0.019661059
setA-17,336,0.019512549
setA-17,337,0.019496101
setA-17,338,0.019435516
setA-17,339,0.019416008
setA-17,340,0.019394202
setA-17,341,0.019355832
setA-17,342,0.019315082
setA-17,343,0.019271999
setA-17,344,0.019269581
setA-17,345,0.019259710
setA-17,346,0.019240821
setA-17,347,0.019212769
setA-17,348,0.019190584
setA-17,349,0.019154222
setA-17,350,0.019007324
setA-17,351,0.018996497
setA-17,352,0.018942382
setA-17,353,0.018935384
setA-17,354,0.018925242
setA-17,355,0.018896774
setA-17,356,0.018862563
setA-17,357,0.018856673
setA-17,358,0.018856408
setA-17,359,0.018833310
setA-17,360,0.018800981
setA-17,361,0.018789862
setA-17,362,0.018747385
setA-17,363,0.018724801
setA-17,364,0.018526084
setA-17,365,0.018507053
setA-17,366,0.018483443
setA-17,367,0.018364789
setA-17,368,0.018355304
setA-17,369,0.018304331
setA-17,370,0.018303471
setA-17,371,0.018291051
setA-17,372,0.018259570
setA-17,373,0.018258046
setA-17,374,0.018241321
setA-17,375,0.018239856
setA-17,376,0.018187020
setA-17,377,0.018155257
setA-17,378,0.018154102
setA-17,379,0.018126549
setA-17,380,0.018104628
setA-17,381,0.018059302
setA-17,382,0.018046063
setA-17,383,0.017984948
setA-17,384,0.017861255
setA-17,385,0.017788519
setA-17,386,0.017786022
setA-17,387,0.017770549
setA-17,388,0.017741039
setA-17,389,0.017699668
setA-17,390,0.017638934
setA-17,391,0.017605318
setA-17,392,0.017602508
setA-17,393,0.017582774
setA-17,394,0.017572482
setA-17,395,0.017561271
setA-17,396,0.017534838
setA-17,397,0.017522463
setA-17,398,0.017518186
setA-17,399,0.017504468
setA-17,400,0.017446782
setA-17,401,0.017434004
setA-17,402,0.017413131
setA-17,403,0.017397339
setA-17,404,0.017390754
setA-17,405,0.017337874
setA-17,406,0.017316980
setA-17,407,0.017304883
setA-17,408,0.017302188
setA-17,409,0.017299440
setA-17,410,0.017291258
setA-17,411,0.017223121
setA-17,412,0.017186517
setA-17,413,0.017179927
setA-17,414,0.017033848
setA-17,415,0.017031946
setA-17,416,0.016966616
setA-17,417,0.016965204
setA-17,418,0.016933546
setA-17,419,0.016930497
setA-17,420,0.016928759
setA-17,421,0.016918112
setA-17,422,0.016909186
setA-17,423,0.016821794
setA-17,424,0.016808441
setA-17,425,0.016807628
setA-17,426,0.016806072
setA-17,427,0.016707998
setA-17,428,0.016700077
setA-17,429,0.016689044
setA-17,430,0.016670261
setA-17,431,0.016630343
setA-17,432,0.016629536
setA-17,433,0.016623512
setA-17,434,0.016517840
setA-17,435,0.016498367
setA-17,436,0.016475105
setA-17,437,0.016470743
setA-17,438,0.016412157
setA-17,439,0.016409787
setA-17,440,0.016400899
setA-17,441,0.016361965
setA-17,442,0.016361346
setA-17,443,0.016342060
setA-17,444,0.016295386
setA-17,445,0.016281909
setA-17,446,0.016254100
setA-17,447,0.016243342
setA-17,448,0.016238218
setA-17,449,0.016228817
setA-17,450,0.016211604
setA-17,451,0.016198837
setA-17,452,0.016166608
setA-17,453,0.016166607
setA-17,454,0.016160183
setA-17,455,0.016135852
setA-17,456,0.016111716
setA-17,457,0.016050688
setA-17,458,0.016045489
setA-17,459,0.016029110
setA-17,460,0.016022381
setA-17,461,0.016020859
setA-17,462,0.015999034
setA-17,463,0.015997605
setA-17,464,0.015979337
setA-17,465,0.015977077
setA-17,466,0.015924175
setA-17,467,0.015917824
setA-17,468,0.015905594
setA-17,469,0.015840139
setA-17,470,0.015822809
setA-17,471,0.015799880
setA-17,472,0.015795825
setA-17,473,0.015686892
setA-17,474,0.015651912
setA-17,475,0.015642619
setA-17,476,0.015614304
setA-17,477,0.015570308
setA-17,478,0.015568709
setA-17,479,0.015564689
setA-17,480,0.015560283
setA-17,481,0.015509371
setA-17,482,0.015482496
setA-17,483,0.015436876
setA-17,484,0.015431570
setA-17,485,0.015389027
setA-17,486,0.015373353
setA-17,487,0.015369815
setA-17,488,0.015368256
setA-17,489,0.015366171
setA-17,490,0.015362184
setA-17,491,0.015354052
setA-17,492,0.015345709
setA-17,493,0.015272857
setA-17,494,0.015267123
setA-17,495,0.015255242
setA-17,496,0.015252112
setA-17,497,0.015244518
setA-17,498,0.015226724
setA-17,499,0.015174286
setA-17,500,0.015141679
setA-17,501,0.015139331
setA-17,502,0.015137305
setA-17,503,0.015135495
setA-17,504,0.015005852
setA-17,505,0.015003297
setA-17,506,0.015002835
setA-17,507,0.015002084
setA-17,508,0.014987456
setA-17,509,0.014938403
setA-17,510,0.014937145
setA-17,511,0.014910866
setA-17,512,0.014904840
setA-17,513,0.014873655
setA-17,514,0.014849934
setA-17,515,0.014845275
setA-17,516,0.014843034
setA-17,517,0.014837488
setA-17,518,0.014823385
setA-17,519,0.014821479
setA-17,520,0.014817024
setA-17,521,0.014816804
setA-17,522,0.014802760
setA-17,523,0.014753973
setA-17,524,0.014748004
setA-17,525,0.014730898
setA-17,526,0.014727877
setA-17,527,0.014725068
setA-17,528,0.014701597
setA-17,529,0.014643686
setA-17,530,0.014638096
setA-17,531,0.014608886
setA-17,532,0.014605593
setA-17,533,0.014577543
setA-17,534,0.014555727
setA-17,535,0.014530271
setA-17,536,0.014511381
setA-17,537,0.014481271
setA-17,538,0.014472421
setA-17,539,0.014465068
setA-17,540,0.014446457
setA-17,541,0.014430615
setA-17,542,0.014384595
setA-17,543,0.014378490
setA-17,544,0.014378134
setA-17,545,0.014360486
setA-17,546,0.014276930
setA-17,547,0.014272917
setA-17,548,0.014255085
setA-17,549,0.014248474
setA-17,550,0.014229522
setA-17,551,0.014209204
setA-17,552,0.014185148
setA-17,553,0.014148673
setA-17,554,0.014133559
setA-17,555,0.014111613
setA-17,556,0.014094206
setA-17,557,0.014092025
setA-17,558,0.014090059
setA-17,559,0.014018162
setA-17,560,0.014016104
setA-17,561,0.013988795
setA-17,562,0.013977497
setA-17,563,0.013976845
setA-17,564,0.013975838
setA-17,565,0.013975838
setA-17,566,0.013943672
setA-17,567,0.013914910
setA-17,568,0.013914910
setA-17,569,0.013849908
setA-17,570,0.013834441
setA-17,571,0.013712634
setA-17,572,0.013686720
setA-17,573,0.013662616
setA-17,574,0.013640007
setA-17,575,0.013632101
setA-17,576,0.013627532
setA-17,577,0.013627532
setA-17,578,0.013582025
setA-17,579,0.013576049
setA-17,580,0.013557859
setA-17,581,0.013554403
setA-17,582,0.013545214
setA-17,583,0.013519163
setA-17,584,0.013494414
setA-17,585,0.013434423
setA-17,586,0.013419535
setA-17,587,0.013365059
setA-17,588,0.013362648
setA-17,589,0.013357885
setA-17,590,0.013290232
setA-17,591,0.013255793
setA-17,592,0.013253953
setA-17,593,0.013235419
setA-17,594,0.013219770
setA-17,595,0.013214678
setA-17,596,0.013207741
setA-17,597,0.013198058
setA-17,598,0.013185486
setA-17,599,0.013149526
setA-17,600,0.013145233
setA-17,601,0.013142719
setA-17,602,0.013137430
setA-17,603,0.013123170
setA-17,604,0.013119660
setA-17,605,0.013096571
setA-17,606,0.013095867
setA-17,607,0.013093467
setA-17,608,0.013078979
setA-17,609,0.013061638
setA-17,610,0.013029515
setA-17,611,0.012986002
setA-17,612,0.012977232
setA-17,613,0.012977232
setA-17,614,0.012974579
setA-17,615,0.012969283
setA-17,616,0.012954095
setA-17,617,0.012950107
setA-17,618,0.012944291
setA-17,619,0.012943800
setA-17,620,0.012927820
setA-17,621,0.012924389
setA-17,622,0.012898876
setA-17,623,0.012885014
setA-17,624,0.012844315
setA-17,625,0.012837548
setA-17,626,0.012835409
setA-17,627,0.012814240
setA-17,628,0.012807119
setA-17,629,0.012768568
setA-17,630,0.012743968
setA-17,631,0.012743223
setA-17,632,0.012722708
setA-17,633,0.012718597
setA-17,634,0.012702112
setA-17,635,0.012679276
setA-17,636,0.012654838
setA-17,637,0.012651360
setA-17,638,0.012628254
setA-17,639,0.012599988
setA-17,640,0.012590161
setA-17,641,0.012585946
setA-17,642,0.012563642
setA-17,643,0.012562642
setA-17,644,0.012560504
setA-17,645,0.012530980
setA-17,646,0.012518568
setA-17,647,0.012516483
setA-17,648,0.012492785
setA-17,649,0.012484172
setA-17,650,0.012483973
setA-17,651,0.012456194
setA-17,652,0.012453211
setA-17,653,0.012448078
setA-17,654,0.012446465
setA-17,655,0.012434304
setA-17,656,0.012430025
setA-17,657,0.012410664
setA-17,658,0.012399538
setA-17,659,0.012398882
setA-17,660,0.012398731
setA-17,661,0.012394713
setA-17,662,0.012393309
setA-17,663,0.012338566
setA-17,664,0.012314613
setA-17,665,0.012300874
setA-17,666,0.012292050
setA-17,667,0.012253933
setA-17,668,0.012248969
setA-17,669,0.012223823
setA-17,670,0.012217121
setA-17,671,0.012201946
setA-17,672,0.012165340
setA-17,673,0.012147396
setA-17,674,0.012128157
setA-17,675,0.012125430
setA-17,676,0.012114453
setA-17,677,0.012100381
setA-17,678,0.012075081
setA-17,679,0.011975478
setA-17,680,0.011938357
setA-17,681,0.011931826
setA-17,682,0.011920543
setA-17,683,0.011919817
setA-17,684,0.011902585
setA-17,685,0.011901179
setA-17,686,0.011897648
setA-17,687,0.011860103
setA-17,688,0.011827373
setA-17,689,0.011825738
setA-17,690,0.011825217
setA-17,691,0.011807168
setA-17,692,0.011769282
setA-17,693,0.011757967
setA-17,694,0.011742317
setA-17,695,0.011734113
setA-17,696,0.011721246
setA-17,697,0.011676345
setA-17,698,0.011664339
setA-17,699,0.011661787
setA-17,700,0.011657706
setA-17,701,0.011648436
setA-17,702,0.011646721
setA-17,703,0.011643852
setA-17,704,0.011572310
setA-17,705,0.011536366
setA-17,706,0.011533692
setA-17,707,0.011434874
setA-17,708,0.011433114
setA-17,709,0.011381678
setA-17,710,0.011305757
setA-17,711,0.011304676
setA-17,712,0.011237817
setA-17,713,0.011221183
setA-17,714,0.011179365
setA-17,715,0.011178626
setA-17,716,0.011173369
setA-17,717,0.011130024
setA-17,718,0.011101028
setA-17,719,0.011089067
setA-17,720,0.011074452
setA-17,721,0.011067936
setA-17,722,0.011046538
setA-17,723,0.011036956
setA-17,724,0.011035517
setA-17,725,0.011021942
setA-17,726,0.010986879
setA-17,727,0.010935722
setA-17,728,0.010910377
setA-17,729,0.010878198
setA-17,730,0.010860028
setA-17,731,0.010825478
setA-17,732,0.010824668
setA-17,733,0.010819443
setA-17,734,0.010788343
setA-17,735,0.010716641
setA-17,736,0.010714879
setA-17,737,0.010680096
setA-17,738,0.010674643
setA-17,739,0.010652019
setA-17,740,0.010651385
setA-17,741,0.010647145
setA-17,742,0.010644708
setA-17,743,0.010640352
setA-17,744,0.010637083
setA-17,745,0.010591375
setA-17,746,0.010581540
setA-17,747,0.010579779
setA-17,748,0.010560986
setA-17,749,0.010530751
setA-17,750,0.010528512
setA-17,751,0.010511069
setA-17,752,0.010493600
setA-17,753,0.010491550
setA-17,754,0.010487705
setA-17,755,0.010475294
setA-17,756,0.010440193
setA-17,757,0.010436575
setA-17,758,0.010431983
setA-17,759,0.010406230
setA-17,760,0.010375429
setA-17,761,0.010334229
setA-17,762,0.010263549
setA-17,763,0.010261459
setA-17,764,0.010238717
setA-17,765,0.010232320
setA-17,766,0.010231318
setA-17,767,0.010230815
setA-17,768,0.010213550
setA-17,769,0.010193867
setA-17,770,0.010163578
setA-17,771,0.010162911
setA-17,772,0.010148092
setA-17,773,0.010132633
setA-17,774,0.010105716
setA-17,775,0.010091696
setA-17,776,0.010080418
setA-17,777,0.010069492
setA-17,778,0.010058995
setA-17,779,0.010033935
setA-17,780,0.010033391
setA-17,781,0.010012088
setA-17,782,0.010004523
setA-17,783,0.009998682
setA-17,784,0.009980461
setA-17,785,0.009975229
setA-17,786,0.009974694
setA-17,787,0.009945777
setA-17,788,0.009944184
setA-17,789,0.009900891
setA-17,790,0.009895355
setA-17,791,0.009866417
setA-17,792,0.009823762
setA-17,793,0.009814564
setA-17,794,0.009790166
setA-17,795,0.009775286
setA-17,796,0.009768991
setA-17,797,0.009764159
setA-17,798,0.009757345
setA-17,799,0.009734216
setA-17,800,0.009659460
setA-17,801,0.009651011
setA-17,802,0.009636858
setA-17,803,0.009612181
setA-17,804,0.009600588
setA-17,805,0.009565767
setA-17,806,0.009546941
setA-17,807,0.009519727
setA-17,808,0.009512949
setA-17,809,0.009512870
setA-17,810,0.009494165
setA-17,811,0.009490684
setA-17,812,0.009486060
setA-17,813,0.009439800
setA-17,814,0.009427397
setA-17,815,0.009406992
setA-17,816,0.009404547
setA-17,817,0.009387464
setA-17,818,0.009375576
setA-17,819,0.009369713
setA-17,820,0.009367501
setA-17,821,0.009358628
setA-17,822,0.009343924
setA-17,823,0.009299633
setA-17,824,0.009278945
setA-17,825,0.009256803
setA-17,826,0.009235285
setA-17,827,0.009227560
setA-17,828,0.009196727
setA-17,829,0.009157094
setA-17,830,0.009140929
setA-17,831,0.009129023
setA-17,832,0.009114488
setA-17,833,0.009112119
setA-17,834,0.009101269
setA-17,835,0.009086997
setA-17,836,0.009086787
setA-17,837,0.009081781
setA-17,838,0.009047133
setA-17,839,0.009034243
setA-17,840,0.009023467
setA-17,841,0.009015053
setA-17,842,0.008982824
setA-17,843,0.008976757
setA-17,844,0.008931341
setA-17,845,0.008913131
setA-17,846,0.008874008
setA-17,847,0.008855483
setA-17,848,0.008855483
setA-17,849,0.008851380
setA-17,850,0.008799792
setA-17,851,0.008775458
setA-17,852,0.008768045
setA-17,853,0.008721386
setA-17,854,0.008714268
setA-17,855,0.008708897
setA-17,856,0.008694453
setA-17,857,0.008691388
setA-17,858,0.008685947
setA-17,859,0.008676613
setA-17,860,0.008635196
setA-17,861,0.008594960
setA-17,862,0.008580947
setA-17,863,0.008562113
setA-17,864,0.008550368
setA-17,865,0.008539016
setA-17,866,0.008537178
setA-17,867,0.008521353
setA-17,868,0.008464180
setA-17,869,0.008455118
setA-17,870,0.008450360
setA-17,871,0.008443492
setA-17,872,0.008442734
setA-17,873,0.008423173
setA-17,874,0.008383612
setA-17,875,0.008379857
setA-17,876,0.008365058
setA-17,877,0.008345906
setA-17,878,0.008345906
setA-17,879,0.008308312
setA-17,880,0.008305089
setA-17,881,0.008285524
setA-17,882,0.008248339
setA-17,883,0.008230062
setA-17,884,0.008226496
setA-17,885,0.008215220
setA-17,886,0.008202276
setA-17,887,0.008199218
setA-17,888,0.008185575
setA-17,889,0.008154393
setA-17,890,0.008023601
setA-17,891,0.008001299
setA-17,892,0.007994036
setA-17,893,0.007967734
setA-17,894,0.007960110
setA-17,895,0.007940526
setA-17,896,0.007936208
setA-17,897,0.007928533
setA-17,898,0.007912508
setA-17,899,0.007907642
setA-17,900,0.007905368
setA-17,901,0.007897792
setA-17,902,0.007874287
setA-17,903,0.007865415
setA-17,904,0.007846089
setA-17,905,0.007830007
setA-17,906,0.007799898
setA-17,907,0.007743132
setA-17,908,0.007725869
setA-17,909,0.007722548
setA-17,910,0.007700227
setA-17,911,0.007690662
setA-17,912,0.007670342
setA-17,913,0.007657414
setA-17,914,0.007632968
setA-17,915,0.007613033
setA-17,916,0.007582261
setA-17,917,0.007579911
setA-17,918,0.007574025
setA-17,919,0.007569808
setA-17,920,0.007559793
setA-17,921,0.007547191
setA-17,922,0.007538801
setA-17,923,0.007521977
setA-17,924,0.007512855
setA-17,925,0.007489240
setA-17,926,0.007479432
setA-17,927,0.007340024
setA-17,928,0.007300568
setA-17,929,0.007271710
setA-17,930,0.007254739
setA-17,931,0.007242149
setA-17,932,0.007237387
setA-17,933,0.007228169
setA-17,934,0.007212382
setA-17,935,0.007167288
setA-17,936,0.007153203
setA-17,937,0.007150211
setA-17,938,0.007117223
setA-17,939,0.007111051
setA-17,940,0.007056819
setA-17,941,0.007035682
setA-17,942,0.007017185
setA-17,943,0.007008672
setA-17,944,0.006980306
setA-17,945,0.006977592
setA-17,946,0.006894811
setA-17,947,0.006894034
setA-17,948,0.006860177
setA-17,949,0.006828424
setA-17,950,0.006822895
setA-17,951,0.006747757
setA-17,952,0.006732269
setA-17,953,0.006719319
setA-17,954,0.006716931
setA-17,955,0.006716644
setA-17,956,0.006714967
setA-17,957,0.006697703
setA-17,958,0.006583793
setA-17,959,0.006566571
setA-17,960,0.006530937
setA-17,961,0.006520994
setA-17,962,0.006496501
setA-17,963,0.006475978
setA-17,964,0.006451022
setA-17,965,0.006428049
setA-17,966,0.006371276
setA-17,967,0.006337090
setA-17,968,0.006277597
setA-17,969,0.006217561
setA-17,970,0.006211765
setA-17,971,0.006209593
setA-17,972,0.006208451
setA-17,973,0.006196534
setA-17,974,0.006183202
setA-17,975,0.006159507
setA-17,976,0.006151566
setA-17,977,0.006133582
setA-17,978,0.006107181
setA-17,979,0.006105410
setA-17,980,0.006088418
setA-17,981,0.006073637
setA-17,982,0.006070923
setA-17,983,0.006003314
setA-17,984,0.006003314
setA-17,985,0.005979328
setA-17,986,0.005912869
setA-17,987,0.005848544
setA-17,988,0.005838979
setA-17,989,0.005828381
setA-17,990,0.005791901
setA-17,991,0.005753614
setA-17,992,0.005680484
setA-17,993,0.005674139
setA-17,994,0.005519638
setA-17,995,0.005479364
setA-17,996,0.005433352
setA-17,997,0.005366325
setA-17,998,0.005359884
setA-17,999,0.005336300
setA-17,1000,0.005323573
setA-17,1001,0.005299605
setA-17,1002,0.005280301
setA-17,1003,0.005207852
setA-17,1004,0.005172967
setA-17,1005,0.005172106
setA-17,1006,0.005164457
setA-17,1007,0.005039995
setA-17,1008,0.005037948
setA-17,1009,0.004975068
setA-17,1010,0.004928558
setA-17,1011,0.004910663
setA-17,1012,0.004908601
setA-17,1013,0.004901771
setA-17,1014,0.004873902
setA-17,1015,0.004791579
setA-17,1016,0.004783497
setA-17,1017,0.004710781
setA-17,1018,0.004710781
setA-17,1019,0.004656429
setA-17,1020,0.004641386
setA-17,1021,0.004588822
setA-17,1022,0.004573033
setA-17,1023,0.004566313
setA-17,1024,0.004559901
setA-17,1025,0.004556446
setA-17,1026,0.004506010
setA-17,1027,0.004468309
setA-17,1028,0.004448265
setA-17,1029,0.004443852
setA-17,1030,0.004430722
setA-17,1031,0.004376076
setA-17,1032,0.004374544
setA-17,1033,0.004367876
setA-17,1034,0.004337574
setA-17,1035,0.004336619
setA-17,1036,0.004317932
setA-17,1037,0.004278123
setA-17,1038,0.004251546
setA-17,1039,0.004234135
setA-17,1040,0.004161788
setA-17,1041,0.004089040
setA-17,1042,0.003991128
setA-17,1043,0.003937273
setA-17,1044,0.003935312
setA-17,1045,0.003896672
setA-17,1046,0.003882645
setA-17,1047,0.003850803
setA-17,1048,0.003828802
setA-17,1049,0.003627834
setA-17,1050,0.003601574
setA-17,1051,0.003584373
setA-17,1052,0.003539541
setA-17,1053,0.003539398
setA-17,1054,0.003481800
setA-17,1055,0.003456950
setA-17,1056,0.003384405
setA-17,1057,0.003348852
setA-17,1058,0.003321297
setA-17,1059,0.003316712
setA-17,1060,0.003301687
setA-17,1061,0.003278972
setA-17,1062,0.003276219
setA-17,1063,0.003221158
setA-17,1064,0.003132656
setA-17,1065,0.003120015
setA-17,1066,0.003016920
setA-17,1067,0.002986541
setA-17,1068,0.002985526
setA-17,1069,0.002951075
setA-17,1070,0.002640151
setA-17,1071,0.002368240
setA-17,1072,0.002343506
setA-17,1073,0.002326187
setA-17,1074,0.002195566
setA-17,1075,0.002163936
setA-17,1076,0.002163769
setA-17,1077,0.002094569
setA-17,1078,0.001992892
setA-17,1079,0.001482887
setA-17,1080,0.001327394
setA-17,1081,0.001194616
setA-17,1082,0.001039113
setA-17,1083,0.001034762
setA-17,1084,0.000849503
setA-17,1085,0.000364024
setA-17,1086,0.000000000
setA-17,1087,0.000000000
setA-17,1088,0.000000000
setA-17,1089,0.000000000
setA-17,1090,0.000000000
setA-17,1091,0.000000000
setA-17,1092,0.000000000
setA-17,1093,0.000000000
setA-17,1094,0.000000000
setA-17,1095,0.000000000
setA-17,1096,0.000000000
setA-17,1097,0.000000000
setA-17,1098,0.000000000
setA-17,1099,0.000000000
setA-17,1100,0.000000000
setA-17,1101,0.000000000
setA-17,1102,0.000000000
setA-17,1103,0.000000000
setA-17,1104,0.000000000
setA-17,1105,0.000000000
setA-17,1106,0.000000000
setA-17,1107,0.000000000
setA-17,1108,0.000000000
setA-17,1109,0.000000000
setA-17,1110,0.000000000
setA-17,1111,0.000000000
setA-17,1112,0.000000000
setA-17,1113,0.000000000
setA-17,1114,0.000000000
setA-17,1115,0.000000000
setA-17,1116,0.000000000
setA-17,1117,0.000000000
setA-17,1118,0.000000000
setA-17,1119,0.000000000
setA-17,1120,0.000000000
setA-17,1121,0.000000000
setA-17,1122,0.000000000
setA-17,1123,0.000000000
setA-17,1124,0.000000000
setA-17,1125,0.000000000
setA-17,1126,0.000000000
setA-17,1127,0.000000000
setA-17,1128,0.000000000
setA-17,1129,0.000000000
setA-17,1130,0.000000000
setA-17,1131,0.000000000
setA-17,1132,0.000000000
setA-17,1133,0.000000000
setA-17,1134,0.000000000
setA-17,1135,0.000000000
setA-17,1136,0.000000000
setA-17,1137,0.000000000
setA-17,1138,0.000000000
setA-17,1139,0.000000000
setA-17,1140,0.000000000
setA-17,1141,0.000000000
setA-17,1142,0.000000000
setA-17,1143,0.000000000
setA-17,1144,0.000000000
setA-17,1145,0.000000000
setA-17,1146,0.000000000
setA-17,1147,0.000000000
setA-17,1148,0.000000000
setA-17,1149,0.000000000
setA-17,1150,0.000000000
setA-17,1151,0.000000000
setA-17,1152,0.000000000
setA-17,1153,0.000000000
setA-17,1154,0.000000000
setA-17,1155,0.000000000
setA-17,1156,0.000000000
setA-17,1157,0.000000000
setA-17,1158,0.000000000
setA-17,1159,0.000000000
setA-17,1160,0.000000000
setA-17,1161,0.000000000
setA-17,1162,0.000000000
setA-17,1163,0.000000000
setA-17,1164,0.000000000
setA-17,1165,0.000000000
setA-17,1166,0.000000000
setA-17,1167,0.000000000
setA-17,1168,0.000000000
setA-17,1169,0.000000000
setA-17,1170,0.000000000
setA-17,1171,0.000000000
setA-17,1172,0.000000000
setA-17,1173,0.000000000
setA-17,1174,0.000000000
setA-17,1175,0.000000000
setA-17,1176,0.000000000
setA-17,1177,0.000000000
setA-17,1178,0.000000000
setA-17,1179,0.000000000
setA-17,1180,0.000000000
setA-17,1181,0.000000000
setA-17,1182,0.000000000
setA-17,1183,0.000000000
setA-17,1184,0.000000000
setA-17,1185,0.000000000
setA-17,1186,0.000000000
setA-17,1187,0.000000000
setA-17,1188,0.000000000
setA-17,1189,0.000000000
setA-17,1190,0.000000000
setA-17,1191,0.000000000
setA-17,1192,0.000000000
setA-17,1193,0.000000000
setA-17,1194,0.000000000
setA-17,1195,0.000000000
setA-17,1196,0.000000000
setA-17,1197,0.000000000
setA-17,1198,0.000000000
setA-17,1199,0.000000000
setA-17,1200,0.000000000
setA-17,1201,0.000000000
setA-17,1202,0.000000000
setA-17,1203,0.000000000
setA-17,1204,0.000000000
setA-17,1205,0.000000000
setA-17,1206,0.000000000
setA-17,1207,0.000000000
setA-17,1208,0.000000000
setA-17,1209,0.000000000
setA-17,1210,0.000000000
setA-17,1211,0.000000000
setA-17,1212,0.000000000
setA-17,1213,0.000000000
setA-17,1214,0.000000000
setA-17,1215,0.000000000
setA-17,1216,0.000000000
setA-17,1217,0.000000000
setA-17,1218,0.000000000
setA-17,1219,0.000000000
setA-17,1220,0.000000000
setA-17,1221,0.000000000
setA-17,1222,0.000000000
setA-17,1223,0.000000000
setA-17,1224,0.000000000
setA-17,1225,0.000000000
setA-17,1226,0.000000000
setA-17,1227,0.000000000
setA-17,1228,0.000000000
setA-17,1229,0.000000000
setA-17,1230,0.000000000
setA-17,1231,0.000000000
setA-17,1232,0.000000000
setA-17,1233,0.000000000
setA-17,1234,0.000000000
setA-17,1235,0.000000000
setA-17,1236,0.000000000
setA-17,1237,0.000000000
setA-17,1238,0.000000000
setA-17,1239,0.000000000
setA-17,1240,0.000000000
setA-17,1241,0.000000000
setA-17,1242,0.000000000
setA-17,1243,0.000000000
setA-17,1244,0.000000000
setA-17,1245,0.000000000
setA-17,1246,0.000000000
setA-17,1247,0.000000000
setA-17,1248,0.000000000
setA-17,1249,0.000000000
setA-17,1250,0.000000000
setA-17,1251,0.000000000
setA-17,1252,0.000000000
setA-17,1253,0.000000000
setA-17,1254,0.000000000
setA-17,1255,0.000000000
setA-17,1256,0.000000000
setA-17,1257,0.000000000
setA-17,1258,0.000000000
setA-17,1259,0.000000000
setA-17,1260,0.000000000
setA-17,1261,0.000000000
setA-17,1262,0.000000000
setA-17,1263,0.000000000
setA-17,1264,0.000000000
setA-17,1265,0.000000000
setA-17,1266,0.000000000
setA-17,1267,0.000000000
setA-17,1268,0.000000000
setA-17,1269,0.000000000
setA-17,1270,0.000000000
setA-18,1,0.999998765
setA-18,2,0.713053571
setA-18,3,0.633365497
setA-18,4,0.497129965
setA-18,5,0.488645669
setA-18,6,0.442875403
setA-18,7,0.442016466
setA-18,8,0.440464767
setA-18,9,0.400031940
setA-18,10,0.379532646
setA-18,11,0.359399295
setA-18,12,0.351199057
setA-18,13,0.340903211
setA-18,14,0.325331604
setA-18,15,0.324783283
setA-18,16,0.323176301
setA-18,17,0.321493367
setA-18,18,0.321200334
setA-18,19,0.320444023
setA-18,20,0.319692045
setA-18,21,0.319440992
setA-18,22,0.311847193
setA-18,23,0.310458235
setA-18,24,0.301934418
setA-18,25,0.297736728
setA-18,26,0.295176528
setA-18,27,0.291980759
setA-18,28,0.291323986
setA-18,29,0.290479642
setA-18,30,0.288000331
setA-18,31,0.287722207
setA-18,32,0.286734426
setA-18,33,0.285170513
setA-18,34,0.285123786
setA-18,35,0.281712737
setA-18,36,0.278424590
setA-18,37,0.274322987
setA-18,38,0.273475057
setA-18,39,0.273083088
setA-18,40,0.271412839
setA-18,41,0.268268691
setA-18,42,0.267531720
setA-18,43,0.267377483
setA-18,44,0.266591207
setA-18,45,0.266025499
setA-18,46,0.265417083
setA-18,47,0.264500846
setA-18,48,0.261924228
setA-18,49,0.259475610
setA-18,50,0.259213004
setA-18,51,0.255914588
setA-18,52,0.255727353
setA-18,53,0.255491374
setA-18,54,0.253991679
setA-18,55,0.252219656
setA-18,56,0.250109833
setA-18,57,0.245981242
setA-18,58,0.245886011
setA-18,59,0.245790977
setA-18,60,0.241983945
setA-18,61,0.241211545
setA-18,62,0.239672644
setA-18,63,0.238188150
setA-18,64,0.237527273
setA-18,65,0.237304335
setA-18,66,0.236389091
setA-18,67,0.236025464
setA-18,68,0.236023013
setA-18,69,0.234908942
setA-18,70,0.233204156
setA-18,71,0.232147737
setA-18,72,0.232129131
setA-18,73,0.229137194
setA-18,74,0.228683358
setA-18,75,0.228145022
setA-18,76,0.227406647
setA-18,77,0.227170386
setA-18,78,0.226120537
setA-18,79,0.225745176
setA-18,80,0.225365226
setA-18,81,0.224307377
setA-18,82,0.223497679
setA-18,83,0.223495897
setA-18,84,0.220877608
setA-18,85,0.220867006
setA-18,86,0.218778149
setA-18,87,0.218164993
setA-18,88,0.217349921
setA-18,89,0.217136175
setA-18,90,0.215895752
setA-18,91,0.215063987
setA-18,92,0.214397661
setA-18,93,0.214044551
setA-18,94,0.213765798
setA-18,95,0.211325866
setA-18,96,0.210730962
setA-18,97,0.210159959
setA-18,98,0.207956471
setA-18,99,0.207571176
setA-18,100,0.207500283
setA-18,101,0.205902689
setA-18,102,0.205845043
setA-18,103,0.205298502
setA-18,104,0.205297879
setA-18,105,0.205105140
setA-18,106,0.204028150
setA-18,107,0.202120183
setA-18,108,0.201746207
setA-18,109,0.201716025
setA-18,110,0.201175915
setA-18,111,0.200748894
setA-18,112,0.200132451
setA-18,113,0.199224335
setA-18,114,0.199140154
setA-18,115,0.198783801
setA-18,116,0.198737562
setA-18,117,0.198666844
setA-18,118,0.198234253
setA-18,119,0.197382784
setA-18,120,0.196631154
setA-18,121,0.196102147
setA-18,122,0.195928778
setA-18,123,0.194958447
setA-18,124,0.194918695
setA-18,125,0.194746237
setA-18,126,0.194675271
setA-18,127,0.193824218
setA-18,128,0.193709591
setA-18,129,0.193659172
setA-18,130,0.193542120
setA-18,131,0.193493750
setA-18,132,0.193461571
setA-18,133,0.193427489
setA-18,134,0.192478465
setA-18,135,0.192338502
setA-18,136,0.191378781
setA-18,137,0.191322304
setA-18,138,0.190464241
setA-18,139,0.189944308
setA-18,140,0.189816111
setA-18,141,0.189607602
setA-18,142,0.189449227
setA-18,143,0.189218724
setA-18,144,0.188573656
setA-18,145,0.188512076
setA-18,146,0.188130328
setA-18,147,0.187459135
setA-18,148,0.187316557
setA-18,149,0.187135024
setA-18,150,0.187014163
setA-18,151,0.185945842
setA-18,152,0.185889282
setA-18,153,0.184862233
setA-18,154,0.184473132
setA-18,155,0.184287202
setA-18,156,0.184068015
setA-18,157,0.183863834
setA-18,158,0.183726706
setA-18,159,0.182436364
setA-18,160,0.182310243
setA-18,161,0.182221810
setA-18,162,0.182188647
setA-18,163,0.182158927
setA-18,164,0.181862526
setA-18,165,0.181243443
setA-18,166,0.180852867
setA-18,167,0.180705613
setA-18,168,0.180240187
setA-18,169,0.180009045
setA-18,170,0.179957794
setA-18,171,0.179248895
setA-18,172,0.178606616
setA-18,173,0.178400821
setA-18,174,0.178022733
setA-18,175,0.177840251
setA-18,176,0.177713366
setA-18,177,0.177112575
setA-18,178,0.176878116
setA-18,179,0.176501257
setA-18,180,0.175795514
setA-18,181,0.175035119
setA-18,182,0.174140553
setA-18,183,0.173600335
setA-18,184,0.173588933
setA-18,185,0.173356122
setA-18,186,0.172823941
setA-18,187,0.172582897
setA-18,188,0.172211025
setA-18,189,0.171975096
setA-18,190,0.171933100
setA-18,191,0.171915410
setA-18,192,0.171853244
setA-18,193,0.171599669
setA-18,194,0.171571486
setA-18,195,0.170971410
setA-18,196,0.170526284
setA-18,197,0.170483774
setA-18,198,0.170473764
setA-18,199,0.170328873
setA-18,200,0.169788739
setA-18,201,0.169741141
setA-18,202,0.169262312
setA-18,203,0.169022338
setA-18,204,0.168822796
setA-18,205,0.168159945
setA-18,206,0.167985601
setA-18,207,0.167634679
setA-18,208,0.167196149
setA-18,209,0.167111074
setA-18,210,0.166868915
setA-18,211,0.166786880
setA-18,212,0.166624554
setA-18,213,0.166506667
setA-18,214,0.166306683
setA-18,215,0.165108320
setA-18,216,0.164757251
setA-18,217,0.164633392
setA-18,218,0.164562121
setA-18,219,0.164165584
setA-18,220,0.163879258
setA-18,221,0.163546328
setA-18,222,0.163220776
setA-18,223,0.162886010
setA-18,224,0.162755109
setA-18,225,0.162640162
setA-18,226,0.162387179
setA-18,227,0.162133832
setA-18,228,0.161999012
setA-18,229,0.161941018
setA-18,230,0.161634577
setA-18,231,0.161244866
setA-18,232,0.159997867
setA-18,233,0.159577619
setA-18,234,0.159407446
setA-18,235,0.158785838
setA-18,236,0.158645335
setA-18,237,0.158317176
setA-18,238,0.158257333
setA-18,239,0.158141333
setA-18,240,0.158036530
setA-18,241,0.157732458
setA-18,242,0.157663456
setA-18,243,0.157576402
setA-18,244,0.156908092
setA-18,245,0.156898318
setA-18,246,0.156693511
setA-18,247,0.156196302
setA-18,248,0.156195312
setA-18,249,0.156008245
setA-18,250,0.155940783
setA-18,251,0.155823121
setA-18,252,0.155769534
setA-18,253,0.155049667
setA-18,254,0.154906562
setA-18,255,0.154828614
setA-18,256,0.154506338
setA-18,257,0.154249241
setA-18,258,0.154006209
setA-18,259,0.152757973
setA-18,260,0.152584036
setA-18,261,0.152582048
setA-18,262,0.152145069
setA-18,263,0.152044393
setA-18,264,0.151832974
setA-18,265,0.151782482
setA-18,266,0.151593750
setA-18,267,0.151323315
setA-18,268,0.151251508
setA-18,269,0.150885288
setA-18,270,0.150617847
setA-18,271,0.150319540
setA-18,272,0.150179747
setA-18,273,0.149927018
setA-18,274,0.149820513
setA-18,275,0.149036659
setA-18,276,0.149027531
setA-18,277,0.148894553
setA-18,278,0.148821031
setA-18,279,0.148730508
setA-18,280,0.148672791
setA-18,281,0.148606957
setA-18,282,0.148514706
setA-18,283,0.148103594
setA-18,284,0.147836277
setA-18,285,0.147764231
setA-18,286,0.147742842
setA-18,287,0.147243321
setA-18,288,0.147164225
setA-18,289,0.147123566
setA-18,290,0.147068953
setA-18,291,0.146906452
setA-18,292,0.146647818
setA-18,293,0.146189800
setA-18,294,0.146042673
setA-18,295,0.145942054
setA-18,296,0.145109738
setA-18,297,0.145033540
setA-18,298,0.144784615
setA-18,299,0.144718266
setA-18,300,0.144123975
setA-18,301,0.143361514
setA-18,302,0.142963502
setA-18,303,0.142772085
setA-18,304,0.142673701
setA-18,305,0.142057850
setA-18,306,0.141602452
setA-18,307,0.141580488
setA-18,308,0.141567033
setA-18,309,0.141243492
setA-18,310,0.141071403
setA-18,311,0.141043088
setA-18,312,0.141021277
setA-18,313,0.140709577
setA-18,314,0.140274624
setA-18,315,0.140012608
setA-18,316,0.139817934
setA-18,317,0.139717683
setA-18,318,0.139662140
setA-18,319,0.139625692
setA-18,320,0.139536321
setA-18,321,0.139451460
setA-18,322,0.139300229
setA-18,323,0.139247137
setA-18,324,0.139164037
setA-18,325,0.139095474
setA-18,326,0.139007308
setA-18,327,0.138857854
setA-18,328,0.138694611
setA-18,329,0.138670444
setA-18,330,0.138179352
setA-18,331,0.137994330
setA-18,332,0.137935310
setA-18,333,0.137628034
setA-18,334,0.137266038
setA-18,335,0.136988425
setA-18,336,0.136984239
setA-18,337,0.136943176
setA-18,338,0.136597229
setA-18,339,0.136537903
setA-18,340,0.136201108
setA-18,341,0.136067400
setA-18,342,0.135839785
setA-18,343,0.135364851
setA-18,344,0.135270059
setA-18,345,0.135167879
setA-18,346,0.135132249
setA-18,347,0.135032725
setA-18,348,0.134817582
setA-18,349,0.134413537
setA-18,350,0.134043845
setA-18,351,0.133828530
setA-18,352,0.133530598
setA-18,353,0.132789869
setA-18,354,0.132698132
setA-18,355,0.132368856
setA-18,356,0.132330171
setA-18,357,0.132215784
setA-18,358,0.131983822
setA-18,359,0.131811037
setA-18,360,0.131719032
setA-18,361,0.131276562
setA-18,362,0.131073396
setA-18,363,0.131023221
setA-18,364,0.130599676
setA-18,365,0.130524284
setA-18,366,0.130423285
setA-18,367,0.130342633
setA-18,368,0.130319096
setA-18,369,0.129992769
setA-18,370,0.129987734
setA-18,371,0.129666777
setA-18,372,0.129225764
setA-18,373,0.128894553
setA-18,374,0.128629847
setA-18,375,0.128564205
setA-18,376,0.128472573
setA-18,377,0.128427094
setA-18,378,0.128362687
setA-18,379,0.128319959
setA-18,380,0.128257119
setA-18,381,0.128211958
setA-18,382,0.128119758
setA-18,383,0.127767113
setA-18,384,0.127560825
setA-18,385,0.127375227
setA-18,386,0.127058824
setA-18,387,0.126993322
setA-18,388,0.126696850
setA-18,389,0.126610270
setA-18,390,0.126153213
setA-18,391,0.125852045
setA-18,392,0.125737146
setA-18,393,0.125590415
setA-18,394,0.124370964
setA-18,395,0.124367545
setA-18,396,0.124283333
setA-18,397,0.124277778
setA-18,398,0.123716512
setA-18,399,0.123697454
setA-18,400,0.123558954
setA-18,401,0.123050395
setA-18,402,0.122905964
setA-18,403,0.122594203
setA-18,404,0.122480958
setA-18,405,0.122315714
setA-18,406,0.122206667
setA-18,407,0.122037638
setA-18,408,0.121567846
setA-18,409,0.121495221
setA-18,410,0.121365505
setA-18,411,0.121345108
setA-18,412,0.120986226
setA-18,413,0.120943032
setA-18,414,0.120392375
setA-18,415,0.120372233
setA-18,416,0.120167615
setA-18,417,0.119997304
setA-18,418,0.119694631
setA-18,419,0.118966303
setA-18,420,0.118572890
setA-18,421,0.117484358
setA-18,422,0.117444483
setA-18,423,0.117257746
setA-18,424,0.116909937
setA-18,425,0.116839459
setA-18,426,0.116646939
setA-18,427,0.115551905
setA-18,428,0.115342905
setA-18,429,0.115242062
setA-18,430,0.115000485
setA-18,431,0.114788761
setA-18,432,0.114496422
setA-18,433,0.114365915
setA-18,434,0.114318954
setA-18,435,0.114009756
setA-18,436,0.113747312
setA-18,437,0.113722828
setA-18,438,0.113620730
setA-18,439,0.113589359
setA-18,440,0.113523404
setA-18,441,0.113513812
setA-18,442,0.113306610
setA-18,443,0.113154321
setA-18,444,0.113041333
setA-18,445,0.112480600
setA-18,446,0.112117230
setA-18,447,0.111994101
setA-18,448,0.111943643
setA-18,449,0.111736483
setA-18,450,0.111707600
setA-18,451,0.111667534
setA-18,452,0.111314087
setA-18,453,0.111022500
setA-18,454,0.111022207
setA-18,455,0.110880794
setA-18,456,0.110863168
setA-18,457,0.110486198
setA-18,458,0.110287680
setA-18,459,0.110164650
setA-18,460,0.109710207
setA-18,461,0.109473443
setA-18,462,0.109342839
setA-18,463,0.109196675
setA-18,464,0.109193827
setA-18,465,0.109128348
setA-18,466,0.108987966
setA-18,467,0.108738941
setA-18,468,0.108588372
setA-18,469,0.108584615
setA-18,470,0.108402604
setA-18,471,0.107990289
setA-18,472,0.107708847
setA-18,473,0.107414248
setA-18,474,0.106985921
setA-18,475,0.106718238
setA-18,476,0.106699242
setA-18,477,0.106266460
setA-18,478,0.106242682
setA-18,479,0.106205839
setA-18,480,0.106067885
setA-18,481,0.106060427
setA-18,482,0.105954511
setA-18,483,0.105367657
setA-18,484,0.105354444
setA-18,485,0.105342122
setA-18,486,0.105231634
setA-18,487,0.105205697
setA-18,488,0.105188596
setA-18,489,0.105037521
setA-18,490,0.104938261
setA-18,491,0.104864549
setA-18,492,0.104854869
setA-18,493,0.104509727
setA-18,494,0.104433333
setA-18,495,0.104416930
setA-18,496,0.104354344
setA-18,497,0.104101905
setA-18,498,0.104005674
setA-18,499,0.103985944
setA-18,500,0.103880030
setA-18,501,0.103839290
setA-18,502,0.103816852
setA-18,503,0.103625536
setA-18,504,0.103567798
setA-18,505,0.103564972
setA-18,506,0.103401901
setA-18,507,0.103394890
setA-18,508,0.103342126
setA-18,509,0.103019931
setA-18,510,0.102922900
setA-18,511,0.102915710
setA-18,512,0.102859552
setA-18,513,0.102688558
setA-18,514,0.102475000
setA-18,515,0.102446181
setA-18,516,0.102415346
setA-18,517,0.102405791
setA-18,518,0.102039921
setA-18,519,0.101777950
setA-18,520,0.101688166
setA-18,521,0.101612325
setA-18,522,0.101583421
setA-18,523,0.101501194
setA-18,524,0.101415141
setA-18,525,0.101378715
setA-18,526,0.101359247
setA-18,527,0.100920546
setA-18,528,0.100777778
setA-18,529,0.100609655
setA-18,530,0.100424339
setA-18,531,0.100384000
setA-18,532,0.100327484
setA-18,533,0.099918373
setA-18,534,0.099886368
setA-18,535,0.099874280
setA-18,536,0.099849479
setA-18,537,0.099815673
setA-18,538,0.099727014
setA-18,539,0.099707466
setA-18,540,0.099634358
setA-18,541,0.099562060
setA-18,542,0.099486413
setA-18,543,0.099450469
setA-18,544,0.099284406
setA-18,545,0.099245114
setA-18,546,0.099238242
setA-18,547,0.099164496
setA-18,548,0.098910800
setA-18,549,0.098816034
setA-18,550,0.098524704
setA-18,551,0.098517874
setA-18,552,0.098416769
setA-18,553,0.098066914
setA-18,554,0.097866076
setA-18,555,0.097647636
setA-18,556,0.097608696
setA-18,557,0.097486247
setA-18,558,0.097431207
setA-18,559,0.097401594
setA-18,560,0.097173093
setA-18,561,0.097050068
setA-18,562,0.096928690
setA-18,563,0.096837723
setA-18,564,0.096727767
setA-18,565,0.096488106
setA-18,566,0.096460638
setA-18,567,0.096222672
setA-18,568,0.096210283
setA-18,569,0.096177382
setA-18,570,0.095897200
setA-18,571,0.095562967
setA-18,572,0.095533178
setA-18,573,0.095474074
setA-18,574,0.095295327
setA-18,575,0.095277721
setA-18,576,0.095251890
setA-18,577,0.095106978
setA-18,578,0.094409180
setA-18,579,0.094393187
setA-18,580,0.094281692
setA-18,581,0.094036559
setA-18,582,0.093980021
setA-18,583,0.093816689
setA-18,584,0.093782721
setA-18,585,0.093648191
setA-18,586,0.093370410
setA-18,587,0.093266329
setA-18,588,0.093237387
setA-18,589,0.093036170
setA-18,590,0.092855316
setA-18,591,0.092845195
setA-18,592,0.092629787
setA-18,593,0.092406736
setA-18,594,0.092353047
setA-18,595,0.092324227
setA-18,596,0.092316339
setA-18,597,0.092246479
setA-18,598,0.092221417
setA-18,599,0.092023092
setA-18,600,0.091968549
setA-18,601,0.091847140
setA-18,602,0.091742759
setA-18,603,0.091551156
setA-18,604,0.091551104
setA-18,605,0.091305964
setA-18,606,0.091244564
setA-18,607,0.090915732
setA-18,608,0.090847905
setA-18,609,0.090712339
setA-18,610,0.090619492
setA-18,611,0.090591096
setA-18,612,0.090199276
setA-18,613,0.090179046
setA-18,614,0.089734185
setA-18,615,0.089329579
setA-18,616,0.089227570
setA-18,617,0.088999136
setA-18,618,0.088975654
setA-18,619,0.088877576
setA-18,620,0.088810925
setA-18,621,0.088785091
setA-18,622,0.088673441
setA-18,623,0.088573950
setA-18,624,0.088569085
setA-18,625,0.088534679
setA-18,626,0.088502751
setA-18,627,0.088302651
setA-18,628,0.088171677
setA-18,629,0.088115603
setA-18,630,0.088109556
setA-18,631,0.088068522
setA-18,632,0.087981013
setA-18,633,0.087688641
setA-18,634,0.087625000
setA-18,635,0.087442479
setA-18,636,0.087173555
setA-18,637,0.086960453
setA-18,638,0.086863951
setA-18,639,0.086862745
setA-18,640,0.086814851
setA-18,641,0.086608393
setA-18,642,0.086229175
setA-18,643,0.086158643
setA-18,644,0.085906953
setA-18,645,0.085820267
setA-18,646,0.085739461
setA-18,647,0.085658133
setA-18,648,0.085641932
setA-18,649,0.085587801
setA-18,650,0.085284305
setA-18,651,0.085185744
setA-18,652,0.085098021
setA-18,653,0.085042361
setA-18,654,0.084951367
setA-18,655,0.084888858
setA-18,656,0.084627430
setA-18,657,0.084575732
setA-18,658,0.084522426
setA-18,659,0.084414665
setA-18,660,0.084286869
setA-18,661,0.084249324
setA-18,662,0.084231926
setA-18,663,0.084104519
setA-18,664,0.083989316
setA-18,665,0.083798510
setA-18,666,0.083653333
setA-18,667,0.083478000
setA-18,668,0.083475169
setA-18,669,0.083437915
setA-18,670,0.083097685
setA-18,671,0.082851977
setA-18,672,0.082849668
setA-18,673,0.082808418
setA-18,674,0.082786285
setA-18,675,0.082659912
setA-18,676,0.082512206
setA-18,677,0.082281136
setA-18,678,0.082107386
setA-18,679,0.081963443
setA-18,680,0.081807843
setA-18,681,0.081586742
setA-18,682,0.081563348
setA-18,683,0.081459289
setA-18,684,0.081263808
setA-18,685,0.081239545
setA-18,686,0.081162735
setA-18,687,0.081107880
setA-18,688,0.081060215
setA-18,689,0.080651370
setA-18,690,0.080500288
setA-18,691,0.080410000
setA-18,692,0.080289420
setA-18,693,0.080189579
setA-18,694,0.080133966
setA-18,695,0.080051202
setA-18,696,0.079871721
setA-18,697,0.079726494
setA-18,698,0.079518019
setA-18,699,0.079386220
setA-18,700,0.079281710
setA-18,701,0.079248122
setA-18,702,0.079192068
setA-18,703,0.078894107
setA-18,704,0.078817983
setA-18,705,0.078638757
setA-18,706,0.078630105
setA-18,707,0.078411308
setA-18,708,0.078257377
setA-18,709,0.078163066
setA-18,710,0.078051460
setA-18,711,0.077822078
setA-18,712,0.077761020
setA-18,713,0.077510617
setA-18,714,0.077470000
setA-18,715,0.077403537
setA-18,716,0.077384046
setA-18,717,0.077321914
setA-18,718,0.077318135
setA-18,719,0.077169772
setA-18,720,0.076676265
setA-18,721,0.076320584
setA-18,722,0.075961749
setA-18,723,0.075825569
setA-18,724,0.075799545
setA-18,725,0.075790231
setA-18,726,0.075608174
setA-18,727,0.075493623
setA-18,728,0.075481410
setA-18,729,0.075319834
setA-18,730,0.075192373
setA-18,731,0.074999774
setA-18,732,0.074789857
setA-18,733,0.074688936
setA-18,734,0.074626230
setA-18,735,0.074563391
setA-18,736,0.074516159
setA-18,737,0.074401233
setA-18,738,0.074368900
setA-18,739,0.074253280
setA-18,740,0.074110467
setA-18,741,0.074046082
setA-18,742,0.074039929
setA-18,743,0.073955817
setA-18,744,0.073765563
setA-18,745,0.073745338
setA-18,746,0.073663556
setA-18,747,0.073655007
setA-18,748,0.073580819
setA-18,749,0.073369130
setA-18,750,0.073350172
setA-18,751,0.073349639
setA-18,752,0.073230585
setA-18,753,0.072933459
setA-18,754,0.072764403
setA-18,755,0.072673315
setA-18,756,0.072669614
setA-18,757,0.072513971
setA-18,758,0.072250378
setA-18,759,0.072215109
setA-18,760,0.072202148
setA-18,761,0.072094778
setA-18,762,0.071874312
setA-18,763,0.071812772
setA-18,764,0.071622894
setA-18,765,0.071620607
setA-18,766,0.071543389
setA-18,767,0.071542348
setA-18,768,0.071535488
setA-18,769,0.071524576
setA-18,770,0.071329477
setA-18,771,0.071296673
setA-18,772,0.071210526
setA-18,773,0.071182165
setA-18,774,0.071154397
setA-18,775,0.070788288
setA-18,776,0.070778000
setA-18,777,0.070182264
setA-18,778,0.069980000
setA-18,779,0.069884354
setA-18,780,0.069816761
setA-18,781,0.069737500
setA-18,782,0.069675148
setA-18,783,0.069646724
setA-18,784,0.069559439
setA-18,785,0.069258898
setA-18,786,0.069198148
setA-18,787,0.069069856
setA-18,788,0.069043220
setA-18,789,0.068983960
setA-18,790,0.068908108
setA-18,791,0.068820089
setA-18,792,0.068766892
setA-18,793,0.068666788
setA-18,794,0.068270273
setA-18,795,0.068244941
setA-18,796,0.068228713
setA-18,797,0.068066562
setA-18,798,0.067815455
setA-18,799,0.067516041
setA-18,800,0.067313171
setA-18,801,0.067266594
setA-18,802,0.067076496
setA-18,803,0.067031993
setA-18,804,0.066980763
setA-18,805,0.066866667
setA-18,806,0.066653727
setA-18,807,0.066502586
setA-18,808,0.066116409
setA-18,809,0.066047585
setA-18,810,0.065873732
setA-18,811,0.065821875
setA-18,812,0.065730288
setA-18,813,0.065718375
setA-18,814,0.065675845
setA-18,815,0.065664729
setA-18,816,0.065611894
setA-18,817,0.065532396
setA-18,818,0.065503478
setA-18,819,0.065355326
setA-18,820,0.065327655
setA-18,821,0.065267759
setA-18,822,0.064878693
setA-18,823,0.064531231
setA-18,824,0.063860581
setA-18,825,0.063808173
setA-18,826,0.063558214
setA-18,827,0.063525566
setA-18,828,0.063318506
setA-18,829,0.063308824
setA-18,830,0.063287627
setA-18,831,0.063219257
setA-18,832,0.063201056
setA-18,833,0.063079229
setA-18,834,0.063065443
setA-18,835,0.062992931
setA-18,836,0.062900654
setA-18,837,0.062853646
setA-18,838,0.062714313
setA-18,839,0.062372257
setA-18,840,0.062057813
setA-18,841,0.061983925
setA-18,842,0.061822646
setA-18,843,0.061782702
setA-18,844,0.061682656
setA-18,845,0.061672128
setA-18,846,0.061587965
setA-18,847,0.061489060
setA-18,848,0.061447744
setA-18,849,0.061201282
setA-18,850,0.061187106
setA-18,851,0.061171700
setA-18,852,0.061103226
setA-18,853,0.060784107
setA-18,854,0.060733150
setA-18,855,0.060642257
setA-18,856,0.060524382
setA-18,857,0.060490899
setA-18,858,0.060470325
setA-18,859,0.060346698
setA-18,860,0.060319897
setA-18,861,0.060228855
setA-18,862,0.060210519
setA-18,863,0.060200892
setA-18,864,0.060129806
setA-18,865,0.059708845
setA-18,866,0.059692362
setA-18,867,0.059684153
setA-18,868,0.059405914
setA-18,869,0.059266203
setA-18,870,0.059220000
setA-18,871,0.058753036
setA-18,872,0.058712150
setA-18,873,0.058620542
setA-18,874,0.058563164
setA-18,875,0.058296466
setA-18,876,0.058161707
setA-18,877,0.058056485
setA-18,878,0.058018846
setA-18,879,0.057878767
setA-18,880,0.057624752
setA-18,881,0.057620815
setA-18,882,0.057606506
setA-18,883,0.057566502
setA-18,884,0.057531250
setA-18,885,0.057391061
setA-18,886,0.057386762
setA-18,887,0.057099029
setA-18,888,0.057079657
setA-18,889,0.056918391
setA-18,890,0.056912144
setA-18,891,0.056892938
setA-18,892,0.056799307
setA-18,893,0.056745768
setA-18,894,0.056460986
setA-18,895,0.056388395
setA-18,896,0.056380757
setA-18,897,0.056146895
setA-18,898,0.055874091
setA-18,899,0.055869815
setA-18,900,0.055825852
setA-18,901,0.055503698
setA-18,902,0.055295652
setA-18,903,0.055187139
setA-18,904,0.055039419
setA-18,905,0.054733458
setA-18,906,0.054671579
setA-18,907,0.054619961
setA-18,908,0.054605882
setA-18,909,0.054388352
setA-18,910,0.054377313
setA-18,911,0.054260181
setA-18,912,0.054229000
setA-18,913,0.054175727
setA-18,914,0.054047434
setA-18,915,0.054042796
setA-18,916,0.054031111
setA-18,917,0.053883069
setA-18,918,0.053644147
setA-18,919,0.053627964
setA-18,920,0.053496524
setA-18,921,0.053465397
setA-18,922,0.052895224
setA-18,923,0.052877592
setA-18,924,0.052816811
setA-18,925,0.052646215
setA-18,926,0.052570421
setA-18,927,0.052476529
setA-18,928,0.052466314
setA-18,929,0.052418822
setA-18,930,0.052399564
setA-18,931,0.052282409
setA-18,932,0.052213169
setA-18,933,0.052011661
setA-18,934,0.051982801
setA-18,935,0.051958503
setA-18,936,0.051929178
setA-18,937,0.051686345
setA-18,938,0.051408654
setA-18,939,0.051399224
setA-18,940,0.051292669
setA-18,941,0.051194730
setA-18,942,0.051070728
setA-18,943,0.051040811
setA-18,944,0.050945279
setA-18,945,0.050919380
setA-18,946,0.050919373
setA-18,947,0.050740141
setA-18,948,0.050736625
setA-18,949,0.050427072
setA-18,950,0.050336387
setA-18,951,0.050296387
setA-18,952,0.050046774
setA-18,953,0.049789647
setA-18,954,0.049355085
setA-18,955,0.049287500
setA-18,956,0.049276882
setA-18,957,0.049011152
setA-18,958,0.048941990
setA-18,959,0.048876712
setA-18,960,0.048548583
setA-18,961,0.048239409
setA-18,962,0.048062486
setA-18,963,0.048039367
setA-18,964,0.048027978
setA-18,965,0.047885363
setA-18,966,0.047481529
setA-18,967,0.047417344
setA-18,968,0.047145779
setA-18,969,0.047096379
setA-18,970,0.047057172
setA-18,971,0.046463750
setA-18,972,0.046325495
setA-18,973,0.046218783
setA-18,974,0.045886264
setA-18,975,0.045844140
setA-18,976,0.045720768
setA-18,977,0.045625166
setA-18,978,0.045597186
setA-18,979,0.045148444
setA-18,980,0.044809067
setA-18,981,0.044728881
setA-18,982,0.044690987
setA-18,983,0.044645357
setA-18,984,0.044554487
setA-18,985,0.044417436
setA-18,986,0.044388577
setA-18,987,0.044289664
setA-18,988,0.044166048
setA-18,989,0.043865505
setA-18,990,0.043816881
setA-18,991,0.043496828
setA-18,992,0.043392674
setA-18,993,0.043066747
setA-18,994,0.042779138
setA-18,995,0.042562595
setA-18,996,0.042478182
setA-18,997,0.042220556
setA-18,998,0.041807368
setA-18,999,0.041725617
setA-18,1000,0.041661287
setA-18,1001,0.041632787
setA-18,1002,0.041193258
setA-18,1003,0.041013652
setA-18,1004,0.040869549
setA-18,1005,0.040834012
setA-18,1006,0.040826796
setA-18,1007,0.040772464
setA-18,1008,0.040576389
setA-18,1009,0.040514130
setA-18,1010,0.040482333
setA-18,1011,0.040412169
setA-18,1012,0.040353079
setA-18,1013,0.040112770
setA-18,1014,0.040003500
setA-18,1015,0.039925505
setA-18,1016,0.039483211
setA-18,1017,0.039480589
setA-18,1018,0.039383125
setA-18,1019,0.039135091
setA-18,1020,0.038817136
setA-18,1021,0.038808919
setA-18,1022,0.038746458
setA-18,1023,0.038657975
setA-18,1024,0.038062983
setA-18,1025,0.037990625
setA-18,1026,0.037678013
setA-18,1027,0.037587500
setA-18,1028,0.037440686
setA-18,1029,0.036775062
setA-18,1030,0.036622821
setA-18,1031,0.035986346
setA-18,1032,0.035863942
setA-18,1033,0.035643619
setA-18,1034,0.035571673
setA-18,1035,0.035446066
setA-18,1036,0.035431701
setA-18,1037,0.035342674
setA-18,1038,0.035146667
setA-18,1039,0.034798069
setA-18,1040,0.034689330
setA-18,1041,0.034618902
setA-18,1042,0.034342774
setA-18,1043,0.034243608
setA-18,1044,0.034106289
setA-18,1045,0.033917785
setA-18,1046,0.033636742
setA-18,1047,0.033318854
setA-18,1048,0.033069274
setA-18,1049,0.032959099
setA-18,1050,0.032362676
setA-18,1051,0.032329284
setA-18,1052,0.032274032
setA-18,1053,0.032038087
setA-18,1054,0.031998135
setA-18,1055,0.031741883
setA-18,1056,0.031704403
setA-18,1057,0.031450210
setA-18,1058,0.031183204
setA-18,1059,0.030880294
setA-18,1060,0.030551685
setA-18,1061,0.030454507
setA-18,1062,0.030396816
setA-18,1063,0.029994161
setA-18,1064,0.029780734
setA-18,1065,0.029740455
setA-18,1066,0.029593358
setA-18,1067,0.029419331
setA-18,1068,0.028946517
setA-18,1069,0.028870694
setA-18,1070,0.028583640
setA-18,1071,0.028388791
setA-18,1072,0.028215007
setA-18,1073,0.028164583
setA-18,1074,0.027911898
setA-18,1075,0.027867983
setA-18,1076,0.027436269
setA-18,1077,0.027403053
setA-18,1078,0.027363240
setA-18,1079,0.027051042
setA-18,1080,0.027038010
setA-18,1081,0.026851953
setA-18,1082,0.026754798
setA-18,1083,0.026702734
setA-18,1084,0.026606607
setA-18,1085,0.026456627
setA-18,1086,0.026356137
setA-18,1087,0.026240169
setA-18,1088,0.026203812
setA-18,1089,0.026144499
setA-18,1090,0.025723575
setA-18,1091,0.025239741
setA-18,1092,0.025222388
setA-18,1093,0.024584531
setA-18,1094,0.024513514
setA-18,1095,0.024441263
setA-18,1096,0.024163961
setA-18,1097,0.023868371
setA-18,1098,0.023742971
setA-18,1099,0.023603125
setA-18,1100,0.023537143
setA-18,1101,0.023349093
setA-18,1102,0.023324301
setA-18,1103,0.023181323
setA-18,1104,0.023070227
setA-18,1105,0.022974880
setA-18,1106,0.022754583
setA-18,1107,0.022684741
setA-18,1108,0.022660166
setA-18,1109,0.022504464
setA-18,1110,0.022487310
setA-18,1111,0.022302600
setA-18,1112,0.021913452
setA-18,1113,0.021869537
setA-18,1114,0.021692363
setA-18,1115,0.021522680
setA-18,1116,0.021481563
setA-18,1117,0.021189032
setA-18,1118,0.020894022
setA-18,1119,0.020761547
setA-18,1120,0.020747761
setA-18,1121,0.020540470
setA-18,1122,0.020138005
setA-18,1123,0.020075529
setA-18,1124,0.019541806
setA-18,1125,0.019513715
setA-18,1126,0.019403722
setA-18,1127,0.019343913
setA-18,1128,0.019205814
setA-18,1129,0.019164364
setA-18,1130,0.019094643
setA-18,1131,0.018992647
setA-18,1132,0.018913016
setA-18,1133,0.018821203
setA-18,1134,0.018665367
setA-18,1135,0.017868578
setA-18,1136,0.017814286
setA-18,1137,0.017458045
setA-18,1138,0.017444568
setA-18,1139,0.017285789
setA-18,1140,0.016417944
setA-18,1141,0.016246409
setA-18,1142,0.015811754
setA-18,1143,0.015794444
setA-18,1144,0.015792481
setA-18,1145,0.015685119
setA-18,1146,0.015674261
setA-18,1147,0.015592964
setA-18,1148,0.015228062
setA-18,1149,0.015078970
setA-18,1150,0.015059268
setA-18,1151,0.015015635
setA-18,1152,0.014936444
setA-18,1153,0.014896454
setA-18,1154,0.014749850
setA-18,1155,0.013853612
setA-18,1156,0.013613508
setA-18,1157,0.012729787
setA-18,1158,0.012619870
setA-18,1159,0.012360166
setA-18,1160,0.012334472
setA-18,1161,0.011928671
setA-18,1162,0.011533725
setA-18,1163,0.011444062
setA-18,1164,0.010776820
setA-18,1165,0.010556504
setA-18,1166,0.010288584
setA-18,1167,0.010104036
setA-18,1168,0.010079472
setA-18,1169,0.010050000
setA-18,1170,0.009745697
setA-18,1171,0.009581601
setA-18,1172,0.009077869
setA-18,1173,0.008023109
setA-18,1174,0.007969938
setA-18,1175,0.007647529
setA-18,1176,0.006955498
setA-18,1177,0.006951348
setA-18,1178,0.006734870
setA-18,1179,0.006621368
setA-18,1180,0.006594426
setA-18,1181,0.006453047
setA-18,1182,0.005936771
setA-18,1183,0.005528686
setA-18,1184,0.005081996
setA-18,1185,0.005020188
setA-18,1186,0.004896154
setA-18,1187,0.004851256
setA-18,1188,0.004192878
setA-18,1189,0.004192878
setA-18,1190,0.003975890
setA-18,1191,0.003457847
setA-18,1192,0.002235948
setA-18,1193,0.000000000
setA-18,1194,0.000000000
setA-18,1195,0.000000000
setA-18,1196,0.000000000
setA-18,1197,0.000000000
setA-18,1198,0.000000000
setA-18,1199,0.000000000
setA-18,1200,0.000000000
setA-18,1201,0.000000000
setA-18,1202,0.000000000
setA-18,1203,0.000000000
setA-18,1204,0.000000000
setA-18,1205,0.000000000
setA-18,1206,0.000000000
setA-18,1207,0.000000000
setA-18,1208,0.000000000
setA-18,1209,0.000000000
setA-18,1210,0.000000000
setA-18,1211,0.000000000
setA-18,1212,0.000000000
setA-18,1213,0.000000000
setA-18,1214,0.000000000
setA-18,1215,0.000000000
setA-18,1216,0.000000000
setA-18,1217,0.000000000
setA-18,1218,0.000000000
setA-18,1219,0.000000000
setA-18,1220,0.000000000
setA-18,1221,0.000000000
setA-18,1222,0.000000000
setA-18,1223,0.000000000
setA-18,1224,0.000000000
setA-18,1225,0.000000000
setA-18,1226,0.000000000
setA-18,1227,0.000000000
setA-18,1228,0.000000000
setA-18,1229,0.000000000
setA-18,1230,0.000000000
setA-18,1231,0.000000000
setA-18,1232,0.000000000
setA-18,1233,0.000000000
setA-18,1234,0.000000000
setA-18,1235,0.000000000
setA-18,1236,0.000000000
setA-18,1237,0.000000000
setA-18,1238,0.000000000
setA-18,1239,0.000000000
setA-18,1240,0.000000000
setA-18,1241,0.000000000
setA-18,1242,0.000000000
setA-18,1243,0.000000000
setA-18,1244,0.000000000
setA-18,1245,0.000000000
setA-18,1246,0.000000000
setA-18,1247,0.000000000
setA-18,1248,0.000000000
setA-18,1249,0.000000000
setA-18,1250,0.000000000
setA-18,1251,0.000000000
setA-18,1252,0.000000000
setA-18,1253,0.000000000
setA-18,1254,0.000000000
setA-18,1255,0.000000000
setA-18,1256,0.000000000
setA-18,1257,0.000000000
setA-18,1258,0.000000000
setA-18,1259,0.000000000
setA-18,1260,0.000000000
setA-18,1261,0.000000000
setA-18,1262,0.000000000
setA-18,1263,0.000000000
setA-18,1264,0.000000000
setA-18,1265,0.000000000
setA-18,1266,0.000000000
setA-18,1267,0.000000000
setA-18,1268,0.000000000
setA-18,1269,0.000000000
setA-18,1270,0.000000000
setA-18,1271,0.000000000
setA-18,1272,0.000000000
setA-18,1273,0.000000000
setA-18,1274,0.000000000
setA-18,1275,0.000000000
setA-18,1276,0.000000000
setA-18,1277,0.000000000
setA-18,1278,0.000000000
setA-18,1279,0.000000000
setA-18,1280,0.000000000
setA-18,1281,0.000000000
setA-18,1282,0.000000000
setA-18,1283,0.000000000
setA-18,1284,0.000000000
setA-18,1285,0.000000000
setA-18,1286,0.000000000
setA-18,1287,0.000000000
setA-18,1288,0.000000000
setA-18,1289,0.000000000
setA-18,1290,0.000000000
setA-18,1291,0.000000000
setA-18,1292,0.000000000
setA-18,1293,0.000000000
setA-18,1294,0.000000000
setA-18,1295,0.000000000
setA-18,1296,0.000000000
setA-18,1297,0.000000000
setA-18,1298,0.000000000
setA-18,1299,0.000000000
setA-18,1300,0.000000000
setA-18,1301,0.000000000
setA-18,1302,0.000000000
setA-18,1303,0.000000000
setA-18,1304,0.000000000
setA-18,1305,0.000000000
setA-18,1306,0.000000000
setA-18,1307,0.000000000
setA-18,1308,0.000000000
setA-18,1309,0.000000000
setA-18,1310,0.000000000
setA-18,1311,0.000000000
setA-18,1312,0.000000000
setA-18,1313,0.000000000
setA-18,1314,0.000000000
setA-18,1315,0.000000000
setA-18,1316,0.000000000
setA-18,1317,0.000000000
setA-18,1318,0.000000000
setA-18,1319,0.000000000
setA-18,1320,0.000000000
setA-18,1321,0.000000000
setA-18,1322,0.000000000
setA-18,1323,0.000000000
setA-18,1324,0.000000000
setA-18,1325,0.000000000
setA-18,1326,0.000000000
setA-18,1327,0.000000000
setA-18,1328,0.000000000
setA-18,1329,0.000000000
setA-18,1330,0.000000000
setA-18,1331,0.000000000
setA-18,1332,0.000000000
setA-18,1333,0.000000000
setA-18,1334,0.000000000
setA-18,1335,0.000000000
setA-18,1336,0.000000000
setA-18,1337,0.000000000
setA-18,1338,0.000000000
setA-18,1339,0.000000000
setA-18,1340,0.000000000
setA-18,1341,0.000000000
setA-18,1342,0.000000000
setA-18,1343,0.000000000
setA-18,1344,0.000000000
setA-18,1345,0.000000000
setA-18,1346,0.000000000
setA-18,1347,0.000000000
setA-18,1348,0.000000000
setA-18,1349,0.000000000
setA-18,1350,0.000000000
setA-18,1351,0.000000000
setA-18,1352,0.000000000
setA-18,1353,0.000000000
setA-18,1354,0.000000000
setA-18,1355,0.000000000
setA-18,1356,0.000000000
setA-18,1357,0.000000000
setA-18,1358,0.000000000
setA-18,1359,0.000000000
setA-18,1360,0.000000000
setA-18,1361,0.000000000
setA-18,1362,0.000000000
setA-18,1363,0.000000000
setA-18,1364,0.000000000
setA-18,1365,0.000000000
setA-18,1366,0.000000000
setA-18,1367,0.000000000
setA-18,1368,0.000000000
setA-18,1369,0.000000000
setA-18,1370,0.000000000
setA-18,1371,0.000000000
setA-18,1372,0.000000000
setA-18,1373,0.000000000
setA-18,1374,0.000000000
setA-18,1375,0.000000000
setA-18,1376,0.000000000
setA-18,1377,0.000000000
setA-18,1378,0.000000000
setA-18,1379,0.000000000
setA-18,1380,0.000000000
setA-18,1381,0.000000000
setA-18,1382,0.000000000
setA-18,1383,0.000000000
setA-18,1384,0.000000000
setA-18,1385,0.000000000
setA-18,1386,0.000000000
setA-18,1387,0.000000000
setA-18,1388,0.000000000
setA-18,1389,0.000000000
setA-18,1390,0.000000000
setA-18,1391,0.000000000
setA-18,1392,0.000000000
setA-18,1393,0.000000000
setA-18,1394,0.000000000
setA-18,1395,0.000000000
setA-18,1396,0.000000000
setA-18,1397,0.000000000
setA-18,1398,0.000000000
setA-18,1399,0.000000000
setA-18,1400,0.000000000
setA-18,1401,0.000000000
setA-18,1402,0.000000000
setA-18,1403,0.000000000
setA-18,1404,0.000000000
setA-18,1405,0.000000000
setA-18,1406,0.000000000
setA-18,1407,0.000000000
setA-18,1408,0.000000000
setA-18,1409,0.000000000
setA-18,1410,0.000000000
setA-18,1411,0.000000000
setA-18,1412,0.000000000
setA-18,1413,0.000000000
setA-18,1414,0.000000000
setA-18,1415,0.000000000
setA-18,1416,0.000000000
setA-18,1417,0.000000000
setA-18,1418,0.000000000
setA-18,1419,0.000000000
setA-18,1420,0.000000000
setA-18,1421,0.000000000
setA-18,1422,0.000000000
setA-18,1423,0.000000000
setA-18,1424,0.000000000
setA-18,1425,0.000000000
setA-18,1426,0.000000000
setA-18,1427,0.000000000
setA-18,1428,0.000000000
setA-18,1429,0.000000000
setA-18,1430,0.000000000
setA-18,1431,0.000000000
setA-18,1432,0.000000000
setA-18,1433,0.000000000
setA-18,1434,0.000000000
setA-18,1435,0.000000000
setA-18,1436,0.000000000
setA-18,1437,0.000000000
setA-18,1438,0.000000000
setA-18,1439,0.000000000
setA-18,1440,0.000000000
setA-18,1441,0.000000000
setA-18,1442,0.000000000
setA-18,1443,0.000000000
setA-18,1444,0.000000000
setA-18,1445,0.000000000
setA-18,1446,0.000000000
setA-18,1447,0.000000000
setA-18,1448,0.000000000
setA-18,1449,0.000000000
setA-18,1450,0.000000000
setA-18,1451,0.000000000
setA-18,1452,0.000000000
setA-18,1453,0.000000000
setA-18,1454,0.000000000
setA-18,1455,0.000000000
setA-18,1456,0.000000000
setA-18,1457,0.000000000
setA-18,1458,0.000000000
setA-18,1459,0.000000000
setA-18,1460,0.000000000
setA-18,1461,0.000000000
setA-18,1462,0.000000000
setA-18,1463,0.000000000
setA-18,1464,0.000000000
setA-18,1465,0.000000000
setA-18,1466,0.000000000
setA-18,1467,0.000000000
setA-18,1468,0.000000000
setA-18,1469,0.000000000
setA-18,1470,0.000000000
setA-18,1471,0.000000000
setA-18,1472,0.000000000
setA-18,1473,0.000000000
setA-18,1474,0.000000000
setA-18,1475,0.000000000
setA-18,1476,0.000000000
setA-18,1477,0.000000000
setA-18,1478,0.000000000
setA-18,1479,0.000000000
setA-18,1480,0.000000000
setA-18,1481,0.000000000
setA-18,1482,0.000000000
setA-18,1483,0.000000000
setA-18,1484,0.000000000
setA-18,1485,0.000000000
setA-18,1486,0.000000000
setA-18,1487,0.000000000
setA-18,1488,0.000000000
setA-18,1489,0.000000000
setA-18,1490,0.000000000
setA-18,1491,0.000000000
setA-18,1492,0.000000000
setA-18,1493,0.000000000
setA-18,1494,0.000000000
setA-18,1495,0.000000000
setA-18,1496,0.000000000
setA-18,1497,0.000000000
setA-18,1498,0.000000000
setA-18,1499,0.000000000
setA-18,1500,0.000000000
setA-19,1,0.999999850
setA-19,2,0.822013800
setA-19,3,0.627634500
setA-19,4,0.568618060
setA-19,5,0.562060900
setA-19,6,0.546135800
setA-19,7,0.459016290
setA-19,8,0.440280900
setA-19,9,0.407494300
setA-19,10,0.405620580
setA-19,11,0.395316140
setA-19,12,0.387821910
setA-19,13,0.357845320
setA-19,14,0.346604100
setA-19,15,0.303512800
setA-19,16,0.300702600
setA-19,17,0.289461360
setA-19,18,0.278688510
setA-19,19,0.277283380
setA-19,20,0.271662800
setA-19,21,0.258547980
setA-19,22,0.254801000
setA-19,23,0.241686180
setA-19,24,0.234660410
setA-19,25,0.229508200
setA-19,26,0.219203720
setA-19,27,0.218735370
setA-19,28,0.211709520
setA-19,29,0.210772800
setA-19,30,0.206088900
setA-19,31,0.204215460
setA-19,32,0.204215420
setA-19,33,0.197658080
setA-19,34,0.186885240
setA-19,35,0.185831347
setA-19,36,0.182669760
setA-19,37,0.180327850
setA-19,38,0.176112360
setA-19,39,0.175175580
setA-19,40,0.173302080
setA-19,41,0.172365305
setA-19,42,0.171428580
setA-19,43,0.170023430
setA-19,44,0.167681440
setA-19,45,0.165807960
setA-19,46,0.161124080
setA-19,47,0.157845390
setA-19,48,0.156440260
setA-19,49,0.154098340
setA-19,50,0.149882950
setA-19,51,0.149414530
setA-19,52,0.149180295
setA-19,53,0.144262280
setA-19,54,0.142388700
setA-19,55,0.140515200
setA-19,56,0.139812640
setA-19,57,0.139110065
setA-19,58,0.138641700
setA-19,59,0.135831400
setA-19,60,0.134894600
setA-19,61,0.134894560
setA-19,62,0.133021020
setA-19,63,0.132552690
setA-19,64,0.132318490
setA-19,65,0.130679120
setA-19,66,0.130210740
setA-19,67,0.129742390
setA-19,68,0.129274020
setA-19,69,0.123184990
setA-19,70,0.122716640
setA-19,71,0.121779800
setA-19,72,0.121779800
setA-19,73,0.120843100
setA-19,74,0.120843080
setA-19,75,0.119906290
setA-19,76,0.116159240
setA-19,77,0.111475400
setA-19,78,0.110538640
setA-19,79,0.109836060
setA-19,80,0.109601840
setA-19,81,0.107400452
setA-19,82,0.107259940
setA-19,83,0.104918035
setA-19,84,0.104918020
setA-19,85,0.103278672
setA-19,86,0.101170900
setA-19,87,0.099882885
setA-19,88,0.098735343
setA-19,89,0.098547996
setA-19,90,0.098360640
setA-19,91,0.097892240
setA-19,92,0.097423890
setA-19,93,0.094613590
setA-19,94,0.093676800
setA-19,95,0.092740040
setA-19,96,0.091803280
setA-19,97,0.091803260
setA-19,98,0.091803240
setA-19,99,0.090866500
setA-19,100,0.089929727
setA-19,101,0.088992980
setA-19,102,0.088056200
setA-19,103,0.088056180
setA-19,104,0.087119440
setA-19,105,0.086885240
setA-19,106,0.086182640
setA-19,107,0.085128780
setA-19,108,0.084074927
setA-19,109,0.083840723
setA-19,110,0.083372360
setA-19,111,0.082903980
setA-19,112,0.081498840
setA-19,113,0.081498840
setA-19,114,0.080562030
setA-19,115,0.078688540
setA-19,116,0.077751780
setA-19,117,0.077751770
setA-19,118,0.077751750
setA-19,119,0.077283370
setA-19,120,0.077283350
setA-19,121,0.076814980
setA-19,122,0.076814960
setA-19,123,0.076346590
setA-19,124,0.076346590
setA-19,125,0.074941420
setA-19,126,0.074238855
setA-19,127,0.074004680
setA-19,128,0.073067900
setA-19,129,0.072599530
setA-19,130,0.072599500
setA-19,131,0.072482430
setA-19,132,0.071662740
setA-19,133,0.069906300
setA-19,134,0.069320820
setA-19,135,0.068384070
setA-19,136,0.068196712
setA-19,137,0.067447320
setA-19,138,0.066744713
setA-19,139,0.066510530
setA-19,140,0.066042140
setA-19,141,0.065573800
setA-19,142,0.065573780
setA-19,143,0.065573780
setA-19,144,0.065105360
setA-19,145,0.064636990
setA-19,146,0.063700220
setA-19,147,0.062880560
setA-19,148,0.062763450
setA-19,149,0.062763440
setA-19,150,0.062295075
setA-19,151,0.061826700
setA-19,152,0.061358300
setA-19,153,0.060889950
setA-19,154,0.060889925
setA-19,155,0.060889920
setA-19,156,0.060421530
setA-19,157,0.060304448
setA-19,158,0.059953180
setA-19,159,0.059953140
setA-19,160,0.059718970
setA-19,161,0.059718960
setA-19,162,0.059133488
setA-19,163,0.059016380
setA-19,164,0.059016360
setA-19,165,0.058875866
setA-19,166,0.058548020
setA-19,167,0.058079640
setA-19,168,0.057611240
setA-19,169,0.057611220
setA-19,170,0.057142840
setA-19,171,0.056206090
setA-19,172,0.056206040
setA-19,173,0.055737700
setA-19,174,0.055035135
setA-19,175,0.054800960
setA-19,176,0.054332560
setA-19,177,0.054332545
setA-19,178,0.054098345
setA-19,179,0.054004676
setA-19,180,0.053864160
setA-19,181,0.053629965
setA-19,182,0.053395780
setA-19,183,0.053395760
setA-19,184,0.053395760
setA-19,185,0.053395760
setA-19,186,0.052459005
setA-19,187,0.052459000
setA-19,188,0.051990623
setA-19,189,0.051756430
setA-19,190,0.051756428
setA-19,191,0.051615923
setA-19,192,0.051522250
setA-19,193,0.051522240
setA-19,194,0.051522240
setA-19,195,0.051522220
setA-19,196,0.051288055
setA-19,197,0.050585480
setA-19,198,0.050351285
setA-19,199,0.050070244
setA-19,200,0.049882900
setA-19,201,0.049648740
setA-19,202,0.049648700
setA-19,203,0.049531608
setA-19,204,0.049180325
setA-19,205,0.049180320
setA-19,206,0.049180300
setA-19,207,0.048946133
setA-19,208,0.048477745
setA-19,209,0.048477745
setA-19,210,0.048243550
setA-19,211,0.048009370
setA-19,212,0.047775160
setA-19,213,0.047540975
setA-19,214,0.047447303
setA-19,215,0.047025753
setA-19,216,0.046838400
setA-19,217,0.046838400
setA-19,218,0.046838380
setA-19,219,0.046651043
setA-19,220,0.046604215
setA-19,221,0.046370015
setA-19,222,0.046182662
setA-19,223,0.046135815
setA-19,224,0.045901640
setA-19,225,0.045901633
setA-19,226,0.045901630
setA-19,227,0.045901620
setA-19,228,0.045854786
setA-19,229,0.045714277
setA-19,230,0.045620608
setA-19,231,0.045433260
setA-19,232,0.045433250
setA-19,233,0.045081970
setA-19,234,0.045058543
setA-19,235,0.044964880
setA-19,236,0.044964870
setA-19,237,0.044683839
setA-19,238,0.044262288
setA-19,239,0.044262285
setA-19,240,0.044168614
setA-19,241,0.044028080
setA-19,242,0.043793890
setA-19,243,0.043512879
setA-19,244,0.043091340
setA-19,245,0.043091330
setA-19,246,0.042154580
setA-19,247,0.042154560
setA-19,248,0.042154560
setA-19,249,0.042154550
setA-19,250,0.042154500
setA-19,251,0.041686190
setA-19,252,0.041686170
setA-19,253,0.041217790
setA-19,254,0.041217790
setA-19,255,0.041217740
setA-19,256,0.040936763
setA-19,257,0.040866510
setA-19,258,0.040749414
setA-19,259,0.040374699
setA-19,260,0.040281020
setA-19,261,0.039812645
setA-19,262,0.039578448
setA-19,263,0.039578445
setA-19,264,0.039344250
setA-19,265,0.038641690
setA-19,266,0.038594838
setA-19,267,0.038548005
setA-19,268,0.038407500
setA-19,269,0.038407490
setA-19,270,0.038079624
setA-19,271,0.038056205
setA-19,272,0.037985938
setA-19,273,0.037822008
setA-19,274,0.037470720
setA-19,275,0.037470700
setA-19,276,0.037236525
setA-19,277,0.037049173
setA-19,278,0.037002345
setA-19,279,0.037002335
setA-19,280,0.036768138
setA-19,281,0.036721308
setA-19,282,0.036651048
setA-19,283,0.036533940
setA-19,284,0.036533940
setA-19,285,0.035878215
setA-19,286,0.035831372
setA-19,287,0.035597181
setA-19,288,0.035597180
setA-19,289,0.035409831
setA-19,290,0.035362993
setA-19,291,0.035269315
setA-19,292,0.035128810
setA-19,293,0.035128794
setA-19,294,0.034660428
setA-19,295,0.034660420
setA-19,296,0.034660414
setA-19,297,0.034192045
setA-19,298,0.034192040
setA-19,299,0.033723670
setA-19,300,0.033723660
setA-19,301,0.033723660
setA-19,302,0.033723640
setA-19,303,0.033255280
setA-19,304,0.033255280
setA-19,305,0.033255270
setA-19,306,0.033255265
setA-19,307,0.033255258
setA-19,308,0.033021075
setA-19,309,0.033021070
setA-19,310,0.032927394
setA-19,311,0.032786880
setA-19,312,0.032786880
setA-19,313,0.032786860
setA-19,314,0.032786850
setA-19,315,0.032552690
setA-19,316,0.032505844
setA-19,317,0.032318500
setA-19,318,0.032201400
setA-19,319,0.031850120
setA-19,320,0.031850110
setA-19,321,0.031850100
setA-19,322,0.031662759
setA-19,323,0.031615917
setA-19,324,0.031498823
setA-19,325,0.031381735
setA-19,326,0.031264643
setA-19,327,0.031147525
setA-19,328,0.031100695
setA-19,329,0.030913340
setA-19,330,0.030913340
setA-19,331,0.030679155
setA-19,332,0.030632316
setA-19,333,0.030585478
setA-19,334,0.030538638
setA-19,335,0.030491801
setA-19,336,0.030444970
setA-19,337,0.030444970
setA-19,338,0.030444960
setA-19,339,0.030210765
setA-19,340,0.030093673
setA-19,341,0.029976575
setA-19,342,0.029976560
setA-19,343,0.029976560
setA-19,344,0.029742385
setA-19,345,0.029742380
setA-19,346,0.029508210
setA-19,347,0.029508195
setA-19,348,0.029391095
setA-19,349,0.029274005
setA-19,350,0.029274005
setA-19,351,0.029156898
setA-19,352,0.029039820
setA-19,353,0.029039810
setA-19,354,0.029039800
setA-19,355,0.029039780
setA-19,356,0.028946136
setA-19,357,0.028805623
setA-19,358,0.028805615
setA-19,359,0.028618260
setA-19,360,0.028571440
setA-19,361,0.028571430
setA-19,362,0.028571420
setA-19,363,0.028196713
setA-19,364,0.028103045
setA-19,365,0.028103040
setA-19,366,0.028103030
setA-19,367,0.027775170
setA-19,368,0.027751745
setA-19,369,0.027634660
setA-19,370,0.027634660
setA-19,371,0.027470725
setA-19,372,0.027447306
setA-19,373,0.027166280
setA-19,374,0.027166265
setA-19,375,0.027049167
setA-19,376,0.027025751
setA-19,377,0.026814983
setA-19,378,0.026697900
setA-19,379,0.026697893
setA-19,380,0.026697890
setA-19,381,0.026463703
setA-19,382,0.026463700
setA-19,383,0.026463695
setA-19,384,0.026346595
setA-19,385,0.026229510
setA-19,386,0.026229500
setA-19,387,0.026018733
setA-19,388,0.025995310
setA-19,389,0.025761125
setA-19,390,0.025456671
setA-19,391,0.025409828
setA-19,392,0.025292740
setA-19,393,0.025175638
setA-19,394,0.025058545
setA-19,395,0.025058543
setA-19,396,0.025058543
setA-19,397,0.024824360
setA-19,398,0.024824360
setA-19,399,0.024707252
setA-19,400,0.024636999
setA-19,401,0.024590155
setA-19,402,0.024473062
setA-19,403,0.024355980
setA-19,404,0.024355970
setA-19,405,0.024355960
setA-19,406,0.023887588
setA-19,407,0.023887580
setA-19,408,0.023770490
setA-19,409,0.023653395
setA-19,410,0.023653388
setA-19,411,0.023606560
setA-19,412,0.023559713
setA-19,413,0.023419205
setA-19,414,0.023419200
setA-19,415,0.023419200
setA-19,416,0.023419200
setA-19,417,0.023419200
setA-19,418,0.023302105
setA-19,419,0.023185015
setA-19,420,0.023185007
setA-19,421,0.023091334
setA-19,422,0.022950830
setA-19,423,0.022950820
setA-19,424,0.022950810
setA-19,425,0.022716620
setA-19,426,0.022669782
setA-19,427,0.022482440
setA-19,428,0.022482429
setA-19,429,0.022482425
setA-19,430,0.022482420
setA-19,431,0.022295079
setA-19,432,0.022271662
setA-19,433,0.022248240
setA-19,434,0.022248230
setA-19,435,0.022131150
setA-19,436,0.022131142
setA-19,437,0.022131138
setA-19,438,0.022060891
setA-19,439,0.022014060
setA-19,440,0.022014055
setA-19,441,0.022014050
setA-19,442,0.022014050
setA-19,443,0.021920375
setA-19,444,0.021779865
setA-19,445,0.021779847
setA-19,446,0.021662760
setA-19,447,0.021545670
setA-19,448,0.021545670
setA-19,449,0.021545670
setA-19,450,0.021545665
setA-19,451,0.021428570
setA-19,452,0.021311475
setA-19,453,0.021311473
setA-19,454,0.021170956
setA-19,455,0.021124117
setA-19,456,0.021077280
setA-19,457,0.021077280
setA-19,458,0.021077280
setA-19,459,0.020936765
setA-19,460,0.020936762
setA-19,461,0.020843085
setA-19,462,0.020725993
setA-19,463,0.020702574
setA-19,464,0.020608900
setA-19,465,0.020608895
setA-19,466,0.020608895
setA-19,467,0.020374712
setA-19,468,0.020374710
setA-19,469,0.020281035
setA-19,470,0.020187352
setA-19,471,0.020187349
setA-19,472,0.020140520
setA-19,473,0.020140517
setA-19,474,0.020140515
setA-19,475,0.020140510
setA-19,476,0.020140490
setA-19,477,0.020023410
setA-19,478,0.019906320
setA-19,479,0.019906318
setA-19,480,0.019789233
setA-19,481,0.019789223
setA-19,482,0.019672140
setA-19,483,0.019672135
setA-19,484,0.019672125
setA-19,485,0.019672120
setA-19,486,0.019672120
setA-19,487,0.019672120
setA-19,488,0.019437940
setA-19,489,0.019344258
setA-19,490,0.019203745
setA-19,491,0.019203740
setA-19,492,0.019063232
setA-19,493,0.018969555
setA-19,494,0.018782198
setA-19,495,0.018735400
setA-19,496,0.018735360
setA-19,497,0.018735360
setA-19,498,0.018735360
setA-19,499,0.018735360
setA-19,500,0.018735360
setA-19,501,0.018735360
setA-19,502,0.018735350
setA-19,503,0.018735350
setA-19,504,0.018266975
setA-19,505,0.017892270
setA-19,506,0.017892268
setA-19,507,0.017798595
setA-19,508,0.017751757
setA-19,509,0.017751756
setA-19,510,0.017611239
setA-19,511,0.017564400
setA-19,512,0.017564397
setA-19,513,0.017564395
setA-19,514,0.017470720
setA-19,515,0.017447300
setA-19,516,0.017423883
setA-19,517,0.017330215
setA-19,518,0.017330215
setA-19,519,0.017330213
setA-19,520,0.017330210
setA-19,521,0.017330210
setA-19,522,0.017213107
setA-19,523,0.017189693
setA-19,524,0.017142850
setA-19,525,0.017096015
setA-19,526,0.017096010
setA-19,527,0.017002337
setA-19,528,0.016978923
setA-19,529,0.016861830
setA-19,530,0.016861825
setA-19,531,0.016861822
setA-19,532,0.016861820
setA-19,533,0.016744730
setA-19,534,0.016627630
setA-19,535,0.016533954
setA-19,536,0.016487118
setA-19,537,0.016393430
setA-19,538,0.016252930
setA-19,539,0.016252926
setA-19,540,0.016159245
setA-19,541,0.016018733
setA-19,542,0.015971894
setA-19,543,0.015925060
setA-19,544,0.015925060
setA-19,545,0.015925050
setA-19,546,0.015925050
setA-19,547,0.015925050
setA-19,548,0.015878217
setA-19,549,0.015807960
setA-19,550,0.015737701
setA-19,551,0.015690865
setA-19,552,0.015690865
setA-19,553,0.015573770
setA-19,554,0.015456672
setA-19,555,0.015222485
setA-19,556,0.015222485
setA-19,557,0.015222480
setA-19,558,0.015105385
setA-19,559,0.014988300
setA-19,560,0.014988290
setA-19,561,0.014988290
setA-19,562,0.014988285
setA-19,563,0.014988280
setA-19,564,0.014988280
setA-19,565,0.014988280
setA-19,566,0.014964870
setA-19,567,0.014941452
setA-19,568,0.014894611
setA-19,569,0.014894609
setA-19,570,0.014871198
setA-19,571,0.014800936
setA-19,572,0.014800935
setA-19,573,0.014754100
setA-19,574,0.014754100
setA-19,575,0.014754088
setA-19,576,0.014543322
setA-19,577,0.014519905
setA-19,578,0.014519905
setA-19,579,0.014426228
setA-19,580,0.014426226
setA-19,581,0.014379391
setA-19,582,0.014285717
setA-19,583,0.014285715
setA-19,584,0.014285714
setA-19,585,0.014285710
setA-19,586,0.014285705
setA-19,587,0.014145195
setA-19,588,0.014145193
setA-19,589,0.014121778
setA-19,590,0.014098359
setA-19,591,0.014051523
setA-19,592,0.013934428
setA-19,593,0.013817335
setA-19,594,0.013817335
setA-19,595,0.013817335
setA-19,596,0.013817330
setA-19,597,0.013817325
setA-19,598,0.013817325
setA-19,599,0.013700235
setA-19,600,0.013629974
setA-19,601,0.013583140
setA-19,602,0.013583138
setA-19,603,0.013583135
setA-19,604,0.013442623
setA-19,605,0.013348950
setA-19,606,0.013348946
setA-19,607,0.013348945
setA-19,608,0.013348945
setA-19,609,0.013348944
setA-19,610,0.013348940
setA-19,611,0.013302105
setA-19,612,0.013231852
setA-19,613,0.013231849
setA-19,614,0.013231842
setA-19,615,0.013114760
setA-19,616,0.013114760
setA-19,617,0.013114750
setA-19,618,0.013114750
setA-19,619,0.013114740
setA-19,620,0.012880560
setA-19,621,0.012786884
setA-19,622,0.012786883
setA-19,623,0.012646380
setA-19,624,0.012646370
setA-19,625,0.012646370
setA-19,626,0.012646366
setA-19,627,0.012552691
setA-19,628,0.012529263
setA-19,629,0.012412180
setA-19,630,0.012412175
setA-19,631,0.012412175
setA-19,632,0.012412170
setA-19,633,0.012365341
setA-19,634,0.012295078
setA-19,635,0.012177985
setA-19,636,0.012177980
setA-19,637,0.012177980
setA-19,638,0.012177980
setA-19,639,0.012131143
setA-19,640,0.011990629
setA-19,641,0.011943790
setA-19,642,0.011709610
setA-19,643,0.011709610
setA-19,644,0.011709603
setA-19,645,0.011709602
setA-19,646,0.011709600
setA-19,647,0.011709600
setA-19,648,0.011709600
setA-19,649,0.011592505
setA-19,650,0.011569085
setA-19,651,0.011475410
setA-19,652,0.011475410
setA-19,653,0.011428568
setA-19,654,0.011358313
setA-19,655,0.011241220
setA-19,656,0.011241220
setA-19,657,0.011241220
setA-19,658,0.011241220
setA-19,659,0.011241216
setA-19,660,0.011241215
setA-19,661,0.011241210
setA-19,662,0.011194379
setA-19,663,0.011194378
setA-19,664,0.011147538
setA-19,665,0.011124122
setA-19,666,0.011124120
setA-19,667,0.011124120
setA-19,668,0.011100705
setA-19,669,0.011100701
setA-19,670,0.011053862
setA-19,671,0.011007028
setA-19,672,0.011007025
setA-19,673,0.011007020
setA-19,674,0.011007020
setA-19,675,0.010913346
setA-19,676,0.010889930
setA-19,677,0.010889925
setA-19,678,0.010878218
setA-19,679,0.010819670
setA-19,680,0.010772840
setA-19,681,0.010772830
setA-19,682,0.010679156
setA-19,683,0.010632318
setA-19,684,0.010597189
setA-19,685,0.010585479
setA-19,686,0.010538640
setA-19,687,0.010444966
setA-19,688,0.010421543
setA-19,689,0.010421540
setA-19,690,0.010304460
setA-19,691,0.010304455
setA-19,692,0.010304450
setA-19,693,0.010304450
setA-19,694,0.010304450
setA-19,695,0.010304448
setA-19,696,0.010304448
setA-19,697,0.010304448
setA-19,698,0.010304445
setA-19,699,0.010304440
setA-19,700,0.010257609
setA-19,701,0.010187354
setA-19,702,0.010187352
setA-19,703,0.010163932
setA-19,704,0.010117095
setA-19,705,0.010070260
setA-19,706,0.010070255
setA-19,707,0.010023418
setA-19,708,0.009953163
setA-19,709,0.009882902
setA-19,710,0.009859484
setA-19,711,0.009836070
setA-19,712,0.009836068
setA-19,713,0.009836067
setA-19,714,0.009836065
setA-19,715,0.009836060
setA-19,716,0.009836060
setA-19,717,0.009789226
setA-19,718,0.009789225
setA-19,719,0.009789224
setA-19,720,0.009718970
setA-19,721,0.009718967
setA-19,722,0.009648709
setA-19,723,0.009601875
setA-19,724,0.009484773
setA-19,725,0.009461359
setA-19,726,0.009437938
setA-19,727,0.009414519
setA-19,728,0.009367683
setA-19,729,0.009367682
setA-19,730,0.009367680
setA-19,731,0.009367680
setA-19,732,0.009367680
setA-19,733,0.009367680
setA-19,734,0.009367680
setA-19,735,0.009367680
setA-19,736,0.009367680
setA-19,737,0.009367670
setA-19,738,0.009320843
setA-19,739,0.009320842
setA-19,740,0.009250585
setA-19,741,0.009250585
setA-19,742,0.009133493
setA-19,743,0.009133490
setA-19,744,0.009133490
setA-19,745,0.009133489
setA-19,746,0.009086651
setA-19,747,0.009016390
setA-19,748,0.008992972
setA-19,749,0.008946136
setA-19,750,0.008946133
setA-19,751,0.008899300
setA-19,752,0.008899300
setA-19,753,0.008899300
setA-19,754,0.008899300
setA-19,755,0.008899298
setA-19,756,0.008899295
setA-19,757,0.008805621
setA-19,758,0.008758783
setA-19,759,0.008711944
setA-19,760,0.008688523
setA-19,761,0.008665105
setA-19,762,0.008665102
setA-19,763,0.008606556
setA-19,764,0.008571428
setA-19,765,0.008571427
setA-19,766,0.008548010
setA-19,767,0.008548010
setA-19,768,0.008548005
setA-19,769,0.008477752
setA-19,770,0.008477751
setA-19,771,0.008430920
setA-19,772,0.008430920
setA-19,773,0.008430920
setA-19,774,0.008430915
setA-19,775,0.008430915
setA-19,776,0.008430915
setA-19,777,0.008430913
setA-19,778,0.008430910
setA-19,779,0.008430910
setA-19,780,0.008430910
setA-19,781,0.008430910
setA-19,782,0.008337240
setA-19,783,0.008337236
setA-19,784,0.008337234
setA-19,785,0.008313815
setA-19,786,0.008313815
setA-19,787,0.008313813
setA-19,788,0.008196723
setA-19,789,0.008196721
setA-19,790,0.008196721
setA-19,791,0.008196720
setA-19,792,0.008196720
setA-19,793,0.008196720
setA-19,794,0.008021077
setA-19,795,0.007962532
setA-19,796,0.007962530
setA-19,797,0.007962530
setA-19,798,0.007962530
setA-19,799,0.007962530
setA-19,800,0.007962525
setA-19,801,0.007962525
setA-19,802,0.007962525
setA-19,803,0.007962520
setA-19,804,0.007962520
setA-19,805,0.007892271
setA-19,806,0.007868851
setA-19,807,0.007845435
setA-19,808,0.007845434
setA-19,809,0.007845432
setA-19,810,0.007775176
setA-19,811,0.007728337
setA-19,812,0.007681497
setA-19,813,0.007681496
setA-19,814,0.007611243
setA-19,815,0.007611240
setA-19,816,0.007611238
setA-19,817,0.007587820
setA-19,818,0.007564402
setA-19,819,0.007540986
setA-19,820,0.007494150
setA-19,821,0.007494145
setA-19,822,0.007494145
setA-19,823,0.007494140
setA-19,824,0.007494140
setA-19,825,0.007494140
setA-19,826,0.007447305
setA-19,827,0.007306789
setA-19,828,0.007259955
setA-19,829,0.007259953
setA-19,830,0.007259953
setA-19,831,0.007259953
setA-19,832,0.007259950
setA-19,833,0.007259950
setA-19,834,0.007213116
setA-19,835,0.007213115
setA-19,836,0.007213115
setA-19,837,0.007166277
setA-19,838,0.007142855
setA-19,839,0.007142852
setA-19,840,0.007119436
setA-19,841,0.007025765
setA-19,842,0.007025763
setA-19,843,0.007025762
setA-19,844,0.007025762
setA-19,845,0.007025760
setA-19,846,0.007025760
setA-19,847,0.007025755
setA-19,848,0.006920372
setA-19,849,0.006908664
setA-19,850,0.006908663
setA-19,851,0.006885245
setA-19,852,0.006838406
setA-19,853,0.006791571
setA-19,854,0.006791570
setA-19,855,0.006791570
setA-19,856,0.006791570
setA-19,857,0.006791570
setA-19,858,0.006791569
setA-19,859,0.006791568
setA-19,860,0.006791568
setA-19,861,0.006791565
setA-19,862,0.006791565
setA-19,863,0.006791563
setA-19,864,0.006744731
setA-19,865,0.006744730
setA-19,866,0.006697891
setA-19,867,0.006651052
setA-19,868,0.006557380
setA-19,869,0.006557380
setA-19,870,0.006557377
setA-19,871,0.006557377
setA-19,872,0.006557376
setA-19,873,0.006557376
setA-19,874,0.006557375
setA-19,875,0.006557370
setA-19,876,0.006510539
setA-19,877,0.006510537
setA-19,878,0.006440280
setA-19,879,0.006416861
setA-19,880,0.006416860
setA-19,881,0.006416859
setA-19,882,0.006370024
setA-19,883,0.006323190
setA-19,884,0.006323185
setA-19,885,0.006323185
setA-19,886,0.006323185
setA-19,887,0.006323184
setA-19,888,0.006323180
setA-19,889,0.006323180
setA-19,890,0.006229507
setA-19,891,0.006206092
setA-19,892,0.006206088
setA-19,893,0.006206088
setA-19,894,0.006206088
setA-19,895,0.006135831
setA-19,896,0.006135831
setA-19,897,0.006088995
setA-19,898,0.006088995
setA-19,899,0.006088993
setA-19,900,0.006088993
setA-19,901,0.006088993
setA-19,902,0.006088992
setA-19,903,0.006088992
setA-19,904,0.006088991
setA-19,905,0.006088990
setA-19,906,0.006088990
setA-19,907,0.006042155
setA-19,908,0.006018737
setA-19,909,0.005995317
setA-19,910,0.005995315
setA-19,911,0.005936767
setA-19,912,0.005901639
setA-19,913,0.005901639
setA-19,914,0.005854802
setA-19,915,0.005854801
setA-19,916,0.005854800
setA-19,917,0.005854800
setA-19,918,0.005854800
setA-19,919,0.005807962
setA-19,920,0.005761125
setA-19,921,0.005737707
setA-19,922,0.005737704
setA-19,923,0.005737703
setA-19,924,0.005714286
setA-19,925,0.005667449
setA-19,926,0.005644029
setA-19,927,0.005620610
setA-19,928,0.005620610
setA-19,929,0.005620610
setA-19,930,0.005620610
setA-19,931,0.005620610
setA-19,932,0.005620610
setA-19,933,0.005620609
setA-19,934,0.005620609
setA-19,935,0.005620608
setA-19,936,0.005620608
setA-19,937,0.005620607
setA-19,938,0.005620607
setA-19,939,0.005620607
setA-19,940,0.005620606
setA-19,941,0.005620605
setA-19,942,0.005620605
setA-19,943,0.005620600
setA-19,944,0.005620600
setA-19,945,0.005620600
setA-19,946,0.005620600
setA-19,947,0.005620600
setA-19,948,0.005597190
setA-19,949,0.005573772
setA-19,950,0.005526934
setA-19,951,0.005526931
setA-19,952,0.005503513
setA-19,953,0.005480095
setA-19,954,0.005480092
setA-19,955,0.005480092
setA-19,956,0.005456673
setA-19,957,0.005433256
setA-19,958,0.005433254
setA-19,959,0.005409835
setA-19,960,0.005386418
setA-19,961,0.005386418
setA-19,962,0.005386417
setA-19,963,0.005386415
setA-19,964,0.005386415
setA-19,965,0.005362998
setA-19,966,0.005339579
setA-19,967,0.005339578
setA-19,968,0.005316158
setA-19,969,0.005316157
setA-19,970,0.005292740
setA-19,971,0.005292739
setA-19,972,0.005269323
setA-19,973,0.005269322
setA-19,974,0.005269317
setA-19,975,0.005245899
setA-19,976,0.005222481
setA-19,977,0.005199063
setA-19,978,0.005199062
setA-19,979,0.005199062
setA-19,980,0.005199061
setA-19,981,0.005152225
setA-19,982,0.005152223
setA-19,983,0.005152223
setA-19,984,0.005152220
setA-19,985,0.005152220
setA-19,986,0.005105385
setA-19,987,0.005058546
setA-19,988,0.005035130
setA-19,989,0.005035128
setA-19,990,0.005035128
setA-19,991,0.005035128
setA-19,992,0.005035127
setA-19,993,0.005011709
setA-19,994,0.004964870
setA-19,995,0.004964870
setA-19,996,0.004918035
setA-19,997,0.004918035
setA-19,998,0.004918035
setA-19,999,0.004918035
setA-19,1000,0.004918035
setA-19,1001,0.004918035
setA-19,1002,0.004918032
setA-19,1003,0.004918030
setA-19,1004,0.004918029
setA-19,1005,0.004871195
setA-19,1006,0.004871194
setA-19,1007,0.004847775
setA-19,1008,0.004824356
setA-19,1009,0.004824356
setA-19,1010,0.004800938
setA-19,1011,0.004777519
setA-19,1012,0.004777516
setA-19,1013,0.004777513
setA-19,1014,0.004730679
setA-19,1015,0.004730679
setA-19,1016,0.004730679
setA-19,1017,0.004683845
setA-19,1018,0.004683845
setA-19,1019,0.004683845
setA-19,1020,0.004683843
setA-19,1021,0.004683840
setA-19,1022,0.004683840
setA-19,1023,0.004683840
setA-19,1024,0.004683840
setA-19,1025,0.004683840
setA-19,1026,0.004683840
setA-19,1027,0.004683840
setA-19,1028,0.004683840
setA-19,1029,0.004683840
setA-19,1030,0.004683840
setA-19,1031,0.004683840
setA-19,1032,0.004683840
setA-19,1033,0.004683840
setA-19,1034,0.004683840
setA-19,1035,0.004683840
setA-19,1036,0.004683840
setA-19,1037,0.004683840
setA-19,1038,0.004683840
setA-19,1039,0.004683837
setA-19,1040,0.004683835
setA-19,1041,0.004683835
setA-19,1042,0.004637002
setA-19,1043,0.004566743
setA-19,1044,0.004566743
setA-19,1045,0.004566742
setA-19,1046,0.004543327
setA-19,1047,0.004543325
setA-19,1048,0.004543325
setA-19,1049,0.004543325
setA-19,1050,0.004519907
setA-19,1051,0.004519906
setA-19,1052,0.004496487
setA-19,1053,0.004473068
setA-19,1054,0.004449653
setA-19,1055,0.004449650
setA-19,1056,0.004449650
setA-19,1057,0.004449649
setA-19,1058,0.004402811
setA-19,1059,0.004355971
setA-19,1060,0.004355970
setA-19,1061,0.004332550
setA-19,1062,0.004332550
setA-19,1063,0.004309133
setA-19,1064,0.004309132
setA-19,1065,0.004215460
setA-19,1066,0.004215460
setA-19,1067,0.004215460
setA-19,1068,0.004215460
setA-19,1069,0.004215460
setA-19,1070,0.004215460
setA-19,1071,0.004215460
setA-19,1072,0.004215460
setA-19,1073,0.004215460
setA-19,1074,0.004215460
setA-19,1075,0.004215460
setA-19,1076,0.004215457
setA-19,1077,0.004215455
setA-19,1078,0.004215455
setA-19,1079,0.004215455
setA-19,1080,0.004215455
setA-19,1081,0.004215450
setA-19,1082,0.004168618
setA-19,1083,0.004168618
setA-19,1084,0.004168617
setA-19,1085,0.004168617
setA-19,1086,0.004168616
setA-19,1087,0.004145198
setA-19,1088,0.004121779
setA-19,1089,0.004098363
setA-19,1090,0.004074941
setA-19,1091,0.004074941
setA-19,1092,0.004074940
setA-19,1093,0.004051522
setA-19,1094,0.004051522
setA-19,1095,0.004028103
setA-19,1096,0.004004682
setA-19,1097,0.003981265
setA-19,1098,0.003981265
setA-19,1099,0.003981264
setA-19,1100,0.003981262
setA-19,1101,0.003957845
setA-19,1102,0.003934427
setA-19,1103,0.003934425
setA-19,1104,0.003934424
setA-19,1105,0.003887589
setA-19,1106,0.003887588
setA-19,1107,0.003887588
setA-19,1108,0.003887587
setA-19,1109,0.003887587
setA-19,1110,0.003864170
setA-19,1111,0.003864168
setA-19,1112,0.003864168
setA-19,1113,0.003840749
setA-19,1114,0.003747080
setA-19,1115,0.003747075
setA-19,1116,0.003747073
setA-19,1117,0.003747073
setA-19,1118,0.003747073
setA-19,1119,0.003747072
setA-19,1120,0.003747070
setA-19,1121,0.003747070
setA-19,1122,0.003747070
setA-19,1123,0.003747070
setA-19,1124,0.003747070
setA-19,1125,0.003747070
setA-19,1126,0.003747070
setA-19,1127,0.003700234
setA-19,1128,0.003700234
setA-19,1129,0.003700233
setA-19,1130,0.003700233
setA-19,1131,0.003700233
setA-19,1132,0.003653395
setA-19,1133,0.003629978
setA-19,1134,0.003629977
setA-19,1135,0.003559719
setA-19,1136,0.003559719
setA-19,1137,0.003512881
setA-19,1138,0.003512881
setA-19,1139,0.003512880
setA-19,1140,0.003512880
setA-19,1141,0.003512880
setA-19,1142,0.003512880
setA-19,1143,0.003512880
setA-19,1144,0.003512880
setA-19,1145,0.003512879
setA-19,1146,0.003512878
setA-19,1147,0.003466042
setA-19,1148,0.003466042
setA-19,1149,0.003466041
setA-19,1150,0.003419203
setA-19,1151,0.003395785
setA-19,1152,0.003395785
setA-19,1153,0.003395783
setA-19,1154,0.003372365
setA-19,1155,0.003325528
setA-19,1156,0.003325527
setA-19,1157,0.003325526
setA-19,1158,0.003278690
setA-19,1159,0.003278690
setA-19,1160,0.003278690
setA-19,1161,0.003278690
setA-19,1162,0.003278690
setA-19,1163,0.003278690
setA-19,1164,0.003278689
setA-19,1165,0.003278689
setA-19,1166,0.003278688
setA-19,1167,0.003278688
setA-19,1168,0.003278688
setA-19,1169,0.003278685
setA-19,1170,0.003278685
setA-19,1171,0.003231850
setA-19,1172,0.003231850
setA-19,1173,0.003208431
setA-19,1174,0.003185013
setA-19,1175,0.003185013
setA-19,1176,0.003161595
setA-19,1177,0.003161593
setA-19,1178,0.003161592
setA-19,1179,0.003138173
setA-19,1180,0.003138173
setA-19,1181,0.003138173
setA-19,1182,0.003091336
setA-19,1183,0.003091335
setA-19,1184,0.003091334
setA-19,1185,0.003067915
setA-19,1186,0.003044498
setA-19,1187,0.003044497
setA-19,1188,0.003044496
setA-19,1189,0.003044496
setA-19,1190,0.003044495
setA-19,1191,0.003044495
setA-19,1192,0.003044495
setA-19,1193,0.003044495
setA-19,1194,0.003044495
setA-19,1195,0.003044495
setA-19,1196,0.003044494
setA-19,1197,0.003021076
setA-19,1198,0.002997659
setA-19,1199,0.002997659
setA-19,1200,0.002997658
setA-19,1201,0.002997657
setA-19,1202,0.002997657
setA-19,1203,0.002997657
setA-19,1204,0.002950818
setA-19,1205,0.002927401
setA-19,1206,0.002927400
setA-19,1207,0.002927400
setA-19,1208,0.002927400
setA-19,1209,0.002903981
setA-19,1210,0.002903980
setA-19,1211,0.002903980
setA-19,1212,0.002857142
setA-19,1213,0.002857142
setA-19,1214,0.002833724
setA-19,1215,0.002810305
setA-19,1216,0.002810305
setA-19,1217,0.002810305
setA-19,1218,0.002810305
setA-19,1219,0.002810305
setA-19,1220,0.002810305
setA-19,1221,0.002810304
setA-19,1222,0.002810303
setA-19,1223,0.002810303
setA-19,1224,0.002810303
setA-19,1225,0.002810300
setA-19,1226,0.002810300
setA-19,1227,0.002810300
setA-19,1228,0.002810300
setA-19,1229,0.002786885
setA-19,1230,0.002763467
setA-19,1231,0.002763466
setA-19,1232,0.002763466
setA-19,1233,0.002763465
setA-19,1234,0.002716628
setA-19,1235,0.002693210
setA-19,1236,0.002693210
setA-19,1237,0.002693210
setA-19,1238,0.002693208
setA-19,1239,0.002669789
setA-19,1240,0.002622952
setA-19,1241,0.002622950
setA-19,1242,0.002599532
setA-19,1243,0.002576114
setA-19,1244,0.002576111
setA-19,1245,0.002576110
setA-19,1246,0.002576110
setA-19,1247,0.002576110
setA-19,1248,0.002576110
setA-19,1249,0.002529275
setA-19,1250,0.002529274
setA-19,1251,0.002529274
setA-19,1252,0.002505855
setA-19,1253,0.002482435
setA-19,1254,0.002459018
setA-19,1255,0.002459015
setA-19,1256,0.002435597
setA-19,1257,0.002388759
setA-19,1258,0.002388759
setA-19,1259,0.002388759
setA-19,1260,0.002388758
setA-19,1261,0.002388758
setA-19,1262,0.002388758
setA-19,1263,0.002341921
setA-19,1264,0.002341921
setA-19,1265,0.002341920
setA-19,1266,0.002341920
setA-19,1267,0.002341920
setA-19,1268,0.002341920
setA-19,1269,0.002341920
setA-19,1270,0.002341920
setA-19,1271,0.002341920
setA-19,1272,0.002341920
setA-19,1273,0.002341920
setA-19,1274,0.002341920
setA-19,1275,0.002341920
setA-19,1276,0.002341920
setA-19,1277,0.002341920
setA-19,1278,0.002341920
setA-19,1279,0.002341920
setA-19,1280,0.002341920
setA-19,1281,0.002318501
setA-19,1282,0.002295082
setA-19,1283,0.002295082
setA-19,1284,0.002295082
setA-19,1285,0.002248244
setA-19,1286,0.002248244
setA-19,1287,0.002248242
setA-19,1288,0.002224825
setA-19,1289,0.002224825
setA-19,1290,0.002224825
setA-19,1291,0.002224822
setA-19,1292,0.002201405
setA-19,1293,0.002201404
setA-19,1294,0.002154568
setA-19,1295,0.002154567
setA-19,1296,0.002154567
setA-19,1297,0.002154566
setA-19,1298,0.002131148
setA-19,1299,0.002107730
setA-19,1300,0.002107730
setA-19,1301,0.002107730
setA-19,1302,0.002107730
setA-19,1303,0.002107728
setA-19,1304,0.002107728
setA-19,1305,0.002107727
setA-19,1306,0.002107727
setA-19,1307,0.002107725
setA-19,1308,0.002107725
setA-19,1309,0.002072599
setA-19,1310,0.002060891
setA-19,1311,0.002060891
setA-19,1312,0.002060891
setA-19,1313,0.002060890
setA-19,1314,0.002014051
setA-19,1315,0.001990633
setA-19,1316,0.001990633
setA-19,1317,0.001990633
setA-19,1318,0.001990633
setA-19,1319,0.001990633
setA-19,1320,0.001967212
setA-19,1321,0.001967212
setA-19,1322,0.001920375
setA-19,1323,0.001920374
setA-19,1324,0.001920374
setA-19,1325,0.001896955
setA-19,1326,0.001873540
setA-19,1327,0.001873540
setA-19,1328,0.001873540
setA-19,1329,0.001873536
setA-19,1330,0.001873536
setA-19,1331,0.001873536
setA-19,1332,0.001873536
setA-19,1333,0.001873535
setA-19,1334,0.001873535
setA-19,1335,0.001873535
setA-19,1336,0.001873535
setA-19,1337,0.001873535
setA-19,1338,0.001873535
setA-19,1339,0.001873535
setA-19,1340,0.001850118
setA-19,1341,0.001826699
setA-19,1342,0.001814988
setA-19,1343,0.001803279
setA-19,1344,0.001779859
setA-19,1345,0.001779859
setA-19,1346,0.001779859
setA-19,1347,0.001779858
setA-19,1348,0.001779858
setA-19,1349,0.001756441
setA-19,1350,0.001756440
setA-19,1351,0.001756440
setA-19,1352,0.001756440
setA-19,1353,0.001756440
setA-19,1354,0.001756440
setA-19,1355,0.001756440
setA-19,1356,0.001756440
setA-19,1357,0.001756440
setA-19,1358,0.001733021
setA-19,1359,0.001733021
setA-19,1360,0.001733021
setA-19,1361,0.001733020
setA-19,1362,0.001733020
setA-19,1363,0.001709601
setA-19,1364,0.001686183
setA-19,1365,0.001686183
setA-19,1366,0.001686182
setA-19,1367,0.001639345
setA-19,1368,0.001639345
setA-19,1369,0.001639345
setA-19,1370,0.001639345
setA-19,1371,0.001639345
setA-19,1372,0.001639345
setA-19,1373,0.001639345
setA-19,1374,0.001639345
setA-19,1375,0.001639345
setA-19,1376,0.001639345
setA-19,1377,0.001639345
setA-19,1378,0.001639345
setA-19,1379,0.001639345
setA-19,1380,0.001639344
setA-19,1381,0.001639344
setA-19,1382,0.001639344
setA-19,1383,0.001639344
setA-19,1384,0.001639344
setA-19,1385,0.001615924
setA-19,1386,0.001592506
setA-19,1387,0.001592506
setA-19,1388,0.001592505
setA-19,1389,0.001545668
setA-19,1390,0.001545668
setA-19,1391,0.001545667
setA-19,1392,0.001522250
setA-19,1393,0.001522250
setA-19,1394,0.001522248
setA-19,1395,0.001522248
setA-19,1396,0.001522247
setA-19,1397,0.001522247
setA-19,1398,0.001498829
setA-19,1399,0.001498829
setA-19,1400,0.001498829
setA-19,1401,0.001498829
setA-19,1402,0.001498829
setA-19,1403,0.001498829
setA-19,1404,0.001498828
setA-19,1405,0.001451991
setA-19,1406,0.001451991
setA-19,1407,0.001405155
setA-19,1408,0.001405155
setA-19,1409,0.001405152
setA-19,1410,0.001405152
setA-19,1411,0.001405152
setA-19,1412,0.001405152
setA-19,1413,0.001405152
setA-19,1414,0.001405150
setA-19,1415,0.001405150
setA-19,1416,0.001405150
setA-19,1417,0.001405150
setA-19,1418,0.001405150
setA-19,1419,0.001381733
setA-19,1420,0.001358314
setA-19,1421,0.001358314
setA-19,1422,0.001358313
setA-19,1423,0.001358313
setA-19,1424,0.001358313
setA-19,1425,0.001358313
setA-19,1426,0.001334895
setA-19,1427,0.001334895
setA-19,1428,0.001311476
setA-19,1429,0.001311475
setA-19,1430,0.001299766
setA-19,1431,0.001288057
setA-19,1432,0.001288057
setA-19,1433,0.001288057
setA-19,1434,0.001288057
setA-19,1435,0.001288056
setA-19,1436,0.001288055
setA-19,1437,0.001264638
setA-19,1438,0.001264637
setA-19,1439,0.001264637
setA-19,1440,0.001264637
setA-19,1441,0.001264636
setA-19,1442,0.001264636
setA-19,1443,0.001264636
setA-19,1444,0.001252927
setA-19,1445,0.001241217
setA-19,1446,0.001229508
setA-19,1447,0.001217799
setA-19,1448,0.001217798
setA-19,1449,0.001170960
setA-19,1450,0.001170960
setA-19,1451,0.001170960
setA-19,1452,0.001170960
setA-19,1453,0.001170960
setA-19,1454,0.001170960
setA-19,1455,0.001170960
setA-19,1456,0.001170960
setA-19,1457,0.001170960
setA-19,1458,0.001170960
setA-19,1459,0.001170960
setA-19,1460,0.001170960
setA-19,1461,0.001170960
setA-19,1462,0.001124122
setA-19,1463,0.001124122
setA-19,1464,0.001124122
setA-19,1465,0.001124122
setA-19,1466,0.001124121
setA-19,1467,0.001077284
setA-19,1468,0.001077284
setA-19,1469,0.001077284
setA-19,1470,0.001077283
setA-19,1471,0.001077283
setA-19,1472,0.001053865
setA-19,1473,0.001053865
setA-19,1474,0.001053865
setA-19,1475,0.001053865
setA-19,1476,0.001053865
setA-19,1477,0.001053865
setA-19,1478,0.001053865
setA-19,1479,0.001053865
setA-19,1480,0.001030445
setA-19,1481,0.001030445
setA-19,1482,0.001030445
setA-19,1483,0.001030445
setA-19,1484,0.001030445
setA-19,1485,0.001030444
setA-19,1486,0.001007026
setA-19,1487,0.000983607
setA-19,1488,0.000983607
setA-19,1489,0.000960188
setA-19,1490,0.000960187
setA-19,1491,0.000936770
setA-19,1492,0.000936770
setA-19,1493,0.000936770
setA-19,1494,0.000936770
setA-19,1495,0.000936770
setA-19,1496,0.000936768
setA-19,1497,0.000936768
setA-19,1498,0.000936768
setA-19,1499,0.000936768
setA-19,1500,0.000936768
setA-19,1501,0.000936768
setA-19,1502,0.000936768
setA-19,1503,0.000936768
setA-19,1504,0.000936768
setA-19,1505,0.000936768
setA-19,1506,0.000936768
setA-19,1507,0.000936768
setA-19,1508,0.000936767
setA-19,1509,0.000936767
setA-19,1510,0.000936767
setA-19,1511,0.000889930
setA-19,1512,0.000889930
setA-19,1513,0.000889930
setA-19,1514,0.000889930
setA-19,1515,0.000889930
setA-19,1516,0.000889930
setA-19,1517,0.000889930
setA-19,1518,0.000866510
setA-19,1519,0.000866510
setA-19,1520,0.000843092
setA-19,1521,0.000843092
setA-19,1522,0.000843091
setA-19,1523,0.000843091
setA-19,1524,0.000819673
setA-19,1525,0.000819673
setA-19,1526,0.000819673
setA-19,1527,0.000819673
setA-19,1528,0.000819673
setA-19,1529,0.000819673
setA-19,1530,0.000819673
setA-19,1531,0.000819673
setA-19,1532,0.000819673
setA-19,1533,0.000819673
setA-19,1534,0.000819673
setA-19,1535,0.000796253
setA-19,1536,0.000796253
setA-19,1537,0.000796253
setA-19,1538,0.000784544
setA-19,1539,0.000784543
setA-19,1540,0.000772834
setA-19,1541,0.000749415
setA-19,1542,0.000749415
setA-19,1543,0.000749415
setA-19,1544,0.000749415
setA-19,1545,0.000749413
setA-19,1546,0.000702577
setA-19,1547,0.000702576
setA-19,1548,0.000702576
setA-19,1549,0.000702576
setA-19,1550,0.000702576
setA-19,1551,0.000702576
setA-19,1552,0.000702576
setA-19,1553,0.000702576
setA-19,1554,0.000702576
setA-19,1555,0.000702576
setA-19,1556,0.000702575
setA-19,1557,0.000702575
setA-19,1558,0.000702575
setA-19,1559,0.000702575
setA-19,1560,0.000679157
setA-19,1561,0.000655738
setA-19,1562,0.000655738
setA-19,1563,0.000655738
setA-19,1564,0.000655738
setA-19,1565,0.000655737
setA-19,1566,0.000655737
setA-19,1567,0.000655737
setA-19,1568,0.000632318
setA-19,1569,0.000632318
setA-19,1570,0.000620609
setA-19,1571,0.000608899
setA-19,1572,0.000608899
setA-19,1573,0.000608899
setA-19,1574,0.000585480
setA-19,1575,0.000585480
setA-19,1576,0.000585480
setA-19,1577,0.000585480
setA-19,1578,0.000585480
setA-19,1579,0.000562061
setA-19,1580,0.000562061
setA-19,1581,0.000562061
setA-19,1582,0.000562061
setA-19,1583,0.000562061
setA-19,1584,0.000562061
setA-19,1585,0.000562061
setA-19,1586,0.000538642
setA-19,1587,0.000515223
setA-19,1588,0.000515223
setA-19,1589,0.000515223
setA-19,1590,0.000515222
setA-19,1591,0.000515222
setA-19,1592,0.000515222
setA-19,1593,0.000515222
setA-19,1594,0.000515222
setA-19,1595,0.000503513
setA-19,1596,0.000468385
setA-19,1597,0.000468385
setA-19,1598,0.000468385
setA-19,1599,0.000468385
setA-19,1600,0.000468385
setA-19,1601,0.000468385
setA-19,1602,0.000468385
setA-19,1603,0.000468384
setA-19,1604,0.000468384
setA-19,1605,0.000468384
setA-19,1606,0.000468384
setA-19,1607,0.000468384
setA-19,1608,0.000468384
setA-19,1609,0.000468384
setA-19,1610,0.000468384
setA-19,1611,0.000468384
setA-19,1612,0.000468384
setA-19,1613,0.000468384
setA-19,1614,0.000468384
setA-19,1615,0.000468383
setA-19,1616,0.000468380
setA-19,1617,0.000444965
setA-19,1618,0.000444964
setA-19,1619,0.000421546
setA-19,1620,0.000421546
setA-19,1621,0.000421546
setA-19,1622,0.000421546
setA-19,1623,0.000421546
setA-19,1624,0.000421546
setA-19,1625,0.000421546
setA-19,1626,0.000421545
setA-19,1627,0.000398127
setA-19,1628,0.000398127
setA-19,1629,0.000398127
setA-19,1630,0.000386417
setA-19,1631,0.000374708
setA-19,1632,0.000374708
setA-19,1633,0.000374707
setA-19,1634,0.000374707
setA-19,1635,0.000374707
setA-19,1636,0.000374707
setA-19,1637,0.000374707
setA-19,1638,0.000374707
setA-19,1639,0.000374707
setA-19,1640,0.000351287
setA-19,1641,0.000327869
setA-19,1642,0.000327869
setA-19,1643,0.000327869
setA-19,1644,0.000327869
setA-19,1645,0.000327869
setA-19,1646,0.000327869
setA-19,1647,0.000327869
setA-19,1648,0.000327869
setA-19,1649,0.000327868
setA-19,1650,0.000323185
setA-19,1651,0.000316159
setA-19,1652,0.000304450
setA-19,1653,0.000304449
setA-19,1654,0.000304449
setA-19,1655,0.000292740
setA-19,1656,0.000281030
setA-19,1657,0.000281030
setA-19,1658,0.000257611
setA-19,1659,0.000257611
setA-19,1660,0.000257611
setA-19,1661,0.000234192
setA-19,1662,0.000234192
setA-19,1663,0.000234192
setA-19,1664,0.000234192
setA-19,1665,0.000234192
setA-19,1666,0.000234192
setA-19,1667,0.000234192
setA-19,1668,0.000234192
setA-19,1669,0.000234192
setA-19,1670,0.000224824
setA-19,1671,0.000187354
setA-19,1672,0.000187354
setA-19,1673,0.000187354
setA-19,1674,0.000187354
setA-19,1675,0.000187354
setA-19,1676,0.000187354
setA-19,1677,0.000187354
setA-19,1678,0.000187354
setA-19,1679,0.000163935
setA-19,1680,0.000140515
setA-19,1681,0.000140515
setA-19,1682,0.000140515
setA-19,1683,0.000135831
setA-19,1684,0.000128806
setA-19,1685,0.000117096
setA-19,1686,0.000117095
setA-19,1687,0.000105387
setA-19,1688,0.000093677
setA-19,1689,0.000093677
setA-19,1690,0.000093677
setA-19,1691,0.000093677
setA-19,1692,0.000093677
setA-19,1693,0.000093677
setA-19,1694,0.000070258
setA-19,1695,0.000070258
setA-19,1696,0.000051522
setA-19,1697,0.000046838
setA-19,1698,0.000046838
setA-19,1699,0.000000000
setA-19,1700,0.000000000
setA-19,1701,0.000000000
setA-19,1702,0.000000000
setA-19,1703,0.000000000
setA-19,1704,0.000000000
setA-19,1705,0.000000000
setA-19,1706,0.000000000
setA-19,1707,0.000000000
setA-19,1708,0.000000000
setA-19,1709,0.000000000
setA-19,1710,0.000000000
setA-19,1711,0.000000000
setA-19,1712,0.000000000
setA-19,1713,0.000000000
setA-19,1714,0.000000000
setA-19,1715,0.000000000
setA-19,1716,0.000000000
setA-19,1717,0.000000000
setA-19,1718,0.000000000
setA-19,1719,0.000000000
setA-19,1720,0.000000000
setA-19,1721,0.000000000
setA-19,1722,0.000000000
setA-19,1723,0.000000000
setA-19,1724,0.000000000
setA-19,1725,0.000000000
setA-19,1726,0.000000000
setA-19,1727,0.000000000
setA-19,1728,0.000000000
setA-19,1729,0.000000000
setA-19,1730,0.000000000
setA-19,1731,0.000000000
setA-19,1732,0.000000000
setA-19,1733,0.000000000
setA-19,1734,0.000000000
setA-19,1735,0.000000000
setA-19,1736,0.000000000
setA-19,1737,0.000000000
setA-19,1738,0.000000000
setA-19,1739,0.000000000
setA-19,1740,0.000000000
setA-19,1741,0.000000000
setA-19,1742,0.000000000
setA-19,1743,0.000000000
setA-19,1744,0.000000000
setA-19,1745,0.000000000
setA-19,1746,0.000000000
setA-19,1747,0.000000000
setA-19,1748,0.000000000
setA-19,1749,0.000000000
setA-19,1750,0.000000000
setA-19,1751,0.000000000
setA-19,1752,0.000000000
setA-19,1753,0.000000000
setA-19,1754,0.000000000
setA-19,1755,0.000000000
setA-19,1756,0.000000000
setA-19,1757,0.000000000
setA-19,1758,0.000000000
setA-19,1759,0.000000000
setA-19,1760,0.000000000
setA-19,1761,0.000000000
setA-19,1762,0.000000000
setA-19,1763,0.000000000
setA-19,1764,0.000000000
setA-19,1765,0.000000000
setA-19,1766,0.000000000
setA-19,1767,0.000000000
setA-19,1768,0.000000000
setA-19,1769,0.000000000
setA-19,1770,0.000000000
setA-19,1771,0.000000000
setA-19,1772,0.000000000
setA-19,1773,0.000000000
setA-19,1774,0.000000000
setA-19,1775,0.000000000
setA-19,1776,0.000000000
setA-19,1777,0.000000000
setA-19,1778,0.000000000
setA-19,1779,0.000000000
setA-19,1780,0.000000000
setA-19,1781,0.000000000
setA-19,1782,0.000000000
setA-19,1783,0.000000000
setA-19,1784,0.000000000
setA-19,1785,0.000000000
setA-19,1786,0.000000000
setA-19,1787,0.000000000
setA-19,1788,0.000000000
setA-19,1789,0.000000000
setA-19,1790,0.000000000
setA-19,1791,0.000000000
setA-19,1792,0.000000000
setA-19,1793,0.000000000
setA-19,1794,0.000000000
setA-19,1795,0.000000000
setA-19,1796,0.000000000
setA-19,1797,0.000000000
setA-19,1798,0.000000000
setA-19,1799,0.000000000
setA-19,1800,0.000000000
setA-19,1801,0.000000000
setA-19,1802,0.000000000
setA-19,1803,0.000000000
setA-19,1804,0.000000000
setA-19,1805,0.000000000
setA-19,1806,0.000000000
setA-19,1807,0.000000000
setA-19,1808,0.000000000
setA-19,1809,0.000000000
setA-19,1810,0.000000000
setA-19,1811,0.000000000
setA-19,1812,0.000000000
setA-19,1813,0.000000000
setA-19,1814,0.000000000
setA-19,1815,0.000000000
setA-19,1816,0.000000000
setA-19,1817,0.000000000
setA-19,1818,0.000000000
setA-19,1819,0.000000000
setA-19,1820,0.000000000
setA-19,1821,0.000000000
setA-19,1822,0.000000000
setA-19,1823,0.000000000
setA-19,1824,0.000000000
setA-19,1825,0.000000000
setA-19,1826,0.000000000
setA-19,1827,0.000000000
setA-19,1828,0.000000000
setA-19,1829,0.000000000
setA-19,1830,0.000000000
setA-19,1831,0.000000000
setA-19,1832,0.000000000
setA-19,1833,0.000000000
setA-19,1834,0.000000000
setA-19,1835,0.000000000
setA-19,1836,0.000000000
setA-19,1837,0.000000000
setA-19,1838,0.000000000
setA-19,1839,0.000000000
setA-19,1840,0.000000000
setA-19,1841,0.000000000
setA-19,1842,0.000000000
setA-19,1843,0.000000000
setA-19,1844,0.000000000
setA-19,1845,0.000000000
setA-19,1846,0.000000000
setA-19,1847,0.000000000
setA-19,1848,0.000000000
setA-19,1849,0.000000000
setA-19,1850,0.000000000
setA-19,1851,0.000000000
setA-19,1852,0.000000000
setA-19,1853,0.000000000
setA-19,1854,0.000000000
setA-19,1855,0.000000000
setA-19,1856,0.000000000
setA-19,1857,0.000000000
setA-19,1858,0.000000000
setA-19,1859,0.000000000
setA-19,1860,0.000000000
setA-19,1861,0.000000000
setA-19,1862,0.000000000
setA-19,1863,0.000000000
setA-19,1864,0.000000000
setA-19,1865,0.000000000
setA-19,1866,0.000000000
setA-19,1867,0.000000000
setA-19,1868,0.000000000
setA-19,1869,0.000000000
setA-19,1870,0.000000000
setA-19,1871,0.000000000
setA-19,1872,0.000000000
setA-19,1873,0.000000000
setA-19,1874,0.000000000
setA-19,1875,0.000000000
setA-19,1876,0.000000000
setA-19,1877,0.000000000
setA-19,1878,0.000000000
setA-19,1879,0.000000000
setA-19,1880,0.000000000
setA-19,1881,0.000000000
setA-19,1882,0.000000000
setA-19,1883,0.000000000
setA-19,1884,0.000000000
setA-19,1885,0.000000000
setA-19,1886,0.000000000
setA-19,1887,0.000000000
setA-19,1888,0.000000000
setA-19,1889,0.000000000
setA-19,1890,0.000000000
setA-19,1891,0.000000000
setA-19,1892,0.000000000
setA-19,1893,0.000000000
setA-19,1894,0.000000000
setA-19,1895,0.000000000
setA-19,1896,0.000000000
setA-19,1897,0.000000000
setA-19,1898,0.000000000
setA-19,1899,0.000000000
setA-19,1900,0.000000000
setA-19,1901,0.000000000
setA-19,1902,0.000000000
setA-19,1903,0.000000000
setA-19,1904,0.000000000
setA-19,1905,0.000000000
setA-19,1906,0.000000000
setA-19,1907,0.000000000
setA-19,1908,0.000000000
setA-19,1909,0.000000000
setA-19,1910,0.000000000
setA-19,1911,0.000000000
setA-19,1912,0.000000000
setA-19,1913,0.000000000
setA-19,1914,0.000000000
setA-19,1915,0.000000000
setA-19,1916,0.000000000
setA-19,1917,0.000000000
setA-19,1918,0.000000000
setA-19,1919,0.000000000
setA-19,1920,0.000000000
setA-19,1921,0.000000000
setA-19,1922,0.000000000
setA-19,1923,0.000000000
setA-19,1924,0.000000000
setA-19,1925,0.000000000
setA-19,1926,0.000000000
setA-19,1927,0.000000000
setA-19,1928,0.000000000
setA-19,1929,0.000000000
setA-19,1930,0.000000000
setA-19,1931,0.000000000
setA-19,1932,0.000000000
setA-19,1933,0.000000000
setA-19,1934,0.000000000
setA-19,1935,0.000000000
setA-19,1936,0.000000000
setA-19,1937,0.000000000
setA-19,1938,0.000000000
setA-19,1939,0.000000000
setA-19,1940,0.000000000
setA-19,1941,0.000000000
setA-19,1942,0.000000000
setA-19,1943,0.000000000
setA-19,1944,0.000000000
setA-19,1945,0.000000000
setA-19,1946,0.000000000
setA-19,1947,0.000000000
setA-19,1948,0.000000000
setA-19,1949,0.000000000
setA-19,1950,0.000000000
setA-19,1951,0.000000000
setA-19,1952,0.000000000
setA-19,1953,0.000000000
setA-19,1954,0.000000000
setA-19,1955,0.000000000
setA-19,1956,0.000000000
setA-19,1957,0.000000000
setA-19,1958,0.000000000
setA-19,1959,0.000000000
setA-19,1960,0.000000000
setA-19,1961,0.000000000
setA-19,1962,0.000000000
setA-19,1963,0.000000000
setA-19,1964,0.000000000
setA-19,1965,0.000000000
setA-19,1966,0.000000000
setA-19,1967,0.000000000
setA-19,1968,0.000000000
setA-19,1969,0.000000000
setA-19,1970,0.000000000
setA-19,1971,0.000000000
setA-19,1972,0.000000000
setA-19,1973,0.000000000
setA-19,1974,0.000000000
setA-19,1975,0.000000000
setA-19,1976,0.000000000
setA-19,1977,0.000000000
setA-19,1978,0.000000000
setA-19,1979,0.000000000
setA-19,1980,0.000000000
setA-19,1981,0.000000000
setA-19,1982,0.000000000
setA-19,1983,0.000000000
setA-19,1984,0.000000000
setA-19,1985,0.000000000
setA-19,1986,0.000000000
setA-19,1987,0.000000000
setA-19,1988,0.000000000
setA-19,1989,0.000000000
setA-19,1990,0.000000000
setA-19,1991,0.000000000
setA-19,1992,0.000000000
setA-19,1993,0.000000000
setA-19,1994,0.000000000
setA-19,1995,0.000000000
setA-19,1996,0.000000000
setA-19,1997,0.000000000
setA-19,1998,0.000000000
setA-20,1,0.991312385
setA-20,2,0.840992667
setA-20,3,0.648211607
setA-20,4,0.554574000
setA-20,5,0.553384579
setA-20,6,0.533597744
setA-20,7,0.494154610
setA-20,8,0.476670992
setA-20,9,0.447081470
setA-20,10,0.409516667
setA-20,11,0.391699611
setA-20,12,0.389983203
setA-20,13,0.384528495
setA-20,14,0.377534070
setA-20,15,0.363061218
setA-20,16,0.354955288
setA-20,17,0.341936475
setA-20,18,0.340556790
setA-20,19,0.336867568
setA-20,20,0.334214634
setA-20,21,0.332839726
setA-20,22,0.329621491
setA-20,23,0.326465298
setA-20,24,0.325905626
setA-20,25,0.323968293
setA-20,26,0.322020255
setA-20,27,0.317001535
setA-20,28,0.316329771
setA-20,29,0.309994156
setA-20,30,0.304369305
setA-20,31,0.303359176
setA-20,32,0.298906709
setA-20,33,0.298534371
setA-20,34,0.292367917
setA-20,35,0.286759940
setA-20,36,0.277247826
setA-20,37,0.275947589
setA-20,38,0.270060730
setA-20,39,0.270045480
setA-20,40,0.267037949
setA-20,41,0.265501622
setA-20,42,0.264878118
setA-20,43,0.263358532
setA-20,44,0.260222811
setA-20,45,0.260143097
setA-20,46,0.252652381
setA-20,47,0.250990710
setA-20,48,0.248097692
setA-20,49,0.246483258
setA-20,50,0.245487482
setA-20,51,0.245208797
setA-20,52,0.244186885
setA-20,53,0.243398627
setA-20,54,0.242476722
setA-20,55,0.242295203
setA-20,56,0.241206394
setA-20,57,0.240608712
setA-20,58,0.240148000
setA-20,59,0.240131104
setA-20,60,0.239379289
setA-20,61,0.237631429
setA-20,62,0.237428516
setA-20,63,0.236830261
setA-20,64,0.236642857
setA-20,65,0.234731973
setA-20,66,0.233991837
setA-20,67,0.233904480
setA-20,68,0.231721078
setA-20,69,0.230640401
setA-20,70,0.230469138
setA-20,71,0.227858252
setA-20,72,0.227411265
setA-20,73,0.226390667
setA-20,74,0.226385603
setA-20,75,0.226331390
setA-20,76,0.225567233
setA-20,77,0.225370942
setA-20,78,0.224870813
setA-20,79,0.224604495
setA-20,80,0.224158609
setA-20,81,0.222924517
setA-20,82,0.222910276
setA-20,83,0.222766667
setA-20,84,0.222193159
setA-20,85,0.222085652
setA-20,86,0.221176707
setA-20,87,0.220363848
setA-20,88,0.220017224
setA-20,89,0.219186691
setA-20,90,0.218833619
setA-20,91,0.218374202
setA-20,92,0.218189504
setA-20,93,0.217998747
setA-20,94,0.217694785
setA-20,95,0.216967692
setA-20,96,0.215559072
setA-20,97,0.212856546
setA-20,98,0.210826895
setA-20,99,0.210580372
setA-20,100,0.210356704
setA-20,101,0.209191314
setA-20,102,0.208902703
setA-20,103,0.208748708
setA-20,104,0.207035758
setA-20,105,0.206426002
setA-20,106,0.206406849
setA-20,107,0.205718621
setA-20,108,0.205414133
setA-20,109,0.205342428
setA-20,110,0.204349667
setA-20,111,0.203735350
setA-20,112,0.202577879
setA-20,113,0.202233422
setA-20,114,0.201720649
setA-20,115,0.201586218
setA-20,116,0.201071429
setA-20,117,0.200887033
setA-20,118,0.200177042
setA-20,119,0.199532126
setA-20,120,0.198523901
setA-20,121,0.197743182
setA-20,122,0.196786126
setA-20,123,0.196327318
setA-20,124,0.196177468
setA-20,125,0.196094076
setA-20,126,0.195040000
setA-20,127,0.194876460
setA-20,128,0.194774497
setA-20,129,0.194125133
setA-20,130,0.192738004
setA-20,131,0.191775522
setA-20,132,0.190437590
setA-20,133,0.190365760
setA-20,134,0.188258992
setA-20,135,0.188236132
setA-20,136,0.186125000
setA-20,137,0.186095913
setA-20,138,0.185296447
setA-20,139,0.185003583
setA-20,140,0.183690382
setA-20,141,0.182399045
setA-20,142,0.180849045
setA-20,143,0.180819790
setA-20,144,0.179854054
setA-20,145,0.179726404
setA-20,146,0.179322869
setA-20,147,0.179316615
setA-20,148,0.179290391
setA-20,149,0.179141642
setA-20,150,0.178953535
setA-20,151,0.178846589
setA-20,152,0.178050308
setA-20,153,0.177664687
setA-20,154,0.177652933
setA-20,155,0.177445902
setA-20,156,0.177445418
setA-20,157,0.175973678
setA-20,158,0.175921012
setA-20,159,0.175849322
setA-20,160,0.174616633
setA-20,161,0.174578389
setA-20,162,0.174550291
setA-20,163,0.174542185
setA-20,164,0.174015342
setA-20,165,0.173561131
setA-20,166,0.173551194
setA-20,167,0.173417687
setA-20,168,0.172923639
setA-20,169,0.172839374
setA-20,170,0.172661804
setA-20,171,0.172646557
setA-20,172,0.172610435
setA-20,173,0.172384880
setA-20,174,0.171611370
setA-20,175,0.171176797
setA-20,176,0.170708588
setA-20,177,0.170513176
setA-20,178,0.169943396
setA-20,179,0.169717221
setA-20,180,0.169093575
setA-20,181,0.168664453
setA-20,182,0.168578252
setA-20,183,0.168547174
setA-20,184,0.168183190
setA-20,185,0.168158400
setA-20,186,0.167886456
setA-20,187,0.167495460
setA-20,188,0.166502636
setA-20,189,0.166367374
setA-20,190,0.166291061
setA-20,191,0.166024713
setA-20,192,0.165464863
setA-20,193,0.165150000
setA-20,194,0.164619453
setA-20,195,0.164570339
setA-20,196,0.164359724
setA-20,197,0.164122627
setA-20,198,0.163984502
setA-20,199,0.163840576
setA-20,200,0.163415725
setA-20,201,0.163373140
setA-20,202,0.162747491
setA-20,203,0.162730225
setA-20,204,0.162447961
setA-20,205,0.161464820
setA-20,206,0.161128586
setA-20,207,0.160985958
setA-20,208,0.160269853
setA-20,209,0.160209110
setA-20,210,0.160128394
setA-20,211,0.159767613
setA-20,212,0.159601877
setA-20,213,0.159558602
setA-20,214,0.159480184
setA-20,215,0.158972985
setA-20,216,0.158340492
setA-20,217,0.158322778
setA-20,218,0.157781663
setA-20,219,0.157775738
setA-20,220,0.157724432
setA-20,221,0.157623891
setA-20,222,0.157469014
setA-20,223,0.156788964
setA-20,224,0.156700623
setA-20,225,0.156683702
setA-20,226,0.156617359
setA-20,227,0.156616159
setA-20,228,0.155687990
setA-20,229,0.155649145
setA-20,230,0.154943688
setA-20,231,0.154873695
setA-20,232,0.154573127
setA-20,233,0.154388122
setA-20,234,0.154156806
setA-20,235,0.154063327
setA-20,236,0.154023223
setA-20,237,0.153975039
setA-20,238,0.153877509
setA-20,239,0.153677489
setA-20,240,0.153575246
setA-20,241,0.153204032
setA-20,242,0.153184355
setA-20,243,0.152985496
setA-20,244,0.152977544
setA-20,245,0.152910571
setA-20,246,0.152365920
setA-20,247,0.152338571
setA-20,248,0.152293770
setA-20,249,0.151913298
setA-20,250,0.150800303
setA-20,251,0.150795153
setA-20,252,0.150789969
setA-20,253,0.150720000
setA-20,254,0.150700781
setA-20,255,0.150252656
setA-20,256,0.150219287
setA-20,257,0.150019113
setA-20,258,0.149744839
setA-20,259,0.149155324
setA-20,260,0.149126218
setA-20,261,0.148832582
setA-20,262,0.148761209
setA-20,263,0.148697690
setA-20,264,0.148680246
setA-20,265,0.148427491
setA-20,266,0.148219432
setA-20,267,0.147948033
setA-20,268,0.147167544
setA-20,269,0.147004303
setA-20,270,0.146941192
setA-20,271,0.146543000
setA-20,272,0.146489160
setA-20,273,0.146326392
setA-20,274,0.145946696
setA-20,275,0.145907311
setA-20,276,0.145833921
setA-20,277,0.145788429
setA-20,278,0.145646977
setA-20,279,0.145581848
setA-20,280,0.145576493
setA-20,281,0.145494078
setA-20,282,0.145295850
setA-20,283,0.145286992
setA-20,284,0.145228394
setA-20,285,0.145164611
setA-20,286,0.145105958
setA-20,287,0.145084829
setA-20,288,0.145005213
setA-20,289,0.144911220
setA-20,290,0.144877097
setA-20,291,0.144692284
setA-20,292,0.144639015
setA-20,293,0.144538836
setA-20,294,0.144515211
setA-20,295,0.144421963
setA-20,296,0.144178365
setA-20,297,0.144165399
setA-20,298,0.144105839
setA-20,299,0.143979240
setA-20,300,0.143762683
setA-20,301,0.143673158
setA-20,302,0.143169588
setA-20,303,0.142720846
setA-20,304,0.142665517
setA-20,305,0.142439064
setA-20,306,0.141985714
setA-20,307,0.141893433
setA-20,308,0.141856473
setA-20,309,0.141310977
setA-20,310,0.141209927
setA-20,311,0.140964309
setA-20,312,0.140607052
setA-20,313,0.140353403
setA-20,314,0.140344062
setA-20,315,0.140268593
setA-20,316,0.139594577
setA-20,317,0.139327197
setA-20,318,0.139251432
setA-20,319,0.139040811
setA-20,320,0.138448930
setA-20,321,0.138417220
setA-20,322,0.138195478
setA-20,323,0.137645841
setA-20,324,0.137353202
setA-20,325,0.136899854
setA-20,326,0.136806409
setA-20,327,0.136780423
setA-20,328,0.136543542
setA-20,329,0.136258754
setA-20,330,0.136105085
setA-20,331,0.135997442
setA-20,332,0.135566500
setA-20,333,0.135436542
setA-20,334,0.135357477
setA-20,335,0.135344396
setA-20,336,0.134823466
setA-20,337,0.134722025
setA-20,338,0.134693750
setA-20,339,0.134551351
setA-20,340,0.134375209
setA-20,341,0.134374637
setA-20,342,0.134288246
setA-20,343,0.134026560
setA-20,344,0.133915668
setA-20,345,0.133568623
setA-20,346,0.133297523
setA-20,347,0.133286006
setA-20,348,0.132985124
setA-20,349,0.132904444
setA-20,350,0.132891349
setA-20,351,0.132610897
setA-20,352,0.132267279
setA-20,353,0.132163734
setA-20,354,0.131646076
setA-20,355,0.131127273
setA-20,356,0.130814066
setA-20,357,0.130766429
setA-20,358,0.130727876
setA-20,359,0.130259213
setA-20,360,0.130145979
setA-20,361,0.129923858
setA-20,362,0.129716228
setA-20,363,0.129651487
setA-20,364,0.129266820
setA-20,365,0.129135789
setA-20,366,0.128941746
setA-20,367,0.128850809
setA-20,368,0.128837634
setA-20,369,0.128774691
setA-20,370,0.128674897
setA-20,371,0.128486449
setA-20,372,0.128484041
setA-20,373,0.128436667
setA-20,374,0.128243115
setA-20,375,0.127986522
setA-20,376,0.127827193
setA-20,377,0.127663151
setA-20,378,0.127519951
setA-20,379,0.127405016
setA-20,380,0.127356098
setA-20,381,0.127321212
setA-20,382,0.127112766
setA-20,383,0.126993487
setA-20,384,0.126850503
setA-20,385,0.126841695
setA-20,386,0.126642773
setA-20,387,0.126219092
setA-20,388,0.126107244
setA-20,389,0.126096109
setA-20,390,0.126084496
setA-20,391,0.126000000
setA-20,392,0.125913832
setA-20,393,0.125717451
setA-20,394,0.125700792
setA-20,395,0.125694816
setA-20,396,0.125542291
setA-20,397,0.125161568
setA-20,398,0.125040584
setA-20,399,0.125006582
setA-20,400,0.124787857
setA-20,401,0.124783046
setA-20,402,0.124781136
setA-20,403,0.124753846
setA-20,404,0.124503872
setA-20,405,0.124374561
setA-20,406,0.124299352
setA-20,407,0.124276718
setA-20,408,0.124113134
setA-20,409,0.124095964
setA-20,410,0.123958269
setA-20,411,0.123832203
setA-20,412,0.123828333
setA-20,413,0.123390739
setA-20,414,0.122788277
setA-20,415,0.122520000
setA-20,416,0.122487427
setA-20,417,0.122344697
setA-20,418,0.122078648
setA-20,419,0.122012161
setA-20,420,0.121995843
setA-20,421,0.121868990
setA-20,422,0.121777222
setA-20,423,0.121715199
setA-20,424,0.121683871
setA-20,425,0.121663863
setA-20,426,0.121647455
setA-20,427,0.121627665
setA-20,428,0.121585035
setA-20,429,0.121074031
setA-20,430,0.120896333
setA-20,431,0.120687956
setA-20,432,0.120655120
setA-20,433,0.120443521
setA-20,434,0.120371610
setA-20,435,0.120133176
setA-20,436,0.119811272
setA-20,437,0.119476905
setA-20,438,0.119434003
setA-20,439,0.119398468
setA-20,440,0.119213290
setA-20,441,0.118882068
setA-20,442,0.118668427
setA-20,443,0.118319538
setA-20,444,0.118318653
setA-20,445,0.118311250
setA-20,446,0.118289882
setA-20,447,0.117973118
setA-20,448,0.117879377
setA-20,449,0.117858546
setA-20,450,0.117841311
setA-20,451,0.117794850
setA-20,452,0.117428352
setA-20,453,0.117393489
setA-20,454,0.117319256
setA-20,455,0.117259411
setA-20,456,0.117148252
setA-20,457,0.116795628
setA-20,458,0.116603586
setA-20,459,0.116500325
setA-20,460,0.116422078
setA-20,461,0.116384294
setA-20,462,0.116226950
setA-20,463,0.115774762
setA-20,464,0.115652262
setA-20,465,0.115626230
setA-20,466,0.115441202
setA-20,467,0.115395581
setA-20,468,0.115326792
setA-20,469,0.115055289
setA-20,470,0.114946688
setA-20,471,0.114823158
setA-20,472,0.114784685
setA-20,473,0.114681496
setA-20,474,0.114547508
setA-20,475,0.114291079
setA-20,476,0.114137478
setA-20,477,0.114090509
setA-20,478,0.113831250
setA-20,479,0.113731435
setA-20,480,0.113705000
setA-20,481,0.113515675
setA-20,482,0.113478061
setA-20,483,0.113406301
setA-20,484,0.113381883
setA-20,485,0.113257021
setA-20,486,0.113071342
setA-20,487,0.113062006
setA-20,488,0.112987063
setA-20,489,0.112985880
setA-20,490,0.112901558
setA-20,491,0.112843723
setA-20,492,0.112776831
setA-20,493,0.112734184
setA-20,494,0.112676122
setA-20,495,0.112499270
setA-20,496,0.112490086
setA-20,497,0.112469313
setA-20,498,0.112408755
setA-20,499,0.112357119
setA-20,500,0.112266563
setA-20,501,0.112152632
setA-20,502,0.112052892
setA-20,503,0.112005986
setA-20,504,0.112000580
setA-20,505,0.111900639
setA-20,506,0.111795040
setA-20,507,0.111719795
setA-20,508,0.111692949
setA-20,509,0.111469694
setA-20,510,0.110938007
setA-20,511,0.110901331
setA-20,512,0.110771297
setA-20,513,0.110689834
setA-20,514,0.110678603
setA-20,515,0.110348747
setA-20,516,0.110265374
setA-20,517,0.110119225
setA-20,518,0.110031183
setA-20,519,0.110004822
setA-20,520,0.109970840
setA-20,521,0.109925829
setA-20,522,0.109917988
setA-20,523,0.109787306
setA-20,524,0.109554962
setA-20,525,0.109524510
setA-20,526,0.109336747
setA-20,527,0.109311532
setA-20,528,0.109061751
setA-20,529,0.108879150
setA-20,530,0.108817736
setA-20,531,0.108787131
setA-20,532,0.108771501
setA-20,533,0.108560750
setA-20,534,0.108450000
setA-20,535,0.108268696
setA-20,536,0.108264286
setA-20,537,0.108214320
setA-20,538,0.108188090
setA-20,539,0.107998440
setA-20,540,0.107992765
setA-20,541,0.107855701
setA-20,542,0.107838070
setA-20,543,0.107807911
setA-20,544,0.107737331
setA-20,545,0.107612583
setA-20,546,0.107552924
setA-20,547,0.107481364
setA-20,548,0.107347072
setA-20,549,0.107323858
setA-20,550,0.107294439
setA-20,551,0.107153584
setA-20,552,0.106861173
setA-20,553,0.106623050
setA-20,554,0.106570983
setA-20,555,0.106518932
setA-20,556,0.106365979
setA-20,557,0.106352354
setA-20,558,0.106318701
setA-20,559,0.106264734
setA-20,560,0.106221642
setA-20,561,0.106156329
setA-20,562,0.106109611
setA-20,563,0.105937183
setA-20,564,0.105833411
setA-20,565,0.105734763
setA-20,566,0.105689713
setA-20,567,0.105500180
setA-20,568,0.105454326
setA-20,569,0.105264539
setA-20,570,0.105096680
setA-20,571,0.104767758
setA-20,572,0.104719760
setA-20,573,0.104700344
setA-20,574,0.104466393
setA-20,575,0.104421218
setA-20,576,0.104254296
setA-20,577,0.104241869
setA-20,578,0.104218238
setA-20,579,0.104064213
setA-20,580,0.104022355
setA-20,581,0.103976934
setA-20,582,0.103905941
setA-20,583,0.103571538
setA-20,584,0.103550909
setA-20,585,0.103526300
setA-20,586,0.103489938
setA-20,587,0.103412955
setA-20,588,0.103291093
setA-20,589,0.103200667
setA-20,590,0.103126030
setA-20,591,0.102652412
setA-20,592,0.102478603
setA-20,593,0.102440762
setA-20,594,0.102298436
setA-20,595,0.101995133
setA-20,596,0.101941569
setA-20,597,0.101782422
setA-20,598,0.101756729
setA-20,599,0.101223784
setA-20,600,0.100928447
setA-20,601,0.100882179
setA-20,602,0.100802588
setA-20,603,0.100792937
setA-20,604,0.100779938
setA-20,605,0.100697600
setA-20,606,0.100653975
setA-20,607,0.100425629
setA-20,608,0.100346171
setA-20,609,0.100325551
setA-20,610,0.100275830
setA-20,611,0.100222472
setA-20,612,0.100198157
setA-20,613,0.100174681
setA-20,614,0.099875314
setA-20,615,0.099709434
setA-20,616,0.099678138
setA-20,617,0.099524636
setA-20,618,0.099501022
setA-20,619,0.099484012
setA-20,620,0.099441504
setA-20,621,0.099161104
setA-20,622,0.099107143
setA-20,623,0.099003429
setA-20,624,0.098969477
setA-20,625,0.098899096
setA-20,626,0.098761073
setA-20,627,0.098749348
setA-20,628,0.098705504
setA-20,629,0.098679795
setA-20,630,0.098630357
setA-20,631,0.098564988
setA-20,632,0.098444485
setA-20,633,0.098233380
setA-20,634,0.098150571
setA-20,635,0.098138519
setA-20,636,0.098065916
setA-20,637,0.098065104
setA-20,638,0.097982636
setA-20,639,0.097898646
setA-20,640,0.097741358
setA-20,641,0.097697059
setA-20,642,0.097687783
setA-20,643,0.097655039
setA-20,644,0.097544637
setA-20,645,0.097513082
setA-20,646,0.097355068
setA-20,647,0.097334127
setA-20,648,0.097333898
setA-20,649,0.097093579
setA-20,650,0.097017923
setA-20,651,0.096808155
setA-20,652,0.096679368
setA-20,653,0.096666923
setA-20,654,0.096347544
setA-20,655,0.096325605
setA-20,656,0.096262317
setA-20,657,0.096200451
setA-20,658,0.096167009
setA-20,659,0.096165208
setA-20,660,0.096058787
setA-20,661,0.096041762
setA-20,662,0.095983168
setA-20,663,0.095936910
setA-20,664,0.095858512
setA-20,665,0.095548255
setA-20,666,0.095479616
setA-20,667,0.095366118
setA-20,668,0.095293133
setA-20,669,0.095292530
setA-20,670,0.095280800
setA-20,671,0.095151251
setA-20,672,0.095006468
setA-20,673,0.094937557
setA-20,674,0.094797208
setA-20,675,0.094791558
setA-20,676,0.094774316
setA-20,677,0.094572162
setA-20,678,0.094488292
setA-20,679,0.094381009
setA-20,680,0.094301914
setA-20,681,0.094220145
setA-20,682,0.094217516
setA-20,683,0.094094059
setA-20,684,0.094089427
setA-20,685,0.094009275
setA-20,686,0.093855135
setA-20,687,0.093819073
setA-20,688,0.093787232
setA-20,689,0.093755832
setA-20,690,0.093670423
setA-20,691,0.093669295
setA-20,692,0.093472492
setA-20,693,0.093198366
setA-20,694,0.093155988
setA-20,695,0.092968304
setA-20,696,0.092923491
setA-20,697,0.092829686
setA-20,698,0.092549578
setA-20,699,0.092497118
setA-20,700,0.092433972
setA-20,701,0.092254245
setA-20,702,0.092160377
setA-20,703,0.092152828
setA-20,704,0.091984444
setA-20,705,0.091904803
setA-20,706,0.091899603
setA-20,707,0.091718022
setA-20,708,0.091589297
setA-20,709,0.091577077
setA-20,710,0.091485299
setA-20,711,0.091291026
setA-20,712,0.090713109
setA-20,713,0.090550115
setA-20,714,0.090456814
setA-20,715,0.090415368
setA-20,716,0.090401043
setA-20,717,0.090378734
setA-20,718,0.090329771
setA-20,719,0.090304286
setA-20,720,0.090255128
setA-20,721,0.090239495
setA-20,722,0.090163793
setA-20,723,0.090160997
setA-20,724,0.089973967
setA-20,725,0.089963670
setA-20,726,0.089938916
setA-20,727,0.089931844
setA-20,728,0.089832211
setA-20,729,0.089678357
setA-20,730,0.089555798
setA-20,731,0.089505609
setA-20,732,0.089447868
setA-20,733,0.089402320
setA-20,734,0.089305091
setA-20,735,0.089288130
setA-20,736,0.089249706
setA-20,737,0.089210127
setA-20,738,0.089115192
setA-20,739,0.088928875
setA-20,740,0.088921188
setA-20,741,0.088907407
setA-20,742,0.088835092
setA-20,743,0.088820483
setA-20,744,0.088817105
setA-20,745,0.088784528
setA-20,746,0.088596435
setA-20,747,0.088292308
setA-20,748,0.088152568
setA-20,749,0.088081801
setA-20,750,0.087660529
setA-20,751,0.087595652
setA-20,752,0.087565746
setA-20,753,0.087467206
setA-20,754,0.087398901
setA-20,755,0.087358464
setA-20,756,0.087141767
setA-20,757,0.086927410
setA-20,758,0.086861461
setA-20,759,0.086746000
setA-20,760,0.086641393
setA-20,761,0.086592994
setA-20,762,0.086468528
setA-20,763,0.085983715
setA-20,764,0.085885174
setA-20,765,0.085529187
setA-20,766,0.085393773
setA-20,767,0.084991646
setA-20,768,0.084971128
setA-20,769,0.084923017
setA-20,770,0.084897989
setA-20,771,0.084881630
setA-20,772,0.084762514
setA-20,773,0.084759251
setA-20,774,0.084749916
setA-20,775,0.084710960
setA-20,776,0.084509003
setA-20,777,0.084439265
setA-20,778,0.084304053
setA-20,779,0.084257520
setA-20,780,0.084176482
setA-20,781,0.084087559
setA-20,782,0.084024341
setA-20,783,0.084015917
setA-20,784,0.083967141
setA-20,785,0.083853827
setA-20,786,0.083742433
setA-20,787,0.083565693
setA-20,788,0.083384767
setA-20,789,0.083234266
setA-20,790,0.083060676
setA-20,791,0.082920044
setA-20,792,0.082917516
setA-20,793,0.082886350
setA-20,794,0.082806475
setA-20,795,0.082805446
setA-20,796,0.082641615
setA-20,797,0.082624498
setA-20,798,0.082598659
setA-20,799,0.082534504
setA-20,800,0.082493097
setA-20,801,0.082354749
setA-20,802,0.082308187
setA-20,803,0.082265224
setA-20,804,0.082093672
setA-20,805,0.082033446
setA-20,806,0.081966831
setA-20,807,0.081892877
setA-20,808,0.081865347
setA-20,809,0.081666265
setA-20,810,0.081572231
setA-20,811,0.081161860
setA-20,812,0.081107205
setA-20,813,0.081085389
setA-20,814,0.080965421
setA-20,815,0.080898599
setA-20,816,0.080778799
setA-20,817,0.080642857
setA-20,818,0.080542564
setA-20,819,0.080529259
setA-20,820,0.080466121
setA-20,821,0.080316585
setA-20,822,0.080256691
setA-20,823,0.080222713
setA-20,824,0.080191136
setA-20,825,0.080128497
setA-20,826,0.080118899
setA-20,827,0.080114109
setA-20,828,0.080102009
setA-20,829,0.079936047
setA-20,830,0.079836870
setA-20,831,0.079815315
setA-20,832,0.079802045
setA-20,833,0.079779808
setA-20,834,0.079748408
setA-20,835,0.079736818
setA-20,836,0.079695833
setA-20,837,0.079489816
setA-20,838,0.079466964
setA-20,839,0.079267359
setA-20,840,0.079256695
setA-20,841,0.079110020
setA-20,842,0.079083055
setA-20,843,0.078974664
setA-20,844,0.078849097
setA-20,845,0.078841398
setA-20,846,0.078803411
setA-20,847,0.078795936
setA-20,848,0.078551528
setA-20,849,0.078442093
setA-20,850,0.078424922
setA-20,851,0.078255803
setA-20,852,0.078245135
setA-20,853,0.078208671
setA-20,854,0.078116646
setA-20,855,0.078075000
setA-20,856,0.078047564
setA-20,857,0.077961329
setA-20,858,0.077915098
setA-20,859,0.077843873
setA-20,860,0.077815348
setA-20,861,0.077735657
setA-20,862,0.077706104
setA-20,863,0.077657856
setA-20,864,0.077550284
setA-20,865,0.077466468
setA-20,866,0.077235546
setA-20,867,0.077216104
setA-20,868,0.077182167
setA-20,869,0.077100000
setA-20,870,0.077094713
setA-20,871,0.076856250
setA-20,872,0.076779296
setA-20,873,0.076751672
setA-20,874,0.076730676
setA-20,875,0.076711576
setA-20,876,0.076700773
setA-20,877,0.076568072
setA-20,878,0.076458613
setA-20,879,0.076420557
setA-20,880,0.076284624
setA-20,881,0.076088950
setA-20,882,0.075779838
setA-20,883,0.075729433
setA-20,884,0.075673740
setA-20,885,0.075445256
setA-20,886,0.075443197
setA-20,887,0.075441892
setA-20,888,0.075378873
setA-20,889,0.075317296
setA-20,890,0.075277800
setA-20,891,0.075106079
setA-20,892,0.074910386
setA-20,893,0.074613183
setA-20,894,0.074600304
setA-20,895,0.074554240
setA-20,896,0.074460531
setA-20,897,0.074423681
setA-20,898,0.074389349
setA-20,899,0.074012752
setA-20,900,0.073961739
setA-20,901,0.073941667
setA-20,902,0.073879529
setA-20,903,0.073849910
setA-20,904,0.073789767
setA-20,905,0.073643709
setA-20,906,0.073616352
setA-20,907,0.073581558
setA-20,908,0.073512445
setA-20,909,0.073484257
setA-20,910,0.073464294
setA-20,911,0.073150763
setA-20,912,0.072988159
setA-20,913,0.072979576
setA-20,914,0.072958043
setA-20,915,0.072359704
setA-20,916,0.072201699
setA-20,917,0.072190525
setA-20,918,0.072083690
setA-20,919,0.072064596
setA-20,920,0.071919602
setA-20,921,0.071874735
setA-20,922,0.071846545
setA-20,923,0.071809957
setA-20,924,0.071746626
setA-20,925,0.071726593
setA-20,926,0.071521871
setA-20,927,0.071513958
setA-20,928,0.071480168
setA-20,929,0.071446624
setA-20,930,0.071444494
setA-20,931,0.071405556
setA-20,932,0.071270000
setA-20,933,0.071199554
setA-20,934,0.071168594
setA-20,935,0.071099231
setA-20,936,0.071092892
setA-20,937,0.071082443
setA-20,938,0.071013793
setA-20,939,0.071007492
setA-20,940,0.070883773
setA-20,941,0.070862102
setA-20,942,0.070780553
setA-20,943,0.070696143
setA-20,944,0.070654908
setA-20,945,0.070584598
setA-20,946,0.070539917
setA-20,947,0.070465743
setA-20,948,0.070434845
setA-20,949,0.070430134
setA-20,950,0.070397808
setA-20,951,0.070382746
setA-20,952,0.070316873
setA-20,953,0.070312044
setA-20,954,0.070241342
setA-20,955,0.069984579
setA-20,956,0.069892439
setA-20,957,0.069878588
setA-20,958,0.069870427
setA-20,959,0.069476477
setA-20,960,0.069405618
setA-20,961,0.069337651
setA-20,962,0.069301975
setA-20,963,0.069295824
setA-20,964,0.069212447
setA-20,965,0.069098097
setA-20,966,0.069007716
setA-20,967,0.068904114
setA-20,968,0.068787597
setA-20,969,0.068595455
setA-20,970,0.068471710
setA-20,971,0.068451068
setA-20,972,0.068367957
setA-20,973,0.068349926
setA-20,974,0.068234326
setA-20,975,0.068133787
setA-20,976,0.068068471
setA-20,977,0.067998887
setA-20,978,0.067978112
setA-20,979,0.067965410
setA-20,980,0.067941530
setA-20,981,0.067857016
setA-20,982,0.067780027
setA-20,983,0.067658082
setA-20,984,0.067600382
setA-20,985,0.067517930
setA-20,986,0.067428437
setA-20,987,0.067423322
setA-20,988,0.067182447
setA-20,989,0.067105335
setA-20,990,0.067035644
setA-20,991,0.067014855
setA-20,992,0.066928058
setA-20,993,0.066915596
setA-20,994,0.066896627
setA-20,995,0.066805122
setA-20,996,0.066746100
setA-20,997,0.066697078
setA-20,998,0.066661194
setA-20,999,0.066608451
setA-20,1000,0.066560173
setA-20,1001,0.066513296
setA-20,1002,0.066469521
setA-20,1003,0.066425503
setA-20,1004,0.066390827
setA-20,1005,0.066294495
setA-20,1006,0.066107521
setA-20,1007,0.066090456
setA-20,1008,0.065888187
setA-20,1009,0.065863495
setA-20,1010,0.065839286
setA-20,1011,0.065796102
setA-20,1012,0.065755519
setA-20,1013,0.065752120
setA-20,1014,0.065534310
setA-20,1015,0.065419512
setA-20,1016,0.065417728
setA-20,1017,0.065407769
setA-20,1018,0.065381331
setA-20,1019,0.065377148
setA-20,1020,0.065345205
setA-20,1021,0.065257955
setA-20,1022,0.065104742
setA-20,1023,0.064869063
setA-20,1024,0.064839489
setA-20,1025,0.064832998
setA-20,1026,0.064705667
setA-20,1027,0.064671911
setA-20,1028,0.064625089
setA-20,1029,0.064587041
setA-20,1030,0.064540571
setA-20,1031,0.064470629
setA-20,1032,0.064397399
setA-20,1033,0.064362829
setA-20,1034,0.064309277
setA-20,1035,0.064262287
setA-20,1036,0.064131138
setA-20,1037,0.064119018
setA-20,1038,0.064029530
setA-20,1039,0.064019664
setA-20,1040,0.063978654
setA-20,1041,0.063905603
setA-20,1042,0.063892613
setA-20,1043,0.063577816
setA-20,1044,0.063300388
setA-20,1045,0.063285804
setA-20,1046,0.063277956
setA-20,1047,0.063228205
setA-20,1048,0.063198540
setA-20,1049,0.063170888
setA-20,1050,0.063120397
setA-20,1051,0.063081071
setA-20,1052,0.063051703
setA-20,1053,0.062900642
setA-20,1054,0.062742943
setA-20,1055,0.062658830
setA-20,1056,0.062579933
setA-20,1057,0.062576970
setA-20,1058,0.062524937
setA-20,1059,0.062403526
setA-20,1060,0.062340110
setA-20,1061,0.062329613
setA-20,1062,0.062326592
setA-20,1063,0.062170423
setA-20,1064,0.061501763
setA-20,1065,0.061482812
setA-20,1066,0.061410092
setA-20,1067,0.061410092
setA-20,1068,0.061402097
setA-20,1069,0.061352739
setA-20,1070,0.061285320
setA-20,1071,0.061251751
setA-20,1072,0.061083642
setA-20,1073,0.061018876
setA-20,1074,0.060994574
setA-20,1075,0.060962430
setA-20,1076,0.060866361
setA-20,1077,0.060798505
setA-20,1078,0.060642951
setA-20,1079,0.060307206
setA-20,1080,0.060270191
setA-20,1081,0.060268611
setA-20,1082,0.060159048
setA-20,1083,0.060101752
setA-20,1084,0.060099371
setA-20,1085,0.059962729
setA-20,1086,0.059909833
setA-20,1087,0.059882831
setA-20,1088,0.059841433
setA-20,1089,0.059784211
setA-20,1090,0.059774639
setA-20,1091,0.059738732
setA-20,1092,0.059728155
setA-20,1093,0.059641535
setA-20,1094,0.059601667
setA-20,1095,0.059592727
setA-20,1096,0.059571106
setA-20,1097,0.059212335
setA-20,1098,0.058882288
setA-20,1099,0.058865091
setA-20,1100,0.058824925
setA-20,1101,0.058800000
setA-20,1102,0.058719613
setA-20,1103,0.058590063
setA-20,1104,0.058455706
setA-20,1105,0.058375873
setA-20,1106,0.058334146
setA-20,1107,0.058330792
setA-20,1108,0.058322727
setA-20,1109,0.058103460
setA-20,1110,0.058089970
setA-20,1111,0.058028755
setA-20,1112,0.057928072
setA-20,1113,0.057925479
setA-20,1114,0.057748764
setA-20,1115,0.057594286
setA-20,1116,0.057549155
setA-20,1117,0.057497576
setA-20,1118,0.057478402
setA-20,1119,0.057447647
setA-20,1120,0.057440260
setA-20,1121,0.057392342
setA-20,1122,0.057172081
setA-20,1123,0.057154762
setA-20,1124,0.057142969
setA-20,1125,0.057094069
setA-20,1126,0.057067066
setA-20,1127,0.057020925
setA-20,1128,0.056912651
setA-20,1129,0.056786129
setA-20,1130,0.056773340
setA-20,1131,0.056733913
setA-20,1132,0.056590789
setA-20,1133,0.056535359
setA-20,1134,0.056485185
setA-20,1135,0.056453221
setA-20,1136,0.056415858
setA-20,1137,0.056402390
setA-20,1138,0.056383208
setA-20,1139,0.056321569
setA-20,1140,0.056207395
setA-20,1141,0.056097856
setA-20,1142,0.056085109
setA-20,1143,0.056034125
setA-20,1144,0.056031204
setA-20,1145,0.055936712
setA-20,1146,0.055923960
setA-20,1147,0.055827541
setA-20,1148,0.055684173
setA-20,1149,0.055641472
setA-20,1150,0.055488030
setA-20,1151,0.055211940
setA-20,1152,0.055191882
setA-20,1153,0.055139461
setA-20,1154,0.055124826
setA-20,1155,0.055103048
setA-20,1156,0.054991474
setA-20,1157,0.054980859
setA-20,1158,0.054887051
setA-20,1159,0.054459348
setA-20,1160,0.054412086
setA-20,1161,0.054202857
setA-20,1162,0.054202144
setA-20,1163,0.054135284
setA-20,1164,0.054118875
setA-20,1165,0.054106733
setA-20,1166,0.053957143
setA-20,1167,0.053934335
setA-20,1168,0.053923810
setA-20,1169,0.053911014
setA-20,1170,0.053817016
setA-20,1171,0.053814141
setA-20,1172,0.053693617
setA-20,1173,0.053673379
setA-20,1174,0.053673379
setA-20,1175,0.053635509
setA-20,1176,0.053623451
setA-20,1177,0.053617778
setA-20,1178,0.053452167
setA-20,1179,0.053437150
setA-20,1180,0.053416451
setA-20,1181,0.053344259
setA-20,1182,0.053331677
setA-20,1183,0.053298270
setA-20,1184,0.053275121
setA-20,1185,0.053203076
setA-20,1186,0.053194599
setA-20,1187,0.053165344
setA-20,1188,0.053062487
setA-20,1189,0.053030130
setA-20,1190,0.053026827
setA-20,1191,0.052886615
setA-20,1192,0.052874299
setA-20,1193,0.052825698
setA-20,1194,0.052740323
setA-20,1195,0.052720886
setA-20,1196,0.052706125
setA-20,1197,0.052595381
setA-20,1198,0.052374771
setA-20,1199,0.052290862
setA-20,1200,0.052204989
setA-20,1201,0.052140083
setA-20,1202,0.052050652
setA-20,1203,0.051679204
setA-20,1204,0.051585177
setA-20,1205,0.051433072
setA-20,1206,0.051366427
setA-20,1207,0.051340888
setA-20,1208,0.051319634
setA-20,1209,0.051111894
setA-20,1210,0.050779706
setA-20,1211,0.050736085
setA-20,1212,0.050711950
setA-20,1213,0.050623188
setA-20,1214,0.050551004
setA-20,1215,0.050130843
setA-20,1216,0.050096068
setA-20,1217,0.050059871
setA-20,1218,0.050046262
setA-20,1219,0.050010256
setA-20,1220,0.049864948
setA-20,1221,0.049826786
setA-20,1222,0.049739730
setA-20,1223,0.049667261
setA-20,1224,0.049635908
setA-20,1225,0.049542338
setA-20,1226,0.049541115
setA-20,1227,0.049504103
setA-20,1228,0.049286610
setA-20,1229,0.049283458
setA-20,1230,0.049177959
setA-20,1231,0.049048438
setA-20,1232,0.049020358
setA-20,1233,0.048887021
setA-20,1234,0.048661364
setA-20,1235,0.048456490
setA-20,1236,0.048428528
setA-20,1237,0.048309823
setA-20,1238,0.048293080
setA-20,1239,0.048276997
setA-20,1240,0.048163948
setA-20,1241,0.048131311
setA-20,1242,0.048075385
setA-20,1243,0.048037960
setA-20,1244,0.048005019
setA-20,1245,0.047946834
setA-20,1246,0.047918302
setA-20,1247,0.047829381
setA-20,1248,0.047816694
setA-20,1249,0.047762949
setA-20,1250,0.047668139
setA-20,1251,0.047562433
setA-20,1252,0.047480204
setA-20,1253,0.047414323
setA-20,1254,0.047186701
setA-20,1255,0.047183639
setA-20,1256,0.047156452
setA-20,1257,0.047145289
setA-20,1258,0.047114712
setA-20,1259,0.047095273
setA-20,1260,0.046929461
setA-20,1261,0.046880933
setA-20,1262,0.046831343
setA-20,1263,0.046779852
setA-20,1264,0.046641149
setA-20,1265,0.046614495
setA-20,1266,0.046572264
setA-20,1267,0.046430870
setA-20,1268,0.046281972
setA-20,1269,0.046252907
setA-20,1270,0.046163194
setA-20,1271,0.045938245
setA-20,1272,0.045895358
setA-20,1273,0.045869457
setA-20,1274,0.045839474
setA-20,1275,0.045814610
setA-20,1276,0.045673864
setA-20,1277,0.045453077
setA-20,1278,0.045443741
setA-20,1279,0.045368389
setA-20,1280,0.045298126
setA-20,1281,0.045254350
setA-20,1282,0.044921404
setA-20,1283,0.044822308
setA-20,1284,0.044780456
setA-20,1285,0.044737700
setA-20,1286,0.044341543
setA-20,1287,0.044294019
setA-20,1288,0.044210022
setA-20,1289,0.044142727
setA-20,1290,0.043915730
setA-20,1291,0.043864810
setA-20,1292,0.043464113
setA-20,1293,0.043453340
setA-20,1294,0.043435342
setA-20,1295,0.043417508
setA-20,1296,0.043361265
setA-20,1297,0.043271477
setA-20,1298,0.043241667
setA-20,1299,0.043055779
setA-20,1300,0.043041298
setA-20,1301,0.043033898
setA-20,1302,0.042938992
setA-20,1303,0.042915352
setA-20,1304,0.042768934
setA-20,1305,0.042749503
setA-20,1306,0.042682558
setA-20,1307,0.042594297
setA-20,1308,0.042523651
setA-20,1309,0.042487479
setA-20,1310,0.042461321
setA-20,1311,0.042439229
setA-20,1312,0.042437895
setA-20,1313,0.042422199
setA-20,1314,0.042192258
setA-20,1315,0.042114127
setA-20,1316,0.042063114
setA-20,1317,0.042042654
setA-20,1318,0.042012326
setA-20,1319,0.041397507
setA-20,1320,0.041390130
setA-20,1321,0.041371091
setA-20,1322,0.041322097
setA-20,1323,0.041295273
setA-20,1324,0.041248568
setA-20,1325,0.041222222
setA-20,1326,0.041161300
setA-20,1327,0.041074900
setA-20,1328,0.041060000
setA-20,1329,0.041058534
setA-20,1330,0.040934535
setA-20,1331,0.040920833
setA-20,1332,0.040920185
setA-20,1333,0.040832432
setA-20,1334,0.040732647
setA-20,1335,0.040729897
setA-20,1336,0.040720611
setA-20,1337,0.040687353
setA-20,1338,0.040622568
setA-20,1339,0.040591557
setA-20,1340,0.040447619
setA-20,1341,0.040425955
setA-20,1342,0.040267625
setA-20,1343,0.040255098
setA-20,1344,0.040241517
setA-20,1345,0.040106997
setA-20,1346,0.040002600
setA-20,1347,0.039962260
setA-20,1348,0.039918344
setA-20,1349,0.039710215
setA-20,1350,0.039700500
setA-20,1351,0.039659278
setA-20,1352,0.039496906
setA-20,1353,0.039443856
setA-20,1354,0.039343561
setA-20,1355,0.039313290
setA-20,1356,0.039259285
setA-20,1357,0.039225899
setA-20,1358,0.039168750
setA-20,1359,0.039122759
setA-20,1360,0.039001495
setA-20,1361,0.038936422
setA-20,1362,0.038913166
setA-20,1363,0.038908929
setA-20,1364,0.038868519
setA-20,1365,0.038842718
setA-20,1366,0.038571571
setA-20,1367,0.038557982
setA-20,1368,0.038508376
setA-20,1369,0.038469194
setA-20,1370,0.038405785
setA-20,1371,0.038405324
setA-20,1372,0.038383822
setA-20,1373,0.038364890
setA-20,1374,0.038267790
setA-20,1375,0.038115755
setA-20,1376,0.037958968
setA-20,1377,0.037676970
setA-20,1378,0.037279648
setA-20,1379,0.037230726
setA-20,1380,0.037214226
setA-20,1381,0.037172940
setA-20,1382,0.037164620
setA-20,1383,0.037064493
setA-20,1384,0.036957235
setA-20,1385,0.036951409
setA-20,1386,0.036916241
setA-20,1387,0.036882656
setA-20,1388,0.036815576
setA-20,1389,0.036794637
setA-20,1390,0.036756092
setA-20,1391,0.036638594
setA-20,1392,0.036616872
setA-20,1393,0.036604545
setA-20,1394,0.036421805
setA-20,1395,0.036356267
setA-20,1396,0.036200928
setA-20,1397,0.036111694
setA-20,1398,0.036046409
setA-20,1399,0.035831667
setA-20,1400,0.035828234
setA-20,1401,0.035676051
setA-20,1402,0.035671753
setA-20,1403,0.035629530
setA-20,1404,0.035501597
setA-20,1405,0.035306101
setA-20,1406,0.035244554
setA-20,1407,0.035209777
setA-20,1408,0.035200654
setA-20,1409,0.035189147
setA-20,1410,0.035140121
setA-20,1411,0.035103438
setA-20,1412,0.035030000
setA-20,1413,0.035011398
setA-20,1414,0.034950388
setA-20,1415,0.034858163
setA-20,1416,0.034802220
setA-20,1417,0.034801453
setA-20,1418,0.034795610
setA-20,1419,0.034792369
setA-20,1420,0.034714286
setA-20,1421,0.034608947
setA-20,1422,0.034363206
setA-20,1423,0.034286620
setA-20,1424,0.034260964
setA-20,1425,0.034178824
setA-20,1426,0.034136015
setA-20,1427,0.034094608
setA-20,1428,0.034040849
setA-20,1429,0.034013059
setA-20,1430,0.033657692
setA-20,1431,0.033594656
setA-20,1432,0.033420313
setA-20,1433,0.033320385
setA-20,1434,0.033301791
setA-20,1435,0.033270721
setA-20,1436,0.033262290
setA-20,1437,0.033051775
setA-20,1438,0.033013636
setA-20,1439,0.032865432
setA-20,1440,0.032859077
setA-20,1441,0.032786928
setA-20,1442,0.032772519
setA-20,1443,0.032703686
setA-20,1444,0.032564165
setA-20,1445,0.032552888
setA-20,1446,0.032356917
setA-20,1447,0.032340557
setA-20,1448,0.032234404
setA-20,1449,0.032122092
setA-20,1450,0.032121875
setA-20,1451,0.032063023
setA-20,1452,0.032023311
setA-20,1453,0.031833632
setA-20,1454,0.031718966
setA-20,1455,0.031683768
setA-20,1456,0.031682766
setA-20,1457,0.031646541
setA-20,1458,0.031627336
setA-20,1459,0.031618836
setA-20,1460,0.031557460
setA-20,1461,0.031484211
setA-20,1462,0.031433896
setA-20,1463,0.031402547
setA-20,1464,0.031280891
setA-20,1465,0.031153684
setA-20,1466,0.030939184
setA-20,1467,0.030872100
setA-20,1468,0.030775636
setA-20,1469,0.030741163
setA-20,1470,0.030724121
setA-20,1471,0.030493119
setA-20,1472,0.030487266
setA-20,1473,0.030454948
setA-20,1474,0.030366777
setA-20,1475,0.030175634
setA-20,1476,0.030124339
setA-20,1477,0.030115021
setA-20,1478,0.030059801
setA-20,1479,0.030059750
setA-20,1480,0.029959151
setA-20,1481,0.029911990
setA-20,1482,0.029788630
setA-20,1483,0.029710192
setA-20,1484,0.029635690
setA-20,1485,0.029633895
setA-20,1486,0.029616438
setA-20,1487,0.029499512
setA-20,1488,0.029496814
setA-20,1489,0.029356089
setA-20,1490,0.029336883
setA-20,1491,0.029212609
setA-20,1492,0.029006897
setA-20,1493,0.028922513
setA-20,1494,0.028791638
setA-20,1495,0.028686704
setA-20,1496,0.028556740
setA-20,1497,0.028474533
setA-20,1498,0.028405135
setA-20,1499,0.028336604
setA-20,1500,0.028309059
setA-20,1501,0.028275000
setA-20,1502,0.028244156
setA-20,1503,0.028137714
setA-20,1504,0.028061924
setA-20,1505,0.027989300
setA-20,1506,0.027989300
setA-20,1507,0.027899439
setA-20,1508,0.027854415
setA-20,1509,0.027844505
setA-20,1510,0.027742000
setA-20,1511,0.027708591
setA-20,1512,0.027619231
setA-20,1513,0.027594972
setA-20,1514,0.027535965
setA-20,1515,0.027457536
setA-20,1516,0.027436949
setA-20,1517,0.027345914
setA-20,1518,0.027154844
setA-20,1519,0.027140234
setA-20,1520,0.027138848
setA-20,1521,0.027019488
setA-20,1522,0.027005207
setA-20,1523,0.026939377
setA-20,1524,0.026928509
setA-20,1525,0.026875685
setA-20,1526,0.026865798
setA-20,1527,0.026664313
setA-20,1528,0.026554857
setA-20,1529,0.026437037
setA-20,1530,0.026378882
setA-20,1531,0.026310196
setA-20,1532,0.026304173
setA-20,1533,0.026261867
setA-20,1534,0.026200676
setA-20,1535,0.026182571
setA-20,1536,0.026133840
setA-20,1537,0.026080932
setA-20,1538,0.025942086
setA-20,1539,0.025877465
setA-20,1540,0.025813673
setA-20,1541,0.025719118
setA-20,1542,0.025705780
setA-20,1543,0.025697500
setA-20,1544,0.025632345
setA-20,1545,0.025421776
setA-20,1546,0.025262358
setA-20,1547,0.025171605
setA-20,1548,0.025007574
setA-20,1549,0.024978382
setA-20,1550,0.024906744
setA-20,1551,0.024782057
setA-20,1552,0.024644773
setA-20,1553,0.024525846
setA-20,1554,0.024524961
setA-20,1555,0.024524330
setA-20,1556,0.024464063
setA-20,1557,0.024408190
setA-20,1558,0.024235500
setA-20,1559,0.024040909
setA-20,1560,0.024019919
setA-20,1561,0.023994633
setA-20,1562,0.023557211
setA-20,1563,0.023309567
setA-20,1564,0.023247842
setA-20,1565,0.023184718
setA-20,1566,0.023130573
setA-20,1567,0.023054704
setA-20,1568,0.023034356
setA-20,1569,0.023018356
setA-20,1570,0.023002577
setA-20,1571,0.022955849
setA-20,1572,0.022943728
setA-20,1573,0.022913319
setA-20,1574,0.022824349
setA-20,1575,0.022726769
setA-20,1576,0.022593780
setA-20,1577,0.022524275
setA-20,1578,0.022476404
setA-20,1579,0.022446046
setA-20,1580,0.022141629
setA-20,1581,0.022115584
setA-20,1582,0.021793991
setA-20,1583,0.021682792
setA-20,1584,0.021676812
setA-20,1585,0.021593443
setA-20,1586,0.021516234
setA-20,1587,0.021513793
setA-20,1588,0.021134085
setA-20,1589,0.020987023
setA-20,1590,0.020732036
setA-20,1591,0.020723150
setA-20,1592,0.020687613
setA-20,1593,0.020443929
setA-20,1594,0.020397674
setA-20,1595,0.020244326
setA-20,1596,0.019985657
setA-20,1597,0.019814384
setA-20,1598,0.019727885
setA-20,1599,0.019641463
setA-20,1600,0.019637619
setA-20,1601,0.019612313
setA-20,1602,0.019599862
setA-20,1603,0.019567432
setA-20,1604,0.019464238
setA-20,1605,0.019463423
setA-20,1606,0.019459622
setA-20,1607,0.019432571
setA-20,1608,0.019245634
setA-20,1609,0.019222769
setA-20,1610,0.019126102
setA-20,1611,0.019004781
setA-20,1612,0.018688301
setA-20,1613,0.018609715
setA-20,1614,0.018465246
setA-20,1615,0.018391147
setA-20,1616,0.018185511
setA-20,1617,0.018165972
setA-20,1618,0.018136601
setA-20,1619,0.017906940
setA-20,1620,0.017328923
setA-20,1621,0.017258431
setA-20,1622,0.017207742
setA-20,1623,0.017183852
setA-20,1624,0.017156284
setA-20,1625,0.017125941
setA-20,1626,0.017020579
setA-20,1627,0.016940058
setA-20,1628,0.016830469
setA-20,1629,0.016755556
setA-20,1630,0.016686688
setA-20,1631,0.016628629
setA-20,1632,0.016579577
setA-20,1633,0.016481754
setA-20,1634,0.016467544
setA-20,1635,0.016398540
setA-20,1636,0.016368792
setA-20,1637,0.016354781
setA-20,1638,0.016305967
setA-20,1639,0.016302448
setA-20,1640,0.016293095
setA-20,1641,0.016028838
setA-20,1642,0.015968986
setA-20,1643,0.015947273
setA-20,1644,0.015796809
setA-20,1645,0.015677987
setA-20,1646,0.015554250
setA-20,1647,0.015357534
setA-20,1648,0.015255422
setA-20,1649,0.015242166
setA-20,1650,0.015227140
setA-20,1651,0.015200810
setA-20,1652,0.015189355
setA-20,1653,0.014959133
setA-20,1654,0.014783115
setA-20,1655,0.014701911
setA-20,1656,0.014683079
setA-20,1657,0.014605085
setA-20,1658,0.014366167
setA-20,1659,0.014341459
setA-20,1660,0.014285530
setA-20,1661,0.014070772
setA-20,1662,0.013840741
setA-20,1663,0.013737681
setA-20,1664,0.013336111
setA-20,1665,0.013325515
setA-20,1666,0.013178068
setA-20,1667,0.013159310
setA-20,1668,0.013129354
setA-20,1669,0.012836181
setA-20,1670,0.012779661
setA-20,1671,0.012723322
setA-20,1672,0.012699398
setA-20,1673,0.012683706
setA-20,1674,0.012620614
setA-20,1675,0.012561565
setA-20,1676,0.012467336
setA-20,1677,0.012086398
setA-20,1678,0.012059404
setA-20,1679,0.011901208
setA-20,1680,0.011862931
setA-20,1681,0.011829375
setA-20,1682,0.011812626
setA-20,1683,0.011687978
setA-20,1684,0.011492194
setA-20,1685,0.011491416
setA-20,1686,0.011425084
setA-20,1687,0.011326394
setA-20,1688,0.011262553
setA-20,1689,0.011187921
setA-20,1690,0.010796371
setA-20,1691,0.010685542
setA-20,1692,0.010438304
setA-20,1693,0.010329260
setA-20,1694,0.010186150
setA-20,1695,0.009807995
setA-20,1696,0.009780548
setA-20,1697,0.009683544
setA-20,1698,0.009615099
setA-20,1699,0.009325758
setA-20,1700,0.009028707
setA-20,1701,0.009022490
setA-20,1702,0.008894037
setA-20,1703,0.008837500
setA-20,1704,0.008813615
setA-20,1705,0.008644944
setA-20,1706,0.008643307
setA-20,1707,0.008573900
setA-20,1708,0.008199062
setA-20,1709,0.008146471
setA-20,1710,0.008046789
setA-20,1711,0.007896316
setA-20,1712,0.007885409
setA-20,1713,0.007723922
setA-20,1714,0.007564804
setA-20,1715,0.007415663
setA-20,1716,0.007286630
setA-20,1717,0.007159215
setA-20,1718,0.006960218
setA-20,1719,0.006904808
setA-20,1720,0.006800749
setA-20,1721,0.006658575
setA-20,1722,0.006524400
setA-20,1723,0.006491719
setA-20,1724,0.006424579
setA-20,1725,0.005703147
setA-20,1726,0.005627650
setA-20,1727,0.005626866
setA-20,1728,0.005503189
setA-20,1729,0.004998175
setA-20,1730,0.004756136
setA-20,1731,0.004722772
setA-20,1732,0.004103448
setA-20,1733,0.003784790
setA-20,1734,0.003683398
setA-20,1735,0.003561424
setA-20,1736,0.003555235
setA-20,1737,0.003281023
setA-20,1738,0.002974160
setA-20,1739,0.001317884
setA-20,1740,0.000000000
setA-20,1741,0.000000000
setA-20,1742,0.000000000
setA-20,1743,0.000000000
setA-20,1744,0.000000000
setA-20,1745,0.000000000
setA-20,1746,0.000000000
setA-20,1747,0.000000000
setA-20,1748,0.000000000
setA-20,1749,0.000000000
setA-20,1750,0.000000000
setA-20,1751,0.000000000
setA-20,1752,0.000000000
setA-20,1753,0.000000000
setA-20,1754,0.000000000
setA-20,1755,0.000000000
setA-20,1756,0.000000000
setA-20,1757,0.000000000
setA-20,1758,0.000000000
setA-20,1759,0.000000000
setA-20,1760,0.000000000
setA-20,1761,0.000000000
setA-20,1762,0.000000000
setA-20,1763,0.000000000
setA-20,1764,0.000000000
setA-20,1765,0.000000000
setA-20,1766,0.000000000
setA-20,1767,0.000000000
setA-20,1768,0.000000000
setA-20,1769,0.000000000
setA-20,1770,0.000000000
setA-20,1771,0.000000000
setA-20,1772,0.000000000
setA-20,1773,0.000000000
setA-20,1774,0.000000000
setA-20,1775,0.000000000
setA-20,1776,0.000000000
setA-20,1777,0.000000000
setA-20,1778,0.000000000
setA-20,1779,0.000000000
setA-20,1780,0.000000000
setA-20,1781,0.000000000
setA-20,1782,0.000000000
setA-20,1783,0.000000000
setA-20,1784,0.000000000
setA-20,1785,0.000000000
setA-20,1786,0.000000000
setA-20,1787,0.000000000
setA-20,1788,0.000000000
setA-20,1789,0.000000000
setA-20,1790,0.000000000
setA-20,1791,0.000000000
setA-20,1792,0.000000000
setA-20,1793,0.000000000
setA-20,1794,0.000000000
setA-20,1795,0.000000000
setA-20,1796,0.000000000
setA-20,1797,0.000000000
setA-20,1798,0.000000000
setA-20,1799,0.000000000
setA-20,1800,0.000000000
setA-20,1801,0.000000000
setA-20,1802,0.000000000
setA-20,1803,0.000000000
setA-20,1804,0.000000000
setA-20,1805,0.000000000
setA-20,1806,0.000000000
setA-20,1807,0.000000000
setA-20,1808,0.000000000
setA-20,1809,0.000000000
setA-20,1810,0.000000000
setA-20,1811,0.000000000
setA-20,1812,0.000000000
setA-20,1813,0.000000000
setA-20,1814,0.000000000
setA-20,1815,0.000000000
setA-20,1816,0.000000000
setA-20,1817,0.000000000
setA-20,1818,0.000000000
setA-20,1819,0.000000000
setA-20,1820,0.000000000
setA-20,1821,0.000000000
setA-20,1822,0.000000000
setA-20,1823,0.000000000
setA-20,1824,0.000000000
setA-20,1825,0.000000000
setA-20,1826,0.000000000
setA-20,1827,0.000000000
setA-20,1828,0.000000000
setA-20,1829,0.000000000
setA-20,1830,0.000000000
setA-20,1831,0.000000000
setA-20,1832,0.000000000
setA-20,1833,0.000000000
setA-20,1834,0.000000000
setA-20,1835,0.000000000
setA-20,1836,0.000000000
setA-20,1837,0.000000000
setA-20,1838,0.000000000
setA-20,1839,0.000000000
setA-20,1840,0.000000000
setA-20,1841,0.000000000
setA-20,1842,0.000000000
setA-20,1843,0.000000000
setA-20,1844,0.000000000
setA-20,1845,0.000000000
setA-20,1846,0.000000000
setA-20,1847,0.000000000
setA-20,1848,0.000000000
setA-20,1849,0.000000000
setA-20,1850,0.000000000
setA-20,1851,0.000000000
setA-20,1852,0.000000000
setA-20,1853,0.000000000
setA-20,1854,0.000000000
setA-20,1855,0.000000000
setA-20,1856,0.000000000
setA-20,1857,0.000000000
setA-20,1858,0.000000000
setA-20,1859,0.000000000
setA-20,1860,0.000000000
setA-20,1861,0.000000000
setA-20,1862,0.000000000
setA-20,1863,0.000000000
setA-20,1864,0.000000000
setA-20,1865,0.000000000
setA-20,1866,0.000000000
setA-20,1867,0.000000000
setA-20,1868,0.000000000
setA-20,1869,0.000000000
setA-20,1870,0.000000000
setA-20,1871,0.000000000
setA-20,1872,0.000000000
setA-20,1873,0.000000000
setA-20,1874,0.000000000
setA-20,1875,0.000000000
setA-20,1876,0.000000000
setA-20,1877,0.000000000
setA-20,1878,0.000000000
setA-20,1879,0.000000000
setA-20,1880,0.000000000
setA-20,1881,0.000000000
setA-20,1882,0.000000000
setA-20,1883,0.000000000
setA-20,1884,0.000000000
setA-20,1885,0.000000000
setA-20,1886,0.000000000
setA-20,1887,0.000000000
setA-20,1888,0.000000000
setA-20,1889,0.000000000
setA-20,1890,0.000000000
setA-20,1891,0.000000000
setA-20,1892,0.000000000
setA-20,1893,0.000000000
setA-20,1894,0.000000000
setA-20,1895,0.000000000
setA-20,1896,0.000000000
setA-20,1897,0.000000000
setA-20,1898,0.000000000
setA-20,1899,0.000000000
setA-20,1900,0.000000000
setA-20,1901,0.000000000
setA-20,1902,0.000000000
setA-20,1903,0.000000000
setA-20,1904,0.000000000
setA-20,1905,0.000000000
setA-20,1906,0.000000000
setA-20,1907,0.000000000
setA-20,1908,0.000000000
setA-20,1909,0.000000000
setA-20,1910,0.000000000
setA-20,1911,0.000000000
setA-20,1912,0.000000000
setA-20,1913,0.000000000
setA-20,1914,0.000000000
setA-20,1915,0.000000000
setA-20,1916,0.000000000
setA-20,1917,0.000000000
setA-20,1918,0.000000000
setA-20,1919,0.000000000
setA-20,1920,0.000000000
setA-20,1921,0.000000000
setA-20,1922,0.000000000
setA-20,1923,0.000000000
setA-20,1924,0.000000000
setA-20,1925,0.000000000
setA-20,1926,0.000000000
setA-20,1927,0.000000000
setA-20,1928,0.000000000
setA-20,1929,0.000000000
setA-20,1930,0.000000000
setA-20,1931,0.000000000
setA-20,1932,0.000000000
setA-20,1933,0.000000000
setA-20,1934,0.000000000
setA-20,1935,0.000000000
setA-20,1936,0.000000000
setA-20,1937,0.000000000
setA-20,1938,0.000000000
setA-20,1939,0.000000000
setA-20,1940,0.000000000
setA-20,1941,0.000000000
setA-20,1942,0.000000000
setA-20,1943,0.000000000
setA-20,1944,0.000000000
setA-20,1945,0.000000000
setA-20,1946,0.000000000
setA-20,1947,0.000000000
setA-20,1948,0.000000000
setA-20,1949,0.000000000
setA-20,1950,0.000000000
setA-20,1951,0.000000000
setA-20,1952,0.000000000
setA-20,1953,0.000000000
setA-20,1954,0.000000000
setA-20,1955,0.000000000
setA-20,1956,0.000000000
setA-20,1957,0.000000000
setA-20,1958,0.000000000
setA-20,1959,0.000000000
setA-20,1960,0.000000000
setA-20,1961,0.000000000
setA-20,1962,0.000000000
setA-20,1963,0.000000000
setA-20,1964,0.000000000
setA-20,1965,0.000000000
setA-20,1966,0.000000000
setA-20,1967,0.000000000
setA-20,1968,0.000000000
setA-20,1969,0.000000000
setA-20,1970,0.000000000
setA-20,1971,0.000000000
setA-20,1972,0.000000000
setA-20,1973,0.000000000
setA-20,1974,0.000000000
setA-20,1975,0.000000000
setA-20,1976,0.000000000
setA-20,1977,0.000000000
setA-20,1978,0.000000000
setA-20,1979,0.000000000
setA-20,1980,0.000000000
setA-20,1981,0.000000000
setA-20,1982,0.000000000
setA-20,1983,0.000000000
setA-20,1984,0.000000000
setA-20,1985,0.000000000
setA-20,1986,0.000000000
setA-20,1987,0.000000000
setA-20,1988,0.000000000
setA-20,1989,0.000000000
setA-20,1990,0.000000000
setA-20,1991,0.000000000
setA-20,1992,0.000000000
setA-20,1993,0.000000000
setA-20,1994,0.000000000
setA-20,1995,0.000000000
setA-20,1996,0.000000000
setA-20,1997,0.000000000
setA-20,1998,0.000000000
setA-20,1999,0.000000000
setA-20,2000,0.000000000
