timestamp,open,high,low,close,volume
2025-12-31 03:45:00,1468.5,1473.699951171875,1468.5,1470.5999755859375,0
2025-12-31 03:50:00,1470.5999755859375,1471.699951171875,1469.0999755859375,1469.300048828125,23582
2025-12-31 03:55:00,1469.300048828125,1473.300048828125,1468.4000244140625,1471.800048828125,20035
2025-12-31 04:00:00,1471.800048828125,1472.0,1470.699951171875,1471.0,9651
2025-12-31 04:05:00,1470.4000244140625,1470.4000244140625,1468.0,1468.199951171875,5717
2025-12-31 04:10:00,1467.0999755859375,1468.0,1465.300048828125,1466.0,9237
2025-12-31 04:15:00,1465.199951171875,1467.800048828125,1465.199951171875,1467.800048828125,8700
2025-12-31 04:20:00,1467.699951171875,1467.699951171875,1465.0,1465.699951171875,7555
2025-12-31 04:25:00,1465.5,1466.0,1461.5,1462.5,19607
2025-12-31 04:30:00,1462.9000244140625,1464.5999755859375,1462.5999755859375,1464.300048828125,6774
2025-12-31 04:35:00,1464.4000244140625,1466.0,1463.699951171875,1466.0,9237
2025-12-31 04:40:00,1466.199951171875,1467.800048828125,1465.800048828125,1467.5,5700
2025-12-31 04:45:00,1467.5,1468.0,1466.699951171875,1467.9000244140625,4236
2025-12-31 04:50:00,1467.5,1468.5,1466.800048828125,1468.300048828125,5000
2025-12-31 04:55:00,1467.800048828125,1468.300048828125,1467.4000244140625,1468.199951171875,3519
2025-12-31 05:00:00,1468.199951171875,1471.199951171875,1468.199951171875,1470.800048828125,14312
2025-12-31 05:05:00,1470.800048828125,1471.800048828125,1470.300048828125,1470.9000244140625,5075
2025-12-31 05:10:00,1471.199951171875,1472.5,1470.4000244140625,1472.4000244140625,4283
2025-12-31 05:15:00,1472.5999755859375,1472.5999755859375,1471.300048828125,1471.800048828125,4069
2025-12-31 05:20:00,1471.800048828125,1471.9000244140625,1470.0999755859375,1470.800048828125,1390
2025-12-31 05:25:00,1470.699951171875,1472.0,1470.0999755859375,1471.5999755859375,4152
2025-12-31 05:30:00,1471.5999755859375,1472.5,1470.9000244140625,1472.0,4805
2025-12-31 05:35:00,1471.800048828125,1472.5,1471.5,1471.699951171875,3215
2025-12-31 05:40:00,1471.699951171875,1472.5,1471.0,1471.9000244140625,3178
2025-12-31 05:45:00,1471.4000244140625,1471.9000244140625,1470.699951171875,1470.699951171875,3057
2025-12-31 05:50:00,1470.9000244140625,1471.199951171875,1469.300048828125,1470.0999755859375,5751
2025-12-31 05:55:00,1470.199951171875,1471.0,1469.5999755859375,1470.4000244140625,3267
2025-12-31 06:00:00,1470.4000244140625,1470.9000244140625,1470.0,1470.800048828125,2914
2025-12-31 06:05:00,1470.699951171875,1470.9000244140625,1468.5,1469.5,8423
2025-12-31 06:10:00,1469.800048828125,1470.800048828125,1468.300048828125,1468.5,5369
2025-12-31 06:15:00,1468.5,1469.0,1464.0,1465.199951171875,17920
2025-12-31 06:20:00,1465.0999755859375,1465.5999755859375,1464.300048828125,1464.699951171875,10505
2025-12-31 06:25:00,1464.9000244140625,1465.800048828125,1463.800048828125,1463.800048828125,11190
2025-12-31 06:30:00,1464.300048828125,1464.300048828125,1463.0,1463.0,10955
2025-12-31 06:35:00,1463.0999755859375,1465.199951171875,1463.0,1464.699951171875,12361
2025-12-31 06:40:00,1464.699951171875,1466.0,1464.0999755859375,1465.4000244140625,13939
2025-12-31 06:45:00,1465.0,1467.5999755859375,1464.699951171875,1466.0,16266
2025-12-31 06:50:00,1466.5,1467.0,1464.9000244140625,1466.0999755859375,11992
2025-12-31 06:55:00,1466.5999755859375,1468.199951171875,1465.0999755859375,1468.199951171875,11958
2025-12-31 07:00:00,1467.5,1468.699951171875,1467.5,1468.5,4434
2025-12-31 07:05:00,1468.5,1470.4000244140625,1467.5999755859375,1469.5999755859375,6958
2025-12-31 07:10:00,1470.0,1470.300048828125,1469.0,1469.5999755859375,3919
2025-12-31 07:15:00,1469.699951171875,1470.199951171875,1469.0,1469.5999755859375,2758
2025-12-31 07:20:00,1469.5999755859375,1470.300048828125,1469.5999755859375,1469.9000244140625,6444
2025-12-31 07:25:00,1470.0999755859375,1472.0,1470.0,1471.5,8503
2025-12-31 07:30:00,1471.4000244140625,1471.9000244140625,1469.800048828125,1470.5,8157
2025-12-31 07:35:00,1470.5,1471.199951171875,1470.0999755859375,1471.199951171875,3113
2025-12-31 07:40:00,1471.199951171875,1472.199951171875,1471.0,1472.199951171875,2560
2025-12-31 07:45:00,1472.0,1473.0999755859375,1472.0,1472.699951171875,8837
2025-12-31 07:50:00,1472.300048828125,1474.9000244140625,1472.0999755859375,1474.300048828125,26309
2025-12-31 07:55:00,1474.300048828125,1475.0,1473.699951171875,1474.800048828125,11164
2025-12-31 08:00:00,1474.800048828125,1475.0,1473.4000244140625,1473.4000244140625,5252
2025-12-31 08:05:00,1473.4000244140625,1474.0,1472.0,1472.300048828125,2938
2025-12-31 08:10:00,1472.300048828125,1473.699951171875,1472.199951171875,1473.4000244140625,2574
2025-12-31 08:15:00,1473.699951171875,1474.199951171875,1473.0,1473.5,3986
2025-12-31 08:20:00,1473.199951171875,1473.699951171875,1473.0999755859375,1473.699951171875,2793
2025-12-31 08:25:00,1473.699951171875,1474.699951171875,1472.9000244140625,1473.5,9198
2025-12-31 08:30:00,1474.199951171875,1474.199951171875,1472.5,1472.5,5894
2025-12-31 08:35:00,1472.5999755859375,1472.699951171875,1470.699951171875,1472.0,10478
2025-12-31 08:40:00,1472.699951171875,1473.0,1472.0999755859375,1472.699951171875,2427
2025-12-31 08:45:00,1472.4000244140625,1472.4000244140625,1471.0,1471.300048828125,5024
2025-12-31 08:50:00,1471.800048828125,1472.199951171875,1469.300048828125,1469.699951171875,14513
2025-12-31 08:55:00,1469.9000244140625,1470.5999755859375,1469.5999755859375,1470.199951171875,5443
2025-12-31 09:00:00,1470.5,1470.9000244140625,1469.800048828125,1469.800048828125,9581
2025-12-31 09:05:00,1469.5,1469.699951171875,1468.0,1469.300048828125,8924
2025-12-31 09:10:00,1469.300048828125,1469.699951171875,1468.199951171875,1468.9000244140625,8040
2025-12-31 09:15:00,1468.4000244140625,1470.699951171875,1467.9000244140625,1470.699951171875,8121
2025-12-31 09:20:00,1470.5999755859375,1471.199951171875,1469.0999755859375,1471.199951171875,9022
2025-12-31 09:25:00,1470.5999755859375,1472.0,1470.5999755859375,1471.9000244140625,6952
2025-12-31 09:30:00,1472.300048828125,1473.0,1470.4000244140625,1470.4000244140625,17781
2025-12-31 09:35:00,1470.5999755859375,1470.9000244140625,1469.0,1470.300048828125,32296
2025-12-31 09:40:00,1469.5999755859375,1470.0,1468.9000244140625,1469.5,21089
2025-12-31 09:45:00,1469.5,1470.0,1469.300048828125,1469.5,21683
2025-12-31 09:50:00,1469.300048828125,1469.5999755859375,1468.199951171875,1469.5999755859375,18912
2025-12-31 09:55:00,1469.199951171875,1469.9000244140625,1468.0999755859375,1468.0999755859375,17408
2026-01-01 03:45:00,1472.800048828125,1473.5999755859375,1471.0,1471.0,0
2026-01-01 03:50:00,1471.800048828125,1474.5,1471.5,1473.300048828125,8344
2026-01-01 03:55:00,1472.9000244140625,1474.0,1471.9000244140625,1473.699951171875,5133
2026-01-01 04:00:00,1473.9000244140625,1477.0,1473.199951171875,1476.5999755859375,15435
2026-01-01 04:05:00,1476.699951171875,1479.9000244140625,1476.199951171875,1478.0999755859375,19284
2026-01-01 04:10:00,1478.5999755859375,1484.9000244140625,1478.5999755859375,1483.0999755859375,37502
2026-01-01 04:15:00,1482.699951171875,1487.5999755859375,1482.4000244140625,1487.0999755859375,71489
2026-01-01 04:20:00,1487.5999755859375,1490.9000244140625,1486.0999755859375,1487.9000244140625,67724
2026-01-01 04:25:00,1488.0,1488.699951171875,1484.0999755859375,1485.199951171875,36944
2026-01-01 04:30:00,1485.0,1489.800048828125,1484.5,1489.699951171875,40041
2026-01-01 04:35:00,1489.699951171875,1489.699951171875,1484.300048828125,1485.0999755859375,23313
2026-01-01 04:40:00,1484.5,1485.0999755859375,1481.4000244140625,1483.5999755859375,17986
2026-01-01 04:45:00,1483.9000244140625,1485.0,1480.0,1480.300048828125,16403
2026-01-01 04:50:00,1480.800048828125,1481.0,1479.0,1480.699951171875,11872
2026-01-01 04:55:00,1481.0,1483.800048828125,1480.800048828125,1482.199951171875,9164
2026-01-01 05:00:00,1481.9000244140625,1484.5999755859375,1481.9000244140625,1484.199951171875,12958
2026-01-01 05:05:00,1483.699951171875,1484.4000244140625,1482.5999755859375,1483.4000244140625,3485
2026-01-01 05:10:00,1483.0,1483.300048828125,1480.5,1482.9000244140625,4237
2026-01-01 05:15:00,1482.9000244140625,1487.0,1482.4000244140625,1486.0,19237
2026-01-01 05:20:00,1486.0,1486.800048828125,1485.0,1486.5,12724
2026-01-01 05:25:00,1486.5,1487.5,1485.199951171875,1485.800048828125,21523
2026-01-01 05:30:00,1485.800048828125,1487.800048828125,1485.0999755859375,1487.5,8584
2026-01-01 05:35:00,1487.199951171875,1488.699951171875,1486.0,1487.4000244140625,18100
2026-01-01 05:40:00,1487.199951171875,1487.4000244140625,1485.300048828125,1485.699951171875,4821
2026-01-01 05:45:00,1485.9000244140625,1486.0,1485.0,1485.800048828125,5740
2026-01-01 05:50:00,1485.800048828125,1485.9000244140625,1484.0,1485.4000244140625,8166
2026-01-01 05:55:00,1485.4000244140625,1485.4000244140625,1483.800048828125,1484.0999755859375,3517
2026-01-01 06:00:00,1484.0999755859375,1486.5999755859375,1483.800048828125,1485.699951171875,17822
2026-01-01 06:05:00,1485.800048828125,1485.800048828125,1484.699951171875,1484.699951171875,3642
2026-01-01 06:10:00,1485.300048828125,1485.300048828125,1484.0999755859375,1484.9000244140625,1884
2026-01-01 06:15:00,1484.800048828125,1485.0,1484.0999755859375,1484.699951171875,1347
2026-01-01 06:20:00,1484.699951171875,1484.9000244140625,1483.699951171875,1484.5,3184
2026-01-01 06:25:00,1484.5,1485.4000244140625,1484.4000244140625,1485.0999755859375,2119
2026-01-01 06:30:00,1485.0999755859375,1486.199951171875,1484.5999755859375,1485.5999755859375,8616
2026-01-01 06:35:00,1485.5,1485.699951171875,1483.800048828125,1484.0999755859375,5794
2026-01-01 06:40:00,1484.0999755859375,1488.800048828125,1484.0999755859375,1488.699951171875,15897
2026-01-01 06:45:00,1488.699951171875,1488.9000244140625,1484.5999755859375,1485.0,15475
2026-01-01 06:50:00,1485.0,1485.0,1484.199951171875,1485.0,1663
2026-01-01 06:55:00,1485.0,1485.300048828125,1484.5999755859375,1485.0999755859375,1448
2026-01-01 07:00:00,1485.0999755859375,1487.0,1484.0999755859375,1484.5999755859375,13307
2026-01-01 07:05:00,1485.4000244140625,1485.5999755859375,1483.0999755859375,1483.300048828125,6716
2026-01-01 07:10:00,1483.300048828125,1484.5999755859375,1483.0999755859375,1484.0,5331
2026-01-01 07:15:00,1483.800048828125,1484.0,1482.300048828125,1482.300048828125,6698
2026-01-01 07:20:00,1482.300048828125,1482.300048828125,1480.199951171875,1481.300048828125,68086
2026-01-01 07:25:00,1481.0999755859375,1482.5999755859375,1480.5,1480.699951171875,13729
2026-01-01 07:30:00,1481.0999755859375,1482.0999755859375,1480.800048828125,1481.4000244140625,12740
2026-01-01 07:35:00,1481.0,1482.5,1480.9000244140625,1482.300048828125,7395
2026-01-01 07:40:00,1482.4000244140625,1482.5999755859375,1481.5,1481.699951171875,2031
2026-01-01 07:45:00,1481.699951171875,1482.5,1481.0999755859375,1482.4000244140625,3402
2026-01-01 07:50:00,1482.300048828125,1482.300048828125,1481.0,1481.9000244140625,2074
2026-01-01 07:55:00,1481.9000244140625,1482.5999755859375,1481.199951171875,1482.5,1929
2026-01-01 08:00:00,1482.5,1483.5,1482.199951171875,1482.9000244140625,5912
2026-01-01 08:05:00,1482.9000244140625,1483.0999755859375,1481.300048828125,1481.5999755859375,5638
2026-01-01 08:10:00,1481.5999755859375,1482.800048828125,1481.4000244140625,1482.800048828125,1932
2026-01-01 08:15:00,1482.199951171875,1483.0,1481.5,1482.4000244140625,1500
2026-01-01 08:20:00,1481.800048828125,1482.699951171875,1481.5,1482.0999755859375,8620
2026-01-01 08:25:00,1482.4000244140625,1483.0,1481.4000244140625,1481.9000244140625,6306
2026-01-01 08:30:00,1481.9000244140625,1482.9000244140625,1481.9000244140625,1482.9000244140625,4637
2026-01-01 08:35:00,1482.5,1483.699951171875,1481.5,1481.699951171875,6812
2026-01-01 08:40:00,1481.699951171875,1482.300048828125,1481.5999755859375,1482.300048828125,2140
2026-01-01 08:45:00,1482.300048828125,1483.0,1482.0,1483.0,1899
2026-01-01 08:50:00,1482.5999755859375,1483.0,1481.0999755859375,1482.199951171875,10401
2026-01-01 08:55:00,1481.5999755859375,1482.199951171875,1481.0,1481.5,2397
2026-01-01 09:00:00,1481.5,1482.5,1481.5,1482.300048828125,6616
2026-01-01 09:05:00,1482.0999755859375,1482.4000244140625,1480.5999755859375,1480.9000244140625,5236
2026-01-01 09:10:00,1481.5,1482.0,1480.9000244140625,1481.5999755859375,3839
2026-01-01 09:15:00,1481.5999755859375,1481.5999755859375,1480.0,1480.0,5882
2026-01-01 09:20:00,1480.199951171875,1481.0,1480.0,1481.0,4937
2026-01-01 09:25:00,1481.0,1482.300048828125,1480.5,1482.0,11531
2026-01-01 09:30:00,1483.0,1484.199951171875,1481.5,1482.300048828125,15217
2026-01-01 09:35:00,1481.5,1481.5,1480.0999755859375,1480.300048828125,15726
2026-01-01 09:40:00,1480.300048828125,1481.699951171875,1480.300048828125,1480.699951171875,11842
2026-01-01 09:45:00,1480.699951171875,1482.0,1480.0,1482.0,27539
2026-01-01 09:50:00,1481.9000244140625,1481.9000244140625,1481.0999755859375,1481.699951171875,17759
2026-01-01 09:55:00,1481.5999755859375,1482.0,1477.800048828125,1478.300048828125,57026
2026-01-02 03:45:00,1480.4000244140625,1486.199951171875,1480.4000244140625,1486.0999755859375,0
2026-01-02 03:50:00,1486.0999755859375,1486.5999755859375,1485.0,1485.5,13404
2026-01-02 03:55:00,1486.0,1488.9000244140625,1484.5,1487.300048828125,18793
2026-01-02 04:00:00,1488.0,1488.0,1486.800048828125,1486.800048828125,12154
2026-01-02 04:05:00,1487.0,1491.699951171875,1487.0,1491.5,39407
2026-01-02 04:10:00,1491.5,1491.800048828125,1489.9000244140625,1491.300048828125,25245
2026-01-02 04:15:00,1491.300048828125,1491.5999755859375,1490.4000244140625,1491.5,16417
2026-01-02 04:20:00,1491.5,1491.9000244140625,1490.300048828125,1491.9000244140625,20496
2026-01-02 04:25:00,1491.9000244140625,1491.9000244140625,1489.4000244140625,1489.699951171875,15945
2026-01-02 04:30:00,1489.699951171875,1489.699951171875,1488.0,1488.9000244140625,29214
2026-01-02 04:35:00,1489.0,1490.699951171875,1489.0,1490.0999755859375,9673
2026-01-02 04:40:00,1490.5999755859375,1495.0,1490.5999755859375,1494.5,37332
2026-01-02 04:45:00,1494.5999755859375,1494.5999755859375,1492.300048828125,1492.4000244140625,15615
2026-01-02 04:50:00,1492.4000244140625,1492.800048828125,1490.699951171875,1491.5999755859375,10113
2026-01-02 04:55:00,1491.5,1491.5,1490.0999755859375,1490.199951171875,6141
2026-01-02 05:00:00,1490.199951171875,1491.199951171875,1489.699951171875,1489.9000244140625,11411
2026-01-02 05:05:00,1490.0,1491.5,1489.9000244140625,1491.300048828125,4927
2026-01-02 05:10:00,1491.300048828125,1492.0,1491.0999755859375,1491.5999755859375,11293
2026-01-02 05:15:00,1491.699951171875,1492.0,1489.5,1490.0,23312
2026-01-02 05:20:00,1490.0,1493.0,1490.0,1491.5999755859375,42749
2026-01-02 05:25:00,1491.5,1492.9000244140625,1491.4000244140625,1492.9000244140625,17905
2026-01-02 05:30:00,1492.9000244140625,1493.0,1492.4000244140625,1492.4000244140625,25461
2026-01-02 05:35:00,1492.300048828125,1492.300048828125,1490.300048828125,1490.800048828125,11160
2026-01-02 05:40:00,1490.800048828125,1491.800048828125,1490.4000244140625,1490.5999755859375,9462
2026-01-02 05:45:00,1490.5999755859375,1491.9000244140625,1490.5999755859375,1491.9000244140625,5025
2026-01-02 05:50:00,1491.9000244140625,1492.0,1491.5999755859375,1492.0,3535
2026-01-02 05:55:00,1491.9000244140625,1491.9000244140625,1490.0999755859375,1491.4000244140625,10680
2026-01-02 06:00:00,1491.4000244140625,1491.4000244140625,1490.5,1491.0999755859375,6826
2026-01-02 06:05:00,1491.0,1491.0999755859375,1489.300048828125,1490.0,15932
2026-01-02 06:10:00,1490.0,1490.4000244140625,1488.699951171875,1489.4000244140625,10326
2026-01-02 06:15:00,1489.699951171875,1490.0,1489.5999755859375,1489.699951171875,8920
2026-01-02 06:20:00,1489.699951171875,1490.0,1489.300048828125,1490.0,8695
2026-01-02 06:25:00,1490.0,1490.0,1489.699951171875,1489.9000244140625,5104
2026-01-02 06:30:00,1490.0,1490.0,1489.0999755859375,1489.0999755859375,7888
2026-01-02 06:35:00,1489.0,1489.5,1488.9000244140625,1488.9000244140625,8702
2026-01-02 06:40:00,1488.5999755859375,1489.0999755859375,1488.300048828125,1489.0,8388
2026-01-02 06:45:00,1489.0,1489.800048828125,1488.699951171875,1489.0999755859375,4460
2026-01-02 06:50:00,1489.0,1489.5999755859375,1487.4000244140625,1488.0,19611
2026-01-02 06:55:00,1488.5,1489.4000244140625,1488.300048828125,1489.0,8685
2026-01-02 07:00:00,1489.0,1490.9000244140625,1488.699951171875,1490.4000244140625,5115
2026-01-02 07:05:00,1489.9000244140625,1490.4000244140625,1489.300048828125,1489.5,5858
2026-01-02 07:10:00,1489.5,1490.0,1489.300048828125,1489.4000244140625,9570
2026-01-02 07:15:00,1489.0,1489.800048828125,1489.0,1489.199951171875,5632
2026-01-02 07:20:00,1489.300048828125,1489.5999755859375,1489.199951171875,1489.5,3655
2026-01-02 07:25:00,1489.5999755859375,1490.0,1489.4000244140625,1489.699951171875,4230
2026-01-02 07:30:00,1489.4000244140625,1489.800048828125,1489.4000244140625,1489.5999755859375,5530
2026-01-02 07:35:00,1489.699951171875,1490.0,1489.699951171875,1490.0,2831
2026-01-02 07:40:00,1490.0,1490.0,1488.5,1489.0999755859375,26162
2026-01-02 07:45:00,1489.0999755859375,1489.0999755859375,1487.300048828125,1488.0,20426
2026-01-02 07:50:00,1488.0,1488.0,1487.699951171875,1488.0,11277
2026-01-02 07:55:00,1488.0,1488.800048828125,1486.9000244140625,1487.199951171875,21423
2026-01-02 08:00:00,1487.300048828125,1487.5,1486.800048828125,1487.4000244140625,5516
2026-01-02 08:05:00,1487.4000244140625,1488.0,1487.0999755859375,1487.9000244140625,7061
2026-01-02 08:10:00,1488.0,1488.0,1487.300048828125,1487.4000244140625,14661
2026-01-02 08:15:00,1487.800048828125,1488.0,1487.5,1487.9000244140625,4692
2026-01-02 08:20:00,1487.9000244140625,1488.5,1487.5999755859375,1488.5,11874
2026-01-02 08:25:00,1488.4000244140625,1488.5,1487.9000244140625,1487.9000244140625,10464
2026-01-02 08:30:00,1488.0,1488.0,1487.0,1487.300048828125,8934
2026-01-02 08:35:00,1487.300048828125,1488.0,1487.199951171875,1487.9000244140625,6127
2026-01-02 08:40:00,1488.0,1490.199951171875,1487.5999755859375,1489.5999755859375,17287
2026-01-02 08:45:00,1489.300048828125,1490.4000244140625,1488.699951171875,1489.0999755859375,9409
2026-01-02 08:50:00,1489.300048828125,1490.0999755859375,1488.9000244140625,1489.9000244140625,31301
2026-01-02 08:55:00,1489.800048828125,1490.800048828125,1489.0999755859375,1489.5999755859375,17620
2026-01-02 09:00:00,1489.5999755859375,1489.699951171875,1489.0999755859375,1489.5,16136
2026-01-02 09:05:00,1489.699951171875,1489.699951171875,1488.5999755859375,1489.0,16122
2026-01-02 09:10:00,1488.800048828125,1488.800048828125,1487.699951171875,1488.300048828125,17310
2026-01-02 09:15:00,1488.300048828125,1488.5999755859375,1486.199951171875,1487.0,48215
2026-01-02 09:20:00,1487.0,1490.199951171875,1487.0,1487.5,58397
2026-01-02 09:25:00,1487.5,1489.0,1487.4000244140625,1488.800048828125,22331
2026-01-02 09:30:00,1489.9000244140625,1491.9000244140625,1489.0999755859375,1489.0999755859375,34131
2026-01-02 09:35:00,1489.5999755859375,1490.800048828125,1489.5,1490.0999755859375,24887
2026-01-02 09:40:00,1490.0999755859375,1490.199951171875,1489.4000244140625,1489.4000244140625,44303
2026-01-02 09:45:00,1489.4000244140625,1490.0999755859375,1489.0,1490.0,50182
2026-01-02 09:50:00,1490.0999755859375,1490.0999755859375,1488.0999755859375,1488.300048828125,34810
2026-01-02 09:55:00,1488.4000244140625,1490.0,1487.199951171875,1490.0,24240
2026-01-05 03:45:00,1492.0,1492.0,1485.5,1488.199951171875,0
2026-01-05 03:50:00,1488.0,1488.0999755859375,1484.699951171875,1484.9000244140625,27410
2026-01-05 03:55:00,1485.0,1487.0,1484.699951171875,1484.699951171875,15796
2026-01-05 04:00:00,1484.5999755859375,1485.9000244140625,1484.300048828125,1484.5,26956
2026-01-05 04:05:00,1484.5,1484.5,1482.699951171875,1484.300048828125,9889
2026-01-05 04:10:00,1484.5,1484.5,1483.0999755859375,1483.5,8127
2026-01-05 04:15:00,1483.0,1483.5,1481.300048828125,1482.800048828125,12053
2026-01-05 04:20:00,1483.300048828125,1484.5999755859375,1482.0,1482.300048828125,7202
2026-01-05 04:25:00,1482.300048828125,1483.0,1482.300048828125,1482.5,6359
2026-01-05 04:30:00,1482.5,1482.5999755859375,1479.4000244140625,1479.800048828125,16789
2026-01-05 04:35:00,1479.5,1481.0,1479.199951171875,1480.699951171875,10101
2026-01-05 04:40:00,1480.9000244140625,1484.0,1480.5999755859375,1484.0,6500
2026-01-05 04:45:00,1484.0,1484.0,1483.0,1484.0,4875
2026-01-05 04:50:00,1484.0,1486.800048828125,1483.199951171875,1486.4000244140625,11711
2026-01-05 04:55:00,1486.4000244140625,1487.4000244140625,1485.5999755859375,1485.5999755859375,14483
2026-01-05 05:00:00,1485.5999755859375,1486.199951171875,1484.699951171875,1485.5999755859375,4662
2026-01-05 05:05:00,1485.5999755859375,1486.699951171875,1485.199951171875,1485.699951171875,5334
2026-01-05 05:10:00,1485.800048828125,1485.9000244140625,1484.199951171875,1485.0999755859375,6234
2026-01-05 05:15:00,1484.9000244140625,1486.4000244140625,1484.9000244140625,1485.9000244140625,5705
2026-01-05 05:20:00,1485.800048828125,1487.4000244140625,1485.800048828125,1486.5999755859375,12103
2026-01-05 05:25:00,1486.800048828125,1487.0,1485.199951171875,1485.300048828125,17853
2026-01-05 05:30:00,1485.300048828125,1486.699951171875,1485.300048828125,1486.699951171875,6616
2026-01-05 05:35:00,1486.5999755859375,1486.699951171875,1484.5,1484.9000244140625,5044
2026-01-05 05:40:00,1485.0,1485.5,1484.5,1484.9000244140625,3927
2026-01-05 05:45:00,1484.9000244140625,1484.9000244140625,1484.0,1484.199951171875,5288
2026-01-05 05:50:00,1483.800048828125,1484.0999755859375,1481.199951171875,1481.5999755859375,8120
2026-01-05 05:55:00,1481.199951171875,1483.0,1481.199951171875,1482.699951171875,5655
2026-01-05 06:00:00,1482.699951171875,1482.800048828125,1481.800048828125,1482.0,3992
2026-01-05 06:05:00,1481.9000244140625,1483.0999755859375,1481.300048828125,1482.5999755859375,2558
2026-01-05 06:10:00,1482.800048828125,1484.9000244140625,1482.800048828125,1484.800048828125,3766
2026-01-05 06:15:00,1484.800048828125,1486.0,1484.800048828125,1486.0,4025
2026-01-05 06:20:00,1486.0,1486.4000244140625,1483.5,1484.0,6782
2026-01-05 06:25:00,1484.0,1484.5999755859375,1483.0,1484.4000244140625,5028
2026-01-05 06:30:00,1484.4000244140625,1484.5,1483.300048828125,1483.4000244140625,3400
2026-01-05 06:35:00,1483.5999755859375,1483.800048828125,1483.0,1483.300048828125,2421
2026-01-05 06:40:00,1483.300048828125,1485.0,1483.0999755859375,1484.5999755859375,3536
2026-01-05 06:45:00,1484.699951171875,1486.9000244140625,1484.5999755859375,1486.4000244140625,3759
2026-01-05 06:50:00,1486.300048828125,1489.0,1486.0,1488.9000244140625,9332
2026-01-05 06:55:00,1488.5999755859375,1488.5999755859375,1486.0,1486.300048828125,6279
2026-01-05 07:00:00,1486.699951171875,1488.0,1486.5,1486.800048828125,3107
2026-01-05 07:05:00,1486.800048828125,1487.300048828125,1486.699951171875,1486.800048828125,5356
2026-01-05 07:10:00,1486.699951171875,1488.9000244140625,1486.5,1488.9000244140625,5333
2026-01-05 07:15:00,1488.9000244140625,1491.0,1488.699951171875,1491.0,17746
2026-01-05 07:20:00,1491.699951171875,1495.9000244140625,1491.199951171875,1495.699951171875,25223
2026-01-05 07:25:00,1495.5,1496.800048828125,1494.5,1495.300048828125,28685
2026-01-05 07:30:00,1494.9000244140625,1495.699951171875,1494.9000244140625,1495.0999755859375,7322
2026-01-05 07:35:00,1495.199951171875,1495.199951171875,1492.699951171875,1493.5999755859375,5561
2026-01-05 07:40:00,1493.5999755859375,1493.5999755859375,1492.0,1493.0,6194
2026-01-05 07:45:00,1493.0,1493.0,1491.5,1492.5999755859375,21524
2026-01-05 07:50:00,1492.699951171875,1493.5999755859375,1491.9000244140625,1493.300048828125,8318
2026-01-05 07:55:00,1493.5999755859375,1493.699951171875,1491.699951171875,1491.800048828125,3434
2026-01-05 08:00:00,1491.800048828125,1493.5,1491.199951171875,1492.800048828125,6254
2026-01-05 08:05:00,1493.0,1493.0,1492.199951171875,1492.9000244140625,4015
2026-01-05 08:10:00,1493.0,1493.699951171875,1492.9000244140625,1493.699951171875,4944
2026-01-05 08:15:00,1493.300048828125,1493.9000244140625,1491.199951171875,1491.199951171875,3600
2026-01-05 08:20:00,1491.0,1492.5,1489.4000244140625,1490.199951171875,10092
2026-01-05 08:25:00,1490.0,1490.699951171875,1489.199951171875,1489.5,4047
2026-01-05 08:30:00,1490.0,1490.5,1489.0999755859375,1489.5999755859375,5041
2026-01-05 08:35:00,1489.5999755859375,1490.5,1488.699951171875,1489.0999755859375,11539
2026-01-05 08:40:00,1490.0,1490.5,1489.5999755859375,1489.800048828125,4958
2026-01-05 08:45:00,1489.800048828125,1491.0,1489.699951171875,1490.9000244140625,8926
2026-01-05 08:50:00,1490.9000244140625,1492.0,1490.300048828125,1492.0,6206
2026-01-05 08:55:00,1491.5999755859375,1493.5999755859375,1491.5999755859375,1492.4000244140625,8529
2026-01-05 09:00:00,1492.5999755859375,1493.300048828125,1492.0,1493.199951171875,4628
2026-01-05 09:05:00,1493.199951171875,1493.199951171875,1491.0999755859375,1491.5,6686
2026-01-05 09:10:00,1491.4000244140625,1491.4000244140625,1490.5,1490.5999755859375,10647
2026-01-05 09:15:00,1490.5999755859375,1492.0,1490.300048828125,1491.0999755859375,12467
2026-01-05 09:20:00,1491.300048828125,1493.800048828125,1491.300048828125,1491.699951171875,14873
2026-01-05 09:25:00,1492.300048828125,1493.9000244140625,1491.5,1493.9000244140625,7672
2026-01-05 09:30:00,1494.5999755859375,1495.199951171875,1494.300048828125,1495.0,25508
2026-01-05 09:35:00,1495.199951171875,1495.4000244140625,1493.0,1493.0,21697
2026-01-05 09:40:00,1492.800048828125,1493.0,1492.300048828125,1492.9000244140625,17883
2026-01-05 09:45:00,1492.800048828125,1493.199951171875,1491.5,1492.0,30999
2026-01-05 09:50:00,1492.0,1492.199951171875,1491.0,1491.5,31169
2026-01-05 09:55:00,1491.5,1493.5,1489.300048828125,1493.0,27979
2026-01-06 03:45:00,1489.5,1493.0,1483.0,1483.9000244140625,0
2026-01-06 03:50:00,1483.9000244140625,1485.5999755859375,1481.5,1482.5,32513
2026-01-06 03:55:00,1482.800048828125,1484.699951171875,1480.5,1481.5,27275
2026-01-06 04:00:00,1481.300048828125,1481.5,1479.300048828125,1479.9000244140625,24656
2026-01-06 04:05:00,1479.800048828125,1481.0,1477.0999755859375,1477.9000244140625,28414
2026-01-06 04:10:00,1478.300048828125,1478.9000244140625,1476.199951171875,1477.699951171875,20931
2026-01-06 04:15:00,1477.4000244140625,1479.699951171875,1477.199951171875,1479.300048828125,18478
2026-01-06 04:20:00,1479.199951171875,1479.5999755859375,1478.5,1478.5,13687
2026-01-06 04:25:00,1478.699951171875,1479.0,1478.0,1478.699951171875,13788
2026-01-06 04:30:00,1478.699951171875,1480.0999755859375,1478.4000244140625,1478.4000244140625,23585
2026-01-06 04:35:00,1478.300048828125,1478.300048828125,1476.800048828125,1477.5999755859375,17384
2026-01-06 04:40:00,1477.5999755859375,1477.699951171875,1476.0999755859375,1477.699951171875,15666
2026-01-06 04:45:00,1477.5999755859375,1480.9000244140625,1477.5999755859375,1478.5999755859375,24157
2026-01-06 04:50:00,1478.4000244140625,1480.199951171875,1476.4000244140625,1479.300048828125,36049
2026-01-06 04:55:00,1479.4000244140625,1479.9000244140625,1479.0,1479.800048828125,9222
2026-01-06 05:00:00,1480.0,1482.0,1479.5,1481.699951171875,19160
2026-01-06 05:05:00,1481.199951171875,1481.699951171875,1479.5,1481.699951171875,15840
2026-01-06 05:10:00,1481.699951171875,1482.800048828125,1481.0,1482.199951171875,15820
2026-01-06 05:15:00,1483.5999755859375,1483.800048828125,1482.9000244140625,1483.199951171875,24695
2026-01-06 05:20:00,1483.0999755859375,1484.0,1482.199951171875,1482.5999755859375,17175
2026-01-06 05:25:00,1482.5999755859375,1482.9000244140625,1479.0,1479.5,28267
2026-01-06 05:30:00,1479.5,1482.0,1478.0,1482.0,55907
2026-01-06 05:35:00,1481.800048828125,1483.0999755859375,1481.800048828125,1482.5,69819
2026-01-06 05:40:00,1482.5,1484.0,1482.199951171875,1483.5,18649
2026-01-06 05:45:00,1483.5,1484.9000244140625,1483.0,1483.5,38187
2026-01-06 05:50:00,1483.5,1483.5,1477.699951171875,1478.0,35532
2026-01-06 05:55:00,1477.800048828125,1479.9000244140625,1477.800048828125,1479.5,8641
2026-01-06 06:00:00,1479.5999755859375,1481.0999755859375,1479.5999755859375,1480.9000244140625,14720
2026-01-06 06:05:00,1480.699951171875,1481.0999755859375,1479.5999755859375,1479.5999755859375,9442
2026-01-06 06:10:00,1479.9000244140625,1481.699951171875,1479.5999755859375,1481.699951171875,17770
2026-01-06 06:15:00,1481.5,1482.300048828125,1479.0,1479.4000244140625,18395
2026-01-06 06:20:00,1479.4000244140625,1480.5,1478.5,1479.4000244140625,8641
2026-01-06 06:25:00,1479.4000244140625,1479.699951171875,1478.800048828125,1479.300048828125,9493
2026-01-06 06:30:00,1479.199951171875,1479.300048828125,1478.0,1478.5999755859375,15293
2026-01-06 06:35:00,1478.5,1478.5,1478.0,1478.300048828125,6636
2026-01-06 06:40:00,1478.0999755859375,1478.199951171875,1478.0,1478.0,6842
2026-01-06 06:45:00,1478.0,1478.0999755859375,1477.0999755859375,1477.699951171875,13056
2026-01-06 06:50:00,1477.9000244140625,1479.4000244140625,1477.5,1478.800048828125,16972
2026-01-06 06:55:00,1478.5,1479.0,1477.9000244140625,1478.4000244140625,7108
2026-01-06 07:00:00,1478.4000244140625,1479.300048828125,1478.0999755859375,1478.5999755859375,11074
2026-01-06 07:05:00,1478.5999755859375,1481.199951171875,1478.300048828125,1480.9000244140625,24331
2026-01-06 07:10:00,1480.9000244140625,1481.300048828125,1480.699951171875,1481.0,4756
2026-01-06 07:15:00,1481.0,1481.0,1480.0,1480.0,4966
2026-01-06 07:20:00,1480.0999755859375,1481.0,1480.0,1480.0,5704
2026-01-06 07:25:00,1480.0,1480.0999755859375,1478.5999755859375,1478.800048828125,13242
2026-01-06 07:30:00,1478.699951171875,1479.5,1478.199951171875,1478.9000244140625,9079
2026-01-06 07:35:00,1478.9000244140625,1480.0,1478.699951171875,1479.300048828125,15917
2026-01-06 07:40:00,1479.300048828125,1479.300048828125,1478.0,1478.199951171875,5060
2026-01-06 07:45:00,1478.199951171875,1479.9000244140625,1478.0999755859375,1479.9000244140625,5468
2026-01-06 07:50:00,1479.9000244140625,1481.0999755859375,1479.5,1481.0999755859375,42445
2026-01-06 07:55:00,1481.0999755859375,1482.9000244140625,1480.199951171875,1482.5999755859375,59184
2026-01-06 08:00:00,1482.800048828125,1483.9000244140625,1482.5,1483.4000244140625,14812
2026-01-06 08:05:00,1483.5,1483.5999755859375,1482.4000244140625,1483.0,7206
2026-01-06 08:10:00,1483.0,1483.5,1482.5,1483.5,6918
2026-01-06 08:15:00,1483.4000244140625,1483.5999755859375,1483.0999755859375,1483.5,7032
2026-01-06 08:20:00,1483.5,1484.0999755859375,1482.199951171875,1482.5999755859375,11943
2026-01-06 08:25:00,1482.5999755859375,1483.199951171875,1482.0999755859375,1482.5,12821
2026-01-06 08:30:00,1482.300048828125,1482.5,1480.5999755859375,1480.5999755859375,20031
2026-01-06 08:35:00,1480.4000244140625,1480.4000244140625,1474.4000244140625,1474.699951171875,35896
2026-01-06 08:40:00,1474.699951171875,1475.9000244140625,1474.199951171875,1475.5999755859375,18076
2026-01-06 08:45:00,1475.5,1475.800048828125,1473.199951171875,1473.699951171875,10958
2026-01-06 08:50:00,1473.699951171875,1473.9000244140625,1472.800048828125,1473.5,9699
2026-01-06 08:55:00,1473.5,1473.5,1471.0999755859375,1471.800048828125,19975
2026-01-06 09:00:00,1471.800048828125,1473.300048828125,1471.4000244140625,1472.800048828125,28451
2026-01-06 09:05:00,1472.800048828125,1472.800048828125,1471.300048828125,1472.5,37557
2026-01-06 09:10:00,1472.5,1473.4000244140625,1472.0,1472.199951171875,19128
2026-01-06 09:15:00,1472.0999755859375,1472.800048828125,1471.800048828125,1472.5,13374
2026-01-06 09:20:00,1472.5,1474.4000244140625,1471.800048828125,1472.199951171875,38424
2026-01-06 09:25:00,1472.300048828125,1474.4000244140625,1472.300048828125,1474.4000244140625,12331
2026-01-06 09:30:00,1474.4000244140625,1474.5,1472.9000244140625,1473.300048828125,27203
2026-01-06 09:35:00,1473.300048828125,1473.5999755859375,1472.5,1473.0,41659
2026-01-06 09:40:00,1473.0,1473.0,1472.0,1472.0999755859375,36352
2026-01-06 09:45:00,1472.0999755859375,1472.0999755859375,1471.5,1472.0999755859375,61984
2026-01-06 09:50:00,1472.0999755859375,1475.4000244140625,1471.5,1475.4000244140625,70583
2026-01-06 09:55:00,1475.4000244140625,1476.0,1475.0,1476.0,40332
2026-01-07 03:45:00,1472.5,1474.199951171875,1471.300048828125,1474.199951171875,0
2026-01-07 03:50:00,1474.4000244140625,1478.0,1472.5,1477.199951171875,18088
2026-01-07 03:55:00,1477.5,1477.800048828125,1474.0999755859375,1476.5,21509
2026-01-07 04:00:00,1476.0999755859375,1479.4000244140625,1476.0999755859375,1477.9000244140625,17286
2026-01-07 04:05:00,1477.4000244140625,1480.0,1477.4000244140625,1478.800048828125,9837
2026-01-07 04:10:00,1478.4000244140625,1479.800048828125,1478.0,1479.0,14413
2026-01-07 04:15:00,1479.0,1479.0,1475.0999755859375,1475.0999755859375,12132
2026-01-07 04:20:00,1475.0,1475.199951171875,1473.0,1475.0,9245
2026-01-07 04:25:00,1475.0,1477.5999755859375,1475.0,1477.0999755859375,10237
2026-01-07 04:30:00,1477.199951171875,1480.0,1476.0,1479.0,15560
2026-01-07 04:35:00,1478.9000244140625,1480.4000244140625,1476.4000244140625,1476.9000244140625,15606
2026-01-07 04:40:00,1477.0999755859375,1479.199951171875,1476.5999755859375,1477.9000244140625,8659
2026-01-07 04:45:00,1478.699951171875,1479.199951171875,1474.300048828125,1474.300048828125,10947
2026-01-07 04:50:00,1474.9000244140625,1476.199951171875,1474.0,1474.5999755859375,9060
2026-01-07 04:55:00,1474.0999755859375,1474.0999755859375,1471.300048828125,1472.0,11496
2026-01-07 05:00:00,1472.0,1472.0999755859375,1471.0,1471.699951171875,8356
2026-01-07 05:05:00,1471.5,1472.0,1471.0,1471.9000244140625,5774
2026-01-07 05:10:00,1471.800048828125,1473.800048828125,1471.800048828125,1471.800048828125,15413
2026-01-07 05:15:00,1471.9000244140625,1473.699951171875,1470.300048828125,1472.199951171875,25517
2026-01-07 05:20:00,1471.5999755859375,1473.199951171875,1471.0,1473.199951171875,22937
2026-01-07 05:25:00,1473.0,1473.199951171875,1470.699951171875,1471.300048828125,16268
2026-01-07 05:30:00,1471.0,1471.800048828125,1470.0999755859375,1470.199951171875,16984
2026-01-07 05:35:00,1470.199951171875,1471.800048828125,1470.199951171875,1471.0,12998
2026-01-07 05:40:00,1471.199951171875,1471.199951171875,1468.5,1469.5,36964
2026-01-07 05:45:00,1469.5,1469.5,1468.199951171875,1468.699951171875,9278
2026-01-07 05:50:00,1468.699951171875,1469.4000244140625,1466.0,1468.5999755859375,50834
2026-01-07 05:55:00,1468.800048828125,1469.800048828125,1468.0,1469.199951171875,62247
2026-01-07 06:00:00,1469.199951171875,1469.199951171875,1466.199951171875,1467.300048828125,15185
2026-01-07 06:05:00,1467.199951171875,1467.9000244140625,1465.0999755859375,1466.300048828125,35279
2026-01-07 06:10:00,1466.300048828125,1467.5999755859375,1465.5999755859375,1466.199951171875,6016
2026-01-07 06:15:00,1466.0999755859375,1466.5999755859375,1464.4000244140625,1466.0,11297
2026-01-07 06:20:00,1465.699951171875,1465.699951171875,1464.199951171875,1464.199951171875,4814
2026-01-07 06:25:00,1464.199951171875,1464.699951171875,1463.0999755859375,1464.199951171875,9185
2026-01-07 06:30:00,1464.0999755859375,1464.9000244140625,1462.199951171875,1462.699951171875,13491
2026-01-07 06:35:00,1462.699951171875,1463.300048828125,1462.199951171875,1463.300048828125,26188
2026-01-07 06:40:00,1463.0,1463.699951171875,1462.199951171875,1462.5,9944
2026-01-07 06:45:00,1462.199951171875,1462.9000244140625,1461.0999755859375,1461.5,10803
2026-01-07 06:50:00,1461.300048828125,1462.5999755859375,1461.0,1462.199951171875,9116
2026-01-07 06:55:00,1462.0,1462.5999755859375,1460.0,1460.199951171875,15828
2026-01-07 07:00:00,1460.199951171875,1461.0,1459.5,1460.0999755859375,20612
2026-01-07 07:05:00,1460.0999755859375,1460.699951171875,1459.0999755859375,1460.5,9654
2026-01-07 07:10:00,1460.0999755859375,1460.5,1459.0999755859375,1459.9000244140625,13943
2026-01-07 07:15:00,1459.9000244140625,1460.699951171875,1459.0999755859375,1460.699951171875,8461
2026-01-07 07:20:00,1460.5999755859375,1462.0,1460.199951171875,1461.5999755859375,5986
2026-01-07 07:25:00,1461.0999755859375,1462.5,1461.0999755859375,1462.5,4211
2026-01-07 07:30:00,1462.0999755859375,1463.0,1462.0,1462.9000244140625,7741
2026-01-07 07:35:00,1462.800048828125,1462.9000244140625,1462.199951171875,1462.9000244140625,7825
2026-01-07 07:40:00,1462.300048828125,1462.9000244140625,1462.0,1462.9000244140625,6540
2026-01-07 07:45:00,1462.9000244140625,1463.0,1461.0999755859375,1461.199951171875,11111
2026-01-07 07:50:00,1461.5999755859375,1462.300048828125,1461.0,1462.0999755859375,4108
2026-01-07 07:55:00,1462.0999755859375,1462.9000244140625,1461.699951171875,1462.9000244140625,3116
2026-01-07 08:00:00,1462.699951171875,1462.9000244140625,1461.300048828125,1462.0,3536
2026-01-07 08:05:00,1462.0,1463.0,1461.9000244140625,1462.9000244140625,4771
2026-01-07 08:10:00,1462.9000244140625,1465.4000244140625,1461.5999755859375,1465.0,26765
2026-01-07 08:15:00,1465.0,1465.5,1464.5,1465.0,697510
2026-01-07 08:20:00,1465.0,1466.4000244140625,1464.9000244140625,1465.9000244140625,36725
2026-01-07 08:25:00,1465.9000244140625,1465.9000244140625,1464.5,1465.300048828125,32824
2026-01-07 08:30:00,1465.199951171875,1465.5999755859375,1464.0999755859375,1465.5,6606
2026-01-07 08:35:00,1465.199951171875,1465.699951171875,1465.199951171875,1465.5999755859375,35246
2026-01-07 08:40:00,1465.5999755859375,1465.5999755859375,1465.0,1465.0999755859375,6732
2026-01-07 08:45:00,1465.0,1465.199951171875,1464.0,1464.9000244140625,6602
2026-01-07 08:50:00,1464.5,1464.9000244140625,1464.0,1464.0,5322
2026-01-07 08:55:00,1464.0,1464.0,1463.0999755859375,1464.0,5997
2026-01-07 09:00:00,1463.699951171875,1464.0,1462.0999755859375,1462.5999755859375,10413
2026-01-07 09:05:00,1462.800048828125,1465.5,1462.5,1465.300048828125,62699
2026-01-07 09:10:00,1465.199951171875,1465.5,1465.0,1465.4000244140625,31494
2026-01-07 09:15:00,1465.4000244140625,1465.5,1465.0,1465.300048828125,11911
2026-01-07 09:20:00,1465.300048828125,1466.0999755859375,1465.0,1465.5,55610
2026-01-07 09:25:00,1465.5999755859375,1466.9000244140625,1465.0999755859375,1466.9000244140625,34924
2026-01-07 09:30:00,1466.9000244140625,1466.9000244140625,1465.0,1465.300048828125,36013
2026-01-07 09:35:00,1465.199951171875,1466.0,1465.199951171875,1465.5999755859375,25323
2026-01-07 09:40:00,1465.5,1465.5999755859375,1465.4000244140625,1465.5,68674
2026-01-07 09:45:00,1465.5999755859375,1465.5999755859375,1464.0999755859375,1465.199951171875,44372
2026-01-07 09:50:00,1465.300048828125,1465.5,1464.5999755859375,1465.0,53777
2026-01-07 09:55:00,1464.9000244140625,1465.0,1464.0,1464.800048828125,51540
2026-01-08 03:45:00,1467.9000244140625,1473.5999755859375,1466.199951171875,1473.5999755859375,0
2026-01-08 03:50:00,1473.199951171875,1473.699951171875,1471.199951171875,1472.300048828125,26129
2026-01-08 03:55:00,1472.800048828125,1475.0,1470.9000244140625,1473.5999755859375,33321
2026-01-08 04:00:00,1474.300048828125,1475.0,1472.5,1474.199951171875,33039
2026-01-08 04:05:00,1474.5,1479.300048828125,1473.0,1479.300048828125,37097
2026-01-08 04:10:00,1479.5,1483.0,1477.5999755859375,1482.199951171875,45750
2026-01-08 04:15:00,1482.4000244140625,1486.5999755859375,1480.4000244140625,1484.300048828125,71487
2026-01-08 04:20:00,1484.300048828125,1487.5,1483.0999755859375,1487.4000244140625,49642
2026-01-08 04:25:00,1487.0,1488.0,1485.9000244140625,1487.800048828125,42317
2026-01-08 04:30:00,1487.5999755859375,1488.0,1484.9000244140625,1487.0,48778
2026-01-08 04:35:00,1487.0999755859375,1488.800048828125,1482.800048828125,1484.9000244140625,49016
2026-01-08 04:40:00,1485.0,1485.0999755859375,1483.199951171875,1484.5,15813
2026-01-08 04:45:00,1484.4000244140625,1484.5999755859375,1481.0999755859375,1481.699951171875,32582
2026-01-08 04:50:00,1481.300048828125,1484.0,1481.300048828125,1483.9000244140625,38991
2026-01-08 04:55:00,1483.9000244140625,1485.9000244140625,1483.9000244140625,1485.699951171875,19173
2026-01-08 05:00:00,1486.5999755859375,1488.800048828125,1486.0999755859375,1487.0999755859375,33278
2026-01-08 05:05:00,1487.300048828125,1487.300048828125,1483.5999755859375,1484.5,20873
2026-01-08 05:10:00,1484.0,1484.5999755859375,1482.300048828125,1484.5,20083
2026-01-08 05:15:00,1484.5,1484.5999755859375,1483.0,1484.5,16589
2026-01-08 05:20:00,1484.5,1486.5999755859375,1483.5999755859375,1484.699951171875,19027
2026-01-08 05:25:00,1484.699951171875,1488.5,1484.699951171875,1486.300048828125,26439
2026-01-08 05:30:00,1486.300048828125,1487.0,1483.5999755859375,1484.0,31018
2026-01-08 05:35:00,1484.0,1484.9000244140625,1483.9000244140625,1484.800048828125,16156
2026-01-08 05:40:00,1484.5,1484.5,1482.0,1483.0999755859375,21235
2026-01-08 05:45:00,1483.0999755859375,1484.0,1479.199951171875,1479.800048828125,35316
2026-01-08 05:50:00,1479.9000244140625,1480.300048828125,1476.699951171875,1476.9000244140625,35816
2026-01-08 05:55:00,1477.0,1477.5999755859375,1475.5999755859375,1476.699951171875,23753
2026-01-08 06:00:00,1476.5,1477.5,1474.199951171875,1477.199951171875,30132
2026-01-08 06:05:00,1477.199951171875,1481.300048828125,1476.5,1481.0,20911
2026-01-08 06:10:00,1480.9000244140625,1481.800048828125,1479.0,1479.5999755859375,17316
2026-01-08 06:15:00,1480.300048828125,1480.4000244140625,1476.5,1477.0999755859375,17442
2026-01-08 06:20:00,1477.0999755859375,1477.0999755859375,1475.0,1477.0999755859375,19944
2026-01-08 06:25:00,1477.0999755859375,1477.199951171875,1470.5999755859375,1470.5999755859375,40465
2026-01-08 06:30:00,1470.9000244140625,1471.699951171875,1470.0,1470.199951171875,49744
2026-01-08 06:35:00,1469.5,1472.0999755859375,1467.199951171875,1471.0,33547
2026-01-08 06:40:00,1471.0,1471.800048828125,1468.300048828125,1471.4000244140625,21457
2026-01-08 06:45:00,1471.4000244140625,1474.9000244140625,1471.4000244140625,1472.800048828125,10895
2026-01-08 06:50:00,1472.800048828125,1473.4000244140625,1472.0,1472.5,8245
2026-01-08 06:55:00,1472.699951171875,1474.800048828125,1472.5,1474.199951171875,10304
2026-01-08 07:00:00,1474.4000244140625,1474.4000244140625,1471.4000244140625,1471.4000244140625,10091
2026-01-08 07:05:00,1471.300048828125,1472.300048828125,1470.4000244140625,1471.0,7044
2026-01-08 07:10:00,1471.0999755859375,1472.0,1469.5999755859375,1471.9000244140625,10371
2026-01-08 07:15:00,1471.699951171875,1472.0,1469.4000244140625,1470.5,13038
2026-01-08 07:20:00,1470.4000244140625,1470.800048828125,1468.5,1470.0,12534
2026-01-08 07:25:00,1470.300048828125,1471.4000244140625,1470.0,1470.199951171875,8059
2026-01-08 07:30:00,1470.199951171875,1471.9000244140625,1468.199951171875,1471.9000244140625,10958
2026-01-08 07:35:00,1471.699951171875,1472.300048828125,1470.300048828125,1471.0,11944
2026-01-08 07:40:00,1471.0,1471.699951171875,1469.4000244140625,1469.5,12082
2026-01-08 07:45:00,1469.800048828125,1469.9000244140625,1468.9000244140625,1469.9000244140625,8897
2026-01-08 07:50:00,1470.0999755859375,1471.9000244140625,1469.0999755859375,1470.9000244140625,15924
2026-01-08 07:55:00,1470.199951171875,1470.800048828125,1469.199951171875,1469.199951171875,12319
2026-01-08 08:00:00,1468.300048828125,1471.4000244140625,1468.300048828125,1470.5999755859375,17898
2026-01-08 08:05:00,1471.0,1471.0,1467.199951171875,1468.5999755859375,13773
2026-01-08 08:10:00,1468.0,1469.5,1467.5,1469.0999755859375,7658
2026-01-08 08:15:00,1469.4000244140625,1473.800048828125,1469.4000244140625,1472.699951171875,23687
2026-01-08 08:20:00,1472.5,1472.9000244140625,1470.800048828125,1472.0999755859375,11163
2026-01-08 08:25:00,1472.300048828125,1473.199951171875,1471.5999755859375,1471.699951171875,4579
2026-01-08 08:30:00,1472.0,1473.4000244140625,1470.699951171875,1471.699951171875,7100
2026-01-08 08:35:00,1472.0999755859375,1472.5,1470.5,1471.0999755859375,20400
2026-01-08 08:40:00,1471.300048828125,1471.4000244140625,1469.800048828125,1470.4000244140625,11397
2026-01-08 08:45:00,1470.800048828125,1472.0,1470.199951171875,1470.9000244140625,10759
2026-01-08 08:50:00,1470.9000244140625,1472.199951171875,1469.5,1470.0,9691
2026-01-08 08:55:00,1470.0,1470.699951171875,1467.0,1467.300048828125,31447
2026-01-08 09:00:00,1467.5999755859375,1471.199951171875,1467.5,1470.0,22578
2026-01-08 09:05:00,1470.0999755859375,1471.300048828125,1469.5,1470.0999755859375,10591
2026-01-08 09:10:00,1470.199951171875,1473.0,1469.0,1473.0,16446
2026-01-08 09:15:00,1473.0,1474.4000244140625,1471.699951171875,1474.0,42795
2026-01-08 09:20:00,1473.9000244140625,1474.199951171875,1472.0,1473.699951171875,31798
2026-01-08 09:25:00,1473.699951171875,1474.5,1473.0999755859375,1474.5,31298
2026-01-08 09:30:00,1473.9000244140625,1473.9000244140625,1466.5,1466.5,53398
2026-01-08 09:35:00,1466.5999755859375,1466.5999755859375,1460.300048828125,1463.5999755859375,104258
2026-01-08 09:40:00,1463.0,1466.300048828125,1462.699951171875,1466.0,35154
2026-01-08 09:45:00,1466.0,1466.5999755859375,1464.199951171875,1464.5999755859375,44058
2026-01-08 09:50:00,1464.9000244140625,1465.4000244140625,1464.0999755859375,1465.0,36212
2026-01-08 09:55:00,1464.9000244140625,1465.4000244140625,1461.800048828125,1465.199951171875,63016
2026-01-09 03:45:00,1463.0,1463.0,1451.5,1459.5999755859375,0
2026-01-09 03:50:00,1459.300048828125,1459.300048828125,1452.800048828125,1452.800048828125,30814
2026-01-09 03:55:00,1452.199951171875,1452.199951171875,1446.0,1447.5999755859375,36743
2026-01-09 04:00:00,1448.0,1451.0999755859375,1444.0999755859375,1445.5999755859375,83031
2026-01-09 04:05:00,1445.699951171875,1446.800048828125,1444.5999755859375,1445.300048828125,61741
2026-01-09 04:10:00,1445.0,1445.0999755859375,1440.5,1445.0,47247
2026-01-09 04:15:00,1444.4000244140625,1450.5999755859375,1444.4000244140625,1450.0,41902
2026-01-09 04:20:00,1450.800048828125,1450.800048828125,1447.4000244140625,1450.0,109416
2026-01-09 04:25:00,1449.9000244140625,1453.0,1449.800048828125,1452.199951171875,27449
2026-01-09 04:30:00,1452.199951171875,1453.9000244140625,1448.5999755859375,1449.9000244140625,28537
2026-01-09 04:35:00,1449.800048828125,1452.0,1448.5999755859375,1449.699951171875,16401
2026-01-09 04:40:00,1450.199951171875,1451.4000244140625,1444.0,1445.9000244140625,24481
2026-01-09 04:45:00,1446.300048828125,1447.300048828125,1444.5,1446.0,18869
2026-01-09 04:50:00,1445.9000244140625,1451.5,1444.5,1449.800048828125,65721
2026-01-09 04:55:00,1449.800048828125,1452.4000244140625,1448.5999755859375,1451.300048828125,13089
2026-01-09 05:00:00,1452.0,1452.0,1448.0,1448.300048828125,11243
2026-01-09 05:05:00,1448.300048828125,1449.4000244140625,1445.800048828125,1447.0999755859375,25521
2026-01-09 05:10:00,1448.5,1451.9000244140625,1448.5,1451.199951171875,12212
2026-01-09 05:15:00,1451.199951171875,1455.0,1451.199951171875,1454.300048828125,23715
2026-01-09 05:20:00,1454.199951171875,1454.9000244140625,1449.199951171875,1449.5,12298
2026-01-09 05:25:00,1449.5,1451.199951171875,1448.0999755859375,1451.0999755859375,16455
2026-01-09 05:30:00,1451.199951171875,1451.800048828125,1447.5999755859375,1448.300048828125,22570
2026-01-09 05:35:00,1448.300048828125,1452.800048828125,1448.300048828125,1452.800048828125,13482
2026-01-09 05:40:00,1452.5999755859375,1454.0,1450.5,1451.0,9530
2026-01-09 05:45:00,1450.9000244140625,1451.5,1445.0999755859375,1446.4000244140625,32926
2026-01-09 05:50:00,1445.9000244140625,1446.5999755859375,1443.0,1443.4000244140625,78902
2026-01-09 05:55:00,1443.9000244140625,1446.0999755859375,1443.9000244140625,1443.9000244140625,26032
2026-01-09 06:00:00,1443.5999755859375,1446.4000244140625,1443.5,1443.800048828125,22490
2026-01-09 06:05:00,1443.5,1444.300048828125,1441.0999755859375,1442.0,55099
2026-01-09 06:10:00,1442.199951171875,1442.800048828125,1441.199951171875,1441.199951171875,18839
2026-01-09 06:15:00,1441.5,1441.699951171875,1438.5,1439.0,47684
2026-01-09 06:20:00,1439.4000244140625,1440.300048828125,1438.0,1438.9000244140625,38293
2026-01-09 06:25:00,1438.800048828125,1439.5,1437.699951171875,1438.4000244140625,31822
2026-01-09 06:30:00,1438.0,1441.4000244140625,1436.0999755859375,1440.0,50610
2026-01-09 06:35:00,1440.5999755859375,1440.5999755859375,1438.5,1438.800048828125,19650
2026-01-09 06:40:00,1438.5,1439.4000244140625,1437.5,1437.800048828125,20447
2026-01-09 06:45:00,1438.5,1442.0999755859375,1438.5,1441.0,33596
2026-01-09 06:50:00,1441.0,1442.5,1440.300048828125,1440.800048828125,25167
2026-01-09 06:55:00,1440.800048828125,1441.199951171875,1439.300048828125,1439.300048828125,29798
2026-01-09 07:00:00,1441.300048828125,1444.9000244140625,1441.300048828125,1443.4000244140625,22229
2026-01-09 07:05:00,1443.4000244140625,1443.699951171875,1440.0,1442.9000244140625,8761
2026-01-09 07:10:00,1442.9000244140625,1442.9000244140625,1439.199951171875,1440.9000244140625,14908
2026-01-09 07:15:00,1441.0999755859375,1442.4000244140625,1440.0,1440.699951171875,7126
2026-01-09 07:20:00,1440.699951171875,1443.699951171875,1440.199951171875,1443.4000244140625,6395
2026-01-09 07:25:00,1443.0,1443.9000244140625,1442.4000244140625,1442.800048828125,13345
2026-01-09 07:30:00,1442.800048828125,1443.0999755859375,1441.0,1441.800048828125,5923
2026-01-09 07:35:00,1441.4000244140625,1441.9000244140625,1440.0999755859375,1440.199951171875,7525
2026-01-09 07:40:00,1440.199951171875,1441.300048828125,1439.9000244140625,1440.0,10037
2026-01-09 07:45:00,1439.9000244140625,1440.9000244140625,1439.0999755859375,1440.9000244140625,12382
2026-01-09 07:50:00,1441.0999755859375,1442.9000244140625,1440.699951171875,1442.0999755859375,9968
2026-01-09 07:55:00,1442.0999755859375,1446.5999755859375,1442.0999755859375,1446.199951171875,25078
2026-01-09 08:00:00,1446.199951171875,1446.5999755859375,1444.4000244140625,1445.0999755859375,22137
2026-01-09 08:05:00,1445.0999755859375,1448.800048828125,1445.0999755859375,1447.4000244140625,20085
2026-01-09 08:10:00,1447.300048828125,1447.300048828125,1444.9000244140625,1445.0,32559
2026-01-09 08:15:00,1445.0999755859375,1446.0,1443.0,1444.300048828125,33498
2026-01-09 08:20:00,1444.300048828125,1445.300048828125,1442.199951171875,1443.0999755859375,31856
2026-01-09 08:25:00,1443.0999755859375,1445.199951171875,1442.5,1445.199951171875,8422
2026-01-09 08:30:00,1445.300048828125,1445.4000244140625,1443.800048828125,1444.4000244140625,11523
2026-01-09 08:35:00,1444.5,1444.5,1443.4000244140625,1444.199951171875,18319
2026-01-09 08:40:00,1444.0,1444.0999755859375,1440.5999755859375,1441.4000244140625,20483
2026-01-09 08:45:00,1441.0999755859375,1442.0,1439.0999755859375,1440.800048828125,26518
2026-01-09 08:50:00,1440.800048828125,1441.0,1435.0,1436.0,34190
2026-01-09 08:55:00,1436.0999755859375,1438.300048828125,1435.0,1435.5,24866
2026-01-09 09:00:00,1435.5,1436.5999755859375,1435.0,1436.0,22226
2026-01-09 09:05:00,1436.300048828125,1437.699951171875,1434.300048828125,1434.800048828125,25754
2026-01-09 09:10:00,1434.5,1440.300048828125,1434.300048828125,1440.0999755859375,26333
2026-01-09 09:15:00,1439.9000244140625,1441.800048828125,1439.0999755859375,1441.699951171875,23480
2026-01-09 09:20:00,1441.5,1442.4000244140625,1439.699951171875,1441.0999755859375,28253
2026-01-09 09:25:00,1441.800048828125,1442.5,1440.0,1440.9000244140625,27720
2026-01-09 09:30:00,1441.699951171875,1442.0,1436.0999755859375,1437.0,50192
2026-01-09 09:35:00,1437.0,1438.800048828125,1436.5,1437.300048828125,38137
2026-01-09 09:40:00,1437.5999755859375,1438.800048828125,1435.0999755859375,1435.9000244140625,96032
2026-01-09 09:45:00,1436.0999755859375,1436.800048828125,1431.9000244140625,1432.5999755859375,84329
2026-01-09 09:50:00,1432.5999755859375,1435.199951171875,1432.5999755859375,1435.0,46183
2026-01-09 09:55:00,1435.0999755859375,1435.5999755859375,1431.5,1434.0,40816
2026-01-12 03:45:00,1431.699951171875,1434.300048828125,1425.0,1428.300048828125,0
2026-01-12 03:50:00,1426.5999755859375,1428.300048828125,1417.5999755859375,1418.9000244140625,44029
2026-01-12 03:55:00,1418.9000244140625,1419.800048828125,1413.9000244140625,1414.5,36356
2026-01-12 04:00:00,1414.300048828125,1417.4000244140625,1414.0999755859375,1417.0999755859375,52681
2026-01-12 04:05:00,1417.0,1422.199951171875,1415.300048828125,1420.300048828125,27058
2026-01-12 04:10:00,1419.0,1419.0,1414.9000244140625,1415.199951171875,27619
2026-01-12 04:15:00,1415.0,1418.9000244140625,1413.4000244140625,1418.699951171875,37028
2026-01-12 04:20:00,1418.800048828125,1427.199951171875,1418.800048828125,1425.4000244140625,39431
2026-01-12 04:25:00,1425.4000244140625,1426.0999755859375,1418.699951171875,1419.0999755859375,13682
2026-01-12 04:30:00,1419.0999755859375,1422.0,1417.0,1422.0,14325
2026-01-12 04:35:00,1422.9000244140625,1424.5999755859375,1421.9000244140625,1423.5999755859375,12071
2026-01-12 04:40:00,1423.0999755859375,1423.0999755859375,1418.699951171875,1418.699951171875,9344
2026-01-12 04:45:00,1418.5999755859375,1421.699951171875,1417.199951171875,1421.5,8506
2026-01-12 04:50:00,1421.300048828125,1425.9000244140625,1421.0999755859375,1425.800048828125,13778
2026-01-12 04:55:00,1425.800048828125,1426.4000244140625,1423.199951171875,1425.300048828125,7370
2026-01-12 05:00:00,1425.199951171875,1425.5,1422.4000244140625,1422.800048828125,8509
2026-01-12 05:05:00,1422.0999755859375,1423.0999755859375,1419.300048828125,1419.5999755859375,8529
2026-01-12 05:10:00,1419.4000244140625,1421.0,1416.5999755859375,1417.699951171875,10885
2026-01-12 05:15:00,1417.4000244140625,1421.5,1415.800048828125,1421.5,14167
2026-01-12 05:20:00,1421.5,1422.0,1418.0999755859375,1418.9000244140625,13379
2026-01-12 05:25:00,1418.5999755859375,1420.199951171875,1416.300048828125,1416.5,6400
2026-01-12 05:30:00,1416.5,1417.0,1415.0,1416.5999755859375,27902
2026-01-12 05:35:00,1416.5,1419.699951171875,1416.5,1416.800048828125,28098
2026-01-12 05:40:00,1416.199951171875,1418.0,1414.5999755859375,1414.5999755859375,55154
2026-01-12 05:45:00,1414.800048828125,1415.0999755859375,1413.699951171875,1414.0,49924
2026-01-12 05:50:00,1414.0,1414.0,1409.0,1409.800048828125,31068
2026-01-12 05:55:00,1409.4000244140625,1409.699951171875,1407.699951171875,1407.699951171875,10746
2026-01-12 06:00:00,1407.9000244140625,1407.9000244140625,1405.5,1405.800048828125,15914
2026-01-12 06:05:00,1405.800048828125,1407.0,1405.0,1405.0,11049
2026-01-12 06:10:00,1405.699951171875,1406.800048828125,1403.9000244140625,1406.199951171875,19007
2026-01-12 06:15:00,1406.199951171875,1409.199951171875,1405.199951171875,1407.5,12215
2026-01-12 06:20:00,1407.5999755859375,1408.5,1406.5,1407.0999755859375,10725
2026-01-12 06:25:00,1406.5999755859375,1408.5999755859375,1406.0,1408.4000244140625,18234
2026-01-12 06:30:00,1408.5,1408.9000244140625,1405.5999755859375,1406.199951171875,30849
2026-01-12 06:35:00,1405.9000244140625,1409.699951171875,1405.5,1408.5999755859375,8560
2026-01-12 06:40:00,1409.5,1414.300048828125,1408.0,1414.300048828125,11826
2026-01-12 06:45:00,1414.5999755859375,1419.300048828125,1412.4000244140625,1417.0,43094
2026-01-12 06:50:00,1417.0,1422.0,1416.5999755859375,1421.0999755859375,22144
2026-01-12 06:55:00,1421.5999755859375,1425.0,1420.5,1423.0,39136
2026-01-12 07:00:00,1423.0,1427.4000244140625,1422.9000244140625,1426.5999755859375,27487
2026-01-12 07:05:00,1426.5999755859375,1427.800048828125,1425.4000244140625,1427.0999755859375,20861
2026-01-12 07:10:00,1427.0,1429.5999755859375,1424.0,1427.5,24259
2026-01-12 07:15:00,1427.699951171875,1429.9000244140625,1427.199951171875,1428.699951171875,18658
2026-01-12 07:20:00,1428.699951171875,1433.0,1428.699951171875,1433.0,20832
2026-01-12 07:25:00,1433.0,1435.0,1432.199951171875,1433.0999755859375,14567
2026-01-12 07:30:00,1433.0999755859375,1433.0999755859375,1428.0,1432.0,15479
2026-01-12 07:35:00,1432.0,1433.9000244140625,1431.0999755859375,1433.5999755859375,12949
2026-01-12 07:40:00,1433.5999755859375,1436.0,1432.300048828125,1435.5999755859375,21795
2026-01-12 07:45:00,1435.4000244140625,1436.199951171875,1433.699951171875,1434.0999755859375,13896
2026-01-12 07:50:00,1434.300048828125,1435.800048828125,1434.0999755859375,1435.300048828125,10122
2026-01-12 07:55:00,1435.199951171875,1435.5999755859375,1433.300048828125,1433.300048828125,9932
2026-01-12 08:00:00,1433.300048828125,1438.699951171875,1433.300048828125,1438.0,24370
2026-01-12 08:05:00,1438.5,1439.199951171875,1437.4000244140625,1437.800048828125,10356
2026-01-12 08:10:00,1437.800048828125,1439.5,1435.4000244140625,1435.800048828125,14433
2026-01-12 08:15:00,1435.5999755859375,1438.199951171875,1435.5999755859375,1436.800048828125,11105
2026-01-12 08:20:00,1436.300048828125,1437.5999755859375,1435.0,1436.9000244140625,8112
2026-01-12 08:25:00,1436.800048828125,1437.5999755859375,1434.5999755859375,1435.800048828125,7609
2026-01-12 08:30:00,1436.5999755859375,1436.9000244140625,1434.5,1435.800048828125,5849
2026-01-12 08:35:00,1436.0,1436.5,1434.0999755859375,1436.0999755859375,8932
2026-01-12 08:40:00,1436.0,1436.5,1434.5,1435.0,9344
2026-01-12 08:45:00,1435.0,1436.4000244140625,1433.5,1433.5,15699
2026-01-12 08:50:00,1433.300048828125,1436.9000244140625,1433.199951171875,1436.5,7853
2026-01-12 08:55:00,1435.9000244140625,1436.800048828125,1434.0,1435.5999755859375,9122
2026-01-12 09:00:00,1434.9000244140625,1436.199951171875,1432.5,1433.4000244140625,12451
2026-01-12 09:05:00,1434.0999755859375,1437.5,1430.5,1436.4000244140625,38738
2026-01-12 09:10:00,1436.300048828125,1441.0,1435.5999755859375,1439.9000244140625,26181
2026-01-12 09:15:00,1439.9000244140625,1441.300048828125,1438.9000244140625,1440.9000244140625,11666
2026-01-12 09:20:00,1441.4000244140625,1442.5999755859375,1440.5,1441.9000244140625,9801
2026-01-12 09:25:00,1442.0999755859375,1445.300048828125,1441.800048828125,1443.9000244140625,35157
2026-01-12 09:30:00,1442.5999755859375,1443.0,1441.0,1441.9000244140625,42922
2026-01-12 09:35:00,1441.300048828125,1443.800048828125,1441.300048828125,1443.800048828125,16641
2026-01-12 09:40:00,1443.0,1443.9000244140625,1442.5,1443.800048828125,27396
2026-01-12 09:45:00,1443.5999755859375,1445.0,1442.800048828125,1443.800048828125,25555
2026-01-12 09:50:00,1443.699951171875,1446.300048828125,1442.300048828125,1446.199951171875,29959
2026-01-12 09:55:00,1446.199951171875,1447.0999755859375,1442.0,1443.5,21865
2026-01-13 03:45:00,1443.5,1446.800048828125,1443.300048828125,1445.800048828125,0
2026-01-13 03:50:00,1445.699951171875,1449.0,1442.5,1447.5,48781
2026-01-13 03:55:00,1447.699951171875,1447.699951171875,1440.4000244140625,1440.800048828125,30098
2026-01-13 04:00:00,1441.0,1441.199951171875,1436.4000244140625,1437.0,30048
2026-01-13 04:05:00,1437.199951171875,1438.5999755859375,1434.0,1434.5999755859375,10017
2026-01-13 04:10:00,1434.5999755859375,1436.199951171875,1433.5999755859375,1436.199951171875,16453
2026-01-13 04:15:00,1436.0999755859375,1441.4000244140625,1436.0999755859375,1437.9000244140625,29468
2026-01-13 04:20:00,1437.5,1440.0999755859375,1437.0,1438.0999755859375,9514
2026-01-13 04:25:00,1437.699951171875,1437.699951171875,1434.300048828125,1434.5,5591
2026-01-13 04:30:00,1434.4000244140625,1439.9000244140625,1432.300048828125,1439.9000244140625,12839
2026-01-13 04:35:00,1439.5,1443.4000244140625,1439.0,1443.0,24450
2026-01-13 04:40:00,1442.5,1442.5,1436.300048828125,1436.9000244140625,8878
2026-01-13 04:45:00,1436.5,1437.699951171875,1434.699951171875,1435.199951171875,10404
2026-01-13 04:50:00,1435.5999755859375,1439.9000244140625,1435.5999755859375,1437.5,5756
2026-01-13 04:55:00,1437.5,1440.5,1437.300048828125,1440.4000244140625,5575
2026-01-13 05:00:00,1440.4000244140625,1442.9000244140625,1440.0,1440.5999755859375,10812
2026-01-13 05:05:00,1440.5999755859375,1440.5999755859375,1435.800048828125,1436.199951171875,7359
2026-01-13 05:10:00,1436.0999755859375,1436.0999755859375,1434.0,1435.199951171875,8357
2026-01-13 05:15:00,1435.0999755859375,1436.0,1434.0,1436.0,7645
2026-01-13 05:20:00,1435.800048828125,1438.4000244140625,1435.5,1435.699951171875,8451
2026-01-13 05:25:00,1435.699951171875,1437.4000244140625,1434.4000244140625,1436.5999755859375,5053
2026-01-13 05:30:00,1436.699951171875,1437.0,1434.5999755859375,1436.300048828125,3814
2026-01-13 05:35:00,1436.4000244140625,1437.300048828125,1434.5999755859375,1436.800048828125,7984
2026-01-13 05:40:00,1436.800048828125,1437.800048828125,1435.9000244140625,1437.5999755859375,4714
2026-01-13 05:45:00,1437.5,1438.300048828125,1436.199951171875,1437.800048828125,5595
2026-01-13 05:50:00,1437.800048828125,1438.9000244140625,1437.5,1437.5,3470
2026-01-13 05:55:00,1437.0,1439.4000244140625,1437.0,1438.800048828125,4792
2026-01-13 06:00:00,1438.5999755859375,1439.300048828125,1438.0,1438.9000244140625,3121
2026-01-13 06:05:00,1439.0999755859375,1439.4000244140625,1438.0,1438.0,1760
2026-01-13 06:10:00,1438.0,1438.0,1434.5,1434.5,7423
2026-01-13 06:15:00,1434.4000244140625,1434.5999755859375,1434.0,1434.0999755859375,3208
2026-01-13 06:30:00,1431.800048828125,1432.0999755859375,1431.300048828125,1431.5999755859375,18384
2026-01-13 06:35:00,1431.5,1431.5999755859375,1431.0,1431.0999755859375,6003
2026-01-13 06:40:00,1431.300048828125,1431.699951171875,1428.5999755859375,1428.5999755859375,9226
2026-01-13 06:45:00,1428.5999755859375,1430.4000244140625,1428.199951171875,1430.4000244140625,3013
2026-01-13 06:50:00,1430.4000244140625,1430.5,1428.0999755859375,1428.0999755859375,5416
2026-01-13 06:55:00,1428.0,1430.800048828125,1428.0,1430.800048828125,4774
2026-01-13 07:00:00,1431.0,1431.4000244140625,1429.9000244140625,1430.0,4113
2026-01-13 07:05:00,1430.300048828125,1431.4000244140625,1430.0,1430.300048828125,4661
2026-01-13 07:10:00,1430.0999755859375,1430.300048828125,1428.0,1429.9000244140625,4324
2026-01-13 07:15:00,1429.699951171875,1429.699951171875,1427.4000244140625,1428.0,6540
2026-01-13 07:20:00,1428.0,1428.699951171875,1427.0,1427.0999755859375,5248
2026-01-13 07:25:00,1427.300048828125,1427.699951171875,1426.0,1426.699951171875,5932
2026-01-13 07:30:00,1427.0,1427.5,1425.699951171875,1427.199951171875,10847
2026-01-13 07:35:00,1427.0,1427.0999755859375,1425.800048828125,1426.5999755859375,3186
2026-01-13 07:40:00,1426.300048828125,1429.4000244140625,1426.300048828125,1428.9000244140625,9650
2026-01-13 07:45:00,1428.9000244140625,1428.9000244140625,1427.300048828125,1428.0,2589
2026-01-13 07:50:00,1428.0,1430.0,1427.4000244140625,1429.5,4900
2026-01-13 07:55:00,1428.699951171875,1430.300048828125,1427.9000244140625,1428.5,4529
2026-01-13 08:00:00,1428.300048828125,1429.800048828125,1427.5999755859375,1429.800048828125,6665
2026-01-13 08:05:00,1429.199951171875,1430.5999755859375,1428.5999755859375,1429.699951171875,7735
2026-01-13 08:10:00,1429.5999755859375,1429.9000244140625,1427.199951171875,1429.9000244140625,4394
2026-01-13 08:15:00,1429.9000244140625,1429.9000244140625,1428.0,1428.0,3122
2026-01-13 08:20:00,1428.4000244140625,1430.4000244140625,1428.4000244140625,1429.199951171875,4738
2026-01-13 08:25:00,1429.199951171875,1429.199951171875,1426.5,1426.800048828125,4289
2026-01-13 08:30:00,1427.0,1427.199951171875,1424.5999755859375,1424.5999755859375,9979
2026-01-13 08:35:00,1425.0999755859375,1425.300048828125,1423.800048828125,1424.4000244140625,5103
2026-01-13 08:40:00,1424.199951171875,1424.4000244140625,1422.4000244140625,1422.4000244140625,9695
2026-01-13 08:45:00,1422.800048828125,1424.0999755859375,1422.0999755859375,1423.5999755859375,9587
2026-01-13 08:50:00,1423.5999755859375,1423.5999755859375,1421.300048828125,1421.300048828125,23835
2026-01-13 08:55:00,1421.300048828125,1422.0999755859375,1420.0,1420.0999755859375,17347
2026-01-13 09:00:00,1420.0999755859375,1426.4000244140625,1420.0999755859375,1425.0999755859375,18093
2026-01-13 09:05:00,1424.800048828125,1426.4000244140625,1423.699951171875,1424.5999755859375,8358
2026-01-13 09:10:00,1424.9000244140625,1428.199951171875,1424.5999755859375,1427.5999755859375,19136
2026-01-13 09:15:00,1427.800048828125,1430.5999755859375,1427.0,1427.699951171875,26460
2026-01-13 09:20:00,1427.800048828125,1431.0,1427.699951171875,1430.699951171875,34881
2026-01-13 09:25:00,1430.9000244140625,1431.0,1427.0999755859375,1429.300048828125,25235
2026-01-13 09:30:00,1430.300048828125,1431.5,1428.4000244140625,1428.4000244140625,32835
2026-01-13 09:35:00,1428.5999755859375,1429.699951171875,1428.4000244140625,1429.5,16185
2026-01-13 09:40:00,1429.5,1429.800048828125,1428.0999755859375,1428.0999755859375,24320
2026-01-13 09:45:00,1428.0,1428.300048828125,1426.9000244140625,1427.9000244140625,36203
2026-01-13 09:50:00,1427.5,1429.9000244140625,1426.0999755859375,1429.9000244140625,46295
2026-01-13 09:55:00,1429.9000244140625,1430.5999755859375,1428.0,1428.0,25878
2026-01-14 03:45:00,1429.699951171875,1429.699951171875,1423.199951171875,1424.800048828125,0
2026-01-14 03:50:00,1424.800048828125,1426.5,1424.5,1425.699951171875,15989
2026-01-14 03:55:00,1425.699951171875,1426.9000244140625,1425.4000244140625,1426.800048828125,38283
2026-01-14 04:00:00,1426.800048828125,1427.4000244140625,1423.5,1424.4000244140625,21229
2026-01-14 04:05:00,1424.4000244140625,1427.0999755859375,1424.199951171875,1426.0,32684
2026-01-14 04:10:00,1426.0,1426.0,1424.800048828125,1425.0999755859375,9526
2026-01-14 04:15:00,1425.0999755859375,1425.4000244140625,1423.5,1423.9000244140625,13353
2026-01-14 04:20:00,1424.0,1429.5,1424.0,1429.0,34667
2026-01-14 04:25:00,1429.5,1431.9000244140625,1429.4000244140625,1429.5,30355
2026-01-14 04:30:00,1429.9000244140625,1430.0999755859375,1428.0999755859375,1428.699951171875,9583
2026-01-14 04:35:00,1428.699951171875,1429.199951171875,1426.800048828125,1427.5,13604
2026-01-14 04:40:00,1427.5999755859375,1428.199951171875,1427.0,1427.800048828125,6227
2026-01-14 04:45:00,1427.300048828125,1427.5999755859375,1423.699951171875,1424.0999755859375,15737
2026-01-14 04:50:00,1424.199951171875,1426.699951171875,1423.699951171875,1426.699951171875,28597
2026-01-14 04:55:00,1427.0,1429.800048828125,1427.0,1429.800048828125,18413
2026-01-14 05:00:00,1429.800048828125,1434.5,1429.699951171875,1433.4000244140625,22896
2026-01-14 05:05:00,1433.5,1434.0,1432.699951171875,1434.0,21903
2026-01-14 05:10:00,1433.5,1435.5,1432.199951171875,1432.699951171875,16148
2026-01-14 05:15:00,1432.699951171875,1434.5999755859375,1431.5999755859375,1434.5,22470
2026-01-14 05:20:00,1434.4000244140625,1436.9000244140625,1434.0999755859375,1434.800048828125,19841
2026-01-14 05:25:00,1434.800048828125,1436.699951171875,1434.800048828125,1436.5999755859375,10270
2026-01-14 05:30:00,1437.199951171875,1437.699951171875,1436.0999755859375,1437.699951171875,22635
2026-01-14 05:35:00,1437.4000244140625,1437.5,1435.300048828125,1436.5999755859375,11567
2026-01-14 05:40:00,1436.4000244140625,1436.4000244140625,1435.5,1435.699951171875,6882
2026-01-14 05:45:00,1435.5999755859375,1438.5,1435.5,1437.199951171875,17281
2026-01-14 05:50:00,1437.199951171875,1438.199951171875,1436.699951171875,1437.199951171875,11302
2026-01-14 05:55:00,1437.0,1438.800048828125,1436.0999755859375,1438.300048828125,14933
2026-01-14 06:00:00,1438.300048828125,1438.4000244140625,1436.699951171875,1438.199951171875,9063
2026-01-14 06:05:00,1438.199951171875,1438.4000244140625,1437.300048828125,1438.0,7906
2026-01-14 06:10:00,1438.0999755859375,1438.5,1437.300048828125,1437.4000244140625,11590
2026-01-14 06:15:00,1437.0999755859375,1438.199951171875,1436.699951171875,1438.0,13410
2026-01-14 06:20:00,1437.800048828125,1438.4000244140625,1437.5,1437.699951171875,6232
2026-01-14 06:25:00,1437.699951171875,1437.699951171875,1437.0,1437.0999755859375,7613
2026-01-14 06:30:00,1437.0999755859375,1438.4000244140625,1437.0999755859375,1438.0999755859375,10348
2026-01-14 06:35:00,1438.0999755859375,1438.300048828125,1437.0,1437.0999755859375,8396
2026-01-14 06:40:00,1437.0999755859375,1437.5,1435.0999755859375,1435.4000244140625,12496
2026-01-14 06:45:00,1435.4000244140625,1436.9000244140625,1434.199951171875,1436.5,12401
2026-01-14 06:50:00,1436.9000244140625,1437.4000244140625,1436.0,1436.0999755859375,8727
2026-01-14 06:55:00,1436.0999755859375,1436.5,1435.4000244140625,1435.800048828125,9874
2026-01-14 07:00:00,1435.800048828125,1436.0,1435.0999755859375,1435.4000244140625,9863
2026-01-14 07:05:00,1435.199951171875,1437.0,1435.199951171875,1436.5,15089
2026-01-14 07:10:00,1436.800048828125,1436.800048828125,1435.4000244140625,1435.800048828125,7740
2026-01-14 07:15:00,1435.800048828125,1437.300048828125,1435.199951171875,1436.0,10445
2026-01-14 07:20:00,1436.199951171875,1437.0,1435.4000244140625,1435.9000244140625,9760
2026-01-14 07:25:00,1436.0,1436.800048828125,1435.0,1435.4000244140625,9142
2026-01-14 07:30:00,1435.4000244140625,1435.9000244140625,1434.5,1434.9000244140625,8974
2026-01-14 07:35:00,1435.199951171875,1436.0,1434.4000244140625,1435.300048828125,7326
2026-01-14 07:40:00,1435.300048828125,1437.199951171875,1434.800048828125,1436.300048828125,8318
2026-01-14 07:45:00,1436.300048828125,1436.5999755859375,1434.9000244140625,1435.0,9536
2026-01-14 07:50:00,1435.0,1435.0,1432.0,1432.300048828125,8817
2026-01-14 07:55:00,1431.800048828125,1433.199951171875,1431.0999755859375,1432.300048828125,20350
2026-01-14 08:00:00,1432.300048828125,1432.800048828125,1431.699951171875,1432.199951171875,11768
2026-01-14 08:05:00,1432.0999755859375,1432.699951171875,1431.0,1431.699951171875,11403
2026-01-14 08:10:00,1431.5999755859375,1432.199951171875,1430.5,1430.9000244140625,9464
2026-01-14 08:15:00,1430.9000244140625,1431.0999755859375,1430.4000244140625,1431.0999755859375,9614
2026-01-14 08:20:00,1431.0999755859375,1431.800048828125,1430.0,1430.5,11698
2026-01-14 08:25:00,1430.5,1430.5999755859375,1429.199951171875,1430.0,8627
2026-01-14 08:30:00,1429.800048828125,1431.5999755859375,1429.5999755859375,1429.9000244140625,13751
2026-01-14 08:35:00,1429.699951171875,1430.199951171875,1428.4000244140625,1429.0,21864
2026-01-14 08:40:00,1429.199951171875,1429.9000244140625,1428.199951171875,1429.0,17873
2026-01-14 08:45:00,1429.0999755859375,1430.199951171875,1428.300048828125,1428.800048828125,14690
2026-01-14 08:50:00,1428.699951171875,1428.800048828125,1426.5999755859375,1426.9000244140625,27455
2026-01-14 08:55:00,1426.699951171875,1428.300048828125,1426.699951171875,1427.699951171875,13627
2026-01-14 09:00:00,1427.699951171875,1429.0999755859375,1427.699951171875,1429.0,14876
2026-01-14 09:05:00,1428.699951171875,1431.699951171875,1428.699951171875,1431.300048828125,21153
2026-01-14 09:10:00,1431.199951171875,1432.699951171875,1430.699951171875,1432.199951171875,19374
2026-01-14 09:15:00,1433.199951171875,1433.800048828125,1431.9000244140625,1432.800048828125,19410
2026-01-14 09:20:00,1433.0,1434.0,1432.5,1433.5999755859375,15034
2026-01-14 09:25:00,1433.699951171875,1434.0,1431.0999755859375,1431.9000244140625,10916
2026-01-14 09:30:00,1431.9000244140625,1432.199951171875,1430.300048828125,1431.4000244140625,35727
2026-01-14 09:35:00,1430.9000244140625,1431.199951171875,1429.4000244140625,1431.0,44715
2026-01-14 09:40:00,1430.5999755859375,1431.199951171875,1430.0999755859375,1430.699951171875,33686
2026-01-14 09:45:00,1430.699951171875,1430.699951171875,1430.0,1430.199951171875,33255
2026-01-14 09:50:00,1429.800048828125,1430.0,1428.699951171875,1429.5999755859375,58052
2026-01-14 09:55:00,1429.699951171875,1430.199951171875,1427.0,1430.0,35869
2026-01-16 03:45:00,1440.0,1444.0999755859375,1437.0,1440.800048828125,0
2026-01-16 03:50:00,1440.699951171875,1443.5999755859375,1438.0,1438.0,26753
2026-01-16 03:55:00,1437.9000244140625,1437.9000244140625,1432.0,1432.0,41505
2026-01-16 04:00:00,1431.9000244140625,1433.5,1431.0,1432.0,31264
2026-01-16 04:05:00,1431.800048828125,1435.5,1431.0999755859375,1433.9000244140625,22542
2026-01-16 04:10:00,1433.4000244140625,1437.4000244140625,1433.300048828125,1437.199951171875,24012
2026-01-16 04:15:00,1436.800048828125,1437.0999755859375,1436.0,1436.4000244140625,15168
2026-01-16 04:20:00,1436.4000244140625,1439.199951171875,1436.300048828125,1439.199951171875,14750
2026-01-16 04:25:00,1439.4000244140625,1440.5999755859375,1437.300048828125,1437.300048828125,22234
2026-01-16 04:30:00,1437.300048828125,1441.5,1436.9000244140625,1441.0999755859375,19916
2026-01-16 04:35:00,1441.0999755859375,1441.0999755859375,1439.0,1440.0999755859375,15006
2026-01-16 04:40:00,1440.0,1443.0,1440.0,1441.9000244140625,16240
2026-01-16 04:45:00,1442.699951171875,1445.5,1442.0999755859375,1445.199951171875,24002
2026-01-16 04:50:00,1445.199951171875,1446.0,1444.0999755859375,1445.5999755859375,27411
2026-01-16 04:55:00,1445.0999755859375,1445.699951171875,1444.199951171875,1445.0999755859375,15016
2026-01-16 05:00:00,1445.199951171875,1445.199951171875,1443.9000244140625,1444.800048828125,11575
2026-01-16 05:05:00,1444.699951171875,1445.800048828125,1442.0999755859375,1442.199951171875,74987
2026-01-16 05:10:00,1442.800048828125,1442.800048828125,1438.800048828125,1439.300048828125,21591
2026-01-16 05:15:00,1439.300048828125,1440.699951171875,1439.0999755859375,1439.9000244140625,35671
2026-01-16 05:20:00,1440.0,1440.0,1437.5999755859375,1438.5999755859375,18740
2026-01-16 05:25:00,1438.699951171875,1440.5,1438.5,1438.800048828125,32926
2026-01-16 05:30:00,1438.199951171875,1440.0,1437.800048828125,1438.199951171875,22359
2026-01-16 05:35:00,1438.4000244140625,1439.199951171875,1437.9000244140625,1439.0,11929
2026-01-16 05:40:00,1438.5,1438.699951171875,1436.0,1436.4000244140625,22912
2026-01-16 05:45:00,1436.300048828125,1436.5,1435.699951171875,1435.800048828125,26837
2026-01-16 05:50:00,1435.800048828125,1437.5,1435.4000244140625,1436.0,13029
2026-01-16 05:55:00,1435.9000244140625,1437.9000244140625,1435.9000244140625,1437.5999755859375,12006
2026-01-16 06:00:00,1437.5999755859375,1439.199951171875,1436.300048828125,1437.5999755859375,73164
2026-01-16 06:05:00,1437.5,1439.699951171875,1437.5,1439.699951171875,10172
2026-01-16 06:10:00,1439.800048828125,1440.0,1438.0,1438.9000244140625,61611
2026-01-16 06:15:00,1438.5999755859375,1439.5999755859375,1436.199951171875,1436.9000244140625,12769
2026-01-16 06:20:00,1436.9000244140625,1438.0,1436.9000244140625,1438.0,7386
2026-01-16 06:25:00,1437.9000244140625,1438.0,1436.5,1437.300048828125,9525
2026-01-16 06:30:00,1437.199951171875,1437.300048828125,1434.0999755859375,1434.5999755859375,16276
2026-01-16 06:35:00,1434.5999755859375,1435.0,1434.4000244140625,1435.0,13793
2026-01-16 06:40:00,1434.9000244140625,1435.0,1434.5,1435.0,15247
2026-01-16 06:45:00,1435.0,1435.0,1434.0999755859375,1434.300048828125,26362
2026-01-16 06:50:00,1434.199951171875,1434.5,1433.300048828125,1433.300048828125,9560
2026-01-16 06:55:00,1433.4000244140625,1433.5999755859375,1429.0999755859375,1429.9000244140625,30762
2026-01-16 07:00:00,1429.800048828125,1431.5,1429.0999755859375,1431.0,11364
2026-01-16 07:05:00,1431.199951171875,1432.0,1430.199951171875,1431.800048828125,10534
2026-01-16 07:10:00,1431.699951171875,1432.0,1430.800048828125,1431.5,17098
2026-01-16 07:15:00,1431.4000244140625,1431.800048828125,1431.0999755859375,1431.300048828125,5511
2026-01-16 07:20:00,1431.199951171875,1431.699951171875,1429.300048828125,1431.5,9159
2026-01-16 07:25:00,1431.800048828125,1432.0,1430.0999755859375,1430.5999755859375,10397
2026-01-16 07:30:00,1430.5999755859375,1431.4000244140625,1430.0999755859375,1430.4000244140625,10246
2026-01-16 07:35:00,1430.0,1430.300048828125,1428.699951171875,1428.699951171875,8640
2026-01-16 07:40:00,1428.4000244140625,1429.199951171875,1427.9000244140625,1428.699951171875,9734
2026-01-16 07:45:00,1428.5999755859375,1429.199951171875,1427.300048828125,1427.800048828125,11560
2026-01-16 07:50:00,1427.800048828125,1428.0,1426.5,1426.699951171875,13427
2026-01-16 07:55:00,1426.699951171875,1426.699951171875,1423.9000244140625,1425.4000244140625,15386
2026-01-16 08:00:00,1426.199951171875,1428.0,1425.5999755859375,1426.300048828125,10925
2026-01-16 08:05:00,1426.199951171875,1426.5999755859375,1425.300048828125,1426.5999755859375,8221
2026-01-16 08:10:00,1426.5999755859375,1426.9000244140625,1425.4000244140625,1425.800048828125,6598
2026-01-16 08:15:00,1426.0,1427.0,1425.5999755859375,1425.800048828125,9748
2026-01-16 08:20:00,1426.0999755859375,1426.800048828125,1424.5,1424.5999755859375,9122
2026-01-16 08:25:00,1424.699951171875,1425.9000244140625,1424.699951171875,1425.4000244140625,4593
2026-01-16 08:30:00,1425.199951171875,1425.199951171875,1423.0,1423.800048828125,31559
2026-01-16 08:35:00,1423.800048828125,1424.699951171875,1422.699951171875,1422.699951171875,9747
2026-01-16 08:40:00,1422.699951171875,1424.4000244140625,1422.199951171875,1422.300048828125,10286
2026-01-16 08:45:00,1421.9000244140625,1422.699951171875,1421.5,1422.699951171875,11634
2026-01-16 08:50:00,1422.699951171875,1423.9000244140625,1421.0999755859375,1423.199951171875,11535
2026-01-16 08:55:00,1423.199951171875,1423.800048828125,1420.4000244140625,1421.4000244140625,12133
2026-01-16 09:00:00,1421.4000244140625,1422.0,1419.199951171875,1419.5,11547
2026-01-16 09:05:00,1419.0999755859375,1421.199951171875,1416.5999755859375,1420.9000244140625,18468
2026-01-16 09:10:00,1420.5999755859375,1422.800048828125,1419.699951171875,1421.199951171875,10129
2026-01-16 09:15:00,1420.699951171875,1423.199951171875,1420.699951171875,1422.0999755859375,25462
2026-01-16 09:20:00,1422.800048828125,1423.9000244140625,1421.0999755859375,1423.300048828125,17266
2026-01-16 09:25:00,1423.300048828125,1424.9000244140625,1422.5,1424.0,22308
2026-01-16 09:30:00,1421.800048828125,1424.0999755859375,1421.5999755859375,1421.5999755859375,38057
2026-01-16 09:35:00,1421.300048828125,1422.5,1420.0,1421.699951171875,30160
2026-01-16 09:40:00,1421.0,1422.0999755859375,1420.4000244140625,1420.4000244140625,31130
2026-01-16 09:45:00,1420.199951171875,1421.0,1419.5,1421.0,38545
2026-01-16 09:50:00,1420.9000244140625,1422.9000244140625,1420.9000244140625,1422.699951171875,33382
2026-01-16 09:55:00,1422.800048828125,1424.9000244140625,1422.4000244140625,1424.300048828125,36204
2026-01-19 03:45:00,1417.0,1417.0,1410.0,1414.4000244140625,0
2026-01-19 03:50:00,1412.800048828125,1416.0,1412.5999755859375,1412.9000244140625,17812
2026-01-19 03:55:00,1413.300048828125,1413.300048828125,1407.699951171875,1407.9000244140625,19859
2026-01-19 04:00:00,1408.5999755859375,1412.199951171875,1406.9000244140625,1411.9000244140625,20974
2026-01-19 04:05:00,1412.0,1414.0,1411.5999755859375,1412.4000244140625,8625
2026-01-19 04:10:00,1412.199951171875,1412.199951171875,1409.0999755859375,1411.300048828125,12709
2026-01-19 04:15:00,1411.0,1411.300048828125,1409.800048828125,1409.9000244140625,5412
2026-01-19 04:20:00,1409.800048828125,1414.0,1409.300048828125,1412.0,10016
2026-01-19 04:25:00,1411.5999755859375,1413.300048828125,1409.699951171875,1410.0,29586
2026-01-19 04:30:00,1409.5,1409.800048828125,1407.9000244140625,1408.800048828125,11909
2026-01-19 04:35:00,1408.9000244140625,1411.9000244140625,1407.800048828125,1411.0,7667
2026-01-19 04:40:00,1411.800048828125,1412.800048828125,1410.0,1411.5,25047
2026-01-19 04:45:00,1411.5999755859375,1415.0,1411.0999755859375,1413.0999755859375,94479
2026-01-19 04:50:00,1413.0,1414.5,1411.4000244140625,1412.0,8035
2026-01-19 04:55:00,1412.800048828125,1412.800048828125,1409.5,1410.800048828125,12814
2026-01-19 05:00:00,1410.800048828125,1413.0,1410.0999755859375,1410.4000244140625,12981
2026-01-19 05:05:00,1410.300048828125,1411.0,1407.9000244140625,1407.9000244140625,8967
2026-01-19 05:10:00,1407.800048828125,1410.0,1407.699951171875,1408.9000244140625,13812
2026-01-19 05:15:00,1409.4000244140625,1410.0,1408.0,1408.0,2109
2026-01-19 05:20:00,1408.0,1409.0,1406.0,1407.9000244140625,12799
2026-01-19 05:25:00,1407.0999755859375,1408.800048828125,1406.4000244140625,1407.9000244140625,9383
2026-01-19 05:30:00,1407.9000244140625,1411.300048828125,1407.9000244140625,1410.9000244140625,7881
2026-01-19 05:35:00,1410.699951171875,1410.9000244140625,1409.0,1410.199951171875,4484
2026-01-19 05:40:00,1410.300048828125,1411.800048828125,1409.199951171875,1409.199951171875,7319
2026-01-19 05:45:00,1421.9000244140625,1421.9000244140625,1405.199951171875,1405.4000244140625,7481
2026-01-19 05:50:00,1404.9000244140625,1405.4000244140625,1402.800048828125,1404.300048828125,18401
2026-01-19 05:55:00,1404.300048828125,1404.699951171875,1403.0999755859375,1404.0,6921
2026-01-19 06:00:00,1403.9000244140625,1404.300048828125,1402.9000244140625,1404.300048828125,3059
2026-01-19 06:05:00,1404.300048828125,1404.300048828125,1402.0,1403.0,9060
2026-01-19 06:10:00,1402.5999755859375,1404.800048828125,1402.5,1404.0,4314
2026-01-19 06:15:00,1404.0,1404.9000244140625,1402.0,1404.5999755859375,12509
2026-01-19 06:20:00,1404.9000244140625,1405.4000244140625,1403.800048828125,1404.9000244140625,4766
2026-01-19 06:25:00,1405.0999755859375,1405.199951171875,1403.5999755859375,1404.699951171875,12030
2026-01-19 06:30:00,1404.699951171875,1404.699951171875,1401.0999755859375,1401.4000244140625,16106
2026-01-19 06:35:00,1401.5999755859375,1401.9000244140625,1399.0,1399.0999755859375,32255
2026-01-19 06:40:00,1399.0,1399.5999755859375,1398.300048828125,1399.0,10185
2026-01-19 06:45:00,1399.800048828125,1400.0,1399.0,1399.0999755859375,22565
2026-01-19 06:50:00,1399.199951171875,1399.800048828125,1397.0999755859375,1397.5,10136
2026-01-19 06:55:00,1397.300048828125,1397.699951171875,1395.800048828125,1396.800048828125,17514
2026-01-19 07:00:00,1396.199951171875,1399.9000244140625,1396.0,1398.800048828125,46346
2026-01-19 07:05:00,1398.800048828125,1398.9000244140625,1397.0,1397.199951171875,7221
2026-01-19 07:10:00,1397.5999755859375,1399.0,1397.0999755859375,1398.5999755859375,6957
2026-01-19 07:15:00,1398.9000244140625,1399.0,1397.0999755859375,1398.0999755859375,5948
2026-01-19 07:20:00,1398.300048828125,1401.699951171875,1397.4000244140625,1400.9000244140625,32231
2026-01-19 07:25:00,1400.9000244140625,1403.699951171875,1400.5999755859375,1402.300048828125,68131
2026-01-19 07:30:00,1402.199951171875,1403.699951171875,1401.5999755859375,1403.4000244140625,5392
2026-01-19 07:35:00,1403.4000244140625,1404.9000244140625,1402.9000244140625,1404.4000244140625,5442
2026-01-19 07:40:00,1404.699951171875,1404.699951171875,1402.300048828125,1403.300048828125,4631
2026-01-19 07:45:00,1403.300048828125,1403.5,1400.0,1402.0,6643
2026-01-19 07:50:00,1402.0,1402.300048828125,1401.0999755859375,1401.4000244140625,3932
2026-01-19 07:55:00,1401.4000244140625,1402.5,1400.5999755859375,1401.0999755859375,10564
2026-01-19 08:00:00,1401.699951171875,1403.800048828125,1401.699951171875,1403.800048828125,9615
2026-01-19 08:05:00,1403.5,1403.9000244140625,1403.0,1403.9000244140625,6904
2026-01-19 08:10:00,1403.800048828125,1404.800048828125,1403.0,1403.800048828125,14318
2026-01-19 08:15:00,1403.5999755859375,1404.5,1402.5,1404.5,7183
2026-01-19 08:20:00,1405.0,1406.5999755859375,1403.0999755859375,1403.9000244140625,17304
2026-01-19 08:25:00,1403.9000244140625,1404.699951171875,1403.0999755859375,1403.5,5505
2026-01-19 08:30:00,1404.0999755859375,1406.0,1403.699951171875,1405.0,8349
2026-01-19 08:35:00,1404.9000244140625,1406.0,1404.0,1404.5,6333
2026-01-19 08:40:00,1404.5,1405.0999755859375,1402.9000244140625,1403.5,11750
2026-01-19 08:45:00,1403.5,1404.0999755859375,1402.300048828125,1403.9000244140625,13988
2026-01-19 08:50:00,1403.9000244140625,1404.5,1402.300048828125,1403.0999755859375,7477
2026-01-19 08:55:00,1403.0,1403.5,1402.0,1402.800048828125,6252
2026-01-19 09:00:00,1402.800048828125,1403.4000244140625,1401.5999755859375,1402.0,6807
2026-01-19 09:05:00,1402.0,1403.5,1400.5,1402.800048828125,12238
2026-01-19 09:10:00,1403.300048828125,1406.300048828125,1402.300048828125,1406.300048828125,16264
2026-01-19 09:15:00,1406.199951171875,1406.9000244140625,1405.4000244140625,1406.5,24075
2026-01-19 09:20:00,1406.300048828125,1407.9000244140625,1406.0,1407.9000244140625,10176
2026-01-19 09:25:00,1407.699951171875,1408.800048828125,1405.4000244140625,1407.0,24318
2026-01-19 09:30:00,1407.0,1407.9000244140625,1404.0,1404.5,22930
2026-01-19 09:35:00,1404.300048828125,1404.9000244140625,1402.699951171875,1403.800048828125,22380
2026-01-19 09:40:00,1403.300048828125,1403.300048828125,1401.4000244140625,1402.300048828125,18050
2026-01-19 09:45:00,1401.800048828125,1402.0999755859375,1400.5,1401.0,15973
2026-01-19 09:50:00,1401.0999755859375,1402.5999755859375,1400.800048828125,1402.300048828125,26826
2026-01-19 09:55:00,1401.800048828125,1403.0,1401.199951171875,1403.0,16140
2026-01-20 03:45:00,1407.0,1411.9000244140625,1406.699951171875,1409.4000244140625,0
2026-01-20 03:50:00,1409.4000244140625,1412.9000244140625,1404.199951171875,1404.199951171875,25713
2026-01-20 03:55:00,1404.0999755859375,1404.0999755859375,1399.800048828125,1401.300048828125,46678
2026-01-20 04:00:00,1401.199951171875,1402.9000244140625,1399.0,1399.699951171875,14200
2026-01-20 04:05:00,1399.199951171875,1400.4000244140625,1397.199951171875,1397.4000244140625,9628
2026-01-20 04:10:00,1396.800048828125,1402.5,1395.4000244140625,1400.699951171875,19852
2026-01-20 04:15:00,1400.5999755859375,1401.9000244140625,1398.699951171875,1399.0,6776
2026-01-20 04:20:00,1399.0,1400.9000244140625,1397.4000244140625,1397.699951171875,11939
2026-01-20 04:25:00,1397.699951171875,1402.0999755859375,1397.699951171875,1401.800048828125,23001
2026-01-20 04:30:00,1401.800048828125,1405.4000244140625,1401.5,1404.800048828125,19388
2026-01-20 04:35:00,1404.9000244140625,1405.300048828125,1402.699951171875,1403.5,12145
2026-01-20 04:40:00,1403.9000244140625,1406.0,1403.800048828125,1404.5999755859375,21448
2026-01-20 04:45:00,1404.5999755859375,1407.5999755859375,1403.5,1406.199951171875,27873
2026-01-20 04:50:00,1406.699951171875,1406.699951171875,1403.800048828125,1404.0999755859375,13770
2026-01-20 04:55:00,1403.800048828125,1406.0,1402.5999755859375,1404.199951171875,8978
2026-01-20 05:00:00,1404.199951171875,1404.699951171875,1400.5,1402.199951171875,12741
2026-01-20 05:05:00,1402.4000244140625,1405.0,1400.5,1403.0,18651
2026-01-20 05:10:00,1403.0,1404.9000244140625,1401.9000244140625,1402.199951171875,7006
2026-01-20 05:15:00,1402.5999755859375,1403.0999755859375,1401.5,1401.5999755859375,5118
2026-01-20 05:20:00,1401.5999755859375,1402.5,1400.4000244140625,1400.5999755859375,4931
2026-01-20 05:25:00,1400.4000244140625,1400.4000244140625,1399.0,1399.699951171875,12310
2026-01-20 05:30:00,1399.300048828125,1399.300048828125,1396.800048828125,1397.199951171875,14654
2026-01-20 05:35:00,1396.9000244140625,1397.300048828125,1395.5,1395.5,8620
2026-01-20 05:40:00,1396.199951171875,1397.0,1395.9000244140625,1395.9000244140625,5179
2026-01-20 05:45:00,1396.300048828125,1399.699951171875,1395.800048828125,1397.5999755859375,7971
2026-01-20 05:50:00,1397.800048828125,1398.699951171875,1397.199951171875,1398.0,4267
2026-01-20 05:55:00,1398.0999755859375,1399.5,1398.0,1398.9000244140625,5757
2026-01-20 06:00:00,1398.800048828125,1399.4000244140625,1398.4000244140625,1398.9000244140625,2708
2026-01-20 06:05:00,1399.0999755859375,1400.0,1399.0999755859375,1399.199951171875,4358
2026-01-20 06:10:00,1399.199951171875,1399.5999755859375,1398.0,1398.0999755859375,2103
2026-01-20 06:15:00,1398.199951171875,1398.199951171875,1396.5,1397.300048828125,4980
2026-01-20 06:20:00,1397.5,1400.5999755859375,1397.5,1400.0,5273
2026-01-20 06:25:00,1400.0,1400.300048828125,1396.699951171875,1397.4000244140625,8856
2026-01-20 06:30:00,1397.5999755859375,1397.5999755859375,1395.4000244140625,1396.0,4281
2026-01-20 06:35:00,1396.4000244140625,1396.5,1392.0999755859375,1393.0999755859375,16296
2026-01-20 06:40:00,1393.0999755859375,1394.800048828125,1392.5,1394.300048828125,5358
2026-01-20 06:45:00,1394.4000244140625,1395.0999755859375,1393.0,1394.0,3445
2026-01-20 06:50:00,1394.5,1395.0,1393.300048828125,1394.4000244140625,7101
2026-01-20 06:55:00,1394.199951171875,1394.5,1393.5,1394.4000244140625,3470
2026-01-20 07:00:00,1394.199951171875,1394.4000244140625,1393.300048828125,1393.300048828125,4892
2026-01-20 07:05:00,1393.699951171875,1394.0,1392.800048828125,1393.5,5281
2026-01-20 07:10:00,1393.4000244140625,1393.5,1391.0999755859375,1391.199951171875,6884
2026-01-20 07:15:00,1391.4000244140625,1393.800048828125,1390.5999755859375,1393.800048828125,6284
2026-01-20 07:20:00,1393.5,1394.199951171875,1392.5999755859375,1393.699951171875,5279
2026-01-20 07:25:00,1393.699951171875,1394.800048828125,1392.699951171875,1393.800048828125,5936
2026-01-20 07:30:00,1394.0999755859375,1394.0999755859375,1391.699951171875,1392.300048828125,5137
2026-01-20 07:35:00,1392.0999755859375,1392.5999755859375,1391.0999755859375,1391.800048828125,4521
2026-01-20 07:40:00,1391.800048828125,1391.9000244140625,1390.0,1390.0,12675
2026-01-20 07:45:00,1390.0999755859375,1391.0,1389.0,1390.800048828125,12164
2026-01-20 07:50:00,1390.9000244140625,1393.199951171875,1389.800048828125,1390.0,10886
2026-01-20 07:55:00,1390.0,1390.0,1388.9000244140625,1389.0,5761
2026-01-20 08:00:00,1389.0,1389.0,1386.4000244140625,1386.9000244140625,13451
2026-01-20 08:05:00,1386.5,1386.800048828125,1384.0999755859375,1384.800048828125,17250
2026-01-20 08:10:00,1384.800048828125,1385.5,1383.800048828125,1384.800048828125,35132
2026-01-20 08:15:00,1385.0,1385.300048828125,1381.800048828125,1382.5999755859375,15702
2026-01-20 08:20:00,1382.5999755859375,1385.0,1382.0,1384.800048828125,53030
2026-01-20 08:25:00,1384.800048828125,1385.5,1384.699951171875,1385.4000244140625,41965
2026-01-20 08:30:00,1385.4000244140625,1385.4000244140625,1382.0,1385.0,47335
2026-01-20 08:35:00,1384.5,1384.5,1382.5,1383.5,25900
2026-01-20 08:40:00,1383.5,1383.800048828125,1382.0,1383.0,44778
2026-01-20 08:45:00,1383.0999755859375,1386.4000244140625,1383.0,1384.0,77800
2026-01-20 08:50:00,1384.0,1385.0,1382.5,1384.4000244140625,10474
2026-01-20 08:55:00,1384.0,1385.0999755859375,1383.5999755859375,1385.0,30414
2026-01-20 09:00:00,1384.5999755859375,1385.0,1382.699951171875,1383.5,14289
2026-01-20 09:05:00,1383.699951171875,1384.5,1382.699951171875,1384.0,13786
2026-01-20 09:10:00,1384.0,1384.4000244140625,1382.5,1383.0,22935
2026-01-20 09:15:00,1383.0,1383.4000244140625,1382.0999755859375,1383.0,19340
2026-01-20 09:20:00,1383.0,1383.0,1380.699951171875,1380.699951171875,20873
2026-01-20 09:25:00,1381.0,1381.0,1378.199951171875,1378.199951171875,17482
2026-01-20 09:30:00,1377.300048828125,1377.300048828125,1372.0,1373.0999755859375,69132
2026-01-20 09:35:00,1373.5,1373.5999755859375,1370.5999755859375,1370.800048828125,29811
2026-01-20 09:40:00,1370.5999755859375,1371.199951171875,1367.0999755859375,1367.699951171875,59106
2026-01-20 09:45:00,1366.5999755859375,1367.5999755859375,1360.800048828125,1361.9000244140625,256568
2026-01-20 09:50:00,1361.800048828125,1364.9000244140625,1360.0,1364.699951171875,82017
2026-01-20 09:55:00,1363.800048828125,1376.699951171875,1363.800048828125,1367.5999755859375,216178
2026-01-21 03:45:00,1368.300048828125,1378.800048828125,1368.300048828125,1376.300048828125,0
2026-01-21 03:50:00,1375.5999755859375,1375.5999755859375,1368.5999755859375,1374.0,45181
2026-01-21 03:55:00,1374.800048828125,1381.699951171875,1374.800048828125,1375.5,49933
2026-01-21 04:00:00,1375.4000244140625,1380.300048828125,1374.0,1378.800048828125,32398
2026-01-21 04:05:00,1379.199951171875,1379.800048828125,1373.800048828125,1374.699951171875,40255
2026-01-21 04:10:00,1374.9000244140625,1377.800048828125,1374.5999755859375,1374.5999755859375,64294
2026-01-21 04:15:00,1374.199951171875,1378.800048828125,1372.800048828125,1375.699951171875,59167
2026-01-21 04:20:00,1376.300048828125,1376.5,1372.699951171875,1373.0,17651
2026-01-21 04:25:00,1373.9000244140625,1377.300048828125,1373.0,1374.0999755859375,40644
2026-01-21 04:30:00,1373.5999755859375,1376.5999755859375,1371.4000244140625,1373.5999755859375,34108
2026-01-21 04:35:00,1374.199951171875,1375.5,1372.800048828125,1373.699951171875,20600
2026-01-21 04:40:00,1373.699951171875,1377.0,1371.5,1374.5,34924
2026-01-21 04:45:00,1374.699951171875,1377.0,1372.300048828125,1373.800048828125,24264
2026-01-21 04:50:00,1374.0,1375.5999755859375,1372.199951171875,1373.5,14240
2026-01-21 04:55:00,1373.5,1374.4000244140625,1368.5,1368.5,25407
2026-01-21 05:00:00,1369.0999755859375,1369.5,1367.0999755859375,1367.9000244140625,34689
2026-01-21 05:05:00,1368.0,1369.5,1365.199951171875,1365.199951171875,27764
2026-01-21 05:10:00,1365.4000244140625,1365.5999755859375,1358.300048828125,1358.800048828125,29610
2026-01-21 05:15:00,1358.5,1358.5,1354.5,1354.5,28272
2026-01-21 05:20:00,1354.699951171875,1355.699951171875,1348.9000244140625,1348.9000244140625,24440
2026-01-21 05:25:00,1349.4000244140625,1350.0999755859375,1345.300048828125,1349.800048828125,47616
2026-01-21 05:30:00,1350.199951171875,1354.5999755859375,1349.699951171875,1354.5999755859375,22132
2026-01-21 05:35:00,1354.5999755859375,1354.5999755859375,1351.5999755859375,1352.800048828125,15470
2026-01-21 05:40:00,1352.5,1356.199951171875,1352.5,1353.699951171875,26079
2026-01-21 05:45:00,1353.699951171875,1353.800048828125,1351.5999755859375,1353.5,14663
2026-01-21 05:50:00,1352.4000244140625,1352.9000244140625,1350.0,1351.5999755859375,16011
2026-01-21 05:55:00,1351.5999755859375,1352.9000244140625,1350.699951171875,1352.800048828125,18985
2026-01-21 06:00:00,1352.9000244140625,1355.699951171875,1352.699951171875,1354.300048828125,16430
2026-01-21 06:05:00,1354.300048828125,1357.199951171875,1354.199951171875,1354.5999755859375,15160
2026-01-21 06:10:00,1354.5999755859375,1356.5999755859375,1354.0999755859375,1356.5999755859375,13966
2026-01-21 06:15:00,1356.5999755859375,1359.0999755859375,1356.0,1356.4000244140625,37007
2026-01-21 06:20:00,1356.199951171875,1359.0,1355.300048828125,1357.0,33031
2026-01-21 06:25:00,1356.5,1360.4000244140625,1356.5,1360.300048828125,13366
2026-01-21 06:30:00,1361.0999755859375,1364.300048828125,1359.300048828125,1363.5,17651
2026-01-21 06:35:00,1364.0,1370.199951171875,1364.0,1370.199951171875,101260
2026-01-21 06:40:00,1370.5999755859375,1371.0,1368.199951171875,1370.0,13122
2026-01-21 06:45:00,1370.0,1372.5999755859375,1368.5999755859375,1371.4000244140625,21741
2026-01-21 06:50:00,1371.5999755859375,1373.800048828125,1368.0999755859375,1372.9000244140625,16495
2026-01-21 06:55:00,1372.699951171875,1373.199951171875,1368.0,1369.800048828125,19802
2026-01-21 07:00:00,1369.9000244140625,1375.800048828125,1369.9000244140625,1374.9000244140625,22483
2026-01-21 07:05:00,1374.9000244140625,1380.0,1374.9000244140625,1380.0,18076
2026-01-21 07:10:00,1380.800048828125,1385.5999755859375,1380.5999755859375,1384.800048828125,34892
2026-01-21 07:15:00,1384.4000244140625,1390.0,1384.4000244140625,1389.5999755859375,38041
2026-01-21 07:20:00,1389.5999755859375,1390.0,1386.5999755859375,1389.4000244140625,20137
2026-01-21 07:25:00,1389.4000244140625,1390.0,1386.5,1388.800048828125,30358
2026-01-21 07:30:00,1388.800048828125,1389.5999755859375,1387.0999755859375,1388.699951171875,35535
2026-01-21 07:35:00,1388.699951171875,1388.9000244140625,1385.699951171875,1386.0999755859375,10404
2026-01-21 07:40:00,1386.0,1386.5999755859375,1383.5999755859375,1386.5,22650
2026-01-21 07:45:00,1386.5,1387.0999755859375,1385.0999755859375,1386.4000244140625,9816
2026-01-21 07:50:00,1386.4000244140625,1386.9000244140625,1383.800048828125,1385.0999755859375,14052
2026-01-21 07:55:00,1385.0999755859375,1385.5999755859375,1384.199951171875,1385.4000244140625,12736
2026-01-21 08:00:00,1385.0,1385.699951171875,1382.4000244140625,1383.0999755859375,13677
2026-01-21 08:05:00,1383.0999755859375,1385.800048828125,1381.800048828125,1384.5999755859375,11873
2026-01-21 08:10:00,1384.199951171875,1384.5,1381.5,1382.5,13207
2026-01-21 08:15:00,1382.5,1384.0,1382.5,1384.0,13396
2026-01-21 08:20:00,1383.9000244140625,1384.0,1380.800048828125,1381.5,18053
2026-01-21 08:25:00,1381.9000244140625,1381.9000244140625,1378.300048828125,1378.699951171875,19722
2026-01-21 08:30:00,1379.0,1379.5999755859375,1375.5999755859375,1376.300048828125,30612
2026-01-21 08:35:00,1376.699951171875,1377.4000244140625,1375.699951171875,1376.0,18877
2026-01-21 08:40:00,1375.9000244140625,1376.300048828125,1373.5,1373.800048828125,21540
2026-01-21 08:45:00,1373.800048828125,1380.699951171875,1373.0,1378.4000244140625,32730
2026-01-21 08:50:00,1378.4000244140625,1379.300048828125,1377.0999755859375,1378.9000244140625,16077
2026-01-21 08:55:00,1378.9000244140625,1379.300048828125,1375.699951171875,1375.699951171875,17692
2026-01-21 09:00:00,1375.5,1377.199951171875,1375.0999755859375,1376.9000244140625,19052
2026-01-21 09:05:00,1376.800048828125,1378.0,1375.0999755859375,1378.0,27761
2026-01-21 09:10:00,1378.4000244140625,1379.9000244140625,1377.4000244140625,1379.5,23144
2026-01-21 09:15:00,1379.5,1379.9000244140625,1376.9000244140625,1378.5999755859375,18465
2026-01-21 09:20:00,1379.199951171875,1380.5,1378.5,1379.9000244140625,16267
2026-01-21 09:25:00,1380.0,1380.9000244140625,1378.0999755859375,1378.800048828125,11164
2026-01-21 09:30:00,1377.9000244140625,1380.699951171875,1377.9000244140625,1380.0999755859375,35532
2026-01-21 09:35:00,1380.300048828125,1380.5,1378.300048828125,1379.0,35005
2026-01-21 09:40:00,1379.0,1379.199951171875,1377.800048828125,1378.5,42276
2026-01-21 09:45:00,1378.4000244140625,1378.800048828125,1377.199951171875,1378.5999755859375,50135
2026-01-21 09:50:00,1378.199951171875,1378.199951171875,1377.0999755859375,1377.5,57236
2026-01-21 09:55:00,1378.0999755859375,1380.5,1377.0,1378.5999755859375,54364
2026-01-22 03:45:00,1399.4000244140625,1399.4000244140625,1388.800048828125,1398.199951171875,0
2026-01-22 03:50:00,1398.199951171875,1403.699951171875,1397.9000244140625,1403.4000244140625,42075
2026-01-22 03:55:00,1402.800048828125,1408.4000244140625,1402.699951171875,1406.9000244140625,38080
2026-01-22 04:00:00,1406.800048828125,1411.300048828125,1406.300048828125,1410.9000244140625,35844
2026-01-22 04:05:00,1410.5999755859375,1412.0,1409.5,1410.199951171875,22915
2026-01-22 04:10:00,1410.0,1414.199951171875,1410.0,1413.800048828125,29619
2026-01-22 04:15:00,1413.699951171875,1421.699951171875,1413.199951171875,1421.4000244140625,50872
2026-01-22 04:20:00,1421.0999755859375,1421.0999755859375,1417.4000244140625,1417.800048828125,24692
2026-01-22 04:25:00,1417.699951171875,1418.5,1414.9000244140625,1415.9000244140625,29087
2026-01-22 04:30:00,1415.9000244140625,1416.800048828125,1413.300048828125,1416.800048828125,16127
2026-01-22 04:35:00,1416.800048828125,1418.300048828125,1415.300048828125,1415.4000244140625,12535
2026-01-22 04:40:00,1415.800048828125,1419.0,1415.0,1417.300048828125,12552
2026-01-22 04:45:00,1417.300048828125,1418.4000244140625,1414.0,1414.0,14278
2026-01-22 04:50:00,1413.5999755859375,1416.0,1412.5999755859375,1416.0,15052
2026-01-22 04:55:00,1416.0,1416.0,1411.5999755859375,1412.199951171875,12233
2026-01-22 05:00:00,1411.9000244140625,1412.5,1409.9000244140625,1412.4000244140625,22563
2026-01-22 05:05:00,1412.5999755859375,1415.0,1411.300048828125,1412.0999755859375,14091
2026-01-22 05:10:00,1412.5,1415.5,1411.5,1414.199951171875,14532
2026-01-22 05:15:00,1414.199951171875,1415.300048828125,1414.0,1414.5,8222
2026-01-22 05:20:00,1414.0,1415.0,1413.4000244140625,1413.699951171875,7598
2026-01-22 05:25:00,1413.5,1413.5,1409.300048828125,1409.300048828125,17479
2026-01-22 05:30:00,1409.300048828125,1412.9000244140625,1409.300048828125,1412.0,15938
2026-01-22 05:35:00,1411.9000244140625,1412.0,1410.9000244140625,1411.9000244140625,16394
2026-01-22 05:40:00,1412.0,1412.9000244140625,1409.800048828125,1412.0,18439
2026-01-22 05:45:00,1412.0,1412.5,1410.0999755859375,1410.9000244140625,7017
2026-01-22 05:50:00,1410.9000244140625,1412.300048828125,1409.0999755859375,1410.9000244140625,15191
2026-01-22 05:55:00,1410.9000244140625,1413.800048828125,1410.9000244140625,1411.699951171875,13736
2026-01-22 06:00:00,1411.5,1411.5999755859375,1408.300048828125,1409.800048828125,11397
2026-01-22 06:05:00,1409.800048828125,1410.0,1407.5999755859375,1408.5,11010
2026-01-22 06:10:00,1408.0,1408.300048828125,1406.0999755859375,1406.5,19476
2026-01-22 06:15:00,1406.9000244140625,1409.5999755859375,1406.0999755859375,1409.5999755859375,10511
2026-01-22 06:20:00,1409.5,1410.0999755859375,1407.9000244140625,1408.4000244140625,10867
2026-01-22 06:25:00,1409.0,1409.300048828125,1406.5,1406.5,7061
2026-01-22 06:30:00,1405.699951171875,1407.699951171875,1405.699951171875,1407.5,16184
2026-01-22 06:35:00,1407.9000244140625,1410.0,1407.4000244140625,1409.0,15675
2026-01-22 06:40:00,1409.0,1410.5999755859375,1408.699951171875,1410.0,46462
2026-01-22 06:45:00,1410.300048828125,1410.699951171875,1408.9000244140625,1409.0,17483
2026-01-22 06:50:00,1409.0,1411.699951171875,1408.9000244140625,1409.800048828125,64391
2026-01-22 06:55:00,1409.800048828125,1409.800048828125,1407.699951171875,1408.199951171875,7703
2026-01-22 07:00:00,1408.0,1408.0,1405.800048828125,1407.5,12508
2026-01-22 07:05:00,1407.5,1407.5,1405.0999755859375,1405.300048828125,13771
2026-01-22 07:10:00,1405.9000244140625,1406.0,1402.0999755859375,1404.800048828125,15626
2026-01-22 07:15:00,1404.800048828125,1405.800048828125,1404.300048828125,1405.0,6056
2026-01-22 07:20:00,1405.0,1405.4000244140625,1404.5,1404.800048828125,5055
2026-01-22 07:25:00,1403.800048828125,1404.0999755859375,1403.0,1404.0999755859375,5663
2026-01-22 07:30:00,1403.800048828125,1405.5,1402.5,1405.300048828125,7591
2026-01-22 07:35:00,1405.0999755859375,1405.4000244140625,1400.9000244140625,1400.9000244140625,12060
2026-01-22 07:40:00,1400.9000244140625,1401.5999755859375,1400.0,1400.4000244140625,19533
2026-01-22 07:45:00,1400.699951171875,1402.4000244140625,1400.0,1402.300048828125,35092
2026-01-22 07:50:00,1402.300048828125,1402.5,1400.9000244140625,1401.5999755859375,12988
2026-01-22 07:55:00,1401.4000244140625,1402.0,1400.300048828125,1400.800048828125,7616
2026-01-22 08:00:00,1400.800048828125,1403.699951171875,1400.0,1403.5,15352
2026-01-22 08:05:00,1404.5,1406.0,1402.699951171875,1402.800048828125,12418
2026-01-22 08:10:00,1402.5999755859375,1404.5,1402.300048828125,1404.199951171875,7153
2026-01-22 08:15:00,1404.199951171875,1405.800048828125,1403.199951171875,1405.5999755859375,23417
2026-01-22 08:20:00,1405.5,1408.4000244140625,1405.199951171875,1408.0,19064
2026-01-22 08:25:00,1408.300048828125,1409.300048828125,1407.699951171875,1408.0,16283
2026-01-22 08:30:00,1407.5,1409.5,1407.5,1408.4000244140625,7409
2026-01-22 08:35:00,1408.4000244140625,1409.0,1407.5999755859375,1408.300048828125,7529
2026-01-22 08:40:00,1408.4000244140625,1408.9000244140625,1406.0,1406.699951171875,8956
2026-01-22 08:45:00,1406.699951171875,1408.0,1405.699951171875,1407.4000244140625,22078
2026-01-22 08:50:00,1406.9000244140625,1409.5,1406.9000244140625,1409.199951171875,9218
2026-01-22 08:55:00,1409.0999755859375,1411.9000244140625,1409.0999755859375,1411.5,17409
2026-01-22 09:00:00,1412.0,1416.0,1411.0,1415.4000244140625,53319
2026-01-22 09:05:00,1416.0,1416.9000244140625,1414.300048828125,1415.9000244140625,33122
2026-01-22 09:10:00,1415.9000244140625,1416.199951171875,1414.5999755859375,1415.300048828125,28873
2026-01-22 09:15:00,1415.199951171875,1417.800048828125,1414.800048828125,1416.0,29119
2026-01-22 09:20:00,1415.699951171875,1415.699951171875,1411.699951171875,1412.0,13724
2026-01-22 09:25:00,1412.5999755859375,1416.5999755859375,1411.699951171875,1415.4000244140625,9657
2026-01-22 09:30:00,1415.199951171875,1415.800048828125,1411.5,1411.699951171875,38422
2026-01-22 09:35:00,1411.699951171875,1414.800048828125,1411.699951171875,1414.199951171875,48741
2026-01-22 09:40:00,1414.199951171875,1415.0,1410.5999755859375,1411.5,57298
2026-01-22 09:45:00,1411.5,1415.9000244140625,1411.0,1415.0,75205
2026-01-22 09:50:00,1414.9000244140625,1416.9000244140625,1413.9000244140625,1416.0999755859375,74070
2026-01-22 09:55:00,1416.4000244140625,1419.0,1414.199951171875,1414.199951171875,58790
2026-01-23 03:45:00,1411.5,1411.5,1399.4000244140625,1402.4000244140625,0
2026-01-23 03:50:00,1402.4000244140625,1403.699951171875,1400.800048828125,1403.0,11289
2026-01-23 03:55:00,1402.9000244140625,1404.300048828125,1401.0,1401.9000244140625,11312
2026-01-23 04:00:00,1401.800048828125,1401.800048828125,1398.300048828125,1398.699951171875,19082
2026-01-23 04:05:00,1398.5999755859375,1398.5999755859375,1396.0,1396.0,18718
2026-01-23 04:10:00,1396.0999755859375,1398.800048828125,1396.0,1396.5999755859375,12742
2026-01-23 04:15:00,1396.0,1398.5999755859375,1394.199951171875,1395.800048828125,22821
2026-01-23 04:20:00,1395.699951171875,1396.5999755859375,1392.0,1392.0,19840
2026-01-23 04:25:00,1393.699951171875,1396.199951171875,1392.9000244140625,1395.5999755859375,16343
2026-01-23 04:30:00,1395.300048828125,1397.0,1394.4000244140625,1396.5999755859375,15479
2026-01-23 04:35:00,1396.800048828125,1399.0999755859375,1396.699951171875,1396.800048828125,17763
2026-01-23 04:40:00,1397.199951171875,1398.0,1396.0,1396.9000244140625,15423
2026-01-23 04:45:00,1396.699951171875,1397.0999755859375,1392.800048828125,1394.300048828125,19869
2026-01-23 04:50:00,1394.199951171875,1394.5999755859375,1393.300048828125,1394.5,16819
2026-01-23 04:55:00,1394.0999755859375,1394.9000244140625,1392.5,1394.0,20792
2026-01-23 05:00:00,1394.0999755859375,1397.5,1394.0999755859375,1397.300048828125,23638
2026-01-23 05:05:00,1397.300048828125,1398.0,1396.0,1396.300048828125,15948
2026-01-23 05:10:00,1396.199951171875,1396.199951171875,1393.0,1395.5999755859375,21127
2026-01-23 05:15:00,1394.9000244140625,1396.4000244140625,1394.0,1395.300048828125,14336
2026-01-23 05:20:00,1395.9000244140625,1397.4000244140625,1395.0,1397.0999755859375,19971
2026-01-23 05:25:00,1397.199951171875,1399.300048828125,1396.800048828125,1399.199951171875,23210
2026-01-23 05:30:00,1399.5999755859375,1400.0,1398.0,1398.800048828125,15593
2026-01-23 05:35:00,1398.800048828125,1401.0999755859375,1398.4000244140625,1400.199951171875,22130
2026-01-23 05:40:00,1400.5999755859375,1403.5,1399.300048828125,1400.300048828125,20725
2026-01-23 05:45:00,1400.0,1402.0,1399.5999755859375,1400.5999755859375,8651
2026-01-23 05:50:00,1400.5999755859375,1400.5999755859375,1399.199951171875,1400.0999755859375,13267
2026-01-23 05:55:00,1400.0,1400.300048828125,1399.4000244140625,1399.800048828125,13005
2026-01-23 06:00:00,1400.0,1400.0,1398.9000244140625,1399.4000244140625,14582
2026-01-23 06:05:00,1399.0999755859375,1399.5999755859375,1395.699951171875,1396.4000244140625,18994
2026-01-23 06:10:00,1396.199951171875,1397.199951171875,1395.0999755859375,1395.800048828125,16810
2026-01-23 06:15:00,1396.0,1396.9000244140625,1395.0,1395.0,19732
2026-01-23 06:20:00,1394.5,1397.800048828125,1394.4000244140625,1395.5,15320
2026-01-23 06:25:00,1395.5,1396.199951171875,1391.800048828125,1393.699951171875,15569
2026-01-23 06:30:00,1393.5999755859375,1394.0,1392.0,1393.199951171875,7875
2026-01-23 06:35:00,1392.9000244140625,1393.199951171875,1391.5,1392.199951171875,6948
2026-01-23 06:40:00,1392.4000244140625,1392.9000244140625,1392.0,1392.0999755859375,8561
2026-01-23 06:45:00,1391.9000244140625,1393.300048828125,1388.5,1391.4000244140625,47173
2026-01-23 06:50:00,1391.4000244140625,1392.300048828125,1385.5999755859375,1385.800048828125,53003
2026-01-23 06:55:00,1385.9000244140625,1386.4000244140625,1379.0999755859375,1379.0999755859375,84121
2026-01-23 07:00:00,1379.300048828125,1383.0,1373.699951171875,1382.0,125973
2026-01-23 07:05:00,1382.0999755859375,1383.0,1377.9000244140625,1381.5,81550
2026-01-23 07:10:00,1381.5,1384.699951171875,1379.699951171875,1381.199951171875,41639
2026-01-23 07:15:00,1381.199951171875,1382.0999755859375,1375.4000244140625,1377.4000244140625,84359
2026-01-23 07:20:00,1378.0999755859375,1378.0999755859375,1365.0,1368.5,147989
2026-01-23 07:25:00,1368.5999755859375,1369.300048828125,1353.5999755859375,1353.5999755859375,142709
2026-01-23 07:30:00,1354.0,1359.5999755859375,1350.199951171875,1356.9000244140625,124461
2026-01-23 07:35:00,1356.0,1356.9000244140625,1351.5999755859375,1354.300048828125,40753
2026-01-23 07:40:00,1354.5999755859375,1356.5,1351.4000244140625,1355.199951171875,34911
2026-01-23 07:45:00,1355.699951171875,1355.699951171875,1336.5999755859375,1337.5,143835
2026-01-23 07:50:00,1337.199951171875,1340.4000244140625,1332.9000244140625,1335.0,115586
2026-01-23 07:55:00,1335.5999755859375,1350.0,1335.5999755859375,1346.800048828125,126823
2026-01-23 08:00:00,1346.800048828125,1347.0,1335.300048828125,1337.699951171875,134807
2026-01-23 08:05:00,1338.4000244140625,1339.800048828125,1328.0,1330.199951171875,155895
2026-01-23 08:10:00,1330.699951171875,1336.0999755859375,1326.5,1328.4000244140625,144143
2026-01-23 08:15:00,1327.0,1335.800048828125,1327.0,1330.5,94906
2026-01-23 08:20:00,1330.800048828125,1339.300048828125,1326.199951171875,1338.0999755859375,107321
2026-01-23 08:25:00,1338.9000244140625,1344.0999755859375,1326.5999755859375,1331.300048828125,149443
2026-01-23 08:30:00,1331.300048828125,1331.300048828125,1317.0999755859375,1317.4000244140625,123310
2026-01-23 08:35:00,1316.9000244140625,1317.5,1303.800048828125,1314.0,373043
2026-01-23 08:40:00,1314.199951171875,1315.0,1302.5,1302.699951171875,169620
2026-01-23 08:45:00,1302.0999755859375,1308.699951171875,1295.699951171875,1305.800048828125,266650
2026-01-23 08:50:00,1305.699951171875,1314.800048828125,1303.5,1307.9000244140625,261086
2026-01-23 08:55:00,1308.0,1308.5,1304.0,1308.199951171875,133706
2026-01-23 09:00:00,1308.199951171875,1308.5,1302.699951171875,1307.699951171875,123630
2026-01-23 09:05:00,1307.699951171875,1308.199951171875,1299.4000244140625,1301.699951171875,141740
2026-01-23 09:10:00,1301.699951171875,1309.4000244140625,1301.4000244140625,1305.5999755859375,153471
2026-01-23 09:15:00,1307.199951171875,1308.199951171875,1297.300048828125,1298.5,138750
2026-01-23 09:20:00,1298.0,1314.5,1292.9000244140625,1314.0,283590
2026-01-23 09:25:00,1315.9000244140625,1324.5,1311.5,1318.5999755859375,336921
2026-01-23 09:30:00,1318.5999755859375,1320.5999755859375,1303.5,1303.5,208427
2026-01-23 09:35:00,1303.0,1308.199951171875,1300.5,1307.300048828125,188815
2026-01-23 09:40:00,1307.9000244140625,1311.0,1304.9000244140625,1309.5,175163
2026-01-23 09:45:00,1308.699951171875,1313.9000244140625,1308.5,1310.5,184827
2026-01-23 09:50:00,1310.4000244140625,1312.9000244140625,1305.4000244140625,1310.699951171875,157301
2026-01-23 09:55:00,1310.9000244140625,1314.9000244140625,1306.800048828125,1314.9000244140625,157866
2026-01-27 03:45:00,1328.4000244140625,1343.9000244140625,1328.4000244140625,1331.5,0
2026-01-27 03:50:00,1332.0999755859375,1333.5999755859375,1322.5,1332.800048828125,104891
2026-01-27 03:55:00,1332.5999755859375,1344.4000244140625,1330.5999755859375,1343.800048828125,106476
2026-01-27 04:00:00,1343.800048828125,1347.300048828125,1338.199951171875,1340.800048828125,102894
2026-01-27 04:05:00,1341.0,1349.9000244140625,1340.5,1348.300048828125,83470
2026-01-27 04:10:00,1349.0,1354.5,1348.199951171875,1352.4000244140625,109626
2026-01-27 04:15:00,1352.800048828125,1357.9000244140625,1352.300048828125,1356.9000244140625,87571
2026-01-27 04:20:00,1357.0999755859375,1362.5,1356.0,1361.4000244140625,106677
2026-01-27 04:25:00,1361.699951171875,1362.199951171875,1357.0,1361.9000244140625,106079
2026-01-27 04:30:00,1361.9000244140625,1366.5,1361.9000244140625,1364.199951171875,101546
2026-01-27 04:35:00,1364.4000244140625,1364.5,1360.300048828125,1363.300048828125,53155
2026-01-27 04:40:00,1363.300048828125,1367.5,1359.699951171875,1367.199951171875,69685
2026-01-27 04:45:00,1366.9000244140625,1368.300048828125,1365.0,1366.199951171875,42252
2026-01-27 04:50:00,1366.199951171875,1367.199951171875,1364.0999755859375,1366.5999755859375,27045
2026-01-27 04:55:00,1366.5,1367.800048828125,1364.0,1364.5999755859375,28518
2026-01-27 05:00:00,1365.0999755859375,1367.4000244140625,1362.9000244140625,1367.4000244140625,34921
2026-01-27 05:05:00,1367.5,1368.0,1362.699951171875,1363.800048828125,29354
2026-01-27 05:10:00,1363.5,1363.5,1352.0,1354.300048828125,87256
2026-01-27 05:15:00,1354.199951171875,1355.9000244140625,1352.4000244140625,1355.0,46024
2026-01-27 05:20:00,1355.4000244140625,1355.4000244140625,1345.699951171875,1348.199951171875,63428
2026-01-27 05:25:00,1348.199951171875,1348.9000244140625,1341.0999755859375,1341.4000244140625,52071
2026-01-27 05:30:00,1341.0999755859375,1346.199951171875,1341.0999755859375,1345.300048828125,44943
2026-01-27 05:35:00,1344.800048828125,1345.9000244140625,1340.0,1341.5999755859375,38083
2026-01-27 05:40:00,1342.0999755859375,1344.300048828125,1341.4000244140625,1344.0999755859375,22467
2026-01-27 05:45:00,1344.699951171875,1348.800048828125,1342.5999755859375,1345.5,35299
2026-01-27 05:50:00,1345.800048828125,1346.5999755859375,1343.0999755859375,1343.0999755859375,23020
2026-01-27 05:55:00,1343.0999755859375,1347.5,1342.699951171875,1346.0,13896
2026-01-27 06:00:00,1346.699951171875,1348.0,1346.0999755859375,1347.800048828125,14530
2026-01-27 06:05:00,1349.800048828125,1355.300048828125,1348.5,1351.0,70655
2026-01-27 06:10:00,1351.0,1356.9000244140625,1350.0,1355.199951171875,41305
2026-01-27 06:15:00,1355.5,1357.0,1351.0,1351.0,40749
2026-01-27 06:20:00,1351.4000244140625,1351.5,1345.0,1346.0999755859375,35520
2026-01-27 06:25:00,1346.0999755859375,1349.0999755859375,1345.0,1347.199951171875,13170
2026-01-27 06:30:00,1347.300048828125,1349.0,1346.5999755859375,1347.9000244140625,13725
2026-01-27 06:35:00,1348.5,1349.5,1346.5999755859375,1346.5999755859375,16476
2026-01-27 06:40:00,1347.0,1349.0,1346.699951171875,1347.0,15004
2026-01-27 06:45:00,1347.0,1348.0999755859375,1344.5,1344.9000244140625,13774
2026-01-27 06:50:00,1345.4000244140625,1348.800048828125,1344.199951171875,1347.0999755859375,21727
2026-01-27 06:55:00,1346.5999755859375,1349.0999755859375,1343.199951171875,1343.4000244140625,15976
2026-01-27 07:00:00,1343.0,1346.4000244140625,1342.5999755859375,1345.300048828125,15753
2026-01-27 07:05:00,1345.800048828125,1347.5999755859375,1345.199951171875,1346.4000244140625,10095
2026-01-27 07:10:00,1347.0999755859375,1347.5,1345.5,1347.4000244140625,16254
2026-01-27 07:15:00,1347.4000244140625,1348.5,1344.199951171875,1344.5,16913
2026-01-27 07:20:00,1344.0,1345.5999755859375,1343.0,1345.0999755859375,11684
2026-01-27 07:25:00,1345.0,1345.0,1340.0,1343.4000244140625,25382
2026-01-27 07:30:00,1343.4000244140625,1348.0,1342.300048828125,1348.0,29503
2026-01-27 07:35:00,1348.300048828125,1352.699951171875,1347.4000244140625,1352.4000244140625,30628
2026-01-27 07:40:00,1352.4000244140625,1352.699951171875,1347.5999755859375,1348.699951171875,21752
2026-01-27 07:45:00,1348.800048828125,1351.4000244140625,1348.0999755859375,1349.0,14323
2026-01-27 07:50:00,1349.4000244140625,1349.699951171875,1346.4000244140625,1348.300048828125,14851
2026-01-27 07:55:00,1348.300048828125,1348.300048828125,1345.0999755859375,1348.0,11438
2026-01-27 08:00:00,1348.300048828125,1349.800048828125,1347.0,1347.0999755859375,15366
2026-01-27 08:05:00,1347.0999755859375,1347.4000244140625,1340.0999755859375,1340.5,18085
2026-01-27 08:10:00,1340.5,1343.800048828125,1339.800048828125,1341.4000244140625,35266
2026-01-27 08:15:00,1342.0999755859375,1343.199951171875,1341.0999755859375,1342.0999755859375,15850
2026-01-27 08:20:00,1342.0,1342.9000244140625,1341.0,1342.4000244140625,12127
2026-01-27 08:25:00,1343.0,1347.4000244140625,1342.9000244140625,1347.0,26898
2026-01-27 08:30:00,1347.4000244140625,1348.800048828125,1345.300048828125,1346.4000244140625,74878
2026-01-27 08:35:00,1346.4000244140625,1347.0999755859375,1343.5999755859375,1345.699951171875,45566
2026-01-27 08:40:00,1346.0,1347.5999755859375,1344.300048828125,1345.0,30209
2026-01-27 08:45:00,1345.5,1346.4000244140625,1343.0999755859375,1346.0999755859375,13242
2026-01-27 08:50:00,1346.0999755859375,1347.699951171875,1343.4000244140625,1344.4000244140625,29051
2026-01-27 08:55:00,1344.699951171875,1346.9000244140625,1344.699951171875,1346.699951171875,13409
2026-01-27 09:00:00,1346.5999755859375,1350.0999755859375,1346.0999755859375,1349.9000244140625,24192
2026-01-27 09:05:00,1349.699951171875,1355.5,1349.5,1355.5,52135
2026-01-27 09:10:00,1355.5,1361.199951171875,1355.4000244140625,1359.9000244140625,78356
2026-01-27 09:15:00,1360.300048828125,1363.9000244140625,1359.5999755859375,1363.699951171875,53197
2026-01-27 09:20:00,1363.5,1366.300048828125,1362.800048828125,1366.199951171875,40593
2026-01-27 09:25:00,1366.300048828125,1368.0,1364.5,1365.800048828125,76916
2026-01-27 09:30:00,1365.0999755859375,1365.800048828125,1359.300048828125,1360.9000244140625,151849
2026-01-27 09:35:00,1360.800048828125,1363.199951171875,1360.0999755859375,1362.4000244140625,102438
2026-01-27 09:40:00,1362.5,1364.800048828125,1362.0999755859375,1363.5999755859375,121101
2026-01-27 09:45:00,1363.9000244140625,1365.0,1363.5999755859375,1364.800048828125,137650
2026-01-27 09:50:00,1364.5,1367.300048828125,1364.5,1366.300048828125,152772
2026-01-27 09:55:00,1366.300048828125,1367.4000244140625,1360.4000244140625,1363.9000244140625,0
2026-01-28 03:45:00,1368.0,1377.0,1364.199951171875,1375.800048828125,232281
2026-01-28 03:50:00,1375.4000244140625,1377.300048828125,1371.300048828125,1373.5999755859375,80136
2026-01-28 03:55:00,1373.699951171875,1375.5999755859375,1371.199951171875,1374.0,44872
2026-01-28 04:00:00,1372.5999755859375,1374.9000244140625,1367.699951171875,1367.699951171875,48356
2026-01-28 04:05:00,1367.800048828125,1368.9000244140625,1364.5,1367.699951171875,54463
2026-01-28 04:10:00,1367.4000244140625,1369.699951171875,1366.5,1368.0999755859375,37323
2026-01-28 04:15:00,1368.199951171875,1371.4000244140625,1366.300048828125,1371.199951171875,29108
2026-01-28 04:20:00,1371.5,1382.4000244140625,1370.699951171875,1380.4000244140625,108492
2026-01-28 04:25:00,1381.4000244140625,1382.0999755859375,1378.699951171875,1380.9000244140625,52734
2026-01-28 04:30:00,1380.800048828125,1382.5,1375.5,1376.4000244140625,45683
2026-01-28 04:35:00,1376.4000244140625,1376.5999755859375,1368.0999755859375,1374.199951171875,54876
2026-01-28 04:40:00,1374.300048828125,1377.9000244140625,1372.699951171875,1377.0999755859375,23937
2026-01-28 04:45:00,1377.0999755859375,1379.9000244140625,1375.5,1379.199951171875,20959
2026-01-28 04:50:00,1379.300048828125,1379.9000244140625,1377.199951171875,1378.800048828125,17533
2026-01-28 04:55:00,1378.800048828125,1379.4000244140625,1377.800048828125,1377.9000244140625,11842
2026-01-28 05:00:00,1378.0999755859375,1379.5,1376.699951171875,1377.800048828125,15325
2026-01-28 05:05:00,1377.5999755859375,1381.5,1374.5999755859375,1380.9000244140625,26215
2026-01-28 05:10:00,1380.5,1381.5,1378.699951171875,1379.300048828125,16414
2026-01-28 05:15:00,1379.300048828125,1380.0,1378.699951171875,1379.9000244140625,13364
2026-01-28 05:20:00,1379.5,1383.0,1379.199951171875,1380.4000244140625,27632
2026-01-28 05:25:00,1380.5999755859375,1380.5999755859375,1377.4000244140625,1378.4000244140625,13548
2026-01-28 05:30:00,1378.699951171875,1380.800048828125,1377.0,1380.800048828125,14715
2026-01-28 05:35:00,1380.5,1380.800048828125,1375.5999755859375,1375.800048828125,33102
2026-01-28 05:40:00,1375.800048828125,1377.5999755859375,1375.699951171875,1377.300048828125,14271
2026-01-28 05:45:00,1377.300048828125,1377.4000244140625,1375.0,1375.0,36723
2026-01-28 05:50:00,1374.800048828125,1375.699951171875,1374.300048828125,1375.4000244140625,36556
2026-01-28 05:55:00,1375.199951171875,1377.199951171875,1374.5,1375.800048828125,84412
2026-01-28 06:00:00,1376.0,1378.9000244140625,1375.300048828125,1378.5,19989
2026-01-28 06:05:00,1378.5,1378.5,1374.5999755859375,1376.5999755859375,49178
2026-01-28 06:10:00,1375.800048828125,1377.699951171875,1375.800048828125,1377.699951171875,37936
2026-01-28 06:15:00,1377.699951171875,1380.5,1377.5,1380.300048828125,47682
2026-01-28 06:20:00,1380.0999755859375,1380.800048828125,1379.5,1380.0,58955
2026-01-28 06:25:00,1379.9000244140625,1381.5,1379.699951171875,1380.800048828125,68505
2026-01-28 06:30:00,1380.699951171875,1381.4000244140625,1380.0,1381.4000244140625,12594
2026-01-28 06:35:00,1381.0999755859375,1383.300048828125,1380.800048828125,1381.4000244140625,32524
2026-01-28 06:40:00,1382.0,1382.0,1380.0999755859375,1380.300048828125,10562
2026-01-28 06:45:00,1380.199951171875,1381.9000244140625,1379.5999755859375,1379.5999755859375,14615
2026-01-28 06:50:00,1379.9000244140625,1380.4000244140625,1378.0999755859375,1378.5999755859375,10150
2026-01-28 06:55:00,1378.5,1379.0,1375.0,1375.5,24572
2026-01-28 07:00:00,1375.5999755859375,1377.9000244140625,1375.5999755859375,1377.4000244140625,24630
2026-01-28 07:05:00,1377.5999755859375,1381.5999755859375,1377.5999755859375,1380.4000244140625,22276
2026-01-28 07:10:00,1380.199951171875,1381.0,1379.0999755859375,1380.9000244140625,52478
2026-01-28 07:15:00,1380.9000244140625,1381.699951171875,1380.0,1380.800048828125,36700
2026-01-28 07:20:00,1380.699951171875,1381.9000244140625,1380.0,1380.4000244140625,15615
2026-01-28 07:25:00,1380.800048828125,1381.9000244140625,1380.0,1381.699951171875,11294
2026-01-28 07:30:00,1381.5999755859375,1384.0,1381.199951171875,1382.300048828125,32585
2026-01-28 07:35:00,1382.0999755859375,1382.699951171875,1380.0999755859375,1380.5,11077
2026-01-28 07:40:00,1380.199951171875,1381.5,1380.0,1380.300048828125,13725
2026-01-28 07:45:00,1380.0999755859375,1382.5999755859375,1380.0,1380.5,34666
2026-01-28 07:50:00,1380.300048828125,1380.5999755859375,1375.0,1376.4000244140625,41342
2026-01-28 07:55:00,1376.9000244140625,1376.9000244140625,1374.5,1375.5,45418
2026-01-28 08:00:00,1375.5,1376.4000244140625,1374.5,1375.4000244140625,45855
2026-01-28 08:05:00,1375.300048828125,1376.4000244140625,1374.5,1375.5999755859375,56019
2026-01-28 08:10:00,1375.5999755859375,1376.300048828125,1374.0999755859375,1374.0999755859375,24389
2026-01-28 08:15:00,1373.800048828125,1373.800048828125,1371.5,1371.699951171875,13974
2026-01-28 08:20:00,1371.699951171875,1374.5,1370.300048828125,1373.5,52723
2026-01-28 08:25:00,1373.800048828125,1375.0,1372.5,1374.0,14834
2026-01-28 08:30:00,1373.800048828125,1375.0,1372.800048828125,1373.0,22039
2026-01-28 08:35:00,1373.199951171875,1374.5,1372.800048828125,1373.4000244140625,20192
2026-01-28 08:40:00,1373.199951171875,1374.0,1371.5999755859375,1373.199951171875,20188
2026-01-28 08:45:00,1373.5999755859375,1374.4000244140625,1371.9000244140625,1372.300048828125,25965
2026-01-28 08:50:00,1372.4000244140625,1374.5999755859375,1371.9000244140625,1373.199951171875,21453
2026-01-28 08:55:00,1374.0999755859375,1378.199951171875,1374.0,1378.0,64914
2026-01-28 09:00:00,1377.699951171875,1379.199951171875,1377.5,1378.199951171875,38974
2026-01-28 09:05:00,1378.0999755859375,1379.800048828125,1378.0,1379.0999755859375,45113
2026-01-28 09:10:00,1379.0999755859375,1380.5999755859375,1379.0,1379.0999755859375,73602
2026-01-28 09:15:00,1379.0999755859375,1380.699951171875,1379.0999755859375,1380.5999755859375,17630
2026-01-28 09:20:00,1380.5999755859375,1382.5,1380.5999755859375,1381.9000244140625,35044
2026-01-28 09:25:00,1382.699951171875,1383.9000244140625,1382.0,1382.199951171875,46856
2026-01-28 09:30:00,1382.699951171875,1384.300048828125,1380.9000244140625,1382.4000244140625,72567
2026-01-28 09:35:00,1382.5,1382.5,1379.5999755859375,1380.5999755859375,54842
2026-01-28 09:40:00,1380.5,1381.9000244140625,1380.0,1381.4000244140625,53650
2026-01-28 09:45:00,1381.4000244140625,1382.9000244140625,1380.4000244140625,1380.5,62678
2026-01-28 09:50:00,1380.9000244140625,1382.5,1380.199951171875,1382.0,58830
2026-01-28 09:55:00,1381.9000244140625,1384.0,1378.199951171875,1379.5999755859375,71745
2026-01-29 03:45:00,1378.5,1378.5,1373.0,1375.0,56788
2026-01-29 03:50:00,1375.0,1377.0999755859375,1373.5,1375.9000244140625,17450
2026-01-29 03:55:00,1375.699951171875,1379.5999755859375,1375.4000244140625,1376.699951171875,20232
2026-01-29 04:00:00,1376.5999755859375,1377.5,1375.0,1377.5,11277
2026-01-29 04:05:00,1377.199951171875,1379.5,1376.9000244140625,1379.0,30873
2026-01-29 04:10:00,1379.4000244140625,1382.0,1378.5999755859375,1378.5999755859375,23965
2026-01-29 04:15:00,1378.5,1382.300048828125,1378.5,1382.199951171875,15144
2026-01-29 04:20:00,1383.5,1386.5,1381.699951171875,1381.9000244140625,98398
2026-01-29 04:25:00,1381.5,1387.4000244140625,1381.199951171875,1386.0,62659
2026-01-29 04:30:00,1386.300048828125,1386.4000244140625,1384.0,1385.4000244140625,12119
2026-01-29 04:35:00,1385.0999755859375,1386.0,1382.0999755859375,1382.699951171875,129838
2026-01-29 04:40:00,1382.5,1382.5,1378.5999755859375,1378.699951171875,19780
2026-01-29 04:45:00,1378.5999755859375,1380.300048828125,1377.0,1377.199951171875,21994
2026-01-29 04:50:00,1377.5999755859375,1378.199951171875,1373.300048828125,1377.5,28525
2026-01-29 04:55:00,1377.800048828125,1378.199951171875,1375.0,1375.199951171875,8945
2026-01-29 05:00:00,1375.300048828125,1378.9000244140625,1374.0999755859375,1378.9000244140625,5229
2026-01-29 05:05:00,1378.5999755859375,1380.0,1376.9000244140625,1379.0,12945
2026-01-29 05:10:00,1378.300048828125,1383.4000244140625,1377.300048828125,1380.199951171875,17814
2026-01-29 05:15:00,1379.699951171875,1380.5999755859375,1377.0999755859375,1379.0,8450
2026-01-29 05:20:00,1378.800048828125,1381.9000244140625,1377.9000244140625,1380.800048828125,18491
2026-01-29 05:25:00,1380.699951171875,1381.5,1378.4000244140625,1380.5,9860
2026-01-29 05:30:00,1380.5,1382.0,1380.300048828125,1381.5999755859375,3660
2026-01-29 05:35:00,1381.300048828125,1382.800048828125,1380.4000244140625,1382.0999755859375,10180
2026-01-29 05:40:00,1382.0,1382.300048828125,1380.0,1382.0,7056
2026-01-29 05:45:00,1381.5999755859375,1384.5999755859375,1381.5999755859375,1383.199951171875,12034
2026-01-29 05:50:00,1383.4000244140625,1387.5,1382.5,1384.300048828125,25295
2026-01-29 05:55:00,1384.5999755859375,1384.9000244140625,1381.9000244140625,1383.199951171875,8992
2026-01-29 06:00:00,1382.5999755859375,1383.5,1380.0,1380.4000244140625,8377
2026-01-29 06:05:00,1380.4000244140625,1380.4000244140625,1377.5,1378.9000244140625,10631
2026-01-29 06:10:00,1379.0,1382.4000244140625,1378.699951171875,1380.300048828125,10376
2026-01-29 06:15:00,1380.0999755859375,1384.5,1379.0999755859375,1384.5,16001
2026-01-29 06:20:00,1383.5,1384.699951171875,1382.699951171875,1382.9000244140625,5315
2026-01-29 06:25:00,1382.800048828125,1383.699951171875,1381.800048828125,1382.5999755859375,4647
2026-01-29 06:30:00,1382.800048828125,1384.0,1381.800048828125,1383.5999755859375,8271
2026-01-29 06:35:00,1383.5999755859375,1384.0,1382.5999755859375,1383.9000244140625,10888
2026-01-29 06:40:00,1383.9000244140625,1384.0,1381.0999755859375,1383.0,6498
2026-01-29 06:45:00,1383.0,1383.199951171875,1382.300048828125,1382.5,2865
2026-01-29 06:50:00,1383.0,1385.0,1382.5,1385.0,9086
2026-01-29 06:55:00,1385.0,1389.199951171875,1384.5,1388.699951171875,16842
2026-01-29 07:00:00,1388.9000244140625,1391.0999755859375,1388.0999755859375,1389.300048828125,23701
2026-01-29 07:05:00,1389.300048828125,1389.9000244140625,1386.5999755859375,1387.4000244140625,16861
2026-01-29 07:10:00,1387.300048828125,1387.800048828125,1386.0999755859375,1386.0999755859375,8633
2026-01-29 07:15:00,1385.699951171875,1387.5999755859375,1385.300048828125,1386.800048828125,7263
2026-01-29 07:20:00,1386.5999755859375,1389.0,1386.5999755859375,1388.5999755859375,3280
2026-01-29 07:25:00,1388.0999755859375,1389.300048828125,1387.0,1387.9000244140625,7539
2026-01-29 07:30:00,1387.9000244140625,1390.9000244140625,1387.800048828125,1390.0,10815
2026-01-29 07:35:00,1390.0999755859375,1390.9000244140625,1390.0999755859375,1390.800048828125,3125
2026-01-29 07:40:00,1390.5999755859375,1391.5999755859375,1390.0,1390.5,8052
2026-01-29 07:45:00,1390.5,1390.5,1388.0999755859375,1389.199951171875,4846
2026-01-29 07:50:00,1389.0,1392.5,1387.800048828125,1392.5,20486
2026-01-29 07:55:00,1392.800048828125,1400.699951171875,1392.300048828125,1397.0999755859375,157882
2026-01-29 08:00:00,1397.0,1402.4000244140625,1396.300048828125,1400.199951171875,37798
2026-01-29 08:05:00,1401.0,1403.300048828125,1400.0,1403.300048828125,21196
2026-01-29 08:10:00,1401.9000244140625,1404.699951171875,1401.0,1404.0,34983
2026-01-29 08:15:00,1403.800048828125,1404.4000244140625,1402.300048828125,1403.300048828125,12825
2026-01-29 08:20:00,1403.300048828125,1404.4000244140625,1402.5,1404.0999755859375,10250
2026-01-29 08:25:00,1403.5999755859375,1404.5999755859375,1401.300048828125,1402.0,13789
2026-01-29 08:30:00,1401.800048828125,1402.9000244140625,1398.5999755859375,1398.699951171875,11766
2026-01-29 08:35:00,1398.300048828125,1399.0999755859375,1395.4000244140625,1395.699951171875,25925
2026-01-29 08:40:00,1395.699951171875,1400.800048828125,1395.699951171875,1399.9000244140625,20230
2026-01-29 08:45:00,1399.4000244140625,1400.199951171875,1397.9000244140625,1398.300048828125,5935
2026-01-29 08:50:00,1397.9000244140625,1399.300048828125,1397.699951171875,1399.300048828125,6883
2026-01-29 08:55:00,1399.300048828125,1401.5,1399.0,1401.0999755859375,10372
2026-01-29 09:00:00,1401.5,1404.0,1401.5,1403.5999755859375,24503
2026-01-29 09:05:00,1403.300048828125,1403.5999755859375,1401.699951171875,1402.300048828125,12415
2026-01-29 09:10:00,1403.0,1403.0,1401.5,1402.0,6887
2026-01-29 09:15:00,1401.699951171875,1404.0,1401.699951171875,1403.5,16832
2026-01-29 09:20:00,1403.300048828125,1403.9000244140625,1401.4000244140625,1402.4000244140625,13192
2026-01-29 09:25:00,1401.699951171875,1403.0,1400.5,1402.5999755859375,9271
2026-01-29 09:30:00,1404.0,1410.0999755859375,1404.0,1410.0,429408
2026-01-29 09:35:00,1410.0999755859375,1418.300048828125,1409.9000244140625,1416.300048828125,454116
2026-01-29 09:40:00,1416.699951171875,1418.699951171875,1416.0,1417.0999755859375,393193
2026-01-29 09:45:00,1417.4000244140625,1419.0,1415.199951171875,1416.699951171875,411154
2026-01-29 09:50:00,1416.800048828125,1428.9000244140625,1416.0999755859375,1427.800048828125,584171
2026-01-29 09:55:00,1427.9000244140625,1428.0999755859375,1415.0,1417.800048828125,0
2026-01-30 03:45:00,1415.0,1416.9000244140625,1409.199951171875,1416.199951171875,69447
2026-01-30 03:50:00,1416.5,1416.5,1410.0,1415.699951171875,75376
2026-01-30 03:55:00,1415.699951171875,1422.0,1415.699951171875,1418.0,46465
2026-01-30 04:00:00,1418.199951171875,1424.800048828125,1418.199951171875,1422.699951171875,52451
2026-01-30 04:05:00,1422.699951171875,1423.699951171875,1418.9000244140625,1418.9000244140625,32651
2026-01-30 04:10:00,1418.5,1421.800048828125,1417.5,1421.4000244140625,22276
2026-01-30 04:15:00,1421.4000244140625,1421.4000244140625,1417.9000244140625,1420.4000244140625,21080
2026-01-30 04:20:00,1420.4000244140625,1420.4000244140625,1418.0,1419.9000244140625,16616
2026-01-30 04:25:00,1419.699951171875,1420.0,1416.0999755859375,1419.300048828125,25905
2026-01-30 04:30:00,1419.300048828125,1421.800048828125,1418.0,1419.4000244140625,16231
2026-01-30 04:35:00,1419.699951171875,1422.0,1419.4000244140625,1420.199951171875,22180
2026-01-30 04:40:00,1420.699951171875,1422.5,1420.4000244140625,1422.4000244140625,7134
2026-01-30 04:45:00,1422.4000244140625,1423.4000244140625,1421.5999755859375,1422.0999755859375,8162
2026-01-30 04:50:00,1421.699951171875,1422.4000244140625,1420.300048828125,1422.4000244140625,16511
2026-01-30 04:55:00,1422.0999755859375,1422.9000244140625,1420.5999755859375,1422.0999755859375,8967
2026-01-30 05:00:00,1422.0999755859375,1424.0,1421.5,1424.0,17572
2026-01-30 05:05:00,1424.0,1424.800048828125,1423.5999755859375,1424.800048828125,8913
2026-01-30 05:10:00,1424.5,1426.5999755859375,1424.0,1425.699951171875,20382
2026-01-30 05:15:00,1425.5999755859375,1426.9000244140625,1421.9000244140625,1422.300048828125,25925
2026-01-30 05:20:00,1422.300048828125,1423.800048828125,1421.800048828125,1423.699951171875,5640
2026-01-30 05:25:00,1423.699951171875,1424.5,1423.300048828125,1424.300048828125,4648
2026-01-30 05:30:00,1424.300048828125,1425.9000244140625,1423.9000244140625,1425.0,10246
2026-01-30 05:35:00,1424.9000244140625,1425.300048828125,1423.0,1423.0,11322
2026-01-30 05:40:00,1423.0,1424.5,1421.699951171875,1423.800048828125,10487
2026-01-30 05:45:00,1423.5999755859375,1424.199951171875,1423.0999755859375,1423.800048828125,4027
2026-01-30 05:50:00,1423.9000244140625,1426.4000244140625,1423.5999755859375,1426.4000244140625,10031
2026-01-30 05:55:00,1425.9000244140625,1428.300048828125,1425.9000244140625,1427.4000244140625,13975
2026-01-30 06:00:00,1427.0999755859375,1427.4000244140625,1423.699951171875,1424.199951171875,14640
2026-01-30 06:05:00,1424.199951171875,1424.699951171875,1421.9000244140625,1423.0,13924
2026-01-30 06:10:00,1423.199951171875,1423.5,1422.199951171875,1422.5,5209
2026-01-30 06:15:00,1422.199951171875,1422.9000244140625,1421.699951171875,1422.199951171875,5404
2026-01-30 06:20:00,1422.4000244140625,1423.9000244140625,1421.9000244140625,1423.5999755859375,8791
2026-01-30 06:25:00,1423.699951171875,1423.9000244140625,1416.199951171875,1416.699951171875,35172
2026-01-30 06:30:00,1417.0999755859375,1418.9000244140625,1416.4000244140625,1418.800048828125,20893
2026-01-30 06:35:00,1418.800048828125,1419.800048828125,1418.0999755859375,1418.199951171875,11685
2026-01-30 06:40:00,1418.5999755859375,1420.0,1418.0,1419.800048828125,12148
2026-01-30 06:45:00,1419.9000244140625,1420.0,1417.199951171875,1418.0999755859375,13281
2026-01-30 06:50:00,1418.5999755859375,1422.4000244140625,1418.5999755859375,1422.0,11203
2026-01-30 06:55:00,1422.0,1423.5999755859375,1421.699951171875,1423.4000244140625,6052
2026-01-30 07:00:00,1423.4000244140625,1424.5999755859375,1423.0999755859375,1423.0999755859375,12704
2026-01-30 07:05:00,1423.0999755859375,1423.800048828125,1421.4000244140625,1421.699951171875,7273
2026-01-30 07:10:00,1421.699951171875,1422.4000244140625,1420.300048828125,1420.5999755859375,7409
2026-01-30 07:15:00,1420.5999755859375,1421.4000244140625,1418.0999755859375,1418.5999755859375,19089
2026-01-30 07:20:00,1418.5999755859375,1419.5,1418.4000244140625,1419.0,6445
2026-01-30 07:25:00,1419.0,1419.300048828125,1418.199951171875,1418.9000244140625,9023
2026-01-30 07:30:00,1419.0999755859375,1419.300048828125,1417.300048828125,1417.300048828125,18582
2026-01-30 07:35:00,1416.9000244140625,1418.300048828125,1415.0,1415.5,80817
2026-01-30 07:40:00,1415.5,1417.699951171875,1415.199951171875,1417.199951171875,71241
2026-01-30 07:45:00,1416.5999755859375,1417.800048828125,1415.199951171875,1417.800048828125,63477
2026-01-30 07:50:00,1417.699951171875,1418.4000244140625,1417.5,1418.0,8739
2026-01-30 07:55:00,1418.0999755859375,1418.4000244140625,1417.699951171875,1418.0999755859375,3929
2026-01-30 08:00:00,1417.9000244140625,1421.0,1417.9000244140625,1419.699951171875,55075
2026-01-30 08:05:00,1420.300048828125,1420.699951171875,1419.0999755859375,1419.800048828125,4605
2026-01-30 08:10:00,1419.5999755859375,1423.5,1419.5999755859375,1423.5,17469
2026-01-30 08:15:00,1423.300048828125,1423.5999755859375,1421.699951171875,1422.5,8019
2026-01-30 08:20:00,1422.5,1423.699951171875,1422.5,1423.699951171875,12390
2026-01-30 08:25:00,1423.699951171875,1424.9000244140625,1422.5999755859375,1423.5,12161
2026-01-30 08:30:00,1423.300048828125,1424.5,1417.800048828125,1422.5,10690
2026-01-30 08:35:00,1422.5,1424.0,1422.4000244140625,1423.0,12995
2026-01-30 08:40:00,1423.0,1423.4000244140625,1421.300048828125,1422.300048828125,7491
2026-01-30 08:45:00,1422.5,1424.800048828125,1422.199951171875,1424.0999755859375,8629
2026-01-30 08:50:00,1423.300048828125,1424.0999755859375,1421.800048828125,1422.9000244140625,13277
2026-01-30 08:55:00,1422.5999755859375,1422.699951171875,1418.4000244140625,1418.9000244140625,22044
2026-01-30 09:00:00,1418.4000244140625,1419.9000244140625,1418.199951171875,1418.5999755859375,7857
2026-01-30 09:05:00,1418.5999755859375,1420.0,1417.800048828125,1418.5,57724
2026-01-30 09:10:00,1418.0,1418.0999755859375,1413.0,1413.300048828125,32985
2026-01-30 09:15:00,1413.0999755859375,1415.699951171875,1410.5999755859375,1415.0,51725
2026-01-30 09:20:00,1415.0,1417.199951171875,1415.0,1416.5999755859375,29927
2026-01-30 09:25:00,1416.699951171875,1417.9000244140625,1414.0999755859375,1415.9000244140625,41628
2026-01-30 09:30:00,1417.4000244140625,1419.699951171875,1416.5999755859375,1419.4000244140625,94473
2026-01-30 09:35:00,1419.4000244140625,1422.5,1419.0,1419.0,134469
2026-01-30 09:40:00,1419.5,1420.5,1417.199951171875,1418.699951171875,128663
2026-01-30 09:45:00,1418.9000244140625,1422.300048828125,1418.9000244140625,1421.5999755859375,125947
2026-01-30 09:50:00,1421.699951171875,1422.5,1417.0999755859375,1418.5,189838
2026-01-30 09:55:00,1418.699951171875,1420.300048828125,1416.0,1419.800048828125,95385
2026-02-03 03:45:00,1517.5999755859375,1517.5999755859375,1491.300048828125,1500.0999755859375,1130199
2026-02-03 03:50:00,1500.300048828125,1509.0,1500.0,1500.5999755859375,538394
2026-02-03 03:55:00,1500.199951171875,1510.300048828125,1500.0999755859375,1510.300048828125,390907
2026-02-03 04:00:00,1511.0999755859375,1519.9000244140625,1505.5,1506.0999755859375,541996
2026-02-03 04:05:00,1507.0,1513.699951171875,1500.0999755859375,1513.0,267054
2026-02-03 04:10:00,1513.5,1517.0,1496.699951171875,1496.699951171875,429409
2026-02-03 04:15:00,1496.699951171875,1508.5999755859375,1493.0,1507.800048828125,757171
2026-02-03 04:20:00,1507.5999755859375,1510.800048828125,1501.5,1504.699951171875,178519
2026-02-03 04:25:00,1505.0999755859375,1509.199951171875,1503.699951171875,1504.4000244140625,172818
2026-02-03 04:30:00,1504.0999755859375,1509.5,1503.5999755859375,1505.0,111645
2026-02-03 04:35:00,1505.0,1507.0999755859375,1500.0,1505.0,134294
2026-02-03 04:40:00,1505.0999755859375,1505.0999755859375,1500.0,1502.300048828125,157057
2026-02-03 04:45:00,1503.199951171875,1508.5999755859375,1502.800048828125,1506.0,98891
2026-02-03 04:50:00,1506.300048828125,1511.0,1503.5,1511.0,116508
2026-02-03 04:55:00,1510.9000244140625,1510.9000244140625,1505.5,1505.5,70943
2026-02-03 05:00:00,1505.800048828125,1508.699951171875,1504.0,1507.300048828125,89684
2026-02-03 05:05:00,1507.699951171875,1510.9000244140625,1506.800048828125,1510.5999755859375,106648
2026-02-03 05:10:00,1510.9000244140625,1511.0,1502.5,1503.0999755859375,151000
2026-02-03 05:15:00,1503.0,1505.0999755859375,1502.0,1504.9000244140625,84145
2026-02-03 05:20:00,1504.9000244140625,1507.800048828125,1504.0,1505.0999755859375,122227
2026-02-03 05:25:00,1505.699951171875,1508.5,1504.300048828125,1508.0,51638
2026-02-03 05:30:00,1508.0,1511.0,1506.0999755859375,1508.0,127396
2026-02-03 05:35:00,1507.4000244140625,1507.9000244140625,1504.0999755859375,1506.5999755859375,32754
2026-02-03 05:40:00,1506.5,1507.199951171875,1505.199951171875,1505.800048828125,30364
2026-02-03 05:45:00,1505.800048828125,1508.5999755859375,1503.5,1507.5,73399
2026-02-03 05:50:00,1508.0,1508.0,1504.800048828125,1505.800048828125,59582
2026-02-03 05:55:00,1505.800048828125,1509.0,1504.5,1506.5999755859375,71660
2026-02-03 06:00:00,1507.0,1511.0,1507.0,1510.5999755859375,117168
2026-02-03 06:05:00,1510.9000244140625,1511.0,1508.800048828125,1511.0,124941
2026-02-03 06:10:00,1510.9000244140625,1513.0999755859375,1509.300048828125,1511.300048828125,74708
2026-02-03 06:15:00,1511.300048828125,1514.5,1505.4000244140625,1508.5,68270
2026-02-03 06:20:00,1508.800048828125,1510.800048828125,1506.300048828125,1506.4000244140625,71576
2026-02-03 06:25:00,1506.5999755859375,1510.0,1506.0,1509.5,25165
2026-02-03 06:30:00,1509.800048828125,1514.5,1509.0,1514.5,42108
2026-02-03 06:35:00,1514.5999755859375,1518.4000244140625,1514.300048828125,1518.0,114576
2026-02-03 06:40:00,1517.800048828125,1519.800048828125,1516.0,1516.5999755859375,98631
2026-02-03 06:45:00,1516.5999755859375,1521.5999755859375,1516.0,1519.800048828125,180027
2026-02-03 06:50:00,1520.0,1524.0,1520.0,1522.699951171875,80309
2026-02-03 06:55:00,1522.699951171875,1523.9000244140625,1522.199951171875,1523.4000244140625,61925
2026-02-03 07:00:00,1522.9000244140625,1523.0,1517.300048828125,1517.300048828125,62717
2026-02-03 07:05:00,1517.699951171875,1518.0999755859375,1512.199951171875,1514.800048828125,73932
2026-02-03 07:10:00,1515.0,1516.800048828125,1511.5999755859375,1516.800048828125,83564
2026-02-03 07:15:00,1517.0,1517.0,1508.0999755859375,1509.4000244140625,116144
2026-02-03 07:20:00,1508.800048828125,1513.4000244140625,1508.699951171875,1513.300048828125,73997
2026-02-03 07:25:00,1513.9000244140625,1514.5,1511.5,1513.9000244140625,32047
2026-02-03 07:30:00,1513.9000244140625,1514.0,1511.9000244140625,1513.800048828125,32280
2026-02-03 07:35:00,1513.5,1517.5,1513.4000244140625,1515.5999755859375,167802
2026-02-03 07:40:00,1515.199951171875,1516.5,1514.9000244140625,1515.0,111547
2026-02-03 07:45:00,1515.0,1516.199951171875,1501.9000244140625,1513.0,195096
2026-02-03 07:50:00,1512.300048828125,1517.5999755859375,1505.9000244140625,1515.0,176735
2026-02-03 07:55:00,1515.300048828125,1520.300048828125,1514.0,1518.0,178245
2026-02-03 08:00:00,1519.0,1520.0,1512.300048828125,1516.5,87036
2026-02-03 08:05:00,1516.5,1523.5,1514.0,1522.4000244140625,162759
2026-02-03 08:10:00,1522.0,1526.5,1521.4000244140625,1524.0,227529
2026-02-03 08:15:00,1524.300048828125,1528.0,1520.0,1526.699951171875,139534
2026-02-03 08:20:00,1526.0,1536.9000244140625,1524.300048828125,1534.199951171875,251744
2026-02-03 08:25:00,1534.199951171875,1537.0,1529.5999755859375,1531.5,157617
2026-02-03 08:30:00,1531.4000244140625,1534.0,1529.0,1530.300048828125,220763
2026-02-03 08:35:00,1530.699951171875,1535.800048828125,1529.9000244140625,1531.5,160857
2026-02-03 08:40:00,1531.5999755859375,1532.5999755859375,1525.5,1526.199951171875,140083
2026-02-03 08:45:00,1526.199951171875,1528.800048828125,1526.0999755859375,1528.199951171875,50662
2026-02-03 08:50:00,1528.5,1530.800048828125,1526.0,1528.4000244140625,174523
2026-02-03 08:55:00,1528.699951171875,1531.0,1527.0999755859375,1529.0999755859375,62711
2026-02-03 09:00:00,1529.0999755859375,1531.0,1526.4000244140625,1527.199951171875,72532
2026-02-03 09:05:00,1527.0999755859375,1531.5,1527.0999755859375,1528.800048828125,95513
2026-02-03 09:10:00,1525.5999755859375,1531.0,1524.5999755859375,1530.300048828125,103477
2026-02-03 09:15:00,1529.0999755859375,1530.9000244140625,1527.0,1527.0999755859375,82379
2026-02-03 09:20:00,1527.0999755859375,1529.800048828125,1526.300048828125,1529.300048828125,63163
2026-02-03 09:25:00,1530.4000244140625,1531.5,1529.699951171875,1530.0,204919
2026-02-03 09:30:00,1530.0,1530.9000244140625,1525.199951171875,1530.0,279671
2026-02-03 09:35:00,1530.0999755859375,1530.800048828125,1529.5,1529.699951171875,186353
2026-02-03 09:40:00,1530.0999755859375,1533.699951171875,1529.5,1532.0999755859375,173314
2026-02-03 09:45:00,1532.9000244140625,1535.0,1532.0,1532.0,134016
2026-02-03 09:50:00,1532.300048828125,1532.300048828125,1530.0,1532.199951171875,124674
2026-02-03 09:55:00,1532.300048828125,1534.0,1530.0,1530.0,160102
2026-02-04 03:45:00,1517.9000244140625,1543.5,1517.9000244140625,1540.5,0
2026-02-04 03:50:00,1540.800048828125,1545.5999755859375,1537.300048828125,1537.4000244140625,150505
2026-02-04 03:55:00,1536.4000244140625,1539.699951171875,1524.800048828125,1525.9000244140625,159404
2026-02-04 04:00:00,1525.4000244140625,1537.0999755859375,1525.4000244140625,1533.0,85718
2026-02-04 04:05:00,1532.5999755859375,1535.0,1530.5999755859375,1533.5,72520
2026-02-04 04:10:00,1533.300048828125,1538.0,1532.800048828125,1535.300048828125,50497
2026-02-04 04:15:00,1535.5999755859375,1535.5999755859375,1530.800048828125,1534.5,44651
2026-02-04 04:20:00,1534.5,1534.5,1530.0999755859375,1533.0,60769
2026-02-04 04:25:00,1533.0,1538.9000244140625,1532.0999755859375,1538.0,51012
2026-02-04 04:30:00,1538.0,1538.4000244140625,1533.5,1535.4000244140625,29551
2026-02-04 04:35:00,1535.300048828125,1537.5,1535.0,1535.5,21425
2026-02-04 04:40:00,1536.0999755859375,1536.9000244140625,1533.5,1534.300048828125,34582
2026-02-04 04:45:00,1534.300048828125,1536.0,1533.0,1533.699951171875,13293
2026-02-04 04:50:00,1533.4000244140625,1536.300048828125,1532.199951171875,1532.4000244140625,74206
2026-02-04 04:55:00,1531.9000244140625,1534.5999755859375,1531.5,1532.699951171875,47710
2026-02-04 05:00:00,1532.199951171875,1534.5,1531.4000244140625,1534.300048828125,18061
2026-02-04 05:05:00,1534.300048828125,1534.9000244140625,1530.5999755859375,1532.800048828125,48769
2026-02-04 05:10:00,1533.0,1533.0,1526.4000244140625,1528.0,70763
2026-02-04 05:15:00,1527.9000244140625,1528.199951171875,1525.0999755859375,1526.199951171875,46167
2026-02-04 05:20:00,1526.199951171875,1526.699951171875,1518.300048828125,1518.699951171875,88007
2026-02-04 05:25:00,1517.5999755859375,1519.4000244140625,1515.5,1518.699951171875,53783
2026-02-04 05:30:00,1518.800048828125,1519.9000244140625,1517.699951171875,1519.699951171875,28215
2026-02-04 05:35:00,1519.699951171875,1522.300048828125,1519.4000244140625,1521.4000244140625,39091
2026-02-04 05:40:00,1521.4000244140625,1525.0,1520.0,1525.0,58995
2026-02-04 05:45:00,1525.0,1527.800048828125,1524.800048828125,1527.5,61448
2026-02-04 05:50:00,1527.5,1531.800048828125,1525.5,1525.800048828125,80177
2026-02-04 05:55:00,1525.5999755859375,1528.5999755859375,1525.0,1528.5999755859375,41603
2026-02-04 06:00:00,1529.300048828125,1530.0,1525.800048828125,1529.0999755859375,56861
2026-02-04 06:05:00,1528.4000244140625,1532.300048828125,1526.0999755859375,1529.0999755859375,95050
2026-02-04 06:10:00,1529.5,1531.800048828125,1528.9000244140625,1530.0,151060
2026-02-04 06:15:00,1530.0,1533.9000244140625,1527.5,1533.300048828125,84765
2026-02-04 06:20:00,1532.9000244140625,1534.800048828125,1528.5,1533.9000244140625,102275
2026-02-04 06:25:00,1533.199951171875,1537.300048828125,1531.4000244140625,1535.9000244140625,61266
2026-02-04 06:30:00,1536.300048828125,1539.9000244140625,1532.199951171875,1532.800048828125,80873
2026-02-04 06:35:00,1532.800048828125,1538.300048828125,1532.0999755859375,1535.4000244140625,129862
2026-02-04 06:40:00,1535.4000244140625,1546.699951171875,1535.300048828125,1544.699951171875,210916
2026-02-04 06:45:00,1545.0,1548.0,1542.300048828125,1548.0,200121
2026-02-04 06:50:00,1548.0,1551.4000244140625,1542.0,1543.0999755859375,203009
2026-02-04 06:55:00,1543.4000244140625,1547.800048828125,1541.0999755859375,1542.0,77488
2026-02-04 07:00:00,1541.5999755859375,1542.9000244140625,1538.0,1542.9000244140625,107082
2026-02-04 07:05:00,1542.699951171875,1546.0,1540.0999755859375,1545.800048828125,51881
2026-02-04 07:10:00,1545.800048828125,1550.699951171875,1543.699951171875,1549.5,391922
2026-02-04 07:15:00,1549.9000244140625,1550.0,1548.0,1549.300048828125,34432
2026-02-04 07:20:00,1549.0999755859375,1549.5,1546.4000244140625,1548.5,35735
2026-02-04 07:25:00,1548.199951171875,1550.699951171875,1545.199951171875,1545.4000244140625,69637
2026-02-04 07:30:00,1545.9000244140625,1548.5,1545.0999755859375,1548.4000244140625,32195
2026-02-04 07:35:00,1548.4000244140625,1549.699951171875,1548.199951171875,1549.300048828125,23810
2026-02-04 07:40:00,1549.199951171875,1553.800048828125,1549.0999755859375,1553.199951171875,72674
2026-02-04 07:45:00,1553.199951171875,1553.5,1551.9000244140625,1553.0,29737
2026-02-04 07:50:00,1553.0,1553.699951171875,1552.0999755859375,1552.4000244140625,37336
2026-02-04 07:55:00,1552.5999755859375,1554.9000244140625,1552.5,1554.800048828125,40152
2026-02-04 08:00:00,1555.0,1556.199951171875,1552.0999755859375,1553.4000244140625,94134
2026-02-04 08:05:00,1553.4000244140625,1555.0,1553.0999755859375,1555.0,28074
2026-02-04 08:10:00,1555.0,1555.0,1553.5,1554.0999755859375,28048
2026-02-04 08:15:00,1554.0,1555.0,1553.5,1554.9000244140625,35903
2026-02-04 08:20:00,1555.0,1556.300048828125,1554.4000244140625,1556.199951171875,35353
2026-02-04 08:25:00,1556.4000244140625,1556.4000244140625,1554.4000244140625,1555.4000244140625,32538
2026-02-04 08:30:00,1555.5,1555.5,1553.0,1554.800048828125,27944
2026-02-04 08:35:00,1554.800048828125,1555.199951171875,1554.0,1554.300048828125,30259
2026-02-04 08:40:00,1554.300048828125,1555.800048828125,1554.0999755859375,1554.300048828125,30222
2026-02-04 08:45:00,1554.300048828125,1561.5999755859375,1554.300048828125,1560.800048828125,151663
2026-02-04 08:50:00,1560.699951171875,1565.0,1560.5,1564.0,113729
2026-02-04 08:55:00,1564.300048828125,1565.9000244140625,1561.0,1565.0,58663
2026-02-04 09:00:00,1565.0999755859375,1566.4000244140625,1563.4000244140625,1565.5999755859375,68942
2026-02-04 09:05:00,1565.5999755859375,1571.4000244140625,1564.5999755859375,1569.4000244140625,95177
2026-02-04 09:10:00,1570.0,1571.800048828125,1565.0,1570.5,355771
2026-02-04 09:15:00,1570.5,1571.0999755859375,1567.199951171875,1569.5,136685
2026-02-04 09:20:00,1569.4000244140625,1569.4000244140625,1564.0,1566.699951171875,93639
2026-02-04 09:25:00,1566.5,1566.800048828125,1562.199951171875,1565.5,125833
2026-02-04 09:30:00,1565.5,1568.0999755859375,1565.5,1566.0999755859375,88076
2026-02-04 09:35:00,1566.0999755859375,1566.5999755859375,1563.0999755859375,1566.300048828125,91990
2026-02-04 09:40:00,1566.5999755859375,1567.199951171875,1565.0,1566.300048828125,111175
2026-02-04 09:45:00,1565.699951171875,1568.300048828125,1565.699951171875,1566.5999755859375,106580
2026-02-04 09:50:00,1567.300048828125,1572.0999755859375,1565.199951171875,1566.699951171875,191133
2026-02-04 09:55:00,1566.699951171875,1570.5,1564.4000244140625,1565.699951171875,253346
2026-02-05 03:45:00,1569.5999755859375,1570.0,1557.0,1558.0,0
2026-02-05 03:50:00,1557.800048828125,1563.0,1557.199951171875,1560.0,74623
2026-02-05 03:55:00,1559.699951171875,1563.5,1559.0,1563.5,42765
2026-02-05 04:00:00,1563.0,1566.9000244140625,1562.699951171875,1564.9000244140625,49552
2026-02-05 04:05:00,1565.0,1565.5,1560.5,1563.0,42314
2026-02-05 04:10:00,1563.0999755859375,1563.800048828125,1558.4000244140625,1559.300048828125,55407
2026-02-05 04:15:00,1558.0,1559.0999755859375,1556.199951171875,1558.5,48289
2026-02-05 04:20:00,1558.5,1559.5999755859375,1557.0,1558.9000244140625,28737
2026-02-05 04:25:00,1558.800048828125,1558.9000244140625,1553.4000244140625,1554.0999755859375,32729
2026-02-05 04:30:00,1553.9000244140625,1554.0,1550.699951171875,1551.0,26688
2026-02-05 04:35:00,1551.0,1551.300048828125,1548.5999755859375,1549.5999755859375,25894
2026-02-05 04:40:00,1550.0,1552.5,1549.699951171875,1552.199951171875,11217
2026-02-05 04:45:00,1552.199951171875,1554.0,1550.5999755859375,1552.699951171875,16708
2026-02-05 04:50:00,1552.800048828125,1557.699951171875,1552.5,1557.199951171875,16430
2026-02-05 04:55:00,1557.199951171875,1563.5,1556.5999755859375,1563.199951171875,57523
2026-02-05 05:00:00,1562.5999755859375,1565.9000244140625,1561.300048828125,1564.0999755859375,175457
2026-02-05 05:05:00,1564.0,1564.4000244140625,1562.199951171875,1563.0,38044
2026-02-05 05:10:00,1563.0,1565.0,1562.0,1564.0,31424
2026-02-05 05:15:00,1564.5,1565.0,1562.0,1564.199951171875,104987
2026-02-05 05:20:00,1564.5,1564.5,1561.800048828125,1563.699951171875,71671
2026-02-05 05:25:00,1563.5999755859375,1563.5999755859375,1561.199951171875,1561.699951171875,13660
2026-02-05 05:30:00,1561.4000244140625,1568.199951171875,1560.699951171875,1568.199951171875,141808
2026-02-05 05:35:00,1567.9000244140625,1570.0,1565.199951171875,1565.699951171875,58374
2026-02-05 05:40:00,1565.699951171875,1568.0,1565.0999755859375,1567.199951171875,10886
2026-02-05 05:45:00,1567.199951171875,1567.199951171875,1562.4000244140625,1562.5999755859375,44752
2026-02-05 05:50:00,1563.0999755859375,1563.5,1562.5999755859375,1562.699951171875,6089
2026-02-05 05:55:00,1562.5,1565.699951171875,1562.5,1564.800048828125,7092
2026-02-05 06:00:00,1565.0,1565.0,1562.5999755859375,1562.9000244140625,55115
2026-02-05 06:05:00,1563.300048828125,1565.300048828125,1562.300048828125,1565.199951171875,65258
2026-02-05 06:10:00,1565.0999755859375,1566.800048828125,1564.5999755859375,1564.5999755859375,7215
2026-02-05 06:15:00,1564.800048828125,1564.9000244140625,1562.300048828125,1562.300048828125,52925
2026-02-05 06:20:00,1562.699951171875,1563.0,1557.300048828125,1558.0,28113
2026-02-05 06:25:00,1558.0,1561.0999755859375,1557.0,1560.9000244140625,29725
2026-02-05 06:30:00,1560.800048828125,1562.0,1559.5999755859375,1559.699951171875,35441
2026-02-05 06:35:00,1560.0,1561.4000244140625,1558.4000244140625,1560.199951171875,126175
2026-02-05 06:40:00,1559.9000244140625,1561.0,1559.0,1559.9000244140625,18676
2026-02-05 06:45:00,1559.699951171875,1560.699951171875,1558.5999755859375,1560.0,31100
2026-02-05 06:50:00,1560.0999755859375,1560.199951171875,1558.0,1559.699951171875,23380
2026-02-05 06:55:00,1559.5999755859375,1561.5,1558.699951171875,1560.5999755859375,10666
2026-02-05 07:00:00,1560.4000244140625,1561.800048828125,1560.0,1561.0,6961
2026-02-05 07:05:00,1561.0999755859375,1565.0999755859375,1560.5999755859375,1564.0999755859375,28305
2026-02-05 07:10:00,1564.5999755859375,1565.0999755859375,1563.699951171875,1564.4000244140625,13873
2026-02-05 07:15:00,1564.4000244140625,1564.5999755859375,1563.5,1563.9000244140625,6050
2026-02-05 07:20:00,1563.4000244140625,1565.800048828125,1563.4000244140625,1564.5999755859375,8998
2026-02-05 07:25:00,1565.199951171875,1565.9000244140625,1563.0999755859375,1565.699951171875,6268
2026-02-05 07:30:00,1565.699951171875,1565.699951171875,1564.5999755859375,1565.5,5725
2026-02-05 07:35:00,1565.5,1568.0,1565.5,1567.5999755859375,15106
2026-02-05 07:40:00,1567.5999755859375,1574.199951171875,1567.300048828125,1572.4000244140625,62379
2026-02-05 07:45:00,1572.4000244140625,1574.0,1572.199951171875,1573.0999755859375,15908
2026-02-05 07:50:00,1573.4000244140625,1577.699951171875,1573.4000244140625,1574.4000244140625,82291
2026-02-05 07:55:00,1574.199951171875,1575.0,1573.0,1573.800048828125,17653
2026-02-05 08:00:00,1573.699951171875,1575.0,1573.699951171875,1574.5999755859375,8690
2026-02-05 08:05:00,1574.5999755859375,1575.699951171875,1569.4000244140625,1569.800048828125,54886
2026-02-05 08:10:00,1570.0,1570.4000244140625,1566.4000244140625,1567.0,20704
2026-02-05 08:15:00,1566.800048828125,1567.9000244140625,1564.300048828125,1565.699951171875,164334
2026-02-05 08:20:00,1565.5999755859375,1565.699951171875,1564.199951171875,1565.199951171875,16723
2026-02-05 08:25:00,1565.4000244140625,1565.9000244140625,1563.4000244140625,1564.5999755859375,14000
2026-02-05 08:30:00,1564.5999755859375,1566.5999755859375,1562.800048828125,1562.800048828125,31080
2026-02-05 08:35:00,1562.800048828125,1564.5,1558.800048828125,1560.4000244140625,79447
2026-02-05 08:40:00,1560.4000244140625,1564.300048828125,1556.0,1563.5,247918
2026-02-05 08:45:00,1563.199951171875,1565.199951171875,1562.5,1563.4000244140625,26183
2026-02-05 08:50:00,1563.0999755859375,1564.9000244140625,1562.800048828125,1564.699951171875,12428
2026-02-05 08:55:00,1564.300048828125,1568.9000244140625,1563.5,1568.0,36341
2026-02-05 09:00:00,1568.0999755859375,1574.9000244140625,1567.0,1574.9000244140625,32137
2026-02-05 09:05:00,1574.9000244140625,1576.0999755859375,1573.5,1573.5,43120
2026-02-05 09:10:00,1573.800048828125,1574.5,1572.0,1573.800048828125,38119
2026-02-05 09:15:00,1573.5999755859375,1574.0,1571.5,1572.800048828125,15333
2026-02-05 09:20:00,1572.800048828125,1573.800048828125,1571.699951171875,1573.4000244140625,9677
2026-02-05 09:25:00,1574.199951171875,1576.9000244140625,1574.199951171875,1575.9000244140625,30779
2026-02-05 09:30:00,1576.5,1577.0,1572.4000244140625,1572.4000244140625,38227
2026-02-05 09:35:00,1573.0999755859375,1574.0,1570.0,1572.5,36807
2026-02-05 09:40:00,1572.5,1573.800048828125,1568.5,1568.9000244140625,63733
2026-02-05 09:45:00,1569.0,1569.199951171875,1567.300048828125,1568.9000244140625,41795
2026-02-05 09:50:00,1568.800048828125,1569.0999755859375,1567.0,1567.800048828125,56494
2026-02-05 09:55:00,1567.5999755859375,1570.199951171875,1566.199951171875,1570.199951171875,59361
2026-02-06 03:45:00,1565.300048828125,1575.0,1565.300048828125,1574.199951171875,0
2026-02-06 03:50:00,1574.199951171875,1575.5,1569.5,1569.5,36977
2026-02-06 03:55:00,1569.800048828125,1573.699951171875,1569.0,1572.0,24849
2026-02-06 04:00:00,1571.699951171875,1572.0999755859375,1565.699951171875,1566.300048828125,34498
2026-02-06 04:05:00,1567.0,1567.0,1564.0999755859375,1565.4000244140625,21770
2026-02-06 04:10:00,1566.699951171875,1566.699951171875,1560.4000244140625,1561.199951171875,27822
2026-02-06 04:15:00,1560.4000244140625,1567.9000244140625,1560.4000244140625,1566.199951171875,23288
2026-02-06 04:20:00,1566.800048828125,1566.9000244140625,1563.5,1563.800048828125,6338
2026-02-06 04:25:00,1564.0,1564.0,1560.0999755859375,1560.4000244140625,15121
2026-02-06 04:30:00,1561.0,1561.5999755859375,1558.5,1560.4000244140625,18511
2026-02-06 04:35:00,1560.9000244140625,1561.0,1559.800048828125,1560.0999755859375,7261
2026-02-06 04:40:00,1560.4000244140625,1560.4000244140625,1556.5,1557.199951171875,14371
2026-02-06 04:45:00,1556.699951171875,1560.4000244140625,1556.0999755859375,1558.199951171875,18808
2026-02-06 04:50:00,1558.800048828125,1560.800048828125,1557.0,1557.0,10829
2026-02-06 04:55:00,1557.0,1557.4000244140625,1551.4000244140625,1552.5999755859375,27314
2026-02-06 05:00:00,1552.5999755859375,1552.5999755859375,1550.0999755859375,1550.4000244140625,18645
2026-02-06 05:05:00,1550.5,1553.5,1549.0999755859375,1552.300048828125,25092
2026-02-06 05:10:00,1552.199951171875,1552.300048828125,1548.5999755859375,1549.5,9359
2026-02-06 05:15:00,1549.5,1551.0,1549.0,1550.199951171875,11483
2026-02-06 05:20:00,1550.0999755859375,1550.199951171875,1544.0999755859375,1545.199951171875,27957
2026-02-06 05:25:00,1545.300048828125,1546.300048828125,1543.0999755859375,1544.199951171875,25529
2026-02-06 05:30:00,1544.199951171875,1549.4000244140625,1544.199951171875,1549.4000244140625,71844
2026-02-06 05:35:00,1548.800048828125,1550.800048828125,1548.800048828125,1550.5,23722
2026-02-06 05:40:00,1550.4000244140625,1550.699951171875,1547.0,1548.199951171875,25868
2026-02-06 05:45:00,1548.800048828125,1548.800048828125,1546.4000244140625,1547.699951171875,12170
2026-02-06 05:50:00,1548.4000244140625,1552.300048828125,1546.300048828125,1546.800048828125,37058
2026-02-06 05:55:00,1547.0,1549.0999755859375,1546.5,1548.0,11395
2026-02-06 06:00:00,1548.0,1550.0,1546.800048828125,1549.5999755859375,24197
2026-02-06 06:05:00,1549.0999755859375,1551.4000244140625,1548.0999755859375,1550.199951171875,17398
2026-02-06 06:10:00,1550.199951171875,1552.199951171875,1550.199951171875,1550.9000244140625,15399
2026-02-06 06:15:00,1550.800048828125,1551.0,1550.0,1550.800048828125,5840
2026-02-06 06:20:00,1550.800048828125,1551.5,1549.0,1549.4000244140625,96433
2026-02-06 06:25:00,1550.0,1550.9000244140625,1549.4000244140625,1550.0,4349
2026-02-06 06:30:00,1550.0,1550.699951171875,1544.0999755859375,1545.0,149129
2026-02-06 06:35:00,1544.699951171875,1545.0,1540.4000244140625,1540.9000244140625,36363
2026-02-06 06:40:00,1541.0,1541.9000244140625,1539.4000244140625,1540.4000244140625,25591
2026-02-06 06:45:00,1540.4000244140625,1540.5,1538.4000244140625,1540.0,14996
2026-02-06 06:50:00,1539.9000244140625,1540.0999755859375,1538.0,1538.4000244140625,12449
2026-02-06 06:55:00,1538.5,1540.0,1537.199951171875,1540.0,12591
2026-02-06 07:00:00,1539.9000244140625,1539.9000244140625,1537.9000244140625,1538.4000244140625,10514
2026-02-06 07:05:00,1538.199951171875,1539.9000244140625,1537.9000244140625,1538.699951171875,8770
2026-02-06 07:10:00,1538.300048828125,1538.300048828125,1534.0,1534.9000244140625,26853
2026-02-06 07:15:00,1534.800048828125,1534.9000244140625,1532.0999755859375,1532.0999755859375,30503
2026-02-06 07:20:00,1533.0999755859375,1534.5,1529.5,1530.0,66836
2026-02-06 07:25:00,1530.0,1532.4000244140625,1529.199951171875,1531.5999755859375,82621
2026-02-06 07:30:00,1531.800048828125,1532.300048828125,1528.300048828125,1529.9000244140625,30387
2026-02-06 07:35:00,1529.5999755859375,1530.4000244140625,1529.0,1529.5999755859375,50281
2026-02-06 07:40:00,1529.4000244140625,1530.300048828125,1529.300048828125,1530.0,32115
2026-02-06 07:45:00,1530.0,1530.0999755859375,1528.199951171875,1530.0999755859375,37009
2026-02-06 07:50:00,1530.0,1530.0,1529.0999755859375,1529.9000244140625,14044
2026-02-06 07:55:00,1530.0,1530.4000244140625,1529.800048828125,1530.0,2606
2026-02-06 08:00:00,1528.5999755859375,1529.5,1527.0,1528.9000244140625,32778
2026-02-06 08:05:00,1529.0,1537.0,1528.800048828125,1537.0,27296
2026-02-06 08:10:00,1536.5,1539.0,1534.300048828125,1534.800048828125,35312
2026-02-06 08:15:00,1534.0,1535.800048828125,1532.5,1535.199951171875,19963
2026-02-06 08:20:00,1535.5,1542.0,1534.5,1542.0,37988
2026-02-06 08:25:00,1541.9000244140625,1544.0,1540.5,1542.4000244140625,31365
2026-02-06 08:30:00,1542.800048828125,1546.9000244140625,1542.4000244140625,1543.800048828125,27785
2026-02-06 08:35:00,1543.800048828125,1544.800048828125,1543.0,1544.199951171875,9052
2026-02-06 08:40:00,1544.0999755859375,1544.0999755859375,1542.0,1542.4000244140625,8044
2026-02-06 08:45:00,1542.800048828125,1543.5,1542.0,1542.9000244140625,9173
2026-02-06 08:50:00,1543.0,1543.800048828125,1541.5999755859375,1542.0999755859375,9598
2026-02-06 08:55:00,1542.4000244140625,1542.4000244140625,1540.4000244140625,1541.0999755859375,11833
2026-02-06 09:00:00,1541.4000244140625,1542.0,1540.199951171875,1541.5999755859375,10549
2026-02-06 09:05:00,1542.0,1543.4000244140625,1541.699951171875,1542.800048828125,8982
2026-02-06 09:10:00,1543.300048828125,1544.699951171875,1542.4000244140625,1543.199951171875,18245
2026-02-06 09:15:00,1543.199951171875,1546.4000244140625,1542.5999755859375,1546.0999755859375,31014
2026-02-06 09:20:00,1546.0,1546.699951171875,1545.5,1546.5,17227
2026-02-06 09:25:00,1546.300048828125,1549.699951171875,1546.300048828125,1549.0,22493
2026-02-06 09:30:00,1550.0,1553.0,1549.699951171875,1550.9000244140625,47203
2026-02-06 09:35:00,1550.5999755859375,1552.699951171875,1549.800048828125,1550.800048828125,38872
2026-02-06 09:40:00,1550.5999755859375,1551.199951171875,1549.800048828125,1551.0,51446
2026-02-06 09:45:00,1550.5999755859375,1551.4000244140625,1550.0999755859375,1551.0,47327
2026-02-06 09:50:00,1550.800048828125,1550.800048828125,1549.9000244140625,1550.300048828125,38129
2026-02-06 09:55:00,1550.300048828125,1550.800048828125,1549.300048828125,1550.699951171875,48443
2026-02-09 03:45:00,1573.4000244140625,1583.0,1561.5,1564.0999755859375,0
2026-02-09 03:50:00,1564.4000244140625,1565.5999755859375,1559.0,1563.0,106195
2026-02-09 03:55:00,1563.300048828125,1563.300048828125,1558.9000244140625,1560.699951171875,65813
2026-02-09 04:00:00,1560.300048828125,1562.0,1554.5,1555.300048828125,126396
2026-02-09 04:05:00,1556.0999755859375,1563.5,1555.300048828125,1561.5,59792
2026-02-09 04:10:00,1561.5999755859375,1566.9000244140625,1561.5,1563.5999755859375,54052
2026-02-09 04:15:00,1563.5999755859375,1564.699951171875,1562.0,1563.800048828125,14057
2026-02-09 04:20:00,1563.199951171875,1566.9000244140625,1562.800048828125,1565.699951171875,41439
2026-02-09 04:25:00,1565.300048828125,1565.699951171875,1563.5,1563.5,33352
2026-02-09 04:30:00,1563.199951171875,1564.0,1560.699951171875,1562.0,14411
2026-02-09 04:35:00,1562.0,1563.9000244140625,1559.0999755859375,1561.0999755859375,20766
2026-02-09 04:40:00,1561.300048828125,1562.699951171875,1559.9000244140625,1562.699951171875,12113
2026-02-09 04:45:00,1562.5999755859375,1563.0999755859375,1561.0,1562.0999755859375,12417
2026-02-09 04:50:00,1562.4000244140625,1564.199951171875,1561.199951171875,1561.800048828125,8674
2026-02-09 04:55:00,1561.800048828125,1565.0999755859375,1561.5,1563.9000244140625,9459
2026-02-09 05:00:00,1564.5,1565.5999755859375,1563.0,1564.9000244140625,14914
2026-02-09 05:05:00,1564.9000244140625,1566.0,1563.0,1563.9000244140625,7624
2026-02-09 05:10:00,1563.5,1565.9000244140625,1561.5999755859375,1565.0,56883
2026-02-09 05:15:00,1565.300048828125,1566.699951171875,1563.699951171875,1565.0,78079
2026-02-09 05:20:00,1565.0999755859375,1566.5999755859375,1563.0,1565.0,50589
2026-02-09 05:25:00,1564.699951171875,1566.0,1564.199951171875,1565.5,17941
2026-02-09 05:30:00,1565.300048828125,1565.300048828125,1562.5999755859375,1563.5999755859375,13570
2026-02-09 05:35:00,1563.5999755859375,1564.5999755859375,1561.0999755859375,1561.0999755859375,11243
2026-02-09 05:40:00,1561.0,1563.5999755859375,1560.199951171875,1562.9000244140625,11985
2026-02-09 05:45:00,1563.300048828125,1563.300048828125,1561.9000244140625,1562.9000244140625,5071
2026-02-09 05:50:00,1562.9000244140625,1569.699951171875,1562.9000244140625,1569.5,30404
2026-02-09 05:55:00,1569.5,1569.9000244140625,1568.0,1568.199951171875,13969
2026-02-09 06:00:00,1568.5,1568.5999755859375,1565.800048828125,1567.9000244140625,10043
2026-02-09 06:05:00,1568.0,1568.300048828125,1565.4000244140625,1567.800048828125,15795
2026-02-09 06:10:00,1568.300048828125,1568.300048828125,1566.5,1566.800048828125,4724
2026-02-09 06:15:00,1566.800048828125,1567.199951171875,1566.0999755859375,1567.0,5740
2026-02-09 06:20:00,1567.199951171875,1567.199951171875,1566.199951171875,1566.5,5949
2026-02-09 06:25:00,1566.5,1567.199951171875,1565.9000244140625,1567.199951171875,5669
2026-02-09 06:30:00,1566.9000244140625,1567.199951171875,1565.0,1566.0,6401
2026-02-09 06:35:00,1565.699951171875,1571.699951171875,1565.699951171875,1571.199951171875,55870
2026-02-09 06:40:00,1571.5,1571.5999755859375,1566.5999755859375,1568.5,51233
2026-02-09 06:45:00,1568.5,1568.5999755859375,1566.699951171875,1567.4000244140625,7171
2026-02-09 06:50:00,1567.4000244140625,1568.5,1567.0,1568.199951171875,6522
2026-02-09 06:55:00,1568.199951171875,1568.4000244140625,1565.5999755859375,1567.0999755859375,6730
2026-02-09 07:00:00,1567.5999755859375,1567.5999755859375,1565.9000244140625,1566.199951171875,8499
2026-02-09 07:05:00,1566.699951171875,1567.800048828125,1565.4000244140625,1565.4000244140625,6035
2026-02-09 07:10:00,1566.0,1566.0,1564.0,1565.4000244140625,9681
2026-02-09 07:15:00,1565.4000244140625,1566.0,1564.0,1565.0,6231
2026-02-09 07:20:00,1564.4000244140625,1565.5,1564.0,1564.0999755859375,6629
2026-02-09 07:25:00,1564.0999755859375,1566.699951171875,1564.0,1566.699951171875,5257
2026-02-09 07:30:00,1566.5999755859375,1567.0,1565.800048828125,1566.5999755859375,5875
2026-02-09 07:35:00,1566.199951171875,1566.800048828125,1566.0,1566.5999755859375,4692
2026-02-09 07:40:00,1566.5999755859375,1567.0,1564.5,1566.300048828125,5214
2026-02-09 07:45:00,1566.5,1567.0,1565.300048828125,1565.300048828125,6009
2026-02-09 07:50:00,1565.800048828125,1566.300048828125,1564.5,1564.5,4429
2026-02-09 07:55:00,1564.5999755859375,1565.5,1564.4000244140625,1564.9000244140625,5792
2026-02-09 08:00:00,1564.9000244140625,1565.300048828125,1563.9000244140625,1564.800048828125,4262
2026-02-09 08:05:00,1565.199951171875,1566.300048828125,1564.800048828125,1566.300048828125,4461
2026-02-09 08:10:00,1566.300048828125,1566.4000244140625,1565.0999755859375,1565.800048828125,4710
2026-02-09 08:15:00,1565.800048828125,1566.699951171875,1565.800048828125,1566.0,5237
2026-02-09 08:20:00,1566.5,1568.0,1566.0,1567.5999755859375,7016
2026-02-09 08:25:00,1567.699951171875,1568.4000244140625,1564.300048828125,1564.300048828125,8707
2026-02-09 08:30:00,1564.699951171875,1566.5999755859375,1564.300048828125,1565.5,5554
2026-02-09 08:35:00,1565.5,1566.4000244140625,1564.199951171875,1565.0,6759
2026-02-09 08:40:00,1565.5999755859375,1565.800048828125,1563.0,1563.300048828125,17588
2026-02-09 08:45:00,1562.800048828125,1563.4000244140625,1562.300048828125,1562.9000244140625,4664
2026-02-09 08:50:00,1562.9000244140625,1564.800048828125,1562.4000244140625,1564.5,7521
2026-02-09 08:55:00,1564.0,1564.9000244140625,1562.5,1562.800048828125,9551
2026-02-09 09:00:00,1563.300048828125,1563.9000244140625,1562.199951171875,1562.4000244140625,5181
2026-02-09 09:05:00,1562.9000244140625,1563.5999755859375,1562.199951171875,1562.5,6623
2026-02-09 09:10:00,1562.800048828125,1563.300048828125,1561.5,1562.699951171875,7467
2026-02-09 09:15:00,1562.9000244140625,1564.800048828125,1561.800048828125,1562.5999755859375,16510
2026-02-09 09:20:00,1562.800048828125,1563.300048828125,1561.5999755859375,1563.0999755859375,7112
2026-02-09 09:25:00,1563.4000244140625,1563.699951171875,1561.0,1562.0,57170
2026-02-09 09:30:00,1563.0,1566.0,1562.4000244140625,1564.800048828125,50950
2026-02-09 09:35:00,1564.300048828125,1564.800048828125,1563.4000244140625,1564.0,16345
2026-02-09 09:40:00,1564.0,1564.4000244140625,1562.5999755859375,1564.199951171875,21600
2026-02-09 09:45:00,1564.0999755859375,1564.5,1562.0,1562.0,36704
2026-02-09 09:50:00,1562.4000244140625,1562.4000244140625,1559.199951171875,1559.5,61902
2026-02-09 09:55:00,1559.9000244140625,1561.699951171875,1557.0,1561.699951171875,53163
2026-02-10 03:45:00,1566.800048828125,1566.800048828125,1557.800048828125,1561.199951171875,0
2026-02-10 03:50:00,1561.300048828125,1561.699951171875,1557.5,1561.699951171875,21553
2026-02-10 03:55:00,1561.699951171875,1563.0,1560.0,1562.4000244140625,8065
2026-02-10 04:00:00,1564.0,1567.5999755859375,1561.5,1566.9000244140625,29075
2026-02-10 04:05:00,1567.5999755859375,1568.0,1565.5999755859375,1565.5999755859375,21425
2026-02-10 04:10:00,1565.5999755859375,1566.5,1564.5999755859375,1565.199951171875,6454
2026-02-10 04:15:00,1565.5999755859375,1565.5999755859375,1559.0,1559.9000244140625,15714
2026-02-10 04:20:00,1559.5999755859375,1560.5,1555.5,1556.199951171875,17913
2026-02-10 04:25:00,1556.300048828125,1556.300048828125,1553.0,1554.5,16478
2026-02-10 04:30:00,1554.5,1557.699951171875,1552.199951171875,1557.699951171875,12773
2026-02-10 04:35:00,1557.699951171875,1557.699951171875,1552.4000244140625,1552.4000244140625,12419
2026-02-10 04:40:00,1552.699951171875,1552.699951171875,1549.5,1550.4000244140625,18349
2026-02-10 04:45:00,1550.4000244140625,1553.800048828125,1549.699951171875,1552.800048828125,17012
2026-02-10 04:50:00,1553.0,1553.5,1551.0,1551.800048828125,29480
2026-02-10 04:55:00,1551.800048828125,1553.5999755859375,1550.800048828125,1553.5999755859375,6955
2026-02-10 05:00:00,1553.300048828125,1555.0,1552.5,1553.5,8144
2026-02-10 05:05:00,1554.300048828125,1555.199951171875,1537.199951171875,1543.699951171875,81247
2026-02-10 05:10:00,1543.800048828125,1545.5,1525.9000244140625,1540.5,153566
2026-02-10 05:15:00,1540.5999755859375,1542.699951171875,1536.5999755859375,1539.800048828125,44650
2026-02-10 05:20:00,1539.9000244140625,1550.800048828125,1539.0,1541.5,43831
2026-02-10 05:25:00,1542.0999755859375,1551.0,1540.4000244140625,1549.0999755859375,29145
2026-02-10 05:30:00,1549.0999755859375,1552.699951171875,1547.699951171875,1549.300048828125,31367
2026-02-10 05:35:00,1549.5999755859375,1554.5999755859375,1548.9000244140625,1550.300048828125,28475
2026-02-10 05:40:00,1550.199951171875,1550.300048828125,1547.0,1547.0,12599
2026-02-10 05:45:00,1547.4000244140625,1549.199951171875,1545.4000244140625,1548.9000244140625,18176
2026-02-10 05:50:00,1548.9000244140625,1551.300048828125,1547.800048828125,1551.300048828125,21088
2026-02-10 05:55:00,1551.4000244140625,1551.4000244140625,1549.4000244140625,1550.0,15574
2026-02-10 06:00:00,1550.5,1554.5999755859375,1550.0,1552.5999755859375,15226
2026-02-10 06:05:00,1553.300048828125,1553.9000244140625,1550.5,1552.199951171875,15811
2026-02-10 06:10:00,1552.199951171875,1552.4000244140625,1549.199951171875,1551.5,22547
2026-02-10 06:15:00,1551.5,1556.0,1550.699951171875,1554.800048828125,50020
2026-02-10 06:20:00,1554.4000244140625,1556.5,1552.300048828125,1555.4000244140625,12576
2026-02-10 06:25:00,1555.5,1556.699951171875,1554.199951171875,1556.5,13800
2026-02-10 06:30:00,1556.5,1556.9000244140625,1554.699951171875,1556.0999755859375,7078
2026-02-10 06:35:00,1556.0999755859375,1556.4000244140625,1554.800048828125,1556.0999755859375,2589
2026-02-10 06:40:00,1556.0999755859375,1556.699951171875,1554.5,1556.0999755859375,12308
2026-02-10 06:45:00,1556.0999755859375,1558.0,1555.199951171875,1556.4000244140625,18363
2026-02-10 06:50:00,1556.4000244140625,1561.5,1556.0,1561.0999755859375,28923
2026-02-10 06:55:00,1561.4000244140625,1562.0,1557.0999755859375,1557.800048828125,28528
2026-02-10 07:00:00,1558.199951171875,1559.0,1557.4000244140625,1558.5999755859375,7263
2026-02-10 07:05:00,1558.5999755859375,1562.5,1558.0,1561.300048828125,47060
2026-02-10 07:10:00,1561.300048828125,1562.0,1559.9000244140625,1560.5,20750
2026-02-10 07:15:00,1560.5,1561.0,1558.9000244140625,1560.5,40675
2026-02-10 07:20:00,1560.5,1561.800048828125,1559.9000244140625,1561.300048828125,7801
2026-02-10 07:25:00,1561.300048828125,1564.0,1560.5999755859375,1561.9000244140625,17124
2026-02-10 07:30:00,1561.800048828125,1561.800048828125,1559.5999755859375,1560.0,7587
2026-02-10 07:35:00,1560.0,1561.0999755859375,1558.5999755859375,1558.5999755859375,8555
2026-02-10 07:40:00,1559.199951171875,1560.0,1558.5,1559.800048828125,6210
2026-02-10 07:45:00,1559.800048828125,1560.0,1557.0,1557.5999755859375,4998
2026-02-10 07:50:00,1557.5999755859375,1558.199951171875,1554.0,1554.5999755859375,18652
2026-02-10 07:55:00,1554.0,1556.699951171875,1554.0,1554.699951171875,38920
2026-02-10 08:00:00,1554.699951171875,1554.800048828125,1550.4000244140625,1552.0,35572
2026-02-10 08:05:00,1552.5,1553.0,1551.0,1552.0,9622
2026-02-10 08:10:00,1551.9000244140625,1553.5,1551.800048828125,1553.199951171875,9156
2026-02-10 08:15:00,1552.699951171875,1553.9000244140625,1551.699951171875,1553.4000244140625,5790
2026-02-10 08:20:00,1553.4000244140625,1555.800048828125,1552.699951171875,1555.0,6159
2026-02-10 08:25:00,1555.300048828125,1555.4000244140625,1553.0,1553.4000244140625,11694
2026-02-10 08:30:00,1553.199951171875,1553.5999755859375,1550.800048828125,1550.800048828125,5547
2026-02-10 08:35:00,1551.4000244140625,1553.5,1551.300048828125,1552.199951171875,3821
2026-02-10 08:40:00,1552.199951171875,1553.5999755859375,1550.9000244140625,1553.5999755859375,8035
2026-02-10 08:45:00,1553.800048828125,1558.0999755859375,1553.800048828125,1556.9000244140625,22756
2026-02-10 08:50:00,1556.9000244140625,1557.0,1553.800048828125,1554.5,9025
2026-02-10 08:55:00,1554.5,1555.300048828125,1553.5999755859375,1555.0,6297
2026-02-10 09:00:00,1554.699951171875,1555.5,1554.5,1555.5,2850
2026-02-10 09:05:00,1555.4000244140625,1556.800048828125,1554.199951171875,1554.199951171875,10355
2026-02-10 09:10:00,1554.199951171875,1554.4000244140625,1551.4000244140625,1552.5,23143
2026-02-10 09:15:00,1552.699951171875,1554.5,1552.4000244140625,1553.9000244140625,11185
2026-02-10 09:20:00,1554.199951171875,1556.5999755859375,1553.4000244140625,1556.300048828125,20110
2026-02-10 09:25:00,1556.300048828125,1556.9000244140625,1555.699951171875,1556.300048828125,4658
2026-02-10 09:30:00,1557.800048828125,1558.699951171875,1556.0,1556.699951171875,49784
2026-02-10 09:35:00,1556.300048828125,1557.199951171875,1556.0,1556.800048828125,15595
2026-02-10 09:40:00,1556.800048828125,1557.300048828125,1554.5999755859375,1554.5999755859375,25127
2026-02-10 09:45:00,1555.0,1555.0,1552.5,1553.0,46154
2026-02-10 09:50:00,1552.9000244140625,1554.800048828125,1552.199951171875,1554.4000244140625,47478
2026-02-10 09:55:00,1554.4000244140625,1556.0999755859375,1548.199951171875,1554.699951171875,48781
2026-02-11 03:45:00,1554.699951171875,1557.0,1550.4000244140625,1557.0,0
2026-02-11 03:50:00,1558.5999755859375,1559.0999755859375,1553.5,1553.5,27886
2026-02-11 03:55:00,1553.800048828125,1554.0,1551.0999755859375,1551.5999755859375,22183
2026-02-11 04:00:00,1552.4000244140625,1552.4000244140625,1547.9000244140625,1548.5999755859375,21663
2026-02-11 04:05:00,1549.0,1549.800048828125,1546.800048828125,1547.300048828125,15718
2026-02-11 04:10:00,1547.300048828125,1548.199951171875,1547.0,1547.9000244140625,9602
2026-02-11 04:15:00,1547.9000244140625,1548.0999755859375,1546.699951171875,1546.699951171875,11856
2026-02-11 04:20:00,1546.699951171875,1549.800048828125,1546.5,1549.0999755859375,9807
2026-02-11 04:25:00,1549.0999755859375,1550.0,1546.5,1546.5,15278
2026-02-11 04:30:00,1547.0,1547.0,1543.699951171875,1544.199951171875,18236
2026-02-11 04:35:00,1544.4000244140625,1544.699951171875,1543.5999755859375,1544.0,6848
2026-02-11 04:40:00,1544.0999755859375,1544.699951171875,1543.0999755859375,1544.699951171875,8622
2026-02-11 04:45:00,1544.699951171875,1546.0,1544.5999755859375,1546.0,8505
2026-02-11 04:50:00,1546.0,1551.699951171875,1546.0,1551.699951171875,21088
2026-02-11 04:55:00,1551.699951171875,1551.699951171875,1549.0999755859375,1549.699951171875,7909
2026-02-11 05:00:00,1550.5,1552.0,1550.199951171875,1551.800048828125,10573
2026-02-11 05:05:00,1552.0,1553.0999755859375,1551.199951171875,1552.5,9774
2026-02-11 05:10:00,1552.0999755859375,1552.0999755859375,1549.0,1550.0,53480
2026-02-11 05:15:00,1549.9000244140625,1549.9000244140625,1544.5,1545.0,29086
2026-02-11 05:20:00,1545.0,1546.5999755859375,1544.699951171875,1545.4000244140625,66131
2026-02-11 05:25:00,1545.4000244140625,1545.4000244140625,1542.0999755859375,1543.699951171875,33267
2026-02-11 05:30:00,1543.5,1544.199951171875,1541.5,1543.0,39723
2026-02-11 05:35:00,1543.0999755859375,1543.5999755859375,1539.699951171875,1540.0999755859375,61560
2026-02-11 05:40:00,1540.5999755859375,1543.300048828125,1540.0999755859375,1542.300048828125,59746
2026-02-11 05:45:00,1542.300048828125,1542.300048828125,1540.0999755859375,1540.800048828125,53205
2026-02-11 05:50:00,1540.800048828125,1541.5999755859375,1540.5,1541.5999755859375,6196
2026-02-11 05:55:00,1541.5999755859375,1542.300048828125,1541.5999755859375,1542.300048828125,3799
2026-02-11 06:00:00,1542.0999755859375,1545.0,1542.0999755859375,1545.0,13201
2026-02-11 06:05:00,1545.0,1545.0999755859375,1543.5999755859375,1544.5,7792
2026-02-11 06:10:00,1544.5,1546.699951171875,1543.9000244140625,1545.4000244140625,15863
2026-02-11 06:15:00,1545.5,1546.300048828125,1544.4000244140625,1544.9000244140625,4525
2026-02-11 06:20:00,1544.9000244140625,1544.9000244140625,1544.4000244140625,1544.800048828125,4468
2026-02-11 06:25:00,1544.699951171875,1545.5,1543.300048828125,1543.699951171875,19366
2026-02-11 06:30:00,1543.800048828125,1545.0,1543.0,1544.800048828125,6152
2026-02-11 06:35:00,1544.800048828125,1545.5999755859375,1544.0999755859375,1544.699951171875,6829
2026-02-11 06:40:00,1545.199951171875,1547.0,1544.699951171875,1546.300048828125,7314
2026-02-11 06:45:00,1546.5,1546.5,1545.4000244140625,1545.699951171875,7409
2026-02-11 06:50:00,1545.800048828125,1545.9000244140625,1544.199951171875,1544.5999755859375,3261
2026-02-11 06:55:00,1544.5999755859375,1546.0999755859375,1544.5,1546.0999755859375,4298
2026-02-11 07:00:00,1546.0999755859375,1546.199951171875,1544.199951171875,1544.199951171875,5714
2026-02-11 07:05:00,1544.199951171875,1544.9000244140625,1543.4000244140625,1544.0,2942
2026-02-11 07:10:00,1544.0,1546.199951171875,1543.5999755859375,1545.699951171875,12186
2026-02-11 07:15:00,1545.199951171875,1546.199951171875,1545.0,1546.0999755859375,8592
2026-02-11 07:20:00,1546.0999755859375,1547.5999755859375,1545.800048828125,1547.5999755859375,8489
2026-02-11 07:25:00,1547.800048828125,1549.5,1547.5,1547.5,14018
2026-02-11 07:30:00,1547.9000244140625,1548.0999755859375,1546.800048828125,1547.800048828125,2805
2026-02-11 07:35:00,1547.800048828125,1547.9000244140625,1547.0,1547.5,2457
2026-02-11 07:40:00,1547.5,1549.300048828125,1546.5999755859375,1548.9000244140625,8646
2026-02-11 07:45:00,1548.5,1549.0,1547.5,1548.800048828125,6365
2026-02-11 07:50:00,1549.0,1549.0,1547.199951171875,1547.699951171875,3821
2026-02-11 07:55:00,1548.0,1550.0,1548.0,1550.0,8006
2026-02-11 08:00:00,1550.0,1552.4000244140625,1550.0,1552.199951171875,19074
2026-02-11 08:05:00,1552.300048828125,1552.9000244140625,1551.5999755859375,1552.0,7953
2026-02-11 08:10:00,1551.5999755859375,1556.0,1551.199951171875,1554.4000244140625,34678
2026-02-11 08:15:00,1554.699951171875,1555.0,1553.699951171875,1553.800048828125,13710
2026-02-11 08:20:00,1553.9000244140625,1553.9000244140625,1551.199951171875,1551.199951171875,7636
2026-02-11 08:25:00,1552.0999755859375,1553.0,1551.5,1551.9000244140625,4615
2026-02-11 08:30:00,1551.5999755859375,1553.0,1551.300048828125,1552.4000244140625,3892
2026-02-11 08:35:00,1552.4000244140625,1552.4000244140625,1551.199951171875,1551.5999755859375,4312
2026-02-11 08:40:00,1551.699951171875,1552.5,1551.199951171875,1552.4000244140625,6586
2026-02-11 08:45:00,1552.5,1554.0,1552.5,1553.5999755859375,7419
2026-02-11 08:50:00,1553.5999755859375,1553.5999755859375,1551.800048828125,1553.5999755859375,10116
2026-02-11 08:55:00,1553.699951171875,1555.0,1552.699951171875,1552.699951171875,14998
2026-02-11 09:00:00,1552.800048828125,1553.199951171875,1551.0999755859375,1552.5,10035
2026-02-11 09:05:00,1552.199951171875,1552.5,1550.5999755859375,1551.199951171875,14413
2026-02-11 09:10:00,1551.199951171875,1551.199951171875,1549.699951171875,1550.4000244140625,14129
2026-02-11 09:15:00,1550.4000244140625,1551.0,1550.0,1550.699951171875,12712
2026-02-11 09:20:00,1550.699951171875,1551.800048828125,1550.699951171875,1551.4000244140625,12183
2026-02-11 09:25:00,1551.300048828125,1552.0,1550.5999755859375,1550.699951171875,18192
2026-02-11 09:30:00,1553.4000244140625,1554.9000244140625,1552.5,1553.0999755859375,59804
2026-02-11 09:35:00,1553.5,1554.4000244140625,1552.699951171875,1553.199951171875,48494
2026-02-11 09:40:00,1553.199951171875,1554.0,1553.0999755859375,1553.9000244140625,29670
2026-02-11 09:45:00,1553.5,1553.9000244140625,1552.4000244140625,1552.800048828125,48318
2026-02-11 09:50:00,1552.9000244140625,1553.9000244140625,1552.9000244140625,1553.300048828125,51327
2026-02-11 09:55:00,1553.300048828125,1553.699951171875,1548.199951171875,1553.4000244140625,40154
2026-02-12 03:45:00,1545.300048828125,1548.300048828125,1543.5999755859375,1545.4000244140625,0
2026-02-12 03:50:00,1545.699951171875,1550.800048828125,1544.5,1548.4000244140625,11949
2026-02-12 03:55:00,1548.800048828125,1549.0,1546.9000244140625,1548.199951171875,10890
2026-02-12 04:00:00,1548.699951171875,1551.0,1546.800048828125,1550.800048828125,12212
2026-02-12 04:05:00,1550.5,1550.9000244140625,1547.800048828125,1548.5999755859375,12869
2026-02-12 04:10:00,1548.5,1549.0,1547.4000244140625,1548.0999755859375,5697
2026-02-12 04:15:00,1548.0999755859375,1548.800048828125,1545.800048828125,1546.0,17392
2026-02-12 04:20:00,1546.0,1548.9000244140625,1545.5,1545.5,15360
2026-02-12 04:25:00,1545.800048828125,1547.699951171875,1545.5,1547.300048828125,7784
2026-02-12 04:30:00,1546.800048828125,1547.4000244140625,1545.0999755859375,1546.0,7865
2026-02-12 04:35:00,1545.800048828125,1545.800048828125,1542.5,1542.5,16462
2026-02-12 04:40:00,1542.5,1545.300048828125,1541.9000244140625,1544.4000244140625,26011
2026-02-12 04:45:00,1544.800048828125,1544.800048828125,1542.0,1544.0,8031
2026-02-12 04:50:00,1545.699951171875,1545.800048828125,1544.5,1545.0,5921
2026-02-12 04:55:00,1545.0,1546.699951171875,1543.699951171875,1546.0,7545
2026-02-12 05:00:00,1545.699951171875,1546.0,1544.699951171875,1545.0,10593
2026-02-12 05:05:00,1545.0,1545.300048828125,1542.5,1543.4000244140625,6542
2026-02-12 05:10:00,1543.4000244140625,1543.800048828125,1542.5,1542.5,8088
2026-02-12 05:15:00,1542.5999755859375,1543.5,1541.5,1541.5,6419
2026-02-12 05:20:00,1542.0,1542.0999755859375,1541.300048828125,1541.5,3967
2026-02-12 05:25:00,1541.5,1542.5,1541.0999755859375,1541.699951171875,5796
2026-02-12 05:30:00,1541.699951171875,1542.5,1541.699951171875,1541.9000244140625,3755
2026-02-12 05:35:00,1541.9000244140625,1542.4000244140625,1541.5,1542.0,4749
2026-02-12 05:40:00,1542.0,1542.800048828125,1538.699951171875,1538.9000244140625,39543
2026-02-12 05:45:00,1539.300048828125,1539.300048828125,1537.0,1537.0999755859375,14562
2026-02-12 05:50:00,1537.5,1537.5,1535.5999755859375,1536.5,12565
2026-02-12 05:55:00,1536.5,1538.4000244140625,1536.0999755859375,1537.300048828125,7619
2026-02-12 06:00:00,1537.300048828125,1537.300048828125,1535.0,1536.0,4866
2026-02-12 06:05:00,1536.4000244140625,1537.9000244140625,1535.4000244140625,1536.9000244140625,21425
2026-02-12 06:10:00,1536.699951171875,1537.9000244140625,1536.199951171875,1537.0,5176
2026-02-12 06:15:00,1537.0,1537.5999755859375,1536.0,1536.9000244140625,6671
2026-02-12 06:20:00,1536.9000244140625,1536.9000244140625,1533.800048828125,1534.5,7704
2026-02-12 06:25:00,1534.5,1535.5,1534.0,1535.300048828125,3549
2026-02-12 06:30:00,1535.0999755859375,1536.5999755859375,1535.0999755859375,1535.699951171875,7500
2026-02-12 06:35:00,1535.699951171875,1537.0,1535.5,1537.0,4879
2026-02-12 06:40:00,1537.0,1537.800048828125,1536.0,1536.9000244140625,5925
2026-02-12 06:45:00,1536.9000244140625,1536.9000244140625,1535.5,1536.0999755859375,4223
2026-02-12 06:50:00,1536.0999755859375,1537.0,1535.199951171875,1536.699951171875,4982
2026-02-12 06:55:00,1536.699951171875,1536.699951171875,1535.4000244140625,1535.4000244140625,4287
2026-02-12 07:00:00,1536.0,1537.9000244140625,1535.5999755859375,1537.9000244140625,9356
2026-02-12 07:05:00,1537.9000244140625,1539.0,1537.0,1537.4000244140625,29520
2026-02-12 07:10:00,1538.0,1538.0999755859375,1536.4000244140625,1537.0,13419
2026-02-12 07:15:00,1537.0,1538.9000244140625,1536.5999755859375,1538.199951171875,32350
2026-02-12 07:20:00,1538.5,1539.4000244140625,1536.199951171875,1538.0,52042
2026-02-12 07:25:00,1537.9000244140625,1538.5,1536.0,1536.9000244140625,19664
2026-02-12 07:30:00,1537.0,1537.800048828125,1535.5999755859375,1536.4000244140625,26915
2026-02-12 07:35:00,1536.199951171875,1536.5999755859375,1533.0,1533.5,22066
2026-02-12 07:40:00,1533.0999755859375,1534.199951171875,1532.5,1533.5999755859375,7907
2026-02-12 07:45:00,1533.699951171875,1537.4000244140625,1533.0,1537.0,9820
2026-02-12 07:50:00,1537.199951171875,1537.9000244140625,1534.199951171875,1536.5999755859375,54034
2026-02-12 07:55:00,1536.300048828125,1537.9000244140625,1535.9000244140625,1536.9000244140625,15312
2026-02-12 08:00:00,1536.9000244140625,1537.9000244140625,1536.5999755859375,1537.300048828125,6306
2026-02-12 08:05:00,1537.199951171875,1538.5999755859375,1537.0,1538.300048828125,6528
2026-02-12 08:10:00,1538.300048828125,1538.9000244140625,1537.699951171875,1538.4000244140625,6841
2026-02-12 08:15:00,1538.4000244140625,1539.0,1537.0999755859375,1537.0999755859375,14232
2026-02-12 08:20:00,1537.0999755859375,1538.800048828125,1536.800048828125,1538.800048828125,22163
2026-02-12 08:25:00,1538.800048828125,1539.800048828125,1538.300048828125,1539.5999755859375,5126
2026-02-12 08:30:00,1539.699951171875,1542.5,1539.5,1539.5,20050
2026-02-12 08:35:00,1540.0,1541.4000244140625,1539.5999755859375,1541.0,5838
2026-02-12 08:40:00,1541.0,1542.9000244140625,1540.5999755859375,1542.5,8195
2026-02-12 08:45:00,1542.5,1542.5,1539.699951171875,1540.5,6814
2026-02-12 08:50:00,1540.9000244140625,1543.0,1540.5,1542.9000244140625,22829
2026-02-12 08:55:00,1542.9000244140625,1544.0,1541.5999755859375,1542.199951171875,16171
2026-02-12 09:00:00,1541.5,1542.9000244140625,1541.5,1542.5,4337
2026-02-12 09:05:00,1542.5,1543.199951171875,1541.9000244140625,1542.0,7270
2026-02-12 09:10:00,1542.0,1542.5999755859375,1540.5999755859375,1541.0,12188
2026-02-12 09:15:00,1541.0999755859375,1541.0999755859375,1537.5,1537.5999755859375,24460
2026-02-12 09:20:00,1537.5999755859375,1541.5999755859375,1537.5999755859375,1541.300048828125,13396
2026-02-12 09:25:00,1541.5999755859375,1542.9000244140625,1540.9000244140625,1542.300048828125,7376
2026-02-12 09:30:00,1542.4000244140625,1545.9000244140625,1542.4000244140625,1545.0999755859375,37047
2026-02-12 09:35:00,1545.0,1545.4000244140625,1544.199951171875,1544.9000244140625,21889
2026-02-12 09:40:00,1544.9000244140625,1545.0,1543.5,1543.5999755859375,26488
2026-02-12 09:45:00,1543.5999755859375,1544.5,1543.300048828125,1544.300048828125,30116
2026-02-12 09:50:00,1543.4000244140625,1544.300048828125,1541.5,1542.300048828125,45299
2026-02-12 09:55:00,1542.300048828125,1544.199951171875,1541.5999755859375,1543.699951171875,36653
2026-02-13 03:45:00,1540.699951171875,1543.0,1529.5,1530.300048828125,0
2026-02-13 03:50:00,1530.199951171875,1531.4000244140625,1527.5,1529.9000244140625,40756
2026-02-13 03:55:00,1528.9000244140625,1529.5,1526.0,1527.5999755859375,35627
2026-02-13 04:00:00,1528.300048828125,1528.300048828125,1524.800048828125,1525.4000244140625,37218
2026-02-13 04:05:00,1525.4000244140625,1526.0999755859375,1520.0,1520.4000244140625,33926
2026-02-13 04:10:00,1520.800048828125,1525.9000244140625,1520.0999755859375,1524.0,40466
2026-02-13 04:15:00,1521.0,1521.9000244140625,1512.199951171875,1514.699951171875,80589
2026-02-13 04:20:00,1514.699951171875,1518.199951171875,1514.0,1517.300048828125,26843
2026-02-13 04:25:00,1517.5,1517.5,1513.5999755859375,1514.199951171875,27694
2026-02-13 04:30:00,1514.300048828125,1516.0,1514.199951171875,1515.5,9666
2026-02-13 04:35:00,1514.800048828125,1515.800048828125,1513.199951171875,1514.5999755859375,18769
2026-02-13 04:40:00,1513.9000244140625,1514.800048828125,1510.4000244140625,1510.699951171875,27352
2026-02-13 04:45:00,1510.699951171875,1511.300048828125,1509.4000244140625,1510.4000244140625,20861
2026-02-13 04:50:00,1510.4000244140625,1512.199951171875,1510.0,1511.5999755859375,11592
2026-02-13 04:55:00,1511.5999755859375,1513.9000244140625,1511.199951171875,1511.5,14899
2026-02-13 05:00:00,1511.4000244140625,1514.5999755859375,1511.300048828125,1514.0999755859375,12043
2026-02-13 05:05:00,1514.0999755859375,1518.300048828125,1514.0,1517.4000244140625,17581
2026-02-13 05:10:00,1517.5999755859375,1517.800048828125,1515.300048828125,1516.199951171875,17435
2026-02-13 05:15:00,1515.9000244140625,1516.5999755859375,1514.0999755859375,1515.9000244140625,6583
2026-02-13 05:20:00,1515.5999755859375,1516.4000244140625,1514.0,1515.5,9878
2026-02-13 05:25:00,1515.800048828125,1515.800048828125,1511.0,1511.9000244140625,13260
2026-02-13 05:30:00,1512.0,1512.0,1509.9000244140625,1511.5999755859375,11460
2026-02-13 05:35:00,1512.0,1512.5999755859375,1511.4000244140625,1511.800048828125,7129
2026-02-13 05:40:00,1511.800048828125,1513.199951171875,1511.0,1512.300048828125,10086
2026-02-13 05:45:00,1512.9000244140625,1513.5999755859375,1511.699951171875,1511.9000244140625,5082
2026-02-13 05:50:00,1511.9000244140625,1512.0,1509.9000244140625,1511.0,12013
2026-02-13 05:55:00,1511.0,1512.4000244140625,1510.0,1512.199951171875,35632
2026-02-13 06:00:00,1512.199951171875,1513.0,1509.5,1511.800048828125,11003
2026-02-13 06:05:00,1511.800048828125,1515.9000244140625,1511.800048828125,1515.800048828125,12982
2026-02-13 06:10:00,1515.800048828125,1517.4000244140625,1514.199951171875,1517.0,13316
2026-02-13 06:15:00,1517.4000244140625,1517.5,1516.0999755859375,1516.5999755859375,4768
2026-02-13 06:20:00,1516.5999755859375,1517.5,1515.199951171875,1516.0,12827
2026-02-13 06:25:00,1515.9000244140625,1518.699951171875,1515.9000244140625,1516.5999755859375,23125
2026-02-13 06:30:00,1516.5999755859375,1519.199951171875,1516.5999755859375,1517.300048828125,8976
2026-02-13 06:35:00,1517.699951171875,1520.5,1517.4000244140625,1520.300048828125,20605
2026-02-13 06:40:00,1520.300048828125,1525.0,1520.0,1524.300048828125,41341
2026-02-13 06:45:00,1525.0,1525.199951171875,1520.5999755859375,1521.9000244140625,43590
2026-02-13 06:50:00,1521.9000244140625,1522.699951171875,1521.199951171875,1521.699951171875,9101
2026-02-13 06:55:00,1521.9000244140625,1524.300048828125,1521.4000244140625,1521.4000244140625,8867
2026-02-13 07:00:00,1521.4000244140625,1522.699951171875,1521.199951171875,1522.300048828125,6272
2026-02-13 07:05:00,1522.199951171875,1523.5,1521.199951171875,1523.5,5550
2026-02-13 07:10:00,1523.5,1523.800048828125,1521.9000244140625,1522.5,7596
2026-02-13 07:15:00,1522.5,1525.800048828125,1520.699951171875,1520.699951171875,16320
2026-02-13 07:20:00,1520.9000244140625,1521.800048828125,1520.199951171875,1521.5,9151
2026-02-13 07:25:00,1521.800048828125,1521.800048828125,1520.0,1520.0999755859375,5962
2026-02-13 07:30:00,1520.4000244140625,1520.699951171875,1520.0,1520.300048828125,7682
2026-02-13 07:35:00,1520.300048828125,1521.5999755859375,1520.0,1521.5999755859375,7448
2026-02-13 07:40:00,1522.0,1524.800048828125,1521.5999755859375,1523.5,6625
2026-02-13 07:45:00,1523.5,1525.800048828125,1523.0,1524.300048828125,8912
2026-02-13 07:50:00,1524.300048828125,1524.300048828125,1520.800048828125,1521.5999755859375,3898
2026-02-13 07:55:00,1521.5999755859375,1521.699951171875,1521.0,1521.5999755859375,6880
2026-02-13 08:00:00,1521.5999755859375,1521.699951171875,1521.0,1521.0999755859375,9790
2026-02-13 08:05:00,1521.0999755859375,1522.699951171875,1521.0,1522.199951171875,5080
2026-02-13 08:10:00,1522.800048828125,1522.800048828125,1521.5999755859375,1522.0,3252
2026-02-13 08:15:00,1522.0999755859375,1522.0999755859375,1520.800048828125,1521.0,68235
2026-02-13 08:20:00,1521.0,1521.5,1521.0,1521.0,14389
2026-02-13 08:25:00,1521.0999755859375,1523.300048828125,1521.0999755859375,1521.699951171875,8635
2026-02-13 08:30:00,1521.699951171875,1523.0,1521.0,1522.800048828125,3534
2026-02-13 08:35:00,1522.5,1523.0,1521.5,1521.800048828125,2513
2026-02-13 08:40:00,1521.800048828125,1523.5,1521.800048828125,1523.4000244140625,4166
2026-02-13 08:45:00,1523.4000244140625,1523.5,1522.300048828125,1522.9000244140625,4677
2026-02-13 08:50:00,1522.9000244140625,1523.0,1521.800048828125,1521.800048828125,2132
2026-02-13 08:55:00,1522.5,1523.0,1521.800048828125,1522.5999755859375,5203
2026-02-13 09:00:00,1522.5999755859375,1522.800048828125,1521.199951171875,1521.199951171875,4106
2026-02-13 09:05:00,1521.199951171875,1523.5,1520.5,1522.9000244140625,44141
2026-02-13 09:10:00,1522.9000244140625,1523.4000244140625,1521.9000244140625,1522.0,6539
2026-02-13 09:15:00,1522.0999755859375,1522.0999755859375,1521.0,1521.0999755859375,27587
2026-02-13 09:20:00,1521.0,1523.0,1521.0,1522.9000244140625,14820
2026-02-13 09:25:00,1523.0,1524.9000244140625,1521.5999755859375,1523.800048828125,10434
2026-02-13 09:30:00,1523.800048828125,1524.4000244140625,1521.0,1521.699951171875,29298
2026-02-13 09:35:00,1521.0999755859375,1521.5999755859375,1520.800048828125,1521.5999755859375,96671
2026-02-13 09:40:00,1522.0,1523.0,1521.699951171875,1522.0999755859375,24879
2026-02-13 09:45:00,1522.0999755859375,1523.699951171875,1521.300048828125,1522.0,48955
2026-02-13 09:50:00,1521.9000244140625,1522.9000244140625,1521.0,1521.0,102128
2026-02-13 09:55:00,1521.0,1521.0999755859375,1508.0,1519.0,325470
2026-02-16 03:45:00,1497.0999755859375,1505.0,1495.4000244140625,1499.9000244140625,0
2026-02-16 03:50:00,1500.0,1502.4000244140625,1497.300048828125,1501.9000244140625,48680
2026-02-16 03:55:00,1501.9000244140625,1501.9000244140625,1498.0999755859375,1498.4000244140625,21301
2026-02-16 04:00:00,1499.0999755859375,1505.5,1498.0,1503.9000244140625,26209
2026-02-16 04:05:00,1504.0999755859375,1504.0999755859375,1500.0999755859375,1500.5999755859375,17830
2026-02-16 04:10:00,1500.4000244140625,1501.300048828125,1498.699951171875,1499.4000244140625,14478
2026-02-16 04:15:00,1498.9000244140625,1504.300048828125,1498.0,1503.9000244140625,20834
2026-02-16 04:20:00,1504.0999755859375,1504.800048828125,1501.5999755859375,1501.699951171875,16631
2026-02-16 04:25:00,1501.699951171875,1505.4000244140625,1500.9000244140625,1505.300048828125,18349
2026-02-16 04:30:00,1505.300048828125,1507.9000244140625,1503.5999755859375,1505.300048828125,26496
2026-02-16 04:35:00,1505.0,1506.300048828125,1504.0,1505.5,19498
2026-02-16 04:40:00,1505.5,1506.4000244140625,1502.9000244140625,1506.0999755859375,18888
2026-02-16 04:45:00,1505.5999755859375,1508.0,1505.0,1507.0,16190
2026-02-16 04:50:00,1507.199951171875,1510.699951171875,1505.4000244140625,1505.699951171875,23648
2026-02-16 04:55:00,1505.699951171875,1509.699951171875,1504.0999755859375,1508.0999755859375,49599
2026-02-16 05:00:00,1507.5999755859375,1510.699951171875,1507.5999755859375,1509.199951171875,11216
2026-02-16 05:05:00,1508.9000244140625,1509.199951171875,1507.0,1508.0,8647
2026-02-16 05:10:00,1508.0,1510.5,1507.5999755859375,1510.199951171875,13693
2026-02-16 05:15:00,1510.199951171875,1513.0,1509.9000244140625,1510.699951171875,30000
2026-02-16 05:20:00,1510.699951171875,1513.0999755859375,1510.699951171875,1511.0999755859375,15165
2026-02-16 05:25:00,1511.0,1513.0999755859375,1510.699951171875,1512.5,12057
2026-02-16 05:30:00,1512.5,1515.800048828125,1512.300048828125,1514.9000244140625,13657
2026-02-16 05:35:00,1514.800048828125,1514.9000244140625,1511.800048828125,1512.800048828125,10516
2026-02-16 05:40:00,1512.800048828125,1513.800048828125,1511.300048828125,1513.800048828125,8539
2026-02-16 05:45:00,1513.800048828125,1515.0999755859375,1513.4000244140625,1514.5999755859375,9475
2026-02-16 05:50:00,1514.5,1514.5,1511.5999755859375,1512.5999755859375,27571
2026-02-16 05:55:00,1512.5999755859375,1513.0,1511.0,1512.4000244140625,15357
2026-02-16 06:00:00,1512.4000244140625,1517.5,1511.0,1515.5,117182
2026-02-16 06:05:00,1515.5,1516.0,1514.699951171875,1515.0,26848
2026-02-16 06:10:00,1514.9000244140625,1518.5,1513.5,1516.800048828125,41296
2026-02-16 06:15:00,1516.800048828125,1517.800048828125,1516.300048828125,1516.5,6238
2026-02-16 06:20:00,1516.5,1522.4000244140625,1516.4000244140625,1522.0,20137
2026-02-16 06:25:00,1522.300048828125,1531.0,1522.0,1530.4000244140625,20664
2026-02-16 06:30:00,1531.0,1533.800048828125,1531.0,1532.5999755859375,15259
2026-02-16 06:35:00,1532.5,1538.5,1531.800048828125,1537.699951171875,18964
2026-02-16 06:40:00,1537.5999755859375,1542.5,1537.0,1539.699951171875,36526
2026-02-16 06:45:00,1539.5999755859375,1539.699951171875,1535.199951171875,1539.5999755859375,20984
2026-02-16 06:50:00,1539.300048828125,1541.5999755859375,1538.5,1539.4000244140625,26884
2026-02-16 06:55:00,1539.4000244140625,1541.699951171875,1538.300048828125,1541.699951171875,16772
2026-02-16 07:00:00,1541.4000244140625,1543.0,1540.199951171875,1542.0999755859375,28291
2026-02-16 07:05:00,1542.0999755859375,1542.5999755859375,1540.5,1541.699951171875,17237
2026-02-16 07:10:00,1541.4000244140625,1542.5,1538.300048828125,1538.800048828125,18667
2026-02-16 07:15:00,1538.800048828125,1539.5,1537.5999755859375,1538.300048828125,14211
2026-02-16 07:20:00,1538.0,1539.0,1538.0,1539.0,4829
2026-02-16 07:25:00,1538.800048828125,1541.199951171875,1538.0,1538.0,9752
2026-02-16 07:30:00,1538.0,1541.4000244140625,1538.0,1538.9000244140625,9565
2026-02-16 07:35:00,1538.5,1539.9000244140625,1537.300048828125,1539.9000244140625,8667
2026-02-16 07:40:00,1539.800048828125,1540.5,1538.0,1538.5999755859375,5675
2026-02-16 07:45:00,1538.9000244140625,1538.9000244140625,1535.9000244140625,1537.300048828125,10489
2026-02-16 07:50:00,1537.5999755859375,1538.0999755859375,1536.199951171875,1536.199951171875,6841
2026-02-16 07:55:00,1536.5,1540.0,1536.199951171875,1538.5999755859375,9061
2026-02-16 08:00:00,1538.9000244140625,1538.9000244140625,1537.300048828125,1538.0999755859375,9445
2026-02-16 08:05:00,1538.0999755859375,1539.9000244140625,1537.800048828125,1539.9000244140625,8286
2026-02-16 08:10:00,1539.5999755859375,1541.5,1539.0,1541.199951171875,11402
2026-02-16 08:15:00,1541.199951171875,1542.300048828125,1540.5,1541.0,13297
2026-02-16 08:20:00,1540.699951171875,1541.5999755859375,1539.5,1540.199951171875,12484
2026-02-16 08:25:00,1539.9000244140625,1540.5,1538.800048828125,1540.5,10567
2026-02-16 08:30:00,1540.5,1541.0,1539.4000244140625,1540.199951171875,6310
2026-02-16 08:35:00,1540.199951171875,1540.199951171875,1537.800048828125,1538.9000244140625,9638
2026-02-16 08:40:00,1538.800048828125,1540.0,1538.800048828125,1539.5,9630
2026-02-16 08:45:00,1539.5,1539.5,1537.4000244140625,1538.300048828125,19324
2026-02-16 08:50:00,1538.300048828125,1540.5999755859375,1538.0,1539.0,28685
2026-02-16 08:55:00,1539.0,1541.199951171875,1538.5,1540.800048828125,16165
2026-02-16 09:00:00,1541.0,1541.0,1540.0,1540.9000244140625,13515
2026-02-16 09:05:00,1540.5999755859375,1544.4000244140625,1540.4000244140625,1543.800048828125,38098
2026-02-16 09:10:00,1543.9000244140625,1543.9000244140625,1541.0,1543.5999755859375,44287
2026-02-16 09:15:00,1543.5999755859375,1543.5999755859375,1541.699951171875,1542.4000244140625,13671
2026-02-16 09:20:00,1543.0,1543.0,1541.4000244140625,1541.800048828125,9447
2026-02-16 09:25:00,1542.0999755859375,1544.9000244140625,1542.0999755859375,1543.699951171875,29720
2026-02-16 09:30:00,1544.199951171875,1545.5,1542.4000244140625,1543.9000244140625,41659
2026-02-16 09:35:00,1543.800048828125,1543.9000244140625,1542.9000244140625,1543.300048828125,16874
2026-02-16 09:40:00,1543.300048828125,1543.300048828125,1539.199951171875,1541.0999755859375,45696
2026-02-16 09:45:00,1540.800048828125,1541.199951171875,1537.9000244140625,1538.5999755859375,45294
2026-02-16 09:50:00,1538.5,1539.5,1535.5,1537.800048828125,53859
2026-02-16 09:55:00,1538.0,1538.0,1535.300048828125,1537.199951171875,43307
2026-02-17 03:45:00,1541.300048828125,1543.699951171875,1537.0,1541.300048828125,0
2026-02-17 03:50:00,1540.9000244140625,1541.199951171875,1536.0,1536.0,24165
2026-02-17 03:55:00,1535.800048828125,1539.0,1535.800048828125,1537.4000244140625,5311
2026-02-17 04:00:00,1537.9000244140625,1540.5999755859375,1536.5,1538.5999755859375,13538
2026-02-17 04:05:00,1539.0999755859375,1542.0,1537.0,1541.9000244140625,9805
2026-02-17 04:10:00,1541.9000244140625,1542.4000244140625,1537.5999755859375,1540.800048828125,12343
2026-02-17 04:15:00,1541.5999755859375,1542.5,1541.0999755859375,1541.800048828125,13293
2026-02-17 04:20:00,1542.0999755859375,1544.699951171875,1542.0999755859375,1543.0,4872
2026-02-17 04:25:00,1542.9000244140625,1543.0,1540.800048828125,1541.5999755859375,7947
2026-02-17 04:30:00,1540.800048828125,1550.0,1540.199951171875,1549.5,32341
2026-02-17 04:35:00,1549.699951171875,1550.5,1549.0,1549.0999755859375,29894
2026-02-17 04:40:00,1549.5,1558.0,1549.5,1557.300048828125,50129
2026-02-17 04:45:00,1557.0999755859375,1558.5,1555.5,1558.0,30167
2026-02-17 04:50:00,1558.0,1561.4000244140625,1557.5,1560.5999755859375,34501
2026-02-17 04:55:00,1560.0,1563.0,1558.5999755859375,1562.9000244140625,35282
2026-02-17 05:00:00,1562.9000244140625,1562.9000244140625,1560.9000244140625,1561.5,46932
2026-02-17 05:05:00,1561.5,1562.9000244140625,1560.5,1561.5,36507
2026-02-17 05:10:00,1561.699951171875,1562.199951171875,1556.9000244140625,1561.0,492160
2026-02-17 05:15:00,1561.300048828125,1563.5999755859375,1557.5999755859375,1558.5999755859375,74001
2026-02-17 05:20:00,1559.0999755859375,1560.5999755859375,1558.0,1560.0,27495
2026-02-17 05:25:00,1560.0,1562.0,1557.0,1558.5,49852
2026-02-17 05:30:00,1558.300048828125,1559.9000244140625,1556.9000244140625,1557.699951171875,38867
2026-02-17 05:35:00,1557.699951171875,1559.9000244140625,1556.9000244140625,1558.699951171875,26077
2026-02-17 05:40:00,1558.800048828125,1560.0,1556.9000244140625,1557.0999755859375,42486
2026-02-17 05:45:00,1557.0999755859375,1560.5,1557.0,1559.4000244140625,18480
2026-02-17 05:50:00,1559.4000244140625,1562.9000244140625,1558.300048828125,1561.5999755859375,27111
2026-02-17 05:55:00,1561.699951171875,1562.0,1557.300048828125,1557.800048828125,50917
2026-02-17 06:00:00,1557.800048828125,1561.0999755859375,1557.0999755859375,1560.9000244140625,31156
2026-02-17 06:05:00,1560.5,1562.0,1556.699951171875,1558.0,36063
2026-02-17 06:10:00,1558.0,1558.5999755859375,1556.5999755859375,1557.4000244140625,29218
2026-02-17 06:15:00,1557.4000244140625,1559.5,1556.800048828125,1557.9000244140625,27262
2026-02-17 06:20:00,1557.9000244140625,1561.699951171875,1557.5999755859375,1560.5999755859375,50342
2026-02-17 06:25:00,1561.0,1561.5,1558.699951171875,1561.4000244140625,38641
2026-02-17 06:30:00,1561.5,1563.0999755859375,1560.5,1561.5,25351
2026-02-17 06:35:00,1561.5,1564.0999755859375,1561.0999755859375,1564.0,30277
2026-02-17 06:40:00,1564.0,1565.0,1562.4000244140625,1564.5,39205
2026-02-17 06:45:00,1564.5999755859375,1568.0,1564.0999755859375,1567.0,57896
2026-02-17 06:50:00,1567.5,1568.0,1565.199951171875,1566.9000244140625,32666
2026-02-17 06:55:00,1566.4000244140625,1570.5,1566.4000244140625,1569.5999755859375,60314
2026-02-17 07:00:00,1570.0999755859375,1572.199951171875,1568.199951171875,1572.0,41812
2026-02-17 07:05:00,1572.0,1575.9000244140625,1571.9000244140625,1573.800048828125,56433
2026-02-17 07:10:00,1573.9000244140625,1574.4000244140625,1568.9000244140625,1570.4000244140625,43538
2026-02-17 07:15:00,1570.0999755859375,1572.0999755859375,1569.5,1571.9000244140625,23109
2026-02-17 07:20:00,1572.0,1576.4000244140625,1570.0999755859375,1575.4000244140625,96043
2026-02-17 07:25:00,1575.5,1575.5,1573.0,1573.4000244140625,43560
2026-02-17 07:30:00,1573.9000244140625,1574.0999755859375,1571.5999755859375,1572.4000244140625,35161
2026-02-17 07:35:00,1571.199951171875,1573.5999755859375,1571.0,1573.5,38188
2026-02-17 07:40:00,1573.5999755859375,1573.699951171875,1570.0,1570.699951171875,34718
2026-02-17 07:45:00,1571.0,1571.300048828125,1567.4000244140625,1567.9000244140625,41821
2026-02-17 07:50:00,1568.0999755859375,1569.4000244140625,1567.800048828125,1569.4000244140625,26544
2026-02-17 07:55:00,1569.300048828125,1571.0999755859375,1568.0999755859375,1569.0,93830
2026-02-17 08:00:00,1569.0,1569.5,1567.199951171875,1567.9000244140625,15672
2026-02-17 08:05:00,1567.9000244140625,1568.0999755859375,1566.5,1567.5999755859375,10849
2026-02-17 08:10:00,1567.5999755859375,1569.9000244140625,1567.4000244140625,1568.5999755859375,6056
2026-02-17 08:15:00,1568.5999755859375,1569.4000244140625,1566.5,1566.800048828125,13512
2026-02-17 08:20:00,1566.800048828125,1569.0999755859375,1565.300048828125,1568.4000244140625,18730
2026-02-17 08:25:00,1568.0999755859375,1568.4000244140625,1565.699951171875,1567.0,19272
2026-02-17 08:30:00,1566.699951171875,1568.800048828125,1565.5,1568.5,18940
2026-02-17 08:35:00,1568.300048828125,1568.5999755859375,1567.300048828125,1568.4000244140625,4818
2026-02-17 08:40:00,1566.9000244140625,1567.0999755859375,1563.800048828125,1563.9000244140625,21584
2026-02-17 08:45:00,1563.9000244140625,1566.5,1563.300048828125,1565.5999755859375,32347
2026-02-17 08:50:00,1565.5999755859375,1567.699951171875,1564.5,1566.4000244140625,8201
2026-02-17 08:55:00,1566.4000244140625,1568.0,1566.0999755859375,1568.0,8482
2026-02-17 09:00:00,1568.0,1568.0999755859375,1566.0,1568.0999755859375,12371
2026-02-17 09:05:00,1568.0,1571.5999755859375,1566.0,1570.5999755859375,34023
2026-02-17 09:10:00,1570.5999755859375,1571.0,1570.199951171875,1570.300048828125,33785
2026-02-17 09:15:00,1570.300048828125,1570.300048828125,1566.199951171875,1567.0999755859375,33070
2026-02-17 09:20:00,1567.0999755859375,1567.0999755859375,1566.0,1566.5999755859375,25407
2026-02-17 09:25:00,1566.300048828125,1567.800048828125,1565.5,1567.0,55644
2026-02-17 09:30:00,1568.0,1569.300048828125,1567.4000244140625,1567.5999755859375,79446
2026-02-17 09:35:00,1567.800048828125,1567.800048828125,1566.699951171875,1566.9000244140625,39103
2026-02-17 09:40:00,1566.9000244140625,1567.800048828125,1566.699951171875,1567.300048828125,105196
2026-02-17 09:45:00,1567.199951171875,1567.5,1566.699951171875,1566.9000244140625,46412
2026-02-17 09:50:00,1566.9000244140625,1567.0,1566.4000244140625,1566.4000244140625,90476
2026-02-17 09:55:00,1566.5,1567.0999755859375,1561.0999755859375,1562.5999755859375,136826
2026-02-18 03:45:00,1564.5999755859375,1564.5999755859375,1549.4000244140625,1550.0,0
2026-02-18 03:50:00,1550.0,1550.0,1542.5,1543.699951171875,51934
2026-02-18 03:55:00,1543.699951171875,1548.5999755859375,1543.0,1547.9000244140625,25710
2026-02-18 04:00:00,1547.9000244140625,1551.0,1546.9000244140625,1550.800048828125,31900
2026-02-18 04:05:00,1550.5,1551.699951171875,1546.199951171875,1549.199951171875,17887
2026-02-18 04:10:00,1548.0999755859375,1549.9000244140625,1548.0,1549.300048828125,6406
2026-02-18 04:15:00,1549.5,1549.5,1543.9000244140625,1545.199951171875,41547
2026-02-18 04:20:00,1545.199951171875,1545.4000244140625,1543.0,1543.9000244140625,12425
2026-02-18 04:25:00,1544.0,1544.0,1541.199951171875,1541.9000244140625,27988
2026-02-18 04:30:00,1541.9000244140625,1543.5999755859375,1540.0999755859375,1543.5,15173
2026-02-18 04:35:00,1543.5,1545.4000244140625,1542.800048828125,1543.5,12390
2026-02-18 04:40:00,1544.300048828125,1546.0,1544.0,1544.5,8551
2026-02-18 04:45:00,1544.300048828125,1544.5,1541.800048828125,1543.800048828125,8554
2026-02-18 04:50:00,1544.0,1545.9000244140625,1543.199951171875,1545.5,11304
2026-02-18 04:55:00,1545.5,1545.9000244140625,1541.0999755859375,1541.9000244140625,16983
2026-02-18 05:00:00,1541.5,1545.5,1541.199951171875,1545.5,6669
2026-02-18 05:05:00,1545.5,1546.199951171875,1541.5,1541.5,13863
2026-02-18 05:10:00,1541.5,1543.4000244140625,1541.4000244140625,1542.0,6355
2026-02-18 05:15:00,1542.0,1543.5999755859375,1541.0,1543.5,9471
2026-02-18 05:20:00,1543.800048828125,1546.199951171875,1543.0999755859375,1544.800048828125,9299
2026-02-18 05:25:00,1544.800048828125,1547.4000244140625,1544.5,1546.800048828125,12446
2026-02-18 05:30:00,1546.800048828125,1547.4000244140625,1545.699951171875,1546.0999755859375,10247
2026-02-18 05:35:00,1546.0999755859375,1546.9000244140625,1543.699951171875,1546.800048828125,9961
2026-02-18 05:40:00,1546.9000244140625,1546.9000244140625,1543.0,1544.699951171875,7440
2026-02-18 05:45:00,1544.300048828125,1545.0999755859375,1544.0,1544.199951171875,2947
2026-02-18 05:50:00,1544.5999755859375,1545.0,1544.0,1544.0,3135
2026-02-18 05:55:00,1544.0,1545.699951171875,1542.5999755859375,1545.4000244140625,5789
2026-02-18 06:00:00,1545.4000244140625,1548.4000244140625,1545.0,1548.300048828125,7114
2026-02-18 06:05:00,1548.199951171875,1548.300048828125,1546.0999755859375,1546.9000244140625,6936
2026-02-18 06:10:00,1546.9000244140625,1547.0999755859375,1545.0,1546.0,5032
2026-02-18 06:15:00,1546.5,1548.0999755859375,1546.0,1548.0,7662
2026-02-18 06:20:00,1548.0,1548.4000244140625,1547.800048828125,1548.199951171875,12837
2026-02-18 06:25:00,1548.4000244140625,1551.0999755859375,1545.5999755859375,1551.0,46722
2026-02-18 06:30:00,1551.0,1552.5999755859375,1550.199951171875,1552.0999755859375,46270
2026-02-18 06:35:00,1552.0999755859375,1552.5,1551.5999755859375,1552.0,11790
2026-02-18 06:40:00,1552.0,1552.5,1549.5999755859375,1552.5,21716
2026-02-18 06:45:00,1552.0999755859375,1553.0,1550.5999755859375,1552.0,28066
2026-02-18 06:50:00,1552.0,1553.5,1551.5,1552.5999755859375,38452
2026-02-18 06:55:00,1552.5999755859375,1553.4000244140625,1550.0999755859375,1551.4000244140625,9393
2026-02-18 07:00:00,1549.9000244140625,1550.5999755859375,1549.0,1549.800048828125,6104
2026-02-18 07:05:00,1550.300048828125,1550.5,1549.0999755859375,1550.4000244140625,5296
2026-02-18 07:10:00,1550.4000244140625,1550.4000244140625,1548.0999755859375,1549.5,6809
2026-02-18 07:15:00,1549.5,1550.0,1549.0,1549.5,4247
2026-02-18 07:20:00,1549.5,1549.800048828125,1547.199951171875,1549.699951171875,13546
2026-02-18 07:25:00,1549.800048828125,1550.4000244140625,1548.800048828125,1550.4000244140625,1715
2026-02-18 07:30:00,1550.300048828125,1550.5,1549.199951171875,1550.5,2344
2026-02-18 07:35:00,1550.5,1550.5,1549.300048828125,1550.5,2302
2026-02-18 07:40:00,1550.0,1550.5,1549.5999755859375,1549.9000244140625,2064
2026-02-18 07:45:00,1550.5,1551.0999755859375,1549.800048828125,1550.5999755859375,5013
2026-02-18 07:50:00,1551.0,1551.0,1550.0,1550.9000244140625,2275
2026-02-18 07:55:00,1550.9000244140625,1550.9000244140625,1548.9000244140625,1549.800048828125,13292
2026-02-18 08:00:00,1549.9000244140625,1550.0999755859375,1548.800048828125,1549.300048828125,7716
2026-02-18 08:05:00,1549.9000244140625,1550.0,1548.800048828125,1549.5999755859375,5218
2026-02-18 08:10:00,1549.5999755859375,1550.199951171875,1549.0,1549.5999755859375,3032
2026-02-18 08:15:00,1549.0999755859375,1550.0,1548.300048828125,1549.800048828125,6099
2026-02-18 08:20:00,1549.5999755859375,1550.0999755859375,1545.5999755859375,1545.5999755859375,10844
2026-02-18 08:25:00,1545.5,1549.5,1545.4000244140625,1548.5999755859375,10421
2026-02-18 08:30:00,1548.0,1549.199951171875,1547.5,1547.5,4157
2026-02-18 08:35:00,1548.0,1548.0,1547.5,1547.9000244140625,3141
2026-02-18 08:40:00,1547.9000244140625,1549.699951171875,1547.5999755859375,1549.699951171875,5072
2026-02-18 08:45:00,1549.699951171875,1550.0999755859375,1549.0999755859375,1549.800048828125,6310
2026-02-18 08:50:00,1550.0,1553.800048828125,1549.5999755859375,1553.699951171875,32429
2026-02-18 08:55:00,1554.0,1554.0999755859375,1550.5,1551.5,45108
2026-02-18 09:00:00,1551.0999755859375,1551.9000244140625,1549.4000244140625,1549.9000244140625,8980
2026-02-18 09:05:00,1549.5,1551.0999755859375,1549.0999755859375,1550.5,11756
2026-02-18 09:10:00,1550.5,1551.300048828125,1549.9000244140625,1550.800048828125,6518
2026-02-18 09:15:00,1551.0999755859375,1551.5,1550.0,1550.199951171875,9897
2026-02-18 09:20:00,1550.9000244140625,1552.0,1549.699951171875,1550.300048828125,14278
2026-02-18 09:25:00,1550.300048828125,1552.0,1550.300048828125,1551.0,13844
2026-02-18 09:30:00,1551.800048828125,1553.699951171875,1550.5999755859375,1552.4000244140625,77303
2026-02-18 09:35:00,1552.699951171875,1553.0,1550.800048828125,1552.199951171875,81244
2026-02-18 09:40:00,1551.9000244140625,1552.800048828125,1550.800048828125,1551.4000244140625,37076
2026-02-18 09:45:00,1550.9000244140625,1551.4000244140625,1550.300048828125,1551.0,54916
2026-02-18 09:50:00,1551.199951171875,1551.199951171875,1548.5999755859375,1549.4000244140625,55894
2026-02-18 09:55:00,1549.0,1550.800048828125,1548.5,1550.800048828125,46530
2026-02-19 03:45:00,1549.800048828125,1549.800048828125,1542.300048828125,1546.9000244140625,0
2026-02-19 03:50:00,1546.9000244140625,1549.5,1544.0999755859375,1544.0999755859375,32046
2026-02-19 03:55:00,1544.800048828125,1544.9000244140625,1541.699951171875,1542.0,21943
2026-02-19 04:00:00,1542.699951171875,1543.4000244140625,1539.4000244140625,1539.5999755859375,21949
2026-02-19 04:05:00,1539.0,1541.300048828125,1536.5,1537.5999755859375,19462
2026-02-19 04:10:00,1537.5999755859375,1537.699951171875,1535.4000244140625,1536.199951171875,13416
2026-02-19 04:15:00,1535.9000244140625,1538.4000244140625,1533.800048828125,1537.4000244140625,27145
2026-02-19 04:20:00,1537.5,1537.800048828125,1535.5,1535.5,23392
2026-02-19 04:25:00,1535.5,1537.0999755859375,1533.800048828125,1535.0999755859375,15539
2026-02-19 04:30:00,1535.699951171875,1537.5999755859375,1535.0,1537.0,4810
2026-02-19 04:35:00,1537.4000244140625,1539.5,1534.199951171875,1535.0999755859375,13024
2026-02-19 04:40:00,1535.0999755859375,1537.4000244140625,1532.199951171875,1536.4000244140625,15839
2026-02-19 04:45:00,1536.4000244140625,1541.0,1536.0,1540.0,10555
2026-02-19 04:50:00,1539.9000244140625,1541.9000244140625,1538.0,1541.0,14383
2026-02-19 04:55:00,1541.5,1541.5,1540.0999755859375,1541.300048828125,8243
2026-02-19 05:00:00,1541.199951171875,1541.199951171875,1538.0,1538.5999755859375,7121
2026-02-19 05:05:00,1538.4000244140625,1538.5999755859375,1535.5,1536.5,15843
2026-02-19 05:10:00,1536.5,1539.0,1536.5,1538.800048828125,6492
2026-02-19 05:15:00,1538.800048828125,1538.9000244140625,1535.5999755859375,1535.699951171875,9848
2026-02-19 05:20:00,1536.4000244140625,1538.800048828125,1535.4000244140625,1537.699951171875,11254
2026-02-19 05:25:00,1537.199951171875,1539.5,1536.0,1538.800048828125,6665
2026-02-19 05:30:00,1539.300048828125,1540.0,1536.4000244140625,1537.4000244140625,11647
2026-02-19 05:35:00,1537.5,1540.800048828125,1536.800048828125,1539.699951171875,5934
2026-02-19 05:40:00,1539.800048828125,1539.800048828125,1533.4000244140625,1533.4000244140625,10671
2026-02-19 05:45:00,1533.9000244140625,1534.5,1532.0999755859375,1533.800048828125,9707
2026-02-19 05:50:00,1534.4000244140625,1536.4000244140625,1534.0,1535.0,4924
2026-02-19 05:55:00,1535.0,1536.4000244140625,1535.0,1536.0999755859375,4877
2026-02-19 06:00:00,1536.5,1536.9000244140625,1536.0999755859375,1536.5,7456
2026-02-19 06:05:00,1535.300048828125,1536.0,1534.0,1534.5,4166
2026-02-19 06:10:00,1534.0,1534.199951171875,1530.5,1532.300048828125,13984
2026-02-19 06:15:00,1532.699951171875,1532.699951171875,1531.0,1532.199951171875,3125
2026-02-19 06:20:00,1532.199951171875,1533.0,1531.0,1533.0,6805
2026-02-19 06:25:00,1533.0,1534.0,1532.300048828125,1533.699951171875,3358
2026-02-19 06:30:00,1533.5999755859375,1533.5999755859375,1531.699951171875,1531.9000244140625,7806
2026-02-19 06:35:00,1531.9000244140625,1532.699951171875,1530.9000244140625,1530.9000244140625,14562
2026-02-19 06:40:00,1531.0,1531.0,1529.0,1529.9000244140625,14101
2026-02-19 06:45:00,1529.4000244140625,1531.0999755859375,1528.0,1529.800048828125,13531
2026-02-19 06:50:00,1529.9000244140625,1532.0999755859375,1529.800048828125,1530.9000244140625,5777
2026-02-19 06:55:00,1530.5,1532.800048828125,1530.0,1532.0999755859375,3606
2026-02-19 07:00:00,1532.0,1533.300048828125,1531.0,1532.5,3128
2026-02-19 07:05:00,1532.5,1533.300048828125,1530.300048828125,1531.5,3138
2026-02-19 07:10:00,1531.5,1531.5,1529.0,1529.300048828125,4697
2026-02-19 07:15:00,1529.300048828125,1531.199951171875,1529.0999755859375,1530.0999755859375,2402
2026-02-19 07:20:00,1530.199951171875,1531.800048828125,1529.5999755859375,1530.800048828125,13464
2026-02-19 07:25:00,1531.5999755859375,1532.4000244140625,1530.199951171875,1530.699951171875,4099
2026-02-19 07:30:00,1530.9000244140625,1531.4000244140625,1530.0,1530.4000244140625,3250
2026-02-19 07:35:00,1531.199951171875,1534.0,1530.4000244140625,1533.800048828125,8660
2026-02-19 07:40:00,1534.4000244140625,1536.0,1533.9000244140625,1536.0,19399
2026-02-19 07:45:00,1535.9000244140625,1535.9000244140625,1533.5,1534.0,3637
2026-02-19 07:50:00,1534.0,1534.4000244140625,1532.699951171875,1533.4000244140625,2177
2026-02-19 07:55:00,1532.9000244140625,1533.5,1531.0,1532.5999755859375,4165
2026-02-19 08:00:00,1532.5999755859375,1532.5999755859375,1528.0,1529.4000244140625,22313
2026-02-19 08:05:00,1528.800048828125,1529.9000244140625,1527.4000244140625,1528.5,12698
2026-02-19 08:10:00,1528.800048828125,1529.5999755859375,1527.5999755859375,1528.699951171875,2855
2026-02-19 08:15:00,1528.199951171875,1528.9000244140625,1527.0,1527.300048828125,4069
2026-02-19 08:20:00,1527.0,1527.300048828125,1524.0999755859375,1525.4000244140625,9533
2026-02-19 08:25:00,1525.4000244140625,1525.800048828125,1524.0999755859375,1524.0999755859375,3895
2026-02-19 08:30:00,1524.0999755859375,1524.699951171875,1523.5999755859375,1523.699951171875,3306
2026-02-19 08:35:00,1524.4000244140625,1524.5,1522.800048828125,1523.0,8329
2026-02-19 08:40:00,1523.199951171875,1524.699951171875,1522.5999755859375,1523.5,11982
2026-02-19 08:45:00,1523.5,1525.5,1522.800048828125,1524.699951171875,17248
2026-02-19 08:50:00,1524.5,1527.0,1524.0,1524.5999755859375,14102
2026-02-19 08:55:00,1524.199951171875,1524.9000244140625,1521.9000244140625,1522.4000244140625,7151
2026-02-19 09:00:00,1522.4000244140625,1524.800048828125,1522.4000244140625,1523.5,3970
2026-02-19 09:05:00,1524.199951171875,1526.0,1523.800048828125,1525.0999755859375,7185
2026-02-19 09:10:00,1525.0,1526.0,1521.0,1521.0,18588
2026-02-19 09:15:00,1520.5,1522.9000244140625,1519.5999755859375,1522.9000244140625,30723
2026-02-19 09:20:00,1522.0,1523.9000244140625,1522.0,1523.9000244140625,14734
2026-02-19 09:25:00,1523.5,1526.300048828125,1522.5,1524.800048828125,12177
2026-02-19 09:30:00,1523.300048828125,1523.300048828125,1517.0,1518.0,42261
2026-02-19 09:35:00,1518.0,1518.5999755859375,1513.4000244140625,1515.5999755859375,28781
2026-02-19 09:40:00,1516.199951171875,1516.699951171875,1512.300048828125,1513.0,29906
2026-02-19 09:45:00,1513.0999755859375,1513.9000244140625,1512.0,1512.0,25335
2026-02-19 09:50:00,1512.0,1512.0,1507.300048828125,1508.300048828125,53006
2026-02-19 09:55:00,1508.800048828125,1511.699951171875,1508.199951171875,1511.699951171875,29170
2026-02-20 03:45:00,1514.199951171875,1517.800048828125,1513.800048828125,1516.0999755859375,0
2026-02-20 03:50:00,1515.199951171875,1519.0,1515.0999755859375,1516.699951171875,19111
2026-02-20 03:55:00,1516.0999755859375,1516.0999755859375,1510.9000244140625,1511.300048828125,19866
2026-02-20 04:00:00,1511.0,1514.5999755859375,1510.0999755859375,1514.5999755859375,18976
2026-02-20 04:05:00,1514.199951171875,1515.5,1513.300048828125,1513.300048828125,10338
2026-02-20 04:10:00,1513.5999755859375,1514.0,1511.0,1513.199951171875,6581
2026-02-20 04:15:00,1513.199951171875,1516.4000244140625,1513.0,1515.0,7122
2026-02-20 04:20:00,1515.199951171875,1516.800048828125,1514.0,1515.0,8974
2026-02-20 04:25:00,1515.5,1515.9000244140625,1514.0,1514.5,4574
2026-02-20 04:30:00,1515.0,1515.0,1508.5,1509.800048828125,16655
2026-02-20 04:35:00,1509.800048828125,1510.300048828125,1506.0,1507.300048828125,13129
2026-02-20 04:40:00,1507.699951171875,1508.4000244140625,1506.0999755859375,1506.0999755859375,10651
2026-02-20 04:45:00,1506.0999755859375,1511.5999755859375,1506.0999755859375,1511.4000244140625,14180
2026-02-20 04:50:00,1511.5,1512.199951171875,1509.0999755859375,1509.300048828125,11366
2026-02-20 04:55:00,1508.199951171875,1511.0,1508.199951171875,1509.300048828125,9003
2026-02-20 05:00:00,1509.300048828125,1513.9000244140625,1509.300048828125,1512.5999755859375,11938
2026-02-20 05:05:00,1512.5999755859375,1513.199951171875,1512.0,1512.5,10619
2026-02-20 05:10:00,1512.5,1517.5,1512.5,1517.5,22382
2026-02-20 05:15:00,1517.5,1519.199951171875,1516.199951171875,1516.699951171875,30869
2026-02-20 05:20:00,1516.4000244140625,1518.9000244140625,1516.300048828125,1517.4000244140625,12900
2026-02-20 05:25:00,1517.199951171875,1518.0,1515.0,1517.0,7634
2026-02-20 05:30:00,1517.0,1517.5999755859375,1514.800048828125,1515.300048828125,7523
2026-02-20 05:35:00,1515.300048828125,1515.699951171875,1512.5999755859375,1513.300048828125,12849
2026-02-20 05:40:00,1513.300048828125,1513.5,1511.300048828125,1512.199951171875,8343
2026-02-20 05:45:00,1512.199951171875,1514.4000244140625,1512.199951171875,1513.0,7644
2026-02-20 05:50:00,1513.0,1513.800048828125,1512.199951171875,1513.4000244140625,17651
2026-02-20 05:55:00,1513.300048828125,1515.800048828125,1512.699951171875,1514.9000244140625,4884
2026-02-20 06:00:00,1514.9000244140625,1516.5,1514.800048828125,1515.0999755859375,8531
2026-02-20 06:05:00,1515.0999755859375,1515.0999755859375,1512.5999755859375,1513.0999755859375,8684
2026-02-20 06:10:00,1513.300048828125,1516.0,1513.300048828125,1515.5,10141
2026-02-20 06:15:00,1515.4000244140625,1517.0,1513.800048828125,1513.800048828125,10381
2026-02-20 06:20:00,1514.0,1517.5999755859375,1513.800048828125,1516.800048828125,12494
2026-02-20 06:25:00,1516.800048828125,1517.9000244140625,1516.5,1517.5,7422
2026-02-20 06:30:00,1517.5,1517.5,1515.0,1515.800048828125,11505
2026-02-20 06:35:00,1515.800048828125,1516.5,1515.0,1516.0,4565
2026-02-20 06:40:00,1515.800048828125,1517.199951171875,1515.699951171875,1517.199951171875,8414
2026-02-20 06:45:00,1517.199951171875,1520.699951171875,1516.699951171875,1520.5,22893
2026-02-20 06:50:00,1520.5,1522.800048828125,1520.300048828125,1521.9000244140625,10958
2026-02-20 06:55:00,1522.0999755859375,1524.800048828125,1521.300048828125,1523.5999755859375,12293
2026-02-20 07:00:00,1523.9000244140625,1529.199951171875,1523.5999755859375,1526.800048828125,21461
2026-02-20 07:05:00,1526.800048828125,1528.300048828125,1526.300048828125,1527.4000244140625,13904
2026-02-20 07:10:00,1527.4000244140625,1527.800048828125,1523.300048828125,1524.5999755859375,15597
2026-02-20 07:15:00,1524.4000244140625,1527.4000244140625,1523.699951171875,1525.699951171875,9512
2026-02-20 07:20:00,1525.699951171875,1526.800048828125,1525.199951171875,1526.0,9274
2026-02-20 07:25:00,1526.0,1526.199951171875,1523.0,1523.0,11413
2026-02-20 07:30:00,1523.0,1523.0,1520.0,1521.0,13914
2026-02-20 07:35:00,1520.800048828125,1521.4000244140625,1519.300048828125,1520.5,14063
2026-02-20 07:40:00,1520.0999755859375,1521.300048828125,1516.699951171875,1518.300048828125,10290
2026-02-20 07:45:00,1518.0,1518.4000244140625,1514.800048828125,1515.0999755859375,11732
2026-02-20 07:50:00,1515.5999755859375,1516.0999755859375,1514.4000244140625,1515.199951171875,14519
2026-02-20 07:55:00,1515.300048828125,1517.9000244140625,1515.0,1517.300048828125,9340
2026-02-20 08:00:00,1517.0,1519.5,1517.0,1518.0,9325
2026-02-20 08:05:00,1518.0,1519.4000244140625,1516.0,1516.199951171875,7826
2026-02-20 08:10:00,1516.0,1516.300048828125,1514.5,1515.800048828125,9265
2026-02-20 08:15:00,1515.800048828125,1516.5999755859375,1515.0,1516.0,7388
2026-02-20 08:20:00,1516.0,1516.0,1514.199951171875,1514.199951171875,8452
2026-02-20 08:25:00,1514.199951171875,1517.199951171875,1514.199951171875,1516.4000244140625,7760
2026-02-20 08:30:00,1516.300048828125,1518.5999755859375,1515.699951171875,1517.300048828125,6146
2026-02-20 08:35:00,1517.0,1518.4000244140625,1515.5,1516.699951171875,20601
2026-02-20 08:40:00,1517.4000244140625,1517.4000244140625,1515.800048828125,1516.5999755859375,8056
2026-02-20 08:45:00,1516.5999755859375,1519.0999755859375,1516.5999755859375,1518.5,7544
2026-02-20 08:50:00,1518.5,1522.0,1517.5999755859375,1518.0999755859375,9051
2026-02-20 08:55:00,1517.9000244140625,1518.800048828125,1517.0,1517.300048828125,11533
2026-02-20 09:00:00,1516.5999755859375,1517.300048828125,1515.199951171875,1515.699951171875,9843
2026-02-20 09:05:00,1515.699951171875,1517.300048828125,1514.0,1515.4000244140625,19239
2026-02-20 09:10:00,1515.4000244140625,1516.199951171875,1514.0999755859375,1515.9000244140625,14589
2026-02-20 09:15:00,1516.199951171875,1519.0,1515.800048828125,1518.699951171875,15302
2026-02-20 09:20:00,1518.699951171875,1518.699951171875,1515.5,1518.0,13915
2026-02-20 09:25:00,1517.800048828125,1519.199951171875,1517.0,1519.199951171875,12038
2026-02-20 09:30:00,1519.800048828125,1519.800048828125,1515.0,1515.199951171875,37629
2026-02-20 09:35:00,1515.0,1515.0,1512.0999755859375,1512.0999755859375,45421
2026-02-20 09:40:00,1512.0,1512.4000244140625,1510.5,1511.4000244140625,41176
2026-02-20 09:45:00,1511.199951171875,1512.300048828125,1510.4000244140625,1510.4000244140625,39949
2026-02-20 09:50:00,1510.0999755859375,1511.199951171875,1508.0,1511.199951171875,66141
2026-02-20 09:55:00,1510.9000244140625,1515.300048828125,1508.0,1511.5,51437
2026-02-23 03:45:00,1516.5,1529.5999755859375,1516.4000244140625,1528.699951171875,0
2026-02-23 03:50:00,1528.300048828125,1538.0,1528.0,1537.5,51869
2026-02-23 03:55:00,1537.4000244140625,1544.199951171875,1537.0999755859375,1544.199951171875,125970
2026-02-23 04:00:00,1543.5999755859375,1549.5999755859375,1543.5999755859375,1548.0,97744
2026-02-23 04:05:00,1548.0,1553.699951171875,1546.0,1550.5999755859375,82984
2026-02-23 04:10:00,1551.4000244140625,1554.800048828125,1550.5999755859375,1554.5,71386
2026-02-23 04:15:00,1553.5999755859375,1554.9000244140625,1550.0,1553.9000244140625,78668
2026-02-23 04:20:00,1553.300048828125,1557.0,1552.699951171875,1553.699951171875,91113
2026-02-23 04:25:00,1553.0999755859375,1560.0,1552.0999755859375,1559.5999755859375,91817
2026-02-23 04:30:00,1559.5999755859375,1564.4000244140625,1558.199951171875,1558.199951171875,147072
2026-02-23 04:35:00,1558.0999755859375,1560.0,1550.4000244140625,1554.5999755859375,130645
2026-02-23 04:40:00,1554.4000244140625,1555.0,1548.0,1550.4000244140625,98075
2026-02-23 04:45:00,1550.5,1558.4000244140625,1550.5,1557.0,61789
2026-02-23 04:50:00,1556.5999755859375,1560.9000244140625,1555.0,1557.9000244140625,87004
2026-02-23 04:55:00,1557.5,1558.5,1551.199951171875,1553.300048828125,46041
2026-02-23 05:00:00,1552.5999755859375,1554.800048828125,1549.0,1551.4000244140625,33583
2026-02-23 05:05:00,1551.5,1552.5999755859375,1549.4000244140625,1549.9000244140625,23725
2026-02-23 05:10:00,1549.9000244140625,1550.0,1543.4000244140625,1545.5,66072
2026-02-23 05:15:00,1545.4000244140625,1548.699951171875,1544.199951171875,1547.0,41995
2026-02-23 05:20:00,1546.699951171875,1550.5,1546.5,1549.699951171875,26909
2026-02-23 05:25:00,1549.199951171875,1553.9000244140625,1549.199951171875,1553.0,29172
2026-02-23 05:30:00,1553.0,1554.699951171875,1549.699951171875,1552.0,25266
2026-02-23 05:35:00,1552.0,1552.4000244140625,1549.699951171875,1551.0999755859375,17134
2026-02-23 05:40:00,1551.199951171875,1553.0,1550.5,1552.699951171875,19474
2026-02-23 05:45:00,1553.0,1557.4000244140625,1552.5999755859375,1553.5999755859375,66202
2026-02-23 05:50:00,1553.4000244140625,1554.300048828125,1551.800048828125,1551.800048828125,18546
2026-02-23 05:55:00,1552.4000244140625,1553.5999755859375,1552.0999755859375,1552.199951171875,13538
2026-02-23 06:00:00,1551.199951171875,1551.199951171875,1548.0,1548.5999755859375,32530
2026-02-23 06:05:00,1548.5,1551.800048828125,1548.0,1551.199951171875,15306
2026-02-23 06:10:00,1551.199951171875,1551.5999755859375,1548.199951171875,1549.0999755859375,11486
2026-02-23 06:15:00,1548.800048828125,1549.5999755859375,1546.300048828125,1547.0999755859375,20244
2026-02-23 06:20:00,1547.5999755859375,1551.5,1547.0,1550.800048828125,15609
2026-02-23 06:25:00,1550.4000244140625,1550.5,1547.199951171875,1548.300048828125,13690
2026-02-23 06:30:00,1547.5999755859375,1548.800048828125,1546.699951171875,1546.9000244140625,25833
2026-02-23 06:35:00,1547.0,1548.0,1546.0,1547.9000244140625,13056
2026-02-23 06:40:00,1547.9000244140625,1548.0,1546.0,1546.4000244140625,12886
2026-02-23 06:45:00,1546.800048828125,1551.699951171875,1546.0,1551.4000244140625,25062
2026-02-23 06:50:00,1551.4000244140625,1551.5999755859375,1549.199951171875,1549.4000244140625,15807
2026-02-23 06:55:00,1549.800048828125,1550.0,1547.800048828125,1549.300048828125,14884
2026-02-23 07:00:00,1549.0,1549.199951171875,1546.699951171875,1548.199951171875,12388
2026-02-23 07:05:00,1547.9000244140625,1549.5,1547.5,1548.300048828125,17437
2026-02-23 07:10:00,1548.5999755859375,1550.0,1548.300048828125,1550.0,15652
2026-02-23 07:15:00,1550.0,1550.800048828125,1548.0999755859375,1548.4000244140625,23586
2026-02-23 07:20:00,1548.0,1549.0999755859375,1547.5999755859375,1549.0999755859375,10193
2026-02-23 07:25:00,1549.4000244140625,1549.800048828125,1548.0999755859375,1548.9000244140625,8857
2026-02-23 07:30:00,1548.300048828125,1548.9000244140625,1545.699951171875,1546.699951171875,19749
2026-02-23 07:35:00,1546.300048828125,1548.699951171875,1546.0,1548.300048828125,16205
2026-02-23 07:40:00,1548.0999755859375,1548.4000244140625,1546.0,1546.9000244140625,21167
2026-02-23 07:45:00,1546.300048828125,1548.0,1545.199951171875,1547.5999755859375,15097
2026-02-23 07:50:00,1547.0,1550.5,1547.0,1548.800048828125,34759
2026-02-23 07:55:00,1547.5,1547.800048828125,1545.5,1547.0,23089
2026-02-23 08:00:00,1547.5,1548.0999755859375,1544.0,1544.0,31080
2026-02-23 08:05:00,1544.5999755859375,1545.4000244140625,1543.9000244140625,1544.9000244140625,10530
2026-02-23 08:10:00,1544.9000244140625,1546.0,1542.800048828125,1545.699951171875,21308
2026-02-23 08:15:00,1545.800048828125,1547.4000244140625,1545.4000244140625,1546.800048828125,10708
2026-02-23 08:20:00,1546.800048828125,1548.199951171875,1546.300048828125,1547.5,23976
2026-02-23 08:25:00,1547.5,1547.699951171875,1545.0999755859375,1545.5,12684
2026-02-23 08:30:00,1545.4000244140625,1546.0,1542.5999755859375,1544.9000244140625,23676
2026-02-23 08:35:00,1544.9000244140625,1545.4000244140625,1542.300048828125,1544.4000244140625,17336
2026-02-23 08:40:00,1544.800048828125,1544.9000244140625,1543.0,1544.0999755859375,12397
2026-02-23 08:45:00,1543.4000244140625,1544.800048828125,1541.0999755859375,1544.5999755859375,22895
2026-02-23 08:50:00,1544.5999755859375,1544.5999755859375,1542.5,1542.5,14961
2026-02-23 08:55:00,1543.0,1545.0,1542.0,1545.0,14580
2026-02-23 09:00:00,1545.199951171875,1550.0,1545.199951171875,1549.9000244140625,36074
2026-02-23 09:05:00,1549.4000244140625,1554.0,1549.4000244140625,1553.199951171875,58290
2026-02-23 09:10:00,1553.5,1555.5,1551.5999755859375,1551.800048828125,49347
2026-02-23 09:15:00,1552.699951171875,1555.9000244140625,1551.0999755859375,1554.4000244140625,27279
2026-02-23 09:20:00,1554.699951171875,1554.699951171875,1552.0,1552.699951171875,29901
2026-02-23 09:25:00,1552.5,1554.0999755859375,1551.0,1551.0999755859375,82547
2026-02-23 09:30:00,1552.5999755859375,1557.4000244140625,1552.5999755859375,1557.199951171875,81945
2026-02-23 09:35:00,1557.199951171875,1558.5999755859375,1554.300048828125,1555.5999755859375,78069
2026-02-23 09:40:00,1556.0,1557.699951171875,1555.699951171875,1557.0,60317
2026-02-23 09:45:00,1556.9000244140625,1557.9000244140625,1555.0,1555.199951171875,90559
2026-02-23 09:50:00,1555.699951171875,1555.699951171875,1553.0999755859375,1555.0,72726
2026-02-23 09:55:00,1556.0,1556.0,1553.800048828125,1554.0,57067
2026-02-24 03:45:00,1548.0,1548.0,1543.0,1545.199951171875,0
2026-02-24 03:50:00,1545.0,1551.0,1544.0,1550.0,64700
2026-02-24 03:55:00,1550.199951171875,1550.699951171875,1547.0,1548.9000244140625,10894
2026-02-24 04:00:00,1548.5,1548.9000244140625,1544.4000244140625,1546.5999755859375,18691
2026-02-24 04:05:00,1546.199951171875,1546.5999755859375,1543.0,1543.300048828125,19798
2026-02-24 04:10:00,1544.0,1545.199951171875,1542.0,1542.5999755859375,14945
2026-02-24 04:15:00,1542.300048828125,1546.699951171875,1542.0,1546.0,11367
2026-02-24 04:20:00,1546.699951171875,1546.699951171875,1544.199951171875,1545.9000244140625,11404
2026-02-24 04:25:00,1545.9000244140625,1546.0999755859375,1544.4000244140625,1544.800048828125,4783
2026-02-24 04:30:00,1544.800048828125,1544.9000244140625,1543.199951171875,1544.5999755859375,4448
2026-02-24 04:35:00,1544.5999755859375,1545.199951171875,1543.699951171875,1544.5,6427
2026-02-24 04:40:00,1544.699951171875,1544.9000244140625,1541.699951171875,1543.800048828125,9703
2026-02-24 04:45:00,1543.4000244140625,1543.5,1540.199951171875,1542.699951171875,11586
2026-02-24 04:50:00,1542.300048828125,1543.199951171875,1540.0,1540.5999755859375,7838
2026-02-24 04:55:00,1540.5999755859375,1542.199951171875,1538.9000244140625,1539.4000244140625,13358
2026-02-24 05:00:00,1539.300048828125,1539.800048828125,1536.4000244140625,1537.5999755859375,10458
2026-02-24 05:05:00,1537.5999755859375,1540.199951171875,1537.5,1540.0999755859375,6971
2026-02-24 05:10:00,1540.300048828125,1541.5999755859375,1539.9000244140625,1539.9000244140625,12669
2026-02-24 05:15:00,1539.9000244140625,1540.0,1538.0999755859375,1538.5999755859375,5683
2026-02-24 05:20:00,1538.5,1538.800048828125,1537.0,1537.5999755859375,7904
2026-02-24 05:25:00,1537.0999755859375,1539.5999755859375,1536.699951171875,1539.5,8133
2026-02-24 05:30:00,1539.5,1540.5,1539.0999755859375,1540.4000244140625,7159
2026-02-24 05:35:00,1540.4000244140625,1544.199951171875,1539.4000244140625,1544.199951171875,20107
2026-02-24 05:40:00,1544.4000244140625,1545.0,1543.0,1543.4000244140625,24606
2026-02-24 05:45:00,1543.5,1545.4000244140625,1542.4000244140625,1545.199951171875,4989
2026-02-24 05:50:00,1545.199951171875,1547.9000244140625,1544.800048828125,1545.4000244140625,17048
2026-02-24 05:55:00,1545.300048828125,1546.300048828125,1544.5999755859375,1544.9000244140625,6523
2026-02-24 06:00:00,1545.9000244140625,1546.199951171875,1544.9000244140625,1545.5,2809
2026-02-24 06:05:00,1545.4000244140625,1546.800048828125,1544.9000244140625,1545.9000244140625,7204
2026-02-24 06:10:00,1545.9000244140625,1546.0,1543.9000244140625,1544.4000244140625,4547
2026-02-24 06:15:00,1544.4000244140625,1544.5,1542.0,1542.4000244140625,7410
2026-02-24 06:20:00,1542.4000244140625,1542.5,1540.699951171875,1542.0,8671
2026-02-24 06:25:00,1542.0,1542.0999755859375,1540.699951171875,1541.4000244140625,7094
2026-02-24 06:30:00,1540.9000244140625,1541.5,1540.699951171875,1541.300048828125,2125
2026-02-24 06:35:00,1541.300048828125,1543.9000244140625,1541.300048828125,1542.0,8144
2026-02-24 06:40:00,1542.0,1543.699951171875,1541.4000244140625,1543.300048828125,6078
2026-02-24 06:45:00,1543.199951171875,1543.5999755859375,1542.699951171875,1542.699951171875,4857
2026-02-24 06:50:00,1542.699951171875,1542.699951171875,1541.5,1541.9000244140625,3104
2026-02-24 06:55:00,1541.5999755859375,1543.199951171875,1541.5999755859375,1542.699951171875,6095
2026-02-24 07:00:00,1542.5999755859375,1543.0,1541.4000244140625,1542.5999755859375,6147
2026-02-24 07:05:00,1542.699951171875,1545.0,1542.5999755859375,1543.4000244140625,9767
2026-02-24 07:10:00,1543.5,1543.5,1542.199951171875,1542.5999755859375,5512
2026-02-24 07:15:00,1542.5999755859375,1542.9000244140625,1540.5999755859375,1541.199951171875,11208
2026-02-24 07:20:00,1541.199951171875,1542.5,1541.0999755859375,1542.5,4120
2026-02-24 07:25:00,1543.0,1544.9000244140625,1542.0999755859375,1543.4000244140625,10785
2026-02-24 07:30:00,1543.4000244140625,1544.5,1542.4000244140625,1543.5,4865
2026-02-24 07:35:00,1543.300048828125,1544.0999755859375,1540.9000244140625,1542.699951171875,47440
2026-02-24 07:40:00,1542.5999755859375,1543.9000244140625,1542.5,1543.5,6115
2026-02-24 07:45:00,1543.5,1543.5,1541.300048828125,1542.4000244140625,5507
2026-02-24 07:50:00,1542.300048828125,1543.0,1540.9000244140625,1540.9000244140625,8274
2026-02-24 07:55:00,1541.0999755859375,1542.9000244140625,1540.300048828125,1541.4000244140625,17155
2026-02-24 08:00:00,1541.4000244140625,1541.4000244140625,1537.199951171875,1538.300048828125,23278
2026-02-24 08:05:00,1538.699951171875,1544.4000244140625,1538.300048828125,1543.300048828125,39438
2026-02-24 08:10:00,1543.9000244140625,1544.0,1542.5999755859375,1543.0,8458
2026-02-24 08:15:00,1543.0,1544.0,1542.699951171875,1543.5,4966
2026-02-24 08:20:00,1543.5,1544.9000244140625,1543.0999755859375,1544.9000244140625,6889
2026-02-24 08:25:00,1544.800048828125,1551.699951171875,1544.800048828125,1550.699951171875,88234
2026-02-24 08:30:00,1550.300048828125,1550.4000244140625,1548.0999755859375,1548.9000244140625,19111
2026-02-24 08:35:00,1548.800048828125,1548.9000244140625,1547.0999755859375,1548.0,8221
2026-02-24 08:40:00,1547.9000244140625,1549.9000244140625,1547.699951171875,1548.5999755859375,9320
2026-02-24 08:45:00,1548.800048828125,1551.0999755859375,1548.4000244140625,1550.0,20015
2026-02-24 08:50:00,1550.0,1551.699951171875,1548.0999755859375,1548.0999755859375,28986
2026-02-24 08:55:00,1548.800048828125,1550.0,1548.5999755859375,1549.0999755859375,6810
2026-02-24 09:00:00,1549.0999755859375,1550.300048828125,1547.800048828125,1549.5,10269
2026-02-24 09:05:00,1549.5,1552.4000244140625,1548.0999755859375,1551.5,15579
2026-02-24 09:10:00,1551.4000244140625,1551.800048828125,1548.300048828125,1548.5999755859375,28735
2026-02-24 09:15:00,1549.0,1550.0,1548.0999755859375,1550.0,20160
2026-02-24 09:20:00,1550.0,1554.300048828125,1550.0,1552.199951171875,25574
2026-02-24 09:25:00,1552.699951171875,1553.9000244140625,1551.199951171875,1553.4000244140625,12295
2026-02-24 09:30:00,1553.4000244140625,1554.5,1551.699951171875,1553.800048828125,54980
2026-02-24 09:35:00,1553.699951171875,1553.9000244140625,1552.4000244140625,1553.699951171875,48330
2026-02-24 09:40:00,1553.5,1554.0,1553.300048828125,1553.5999755859375,50156
2026-02-24 09:45:00,1553.5999755859375,1556.699951171875,1553.5999755859375,1556.0,62173
2026-02-24 09:50:00,1556.0,1557.699951171875,1555.4000244140625,1557.0999755859375,60253
2026-02-24 09:55:00,1557.199951171875,1564.0,1555.4000244140625,1555.4000244140625,80078
2026-02-25 03:45:00,1568.199951171875,1571.4000244140625,1565.0,1567.0,0
2026-02-25 03:50:00,1567.4000244140625,1567.800048828125,1564.300048828125,1566.0,21288
2026-02-25 03:55:00,1566.0,1567.4000244140625,1565.5,1566.0,19458
2026-02-25 04:00:00,1566.5999755859375,1566.5999755859375,1563.4000244140625,1564.5999755859375,18633
2026-02-25 04:05:00,1566.0,1566.0,1564.0,1564.4000244140625,15042
2026-02-25 04:10:00,1563.5999755859375,1564.0,1560.9000244140625,1561.5999755859375,20077
2026-02-25 04:15:00,1561.5999755859375,1563.699951171875,1561.5999755859375,1562.0999755859375,11826
2026-02-25 04:20:00,1562.199951171875,1564.5999755859375,1561.800048828125,1564.300048828125,9351
2026-02-25 04:25:00,1565.0,1569.5,1565.0,1568.0999755859375,20742
2026-02-25 04:30:00,1568.199951171875,1575.5,1568.199951171875,1574.300048828125,68880
2026-02-25 04:35:00,1574.300048828125,1581.800048828125,1574.300048828125,1581.300048828125,73410
2026-02-25 04:40:00,1581.300048828125,1583.300048828125,1580.699951171875,1582.0,60805
2026-02-25 04:45:00,1581.4000244140625,1584.0,1579.0,1579.0,42828
2026-02-25 04:50:00,1579.9000244140625,1583.0,1574.0,1574.5999755859375,34664
2026-02-25 04:55:00,1574.800048828125,1576.0,1571.300048828125,1571.9000244140625,22761
2026-02-25 05:00:00,1572.699951171875,1574.300048828125,1568.5,1568.800048828125,23311
2026-02-25 05:05:00,1569.199951171875,1573.300048828125,1568.800048828125,1569.9000244140625,28185
2026-02-25 05:10:00,1570.0,1570.0,1565.0,1566.0,19925
2026-02-25 05:15:00,1566.0,1567.0,1563.5,1565.4000244140625,21012
2026-02-25 05:20:00,1565.4000244140625,1567.300048828125,1563.699951171875,1564.0999755859375,12849
2026-02-25 05:25:00,1564.199951171875,1564.199951171875,1562.0999755859375,1562.5,16108
2026-02-25 05:30:00,1562.5,1566.0,1562.5,1565.800048828125,8683
2026-02-25 05:35:00,1565.9000244140625,1565.9000244140625,1564.0,1564.800048828125,8646
2026-02-25 05:40:00,1565.0,1565.9000244140625,1563.5,1564.9000244140625,4967
2026-02-25 05:45:00,1564.5,1565.0,1558.699951171875,1559.300048828125,29637
2026-02-25 05:50:00,1559.300048828125,1559.5999755859375,1557.0,1559.300048828125,27173
2026-02-25 05:55:00,1559.300048828125,1559.300048828125,1557.199951171875,1558.0999755859375,5589
2026-02-25 06:00:00,1558.0999755859375,1558.199951171875,1556.4000244140625,1556.699951171875,15369
2026-02-25 06:05:00,1557.4000244140625,1558.699951171875,1555.800048828125,1555.800048828125,11871
2026-02-25 06:10:00,1555.800048828125,1556.0,1552.5999755859375,1554.5,17242
2026-02-25 06:15:00,1554.800048828125,1556.699951171875,1554.800048828125,1555.800048828125,13011
2026-02-25 06:20:00,1555.300048828125,1556.0,1552.5,1553.800048828125,18203
2026-02-25 06:25:00,1554.199951171875,1555.0,1552.300048828125,1553.800048828125,9383
2026-02-25 06:30:00,1553.4000244140625,1555.0,1553.4000244140625,1555.0,5690
2026-02-25 06:35:00,1554.800048828125,1555.0,1553.300048828125,1554.300048828125,9481
2026-02-25 06:40:00,1554.300048828125,1554.5,1553.5999755859375,1554.300048828125,4960
2026-02-25 06:45:00,1554.300048828125,1557.5,1554.199951171875,1555.4000244140625,13592
2026-02-25 06:50:00,1555.0,1557.199951171875,1553.0,1554.0,19819
2026-02-25 06:55:00,1554.0,1554.5,1552.5999755859375,1553.300048828125,9884
2026-02-25 07:00:00,1553.300048828125,1553.4000244140625,1548.5,1549.0,28610
2026-02-25 07:05:00,1549.0,1549.4000244140625,1546.4000244140625,1549.300048828125,10020
2026-02-25 07:10:00,1549.300048828125,1551.9000244140625,1546.0999755859375,1550.0,60424
2026-02-25 07:15:00,1550.0,1550.0,1546.699951171875,1548.199951171875,26513
2026-02-25 07:20:00,1547.800048828125,1550.0,1547.5,1547.5999755859375,9540
2026-02-25 07:25:00,1547.5999755859375,1548.4000244140625,1545.199951171875,1545.300048828125,8946
2026-02-25 07:30:00,1545.300048828125,1545.800048828125,1542.199951171875,1545.5,25631
2026-02-25 07:35:00,1545.5,1546.699951171875,1540.4000244140625,1540.5,85327
2026-02-25 07:40:00,1540.4000244140625,1543.0,1539.300048828125,1541.5,35716
2026-02-25 07:45:00,1541.0,1542.4000244140625,1540.0,1541.0,6276
2026-02-25 07:50:00,1541.0,1541.300048828125,1537.199951171875,1538.0,27157
2026-02-25 07:55:00,1538.0,1538.5,1536.0,1538.4000244140625,9317
2026-02-25 08:00:00,1538.4000244140625,1539.5999755859375,1535.9000244140625,1536.800048828125,13060
2026-02-25 08:05:00,1536.4000244140625,1539.0,1536.199951171875,1538.5,4794
2026-02-25 08:10:00,1539.0,1539.0999755859375,1533.300048828125,1534.9000244140625,13309
2026-02-25 08:15:00,1534.9000244140625,1535.0,1530.9000244140625,1533.300048828125,11216
2026-02-25 08:20:00,1533.5999755859375,1535.5,1532.4000244140625,1533.5999755859375,7249
2026-02-25 08:25:00,1533.5999755859375,1533.800048828125,1530.5,1530.5,12346
2026-02-25 08:30:00,1530.5,1531.5,1527.0,1528.199951171875,21935
2026-02-25 08:35:00,1528.5,1529.199951171875,1526.5,1527.4000244140625,20401
2026-02-25 08:40:00,1527.699951171875,1530.0,1527.0,1528.300048828125,19486
2026-02-25 08:45:00,1529.0,1530.5999755859375,1527.5,1529.5,12758
2026-02-25 08:50:00,1529.5,1530.0,1529.0,1529.4000244140625,19948
2026-02-25 08:55:00,1529.4000244140625,1530.0,1528.0,1528.4000244140625,7368
2026-02-25 09:00:00,1528.699951171875,1530.0,1525.5,1526.300048828125,18951
2026-02-25 09:05:00,1526.5,1526.5999755859375,1524.800048828125,1525.199951171875,13826
2026-02-25 09:10:00,1525.800048828125,1525.800048828125,1519.4000244140625,1520.5,275636
2026-02-25 09:15:00,1521.5,1522.300048828125,1518.800048828125,1520.5,35667
2026-02-25 09:20:00,1520.5,1522.0,1520.0999755859375,1522.0,16354
2026-02-25 09:25:00,1522.5999755859375,1524.699951171875,1522.5999755859375,1523.0,21173
2026-02-25 09:30:00,1525.0,1529.5,1525.0,1528.800048828125,53035
2026-02-25 09:35:00,1528.5999755859375,1529.5999755859375,1527.9000244140625,1528.0,85625
2026-02-25 09:40:00,1528.0,1529.4000244140625,1527.699951171875,1528.5999755859375,55585
2026-02-25 09:45:00,1528.9000244140625,1529.0,1526.800048828125,1528.5999755859375,52811
2026-02-25 09:50:00,1528.9000244140625,1528.9000244140625,1526.5999755859375,1528.4000244140625,55050
2026-02-25 09:55:00,1528.5,1529.0999755859375,1528.0,1528.699951171875,108259
2026-02-26 03:45:00,1537.5999755859375,1539.9000244140625,1532.5999755859375,1537.5,0
2026-02-26 03:50:00,1538.0,1539.4000244140625,1532.0999755859375,1534.5999755859375,48950
2026-02-26 03:55:00,1534.5999755859375,1534.5999755859375,1530.0,1532.5999755859375,22811
2026-02-26 04:00:00,1532.699951171875,1533.0,1530.699951171875,1533.0,12303
2026-02-26 04:05:00,1533.5,1535.0,1532.300048828125,1532.4000244140625,13287
2026-02-26 04:10:00,1533.0,1533.199951171875,1530.300048828125,1532.800048828125,15783
2026-02-26 04:15:00,1532.699951171875,1534.199951171875,1532.0999755859375,1532.800048828125,7912
2026-02-26 04:20:00,1532.5,1532.5,1529.0,1529.0,15986
2026-02-26 04:25:00,1529.199951171875,1529.199951171875,1526.0,1528.0,26084
2026-02-26 04:30:00,1528.0,1532.4000244140625,1527.0,1531.199951171875,9244
2026-02-26 04:35:00,1531.199951171875,1533.800048828125,1531.0999755859375,1533.5,20102
2026-02-26 04:40:00,1534.9000244140625,1540.0,1534.9000244140625,1538.699951171875,30328
2026-02-26 04:45:00,1538.699951171875,1540.0,1536.300048828125,1536.300048828125,13802
2026-02-26 04:50:00,1536.800048828125,1539.0,1536.4000244140625,1538.5999755859375,12162
2026-02-26 04:55:00,1538.5,1544.300048828125,1538.0,1543.300048828125,28906
2026-02-26 05:00:00,1543.5,1544.9000244140625,1543.4000244140625,1544.199951171875,20969
2026-02-26 05:05:00,1544.199951171875,1544.9000244140625,1542.5,1542.9000244140625,15243
2026-02-26 05:10:00,1542.9000244140625,1543.0999755859375,1542.5,1543.0,6976
2026-02-26 05:15:00,1542.5,1546.4000244140625,1542.4000244140625,1545.699951171875,15284
2026-02-26 05:20:00,1545.699951171875,1546.5,1545.0,1545.0999755859375,9562
2026-02-26 05:25:00,1545.0,1545.0999755859375,1543.0,1544.0,16849
2026-02-26 05:30:00,1544.0,1546.0,1542.0999755859375,1546.0,22187
2026-02-26 05:35:00,1546.300048828125,1546.300048828125,1544.0999755859375,1544.5999755859375,19659
2026-02-26 05:40:00,1544.5,1547.4000244140625,1544.199951171875,1545.9000244140625,8562
2026-02-26 05:45:00,1545.9000244140625,1547.0,1545.300048828125,1546.5,6219
2026-02-26 05:50:00,1546.5,1548.5,1546.5,1548.300048828125,16713
2026-02-26 05:55:00,1548.4000244140625,1549.5999755859375,1547.800048828125,1548.0,11800
2026-02-26 06:00:00,1547.9000244140625,1547.9000244140625,1544.0999755859375,1544.800048828125,19329
2026-02-26 06:05:00,1544.699951171875,1544.9000244140625,1544.300048828125,1544.800048828125,4489
2026-02-26 06:10:00,1544.9000244140625,1544.9000244140625,1543.5,1544.0,11973
2026-02-26 06:15:00,1544.0,1544.800048828125,1541.5999755859375,1543.199951171875,32231
2026-02-26 06:20:00,1543.4000244140625,1544.4000244140625,1542.699951171875,1543.199951171875,14155
2026-02-26 06:25:00,1543.199951171875,1544.800048828125,1543.0,1544.300048828125,9685
2026-02-26 06:30:00,1544.4000244140625,1545.800048828125,1544.0999755859375,1545.699951171875,7171
2026-02-26 06:35:00,1546.0,1546.0,1544.0,1544.0999755859375,10225
2026-02-26 06:40:00,1543.699951171875,1543.699951171875,1541.5,1543.0,29277
2026-02-26 06:45:00,1543.5,1546.199951171875,1543.0,1545.0,5842
2026-02-26 06:50:00,1545.4000244140625,1545.9000244140625,1541.800048828125,1543.4000244140625,23614
2026-02-26 06:55:00,1543.4000244140625,1544.0999755859375,1541.0999755859375,1543.5,21348
2026-02-26 07:00:00,1543.5,1544.4000244140625,1542.0,1542.0999755859375,13596
2026-02-26 07:05:00,1542.0999755859375,1542.199951171875,1538.300048828125,1538.9000244140625,15723
2026-02-26 07:10:00,1538.9000244140625,1541.9000244140625,1538.300048828125,1540.699951171875,9675
2026-02-26 07:15:00,1540.5999755859375,1540.699951171875,1537.5,1538.0,7815
2026-02-26 07:20:00,1538.0,1538.300048828125,1536.9000244140625,1537.699951171875,5005
2026-02-26 07:25:00,1537.5999755859375,1540.300048828125,1537.199951171875,1540.300048828125,11297
2026-02-26 07:30:00,1540.4000244140625,1541.800048828125,1538.5999755859375,1541.5,9592
2026-02-26 07:35:00,1540.9000244140625,1543.9000244140625,1540.9000244140625,1542.5999755859375,15148
2026-02-26 07:40:00,1542.5999755859375,1543.699951171875,1541.0999755859375,1541.199951171875,12463
2026-02-26 07:45:00,1541.199951171875,1542.5,1539.699951171875,1541.5,13467
2026-02-26 07:50:00,1542.0,1543.9000244140625,1540.5999755859375,1542.5999755859375,14050
2026-02-26 07:55:00,1542.800048828125,1545.800048828125,1542.800048828125,1544.9000244140625,25349
2026-02-26 08:00:00,1544.9000244140625,1546.0,1543.5999755859375,1544.199951171875,12176
2026-02-26 08:05:00,1544.199951171875,1545.5,1543.800048828125,1544.199951171875,7736
2026-02-26 08:10:00,1544.4000244140625,1545.5999755859375,1544.199951171875,1545.199951171875,9026
2026-02-26 08:15:00,1545.300048828125,1546.4000244140625,1542.800048828125,1543.0,17881
2026-02-26 08:20:00,1543.0,1545.4000244140625,1542.300048828125,1544.800048828125,18391
2026-02-26 08:25:00,1544.9000244140625,1545.199951171875,1542.800048828125,1543.800048828125,8939
2026-02-26 08:30:00,1543.800048828125,1543.9000244140625,1540.5999755859375,1541.0,13176
2026-02-26 08:35:00,1541.0,1544.300048828125,1540.5999755859375,1544.300048828125,10639
2026-02-26 08:40:00,1543.9000244140625,1544.300048828125,1542.4000244140625,1543.5,6860
2026-02-26 08:45:00,1543.699951171875,1546.0,1543.300048828125,1543.4000244140625,21038
2026-02-26 08:50:00,1543.300048828125,1544.0,1541.0999755859375,1541.4000244140625,10149
2026-02-26 08:55:00,1541.4000244140625,1542.800048828125,1540.5999755859375,1541.9000244140625,13503
2026-02-26 09:00:00,1542.5999755859375,1544.300048828125,1542.0999755859375,1544.300048828125,10751
2026-02-26 09:05:00,1544.4000244140625,1547.4000244140625,1544.0,1546.800048828125,25267
2026-02-26 09:10:00,1546.699951171875,1552.0,1546.5,1551.699951171875,48056
2026-02-26 09:15:00,1552.5,1554.5999755859375,1550.0,1550.800048828125,38079
2026-02-26 09:20:00,1550.800048828125,1551.699951171875,1547.300048828125,1547.9000244140625,22941
2026-02-26 09:25:00,1548.5,1549.300048828125,1548.199951171875,1548.300048828125,7632
2026-02-26 09:30:00,1550.0,1553.4000244140625,1550.0,1550.9000244140625,31922
2026-02-26 09:35:00,1551.0,1553.199951171875,1550.800048828125,1552.9000244140625,19506
2026-02-26 09:40:00,1552.9000244140625,1553.5,1551.5,1551.800048828125,27678
2026-02-26 09:45:00,1552.0999755859375,1552.5,1549.0,1549.5999755859375,30261
2026-02-26 09:50:00,1549.199951171875,1549.9000244140625,1549.0,1549.4000244140625,26342
2026-02-26 09:55:00,1549.5,1549.5,1547.5,1547.5,38390
2026-02-27 03:45:00,1542.699951171875,1544.5999755859375,1535.5,1535.5,0
2026-02-27 03:50:00,1535.199951171875,1540.300048828125,1534.5,1538.0999755859375,34790
2026-02-27 03:55:00,1538.5999755859375,1542.800048828125,1538.199951171875,1538.300048828125,27132
2026-02-27 04:00:00,1538.0999755859375,1538.0999755859375,1536.4000244140625,1536.9000244140625,17413
2026-02-27 04:05:00,1536.9000244140625,1539.0999755859375,1535.699951171875,1538.9000244140625,14242
2026-02-27 04:10:00,1540.0,1540.300048828125,1536.699951171875,1536.9000244140625,14136
2026-02-27 04:15:00,1536.5,1536.699951171875,1534.4000244140625,1534.800048828125,18309
2026-02-27 04:20:00,1534.5,1534.5,1532.0999755859375,1532.0999755859375,26489
2026-02-27 04:25:00,1532.699951171875,1533.5,1531.9000244140625,1531.9000244140625,12169
2026-02-27 04:30:00,1531.199951171875,1531.300048828125,1529.0,1530.0999755859375,44877
2026-02-27 04:35:00,1529.800048828125,1531.300048828125,1528.4000244140625,1530.5999755859375,11368
2026-02-27 04:40:00,1530.5999755859375,1532.0,1530.300048828125,1530.5999755859375,16102
2026-02-27 04:45:00,1530.5999755859375,1530.5999755859375,1528.0999755859375,1529.0,9746
2026-02-27 04:50:00,1529.0,1531.300048828125,1528.699951171875,1531.0999755859375,8119
2026-02-27 04:55:00,1531.199951171875,1536.699951171875,1531.199951171875,1535.4000244140625,16830
2026-02-27 05:00:00,1535.300048828125,1536.800048828125,1535.0999755859375,1536.0,10128
2026-02-27 05:05:00,1536.0,1537.5999755859375,1535.9000244140625,1536.9000244140625,9970
2026-02-27 05:10:00,1536.9000244140625,1537.4000244140625,1535.4000244140625,1537.4000244140625,8608
2026-02-27 05:15:00,1537.0999755859375,1538.199951171875,1536.5,1538.0999755859375,11306
2026-02-27 05:20:00,1538.199951171875,1538.199951171875,1535.800048828125,1537.0,7110
2026-02-27 05:25:00,1537.0,1537.5,1534.4000244140625,1534.4000244140625,9170
2026-02-27 05:30:00,1535.0999755859375,1537.800048828125,1534.9000244140625,1537.0999755859375,5555
2026-02-27 05:35:00,1537.0,1537.800048828125,1536.5999755859375,1537.0,5320
2026-02-27 05:40:00,1536.800048828125,1537.5,1536.0999755859375,1537.5,3758
2026-02-27 05:45:00,1537.5999755859375,1538.199951171875,1537.0,1537.5,7633
2026-02-27 05:50:00,1537.5,1537.5,1536.4000244140625,1536.699951171875,3595
2026-02-27 05:55:00,1536.800048828125,1536.800048828125,1536.0999755859375,1536.199951171875,2502
2026-02-27 06:00:00,1536.0,1536.0,1534.4000244140625,1534.5999755859375,5099
2026-02-27 06:05:00,1534.699951171875,1534.699951171875,1531.0999755859375,1531.800048828125,13490
2026-02-27 06:10:00,1531.800048828125,1534.0999755859375,1531.699951171875,1534.0999755859375,7311
2026-02-27 06:15:00,1534.4000244140625,1534.800048828125,1533.9000244140625,1534.199951171875,4196
2026-02-27 06:20:00,1534.199951171875,1536.199951171875,1534.199951171875,1535.300048828125,5185
2026-02-27 06:25:00,1535.199951171875,1537.4000244140625,1535.199951171875,1537.0,6774
2026-02-27 06:30:00,1537.0,1537.5999755859375,1536.199951171875,1536.300048828125,9199
2026-02-27 06:35:00,1536.300048828125,1537.0,1533.5999755859375,1534.699951171875,9418
2026-02-27 06:40:00,1534.800048828125,1535.9000244140625,1533.5999755859375,1534.5999755859375,6251
2026-02-27 06:45:00,1534.5,1535.300048828125,1533.5999755859375,1535.199951171875,4196
2026-02-27 06:50:00,1535.0999755859375,1536.9000244140625,1534.5999755859375,1535.0999755859375,5279
2026-02-27 06:55:00,1535.0999755859375,1537.9000244140625,1535.0999755859375,1536.800048828125,6238
2026-02-27 07:00:00,1536.699951171875,1537.0999755859375,1535.4000244140625,1535.4000244140625,7500
2026-02-27 07:05:00,1536.0999755859375,1536.199951171875,1535.0,1535.0,6939
2026-02-27 07:10:00,1535.0999755859375,1537.0,1535.0,1536.800048828125,6809
2026-02-27 07:15:00,1536.800048828125,1539.4000244140625,1536.800048828125,1538.0999755859375,10407
2026-02-27 07:20:00,1538.199951171875,1539.199951171875,1538.0,1538.199951171875,6282
2026-02-27 07:25:00,1538.199951171875,1538.4000244140625,1537.5,1538.4000244140625,3115
2026-02-27 07:30:00,1538.300048828125,1538.9000244140625,1537.9000244140625,1538.0999755859375,5628
2026-02-27 07:35:00,1538.0999755859375,1539.5999755859375,1538.0,1538.5,6543
2026-02-27 07:40:00,1538.5,1540.4000244140625,1538.5,1539.5999755859375,10959
2026-02-27 07:45:00,1539.5999755859375,1539.9000244140625,1538.800048828125,1538.800048828125,3222
2026-02-27 07:50:00,1539.0,1539.0999755859375,1536.0999755859375,1536.5999755859375,9537
2026-02-27 07:55:00,1536.5999755859375,1538.9000244140625,1536.5999755859375,1538.4000244140625,4724
2026-02-27 08:00:00,1538.4000244140625,1539.0,1537.9000244140625,1538.0999755859375,4596
2026-02-27 08:05:00,1538.0999755859375,1539.5,1536.0,1537.300048828125,11907
2026-02-27 08:10:00,1537.300048828125,1539.5,1537.199951171875,1538.9000244140625,4591
2026-02-27 08:15:00,1538.9000244140625,1543.300048828125,1538.699951171875,1543.199951171875,13720
2026-02-27 08:20:00,1543.0,1543.0,1540.0999755859375,1540.800048828125,10487
2026-02-27 08:25:00,1540.800048828125,1542.5,1540.800048828125,1542.199951171875,11828
2026-02-27 08:30:00,1542.199951171875,1543.800048828125,1540.800048828125,1540.800048828125,6945
2026-02-27 08:35:00,1541.0,1542.4000244140625,1540.5999755859375,1541.699951171875,6495
2026-02-27 08:40:00,1541.699951171875,1542.699951171875,1540.699951171875,1540.800048828125,6454
2026-02-27 08:45:00,1540.800048828125,1541.300048828125,1540.800048828125,1541.0,4432
2026-02-27 08:50:00,1541.0,1542.0,1540.5,1541.0,5612
2026-02-27 08:55:00,1541.0999755859375,1541.0999755859375,1537.5999755859375,1538.199951171875,17113
2026-02-27 09:00:00,1538.0999755859375,1539.0,1537.199951171875,1537.9000244140625,9200
2026-02-27 09:05:00,1537.9000244140625,1539.9000244140625,1537.9000244140625,1538.5999755859375,6565
2026-02-27 09:10:00,1538.9000244140625,1540.0,1538.0,1539.199951171875,9329
2026-02-27 09:15:00,1539.300048828125,1541.5,1538.4000244140625,1541.4000244140625,11662
2026-02-27 09:20:00,1541.4000244140625,1541.699951171875,1538.0999755859375,1538.5,12730
2026-02-27 09:25:00,1538.5,1538.800048828125,1537.199951171875,1537.199951171875,20738
2026-02-27 09:30:00,1536.0,1536.0,1520.800048828125,1521.5,158593
2026-02-27 09:35:00,1523.199951171875,1523.199951171875,1518.5,1521.0999755859375,167279
2026-02-27 09:40:00,1520.800048828125,1522.9000244140625,1519.9000244140625,1519.9000244140625,101287
2026-02-27 09:45:00,1520.4000244140625,1521.5,1519.5999755859375,1519.9000244140625,139047
2026-02-27 09:50:00,1519.800048828125,1520.0,1516.699951171875,1517.4000244140625,166659
2026-02-27 09:55:00,1517.199951171875,1520.0,1517.199951171875,1519.800048828125,111409
2026-03-02 03:45:00,1463.0,1477.5999755859375,1457.199951171875,1477.5,0
2026-03-02 03:50:00,1477.5999755859375,1487.5,1475.5,1477.5999755859375,128693
2026-03-02 03:55:00,1477.5999755859375,1477.5999755859375,1471.699951171875,1473.0999755859375,110150
2026-03-02 04:00:00,1473.4000244140625,1495.800048828125,1473.199951171875,1493.0999755859375,145928
2026-03-02 04:05:00,1492.4000244140625,1493.5999755859375,1485.5,1487.199951171875,57411
2026-03-02 04:10:00,1487.699951171875,1490.5,1487.199951171875,1488.4000244140625,34713
2026-03-02 04:15:00,1486.5,1491.300048828125,1486.0,1487.9000244140625,22003
2026-03-02 04:20:00,1486.699951171875,1488.5999755859375,1483.0,1484.300048828125,99212
2026-03-02 04:25:00,1485.5,1491.0999755859375,1485.0999755859375,1491.0999755859375,40173
2026-03-02 04:30:00,1491.9000244140625,1491.9000244140625,1482.199951171875,1483.300048828125,56024
2026-03-02 04:35:00,1483.199951171875,1484.800048828125,1481.199951171875,1481.5999755859375,51241
2026-03-02 04:40:00,1481.5999755859375,1481.5999755859375,1477.4000244140625,1481.0,85834
2026-03-02 04:45:00,1481.0,1481.5,1477.800048828125,1480.5,25950
2026-03-02 04:50:00,1480.699951171875,1481.0,1478.0,1479.4000244140625,19007
2026-03-02 04:55:00,1479.0999755859375,1481.5999755859375,1478.300048828125,1480.800048828125,24195
2026-03-02 05:00:00,1480.800048828125,1484.9000244140625,1479.5999755859375,1484.4000244140625,31721
2026-03-02 05:05:00,1484.4000244140625,1485.0999755859375,1481.5,1482.300048828125,20275
2026-03-02 05:10:00,1482.199951171875,1482.9000244140625,1480.0,1480.300048828125,11966
2026-03-02 05:15:00,1480.300048828125,1481.9000244140625,1479.0999755859375,1479.0999755859375,18152
2026-03-02 05:20:00,1479.699951171875,1479.699951171875,1475.199951171875,1475.9000244140625,28021
2026-03-02 05:25:00,1476.0999755859375,1479.0,1476.0999755859375,1477.0,24694
2026-03-02 05:30:00,1477.0,1478.0,1475.0999755859375,1475.5999755859375,19368
2026-03-02 05:35:00,1475.9000244140625,1477.300048828125,1475.5,1475.5,10275
2026-03-02 05:40:00,1475.800048828125,1476.199951171875,1474.0,1474.5999755859375,18078
2026-03-02 05:45:00,1474.5999755859375,1476.0,1473.800048828125,1473.800048828125,13148
2026-03-02 05:50:00,1473.800048828125,1474.5,1471.4000244140625,1472.0,38053
2026-03-02 05:55:00,1472.0,1472.5,1462.5,1463.0999755859375,66351
2026-03-02 06:00:00,1463.199951171875,1464.0,1460.5,1462.199951171875,46622
2026-03-02 06:05:00,1462.199951171875,1465.800048828125,1462.199951171875,1465.0,26603
2026-03-02 06:10:00,1465.0999755859375,1466.5,1464.0,1465.0999755859375,16512
2026-03-02 06:15:00,1465.0999755859375,1466.4000244140625,1464.0999755859375,1464.5,17962
2026-03-02 06:20:00,1464.9000244140625,1466.5,1463.0,1465.0,37911
2026-03-02 06:25:00,1465.5999755859375,1465.5999755859375,1462.0999755859375,1462.0999755859375,20482
2026-03-02 06:30:00,1460.9000244140625,1461.0999755859375,1459.0,1461.0,25614
2026-03-02 06:35:00,1461.0,1461.300048828125,1459.300048828125,1460.5,16513
2026-03-02 06:40:00,1461.4000244140625,1461.4000244140625,1457.0999755859375,1457.4000244140625,18275
2026-03-02 06:45:00,1456.5999755859375,1457.4000244140625,1454.0999755859375,1454.5,32220
2026-03-02 06:50:00,1454.5,1455.0,1452.0999755859375,1452.5,22992
2026-03-02 06:55:00,1452.4000244140625,1452.5,1450.0,1450.199951171875,28377
2026-03-02 07:00:00,1450.199951171875,1451.5,1449.0,1450.300048828125,46834
2026-03-02 07:05:00,1450.0,1450.0,1442.9000244140625,1444.300048828125,49836
2026-03-02 07:10:00,1444.5,1445.800048828125,1442.0999755859375,1443.4000244140625,32852
2026-03-02 07:15:00,1442.9000244140625,1444.199951171875,1440.0999755859375,1440.5999755859375,36470
2026-03-02 07:20:00,1440.199951171875,1442.5,1439.5999755859375,1440.699951171875,32624
2026-03-02 07:25:00,1441.300048828125,1442.699951171875,1438.4000244140625,1439.5,23692
2026-03-02 07:30:00,1439.199951171875,1442.699951171875,1436.4000244140625,1441.4000244140625,61566
2026-03-02 07:35:00,1441.800048828125,1441.800048828125,1437.0,1437.0999755859375,18811
2026-03-02 07:40:00,1437.300048828125,1440.5,1437.0999755859375,1438.4000244140625,39621
2026-03-02 07:45:00,1438.5,1438.699951171875,1436.0999755859375,1437.0999755859375,20360
2026-03-02 07:50:00,1436.9000244140625,1438.9000244140625,1436.9000244140625,1438.300048828125,27832
2026-03-02 07:55:00,1438.699951171875,1438.699951171875,1436.0,1436.0,21959
2026-03-02 08:00:00,1436.199951171875,1438.4000244140625,1435.300048828125,1438.199951171875,33436
2026-03-02 08:05:00,1438.0999755859375,1440.800048828125,1436.699951171875,1437.5,37795
2026-03-02 08:10:00,1437.5,1437.5,1435.5,1436.5,28789
2026-03-02 08:15:00,1436.800048828125,1438.0,1434.300048828125,1435.300048828125,34680
2026-03-02 08:20:00,1435.5,1436.5999755859375,1433.0999755859375,1433.300048828125,47901
2026-03-02 08:25:00,1433.800048828125,1433.800048828125,1430.5999755859375,1431.699951171875,56292
2026-03-02 08:30:00,1431.0999755859375,1444.0999755859375,1430.0,1438.9000244140625,92734
2026-03-02 08:35:00,1439.0,1449.9000244140625,1438.800048828125,1449.300048828125,89568
2026-03-02 08:40:00,1449.300048828125,1455.4000244140625,1448.0,1453.9000244140625,64792
2026-03-02 08:45:00,1454.0,1455.5999755859375,1451.0,1453.5,82282
2026-03-02 08:50:00,1453.5,1456.0,1450.199951171875,1455.5,147123
2026-03-02 08:55:00,1456.5,1456.5,1451.300048828125,1452.5999755859375,60868
2026-03-02 09:00:00,1452.5,1458.800048828125,1450.4000244140625,1458.800048828125,68238
2026-03-02 09:05:00,1458.199951171875,1465.0,1456.9000244140625,1463.800048828125,113993
2026-03-02 09:10:00,1463.9000244140625,1470.699951171875,1463.9000244140625,1468.199951171875,96780
2026-03-02 09:15:00,1468.300048828125,1470.199951171875,1465.300048828125,1469.0999755859375,68147
2026-03-02 09:20:00,1468.9000244140625,1469.4000244140625,1466.0,1469.199951171875,32906
2026-03-02 09:25:00,1469.4000244140625,1469.5999755859375,1461.800048828125,1463.5,62668
2026-03-02 09:30:00,1464.0,1471.800048828125,1462.300048828125,1470.4000244140625,69865
2026-03-02 09:35:00,1470.300048828125,1472.5999755859375,1468.199951171875,1470.4000244140625,57887
2026-03-02 09:40:00,1470.9000244140625,1473.5999755859375,1469.699951171875,1473.5999755859375,65222
2026-03-02 09:45:00,1473.5,1474.4000244140625,1472.199951171875,1472.199951171875,115936
2026-03-02 09:50:00,1472.5,1472.5,1464.9000244140625,1466.0,176190
2026-03-02 09:55:00,1466.0,1472.0,1465.800048828125,1470.300048828125,171274
2026-03-04 03:45:00,1430.0,1432.300048828125,1413.5,1418.5999755859375,0
2026-03-04 03:50:00,1418.5,1419.699951171875,1410.800048828125,1414.0999755859375,148663
2026-03-04 03:55:00,1414.5999755859375,1421.5,1414.5,1418.300048828125,60553
2026-03-04 04:00:00,1418.300048828125,1421.5,1409.0,1413.5,110718
2026-03-04 04:05:00,1414.0,1420.0,1412.5999755859375,1416.699951171875,42004
2026-03-04 04:10:00,1416.5,1424.5,1415.800048828125,1422.0999755859375,65069
2026-03-04 04:15:00,1421.5,1425.699951171875,1420.9000244140625,1421.300048828125,135827
2026-03-04 04:20:00,1421.800048828125,1423.199951171875,1420.0,1422.0,174336
2026-03-04 04:25:00,1422.0,1424.199951171875,1419.0,1422.5999755859375,112866
2026-03-04 04:30:00,1421.699951171875,1422.0999755859375,1417.5,1420.300048828125,35574
2026-03-04 04:35:00,1420.9000244140625,1426.800048828125,1420.0,1425.9000244140625,57565
2026-03-04 04:40:00,1425.699951171875,1428.0,1423.0,1427.5,24967
2026-03-04 04:45:00,1430.699951171875,1432.800048828125,1428.0999755859375,1430.5999755859375,71372
2026-03-04 04:50:00,1430.5,1431.300048828125,1427.0,1428.0,20343
2026-03-04 04:55:00,1427.300048828125,1431.0,1426.0,1429.0,18755
2026-03-04 05:00:00,1429.0,1430.0,1426.199951171875,1426.699951171875,16246
2026-03-04 05:05:00,1426.5,1430.0,1426.5,1428.5999755859375,14520
2026-03-04 05:10:00,1428.199951171875,1428.5,1425.0,1428.0,23722
2026-03-04 05:15:00,1427.5999755859375,1432.5999755859375,1427.5,1429.9000244140625,31037
2026-03-04 05:20:00,1429.9000244140625,1429.9000244140625,1425.0999755859375,1427.5,21324
2026-03-04 05:25:00,1427.5,1429.699951171875,1425.800048828125,1427.300048828125,15854
2026-03-04 05:30:00,1427.699951171875,1429.0,1426.5,1427.5999755859375,8671
2026-03-04 05:35:00,1429.300048828125,1435.0,1429.300048828125,1433.800048828125,47662
2026-03-04 05:40:00,1434.0999755859375,1436.5999755859375,1433.5999755859375,1434.199951171875,25820
2026-03-04 05:45:00,1434.199951171875,1436.800048828125,1433.199951171875,1434.5,34799
2026-03-04 05:50:00,1434.5,1434.800048828125,1432.300048828125,1432.800048828125,19844
2026-03-04 05:55:00,1432.9000244140625,1433.0,1430.800048828125,1431.0,9514
2026-03-04 06:00:00,1431.0,1432.0,1428.199951171875,1428.4000244140625,27238
2026-03-04 06:05:00,1428.4000244140625,1429.699951171875,1427.5999755859375,1427.800048828125,15694
2026-03-04 06:10:00,1427.9000244140625,1430.0,1426.800048828125,1427.0,17627
2026-03-04 06:15:00,1427.0999755859375,1427.300048828125,1425.0,1425.699951171875,93314
2026-03-04 06:20:00,1425.699951171875,1430.0,1425.699951171875,1426.0,16294
2026-03-04 06:25:00,1425.699951171875,1428.800048828125,1425.5,1427.699951171875,7864
2026-03-04 06:30:00,1428.0999755859375,1430.0,1427.699951171875,1429.0999755859375,9342
2026-03-04 06:35:00,1429.0,1430.0,1428.199951171875,1429.199951171875,5364
2026-03-04 06:40:00,1429.199951171875,1431.5,1427.800048828125,1430.0999755859375,18473
2026-03-04 06:45:00,1430.0999755859375,1431.0,1428.0999755859375,1430.300048828125,76151
2026-03-04 06:50:00,1430.300048828125,1431.9000244140625,1430.0,1431.0999755859375,25743
2026-03-04 06:55:00,1431.300048828125,1431.4000244140625,1430.199951171875,1430.699951171875,4303
2026-03-04 07:00:00,1430.800048828125,1431.300048828125,1430.199951171875,1430.199951171875,9896
2026-03-04 07:05:00,1430.199951171875,1432.9000244140625,1430.199951171875,1431.5999755859375,13003
2026-03-04 07:10:00,1431.5,1431.5,1430.199951171875,1430.5999755859375,12068
2026-03-04 07:15:00,1430.9000244140625,1433.5,1430.5,1431.5,14213
2026-03-04 07:20:00,1431.800048828125,1433.300048828125,1431.300048828125,1433.0,6567
2026-03-04 07:25:00,1433.300048828125,1437.9000244140625,1433.0999755859375,1434.9000244140625,34547
2026-03-04 07:30:00,1435.0999755859375,1435.800048828125,1433.800048828125,1434.4000244140625,8157
2026-03-04 07:35:00,1434.4000244140625,1437.0,1433.5999755859375,1437.0,13127
2026-03-04 07:40:00,1437.300048828125,1442.5999755859375,1436.5,1441.800048828125,39273
2026-03-04 07:45:00,1441.800048828125,1443.0999755859375,1441.300048828125,1442.0,38462
2026-03-04 07:50:00,1442.300048828125,1443.300048828125,1440.4000244140625,1442.9000244140625,27039
2026-03-04 07:55:00,1443.0,1446.699951171875,1440.9000244140625,1440.9000244140625,41678
2026-03-04 08:00:00,1440.9000244140625,1442.199951171875,1440.0,1440.0,8673
2026-03-04 08:05:00,1439.0999755859375,1440.9000244140625,1438.5,1440.5999755859375,12826
2026-03-04 08:10:00,1440.199951171875,1441.199951171875,1439.0,1440.699951171875,10607
2026-03-04 08:15:00,1440.300048828125,1440.699951171875,1439.0999755859375,1439.0999755859375,7407
2026-03-04 08:20:00,1438.800048828125,1440.0,1438.5,1438.5999755859375,9057
2026-03-04 08:25:00,1438.5,1441.300048828125,1438.5,1441.300048828125,16215
2026-03-04 08:30:00,1441.5999755859375,1443.4000244140625,1440.800048828125,1442.9000244140625,15626
2026-03-04 08:35:00,1442.699951171875,1444.5999755859375,1441.4000244140625,1444.5,18475
2026-03-04 08:40:00,1444.5999755859375,1450.4000244140625,1443.5,1448.5,50509
2026-03-04 08:45:00,1448.5,1450.5,1446.199951171875,1449.9000244140625,17776
2026-03-04 08:50:00,1449.9000244140625,1450.300048828125,1445.0,1445.0,27880
2026-03-04 08:55:00,1445.0999755859375,1445.199951171875,1440.699951171875,1441.5999755859375,34922
2026-03-04 09:00:00,1441.5,1444.4000244140625,1440.0999755859375,1440.5999755859375,39765
2026-03-04 09:05:00,1440.800048828125,1441.0,1433.699951171875,1440.300048828125,115501
2026-03-04 09:10:00,1440.4000244140625,1442.199951171875,1440.199951171875,1441.699951171875,38234
2026-03-04 09:15:00,1441.800048828125,1441.800048828125,1437.0999755859375,1439.300048828125,36894
2026-03-04 09:20:00,1439.4000244140625,1440.800048828125,1438.199951171875,1440.4000244140625,29685
2026-03-04 09:25:00,1440.300048828125,1442.5999755859375,1439.5,1441.0999755859375,37228
2026-03-04 09:30:00,1441.800048828125,1441.800048828125,1433.9000244140625,1435.300048828125,115277
2026-03-04 09:35:00,1435.300048828125,1435.699951171875,1432.800048828125,1433.699951171875,100183
2026-03-04 09:40:00,1433.5999755859375,1434.199951171875,1432.0,1432.800048828125,90151
2026-03-04 09:45:00,1433.199951171875,1435.5,1433.0,1434.0,91849
2026-03-04 09:50:00,1433.9000244140625,1435.199951171875,1433.300048828125,1434.9000244140625,177701
2026-03-04 09:55:00,1434.9000244140625,1437.5999755859375,1432.800048828125,1434.4000244140625,88804
2026-03-05 03:45:00,1448.9000244140625,1466.9000244140625,1448.300048828125,1464.699951171875,0
2026-03-05 03:50:00,1464.0,1466.5,1462.4000244140625,1464.199951171875,54532
2026-03-05 03:55:00,1464.300048828125,1465.0,1459.699951171875,1460.300048828125,56515
2026-03-05 04:00:00,1461.0,1462.0,1457.0999755859375,1460.9000244140625,41123
2026-03-05 04:05:00,1461.0,1461.0,1456.5,1457.800048828125,24032
2026-03-05 04:10:00,1457.9000244140625,1462.4000244140625,1456.9000244140625,1460.5999755859375,36378
2026-03-05 04:15:00,1460.9000244140625,1461.0,1458.4000244140625,1459.800048828125,18478
2026-03-05 04:20:00,1459.800048828125,1461.300048828125,1458.4000244140625,1461.300048828125,21309
2026-03-05 04:25:00,1460.699951171875,1461.300048828125,1458.0,1458.0999755859375,20935
2026-03-05 04:30:00,1457.4000244140625,1463.0,1456.5,1458.5999755859375,32198
2026-03-05 04:35:00,1458.9000244140625,1463.9000244140625,1458.9000244140625,1461.4000244140625,23971
2026-03-05 04:40:00,1461.4000244140625,1461.5999755859375,1459.699951171875,1460.300048828125,15662
2026-03-05 04:45:00,1460.0999755859375,1461.5,1460.0999755859375,1460.5,8097
2026-03-05 04:50:00,1460.5,1460.5,1458.5,1459.0999755859375,13579
2026-03-05 04:55:00,1459.0,1459.0,1454.5999755859375,1457.0,29647
2026-03-05 05:00:00,1457.4000244140625,1457.9000244140625,1455.0,1455.800048828125,32233
2026-03-05 05:05:00,1456.0999755859375,1459.5,1455.800048828125,1459.5,11509
2026-03-05 05:10:00,1459.5,1466.0,1459.0,1465.5,36629
2026-03-05 05:15:00,1465.9000244140625,1465.9000244140625,1463.5999755859375,1463.5999755859375,15571
2026-03-05 05:20:00,1463.5,1465.0,1462.699951171875,1463.800048828125,14493
2026-03-05 05:25:00,1464.300048828125,1466.5,1463.9000244140625,1465.4000244140625,19637
2026-03-05 05:30:00,1465.199951171875,1466.4000244140625,1464.9000244140625,1465.5,14047
2026-03-05 05:35:00,1465.199951171875,1465.9000244140625,1462.199951171875,1463.9000244140625,17870
2026-03-05 05:40:00,1463.9000244140625,1464.0,1462.0,1462.5,9668
2026-03-05 05:45:00,1462.300048828125,1464.199951171875,1462.0,1463.4000244140625,20168
2026-03-05 05:50:00,1463.0,1463.4000244140625,1461.199951171875,1461.800048828125,22506
2026-03-05 05:55:00,1461.800048828125,1461.800048828125,1457.5,1457.5,15915
2026-03-05 06:00:00,1457.5999755859375,1458.800048828125,1457.199951171875,1458.0999755859375,14575
2026-03-05 06:05:00,1458.0,1458.0,1454.0,1454.800048828125,23124
2026-03-05 06:10:00,1454.699951171875,1456.5999755859375,1454.300048828125,1455.699951171875,9412
2026-03-05 06:15:00,1455.699951171875,1455.9000244140625,1454.0,1455.300048828125,11708
2026-03-05 06:20:00,1455.300048828125,1456.800048828125,1454.4000244140625,1456.800048828125,14749
2026-03-05 06:25:00,1457.5999755859375,1458.199951171875,1453.699951171875,1454.5,23820
2026-03-05 06:30:00,1454.300048828125,1454.800048828125,1451.5999755859375,1452.4000244140625,15839
2026-03-05 06:35:00,1452.4000244140625,1453.0,1450.9000244140625,1452.699951171875,20835
2026-03-05 06:40:00,1453.199951171875,1455.9000244140625,1452.0999755859375,1455.9000244140625,12562
2026-03-05 06:45:00,1455.800048828125,1456.5999755859375,1454.5,1455.0999755859375,11804
2026-03-05 06:50:00,1455.0999755859375,1459.300048828125,1455.0999755859375,1456.699951171875,14910
2026-03-05 06:55:00,1456.699951171875,1460.0,1456.5999755859375,1459.199951171875,8547
2026-03-05 07:00:00,1459.199951171875,1461.699951171875,1459.0,1459.9000244140625,11580
2026-03-05 07:05:00,1459.4000244140625,1460.9000244140625,1458.5999755859375,1460.9000244140625,9226
2026-03-05 07:10:00,1460.9000244140625,1461.4000244140625,1458.5999755859375,1459.199951171875,11390
2026-03-05 07:15:00,1458.800048828125,1460.0,1457.300048828125,1458.300048828125,9844
2026-03-05 07:20:00,1458.5,1460.9000244140625,1457.9000244140625,1460.9000244140625,14942
2026-03-05 07:25:00,1461.5,1462.699951171875,1460.9000244140625,1462.4000244140625,14065
2026-03-05 07:30:00,1462.4000244140625,1463.0,1459.0,1459.0,12450
2026-03-05 07:35:00,1459.0,1461.0,1458.5999755859375,1459.199951171875,12228
2026-03-05 07:40:00,1459.300048828125,1459.4000244140625,1455.5999755859375,1457.0,12636
2026-03-05 07:45:00,1457.4000244140625,1457.800048828125,1456.5999755859375,1456.9000244140625,5886
2026-03-05 07:50:00,1456.699951171875,1460.5,1456.199951171875,1460.0,29516
2026-03-05 07:55:00,1460.0,1460.0,1457.4000244140625,1460.0,15755
2026-03-05 08:00:00,1460.300048828125,1461.699951171875,1458.0999755859375,1459.800048828125,13677
2026-03-05 08:05:00,1459.800048828125,1459.800048828125,1457.5,1458.5,13410
2026-03-05 08:10:00,1459.0,1461.0,1457.5,1460.5,20396
2026-03-05 08:15:00,1459.800048828125,1462.0,1459.5,1460.199951171875,26007
2026-03-05 08:20:00,1460.199951171875,1460.5,1457.699951171875,1458.699951171875,26935
2026-03-05 08:25:00,1458.9000244140625,1460.0,1457.300048828125,1459.5,28485
2026-03-05 08:30:00,1459.5,1462.699951171875,1459.5,1462.5999755859375,48174
2026-03-05 08:35:00,1462.699951171875,1465.9000244140625,1462.0,1463.0,46177
2026-03-05 08:40:00,1462.4000244140625,1465.5,1461.0999755859375,1463.0,63033
2026-03-05 08:45:00,1463.0,1465.0,1461.9000244140625,1462.800048828125,45147
2026-03-05 08:50:00,1462.800048828125,1469.800048828125,1462.5999755859375,1469.0,61287
2026-03-05 08:55:00,1469.4000244140625,1472.5999755859375,1468.199951171875,1472.5,56808
2026-03-05 09:00:00,1472.5,1472.5,1468.0999755859375,1469.300048828125,34816
2026-03-05 09:05:00,1469.199951171875,1479.9000244140625,1468.9000244140625,1479.5,68178
2026-03-05 09:10:00,1479.800048828125,1489.300048828125,1479.300048828125,1486.9000244140625,110614
2026-03-05 09:15:00,1486.699951171875,1491.0,1486.0999755859375,1490.800048828125,76684
2026-03-05 09:20:00,1490.800048828125,1499.5,1490.300048828125,1496.0999755859375,104627
2026-03-05 09:25:00,1496.0999755859375,1499.5,1493.0,1497.800048828125,86955
2026-03-05 09:30:00,1498.300048828125,1502.199951171875,1497.0,1499.0999755859375,208758
2026-03-05 09:35:00,1499.0999755859375,1504.9000244140625,1497.5999755859375,1504.5,204046
2026-03-05 09:40:00,1504.9000244140625,1505.300048828125,1495.0,1495.699951171875,241818
2026-03-05 09:45:00,1495.9000244140625,1502.199951171875,1495.9000244140625,1500.0,195030
2026-03-05 09:50:00,1499.9000244140625,1500.0,1494.9000244140625,1497.699951171875,202044
2026-03-05 09:55:00,1497.800048828125,1497.800048828125,1488.0,1488.0,141566
2026-03-06 03:45:00,1485.9000244140625,1485.9000244140625,1477.699951171875,1480.4000244140625,0
2026-03-06 03:50:00,1480.5,1488.699951171875,1479.5999755859375,1487.300048828125,71987
2026-03-06 03:55:00,1486.800048828125,1496.300048828125,1486.800048828125,1493.5,106414
2026-03-06 04:00:00,1494.0,1494.0,1490.199951171875,1491.699951171875,25418
2026-03-06 04:05:00,1492.0999755859375,1494.5,1491.300048828125,1491.300048828125,31685
2026-03-06 04:10:00,1491.800048828125,1494.5999755859375,1491.5,1493.699951171875,16356
2026-03-06 04:15:00,1493.699951171875,1494.5,1492.0999755859375,1492.5,20954
2026-03-06 04:20:00,1492.5,1493.4000244140625,1491.0999755859375,1492.0999755859375,17613
2026-03-06 04:25:00,1491.800048828125,1491.800048828125,1489.0,1489.199951171875,21167
2026-03-06 04:30:00,1489.9000244140625,1490.5,1486.800048828125,1487.9000244140625,19147
2026-03-06 04:35:00,1487.9000244140625,1491.0999755859375,1487.300048828125,1490.199951171875,13209
2026-03-06 04:40:00,1490.300048828125,1491.0,1489.199951171875,1490.199951171875,10782
2026-03-06 04:45:00,1489.5,1492.199951171875,1489.300048828125,1491.300048828125,14231
2026-03-06 04:50:00,1490.9000244140625,1493.9000244140625,1489.800048828125,1493.800048828125,10230
2026-03-06 04:55:00,1493.800048828125,1493.800048828125,1491.800048828125,1491.800048828125,8522
2026-03-06 05:00:00,1491.800048828125,1491.800048828125,1488.199951171875,1489.5,17002
2026-03-06 05:05:00,1489.199951171875,1491.0,1487.699951171875,1489.800048828125,11107
2026-03-06 05:10:00,1490.0,1490.0,1478.5,1478.5,63013
2026-03-06 05:15:00,1479.199951171875,1481.9000244140625,1476.5,1479.199951171875,65720
2026-03-06 05:20:00,1479.5,1480.5999755859375,1477.5999755859375,1478.4000244140625,62129
2026-03-06 05:25:00,1477.800048828125,1479.0999755859375,1477.0999755859375,1478.5999755859375,24129
2026-03-06 05:30:00,1478.5,1482.199951171875,1478.5,1482.0,17058
2026-03-06 05:35:00,1482.199951171875,1483.0999755859375,1480.800048828125,1482.4000244140625,18262
2026-03-06 05:40:00,1481.800048828125,1482.9000244140625,1480.0,1482.0,8707
2026-03-06 05:45:00,1482.0,1483.5,1481.4000244140625,1483.0,18650
2026-03-06 05:50:00,1482.5999755859375,1483.4000244140625,1481.5,1482.0,12201
2026-03-06 05:55:00,1481.199951171875,1483.0,1481.0999755859375,1482.5999755859375,8797
2026-03-06 06:00:00,1482.800048828125,1484.4000244140625,1481.5,1484.0,12614
2026-03-06 06:05:00,1483.9000244140625,1486.800048828125,1483.800048828125,1486.800048828125,28697
2026-03-06 06:10:00,1486.699951171875,1490.0,1482.9000244140625,1482.9000244140625,36824
2026-03-06 06:15:00,1483.0,1486.4000244140625,1482.9000244140625,1485.0999755859375,20563
2026-03-06 06:20:00,1485.0999755859375,1485.800048828125,1481.0,1482.699951171875,31249
2026-03-06 06:25:00,1483.699951171875,1483.800048828125,1481.199951171875,1483.0999755859375,20364
2026-03-06 06:30:00,1483.0999755859375,1484.0,1482.0999755859375,1483.0,12389
2026-03-06 06:35:00,1483.0,1484.5,1482.800048828125,1484.0,7735
2026-03-06 06:40:00,1484.5,1485.0999755859375,1482.4000244140625,1483.5999755859375,8259
2026-03-06 06:45:00,1483.5999755859375,1486.0,1483.5999755859375,1484.0999755859375,3834
2026-03-06 06:50:00,1484.0999755859375,1485.199951171875,1483.0999755859375,1484.800048828125,27849
2026-03-06 06:55:00,1484.699951171875,1485.5,1483.300048828125,1484.0,40740
2026-03-06 07:00:00,1483.800048828125,1485.0,1482.5,1482.5999755859375,11895
2026-03-06 07:05:00,1484.0,1484.0,1481.5999755859375,1482.699951171875,15474
2026-03-06 07:10:00,1482.699951171875,1484.199951171875,1481.0,1483.800048828125,16335
2026-03-06 07:15:00,1484.199951171875,1484.5,1482.300048828125,1483.9000244140625,5728
2026-03-06 07:20:00,1483.4000244140625,1485.0,1483.4000244140625,1485.0,8375
2026-03-06 07:25:00,1485.0,1485.0,1482.699951171875,1484.5999755859375,13630
2026-03-06 07:30:00,1483.800048828125,1485.0,1482.0999755859375,1483.300048828125,22032
2026-03-06 07:35:00,1483.699951171875,1484.199951171875,1481.300048828125,1482.5999755859375,17532
2026-03-06 07:40:00,1482.5999755859375,1486.9000244140625,1482.199951171875,1486.9000244140625,43969
2026-03-06 07:45:00,1486.800048828125,1488.0,1485.300048828125,1488.0,15278
2026-03-06 07:50:00,1488.0999755859375,1488.9000244140625,1487.0999755859375,1488.199951171875,20807
2026-03-06 07:55:00,1488.5999755859375,1493.5,1488.5999755859375,1492.0,50052
2026-03-06 08:00:00,1491.800048828125,1494.0999755859375,1491.4000244140625,1492.5,26963
2026-03-06 08:05:00,1492.5,1497.199951171875,1491.0,1494.0,52294
2026-03-06 08:10:00,1494.0,1494.5999755859375,1492.5999755859375,1492.699951171875,13976
2026-03-06 08:15:00,1492.5999755859375,1492.9000244140625,1491.300048828125,1492.800048828125,30691
2026-03-06 08:20:00,1492.800048828125,1494.0,1492.699951171875,1493.300048828125,11274
2026-03-06 08:25:00,1493.0,1493.300048828125,1490.5999755859375,1491.4000244140625,19794
2026-03-06 08:30:00,1491.4000244140625,1492.0,1489.5,1490.5,28518
2026-03-06 08:35:00,1490.4000244140625,1491.699951171875,1490.0,1490.800048828125,43163
2026-03-06 08:40:00,1490.4000244140625,1493.0,1490.4000244140625,1491.699951171875,54459
2026-03-06 08:45:00,1491.699951171875,1494.5,1491.5999755859375,1494.5,24908
2026-03-06 08:50:00,1494.300048828125,1495.0,1492.4000244140625,1494.4000244140625,12050
2026-03-06 08:55:00,1494.300048828125,1494.4000244140625,1492.4000244140625,1492.9000244140625,8560
2026-03-06 09:00:00,1492.9000244140625,1493.199951171875,1491.800048828125,1491.9000244140625,12611
2026-03-06 09:05:00,1491.9000244140625,1492.0,1490.5,1491.0999755859375,28985
2026-03-06 09:10:00,1491.199951171875,1491.199951171875,1483.0,1485.5,60230
2026-03-06 09:15:00,1485.5,1487.4000244140625,1477.4000244140625,1479.9000244140625,78212
2026-03-06 09:20:00,1480.0999755859375,1482.699951171875,1479.0,1480.300048828125,61592
2026-03-06 09:25:00,1480.300048828125,1480.9000244140625,1478.0999755859375,1480.5999755859375,101417
2026-03-06 09:30:00,1479.699951171875,1482.9000244140625,1479.0999755859375,1480.800048828125,66467
2026-03-06 09:35:00,1480.300048828125,1481.0,1478.5999755859375,1479.0,74783
2026-03-06 09:40:00,1479.0,1480.0,1477.199951171875,1478.0999755859375,96575
2026-03-06 09:45:00,1478.300048828125,1480.0,1471.199951171875,1471.4000244140625,133123
2026-03-06 09:50:00,1471.4000244140625,1476.0999755859375,1470.0,1475.800048828125,102231
2026-03-06 09:55:00,1475.800048828125,1477.5,1475.0,1477.5,43105
2026-03-09 03:45:00,1410.0999755859375,1435.0999755859375,1410.0999755859375,1415.0,0
2026-03-09 03:50:00,1416.0,1419.9000244140625,1412.5,1415.0999755859375,92687
2026-03-09 03:55:00,1415.0,1421.199951171875,1413.300048828125,1420.9000244140625,75523
2026-03-09 04:00:00,1420.800048828125,1425.800048828125,1420.0,1420.300048828125,83312
2026-03-09 04:05:00,1420.300048828125,1426.699951171875,1419.199951171875,1424.5,51514
2026-03-09 04:10:00,1424.5,1424.5,1417.800048828125,1420.0,320330
2026-03-09 04:15:00,1420.0,1429.800048828125,1419.800048828125,1426.300048828125,105879
2026-03-09 04:20:00,1426.300048828125,1430.5999755859375,1425.0999755859375,1428.4000244140625,61942
2026-03-09 04:25:00,1427.9000244140625,1434.4000244140625,1427.5,1431.0999755859375,43537
2026-03-09 04:30:00,1430.5999755859375,1432.5999755859375,1427.199951171875,1430.0999755859375,88537
2026-03-09 04:35:00,1429.5999755859375,1431.5,1428.199951171875,1430.0,96168
2026-03-09 04:40:00,1430.0,1432.800048828125,1428.300048828125,1429.5999755859375,28701
2026-03-09 04:45:00,1429.5999755859375,1429.5999755859375,1421.0,1423.9000244140625,65927
2026-03-09 04:50:00,1423.9000244140625,1426.699951171875,1422.199951171875,1424.0,30654
2026-03-09 04:55:00,1424.0,1428.199951171875,1423.0999755859375,1426.4000244140625,23835
2026-03-09 05:00:00,1426.4000244140625,1426.9000244140625,1420.199951171875,1420.800048828125,55645
2026-03-09 05:05:00,1420.800048828125,1423.300048828125,1420.0999755859375,1422.300048828125,26053
2026-03-09 05:10:00,1422.300048828125,1422.9000244140625,1420.699951171875,1421.300048828125,25357
2026-03-09 05:15:00,1421.300048828125,1421.5999755859375,1417.0999755859375,1419.199951171875,43951
2026-03-09 05:20:00,1419.199951171875,1428.4000244140625,1418.300048828125,1428.0,83710
2026-03-09 05:25:00,1427.699951171875,1433.0,1427.300048828125,1429.4000244140625,57402
2026-03-09 05:30:00,1429.800048828125,1430.0,1425.5999755859375,1426.300048828125,49115
2026-03-09 05:35:00,1426.300048828125,1426.300048828125,1420.800048828125,1421.699951171875,23924
2026-03-09 05:40:00,1421.5999755859375,1422.5999755859375,1416.800048828125,1418.0,49782
2026-03-09 05:45:00,1418.0,1419.4000244140625,1415.199951171875,1418.5999755859375,31536
2026-03-09 05:50:00,1418.5999755859375,1425.0,1418.4000244140625,1422.800048828125,41677
2026-03-09 05:55:00,1422.800048828125,1425.0,1420.9000244140625,1422.9000244140625,86827
2026-03-09 06:00:00,1422.9000244140625,1423.5,1420.4000244140625,1422.0,29373
2026-03-09 06:05:00,1421.5999755859375,1423.300048828125,1421.5999755859375,1423.300048828125,14502
2026-03-09 06:10:00,1423.0999755859375,1425.5,1421.5999755859375,1421.699951171875,49585
2026-03-09 06:15:00,1421.699951171875,1422.300048828125,1420.5999755859375,1420.800048828125,24830
2026-03-09 06:20:00,1420.9000244140625,1421.5,1420.0,1420.800048828125,32696
2026-03-09 06:25:00,1420.800048828125,1422.0,1420.5,1421.5999755859375,11448
2026-03-09 06:30:00,1422.0999755859375,1422.699951171875,1420.4000244140625,1422.699951171875,12702
2026-03-09 06:35:00,1422.300048828125,1422.300048828125,1420.0,1420.0999755859375,19399
2026-03-09 06:40:00,1418.0,1418.4000244140625,1414.699951171875,1417.0999755859375,66845
2026-03-09 06:45:00,1417.300048828125,1417.5,1414.5,1415.4000244140625,59830
2026-03-09 06:50:00,1415.4000244140625,1418.300048828125,1414.0999755859375,1417.0,25893
2026-03-09 06:55:00,1417.0,1417.5,1416.300048828125,1417.0,17804
2026-03-09 07:00:00,1417.0,1418.5999755859375,1416.5999755859375,1416.9000244140625,117365
2026-03-09 07:05:00,1416.0999755859375,1419.9000244140625,1415.5,1419.5,20627
2026-03-09 07:10:00,1419.300048828125,1419.9000244140625,1418.300048828125,1418.699951171875,17384
2026-03-09 07:15:00,1418.5,1419.800048828125,1417.5,1417.800048828125,10113
2026-03-09 07:20:00,1417.800048828125,1421.0,1417.0,1420.300048828125,24576
2026-03-09 07:25:00,1420.5,1422.699951171875,1420.0,1420.699951171875,77652
2026-03-09 07:30:00,1420.800048828125,1420.800048828125,1416.699951171875,1417.5999755859375,17229
2026-03-09 07:35:00,1417.5999755859375,1419.5,1417.199951171875,1418.0999755859375,9995
2026-03-09 07:40:00,1418.0999755859375,1418.199951171875,1415.4000244140625,1416.0999755859375,19979
2026-03-09 07:45:00,1415.9000244140625,1417.5,1414.0,1415.800048828125,68168
2026-03-09 07:50:00,1415.5,1418.199951171875,1414.699951171875,1415.199951171875,15945
2026-03-09 07:55:00,1415.300048828125,1418.300048828125,1414.800048828125,1416.0999755859375,27389
2026-03-09 08:00:00,1416.0,1420.5999755859375,1415.5999755859375,1420.0999755859375,24536
2026-03-09 08:05:00,1419.0999755859375,1419.0999755859375,1416.0999755859375,1417.9000244140625,16976
2026-03-09 08:10:00,1417.5999755859375,1419.0,1417.0,1418.4000244140625,16352
2026-03-09 08:15:00,1417.9000244140625,1418.9000244140625,1415.5,1415.5,14770
2026-03-09 08:20:00,1415.5,1417.4000244140625,1415.199951171875,1416.300048828125,30323
2026-03-09 08:25:00,1416.300048828125,1419.0,1415.5,1416.0999755859375,279393
2026-03-09 08:30:00,1416.0999755859375,1417.0999755859375,1414.699951171875,1416.4000244140625,29539
2026-03-09 08:35:00,1415.800048828125,1417.0,1414.199951171875,1415.800048828125,29413
2026-03-09 08:40:00,1415.800048828125,1417.0999755859375,1414.800048828125,1415.4000244140625,17037
2026-03-09 08:45:00,1415.4000244140625,1415.9000244140625,1414.0,1414.9000244140625,33524
2026-03-09 08:50:00,1414.9000244140625,1417.4000244140625,1414.0,1416.5999755859375,20330
2026-03-09 08:55:00,1416.5,1418.0999755859375,1416.5,1418.0999755859375,35848
2026-03-09 09:00:00,1417.699951171875,1418.300048828125,1415.5,1415.9000244140625,32634
2026-03-09 09:05:00,1415.300048828125,1417.5999755859375,1415.300048828125,1416.699951171875,18812
2026-03-09 09:10:00,1416.699951171875,1419.0,1416.0,1418.800048828125,24937
2026-03-09 09:15:00,1418.5,1423.0,1417.0,1417.300048828125,83040
2026-03-09 09:20:00,1417.300048828125,1419.0,1414.9000244140625,1416.300048828125,68831
2026-03-09 09:25:00,1416.300048828125,1418.0,1415.199951171875,1416.9000244140625,97068
2026-03-09 09:30:00,1417.300048828125,1423.0,1415.0,1422.4000244140625,191867
2026-03-09 09:35:00,1422.4000244140625,1424.699951171875,1418.9000244140625,1421.199951171875,161600
2026-03-09 09:40:00,1420.9000244140625,1424.0999755859375,1420.0999755859375,1421.5999755859375,141185
2026-03-09 09:45:00,1422.199951171875,1425.199951171875,1421.199951171875,1422.800048828125,137044
2026-03-09 09:50:00,1422.800048828125,1422.800048828125,1419.5,1421.9000244140625,155163
2026-03-09 09:55:00,1422.0,1424.9000244140625,1419.5999755859375,1421.300048828125,137992
2026-03-10 03:45:00,1460.5999755859375,1467.9000244140625,1445.0,1446.300048828125,0
2026-03-10 03:50:00,1448.0,1452.800048828125,1448.0,1451.199951171875,61149
2026-03-10 03:55:00,1450.699951171875,1452.699951171875,1447.0,1449.9000244140625,31651
2026-03-10 04:00:00,1450.0999755859375,1450.5,1441.4000244140625,1444.5999755859375,36508
2026-03-10 04:05:00,1443.5999755859375,1443.5999755859375,1436.199951171875,1436.199951171875,45800
2026-03-10 04:10:00,1436.0,1441.800048828125,1436.0,1441.199951171875,28874
2026-03-10 04:15:00,1441.5,1441.5999755859375,1437.9000244140625,1441.5,19228
2026-03-10 04:20:00,1441.199951171875,1443.9000244140625,1439.0999755859375,1439.800048828125,20301
2026-03-10 04:25:00,1439.800048828125,1440.800048828125,1434.300048828125,1435.800048828125,26536
2026-03-10 04:30:00,1435.0,1438.9000244140625,1435.0,1436.5,16465
2026-03-10 04:35:00,1436.5999755859375,1437.699951171875,1436.0,1437.0,16218
2026-03-10 04:40:00,1437.199951171875,1439.0,1435.300048828125,1437.800048828125,20459
2026-03-10 04:45:00,1437.800048828125,1441.9000244140625,1437.800048828125,1439.0999755859375,20906
2026-03-10 04:50:00,1439.0,1439.0999755859375,1433.800048828125,1435.5999755859375,20402
2026-03-10 04:55:00,1435.199951171875,1436.300048828125,1431.9000244140625,1433.9000244140625,21587
2026-03-10 05:00:00,1434.0,1437.0,1432.699951171875,1435.9000244140625,20501
2026-03-10 05:05:00,1435.199951171875,1438.5,1435.199951171875,1435.5,17700
2026-03-10 05:10:00,1436.199951171875,1437.800048828125,1433.0999755859375,1433.300048828125,28395
2026-03-10 05:15:00,1433.199951171875,1435.800048828125,1432.699951171875,1434.0,21271
2026-03-10 05:20:00,1434.0,1434.199951171875,1430.0,1430.5999755859375,18895
2026-03-10 05:25:00,1430.5999755859375,1430.699951171875,1426.300048828125,1426.4000244140625,40952
2026-03-10 05:30:00,1426.800048828125,1426.800048828125,1423.699951171875,1425.199951171875,40501
2026-03-10 05:35:00,1425.199951171875,1426.4000244140625,1424.5,1425.0,28625
2026-03-10 05:40:00,1425.0999755859375,1426.4000244140625,1424.5,1425.0,33909
2026-03-10 05:45:00,1424.9000244140625,1426.800048828125,1424.0,1425.4000244140625,28520
2026-03-10 05:50:00,1425.4000244140625,1425.5,1422.699951171875,1424.699951171875,17772
2026-03-10 05:55:00,1424.300048828125,1425.5,1422.0999755859375,1422.5999755859375,19158
2026-03-10 06:00:00,1422.800048828125,1423.300048828125,1421.300048828125,1423.199951171875,16164
2026-03-10 06:05:00,1423.5,1424.800048828125,1422.0,1423.699951171875,14324
2026-03-10 06:10:00,1423.699951171875,1423.9000244140625,1423.0,1423.5,7740
2026-03-10 06:15:00,1423.5,1423.5,1419.800048828125,1420.0,32347
2026-03-10 06:20:00,1419.5,1419.9000244140625,1416.699951171875,1418.300048828125,38273
2026-03-10 06:25:00,1418.5999755859375,1421.0,1418.0999755859375,1420.5,33294
2026-03-10 06:30:00,1420.5999755859375,1421.0,1418.5999755859375,1419.300048828125,13117
2026-03-10 06:35:00,1419.9000244140625,1420.699951171875,1419.0999755859375,1419.0999755859375,9725
2026-03-10 06:40:00,1418.699951171875,1421.5999755859375,1418.0,1420.0999755859375,29165
2026-03-10 06:45:00,1420.300048828125,1422.9000244140625,1420.0,1420.5,29519
2026-03-10 06:50:00,1420.699951171875,1423.5,1420.0,1423.300048828125,26643
2026-03-10 06:55:00,1423.300048828125,1425.300048828125,1423.0999755859375,1424.5999755859375,25192
2026-03-10 07:00:00,1424.5,1425.0,1424.5,1424.5999755859375,56886
2026-03-10 07:05:00,1424.699951171875,1426.9000244140625,1424.0,1426.4000244140625,73838
2026-03-10 07:10:00,1426.4000244140625,1427.4000244140625,1424.0999755859375,1425.800048828125,56569
2026-03-10 07:15:00,1425.5999755859375,1426.0,1424.5,1424.5,16631
2026-03-10 07:20:00,1424.5999755859375,1426.0,1424.4000244140625,1425.699951171875,30150
2026-03-10 07:25:00,1425.699951171875,1427.9000244140625,1425.0,1427.300048828125,35649
2026-03-10 07:30:00,1427.300048828125,1429.0,1427.0,1427.0999755859375,27361
2026-03-10 07:35:00,1427.0999755859375,1427.9000244140625,1427.0,1427.800048828125,56940
2026-03-10 07:40:00,1427.9000244140625,1428.4000244140625,1423.5,1424.699951171875,39170
2026-03-10 07:45:00,1424.699951171875,1425.0,1422.0,1422.199951171875,15763
2026-03-10 07:50:00,1422.0999755859375,1423.9000244140625,1419.699951171875,1420.5,18509
2026-03-10 07:55:00,1420.300048828125,1422.5,1419.0,1422.199951171875,15635
2026-03-10 08:00:00,1422.0999755859375,1424.9000244140625,1421.5999755859375,1424.699951171875,51703
2026-03-10 08:05:00,1425.4000244140625,1426.0,1421.0999755859375,1423.4000244140625,31523
2026-03-10 08:10:00,1423.800048828125,1425.699951171875,1423.4000244140625,1424.0999755859375,11964
2026-03-10 08:15:00,1424.0,1424.9000244140625,1423.4000244140625,1424.699951171875,14760
2026-03-10 08:20:00,1424.800048828125,1426.699951171875,1424.4000244140625,1424.5999755859375,18792
2026-03-10 08:25:00,1424.699951171875,1425.0,1422.300048828125,1422.800048828125,11408
2026-03-10 08:30:00,1422.4000244140625,1424.0,1421.0999755859375,1422.800048828125,26707
2026-03-10 08:35:00,1423.0999755859375,1426.5999755859375,1422.699951171875,1425.300048828125,40616
2026-03-10 08:40:00,1425.300048828125,1426.800048828125,1424.5,1425.5,43710
2026-03-10 08:45:00,1425.5999755859375,1426.300048828125,1423.300048828125,1424.4000244140625,26959
2026-03-10 08:50:00,1424.0,1424.800048828125,1422.0999755859375,1423.9000244140625,14375
2026-03-10 08:55:00,1423.800048828125,1424.199951171875,1421.9000244140625,1422.300048828125,15744
2026-03-10 09:00:00,1422.4000244140625,1423.300048828125,1419.5,1420.5,29717
2026-03-10 09:05:00,1420.9000244140625,1423.0,1420.300048828125,1421.5,23585
2026-03-10 09:10:00,1421.5,1422.699951171875,1419.0999755859375,1420.800048828125,38416
2026-03-10 09:15:00,1420.699951171875,1424.9000244140625,1419.5999755859375,1424.9000244140625,41497
2026-03-10 09:20:00,1424.699951171875,1424.9000244140625,1422.300048828125,1424.0,22894
2026-03-10 09:25:00,1423.4000244140625,1424.0999755859375,1422.0999755859375,1423.4000244140625,27529
2026-03-10 09:30:00,1423.699951171875,1423.699951171875,1419.199951171875,1421.0,87264
2026-03-10 09:35:00,1421.0,1423.9000244140625,1420.0,1423.5,76757
2026-03-10 09:40:00,1423.300048828125,1424.9000244140625,1423.0,1424.5,99506
2026-03-10 09:45:00,1424.0999755859375,1425.699951171875,1424.0999755859375,1425.0,114999
2026-03-10 09:50:00,1424.9000244140625,1425.5,1423.300048828125,1424.300048828125,134545
2026-03-10 09:55:00,1424.300048828125,1428.699951171875,1424.300048828125,1428.0,147970
2026-03-11 03:45:00,1429.4000244140625,1437.699951171875,1423.300048828125,1436.199951171875,0
2026-03-11 03:50:00,1436.4000244140625,1446.300048828125,1436.0999755859375,1443.199951171875,94933
2026-03-11 03:55:00,1444.4000244140625,1445.9000244140625,1441.800048828125,1444.199951171875,40430
2026-03-11 04:00:00,1444.5,1454.9000244140625,1444.0,1453.699951171875,57811
2026-03-11 04:05:00,1453.0999755859375,1454.699951171875,1448.0,1449.0,41494
2026-03-11 04:10:00,1449.0,1454.4000244140625,1448.5,1454.300048828125,24210
2026-03-11 04:15:00,1454.199951171875,1454.300048828125,1449.5999755859375,1452.199951171875,18632
2026-03-11 04:20:00,1452.800048828125,1454.699951171875,1445.5999755859375,1446.5999755859375,35911
2026-03-11 04:25:00,1446.4000244140625,1448.699951171875,1444.5,1444.9000244140625,14754
2026-03-11 04:30:00,1444.5999755859375,1447.5,1443.5999755859375,1445.300048828125,28729
2026-03-11 04:35:00,1445.0,1445.5,1443.0,1443.0,14055
2026-03-11 04:40:00,1442.5,1444.0,1442.0,1442.5,14984
2026-03-11 04:45:00,1441.300048828125,1442.0,1440.0,1441.5,31048
2026-03-11 04:50:00,1441.5,1441.9000244140625,1440.0,1441.9000244140625,8355
2026-03-11 04:55:00,1441.9000244140625,1444.0,1441.0,1443.5999755859375,10693
2026-03-11 05:00:00,1443.5999755859375,1444.300048828125,1442.0,1442.5999755859375,10914
2026-03-11 05:05:00,1442.4000244140625,1444.699951171875,1441.4000244140625,1443.5999755859375,14764
2026-03-11 05:10:00,1443.9000244140625,1448.300048828125,1443.0,1445.0,20585
2026-03-11 05:15:00,1445.800048828125,1446.4000244140625,1444.0,1446.4000244140625,8305
2026-03-11 05:20:00,1446.5,1446.800048828125,1444.0,1446.5,22805
2026-03-11 05:25:00,1446.199951171875,1451.0,1445.199951171875,1450.5,27689
2026-03-11 05:30:00,1450.5,1452.199951171875,1449.0999755859375,1451.699951171875,27373
2026-03-11 05:35:00,1451.300048828125,1451.300048828125,1444.9000244140625,1445.699951171875,40385
2026-03-11 05:40:00,1445.5999755859375,1446.699951171875,1443.9000244140625,1445.800048828125,26296
2026-03-11 05:45:00,1445.5,1445.699951171875,1440.199951171875,1441.699951171875,84844
2026-03-11 05:50:00,1441.5999755859375,1441.5999755859375,1432.5,1432.5,47107
2026-03-11 05:55:00,1432.699951171875,1435.199951171875,1432.0,1434.699951171875,20599
2026-03-11 06:00:00,1434.800048828125,1437.5,1434.0,1437.199951171875,14379
2026-03-11 06:05:00,1437.199951171875,1439.199951171875,1435.699951171875,1437.699951171875,17965
2026-03-11 06:10:00,1437.5999755859375,1439.199951171875,1437.5999755859375,1439.0,5953
2026-03-11 06:15:00,1439.199951171875,1440.0,1437.5,1437.5,10786
2026-03-11 06:20:00,1437.300048828125,1437.5999755859375,1436.0,1436.300048828125,12349
2026-03-11 06:25:00,1436.199951171875,1436.4000244140625,1433.5999755859375,1433.699951171875,14996
2026-03-11 06:30:00,1434.4000244140625,1439.0,1434.300048828125,1438.9000244140625,9573
2026-03-11 06:35:00,1438.9000244140625,1439.199951171875,1436.5,1437.9000244140625,11028
2026-03-11 06:40:00,1437.9000244140625,1443.300048828125,1437.699951171875,1443.300048828125,18913
2026-03-11 06:45:00,1443.0999755859375,1444.5,1441.4000244140625,1443.9000244140625,9913
2026-03-11 06:50:00,1444.0,1444.800048828125,1441.9000244140625,1443.0,9499
2026-03-11 06:55:00,1442.9000244140625,1442.9000244140625,1440.0999755859375,1441.0,9997
2026-03-11 07:00:00,1440.300048828125,1440.699951171875,1437.0,1437.5,9761
2026-03-11 07:05:00,1437.5999755859375,1438.199951171875,1433.300048828125,1433.4000244140625,11866
2026-03-11 07:10:00,1433.9000244140625,1437.0,1433.4000244140625,1436.9000244140625,8393
2026-03-11 07:15:00,1436.5999755859375,1436.5999755859375,1430.5,1431.5,30027
2026-03-11 07:20:00,1431.5,1431.5999755859375,1426.300048828125,1427.300048828125,55715
2026-03-11 07:25:00,1427.4000244140625,1428.5,1425.4000244140625,1426.4000244140625,34150
2026-03-11 07:30:00,1426.5999755859375,1429.4000244140625,1426.0,1427.199951171875,40613
2026-03-11 07:35:00,1427.4000244140625,1428.0,1425.5999755859375,1425.5999755859375,31963
2026-03-11 07:40:00,1426.0,1426.0,1421.300048828125,1422.0,41830
2026-03-11 07:45:00,1421.4000244140625,1422.699951171875,1420.699951171875,1422.5999755859375,29359
2026-03-11 07:50:00,1422.199951171875,1423.9000244140625,1421.5,1423.5,32890
2026-03-11 07:55:00,1423.5999755859375,1426.4000244140625,1422.300048828125,1425.800048828125,41813
2026-03-11 08:00:00,1426.0,1428.0,1423.199951171875,1426.300048828125,59593
2026-03-11 08:05:00,1425.4000244140625,1425.5,1422.4000244140625,1422.5,19956
2026-03-11 08:10:00,1423.0,1423.300048828125,1421.9000244140625,1422.300048828125,20022
2026-03-11 08:15:00,1422.699951171875,1423.5,1421.0,1421.4000244140625,24354
2026-03-11 08:20:00,1421.5,1424.0,1420.0,1422.5,29210
2026-03-11 08:25:00,1423.0999755859375,1423.4000244140625,1420.5999755859375,1421.0,19985
2026-03-11 08:30:00,1421.699951171875,1421.699951171875,1420.0,1421.199951171875,17149
2026-03-11 08:35:00,1421.0999755859375,1421.5,1417.5,1418.5999755859375,27938
2026-03-11 08:40:00,1418.199951171875,1419.9000244140625,1417.4000244140625,1419.699951171875,21274
2026-03-11 08:45:00,1419.699951171875,1420.0,1414.5,1416.199951171875,35077
2026-03-11 08:50:00,1415.699951171875,1418.199951171875,1414.4000244140625,1414.5,38043
2026-03-11 08:55:00,1414.699951171875,1422.800048828125,1412.5,1422.300048828125,45565
2026-03-11 09:00:00,1422.0,1423.4000244140625,1415.300048828125,1415.300048828125,48187
2026-03-11 09:05:00,1414.800048828125,1416.9000244140625,1414.5,1415.800048828125,38927
2026-03-11 09:10:00,1416.0999755859375,1416.0999755859375,1414.0999755859375,1415.0,24177
2026-03-11 09:15:00,1414.5,1417.300048828125,1414.0999755859375,1414.699951171875,29846
2026-03-11 09:20:00,1414.800048828125,1416.9000244140625,1413.800048828125,1416.9000244140625,22827
2026-03-11 09:25:00,1416.199951171875,1416.5,1413.0,1413.0,26357
2026-03-11 09:30:00,1414.300048828125,1417.4000244140625,1413.0999755859375,1413.0999755859375,38870
2026-03-11 09:35:00,1413.300048828125,1414.4000244140625,1409.5,1411.0,49394
2026-03-11 09:40:00,1410.4000244140625,1411.300048828125,1406.0,1406.0999755859375,54884
2026-03-11 09:45:00,1407.199951171875,1411.800048828125,1406.5,1411.800048828125,54749
2026-03-11 09:50:00,1411.9000244140625,1414.0,1410.0999755859375,1411.0999755859375,47205
2026-03-11 09:55:00,1411.0999755859375,1411.800048828125,1409.0,1409.0,42198
2026-03-12 03:45:00,1395.5999755859375,1400.0,1384.9000244140625,1385.9000244140625,0
2026-03-12 03:50:00,1385.699951171875,1386.699951171875,1380.0,1384.199951171875,59422
2026-03-12 03:55:00,1383.800048828125,1383.800048828125,1380.4000244140625,1380.5999755859375,45561
2026-03-12 04:00:00,1378.9000244140625,1380.300048828125,1375.4000244140625,1377.4000244140625,54762
2026-03-12 04:05:00,1377.699951171875,1384.800048828125,1375.4000244140625,1382.0,29770
2026-03-12 04:10:00,1382.4000244140625,1388.5,1380.699951171875,1388.0,34179
2026-03-12 04:15:00,1387.5,1390.9000244140625,1386.300048828125,1390.9000244140625,48682
2026-03-12 04:20:00,1390.0999755859375,1393.0999755859375,1389.0,1390.800048828125,28685
2026-03-12 04:25:00,1390.800048828125,1394.0,1388.0,1394.0,22830
2026-03-12 04:30:00,1394.0,1394.0,1392.0999755859375,1393.0999755859375,13452
2026-03-12 04:35:00,1393.0,1393.5,1390.699951171875,1393.0,17096
2026-03-12 04:40:00,1393.300048828125,1395.5999755859375,1390.0,1395.0,22443
2026-03-12 04:45:00,1396.0,1397.800048828125,1395.0,1396.9000244140625,21745
2026-03-12 04:50:00,1397.9000244140625,1398.0,1395.800048828125,1396.5,27876
2026-03-12 04:55:00,1397.0999755859375,1403.699951171875,1397.0999755859375,1401.9000244140625,36873
2026-03-12 05:00:00,1403.300048828125,1403.300048828125,1394.199951171875,1398.0999755859375,80916
2026-03-12 05:05:00,1398.5999755859375,1408.300048828125,1396.699951171875,1406.300048828125,36442
2026-03-12 05:10:00,1406.4000244140625,1406.5,1401.9000244140625,1404.199951171875,28041
2026-03-12 05:15:00,1404.4000244140625,1406.300048828125,1402.5,1403.0,150766
2026-03-12 05:20:00,1403.0,1406.300048828125,1402.5,1405.0,24619
2026-03-12 05:25:00,1405.0,1409.800048828125,1404.0,1408.0,37046
2026-03-12 05:30:00,1408.4000244140625,1417.699951171875,1408.4000244140625,1416.9000244140625,50452
2026-03-12 05:35:00,1417.300048828125,1417.300048828125,1411.9000244140625,1413.0999755859375,51757
2026-03-12 05:40:00,1413.4000244140625,1416.699951171875,1413.0999755859375,1414.9000244140625,23754
2026-03-12 05:45:00,1415.699951171875,1418.199951171875,1409.0,1409.9000244140625,40946
2026-03-12 05:50:00,1410.0,1410.300048828125,1401.0999755859375,1406.199951171875,71484
2026-03-12 05:55:00,1406.0,1406.4000244140625,1403.5999755859375,1405.5,15375
2026-03-12 06:00:00,1405.4000244140625,1405.5,1402.5999755859375,1404.699951171875,8620
2026-03-12 06:05:00,1404.5999755859375,1405.199951171875,1402.9000244140625,1404.199951171875,13778
2026-03-12 06:10:00,1404.5999755859375,1405.9000244140625,1402.800048828125,1405.4000244140625,13432
2026-03-12 06:15:00,1405.4000244140625,1406.800048828125,1402.0,1403.0,23565
2026-03-12 06:20:00,1403.0,1406.800048828125,1402.699951171875,1406.0,12744
2026-03-12 06:25:00,1406.0,1408.0999755859375,1405.0,1405.800048828125,17511
2026-03-12 06:30:00,1405.9000244140625,1406.800048828125,1404.699951171875,1405.5,12850
2026-03-12 06:35:00,1405.4000244140625,1407.5,1403.0999755859375,1405.0,23964
2026-03-12 06:40:00,1404.699951171875,1407.5999755859375,1402.5999755859375,1405.699951171875,17489
2026-03-12 06:45:00,1405.4000244140625,1407.199951171875,1404.4000244140625,1405.300048828125,17860
2026-03-12 06:50:00,1405.300048828125,1408.5,1405.0,1407.199951171875,19065
2026-03-12 06:55:00,1407.199951171875,1411.300048828125,1405.4000244140625,1406.9000244140625,28969
2026-03-12 07:00:00,1406.9000244140625,1409.0,1405.199951171875,1406.199951171875,13466
2026-03-12 07:05:00,1405.5,1406.199951171875,1401.300048828125,1402.300048828125,81284
2026-03-12 07:10:00,1402.300048828125,1405.9000244140625,1402.0,1405.9000244140625,35548
2026-03-12 07:15:00,1405.4000244140625,1409.5999755859375,1405.0999755859375,1408.5,15988
2026-03-12 07:20:00,1408.5,1409.0,1405.800048828125,1406.699951171875,11088
2026-03-12 07:25:00,1406.699951171875,1408.199951171875,1403.5999755859375,1403.9000244140625,13015
2026-03-12 07:30:00,1403.699951171875,1404.300048828125,1402.0,1402.4000244140625,29986
2026-03-12 07:35:00,1402.4000244140625,1402.5999755859375,1398.5,1401.699951171875,68194
2026-03-12 07:40:00,1401.4000244140625,1405.0,1401.0999755859375,1403.9000244140625,9585
2026-03-12 07:45:00,1403.9000244140625,1405.699951171875,1403.0,1404.199951171875,11049
2026-03-12 07:50:00,1404.199951171875,1406.800048828125,1402.699951171875,1406.0,12164
2026-03-12 07:55:00,1406.0,1407.9000244140625,1404.699951171875,1407.0,22872
2026-03-12 08:00:00,1407.300048828125,1411.9000244140625,1406.5999755859375,1410.300048828125,38512
2026-03-12 08:05:00,1410.5999755859375,1413.0,1410.300048828125,1411.699951171875,17392
2026-03-12 08:10:00,1411.300048828125,1414.0999755859375,1408.5999755859375,1409.0999755859375,17014
2026-03-12 08:15:00,1409.0999755859375,1414.5,1408.4000244140625,1413.0,11651
2026-03-12 08:20:00,1413.0,1414.0,1411.5,1412.4000244140625,9143
2026-03-12 08:25:00,1412.4000244140625,1412.4000244140625,1407.300048828125,1407.5,11075
2026-03-12 08:30:00,1407.5,1409.4000244140625,1407.0,1408.0999755859375,10301
2026-03-12 08:35:00,1408.0999755859375,1409.0999755859375,1404.0,1404.0,10697
2026-03-12 08:40:00,1404.0,1404.5999755859375,1400.199951171875,1403.4000244140625,46078
2026-03-12 08:45:00,1403.4000244140625,1404.0,1401.0,1403.5999755859375,20211
2026-03-12 08:50:00,1403.5999755859375,1404.199951171875,1402.0,1402.300048828125,13280
2026-03-12 08:55:00,1402.300048828125,1403.699951171875,1399.0999755859375,1399.699951171875,24258
2026-03-12 09:00:00,1399.699951171875,1402.5999755859375,1399.0,1402.0,57342
2026-03-12 09:05:00,1402.0,1402.0999755859375,1398.0,1399.0,85519
2026-03-12 09:10:00,1399.300048828125,1399.9000244140625,1395.0,1395.9000244140625,60720
2026-03-12 09:15:00,1395.0999755859375,1395.9000244140625,1392.800048828125,1394.0,32841
2026-03-12 09:20:00,1393.9000244140625,1394.5,1387.699951171875,1392.5999755859375,35186
2026-03-12 09:25:00,1391.0,1394.699951171875,1391.0,1392.300048828125,36456
2026-03-12 09:30:00,1392.800048828125,1394.5,1390.0999755859375,1394.199951171875,78430
2026-03-12 09:35:00,1394.699951171875,1394.800048828125,1390.0999755859375,1392.699951171875,73864
2026-03-12 09:40:00,1391.9000244140625,1393.9000244140625,1391.300048828125,1391.800048828125,65515
2026-03-12 09:45:00,1392.199951171875,1392.699951171875,1391.0,1392.0,66310
2026-03-12 09:50:00,1392.0,1392.4000244140625,1389.4000244140625,1389.5999755859375,74483
2026-03-12 09:55:00,1389.699951171875,1392.0,1388.5999755859375,1392.0,61129
2026-03-13 03:45:00,1379.0,1382.5999755859375,1370.0,1381.0999755859375,0
2026-03-13 03:50:00,1380.699951171875,1381.0999755859375,1375.5,1378.5999755859375,36836
2026-03-13 03:55:00,1378.5999755859375,1385.199951171875,1377.0,1385.0,46364
2026-03-13 04:00:00,1385.0,1387.699951171875,1378.5999755859375,1380.199951171875,41177
2026-03-13 04:05:00,1380.5,1382.0999755859375,1376.800048828125,1378.9000244140625,24985
2026-03-13 04:10:00,1379.4000244140625,1379.699951171875,1375.0,1375.699951171875,19335
2026-03-13 04:15:00,1375.699951171875,1375.699951171875,1370.300048828125,1371.0,31927
2026-03-13 04:20:00,1370.699951171875,1371.300048828125,1366.5,1367.0,33590
2026-03-13 04:25:00,1367.4000244140625,1367.5,1359.199951171875,1360.5999755859375,47322
2026-03-13 04:30:00,1360.5999755859375,1360.5999755859375,1357.0,1359.300048828125,32175
2026-03-13 04:35:00,1359.300048828125,1363.9000244140625,1356.5999755859375,1363.0,28251
2026-03-13 04:40:00,1363.5999755859375,1365.0999755859375,1360.0,1360.800048828125,32702
2026-03-13 04:45:00,1361.300048828125,1362.699951171875,1359.300048828125,1359.5,20951
2026-03-13 04:50:00,1359.800048828125,1360.300048828125,1356.300048828125,1357.800048828125,19284
2026-03-13 04:55:00,1357.800048828125,1359.0999755859375,1355.800048828125,1359.0999755859375,18258
2026-03-13 05:00:00,1358.9000244140625,1359.9000244140625,1356.199951171875,1356.199951171875,16455
2026-03-13 05:05:00,1356.699951171875,1357.699951171875,1355.699951171875,1356.699951171875,21100
2026-03-13 05:10:00,1356.0,1356.5,1354.0999755859375,1355.9000244140625,20465
2026-03-13 05:15:00,1356.0,1357.199951171875,1355.300048828125,1357.199951171875,19464
2026-03-13 05:20:00,1357.699951171875,1361.9000244140625,1357.699951171875,1360.0,28731
2026-03-13 05:25:00,1360.0,1360.0999755859375,1356.4000244140625,1358.800048828125,18483
2026-03-13 05:30:00,1358.800048828125,1358.800048828125,1355.9000244140625,1356.0999755859375,18777
2026-03-13 05:35:00,1355.5999755859375,1356.5,1354.0999755859375,1355.0,16169
2026-03-13 05:40:00,1355.0,1361.300048828125,1354.5,1356.0,50907
2026-03-13 05:45:00,1356.4000244140625,1360.0,1354.5999755859375,1358.0,15733
2026-03-13 05:50:00,1358.300048828125,1359.4000244140625,1356.4000244140625,1358.0,10924
2026-03-13 05:55:00,1357.9000244140625,1362.5,1357.199951171875,1362.300048828125,22221
2026-03-13 06:00:00,1362.300048828125,1368.699951171875,1360.199951171875,1366.699951171875,27706
2026-03-13 06:05:00,1367.0,1370.0,1365.199951171875,1369.0,17891
2026-03-13 06:10:00,1369.0,1369.0,1365.9000244140625,1368.4000244140625,16639
2026-03-13 06:15:00,1368.699951171875,1368.699951171875,1365.0,1365.5,12471
2026-03-13 06:20:00,1366.0,1366.0,1363.4000244140625,1364.0,13984
2026-03-13 06:25:00,1364.0999755859375,1365.0999755859375,1362.0,1362.800048828125,11962
2026-03-13 06:30:00,1362.800048828125,1363.800048828125,1361.5999755859375,1363.0999755859375,12648
2026-03-13 06:35:00,1363.0999755859375,1363.5,1361.0,1362.0,10761
2026-03-13 06:40:00,1362.0,1363.199951171875,1360.0,1362.4000244140625,13611
2026-03-13 06:45:00,1362.9000244140625,1363.800048828125,1360.300048828125,1363.800048828125,17288
2026-03-13 06:50:00,1363.5999755859375,1364.300048828125,1361.5,1361.699951171875,22130
2026-03-13 06:55:00,1362.300048828125,1363.5,1361.300048828125,1362.199951171875,11527
2026-03-13 07:00:00,1362.5,1362.5,1359.0,1359.5,16554
2026-03-13 07:05:00,1359.5,1359.800048828125,1357.5,1358.0,21400
2026-03-13 07:10:00,1358.199951171875,1358.199951171875,1356.4000244140625,1357.699951171875,12402
2026-03-13 07:15:00,1357.699951171875,1361.800048828125,1356.4000244140625,1361.800048828125,31800
2026-03-13 07:20:00,1361.800048828125,1363.699951171875,1360.5,1362.9000244140625,20891
2026-03-13 07:25:00,1362.9000244140625,1364.199951171875,1361.300048828125,1363.0,14264
2026-03-13 07:30:00,1363.0,1363.5,1361.5999755859375,1362.0,9581
2026-03-13 07:35:00,1362.0,1363.800048828125,1361.5,1361.5999755859375,11497
2026-03-13 07:40:00,1361.9000244140625,1362.9000244140625,1359.5,1359.699951171875,16587
2026-03-13 07:45:00,1359.699951171875,1362.699951171875,1359.5,1360.699951171875,10378
2026-03-13 07:50:00,1360.300048828125,1362.4000244140625,1357.300048828125,1357.300048828125,26781
2026-03-13 07:55:00,1357.800048828125,1361.4000244140625,1357.300048828125,1361.4000244140625,13472
2026-03-13 08:00:00,1361.4000244140625,1363.800048828125,1359.0999755859375,1360.0,18752
2026-03-13 08:05:00,1360.0,1361.0999755859375,1358.300048828125,1359.0,15131
2026-03-13 08:10:00,1359.0999755859375,1360.199951171875,1358.199951171875,1359.5999755859375,12828
2026-03-13 08:15:00,1359.5,1360.0,1358.0,1359.300048828125,29552
2026-03-13 08:20:00,1359.5,1360.5999755859375,1357.0,1357.800048828125,16223
2026-03-13 08:25:00,1358.0,1359.5,1356.5,1357.199951171875,20057
2026-03-13 08:30:00,1357.199951171875,1361.800048828125,1356.5,1358.5999755859375,23826
2026-03-13 08:35:00,1359.0999755859375,1359.9000244140625,1356.699951171875,1357.4000244140625,36425
2026-03-13 08:40:00,1357.699951171875,1359.9000244140625,1356.5,1359.5,36578
2026-03-13 08:45:00,1359.5,1361.5,1357.800048828125,1361.5,50861
2026-03-13 08:50:00,1361.5,1365.0,1361.0,1363.0999755859375,63931
2026-03-13 08:55:00,1362.800048828125,1365.0,1362.199951171875,1364.199951171875,82336
2026-03-13 09:00:00,1364.199951171875,1375.0,1364.0,1371.5999755859375,66836
2026-03-13 09:05:00,1372.0999755859375,1375.5,1369.9000244140625,1374.0,66826
2026-03-13 09:10:00,1374.9000244140625,1376.0,1373.5,1375.0,48113
2026-03-13 09:15:00,1375.5,1376.5999755859375,1371.5,1374.0999755859375,67781
2026-03-13 09:20:00,1374.0999755859375,1376.0999755859375,1364.0,1364.699951171875,65327
2026-03-13 09:25:00,1365.0999755859375,1368.0,1363.0,1367.0999755859375,95253
2026-03-13 09:30:00,1367.800048828125,1368.9000244140625,1363.5999755859375,1364.0999755859375,108366
2026-03-13 09:35:00,1363.5,1364.199951171875,1360.4000244140625,1361.0,106401
2026-03-13 09:40:00,1361.699951171875,1363.699951171875,1360.0999755859375,1362.5999755859375,100404
2026-03-13 09:45:00,1363.0999755859375,1364.800048828125,1360.300048828125,1361.5999755859375,118205
2026-03-13 09:50:00,1361.5999755859375,1362.5,1359.0,1360.5999755859375,104696
2026-03-13 09:55:00,1360.0,1369.0999755859375,1360.0,1363.199951171875,78685
2026-03-16 03:45:00,1350.0,1368.699951171875,1350.0,1353.800048828125,0
2026-03-16 03:50:00,1353.4000244140625,1356.5,1350.800048828125,1354.5,45737
2026-03-16 03:55:00,1355.4000244140625,1358.800048828125,1349.9000244140625,1358.0,52772
2026-03-16 04:00:00,1358.5999755859375,1370.800048828125,1358.5999755859375,1370.0999755859375,62237
2026-03-16 04:05:00,1370.4000244140625,1376.4000244140625,1370.0,1376.4000244140625,40763
2026-03-16 04:10:00,1375.800048828125,1379.4000244140625,1375.199951171875,1376.0,21650
2026-03-16 04:15:00,1376.0,1381.4000244140625,1375.300048828125,1377.800048828125,28546
2026-03-16 04:20:00,1377.800048828125,1382.0,1376.199951171875,1380.0,38498
2026-03-16 04:25:00,1379.5,1380.0,1375.0,1375.4000244140625,20908
2026-03-16 04:30:00,1375.800048828125,1377.0,1372.800048828125,1374.5,24167
2026-03-16 04:35:00,1374.5,1376.300048828125,1371.4000244140625,1371.9000244140625,14774
2026-03-16 04:40:00,1371.9000244140625,1371.9000244140625,1368.300048828125,1369.699951171875,23282
2026-03-16 04:45:00,1369.300048828125,1369.300048828125,1365.199951171875,1365.800048828125,17683
2026-03-16 04:50:00,1365.800048828125,1365.800048828125,1362.800048828125,1362.800048828125,26762
2026-03-16 04:55:00,1363.5,1365.4000244140625,1361.699951171875,1362.199951171875,19990
2026-03-16 05:00:00,1361.5999755859375,1369.0,1361.5999755859375,1364.199951171875,26770
2026-03-16 05:05:00,1364.199951171875,1368.0999755859375,1363.5999755859375,1365.699951171875,16317
2026-03-16 05:10:00,1365.699951171875,1365.9000244140625,1361.5999755859375,1362.5999755859375,28073
2026-03-16 05:15:00,1362.5,1364.5999755859375,1360.199951171875,1361.4000244140625,38647
2026-03-16 05:20:00,1362.199951171875,1362.199951171875,1356.4000244140625,1356.9000244140625,30799
2026-03-16 05:25:00,1357.4000244140625,1362.5999755859375,1354.0,1362.0999755859375,30325
2026-03-16 05:30:00,1362.0999755859375,1363.5999755859375,1360.9000244140625,1361.699951171875,25041
2026-03-16 05:35:00,1361.0,1365.699951171875,1360.0,1364.5,23623
2026-03-16 05:40:00,1364.5,1366.5,1363.0,1366.5,20619
2026-03-16 05:45:00,1366.5999755859375,1377.0,1366.5999755859375,1376.4000244140625,53034
2026-03-16 05:50:00,1376.4000244140625,1376.4000244140625,1373.4000244140625,1374.300048828125,17601
2026-03-16 05:55:00,1374.0,1377.4000244140625,1373.0,1375.4000244140625,22670
2026-03-16 06:00:00,1375.5999755859375,1378.699951171875,1374.4000244140625,1376.699951171875,14295
2026-03-16 06:05:00,1376.699951171875,1378.300048828125,1374.5999755859375,1374.9000244140625,12900
2026-03-16 06:10:00,1374.5999755859375,1375.0999755859375,1372.5999755859375,1373.0,18432
2026-03-16 06:15:00,1373.0,1375.5,1372.800048828125,1373.9000244140625,50014
2026-03-16 06:20:00,1373.800048828125,1374.5999755859375,1371.5,1371.5999755859375,10931
2026-03-16 06:25:00,1371.5,1372.800048828125,1369.5999755859375,1369.699951171875,24521
2026-03-16 06:30:00,1369.699951171875,1373.5999755859375,1369.5999755859375,1371.0999755859375,27718
2026-03-16 06:35:00,1371.0999755859375,1372.0999755859375,1371.0,1371.5,9105
2026-03-16 06:40:00,1371.699951171875,1373.5999755859375,1370.4000244140625,1371.199951171875,16639
2026-03-16 06:45:00,1371.699951171875,1373.0,1371.0,1372.699951171875,15072
2026-03-16 06:50:00,1373.0,1374.4000244140625,1371.699951171875,1374.0,33954
2026-03-16 06:55:00,1373.300048828125,1374.0999755859375,1370.9000244140625,1371.9000244140625,24003
2026-03-16 07:00:00,1371.5,1372.0,1368.4000244140625,1368.5,17142
2026-03-16 07:05:00,1367.699951171875,1369.699951171875,1364.300048828125,1369.0999755859375,46799
2026-03-16 07:10:00,1369.0999755859375,1370.199951171875,1367.0999755859375,1368.0,41535
2026-03-16 07:15:00,1368.0999755859375,1368.0999755859375,1362.0,1362.5999755859375,48295
2026-03-16 07:20:00,1362.5999755859375,1365.5999755859375,1361.800048828125,1364.800048828125,20474
2026-03-16 07:25:00,1364.800048828125,1364.800048828125,1362.0,1362.199951171875,17778
2026-03-16 07:30:00,1362.199951171875,1366.300048828125,1361.699951171875,1361.800048828125,34659
2026-03-16 07:35:00,1361.0,1361.199951171875,1357.199951171875,1360.0,70587
2026-03-16 07:40:00,1359.4000244140625,1360.5,1355.0,1355.5999755859375,46333
2026-03-16 07:45:00,1356.0999755859375,1359.0,1355.5999755859375,1358.9000244140625,21807
2026-03-16 07:50:00,1358.9000244140625,1360.5999755859375,1358.5,1359.0,18522
2026-03-16 07:55:00,1360.0,1360.0999755859375,1357.0,1357.699951171875,13570
2026-03-16 08:00:00,1357.300048828125,1359.300048828125,1356.699951171875,1358.300048828125,17396
2026-03-16 08:05:00,1358.5999755859375,1360.699951171875,1358.4000244140625,1360.5,12180
2026-03-16 08:10:00,1360.300048828125,1361.0999755859375,1357.0,1357.0999755859375,12234
2026-03-16 08:15:00,1357.0999755859375,1358.5,1355.0,1356.800048828125,34336
2026-03-16 08:20:00,1356.0999755859375,1357.5999755859375,1355.0999755859375,1355.699951171875,26411
2026-03-16 08:25:00,1355.300048828125,1356.300048828125,1353.0999755859375,1354.300048828125,40998
2026-03-16 08:30:00,1354.300048828125,1355.5,1352.800048828125,1353.300048828125,25309
2026-03-16 08:35:00,1353.300048828125,1354.9000244140625,1353.0999755859375,1354.4000244140625,12767
2026-03-16 08:40:00,1353.5999755859375,1359.4000244140625,1352.5,1357.5,45918
2026-03-16 08:45:00,1357.5,1363.800048828125,1356.0,1363.699951171875,34716
2026-03-16 08:50:00,1363.5999755859375,1370.0,1363.0,1370.0,112215
2026-03-16 08:55:00,1370.0,1371.5999755859375,1365.0,1369.300048828125,86275
2026-03-16 09:00:00,1369.300048828125,1373.9000244140625,1368.0999755859375,1372.699951171875,105059
2026-03-16 09:05:00,1372.5999755859375,1374.300048828125,1370.9000244140625,1372.800048828125,123572
2026-03-16 09:10:00,1374.0,1375.0,1371.300048828125,1371.9000244140625,110645
2026-03-16 09:15:00,1372.0999755859375,1373.199951171875,1370.300048828125,1372.0999755859375,69411
2026-03-16 09:20:00,1372.0999755859375,1378.4000244140625,1371.199951171875,1375.5999755859375,123122
2026-03-16 09:25:00,1375.9000244140625,1382.800048828125,1374.199951171875,1382.699951171875,136832
2026-03-16 09:30:00,1382.699951171875,1383.0999755859375,1373.199951171875,1375.4000244140625,195640
2026-03-16 09:35:00,1375.699951171875,1378.5,1374.4000244140625,1375.9000244140625,92643
2026-03-16 09:40:00,1375.4000244140625,1376.0999755859375,1372.800048828125,1373.0,118424
2026-03-16 09:45:00,1373.0,1373.199951171875,1366.5999755859375,1366.5999755859375,78559
2026-03-16 09:50:00,1367.5,1369.5999755859375,1367.199951171875,1369.300048828125,84662
2026-03-16 09:55:00,1369.199951171875,1372.4000244140625,1366.699951171875,1372.4000244140625,66712
2026-03-17 03:45:00,1377.0,1377.0,1361.5999755859375,1365.699951171875,0
2026-03-17 03:50:00,1365.0,1366.699951171875,1361.5999755859375,1363.5,31846
2026-03-17 03:55:00,1363.699951171875,1364.699951171875,1358.300048828125,1359.0999755859375,34654
2026-03-17 04:00:00,1360.0,1361.4000244140625,1357.4000244140625,1360.800048828125,27927
2026-03-17 04:05:00,1360.800048828125,1363.800048828125,1360.4000244140625,1362.0999755859375,29439
2026-03-17 04:10:00,1362.300048828125,1366.5,1362.0999755859375,1365.300048828125,24473
2026-03-17 04:15:00,1365.5,1367.300048828125,1363.5999755859375,1365.5999755859375,20935
2026-03-17 04:20:00,1365.5,1365.5,1360.5999755859375,1363.199951171875,20083
2026-03-17 04:25:00,1363.300048828125,1363.5,1360.5999755859375,1363.0,14801
2026-03-17 04:30:00,1363.199951171875,1366.0999755859375,1363.0,1365.0999755859375,13560
2026-03-17 04:35:00,1365.0,1366.699951171875,1365.0,1365.699951171875,19450
2026-03-17 04:40:00,1366.199951171875,1366.800048828125,1364.0,1366.800048828125,14746
2026-03-17 04:45:00,1366.800048828125,1371.300048828125,1366.800048828125,1371.0,29622
2026-03-17 04:50:00,1371.0,1374.0999755859375,1369.0999755859375,1371.800048828125,21281
2026-03-17 04:55:00,1371.800048828125,1371.800048828125,1365.199951171875,1365.199951171875,21220
2026-03-17 05:00:00,1365.300048828125,1366.699951171875,1363.0,1363.0999755859375,17672
2026-03-17 05:05:00,1362.5,1364.5,1361.4000244140625,1364.5,14953
2026-03-17 05:10:00,1364.0999755859375,1364.5,1361.5,1362.800048828125,14830
2026-03-17 05:15:00,1362.800048828125,1364.4000244140625,1361.5999755859375,1364.4000244140625,26209
2026-03-17 05:20:00,1365.0,1367.0999755859375,1363.5,1365.699951171875,21028
2026-03-17 05:25:00,1365.699951171875,1366.199951171875,1363.4000244140625,1364.5999755859375,11615
2026-03-17 05:30:00,1364.4000244140625,1366.0999755859375,1363.5999755859375,1365.0999755859375,12981
2026-03-17 05:35:00,1364.800048828125,1366.0,1361.9000244140625,1362.699951171875,14492
2026-03-17 05:40:00,1362.9000244140625,1364.199951171875,1360.5,1361.300048828125,17123
2026-03-17 05:45:00,1361.300048828125,1362.0,1359.0,1359.0,37370
2026-03-17 05:50:00,1359.0,1359.4000244140625,1357.0,1357.0,21654
2026-03-17 05:55:00,1357.0999755859375,1357.699951171875,1353.199951171875,1353.800048828125,42585
2026-03-17 06:00:00,1353.699951171875,1355.4000244140625,1353.0999755859375,1353.199951171875,25231
2026-03-17 06:05:00,1353.5,1356.699951171875,1352.0999755859375,1355.4000244140625,22021
2026-03-17 06:10:00,1355.4000244140625,1356.5999755859375,1354.5,1355.0,17400
2026-03-17 06:15:00,1355.0,1358.699951171875,1355.0,1355.5,11911
2026-03-17 06:20:00,1355.300048828125,1356.699951171875,1353.300048828125,1354.4000244140625,28323
2026-03-17 06:25:00,1354.300048828125,1354.5999755859375,1351.5999755859375,1354.300048828125,14644
2026-03-17 06:30:00,1354.300048828125,1355.0,1353.0999755859375,1353.0999755859375,60710
2026-03-17 06:35:00,1353.300048828125,1359.4000244140625,1353.0999755859375,1358.9000244140625,80564
2026-03-17 06:40:00,1358.800048828125,1362.699951171875,1358.0,1359.300048828125,53890
2026-03-17 06:45:00,1359.5999755859375,1359.5999755859375,1353.5,1353.5,22146
2026-03-17 06:50:00,1353.4000244140625,1353.800048828125,1352.300048828125,1352.300048828125,14433
2026-03-17 06:55:00,1352.4000244140625,1354.199951171875,1352.0,1353.199951171875,17227
2026-03-17 07:00:00,1352.9000244140625,1354.0999755859375,1351.199951171875,1353.5999755859375,17667
2026-03-17 07:05:00,1353.4000244140625,1355.4000244140625,1353.0999755859375,1354.0,12689
2026-03-17 07:10:00,1353.699951171875,1355.5,1352.699951171875,1354.5,13118
2026-03-17 07:15:00,1354.5,1356.699951171875,1354.4000244140625,1356.4000244140625,20910
2026-03-17 07:20:00,1356.199951171875,1356.9000244140625,1354.199951171875,1356.0,15587
2026-03-17 07:25:00,1355.800048828125,1356.9000244140625,1354.9000244140625,1356.4000244140625,24609
2026-03-17 07:30:00,1356.5,1364.9000244140625,1355.0999755859375,1362.4000244140625,50444
2026-03-17 07:35:00,1362.4000244140625,1362.4000244140625,1359.0,1361.699951171875,35439
2026-03-17 07:40:00,1361.699951171875,1364.0,1361.4000244140625,1364.0,15477
2026-03-17 07:45:00,1364.0999755859375,1367.5,1363.800048828125,1364.5,30660
2026-03-17 07:50:00,1364.5,1366.5,1363.0,1363.5999755859375,40407
2026-03-17 07:55:00,1363.5999755859375,1365.0,1363.0,1364.5,16884
2026-03-17 08:00:00,1364.9000244140625,1368.300048828125,1363.5999755859375,1364.0999755859375,46197
2026-03-17 08:05:00,1364.0999755859375,1367.0999755859375,1363.699951171875,1363.9000244140625,79030
2026-03-17 08:10:00,1363.5,1369.5999755859375,1363.300048828125,1368.5,96632
2026-03-17 08:15:00,1368.699951171875,1371.5,1368.699951171875,1371.0999755859375,30788
2026-03-17 08:20:00,1373.0,1373.300048828125,1371.0999755859375,1372.0999755859375,20618
2026-03-17 08:25:00,1371.800048828125,1372.5,1370.0,1370.699951171875,17330
2026-03-17 08:30:00,1370.699951171875,1372.800048828125,1370.0,1372.0,27001
2026-03-17 08:35:00,1372.0999755859375,1372.0999755859375,1370.0,1371.5,36301
2026-03-17 08:40:00,1372.199951171875,1373.0,1370.800048828125,1371.699951171875,27675
2026-03-17 08:45:00,1371.699951171875,1372.5999755859375,1370.0,1371.0999755859375,35209
2026-03-17 08:50:00,1370.800048828125,1371.9000244140625,1367.300048828125,1367.5999755859375,67015
2026-03-17 08:55:00,1367.5999755859375,1369.4000244140625,1366.4000244140625,1368.199951171875,20611
2026-03-17 09:00:00,1368.5999755859375,1371.4000244140625,1368.4000244140625,1368.699951171875,37873
2026-03-17 09:05:00,1368.4000244140625,1369.0999755859375,1366.0,1366.800048828125,30996
2026-03-17 09:10:00,1367.800048828125,1368.9000244140625,1366.0,1366.699951171875,33971
2026-03-17 09:15:00,1366.699951171875,1367.4000244140625,1364.0,1367.300048828125,48860
2026-03-17 09:20:00,1367.9000244140625,1369.9000244140625,1367.300048828125,1369.5,39254
2026-03-17 09:25:00,1370.0,1372.0,1369.800048828125,1371.699951171875,38790
2026-03-17 09:30:00,1372.0,1372.0,1364.5,1366.5,83353
2026-03-17 09:35:00,1365.9000244140625,1366.9000244140625,1364.0,1366.0999755859375,67319
2026-03-17 09:40:00,1366.199951171875,1369.0,1365.0,1367.4000244140625,70643
2026-03-17 09:45:00,1367.4000244140625,1367.699951171875,1362.800048828125,1363.0999755859375,135981
2026-03-17 09:50:00,1363.0999755859375,1365.5,1363.0,1365.0,106990
2026-03-17 09:55:00,1365.0999755859375,1369.0,1365.0,1368.0,83611
2026-03-18 03:45:00,1369.5,1385.0,1369.5,1384.699951171875,0
2026-03-18 03:50:00,1384.699951171875,1385.0,1379.4000244140625,1380.5,49129
2026-03-18 03:55:00,1380.699951171875,1382.9000244140625,1378.0,1382.9000244140625,16310
2026-03-18 04:00:00,1384.0,1391.5,1384.0,1390.5,78175
2026-03-18 04:05:00,1391.0,1391.0,1388.199951171875,1388.5,18620
2026-03-18 04:10:00,1388.5,1391.699951171875,1387.300048828125,1391.0,28243
2026-03-18 04:15:00,1390.800048828125,1391.699951171875,1387.199951171875,1389.699951171875,23665
2026-03-18 04:20:00,1390.0,1391.300048828125,1388.199951171875,1389.0999755859375,11943
2026-03-18 04:25:00,1389.0999755859375,1389.0999755859375,1384.0,1385.5999755859375,18209
2026-03-18 04:30:00,1385.4000244140625,1386.0999755859375,1377.0,1377.0999755859375,26234
2026-03-18 04:35:00,1377.0999755859375,1378.800048828125,1375.199951171875,1375.4000244140625,20457
2026-03-18 04:40:00,1375.9000244140625,1379.300048828125,1375.4000244140625,1378.4000244140625,17610
2026-03-18 04:45:00,1379.0,1379.5999755859375,1378.0,1379.300048828125,15473
2026-03-18 04:50:00,1379.300048828125,1380.4000244140625,1378.4000244140625,1379.9000244140625,8578
2026-03-18 04:55:00,1380.300048828125,1380.300048828125,1378.0999755859375,1379.0999755859375,8466
2026-03-18 05:00:00,1379.0999755859375,1380.300048828125,1378.0,1378.4000244140625,17485
2026-03-18 05:05:00,1378.4000244140625,1379.5,1376.300048828125,1379.0999755859375,12522
2026-03-18 05:10:00,1378.5999755859375,1380.300048828125,1378.5,1379.9000244140625,10673
2026-03-18 05:15:00,1379.199951171875,1384.0999755859375,1379.199951171875,1383.5999755859375,29188
2026-03-18 05:20:00,1383.699951171875,1384.199951171875,1382.0,1383.4000244140625,9930
2026-03-18 05:25:00,1383.9000244140625,1385.0,1383.0,1384.4000244140625,10295
2026-03-18 05:30:00,1384.300048828125,1386.800048828125,1383.199951171875,1386.0,15170
2026-03-18 05:35:00,1386.0,1386.0,1383.300048828125,1385.0,7484
2026-03-18 05:40:00,1385.0,1386.5999755859375,1384.0,1386.0,13561
2026-03-18 05:45:00,1386.5999755859375,1388.5,1385.4000244140625,1388.5,17001
2026-03-18 05:50:00,1388.5,1396.5,1388.5,1395.300048828125,90053
2026-03-18 05:55:00,1395.5999755859375,1395.800048828125,1391.4000244140625,1394.0999755859375,28437
2026-03-18 06:00:00,1393.5,1395.699951171875,1393.300048828125,1394.699951171875,14810
2026-03-18 06:05:00,1394.9000244140625,1401.800048828125,1394.9000244140625,1401.0,51712
2026-03-18 06:10:00,1401.699951171875,1406.0999755859375,1401.199951171875,1404.0999755859375,43454
2026-03-18 06:15:00,1404.4000244140625,1406.0,1403.4000244140625,1405.5,33470
2026-03-18 06:20:00,1405.5,1407.5,1405.0,1407.0,15726
2026-03-18 06:25:00,1407.0,1407.5,1398.0,1400.699951171875,69274
2026-03-18 06:30:00,1400.699951171875,1401.0999755859375,1398.0,1398.300048828125,20449
2026-03-18 06:35:00,1398.4000244140625,1400.5999755859375,1397.0999755859375,1397.4000244140625,15519
2026-03-18 06:40:00,1397.300048828125,1400.5,1397.0,1399.5999755859375,15324
2026-03-18 06:45:00,1399.800048828125,1402.4000244140625,1399.800048828125,1402.4000244140625,24704
2026-03-18 06:50:00,1402.4000244140625,1403.0,1400.0999755859375,1402.0999755859375,13223
2026-03-18 06:55:00,1402.199951171875,1402.300048828125,1399.0,1399.699951171875,24897
2026-03-18 07:00:00,1399.5999755859375,1401.9000244140625,1399.5999755859375,1401.5,25269
2026-03-18 07:05:00,1401.5,1401.699951171875,1399.0999755859375,1399.800048828125,12450
2026-03-18 07:10:00,1399.800048828125,1401.699951171875,1395.800048828125,1401.699951171875,51627
2026-03-18 07:15:00,1401.5,1402.699951171875,1400.199951171875,1402.0,31410
2026-03-18 07:20:00,1401.800048828125,1403.5999755859375,1401.0999755859375,1401.5999755859375,11699
2026-03-18 07:25:00,1401.5999755859375,1402.300048828125,1400.4000244140625,1400.699951171875,9673
2026-03-18 07:30:00,1400.699951171875,1403.800048828125,1400.5999755859375,1403.5999755859375,9574
2026-03-18 07:35:00,1403.800048828125,1404.0,1401.0,1401.5,8013
2026-03-18 07:40:00,1401.5,1404.0,1401.0,1403.800048828125,11660
2026-03-18 07:45:00,1403.800048828125,1404.0,1401.5,1402.0,17373
2026-03-18 07:50:00,1402.800048828125,1404.9000244140625,1402.800048828125,1404.800048828125,13556
2026-03-18 07:55:00,1404.800048828125,1407.199951171875,1403.4000244140625,1404.300048828125,25854
2026-03-18 08:00:00,1404.5,1405.5999755859375,1402.4000244140625,1404.800048828125,13399
2026-03-18 08:05:00,1404.800048828125,1407.0,1404.199951171875,1407.0,15487
2026-03-18 08:10:00,1407.0,1407.5,1405.0,1407.5,13586
2026-03-18 08:15:00,1407.199951171875,1407.699951171875,1406.0,1406.4000244140625,10720
2026-03-18 08:20:00,1406.0,1407.0,1404.800048828125,1407.0,5414
2026-03-18 08:25:00,1407.0,1411.0999755859375,1405.5999755859375,1409.4000244140625,31384
2026-03-18 08:30:00,1410.0,1410.699951171875,1406.199951171875,1406.699951171875,20888
2026-03-18 08:35:00,1406.699951171875,1409.300048828125,1406.0,1409.0,29389
2026-03-18 08:40:00,1408.9000244140625,1409.9000244140625,1408.199951171875,1408.800048828125,18982
2026-03-18 08:45:00,1408.9000244140625,1410.5,1408.0,1408.800048828125,17166
2026-03-18 08:50:00,1409.5,1410.4000244140625,1408.800048828125,1409.5,14141
2026-03-18 08:55:00,1409.199951171875,1410.699951171875,1406.0999755859375,1407.0999755859375,25105
2026-03-18 09:00:00,1406.699951171875,1408.300048828125,1401.699951171875,1401.699951171875,27003
2026-03-18 09:05:00,1401.9000244140625,1404.5999755859375,1400.5,1402.0999755859375,30901
2026-03-18 09:10:00,1401.5,1403.4000244140625,1400.5,1400.9000244140625,25050
2026-03-18 09:15:00,1400.9000244140625,1403.5999755859375,1400.5,1403.0,30930
2026-03-18 09:20:00,1403.0,1404.699951171875,1400.800048828125,1400.800048828125,21817
2026-03-18 09:25:00,1402.0,1405.199951171875,1401.0999755859375,1404.699951171875,24541
2026-03-18 09:30:00,1405.4000244140625,1405.699951171875,1401.0999755859375,1403.9000244140625,45699
2026-03-18 09:35:00,1404.0999755859375,1404.300048828125,1402.5,1403.0999755859375,38986
2026-03-18 09:40:00,1402.4000244140625,1403.0,1401.5999755859375,1402.5999755859375,39617
2026-03-18 09:45:00,1403.0,1403.800048828125,1402.0,1403.0999755859375,56909
2026-03-18 09:50:00,1402.5999755859375,1402.5999755859375,1398.0999755859375,1400.5,87646
2026-03-18 09:55:00,1400.5999755859375,1402.9000244140625,1397.0,1401.9000244140625,55816
2026-03-19 03:45:00,1377.0,1378.0999755859375,1364.0999755859375,1369.9000244140625,0
2026-03-19 03:50:00,1369.699951171875,1371.5999755859375,1365.9000244140625,1368.0,50904
2026-03-19 03:55:00,1368.5999755859375,1374.5,1364.300048828125,1371.4000244140625,89923
2026-03-19 04:00:00,1371.199951171875,1371.800048828125,1368.5999755859375,1369.699951171875,44298
2026-03-19 04:05:00,1370.0,1370.800048828125,1366.800048828125,1367.699951171875,38187
2026-03-19 04:10:00,1368.0,1371.5,1367.699951171875,1371.5,34777
2026-03-19 04:15:00,1371.5,1371.9000244140625,1368.0,1368.800048828125,32124
2026-03-19 04:20:00,1368.699951171875,1372.5,1368.199951171875,1370.9000244140625,24000
2026-03-19 04:25:00,1370.800048828125,1372.0,1367.699951171875,1369.0,18225
2026-03-19 04:30:00,1369.0,1369.5999755859375,1367.199951171875,1369.4000244140625,25639
2026-03-19 04:35:00,1369.300048828125,1369.9000244140625,1366.699951171875,1369.800048828125,20978
2026-03-19 04:40:00,1369.800048828125,1371.699951171875,1368.0,1369.9000244140625,10617
2026-03-19 04:45:00,1369.9000244140625,1370.4000244140625,1366.4000244140625,1369.0,24850
2026-03-19 04:50:00,1369.0,1371.0,1368.300048828125,1371.0,20550
2026-03-19 04:55:00,1371.0,1371.9000244140625,1370.0,1370.5999755859375,14682
2026-03-19 05:00:00,1370.4000244140625,1372.0,1370.4000244140625,1370.699951171875,15845
2026-03-19 05:05:00,1370.199951171875,1372.5,1370.0999755859375,1371.699951171875,16327
2026-03-19 05:10:00,1371.699951171875,1372.199951171875,1369.0,1371.800048828125,13108
2026-03-19 05:15:00,1371.199951171875,1371.5999755859375,1368.5,1368.5,10362
2026-03-19 05:20:00,1368.5,1370.300048828125,1368.5,1369.800048828125,9442
2026-03-19 05:25:00,1369.9000244140625,1370.0,1367.0,1367.0,16330
2026-03-19 05:30:00,1367.0999755859375,1368.0,1366.0,1367.5999755859375,24849
2026-03-19 05:35:00,1367.699951171875,1368.4000244140625,1365.199951171875,1365.9000244140625,24382
2026-03-19 05:40:00,1365.4000244140625,1367.0999755859375,1363.0,1363.800048828125,50902
2026-03-19 05:45:00,1363.800048828125,1366.0,1362.5999755859375,1366.0,37697
2026-03-19 05:50:00,1366.0,1368.0,1365.4000244140625,1367.300048828125,35956
2026-03-19 05:55:00,1367.199951171875,1367.199951171875,1363.5999755859375,1364.300048828125,14762
2026-03-19 06:00:00,1364.300048828125,1368.0,1363.800048828125,1367.9000244140625,33924
2026-03-19 06:05:00,1367.800048828125,1369.0,1367.300048828125,1368.0999755859375,10219
2026-03-19 06:10:00,1368.0999755859375,1368.0999755859375,1365.4000244140625,1365.699951171875,9580
2026-03-19 06:15:00,1365.800048828125,1367.5,1365.300048828125,1367.5,17019
2026-03-19 06:20:00,1367.5999755859375,1367.699951171875,1366.199951171875,1366.800048828125,22807
2026-03-19 06:25:00,1366.800048828125,1370.0,1365.699951171875,1369.800048828125,21714
2026-03-19 06:30:00,1369.800048828125,1369.9000244140625,1363.699951171875,1364.300048828125,21207
2026-03-19 06:35:00,1364.300048828125,1365.699951171875,1363.5,1364.5999755859375,15097
2026-03-19 06:40:00,1365.0,1367.699951171875,1364.0999755859375,1367.5,8618
2026-03-19 06:45:00,1367.5999755859375,1369.0,1367.0,1367.9000244140625,9689
2026-03-19 06:50:00,1367.9000244140625,1367.9000244140625,1364.699951171875,1365.5,10967
2026-03-19 06:55:00,1365.5,1366.9000244140625,1364.9000244140625,1365.699951171875,6507
2026-03-19 07:00:00,1365.699951171875,1367.0,1365.0,1365.800048828125,5754
2026-03-19 07:05:00,1366.4000244140625,1367.300048828125,1365.699951171875,1366.300048828125,5515
2026-03-19 07:10:00,1366.300048828125,1366.4000244140625,1363.5,1364.0,10536
2026-03-19 07:15:00,1364.199951171875,1367.0,1363.9000244140625,1366.4000244140625,8982
2026-03-19 07:20:00,1366.9000244140625,1367.9000244140625,1366.0,1367.300048828125,7488
2026-03-19 07:25:00,1367.5,1367.699951171875,1365.0,1365.800048828125,6723
2026-03-19 07:30:00,1365.800048828125,1366.0999755859375,1363.699951171875,1364.0,9230
2026-03-19 07:35:00,1364.0,1364.0,1362.0,1363.699951171875,22024
2026-03-19 07:40:00,1363.5,1365.300048828125,1362.0,1362.300048828125,16614
2026-03-19 07:45:00,1362.4000244140625,1364.0999755859375,1360.199951171875,1362.199951171875,31061
2026-03-19 07:50:00,1362.199951171875,1363.0,1361.0,1361.9000244140625,10894
2026-03-19 07:55:00,1362.0,1362.9000244140625,1360.9000244140625,1362.199951171875,30394
2026-03-19 08:00:00,1362.199951171875,1363.5,1360.800048828125,1361.0,13166
2026-03-19 08:05:00,1361.0,1362.9000244140625,1360.199951171875,1362.9000244140625,16070
2026-03-19 08:10:00,1362.9000244140625,1364.9000244140625,1361.4000244140625,1364.300048828125,14476
2026-03-19 08:15:00,1364.300048828125,1365.5,1364.0,1365.300048828125,12909
2026-03-19 08:20:00,1364.9000244140625,1366.199951171875,1364.9000244140625,1366.199951171875,17739
2026-03-19 08:25:00,1366.9000244140625,1368.0999755859375,1364.5,1365.699951171875,49120
2026-03-19 08:30:00,1366.0,1368.300048828125,1365.199951171875,1366.0,68644
2026-03-19 08:35:00,1366.300048828125,1366.9000244140625,1365.5,1365.5999755859375,26868
2026-03-19 08:40:00,1365.5999755859375,1366.4000244140625,1364.5,1365.5,38902
2026-03-19 08:45:00,1365.699951171875,1366.199951171875,1364.199951171875,1365.9000244140625,16122
2026-03-19 08:50:00,1365.800048828125,1365.800048828125,1364.4000244140625,1365.0999755859375,7628
2026-03-19 08:55:00,1365.0999755859375,1365.0999755859375,1362.5,1362.9000244140625,26931
2026-03-19 09:00:00,1362.800048828125,1365.199951171875,1360.800048828125,1363.699951171875,42760
2026-03-19 09:05:00,1364.800048828125,1367.5999755859375,1363.199951171875,1366.199951171875,81447
2026-03-19 09:10:00,1366.199951171875,1367.5999755859375,1362.699951171875,1364.5,57469
2026-03-19 09:15:00,1364.5,1365.0,1360.5,1361.4000244140625,22459
2026-03-19 09:20:00,1361.4000244140625,1361.4000244140625,1358.199951171875,1359.199951171875,46888
2026-03-19 09:25:00,1358.5999755859375,1360.5999755859375,1355.0,1355.300048828125,60871
2026-03-19 09:30:00,1355.9000244140625,1359.699951171875,1352.9000244140625,1356.800048828125,48702
2026-03-19 09:35:00,1356.5999755859375,1356.5999755859375,1353.199951171875,1353.9000244140625,51070
2026-03-19 09:40:00,1354.0999755859375,1355.5,1350.5,1352.4000244140625,45945
2026-03-19 09:45:00,1352.4000244140625,1358.0,1351.4000244140625,1357.199951171875,61328
2026-03-19 09:50:00,1357.5999755859375,1360.699951171875,1356.9000244140625,1360.5,49484
2026-03-19 09:55:00,1360.4000244140625,1360.699951171875,1355.0,1360.0,46161
2026-03-20 03:45:00,1364.800048828125,1377.9000244140625,1364.800048828125,1372.9000244140625,0
2026-03-20 03:50:00,1373.5,1375.0999755859375,1367.9000244140625,1369.5,82864
2026-03-20 03:55:00,1370.0,1375.4000244140625,1368.699951171875,1375.0,70807
2026-03-20 04:00:00,1375.0,1380.0,1374.4000244140625,1379.9000244140625,64503
2026-03-20 04:05:00,1381.0999755859375,1381.4000244140625,1378.199951171875,1379.0999755859375,24739
2026-03-20 04:10:00,1379.199951171875,1379.300048828125,1376.5,1376.5999755859375,14285
2026-03-20 04:15:00,1377.0,1377.0,1373.0999755859375,1373.5999755859375,15148
2026-03-20 04:20:00,1373.9000244140625,1377.5,1373.4000244140625,1377.5,14667
2026-03-20 04:25:00,1377.4000244140625,1380.0999755859375,1377.0,1378.5,22418
2026-03-20 04:30:00,1378.5,1378.9000244140625,1374.800048828125,1377.699951171875,17943
2026-03-20 04:35:00,1377.5999755859375,1379.0,1377.0999755859375,1378.699951171875,16557
2026-03-20 04:40:00,1378.5999755859375,1380.0,1378.0,1378.699951171875,8779
2026-03-20 04:45:00,1378.5999755859375,1378.699951171875,1373.0999755859375,1375.0,11140
2026-03-20 04:50:00,1375.0,1377.0999755859375,1374.199951171875,1376.0,11774
2026-03-20 04:55:00,1376.0,1377.5,1374.800048828125,1376.9000244140625,10237
2026-03-20 05:00:00,1377.5,1378.0,1376.5,1377.699951171875,10675
2026-03-20 05:05:00,1377.5999755859375,1379.199951171875,1376.5999755859375,1377.5999755859375,13148
2026-03-20 05:10:00,1378.0,1378.0,1376.0999755859375,1376.199951171875,14378
2026-03-20 05:15:00,1376.4000244140625,1378.800048828125,1376.300048828125,1378.699951171875,60175
2026-03-20 05:20:00,1378.5,1380.5,1377.9000244140625,1378.4000244140625,49302
2026-03-20 05:25:00,1379.0,1379.0,1376.300048828125,1377.4000244140625,11173
2026-03-20 05:30:00,1377.4000244140625,1378.0,1375.800048828125,1375.9000244140625,11763
2026-03-20 05:35:00,1375.199951171875,1377.5,1375.0999755859375,1376.9000244140625,6591
2026-03-20 05:40:00,1376.9000244140625,1379.4000244140625,1375.5,1379.300048828125,16597
2026-03-20 05:45:00,1379.5999755859375,1386.699951171875,1379.0999755859375,1386.0,32436
2026-03-20 05:50:00,1386.0,1393.0,1385.5,1392.800048828125,58360
2026-03-20 05:55:00,1392.4000244140625,1393.5,1388.5,1389.5999755859375,14046
2026-03-20 06:00:00,1389.0,1391.0999755859375,1388.0,1388.9000244140625,15197
2026-03-20 06:05:00,1388.9000244140625,1389.5,1386.5,1386.5,8090
2026-03-20 06:10:00,1386.4000244140625,1386.5,1383.5,1384.800048828125,11423
2026-03-20 06:15:00,1384.300048828125,1385.0,1383.800048828125,1384.5999755859375,8433
2026-03-20 06:20:00,1384.699951171875,1384.699951171875,1380.800048828125,1381.5,9616
2026-03-20 06:25:00,1380.5999755859375,1380.5999755859375,1376.0,1377.9000244140625,21120
2026-03-20 06:30:00,1378.199951171875,1379.4000244140625,1372.0,1374.9000244140625,21409
2026-03-20 06:35:00,1374.9000244140625,1375.0,1373.199951171875,1373.800048828125,10428
2026-03-20 06:40:00,1373.800048828125,1375.800048828125,1373.199951171875,1374.5,8558
2026-03-20 06:45:00,1375.0999755859375,1375.0999755859375,1371.5999755859375,1371.5999755859375,8991
2026-03-20 06:50:00,1371.5999755859375,1371.5999755859375,1368.0999755859375,1368.4000244140625,12881
2026-03-20 06:55:00,1368.199951171875,1368.5999755859375,1366.0,1368.4000244140625,17225
2026-03-20 07:00:00,1368.4000244140625,1369.9000244140625,1365.4000244140625,1369.800048828125,14269
2026-03-20 07:05:00,1369.800048828125,1372.199951171875,1369.0,1371.0,13100
2026-03-20 07:10:00,1371.9000244140625,1374.4000244140625,1370.800048828125,1373.199951171875,9751
2026-03-20 07:15:00,1373.199951171875,1373.300048828125,1371.5999755859375,1372.300048828125,9141
2026-03-20 07:20:00,1372.300048828125,1374.0,1370.5999755859375,1373.0999755859375,9828
2026-03-20 07:25:00,1372.699951171875,1374.0,1371.199951171875,1371.4000244140625,7824
2026-03-20 07:30:00,1371.0,1373.800048828125,1370.0,1373.300048828125,8611
2026-03-20 07:35:00,1373.300048828125,1374.199951171875,1371.9000244140625,1373.699951171875,7720
2026-03-20 07:40:00,1372.800048828125,1373.199951171875,1371.9000244140625,1372.699951171875,7066
2026-03-20 07:45:00,1372.699951171875,1377.199951171875,1372.699951171875,1373.800048828125,14506
2026-03-20 07:50:00,1373.800048828125,1376.5999755859375,1373.199951171875,1376.4000244140625,10597
2026-03-20 07:55:00,1376.300048828125,1379.0,1375.4000244140625,1376.5,31199
2026-03-20 08:00:00,1376.5,1378.0999755859375,1374.199951171875,1374.199951171875,8320
2026-03-20 08:05:00,1374.199951171875,1376.9000244140625,1374.199951171875,1376.5999755859375,24171
2026-03-20 08:10:00,1376.0,1376.4000244140625,1372.199951171875,1372.199951171875,10372
2026-03-20 08:15:00,1372.5,1372.5,1370.4000244140625,1370.5999755859375,13159
2026-03-20 08:20:00,1370.4000244140625,1372.0,1370.0999755859375,1371.5999755859375,11609
2026-03-20 08:25:00,1371.5999755859375,1372.0,1369.0,1369.4000244140625,9834
2026-03-20 08:30:00,1369.199951171875,1372.699951171875,1369.0,1372.4000244140625,14052
2026-03-20 08:35:00,1372.5,1373.0,1369.0999755859375,1371.0999755859375,9361
2026-03-20 08:40:00,1370.9000244140625,1371.4000244140625,1368.199951171875,1368.4000244140625,14763
2026-03-20 08:45:00,1368.5999755859375,1368.5999755859375,1366.9000244140625,1368.5999755859375,10230
2026-03-20 08:50:00,1369.199951171875,1369.199951171875,1366.4000244140625,1367.5,11548
2026-03-20 08:55:00,1367.4000244140625,1368.0999755859375,1366.0,1367.300048828125,14394
2026-03-20 09:00:00,1367.199951171875,1368.9000244140625,1365.699951171875,1368.0,10433
2026-03-20 09:05:00,1367.0,1367.0,1362.800048828125,1364.0,27283
2026-03-20 09:10:00,1364.0,1364.0,1360.0,1361.0,30371
2026-03-20 09:15:00,1361.199951171875,1362.300048828125,1359.9000244140625,1361.0,16277
2026-03-20 09:20:00,1361.0,1362.5999755859375,1358.0,1360.9000244140625,30389
2026-03-20 09:25:00,1360.9000244140625,1361.800048828125,1360.5,1361.800048828125,22365
2026-03-20 09:30:00,1361.9000244140625,1366.300048828125,1361.4000244140625,1363.800048828125,471122
2026-03-20 09:35:00,1364.0,1365.4000244140625,1362.0999755859375,1363.4000244140625,414553
2026-03-20 09:40:00,1363.4000244140625,1368.5999755859375,1362.4000244140625,1366.699951171875,479664
2026-03-20 09:45:00,1366.699951171875,1366.9000244140625,1362.9000244140625,1366.0,485134
2026-03-20 09:50:00,1365.9000244140625,1369.800048828125,1365.4000244140625,1369.0999755859375,501316
2026-03-20 09:55:00,1369.199951171875,1369.199951171875,1365.0999755859375,1368.0,387657
2026-03-23 03:45:00,1348.9000244140625,1348.9000244140625,1330.4000244140625,1334.5999755859375,0
2026-03-23 03:50:00,1335.0,1339.0,1331.9000244140625,1334.800048828125,46389
2026-03-23 03:55:00,1334.699951171875,1336.5,1332.300048828125,1332.4000244140625,30497
2026-03-23 04:00:00,1331.5999755859375,1335.0,1330.5,1332.699951171875,35386
2026-03-23 04:05:00,1332.300048828125,1334.699951171875,1331.199951171875,1331.199951171875,14822
2026-03-23 04:10:00,1331.300048828125,1332.0999755859375,1321.0,1323.699951171875,111152
2026-03-23 04:15:00,1323.4000244140625,1323.5999755859375,1317.4000244140625,1317.4000244140625,78984
2026-03-23 04:20:00,1317.4000244140625,1318.0,1312.0999755859375,1312.5999755859375,105030
2026-03-23 04:25:00,1312.0999755859375,1313.5,1310.0999755859375,1310.800048828125,60320
2026-03-23 04:30:00,1310.699951171875,1311.699951171875,1309.0,1311.199951171875,51003
2026-03-23 04:35:00,1311.199951171875,1312.199951171875,1306.0,1306.5999755859375,57897
2026-03-23 04:40:00,1306.5999755859375,1306.5999755859375,1298.800048828125,1301.300048828125,132292
2026-03-23 04:45:00,1301.0,1303.300048828125,1300.5,1302.5,41560
2026-03-23 04:50:00,1302.4000244140625,1306.5,1301.800048828125,1302.0999755859375,65185
2026-03-23 04:55:00,1302.0999755859375,1304.199951171875,1299.199951171875,1299.699951171875,68623
2026-03-23 05:00:00,1300.0,1301.199951171875,1298.0999755859375,1300.199951171875,31839
2026-03-23 05:05:00,1300.300048828125,1304.9000244140625,1300.0,1300.300048828125,45577
2026-03-23 05:10:00,1300.199951171875,1301.300048828125,1298.5999755859375,1300.300048828125,77582
2026-03-23 05:15:00,1300.300048828125,1302.4000244140625,1300.0,1301.4000244140625,24753
2026-03-23 05:20:00,1301.4000244140625,1301.4000244140625,1297.0,1298.199951171875,46190
2026-03-23 05:25:00,1298.5,1299.199951171875,1296.5,1296.800048828125,26792
2026-03-23 05:30:00,1296.699951171875,1299.0999755859375,1293.800048828125,1298.9000244140625,41038
2026-03-23 05:35:00,1299.0,1303.0999755859375,1296.0999755859375,1301.699951171875,30058
2026-03-23 05:40:00,1301.699951171875,1301.699951171875,1296.699951171875,1298.699951171875,24783
2026-03-23 05:45:00,1298.699951171875,1298.699951171875,1294.5,1295.0,30975
2026-03-23 05:50:00,1295.4000244140625,1298.199951171875,1294.5,1297.4000244140625,28595
2026-03-23 05:55:00,1298.199951171875,1299.5999755859375,1295.9000244140625,1299.199951171875,36465
2026-03-23 06:00:00,1299.0999755859375,1303.699951171875,1297.800048828125,1301.9000244140625,37611
2026-03-23 06:05:00,1301.9000244140625,1304.5,1300.9000244140625,1303.699951171875,25646
2026-03-23 06:10:00,1303.699951171875,1308.5,1303.4000244140625,1304.300048828125,77903
2026-03-23 06:15:00,1304.4000244140625,1307.0,1303.699951171875,1305.0999755859375,44733
2026-03-23 06:20:00,1305.300048828125,1309.5,1304.699951171875,1309.199951171875,61877
2026-03-23 06:25:00,1309.199951171875,1312.0,1307.0,1310.699951171875,58191
2026-03-23 06:30:00,1310.800048828125,1311.4000244140625,1307.300048828125,1307.300048828125,18186
2026-03-23 06:35:00,1307.300048828125,1307.800048828125,1305.0999755859375,1307.300048828125,18614
2026-03-23 06:40:00,1309.0,1311.5999755859375,1307.199951171875,1308.199951171875,21689
2026-03-23 06:45:00,1308.4000244140625,1308.4000244140625,1303.9000244140625,1305.300048828125,17074
2026-03-23 06:50:00,1305.0999755859375,1305.5999755859375,1302.5,1302.5,16494
2026-03-23 06:55:00,1302.5999755859375,1306.300048828125,1301.4000244140625,1305.699951171875,23522
2026-03-23 07:00:00,1305.5999755859375,1308.0999755859375,1305.0999755859375,1306.5999755859375,17086
2026-03-23 07:05:00,1306.699951171875,1310.199951171875,1306.0,1307.199951171875,26974
2026-03-23 07:10:00,1307.199951171875,1309.5,1306.5,1309.0,17296
2026-03-23 07:15:00,1308.4000244140625,1309.5,1307.5999755859375,1308.800048828125,15380
2026-03-23 07:20:00,1308.800048828125,1308.800048828125,1304.199951171875,1304.4000244140625,15752
2026-03-23 07:25:00,1304.4000244140625,1305.0,1302.5999755859375,1304.199951171875,15030
2026-03-23 07:30:00,1304.300048828125,1304.699951171875,1302.5999755859375,1302.9000244140625,17784
2026-03-23 07:35:00,1302.5999755859375,1305.5999755859375,1302.0999755859375,1303.0,15641
2026-03-23 07:40:00,1303.0,1304.699951171875,1302.300048828125,1304.699951171875,16216
2026-03-23 07:45:00,1305.5,1307.9000244140625,1305.5,1306.0,16874
2026-03-23 07:50:00,1305.5999755859375,1307.800048828125,1304.4000244140625,1307.4000244140625,12194
2026-03-23 07:55:00,1307.0999755859375,1307.9000244140625,1304.9000244140625,1305.0,14916
2026-03-23 08:00:00,1305.0999755859375,1308.300048828125,1305.0999755859375,1306.800048828125,15514
2026-03-23 08:05:00,1306.9000244140625,1308.199951171875,1305.5,1307.0999755859375,15766
2026-03-23 08:10:00,1306.5,1308.9000244140625,1304.300048828125,1308.0999755859375,20729
2026-03-23 08:15:00,1307.9000244140625,1313.5,1307.0,1313.300048828125,46714
2026-03-23 08:20:00,1313.300048828125,1315.0,1311.4000244140625,1312.699951171875,45137
2026-03-23 08:25:00,1313.0999755859375,1314.9000244140625,1312.5,1313.5,38068
2026-03-23 08:30:00,1313.5,1318.4000244140625,1312.5,1314.800048828125,51842
2026-03-23 08:35:00,1314.5999755859375,1315.0999755859375,1308.5999755859375,1310.0999755859375,38280
2026-03-23 08:40:00,1310.5,1312.800048828125,1309.0999755859375,1309.0999755859375,23633
2026-03-23 08:45:00,1309.5,1311.9000244140625,1308.300048828125,1311.300048828125,21970
2026-03-23 08:50:00,1310.5,1312.800048828125,1310.0,1310.0,18553
2026-03-23 08:55:00,1310.0,1312.300048828125,1307.300048828125,1308.199951171875,38700
2026-03-23 09:00:00,1308.199951171875,1308.5999755859375,1302.800048828125,1303.699951171875,47026
2026-03-23 09:05:00,1303.699951171875,1307.0,1303.0999755859375,1303.9000244140625,30647
2026-03-23 09:10:00,1303.5999755859375,1308.300048828125,1302.300048828125,1307.300048828125,44484
2026-03-23 09:15:00,1307.300048828125,1309.9000244140625,1306.800048828125,1309.800048828125,36098
2026-03-23 09:20:00,1310.0,1311.5,1307.5999755859375,1307.699951171875,79454
2026-03-23 09:25:00,1307.800048828125,1308.199951171875,1305.800048828125,1307.0999755859375,43321
2026-03-23 09:30:00,1305.9000244140625,1309.800048828125,1303.5999755859375,1303.5999755859375,81464
2026-03-23 09:35:00,1303.5999755859375,1305.0999755859375,1301.0,1301.5999755859375,195158
2026-03-23 09:40:00,1301.5,1302.5999755859375,1300.199951171875,1302.199951171875,100050
2026-03-23 09:45:00,1302.5,1305.0,1301.300048828125,1302.0999755859375,116247
2026-03-23 09:50:00,1302.0999755859375,1305.5999755859375,1301.199951171875,1304.800048828125,105446
2026-03-23 09:55:00,1304.800048828125,1307.0,1303.5999755859375,1303.5999755859375,52931
2026-03-24 03:45:00,1339.699951171875,1339.699951171875,1319.0,1321.5999755859375,0
2026-03-24 03:50:00,1320.9000244140625,1332.0,1320.9000244140625,1331.199951171875,70053
2026-03-24 03:55:00,1331.0,1336.5,1330.4000244140625,1333.699951171875,45581
2026-03-24 04:00:00,1333.699951171875,1341.800048828125,1332.5,1339.0,84043
2026-03-24 04:05:00,1339.0,1339.0,1330.0,1330.5999755859375,49783
2026-03-24 04:10:00,1330.5999755859375,1332.9000244140625,1327.5999755859375,1328.800048828125,38918
2026-03-24 04:15:00,1329.300048828125,1329.5999755859375,1326.5,1326.5999755859375,41438
2026-03-24 04:20:00,1326.5999755859375,1332.300048828125,1326.0999755859375,1331.0,43343
2026-03-24 04:25:00,1330.800048828125,1333.0999755859375,1330.199951171875,1331.300048828125,25882
2026-03-24 04:30:00,1331.800048828125,1332.4000244140625,1326.5,1326.5,66517
2026-03-24 04:35:00,1327.699951171875,1328.300048828125,1325.0999755859375,1326.5999755859375,22942
2026-03-24 04:40:00,1326.199951171875,1328.0,1323.5,1325.699951171875,38468
2026-03-24 04:45:00,1325.699951171875,1335.9000244140625,1325.0,1331.800048828125,264652
2026-03-24 04:50:00,1331.199951171875,1332.5,1329.9000244140625,1331.699951171875,30455
2026-03-24 04:55:00,1331.5999755859375,1331.5999755859375,1325.199951171875,1327.199951171875,27600
2026-03-24 05:00:00,1327.0,1327.300048828125,1321.0,1321.300048828125,35162
2026-03-24 05:05:00,1320.5999755859375,1322.9000244140625,1318.9000244140625,1319.699951171875,64405
2026-03-24 05:10:00,1319.4000244140625,1325.5,1319.0999755859375,1324.699951171875,35548
2026-03-24 05:15:00,1324.699951171875,1331.0999755859375,1321.9000244140625,1326.5,62292
2026-03-24 05:20:00,1326.4000244140625,1327.199951171875,1316.5999755859375,1318.199951171875,36696
2026-03-24 05:25:00,1318.199951171875,1319.0999755859375,1314.199951171875,1315.4000244140625,39333
2026-03-24 05:30:00,1315.0,1318.0,1314.0,1315.800048828125,29016
2026-03-24 05:35:00,1314.199951171875,1319.9000244140625,1314.0999755859375,1318.9000244140625,16355
2026-03-24 05:40:00,1319.300048828125,1321.4000244140625,1316.199951171875,1316.199951171875,16086
2026-03-24 05:45:00,1318.0,1319.9000244140625,1316.800048828125,1319.5,19943
2026-03-24 05:50:00,1320.0,1321.4000244140625,1318.5999755859375,1319.0999755859375,33292
2026-03-24 05:55:00,1319.0999755859375,1321.199951171875,1318.0,1320.0,10206
2026-03-24 06:00:00,1320.0,1323.5999755859375,1320.0,1322.5999755859375,11074
2026-03-24 06:05:00,1322.0999755859375,1325.0,1321.9000244140625,1323.800048828125,17795
2026-03-24 06:10:00,1323.9000244140625,1328.9000244140625,1322.0999755859375,1328.4000244140625,46673
2026-03-24 06:15:00,1328.4000244140625,1332.0,1328.199951171875,1330.0,21583
2026-03-24 06:20:00,1330.0,1332.300048828125,1329.199951171875,1331.0999755859375,23279
2026-03-24 06:25:00,1331.5,1337.699951171875,1331.0999755859375,1334.9000244140625,27708
2026-03-24 06:30:00,1335.199951171875,1336.699951171875,1332.0,1332.800048828125,20566
2026-03-24 06:35:00,1333.0,1333.0,1330.5,1330.5,16052
2026-03-24 06:40:00,1330.5,1331.9000244140625,1328.5999755859375,1329.199951171875,14316
2026-03-24 06:45:00,1328.800048828125,1332.0,1328.4000244140625,1329.300048828125,17342
2026-03-24 06:50:00,1329.300048828125,1344.4000244140625,1328.4000244140625,1344.4000244140625,63815
2026-03-24 06:55:00,1344.300048828125,1349.300048828125,1341.300048828125,1344.300048828125,67673
2026-03-24 07:00:00,1343.800048828125,1350.0,1342.699951171875,1348.9000244140625,33338
2026-03-24 07:05:00,1349.800048828125,1354.800048828125,1349.800048828125,1353.4000244140625,63998
2026-03-24 07:10:00,1353.300048828125,1357.0,1352.300048828125,1353.5,44362
2026-03-24 07:15:00,1353.0,1359.9000244140625,1353.0,1359.800048828125,52259
2026-03-24 07:20:00,1359.300048828125,1361.0,1355.5,1356.300048828125,51498
2026-03-24 07:25:00,1356.4000244140625,1358.0999755859375,1350.5,1357.0999755859375,42968
2026-03-24 07:30:00,1357.4000244140625,1358.9000244140625,1350.199951171875,1351.9000244140625,42010
2026-03-24 07:35:00,1353.0,1353.9000244140625,1350.0999755859375,1350.5,33751
2026-03-24 07:40:00,1351.199951171875,1355.0,1350.5999755859375,1353.0999755859375,24596
2026-03-24 07:45:00,1352.4000244140625,1353.300048828125,1350.5999755859375,1353.0,13750
2026-03-24 07:50:00,1353.300048828125,1354.0,1351.5999755859375,1351.5999755859375,13634
2026-03-24 07:55:00,1351.800048828125,1354.0,1351.0999755859375,1353.699951171875,13677
2026-03-24 08:00:00,1353.5999755859375,1356.4000244140625,1351.699951171875,1356.199951171875,33746
2026-03-24 08:05:00,1355.5,1358.4000244140625,1353.0,1354.5999755859375,31426
2026-03-24 08:10:00,1354.5999755859375,1357.0,1353.800048828125,1354.0,16595
2026-03-24 08:15:00,1354.4000244140625,1355.199951171875,1346.9000244140625,1347.0,28626
2026-03-24 08:20:00,1346.9000244140625,1348.199951171875,1345.0,1345.5999755859375,33546
2026-03-24 08:25:00,1346.300048828125,1347.5999755859375,1345.5999755859375,1347.5,23707
2026-03-24 08:30:00,1346.9000244140625,1349.0,1345.0,1346.0999755859375,25887
2026-03-24 08:35:00,1345.800048828125,1346.9000244140625,1343.800048828125,1344.699951171875,19769
2026-03-24 08:40:00,1344.4000244140625,1347.0999755859375,1343.699951171875,1346.5999755859375,17120
2026-03-24 08:45:00,1346.4000244140625,1351.699951171875,1346.4000244140625,1348.0,22731
2026-03-24 08:50:00,1348.0999755859375,1349.300048828125,1343.0,1345.300048828125,20543
2026-03-24 08:55:00,1345.300048828125,1346.5,1343.0,1344.0999755859375,26454
2026-03-24 09:00:00,1344.0999755859375,1345.9000244140625,1342.5999755859375,1345.199951171875,15516
2026-03-24 09:05:00,1344.5999755859375,1345.800048828125,1338.699951171875,1341.5999755859375,62509
2026-03-24 09:10:00,1341.5999755859375,1345.300048828125,1340.0,1342.4000244140625,51713
2026-03-24 09:15:00,1342.4000244140625,1344.0,1341.4000244140625,1342.4000244140625,32677
2026-03-24 09:20:00,1342.9000244140625,1344.4000244140625,1341.0999755859375,1343.4000244140625,29673
2026-03-24 09:25:00,1343.4000244140625,1347.0,1342.5999755859375,1345.4000244140625,25588
2026-03-24 09:30:00,1345.0,1345.699951171875,1340.9000244140625,1344.5,54195
2026-03-24 09:35:00,1344.699951171875,1347.0,1343.4000244140625,1345.5,44461
2026-03-24 09:40:00,1345.4000244140625,1346.5999755859375,1344.4000244140625,1344.5999755859375,64897
2026-03-24 09:45:00,1344.5,1344.800048828125,1342.699951171875,1344.0999755859375,62902
2026-03-24 09:50:00,1344.5999755859375,1344.9000244140625,1342.0,1343.300048828125,73164
2026-03-24 09:55:00,1343.4000244140625,1345.0,1343.0,1345.0,56570
2026-03-25 03:45:00,1360.9000244140625,1372.5999755859375,1355.5999755859375,1372.5999755859375,0
2026-03-25 03:50:00,1373.0,1379.800048828125,1371.9000244140625,1378.5999755859375,92612
2026-03-25 03:55:00,1379.300048828125,1384.4000244140625,1378.5,1383.699951171875,104289
2026-03-25 04:00:00,1383.800048828125,1384.5,1380.0999755859375,1381.5,42576
2026-03-25 04:05:00,1381.300048828125,1384.0,1379.0,1383.4000244140625,39210
2026-03-25 04:10:00,1383.4000244140625,1389.0,1381.199951171875,1388.800048828125,39925
2026-03-25 04:15:00,1387.0999755859375,1389.5,1386.0,1388.5,27958
2026-03-25 04:20:00,1388.4000244140625,1390.9000244140625,1387.4000244140625,1388.0,54528
2026-03-25 04:25:00,1388.199951171875,1391.0,1388.199951171875,1391.0,53484
2026-03-25 04:30:00,1390.5999755859375,1392.300048828125,1387.800048828125,1388.5,28986
2026-03-25 04:35:00,1388.5,1389.0,1385.0999755859375,1386.800048828125,25879
2026-03-25 04:40:00,1386.800048828125,1390.9000244140625,1386.0999755859375,1388.0,17799
2026-03-25 04:45:00,1388.4000244140625,1392.0,1386.5999755859375,1387.5999755859375,65870
2026-03-25 04:50:00,1387.300048828125,1388.0,1386.0,1387.199951171875,17746
2026-03-25 04:55:00,1386.800048828125,1387.5,1383.800048828125,1384.9000244140625,30964
2026-03-25 05:00:00,1384.9000244140625,1386.9000244140625,1384.4000244140625,1385.5999755859375,22750
2026-03-25 05:05:00,1385.5999755859375,1385.9000244140625,1382.0,1382.800048828125,21122
2026-03-25 05:10:00,1383.0,1388.0999755859375,1382.199951171875,1388.0,17837
2026-03-25 05:15:00,1388.0,1388.699951171875,1387.300048828125,1388.0,21614
2026-03-25 05:20:00,1388.4000244140625,1391.0,1387.800048828125,1390.5,19775
2026-03-25 05:25:00,1390.0,1390.800048828125,1387.199951171875,1388.4000244140625,10056
2026-03-25 05:30:00,1388.4000244140625,1389.699951171875,1387.699951171875,1387.9000244140625,15763
2026-03-25 05:35:00,1388.0999755859375,1392.0,1388.0999755859375,1391.0,17486
2026-03-25 05:40:00,1391.300048828125,1392.0,1390.300048828125,1392.0,8820
2026-03-25 05:45:00,1391.699951171875,1392.300048828125,1389.4000244140625,1389.9000244140625,19388
2026-03-25 05:50:00,1390.300048828125,1390.300048828125,1384.4000244140625,1385.199951171875,25021
2026-03-25 05:55:00,1385.199951171875,1387.0,1384.0,1386.300048828125,16989
2026-03-25 06:00:00,1386.300048828125,1387.300048828125,1385.0999755859375,1385.300048828125,15275
2026-03-25 06:05:00,1385.300048828125,1385.4000244140625,1380.0999755859375,1381.4000244140625,32264
2026-03-25 06:10:00,1381.5999755859375,1382.800048828125,1380.0999755859375,1381.699951171875,23890
2026-03-25 06:15:00,1381.699951171875,1384.300048828125,1381.199951171875,1382.800048828125,18899
2026-03-25 06:20:00,1382.4000244140625,1385.5,1382.4000244140625,1384.800048828125,11109
2026-03-25 06:25:00,1384.800048828125,1385.699951171875,1383.300048828125,1384.0999755859375,11651
2026-03-25 06:30:00,1383.699951171875,1385.5999755859375,1382.5999755859375,1384.9000244140625,40598
2026-03-25 06:35:00,1384.9000244140625,1385.199951171875,1382.5,1382.5999755859375,11040
2026-03-25 06:40:00,1382.699951171875,1384.9000244140625,1382.199951171875,1384.800048828125,8947
2026-03-25 06:45:00,1384.800048828125,1386.5,1383.699951171875,1385.699951171875,11431
2026-03-25 06:50:00,1386.0,1386.5,1385.0999755859375,1385.0999755859375,10220
2026-03-25 06:55:00,1385.0,1386.4000244140625,1383.9000244140625,1386.199951171875,11031
2026-03-25 07:00:00,1385.699951171875,1388.800048828125,1384.699951171875,1387.0999755859375,12163
2026-03-25 07:05:00,1387.0999755859375,1387.699951171875,1385.5,1385.5999755859375,10207
2026-03-25 07:10:00,1385.5999755859375,1386.5999755859375,1385.300048828125,1386.4000244140625,11415
2026-03-25 07:15:00,1386.4000244140625,1386.4000244140625,1383.5,1383.699951171875,15417
2026-03-25 07:20:00,1383.5,1383.800048828125,1380.5999755859375,1381.5,21453
2026-03-25 07:25:00,1381.5,1382.0,1377.199951171875,1378.0,22638
2026-03-25 07:30:00,1378.0,1381.300048828125,1377.300048828125,1380.199951171875,15828
2026-03-25 07:35:00,1380.199951171875,1382.5,1378.5,1379.9000244140625,12290
2026-03-25 07:40:00,1379.5,1381.5999755859375,1379.5,1380.9000244140625,5478
2026-03-25 07:45:00,1380.800048828125,1381.9000244140625,1379.0,1379.800048828125,8365
2026-03-25 07:50:00,1379.800048828125,1380.0,1378.0,1379.4000244140625,12121
2026-03-25 07:55:00,1379.199951171875,1383.5,1379.199951171875,1383.0,11420
2026-03-25 08:00:00,1383.0,1385.0,1380.9000244140625,1384.300048828125,14576
2026-03-25 08:05:00,1384.300048828125,1384.800048828125,1381.5999755859375,1383.0,10204
2026-03-25 08:10:00,1383.0,1384.199951171875,1382.0,1383.9000244140625,9797
2026-03-25 08:15:00,1383.9000244140625,1385.0,1383.5,1384.9000244140625,8598
2026-03-25 08:20:00,1385.0,1386.5,1384.0,1384.9000244140625,14095
2026-03-25 08:25:00,1384.9000244140625,1385.800048828125,1384.0999755859375,1385.0,7485
2026-03-25 08:30:00,1385.0999755859375,1388.300048828125,1385.0,1387.5,18141
2026-03-25 08:35:00,1387.5,1387.5,1381.4000244140625,1382.699951171875,12951
2026-03-25 08:40:00,1382.0,1383.800048828125,1381.0999755859375,1381.800048828125,10313
2026-03-25 08:45:00,1381.5,1382.5,1379.800048828125,1380.800048828125,9273
2026-03-25 08:50:00,1380.9000244140625,1381.5,1376.4000244140625,1377.300048828125,26945
2026-03-25 08:55:00,1377.199951171875,1379.4000244140625,1375.9000244140625,1378.800048828125,27014
2026-03-25 09:00:00,1378.5999755859375,1381.5999755859375,1376.199951171875,1379.5999755859375,9795
2026-03-25 09:05:00,1379.5,1379.5999755859375,1376.5,1377.300048828125,12950
2026-03-25 09:10:00,1377.300048828125,1381.0,1377.300048828125,1380.300048828125,16550
2026-03-25 09:15:00,1380.800048828125,1381.0999755859375,1377.4000244140625,1378.9000244140625,11417
2026-03-25 09:20:00,1378.5,1379.5,1376.0999755859375,1377.0999755859375,11954
2026-03-25 09:25:00,1377.0999755859375,1379.5999755859375,1376.0,1379.5999755859375,21922
2026-03-25 09:30:00,1379.0,1380.300048828125,1375.0,1378.5,48510
2026-03-25 09:35:00,1378.4000244140625,1378.5999755859375,1376.300048828125,1377.800048828125,34314
2026-03-25 09:40:00,1377.800048828125,1379.0,1376.699951171875,1376.699951171875,31416
2026-03-25 09:45:00,1376.5,1376.5,1372.699951171875,1372.699951171875,40582
2026-03-25 09:50:00,1372.800048828125,1376.0,1372.300048828125,1373.5999755859375,41611
2026-03-25 09:55:00,1374.5,1376.0,1374.0,1376.0,45132
2026-03-27 03:45:00,1371.300048828125,1371.300048828125,1358.199951171875,1359.0,0
2026-03-27 03:50:00,1357.800048828125,1366.699951171875,1356.5999755859375,1361.5,63151
2026-03-27 03:55:00,1361.199951171875,1362.199951171875,1359.0,1359.4000244140625,43915
2026-03-27 04:00:00,1359.4000244140625,1360.699951171875,1355.0,1355.5,60075
2026-03-27 04:05:00,1355.199951171875,1355.9000244140625,1351.0,1353.5999755859375,54053
2026-03-27 04:10:00,1354.0999755859375,1358.0,1352.5,1357.5999755859375,43391
2026-03-27 04:15:00,1357.5999755859375,1358.4000244140625,1355.800048828125,1356.5,21929
2026-03-27 04:20:00,1356.9000244140625,1357.0999755859375,1354.0,1354.699951171875,24081
2026-03-27 04:25:00,1354.699951171875,1355.4000244140625,1349.4000244140625,1350.9000244140625,44991
2026-03-27 04:30:00,1350.699951171875,1353.699951171875,1350.0,1352.199951171875,48435
2026-03-27 04:35:00,1352.5,1352.5,1349.0,1350.5999755859375,29408
2026-03-27 04:40:00,1350.800048828125,1350.800048828125,1347.0,1347.5999755859375,16723
2026-03-27 04:45:00,1347.5999755859375,1347.5999755859375,1344.5999755859375,1344.9000244140625,32115
2026-03-27 04:50:00,1344.5999755859375,1346.699951171875,1344.199951171875,1346.4000244140625,16572
2026-03-27 04:55:00,1346.5999755859375,1347.0,1345.699951171875,1346.9000244140625,12066
2026-03-27 05:00:00,1346.5999755859375,1348.4000244140625,1345.4000244140625,1346.0,30706
2026-03-27 05:05:00,1346.4000244140625,1347.5,1345.5999755859375,1346.800048828125,13617
2026-03-27 05:10:00,1346.699951171875,1347.199951171875,1345.4000244140625,1345.5,14048
2026-03-27 05:15:00,1345.4000244140625,1347.300048828125,1345.199951171875,1346.800048828125,18883
2026-03-27 05:20:00,1346.800048828125,1347.0999755859375,1344.0,1344.0,22905
2026-03-27 05:25:00,1344.0,1345.5999755859375,1342.199951171875,1344.699951171875,44355
2026-03-27 05:30:00,1344.9000244140625,1346.9000244140625,1344.699951171875,1345.9000244140625,14387
2026-03-27 05:35:00,1345.9000244140625,1346.9000244140625,1345.300048828125,1346.0,18604
2026-03-27 05:40:00,1346.0999755859375,1346.699951171875,1344.699951171875,1345.199951171875,13802
2026-03-27 05:45:00,1345.5,1346.0,1344.5999755859375,1345.0999755859375,11991
2026-03-27 05:50:00,1345.0999755859375,1345.300048828125,1344.0,1344.0999755859375,9441
2026-03-27 05:55:00,1344.4000244140625,1344.4000244140625,1342.0,1342.5,22914
2026-03-27 06:00:00,1342.5,1343.9000244140625,1342.0,1342.800048828125,15390
2026-03-27 06:05:00,1342.800048828125,1345.5999755859375,1342.699951171875,1344.5999755859375,13988
2026-03-27 06:10:00,1344.5999755859375,1345.0,1341.0,1341.800048828125,17150
2026-03-27 06:15:00,1341.800048828125,1342.9000244140625,1339.5,1340.5999755859375,25408
2026-03-27 06:20:00,1340.5,1342.5,1340.0999755859375,1341.5,19512
2026-03-27 06:25:00,1341.800048828125,1341.800048828125,1339.699951171875,1340.699951171875,17835
2026-03-27 06:30:00,1341.0,1341.5,1339.199951171875,1340.800048828125,16385
2026-03-27 06:35:00,1340.9000244140625,1342.5,1340.4000244140625,1342.300048828125,8151
2026-03-27 06:40:00,1342.0,1342.300048828125,1339.5999755859375,1340.0,16626
2026-03-27 06:45:00,1340.0,1340.699951171875,1337.199951171875,1337.699951171875,32357
2026-03-27 06:50:00,1337.699951171875,1337.699951171875,1334.699951171875,1337.4000244140625,55566
2026-03-27 06:55:00,1337.0999755859375,1340.800048828125,1336.0,1340.0,44928
2026-03-27 07:00:00,1340.0999755859375,1340.199951171875,1338.0999755859375,1339.9000244140625,11146
2026-03-27 07:05:00,1339.9000244140625,1341.0,1338.199951171875,1339.5,24636
2026-03-27 07:10:00,1339.5,1339.9000244140625,1337.4000244140625,1339.699951171875,15011
2026-03-27 07:15:00,1339.5999755859375,1340.0,1338.0,1339.9000244140625,13979
2026-03-27 07:20:00,1339.9000244140625,1342.0,1339.0999755859375,1340.0,19909
2026-03-27 07:25:00,1339.9000244140625,1341.699951171875,1339.5999755859375,1341.4000244140625,10300
2026-03-27 07:30:00,1341.300048828125,1341.5,1339.300048828125,1339.699951171875,11872
2026-03-27 07:35:00,1339.699951171875,1340.699951171875,1338.800048828125,1338.800048828125,14690
2026-03-27 07:40:00,1338.800048828125,1340.9000244140625,1338.0,1340.5999755859375,15274
2026-03-27 07:45:00,1340.699951171875,1344.5,1340.199951171875,1342.5999755859375,21679
2026-03-27 07:50:00,1342.699951171875,1342.699951171875,1340.199951171875,1340.5,8744
2026-03-27 07:55:00,1340.4000244140625,1341.699951171875,1339.0,1339.9000244140625,15087
2026-03-27 08:00:00,1340.0999755859375,1341.300048828125,1339.4000244140625,1340.4000244140625,16035
2026-03-27 08:05:00,1340.300048828125,1341.5999755859375,1339.5,1339.9000244140625,11484
2026-03-27 08:10:00,1339.9000244140625,1343.0,1339.4000244140625,1340.5999755859375,17169
2026-03-27 08:15:00,1340.300048828125,1341.300048828125,1337.199951171875,1338.0999755859375,18907
2026-03-27 08:20:00,1337.699951171875,1339.5,1337.5,1338.5,15553
2026-03-27 08:25:00,1338.5,1339.5,1336.699951171875,1337.9000244140625,25335
2026-03-27 08:30:00,1337.800048828125,1338.0,1336.0,1336.5999755859375,11555
2026-03-27 08:35:00,1336.199951171875,1337.5,1333.9000244140625,1337.0999755859375,29628
2026-03-27 08:40:00,1337.0999755859375,1338.800048828125,1336.0,1338.800048828125,11082
2026-03-27 08:45:00,1338.5999755859375,1338.699951171875,1336.0999755859375,1336.5999755859375,30270
2026-03-27 08:50:00,1336.0999755859375,1337.0,1334.5,1336.300048828125,14589
2026-03-27 08:55:00,1336.4000244140625,1336.5,1334.300048828125,1335.5,16991
2026-03-27 09:00:00,1335.5,1335.5999755859375,1331.9000244140625,1332.300048828125,32343
2026-03-27 09:05:00,1332.0,1333.9000244140625,1330.199951171875,1330.699951171875,35739
2026-03-27 09:10:00,1331.199951171875,1335.800048828125,1330.300048828125,1334.800048828125,30914
2026-03-27 09:15:00,1334.5999755859375,1336.5,1334.5,1335.800048828125,26139
2026-03-27 09:20:00,1336.0,1339.5,1335.5999755859375,1338.5999755859375,57890
2026-03-27 09:25:00,1338.5999755859375,1340.0,1338.5,1339.0,43372
2026-03-27 09:30:00,1338.699951171875,1340.300048828125,1338.0,1338.800048828125,123692
2026-03-27 09:35:00,1338.800048828125,1341.4000244140625,1338.5999755859375,1340.699951171875,117520
2026-03-27 09:40:00,1341.5,1343.0,1337.5,1338.9000244140625,145472
2026-03-27 09:45:00,1338.699951171875,1338.699951171875,1334.0999755859375,1335.0,189822
2026-03-27 09:50:00,1335.0,1338.4000244140625,1335.0,1337.9000244140625,211327
2026-03-27 09:55:00,1337.9000244140625,1340.0,1337.0999755859375,1340.0,101220
