timestamp,open,high,low,close,volume
2026-01-16 03:45:00,1656.5,1656.5,1621.4000244140625,1623.9000244140625,0
2026-01-16 03:50:00,1625.0,1626.0,1623.0999755859375,1624.0,24349
2026-01-16 03:55:00,1624.0,1633.0,1622.5999755859375,1633.0,133626
2026-01-16 04:00:00,1632.0999755859375,1634.699951171875,1630.4000244140625,1630.4000244140625,32115
2026-01-16 04:05:00,1630.5,1630.5,1624.0999755859375,1624.5999755859375,9373
2026-01-16 04:10:00,1624.5,1625.300048828125,1623.0,1624.199951171875,8971
2026-01-16 04:15:00,1624.0999755859375,1628.300048828125,1623.4000244140625,1625.800048828125,26789
2026-01-16 04:20:00,1625.800048828125,1626.9000244140625,1624.5,1626.699951171875,4834
2026-01-16 04:25:00,1626.800048828125,1627.0,1625.0999755859375,1626.300048828125,4723
2026-01-16 04:30:00,1626.199951171875,1626.5999755859375,1624.0,1625.9000244140625,6847
2026-01-16 04:35:00,1625.9000244140625,1627.199951171875,1625.699951171875,1626.800048828125,2707
2026-01-16 04:40:00,1627.0,1628.0,1625.800048828125,1626.5999755859375,5724
2026-01-16 04:45:00,1626.699951171875,1629.199951171875,1626.5999755859375,1627.800048828125,12100
2026-01-16 04:50:00,1627.9000244140625,1627.9000244140625,1625.5999755859375,1626.4000244140625,5900
2026-01-16 04:55:00,1626.199951171875,1627.5,1626.0,1626.5999755859375,4484
2026-01-16 05:00:00,1626.5999755859375,1627.300048828125,1625.0,1626.4000244140625,8654
2026-01-16 05:05:00,1626.699951171875,1628.199951171875,1626.0,1626.5,6758
2026-01-16 05:10:00,1626.0999755859375,1628.0,1623.0,1628.0,9327
2026-01-16 05:15:00,1627.9000244140625,1630.300048828125,1627.0999755859375,1630.0,14300
2026-01-16 05:20:00,1630.0999755859375,1630.5999755859375,1625.800048828125,1626.5,10983
2026-01-16 05:25:00,1626.699951171875,1628.0,1626.5,1627.699951171875,3793
2026-01-16 05:30:00,1627.0,1630.0,1623.5,1623.5,28297
2026-01-16 05:35:00,1623.699951171875,1623.699951171875,1620.5,1621.0,9642
2026-01-16 05:40:00,1621.199951171875,1624.0999755859375,1615.800048828125,1624.0,36038
2026-01-16 05:45:00,1623.300048828125,1626.800048828125,1621.4000244140625,1621.800048828125,217354
2026-01-16 05:50:00,1622.800048828125,1623.5999755859375,1620.0999755859375,1620.0999755859375,5154
2026-01-16 05:55:00,1620.0999755859375,1620.0999755859375,1616.0,1616.5,7859
2026-01-16 06:00:00,1616.800048828125,1623.0999755859375,1616.800048828125,1623.0999755859375,8015
2026-01-16 06:05:00,1623.4000244140625,1623.9000244140625,1619.0999755859375,1622.300048828125,7310
2026-01-16 06:10:00,1621.9000244140625,1623.800048828125,1620.800048828125,1623.4000244140625,12876
2026-01-16 06:15:00,1623.199951171875,1625.4000244140625,1622.699951171875,1624.0999755859375,7527
2026-01-16 06:20:00,1623.800048828125,1625.0,1623.4000244140625,1625.0,7018
2026-01-16 06:25:00,1624.5999755859375,1624.9000244140625,1622.4000244140625,1624.0,6901
2026-01-16 06:30:00,1624.0,1625.0,1623.4000244140625,1625.0,6880
2026-01-16 06:35:00,1625.5999755859375,1625.5999755859375,1624.0,1625.0,7742
2026-01-16 06:40:00,1625.0,1625.300048828125,1624.4000244140625,1624.9000244140625,4725
2026-01-16 06:45:00,1624.699951171875,1625.199951171875,1623.699951171875,1624.0,6030
2026-01-16 06:50:00,1624.0,1624.9000244140625,1623.800048828125,1624.5999755859375,3041
2026-01-16 06:55:00,1624.699951171875,1624.9000244140625,1620.0999755859375,1620.699951171875,10396
2026-01-16 07:00:00,1620.5,1620.5999755859375,1616.699951171875,1618.0999755859375,137192
2026-01-16 07:05:00,1618.0999755859375,1620.5,1617.5999755859375,1619.199951171875,4817
2026-01-16 07:10:00,1619.199951171875,1624.4000244140625,1618.0999755859375,1624.0,6974
2026-01-16 07:15:00,1623.800048828125,1625.699951171875,1623.300048828125,1625.199951171875,6664
2026-01-16 07:20:00,1625.0999755859375,1629.0,1623.5999755859375,1628.9000244140625,29062
2026-01-16 07:25:00,1628.800048828125,1628.800048828125,1625.4000244140625,1626.0,5450
2026-01-16 07:30:00,1626.0,1626.300048828125,1624.9000244140625,1626.0,6518
2026-01-16 07:35:00,1626.0,1626.699951171875,1624.5,1625.5,10201
2026-01-16 07:40:00,1625.699951171875,1627.300048828125,1624.5999755859375,1626.0,90689
2026-01-16 07:45:00,1626.0,1626.199951171875,1624.0,1624.9000244140625,11067
2026-01-16 07:50:00,1624.9000244140625,1625.0,1622.5999755859375,1624.0,7066
2026-01-16 07:55:00,1624.0,1624.0,1618.5,1622.0,35122
2026-01-16 08:00:00,1622.0,1622.4000244140625,1621.5,1621.9000244140625,9459
2026-01-16 08:05:00,1621.5,1622.0,1620.0,1621.9000244140625,6547
2026-01-16 08:10:00,1621.800048828125,1622.0,1620.0,1621.0,8030
2026-01-16 08:15:00,1622.0,1622.0,1621.0999755859375,1622.0,7959
2026-01-16 08:20:00,1622.0,1622.0,1619.5999755859375,1619.9000244140625,7952
2026-01-16 08:25:00,1619.9000244140625,1620.9000244140625,1619.5999755859375,1620.4000244140625,7763
2026-01-16 08:30:00,1620.5,1622.0,1620.0,1621.5,10460
2026-01-16 08:35:00,1621.5,1622.0999755859375,1616.0999755859375,1616.0999755859375,91017
2026-01-16 08:40:00,1616.800048828125,1618.0,1614.5,1615.300048828125,12362
2026-01-16 08:45:00,1615.300048828125,1615.300048828125,1610.4000244140625,1613.199951171875,15697
2026-01-16 08:50:00,1613.0,1615.9000244140625,1612.5,1614.699951171875,8194
2026-01-16 08:55:00,1614.800048828125,1615.300048828125,1613.300048828125,1614.300048828125,6926
2026-01-16 09:00:00,1614.199951171875,1615.0,1611.199951171875,1613.9000244140625,10357
2026-01-16 09:05:00,1613.800048828125,1618.0,1612.699951171875,1618.0,9857
2026-01-16 09:10:00,1617.699951171875,1618.800048828125,1616.300048828125,1617.0999755859375,16478
2026-01-16 09:15:00,1617.5999755859375,1617.800048828125,1614.9000244140625,1615.9000244140625,17707
2026-01-16 09:20:00,1616.5999755859375,1620.4000244140625,1616.0,1619.9000244140625,42575
2026-01-16 09:25:00,1619.800048828125,1620.4000244140625,1617.699951171875,1619.800048828125,25159
2026-01-16 09:30:00,1617.199951171875,1618.9000244140625,1616.5,1617.4000244140625,30221
2026-01-16 09:35:00,1617.300048828125,1619.0,1615.4000244140625,1617.699951171875,30968
2026-01-16 09:40:00,1618.0999755859375,1620.4000244140625,1617.9000244140625,1618.9000244140625,28500
2026-01-16 09:45:00,1618.300048828125,1620.0,1618.300048828125,1619.300048828125,34126
2026-01-16 09:50:00,1619.0999755859375,1619.199951171875,1615.0999755859375,1615.9000244140625,24056
2026-01-16 09:55:00,1615.5999755859375,1626.4000244140625,1615.5999755859375,1625.0,70022
2026-01-19 03:45:00,1620.0,1620.0,1611.5999755859375,1618.199951171875,0
2026-01-19 03:50:00,1616.5,1633.9000244140625,1616.5,1632.300048828125,277992
2026-01-19 03:55:00,1632.5,1632.5,1617.5,1617.5,30645
2026-01-19 04:00:00,1617.5,1628.300048828125,1617.5,1627.199951171875,156287
2026-01-19 04:05:00,1626.699951171875,1630.9000244140625,1624.0999755859375,1630.9000244140625,16120
2026-01-19 04:10:00,1631.0,1636.0,1628.0,1629.199951171875,14813
2026-01-19 04:15:00,1629.0,1633.800048828125,1628.199951171875,1633.300048828125,9022
2026-01-19 04:20:00,1632.800048828125,1642.9000244140625,1631.0,1634.4000244140625,16457
2026-01-19 04:25:00,1633.699951171875,1635.5999755859375,1630.0,1630.699951171875,11238
2026-01-19 04:30:00,1630.699951171875,1633.5,1630.5999755859375,1633.5,10401
2026-01-19 04:35:00,1633.5,1640.699951171875,1633.5,1637.4000244140625,14663
2026-01-19 04:40:00,1637.0,1640.4000244140625,1635.5,1638.199951171875,18531
2026-01-19 04:45:00,1639.199951171875,1641.199951171875,1634.0999755859375,1636.5999755859375,16239
2026-01-19 04:50:00,1636.5,1640.300048828125,1636.0,1640.300048828125,18878
2026-01-19 04:55:00,1640.300048828125,1640.699951171875,1637.0,1640.0,14457
2026-01-19 05:00:00,1641.0999755859375,1652.800048828125,1641.0,1652.800048828125,31704
2026-01-19 05:05:00,1651.300048828125,1659.300048828125,1647.0,1654.300048828125,33186
2026-01-19 05:10:00,1654.300048828125,1657.300048828125,1652.300048828125,1652.300048828125,14911
2026-01-19 05:15:00,1652.0,1655.300048828125,1652.0,1653.5999755859375,6230
2026-01-19 05:20:00,1653.800048828125,1657.0,1653.800048828125,1656.4000244140625,12804
2026-01-19 05:25:00,1656.800048828125,1657.0999755859375,1655.800048828125,1657.0999755859375,6010
2026-01-19 05:30:00,1657.300048828125,1660.9000244140625,1657.0,1658.4000244140625,158686
2026-01-19 05:35:00,1658.4000244140625,1666.199951171875,1658.4000244140625,1662.0,14603
2026-01-19 05:40:00,1662.0,1662.199951171875,1660.0,1661.0,4947
2026-01-19 05:45:00,1620.0,1665.5999755859375,1620.0,1665.0,17722
2026-01-19 05:50:00,1665.0,1669.800048828125,1664.800048828125,1666.4000244140625,230251
2026-01-19 05:55:00,1666.4000244140625,1666.4000244140625,1665.0,1665.5999755859375,10800
2026-01-19 06:00:00,1665.5999755859375,1665.9000244140625,1662.300048828125,1665.0999755859375,22937
2026-01-19 06:05:00,1665.0999755859375,1669.4000244140625,1665.0999755859375,1669.4000244140625,10028
2026-01-19 06:10:00,1669.199951171875,1669.199951171875,1667.300048828125,1668.0,9820
2026-01-19 06:15:00,1668.0,1668.9000244140625,1667.0999755859375,1668.9000244140625,9413
2026-01-19 06:20:00,1668.800048828125,1672.0,1668.800048828125,1670.0999755859375,13727
2026-01-19 06:25:00,1670.0999755859375,1670.4000244140625,1668.9000244140625,1670.0,20184
2026-01-19 06:30:00,1670.0999755859375,1671.800048828125,1667.9000244140625,1671.4000244140625,28515
2026-01-19 06:35:00,1671.4000244140625,1671.699951171875,1670.5,1670.800048828125,8604
2026-01-19 06:40:00,1670.800048828125,1674.199951171875,1670.0,1671.9000244140625,13013
2026-01-19 06:45:00,1671.9000244140625,1674.5,1671.0,1673.800048828125,13919
2026-01-19 06:50:00,1673.699951171875,1674.0,1672.199951171875,1672.5,11641
2026-01-19 06:55:00,1672.5,1675.5999755859375,1672.5,1674.9000244140625,12060
2026-01-19 07:00:00,1674.300048828125,1676.699951171875,1673.5,1676.300048828125,12895
2026-01-19 07:05:00,1676.300048828125,1676.4000244140625,1675.0999755859375,1675.0999755859375,12470
2026-01-19 07:10:00,1675.0999755859375,1675.0999755859375,1669.0999755859375,1671.800048828125,93144
2026-01-19 07:15:00,1671.5,1671.800048828125,1666.300048828125,1669.5,50687
2026-01-19 07:20:00,1669.199951171875,1670.699951171875,1668.5,1670.699951171875,13794
2026-01-19 07:25:00,1670.699951171875,1673.5,1670.0999755859375,1671.800048828125,6387
2026-01-19 07:30:00,1671.9000244140625,1674.300048828125,1671.5999755859375,1672.800048828125,7867
2026-01-19 07:35:00,1672.4000244140625,1674.0999755859375,1671.699951171875,1673.9000244140625,5794
2026-01-19 07:40:00,1673.300048828125,1674.199951171875,1672.300048828125,1673.699951171875,5944
2026-01-19 07:45:00,1673.5999755859375,1674.0,1672.0999755859375,1674.0,4983
2026-01-19 07:50:00,1674.0,1677.0,1670.800048828125,1671.300048828125,13004
2026-01-19 07:55:00,1670.4000244140625,1671.699951171875,1670.0,1671.699951171875,18422
2026-01-19 08:00:00,1671.5999755859375,1673.4000244140625,1671.4000244140625,1672.300048828125,7043
2026-01-19 08:05:00,1672.0999755859375,1675.800048828125,1671.9000244140625,1675.0,7072
2026-01-19 08:10:00,1675.300048828125,1676.5999755859375,1674.699951171875,1675.9000244140625,5781
2026-01-19 08:15:00,1675.9000244140625,1676.5999755859375,1674.699951171875,1676.0999755859375,6205
2026-01-19 08:20:00,1676.0999755859375,1678.0,1675.5,1676.5999755859375,8084
2026-01-19 08:25:00,1676.5999755859375,1678.4000244140625,1675.0999755859375,1675.4000244140625,10110
2026-01-19 08:30:00,1674.699951171875,1675.699951171875,1673.0999755859375,1674.5999755859375,7609
2026-01-19 08:35:00,1674.5999755859375,1678.9000244140625,1674.5,1676.5,12501
2026-01-19 08:40:00,1676.300048828125,1676.5999755859375,1674.5,1675.5,9062
2026-01-19 08:45:00,1675.5,1676.0,1670.199951171875,1671.9000244140625,122980
2026-01-19 08:50:00,1672.0999755859375,1673.800048828125,1671.300048828125,1671.9000244140625,6668
2026-01-19 08:55:00,1672.0,1672.800048828125,1670.0,1671.699951171875,14195
2026-01-19 09:00:00,1672.0999755859375,1674.300048828125,1671.300048828125,1672.4000244140625,9286
2026-01-19 09:05:00,1672.300048828125,1673.800048828125,1672.0,1673.800048828125,8110
2026-01-19 09:10:00,1673.300048828125,1676.4000244140625,1673.0,1676.4000244140625,13682
2026-01-19 09:15:00,1676.5,1677.5999755859375,1675.199951171875,1676.800048828125,11836
2026-01-19 09:20:00,1676.800048828125,1684.0,1676.5999755859375,1683.5999755859375,28393
2026-01-19 09:25:00,1683.199951171875,1684.5,1681.4000244140625,1683.0999755859375,17049
2026-01-19 09:30:00,1683.300048828125,1684.4000244140625,1680.0999755859375,1681.0999755859375,44221
2026-01-19 09:35:00,1681.0999755859375,1683.0999755859375,1679.0999755859375,1682.4000244140625,28892
2026-01-19 09:40:00,1682.4000244140625,1685.0,1681.4000244140625,1682.4000244140625,35893
2026-01-19 09:45:00,1682.4000244140625,1683.699951171875,1679.300048828125,1680.199951171875,59354
2026-01-19 09:50:00,1678.800048828125,1682.300048828125,1678.800048828125,1680.5,56697
2026-01-19 09:55:00,1680.699951171875,1681.4000244140625,1680.0,1681.0,38074
2026-01-20 03:45:00,1674.199951171875,1679.9000244140625,1673.0,1675.0,0
2026-01-20 03:50:00,1674.4000244140625,1674.4000244140625,1666.300048828125,1666.9000244140625,26971
2026-01-20 03:55:00,1666.5,1667.699951171875,1661.5999755859375,1662.0999755859375,17348
2026-01-20 04:00:00,1661.9000244140625,1668.9000244140625,1660.0,1664.0,20391
2026-01-20 04:05:00,1664.800048828125,1665.699951171875,1661.0,1661.4000244140625,7735
2026-01-20 04:10:00,1660.0999755859375,1665.5999755859375,1659.699951171875,1660.199951171875,12698
2026-01-20 04:15:00,1660.9000244140625,1665.199951171875,1656.800048828125,1656.9000244140625,11227
2026-01-20 04:20:00,1657.5,1659.5,1652.0,1652.0,16734
2026-01-20 04:25:00,1652.699951171875,1656.800048828125,1652.699951171875,1654.300048828125,8901
2026-01-20 04:30:00,1655.0,1660.300048828125,1654.4000244140625,1657.9000244140625,10877
2026-01-20 04:35:00,1657.5999755859375,1658.800048828125,1646.4000244140625,1647.300048828125,15892
2026-01-20 04:40:00,1647.199951171875,1647.5,1640.9000244140625,1640.9000244140625,9570
2026-01-20 04:45:00,1641.5,1645.0,1640.0,1641.199951171875,11127
2026-01-20 04:50:00,1641.0,1642.300048828125,1636.300048828125,1640.800048828125,8997
2026-01-20 04:55:00,1640.800048828125,1643.5,1638.5999755859375,1640.699951171875,9613
2026-01-20 05:00:00,1640.4000244140625,1647.9000244140625,1639.0,1646.300048828125,8842
2026-01-20 05:05:00,1647.0,1656.0,1646.0,1654.0999755859375,17887
2026-01-20 05:10:00,1654.5999755859375,1658.0,1654.0,1657.9000244140625,11887
2026-01-20 05:15:00,1657.5,1660.5,1656.5999755859375,1658.0999755859375,9063
2026-01-20 05:20:00,1658.5999755859375,1658.800048828125,1657.300048828125,1657.5999755859375,4324
2026-01-20 05:25:00,1657.300048828125,1657.300048828125,1654.0,1655.699951171875,22942
2026-01-20 05:30:00,1654.9000244140625,1655.5,1649.5,1651.800048828125,30637
2026-01-20 05:35:00,1652.0,1653.9000244140625,1650.199951171875,1650.9000244140625,14530
2026-01-20 05:40:00,1646.199951171875,1646.199951171875,1640.699951171875,1642.699951171875,17538
2026-01-20 05:45:00,1642.800048828125,1647.4000244140625,1642.4000244140625,1644.300048828125,4610
2026-01-20 05:50:00,1644.0999755859375,1645.5,1642.4000244140625,1644.0999755859375,2385
2026-01-20 05:55:00,1644.0999755859375,1645.4000244140625,1642.199951171875,1645.0999755859375,2889
2026-01-20 06:00:00,1645.199951171875,1646.9000244140625,1643.5,1643.699951171875,2440
2026-01-20 06:05:00,1644.0,1645.199951171875,1643.5,1643.800048828125,2420
2026-01-20 06:10:00,1643.699951171875,1645.199951171875,1642.199951171875,1642.9000244140625,2425
2026-01-20 06:15:00,1642.5999755859375,1651.0,1641.800048828125,1650.300048828125,12475
2026-01-20 06:20:00,1650.4000244140625,1655.0,1650.0,1653.4000244140625,4024
2026-01-20 06:25:00,1652.9000244140625,1653.0999755859375,1650.5,1651.4000244140625,2436
2026-01-20 06:30:00,1650.5999755859375,1652.4000244140625,1650.0,1651.300048828125,6433
2026-01-20 06:35:00,1651.300048828125,1652.5,1647.4000244140625,1648.5999755859375,35153
2026-01-20 06:40:00,1646.199951171875,1650.699951171875,1644.300048828125,1645.9000244140625,42640
2026-01-20 06:45:00,1645.5999755859375,1646.199951171875,1638.0999755859375,1640.9000244140625,26243
2026-01-20 06:50:00,1641.9000244140625,1643.699951171875,1640.5,1643.4000244140625,5474
2026-01-20 06:55:00,1643.0999755859375,1651.699951171875,1642.800048828125,1649.0999755859375,8016
2026-01-20 07:00:00,1648.699951171875,1653.5,1648.5999755859375,1652.199951171875,11481
2026-01-20 07:05:00,1652.5,1653.0,1651.0,1651.800048828125,4650
2026-01-20 07:10:00,1652.300048828125,1652.5,1646.5999755859375,1648.0999755859375,14910
2026-01-20 07:15:00,1648.300048828125,1653.699951171875,1647.9000244140625,1652.4000244140625,7689
2026-01-20 07:20:00,1652.300048828125,1655.0,1651.5,1651.5,6743
2026-01-20 07:25:00,1651.5,1652.9000244140625,1650.300048828125,1651.5999755859375,1835
2026-01-20 07:30:00,1652.0,1652.5999755859375,1650.0,1651.4000244140625,3827
2026-01-20 07:35:00,1651.199951171875,1652.300048828125,1650.699951171875,1651.699951171875,1906
2026-01-20 07:40:00,1651.699951171875,1652.699951171875,1650.199951171875,1652.199951171875,1939
2026-01-20 07:45:00,1652.0,1655.0,1651.4000244140625,1654.9000244140625,2567
2026-01-20 07:50:00,1654.800048828125,1656.199951171875,1653.0999755859375,1654.800048828125,3513
2026-01-20 07:55:00,1655.699951171875,1658.5999755859375,1655.5,1657.4000244140625,3198
2026-01-20 08:00:00,1657.9000244140625,1658.5999755859375,1656.9000244140625,1657.5999755859375,2406
2026-01-20 08:05:00,1657.0999755859375,1659.5999755859375,1655.4000244140625,1658.0,3258
2026-01-20 08:10:00,1658.9000244140625,1662.800048828125,1656.800048828125,1661.4000244140625,8517
2026-01-20 08:15:00,1661.800048828125,1662.800048828125,1660.0,1660.800048828125,5846
2026-01-20 08:20:00,1661.199951171875,1664.0,1660.699951171875,1662.4000244140625,3301
2026-01-20 08:25:00,1662.4000244140625,1665.4000244140625,1662.0999755859375,1664.699951171875,13359
2026-01-20 08:30:00,1664.4000244140625,1665.300048828125,1660.699951171875,1665.300048828125,4442
2026-01-20 08:35:00,1664.9000244140625,1664.9000244140625,1660.199951171875,1660.300048828125,5339
2026-01-20 08:40:00,1660.300048828125,1661.0999755859375,1658.800048828125,1658.800048828125,5569
2026-01-20 08:45:00,1658.4000244140625,1661.699951171875,1658.0,1660.0,9004
2026-01-20 08:50:00,1660.0,1662.5,1658.0,1661.699951171875,7522
2026-01-20 08:55:00,1662.5,1668.4000244140625,1662.199951171875,1667.5,8860
2026-01-20 09:00:00,1667.4000244140625,1669.0,1666.0999755859375,1666.9000244140625,10787
2026-01-20 09:05:00,1666.699951171875,1669.300048828125,1666.5999755859375,1668.5,13267
2026-01-20 09:10:00,1668.800048828125,1670.800048828125,1668.300048828125,1669.4000244140625,21399
2026-01-20 09:15:00,1669.5,1671.300048828125,1668.4000244140625,1668.4000244140625,11087
2026-01-20 09:20:00,1669.0999755859375,1669.9000244140625,1666.4000244140625,1669.199951171875,14552
2026-01-20 09:25:00,1669.199951171875,1673.800048828125,1665.0,1665.0999755859375,55132
2026-01-20 09:30:00,1664.9000244140625,1664.9000244140625,1658.5999755859375,1659.699951171875,33387
2026-01-20 09:35:00,1659.9000244140625,1662.800048828125,1659.4000244140625,1660.4000244140625,40941
2026-01-20 09:40:00,1660.0,1661.199951171875,1657.5999755859375,1659.0999755859375,40882
2026-01-20 09:45:00,1658.699951171875,1659.5,1657.0,1657.0,33868
2026-01-20 09:50:00,1656.9000244140625,1661.0,1654.0999755859375,1656.9000244140625,35506
2026-01-20 09:55:00,1656.699951171875,1665.0,1651.0,1651.0,38212
2026-01-21 03:45:00,1658.0,1658.0,1647.800048828125,1648.800048828125,0
2026-01-21 03:50:00,1647.800048828125,1648.199951171875,1640.5,1643.0,21557
2026-01-21 03:55:00,1645.0999755859375,1649.0,1642.300048828125,1642.300048828125,5855
2026-01-21 04:00:00,1642.699951171875,1649.0999755859375,1641.5,1648.4000244140625,9403
2026-01-21 04:05:00,1648.699951171875,1649.9000244140625,1643.5999755859375,1644.800048828125,6257
2026-01-21 04:10:00,1645.199951171875,1645.4000244140625,1635.800048828125,1636.300048828125,13088
2026-01-21 04:15:00,1635.199951171875,1640.300048828125,1635.0999755859375,1636.5999755859375,6863
2026-01-21 04:20:00,1635.5,1636.0,1629.0,1629.0999755859375,8132
2026-01-21 04:25:00,1629.199951171875,1633.5,1626.9000244140625,1632.0999755859375,10802
2026-01-21 04:30:00,1632.300048828125,1641.300048828125,1630.199951171875,1641.0,13216
2026-01-21 04:35:00,1640.5,1651.5999755859375,1640.300048828125,1647.9000244140625,21485
2026-01-21 04:40:00,1647.5,1651.0,1645.199951171875,1648.800048828125,8484
2026-01-21 04:45:00,1648.800048828125,1650.699951171875,1646.300048828125,1646.300048828125,3635
2026-01-21 04:50:00,1646.0999755859375,1650.5999755859375,1646.0,1649.0,15038
2026-01-21 04:55:00,1649.199951171875,1651.699951171875,1648.4000244140625,1649.0,16059
2026-01-21 05:00:00,1649.5,1650.199951171875,1646.800048828125,1649.800048828125,26209
2026-01-21 05:05:00,1649.9000244140625,1650.199951171875,1645.5999755859375,1645.5999755859375,11665
2026-01-21 05:10:00,1645.9000244140625,1647.4000244140625,1640.300048828125,1641.4000244140625,10716
2026-01-21 05:15:00,1641.4000244140625,1641.4000244140625,1638.0999755859375,1638.9000244140625,15719
2026-01-21 05:20:00,1638.699951171875,1638.800048828125,1630.5,1630.5,48137
2026-01-21 05:25:00,1630.5,1634.4000244140625,1626.199951171875,1634.0,34163
2026-01-21 05:30:00,1634.199951171875,1637.699951171875,1632.5999755859375,1634.5999755859375,42895
2026-01-21 05:35:00,1635.0,1637.0999755859375,1623.5999755859375,1625.800048828125,40096
2026-01-21 05:40:00,1626.199951171875,1638.800048828125,1626.199951171875,1638.800048828125,8059
2026-01-21 05:45:00,1638.0999755859375,1639.300048828125,1633.800048828125,1639.199951171875,7828
2026-01-21 05:50:00,1639.5,1639.5,1635.5,1635.5,9412
2026-01-21 05:55:00,1635.5,1635.9000244140625,1627.5999755859375,1627.800048828125,50907
2026-01-21 06:00:00,1628.0,1635.5,1627.300048828125,1630.300048828125,18425
2026-01-21 06:05:00,1630.300048828125,1633.0999755859375,1630.0,1630.0999755859375,7745
2026-01-21 06:10:00,1630.0999755859375,1630.199951171875,1625.0999755859375,1625.300048828125,3922
2026-01-21 06:15:00,1625.199951171875,1628.5,1624.800048828125,1624.800048828125,5354
2026-01-21 06:20:00,1624.800048828125,1625.9000244140625,1623.4000244140625,1624.800048828125,8906
2026-01-21 06:25:00,1624.800048828125,1625.5,1621.5999755859375,1622.800048828125,4710
2026-01-21 06:30:00,1623.5,1632.199951171875,1622.800048828125,1632.0999755859375,5630
2026-01-21 06:35:00,1632.0999755859375,1633.0,1629.5,1630.5,4901
2026-01-21 06:40:00,1630.800048828125,1634.0999755859375,1629.0999755859375,1634.0999755859375,5372
2026-01-21 06:45:00,1634.0999755859375,1638.5,1631.300048828125,1634.5,8075
2026-01-21 06:50:00,1634.5,1636.4000244140625,1633.0999755859375,1635.0,4092
2026-01-21 06:55:00,1635.0,1637.300048828125,1631.699951171875,1633.5999755859375,6414
2026-01-21 07:00:00,1633.800048828125,1635.0999755859375,1632.9000244140625,1635.0,4264
2026-01-21 07:05:00,1634.4000244140625,1642.0,1633.300048828125,1641.5,8758
2026-01-21 07:10:00,1641.5,1643.4000244140625,1639.9000244140625,1640.699951171875,5306
2026-01-21 07:15:00,1641.800048828125,1644.699951171875,1640.699951171875,1644.5999755859375,8088
2026-01-21 07:20:00,1644.5999755859375,1649.0999755859375,1642.699951171875,1648.0,6434
2026-01-21 07:25:00,1648.199951171875,1648.5999755859375,1646.0,1648.0,7004
2026-01-21 07:30:00,1647.9000244140625,1652.5,1647.9000244140625,1652.4000244140625,5698
2026-01-21 07:35:00,1652.699951171875,1653.5999755859375,1647.300048828125,1647.300048828125,9021
2026-01-21 07:40:00,1647.4000244140625,1649.9000244140625,1645.5999755859375,1648.699951171875,6949
2026-01-21 07:45:00,1649.300048828125,1654.199951171875,1649.300048828125,1653.5,6481
2026-01-21 07:50:00,1653.5,1654.300048828125,1649.199951171875,1649.699951171875,5597
2026-01-21 07:55:00,1649.0999755859375,1649.5999755859375,1645.5999755859375,1646.5999755859375,3406
2026-01-21 08:00:00,1646.4000244140625,1648.300048828125,1640.699951171875,1641.0999755859375,5882
2026-01-21 08:05:00,1641.0999755859375,1644.699951171875,1639.5,1643.0999755859375,5680
2026-01-21 08:10:00,1641.699951171875,1644.199951171875,1639.699951171875,1643.300048828125,6037
2026-01-21 08:15:00,1643.5999755859375,1644.800048828125,1639.9000244140625,1640.4000244140625,5069
2026-01-21 08:20:00,1640.800048828125,1640.800048828125,1634.0,1634.5,11368
2026-01-21 08:25:00,1634.5,1635.9000244140625,1633.9000244140625,1633.9000244140625,7704
2026-01-21 08:30:00,1633.5,1635.699951171875,1631.199951171875,1631.699951171875,6106
2026-01-21 08:35:00,1631.199951171875,1636.0,1631.0999755859375,1634.0,6476
2026-01-21 08:40:00,1634.0,1634.9000244140625,1631.300048828125,1633.5999755859375,4071
2026-01-21 08:45:00,1633.0999755859375,1645.0,1633.0999755859375,1642.800048828125,7564
2026-01-21 08:50:00,1641.0,1644.5999755859375,1641.0,1641.800048828125,4133
2026-01-21 08:55:00,1641.9000244140625,1647.300048828125,1639.5999755859375,1646.199951171875,12234
2026-01-21 09:00:00,1645.4000244140625,1651.699951171875,1645.4000244140625,1650.0,29468
2026-01-21 09:05:00,1650.4000244140625,1652.5,1649.699951171875,1650.5999755859375,27540
2026-01-21 09:10:00,1650.699951171875,1656.9000244140625,1650.5,1654.5999755859375,26936
2026-01-21 09:15:00,1656.0,1656.0,1652.0999755859375,1653.199951171875,26015
2026-01-21 09:20:00,1654.0999755859375,1656.699951171875,1651.800048828125,1655.199951171875,22023
2026-01-21 09:25:00,1655.0,1661.0999755859375,1654.9000244140625,1660.199951171875,27797
2026-01-21 09:30:00,1659.0999755859375,1665.800048828125,1659.0999755859375,1665.800048828125,21433
2026-01-21 09:35:00,1666.300048828125,1667.4000244140625,1662.800048828125,1663.300048828125,22196
2026-01-21 09:40:00,1664.4000244140625,1667.5999755859375,1663.5,1666.300048828125,31956
2026-01-21 09:45:00,1666.300048828125,1666.5999755859375,1661.699951171875,1662.300048828125,27407
2026-01-21 09:50:00,1663.0,1664.4000244140625,1660.0,1662.0,23593
2026-01-21 09:55:00,1661.800048828125,1665.5999755859375,1660.0,1663.699951171875,21293
2026-01-22 03:45:00,1666.0,1679.9000244140625,1666.0,1679.9000244140625,0
2026-01-22 03:50:00,1678.9000244140625,1684.9000244140625,1674.199951171875,1681.4000244140625,27016
2026-01-22 03:55:00,1682.0,1688.4000244140625,1681.0,1686.300048828125,24909
2026-01-22 04:00:00,1686.0,1694.9000244140625,1685.300048828125,1691.0999755859375,16298
2026-01-22 04:05:00,1690.5999755859375,1692.800048828125,1690.0999755859375,1691.5,6717
2026-01-22 04:10:00,1691.300048828125,1692.699951171875,1688.5999755859375,1690.5,9096
2026-01-22 04:15:00,1690.5999755859375,1699.800048828125,1690.5,1695.699951171875,12363
2026-01-22 04:20:00,1695.5999755859375,1697.0,1693.199951171875,1693.800048828125,5520
2026-01-22 04:25:00,1693.800048828125,1694.9000244140625,1692.699951171875,1693.0999755859375,3809
2026-01-22 04:30:00,1693.199951171875,1694.9000244140625,1690.0999755859375,1693.5,5902
2026-01-22 04:35:00,1694.0,1696.199951171875,1692.800048828125,1692.800048828125,7343
2026-01-22 04:40:00,1692.5999755859375,1695.0,1691.5999755859375,1693.5999755859375,5372
2026-01-22 04:45:00,1693.4000244140625,1695.0,1688.5,1689.0,6550
2026-01-22 04:50:00,1688.699951171875,1693.5999755859375,1687.300048828125,1691.5999755859375,9568
2026-01-22 04:55:00,1691.4000244140625,1691.4000244140625,1683.800048828125,1684.5999755859375,17001
2026-01-22 05:00:00,1685.0,1687.9000244140625,1681.0,1687.9000244140625,9006
2026-01-22 05:05:00,1688.5,1695.0999755859375,1687.199951171875,1692.0,16046
2026-01-22 05:10:00,1691.5999755859375,1692.199951171875,1686.199951171875,1686.199951171875,5267
2026-01-22 05:15:00,1686.800048828125,1687.300048828125,1681.5,1682.300048828125,17386
2026-01-22 05:20:00,1682.300048828125,1686.0999755859375,1681.9000244140625,1685.699951171875,3763
2026-01-22 05:25:00,1685.4000244140625,1686.5999755859375,1683.5,1683.699951171875,4583
2026-01-22 05:30:00,1683.699951171875,1685.300048828125,1680.199951171875,1680.800048828125,4408
2026-01-22 05:35:00,1680.5,1680.5,1678.0,1678.5999755859375,4959
2026-01-22 05:40:00,1678.5999755859375,1680.0,1673.9000244140625,1676.5,7024
2026-01-22 05:45:00,1676.0999755859375,1679.9000244140625,1675.9000244140625,1678.699951171875,3337
2026-01-22 05:50:00,1678.699951171875,1681.199951171875,1677.5999755859375,1680.9000244140625,3134
2026-01-22 05:55:00,1680.5,1685.0,1680.0999755859375,1680.4000244140625,3871
2026-01-22 06:00:00,1680.699951171875,1683.0999755859375,1678.4000244140625,1678.4000244140625,5135
2026-01-22 06:05:00,1678.0,1679.5,1676.5999755859375,1676.699951171875,3533
2026-01-22 06:10:00,1676.4000244140625,1676.5,1672.0999755859375,1672.0999755859375,4698
2026-01-22 06:15:00,1672.0,1673.5999755859375,1667.199951171875,1672.0999755859375,6486
2026-01-22 06:20:00,1672.5999755859375,1673.699951171875,1670.5,1671.199951171875,4233
2026-01-22 06:25:00,1671.0,1672.800048828125,1670.4000244140625,1671.5999755859375,3759
2026-01-22 06:30:00,1671.5,1673.300048828125,1670.199951171875,1672.800048828125,3481
2026-01-22 06:35:00,1672.5999755859375,1686.5,1672.5999755859375,1685.0999755859375,25376
2026-01-22 06:40:00,1685.0,1685.199951171875,1682.699951171875,1685.199951171875,3297
2026-01-22 06:45:00,1684.5,1688.0,1682.5999755859375,1687.5,6148
2026-01-22 06:50:00,1687.5999755859375,1693.5999755859375,1687.0999755859375,1692.9000244140625,21578
2026-01-22 06:55:00,1693.0,1696.199951171875,1693.0,1694.5,23024
2026-01-22 07:00:00,1694.5,1695.5,1692.9000244140625,1694.4000244140625,21291
2026-01-22 07:05:00,1694.0,1695.4000244140625,1688.0,1689.300048828125,22698
2026-01-22 07:10:00,1688.300048828125,1689.300048828125,1681.9000244140625,1685.199951171875,32059
2026-01-22 07:15:00,1685.0999755859375,1687.300048828125,1683.5,1686.5999755859375,24168
2026-01-22 07:20:00,1686.800048828125,1689.699951171875,1685.0999755859375,1686.5999755859375,26485
2026-01-22 07:25:00,1686.0999755859375,1689.0,1685.300048828125,1687.5999755859375,28692
2026-01-22 07:30:00,1687.300048828125,1695.300048828125,1685.9000244140625,1693.800048828125,31517
2026-01-22 07:35:00,1693.5,1695.9000244140625,1692.0999755859375,1694.699951171875,29784
2026-01-22 07:40:00,1695.0,1695.0999755859375,1692.5999755859375,1694.0999755859375,29481
2026-01-22 07:45:00,1694.0999755859375,1696.5999755859375,1692.9000244140625,1696.5,31741
2026-01-22 07:50:00,1696.5999755859375,1699.0,1694.300048828125,1698.0,26329
2026-01-22 07:55:00,1697.800048828125,1700.800048828125,1697.800048828125,1698.699951171875,39106
2026-01-22 08:00:00,1698.4000244140625,1703.9000244140625,1698.199951171875,1703.9000244140625,24701
2026-01-22 08:05:00,1704.0,1706.199951171875,1700.0999755859375,1701.800048828125,49691
2026-01-22 08:10:00,1701.300048828125,1701.5999755859375,1699.300048828125,1701.0999755859375,11894
2026-01-22 08:15:00,1700.300048828125,1705.199951171875,1700.199951171875,1702.5,20779
2026-01-22 08:20:00,1701.9000244140625,1703.699951171875,1701.0,1703.0999755859375,4181
2026-01-22 08:25:00,1702.800048828125,1703.800048828125,1700.300048828125,1702.9000244140625,11234
2026-01-22 08:30:00,1702.5999755859375,1703.800048828125,1702.0,1702.5999755859375,5788
2026-01-22 08:35:00,1702.5,1704.4000244140625,1702.0999755859375,1702.699951171875,6277
2026-01-22 08:40:00,1703.0999755859375,1704.199951171875,1702.0,1703.4000244140625,4869
2026-01-22 08:45:00,1703.300048828125,1704.5999755859375,1703.199951171875,1704.0,3691
2026-01-22 08:50:00,1703.699951171875,1704.9000244140625,1703.0,1703.0999755859375,5311
2026-01-22 08:55:00,1703.199951171875,1710.699951171875,1703.199951171875,1709.5,62035
2026-01-22 09:00:00,1710.0,1717.199951171875,1709.300048828125,1717.199951171875,57288
2026-01-22 09:05:00,1716.9000244140625,1716.9000244140625,1708.5999755859375,1709.5,66459
2026-01-22 09:10:00,1708.300048828125,1709.5,1702.0,1704.199951171875,22939
2026-01-22 09:15:00,1704.0,1708.800048828125,1704.0,1707.800048828125,10180
2026-01-22 09:20:00,1707.9000244140625,1709.300048828125,1705.9000244140625,1706.699951171875,8818
2026-01-22 09:25:00,1706.699951171875,1720.4000244140625,1706.699951171875,1712.4000244140625,105869
2026-01-22 09:30:00,1712.0,1716.0,1708.699951171875,1711.0999755859375,54877
2026-01-22 09:35:00,1711.699951171875,1715.0,1711.199951171875,1714.0,44984
2026-01-22 09:40:00,1714.5,1715.800048828125,1711.300048828125,1712.9000244140625,64478
2026-01-22 09:45:00,1712.5,1715.699951171875,1712.5,1714.0,56587
2026-01-22 09:50:00,1714.5,1719.300048828125,1714.5,1717.199951171875,39298
2026-01-22 09:55:00,1717.300048828125,1719.300048828125,1714.5999755859375,1714.5999755859375,31971
2026-01-23 03:45:00,1702.199951171875,1702.199951171875,1677.5999755859375,1686.300048828125,0
2026-01-23 03:50:00,1685.5,1693.9000244140625,1685.0,1688.4000244140625,16884
2026-01-23 03:55:00,1688.300048828125,1689.300048828125,1681.0,1681.0,12840
2026-01-23 04:00:00,1681.0,1683.300048828125,1677.0,1677.300048828125,11573
2026-01-23 04:05:00,1677.5999755859375,1682.800048828125,1673.4000244140625,1679.9000244140625,18220
2026-01-23 04:10:00,1680.199951171875,1689.199951171875,1680.0,1687.199951171875,12662
2026-01-23 04:15:00,1686.5,1698.699951171875,1686.4000244140625,1689.699951171875,19140
2026-01-23 04:20:00,1690.0,1694.9000244140625,1683.0999755859375,1683.0999755859375,11191
2026-01-23 04:25:00,1682.800048828125,1695.0,1682.800048828125,1692.300048828125,20419
2026-01-23 04:30:00,1691.199951171875,1701.0999755859375,1690.0,1699.4000244140625,18648
2026-01-23 04:35:00,1699.9000244140625,1703.0,1699.4000244140625,1702.0,11387
2026-01-23 04:40:00,1701.5,1702.0,1700.0,1700.5,7281
2026-01-23 04:45:00,1700.5,1700.699951171875,1693.5999755859375,1694.199951171875,12443
2026-01-23 04:50:00,1694.0,1694.5999755859375,1692.699951171875,1693.4000244140625,2626
2026-01-23 04:55:00,1692.9000244140625,1695.800048828125,1692.5999755859375,1693.5999755859375,2458
2026-01-23 05:00:00,1693.5,1694.0,1690.5,1690.9000244140625,2264
2026-01-23 05:05:00,1690.800048828125,1690.9000244140625,1688.800048828125,1689.0999755859375,3242
2026-01-23 05:10:00,1689.0999755859375,1690.9000244140625,1687.5,1690.9000244140625,3266
2026-01-23 05:15:00,1690.9000244140625,1690.9000244140625,1687.5999755859375,1688.4000244140625,4015
2026-01-23 05:20:00,1688.0999755859375,1689.5999755859375,1686.300048828125,1686.300048828125,3412
2026-01-23 05:25:00,1686.300048828125,1687.0,1684.0999755859375,1687.0,4097
2026-01-23 05:30:00,1686.300048828125,1687.199951171875,1682.0,1682.0,7034
2026-01-23 05:35:00,1682.0,1691.699951171875,1680.4000244140625,1691.699951171875,14231
2026-01-23 05:40:00,1690.4000244140625,1691.4000244140625,1687.5999755859375,1691.4000244140625,6997
2026-01-23 05:45:00,1692.300048828125,1692.300048828125,1682.0,1682.199951171875,5882
2026-01-23 05:50:00,1682.300048828125,1689.300048828125,1681.0,1687.800048828125,11351
2026-01-23 05:55:00,1687.5999755859375,1695.199951171875,1687.5999755859375,1691.9000244140625,18612
2026-01-23 06:00:00,1691.800048828125,1691.800048828125,1682.4000244140625,1682.4000244140625,9106
2026-01-23 06:05:00,1682.0,1683.9000244140625,1678.9000244140625,1681.5,25013
2026-01-23 06:10:00,1681.5,1687.9000244140625,1679.300048828125,1685.0,23903
2026-01-23 06:15:00,1684.800048828125,1687.4000244140625,1683.4000244140625,1683.4000244140625,6519
2026-01-23 06:20:00,1683.4000244140625,1684.699951171875,1681.0999755859375,1681.4000244140625,2880
2026-01-23 06:25:00,1681.5,1681.800048828125,1678.0,1678.9000244140625,5647
2026-01-23 06:30:00,1678.9000244140625,1681.5,1677.4000244140625,1678.0,6991
2026-01-23 06:35:00,1677.9000244140625,1678.199951171875,1664.800048828125,1664.800048828125,19280
2026-01-23 06:40:00,1665.5,1669.9000244140625,1665.0,1666.199951171875,7563
2026-01-23 06:45:00,1666.699951171875,1670.300048828125,1666.0,1668.9000244140625,4844
2026-01-23 06:50:00,1668.9000244140625,1669.699951171875,1665.5,1665.5999755859375,1635
2026-01-23 06:55:00,1665.5999755859375,1665.5999755859375,1657.5999755859375,1658.9000244140625,10412
2026-01-23 07:00:00,1658.800048828125,1663.5999755859375,1658.0,1662.5999755859375,6729
2026-01-23 07:05:00,1661.9000244140625,1662.199951171875,1660.300048828125,1661.199951171875,2177
2026-01-23 07:10:00,1661.199951171875,1663.0,1660.199951171875,1661.9000244140625,2716
2026-01-23 07:15:00,1662.699951171875,1666.4000244140625,1660.0999755859375,1660.800048828125,6300
2026-01-23 07:20:00,1661.0,1661.4000244140625,1657.5999755859375,1659.300048828125,4650
2026-01-23 07:25:00,1658.5,1659.0999755859375,1652.9000244140625,1652.9000244140625,11294
2026-01-23 07:30:00,1652.9000244140625,1655.800048828125,1652.199951171875,1653.0999755859375,9824
2026-01-23 07:35:00,1653.199951171875,1653.5,1646.699951171875,1648.0999755859375,11557
2026-01-23 07:40:00,1647.4000244140625,1651.0,1647.300048828125,1650.300048828125,8780
2026-01-23 07:45:00,1650.0,1650.300048828125,1645.800048828125,1645.9000244140625,7353
2026-01-23 07:50:00,1646.5999755859375,1646.5999755859375,1641.4000244140625,1642.699951171875,8489
2026-01-23 07:55:00,1643.9000244140625,1645.300048828125,1642.699951171875,1644.0,10304
2026-01-23 08:00:00,1642.9000244140625,1643.699951171875,1639.0,1641.199951171875,11761
2026-01-23 08:05:00,1641.699951171875,1645.0,1640.4000244140625,1642.9000244140625,4230
2026-01-23 08:10:00,1642.0,1643.800048828125,1640.9000244140625,1641.5999755859375,4890
2026-01-23 08:15:00,1640.9000244140625,1641.4000244140625,1637.800048828125,1638.9000244140625,6038
2026-01-23 08:20:00,1638.300048828125,1640.5999755859375,1638.300048828125,1639.5999755859375,5045
2026-01-23 08:25:00,1639.5,1639.5999755859375,1635.4000244140625,1636.0999755859375,6276
2026-01-23 08:30:00,1636.9000244140625,1637.5,1635.199951171875,1635.199951171875,5905
2026-01-23 08:35:00,1635.0999755859375,1637.9000244140625,1632.0999755859375,1637.9000244140625,9094
2026-01-23 08:40:00,1637.9000244140625,1637.9000244140625,1633.0999755859375,1635.5999755859375,8788
2026-01-23 08:45:00,1635.5999755859375,1638.9000244140625,1634.300048828125,1637.800048828125,11956
2026-01-23 08:50:00,1637.800048828125,1638.699951171875,1633.199951171875,1634.699951171875,7914
2026-01-23 08:55:00,1634.699951171875,1638.0,1633.9000244140625,1636.0,8333
2026-01-23 09:00:00,1636.0,1636.699951171875,1633.300048828125,1636.0,8379
2026-01-23 09:05:00,1635.5,1641.199951171875,1633.199951171875,1641.0,13676
2026-01-23 09:10:00,1640.4000244140625,1645.0,1640.0,1640.5,9639
2026-01-23 09:15:00,1640.5,1641.800048828125,1639.0,1641.199951171875,13538
2026-01-23 09:20:00,1640.5,1643.300048828125,1637.199951171875,1642.199951171875,12161
2026-01-23 09:25:00,1643.699951171875,1644.9000244140625,1639.9000244140625,1639.9000244140625,19419
2026-01-23 09:30:00,1640.5999755859375,1647.199951171875,1635.0,1645.0,47108
2026-01-23 09:35:00,1645.5,1650.0,1644.5,1648.0,73930
2026-01-23 09:40:00,1648.4000244140625,1654.800048828125,1648.4000244140625,1654.0,31613
2026-01-23 09:45:00,1653.0999755859375,1654.0,1653.0,1653.199951171875,17127
2026-01-23 09:50:00,1653.199951171875,1673.0999755859375,1653.199951171875,1670.9000244140625,289042
2026-01-23 09:55:00,1671.0,1720.0,1670.0999755859375,1673.9000244140625,315605
2026-01-27 03:45:00,1688.5999755859375,1688.5999755859375,1642.199951171875,1642.199951171875,0
2026-01-27 03:50:00,1641.0999755859375,1645.699951171875,1631.0999755859375,1632.199951171875,31028
2026-01-27 03:55:00,1632.800048828125,1643.5,1632.0999755859375,1640.5999755859375,16651
2026-01-27 04:00:00,1641.0999755859375,1648.5999755859375,1639.5,1643.0999755859375,18362
2026-01-27 04:05:00,1643.0999755859375,1655.699951171875,1643.0999755859375,1649.0999755859375,14324
2026-01-27 04:10:00,1648.699951171875,1655.5,1647.699951171875,1654.5,11179
2026-01-27 04:15:00,1655.5,1660.0,1652.5,1657.0,10409
2026-01-27 04:20:00,1656.9000244140625,1657.300048828125,1652.0,1652.5999755859375,28527
2026-01-27 04:25:00,1652.0,1652.0,1642.4000244140625,1643.5,26120
2026-01-27 04:30:00,1644.4000244140625,1648.0,1643.5999755859375,1646.5,5088
2026-01-27 04:35:00,1647.0999755859375,1647.0999755859375,1639.0,1642.800048828125,17693
2026-01-27 04:40:00,1642.300048828125,1642.800048828125,1636.800048828125,1641.199951171875,12020
2026-01-27 04:45:00,1641.0999755859375,1645.300048828125,1641.0999755859375,1642.0999755859375,10952
2026-01-27 04:50:00,1642.800048828125,1643.9000244140625,1637.800048828125,1637.800048828125,6656
2026-01-27 04:55:00,1637.800048828125,1639.300048828125,1633.5,1634.300048828125,14195
2026-01-27 05:00:00,1634.4000244140625,1634.699951171875,1624.5999755859375,1627.0,23004
2026-01-27 05:05:00,1628.0,1628.5,1625.0999755859375,1625.5,13417
2026-01-27 05:10:00,1625.199951171875,1626.5,1619.9000244140625,1620.5,16350
2026-01-27 05:15:00,1620.4000244140625,1623.699951171875,1620.4000244140625,1623.699951171875,6715
2026-01-27 05:20:00,1623.0999755859375,1623.699951171875,1619.699951171875,1620.800048828125,12163
2026-01-27 05:25:00,1621.300048828125,1624.5999755859375,1620.0,1621.199951171875,7084
2026-01-27 05:30:00,1621.4000244140625,1626.699951171875,1621.0,1625.5999755859375,10262
2026-01-27 05:35:00,1625.5,1635.5999755859375,1625.0,1630.5,40153
2026-01-27 05:40:00,1630.199951171875,1630.699951171875,1626.199951171875,1627.199951171875,6840
2026-01-27 05:45:00,1627.199951171875,1634.0,1625.0,1633.800048828125,15916
2026-01-27 05:50:00,1633.800048828125,1636.0999755859375,1630.0,1630.199951171875,12145
2026-01-27 05:55:00,1630.5,1632.300048828125,1625.5,1625.699951171875,9727
2026-01-27 06:00:00,1626.4000244140625,1629.5999755859375,1625.0,1628.199951171875,5030
2026-01-27 06:05:00,1628.4000244140625,1638.5,1627.9000244140625,1636.0,12471
2026-01-27 06:10:00,1636.5,1639.0,1635.5999755859375,1637.4000244140625,8998
2026-01-27 06:15:00,1637.199951171875,1638.0,1630.699951171875,1630.800048828125,5375
2026-01-27 06:20:00,1631.0999755859375,1633.699951171875,1629.5,1629.5,8485
2026-01-27 06:25:00,1629.699951171875,1631.699951171875,1628.199951171875,1629.699951171875,7463
2026-01-27 06:30:00,1629.9000244140625,1632.5,1628.4000244140625,1630.5,9469
2026-01-27 06:35:00,1629.9000244140625,1630.5,1627.300048828125,1628.300048828125,6716
2026-01-27 06:40:00,1628.300048828125,1631.800048828125,1628.0,1629.4000244140625,6635
2026-01-27 06:45:00,1629.5,1629.5,1626.0999755859375,1626.199951171875,7208
2026-01-27 06:50:00,1625.800048828125,1627.199951171875,1625.4000244140625,1625.699951171875,20366
2026-01-27 06:55:00,1625.699951171875,1627.9000244140625,1619.699951171875,1620.0,62988
2026-01-27 07:00:00,1620.0,1620.800048828125,1616.9000244140625,1618.0,21671
2026-01-27 07:05:00,1617.800048828125,1620.699951171875,1614.0999755859375,1618.0,19629
2026-01-27 07:10:00,1617.800048828125,1617.9000244140625,1615.5,1616.9000244140625,6602
2026-01-27 07:15:00,1617.9000244140625,1619.9000244140625,1614.4000244140625,1614.699951171875,21592
2026-01-27 07:20:00,1614.699951171875,1615.9000244140625,1613.5,1614.199951171875,10936
2026-01-27 07:25:00,1613.9000244140625,1615.800048828125,1612.5,1614.699951171875,15289
2026-01-27 07:30:00,1615.5999755859375,1616.0,1610.5,1613.699951171875,30530
2026-01-27 07:35:00,1613.0999755859375,1613.5999755859375,1611.0999755859375,1613.5999755859375,7414
2026-01-27 07:40:00,1613.5999755859375,1616.5,1611.0,1615.5,12848
2026-01-27 07:45:00,1615.4000244140625,1618.5999755859375,1614.0,1616.9000244140625,8850
2026-01-27 07:50:00,1616.9000244140625,1617.5,1615.5,1617.0999755859375,7267
2026-01-27 07:55:00,1616.9000244140625,1617.300048828125,1613.0999755859375,1613.699951171875,9779
2026-01-27 08:00:00,1614.0,1615.0999755859375,1611.300048828125,1611.699951171875,9595
2026-01-27 08:05:00,1611.5999755859375,1611.5999755859375,1605.4000244140625,1606.9000244140625,16683
2026-01-27 08:10:00,1606.800048828125,1610.699951171875,1606.199951171875,1606.5,18059
2026-01-27 08:15:00,1606.4000244140625,1607.0,1602.0,1602.9000244140625,31215
2026-01-27 08:20:00,1603.699951171875,1604.199951171875,1601.0,1604.199951171875,38164
2026-01-27 08:25:00,1604.0,1604.300048828125,1601.5999755859375,1603.300048828125,32911
2026-01-27 08:30:00,1603.300048828125,1603.4000244140625,1597.199951171875,1598.4000244140625,30703
2026-01-27 08:35:00,1597.699951171875,1598.9000244140625,1595.5,1596.199951171875,23308
2026-01-27 08:40:00,1596.5,1599.699951171875,1595.300048828125,1596.300048828125,19918
2026-01-27 08:45:00,1595.5999755859375,1596.4000244140625,1593.0999755859375,1596.4000244140625,15012
2026-01-27 08:50:00,1596.4000244140625,1598.699951171875,1594.5,1597.9000244140625,18116
2026-01-27 08:55:00,1597.699951171875,1598.800048828125,1596.5999755859375,1596.9000244140625,19362
2026-01-27 09:00:00,1596.9000244140625,1599.5999755859375,1596.800048828125,1599.5,40812
2026-01-27 09:05:00,1598.9000244140625,1607.5999755859375,1598.9000244140625,1607.4000244140625,20957
2026-01-27 09:10:00,1607.300048828125,1612.300048828125,1606.0999755859375,1609.699951171875,31080
2026-01-27 09:15:00,1610.0,1611.0999755859375,1608.300048828125,1611.0,19821
2026-01-27 09:20:00,1611.0,1616.0999755859375,1611.0,1615.9000244140625,20761
2026-01-27 09:25:00,1616.5,1638.0999755859375,1616.5,1637.5,82239
2026-01-27 09:30:00,1637.9000244140625,1638.699951171875,1629.699951171875,1630.5,82341
2026-01-27 09:35:00,1631.199951171875,1633.5,1627.0,1633.0,81196
2026-01-27 09:40:00,1633.199951171875,1638.0,1631.300048828125,1637.199951171875,69669
2026-01-27 09:45:00,1637.4000244140625,1637.4000244140625,1626.699951171875,1631.199951171875,83302
2026-01-27 09:50:00,1631.199951171875,1631.699951171875,1624.199951171875,1625.5,75781
2026-01-27 09:55:00,1625.699951171875,1626.5999755859375,1613.0999755859375,1618.0,83184
2026-01-28 03:45:00,1623.0999755859375,1637.5,1616.9000244140625,1632.300048828125,64945
2026-01-28 03:50:00,1632.4000244140625,1633.300048828125,1623.5,1627.5,15527
2026-01-28 03:55:00,1627.4000244140625,1628.0,1609.0,1609.5,48072
2026-01-28 04:00:00,1609.300048828125,1617.9000244140625,1608.0,1614.9000244140625,36975
2026-01-28 04:05:00,1614.5,1617.800048828125,1612.4000244140625,1617.0,25167
2026-01-28 04:10:00,1616.699951171875,1617.800048828125,1614.0999755859375,1614.300048828125,14401
2026-01-28 04:15:00,1614.699951171875,1615.300048828125,1611.9000244140625,1614.699951171875,13401
2026-01-28 04:20:00,1614.5,1617.5999755859375,1613.199951171875,1617.5999755859375,16606
2026-01-28 04:25:00,1617.5,1620.9000244140625,1614.0,1620.5,18946
2026-01-28 04:30:00,1620.5,1628.0,1619.5999755859375,1625.5999755859375,19964
2026-01-28 04:35:00,1624.699951171875,1624.699951171875,1616.0999755859375,1616.699951171875,9194
2026-01-28 04:40:00,1617.699951171875,1617.699951171875,1612.300048828125,1615.0999755859375,11216
2026-01-28 04:45:00,1614.199951171875,1615.0999755859375,1612.800048828125,1613.300048828125,6258
2026-01-28 04:50:00,1613.0,1615.800048828125,1611.5,1615.800048828125,12638
2026-01-28 04:55:00,1614.4000244140625,1615.800048828125,1610.0999755859375,1610.199951171875,15079
2026-01-28 05:00:00,1609.699951171875,1611.4000244140625,1607.199951171875,1610.5,16637
2026-01-28 05:05:00,1610.199951171875,1612.699951171875,1608.699951171875,1610.4000244140625,18001
2026-01-28 05:10:00,1610.9000244140625,1611.199951171875,1606.9000244140625,1608.300048828125,6676
2026-01-28 05:15:00,1608.199951171875,1608.5,1606.0999755859375,1607.5,11053
2026-01-28 05:20:00,1607.5,1609.5999755859375,1607.0999755859375,1607.699951171875,12981
2026-01-28 05:25:00,1607.9000244140625,1608.699951171875,1606.9000244140625,1607.0999755859375,9749
2026-01-28 05:30:00,1607.800048828125,1618.5999755859375,1605.699951171875,1618.5999755859375,34433
2026-01-28 05:35:00,1618.300048828125,1618.300048828125,1615.0,1615.9000244140625,19104
2026-01-28 05:40:00,1616.0,1626.5999755859375,1615.699951171875,1625.9000244140625,30173
2026-01-28 05:45:00,1625.9000244140625,1634.4000244140625,1625.4000244140625,1633.0,25945
2026-01-28 05:50:00,1632.199951171875,1643.0,1632.199951171875,1640.0999755859375,70839
2026-01-28 05:55:00,1640.5999755859375,1642.9000244140625,1640.0,1640.5,28368
2026-01-28 06:00:00,1641.300048828125,1642.9000244140625,1636.800048828125,1640.800048828125,50524
2026-01-28 06:05:00,1640.800048828125,1641.5,1639.300048828125,1640.0,33179
2026-01-28 06:10:00,1640.0,1640.5999755859375,1639.9000244140625,1640.0,13297
2026-01-28 06:15:00,1640.0,1642.5,1640.0,1641.9000244140625,10777
2026-01-28 06:20:00,1641.9000244140625,1642.300048828125,1639.699951171875,1640.0,10572
2026-01-28 06:25:00,1640.0,1641.0,1639.5,1640.0999755859375,10765
2026-01-28 06:30:00,1640.0,1642.4000244140625,1640.0,1640.4000244140625,6854
2026-01-28 06:35:00,1641.0,1645.5,1640.0,1641.699951171875,11223
2026-01-28 06:40:00,1641.300048828125,1645.0999755859375,1641.0,1643.5,8781
2026-01-28 06:45:00,1643.0999755859375,1644.4000244140625,1642.300048828125,1643.4000244140625,7614
2026-01-28 06:50:00,1643.300048828125,1645.0999755859375,1641.800048828125,1645.0999755859375,11251
2026-01-28 06:55:00,1645.0999755859375,1647.0,1644.4000244140625,1645.300048828125,20218
2026-01-28 07:00:00,1645.0,1645.300048828125,1644.300048828125,1645.0,9600
2026-01-28 07:05:00,1645.0,1647.699951171875,1645.0,1646.0,7508
2026-01-28 07:10:00,1646.0,1647.5,1645.0,1647.0,6538
2026-01-28 07:15:00,1646.4000244140625,1651.800048828125,1646.4000244140625,1651.0999755859375,43024
2026-01-28 07:20:00,1651.0,1651.800048828125,1650.5,1651.0,16823
2026-01-28 07:25:00,1651.0,1651.5999755859375,1650.5999755859375,1651.300048828125,5894
2026-01-28 07:30:00,1651.300048828125,1651.800048828125,1650.4000244140625,1651.4000244140625,8359
2026-01-28 07:35:00,1651.0,1651.800048828125,1650.699951171875,1651.800048828125,5822
2026-01-28 07:40:00,1651.199951171875,1651.699951171875,1641.300048828125,1641.5,14692
2026-01-28 07:45:00,1641.300048828125,1642.800048828125,1639.800048828125,1642.0999755859375,6512
2026-01-28 07:50:00,1641.9000244140625,1642.699951171875,1632.9000244140625,1635.0999755859375,12668
2026-01-28 07:55:00,1634.800048828125,1637.199951171875,1633.0999755859375,1636.199951171875,13859
2026-01-28 08:00:00,1636.199951171875,1636.199951171875,1630.0,1630.300048828125,20012
2026-01-28 08:05:00,1630.0,1630.699951171875,1630.0,1630.0,6595
2026-01-28 08:10:00,1630.0,1630.9000244140625,1625.800048828125,1627.0,21834
2026-01-28 08:15:00,1626.5,1627.5999755859375,1624.0,1626.9000244140625,10764
2026-01-28 08:20:00,1626.199951171875,1631.0999755859375,1625.0,1631.0999755859375,10749
2026-01-28 08:25:00,1630.5999755859375,1632.300048828125,1627.5999755859375,1629.0999755859375,11808
2026-01-28 08:30:00,1629.0999755859375,1636.699951171875,1629.0999755859375,1635.0,17674
2026-01-28 08:35:00,1635.5,1636.0,1633.5,1634.199951171875,25901
2026-01-28 08:40:00,1634.5999755859375,1635.0,1630.0999755859375,1630.5999755859375,9783
2026-01-28 08:45:00,1630.5,1631.199951171875,1628.9000244140625,1629.800048828125,6753
2026-01-28 08:50:00,1630.0999755859375,1630.800048828125,1629.4000244140625,1630.800048828125,6815
2026-01-28 08:55:00,1630.9000244140625,1630.9000244140625,1627.0999755859375,1629.4000244140625,12160
2026-01-28 09:00:00,1630.4000244140625,1630.9000244140625,1626.9000244140625,1628.0,14416
2026-01-28 09:05:00,1627.800048828125,1630.0,1626.199951171875,1627.800048828125,17235
2026-01-28 09:10:00,1627.5,1631.0,1623.9000244140625,1631.0,19303
2026-01-28 09:15:00,1631.0,1648.800048828125,1630.699951171875,1647.5,51052
2026-01-28 09:20:00,1648.199951171875,1651.0,1646.699951171875,1646.699951171875,37389
2026-01-28 09:25:00,1648.5,1649.9000244140625,1643.9000244140625,1646.0999755859375,35332
2026-01-28 09:30:00,1647.9000244140625,1652.5,1647.9000244140625,1652.300048828125,48162
2026-01-28 09:35:00,1652.300048828125,1652.699951171875,1646.699951171875,1649.300048828125,48798
2026-01-28 09:40:00,1649.800048828125,1653.9000244140625,1648.300048828125,1651.300048828125,50898
2026-01-28 09:45:00,1652.199951171875,1656.0999755859375,1651.9000244140625,1655.4000244140625,53590
2026-01-28 09:50:00,1656.800048828125,1658.5999755859375,1651.800048828125,1653.4000244140625,56108
2026-01-28 09:55:00,1653.0,1660.699951171875,1650.0,1653.0999755859375,0
2026-01-29 03:45:00,1661.4000244140625,1661.4000244140625,1650.0,1650.4000244140625,38459
2026-01-29 03:50:00,1651.0999755859375,1652.699951171875,1647.0,1647.9000244140625,19804
2026-01-29 03:55:00,1648.0,1650.0,1645.0,1645.0,6615
2026-01-29 04:00:00,1644.800048828125,1651.300048828125,1644.5999755859375,1651.300048828125,9014
2026-01-29 04:05:00,1648.800048828125,1648.9000244140625,1640.0999755859375,1640.0999755859375,10561
2026-01-29 04:10:00,1640.5999755859375,1643.800048828125,1639.5,1640.5,7157
2026-01-29 04:15:00,1640.5,1643.699951171875,1638.800048828125,1642.5,6196
2026-01-29 04:20:00,1642.5,1642.800048828125,1633.5999755859375,1634.0,10393
2026-01-29 04:25:00,1634.0,1639.800048828125,1633.300048828125,1638.0999755859375,5673
2026-01-29 04:30:00,1639.199951171875,1641.9000244140625,1636.0,1641.0,5275
2026-01-29 04:35:00,1641.0,1641.9000244140625,1639.0999755859375,1639.699951171875,3292
2026-01-29 04:40:00,1640.0999755859375,1645.300048828125,1637.699951171875,1643.800048828125,7136
2026-01-29 04:45:00,1643.699951171875,1643.699951171875,1639.5999755859375,1642.0,4558
2026-01-29 04:50:00,1642.5,1642.5,1631.4000244140625,1636.199951171875,13003
2026-01-29 04:55:00,1636.5,1636.5,1632.0999755859375,1635.699951171875,5043
2026-01-29 05:00:00,1636.199951171875,1636.5999755859375,1634.199951171875,1634.5,3972
2026-01-29 05:05:00,1634.4000244140625,1635.0999755859375,1630.0,1631.800048828125,5830
2026-01-29 05:10:00,1631.0999755859375,1634.699951171875,1629.0999755859375,1633.0,8890
2026-01-29 05:15:00,1632.4000244140625,1635.199951171875,1632.0,1635.199951171875,7597
2026-01-29 05:20:00,1635.0,1637.4000244140625,1633.199951171875,1636.9000244140625,4194
2026-01-29 05:25:00,1636.9000244140625,1637.199951171875,1632.199951171875,1633.0999755859375,5040
2026-01-29 05:30:00,1633.4000244140625,1637.9000244140625,1633.4000244140625,1637.9000244140625,6926
2026-01-29 05:35:00,1638.0999755859375,1638.9000244140625,1636.0999755859375,1636.199951171875,4724
2026-01-29 05:40:00,1636.0999755859375,1646.300048828125,1634.699951171875,1646.0999755859375,31161
2026-01-29 05:45:00,1645.800048828125,1648.300048828125,1642.300048828125,1642.5,26695
2026-01-29 05:50:00,1642.300048828125,1645.0,1642.0999755859375,1643.699951171875,3587
2026-01-29 05:55:00,1643.199951171875,1643.199951171875,1641.0,1641.300048828125,2910
2026-01-29 06:00:00,1641.5,1644.5,1639.5999755859375,1644.5,11524
2026-01-29 06:05:00,1643.5999755859375,1644.800048828125,1643.300048828125,1644.0999755859375,2457
2026-01-29 06:10:00,1644.0999755859375,1645.0,1643.0,1643.800048828125,5164
2026-01-29 06:15:00,1643.0,1645.0,1642.300048828125,1643.800048828125,9004
2026-01-29 06:20:00,1643.800048828125,1644.5,1642.199951171875,1642.5999755859375,5410
2026-01-29 06:25:00,1642.4000244140625,1644.0,1641.5999755859375,1643.800048828125,5687
2026-01-29 06:30:00,1643.4000244140625,1643.9000244140625,1642.9000244140625,1643.9000244140625,10689
2026-01-29 06:35:00,1642.9000244140625,1643.199951171875,1640.199951171875,1641.300048828125,2974
2026-01-29 06:40:00,1641.300048828125,1641.4000244140625,1638.4000244140625,1640.199951171875,4431
2026-01-29 06:45:00,1640.0999755859375,1640.4000244140625,1634.300048828125,1634.4000244140625,5346
2026-01-29 06:50:00,1634.5999755859375,1634.699951171875,1630.0999755859375,1634.699951171875,7309
2026-01-29 06:55:00,1633.9000244140625,1634.199951171875,1631.300048828125,1632.0,2679
2026-01-29 07:00:00,1632.0,1636.4000244140625,1631.699951171875,1635.699951171875,2893
2026-01-29 07:05:00,1635.699951171875,1636.699951171875,1634.0,1634.300048828125,3687
2026-01-29 07:10:00,1635.0999755859375,1635.5999755859375,1625.199951171875,1625.4000244140625,7545
2026-01-29 07:15:00,1625.5999755859375,1628.4000244140625,1624.199951171875,1627.4000244140625,6954
2026-01-29 07:20:00,1627.5,1629.199951171875,1627.4000244140625,1629.199951171875,2866
2026-01-29 07:25:00,1629.300048828125,1631.4000244140625,1629.0,1630.300048828125,4096
2026-01-29 07:30:00,1630.300048828125,1632.300048828125,1628.5,1632.300048828125,4066
2026-01-29 07:35:00,1632.5,1637.199951171875,1632.5,1636.300048828125,5574
2026-01-29 07:40:00,1636.5,1637.0999755859375,1634.699951171875,1635.5,2581
2026-01-29 07:45:00,1635.5,1635.5999755859375,1633.4000244140625,1634.300048828125,2608
2026-01-29 07:50:00,1634.5,1635.0999755859375,1632.699951171875,1633.5999755859375,2517
2026-01-29 07:55:00,1634.0,1636.199951171875,1633.5,1633.5,2326
2026-01-29 08:00:00,1633.800048828125,1635.0999755859375,1632.0,1633.199951171875,3303
2026-01-29 08:05:00,1633.5999755859375,1637.4000244140625,1633.5999755859375,1636.9000244140625,3091
2026-01-29 08:10:00,1636.9000244140625,1636.9000244140625,1633.199951171875,1635.5999755859375,2326
2026-01-29 08:15:00,1635.5999755859375,1637.300048828125,1633.5,1635.199951171875,2173
2026-01-29 08:20:00,1635.4000244140625,1636.5999755859375,1634.5999755859375,1635.0999755859375,1740
2026-01-29 08:25:00,1635.0,1635.0999755859375,1633.5,1633.5,5901
2026-01-29 08:30:00,1633.5,1635.4000244140625,1633.4000244140625,1633.4000244140625,7887
2026-01-29 08:35:00,1633.199951171875,1633.199951171875,1629.4000244140625,1630.0,4008
2026-01-29 08:40:00,1630.0,1634.0999755859375,1629.800048828125,1633.199951171875,6560
2026-01-29 08:45:00,1633.300048828125,1635.5999755859375,1633.0,1634.0999755859375,7134
2026-01-29 08:50:00,1634.300048828125,1635.0,1633.4000244140625,1634.199951171875,4499
2026-01-29 08:55:00,1634.300048828125,1635.0,1634.0,1635.0,3911
2026-01-29 09:00:00,1635.0,1640.300048828125,1635.0,1635.0,9477
2026-01-29 09:05:00,1635.4000244140625,1636.9000244140625,1634.5,1636.9000244140625,4376
2026-01-29 09:10:00,1636.800048828125,1640.199951171875,1634.0999755859375,1638.0,25855
2026-01-29 09:15:00,1638.0,1643.199951171875,1637.0999755859375,1642.0,45747
2026-01-29 09:20:00,1642.0999755859375,1647.0999755859375,1641.0,1642.199951171875,45504
2026-01-29 09:25:00,1642.699951171875,1643.5999755859375,1640.4000244140625,1642.0999755859375,30773
2026-01-29 09:30:00,1642.9000244140625,1646.0,1641.199951171875,1643.800048828125,38135
2026-01-29 09:35:00,1644.199951171875,1646.800048828125,1644.0,1646.800048828125,39099
2026-01-29 09:40:00,1646.5999755859375,1648.9000244140625,1645.9000244140625,1646.5,37857
2026-01-29 09:45:00,1646.699951171875,1647.199951171875,1645.0999755859375,1645.0999755859375,49890
2026-01-29 09:50:00,1644.699951171875,1645.9000244140625,1643.0999755859375,1645.199951171875,40026
2026-01-29 09:55:00,1644.800048828125,1646.5999755859375,1634.300048828125,1634.300048828125,31558
2026-01-30 03:45:00,1620.199951171875,1623.4000244140625,1611.300048828125,1613.0,0
2026-01-30 03:50:00,1613.4000244140625,1619.0999755859375,1605.4000244140625,1607.5,78205
2026-01-30 03:55:00,1607.5,1615.800048828125,1607.0,1615.4000244140625,6912
2026-01-30 04:00:00,1614.9000244140625,1617.5,1612.699951171875,1617.4000244140625,5689
2026-01-30 04:05:00,1618.0,1620.0,1616.0999755859375,1617.699951171875,3466
2026-01-30 04:10:00,1616.5999755859375,1621.5,1614.0,1621.5,5109
2026-01-30 04:15:00,1621.5999755859375,1621.9000244140625,1618.300048828125,1618.800048828125,3093
2026-01-30 04:20:00,1619.199951171875,1620.300048828125,1617.4000244140625,1620.199951171875,3460
2026-01-30 04:25:00,1620.0,1620.199951171875,1608.800048828125,1610.0,64745
2026-01-30 04:30:00,1609.199951171875,1609.199951171875,1603.0999755859375,1603.0999755859375,25644
2026-01-30 04:35:00,1603.5999755859375,1603.699951171875,1595.0,1595.9000244140625,54875
2026-01-30 04:40:00,1595.800048828125,1599.0,1594.0,1597.699951171875,20901
2026-01-30 04:45:00,1597.300048828125,1598.4000244140625,1595.4000244140625,1597.199951171875,10332
2026-01-30 04:50:00,1597.0,1599.800048828125,1594.800048828125,1599.699951171875,15458
2026-01-30 04:55:00,1599.5999755859375,1600.0,1592.5999755859375,1594.4000244140625,32766
2026-01-30 05:00:00,1594.4000244140625,1597.800048828125,1594.199951171875,1595.9000244140625,8809
2026-01-30 05:05:00,1596.0,1598.0,1596.0,1598.0,7502
2026-01-30 05:10:00,1598.199951171875,1598.4000244140625,1597.199951171875,1598.0999755859375,6006
2026-01-30 05:15:00,1598.0,1598.5,1597.0,1597.800048828125,6079
2026-01-30 05:20:00,1598.199951171875,1607.9000244140625,1597.9000244140625,1604.0999755859375,267368
2026-01-30 05:25:00,1603.5,1614.4000244140625,1603.5,1611.699951171875,35083
2026-01-30 05:30:00,1611.699951171875,1613.5999755859375,1602.0,1604.0999755859375,20031
2026-01-30 05:35:00,1604.5999755859375,1608.4000244140625,1604.0,1604.800048828125,24888
2026-01-30 05:40:00,1605.5999755859375,1605.9000244140625,1601.0,1605.5999755859375,16966
2026-01-30 05:45:00,1605.0,1607.9000244140625,1604.0,1605.5999755859375,33760
2026-01-30 05:50:00,1605.800048828125,1607.699951171875,1605.0,1606.4000244140625,15606
2026-01-30 05:55:00,1606.300048828125,1610.4000244140625,1605.5999755859375,1610.0,19419
2026-01-30 06:00:00,1610.4000244140625,1613.4000244140625,1610.0,1610.300048828125,15001
2026-01-30 06:05:00,1611.5,1613.0999755859375,1607.9000244140625,1613.0,20381
2026-01-30 06:10:00,1612.9000244140625,1614.5,1610.800048828125,1612.699951171875,18958
2026-01-30 06:15:00,1612.699951171875,1614.800048828125,1610.5999755859375,1612.0,15184
2026-01-30 06:20:00,1612.300048828125,1614.0999755859375,1611.300048828125,1613.5999755859375,14867
2026-01-30 06:25:00,1613.800048828125,1615.5,1609.800048828125,1613.199951171875,15922
2026-01-30 06:30:00,1613.4000244140625,1613.4000244140625,1609.5999755859375,1609.800048828125,13091
2026-01-30 06:35:00,1611.0,1615.199951171875,1610.699951171875,1614.5999755859375,21132
2026-01-30 06:40:00,1615.4000244140625,1617.0,1614.0999755859375,1615.800048828125,9383
2026-01-30 06:45:00,1615.4000244140625,1616.699951171875,1615.0,1615.199951171875,11917
2026-01-30 06:50:00,1615.199951171875,1618.199951171875,1615.199951171875,1618.199951171875,7500
2026-01-30 06:55:00,1618.199951171875,1623.5,1618.0999755859375,1622.4000244140625,19974
2026-01-30 07:00:00,1622.0,1626.0,1620.5999755859375,1623.0,18963
2026-01-30 07:05:00,1623.0,1636.5,1623.0,1636.4000244140625,28153
2026-01-30 07:10:00,1636.4000244140625,1636.4000244140625,1630.5999755859375,1630.9000244140625,14783
2026-01-30 07:15:00,1631.0,1635.0,1631.0,1634.0,11634
2026-01-30 07:20:00,1633.699951171875,1640.199951171875,1632.9000244140625,1640.0999755859375,21467
2026-01-30 07:25:00,1639.9000244140625,1641.300048828125,1636.5999755859375,1640.0999755859375,12543
2026-01-30 07:30:00,1640.0999755859375,1642.800048828125,1637.0,1637.800048828125,16302
2026-01-30 07:35:00,1637.800048828125,1638.699951171875,1634.5999755859375,1634.5999755859375,4675
2026-01-30 07:40:00,1634.9000244140625,1635.199951171875,1634.0999755859375,1635.0,10891
2026-01-30 07:45:00,1634.9000244140625,1634.9000244140625,1631.5,1633.0999755859375,12324
2026-01-30 07:50:00,1633.0999755859375,1636.5,1633.0,1636.300048828125,2305
2026-01-30 07:55:00,1636.300048828125,1637.300048828125,1635.5,1636.0999755859375,3687
2026-01-30 08:00:00,1636.5999755859375,1641.5999755859375,1636.5999755859375,1641.5,7303
2026-01-30 08:05:00,1641.5,1641.5,1639.0999755859375,1640.9000244140625,9891
2026-01-30 08:10:00,1641.4000244140625,1643.800048828125,1640.9000244140625,1641.5999755859375,17835
2026-01-30 08:15:00,1641.800048828125,1642.699951171875,1638.4000244140625,1641.5999755859375,6144
2026-01-30 08:20:00,1641.199951171875,1644.9000244140625,1640.800048828125,1644.5,12543
2026-01-30 08:25:00,1645.4000244140625,1651.5,1645.4000244140625,1650.300048828125,18438
2026-01-30 08:30:00,1650.699951171875,1654.0999755859375,1645.199951171875,1653.5,7121
2026-01-30 08:35:00,1653.0999755859375,1656.0,1652.5999755859375,1653.199951171875,7830
2026-01-30 08:40:00,1653.199951171875,1656.0,1652.4000244140625,1652.9000244140625,6121
2026-01-30 08:45:00,1650.5,1653.199951171875,1650.199951171875,1652.699951171875,3795
2026-01-30 08:50:00,1652.699951171875,1653.0,1650.4000244140625,1652.4000244140625,5824
2026-01-30 08:55:00,1652.5,1653.0,1649.800048828125,1651.0999755859375,5005
2026-01-30 09:00:00,1650.5999755859375,1651.699951171875,1648.800048828125,1650.199951171875,7314
2026-01-30 09:05:00,1649.800048828125,1658.5999755859375,1649.800048828125,1658.5,14201
2026-01-30 09:10:00,1658.5,1658.5,1650.300048828125,1652.800048828125,17387
2026-01-30 09:15:00,1652.0999755859375,1663.300048828125,1651.0,1663.300048828125,45077
2026-01-30 09:20:00,1662.699951171875,1664.4000244140625,1660.199951171875,1661.300048828125,56586
2026-01-30 09:25:00,1661.300048828125,1663.0999755859375,1657.300048828125,1659.800048828125,74102
2026-01-30 09:30:00,1658.4000244140625,1659.0999755859375,1652.300048828125,1652.5,85735
2026-01-30 09:35:00,1652.9000244140625,1655.4000244140625,1651.9000244140625,1654.800048828125,80995
2026-01-30 09:40:00,1654.800048828125,1657.199951171875,1650.0,1651.5999755859375,100404
2026-01-30 09:45:00,1651.300048828125,1657.0999755859375,1651.300048828125,1655.9000244140625,114094
2026-01-30 09:50:00,1655.4000244140625,1656.699951171875,1650.5999755859375,1653.300048828125,120635
2026-01-30 09:55:00,1653.199951171875,1656.0,1643.0,1648.5999755859375,105509
2026-02-03 03:45:00,1625.0,1625.0,1530.0,1530.0,490460
2026-02-03 03:50:00,1529.0,1553.199951171875,1526.5,1542.4000244140625,290507
2026-02-03 03:55:00,1543.300048828125,1547.0,1524.0999755859375,1525.5,164180
2026-02-03 04:00:00,1525.0,1529.800048828125,1518.0999755859375,1521.300048828125,97371
2026-02-03 04:05:00,1521.0999755859375,1523.800048828125,1507.9000244140625,1509.4000244140625,147113
2026-02-03 04:10:00,1509.699951171875,1509.699951171875,1497.5999755859375,1501.699951171875,173698
2026-02-03 04:15:00,1501.199951171875,1506.9000244140625,1496.300048828125,1506.9000244140625,92770
2026-02-03 04:20:00,1506.199951171875,1506.199951171875,1492.0999755859375,1499.5999755859375,124916
2026-02-03 04:25:00,1499.0999755859375,1508.0,1497.0,1501.9000244140625,633753
2026-02-03 04:30:00,1502.5999755859375,1511.5,1500.0,1508.0,437004
2026-02-03 04:35:00,1508.0,1528.5,1507.199951171875,1513.0,262596
2026-02-03 04:40:00,1512.0999755859375,1525.5,1510.0,1519.800048828125,268890
2026-02-03 04:45:00,1520.199951171875,1523.800048828125,1513.4000244140625,1513.4000244140625,166866
2026-02-03 04:50:00,1517.5,1520.0,1514.5,1518.5999755859375,84786
2026-02-03 04:55:00,1519.199951171875,1520.199951171875,1515.300048828125,1516.4000244140625,210421
2026-02-03 05:00:00,1517.4000244140625,1526.0999755859375,1515.4000244140625,1524.5,65873
2026-02-03 05:05:00,1525.300048828125,1529.0,1520.800048828125,1523.199951171875,203416
2026-02-03 05:10:00,1523.699951171875,1525.0,1519.0,1519.699951171875,81787
2026-02-03 05:15:00,1519.800048828125,1522.800048828125,1517.0999755859375,1520.199951171875,69709
2026-02-03 05:20:00,1520.4000244140625,1524.5999755859375,1519.199951171875,1523.199951171875,59458
2026-02-03 05:25:00,1522.5999755859375,1523.800048828125,1512.300048828125,1512.4000244140625,103235
2026-02-03 05:30:00,1512.4000244140625,1513.300048828125,1505.699951171875,1512.199951171875,100143
2026-02-03 05:35:00,1512.0999755859375,1512.300048828125,1504.4000244140625,1506.5999755859375,27715
2026-02-03 05:40:00,1506.4000244140625,1507.4000244140625,1500.5999755859375,1500.5999755859375,46450
2026-02-03 05:45:00,1500.9000244140625,1507.4000244140625,1499.0999755859375,1504.199951171875,74095
2026-02-03 05:50:00,1504.0999755859375,1505.199951171875,1500.4000244140625,1504.300048828125,28624
2026-02-03 05:55:00,1504.4000244140625,1507.0,1498.0999755859375,1502.0,549485
2026-02-03 06:00:00,1501.800048828125,1503.9000244140625,1492.0,1493.9000244140625,333712
2026-02-03 06:05:00,1495.199951171875,1500.0,1491.0,1500.0,64747
2026-02-03 06:10:00,1499.9000244140625,1504.0,1497.4000244140625,1497.4000244140625,164042
2026-02-03 06:15:00,1498.5999755859375,1501.0,1485.5,1485.9000244140625,295756
2026-02-03 06:20:00,1486.0,1486.0,1482.0,1483.5999755859375,87057
2026-02-03 06:25:00,1483.5,1487.300048828125,1482.0,1484.300048828125,106399
2026-02-03 06:30:00,1483.5999755859375,1484.0,1475.0999755859375,1476.0,103382
2026-02-03 06:35:00,1475.9000244140625,1477.300048828125,1471.9000244140625,1474.0999755859375,122361
2026-02-03 06:40:00,1474.300048828125,1479.300048828125,1472.699951171875,1479.300048828125,63401
2026-02-03 06:45:00,1478.5,1499.0,1478.5,1497.800048828125,327638
2026-02-03 06:50:00,1497.800048828125,1499.5999755859375,1488.199951171875,1489.0,85821
2026-02-03 06:55:00,1489.4000244140625,1489.5,1483.300048828125,1487.4000244140625,110935
2026-02-03 07:00:00,1487.0,1499.800048828125,1484.0999755859375,1496.300048828125,247010
2026-02-03 07:05:00,1495.9000244140625,1495.9000244140625,1490.199951171875,1493.699951171875,42600
2026-02-03 07:10:00,1493.5,1497.800048828125,1489.5999755859375,1491.0,94389
2026-02-03 07:15:00,1490.9000244140625,1494.9000244140625,1485.0,1485.199951171875,101315
2026-02-03 07:20:00,1485.5999755859375,1490.0,1483.699951171875,1485.5,52161
2026-02-03 07:25:00,1486.300048828125,1489.9000244140625,1484.699951171875,1485.4000244140625,41305
2026-02-03 07:30:00,1485.699951171875,1489.199951171875,1476.4000244140625,1477.5,196321
2026-02-03 07:35:00,1477.5,1486.0,1476.5999755859375,1481.800048828125,139749
2026-02-03 07:40:00,1482.300048828125,1484.4000244140625,1478.9000244140625,1480.0999755859375,43686
2026-02-03 07:45:00,1480.4000244140625,1481.699951171875,1476.0,1476.0,63808
2026-02-03 07:50:00,1476.0999755859375,1485.199951171875,1475.199951171875,1483.199951171875,125724
2026-02-03 07:55:00,1482.800048828125,1489.800048828125,1481.300048828125,1484.199951171875,60635
2026-02-03 08:00:00,1485.0,1485.0,1475.0999755859375,1475.199951171875,129776
2026-02-03 08:05:00,1475.5,1477.199951171875,1473.4000244140625,1474.800048828125,113118
2026-02-03 08:10:00,1474.800048828125,1475.0,1469.199951171875,1474.5,124614
2026-02-03 08:15:00,1474.5,1479.0,1473.5,1477.5999755859375,74042
2026-02-03 08:20:00,1477.699951171875,1479.800048828125,1474.199951171875,1479.800048828125,67711
2026-02-03 08:25:00,1479.5,1483.9000244140625,1478.699951171875,1479.5,48822
2026-02-03 08:30:00,1479.5,1481.5999755859375,1476.699951171875,1481.0,40484
2026-02-03 08:35:00,1481.4000244140625,1482.4000244140625,1478.9000244140625,1481.699951171875,35393
2026-02-03 08:40:00,1482.0999755859375,1482.5,1477.9000244140625,1478.800048828125,44769
2026-02-03 08:45:00,1478.800048828125,1483.0,1478.199951171875,1481.4000244140625,40874
2026-02-03 08:50:00,1482.0,1482.0,1474.0999755859375,1475.0999755859375,226301
2026-02-03 08:55:00,1475.0999755859375,1475.0999755859375,1473.5,1474.199951171875,29840
2026-02-03 09:00:00,1474.0,1475.9000244140625,1473.0999755859375,1474.5,59686
2026-02-03 09:05:00,1474.5999755859375,1475.0,1474.199951171875,1474.800048828125,22656
2026-02-03 09:10:00,1474.800048828125,1474.9000244140625,1472.199951171875,1472.699951171875,32962
2026-02-03 09:15:00,1472.699951171875,1473.5,1472.300048828125,1472.699951171875,30965
2026-02-03 09:20:00,1472.699951171875,1473.0,1467.4000244140625,1469.5,125212
2026-02-03 09:25:00,1469.800048828125,1471.0,1468.0,1468.4000244140625,84569
2026-02-03 09:30:00,1468.300048828125,1473.5,1468.0,1468.9000244140625,131798
2026-02-03 09:35:00,1468.9000244140625,1470.0,1465.0,1465.300048828125,100704
2026-02-03 09:40:00,1465.0,1467.699951171875,1463.5,1466.0999755859375,93718
2026-02-03 09:45:00,1466.300048828125,1466.300048828125,1460.5999755859375,1461.199951171875,237386
2026-02-03 09:50:00,1460.5999755859375,1461.5999755859375,1457.5999755859375,1457.9000244140625,158036
2026-02-03 09:55:00,1457.199951171875,1460.0,1449.300048828125,1457.0,278403
2026-02-04 03:45:00,1462.0999755859375,1462.0999755859375,1432.9000244140625,1437.5,0
2026-02-04 03:50:00,1437.5999755859375,1444.4000244140625,1436.5,1441.300048828125,86473
2026-02-04 03:55:00,1441.9000244140625,1443.199951171875,1432.5999755859375,1441.0,69989
2026-02-04 04:00:00,1441.4000244140625,1455.699951171875,1441.4000244140625,1447.4000244140625,469053
2026-02-04 04:05:00,1446.800048828125,1448.300048828125,1437.5999755859375,1437.800048828125,103418
2026-02-04 04:10:00,1438.199951171875,1441.0999755859375,1435.5,1440.5,49442
2026-02-04 04:15:00,1441.800048828125,1442.199951171875,1438.699951171875,1440.0,96752
2026-02-04 04:20:00,1440.0,1456.9000244140625,1438.0999755859375,1453.5,204951
2026-02-04 04:25:00,1453.5,1453.5999755859375,1441.0,1442.199951171875,94666
2026-02-04 04:30:00,1441.800048828125,1446.199951171875,1438.0999755859375,1441.300048828125,55827
2026-02-04 04:35:00,1441.300048828125,1447.300048828125,1441.300048828125,1443.9000244140625,51697
2026-02-04 04:40:00,1443.9000244140625,1444.5,1439.9000244140625,1441.5999755859375,30846
2026-02-04 04:45:00,1441.699951171875,1444.699951171875,1439.300048828125,1441.199951171875,44469
2026-02-04 04:50:00,1441.199951171875,1443.5999755859375,1436.800048828125,1438.4000244140625,66057
2026-02-04 04:55:00,1438.4000244140625,1439.300048828125,1436.300048828125,1436.300048828125,24266
2026-02-04 05:00:00,1436.300048828125,1436.300048828125,1431.0999755859375,1431.0999755859375,41954
2026-02-04 05:05:00,1430.699951171875,1431.199951171875,1429.199951171875,1430.800048828125,46317
2026-02-04 05:10:00,1431.0999755859375,1435.9000244140625,1424.4000244140625,1425.300048828125,90750
2026-02-04 05:15:00,1425.199951171875,1428.199951171875,1424.0,1425.199951171875,44743
2026-02-04 05:20:00,1425.199951171875,1427.4000244140625,1424.199951171875,1426.199951171875,65240
2026-02-04 05:25:00,1426.199951171875,1430.0,1425.800048828125,1428.0999755859375,49844
2026-02-04 05:30:00,1428.0999755859375,1434.0999755859375,1427.0,1431.4000244140625,58657
2026-02-04 05:35:00,1431.300048828125,1431.699951171875,1425.300048828125,1425.300048828125,35298
2026-02-04 05:40:00,1425.5,1425.5,1422.800048828125,1424.300048828125,50997
2026-02-04 05:45:00,1424.4000244140625,1426.800048828125,1422.800048828125,1426.4000244140625,32939
2026-02-04 05:50:00,1426.300048828125,1429.199951171875,1424.5,1424.699951171875,32850
2026-02-04 05:55:00,1424.699951171875,1427.5,1423.300048828125,1423.300048828125,38283
2026-02-04 06:00:00,1423.300048828125,1424.9000244140625,1421.4000244140625,1423.5,38015
2026-02-04 06:05:00,1423.5,1424.4000244140625,1421.800048828125,1422.0999755859375,29153
2026-02-04 06:10:00,1422.0999755859375,1425.5999755859375,1422.0999755859375,1425.199951171875,48866
2026-02-04 06:15:00,1425.199951171875,1425.800048828125,1421.0999755859375,1422.300048828125,30450
2026-02-04 06:20:00,1422.300048828125,1425.5,1421.0999755859375,1425.0999755859375,31768
2026-02-04 06:25:00,1425.0999755859375,1426.199951171875,1423.0999755859375,1425.5,59319
2026-02-04 06:30:00,1425.4000244140625,1432.300048828125,1425.4000244140625,1428.5,89911
2026-02-04 06:35:00,1428.5,1439.9000244140625,1427.5999755859375,1438.9000244140625,192526
2026-02-04 06:40:00,1438.5999755859375,1451.0,1436.0,1445.0,382732
2026-02-04 06:45:00,1445.0,1446.0,1434.9000244140625,1437.800048828125,123701
2026-02-04 06:50:00,1438.300048828125,1441.699951171875,1434.5,1437.0999755859375,62132
2026-02-04 06:55:00,1437.199951171875,1438.5,1433.5999755859375,1433.5999755859375,55805
2026-02-04 07:00:00,1433.5999755859375,1436.199951171875,1431.0999755859375,1432.0,95932
2026-02-04 07:05:00,1432.0999755859375,1433.300048828125,1429.5999755859375,1432.0999755859375,48240
2026-02-04 07:10:00,1432.0999755859375,1435.800048828125,1430.5999755859375,1434.199951171875,45363
2026-02-04 07:15:00,1434.5999755859375,1436.5,1432.800048828125,1434.300048828125,39819
2026-02-04 07:20:00,1434.199951171875,1436.199951171875,1432.9000244140625,1436.0999755859375,27117
2026-02-04 07:25:00,1436.0999755859375,1437.800048828125,1432.5999755859375,1433.199951171875,43832
2026-02-04 07:30:00,1433.199951171875,1434.5999755859375,1431.4000244140625,1432.5,24009
2026-02-04 07:35:00,1432.5,1435.0,1432.5,1434.9000244140625,25203
2026-02-04 07:40:00,1434.800048828125,1439.9000244140625,1434.4000244140625,1434.699951171875,46545
2026-02-04 07:45:00,1434.699951171875,1435.9000244140625,1433.199951171875,1434.199951171875,25498
2026-02-04 07:50:00,1434.199951171875,1435.300048828125,1431.5,1434.0999755859375,37352
2026-02-04 07:55:00,1434.199951171875,1434.699951171875,1428.0999755859375,1429.0999755859375,169101
2026-02-04 08:00:00,1429.0999755859375,1430.699951171875,1426.5999755859375,1429.699951171875,52722
2026-02-04 08:05:00,1429.5999755859375,1431.5999755859375,1429.199951171875,1430.0999755859375,46820
2026-02-04 08:10:00,1430.0999755859375,1433.5999755859375,1429.5,1432.199951171875,55630
2026-02-04 08:15:00,1432.199951171875,1435.4000244140625,1430.199951171875,1430.300048828125,146096
2026-02-04 08:20:00,1430.300048828125,1432.5999755859375,1430.0,1431.4000244140625,54135
2026-02-04 08:25:00,1431.4000244140625,1432.0999755859375,1430.199951171875,1431.199951171875,54883
2026-02-04 08:30:00,1431.199951171875,1431.800048828125,1425.9000244140625,1426.0,75203
2026-02-04 08:35:00,1426.0,1430.800048828125,1425.0999755859375,1429.5,106018
2026-02-04 08:40:00,1429.5999755859375,1430.5,1427.4000244140625,1427.800048828125,48032
2026-02-04 08:45:00,1428.0,1428.4000244140625,1426.0999755859375,1426.699951171875,47760
2026-02-04 08:50:00,1427.0,1434.800048828125,1426.0,1431.800048828125,127624
2026-02-04 08:55:00,1431.699951171875,1437.9000244140625,1431.699951171875,1436.300048828125,105941
2026-02-04 09:00:00,1436.0,1436.699951171875,1432.0999755859375,1433.0999755859375,419266
2026-02-04 09:05:00,1433.199951171875,1436.4000244140625,1433.199951171875,1435.4000244140625,36373
2026-02-04 09:10:00,1435.4000244140625,1437.699951171875,1434.699951171875,1435.199951171875,823950
2026-02-04 09:15:00,1436.5999755859375,1444.699951171875,1436.300048828125,1443.699951171875,135124
2026-02-04 09:20:00,1443.5999755859375,1445.5999755859375,1440.0,1440.699951171875,68228
2026-02-04 09:25:00,1440.699951171875,1442.4000244140625,1440.0,1441.0,141935
2026-02-04 09:30:00,1441.0,1445.4000244140625,1440.800048828125,1442.5999755859375,298533
2026-02-04 09:35:00,1442.5999755859375,1442.800048828125,1436.5,1438.0,292101
2026-02-04 09:40:00,1438.0,1438.9000244140625,1436.699951171875,1438.0999755859375,137338
2026-02-04 09:45:00,1438.5,1440.800048828125,1437.0,1439.0,157241
2026-02-04 09:50:00,1439.4000244140625,1440.0,1438.0,1439.0,186307
2026-02-04 09:55:00,1439.0,1443.0,1438.0,1440.0,265475
2026-02-05 03:45:00,1435.4000244140625,1444.5,1433.5999755859375,1441.9000244140625,0
2026-02-05 03:50:00,1440.5,1444.5999755859375,1435.5999755859375,1437.5,65377
2026-02-05 03:55:00,1436.9000244140625,1436.9000244140625,1428.0,1430.0,58015
2026-02-05 04:00:00,1429.9000244140625,1431.0,1424.4000244140625,1425.5,35245
2026-02-05 04:05:00,1424.9000244140625,1426.4000244140625,1424.0,1425.9000244140625,14827
2026-02-05 04:10:00,1424.800048828125,1425.4000244140625,1422.5999755859375,1422.9000244140625,15913
2026-02-05 04:15:00,1423.300048828125,1423.300048828125,1415.0,1419.0,32642
2026-02-05 04:20:00,1419.0999755859375,1422.300048828125,1417.699951171875,1417.9000244140625,15508
2026-02-05 04:25:00,1417.9000244140625,1419.5,1416.0999755859375,1419.199951171875,20803
2026-02-05 04:30:00,1418.699951171875,1419.5999755859375,1415.4000244140625,1418.5999755859375,19126
2026-02-05 04:35:00,1418.9000244140625,1418.9000244140625,1412.4000244140625,1413.0999755859375,16076
2026-02-05 04:40:00,1413.4000244140625,1418.800048828125,1413.300048828125,1418.0,36725
2026-02-05 04:45:00,1419.0,1424.9000244140625,1418.800048828125,1424.0,56217
2026-02-05 04:50:00,1424.0999755859375,1425.800048828125,1423.199951171875,1424.699951171875,39242
2026-02-05 04:55:00,1424.699951171875,1429.5999755859375,1424.0999755859375,1425.0999755859375,48354
2026-02-05 05:00:00,1425.5,1426.0,1422.699951171875,1424.0,18077
2026-02-05 05:05:00,1424.0,1430.9000244140625,1423.199951171875,1430.5,48964
2026-02-05 05:10:00,1430.5,1433.199951171875,1428.199951171875,1430.0999755859375,61417
2026-02-05 05:15:00,1430.5,1433.300048828125,1429.0,1430.300048828125,21326
2026-02-05 05:20:00,1430.0,1432.0,1426.0,1427.199951171875,16702
2026-02-05 05:25:00,1427.0999755859375,1430.199951171875,1426.699951171875,1429.699951171875,117345
2026-02-05 05:30:00,1429.699951171875,1433.4000244140625,1428.199951171875,1433.4000244140625,23500
2026-02-05 05:35:00,1434.5999755859375,1435.0,1432.199951171875,1434.0,44284
2026-02-05 05:40:00,1434.0999755859375,1434.4000244140625,1428.199951171875,1428.5,17069
2026-02-05 05:45:00,1428.9000244140625,1428.9000244140625,1425.0999755859375,1425.5,22111
2026-02-05 05:50:00,1425.800048828125,1425.800048828125,1421.0999755859375,1425.199951171875,22088
2026-02-05 05:55:00,1425.0999755859375,1426.699951171875,1423.800048828125,1424.800048828125,22938
2026-02-05 06:00:00,1424.800048828125,1426.4000244140625,1423.699951171875,1423.699951171875,55919
2026-02-05 06:05:00,1423.199951171875,1424.4000244140625,1422.0,1423.5,17074
2026-02-05 06:10:00,1423.5,1425.0,1422.5999755859375,1422.699951171875,14683
2026-02-05 06:15:00,1422.699951171875,1423.4000244140625,1420.5999755859375,1421.300048828125,18361
2026-02-05 06:20:00,1421.300048828125,1423.199951171875,1419.300048828125,1423.199951171875,24295
2026-02-05 06:25:00,1423.199951171875,1424.9000244140625,1422.800048828125,1424.300048828125,19114
2026-02-05 06:30:00,1424.300048828125,1426.199951171875,1423.9000244140625,1425.699951171875,23061
2026-02-05 06:35:00,1425.699951171875,1429.0,1425.0999755859375,1429.0,20850
2026-02-05 06:40:00,1429.5999755859375,1429.9000244140625,1425.0999755859375,1425.0999755859375,27575
2026-02-05 06:45:00,1425.4000244140625,1427.0999755859375,1424.0999755859375,1426.199951171875,23961
2026-02-05 06:50:00,1426.199951171875,1427.4000244140625,1424.300048828125,1427.4000244140625,21460
2026-02-05 06:55:00,1427.4000244140625,1428.4000244140625,1425.0,1425.9000244140625,21387
2026-02-05 07:00:00,1425.9000244140625,1428.0999755859375,1424.9000244140625,1426.699951171875,21137
2026-02-05 07:05:00,1426.699951171875,1433.199951171875,1426.5,1431.4000244140625,35257
2026-02-05 07:10:00,1431.0999755859375,1433.5999755859375,1430.199951171875,1432.699951171875,32519
2026-02-05 07:15:00,1432.699951171875,1440.9000244140625,1432.0999755859375,1438.5,45742
2026-02-05 07:20:00,1438.0,1439.9000244140625,1436.199951171875,1439.0,37537
2026-02-05 07:25:00,1439.0,1439.199951171875,1433.800048828125,1435.5999755859375,31350
2026-02-05 07:30:00,1435.5999755859375,1443.699951171875,1435.199951171875,1440.199951171875,73343
2026-02-05 07:35:00,1440.199951171875,1444.0,1439.300048828125,1440.699951171875,119308
2026-02-05 07:40:00,1440.9000244140625,1444.0,1439.699951171875,1443.0999755859375,26566
2026-02-05 07:45:00,1443.0999755859375,1505.9000244140625,1443.0999755859375,1499.5999755859375,1409898
2026-02-05 07:50:00,1499.300048828125,1519.0999755859375,1491.800048828125,1508.5999755859375,1517182
2026-02-05 07:55:00,1508.5999755859375,1520.9000244140625,1503.4000244140625,1516.9000244140625,1404006
2026-02-05 08:00:00,1516.9000244140625,1560.0,1516.9000244140625,1559.0,780765
2026-02-05 08:05:00,1559.9000244140625,1572.699951171875,1558.4000244140625,1570.5999755859375,607405
2026-02-05 08:10:00,1569.5,1572.9000244140625,1562.800048828125,1567.800048828125,375614
2026-02-05 08:15:00,1568.0,1577.300048828125,1565.699951171875,1572.4000244140625,309541
2026-02-05 08:20:00,1572.4000244140625,1575.800048828125,1550.0,1554.5,457076
2026-02-05 08:25:00,1553.4000244140625,1561.0,1550.9000244140625,1552.4000244140625,178059
2026-02-05 08:30:00,1553.0,1566.0,1550.5999755859375,1560.699951171875,237710
2026-02-05 08:35:00,1562.0999755859375,1563.0,1554.4000244140625,1560.300048828125,89752
2026-02-05 08:40:00,1561.0,1583.800048828125,1560.300048828125,1583.800048828125,1075324
2026-02-05 08:45:00,1583.800048828125,1583.800048828125,1566.5999755859375,1572.5,636078
2026-02-05 08:50:00,1573.5999755859375,1583.800048828125,1560.199951171875,1564.199951171875,679609
2026-02-05 08:55:00,1564.4000244140625,1567.4000244140625,1555.300048828125,1564.199951171875,478787
2026-02-05 09:00:00,1564.9000244140625,1567.0,1560.0,1563.5,195044
2026-02-05 09:05:00,1563.5,1573.699951171875,1563.5,1572.800048828125,252228
2026-02-05 09:10:00,1572.5999755859375,1572.5999755859375,1559.800048828125,1561.0999755859375,283925
2026-02-05 09:15:00,1561.9000244140625,1563.0,1555.0,1561.0,196323
2026-02-05 09:20:00,1560.9000244140625,1561.5999755859375,1550.0,1553.5,260716
2026-02-05 09:25:00,1553.5999755859375,1555.800048828125,1550.699951171875,1551.0,85584
2026-02-05 09:30:00,1551.699951171875,1557.9000244140625,1551.699951171875,1557.5,148841
2026-02-05 09:35:00,1557.0999755859375,1558.4000244140625,1550.9000244140625,1553.800048828125,144842
2026-02-05 09:40:00,1553.9000244140625,1560.5,1551.300048828125,1558.5,192392
2026-02-05 09:45:00,1559.199951171875,1560.0999755859375,1550.9000244140625,1553.9000244140625,163469
2026-02-05 09:50:00,1554.199951171875,1557.4000244140625,1552.0999755859375,1553.199951171875,103859
2026-02-05 09:55:00,1553.9000244140625,1555.699951171875,1539.300048828125,1543.9000244140625,198021
2026-02-06 03:45:00,1510.5,1524.9000244140625,1504.9000244140625,1518.300048828125,0
2026-02-06 03:50:00,1519.199951171875,1529.199951171875,1515.699951171875,1518.800048828125,167922
2026-02-06 03:55:00,1518.800048828125,1520.800048828125,1513.800048828125,1520.5,65078
2026-02-06 04:00:00,1519.4000244140625,1519.5999755859375,1504.4000244140625,1515.5999755859375,110121
2026-02-06 04:05:00,1515.5,1516.800048828125,1501.0999755859375,1505.5,95782
2026-02-06 04:10:00,1504.9000244140625,1508.4000244140625,1498.699951171875,1500.9000244140625,86645
2026-02-06 04:15:00,1500.4000244140625,1505.4000244140625,1498.0,1503.199951171875,250200
2026-02-06 04:20:00,1502.800048828125,1504.0,1499.5,1501.300048828125,95831
2026-02-06 04:25:00,1503.0,1509.800048828125,1498.9000244140625,1508.300048828125,91938
2026-02-06 04:30:00,1508.800048828125,1508.800048828125,1496.9000244140625,1503.4000244140625,55265
2026-02-06 04:35:00,1502.699951171875,1510.4000244140625,1501.0,1508.300048828125,52623
2026-02-06 04:40:00,1507.9000244140625,1511.699951171875,1504.0999755859375,1511.5,43401
2026-02-06 04:45:00,1511.5,1523.5999755859375,1509.4000244140625,1518.5999755859375,994964
2026-02-06 04:50:00,1519.0,1524.0,1517.699951171875,1519.9000244140625,46246
2026-02-06 04:55:00,1520.0,1525.0,1520.0,1522.300048828125,45392
2026-02-06 05:00:00,1522.300048828125,1540.699951171875,1521.0999755859375,1533.300048828125,103194
2026-02-06 05:05:00,1533.5,1535.300048828125,1529.5,1534.5,60629
2026-02-06 05:10:00,1534.5,1537.0,1530.699951171875,1533.699951171875,49943
2026-02-06 05:15:00,1533.5999755859375,1537.800048828125,1532.199951171875,1537.699951171875,46553
2026-02-06 05:20:00,1537.800048828125,1540.0,1532.699951171875,1536.5999755859375,109170
2026-02-06 05:25:00,1536.5999755859375,1539.9000244140625,1534.800048828125,1535.0999755859375,98832
2026-02-06 05:30:00,1535.199951171875,1536.0999755859375,1526.800048828125,1534.800048828125,78936
2026-02-06 05:35:00,1534.800048828125,1535.0,1528.0,1529.5,37122
2026-02-06 05:40:00,1529.5,1529.699951171875,1523.300048828125,1526.5999755859375,57074
2026-02-06 05:45:00,1526.5,1529.5,1522.5999755859375,1525.0,60031
2026-02-06 05:50:00,1525.4000244140625,1528.300048828125,1523.4000244140625,1524.800048828125,26611
2026-02-06 05:55:00,1524.5999755859375,1526.800048828125,1524.0999755859375,1526.0999755859375,34420
2026-02-06 06:00:00,1526.0,1526.4000244140625,1522.0,1523.199951171875,32572
2026-02-06 06:05:00,1522.800048828125,1530.0,1522.699951171875,1529.699951171875,64561
2026-02-06 06:10:00,1529.699951171875,1530.0,1525.800048828125,1526.0,39857
2026-02-06 06:15:00,1526.0,1529.0999755859375,1524.5999755859375,1527.0,29073
2026-02-06 06:20:00,1527.0,1529.0,1525.5999755859375,1528.5,39304
2026-02-06 06:25:00,1527.4000244140625,1530.300048828125,1526.699951171875,1529.199951171875,46133
2026-02-06 06:30:00,1529.0999755859375,1531.5,1527.4000244140625,1528.5999755859375,128918
2026-02-06 06:35:00,1528.5999755859375,1528.5999755859375,1525.199951171875,1527.5,62676
2026-02-06 06:40:00,1527.5,1534.9000244140625,1527.0,1532.300048828125,54494
2026-02-06 06:45:00,1531.9000244140625,1534.4000244140625,1529.5999755859375,1533.5,50629
2026-02-06 06:50:00,1533.699951171875,1533.9000244140625,1529.800048828125,1531.5,19498
2026-02-06 06:55:00,1531.5999755859375,1532.300048828125,1529.5,1532.0999755859375,13960
2026-02-06 07:00:00,1531.699951171875,1533.0,1529.699951171875,1532.4000244140625,29961
2026-02-06 07:05:00,1532.4000244140625,1533.4000244140625,1530.9000244140625,1532.5,15993
2026-02-06 07:10:00,1532.5,1533.699951171875,1531.0999755859375,1531.699951171875,12848
2026-02-06 07:15:00,1531.699951171875,1535.0,1531.4000244140625,1534.0,14070
2026-02-06 07:20:00,1533.9000244140625,1535.0,1531.0,1531.199951171875,31178
2026-02-06 07:25:00,1530.699951171875,1532.4000244140625,1530.0,1532.4000244140625,9201
2026-02-06 07:30:00,1532.4000244140625,1532.5,1530.300048828125,1532.0,10001
2026-02-06 07:35:00,1532.5999755859375,1532.5999755859375,1530.300048828125,1531.300048828125,13011
2026-02-06 07:40:00,1531.5999755859375,1532.199951171875,1530.9000244140625,1531.0999755859375,9661
2026-02-06 07:45:00,1531.0999755859375,1532.300048828125,1530.5999755859375,1531.0,9931
2026-02-06 07:50:00,1530.800048828125,1531.5,1528.0,1529.5,28660
2026-02-06 07:55:00,1528.9000244140625,1529.199951171875,1528.699951171875,1529.199951171875,4410
2026-02-06 08:00:00,1528.0999755859375,1529.0999755859375,1527.0,1528.300048828125,38276
2026-02-06 08:05:00,1528.300048828125,1529.699951171875,1526.5,1529.300048828125,25716
2026-02-06 08:10:00,1529.699951171875,1529.699951171875,1528.300048828125,1528.699951171875,8502
2026-02-06 08:15:00,1528.699951171875,1531.199951171875,1528.0999755859375,1530.9000244140625,14083
2026-02-06 08:20:00,1530.9000244140625,1533.800048828125,1530.300048828125,1531.5,44715
2026-02-06 08:25:00,1531.4000244140625,1532.0,1529.0,1529.699951171875,25299
2026-02-06 08:30:00,1529.699951171875,1530.5999755859375,1526.0,1528.5,67600
2026-02-06 08:35:00,1528.5,1529.5999755859375,1526.800048828125,1528.699951171875,21629
2026-02-06 08:40:00,1528.699951171875,1529.699951171875,1526.0999755859375,1529.5,22790
2026-02-06 08:45:00,1529.5,1530.0,1527.5999755859375,1529.300048828125,74257
2026-02-06 08:50:00,1529.300048828125,1529.699951171875,1525.4000244140625,1526.199951171875,28506
2026-02-06 08:55:00,1526.300048828125,1527.199951171875,1525.199951171875,1527.0,15909
2026-02-06 09:00:00,1526.9000244140625,1528.699951171875,1525.800048828125,1528.699951171875,12996
2026-02-06 09:05:00,1527.9000244140625,1530.0,1526.199951171875,1530.0,36224
2026-02-06 09:10:00,1530.0,1530.0,1526.800048828125,1527.800048828125,62791
2026-02-06 09:15:00,1527.800048828125,1528.0999755859375,1525.699951171875,1526.4000244140625,17809
2026-02-06 09:20:00,1526.800048828125,1527.699951171875,1526.0,1526.0999755859375,15576
2026-02-06 09:25:00,1526.5,1528.4000244140625,1526.199951171875,1527.4000244140625,14771
2026-02-06 09:30:00,1527.4000244140625,1529.0,1526.9000244140625,1528.0,23158
2026-02-06 09:35:00,1528.199951171875,1530.0,1527.199951171875,1529.4000244140625,52788
2026-02-06 09:40:00,1530.0,1530.5999755859375,1525.5999755859375,1526.199951171875,111459
2026-02-06 09:45:00,1525.5,1526.0999755859375,1514.199951171875,1519.0,159448
2026-02-06 09:50:00,1519.800048828125,1521.4000244140625,1514.5,1520.0,92255
2026-02-06 09:55:00,1519.5999755859375,1520.0,1463.5,1485.300048828125,434559
2026-02-09 03:45:00,1512.199951171875,1563.5999755859375,1512.199951171875,1541.9000244140625,0
2026-02-09 03:50:00,1541.0,1547.699951171875,1528.800048828125,1531.199951171875,79189
2026-02-09 03:55:00,1531.800048828125,1539.5,1531.0,1534.0,28423
2026-02-09 04:00:00,1534.0,1546.0,1529.300048828125,1533.800048828125,131985
2026-02-09 04:05:00,1535.0,1549.4000244140625,1534.4000244140625,1547.699951171875,78590
2026-02-09 04:10:00,1547.0999755859375,1553.199951171875,1545.0999755859375,1549.5,29496
2026-02-09 04:15:00,1548.699951171875,1550.0999755859375,1545.0,1548.4000244140625,48781
2026-02-09 04:20:00,1548.300048828125,1550.0,1547.699951171875,1549.300048828125,9355
2026-02-09 04:25:00,1549.300048828125,1555.5,1548.0,1552.0,62647
2026-02-09 04:30:00,1552.300048828125,1552.9000244140625,1547.0999755859375,1549.300048828125,28913
2026-02-09 04:35:00,1548.9000244140625,1550.0,1543.0,1545.5,14498
2026-02-09 04:40:00,1545.5999755859375,1555.5,1545.0,1555.5,212888
2026-02-09 04:45:00,1555.5,1571.699951171875,1554.0,1567.199951171875,84255
2026-02-09 04:50:00,1567.0,1568.0,1560.5,1564.800048828125,28735
2026-02-09 04:55:00,1565.0,1567.800048828125,1561.0,1563.0999755859375,59709
2026-02-09 05:00:00,1563.0,1568.800048828125,1560.9000244140625,1561.4000244140625,21545
2026-02-09 05:05:00,1560.699951171875,1567.5,1560.0,1565.9000244140625,23808
2026-02-09 05:10:00,1565.699951171875,1566.199951171875,1563.699951171875,1564.800048828125,14545
2026-02-09 05:15:00,1565.5999755859375,1565.5999755859375,1562.5999755859375,1562.5999755859375,12289
2026-02-09 05:20:00,1562.5999755859375,1564.699951171875,1562.0,1564.300048828125,12418
2026-02-09 05:25:00,1564.0,1564.0,1556.800048828125,1558.199951171875,22194
2026-02-09 05:30:00,1556.9000244140625,1558.9000244140625,1554.800048828125,1558.0999755859375,38420
2026-02-09 05:35:00,1557.800048828125,1557.800048828125,1550.0,1555.0999755859375,29598
2026-02-09 05:40:00,1555.0999755859375,1557.699951171875,1554.699951171875,1555.5,11899
2026-02-09 05:45:00,1555.0,1555.0,1553.0,1553.0,13080
2026-02-09 05:50:00,1553.0999755859375,1556.0,1553.0,1555.9000244140625,17785
2026-02-09 05:55:00,1555.5999755859375,1559.5999755859375,1554.300048828125,1558.4000244140625,32634
2026-02-09 06:00:00,1558.5,1558.5,1548.199951171875,1551.199951171875,25667
2026-02-09 06:05:00,1551.9000244140625,1555.0,1550.4000244140625,1552.199951171875,11347
2026-02-09 06:10:00,1552.5999755859375,1554.5999755859375,1549.5999755859375,1551.5,16591
2026-02-09 06:15:00,1551.5999755859375,1551.5999755859375,1549.800048828125,1550.5,10263
2026-02-09 06:20:00,1551.0,1552.0999755859375,1548.0999755859375,1551.699951171875,22164
2026-02-09 06:25:00,1551.4000244140625,1554.199951171875,1550.699951171875,1553.9000244140625,12086
2026-02-09 06:30:00,1554.0999755859375,1554.199951171875,1552.199951171875,1553.800048828125,11508
2026-02-09 06:35:00,1554.0,1554.800048828125,1553.0,1553.699951171875,13708
2026-02-09 06:40:00,1553.800048828125,1554.699951171875,1552.5,1553.5999755859375,11873
2026-02-09 06:45:00,1554.0,1555.0,1550.5999755859375,1551.5,21608
2026-02-09 06:50:00,1551.5999755859375,1557.0,1551.5999755859375,1555.9000244140625,15085
2026-02-09 06:55:00,1555.5,1558.800048828125,1554.5,1555.5,15947
2026-02-09 07:00:00,1555.5,1556.0,1549.699951171875,1550.699951171875,21620
2026-02-09 07:05:00,1550.9000244140625,1551.800048828125,1546.5999755859375,1549.699951171875,35961
2026-02-09 07:10:00,1549.0,1552.0,1547.300048828125,1549.300048828125,28619
2026-02-09 07:15:00,1549.0,1550.5999755859375,1545.199951171875,1548.300048828125,19828
2026-02-09 07:20:00,1548.0,1550.5999755859375,1546.300048828125,1547.4000244140625,14867
2026-02-09 07:25:00,1547.5999755859375,1550.199951171875,1546.5,1549.4000244140625,16767
2026-02-09 07:30:00,1549.5999755859375,1551.0,1548.5,1548.5999755859375,17171
2026-02-09 07:35:00,1548.5999755859375,1550.800048828125,1548.5,1550.300048828125,13568
2026-02-09 07:40:00,1550.300048828125,1551.0,1549.199951171875,1549.5999755859375,11359
2026-02-09 07:45:00,1550.199951171875,1551.9000244140625,1549.5999755859375,1550.699951171875,13751
2026-02-09 07:50:00,1550.4000244140625,1551.0999755859375,1548.699951171875,1549.5,14520
2026-02-09 07:55:00,1549.5,1550.0,1548.5,1549.5999755859375,18050
2026-02-09 08:00:00,1549.5,1550.300048828125,1548.800048828125,1549.5,67303
2026-02-09 08:05:00,1549.5,1549.5,1543.300048828125,1544.5,18782
2026-02-09 08:10:00,1544.199951171875,1545.5,1543.4000244140625,1545.0,12975
2026-02-09 08:15:00,1545.0,1549.699951171875,1544.199951171875,1549.5,20019
2026-02-09 08:20:00,1549.699951171875,1549.800048828125,1548.800048828125,1549.5,37076
2026-02-09 08:25:00,1549.5,1557.699951171875,1549.5,1551.5,283103
2026-02-09 08:30:00,1552.0,1553.300048828125,1550.5999755859375,1551.9000244140625,31459
2026-02-09 08:35:00,1551.9000244140625,1551.9000244140625,1546.0,1548.5999755859375,21816
2026-02-09 08:40:00,1549.0,1552.0,1548.4000244140625,1550.5,49689
2026-02-09 08:45:00,1550.5999755859375,1551.9000244140625,1549.699951171875,1551.699951171875,20166
2026-02-09 08:50:00,1551.800048828125,1553.0,1551.4000244140625,1552.699951171875,31943
2026-02-09 08:55:00,1552.0,1554.5999755859375,1551.0999755859375,1552.0,30175
2026-02-09 09:00:00,1552.0,1552.0,1544.300048828125,1545.0999755859375,32486
2026-02-09 09:05:00,1545.0,1546.199951171875,1539.5999755859375,1540.0,28230
2026-02-09 09:10:00,1540.0,1540.0999755859375,1535.699951171875,1536.4000244140625,38441
2026-02-09 09:15:00,1536.4000244140625,1536.800048828125,1533.300048828125,1533.699951171875,33570
2026-02-09 09:20:00,1534.300048828125,1536.0,1533.199951171875,1534.0999755859375,40328
2026-02-09 09:25:00,1534.0,1534.5999755859375,1533.0999755859375,1533.9000244140625,56651
2026-02-09 09:30:00,1534.0,1536.300048828125,1532.300048828125,1533.4000244140625,67338
2026-02-09 09:35:00,1533.300048828125,1535.0,1532.300048828125,1534.4000244140625,39611
2026-02-09 09:40:00,1534.5,1535.4000244140625,1531.5999755859375,1532.5999755859375,71662
2026-02-09 09:45:00,1531.300048828125,1533.9000244140625,1531.300048828125,1533.0,46078
2026-02-09 09:50:00,1532.9000244140625,1533.0,1528.0999755859375,1530.0,123413
2026-02-09 09:55:00,1530.0,1531.199951171875,1528.0,1530.0,121114
2026-02-10 03:45:00,1548.0,1548.0,1521.0999755859375,1521.800048828125,0
2026-02-10 03:50:00,1523.9000244140625,1523.9000244140625,1509.0,1512.0,63190
2026-02-10 03:55:00,1510.9000244140625,1511.699951171875,1496.0,1496.0,123839
2026-02-10 04:00:00,1495.9000244140625,1501.0999755859375,1490.699951171875,1492.0999755859375,73291
2026-02-10 04:05:00,1492.800048828125,1496.9000244140625,1492.0999755859375,1494.9000244140625,29240
2026-02-10 04:10:00,1491.699951171875,1493.5,1486.800048828125,1490.300048828125,69052
2026-02-10 04:15:00,1490.4000244140625,1490.5,1486.0999755859375,1489.699951171875,28329
2026-02-10 04:20:00,1488.0999755859375,1490.5,1483.5,1485.0,43006
2026-02-10 04:25:00,1485.0,1486.800048828125,1481.9000244140625,1483.199951171875,26554
2026-02-10 04:30:00,1483.199951171875,1492.300048828125,1482.699951171875,1488.0999755859375,50119
2026-02-10 04:35:00,1488.0999755859375,1488.5,1481.0999755859375,1481.4000244140625,36006
2026-02-10 04:40:00,1482.0,1488.9000244140625,1481.4000244140625,1488.5999755859375,57451
2026-02-10 04:45:00,1488.699951171875,1488.800048828125,1485.0999755859375,1488.800048828125,12272
2026-02-10 04:50:00,1488.300048828125,1490.5999755859375,1487.0,1490.5,31099
2026-02-10 04:55:00,1490.0,1490.5,1484.5,1485.0,42995
2026-02-10 05:00:00,1485.0,1487.0,1484.199951171875,1486.5,9354
2026-02-10 05:05:00,1486.0,1486.699951171875,1476.300048828125,1479.0,84696
2026-02-10 05:10:00,1479.0999755859375,1481.5,1477.0999755859375,1481.5,31393
2026-02-10 05:15:00,1481.5,1484.5,1478.0,1481.4000244140625,56421
2026-02-10 05:20:00,1481.9000244140625,1481.9000244140625,1478.0,1479.199951171875,17097
2026-02-10 05:25:00,1479.0,1481.300048828125,1479.0,1479.5999755859375,26238
2026-02-10 05:30:00,1480.0,1486.5,1480.0,1485.800048828125,76176
2026-02-10 05:35:00,1486.0,1488.199951171875,1483.5,1488.199951171875,444081
2026-02-10 05:40:00,1488.199951171875,1497.0,1488.0,1489.5,158746
2026-02-10 05:45:00,1489.5,1489.699951171875,1483.5,1485.199951171875,25809
2026-02-10 05:50:00,1485.699951171875,1488.300048828125,1484.5,1486.5999755859375,58612
2026-02-10 05:55:00,1486.9000244140625,1489.9000244140625,1485.0,1488.0,256534
2026-02-10 06:00:00,1488.300048828125,1490.0,1487.0,1488.9000244140625,18652
2026-02-10 06:05:00,1488.9000244140625,1488.9000244140625,1485.0,1486.0999755859375,26774
2026-02-10 06:10:00,1486.199951171875,1486.800048828125,1485.0,1485.5999755859375,22974
2026-02-10 06:15:00,1485.0,1487.300048828125,1483.4000244140625,1485.9000244140625,197276
2026-02-10 06:20:00,1485.800048828125,1486.300048828125,1483.5999755859375,1485.300048828125,30931
2026-02-10 06:25:00,1485.9000244140625,1486.800048828125,1484.9000244140625,1485.0999755859375,20683
2026-02-10 06:30:00,1485.0999755859375,1486.4000244140625,1485.0,1485.9000244140625,12947
2026-02-10 06:35:00,1485.9000244140625,1487.0,1485.4000244140625,1485.4000244140625,71753
2026-02-10 06:40:00,1485.5999755859375,1487.0,1485.5,1486.9000244140625,18605
2026-02-10 06:45:00,1486.9000244140625,1487.0,1485.300048828125,1486.300048828125,7660
2026-02-10 06:50:00,1485.9000244140625,1487.0,1485.0,1486.800048828125,54600
2026-02-10 06:55:00,1487.0,1487.0,1485.5,1485.800048828125,11239
2026-02-10 07:00:00,1486.199951171875,1486.9000244140625,1485.5,1486.800048828125,7037
2026-02-10 07:05:00,1486.800048828125,1498.699951171875,1486.5999755859375,1494.9000244140625,63985
2026-02-10 07:10:00,1494.9000244140625,1496.4000244140625,1488.800048828125,1492.4000244140625,100867
2026-02-10 07:15:00,1492.4000244140625,1494.699951171875,1490.0,1490.5,77479
2026-02-10 07:20:00,1490.5,1491.5,1487.5,1491.199951171875,50148
2026-02-10 07:25:00,1491.699951171875,1493.5,1490.199951171875,1492.5999755859375,147813
2026-02-10 07:30:00,1492.699951171875,1493.5,1490.5999755859375,1491.800048828125,142841
2026-02-10 07:35:00,1491.800048828125,1492.800048828125,1491.0999755859375,1491.5999755859375,8063
2026-02-10 07:40:00,1491.699951171875,1492.300048828125,1490.0999755859375,1492.199951171875,21056
2026-02-10 07:45:00,1492.699951171875,1492.699951171875,1490.199951171875,1490.5999755859375,112113
2026-02-10 07:50:00,1490.4000244140625,1492.0999755859375,1490.199951171875,1490.5,28877
2026-02-10 07:55:00,1490.4000244140625,1491.5,1489.699951171875,1490.5,10401
2026-02-10 08:00:00,1490.5999755859375,1490.5999755859375,1486.300048828125,1488.800048828125,25770
2026-02-10 08:05:00,1488.800048828125,1491.5999755859375,1488.5999755859375,1491.0,11834
2026-02-10 08:10:00,1490.800048828125,1492.199951171875,1490.199951171875,1491.0999755859375,5516
2026-02-10 08:15:00,1491.199951171875,1491.5,1490.0,1490.5999755859375,6254
2026-02-10 08:20:00,1490.800048828125,1491.300048828125,1490.199951171875,1491.0,5142
2026-02-10 08:25:00,1491.0,1503.5,1490.300048828125,1502.4000244140625,80520
2026-02-10 08:30:00,1501.0,1512.5,1495.0999755859375,1511.0999755859375,227619
2026-02-10 08:35:00,1508.5999755859375,1515.0,1503.0,1511.0999755859375,199188
2026-02-10 08:40:00,1511.5,1537.800048828125,1507.300048828125,1522.300048828125,420739
2026-02-10 08:45:00,1521.0999755859375,1528.0,1513.300048828125,1519.300048828125,133459
2026-02-10 08:50:00,1519.300048828125,1521.699951171875,1516.0,1516.5999755859375,25607
2026-02-10 08:55:00,1516.9000244140625,1516.9000244140625,1506.5,1508.0999755859375,50850
2026-02-10 09:00:00,1508.199951171875,1511.0,1504.800048828125,1508.9000244140625,123375
2026-02-10 09:05:00,1509.0,1509.5999755859375,1506.199951171875,1507.199951171875,23643
2026-02-10 09:10:00,1507.5999755859375,1510.9000244140625,1501.300048828125,1510.4000244140625,44296
2026-02-10 09:15:00,1510.4000244140625,1515.5,1507.800048828125,1509.0999755859375,110875
2026-02-10 09:20:00,1509.199951171875,1510.0,1505.5,1507.0999755859375,27277
2026-02-10 09:25:00,1507.0999755859375,1510.0,1506.5,1509.199951171875,41075
2026-02-10 09:30:00,1508.9000244140625,1508.9000244140625,1503.199951171875,1504.300048828125,91104
2026-02-10 09:35:00,1504.800048828125,1504.9000244140625,1498.300048828125,1500.0,171187
2026-02-10 09:40:00,1500.0,1505.0,1500.0,1503.0,158313
2026-02-10 09:45:00,1502.4000244140625,1508.0,1500.199951171875,1507.199951171875,157030
2026-02-10 09:50:00,1507.199951171875,1509.199951171875,1503.800048828125,1509.199951171875,76725
2026-02-10 09:55:00,1509.699951171875,1517.0,1504.5999755859375,1504.5999755859375,103715
2026-02-11 03:45:00,1514.9000244140625,1529.0,1514.9000244140625,1529.0,0
2026-02-11 03:50:00,1527.0,1537.9000244140625,1522.0999755859375,1531.800048828125,72430
2026-02-11 03:55:00,1531.300048828125,1534.5,1526.0,1530.5999755859375,32477
2026-02-11 04:00:00,1530.5999755859375,1533.699951171875,1530.0,1531.4000244140625,38869
2026-02-11 04:05:00,1531.4000244140625,1531.699951171875,1527.699951171875,1528.5999755859375,43863
2026-02-11 04:10:00,1529.300048828125,1534.0999755859375,1528.800048828125,1533.699951171875,38643
2026-02-11 04:15:00,1533.699951171875,1534.800048828125,1531.0,1531.300048828125,13747
2026-02-11 04:20:00,1531.199951171875,1533.800048828125,1529.0,1533.800048828125,14507
2026-02-11 04:25:00,1534.0,1536.699951171875,1532.0,1534.800048828125,25746
2026-02-11 04:30:00,1534.199951171875,1540.4000244140625,1531.300048828125,1532.699951171875,81725
2026-02-11 04:35:00,1533.300048828125,1536.699951171875,1533.199951171875,1535.0999755859375,37805
2026-02-11 04:40:00,1535.0999755859375,1537.4000244140625,1532.5999755859375,1533.199951171875,34122
2026-02-11 04:45:00,1534.0999755859375,1536.4000244140625,1532.4000244140625,1534.9000244140625,45112
2026-02-11 04:50:00,1535.0999755859375,1538.300048828125,1534.800048828125,1538.300048828125,10776
2026-02-11 04:55:00,1535.4000244140625,1536.4000244140625,1531.800048828125,1536.0,14090
2026-02-11 05:00:00,1536.4000244140625,1538.5999755859375,1536.4000244140625,1538.4000244140625,9986
2026-02-11 05:05:00,1537.699951171875,1542.9000244140625,1537.199951171875,1540.800048828125,20773
2026-02-11 05:10:00,1540.5,1540.5,1538.9000244140625,1539.5,15003
2026-02-11 05:15:00,1539.0,1540.5,1539.0,1540.4000244140625,7390
2026-02-11 05:20:00,1540.4000244140625,1546.0,1540.0999755859375,1542.0,34778
2026-02-11 05:25:00,1541.4000244140625,1544.300048828125,1541.0999755859375,1543.300048828125,5014
2026-02-11 05:30:00,1543.699951171875,1545.199951171875,1542.199951171875,1544.5,14227
2026-02-11 05:35:00,1543.800048828125,1544.5999755859375,1541.4000244140625,1543.5,5987
2026-02-11 05:40:00,1543.800048828125,1546.0,1543.199951171875,1545.9000244140625,12279
2026-02-11 05:45:00,1546.0,1552.0,1545.0999755859375,1552.0,39450
2026-02-11 05:50:00,1552.300048828125,1554.699951171875,1548.199951171875,1548.800048828125,25470
2026-02-11 05:55:00,1548.0999755859375,1549.699951171875,1546.5,1546.5,8379
2026-02-11 06:00:00,1546.0,1546.800048828125,1542.199951171875,1546.0,23693
2026-02-11 06:05:00,1546.4000244140625,1549.5999755859375,1546.4000244140625,1549.5,12229
2026-02-11 06:10:00,1549.0999755859375,1549.9000244140625,1547.0999755859375,1548.5999755859375,9571
2026-02-11 06:15:00,1548.5,1549.5,1547.199951171875,1547.800048828125,6852
2026-02-11 06:20:00,1547.699951171875,1547.699951171875,1543.9000244140625,1544.4000244140625,5818
2026-02-11 06:25:00,1544.0,1549.0999755859375,1544.0,1548.0999755859375,28193
2026-02-11 06:30:00,1548.0,1548.0,1546.4000244140625,1547.0,5119
2026-02-11 06:35:00,1547.0,1547.800048828125,1545.4000244140625,1546.800048828125,5539
2026-02-11 06:40:00,1547.0,1548.4000244140625,1546.0,1547.199951171875,6970
2026-02-11 06:45:00,1546.699951171875,1546.699951171875,1541.199951171875,1543.0,25009
2026-02-11 06:50:00,1543.5,1546.5999755859375,1543.199951171875,1546.0999755859375,13673
2026-02-11 06:55:00,1546.0999755859375,1547.800048828125,1544.5999755859375,1545.5,11258
2026-02-11 07:00:00,1545.699951171875,1545.699951171875,1544.300048828125,1545.5999755859375,4749
2026-02-11 07:05:00,1545.5999755859375,1550.5,1545.0999755859375,1549.0999755859375,17916
2026-02-11 07:10:00,1548.9000244140625,1550.4000244140625,1547.5999755859375,1548.5,11439
2026-02-11 07:15:00,1548.5,1549.800048828125,1546.300048828125,1549.0,14637
2026-02-11 07:20:00,1549.0999755859375,1549.5999755859375,1547.5999755859375,1548.699951171875,8431
2026-02-11 07:25:00,1548.699951171875,1550.699951171875,1548.199951171875,1549.5,8281
2026-02-11 07:30:00,1549.5,1550.0,1544.9000244140625,1547.9000244140625,23854
2026-02-11 07:35:00,1547.9000244140625,1549.699951171875,1545.0,1545.0,10011
2026-02-11 07:40:00,1544.800048828125,1547.699951171875,1544.800048828125,1546.9000244140625,6540
2026-02-11 07:45:00,1547.0999755859375,1548.800048828125,1546.199951171875,1548.800048828125,7636
2026-02-11 07:50:00,1549.0999755859375,1554.0,1547.5,1550.0,23377
2026-02-11 07:55:00,1550.800048828125,1553.5,1550.0,1552.4000244140625,11459
2026-02-11 08:00:00,1552.4000244140625,1553.0,1551.4000244140625,1553.0,5081
2026-02-11 08:05:00,1553.0,1554.9000244140625,1552.9000244140625,1554.0,9973
2026-02-11 08:10:00,1554.0,1554.4000244140625,1552.5999755859375,1552.5999755859375,6554
2026-02-11 08:15:00,1552.5999755859375,1553.699951171875,1551.0,1552.4000244140625,8545
2026-02-11 08:20:00,1552.300048828125,1553.0999755859375,1551.300048828125,1552.0,4951
2026-02-11 08:25:00,1552.800048828125,1554.0,1552.699951171875,1553.5999755859375,4583
2026-02-11 08:30:00,1553.0,1555.800048828125,1552.5999755859375,1555.0,17553
2026-02-11 08:35:00,1555.0,1556.5999755859375,1555.0,1556.0,9882
2026-02-11 08:40:00,1556.0999755859375,1559.699951171875,1556.0999755859375,1559.699951171875,16403
2026-02-11 08:45:00,1559.699951171875,1562.0,1558.300048828125,1559.0,25344
2026-02-11 08:50:00,1559.699951171875,1559.699951171875,1554.300048828125,1555.0999755859375,25692
2026-02-11 08:55:00,1555.0999755859375,1557.699951171875,1552.5999755859375,1556.800048828125,30812
2026-02-11 09:00:00,1556.699951171875,1557.0,1556.0,1556.5,9033
2026-02-11 09:05:00,1556.5,1557.0,1555.300048828125,1556.199951171875,9478
2026-02-11 09:10:00,1555.800048828125,1556.300048828125,1553.0,1554.300048828125,12290
2026-02-11 09:15:00,1554.300048828125,1554.300048828125,1553.0,1553.5,10191
2026-02-11 09:20:00,1553.5,1555.300048828125,1553.5,1554.0999755859375,13184
2026-02-11 09:25:00,1554.199951171875,1557.300048828125,1553.300048828125,1554.0,27299
2026-02-11 09:30:00,1554.0,1559.5999755859375,1554.0,1556.0,42834
2026-02-11 09:35:00,1556.4000244140625,1557.9000244140625,1553.4000244140625,1554.199951171875,29981
2026-02-11 09:40:00,1554.0999755859375,1555.9000244140625,1552.300048828125,1554.5,30961
2026-02-11 09:45:00,1555.0,1556.9000244140625,1555.0,1555.800048828125,35397
2026-02-11 09:50:00,1555.5999755859375,1555.800048828125,1550.199951171875,1550.9000244140625,40444
2026-02-11 09:55:00,1550.9000244140625,1554.5999755859375,1550.0,1554.5999755859375,47719
2026-02-12 03:45:00,1541.4000244140625,1544.5,1537.5999755859375,1537.5999755859375,0
2026-02-12 03:50:00,1537.0,1542.0,1531.0,1531.0999755859375,32508
2026-02-12 03:55:00,1530.5,1532.5999755859375,1528.0999755859375,1530.5,24505
2026-02-12 04:00:00,1531.0,1538.9000244140625,1530.5999755859375,1536.800048828125,14010
2026-02-12 04:05:00,1537.0,1537.0,1531.5,1532.0999755859375,10142
2026-02-12 04:10:00,1531.699951171875,1533.0999755859375,1528.699951171875,1529.0,6639
2026-02-12 04:15:00,1528.800048828125,1532.4000244140625,1526.199951171875,1532.300048828125,11761
2026-02-12 04:20:00,1532.300048828125,1537.0,1530.5999755859375,1536.0,13005
2026-02-12 04:25:00,1535.9000244140625,1539.0,1535.0,1538.0,12114
2026-02-12 04:30:00,1537.699951171875,1538.0,1535.699951171875,1536.699951171875,3409
2026-02-12 04:35:00,1536.800048828125,1538.0,1533.699951171875,1535.0,10065
2026-02-12 04:40:00,1534.9000244140625,1537.0,1533.0999755859375,1533.300048828125,4248
2026-02-12 04:45:00,1533.800048828125,1542.0,1533.800048828125,1542.0,11968
2026-02-12 04:50:00,1541.5,1543.5999755859375,1540.800048828125,1542.199951171875,6350
2026-02-12 04:55:00,1541.800048828125,1543.800048828125,1539.0999755859375,1539.5,5980
2026-02-12 05:00:00,1540.4000244140625,1541.5,1538.4000244140625,1540.199951171875,5867
2026-02-12 05:05:00,1540.199951171875,1541.5,1537.300048828125,1540.4000244140625,90616
2026-02-12 05:10:00,1540.4000244140625,1543.0999755859375,1540.0,1541.199951171875,6295
2026-02-12 05:15:00,1541.300048828125,1543.300048828125,1540.5,1542.0999755859375,10464
2026-02-12 05:20:00,1542.0999755859375,1543.5,1542.0999755859375,1543.0,10935
2026-02-12 05:25:00,1543.0,1544.5999755859375,1540.0999755859375,1540.0999755859375,8893
2026-02-12 05:30:00,1540.0999755859375,1541.9000244140625,1540.0,1540.5,7308
2026-02-12 05:35:00,1540.4000244140625,1542.199951171875,1540.0,1540.5,9618
2026-02-12 05:40:00,1540.4000244140625,1541.5,1540.0,1540.0,3599
2026-02-12 05:45:00,1540.0999755859375,1540.9000244140625,1539.5,1540.0,38359
2026-02-12 05:50:00,1540.0,1540.199951171875,1534.4000244140625,1535.5,21918
2026-02-12 05:55:00,1535.300048828125,1535.5,1532.0999755859375,1532.199951171875,18440
2026-02-12 06:00:00,1532.699951171875,1533.800048828125,1530.5,1531.800048828125,10890
2026-02-12 06:05:00,1531.9000244140625,1535.0,1531.300048828125,1535.0,6636
2026-02-12 06:10:00,1535.0,1536.300048828125,1534.0,1535.800048828125,4854
2026-02-12 06:15:00,1535.4000244140625,1538.9000244140625,1535.199951171875,1537.5,9508
2026-02-12 06:20:00,1536.9000244140625,1538.199951171875,1536.300048828125,1537.699951171875,5643
2026-02-12 06:25:00,1537.0999755859375,1539.9000244140625,1536.9000244140625,1539.5999755859375,4449
2026-02-12 06:30:00,1539.5,1541.699951171875,1537.5999755859375,1541.0999755859375,14981
2026-02-12 06:35:00,1541.0999755859375,1544.699951171875,1540.699951171875,1544.300048828125,6040
2026-02-12 06:40:00,1544.300048828125,1548.0999755859375,1544.0,1547.9000244140625,10420
2026-02-12 06:45:00,1547.5,1551.9000244140625,1547.300048828125,1551.5,10806
2026-02-12 06:50:00,1551.300048828125,1557.9000244140625,1550.5,1552.199951171875,27885
2026-02-12 06:55:00,1552.300048828125,1558.699951171875,1547.0999755859375,1558.699951171875,41382
2026-02-12 07:00:00,1558.5,1565.0,1558.0,1560.0,44543
2026-02-12 07:05:00,1560.0,1564.9000244140625,1559.0,1563.4000244140625,45859
2026-02-12 07:10:00,1563.0,1565.0,1561.0,1562.300048828125,41129
2026-02-12 07:15:00,1562.199951171875,1562.5999755859375,1556.0,1559.699951171875,40681
2026-02-12 07:20:00,1559.199951171875,1560.699951171875,1557.0999755859375,1559.0,18634
2026-02-12 07:25:00,1559.0,1559.4000244140625,1556.5999755859375,1556.5999755859375,10982
2026-02-12 07:30:00,1556.0999755859375,1556.4000244140625,1554.0999755859375,1555.5999755859375,11077
2026-02-12 07:35:00,1556.4000244140625,1556.5,1553.199951171875,1554.4000244140625,9495
2026-02-12 07:40:00,1554.0999755859375,1555.699951171875,1552.0,1555.5999755859375,12091
2026-02-12 07:45:00,1555.699951171875,1558.800048828125,1554.0,1556.800048828125,25286
2026-02-12 07:50:00,1557.5,1558.0999755859375,1555.9000244140625,1556.300048828125,7294
2026-02-12 07:55:00,1556.0999755859375,1562.4000244140625,1555.9000244140625,1561.0,18790
2026-02-12 08:00:00,1561.0,1562.0,1559.0,1560.300048828125,19136
2026-02-12 08:05:00,1559.9000244140625,1560.4000244140625,1557.9000244140625,1559.199951171875,13923
2026-02-12 08:10:00,1558.199951171875,1560.0,1557.199951171875,1557.199951171875,8290
2026-02-12 08:15:00,1557.199951171875,1559.0,1556.5999755859375,1556.5999755859375,8289
2026-02-12 08:20:00,1556.5999755859375,1557.0,1552.9000244140625,1553.5,17973
2026-02-12 08:25:00,1554.199951171875,1558.800048828125,1553.0999755859375,1558.0999755859375,17209
2026-02-12 08:30:00,1558.0999755859375,1558.0999755859375,1551.5,1553.300048828125,29351
2026-02-12 08:35:00,1553.4000244140625,1554.5999755859375,1551.5999755859375,1551.9000244140625,8674
2026-02-12 08:40:00,1552.0999755859375,1556.0,1552.0999755859375,1555.5999755859375,58373
2026-02-12 08:45:00,1555.5999755859375,1556.199951171875,1554.5,1556.0,5113
2026-02-12 08:50:00,1556.0,1557.9000244140625,1555.5,1557.0,8033
2026-02-12 08:55:00,1556.699951171875,1557.300048828125,1554.199951171875,1556.699951171875,7180
2026-02-12 09:00:00,1556.699951171875,1559.0,1556.300048828125,1556.300048828125,9986
2026-02-12 09:05:00,1555.699951171875,1555.699951171875,1547.4000244140625,1547.800048828125,29720
2026-02-12 09:10:00,1547.800048828125,1548.9000244140625,1546.300048828125,1548.0999755859375,14640
2026-02-12 09:15:00,1549.699951171875,1549.699951171875,1548.0,1548.800048828125,27034
2026-02-12 09:20:00,1549.199951171875,1552.699951171875,1548.800048828125,1549.699951171875,12955
2026-02-12 09:25:00,1549.699951171875,1551.9000244140625,1549.0,1551.699951171875,22851
2026-02-12 09:30:00,1551.9000244140625,1553.9000244140625,1551.0,1552.800048828125,28590
2026-02-12 09:35:00,1552.5,1555.5,1552.5,1554.4000244140625,30030
2026-02-12 09:40:00,1554.199951171875,1555.800048828125,1553.9000244140625,1554.800048828125,28319
2026-02-12 09:45:00,1554.800048828125,1556.0999755859375,1553.5,1555.9000244140625,44863
2026-02-12 09:50:00,1555.699951171875,1556.0999755859375,1550.300048828125,1552.0,51973
2026-02-12 09:55:00,1552.0,1553.300048828125,1544.4000244140625,1544.4000244140625,39924
2026-02-13 03:45:00,1536.699951171875,1537.4000244140625,1526.5,1533.0,0
2026-02-13 03:50:00,1532.0,1532.0,1525.4000244140625,1526.9000244140625,10100
2026-02-13 03:55:00,1526.5,1531.9000244140625,1526.5,1530.5999755859375,4773
2026-02-13 04:00:00,1530.0,1535.4000244140625,1528.9000244140625,1535.0999755859375,15508
2026-02-13 04:05:00,1534.9000244140625,1534.9000244140625,1528.300048828125,1531.5999755859375,7392
2026-02-13 04:10:00,1532.5999755859375,1538.4000244140625,1532.5999755859375,1537.4000244140625,6834
2026-02-13 04:15:00,1537.199951171875,1539.4000244140625,1533.5,1537.5999755859375,17054
2026-02-13 04:20:00,1537.5999755859375,1538.0,1536.800048828125,1538.0,3888
2026-02-13 04:25:00,1538.0,1538.4000244140625,1535.4000244140625,1535.5999755859375,3710
2026-02-13 04:30:00,1535.0999755859375,1544.5999755859375,1535.0999755859375,1544.5999755859375,14969
2026-02-13 04:35:00,1544.5999755859375,1544.5999755859375,1537.5999755859375,1537.5999755859375,5957
2026-02-13 04:40:00,1537.5999755859375,1537.800048828125,1534.0,1534.5,5796
2026-02-13 04:45:00,1536.0,1536.0,1531.5,1532.0999755859375,6951
2026-02-13 04:50:00,1531.5999755859375,1535.5,1531.5999755859375,1534.5,6609
2026-02-13 04:55:00,1534.4000244140625,1540.5999755859375,1533.0,1536.0,22789
2026-02-13 05:00:00,1535.9000244140625,1537.800048828125,1533.0999755859375,1533.0999755859375,23258
2026-02-13 05:05:00,1532.9000244140625,1535.0,1530.9000244140625,1534.4000244140625,9586
2026-02-13 05:10:00,1535.199951171875,1536.0999755859375,1532.0,1532.0,7975
2026-02-13 05:15:00,1532.5,1532.5,1531.199951171875,1531.5999755859375,3722
2026-02-13 05:20:00,1531.5,1532.300048828125,1526.300048828125,1527.5,13722
2026-02-13 05:25:00,1527.5,1530.199951171875,1523.5999755859375,1529.699951171875,22345
2026-02-13 05:30:00,1529.5,1529.5,1526.0,1527.699951171875,14458
2026-02-13 05:35:00,1527.9000244140625,1532.0,1527.699951171875,1531.5,12307
2026-02-13 05:40:00,1531.699951171875,1533.699951171875,1530.0999755859375,1531.0999755859375,7049
2026-02-13 05:45:00,1531.0999755859375,1534.0,1531.0999755859375,1533.9000244140625,10984
2026-02-13 05:50:00,1533.800048828125,1537.5999755859375,1532.5,1533.9000244140625,34185
2026-02-13 05:55:00,1532.699951171875,1533.5,1532.4000244140625,1533.300048828125,12131
2026-02-13 06:00:00,1533.0999755859375,1537.699951171875,1531.300048828125,1536.699951171875,35869
2026-02-13 06:05:00,1537.4000244140625,1540.699951171875,1536.800048828125,1539.300048828125,90176
2026-02-13 06:10:00,1539.699951171875,1542.4000244140625,1538.800048828125,1542.4000244140625,13941
2026-02-13 06:15:00,1542.0,1550.0999755859375,1542.0,1547.0999755859375,28522
2026-02-13 06:20:00,1547.300048828125,1552.5,1547.300048828125,1551.300048828125,16021
2026-02-13 06:25:00,1551.4000244140625,1552.699951171875,1550.0,1551.199951171875,17812
2026-02-13 06:30:00,1551.800048828125,1553.5,1550.5,1552.4000244140625,9855
2026-02-13 06:35:00,1552.5,1556.0,1550.0999755859375,1555.800048828125,19226
2026-02-13 06:40:00,1555.800048828125,1556.5,1553.300048828125,1553.5999755859375,2296
2026-02-13 06:45:00,1553.5999755859375,1555.5,1552.5,1554.0,6366
2026-02-13 06:50:00,1554.0,1554.0,1553.0,1553.300048828125,1874
2026-02-13 06:55:00,1553.300048828125,1554.0,1552.5,1553.0999755859375,9428
2026-02-13 07:00:00,1552.5999755859375,1554.0,1552.5,1553.699951171875,4843
2026-02-13 07:05:00,1553.5,1554.0,1552.5,1553.9000244140625,3410
2026-02-13 07:10:00,1553.800048828125,1554.0,1553.0,1553.0999755859375,1654
2026-02-13 07:15:00,1552.5999755859375,1552.9000244140625,1546.5,1547.5999755859375,101159
2026-02-13 07:20:00,1546.800048828125,1547.5,1544.0999755859375,1545.5999755859375,14069
2026-02-13 07:25:00,1545.199951171875,1547.5999755859375,1543.0,1544.300048828125,8224
2026-02-13 07:30:00,1543.4000244140625,1544.199951171875,1540.800048828125,1541.699951171875,10596
2026-02-13 07:35:00,1541.699951171875,1544.300048828125,1541.0999755859375,1544.199951171875,2961
2026-02-13 07:40:00,1544.199951171875,1547.4000244140625,1541.699951171875,1542.9000244140625,23300
2026-02-13 07:45:00,1542.5,1542.800048828125,1539.0,1540.5,11101
2026-02-13 07:50:00,1540.5,1540.5,1536.300048828125,1537.0999755859375,10827
2026-02-13 07:55:00,1537.0999755859375,1539.5999755859375,1537.0,1539.5999755859375,7739
2026-02-13 08:00:00,1539.5,1541.0,1538.300048828125,1540.699951171875,6253
2026-02-13 08:05:00,1540.9000244140625,1541.800048828125,1540.300048828125,1540.9000244140625,3176
2026-02-13 08:10:00,1540.4000244140625,1540.9000244140625,1537.199951171875,1539.199951171875,21842
2026-02-13 08:15:00,1538.0999755859375,1538.199951171875,1532.5999755859375,1533.0999755859375,25696
2026-02-13 08:20:00,1533.0,1534.5999755859375,1533.0,1534.300048828125,7528
2026-02-13 08:25:00,1534.4000244140625,1536.5999755859375,1534.4000244140625,1535.699951171875,7807
2026-02-13 08:30:00,1535.5999755859375,1536.5,1533.300048828125,1534.9000244140625,8290
2026-02-13 08:35:00,1534.9000244140625,1536.9000244140625,1533.0,1533.5999755859375,10955
2026-02-13 08:40:00,1533.5,1535.300048828125,1532.699951171875,1535.199951171875,10525
2026-02-13 08:45:00,1534.5,1535.0999755859375,1532.9000244140625,1533.800048828125,6200
2026-02-13 08:50:00,1533.800048828125,1535.0999755859375,1532.5999755859375,1533.4000244140625,7577
2026-02-13 08:55:00,1533.199951171875,1534.5999755859375,1532.800048828125,1533.0999755859375,8616
2026-02-13 09:00:00,1532.9000244140625,1535.5,1532.5,1533.5,16085
2026-02-13 09:05:00,1532.699951171875,1537.300048828125,1532.699951171875,1537.199951171875,17481
2026-02-13 09:10:00,1537.0,1537.0,1532.5,1532.5,105068
2026-02-13 09:15:00,1532.5,1534.0,1522.199951171875,1523.5,38441
2026-02-13 09:20:00,1523.0999755859375,1527.0,1522.699951171875,1523.5999755859375,48547
2026-02-13 09:25:00,1523.9000244140625,1526.9000244140625,1523.4000244140625,1526.9000244140625,17688
2026-02-13 09:30:00,1527.4000244140625,1527.4000244140625,1523.800048828125,1524.0,34364
2026-02-13 09:35:00,1524.0,1524.0,1519.5999755859375,1523.4000244140625,23898
2026-02-13 09:40:00,1523.199951171875,1526.0,1521.0,1521.0,25610
2026-02-13 09:45:00,1520.5999755859375,1524.0999755859375,1520.199951171875,1522.9000244140625,38831
2026-02-13 09:50:00,1523.699951171875,1526.9000244140625,1523.0,1526.4000244140625,42163
2026-02-13 09:55:00,1526.300048828125,1526.300048828125,1521.0,1522.9000244140625,50704
2026-02-16 03:45:00,1512.9000244140625,1520.0999755859375,1508.199951171875,1519.199951171875,0
2026-02-16 03:50:00,1519.5,1520.5999755859375,1513.0999755859375,1514.5,26015
2026-02-16 03:55:00,1514.4000244140625,1524.4000244140625,1512.0,1524.4000244140625,15501
2026-02-16 04:00:00,1523.800048828125,1523.800048828125,1519.0999755859375,1520.800048828125,8430
2026-02-16 04:05:00,1521.199951171875,1521.199951171875,1511.9000244140625,1514.0,10681
2026-02-16 04:10:00,1514.0,1514.4000244140625,1510.4000244140625,1511.0999755859375,7809
2026-02-16 04:15:00,1511.5,1514.0,1505.0,1505.0,12825
2026-02-16 04:20:00,1505.4000244140625,1509.5999755859375,1503.800048828125,1509.4000244140625,6598
2026-02-16 04:25:00,1511.0,1511.9000244140625,1508.5,1510.199951171875,3500
2026-02-16 04:30:00,1510.300048828125,1511.300048828125,1508.300048828125,1510.800048828125,9828
2026-02-16 04:35:00,1510.800048828125,1512.199951171875,1509.199951171875,1510.5999755859375,3163
2026-02-16 04:40:00,1510.699951171875,1511.5,1508.199951171875,1509.5999755859375,5452
2026-02-16 04:45:00,1510.5999755859375,1515.0,1509.0,1509.199951171875,159374
2026-02-16 04:50:00,1509.699951171875,1515.0,1509.300048828125,1510.0,68257
2026-02-16 04:55:00,1510.5999755859375,1517.4000244140625,1510.0,1516.199951171875,9583
2026-02-16 05:00:00,1516.300048828125,1516.699951171875,1509.0,1513.800048828125,11697
2026-02-16 05:05:00,1513.0999755859375,1517.199951171875,1507.0999755859375,1507.5,26982
2026-02-16 05:10:00,1507.0999755859375,1510.0,1507.0,1509.699951171875,56666
2026-02-16 05:15:00,1509.699951171875,1511.5999755859375,1507.4000244140625,1508.5999755859375,3038
2026-02-16 05:20:00,1508.300048828125,1509.199951171875,1506.0,1507.9000244140625,3861
2026-02-16 05:25:00,1507.699951171875,1507.699951171875,1504.199951171875,1506.0,4240
2026-02-16 05:30:00,1505.5,1506.5999755859375,1501.0999755859375,1501.0999755859375,6660
2026-02-16 05:35:00,1501.9000244140625,1503.4000244140625,1499.0,1499.300048828125,9066
2026-02-16 05:40:00,1499.5,1500.0999755859375,1496.5,1499.300048828125,12470
2026-02-16 05:45:00,1499.9000244140625,1500.0,1496.300048828125,1497.199951171875,2663
2026-02-16 05:50:00,1497.0999755859375,1499.5999755859375,1497.0,1498.699951171875,5441
2026-02-16 05:55:00,1498.699951171875,1500.0,1498.0999755859375,1499.0,5744
2026-02-16 06:00:00,1498.699951171875,1498.699951171875,1494.0,1494.9000244140625,4816
2026-02-16 06:05:00,1494.9000244140625,1497.4000244140625,1491.9000244140625,1495.699951171875,92855
2026-02-16 06:10:00,1495.5999755859375,1497.0,1494.0,1495.300048828125,2868
2026-02-16 06:15:00,1495.0999755859375,1496.5999755859375,1494.0,1495.300048828125,4416
2026-02-16 06:20:00,1495.300048828125,1506.9000244140625,1495.0,1505.300048828125,24880
2026-02-16 06:25:00,1505.300048828125,1505.300048828125,1501.5,1502.9000244140625,14982
2026-02-16 06:30:00,1503.199951171875,1506.5,1502.5999755859375,1505.0,11991
2026-02-16 06:35:00,1505.0999755859375,1506.0,1498.0,1498.800048828125,49879
2026-02-16 06:40:00,1498.9000244140625,1501.800048828125,1498.5,1500.5,5026
2026-02-16 06:45:00,1500.5,1501.4000244140625,1498.0999755859375,1501.0999755859375,3716
2026-02-16 06:50:00,1501.0999755859375,1501.0999755859375,1498.5999755859375,1499.5999755859375,2630
2026-02-16 06:55:00,1499.699951171875,1506.699951171875,1499.0,1506.699951171875,532972
2026-02-16 07:00:00,1511.5,1511.5999755859375,1501.0,1504.5999755859375,82061
2026-02-16 07:05:00,1504.800048828125,1508.4000244140625,1501.199951171875,1505.4000244140625,7851
2026-02-16 07:10:00,1505.199951171875,1506.5,1505.0,1505.800048828125,1727
2026-02-16 07:15:00,1505.199951171875,1509.699951171875,1501.5999755859375,1501.5999755859375,25225
2026-02-16 07:20:00,1501.5999755859375,1501.5999755859375,1499.0,1500.0999755859375,3464
2026-02-16 07:25:00,1499.800048828125,1501.300048828125,1498.5,1499.9000244140625,3347
2026-02-16 07:30:00,1500.0999755859375,1501.199951171875,1499.699951171875,1500.0999755859375,2104
2026-02-16 07:35:00,1500.0999755859375,1502.199951171875,1499.4000244140625,1500.300048828125,47122
2026-02-16 07:40:00,1500.9000244140625,1512.800048828125,1500.0999755859375,1507.9000244140625,138151
2026-02-16 07:45:00,1508.0,1509.199951171875,1502.5,1503.300048828125,4931
2026-02-16 07:50:00,1502.5999755859375,1506.199951171875,1501.699951171875,1502.699951171875,4434
2026-02-16 07:55:00,1502.699951171875,1506.800048828125,1502.199951171875,1504.4000244140625,10058
2026-02-16 08:00:00,1504.800048828125,1504.800048828125,1496.9000244140625,1499.5999755859375,227757
2026-02-16 08:05:00,1499.5,1499.800048828125,1497.5999755859375,1499.800048828125,9821
2026-02-16 08:10:00,1499.4000244140625,1502.800048828125,1498.699951171875,1501.300048828125,14528
2026-02-16 08:15:00,1501.300048828125,1504.0,1501.300048828125,1504.0,11064
2026-02-16 08:20:00,1504.0,1507.699951171875,1503.199951171875,1503.800048828125,29924
2026-02-16 08:25:00,1504.4000244140625,1504.9000244140625,1501.800048828125,1504.199951171875,130941
2026-02-16 08:30:00,1503.4000244140625,1507.5,1503.0999755859375,1506.5,9086
2026-02-16 08:35:00,1507.4000244140625,1509.800048828125,1505.4000244140625,1505.5999755859375,4323
2026-02-16 08:40:00,1505.9000244140625,1507.199951171875,1505.199951171875,1506.9000244140625,4382
2026-02-16 08:45:00,1507.0999755859375,1507.0999755859375,1503.5,1504.5,4798
2026-02-16 08:50:00,1504.5999755859375,1505.5,1499.300048828125,1499.5999755859375,135239
2026-02-16 08:55:00,1499.5999755859375,1501.5,1497.0,1501.199951171875,6704
2026-02-16 09:00:00,1501.800048828125,1506.0999755859375,1500.9000244140625,1502.9000244140625,39716
2026-02-16 09:05:00,1502.9000244140625,1502.9000244140625,1497.5999755859375,1497.5999755859375,35136
2026-02-16 09:10:00,1497.9000244140625,1500.5999755859375,1497.9000244140625,1499.4000244140625,5482
2026-02-16 09:15:00,1500.0999755859375,1500.9000244140625,1498.800048828125,1499.800048828125,5444
2026-02-16 09:20:00,1499.9000244140625,1499.9000244140625,1497.4000244140625,1498.800048828125,6877
2026-02-16 09:25:00,1498.800048828125,1500.699951171875,1498.5999755859375,1500.699951171875,13398
2026-02-16 09:30:00,1500.699951171875,1501.5,1499.4000244140625,1499.800048828125,49583
2026-02-16 09:35:00,1500.5999755859375,1505.0,1500.0,1504.4000244140625,33893
2026-02-16 09:40:00,1504.199951171875,1506.4000244140625,1502.9000244140625,1504.4000244140625,52277
2026-02-16 09:45:00,1503.0999755859375,1503.9000244140625,1500.0999755859375,1502.5999755859375,46693
2026-02-16 09:50:00,1502.800048828125,1504.800048828125,1501.199951171875,1504.0,42886
2026-02-16 09:55:00,1504.199951171875,1507.0,1503.199951171875,1506.199951171875,29392
2026-02-17 03:45:00,1499.0,1502.4000244140625,1495.0,1501.699951171875,0
2026-02-17 03:50:00,1502.5,1514.0999755859375,1501.5,1512.199951171875,35505
2026-02-17 03:55:00,1512.0,1512.199951171875,1502.4000244140625,1503.800048828125,40004
2026-02-17 04:00:00,1503.800048828125,1503.800048828125,1499.699951171875,1500.5,12559
2026-02-17 04:05:00,1500.800048828125,1504.9000244140625,1500.800048828125,1500.9000244140625,6734
2026-02-17 04:10:00,1500.699951171875,1503.0999755859375,1499.9000244140625,1503.0999755859375,4016
2026-02-17 04:15:00,1502.5,1504.699951171875,1502.0,1503.0,5085
2026-02-17 04:20:00,1503.0999755859375,1504.9000244140625,1501.5,1501.5,6801
2026-02-17 04:25:00,1501.300048828125,1501.300048828125,1499.5999755859375,1500.5999755859375,4726
2026-02-17 04:30:00,1500.5,1500.800048828125,1487.4000244140625,1487.9000244140625,19305
2026-02-17 04:35:00,1487.699951171875,1487.9000244140625,1481.0,1485.0,21688
2026-02-17 04:40:00,1484.5999755859375,1487.0,1481.199951171875,1482.5,20873
2026-02-17 04:45:00,1482.4000244140625,1483.0,1479.300048828125,1481.0,23443
2026-02-17 04:50:00,1481.0999755859375,1486.5,1480.0,1484.699951171875,15163
2026-02-17 04:55:00,1484.9000244140625,1492.9000244140625,1483.199951171875,1489.0,18708
2026-02-17 05:00:00,1489.0999755859375,1489.0999755859375,1484.0,1484.800048828125,13653
2026-02-17 05:05:00,1484.4000244140625,1490.5999755859375,1484.0,1488.300048828125,4822
2026-02-17 05:10:00,1488.5,1488.800048828125,1484.0999755859375,1485.0,2471
2026-02-17 05:15:00,1485.0999755859375,1486.0999755859375,1484.199951171875,1485.4000244140625,3289
2026-02-17 05:20:00,1485.300048828125,1485.5,1483.4000244140625,1485.0999755859375,5727
2026-02-17 05:25:00,1484.5999755859375,1485.0999755859375,1481.300048828125,1482.0999755859375,8928
2026-02-17 05:30:00,1482.5,1484.0999755859375,1480.0,1480.0,5794
2026-02-17 05:35:00,1480.300048828125,1486.4000244140625,1477.699951171875,1485.0999755859375,16131
2026-02-17 05:40:00,1485.5,1487.5,1484.0,1486.5999755859375,7145
2026-02-17 05:45:00,1486.9000244140625,1489.5,1486.0,1486.199951171875,18522
2026-02-17 05:50:00,1486.0,1486.0999755859375,1483.300048828125,1484.5,5986
2026-02-17 05:55:00,1484.199951171875,1485.199951171875,1483.199951171875,1484.4000244140625,3031
2026-02-17 06:00:00,1484.5999755859375,1486.4000244140625,1484.0,1485.199951171875,2452
2026-02-17 06:05:00,1485.199951171875,1487.4000244140625,1485.0999755859375,1485.9000244140625,3751
2026-02-17 06:10:00,1486.0,1487.0,1483.9000244140625,1484.0999755859375,6880
2026-02-17 06:15:00,1484.199951171875,1489.9000244140625,1484.0999755859375,1489.0999755859375,10129
2026-02-17 06:20:00,1489.0999755859375,1491.199951171875,1487.0999755859375,1490.0,23765
2026-02-17 06:25:00,1490.199951171875,1493.0,1490.0,1490.0999755859375,8597
2026-02-17 06:30:00,1490.0999755859375,1490.5,1482.0,1482.0999755859375,20767
2026-02-17 06:35:00,1482.5999755859375,1485.5,1482.300048828125,1484.800048828125,8266
2026-02-17 06:40:00,1484.300048828125,1485.0,1483.300048828125,1484.0999755859375,4160
2026-02-17 06:45:00,1484.300048828125,1485.5,1483.300048828125,1485.5,5318
2026-02-17 06:50:00,1485.4000244140625,1485.9000244140625,1481.0,1482.5,21074
2026-02-17 06:55:00,1482.800048828125,1483.800048828125,1480.5999755859375,1481.5999755859375,12737
2026-02-17 07:00:00,1481.5,1482.9000244140625,1479.9000244140625,1482.5999755859375,14785
2026-02-17 07:05:00,1482.4000244140625,1483.9000244140625,1481.9000244140625,1481.9000244140625,5459
2026-02-17 07:10:00,1482.4000244140625,1485.699951171875,1481.699951171875,1484.9000244140625,11644
2026-02-17 07:15:00,1484.0999755859375,1485.199951171875,1482.300048828125,1484.699951171875,8242
2026-02-17 07:20:00,1485.0,1488.9000244140625,1484.5,1487.9000244140625,9857
2026-02-17 07:25:00,1487.199951171875,1487.5,1483.0999755859375,1483.0999755859375,4410
2026-02-17 07:30:00,1483.9000244140625,1483.9000244140625,1482.0999755859375,1483.0,1967
2026-02-17 07:35:00,1482.5999755859375,1484.9000244140625,1481.9000244140625,1483.800048828125,6440
2026-02-17 07:40:00,1483.800048828125,1486.5999755859375,1483.800048828125,1486.4000244140625,5715
2026-02-17 07:45:00,1486.4000244140625,1489.0,1486.0999755859375,1489.0,10235
2026-02-17 07:50:00,1489.0,1493.800048828125,1489.0,1493.0,11553
2026-02-17 07:55:00,1493.199951171875,1493.199951171875,1491.0,1491.5,2929
2026-02-17 08:00:00,1491.9000244140625,1493.0,1491.300048828125,1492.4000244140625,6879
2026-02-17 08:05:00,1493.0,1498.5999755859375,1492.5999755859375,1497.9000244140625,14040
2026-02-17 08:10:00,1498.0,1499.300048828125,1497.0,1498.9000244140625,36373
2026-02-17 08:15:00,1498.800048828125,1499.4000244140625,1496.300048828125,1497.5,22001
2026-02-17 08:20:00,1497.4000244140625,1497.699951171875,1494.199951171875,1495.300048828125,7673
2026-02-17 08:25:00,1495.300048828125,1495.9000244140625,1494.0999755859375,1494.9000244140625,9943
2026-02-17 08:30:00,1494.5999755859375,1495.0,1492.5,1492.800048828125,7246
2026-02-17 08:35:00,1494.0,1497.0,1493.0,1493.0999755859375,14940
2026-02-17 08:40:00,1493.0,1493.9000244140625,1489.199951171875,1491.0,14077
2026-02-17 08:45:00,1491.0,1494.0,1490.0,1492.9000244140625,5646
2026-02-17 08:50:00,1492.4000244140625,1493.5999755859375,1491.800048828125,1492.4000244140625,5513
2026-02-17 08:55:00,1492.4000244140625,1492.9000244140625,1490.300048828125,1491.199951171875,6918
2026-02-17 09:00:00,1491.199951171875,1491.699951171875,1489.4000244140625,1489.699951171875,6014
2026-02-17 09:05:00,1489.4000244140625,1491.699951171875,1487.4000244140625,1490.9000244140625,7626
2026-02-17 09:10:00,1491.4000244140625,1491.5,1486.800048828125,1486.800048828125,11631
2026-02-17 09:15:00,1487.5,1487.699951171875,1485.199951171875,1487.0,12291
2026-02-17 09:20:00,1487.0,1489.300048828125,1486.5999755859375,1487.5999755859375,7750
2026-02-17 09:25:00,1488.4000244140625,1491.0999755859375,1486.199951171875,1490.300048828125,13693
2026-02-17 09:30:00,1490.800048828125,1494.4000244140625,1490.4000244140625,1492.9000244140625,17806
2026-02-17 09:35:00,1493.0,1493.9000244140625,1491.5999755859375,1493.699951171875,10923
2026-02-17 09:40:00,1493.5999755859375,1496.0999755859375,1493.300048828125,1496.0999755859375,20552
2026-02-17 09:45:00,1496.0999755859375,1497.199951171875,1493.9000244140625,1494.9000244140625,29793
2026-02-17 09:50:00,1494.699951171875,1496.0,1493.699951171875,1493.9000244140625,30398
2026-02-17 09:55:00,1493.9000244140625,1494.800048828125,1490.0999755859375,1494.0999755859375,19238
2026-02-18 03:45:00,1493.0999755859375,1500.0,1489.699951171875,1498.4000244140625,0
2026-02-18 03:50:00,1498.4000244140625,1505.0,1497.199951171875,1504.9000244140625,19230
2026-02-18 03:55:00,1505.5999755859375,1508.0,1503.5,1504.9000244140625,10805
2026-02-18 04:00:00,1505.5,1506.0999755859375,1504.199951171875,1506.0,3963
2026-02-18 04:05:00,1506.0,1506.0,1501.5,1504.5,4881
2026-02-18 04:10:00,1505.199951171875,1507.5,1503.0999755859375,1505.5,154408
2026-02-18 04:15:00,1505.699951171875,1507.5,1500.0999755859375,1505.0999755859375,7957
2026-02-18 04:20:00,1505.699951171875,1519.5,1504.9000244140625,1517.5,23808
2026-02-18 04:25:00,1516.4000244140625,1517.9000244140625,1507.5999755859375,1510.800048828125,20514
2026-02-18 04:30:00,1510.300048828125,1510.4000244140625,1507.300048828125,1509.0,5141
2026-02-18 04:35:00,1508.9000244140625,1510.800048828125,1507.5,1509.199951171875,5659
2026-02-18 04:40:00,1509.199951171875,1510.0,1505.5,1507.0,7426
2026-02-18 04:45:00,1507.5999755859375,1508.699951171875,1506.800048828125,1508.4000244140625,3654
2026-02-18 04:50:00,1508.4000244140625,1508.699951171875,1506.5999755859375,1508.0999755859375,2306
2026-02-18 04:55:00,1508.199951171875,1510.5999755859375,1507.699951171875,1510.0,2724
2026-02-18 05:00:00,1509.800048828125,1512.0,1507.4000244140625,1508.5,23633
2026-02-18 05:05:00,1508.5,1508.800048828125,1502.699951171875,1503.9000244140625,180655
2026-02-18 05:10:00,1503.5999755859375,1507.699951171875,1503.5,1505.5999755859375,12172
2026-02-18 05:15:00,1506.0999755859375,1506.300048828125,1500.0,1500.199951171875,5384
2026-02-18 05:20:00,1498.5999755859375,1498.5999755859375,1495.4000244140625,1498.0,4825
2026-02-18 05:25:00,1497.699951171875,1499.9000244140625,1497.300048828125,1499.4000244140625,4352
2026-02-18 05:30:00,1499.4000244140625,1500.699951171875,1499.199951171875,1499.4000244140625,5903
2026-02-18 05:35:00,1499.4000244140625,1504.300048828125,1498.4000244140625,1502.9000244140625,4965
2026-02-18 05:40:00,1503.699951171875,1508.4000244140625,1503.5999755859375,1507.4000244140625,10111
2026-02-18 05:45:00,1508.0,1508.5,1507.0,1507.199951171875,3508
2026-02-18 05:50:00,1508.0,1510.0,1505.699951171875,1506.4000244140625,12627
2026-02-18 05:55:00,1507.0,1508.5999755859375,1506.5,1507.5,2730
2026-02-18 06:00:00,1508.0,1508.5,1506.199951171875,1507.5999755859375,2917
2026-02-18 06:05:00,1506.800048828125,1507.800048828125,1505.300048828125,1506.9000244140625,1522
2026-02-18 06:10:00,1507.4000244140625,1507.4000244140625,1504.199951171875,1504.199951171875,52732
2026-02-18 06:15:00,1504.199951171875,1506.5,1501.800048828125,1502.5999755859375,58759
2026-02-18 06:20:00,1503.0999755859375,1504.4000244140625,1498.5,1500.300048828125,7886
2026-02-18 06:25:00,1500.699951171875,1501.0999755859375,1499.199951171875,1499.5,3129
2026-02-18 06:30:00,1500.0999755859375,1500.5,1498.0999755859375,1498.4000244140625,3020
2026-02-18 06:35:00,1498.9000244140625,1499.199951171875,1498.300048828125,1498.699951171875,3487
2026-02-18 06:40:00,1499.199951171875,1500.0999755859375,1498.4000244140625,1499.0,2103
2026-02-18 06:45:00,1499.4000244140625,1500.4000244140625,1495.4000244140625,1495.800048828125,7858
2026-02-18 06:50:00,1495.4000244140625,1499.0,1495.4000244140625,1498.699951171875,2336
2026-02-18 06:55:00,1498.5999755859375,1498.9000244140625,1496.0,1497.300048828125,2380
2026-02-18 07:00:00,1496.699951171875,1497.5,1495.5999755859375,1497.0,4571
2026-02-18 07:05:00,1497.699951171875,1500.0,1497.199951171875,1499.0999755859375,4168
2026-02-18 07:10:00,1499.300048828125,1499.5,1496.300048828125,1497.5999755859375,2829
2026-02-18 07:15:00,1497.800048828125,1500.0,1496.9000244140625,1499.5,13241
2026-02-18 07:20:00,1499.9000244140625,1499.9000244140625,1498.0999755859375,1498.9000244140625,3109
2026-02-18 07:25:00,1498.699951171875,1500.0,1498.5999755859375,1500.0,2646
2026-02-18 07:30:00,1500.0,1500.0,1499.0,1499.5999755859375,4597
2026-02-18 07:35:00,1499.9000244140625,1500.0,1498.800048828125,1499.0,3727
2026-02-18 07:40:00,1499.300048828125,1503.9000244140625,1499.0,1503.4000244140625,3970
2026-02-18 07:45:00,1503.9000244140625,1504.9000244140625,1498.9000244140625,1500.5,21399
2026-02-18 07:50:00,1500.5999755859375,1502.0,1500.300048828125,1501.300048828125,5161
2026-02-18 07:55:00,1501.0,1502.0999755859375,1499.199951171875,1499.9000244140625,11637
2026-02-18 08:00:00,1500.4000244140625,1500.5,1499.0999755859375,1499.5,3400
2026-02-18 08:05:00,1499.5,1500.300048828125,1498.199951171875,1498.199951171875,3804
2026-02-18 08:10:00,1498.9000244140625,1500.5,1498.199951171875,1499.5999755859375,3273
2026-02-18 08:15:00,1500.0,1503.0,1499.5999755859375,1502.5999755859375,9448
2026-02-18 08:20:00,1503.300048828125,1504.800048828125,1502.9000244140625,1503.0999755859375,8125
2026-02-18 08:25:00,1503.5,1506.5999755859375,1503.0,1506.4000244140625,5007
2026-02-18 08:30:00,1506.5,1510.800048828125,1506.0,1508.800048828125,9770
2026-02-18 08:35:00,1509.300048828125,1510.0,1503.5,1505.0,9040
2026-02-18 08:40:00,1504.800048828125,1506.300048828125,1503.300048828125,1505.0,14810
2026-02-18 08:45:00,1505.199951171875,1506.4000244140625,1505.0,1505.4000244140625,20237
2026-02-18 08:50:00,1505.4000244140625,1509.5,1505.0999755859375,1508.699951171875,10959
2026-02-18 08:55:00,1508.699951171875,1509.199951171875,1502.4000244140625,1503.0,26404
2026-02-18 09:00:00,1502.5999755859375,1503.0,1498.0,1498.800048828125,17041
2026-02-18 09:05:00,1499.0,1500.300048828125,1498.800048828125,1499.699951171875,5050
2026-02-18 09:10:00,1499.699951171875,1501.4000244140625,1499.5,1499.699951171875,18491
2026-02-18 09:15:00,1499.9000244140625,1500.9000244140625,1499.300048828125,1500.5999755859375,5427
2026-02-18 09:20:00,1501.199951171875,1501.199951171875,1499.0,1500.800048828125,6445
2026-02-18 09:25:00,1500.699951171875,1503.0,1500.300048828125,1501.800048828125,6671
2026-02-18 09:30:00,1502.199951171875,1504.9000244140625,1502.199951171875,1503.5,11423
2026-02-18 09:35:00,1503.5,1503.9000244140625,1502.300048828125,1503.0999755859375,9779
2026-02-18 09:40:00,1503.0999755859375,1503.300048828125,1502.300048828125,1502.9000244140625,10127
2026-02-18 09:45:00,1502.800048828125,1503.0999755859375,1502.0,1502.300048828125,15740
2026-02-18 09:50:00,1501.300048828125,1501.300048828125,1499.5999755859375,1500.800048828125,26874
2026-02-18 09:55:00,1500.699951171875,1506.800048828125,1500.199951171875,1504.4000244140625,33337
2026-02-19 03:45:00,1485.0,1491.9000244140625,1485.0,1485.199951171875,0
2026-02-19 03:50:00,1486.5999755859375,1493.699951171875,1484.9000244140625,1489.800048828125,21485
2026-02-19 03:55:00,1488.9000244140625,1494.4000244140625,1488.0,1494.4000244140625,16317
2026-02-19 04:00:00,1494.800048828125,1496.9000244140625,1493.300048828125,1496.300048828125,22791
2026-02-19 04:05:00,1496.199951171875,1498.800048828125,1494.699951171875,1494.699951171875,243775
2026-02-19 04:10:00,1496.300048828125,1497.5999755859375,1491.5999755859375,1494.4000244140625,103536
2026-02-19 04:15:00,1494.5999755859375,1495.4000244140625,1487.5999755859375,1490.800048828125,34635
2026-02-19 04:20:00,1491.5999755859375,1499.699951171875,1490.0,1497.800048828125,70630
2026-02-19 04:25:00,1498.0999755859375,1499.9000244140625,1495.0,1499.300048828125,81604
2026-02-19 04:30:00,1498.699951171875,1500.0,1497.300048828125,1497.699951171875,10109
2026-02-19 04:35:00,1498.0999755859375,1498.0999755859375,1493.300048828125,1494.699951171875,11178
2026-02-19 04:40:00,1495.0,1499.199951171875,1494.800048828125,1496.5,57019
2026-02-19 04:45:00,1496.4000244140625,1496.4000244140625,1493.4000244140625,1494.9000244140625,23260
2026-02-19 04:50:00,1495.800048828125,1499.5,1495.800048828125,1499.5,21394
2026-02-19 04:55:00,1499.5,1500.0999755859375,1498.5,1499.800048828125,62201
2026-02-19 05:00:00,1499.800048828125,1500.0,1498.0,1498.699951171875,136453
2026-02-19 05:05:00,1498.5,1500.0,1496.0999755859375,1497.800048828125,29807
2026-02-19 05:10:00,1497.0,1500.0,1496.300048828125,1499.9000244140625,40164
2026-02-19 05:15:00,1499.800048828125,1500.0999755859375,1496.5999755859375,1498.0,5543
2026-02-19 05:20:00,1498.0,1500.0999755859375,1498.0,1500.0,28117
2026-02-19 05:25:00,1499.9000244140625,1504.300048828125,1499.9000244140625,1503.699951171875,42618
2026-02-19 05:30:00,1503.9000244140625,1507.0,1502.0,1502.0,149371
2026-02-19 05:35:00,1502.0,1503.0,1500.300048828125,1502.300048828125,12642
2026-02-19 05:40:00,1503.0,1503.0,1500.5,1501.4000244140625,6023
2026-02-19 05:45:00,1501.300048828125,1504.4000244140625,1501.0999755859375,1503.300048828125,7004
2026-02-19 05:50:00,1503.5,1504.300048828125,1501.0,1501.300048828125,2299
2026-02-19 05:55:00,1501.4000244140625,1502.9000244140625,1495.800048828125,1495.9000244140625,11232
2026-02-19 06:00:00,1496.699951171875,1496.699951171875,1490.699951171875,1492.699951171875,5978
2026-02-19 06:05:00,1493.5,1494.0999755859375,1488.699951171875,1490.199951171875,5611
2026-02-19 06:10:00,1490.0999755859375,1491.4000244140625,1489.0999755859375,1491.0,2369
2026-02-19 06:15:00,1490.699951171875,1490.800048828125,1488.5999755859375,1490.0,5268
2026-02-19 06:20:00,1490.0,1490.0,1486.0,1487.9000244140625,2960
2026-02-19 06:25:00,1487.800048828125,1488.800048828125,1487.199951171875,1487.800048828125,1957
2026-02-19 06:30:00,1487.699951171875,1487.800048828125,1485.0,1485.4000244140625,7081
2026-02-19 06:35:00,1486.0,1486.0999755859375,1482.0,1483.0,8824
2026-02-19 06:40:00,1482.5999755859375,1490.699951171875,1482.0999755859375,1486.0,24037
2026-02-19 06:45:00,1485.5,1485.699951171875,1482.9000244140625,1485.0,2904
2026-02-19 06:50:00,1485.0,1487.5,1484.5,1487.0,3955
2026-02-19 06:55:00,1486.800048828125,1488.9000244140625,1484.5999755859375,1486.5999755859375,4836
2026-02-19 07:00:00,1487.199951171875,1487.199951171875,1484.0,1485.199951171875,2200
2026-02-19 07:05:00,1485.199951171875,1485.4000244140625,1482.199951171875,1482.199951171875,5365
2026-02-19 07:10:00,1482.5999755859375,1483.9000244140625,1480.199951171875,1482.4000244140625,8239
2026-02-19 07:15:00,1482.300048828125,1483.4000244140625,1480.0,1483.4000244140625,7362
2026-02-19 07:20:00,1482.800048828125,1486.4000244140625,1482.699951171875,1483.800048828125,4904
2026-02-19 07:25:00,1484.199951171875,1485.0,1483.199951171875,1485.0,843
2026-02-19 07:30:00,1485.0,1485.0,1482.0,1483.5,1645
2026-02-19 07:35:00,1483.5,1485.300048828125,1482.0,1485.300048828125,1489
2026-02-19 07:40:00,1485.199951171875,1485.9000244140625,1482.800048828125,1483.5999755859375,2637
2026-02-19 07:45:00,1483.5999755859375,1483.5999755859375,1480.300048828125,1483.0,3867
2026-02-19 07:50:00,1482.9000244140625,1484.300048828125,1482.800048828125,1483.5,1508
2026-02-19 07:55:00,1483.4000244140625,1483.4000244140625,1480.199951171875,1481.5999755859375,3101
2026-02-19 08:00:00,1482.0,1483.4000244140625,1477.4000244140625,1483.4000244140625,20233
2026-02-19 08:05:00,1483.4000244140625,1483.800048828125,1481.9000244140625,1482.800048828125,3134
2026-02-19 08:10:00,1482.9000244140625,1484.0,1482.5999755859375,1483.4000244140625,1690
2026-02-19 08:15:00,1483.199951171875,1483.300048828125,1479.5,1479.9000244140625,32037
2026-02-19 08:20:00,1479.9000244140625,1479.9000244140625,1476.9000244140625,1478.800048828125,4402
2026-02-19 08:25:00,1478.5999755859375,1478.800048828125,1477.0,1477.5999755859375,2872
2026-02-19 08:30:00,1477.800048828125,1478.4000244140625,1476.4000244140625,1476.4000244140625,3704
2026-02-19 08:35:00,1476.4000244140625,1478.9000244140625,1475.9000244140625,1478.9000244140625,5506
2026-02-19 08:40:00,1479.0999755859375,1479.5999755859375,1477.800048828125,1478.800048828125,1376
2026-02-19 08:45:00,1478.699951171875,1480.0,1477.9000244140625,1479.5999755859375,3277
2026-02-19 08:50:00,1479.699951171875,1480.4000244140625,1477.699951171875,1478.4000244140625,2733
2026-02-19 08:55:00,1478.0999755859375,1478.0999755859375,1475.4000244140625,1476.5,3104
2026-02-19 09:00:00,1476.5,1478.9000244140625,1476.5,1478.699951171875,2217
2026-02-19 09:05:00,1478.4000244140625,1478.9000244140625,1477.0999755859375,1478.4000244140625,3505
2026-02-19 09:10:00,1477.800048828125,1478.4000244140625,1475.4000244140625,1475.800048828125,3303
2026-02-19 09:15:00,1474.5,1477.0999755859375,1473.5,1475.0999755859375,14480
2026-02-19 09:20:00,1475.300048828125,1477.9000244140625,1475.199951171875,1477.9000244140625,4372
2026-02-19 09:25:00,1477.199951171875,1480.0,1475.9000244140625,1477.4000244140625,7850
2026-02-19 09:30:00,1476.699951171875,1476.699951171875,1470.4000244140625,1470.800048828125,10506
2026-02-19 09:35:00,1470.9000244140625,1470.9000244140625,1462.5,1467.5999755859375,24656
2026-02-19 09:40:00,1467.9000244140625,1467.9000244140625,1461.699951171875,1462.800048828125,20402
2026-02-19 09:45:00,1464.0,1470.0,1462.5999755859375,1463.800048828125,33763
2026-02-19 09:50:00,1464.0,1465.800048828125,1460.300048828125,1464.0,43277
2026-02-19 09:55:00,1463.800048828125,1468.0,1461.4000244140625,1464.5,42041
2026-02-20 03:45:00,1475.199951171875,1504.0,1475.199951171875,1495.0999755859375,0
2026-02-20 03:50:00,1495.699951171875,1502.699951171875,1493.4000244140625,1501.699951171875,81545
2026-02-20 03:55:00,1500.5,1501.5,1496.0,1497.0999755859375,60510
2026-02-20 04:00:00,1496.800048828125,1504.699951171875,1495.5999755859375,1503.9000244140625,66905
2026-02-20 04:05:00,1504.5999755859375,1508.0,1500.9000244140625,1503.0,39943
2026-02-20 04:10:00,1502.0,1505.5999755859375,1501.0,1504.5,12972
2026-02-20 04:15:00,1504.199951171875,1505.800048828125,1501.4000244140625,1504.0,22704
2026-02-20 04:20:00,1505.0,1506.9000244140625,1501.5999755859375,1502.0,24788
2026-02-20 04:25:00,1502.4000244140625,1505.0999755859375,1499.199951171875,1503.4000244140625,29235
2026-02-20 04:30:00,1503.5999755859375,1504.5,1496.5,1499.9000244140625,55370
2026-02-20 04:35:00,1499.4000244140625,1504.800048828125,1499.4000244140625,1501.199951171875,64701
2026-02-20 04:40:00,1501.199951171875,1502.0,1496.300048828125,1499.5,30574
2026-02-20 04:45:00,1500.0,1504.9000244140625,1499.800048828125,1504.5,32716
2026-02-20 04:50:00,1504.0,1505.0,1503.0999755859375,1504.699951171875,21393
2026-02-20 04:55:00,1504.9000244140625,1507.800048828125,1501.0,1502.0999755859375,27663
2026-02-20 05:00:00,1501.5999755859375,1505.0999755859375,1501.0999755859375,1501.0999755859375,16446
2026-02-20 05:05:00,1501.199951171875,1503.4000244140625,1500.0,1502.4000244140625,14600
2026-02-20 05:10:00,1502.5999755859375,1507.0999755859375,1500.5999755859375,1507.0,21801
2026-02-20 05:15:00,1507.0999755859375,1512.9000244140625,1507.0999755859375,1509.699951171875,171439
2026-02-20 05:20:00,1510.0999755859375,1510.800048828125,1505.800048828125,1507.0,29883
2026-02-20 05:25:00,1506.4000244140625,1509.5999755859375,1505.0,1506.5,19628
2026-02-20 05:30:00,1506.5,1510.699951171875,1505.0,1506.9000244140625,31220
2026-02-20 05:35:00,1506.9000244140625,1507.9000244140625,1503.0,1503.5,12894
2026-02-20 05:40:00,1503.9000244140625,1506.199951171875,1501.0,1502.4000244140625,13187
2026-02-20 05:45:00,1501.800048828125,1503.9000244140625,1501.800048828125,1503.0,5509
2026-02-20 05:50:00,1503.0,1503.4000244140625,1500.0,1500.300048828125,9515
2026-02-20 05:55:00,1500.0,1501.699951171875,1496.5999755859375,1499.5,30508
2026-02-20 06:00:00,1499.4000244140625,1502.800048828125,1498.4000244140625,1502.800048828125,17110
2026-02-20 06:05:00,1502.800048828125,1506.800048828125,1502.0,1505.5,15047
2026-02-20 06:10:00,1505.5,1507.800048828125,1505.0,1506.199951171875,13476
2026-02-20 06:15:00,1505.300048828125,1507.800048828125,1505.300048828125,1506.5,16572
2026-02-20 06:20:00,1506.5,1506.5,1504.0,1504.0,31016
2026-02-20 06:25:00,1504.4000244140625,1505.0,1498.699951171875,1499.4000244140625,17726
2026-02-20 06:30:00,1499.5,1500.0999755859375,1497.0999755859375,1499.0,12798
2026-02-20 06:35:00,1499.0,1501.5999755859375,1497.0,1500.199951171875,42484
2026-02-20 06:40:00,1499.5,1500.800048828125,1498.800048828125,1499.9000244140625,4856
2026-02-20 06:45:00,1499.800048828125,1503.0,1499.300048828125,1503.0,7332
2026-02-20 06:50:00,1503.300048828125,1504.0,1501.0999755859375,1502.300048828125,6626
2026-02-20 06:55:00,1502.199951171875,1503.5999755859375,1501.4000244140625,1502.0999755859375,5981
2026-02-20 07:00:00,1502.9000244140625,1504.0,1499.9000244140625,1501.199951171875,8456
2026-02-20 07:05:00,1501.199951171875,1501.199951171875,1497.0,1498.9000244140625,15099
2026-02-20 07:10:00,1498.9000244140625,1500.0,1497.300048828125,1498.0,12074
2026-02-20 07:15:00,1498.0,1502.4000244140625,1497.0999755859375,1500.0,88999
2026-02-20 07:20:00,1500.0,1502.4000244140625,1499.9000244140625,1501.9000244140625,7474
2026-02-20 07:25:00,1501.9000244140625,1501.9000244140625,1494.300048828125,1500.5,547831
2026-02-20 07:30:00,1500.5,1502.5999755859375,1500.0,1502.199951171875,12633
2026-02-20 07:35:00,1501.4000244140625,1502.199951171875,1498.300048828125,1499.4000244140625,92526
2026-02-20 07:40:00,1499.4000244140625,1499.4000244140625,1493.0,1494.5999755859375,24784
2026-02-20 07:45:00,1494.199951171875,1495.4000244140625,1491.5999755859375,1492.5999755859375,152966
2026-02-20 07:50:00,1492.800048828125,1494.0,1488.5,1490.0,17209
2026-02-20 07:55:00,1489.9000244140625,1491.9000244140625,1488.5999755859375,1491.0,15500
2026-02-20 08:00:00,1490.4000244140625,1495.5999755859375,1490.199951171875,1493.5999755859375,14109
2026-02-20 08:05:00,1494.300048828125,1499.9000244140625,1493.800048828125,1499.9000244140625,110156
2026-02-20 08:10:00,1499.699951171875,1506.5999755859375,1499.699951171875,1501.5999755859375,32739
2026-02-20 08:15:00,1502.300048828125,1511.800048828125,1502.300048828125,1510.9000244140625,32315
2026-02-20 08:20:00,1511.199951171875,1515.5,1510.0999755859375,1510.0999755859375,35958
2026-02-20 08:25:00,1510.5999755859375,1517.4000244140625,1510.300048828125,1515.699951171875,28265
2026-02-20 08:30:00,1515.699951171875,1517.9000244140625,1513.4000244140625,1513.800048828125,22582
2026-02-20 08:35:00,1513.5999755859375,1518.300048828125,1512.5,1515.5,24049
2026-02-20 08:40:00,1515.9000244140625,1520.800048828125,1511.800048828125,1520.4000244140625,127596
2026-02-20 08:45:00,1520.4000244140625,1527.0999755859375,1517.5999755859375,1523.0,98174
2026-02-20 08:50:00,1523.699951171875,1526.5999755859375,1521.0,1521.800048828125,22290
2026-02-20 08:55:00,1521.9000244140625,1525.5,1520.0999755859375,1521.4000244140625,15919
2026-02-20 09:00:00,1520.5999755859375,1523.0,1518.5,1519.4000244140625,23991
2026-02-20 09:05:00,1519.4000244140625,1522.0,1518.0,1520.699951171875,14414
2026-02-20 09:10:00,1521.0,1521.5999755859375,1517.0,1520.0999755859375,15696
2026-02-20 09:15:00,1521.300048828125,1522.9000244140625,1518.0,1522.9000244140625,18444
2026-02-20 09:20:00,1522.4000244140625,1523.9000244140625,1518.0999755859375,1523.4000244140625,24363
2026-02-20 09:25:00,1522.699951171875,1526.5,1519.0999755859375,1521.0,37460
2026-02-20 09:30:00,1520.9000244140625,1524.5,1515.4000244140625,1515.699951171875,35053
2026-02-20 09:35:00,1516.0,1516.199951171875,1510.4000244140625,1512.699951171875,25626
2026-02-20 09:40:00,1513.5999755859375,1514.5,1511.0,1514.5,14210
2026-02-20 09:45:00,1514.0999755859375,1518.199951171875,1508.0999755859375,1508.5999755859375,46575
2026-02-20 09:50:00,1508.5999755859375,1513.5999755859375,1506.5,1513.5999755859375,24503
2026-02-20 09:55:00,1513.5999755859375,1513.5999755859375,1510.300048828125,1513.5999755859375,17051
2026-02-23 03:45:00,1514.0,1520.0,1499.0,1520.0,0
2026-02-23 03:50:00,1522.4000244140625,1535.5999755859375,1521.800048828125,1532.4000244140625,30933
2026-02-23 03:55:00,1532.4000244140625,1544.4000244140625,1530.9000244140625,1542.800048828125,54643
2026-02-23 04:00:00,1546.0,1546.800048828125,1542.0,1546.699951171875,72587
2026-02-23 04:05:00,1546.699951171875,1548.5,1543.300048828125,1544.300048828125,25597
2026-02-23 04:10:00,1543.300048828125,1544.9000244140625,1542.199951171875,1542.4000244140625,14978
2026-02-23 04:15:00,1542.5,1544.0,1542.0999755859375,1542.5999755859375,9271
2026-02-23 04:20:00,1542.300048828125,1543.0999755859375,1541.5,1542.699951171875,27966
2026-02-23 04:25:00,1542.5,1544.5,1541.5999755859375,1543.5,45546
2026-02-23 04:30:00,1544.5,1546.800048828125,1543.0,1544.5999755859375,28775
2026-02-23 04:35:00,1544.5999755859375,1546.699951171875,1544.0,1545.9000244140625,15871
2026-02-23 04:40:00,1545.5999755859375,1548.0999755859375,1543.199951171875,1545.800048828125,25320
2026-02-23 04:45:00,1546.5999755859375,1549.800048828125,1544.0,1544.5,25120
2026-02-23 04:50:00,1545.199951171875,1545.300048828125,1543.0,1543.4000244140625,13136
2026-02-23 04:55:00,1543.300048828125,1544.800048828125,1542.699951171875,1543.4000244140625,7628
2026-02-23 05:00:00,1543.4000244140625,1544.9000244140625,1542.5,1544.9000244140625,10675
2026-02-23 05:05:00,1544.9000244140625,1547.4000244140625,1543.5999755859375,1545.800048828125,12979
2026-02-23 05:10:00,1545.800048828125,1546.0,1540.699951171875,1542.0999755859375,58094
2026-02-23 05:15:00,1542.5,1544.5999755859375,1540.800048828125,1544.5,49556
2026-02-23 05:20:00,1544.5,1546.0,1542.9000244140625,1544.0,21049
2026-02-23 05:25:00,1544.300048828125,1548.5999755859375,1542.9000244140625,1548.300048828125,53563
2026-02-23 05:30:00,1548.4000244140625,1549.0,1545.199951171875,1545.199951171875,11338
2026-02-23 05:35:00,1546.9000244140625,1547.0,1545.0,1545.5999755859375,18425
2026-02-23 05:40:00,1546.4000244140625,1546.9000244140625,1545.0,1545.0999755859375,14307
2026-02-23 05:45:00,1545.9000244140625,1547.0,1545.199951171875,1546.9000244140625,6195
2026-02-23 05:50:00,1546.800048828125,1547.9000244140625,1544.9000244140625,1544.9000244140625,3893
2026-02-23 05:55:00,1544.800048828125,1544.800048828125,1541.199951171875,1542.5,28373
2026-02-23 06:00:00,1541.699951171875,1543.0999755859375,1537.5999755859375,1537.5999755859375,42638
2026-02-23 06:05:00,1537.800048828125,1537.800048828125,1531.800048828125,1536.9000244140625,53370
2026-02-23 06:10:00,1536.0,1540.300048828125,1535.199951171875,1539.9000244140625,23405
2026-02-23 06:15:00,1539.0999755859375,1539.9000244140625,1535.0999755859375,1536.4000244140625,29018
2026-02-23 06:20:00,1536.199951171875,1539.699951171875,1535.0,1537.9000244140625,28382
2026-02-23 06:25:00,1538.199951171875,1539.0,1535.0999755859375,1537.5,24394
2026-02-23 06:30:00,1537.4000244140625,1539.0999755859375,1535.800048828125,1538.0999755859375,13515
2026-02-23 06:35:00,1538.199951171875,1539.5999755859375,1537.9000244140625,1538.5999755859375,12967
2026-02-23 06:40:00,1538.5999755859375,1540.5,1537.9000244140625,1540.5,11648
2026-02-23 06:45:00,1540.300048828125,1541.4000244140625,1538.0,1539.0999755859375,12900
2026-02-23 06:50:00,1539.199951171875,1540.5,1538.300048828125,1540.199951171875,12482
2026-02-23 06:55:00,1539.5,1540.9000244140625,1536.5999755859375,1539.5999755859375,31704
2026-02-23 07:00:00,1539.5,1539.699951171875,1534.800048828125,1535.0999755859375,26104
2026-02-23 07:05:00,1536.0999755859375,1537.800048828125,1534.300048828125,1535.800048828125,62028
2026-02-23 07:10:00,1536.699951171875,1537.4000244140625,1534.0999755859375,1535.300048828125,74115
2026-02-23 07:15:00,1535.300048828125,1536.699951171875,1533.9000244140625,1535.0999755859375,36938
2026-02-23 07:20:00,1535.199951171875,1537.0999755859375,1534.0999755859375,1537.0,54388
2026-02-23 07:25:00,1536.0999755859375,1536.9000244140625,1533.9000244140625,1535.4000244140625,38848
2026-02-23 07:30:00,1534.4000244140625,1536.5999755859375,1534.199951171875,1536.0,63072
2026-02-23 07:35:00,1536.199951171875,1538.4000244140625,1535.699951171875,1536.5999755859375,17425
2026-02-23 07:40:00,1536.5999755859375,1536.5999755859375,1533.9000244140625,1535.0999755859375,46087
2026-02-23 07:45:00,1535.0,1535.4000244140625,1527.0999755859375,1531.0,138780
2026-02-23 07:50:00,1531.0,1531.199951171875,1529.699951171875,1529.9000244140625,12906
2026-02-23 07:55:00,1530.4000244140625,1530.5,1525.300048828125,1527.0999755859375,49129
2026-02-23 08:00:00,1527.5999755859375,1527.5999755859375,1514.0999755859375,1514.699951171875,47503
2026-02-23 08:05:00,1514.699951171875,1515.9000244140625,1507.800048828125,1508.5999755859375,28284
2026-02-23 08:10:00,1508.5999755859375,1509.5999755859375,1503.699951171875,1506.0999755859375,20903
2026-02-23 08:15:00,1506.0999755859375,1506.0999755859375,1500.0999755859375,1503.800048828125,26964
2026-02-23 08:20:00,1504.199951171875,1504.800048828125,1502.0999755859375,1503.4000244140625,12842
2026-02-23 08:25:00,1503.4000244140625,1504.0999755859375,1500.300048828125,1502.0999755859375,17360
2026-02-23 08:30:00,1502.0999755859375,1507.4000244140625,1500.5999755859375,1503.0,22913
2026-02-23 08:35:00,1502.0999755859375,1503.0999755859375,1500.0,1500.199951171875,46495
2026-02-23 08:40:00,1500.0,1500.300048828125,1492.0999755859375,1493.800048828125,39770
2026-02-23 08:45:00,1493.5999755859375,1494.800048828125,1492.5,1493.300048828125,16405
2026-02-23 08:50:00,1493.300048828125,1493.5999755859375,1492.0,1492.9000244140625,8562
2026-02-23 08:55:00,1492.9000244140625,1494.300048828125,1491.5,1493.5,10044
2026-02-23 09:00:00,1492.300048828125,1493.4000244140625,1488.0999755859375,1488.9000244140625,18129
2026-02-23 09:05:00,1488.9000244140625,1489.0,1485.199951171875,1487.5999755859375,20709
2026-02-23 09:10:00,1487.5,1493.9000244140625,1486.800048828125,1491.800048828125,32618
2026-02-23 09:15:00,1492.0,1495.5,1490.300048828125,1494.9000244140625,22647
2026-02-23 09:20:00,1494.9000244140625,1495.9000244140625,1493.0999755859375,1494.5999755859375,16420
2026-02-23 09:25:00,1494.5999755859375,1498.800048828125,1494.5999755859375,1496.0,29501
2026-02-23 09:30:00,1498.199951171875,1500.5,1494.699951171875,1495.5,33610
2026-02-23 09:35:00,1495.5,1495.9000244140625,1490.800048828125,1492.300048828125,27825
2026-02-23 09:40:00,1493.5,1495.699951171875,1492.4000244140625,1493.5999755859375,37988
2026-02-23 09:45:00,1493.4000244140625,1500.4000244140625,1492.699951171875,1497.199951171875,64517
2026-02-23 09:50:00,1497.199951171875,1499.0,1492.800048828125,1496.9000244140625,92099
2026-02-23 09:55:00,1495.5999755859375,1501.0,1491.5,1496.9000244140625,50560
2026-02-24 03:45:00,1493.800048828125,1499.800048828125,1490.699951171875,1492.5999755859375,0
2026-02-24 03:50:00,1491.800048828125,1491.9000244140625,1481.300048828125,1483.0,32917
2026-02-24 03:55:00,1483.5999755859375,1484.9000244140625,1476.5,1483.0999755859375,26004
2026-02-24 04:00:00,1483.4000244140625,1483.4000244140625,1480.4000244140625,1480.4000244140625,13829
2026-02-24 04:05:00,1480.0,1481.800048828125,1475.4000244140625,1476.0,22924
2026-02-24 04:10:00,1476.0999755859375,1476.800048828125,1472.0,1473.5999755859375,20971
2026-02-24 04:15:00,1473.199951171875,1480.699951171875,1473.199951171875,1477.199951171875,19977
2026-02-24 04:20:00,1477.199951171875,1487.0999755859375,1477.0,1487.0,20766
2026-02-24 04:25:00,1487.0999755859375,1487.0999755859375,1482.0999755859375,1486.199951171875,17611
2026-02-24 04:30:00,1486.199951171875,1486.5999755859375,1484.0,1485.0,17676
2026-02-24 04:35:00,1484.9000244140625,1492.199951171875,1484.9000244140625,1492.199951171875,28763
2026-02-24 04:40:00,1492.0999755859375,1492.0999755859375,1487.800048828125,1488.0999755859375,11618
2026-02-24 04:45:00,1488.300048828125,1491.0,1487.800048828125,1491.0,10998
2026-02-24 04:50:00,1491.0999755859375,1491.0999755859375,1488.800048828125,1488.800048828125,6839
2026-02-24 04:55:00,1488.0,1490.800048828125,1487.0,1489.699951171875,10212
2026-02-24 05:00:00,1489.0,1496.300048828125,1488.0,1496.0,80269
2026-02-24 05:05:00,1496.0999755859375,1500.699951171875,1496.0,1500.4000244140625,19818
2026-02-24 05:10:00,1500.699951171875,1504.0999755859375,1500.699951171875,1502.300048828125,21518
2026-02-24 05:15:00,1502.0,1505.5,1501.0,1501.0,17213
2026-02-24 05:20:00,1501.199951171875,1503.300048828125,1501.199951171875,1502.699951171875,5823
2026-02-24 05:25:00,1502.199951171875,1503.800048828125,1502.0999755859375,1503.0999755859375,9196
2026-02-24 05:30:00,1503.5999755859375,1507.0999755859375,1503.0999755859375,1505.5999755859375,16996
2026-02-24 05:35:00,1505.699951171875,1507.0,1501.9000244140625,1502.300048828125,28720
2026-02-24 05:40:00,1502.4000244140625,1503.699951171875,1500.0999755859375,1501.800048828125,13308
2026-02-24 05:45:00,1501.9000244140625,1501.9000244140625,1495.5999755859375,1499.4000244140625,23419
2026-02-24 05:50:00,1499.4000244140625,1502.699951171875,1499.4000244140625,1499.9000244140625,42435
2026-02-24 05:55:00,1499.9000244140625,1503.0,1499.4000244140625,1499.5999755859375,20646
2026-02-24 06:00:00,1499.5,1501.300048828125,1499.0,1501.300048828125,32692
2026-02-24 06:05:00,1501.300048828125,1501.5,1497.800048828125,1499.699951171875,111698
2026-02-24 06:10:00,1499.699951171875,1499.699951171875,1499.0,1499.5,31322
2026-02-24 06:15:00,1499.0,1500.5,1495.5,1497.199951171875,37216
2026-02-24 06:20:00,1497.199951171875,1497.300048828125,1490.0999755859375,1490.0999755859375,79259
2026-02-24 06:25:00,1489.800048828125,1491.4000244140625,1487.5,1489.199951171875,18617
2026-02-24 06:30:00,1489.199951171875,1489.199951171875,1486.0,1487.199951171875,17677
2026-02-24 06:35:00,1487.699951171875,1490.800048828125,1486.699951171875,1490.0,20876
2026-02-24 06:40:00,1489.800048828125,1490.0,1486.0999755859375,1486.699951171875,14409
2026-02-24 06:45:00,1487.0999755859375,1487.0999755859375,1485.5,1486.0,3047
2026-02-24 06:50:00,1485.800048828125,1486.0999755859375,1482.199951171875,1483.0999755859375,11795
2026-02-24 06:55:00,1483.199951171875,1486.0999755859375,1483.199951171875,1485.9000244140625,10029
2026-02-24 07:00:00,1485.9000244140625,1491.9000244140625,1485.9000244140625,1490.5,18391
2026-02-24 07:05:00,1490.9000244140625,1491.4000244140625,1490.0,1490.0999755859375,9170
2026-02-24 07:10:00,1490.199951171875,1490.300048828125,1487.699951171875,1487.699951171875,4202
2026-02-24 07:15:00,1488.0,1491.0,1487.5,1490.0999755859375,15462
2026-02-24 07:20:00,1490.0,1491.0,1489.199951171875,1490.5999755859375,7888
2026-02-24 07:25:00,1490.5,1491.5999755859375,1490.199951171875,1491.5,5916
2026-02-24 07:30:00,1491.5,1491.5999755859375,1488.699951171875,1488.699951171875,12626
2026-02-24 07:35:00,1486.5,1486.5,1485.0,1486.300048828125,10495
2026-02-24 07:40:00,1486.199951171875,1488.0999755859375,1485.0999755859375,1487.800048828125,7182
2026-02-24 07:45:00,1487.5999755859375,1487.800048828125,1485.0,1485.800048828125,10877
2026-02-24 07:50:00,1485.800048828125,1486.4000244140625,1484.5999755859375,1485.0,4917
2026-02-24 07:55:00,1484.800048828125,1486.0999755859375,1483.800048828125,1484.5999755859375,4449
2026-02-24 08:00:00,1484.300048828125,1484.300048828125,1481.9000244140625,1482.0,9090
2026-02-24 08:05:00,1482.0,1483.5999755859375,1477.800048828125,1482.9000244140625,20132
2026-02-24 08:10:00,1482.699951171875,1484.199951171875,1481.699951171875,1483.5,8379
2026-02-24 08:15:00,1483.5,1487.0,1482.699951171875,1485.9000244140625,14094
2026-02-24 08:20:00,1485.0999755859375,1485.4000244140625,1483.4000244140625,1485.0999755859375,4846
2026-02-24 08:25:00,1485.0999755859375,1488.800048828125,1484.800048828125,1487.800048828125,12609
2026-02-24 08:30:00,1488.199951171875,1488.699951171875,1482.9000244140625,1483.199951171875,10270
2026-02-24 08:35:00,1483.300048828125,1490.199951171875,1482.699951171875,1489.9000244140625,27614
2026-02-24 08:40:00,1489.9000244140625,1496.5,1488.5999755859375,1494.5999755859375,20663
2026-02-24 08:45:00,1494.800048828125,1497.9000244140625,1493.199951171875,1493.699951171875,20784
2026-02-24 08:50:00,1493.4000244140625,1493.699951171875,1487.9000244140625,1487.9000244140625,11166
2026-02-24 08:55:00,1488.4000244140625,1491.5999755859375,1488.300048828125,1488.5999755859375,9115
2026-02-24 09:00:00,1489.0999755859375,1489.0999755859375,1485.199951171875,1486.0999755859375,9011
2026-02-24 09:05:00,1486.0999755859375,1487.699951171875,1486.0999755859375,1486.9000244140625,10165
2026-02-24 09:10:00,1486.9000244140625,1487.0999755859375,1482.9000244140625,1484.0999755859375,14055
2026-02-24 09:15:00,1484.0,1485.699951171875,1483.5,1485.5,12466
2026-02-24 09:20:00,1485.199951171875,1495.4000244140625,1484.5,1495.4000244140625,65976
2026-02-24 09:25:00,1495.4000244140625,1498.5,1492.300048828125,1494.0,56561
2026-02-24 09:30:00,1492.4000244140625,1495.9000244140625,1492.4000244140625,1495.199951171875,77144
2026-02-24 09:35:00,1495.199951171875,1498.0999755859375,1494.800048828125,1496.9000244140625,64754
2026-02-24 09:40:00,1496.9000244140625,1498.4000244140625,1488.300048828125,1489.9000244140625,96218
2026-02-24 09:45:00,1489.9000244140625,1496.0,1489.9000244140625,1495.699951171875,76057
2026-02-24 09:50:00,1495.5,1497.300048828125,1491.0999755859375,1495.5,67663
2026-02-24 09:55:00,1495.9000244140625,1500.0,1492.0,1500.0,65922
2026-02-25 03:45:00,1494.0,1515.5999755859375,1494.0,1515.0,0
2026-02-25 03:50:00,1513.699951171875,1515.0999755859375,1509.5,1513.300048828125,32341
2026-02-25 03:55:00,1513.9000244140625,1522.699951171875,1512.4000244140625,1518.0,34537
2026-02-25 04:00:00,1518.199951171875,1519.5999755859375,1513.699951171875,1516.5,14087
2026-02-25 04:05:00,1516.5999755859375,1520.4000244140625,1515.0,1520.0,12048
2026-02-25 04:10:00,1520.0,1522.0,1517.0,1518.800048828125,13338
2026-02-25 04:15:00,1518.0,1521.0,1517.5,1520.0,8653
2026-02-25 04:20:00,1521.5,1521.5999755859375,1518.300048828125,1519.800048828125,5134
2026-02-25 04:25:00,1519.4000244140625,1525.0,1518.199951171875,1523.0,10337
2026-02-25 04:30:00,1523.0,1524.199951171875,1521.0,1521.0,6093
2026-02-25 04:35:00,1521.4000244140625,1521.800048828125,1518.5999755859375,1521.300048828125,11749
2026-02-25 04:40:00,1521.5,1521.800048828125,1520.0,1520.699951171875,3211
2026-02-25 04:45:00,1520.699951171875,1522.699951171875,1520.5999755859375,1520.800048828125,2058
2026-02-25 04:50:00,1520.800048828125,1521.800048828125,1520.5999755859375,1521.300048828125,2389
2026-02-25 04:55:00,1521.5,1522.0,1520.5999755859375,1521.199951171875,1242
2026-02-25 05:00:00,1521.199951171875,1521.199951171875,1514.5,1514.699951171875,13761
2026-02-25 05:05:00,1514.5,1516.9000244140625,1510.5,1516.699951171875,57909
2026-02-25 05:10:00,1517.0,1517.0,1513.300048828125,1516.199951171875,24927
2026-02-25 05:15:00,1516.0999755859375,1518.800048828125,1514.0999755859375,1518.800048828125,12991
2026-02-25 05:20:00,1518.800048828125,1521.199951171875,1517.0999755859375,1519.4000244140625,32037
2026-02-25 05:25:00,1519.300048828125,1520.699951171875,1518.4000244140625,1518.699951171875,22827
2026-02-25 05:30:00,1518.9000244140625,1526.0,1518.9000244140625,1523.5,14957
2026-02-25 05:35:00,1523.5999755859375,1526.699951171875,1523.5,1524.5999755859375,10593
2026-02-25 05:40:00,1525.0,1525.5,1524.199951171875,1525.0999755859375,3939
2026-02-25 05:45:00,1525.0999755859375,1525.0999755859375,1521.300048828125,1522.4000244140625,5100
2026-02-25 05:50:00,1522.5,1523.699951171875,1521.5,1522.5,4319
2026-02-25 05:55:00,1523.0,1524.5,1521.5,1523.699951171875,7024
2026-02-25 06:00:00,1524.0,1525.0,1523.0,1525.0,4977
2026-02-25 06:05:00,1524.9000244140625,1525.5999755859375,1522.699951171875,1523.5,8585
2026-02-25 06:10:00,1523.5999755859375,1527.9000244140625,1522.4000244140625,1527.5,12706
2026-02-25 06:15:00,1527.5,1529.300048828125,1527.199951171875,1529.0999755859375,14621
2026-02-25 06:20:00,1529.0999755859375,1530.9000244140625,1528.300048828125,1529.300048828125,17552
2026-02-25 06:25:00,1529.199951171875,1530.4000244140625,1528.4000244140625,1529.300048828125,7415
2026-02-25 06:30:00,1529.300048828125,1529.5999755859375,1528.0,1529.4000244140625,8609
2026-02-25 06:35:00,1529.4000244140625,1530.0,1528.800048828125,1529.300048828125,7570
2026-02-25 06:40:00,1529.300048828125,1530.5,1529.0,1530.199951171875,12420
2026-02-25 06:45:00,1530.0999755859375,1530.4000244140625,1529.5,1530.0999755859375,4628
2026-02-25 06:50:00,1530.0,1534.5999755859375,1529.5,1534.0,19408
2026-02-25 06:55:00,1533.9000244140625,1535.699951171875,1532.5999755859375,1534.5999755859375,9270
2026-02-25 07:00:00,1534.4000244140625,1539.5999755859375,1532.800048828125,1533.0,15371
2026-02-25 07:05:00,1532.5999755859375,1532.699951171875,1529.4000244140625,1530.4000244140625,21391
2026-02-25 07:10:00,1530.4000244140625,1531.300048828125,1529.5,1529.9000244140625,8649
2026-02-25 07:15:00,1529.800048828125,1529.800048828125,1525.0,1525.0999755859375,15629
2026-02-25 07:20:00,1525.4000244140625,1529.699951171875,1525.4000244140625,1529.0999755859375,13884
2026-02-25 07:25:00,1528.0999755859375,1529.699951171875,1527.300048828125,1528.300048828125,12047
2026-02-25 07:30:00,1528.300048828125,1528.300048828125,1525.0,1526.5,12418
2026-02-25 07:35:00,1526.4000244140625,1528.0,1525.0,1527.4000244140625,12279
2026-02-25 07:40:00,1527.4000244140625,1528.0,1526.0,1526.4000244140625,7925
2026-02-25 07:45:00,1526.4000244140625,1528.800048828125,1525.5999755859375,1527.5999755859375,13381
2026-02-25 07:50:00,1528.0999755859375,1529.9000244140625,1528.0,1529.5999755859375,8173
2026-02-25 07:55:00,1529.5,1530.0999755859375,1528.9000244140625,1529.9000244140625,8542
2026-02-25 08:00:00,1530.0,1530.800048828125,1529.199951171875,1529.699951171875,7733
2026-02-25 08:05:00,1529.699951171875,1530.5,1522.199951171875,1522.199951171875,26927
2026-02-25 08:10:00,1522.4000244140625,1523.699951171875,1520.5999755859375,1521.199951171875,13251
2026-02-25 08:15:00,1521.5999755859375,1522.5,1520.0,1522.199951171875,17345
2026-02-25 08:20:00,1522.199951171875,1526.5,1522.0999755859375,1526.199951171875,13808
2026-02-25 08:25:00,1526.199951171875,1526.199951171875,1520.9000244140625,1524.0,53412
2026-02-25 08:30:00,1524.699951171875,1524.699951171875,1503.0,1507.4000244140625,272872
2026-02-25 08:35:00,1507.4000244140625,1509.9000244140625,1505.300048828125,1508.199951171875,42570
2026-02-25 08:40:00,1508.4000244140625,1514.0999755859375,1507.699951171875,1513.699951171875,31684
2026-02-25 08:45:00,1513.699951171875,1518.0999755859375,1513.5,1517.0999755859375,17546
2026-02-25 08:50:00,1517.5999755859375,1520.0999755859375,1512.5999755859375,1512.5999755859375,33201
2026-02-25 08:55:00,1512.699951171875,1517.5999755859375,1512.699951171875,1515.4000244140625,35977
2026-02-25 09:00:00,1515.4000244140625,1519.300048828125,1515.4000244140625,1517.0999755859375,22588
2026-02-25 09:05:00,1517.300048828125,1519.4000244140625,1516.800048828125,1518.9000244140625,11431
2026-02-25 09:10:00,1519.199951171875,1519.199951171875,1516.9000244140625,1519.0,14604
2026-02-25 09:15:00,1519.0,1519.5,1516.4000244140625,1517.9000244140625,22497
2026-02-25 09:20:00,1518.0,1522.300048828125,1517.5999755859375,1522.0,46127
2026-02-25 09:25:00,1521.800048828125,1523.9000244140625,1520.4000244140625,1522.199951171875,55490
2026-02-25 09:30:00,1521.4000244140625,1523.0999755859375,1520.0,1520.199951171875,58618
2026-02-25 09:35:00,1520.300048828125,1522.800048828125,1520.0999755859375,1521.9000244140625,57462
2026-02-25 09:40:00,1521.800048828125,1522.4000244140625,1519.800048828125,1520.0999755859375,59963
2026-02-25 09:45:00,1520.0999755859375,1521.199951171875,1519.5,1520.5999755859375,57733
2026-02-25 09:50:00,1520.0,1520.0999755859375,1515.0,1515.5999755859375,90235
2026-02-25 09:55:00,1515.300048828125,1519.4000244140625,1507.5999755859375,1519.4000244140625,66093
2026-02-26 03:45:00,1514.800048828125,1517.199951171875,1511.199951171875,1515.800048828125,0
2026-02-26 03:50:00,1515.0,1516.199951171875,1511.300048828125,1514.0,6951
2026-02-26 03:55:00,1514.0,1514.0,1510.699951171875,1511.699951171875,3401
2026-02-26 04:00:00,1512.699951171875,1514.0999755859375,1509.0,1513.4000244140625,15892
2026-02-26 04:05:00,1514.0,1519.199951171875,1513.699951171875,1518.0,7865
2026-02-26 04:10:00,1518.5,1520.0,1515.300048828125,1517.0999755859375,4774
2026-02-26 04:15:00,1517.800048828125,1521.199951171875,1510.0999755859375,1519.199951171875,18308
2026-02-26 04:20:00,1518.4000244140625,1520.9000244140625,1517.5999755859375,1518.5999755859375,9576
2026-02-26 04:25:00,1518.5,1521.800048828125,1517.699951171875,1520.0,10355
2026-02-26 04:30:00,1520.5,1521.5,1519.300048828125,1519.800048828125,8283
2026-02-26 04:35:00,1519.800048828125,1521.0,1519.0,1520.5,5914
2026-02-26 04:40:00,1520.4000244140625,1520.4000244140625,1515.0,1515.699951171875,11246
2026-02-26 04:45:00,1516.4000244140625,1518.0999755859375,1515.300048828125,1517.300048828125,13357
2026-02-26 04:50:00,1517.800048828125,1520.4000244140625,1517.300048828125,1520.0,5315
2026-02-26 04:55:00,1520.300048828125,1520.300048828125,1516.800048828125,1517.9000244140625,7688
2026-02-26 05:00:00,1518.9000244140625,1522.9000244140625,1516.9000244140625,1520.9000244140625,10666
2026-02-26 05:05:00,1521.699951171875,1523.800048828125,1520.9000244140625,1522.0999755859375,11298
2026-02-26 05:10:00,1522.5,1527.0,1522.0999755859375,1527.0,14822
2026-02-26 05:15:00,1527.5999755859375,1533.4000244140625,1527.0999755859375,1532.5,13097
2026-02-26 05:20:00,1532.800048828125,1533.699951171875,1530.199951171875,1531.0,15843
2026-02-26 05:25:00,1530.699951171875,1531.5,1527.199951171875,1527.199951171875,18391
2026-02-26 05:30:00,1526.300048828125,1529.300048828125,1524.699951171875,1528.0999755859375,13470
2026-02-26 05:35:00,1528.5,1528.699951171875,1520.699951171875,1522.699951171875,19947
2026-02-26 05:40:00,1523.0,1527.199951171875,1522.699951171875,1525.800048828125,10000
2026-02-26 05:45:00,1526.0999755859375,1527.5999755859375,1524.800048828125,1527.300048828125,8179
2026-02-26 05:50:00,1527.5999755859375,1527.5999755859375,1525.300048828125,1526.199951171875,7173
2026-02-26 05:55:00,1526.300048828125,1526.300048828125,1524.0,1524.0,9566
2026-02-26 06:00:00,1524.0,1525.5999755859375,1521.199951171875,1523.199951171875,34454
2026-02-26 06:05:00,1523.5,1524.0,1519.300048828125,1520.199951171875,19421
2026-02-26 06:10:00,1521.0,1521.0,1517.0,1519.5999755859375,18190
2026-02-26 06:15:00,1519.5,1522.4000244140625,1518.0,1522.0,10862
2026-02-26 06:20:00,1522.5,1522.5,1518.699951171875,1518.699951171875,10911
2026-02-26 06:25:00,1518.300048828125,1520.0999755859375,1517.0,1519.0,15293
2026-02-26 06:30:00,1519.199951171875,1520.0999755859375,1518.0,1519.5999755859375,8647
2026-02-26 06:35:00,1519.5,1524.199951171875,1518.5,1522.0,12770
2026-02-26 06:40:00,1522.4000244140625,1522.699951171875,1520.0999755859375,1520.5999755859375,4973
2026-02-26 06:45:00,1520.800048828125,1522.0,1518.199951171875,1518.5999755859375,6423
2026-02-26 06:50:00,1519.0999755859375,1519.5999755859375,1515.4000244140625,1517.9000244140625,13317
2026-02-26 06:55:00,1518.0,1519.800048828125,1515.4000244140625,1515.4000244140625,21865
2026-02-26 07:00:00,1515.5,1517.800048828125,1515.0,1515.5999755859375,32460
2026-02-26 07:05:00,1516.199951171875,1520.0,1515.0,1518.4000244140625,44613
2026-02-26 07:10:00,1518.300048828125,1520.5999755859375,1517.4000244140625,1520.0,8294
2026-02-26 07:15:00,1520.0999755859375,1520.0999755859375,1518.5,1519.0999755859375,11771
2026-02-26 07:20:00,1519.5999755859375,1524.199951171875,1519.0,1522.199951171875,11706
2026-02-26 07:25:00,1522.199951171875,1524.9000244140625,1520.800048828125,1523.699951171875,18446
2026-02-26 07:30:00,1524.0,1525.0,1523.300048828125,1524.800048828125,10528
2026-02-26 07:35:00,1525.0,1525.5,1523.300048828125,1524.300048828125,8534
2026-02-26 07:40:00,1523.5,1524.0999755859375,1523.0,1523.300048828125,9396
2026-02-26 07:45:00,1523.300048828125,1523.800048828125,1518.699951171875,1518.699951171875,24341
2026-02-26 07:50:00,1519.199951171875,1521.0999755859375,1518.9000244140625,1519.5999755859375,10287
2026-02-26 07:55:00,1519.699951171875,1521.199951171875,1519.0999755859375,1519.300048828125,10763
2026-02-26 08:00:00,1519.699951171875,1521.9000244140625,1519.0999755859375,1521.0,11320
2026-02-26 08:05:00,1521.199951171875,1521.4000244140625,1516.800048828125,1518.4000244140625,42363
2026-02-26 08:10:00,1518.5999755859375,1520.300048828125,1518.0,1518.5999755859375,9210
2026-02-26 08:15:00,1519.199951171875,1521.300048828125,1518.0,1519.0999755859375,12756
2026-02-26 08:20:00,1519.4000244140625,1521.4000244140625,1518.9000244140625,1521.300048828125,8551
2026-02-26 08:25:00,1521.4000244140625,1523.5999755859375,1520.9000244140625,1521.800048828125,16336
2026-02-26 08:30:00,1521.9000244140625,1523.0,1520.199951171875,1521.5999755859375,16134
2026-02-26 08:35:00,1521.4000244140625,1523.0,1516.9000244140625,1522.9000244140625,22940
2026-02-26 08:40:00,1523.0,1523.0,1521.800048828125,1522.699951171875,18090
2026-02-26 08:45:00,1523.0,1523.0,1520.4000244140625,1521.0999755859375,11864
2026-02-26 08:50:00,1521.0999755859375,1522.0999755859375,1520.0,1520.5999755859375,15242
2026-02-26 08:55:00,1520.4000244140625,1525.0,1520.4000244140625,1524.800048828125,47167
2026-02-26 09:00:00,1524.800048828125,1525.300048828125,1523.199951171875,1523.199951171875,28428
2026-02-26 09:05:00,1523.5,1524.0,1522.0999755859375,1523.5999755859375,13349
2026-02-26 09:10:00,1523.199951171875,1524.5999755859375,1522.0999755859375,1524.0,17066
2026-02-26 09:15:00,1524.199951171875,1524.5,1522.300048828125,1522.5,14677
2026-02-26 09:20:00,1523.300048828125,1525.0,1522.0,1523.9000244140625,29725
2026-02-26 09:25:00,1524.0999755859375,1525.0,1522.4000244140625,1523.800048828125,16830
2026-02-26 09:30:00,1523.5999755859375,1525.0,1522.0999755859375,1523.9000244140625,32145
2026-02-26 09:35:00,1523.9000244140625,1527.0,1523.5999755859375,1524.699951171875,32174
2026-02-26 09:40:00,1524.699951171875,1526.300048828125,1524.0,1525.300048828125,64405
2026-02-26 09:45:00,1525.5,1526.0,1524.300048828125,1524.5999755859375,40994
2026-02-26 09:50:00,1524.9000244140625,1525.9000244140625,1523.0,1523.5999755859375,42341
2026-02-26 09:55:00,1524.300048828125,1525.0,1520.199951171875,1524.800048828125,37066
2026-02-27 03:45:00,1535.0999755859375,1535.0999755859375,1515.0999755859375,1518.0,0
2026-02-27 03:50:00,1516.9000244140625,1520.5999755859375,1516.0,1518.9000244140625,15556
2026-02-27 03:55:00,1518.0,1520.0999755859375,1510.199951171875,1510.4000244140625,6980
2026-02-27 04:00:00,1511.4000244140625,1515.699951171875,1511.0,1513.0,6278
2026-02-27 04:05:00,1512.5,1517.300048828125,1511.5,1514.699951171875,6373
2026-02-27 04:10:00,1515.699951171875,1515.9000244140625,1513.800048828125,1514.699951171875,4092
2026-02-27 04:15:00,1514.5,1514.5,1506.9000244140625,1506.9000244140625,9339
2026-02-27 04:20:00,1507.0,1507.300048828125,1500.0999755859375,1500.5,19768
2026-02-27 04:25:00,1500.9000244140625,1501.4000244140625,1493.800048828125,1494.0999755859375,23538
2026-02-27 04:30:00,1494.0,1494.5,1490.0,1493.0,16326
2026-02-27 04:35:00,1492.5,1495.800048828125,1492.0,1493.0999755859375,9853
2026-02-27 04:40:00,1493.0999755859375,1498.0999755859375,1492.0,1492.5999755859375,13261
2026-02-27 04:45:00,1493.699951171875,1493.699951171875,1489.0999755859375,1490.800048828125,14708
2026-02-27 04:50:00,1490.300048828125,1492.699951171875,1488.5,1491.5999755859375,5668
2026-02-27 04:55:00,1492.0999755859375,1493.9000244140625,1491.0,1491.9000244140625,8009
2026-02-27 05:00:00,1491.0,1492.800048828125,1488.5999755859375,1488.800048828125,6877
2026-02-27 05:05:00,1488.0,1492.0,1487.699951171875,1490.0,12852
2026-02-27 05:10:00,1490.5,1491.199951171875,1487.0,1488.800048828125,10274
2026-02-27 05:15:00,1489.0,1490.0,1487.0,1487.9000244140625,5037
2026-02-27 05:20:00,1488.800048828125,1493.0,1487.5,1488.5,12631
2026-02-27 05:25:00,1488.5999755859375,1489.800048828125,1486.199951171875,1487.199951171875,9037
2026-02-27 05:30:00,1487.199951171875,1488.9000244140625,1486.199951171875,1487.5,6649
2026-02-27 05:35:00,1487.9000244140625,1489.300048828125,1486.0,1486.0,12066
2026-02-27 05:40:00,1486.0,1486.199951171875,1481.5,1483.0,14531
2026-02-27 05:45:00,1483.699951171875,1483.699951171875,1476.5999755859375,1478.300048828125,24364
2026-02-27 05:50:00,1478.0999755859375,1478.800048828125,1476.0,1478.0999755859375,13661
2026-02-27 05:55:00,1478.0999755859375,1479.4000244140625,1476.699951171875,1477.0999755859375,11604
2026-02-27 06:00:00,1477.0999755859375,1477.5999755859375,1475.0,1475.5999755859375,7649
2026-02-27 06:05:00,1476.0999755859375,1483.5,1475.5999755859375,1479.5999755859375,15705
2026-02-27 06:10:00,1479.5,1482.0,1479.5,1481.800048828125,9537
2026-02-27 06:15:00,1481.800048828125,1482.5999755859375,1478.5999755859375,1479.9000244140625,9180
2026-02-27 06:20:00,1479.199951171875,1481.5,1478.5999755859375,1479.9000244140625,6085
2026-02-27 06:25:00,1479.800048828125,1480.800048828125,1478.4000244140625,1480.199951171875,6743
2026-02-27 06:30:00,1480.4000244140625,1481.699951171875,1478.4000244140625,1478.9000244140625,7435
2026-02-27 06:35:00,1478.9000244140625,1483.0,1477.699951171875,1482.5,14182
2026-02-27 06:40:00,1482.5,1484.9000244140625,1481.699951171875,1483.5,26307
2026-02-27 06:45:00,1484.0999755859375,1485.199951171875,1483.0999755859375,1484.0,6928
2026-02-27 06:50:00,1484.5,1485.0999755859375,1481.199951171875,1482.199951171875,8351
2026-02-27 06:55:00,1482.4000244140625,1485.0,1481.800048828125,1482.0999755859375,10913
2026-02-27 07:00:00,1482.199951171875,1489.199951171875,1481.9000244140625,1486.5999755859375,20047
2026-02-27 07:05:00,1486.4000244140625,1487.800048828125,1485.0,1487.199951171875,14414
2026-02-27 07:10:00,1487.0999755859375,1487.5,1485.0,1487.5,19732
2026-02-27 07:15:00,1487.5,1487.5,1480.0999755859375,1480.5999755859375,23159
2026-02-27 07:20:00,1480.0999755859375,1481.9000244140625,1480.0,1481.4000244140625,5111
2026-02-27 07:25:00,1481.5,1481.5,1479.5,1480.300048828125,8810
2026-02-27 07:30:00,1480.300048828125,1480.300048828125,1477.699951171875,1478.699951171875,9533
2026-02-27 07:35:00,1479.5,1481.800048828125,1478.5999755859375,1481.800048828125,7923
2026-02-27 07:40:00,1481.300048828125,1483.199951171875,1478.0,1479.800048828125,29404
2026-02-27 07:45:00,1478.800048828125,1479.9000244140625,1477.699951171875,1479.199951171875,8674
2026-02-27 07:50:00,1479.0,1479.0,1477.699951171875,1478.699951171875,6013
2026-02-27 07:55:00,1478.0,1479.199951171875,1478.0,1478.4000244140625,6760
2026-02-27 08:00:00,1478.0,1478.4000244140625,1477.5999755859375,1478.4000244140625,12342
2026-02-27 08:05:00,1478.4000244140625,1479.5999755859375,1478.0,1478.4000244140625,6335
2026-02-27 08:10:00,1479.199951171875,1482.300048828125,1478.0,1480.800048828125,10245
2026-02-27 08:15:00,1481.5999755859375,1482.0,1480.0,1481.300048828125,5920
2026-02-27 08:20:00,1482.0,1482.0,1480.0999755859375,1481.4000244140625,5961
2026-02-27 08:25:00,1481.4000244140625,1484.0999755859375,1481.4000244140625,1483.199951171875,10877
2026-02-27 08:30:00,1483.0,1483.4000244140625,1479.699951171875,1480.0,15319
2026-02-27 08:35:00,1479.5999755859375,1483.0,1479.0999755859375,1483.0,18488
2026-02-27 08:40:00,1483.0,1484.0999755859375,1481.0,1482.800048828125,16735
2026-02-27 08:45:00,1482.0999755859375,1483.699951171875,1481.5999755859375,1483.300048828125,13544
2026-02-27 08:50:00,1483.0999755859375,1484.0,1481.9000244140625,1483.0999755859375,17867
2026-02-27 08:55:00,1483.0,1484.0,1481.9000244140625,1483.199951171875,19960
2026-02-27 09:00:00,1482.699951171875,1483.199951171875,1481.9000244140625,1482.5,38550
2026-02-27 09:05:00,1483.0,1487.699951171875,1481.9000244140625,1485.5999755859375,14905
2026-02-27 09:10:00,1485.300048828125,1485.4000244140625,1480.199951171875,1481.9000244140625,20856
2026-02-27 09:15:00,1481.800048828125,1484.300048828125,1481.0,1484.199951171875,627793
2026-02-27 09:20:00,1483.800048828125,1487.5999755859375,1483.800048828125,1486.5,29964
2026-02-27 09:25:00,1486.199951171875,1487.300048828125,1484.5,1486.0999755859375,17546
2026-02-27 09:30:00,1486.0999755859375,1486.5,1480.9000244140625,1482.199951171875,310642
2026-02-27 09:35:00,1482.0999755859375,1483.4000244140625,1477.199951171875,1479.4000244140625,261126
2026-02-27 09:40:00,1480.5999755859375,1483.800048828125,1479.5999755859375,1483.0,260478
2026-02-27 09:45:00,1483.0,1483.199951171875,1481.0,1481.5999755859375,243698
2026-02-27 09:50:00,1481.5999755859375,1483.5,1479.0,1480.0999755859375,275004
2026-02-27 09:55:00,1480.0999755859375,1484.800048828125,1474.699951171875,1481.5999755859375,247426
2026-03-02 03:45:00,1457.0,1473.199951171875,1457.0,1473.199951171875,0
2026-03-02 03:50:00,1476.5999755859375,1486.699951171875,1473.9000244140625,1474.5999755859375,23505
2026-03-02 03:55:00,1475.5,1475.5,1465.5,1465.5999755859375,21424
2026-03-02 04:00:00,1468.800048828125,1480.199951171875,1467.0999755859375,1477.0999755859375,42420
2026-03-02 04:05:00,1478.0,1481.4000244140625,1475.699951171875,1477.699951171875,17113
2026-03-02 04:10:00,1477.5999755859375,1479.5,1475.0999755859375,1477.9000244140625,19493
2026-03-02 04:15:00,1477.800048828125,1481.9000244140625,1476.0999755859375,1478.0999755859375,18540
2026-03-02 04:20:00,1477.0,1478.9000244140625,1475.0,1477.5999755859375,9559
2026-03-02 04:25:00,1477.4000244140625,1477.4000244140625,1471.5999755859375,1474.699951171875,40985
2026-03-02 04:30:00,1474.699951171875,1475.4000244140625,1470.199951171875,1471.4000244140625,13140
2026-03-02 04:35:00,1471.5999755859375,1473.0999755859375,1465.699951171875,1466.4000244140625,9219
2026-03-02 04:40:00,1466.4000244140625,1467.0999755859375,1464.9000244140625,1466.5999755859375,10134
2026-03-02 04:45:00,1466.5999755859375,1468.0,1463.800048828125,1463.800048828125,12931
2026-03-02 04:50:00,1464.699951171875,1464.699951171875,1460.800048828125,1464.0,23775
2026-03-02 04:55:00,1462.9000244140625,1466.4000244140625,1462.300048828125,1462.300048828125,6733
2026-03-02 05:00:00,1462.0999755859375,1465.199951171875,1462.0999755859375,1463.5,5145
2026-03-02 05:05:00,1463.4000244140625,1463.4000244140625,1456.5,1456.699951171875,13360
2026-03-02 05:10:00,1456.5,1457.5,1453.699951171875,1455.0,10416
2026-03-02 05:15:00,1455.0,1458.0,1454.199951171875,1456.5,22968
2026-03-02 05:20:00,1456.4000244140625,1457.800048828125,1453.199951171875,1453.699951171875,10217
2026-03-02 05:25:00,1454.5999755859375,1459.5,1454.5999755859375,1458.699951171875,17986
2026-03-02 05:30:00,1458.699951171875,1462.5,1457.0,1460.4000244140625,9003
2026-03-02 05:35:00,1460.4000244140625,1462.800048828125,1459.9000244140625,1462.300048828125,10286
2026-03-02 05:40:00,1462.300048828125,1465.5999755859375,1461.4000244140625,1464.800048828125,16646
2026-03-02 05:45:00,1464.800048828125,1467.9000244140625,1463.4000244140625,1465.5,12989
2026-03-02 05:50:00,1465.699951171875,1466.300048828125,1464.0999755859375,1464.0999755859375,8037
2026-03-02 05:55:00,1463.800048828125,1465.199951171875,1463.800048828125,1464.699951171875,7518
2026-03-02 06:00:00,1464.699951171875,1464.800048828125,1462.699951171875,1463.5,7580
2026-03-02 06:05:00,1463.5,1464.0999755859375,1462.800048828125,1464.0999755859375,6848
2026-03-02 06:10:00,1464.5,1465.0,1462.9000244140625,1463.5999755859375,7081
2026-03-02 06:15:00,1465.0,1465.9000244140625,1461.0999755859375,1462.4000244140625,12944
2026-03-02 06:20:00,1462.5,1463.0,1458.5999755859375,1459.199951171875,11492
2026-03-02 06:25:00,1459.9000244140625,1460.0,1456.9000244140625,1457.5,12763
2026-03-02 06:30:00,1458.0,1458.0,1456.4000244140625,1457.699951171875,11204
2026-03-02 06:35:00,1457.699951171875,1457.800048828125,1455.0999755859375,1456.0999755859375,14857
2026-03-02 06:40:00,1456.699951171875,1456.699951171875,1454.5999755859375,1454.5999755859375,13605
2026-03-02 06:45:00,1455.199951171875,1456.0,1452.5999755859375,1453.0,15690
2026-03-02 06:50:00,1452.9000244140625,1456.699951171875,1447.0999755859375,1448.4000244140625,40500
2026-03-02 06:55:00,1448.4000244140625,1454.199951171875,1444.0999755859375,1452.9000244140625,58024
2026-03-02 07:00:00,1453.800048828125,1453.9000244140625,1450.800048828125,1452.4000244140625,22155
2026-03-02 07:05:00,1452.699951171875,1452.699951171875,1445.4000244140625,1445.4000244140625,16852
2026-03-02 07:10:00,1446.0999755859375,1449.699951171875,1445.5,1447.0999755859375,14652
2026-03-02 07:15:00,1447.300048828125,1449.300048828125,1445.9000244140625,1449.199951171875,13036
2026-03-02 07:20:00,1448.300048828125,1448.5999755859375,1446.0,1446.0999755859375,10120
2026-03-02 07:25:00,1446.800048828125,1448.4000244140625,1445.0999755859375,1448.4000244140625,9812
2026-03-02 07:30:00,1448.4000244140625,1449.800048828125,1445.5,1449.5,12148
2026-03-02 07:35:00,1449.800048828125,1451.0,1449.0999755859375,1450.0,12097
2026-03-02 07:40:00,1450.0,1451.4000244140625,1446.9000244140625,1446.9000244140625,11773
2026-03-02 07:45:00,1447.300048828125,1449.5,1446.9000244140625,1448.0999755859375,21391
2026-03-02 07:50:00,1447.699951171875,1449.0999755859375,1446.5,1448.0,14799
2026-03-02 07:55:00,1448.4000244140625,1449.5999755859375,1446.5,1448.199951171875,18474
2026-03-02 08:00:00,1448.0999755859375,1449.4000244140625,1447.4000244140625,1449.0,15574
2026-03-02 08:05:00,1449.0,1449.0,1445.4000244140625,1446.9000244140625,57000
2026-03-02 08:10:00,1446.300048828125,1450.4000244140625,1446.0,1450.4000244140625,36533
2026-03-02 08:15:00,1450.4000244140625,1453.300048828125,1450.4000244140625,1452.0999755859375,27830
2026-03-02 08:20:00,1452.199951171875,1452.199951171875,1449.0999755859375,1451.800048828125,39126
2026-03-02 08:25:00,1451.800048828125,1453.699951171875,1450.9000244140625,1453.5999755859375,24879
2026-03-02 08:30:00,1451.800048828125,1458.699951171875,1451.0999755859375,1456.5,47558
2026-03-02 08:35:00,1456.9000244140625,1464.800048828125,1456.9000244140625,1464.0,67718
2026-03-02 08:40:00,1464.0,1467.5999755859375,1462.800048828125,1464.5999755859375,108944
2026-03-02 08:45:00,1464.5999755859375,1466.0999755859375,1464.300048828125,1464.800048828125,34737
2026-03-02 08:50:00,1465.0999755859375,1466.699951171875,1463.800048828125,1465.199951171875,33687
2026-03-02 08:55:00,1465.199951171875,1465.199951171875,1461.199951171875,1461.4000244140625,23805
2026-03-02 09:00:00,1461.699951171875,1466.0,1460.0,1465.5,43629
2026-03-02 09:05:00,1466.5,1468.800048828125,1465.800048828125,1468.699951171875,35870
2026-03-02 09:10:00,1469.300048828125,1470.199951171875,1467.0,1469.800048828125,41657
2026-03-02 09:15:00,1469.800048828125,1470.300048828125,1467.699951171875,1467.9000244140625,22624
2026-03-02 09:20:00,1467.0999755859375,1467.0999755859375,1464.9000244140625,1466.699951171875,20112
2026-03-02 09:25:00,1466.4000244140625,1467.699951171875,1463.800048828125,1464.699951171875,24207
2026-03-02 09:30:00,1466.0,1469.800048828125,1465.199951171875,1466.199951171875,57980
2026-03-02 09:35:00,1466.0,1468.0,1465.300048828125,1466.5999755859375,30600
2026-03-02 09:40:00,1466.5999755859375,1468.800048828125,1465.9000244140625,1468.800048828125,39863
2026-03-02 09:45:00,1469.5,1471.0,1467.5999755859375,1470.9000244140625,48435
2026-03-02 09:50:00,1471.5,1472.0,1467.9000244140625,1469.0,67185
2026-03-02 09:55:00,1468.800048828125,1474.5999755859375,1468.300048828125,1468.9000244140625,41791
2026-03-04 03:45:00,1446.5,1460.9000244140625,1445.699951171875,1458.699951171875,0
2026-03-04 03:50:00,1458.699951171875,1467.0,1458.0,1462.4000244140625,88032
2026-03-04 03:55:00,1461.699951171875,1470.800048828125,1458.699951171875,1469.300048828125,128455
2026-03-04 04:00:00,1470.0999755859375,1472.5999755859375,1469.199951171875,1472.199951171875,28915
2026-03-04 04:05:00,1472.199951171875,1480.0,1470.9000244140625,1479.300048828125,48656
2026-03-04 04:10:00,1476.0999755859375,1478.199951171875,1465.5999755859375,1473.5,66946
2026-03-04 04:15:00,1472.9000244140625,1473.5999755859375,1468.5999755859375,1470.5999755859375,14420
2026-03-04 04:20:00,1470.300048828125,1471.300048828125,1468.699951171875,1469.5999755859375,12318
2026-03-04 04:25:00,1469.5999755859375,1469.9000244140625,1465.199951171875,1466.300048828125,19508
2026-03-04 04:30:00,1466.0999755859375,1470.4000244140625,1464.199951171875,1468.800048828125,21246
2026-03-04 04:35:00,1468.9000244140625,1469.199951171875,1465.0,1468.300048828125,8907
2026-03-04 04:40:00,1468.4000244140625,1468.4000244140625,1465.199951171875,1467.5,10534
2026-03-04 04:45:00,1467.5,1470.4000244140625,1465.5999755859375,1468.800048828125,13210
2026-03-04 04:50:00,1470.0,1472.0999755859375,1468.5999755859375,1468.5999755859375,10704
2026-03-04 04:55:00,1468.5999755859375,1470.5,1468.199951171875,1470.0,8799
2026-03-04 05:00:00,1470.4000244140625,1471.199951171875,1468.5999755859375,1471.199951171875,16294
2026-03-04 05:05:00,1470.5,1471.9000244140625,1466.5999755859375,1466.5999755859375,18785
2026-03-04 05:10:00,1467.0999755859375,1467.5999755859375,1462.4000244140625,1463.300048828125,18921
2026-03-04 05:15:00,1460.300048828125,1461.800048828125,1455.5999755859375,1457.300048828125,24921
2026-03-04 05:20:00,1457.300048828125,1460.4000244140625,1452.800048828125,1459.9000244140625,20058
2026-03-04 05:25:00,1459.300048828125,1459.5,1456.699951171875,1458.0,5721
2026-03-04 05:30:00,1458.5,1460.0999755859375,1457.4000244140625,1457.4000244140625,7691
2026-03-04 05:35:00,1457.5999755859375,1463.699951171875,1456.4000244140625,1463.0999755859375,9376
2026-03-04 05:40:00,1463.0999755859375,1464.0999755859375,1461.4000244140625,1461.699951171875,5030
2026-03-04 05:45:00,1461.699951171875,1462.800048828125,1458.9000244140625,1462.300048828125,8457
2026-03-04 05:50:00,1462.199951171875,1468.5,1462.199951171875,1468.0,48154
2026-03-04 05:55:00,1468.0999755859375,1475.800048828125,1468.0,1475.800048828125,18663
2026-03-04 06:00:00,1475.199951171875,1478.4000244140625,1472.199951171875,1472.5,18749
2026-03-04 06:05:00,1473.4000244140625,1474.5999755859375,1471.800048828125,1474.4000244140625,5233
2026-03-04 06:10:00,1474.300048828125,1476.9000244140625,1473.199951171875,1476.5,15221
2026-03-04 06:15:00,1476.5,1476.5,1471.300048828125,1472.699951171875,19522
2026-03-04 06:20:00,1472.9000244140625,1474.9000244140625,1472.300048828125,1472.9000244140625,5200
2026-03-04 06:25:00,1472.699951171875,1474.199951171875,1472.4000244140625,1474.0,4175
2026-03-04 06:30:00,1473.800048828125,1476.4000244140625,1473.800048828125,1475.699951171875,4648
2026-03-04 06:35:00,1475.5999755859375,1476.5,1473.0,1474.5999755859375,8712
2026-03-04 06:40:00,1474.5,1474.5999755859375,1472.0999755859375,1472.199951171875,4883
2026-03-04 06:45:00,1472.0,1472.5999755859375,1472.0,1472.4000244140625,3459
2026-03-04 06:50:00,1472.300048828125,1475.300048828125,1472.300048828125,1475.300048828125,7070
2026-03-04 06:55:00,1475.0999755859375,1477.9000244140625,1474.300048828125,1477.699951171875,5818
2026-03-04 07:00:00,1478.0,1482.0,1477.5999755859375,1478.699951171875,15515
2026-03-04 07:05:00,1478.9000244140625,1485.0,1478.5999755859375,1484.300048828125,18225
2026-03-04 07:10:00,1484.300048828125,1485.0,1480.199951171875,1480.5999755859375,12531
2026-03-04 07:15:00,1480.5999755859375,1483.4000244140625,1479.4000244140625,1482.800048828125,14885
2026-03-04 07:20:00,1482.800048828125,1483.699951171875,1480.0999755859375,1481.300048828125,10154
2026-03-04 07:25:00,1481.4000244140625,1482.5,1480.800048828125,1482.0,5552
2026-03-04 07:30:00,1481.699951171875,1482.300048828125,1480.5999755859375,1482.0,6251
2026-03-04 07:35:00,1482.0,1486.5,1481.5999755859375,1484.0999755859375,14973
2026-03-04 07:40:00,1484.0999755859375,1484.199951171875,1481.800048828125,1482.5999755859375,10131
2026-03-04 07:45:00,1482.5999755859375,1482.5999755859375,1480.0,1481.5,6796
2026-03-04 07:50:00,1481.5999755859375,1482.300048828125,1481.300048828125,1481.800048828125,3765
2026-03-04 07:55:00,1481.5,1483.5,1481.5,1483.4000244140625,4318
2026-03-04 08:00:00,1483.0999755859375,1485.199951171875,1480.5,1481.199951171875,5082
2026-03-04 08:05:00,1480.699951171875,1482.300048828125,1480.4000244140625,1481.9000244140625,7451
2026-03-04 08:10:00,1482.0,1482.0,1480.800048828125,1482.0,3989
2026-03-04 08:15:00,1481.5999755859375,1482.5999755859375,1480.0,1481.5,6760
2026-03-04 08:20:00,1481.0999755859375,1481.5,1480.0,1480.4000244140625,4754
2026-03-04 08:25:00,1480.300048828125,1483.199951171875,1480.0,1481.699951171875,25243
2026-03-04 08:30:00,1481.699951171875,1482.199951171875,1480.199951171875,1481.199951171875,4410
2026-03-04 08:35:00,1481.199951171875,1482.699951171875,1480.4000244140625,1482.0,5998
2026-03-04 08:40:00,1482.199951171875,1483.4000244140625,1481.0999755859375,1482.5999755859375,9090
2026-03-04 08:45:00,1482.9000244140625,1484.0,1481.9000244140625,1483.699951171875,3988
2026-03-04 08:50:00,1483.199951171875,1483.300048828125,1480.800048828125,1481.4000244140625,4324
2026-03-04 08:55:00,1481.4000244140625,1483.800048828125,1480.0,1482.300048828125,24301
2026-03-04 09:00:00,1482.300048828125,1482.699951171875,1480.699951171875,1481.0,10011
2026-03-04 09:05:00,1481.5999755859375,1483.300048828125,1480.4000244140625,1483.300048828125,12300
2026-03-04 09:10:00,1483.4000244140625,1484.0,1481.4000244140625,1482.9000244140625,9358
2026-03-04 09:15:00,1482.9000244140625,1484.800048828125,1480.300048828125,1484.800048828125,14722
2026-03-04 09:20:00,1484.4000244140625,1485.300048828125,1482.699951171875,1484.300048828125,22974
2026-03-04 09:25:00,1483.5999755859375,1484.0999755859375,1481.5999755859375,1482.800048828125,12744
2026-03-04 09:30:00,1482.5,1482.5,1480.0,1481.0999755859375,40385
2026-03-04 09:35:00,1481.0999755859375,1481.5999755859375,1480.0,1480.0,30929
2026-03-04 09:40:00,1480.300048828125,1481.5,1480.0,1480.5,27616
2026-03-04 09:45:00,1481.0999755859375,1483.0,1480.300048828125,1480.300048828125,27234
2026-03-04 09:50:00,1480.300048828125,1480.5999755859375,1480.0,1480.0999755859375,37117
2026-03-04 09:55:00,1480.199951171875,1480.199951171875,1471.5,1479.0,64494
2026-03-05 03:45:00,1487.0999755859375,1512.5999755859375,1487.0999755859375,1501.699951171875,0
2026-03-05 03:50:00,1504.5,1504.5,1492.4000244140625,1493.800048828125,17137
2026-03-05 03:55:00,1494.5,1494.5,1485.0,1485.9000244140625,12085
2026-03-05 04:00:00,1486.800048828125,1487.0999755859375,1474.300048828125,1480.4000244140625,36472
2026-03-05 04:05:00,1480.4000244140625,1480.5,1473.199951171875,1473.800048828125,15312
2026-03-05 04:10:00,1473.800048828125,1477.300048828125,1473.0,1476.0,9750
2026-03-05 04:15:00,1476.0,1478.5999755859375,1475.0,1477.4000244140625,9469
2026-03-05 04:20:00,1477.4000244140625,1477.5999755859375,1475.0,1476.0999755859375,9901
2026-03-05 04:25:00,1476.0999755859375,1476.0999755859375,1470.0,1473.800048828125,30502
2026-03-05 04:30:00,1473.699951171875,1474.9000244140625,1470.0,1470.800048828125,10619
2026-03-05 04:35:00,1470.800048828125,1473.300048828125,1469.800048828125,1469.800048828125,7546
2026-03-05 04:40:00,1469.9000244140625,1477.0,1469.9000244140625,1475.800048828125,52579
2026-03-05 04:45:00,1475.699951171875,1476.0999755859375,1470.800048828125,1472.9000244140625,11111
2026-03-05 04:50:00,1473.199951171875,1474.5999755859375,1470.0,1471.300048828125,14148
2026-03-05 04:55:00,1471.300048828125,1471.300048828125,1466.199951171875,1466.9000244140625,14630
2026-03-05 05:00:00,1466.800048828125,1467.0,1461.9000244140625,1462.699951171875,8693
2026-03-05 05:05:00,1462.9000244140625,1468.0999755859375,1462.9000244140625,1467.5999755859375,12640
2026-03-05 05:10:00,1467.5,1467.9000244140625,1464.300048828125,1467.4000244140625,10891
2026-03-05 05:15:00,1467.4000244140625,1468.5999755859375,1465.699951171875,1465.800048828125,3898
2026-03-05 05:20:00,1465.5,1465.5,1462.0,1462.5999755859375,7272
2026-03-05 05:25:00,1462.0999755859375,1466.699951171875,1462.0999755859375,1464.4000244140625,13390
2026-03-05 05:30:00,1464.4000244140625,1465.5999755859375,1460.199951171875,1460.699951171875,8597
2026-03-05 05:35:00,1460.699951171875,1465.9000244140625,1458.0,1464.800048828125,9471
2026-03-05 05:40:00,1464.699951171875,1468.300048828125,1464.0,1467.800048828125,22150
2026-03-05 05:45:00,1467.5999755859375,1469.4000244140625,1467.5,1468.300048828125,4505
2026-03-05 05:50:00,1468.0999755859375,1470.300048828125,1467.5999755859375,1468.199951171875,17397
2026-03-05 05:55:00,1468.199951171875,1468.5,1467.0,1467.4000244140625,4371
2026-03-05 06:00:00,1467.4000244140625,1469.0999755859375,1467.0,1467.199951171875,15850
2026-03-05 06:05:00,1467.0,1469.0,1467.0,1468.699951171875,24857
2026-03-05 06:10:00,1469.0,1469.0,1467.0,1467.800048828125,13617
2026-03-05 06:15:00,1467.0,1467.800048828125,1467.0,1467.800048828125,27468
2026-03-05 06:20:00,1467.699951171875,1470.0,1467.0,1470.0,7653
2026-03-05 06:25:00,1470.0,1471.4000244140625,1467.0999755859375,1468.699951171875,8205
2026-03-05 06:30:00,1469.0,1469.0,1467.0,1468.0,21954
2026-03-05 06:35:00,1468.199951171875,1470.800048828125,1468.0,1469.800048828125,2701
2026-03-05 06:40:00,1469.699951171875,1470.4000244140625,1468.199951171875,1469.4000244140625,4700
2026-03-05 06:45:00,1469.300048828125,1470.4000244140625,1469.0,1469.5,2844
2026-03-05 06:50:00,1469.4000244140625,1472.9000244140625,1469.4000244140625,1471.4000244140625,4653
2026-03-05 06:55:00,1471.300048828125,1474.4000244140625,1470.4000244140625,1473.199951171875,4432
2026-03-05 07:00:00,1472.800048828125,1474.0999755859375,1472.300048828125,1472.300048828125,3202
2026-03-05 07:05:00,1472.5,1472.800048828125,1470.4000244140625,1472.4000244140625,2097
2026-03-05 07:10:00,1472.5,1472.9000244140625,1471.199951171875,1472.300048828125,2622
2026-03-05 07:15:00,1472.0999755859375,1472.4000244140625,1470.800048828125,1471.9000244140625,2412
2026-03-05 07:20:00,1471.699951171875,1471.9000244140625,1469.0,1470.699951171875,5064
2026-03-05 07:25:00,1471.0999755859375,1475.199951171875,1471.0,1473.800048828125,4597
2026-03-05 07:30:00,1473.9000244140625,1474.4000244140625,1469.5,1469.9000244140625,3811
2026-03-05 07:35:00,1470.0,1471.4000244140625,1469.5,1470.9000244140625,3588
2026-03-05 07:40:00,1470.9000244140625,1472.800048828125,1470.0,1472.300048828125,3848
2026-03-05 07:45:00,1472.300048828125,1472.300048828125,1467.0,1467.300048828125,7336
2026-03-05 07:50:00,1468.0,1468.699951171875,1467.0,1468.199951171875,10032
2026-03-05 07:55:00,1468.199951171875,1470.199951171875,1467.0,1470.0999755859375,2772
2026-03-05 08:00:00,1470.300048828125,1470.699951171875,1467.699951171875,1468.9000244140625,3967
2026-03-05 08:05:00,1468.800048828125,1470.4000244140625,1468.300048828125,1469.9000244140625,4313
2026-03-05 08:10:00,1469.9000244140625,1471.4000244140625,1469.699951171875,1470.699951171875,4467
2026-03-05 08:15:00,1470.699951171875,1471.4000244140625,1470.0999755859375,1470.0999755859375,1553
2026-03-05 08:20:00,1470.0,1471.0,1467.0999755859375,1468.300048828125,4462
2026-03-05 08:25:00,1468.199951171875,1469.4000244140625,1467.0,1467.699951171875,12008
2026-03-05 08:30:00,1467.0,1469.0999755859375,1467.0,1468.300048828125,4228
2026-03-05 08:35:00,1468.300048828125,1469.0999755859375,1467.5999755859375,1467.5999755859375,3133
2026-03-05 08:40:00,1467.800048828125,1467.800048828125,1467.0,1467.0,48185
2026-03-05 08:45:00,1467.0999755859375,1469.4000244140625,1459.0,1459.4000244140625,28547
2026-03-05 08:50:00,1459.300048828125,1461.300048828125,1456.4000244140625,1460.199951171875,14813
2026-03-05 08:55:00,1460.5,1461.699951171875,1459.4000244140625,1461.0999755859375,6026
2026-03-05 09:00:00,1461.0,1461.0,1457.0999755859375,1457.0999755859375,7550
2026-03-05 09:05:00,1457.4000244140625,1462.699951171875,1453.9000244140625,1462.699951171875,12978
2026-03-05 09:10:00,1462.5999755859375,1472.9000244140625,1461.800048828125,1471.0999755859375,17166
2026-03-05 09:15:00,1471.300048828125,1478.0999755859375,1471.300048828125,1477.0999755859375,16093
2026-03-05 09:20:00,1477.4000244140625,1481.5,1477.0999755859375,1481.5,8398
2026-03-05 09:25:00,1481.4000244140625,1481.4000244140625,1477.4000244140625,1480.4000244140625,10079
2026-03-05 09:30:00,1479.5999755859375,1480.0,1471.0,1474.5999755859375,24316
2026-03-05 09:35:00,1473.4000244140625,1474.5,1472.300048828125,1473.5999755859375,17194
2026-03-05 09:40:00,1473.5999755859375,1476.800048828125,1469.199951171875,1470.0,26009
2026-03-05 09:45:00,1471.0,1473.5999755859375,1470.5999755859375,1472.300048828125,24616
2026-03-05 09:50:00,1471.800048828125,1472.4000244140625,1469.199951171875,1470.0,25849
2026-03-05 09:55:00,1470.0,1474.4000244140625,1466.300048828125,1466.300048828125,23241
2026-03-06 03:45:00,1462.699951171875,1462.699951171875,1442.9000244140625,1443.0,0
2026-03-06 03:50:00,1443.699951171875,1449.800048828125,1442.0,1445.699951171875,62088
2026-03-06 03:55:00,1445.0,1450.5999755859375,1444.0,1445.5,36265
2026-03-06 04:00:00,1446.0,1446.0,1437.699951171875,1438.300048828125,81335
2026-03-06 04:05:00,1438.0,1446.0,1437.0,1441.5999755859375,43066
2026-03-06 04:10:00,1441.5999755859375,1445.5,1440.9000244140625,1444.300048828125,24407
2026-03-06 04:15:00,1443.9000244140625,1443.9000244140625,1440.4000244140625,1440.9000244140625,26223
2026-03-06 04:20:00,1440.9000244140625,1441.800048828125,1440.0,1440.5,10480
2026-03-06 04:25:00,1440.5,1441.300048828125,1435.5,1437.0,29277
2026-03-06 04:30:00,1436.4000244140625,1438.0,1433.9000244140625,1433.9000244140625,47448
2026-03-06 04:35:00,1433.300048828125,1437.9000244140625,1431.9000244140625,1434.699951171875,32717
2026-03-06 04:40:00,1434.5999755859375,1435.5,1432.300048828125,1432.300048828125,32322
2026-03-06 04:45:00,1432.199951171875,1433.800048828125,1432.0,1433.199951171875,6720
2026-03-06 04:50:00,1433.199951171875,1437.800048828125,1432.5,1436.5,14873
2026-03-06 04:55:00,1436.5,1438.300048828125,1434.800048828125,1435.9000244140625,14150
2026-03-06 05:00:00,1435.0,1438.4000244140625,1435.0,1435.699951171875,8461
2026-03-06 05:05:00,1435.5,1438.300048828125,1434.5999755859375,1435.4000244140625,17054
2026-03-06 05:10:00,1435.699951171875,1435.699951171875,1427.300048828125,1428.699951171875,57984
2026-03-06 05:15:00,1428.9000244140625,1431.800048828125,1428.0999755859375,1429.0,19102
2026-03-06 05:20:00,1428.800048828125,1431.4000244140625,1428.0999755859375,1429.0999755859375,9463
2026-03-06 05:25:00,1429.0999755859375,1429.800048828125,1427.199951171875,1428.5,31458
2026-03-06 05:30:00,1429.4000244140625,1430.4000244140625,1428.0,1429.5,8260
2026-03-06 05:35:00,1429.5999755859375,1433.4000244140625,1429.0,1433.4000244140625,18729
2026-03-06 05:40:00,1433.4000244140625,1433.4000244140625,1431.800048828125,1432.4000244140625,4508
2026-03-06 05:45:00,1432.300048828125,1432.300048828125,1428.0,1429.5999755859375,9758
2026-03-06 05:50:00,1429.5999755859375,1429.5999755859375,1427.5999755859375,1428.5999755859375,5103
2026-03-06 05:55:00,1428.5,1435.0,1427.800048828125,1434.9000244140625,21115
2026-03-06 06:00:00,1434.9000244140625,1436.4000244140625,1434.0,1435.4000244140625,15743
2026-03-06 06:05:00,1435.4000244140625,1436.199951171875,1433.199951171875,1434.0999755859375,10048
2026-03-06 06:10:00,1434.0999755859375,1435.0,1429.0,1432.0999755859375,16266
2026-03-06 06:15:00,1432.0999755859375,1435.5,1430.199951171875,1430.800048828125,13882
2026-03-06 06:20:00,1430.800048828125,1431.300048828125,1430.0,1430.5999755859375,3267
2026-03-06 06:25:00,1430.5999755859375,1430.5999755859375,1428.0,1429.4000244140625,8308
2026-03-06 06:30:00,1429.4000244140625,1429.4000244140625,1422.0999755859375,1422.5,34809
2026-03-06 06:35:00,1422.800048828125,1423.699951171875,1420.800048828125,1421.5,17417
2026-03-06 06:40:00,1421.5,1422.5999755859375,1418.5,1418.9000244140625,20531
2026-03-06 06:45:00,1418.9000244140625,1420.4000244140625,1418.300048828125,1419.4000244140625,11645
2026-03-06 06:50:00,1419.4000244140625,1419.9000244140625,1417.5,1419.9000244140625,13009
2026-03-06 06:55:00,1419.9000244140625,1419.9000244140625,1417.4000244140625,1417.800048828125,7502
2026-03-06 07:00:00,1417.800048828125,1419.9000244140625,1417.199951171875,1419.699951171875,9047
2026-03-06 07:05:00,1419.199951171875,1419.800048828125,1417.4000244140625,1417.4000244140625,5633
2026-03-06 07:10:00,1417.5,1421.5999755859375,1417.0,1419.800048828125,21485
2026-03-06 07:15:00,1419.800048828125,1419.800048828125,1414.5,1416.0999755859375,35352
2026-03-06 07:20:00,1415.800048828125,1417.300048828125,1412.5999755859375,1413.5,18392
2026-03-06 07:25:00,1413.5,1414.800048828125,1411.300048828125,1414.300048828125,20141
2026-03-06 07:30:00,1414.4000244140625,1415.4000244140625,1413.0,1413.699951171875,10894
2026-03-06 07:35:00,1413.699951171875,1413.800048828125,1411.199951171875,1412.0,10346
2026-03-06 07:40:00,1411.4000244140625,1414.199951171875,1411.0,1414.0,8133
2026-03-06 07:45:00,1413.4000244140625,1422.5,1412.9000244140625,1422.300048828125,40879
2026-03-06 07:50:00,1422.5999755859375,1427.9000244140625,1422.0,1427.0,26218
2026-03-06 07:55:00,1427.0,1436.699951171875,1427.0,1436.5,106095
2026-03-06 08:00:00,1436.0,1441.5999755859375,1435.0,1435.4000244140625,38594
2026-03-06 08:05:00,1435.0,1436.5999755859375,1433.0,1434.5999755859375,23389
2026-03-06 08:10:00,1434.4000244140625,1436.0,1433.199951171875,1435.0,19650
2026-03-06 08:15:00,1435.0,1435.9000244140625,1433.699951171875,1435.5999755859375,51072
2026-03-06 08:20:00,1435.5,1435.5999755859375,1429.4000244140625,1430.699951171875,34007
2026-03-06 08:25:00,1430.4000244140625,1431.0,1423.5,1423.5,21488
2026-03-06 08:30:00,1423.5,1426.5,1423.4000244140625,1423.699951171875,16645
2026-03-06 08:35:00,1424.0999755859375,1429.4000244140625,1423.699951171875,1428.9000244140625,27891
2026-03-06 08:40:00,1428.9000244140625,1429.0,1425.699951171875,1427.699951171875,12565
2026-03-06 08:45:00,1427.5999755859375,1429.5999755859375,1426.800048828125,1428.0999755859375,10136
2026-03-06 08:50:00,1428.0,1428.199951171875,1425.4000244140625,1426.800048828125,10342
2026-03-06 08:55:00,1426.800048828125,1428.4000244140625,1426.0999755859375,1426.699951171875,4348
2026-03-06 09:00:00,1426.699951171875,1426.699951171875,1425.0,1425.300048828125,8424
2026-03-06 09:05:00,1425.300048828125,1427.9000244140625,1425.0,1427.9000244140625,29496
2026-03-06 09:10:00,1427.9000244140625,1431.4000244140625,1427.0,1428.5,49100
2026-03-06 09:15:00,1428.5,1429.5999755859375,1421.0,1423.5,70335
2026-03-06 09:20:00,1423.199951171875,1427.9000244140625,1421.699951171875,1427.0999755859375,47685
2026-03-06 09:25:00,1426.800048828125,1427.4000244140625,1425.0999755859375,1425.9000244140625,44291
2026-03-06 09:30:00,1426.0999755859375,1427.5,1422.0,1422.0999755859375,75499
2026-03-06 09:35:00,1422.5,1425.5,1420.0,1424.699951171875,88356
2026-03-06 09:40:00,1424.699951171875,1430.4000244140625,1423.4000244140625,1429.199951171875,84715
2026-03-06 09:45:00,1430.0,1432.699951171875,1428.5999755859375,1432.0,145944
2026-03-06 09:50:00,1431.9000244140625,1433.5999755859375,1430.699951171875,1433.5999755859375,89507
2026-03-06 09:55:00,1433.0999755859375,1434.300048828125,1431.0999755859375,1433.5,52429
2026-03-09 03:45:00,1401.9000244140625,1408.199951171875,1380.199951171875,1382.0,0
2026-03-09 03:50:00,1381.699951171875,1383.4000244140625,1372.5999755859375,1372.5999755859375,27420
2026-03-09 03:55:00,1372.5,1373.5999755859375,1364.0,1373.5999755859375,34677
2026-03-09 04:00:00,1373.5999755859375,1383.4000244140625,1373.5999755859375,1375.5,17598
2026-03-09 04:05:00,1375.5999755859375,1383.9000244140625,1373.199951171875,1383.0,35558
2026-03-09 04:10:00,1380.199951171875,1385.199951171875,1379.0,1384.4000244140625,21640
2026-03-09 04:15:00,1384.199951171875,1387.199951171875,1383.0,1385.5,20509
2026-03-09 04:20:00,1385.5,1388.4000244140625,1384.9000244140625,1388.300048828125,8975
2026-03-09 04:25:00,1388.199951171875,1391.0,1387.0,1387.0,7454
2026-03-09 04:30:00,1387.0,1389.699951171875,1383.9000244140625,1388.199951171875,13163
2026-03-09 04:35:00,1388.0,1389.300048828125,1386.699951171875,1388.699951171875,6444
2026-03-09 04:40:00,1388.199951171875,1392.800048828125,1387.0,1389.199951171875,18860
2026-03-09 04:45:00,1388.4000244140625,1390.9000244140625,1385.0,1389.699951171875,30989
2026-03-09 04:50:00,1389.699951171875,1394.0,1387.9000244140625,1389.0,41631
2026-03-09 04:55:00,1386.5999755859375,1388.9000244140625,1385.0,1387.699951171875,92553
2026-03-09 05:00:00,1387.199951171875,1390.300048828125,1386.699951171875,1388.300048828125,20816
2026-03-09 05:05:00,1388.4000244140625,1389.9000244140625,1383.4000244140625,1389.5,32680
2026-03-09 05:10:00,1389.5,1396.300048828125,1387.300048828125,1390.699951171875,62513
2026-03-09 05:15:00,1390.699951171875,1391.199951171875,1385.199951171875,1386.199951171875,17199
2026-03-09 05:20:00,1386.300048828125,1393.4000244140625,1385.699951171875,1393.4000244140625,20257
2026-03-09 05:25:00,1393.4000244140625,1395.800048828125,1392.300048828125,1393.5999755859375,12859
2026-03-09 05:30:00,1394.199951171875,1395.699951171875,1392.300048828125,1395.5,3150
2026-03-09 05:35:00,1395.5,1395.5,1393.0,1393.0,1663
2026-03-09 05:40:00,1393.0,1394.300048828125,1390.5999755859375,1393.0999755859375,8900
2026-03-09 05:45:00,1392.800048828125,1394.800048828125,1392.199951171875,1394.0999755859375,2871
2026-03-09 05:50:00,1394.699951171875,1402.0999755859375,1394.5,1401.0,20397
2026-03-09 05:55:00,1401.0,1410.300048828125,1400.0,1410.300048828125,14609
2026-03-09 06:00:00,1409.4000244140625,1417.699951171875,1409.4000244140625,1417.0999755859375,16815
2026-03-09 06:05:00,1417.0,1418.300048828125,1416.300048828125,1418.300048828125,7839
2026-03-09 06:10:00,1418.9000244140625,1426.0,1414.800048828125,1417.5,48568
2026-03-09 06:15:00,1416.5999755859375,1424.5,1416.5999755859375,1422.0999755859375,20023
2026-03-09 06:20:00,1421.9000244140625,1423.300048828125,1420.800048828125,1421.5,9076
2026-03-09 06:25:00,1421.699951171875,1421.9000244140625,1420.0,1420.5999755859375,8996
2026-03-09 06:30:00,1420.5999755859375,1424.199951171875,1420.0,1423.800048828125,10063
2026-03-09 06:35:00,1423.0,1423.9000244140625,1420.0,1421.5,7923
2026-03-09 06:40:00,1421.5999755859375,1424.5,1420.9000244140625,1423.699951171875,5279
2026-03-09 06:45:00,1423.699951171875,1425.0,1422.300048828125,1424.0,4982
2026-03-09 06:50:00,1423.800048828125,1424.0,1419.4000244140625,1421.800048828125,21694
2026-03-09 06:55:00,1422.5,1424.5,1420.800048828125,1424.5,5662
2026-03-09 07:00:00,1423.699951171875,1424.5,1421.199951171875,1422.300048828125,3221
2026-03-09 07:05:00,1421.5999755859375,1425.9000244140625,1420.9000244140625,1425.9000244140625,8037
2026-03-09 07:10:00,1425.800048828125,1428.800048828125,1425.800048828125,1426.199951171875,6386
2026-03-09 07:15:00,1426.300048828125,1427.0,1422.300048828125,1423.0,7598
2026-03-09 07:20:00,1423.4000244140625,1428.0999755859375,1422.300048828125,1427.800048828125,8607
2026-03-09 07:25:00,1427.800048828125,1428.5999755859375,1426.199951171875,1428.300048828125,2602
2026-03-09 07:30:00,1428.0,1429.4000244140625,1426.4000244140625,1427.9000244140625,5096
2026-03-09 07:35:00,1428.0,1428.699951171875,1426.699951171875,1427.4000244140625,3574
2026-03-09 07:40:00,1427.5,1427.5,1425.0,1425.4000244140625,7032
2026-03-09 07:45:00,1425.699951171875,1428.0999755859375,1425.0,1428.0999755859375,5810
2026-03-09 07:50:00,1428.4000244140625,1434.0,1428.4000244140625,1431.0,15941
2026-03-09 07:55:00,1431.300048828125,1431.300048828125,1425.0999755859375,1425.9000244140625,11837
2026-03-09 08:00:00,1425.699951171875,1429.0,1425.699951171875,1426.300048828125,6180
2026-03-09 08:05:00,1426.5,1429.4000244140625,1426.199951171875,1429.0999755859375,2948
2026-03-09 08:10:00,1429.0999755859375,1432.800048828125,1428.699951171875,1430.800048828125,4237
2026-03-09 08:15:00,1430.800048828125,1430.800048828125,1427.9000244140625,1429.0999755859375,7820
2026-03-09 08:20:00,1429.300048828125,1429.5,1427.4000244140625,1429.0,3446
2026-03-09 08:25:00,1429.300048828125,1432.800048828125,1428.5,1429.300048828125,11112
2026-03-09 08:30:00,1429.300048828125,1431.699951171875,1429.300048828125,1430.5,15267
2026-03-09 08:35:00,1430.5,1430.5,1425.699951171875,1426.4000244140625,16449
2026-03-09 08:40:00,1426.0999755859375,1427.9000244140625,1424.699951171875,1425.699951171875,32976
2026-03-09 08:45:00,1425.5,1428.0,1421.300048828125,1427.699951171875,44648
2026-03-09 08:50:00,1427.5,1428.9000244140625,1424.5999755859375,1425.5,27718
2026-03-09 08:55:00,1425.0,1427.0,1425.0,1425.5999755859375,7704
2026-03-09 09:00:00,1425.5999755859375,1427.5,1424.800048828125,1425.199951171875,18931
2026-03-09 09:05:00,1425.0999755859375,1427.0999755859375,1424.800048828125,1425.0999755859375,16411
2026-03-09 09:10:00,1425.5999755859375,1426.0999755859375,1421.5999755859375,1425.0,33772
2026-03-09 09:15:00,1425.0,1431.4000244140625,1424.0,1428.4000244140625,16778
2026-03-09 09:20:00,1428.5,1430.4000244140625,1427.5,1430.0,10150
2026-03-09 09:25:00,1430.0,1432.5999755859375,1430.0,1432.5999755859375,8247
2026-03-09 09:30:00,1432.5,1436.9000244140625,1430.800048828125,1435.9000244140625,25499
2026-03-09 09:35:00,1435.5999755859375,1436.4000244140625,1429.0999755859375,1430.0999755859375,19623
2026-03-09 09:40:00,1430.0,1433.5999755859375,1429.300048828125,1429.300048828125,17084
2026-03-09 09:45:00,1428.9000244140625,1429.5,1426.199951171875,1426.5,16891
2026-03-09 09:50:00,1426.9000244140625,1429.4000244140625,1426.5999755859375,1428.800048828125,30843
2026-03-09 09:55:00,1428.800048828125,1430.699951171875,1427.4000244140625,1429.0,24372
2026-03-10 03:45:00,1442.800048828125,1449.699951171875,1442.800048828125,1447.4000244140625,0
2026-03-10 03:50:00,1451.9000244140625,1451.9000244140625,1437.5,1437.5,43146
2026-03-10 03:55:00,1437.5999755859375,1441.0,1436.800048828125,1439.5,24913
2026-03-10 04:00:00,1439.199951171875,1439.5,1436.5,1436.5,7876
2026-03-10 04:05:00,1436.5999755859375,1438.5,1432.4000244140625,1433.0,19640
2026-03-10 04:10:00,1432.9000244140625,1436.199951171875,1431.9000244140625,1435.800048828125,7126
2026-03-10 04:15:00,1436.199951171875,1444.5,1434.5999755859375,1442.199951171875,21298
2026-03-10 04:20:00,1442.4000244140625,1443.9000244140625,1439.0999755859375,1440.5999755859375,23599
2026-03-10 04:25:00,1440.300048828125,1447.0,1440.300048828125,1447.0,17106
2026-03-10 04:30:00,1447.5999755859375,1450.0,1446.9000244140625,1448.4000244140625,37377
2026-03-10 04:35:00,1449.0,1451.800048828125,1448.9000244140625,1450.800048828125,15702
2026-03-10 04:40:00,1450.699951171875,1457.0,1450.699951171875,1456.800048828125,25340
2026-03-10 04:45:00,1456.699951171875,1459.0,1456.4000244140625,1457.9000244140625,20283
2026-03-10 04:50:00,1458.4000244140625,1459.5999755859375,1456.0,1458.5,17535
2026-03-10 04:55:00,1458.800048828125,1464.800048828125,1458.5,1463.199951171875,19657
2026-03-10 05:00:00,1463.199951171875,1463.699951171875,1457.699951171875,1458.300048828125,7655
2026-03-10 05:05:00,1458.300048828125,1459.699951171875,1457.9000244140625,1459.0,3519
2026-03-10 05:10:00,1459.5,1463.0,1458.800048828125,1462.4000244140625,13922
2026-03-10 05:15:00,1462.5,1464.5,1462.5,1463.5999755859375,5822
2026-03-10 05:20:00,1464.0999755859375,1464.0999755859375,1462.0999755859375,1462.0999755859375,6788
2026-03-10 05:25:00,1462.5,1462.5999755859375,1460.699951171875,1461.9000244140625,12050
2026-03-10 05:30:00,1461.4000244140625,1463.4000244140625,1461.0,1462.300048828125,10703
2026-03-10 05:35:00,1462.300048828125,1464.5,1461.9000244140625,1464.300048828125,14661
2026-03-10 05:40:00,1464.4000244140625,1464.5,1462.300048828125,1463.0999755859375,9523
2026-03-10 05:45:00,1462.9000244140625,1464.0,1461.5999755859375,1462.5999755859375,5386
2026-03-10 05:50:00,1462.5999755859375,1465.0,1462.5,1464.4000244140625,9071
2026-03-10 05:55:00,1464.800048828125,1466.0,1463.4000244140625,1464.300048828125,11422
2026-03-10 06:00:00,1464.300048828125,1467.5,1463.5999755859375,1467.5,12864
2026-03-10 06:05:00,1467.800048828125,1467.800048828125,1462.0999755859375,1462.5999755859375,17151
2026-03-10 06:10:00,1462.5,1462.5,1460.0999755859375,1460.9000244140625,14372
2026-03-10 06:15:00,1460.699951171875,1462.300048828125,1457.5999755859375,1457.5999755859375,31918
2026-03-10 06:20:00,1457.699951171875,1459.800048828125,1455.699951171875,1459.800048828125,26957
2026-03-10 06:25:00,1460.0,1461.300048828125,1459.699951171875,1460.199951171875,20509
2026-03-10 06:30:00,1460.0999755859375,1462.0999755859375,1459.9000244140625,1461.5,13460
2026-03-10 06:35:00,1461.5999755859375,1462.0999755859375,1459.9000244140625,1460.9000244140625,11482
2026-03-10 06:40:00,1460.699951171875,1466.4000244140625,1460.5999755859375,1464.9000244140625,33635
2026-03-10 06:45:00,1465.0,1466.699951171875,1464.699951171875,1466.699951171875,17793
2026-03-10 06:50:00,1466.5999755859375,1468.5,1465.0,1467.4000244140625,81790
2026-03-10 06:55:00,1467.4000244140625,1471.0999755859375,1467.4000244140625,1471.0999755859375,22980
2026-03-10 07:00:00,1471.199951171875,1472.0,1468.199951171875,1469.699951171875,24981
2026-03-10 07:05:00,1469.0,1470.5999755859375,1467.300048828125,1467.300048828125,17093
2026-03-10 07:10:00,1467.199951171875,1468.0,1466.699951171875,1467.0,11790
2026-03-10 07:15:00,1466.9000244140625,1466.9000244140625,1464.9000244140625,1465.0999755859375,12452
2026-03-10 07:20:00,1465.300048828125,1467.0,1465.0,1466.4000244140625,13086
2026-03-10 07:25:00,1466.4000244140625,1468.5999755859375,1465.5999755859375,1467.0,10614
2026-03-10 07:30:00,1467.4000244140625,1469.0999755859375,1466.9000244140625,1468.199951171875,8998
2026-03-10 07:35:00,1468.4000244140625,1468.4000244140625,1467.0,1467.199951171875,9182
2026-03-10 07:40:00,1467.0,1467.5,1465.4000244140625,1465.5999755859375,12849
2026-03-10 07:45:00,1465.5999755859375,1466.9000244140625,1465.5999755859375,1466.199951171875,7107
2026-03-10 07:50:00,1466.199951171875,1466.9000244140625,1465.199951171875,1465.199951171875,7518
2026-03-10 07:55:00,1465.199951171875,1467.699951171875,1465.0999755859375,1467.699951171875,13447
2026-03-10 08:00:00,1467.5999755859375,1469.0,1467.5,1468.0999755859375,8330
2026-03-10 08:05:00,1468.0999755859375,1470.5,1465.5999755859375,1470.0,58719
2026-03-10 08:10:00,1470.0999755859375,1471.0,1469.0,1470.0999755859375,30334
2026-03-10 08:15:00,1469.9000244140625,1470.0999755859375,1467.800048828125,1468.5,14741
2026-03-10 08:20:00,1468.4000244140625,1471.5,1468.199951171875,1468.5999755859375,10322
2026-03-10 08:25:00,1468.5999755859375,1471.300048828125,1468.0999755859375,1470.199951171875,11708
2026-03-10 08:30:00,1470.199951171875,1471.0999755859375,1469.9000244140625,1470.0,25580
2026-03-10 08:35:00,1470.199951171875,1471.5,1469.9000244140625,1470.9000244140625,11286
2026-03-10 08:40:00,1470.9000244140625,1471.5,1469.699951171875,1469.699951171875,14096
2026-03-10 08:45:00,1470.0,1470.0,1464.300048828125,1464.800048828125,16854
2026-03-10 08:50:00,1464.9000244140625,1468.0,1463.0,1467.0,22683
2026-03-10 08:55:00,1466.9000244140625,1467.0,1465.699951171875,1466.9000244140625,8219
2026-03-10 09:00:00,1466.9000244140625,1467.4000244140625,1465.9000244140625,1465.9000244140625,11851
2026-03-10 09:05:00,1466.0,1466.699951171875,1465.0,1465.199951171875,9343
2026-03-10 09:10:00,1465.199951171875,1468.0,1465.0,1467.4000244140625,10845
2026-03-10 09:15:00,1467.300048828125,1467.300048828125,1464.0999755859375,1466.4000244140625,17075
2026-03-10 09:20:00,1466.4000244140625,1467.5,1466.300048828125,1466.4000244140625,8603
2026-03-10 09:25:00,1466.800048828125,1469.4000244140625,1466.300048828125,1469.4000244140625,9483
2026-03-10 09:30:00,1469.0,1470.0999755859375,1467.5999755859375,1470.0999755859375,18343
2026-03-10 09:35:00,1470.199951171875,1470.199951171875,1468.0,1469.699951171875,21238
2026-03-10 09:40:00,1469.5999755859375,1470.5,1466.4000244140625,1466.699951171875,37062
2026-03-10 09:45:00,1467.0,1468.5999755859375,1466.199951171875,1466.5999755859375,29460
2026-03-10 09:50:00,1466.9000244140625,1468.300048828125,1466.0,1467.5,32068
2026-03-10 09:55:00,1467.5,1470.0,1463.5999755859375,1470.0,33615
2026-03-11 03:45:00,1464.5999755859375,1467.4000244140625,1449.300048828125,1467.0,0
2026-03-11 03:50:00,1465.9000244140625,1488.5999755859375,1465.5,1477.0999755859375,100855
2026-03-11 03:55:00,1476.0999755859375,1483.5,1474.0,1481.199951171875,70619
2026-03-11 04:00:00,1480.4000244140625,1483.5999755859375,1476.300048828125,1483.5,55065
2026-03-11 04:05:00,1483.699951171875,1489.300048828125,1477.5999755859375,1489.0,100055
2026-03-11 04:10:00,1489.0999755859375,1498.199951171875,1487.800048828125,1496.5,107314
2026-03-11 04:15:00,1496.199951171875,1496.699951171875,1490.5,1494.199951171875,75827
2026-03-11 04:20:00,1494.0,1500.800048828125,1493.300048828125,1493.4000244140625,178202
2026-03-11 04:25:00,1494.0,1500.800048828125,1491.5999755859375,1495.4000244140625,79945
2026-03-11 04:30:00,1495.9000244140625,1500.5,1494.800048828125,1500.300048828125,68970
2026-03-11 04:35:00,1500.5,1500.5,1491.0999755859375,1493.199951171875,26039
2026-03-11 04:40:00,1493.300048828125,1500.0999755859375,1492.0,1500.0,66447
2026-03-11 04:45:00,1500.0,1500.0,1495.699951171875,1497.0,36481
2026-03-11 04:50:00,1496.9000244140625,1498.300048828125,1495.0,1496.9000244140625,12666
2026-03-11 04:55:00,1494.4000244140625,1494.4000244140625,1479.5,1481.199951171875,34262
2026-03-11 05:00:00,1481.9000244140625,1483.800048828125,1474.0,1475.4000244140625,34203
2026-03-11 05:05:00,1475.300048828125,1476.199951171875,1467.0,1470.9000244140625,78085
2026-03-11 05:10:00,1470.800048828125,1474.5,1470.0,1473.300048828125,15395
2026-03-11 05:15:00,1474.4000244140625,1476.4000244140625,1473.0,1475.800048828125,18378
2026-03-11 05:20:00,1476.4000244140625,1484.800048828125,1475.5,1484.0,19575
2026-03-11 05:25:00,1484.300048828125,1486.0,1482.0,1485.4000244140625,25255
2026-03-11 05:30:00,1485.4000244140625,1486.0,1482.0,1482.0,13498
2026-03-11 05:35:00,1482.0999755859375,1485.0,1482.0,1483.4000244140625,28909
2026-03-11 05:40:00,1483.4000244140625,1485.0,1479.4000244140625,1480.5,18140
2026-03-11 05:45:00,1480.5,1482.0,1478.0999755859375,1479.300048828125,11341
2026-03-11 05:50:00,1478.9000244140625,1479.199951171875,1471.199951171875,1471.300048828125,13551
2026-03-11 05:55:00,1471.300048828125,1474.199951171875,1469.0,1473.0999755859375,11855
2026-03-11 06:00:00,1474.0999755859375,1474.0999755859375,1470.199951171875,1470.5999755859375,13490
2026-03-11 06:05:00,1471.0,1471.699951171875,1470.0,1470.199951171875,9541
2026-03-11 06:10:00,1470.0999755859375,1473.4000244140625,1470.0999755859375,1472.9000244140625,11823
2026-03-11 06:15:00,1473.0,1473.9000244140625,1470.0,1470.0999755859375,15341
2026-03-11 06:20:00,1470.0,1471.300048828125,1468.0,1470.0999755859375,13479
2026-03-11 06:25:00,1470.0999755859375,1470.199951171875,1465.0999755859375,1466.5999755859375,15831
2026-03-11 06:30:00,1466.5999755859375,1470.0,1465.0999755859375,1466.5999755859375,11739
2026-03-11 06:35:00,1466.9000244140625,1467.9000244140625,1463.5,1465.300048828125,14252
2026-03-11 06:40:00,1465.300048828125,1468.199951171875,1464.5,1467.5999755859375,9540
2026-03-11 06:45:00,1467.5999755859375,1471.0,1467.5999755859375,1469.800048828125,13761
2026-03-11 06:50:00,1469.5999755859375,1472.0,1468.0,1469.0,12083
2026-03-11 06:55:00,1469.0,1469.300048828125,1463.800048828125,1464.5999755859375,15567
2026-03-11 07:00:00,1464.5,1465.0999755859375,1461.0,1461.300048828125,17460
2026-03-11 07:05:00,1461.5,1463.300048828125,1459.699951171875,1460.699951171875,17742
2026-03-11 07:10:00,1460.199951171875,1465.0999755859375,1460.199951171875,1465.0,13533
2026-03-11 07:15:00,1464.699951171875,1464.699951171875,1460.4000244140625,1463.800048828125,12990
2026-03-11 07:20:00,1463.800048828125,1465.800048828125,1463.0999755859375,1465.800048828125,14293
2026-03-11 07:25:00,1465.699951171875,1473.0,1465.5,1469.4000244140625,28034
2026-03-11 07:30:00,1470.4000244140625,1470.699951171875,1467.300048828125,1470.199951171875,9978
2026-03-11 07:35:00,1470.0999755859375,1472.0999755859375,1468.5,1469.0,11790
2026-03-11 07:40:00,1469.0,1469.5,1464.699951171875,1468.699951171875,20783
2026-03-11 07:45:00,1468.800048828125,1469.199951171875,1466.5999755859375,1466.9000244140625,29331
2026-03-11 07:50:00,1466.9000244140625,1476.5,1466.9000244140625,1476.300048828125,26228
2026-03-11 07:55:00,1478.0,1480.300048828125,1476.699951171875,1478.9000244140625,19936
2026-03-11 08:00:00,1478.9000244140625,1483.0,1477.699951171875,1480.0,21352
2026-03-11 08:05:00,1479.9000244140625,1480.800048828125,1477.300048828125,1478.4000244140625,9275
2026-03-11 08:10:00,1478.5,1480.300048828125,1476.4000244140625,1476.5999755859375,9143
2026-03-11 08:15:00,1476.5999755859375,1478.699951171875,1474.199951171875,1475.800048828125,16226
2026-03-11 08:20:00,1475.800048828125,1480.199951171875,1474.5,1477.699951171875,18776
2026-03-11 08:25:00,1478.0,1479.0,1474.9000244140625,1477.0,12903
2026-03-11 08:30:00,1476.699951171875,1479.0,1475.4000244140625,1478.0,20566
2026-03-11 08:35:00,1477.9000244140625,1478.199951171875,1475.0999755859375,1475.0999755859375,12049
2026-03-11 08:40:00,1475.0,1478.5,1474.199951171875,1476.0,16748
2026-03-11 08:45:00,1476.0,1477.5999755859375,1472.699951171875,1473.699951171875,11390
2026-03-11 08:50:00,1473.699951171875,1476.4000244140625,1472.0,1473.199951171875,14209
2026-03-11 08:55:00,1472.9000244140625,1477.5,1471.9000244140625,1476.300048828125,12736
2026-03-11 09:00:00,1476.199951171875,1476.5999755859375,1473.5999755859375,1474.5999755859375,10430
2026-03-11 09:05:00,1474.5,1476.5999755859375,1473.5999755859375,1475.4000244140625,10296
2026-03-11 09:10:00,1475.5,1476.0,1473.199951171875,1473.199951171875,9658
2026-03-11 09:15:00,1473.199951171875,1473.699951171875,1471.0999755859375,1471.0999755859375,10548
2026-03-11 09:20:00,1471.0999755859375,1474.5,1470.5999755859375,1473.9000244140625,12133
2026-03-11 09:25:00,1473.9000244140625,1475.0,1471.800048828125,1473.199951171875,12121
2026-03-11 09:30:00,1472.9000244140625,1476.5,1468.0999755859375,1468.5999755859375,30548
2026-03-11 09:35:00,1468.800048828125,1469.300048828125,1461.300048828125,1463.9000244140625,28152
2026-03-11 09:40:00,1463.800048828125,1465.5999755859375,1459.699951171875,1460.5999755859375,38751
2026-03-11 09:45:00,1460.699951171875,1463.0,1459.5,1462.699951171875,31891
2026-03-11 09:50:00,1462.5999755859375,1462.5999755859375,1458.5,1460.5999755859375,45966
2026-03-11 09:55:00,1460.699951171875,1464.5,1456.5,1463.199951171875,26998
2026-03-12 03:45:00,1441.0999755859375,1441.5999755859375,1435.5,1438.300048828125,0
2026-03-12 03:50:00,1438.5,1447.9000244140625,1438.5,1443.0,33419
2026-03-12 03:55:00,1443.5999755859375,1452.0,1443.199951171875,1449.5999755859375,25043
2026-03-12 04:00:00,1449.0999755859375,1449.0999755859375,1444.0,1444.0999755859375,11727
2026-03-12 04:05:00,1444.0,1446.0999755859375,1440.9000244140625,1442.699951171875,14848
2026-03-12 04:10:00,1442.800048828125,1445.4000244140625,1442.4000244140625,1444.300048828125,15177
2026-03-12 04:15:00,1444.300048828125,1451.9000244140625,1444.0,1451.5,13266
2026-03-12 04:20:00,1451.9000244140625,1453.699951171875,1451.0999755859375,1453.0999755859375,9062
2026-03-12 04:25:00,1453.199951171875,1455.4000244140625,1450.0999755859375,1455.0999755859375,9776
2026-03-12 04:30:00,1454.5999755859375,1456.0,1452.800048828125,1454.0,12648
2026-03-12 04:35:00,1454.5999755859375,1457.0,1449.4000244140625,1454.800048828125,11363
2026-03-12 04:40:00,1455.0,1457.5999755859375,1450.0999755859375,1451.0999755859375,16788
2026-03-12 04:45:00,1452.300048828125,1452.800048828125,1448.5,1450.4000244140625,7989
2026-03-12 04:50:00,1450.4000244140625,1451.5999755859375,1449.300048828125,1451.5,8844
2026-03-12 04:55:00,1452.0,1459.9000244140625,1452.0,1457.699951171875,16283
2026-03-12 05:00:00,1457.699951171875,1457.699951171875,1450.699951171875,1454.5999755859375,6579
2026-03-12 05:05:00,1454.800048828125,1457.4000244140625,1453.5,1456.5,8969
2026-03-12 05:10:00,1456.5,1464.0,1456.5,1459.0999755859375,14572
2026-03-12 05:15:00,1459.0999755859375,1459.5,1457.4000244140625,1457.4000244140625,4465
2026-03-12 05:20:00,1457.4000244140625,1458.0999755859375,1454.5999755859375,1457.4000244140625,7171
2026-03-12 05:25:00,1457.5999755859375,1462.0,1456.4000244140625,1458.800048828125,7389
2026-03-12 05:30:00,1458.800048828125,1461.0,1458.699951171875,1461.0,8431
2026-03-12 05:35:00,1460.5,1460.699951171875,1457.9000244140625,1458.699951171875,7969
2026-03-12 05:40:00,1458.699951171875,1460.199951171875,1458.199951171875,1459.5999755859375,6296
2026-03-12 05:45:00,1459.5999755859375,1461.0,1455.5999755859375,1456.5,13056
2026-03-12 05:50:00,1456.300048828125,1456.5,1452.5999755859375,1455.0,7575
2026-03-12 05:55:00,1455.0,1455.5999755859375,1452.4000244140625,1453.5999755859375,7400
2026-03-12 06:00:00,1452.9000244140625,1453.4000244140625,1451.0,1453.300048828125,6344
2026-03-12 06:05:00,1453.300048828125,1457.0,1452.699951171875,1457.0,5040
2026-03-12 06:10:00,1456.300048828125,1457.9000244140625,1454.9000244140625,1457.0999755859375,7021
2026-03-12 06:15:00,1457.0999755859375,1459.300048828125,1455.199951171875,1458.9000244140625,9887
2026-03-12 06:20:00,1458.5,1461.5999755859375,1457.0,1461.5,5245
2026-03-12 06:25:00,1461.5,1463.800048828125,1460.9000244140625,1463.800048828125,7458
2026-03-12 06:30:00,1463.5,1463.800048828125,1460.800048828125,1461.0,4456
2026-03-12 06:35:00,1461.0,1461.0,1459.699951171875,1461.0,13536
2026-03-12 06:40:00,1460.5999755859375,1460.5999755859375,1454.0999755859375,1459.199951171875,14895
2026-03-12 06:45:00,1459.199951171875,1459.5,1455.9000244140625,1455.9000244140625,17466
2026-03-12 06:50:00,1456.5,1458.0,1455.300048828125,1456.800048828125,14630
2026-03-12 06:55:00,1456.800048828125,1458.199951171875,1454.5,1455.5999755859375,15491
2026-03-12 07:00:00,1455.199951171875,1456.199951171875,1454.0999755859375,1455.9000244140625,43910
2026-03-12 07:05:00,1455.9000244140625,1456.5,1453.5999755859375,1453.800048828125,7602
2026-03-12 07:10:00,1453.9000244140625,1455.199951171875,1451.5,1453.699951171875,20998
2026-03-12 07:15:00,1453.699951171875,1455.0,1450.0999755859375,1453.0999755859375,24254
2026-03-12 07:20:00,1452.800048828125,1454.699951171875,1451.199951171875,1452.199951171875,8953
2026-03-12 07:25:00,1452.300048828125,1458.0,1451.5,1457.9000244140625,9405
2026-03-12 07:30:00,1458.0,1458.0,1455.300048828125,1457.699951171875,4355
2026-03-12 07:35:00,1457.4000244140625,1458.0,1454.0,1458.0,6215
2026-03-12 07:40:00,1458.0,1458.0,1455.699951171875,1457.9000244140625,4725
2026-03-12 07:45:00,1457.9000244140625,1458.800048828125,1456.800048828125,1458.800048828125,3966
2026-03-12 07:50:00,1458.699951171875,1462.0,1458.699951171875,1462.0,7205
2026-03-12 07:55:00,1462.0,1462.5999755859375,1460.800048828125,1462.4000244140625,6368
2026-03-12 08:00:00,1462.4000244140625,1464.0,1461.0,1461.0,7194
2026-03-12 08:05:00,1460.800048828125,1468.0,1460.0999755859375,1467.699951171875,11974
2026-03-12 08:10:00,1467.5999755859375,1469.0999755859375,1463.5,1464.300048828125,11829
2026-03-12 08:15:00,1464.199951171875,1464.5999755859375,1462.5,1463.4000244140625,3631
2026-03-12 08:20:00,1463.5999755859375,1469.199951171875,1461.800048828125,1469.0,37253
2026-03-12 08:25:00,1468.699951171875,1469.800048828125,1466.199951171875,1468.0999755859375,17678
2026-03-12 08:30:00,1468.9000244140625,1470.0,1466.9000244140625,1467.300048828125,9756
2026-03-12 08:35:00,1466.699951171875,1469.800048828125,1466.699951171875,1467.800048828125,77890
2026-03-12 08:40:00,1467.800048828125,1472.0,1467.5999755859375,1471.800048828125,17112
2026-03-12 08:45:00,1471.9000244140625,1473.5999755859375,1470.9000244140625,1472.5,11845
2026-03-12 08:50:00,1472.9000244140625,1473.4000244140625,1470.0,1470.0,5561
2026-03-12 08:55:00,1470.0,1471.300048828125,1469.699951171875,1469.699951171875,11414
2026-03-12 09:00:00,1470.0,1471.699951171875,1469.4000244140625,1469.699951171875,7416
2026-03-12 09:05:00,1469.5,1470.0,1466.5999755859375,1466.699951171875,19369
2026-03-12 09:10:00,1467.199951171875,1467.199951171875,1463.0,1464.9000244140625,104149
2026-03-12 09:15:00,1464.300048828125,1465.0,1462.4000244140625,1462.9000244140625,27079
2026-03-12 09:20:00,1462.5999755859375,1463.5999755859375,1459.699951171875,1462.9000244140625,42385
2026-03-12 09:25:00,1462.300048828125,1463.699951171875,1461.0999755859375,1463.199951171875,16819
2026-03-12 09:30:00,1462.699951171875,1464.300048828125,1461.5999755859375,1463.0999755859375,31570
2026-03-12 09:35:00,1463.199951171875,1465.5999755859375,1460.699951171875,1462.9000244140625,23785
2026-03-12 09:40:00,1462.800048828125,1463.5,1461.4000244140625,1462.5,32234
2026-03-12 09:45:00,1462.4000244140625,1464.699951171875,1462.300048828125,1462.699951171875,31237
2026-03-12 09:50:00,1462.5,1463.800048828125,1462.0,1462.199951171875,33681
2026-03-12 09:55:00,1462.199951171875,1463.0,1457.5,1462.699951171875,22363
2026-03-13 03:45:00,1450.5999755859375,1456.5,1439.0,1439.0,0
2026-03-13 03:50:00,1440.199951171875,1440.199951171875,1430.199951171875,1431.0,24831
2026-03-13 03:55:00,1431.0,1441.5999755859375,1430.0,1439.199951171875,33078
2026-03-13 04:00:00,1438.800048828125,1445.5999755859375,1438.800048828125,1445.5999755859375,24710
2026-03-13 04:05:00,1445.800048828125,1453.5999755859375,1444.800048828125,1452.199951171875,21704
2026-03-13 04:10:00,1451.699951171875,1455.0999755859375,1451.0999755859375,1451.5999755859375,24611
2026-03-13 04:15:00,1451.699951171875,1453.0999755859375,1449.0,1451.0999755859375,11814
2026-03-13 04:20:00,1451.0999755859375,1451.5999755859375,1446.4000244140625,1447.4000244140625,5948
2026-03-13 04:25:00,1447.699951171875,1449.800048828125,1447.0,1448.9000244140625,5720
2026-03-13 04:30:00,1448.5,1451.0999755859375,1448.0,1449.9000244140625,6858
2026-03-13 04:35:00,1449.0999755859375,1451.5999755859375,1448.800048828125,1451.199951171875,4869
2026-03-13 04:40:00,1451.0999755859375,1452.5,1448.5,1452.5,7169
2026-03-13 04:45:00,1453.0,1458.0,1452.5,1457.0,16383
2026-03-13 04:50:00,1456.300048828125,1456.5,1451.5,1451.5,44032
2026-03-13 04:55:00,1450.4000244140625,1452.800048828125,1442.800048828125,1451.199951171875,22682
2026-03-13 05:00:00,1452.300048828125,1454.800048828125,1445.800048828125,1446.4000244140625,16180
2026-03-13 05:05:00,1446.4000244140625,1447.5,1445.0,1446.0999755859375,48307
2026-03-13 05:10:00,1447.0,1450.699951171875,1446.5999755859375,1450.699951171875,7225
2026-03-13 05:15:00,1450.199951171875,1451.4000244140625,1448.800048828125,1449.699951171875,4121
2026-03-13 05:20:00,1449.9000244140625,1454.800048828125,1449.699951171875,1451.0,5806
2026-03-13 05:25:00,1450.9000244140625,1452.300048828125,1450.199951171875,1452.300048828125,5614
2026-03-13 05:30:00,1453.300048828125,1453.4000244140625,1451.0,1451.9000244140625,3114
2026-03-13 05:35:00,1451.699951171875,1451.9000244140625,1449.4000244140625,1449.699951171875,5737
2026-03-13 05:40:00,1450.0999755859375,1450.4000244140625,1448.5999755859375,1449.800048828125,6202
2026-03-13 05:45:00,1449.0,1450.9000244140625,1448.5,1450.199951171875,24955
2026-03-13 05:50:00,1448.9000244140625,1452.300048828125,1448.9000244140625,1452.300048828125,2963
2026-03-13 05:55:00,1452.0,1458.0,1452.0,1457.699951171875,7722
2026-03-13 06:00:00,1457.0,1459.800048828125,1456.300048828125,1457.0,3594
2026-03-13 06:05:00,1457.0,1459.0999755859375,1456.9000244140625,1457.5,2343
2026-03-13 06:10:00,1456.9000244140625,1457.800048828125,1455.199951171875,1455.800048828125,2897
2026-03-13 06:15:00,1455.199951171875,1455.5,1453.300048828125,1454.199951171875,2712
2026-03-13 06:20:00,1454.0999755859375,1454.699951171875,1450.0,1453.5,5494
2026-03-13 06:25:00,1452.699951171875,1452.9000244140625,1451.0999755859375,1451.5999755859375,3977
2026-03-13 06:30:00,1451.199951171875,1452.0,1449.4000244140625,1449.699951171875,7428
2026-03-13 06:35:00,1449.800048828125,1453.4000244140625,1449.300048828125,1453.199951171875,9253
2026-03-13 06:40:00,1454.0,1454.4000244140625,1452.0,1454.0999755859375,4504
2026-03-13 06:45:00,1454.4000244140625,1454.4000244140625,1451.0,1452.0,3476
2026-03-13 06:50:00,1451.5,1451.800048828125,1443.800048828125,1443.800048828125,75046
2026-03-13 06:55:00,1446.199951171875,1450.4000244140625,1443.5999755859375,1449.4000244140625,74090
2026-03-13 07:00:00,1449.4000244140625,1452.699951171875,1449.4000244140625,1451.5999755859375,22285
2026-03-13 07:05:00,1451.5999755859375,1452.5999755859375,1450.0,1450.800048828125,16945
2026-03-13 07:10:00,1450.800048828125,1451.5999755859375,1450.0999755859375,1450.9000244140625,11823
2026-03-13 07:15:00,1450.5,1452.699951171875,1450.0999755859375,1452.199951171875,9200
2026-03-13 07:20:00,1452.0,1452.9000244140625,1450.0,1451.5,7985
2026-03-13 07:25:00,1451.9000244140625,1454.800048828125,1450.9000244140625,1454.300048828125,6101
2026-03-13 07:30:00,1453.5999755859375,1455.0,1452.300048828125,1453.5999755859375,18050
2026-03-13 07:35:00,1453.5999755859375,1453.5999755859375,1450.199951171875,1450.9000244140625,8445
2026-03-13 07:40:00,1450.800048828125,1450.800048828125,1450.0,1450.0,14937
2026-03-13 07:45:00,1450.0,1453.0999755859375,1450.0,1450.5,18228
2026-03-13 07:50:00,1450.5,1450.699951171875,1443.800048828125,1443.800048828125,83907
2026-03-13 07:55:00,1443.300048828125,1448.300048828125,1442.800048828125,1446.800048828125,18646
2026-03-13 08:00:00,1447.0999755859375,1448.0,1442.5,1442.9000244140625,12166
2026-03-13 08:05:00,1443.5,1446.0,1442.800048828125,1443.199951171875,8073
2026-03-13 08:10:00,1443.0,1444.5999755859375,1442.5999755859375,1443.5999755859375,6036
2026-03-13 08:15:00,1444.4000244140625,1446.300048828125,1443.0999755859375,1446.300048828125,4694
2026-03-13 08:20:00,1445.5,1445.5,1442.0999755859375,1442.9000244140625,3715
2026-03-13 08:25:00,1442.9000244140625,1442.9000244140625,1439.0999755859375,1439.199951171875,3845
2026-03-13 08:30:00,1438.699951171875,1441.0999755859375,1438.5999755859375,1439.5999755859375,4974
2026-03-13 08:35:00,1439.699951171875,1444.800048828125,1439.699951171875,1444.800048828125,5969
2026-03-13 08:40:00,1444.800048828125,1446.0,1443.800048828125,1446.0,4776
2026-03-13 08:45:00,1447.0999755859375,1447.4000244140625,1443.699951171875,1447.4000244140625,3680
2026-03-13 08:50:00,1447.0,1449.5,1446.800048828125,1447.4000244140625,3574
2026-03-13 08:55:00,1447.0999755859375,1449.800048828125,1447.0999755859375,1447.5,5984
2026-03-13 09:00:00,1447.0,1451.9000244140625,1447.0,1450.9000244140625,3587
2026-03-13 09:05:00,1450.800048828125,1450.800048828125,1447.0,1447.0,6730
2026-03-13 09:10:00,1446.300048828125,1447.199951171875,1445.0,1446.9000244140625,6752
2026-03-13 09:15:00,1446.9000244140625,1448.300048828125,1444.0999755859375,1446.300048828125,6356
2026-03-13 09:20:00,1446.5999755859375,1448.800048828125,1446.0,1447.800048828125,8900
2026-03-13 09:25:00,1447.9000244140625,1448.300048828125,1445.5999755859375,1448.0999755859375,15319
2026-03-13 09:30:00,1448.0999755859375,1448.300048828125,1444.5,1444.5,12305
2026-03-13 09:35:00,1444.5,1445.5999755859375,1442.4000244140625,1442.4000244140625,11191
2026-03-13 09:40:00,1443.5,1445.5,1442.0,1443.800048828125,11579
2026-03-13 09:45:00,1443.300048828125,1449.4000244140625,1443.0999755859375,1447.0999755859375,38551
2026-03-13 09:50:00,1447.0999755859375,1447.5,1443.5999755859375,1443.5999755859375,15988
2026-03-13 09:55:00,1444.300048828125,1448.800048828125,1444.300048828125,1445.9000244140625,20817
2026-03-16 03:45:00,1445.9000244140625,1458.800048828125,1444.4000244140625,1456.0999755859375,0
2026-03-16 03:50:00,1455.699951171875,1455.699951171875,1450.699951171875,1451.699951171875,18467
2026-03-16 03:55:00,1451.5,1457.5999755859375,1448.199951171875,1457.300048828125,13196
2026-03-16 04:00:00,1463.9000244140625,1465.9000244140625,1460.800048828125,1460.800048828125,25723
2026-03-16 04:05:00,1459.800048828125,1462.800048828125,1457.699951171875,1460.0,10588
2026-03-16 04:10:00,1460.0999755859375,1463.4000244140625,1459.0999755859375,1460.5999755859375,6550
2026-03-16 04:15:00,1460.5999755859375,1465.5,1459.199951171875,1464.5999755859375,5355
2026-03-16 04:20:00,1464.5999755859375,1464.5999755859375,1459.300048828125,1460.199951171875,4696
2026-03-16 04:25:00,1459.800048828125,1464.800048828125,1458.699951171875,1463.699951171875,15117
2026-03-16 04:30:00,1463.0,1464.300048828125,1459.9000244140625,1460.4000244140625,4569
2026-03-16 04:35:00,1460.0999755859375,1463.300048828125,1459.800048828125,1459.800048828125,3066
2026-03-16 04:40:00,1459.699951171875,1460.199951171875,1452.0999755859375,1452.800048828125,15250
2026-03-16 04:45:00,1451.5999755859375,1451.9000244140625,1445.199951171875,1445.800048828125,12748
2026-03-16 04:50:00,1444.800048828125,1444.800048828125,1440.699951171875,1440.699951171875,11880
2026-03-16 04:55:00,1440.9000244140625,1440.9000244140625,1437.0,1437.199951171875,4447
2026-03-16 05:00:00,1436.5,1438.300048828125,1433.300048828125,1433.5999755859375,8134
2026-03-16 05:05:00,1433.5999755859375,1437.4000244140625,1431.300048828125,1434.199951171875,31654
2026-03-16 05:10:00,1433.0999755859375,1435.9000244140625,1432.300048828125,1435.199951171875,9200
2026-03-16 05:15:00,1433.5999755859375,1438.9000244140625,1433.5999755859375,1435.699951171875,8371
2026-03-16 05:20:00,1436.0999755859375,1437.0,1431.4000244140625,1432.0999755859375,18759
2026-03-16 05:25:00,1432.800048828125,1438.800048828125,1431.300048828125,1438.0999755859375,10026
2026-03-16 05:30:00,1438.0999755859375,1440.800048828125,1436.4000244140625,1440.0,4433
2026-03-16 05:35:00,1439.699951171875,1445.5999755859375,1437.800048828125,1441.699951171875,8170
2026-03-16 05:40:00,1442.5,1443.9000244140625,1438.800048828125,1442.9000244140625,5121
2026-03-16 05:45:00,1442.5999755859375,1450.199951171875,1441.800048828125,1450.199951171875,9586
2026-03-16 05:50:00,1450.199951171875,1452.0,1445.0999755859375,1451.699951171875,10935
2026-03-16 05:55:00,1450.0999755859375,1451.300048828125,1447.9000244140625,1448.0999755859375,8776
2026-03-16 06:00:00,1448.0999755859375,1449.199951171875,1447.199951171875,1448.9000244140625,1742
2026-03-16 06:05:00,1448.9000244140625,1449.9000244140625,1447.4000244140625,1449.800048828125,2603
2026-03-16 06:10:00,1449.800048828125,1451.800048828125,1445.800048828125,1446.5,3417
2026-03-16 06:15:00,1446.5,1449.0,1445.5,1448.699951171875,2333
2026-03-16 06:20:00,1448.5999755859375,1448.5999755859375,1447.0999755859375,1447.9000244140625,1173
2026-03-16 06:25:00,1447.9000244140625,1451.0999755859375,1446.4000244140625,1451.0,5416
2026-03-16 06:30:00,1450.300048828125,1454.9000244140625,1450.300048828125,1453.0999755859375,52474
2026-03-16 06:35:00,1453.0,1454.9000244140625,1453.0,1454.5,39462
2026-03-16 06:40:00,1454.5,1457.0,1453.300048828125,1455.699951171875,2846
2026-03-16 06:45:00,1455.800048828125,1460.0,1455.699951171875,1460.0,4604
2026-03-16 06:50:00,1459.5,1460.0,1458.0,1458.9000244140625,6376
2026-03-16 06:55:00,1459.300048828125,1459.9000244140625,1458.199951171875,1459.5999755859375,4554
2026-03-16 07:00:00,1459.699951171875,1460.199951171875,1456.0999755859375,1456.800048828125,30476
2026-03-16 07:05:00,1456.199951171875,1458.5999755859375,1453.0999755859375,1456.0999755859375,12135
2026-03-16 07:10:00,1456.0999755859375,1456.0999755859375,1454.0,1454.800048828125,4575
2026-03-16 07:15:00,1454.699951171875,1456.199951171875,1454.5,1456.199951171875,49850
2026-03-16 07:20:00,1456.199951171875,1459.0,1455.199951171875,1456.800048828125,7138
2026-03-16 07:25:00,1456.9000244140625,1456.9000244140625,1454.5,1455.0999755859375,6984
2026-03-16 07:30:00,1455.0,1457.800048828125,1454.800048828125,1455.9000244140625,7491
2026-03-16 07:35:00,1454.5,1456.699951171875,1454.5,1456.5,38145
2026-03-16 07:40:00,1456.5,1458.0,1455.199951171875,1456.4000244140625,4037
2026-03-16 07:45:00,1456.5,1458.5999755859375,1456.5,1458.5,4290
2026-03-16 07:50:00,1458.5999755859375,1459.0,1457.699951171875,1457.800048828125,2080
2026-03-16 07:55:00,1457.800048828125,1458.800048828125,1457.699951171875,1457.9000244140625,2297
2026-03-16 08:00:00,1457.800048828125,1460.9000244140625,1456.800048828125,1456.9000244140625,3964
2026-03-16 08:05:00,1457.0,1461.0,1457.0,1460.699951171875,3641
2026-03-16 08:10:00,1460.699951171875,1460.800048828125,1458.300048828125,1458.300048828125,1924
2026-03-16 08:15:00,1458.300048828125,1459.0,1458.0,1458.5,2671
2026-03-16 08:20:00,1458.300048828125,1460.699951171875,1458.0,1460.199951171875,7122
2026-03-16 08:25:00,1459.699951171875,1460.0,1458.800048828125,1459.800048828125,3299
2026-03-16 08:30:00,1459.800048828125,1459.800048828125,1458.0,1458.199951171875,5638
2026-03-16 08:35:00,1458.199951171875,1460.9000244140625,1458.0999755859375,1460.0,5792
2026-03-16 08:40:00,1460.0,1460.800048828125,1458.800048828125,1459.0,8273
2026-03-16 08:45:00,1459.0,1466.0999755859375,1459.0,1465.5999755859375,11002
2026-03-16 08:50:00,1466.699951171875,1467.800048828125,1464.5,1467.699951171875,14737
2026-03-16 08:55:00,1467.0999755859375,1470.0,1466.5999755859375,1469.4000244140625,6760
2026-03-16 09:00:00,1470.0,1471.800048828125,1468.199951171875,1471.699951171875,7916
2026-03-16 09:05:00,1473.0,1474.300048828125,1471.5,1473.5999755859375,9105
2026-03-16 09:10:00,1473.5,1475.699951171875,1472.9000244140625,1474.300048828125,6308
2026-03-16 09:15:00,1473.5999755859375,1483.300048828125,1473.5999755859375,1483.300048828125,46746
2026-03-16 09:20:00,1483.9000244140625,1483.9000244140625,1481.300048828125,1482.4000244140625,9615
2026-03-16 09:25:00,1482.300048828125,1484.199951171875,1481.5,1481.5999755859375,12713
2026-03-16 09:30:00,1481.300048828125,1481.300048828125,1470.0999755859375,1475.5999755859375,77660
2026-03-16 09:35:00,1475.5999755859375,1480.5999755859375,1475.300048828125,1480.0999755859375,65989
2026-03-16 09:40:00,1480.9000244140625,1481.5,1477.0999755859375,1477.4000244140625,26422
2026-03-16 09:45:00,1477.0999755859375,1477.0999755859375,1472.0,1472.5,28059
2026-03-16 09:50:00,1472.4000244140625,1474.5999755859375,1470.300048828125,1471.199951171875,53966
2026-03-16 09:55:00,1470.699951171875,1472.300048828125,1470.0,1470.800048828125,43848
2026-03-17 03:45:00,1479.300048828125,1479.300048828125,1466.699951171875,1472.4000244140625,0
2026-03-17 03:50:00,1472.0,1480.5999755859375,1472.0,1474.5999755859375,8764
2026-03-17 03:55:00,1474.199951171875,1477.0,1473.4000244140625,1473.9000244140625,4978
2026-03-17 04:00:00,1474.4000244140625,1474.5999755859375,1466.699951171875,1466.699951171875,5337
2026-03-17 04:05:00,1466.300048828125,1473.4000244140625,1465.5999755859375,1471.5,8455
2026-03-17 04:10:00,1471.800048828125,1474.5,1470.0,1473.699951171875,3994
2026-03-17 04:15:00,1474.0999755859375,1476.5,1472.0,1475.4000244140625,2999
2026-03-17 04:20:00,1476.0999755859375,1477.699951171875,1474.0,1475.699951171875,6160
2026-03-17 04:25:00,1475.0,1483.9000244140625,1473.0999755859375,1483.699951171875,16154
2026-03-17 04:30:00,1485.0,1497.0,1484.5,1495.800048828125,61032
2026-03-17 04:35:00,1495.800048828125,1498.800048828125,1489.800048828125,1492.5999755859375,34464
2026-03-17 04:40:00,1492.5,1498.699951171875,1490.5,1497.0,14854
2026-03-17 04:45:00,1498.5,1505.300048828125,1498.0,1505.300048828125,16663
2026-03-17 04:50:00,1505.300048828125,1505.300048828125,1502.9000244140625,1503.5999755859375,4308
2026-03-17 04:55:00,1504.0999755859375,1504.0999755859375,1496.0,1496.4000244140625,5194
2026-03-17 05:00:00,1495.4000244140625,1498.800048828125,1495.4000244140625,1496.300048828125,7316
2026-03-17 05:05:00,1496.300048828125,1501.800048828125,1492.699951171875,1501.800048828125,12803
2026-03-17 05:10:00,1501.800048828125,1503.9000244140625,1500.5,1503.5,7589
2026-03-17 05:15:00,1503.199951171875,1503.5,1495.9000244140625,1501.5,35403
2026-03-17 05:20:00,1501.4000244140625,1503.0,1496.0999755859375,1496.699951171875,7865
2026-03-17 05:25:00,1496.699951171875,1498.0,1493.4000244140625,1495.0,6673
2026-03-17 05:30:00,1495.0999755859375,1495.300048828125,1492.0999755859375,1492.0999755859375,2701
2026-03-17 05:35:00,1493.0999755859375,1495.5999755859375,1491.699951171875,1493.0999755859375,14364
2026-03-17 05:40:00,1493.0999755859375,1494.300048828125,1492.0,1492.5999755859375,2897
2026-03-17 05:45:00,1492.199951171875,1492.699951171875,1489.4000244140625,1489.4000244140625,33419
2026-03-17 05:50:00,1489.4000244140625,1492.0999755859375,1487.0,1487.0,12982
2026-03-17 05:55:00,1487.0,1487.5,1481.0,1481.5999755859375,6588
2026-03-17 06:00:00,1481.5999755859375,1483.300048828125,1481.0,1481.0,4945
2026-03-17 06:05:00,1481.9000244140625,1485.0,1479.5,1483.0,4291
2026-03-17 06:10:00,1483.0,1483.5999755859375,1483.0,1483.300048828125,1305
2026-03-17 06:15:00,1483.5999755859375,1485.800048828125,1482.199951171875,1483.699951171875,2135
2026-03-17 06:20:00,1483.9000244140625,1486.0,1483.699951171875,1484.9000244140625,3476
2026-03-17 06:25:00,1484.699951171875,1486.0,1482.199951171875,1484.9000244140625,10131
2026-03-17 06:30:00,1485.300048828125,1489.0,1483.800048828125,1486.800048828125,126709
2026-03-17 06:35:00,1486.9000244140625,1488.9000244140625,1480.5,1481.699951171875,15216
2026-03-17 06:40:00,1481.0,1483.300048828125,1480.9000244140625,1481.699951171875,2513
2026-03-17 06:45:00,1481.9000244140625,1483.5999755859375,1480.199951171875,1482.0999755859375,3185
2026-03-17 06:50:00,1481.5999755859375,1484.9000244140625,1481.5999755859375,1482.0,2359
2026-03-17 06:55:00,1482.300048828125,1485.5999755859375,1482.0,1485.5,2240
2026-03-17 07:00:00,1485.5999755859375,1485.9000244140625,1482.0,1482.9000244140625,2564
2026-03-17 07:05:00,1482.9000244140625,1485.800048828125,1482.0,1485.0,4846
2026-03-17 07:10:00,1484.9000244140625,1484.9000244140625,1482.9000244140625,1483.300048828125,1547
2026-03-17 07:15:00,1483.4000244140625,1485.5,1483.4000244140625,1483.9000244140625,1750
2026-03-17 07:20:00,1484.800048828125,1484.800048828125,1483.0999755859375,1484.300048828125,1188
2026-03-17 07:25:00,1483.300048828125,1485.800048828125,1483.0,1485.0,73726
2026-03-17 07:30:00,1486.0,1489.800048828125,1485.9000244140625,1487.4000244140625,1700
2026-03-17 07:35:00,1487.699951171875,1489.300048828125,1487.0,1488.5999755859375,1894
2026-03-17 07:40:00,1488.5999755859375,1489.5999755859375,1487.5999755859375,1488.699951171875,1508
2026-03-17 07:45:00,1488.699951171875,1490.0999755859375,1487.300048828125,1488.0,4235
2026-03-17 07:50:00,1488.0,1488.300048828125,1486.9000244140625,1488.0999755859375,3232
2026-03-17 07:55:00,1487.199951171875,1489.0999755859375,1487.0999755859375,1489.0,3078
2026-03-17 08:00:00,1488.800048828125,1490.300048828125,1487.5999755859375,1490.0,8383
2026-03-17 08:05:00,1489.5999755859375,1492.0,1489.5999755859375,1490.0999755859375,16873
2026-03-17 08:10:00,1490.699951171875,1490.9000244140625,1485.9000244140625,1490.300048828125,22086
2026-03-17 08:15:00,1490.699951171875,1491.5999755859375,1490.199951171875,1491.5,687
2026-03-17 08:20:00,1491.699951171875,1493.0,1490.699951171875,1490.699951171875,1793
2026-03-17 08:25:00,1490.5999755859375,1492.300048828125,1490.0,1492.300048828125,7155
2026-03-17 08:30:00,1491.800048828125,1494.5999755859375,1491.199951171875,1494.5999755859375,2065
2026-03-17 08:35:00,1494.5999755859375,1495.0,1492.800048828125,1495.0,1786
2026-03-17 08:40:00,1494.5,1495.699951171875,1493.800048828125,1494.5,3342
2026-03-17 08:45:00,1494.5,1494.5,1491.0999755859375,1492.9000244140625,2024
2026-03-17 08:50:00,1493.0,1493.800048828125,1489.0,1491.0,10711
2026-03-17 08:55:00,1491.0,1491.0999755859375,1487.199951171875,1489.9000244140625,9803
2026-03-17 09:00:00,1490.0,1491.4000244140625,1488.699951171875,1489.199951171875,3719
2026-03-17 09:05:00,1488.4000244140625,1500.300048828125,1487.5,1499.0,21423
2026-03-17 09:10:00,1499.0,1499.0,1495.5999755859375,1495.9000244140625,3470
2026-03-17 09:15:00,1495.699951171875,1501.9000244140625,1495.699951171875,1501.4000244140625,13538
2026-03-17 09:20:00,1502.0,1503.300048828125,1499.4000244140625,1501.0999755859375,21983
2026-03-17 09:25:00,1501.4000244140625,1506.300048828125,1501.4000244140625,1502.199951171875,51424
2026-03-17 09:30:00,1500.300048828125,1500.300048828125,1495.0999755859375,1496.9000244140625,16225
2026-03-17 09:35:00,1496.800048828125,1499.300048828125,1495.9000244140625,1498.4000244140625,14077
2026-03-17 09:40:00,1498.0,1499.0999755859375,1496.0,1497.5999755859375,15622
2026-03-17 09:45:00,1497.9000244140625,1498.699951171875,1497.0,1498.0999755859375,23674
2026-03-17 09:50:00,1498.0999755859375,1500.9000244140625,1497.5,1499.800048828125,118840
2026-03-17 09:55:00,1500.0,1500.699951171875,1498.0,1498.199951171875,25312
2026-03-18 03:45:00,1500.0,1510.9000244140625,1495.199951171875,1509.5999755859375,0
2026-03-18 03:50:00,1508.300048828125,1513.800048828125,1508.300048828125,1511.0,25921
2026-03-18 03:55:00,1510.0,1510.199951171875,1504.0999755859375,1507.0999755859375,11763
2026-03-18 04:00:00,1507.0999755859375,1509.0,1506.4000244140625,1507.699951171875,4344
2026-03-18 04:05:00,1507.199951171875,1511.0999755859375,1502.199951171875,1507.699951171875,6500
2026-03-18 04:10:00,1507.5999755859375,1512.0,1505.9000244140625,1511.9000244140625,7551
2026-03-18 04:15:00,1511.5,1513.9000244140625,1509.0,1511.5,9071
2026-03-18 04:20:00,1511.5,1515.9000244140625,1510.9000244140625,1515.9000244140625,10113
2026-03-18 04:25:00,1515.5,1515.5999755859375,1511.0,1512.5,8947
2026-03-18 04:30:00,1512.5,1512.5,1507.5,1510.0,9259
2026-03-18 04:35:00,1509.9000244140625,1509.9000244140625,1507.4000244140625,1507.699951171875,3945
2026-03-18 04:40:00,1507.699951171875,1510.9000244140625,1506.0999755859375,1510.0999755859375,10207
2026-03-18 04:45:00,1509.699951171875,1513.800048828125,1509.699951171875,1513.300048828125,4455
2026-03-18 04:50:00,1513.4000244140625,1513.4000244140625,1511.5,1512.300048828125,2243
2026-03-18 04:55:00,1512.800048828125,1517.199951171875,1510.0,1514.0,13204
2026-03-18 05:00:00,1514.199951171875,1517.300048828125,1513.9000244140625,1515.300048828125,4992
2026-03-18 05:05:00,1515.4000244140625,1516.5999755859375,1514.699951171875,1516.4000244140625,4405
2026-03-18 05:10:00,1516.4000244140625,1516.699951171875,1514.5999755859375,1516.699951171875,2435
2026-03-18 05:15:00,1516.699951171875,1517.9000244140625,1516.0,1517.0999755859375,2611
2026-03-18 05:20:00,1516.300048828125,1517.0999755859375,1515.800048828125,1516.5999755859375,2505
2026-03-18 05:25:00,1516.0,1518.4000244140625,1515.699951171875,1517.800048828125,5331
2026-03-18 05:30:00,1517.800048828125,1517.9000244140625,1516.0,1516.5999755859375,2592
2026-03-18 05:35:00,1516.0,1516.5,1514.199951171875,1514.5,1691
2026-03-18 05:40:00,1514.5,1516.5,1513.9000244140625,1515.5999755859375,3421
2026-03-18 05:45:00,1516.0,1516.0999755859375,1514.5,1515.5999755859375,2168
2026-03-18 05:50:00,1515.5999755859375,1516.0999755859375,1514.9000244140625,1515.5,1773
2026-03-18 05:55:00,1515.0999755859375,1516.0,1515.0,1515.800048828125,1363
2026-03-18 06:00:00,1515.800048828125,1517.5,1515.800048828125,1516.0,5825
2026-03-18 06:05:00,1516.5,1517.5,1516.0,1517.300048828125,3010
2026-03-18 06:10:00,1516.9000244140625,1517.800048828125,1516.0,1516.199951171875,2765
2026-03-18 06:15:00,1516.199951171875,1518.199951171875,1516.0999755859375,1518.0,8199
2026-03-18 06:20:00,1518.0,1518.4000244140625,1517.199951171875,1518.199951171875,2169
2026-03-18 06:25:00,1517.699951171875,1519.0,1517.5,1518.5999755859375,2974
2026-03-18 06:30:00,1518.699951171875,1518.9000244140625,1517.199951171875,1517.9000244140625,8710
2026-03-18 06:35:00,1517.5999755859375,1518.5,1517.5,1518.5,2380
2026-03-18 06:40:00,1518.5,1519.5999755859375,1518.0999755859375,1519.199951171875,2380
2026-03-18 06:45:00,1518.800048828125,1519.5,1518.5,1518.5999755859375,5714
2026-03-18 06:50:00,1518.5999755859375,1519.5999755859375,1518.5999755859375,1519.5999755859375,3601
2026-03-18 06:55:00,1519.5999755859375,1519.5999755859375,1516.199951171875,1517.0,12333
2026-03-18 07:00:00,1517.0999755859375,1518.0999755859375,1516.800048828125,1517.199951171875,4337
2026-03-18 07:05:00,1517.5,1517.5999755859375,1516.5,1517.5999755859375,2617
2026-03-18 07:10:00,1518.5,1520.0,1518.5,1520.0,4076
2026-03-18 07:15:00,1520.0,1521.800048828125,1519.800048828125,1520.699951171875,8705
2026-03-18 07:20:00,1520.699951171875,1522.5999755859375,1520.699951171875,1521.800048828125,3044
2026-03-18 07:25:00,1521.9000244140625,1522.0,1520.800048828125,1520.9000244140625,1850
2026-03-18 07:30:00,1520.9000244140625,1525.300048828125,1520.9000244140625,1525.300048828125,34664
2026-03-18 07:35:00,1525.300048828125,1525.699951171875,1524.5999755859375,1524.5999755859375,5357
2026-03-18 07:40:00,1524.5999755859375,1527.5,1524.5999755859375,1527.5,8364
2026-03-18 07:45:00,1527.5,1532.4000244140625,1527.0999755859375,1531.0,21376
2026-03-18 07:50:00,1530.0999755859375,1531.9000244140625,1530.0,1531.699951171875,3293
2026-03-18 07:55:00,1531.199951171875,1532.199951171875,1530.5999755859375,1531.4000244140625,5321
2026-03-18 08:00:00,1531.300048828125,1532.800048828125,1530.699951171875,1532.199951171875,4316
2026-03-18 08:05:00,1532.199951171875,1534.0,1532.199951171875,1533.0999755859375,2669
2026-03-18 08:10:00,1533.0999755859375,1537.800048828125,1532.5999755859375,1536.9000244140625,19129
2026-03-18 08:15:00,1536.0999755859375,1536.699951171875,1530.5999755859375,1531.300048828125,25028
2026-03-18 08:20:00,1531.300048828125,1532.4000244140625,1530.9000244140625,1532.4000244140625,3937
2026-03-18 08:25:00,1532.300048828125,1532.5,1530.5,1530.5999755859375,6477
2026-03-18 08:30:00,1530.0999755859375,1531.300048828125,1528.800048828125,1529.699951171875,12253
2026-03-18 08:35:00,1529.699951171875,1530.699951171875,1529.0,1530.5999755859375,7015
2026-03-18 08:40:00,1530.5999755859375,1532.4000244140625,1529.300048828125,1532.199951171875,19545
2026-03-18 08:45:00,1532.0,1534.199951171875,1531.800048828125,1534.199951171875,8529
2026-03-18 08:50:00,1534.5,1536.699951171875,1534.199951171875,1535.5,13609
2026-03-18 08:55:00,1535.0,1536.199951171875,1535.0,1536.199951171875,6965
2026-03-18 09:00:00,1535.9000244140625,1537.699951171875,1534.5999755859375,1537.5999755859375,51451
2026-03-18 09:05:00,1537.699951171875,1538.800048828125,1537.300048828125,1538.4000244140625,26642
2026-03-18 09:10:00,1538.5,1538.5,1534.0999755859375,1534.0999755859375,19914
2026-03-18 09:15:00,1534.0999755859375,1537.199951171875,1533.5999755859375,1537.0,23123
2026-03-18 09:20:00,1537.9000244140625,1539.800048828125,1536.5999755859375,1538.800048828125,55439
2026-03-18 09:25:00,1538.800048828125,1542.0,1538.0999755859375,1542.0,26190
2026-03-18 09:30:00,1542.0,1546.300048828125,1540.4000244140625,1544.5999755859375,35574
2026-03-18 09:35:00,1544.5999755859375,1544.699951171875,1541.0999755859375,1541.699951171875,19614
2026-03-18 09:40:00,1541.0,1543.5999755859375,1541.0,1543.0999755859375,24196
2026-03-18 09:45:00,1543.0999755859375,1543.0999755859375,1535.5,1537.199951171875,34514
2026-03-18 09:50:00,1536.5999755859375,1537.300048828125,1534.699951171875,1536.5,34077
2026-03-18 09:55:00,1536.5,1538.699951171875,1528.0,1538.699951171875,41659
2026-03-19 03:45:00,1511.800048828125,1514.5,1507.300048828125,1510.9000244140625,0
2026-03-19 03:50:00,1508.699951171875,1513.0999755859375,1506.199951171875,1510.0,20757
2026-03-19 03:55:00,1508.699951171875,1508.699951171875,1504.0999755859375,1507.699951171875,6327
2026-03-19 04:00:00,1507.5999755859375,1511.699951171875,1506.300048828125,1511.199951171875,10725
2026-03-19 04:05:00,1511.199951171875,1513.5999755859375,1508.0999755859375,1508.0999755859375,11429
2026-03-19 04:10:00,1508.0999755859375,1508.9000244140625,1505.4000244140625,1507.699951171875,11997
2026-03-19 04:15:00,1506.699951171875,1506.699951171875,1502.0,1504.300048828125,26244
2026-03-19 04:20:00,1505.4000244140625,1508.699951171875,1503.300048828125,1506.0999755859375,11844
2026-03-19 04:25:00,1506.0999755859375,1511.0,1506.0,1508.800048828125,10867
2026-03-19 04:30:00,1509.199951171875,1510.5,1507.9000244140625,1509.199951171875,5421
2026-03-19 04:35:00,1509.0999755859375,1509.699951171875,1506.9000244140625,1508.300048828125,3430
2026-03-19 04:40:00,1508.0,1510.4000244140625,1506.699951171875,1509.5,4009
2026-03-19 04:45:00,1509.0,1509.300048828125,1504.9000244140625,1505.5999755859375,12588
2026-03-19 04:50:00,1505.0,1506.9000244140625,1505.0,1505.9000244140625,2236
2026-03-19 04:55:00,1505.699951171875,1508.300048828125,1505.4000244140625,1506.0999755859375,3749
2026-03-19 05:00:00,1506.0999755859375,1510.800048828125,1506.0999755859375,1509.699951171875,6331
2026-03-19 05:05:00,1510.0,1512.0,1508.800048828125,1512.0,17940
2026-03-19 05:10:00,1512.300048828125,1512.300048828125,1507.0999755859375,1507.9000244140625,8066
2026-03-19 05:15:00,1507.5999755859375,1508.4000244140625,1505.300048828125,1505.5,5773
2026-03-19 05:20:00,1505.300048828125,1507.699951171875,1505.199951171875,1507.0,4655
2026-03-19 05:25:00,1507.0,1508.4000244140625,1506.300048828125,1507.0,4020
2026-03-19 05:30:00,1506.800048828125,1506.800048828125,1505.199951171875,1506.300048828125,12403
2026-03-19 05:35:00,1508.0,1510.300048828125,1505.300048828125,1506.199951171875,4924
2026-03-19 05:40:00,1505.5,1506.5999755859375,1504.5,1505.0999755859375,5299
2026-03-19 05:45:00,1505.0999755859375,1506.800048828125,1504.4000244140625,1506.800048828125,5055
2026-03-19 05:50:00,1506.5999755859375,1509.5999755859375,1505.0,1508.699951171875,6972
2026-03-19 05:55:00,1507.0999755859375,1510.699951171875,1507.0999755859375,1508.300048828125,10461
2026-03-19 06:00:00,1508.199951171875,1508.4000244140625,1504.5999755859375,1508.0,3033
2026-03-19 06:05:00,1508.0,1508.0,1506.699951171875,1507.199951171875,3389
2026-03-19 06:10:00,1506.699951171875,1508.5999755859375,1506.300048828125,1507.300048828125,3201
2026-03-19 06:15:00,1507.699951171875,1507.800048828125,1505.800048828125,1506.699951171875,7103
2026-03-19 06:20:00,1506.5,1509.300048828125,1506.5,1507.699951171875,5361
2026-03-19 06:25:00,1507.699951171875,1508.0999755859375,1506.9000244140625,1507.199951171875,2869
2026-03-19 06:30:00,1507.300048828125,1507.300048828125,1500.300048828125,1500.800048828125,17321
2026-03-19 06:35:00,1500.800048828125,1505.5,1498.4000244140625,1505.0,17037
2026-03-19 06:40:00,1505.0,1508.199951171875,1503.300048828125,1507.5999755859375,3746
2026-03-19 06:45:00,1508.0,1510.0,1507.300048828125,1508.0,3892
2026-03-19 06:50:00,1507.800048828125,1511.300048828125,1507.300048828125,1510.0,18470
2026-03-19 06:55:00,1510.5999755859375,1511.9000244140625,1509.699951171875,1511.4000244140625,5184
2026-03-19 07:00:00,1511.4000244140625,1511.9000244140625,1509.199951171875,1509.800048828125,5568
2026-03-19 07:05:00,1510.9000244140625,1512.300048828125,1510.9000244140625,1511.199951171875,2574
2026-03-19 07:10:00,1511.199951171875,1511.4000244140625,1510.0,1510.0,2964
2026-03-19 07:15:00,1511.199951171875,1513.9000244140625,1510.199951171875,1513.4000244140625,2762
2026-03-19 07:20:00,1513.4000244140625,1513.800048828125,1510.9000244140625,1513.4000244140625,3477
2026-03-19 07:25:00,1513.4000244140625,1513.5999755859375,1513.0,1513.4000244140625,463
2026-03-19 07:30:00,1513.4000244140625,1513.5999755859375,1511.699951171875,1511.699951171875,1135
2026-03-19 07:35:00,1511.0,1512.4000244140625,1504.4000244140625,1508.0,27084
2026-03-19 07:40:00,1508.800048828125,1510.0999755859375,1496.800048828125,1497.300048828125,54536
2026-03-19 07:45:00,1497.0,1497.0,1487.5,1492.5,75211
2026-03-19 07:50:00,1492.5,1496.5,1490.300048828125,1493.5,24424
2026-03-19 07:55:00,1493.800048828125,1495.0,1491.0999755859375,1494.9000244140625,19526
2026-03-19 08:00:00,1494.9000244140625,1496.9000244140625,1494.0,1495.199951171875,21165
2026-03-19 08:05:00,1495.0,1496.5,1492.4000244140625,1496.199951171875,52750
2026-03-19 08:10:00,1495.199951171875,1496.5,1486.0,1488.5999755859375,40216
2026-03-19 08:15:00,1488.699951171875,1490.0999755859375,1487.0,1489.800048828125,9398
2026-03-19 08:20:00,1489.800048828125,1491.199951171875,1472.300048828125,1472.300048828125,101279
2026-03-19 08:25:00,1468.5999755859375,1483.0,1458.0,1480.0,162819
2026-03-19 08:30:00,1480.0,1483.0,1463.300048828125,1465.0999755859375,51042
2026-03-19 08:35:00,1463.699951171875,1465.5999755859375,1458.5,1461.4000244140625,30745
2026-03-19 08:40:00,1461.199951171875,1468.199951171875,1458.699951171875,1468.199951171875,31886
2026-03-19 08:45:00,1468.0999755859375,1470.0,1464.0,1465.0,74856
2026-03-19 08:50:00,1465.0,1467.4000244140625,1462.5,1465.0,67452
2026-03-19 08:55:00,1465.0,1467.5999755859375,1463.0,1465.5,48182
2026-03-19 09:00:00,1465.4000244140625,1485.0999755859375,1465.0999755859375,1484.0999755859375,47618
2026-03-19 09:05:00,1485.0,1486.0999755859375,1479.199951171875,1484.0,24529
2026-03-19 09:10:00,1484.300048828125,1485.4000244140625,1480.300048828125,1484.0999755859375,20445
2026-03-19 09:15:00,1484.199951171875,1484.4000244140625,1474.5,1477.300048828125,24218
2026-03-19 09:20:00,1477.199951171875,1483.800048828125,1476.800048828125,1482.4000244140625,17637
2026-03-19 09:25:00,1482.5999755859375,1484.0,1477.300048828125,1480.199951171875,20338
2026-03-19 09:30:00,1481.5999755859375,1484.9000244140625,1474.5999755859375,1483.9000244140625,25263
2026-03-19 09:35:00,1483.699951171875,1487.5,1481.300048828125,1486.5999755859375,60383
2026-03-19 09:40:00,1486.5999755859375,1489.300048828125,1485.0,1487.5999755859375,68653
2026-03-19 09:45:00,1488.300048828125,1494.0,1487.5,1494.0,69204
2026-03-19 09:50:00,1492.9000244140625,1496.4000244140625,1490.5,1495.199951171875,52259
2026-03-19 09:55:00,1495.300048828125,1496.5999755859375,1488.699951171875,1488.699951171875,25077
2026-03-20 03:45:00,1500.0,1516.0,1500.0,1514.9000244140625,0
2026-03-20 03:50:00,1514.9000244140625,1515.0999755859375,1509.5,1511.199951171875,6477
2026-03-20 03:55:00,1512.4000244140625,1512.5,1507.5999755859375,1508.300048828125,3708
2026-03-20 04:00:00,1508.9000244140625,1509.0,1506.199951171875,1507.199951171875,6518
2026-03-20 04:05:00,1508.0999755859375,1513.800048828125,1505.0,1505.0,6992
2026-03-20 04:10:00,1507.4000244140625,1510.699951171875,1504.0999755859375,1504.9000244140625,5400
2026-03-20 04:15:00,1505.0999755859375,1505.0999755859375,1498.800048828125,1499.5999755859375,8192
2026-03-20 04:20:00,1500.9000244140625,1511.5,1499.800048828125,1510.0999755859375,17127
2026-03-20 04:25:00,1511.0,1513.4000244140625,1510.0999755859375,1513.300048828125,3680
2026-03-20 04:30:00,1513.0999755859375,1513.0999755859375,1508.9000244140625,1511.0,3204
2026-03-20 04:35:00,1510.199951171875,1510.4000244140625,1507.5,1508.800048828125,3165
2026-03-20 04:40:00,1508.5999755859375,1510.800048828125,1507.300048828125,1508.0,2099
2026-03-20 04:45:00,1508.0,1509.9000244140625,1504.5,1506.199951171875,11992
2026-03-20 04:50:00,1506.9000244140625,1510.9000244140625,1506.0,1510.9000244140625,2366
2026-03-20 04:55:00,1510.5999755859375,1514.5999755859375,1508.5999755859375,1513.0,8014
2026-03-20 05:00:00,1513.0,1516.0,1512.5,1513.5,3666
2026-03-20 05:05:00,1514.800048828125,1516.0999755859375,1513.0,1515.0,7199
2026-03-20 05:10:00,1514.9000244140625,1519.4000244140625,1514.699951171875,1517.800048828125,14689
2026-03-20 05:15:00,1518.5999755859375,1519.800048828125,1515.699951171875,1517.699951171875,4591
2026-03-20 05:20:00,1517.699951171875,1523.0999755859375,1517.699951171875,1522.5,13937
2026-03-20 05:25:00,1521.4000244140625,1522.300048828125,1517.9000244140625,1520.0,2215
2026-03-20 05:30:00,1520.800048828125,1521.199951171875,1519.0,1519.0,2325
2026-03-20 05:35:00,1519.0,1521.5999755859375,1518.4000244140625,1520.300048828125,3237
2026-03-20 05:40:00,1520.0,1520.300048828125,1517.0,1518.199951171875,1805
2026-03-20 05:45:00,1517.5,1521.199951171875,1517.4000244140625,1519.800048828125,2100
2026-03-20 05:50:00,1519.800048828125,1525.9000244140625,1519.199951171875,1525.300048828125,18816
2026-03-20 05:55:00,1524.5999755859375,1525.800048828125,1523.5,1524.0,13733
2026-03-20 06:00:00,1524.0,1526.300048828125,1524.0,1525.0,2064
2026-03-20 06:05:00,1525.5999755859375,1525.5999755859375,1513.800048828125,1515.699951171875,17982
2026-03-20 06:10:00,1515.699951171875,1516.300048828125,1511.4000244140625,1513.0,11943
2026-03-20 06:15:00,1513.5,1514.0,1509.199951171875,1510.0999755859375,9360
2026-03-20 06:20:00,1511.0,1511.0999755859375,1506.4000244140625,1508.5999755859375,9258
2026-03-20 06:25:00,1508.0,1509.5999755859375,1506.0999755859375,1508.300048828125,15589
2026-03-20 06:30:00,1507.699951171875,1509.699951171875,1507.0,1507.9000244140625,6924
2026-03-20 06:35:00,1508.699951171875,1510.0,1507.300048828125,1507.300048828125,15117
2026-03-20 06:40:00,1507.300048828125,1509.5,1505.4000244140625,1505.5,7819
2026-03-20 06:45:00,1505.699951171875,1506.4000244140625,1500.9000244140625,1500.9000244140625,20651
2026-03-20 06:50:00,1500.199951171875,1500.4000244140625,1497.0,1498.0,10637
2026-03-20 06:55:00,1497.699951171875,1499.699951171875,1496.699951171875,1499.199951171875,3988
2026-03-20 07:00:00,1498.5,1502.4000244140625,1496.199951171875,1501.9000244140625,3626
2026-03-20 07:05:00,1501.699951171875,1505.4000244140625,1501.0,1503.199951171875,4338
2026-03-20 07:10:00,1503.199951171875,1505.300048828125,1502.4000244140625,1505.0,2312
2026-03-20 07:15:00,1504.0999755859375,1505.9000244140625,1503.800048828125,1505.0,3141
2026-03-20 07:20:00,1505.0,1506.9000244140625,1502.5999755859375,1504.9000244140625,2204
2026-03-20 07:25:00,1505.9000244140625,1506.4000244140625,1501.5,1501.800048828125,1599
2026-03-20 07:30:00,1501.0,1503.800048828125,1500.0999755859375,1503.5999755859375,1972
2026-03-20 07:35:00,1502.9000244140625,1503.0999755859375,1500.5999755859375,1501.5999755859375,1082
2026-03-20 07:40:00,1501.4000244140625,1505.5,1500.4000244140625,1505.5,2603
2026-03-20 07:45:00,1505.0,1508.800048828125,1505.0,1507.9000244140625,5602
2026-03-20 07:50:00,1507.0999755859375,1508.800048828125,1507.0,1507.9000244140625,3193
2026-03-20 07:55:00,1508.5,1511.5,1507.5999755859375,1510.0,16298
2026-03-20 08:00:00,1510.0999755859375,1513.9000244140625,1510.0999755859375,1513.0,10835
2026-03-20 08:05:00,1512.300048828125,1513.0,1511.0,1511.9000244140625,1308
2026-03-20 08:10:00,1511.9000244140625,1512.5,1511.0,1511.300048828125,2964
2026-03-20 08:15:00,1511.0,1511.5999755859375,1508.199951171875,1511.300048828125,15250
2026-03-20 08:20:00,1510.5,1513.0,1510.0999755859375,1512.5999755859375,9342
2026-03-20 08:25:00,1513.0,1513.0,1508.300048828125,1510.0,7633
2026-03-20 08:30:00,1510.5999755859375,1513.0999755859375,1509.800048828125,1512.199951171875,3530
2026-03-20 08:35:00,1512.5999755859375,1512.699951171875,1510.300048828125,1511.9000244140625,1832
2026-03-20 08:40:00,1511.9000244140625,1512.0,1506.699951171875,1506.800048828125,24994
2026-03-20 08:45:00,1506.5999755859375,1506.5999755859375,1500.800048828125,1501.800048828125,8281
2026-03-20 08:50:00,1502.4000244140625,1502.4000244140625,1498.199951171875,1499.5,5306
2026-03-20 08:55:00,1499.5,1499.5,1496.9000244140625,1498.0,1728
2026-03-20 09:00:00,1497.800048828125,1500.0999755859375,1496.300048828125,1499.4000244140625,4996
2026-03-20 09:05:00,1500.0,1500.0,1496.300048828125,1498.4000244140625,5747
2026-03-20 09:10:00,1498.9000244140625,1498.9000244140625,1495.5999755859375,1496.4000244140625,9909
2026-03-20 09:15:00,1496.300048828125,1497.0,1492.9000244140625,1493.9000244140625,7231
2026-03-20 09:20:00,1493.699951171875,1496.199951171875,1492.0,1495.4000244140625,6891
2026-03-20 09:25:00,1495.5999755859375,1496.9000244140625,1491.800048828125,1493.199951171875,11164
2026-03-20 09:30:00,1494.0,1498.4000244140625,1493.199951171875,1493.300048828125,64558
2026-03-20 09:35:00,1493.300048828125,1496.5,1493.0999755859375,1494.800048828125,47056
2026-03-20 09:40:00,1495.699951171875,1497.800048828125,1491.300048828125,1497.199951171875,63840
2026-03-20 09:45:00,1497.199951171875,1501.300048828125,1497.199951171875,1500.0,56989
2026-03-20 09:50:00,1500.4000244140625,1501.9000244140625,1498.300048828125,1498.800048828125,92085
2026-03-20 09:55:00,1498.800048828125,1504.0,1494.199951171875,1497.0999755859375,45886
2026-03-23 03:45:00,1473.699951171875,1473.699951171875,1467.300048828125,1472.0,0
2026-03-23 03:50:00,1472.0,1477.5999755859375,1472.0,1472.5,8531
2026-03-23 03:55:00,1471.0999755859375,1476.5999755859375,1471.0,1471.4000244140625,9669
2026-03-23 04:00:00,1472.300048828125,1477.9000244140625,1470.199951171875,1470.199951171875,11672
2026-03-23 04:05:00,1470.5999755859375,1474.699951171875,1468.0999755859375,1470.800048828125,19142
2026-03-23 04:10:00,1470.800048828125,1471.699951171875,1467.300048828125,1469.0999755859375,10443
2026-03-23 04:15:00,1467.4000244140625,1469.5999755859375,1462.5,1464.5999755859375,12383
2026-03-23 04:20:00,1463.199951171875,1465.0,1461.0999755859375,1461.800048828125,11196
2026-03-23 04:25:00,1461.9000244140625,1465.5999755859375,1460.4000244140625,1463.0999755859375,5376
2026-03-23 04:30:00,1463.9000244140625,1464.300048828125,1457.5999755859375,1460.300048828125,9653
2026-03-23 04:35:00,1459.5999755859375,1460.9000244140625,1457.300048828125,1459.800048828125,8712
2026-03-23 04:40:00,1458.9000244140625,1458.9000244140625,1454.0999755859375,1456.300048828125,3579
2026-03-23 04:45:00,1456.300048828125,1459.4000244140625,1455.199951171875,1459.4000244140625,4662
2026-03-23 04:50:00,1458.300048828125,1462.199951171875,1457.9000244140625,1458.4000244140625,8252
2026-03-23 04:55:00,1457.9000244140625,1457.9000244140625,1452.699951171875,1453.699951171875,8096
2026-03-23 05:00:00,1453.699951171875,1455.300048828125,1450.9000244140625,1451.0,6609
2026-03-23 05:05:00,1450.0,1454.5,1450.0,1451.199951171875,6669
2026-03-23 05:10:00,1451.4000244140625,1452.699951171875,1450.4000244140625,1450.5999755859375,3413
2026-03-23 05:15:00,1450.4000244140625,1451.0999755859375,1447.0999755859375,1450.0999755859375,5800
2026-03-23 05:20:00,1450.0999755859375,1450.0999755859375,1445.5999755859375,1447.199951171875,7189
2026-03-23 05:25:00,1447.0999755859375,1454.5,1445.4000244140625,1451.0,53769
2026-03-23 05:30:00,1451.800048828125,1451.800048828125,1447.699951171875,1450.5999755859375,58833
2026-03-23 05:35:00,1449.5999755859375,1453.9000244140625,1448.0,1452.0,6410
2026-03-23 05:40:00,1451.5999755859375,1451.5999755859375,1448.0,1449.800048828125,3349
2026-03-23 05:45:00,1449.5,1449.5,1447.300048828125,1448.4000244140625,6074
2026-03-23 05:50:00,1448.0,1452.0999755859375,1448.0,1448.5,8673
2026-03-23 05:55:00,1449.5,1449.699951171875,1447.800048828125,1448.0,8963
2026-03-23 06:00:00,1447.5,1452.0,1446.699951171875,1451.0,36881
2026-03-23 06:05:00,1451.0,1451.0,1443.0,1443.4000244140625,111632
2026-03-23 06:10:00,1444.0,1449.4000244140625,1439.699951171875,1441.0,24014
2026-03-23 06:15:00,1441.0,1444.0,1438.699951171875,1442.5,135268
2026-03-23 06:20:00,1442.5,1442.5,1434.5999755859375,1435.800048828125,124166
2026-03-23 06:25:00,1435.9000244140625,1438.0,1433.5999755859375,1437.0999755859375,12742
2026-03-23 06:30:00,1437.0999755859375,1438.0999755859375,1435.0,1435.199951171875,11594
2026-03-23 06:35:00,1435.800048828125,1437.5,1433.0,1437.4000244140625,5307
2026-03-23 06:40:00,1437.5,1439.0,1431.5999755859375,1433.0999755859375,5437
2026-03-23 06:45:00,1432.9000244140625,1437.800048828125,1431.199951171875,1437.5999755859375,13543
2026-03-23 06:50:00,1437.5999755859375,1440.0,1434.699951171875,1436.4000244140625,30835
2026-03-23 06:55:00,1436.4000244140625,1436.800048828125,1435.0,1436.0999755859375,8885
2026-03-23 07:00:00,1436.800048828125,1438.4000244140625,1436.0,1436.5999755859375,3319
2026-03-23 07:05:00,1436.0999755859375,1439.300048828125,1436.0999755859375,1438.5999755859375,3256
2026-03-23 07:10:00,1438.5,1438.9000244140625,1436.0999755859375,1437.199951171875,2267
2026-03-23 07:15:00,1436.5999755859375,1438.199951171875,1436.199951171875,1436.699951171875,6248
2026-03-23 07:20:00,1436.199951171875,1437.800048828125,1435.9000244140625,1437.5,4094
2026-03-23 07:25:00,1437.4000244140625,1439.5,1435.0,1437.800048828125,11376
2026-03-23 07:30:00,1436.0,1438.5,1436.0,1437.4000244140625,10042
2026-03-23 07:35:00,1437.5999755859375,1438.4000244140625,1436.0,1437.199951171875,27629
2026-03-23 07:40:00,1437.4000244140625,1438.300048828125,1435.300048828125,1435.5999755859375,53582
2026-03-23 07:45:00,1436.4000244140625,1437.0999755859375,1427.800048828125,1431.199951171875,34979
2026-03-23 07:50:00,1430.800048828125,1431.5999755859375,1429.800048828125,1430.0999755859375,9733
2026-03-23 07:55:00,1430.0,1431.699951171875,1429.199951171875,1430.800048828125,28457
2026-03-23 08:00:00,1430.9000244140625,1434.5999755859375,1430.9000244140625,1433.800048828125,20477
2026-03-23 08:05:00,1433.800048828125,1435.4000244140625,1432.9000244140625,1433.0999755859375,15441
2026-03-23 08:10:00,1433.0999755859375,1436.0,1432.0,1435.9000244140625,16654
2026-03-23 08:15:00,1435.0999755859375,1435.699951171875,1429.0,1433.5999755859375,53496
2026-03-23 08:20:00,1434.0,1435.5999755859375,1432.800048828125,1433.0999755859375,14809
2026-03-23 08:25:00,1433.5,1434.5999755859375,1431.199951171875,1431.699951171875,13968
2026-03-23 08:30:00,1431.5999755859375,1438.5999755859375,1430.5999755859375,1438.4000244140625,18386
2026-03-23 08:35:00,1438.300048828125,1438.300048828125,1433.5999755859375,1435.4000244140625,14777
2026-03-23 08:40:00,1435.4000244140625,1435.4000244140625,1433.0,1433.199951171875,12092
2026-03-23 08:45:00,1433.0999755859375,1436.0,1432.800048828125,1434.800048828125,17731
2026-03-23 08:50:00,1436.0999755859375,1436.5,1433.0,1433.4000244140625,19509
2026-03-23 08:55:00,1434.699951171875,1435.4000244140625,1432.4000244140625,1433.0999755859375,15102
2026-03-23 09:00:00,1433.0999755859375,1434.4000244140625,1431.300048828125,1433.0,75216
2026-03-23 09:05:00,1433.0,1436.800048828125,1432.5999755859375,1433.199951171875,32415
2026-03-23 09:10:00,1433.300048828125,1435.699951171875,1432.5999755859375,1435.0,39450
2026-03-23 09:15:00,1434.699951171875,1435.4000244140625,1433.0,1434.4000244140625,21258
2026-03-23 09:20:00,1434.5999755859375,1438.0,1434.0999755859375,1434.0999755859375,43612
2026-03-23 09:25:00,1434.199951171875,1434.800048828125,1433.0,1434.300048828125,28918
2026-03-23 09:30:00,1433.0,1433.699951171875,1430.0999755859375,1433.0,76051
2026-03-23 09:35:00,1433.0,1435.0,1432.699951171875,1433.5999755859375,45724
2026-03-23 09:40:00,1434.0999755859375,1435.4000244140625,1433.0,1433.0999755859375,39223
2026-03-23 09:45:00,1433.5999755859375,1433.800048828125,1432.0999755859375,1433.0999755859375,57103
2026-03-23 09:50:00,1433.0,1439.9000244140625,1432.199951171875,1438.199951171875,77320
2026-03-23 09:55:00,1437.0,1441.5999755859375,1436.0,1439.0,59609
2026-03-24 03:45:00,1461.0999755859375,1463.699951171875,1451.199951171875,1459.9000244140625,0
2026-03-24 03:50:00,1459.800048828125,1459.800048828125,1450.0,1454.0,22678
2026-03-24 03:55:00,1453.9000244140625,1457.4000244140625,1451.0999755859375,1451.300048828125,8591
2026-03-24 04:00:00,1451.199951171875,1453.300048828125,1449.4000244140625,1449.5999755859375,12723
2026-03-24 04:05:00,1449.4000244140625,1449.4000244140625,1441.9000244140625,1441.9000244140625,10171
2026-03-24 04:10:00,1441.9000244140625,1444.0,1439.4000244140625,1440.0,7135
2026-03-24 04:15:00,1439.5999755859375,1444.199951171875,1439.5999755859375,1444.0,6614
2026-03-24 04:20:00,1444.0999755859375,1451.0,1444.0999755859375,1448.699951171875,16402
2026-03-24 04:25:00,1448.699951171875,1453.0999755859375,1448.699951171875,1451.0,4464
2026-03-24 04:30:00,1451.0,1451.0,1447.0,1448.0,11729
2026-03-24 04:35:00,1447.4000244140625,1450.0999755859375,1447.4000244140625,1449.0999755859375,19751
2026-03-24 04:40:00,1449.300048828125,1450.800048828125,1447.4000244140625,1449.699951171875,18025
2026-03-24 04:45:00,1448.699951171875,1451.0,1448.4000244140625,1449.0,4723
2026-03-24 04:50:00,1449.199951171875,1449.4000244140625,1446.0,1447.199951171875,15290
2026-03-24 04:55:00,1448.0,1448.0,1445.0,1446.5,8824
2026-03-24 05:00:00,1447.300048828125,1447.800048828125,1445.0999755859375,1447.5,20974
2026-03-24 05:05:00,1447.0,1448.0,1442.5999755859375,1444.0,45931
2026-03-24 05:10:00,1443.0,1447.0,1443.0,1445.800048828125,1851
2026-03-24 05:15:00,1445.4000244140625,1451.0,1445.300048828125,1448.199951171875,2512
2026-03-24 05:20:00,1448.699951171875,1451.300048828125,1448.699951171875,1450.300048828125,3176
2026-03-24 05:25:00,1450.300048828125,1450.300048828125,1445.0,1446.0,13141
2026-03-24 05:30:00,1446.4000244140625,1447.0999755859375,1445.199951171875,1445.9000244140625,3028
2026-03-24 05:35:00,1445.0,1452.0999755859375,1444.9000244140625,1451.199951171875,8913
2026-03-24 05:40:00,1451.199951171875,1454.5999755859375,1450.0999755859375,1454.5999755859375,1279
2026-03-24 05:45:00,1453.800048828125,1456.699951171875,1453.699951171875,1455.300048828125,4321
2026-03-24 05:50:00,1455.5,1458.300048828125,1453.0,1453.0,5726
2026-03-24 05:55:00,1452.4000244140625,1458.0,1452.4000244140625,1456.5,4767
2026-03-24 06:00:00,1457.5,1457.699951171875,1454.5,1457.699951171875,1054
2026-03-24 06:05:00,1456.9000244140625,1463.5,1456.9000244140625,1463.5,8662
2026-03-24 06:10:00,1463.5,1464.300048828125,1461.9000244140625,1464.300048828125,2946
2026-03-24 06:15:00,1464.199951171875,1467.9000244140625,1463.5999755859375,1465.5,11341
2026-03-24 06:20:00,1464.9000244140625,1468.800048828125,1464.0999755859375,1464.9000244140625,25169
2026-03-24 06:25:00,1464.5,1469.0,1464.0,1466.699951171875,8700
2026-03-24 06:30:00,1467.0999755859375,1471.4000244140625,1466.4000244140625,1470.199951171875,7874
2026-03-24 06:35:00,1469.800048828125,1472.0,1468.5,1470.5,4149
2026-03-24 06:40:00,1470.5,1472.0,1466.4000244140625,1466.5999755859375,5548
2026-03-24 06:45:00,1466.5999755859375,1466.9000244140625,1463.199951171875,1464.699951171875,2861
2026-03-24 06:50:00,1464.699951171875,1475.4000244140625,1464.199951171875,1475.4000244140625,7272
2026-03-24 06:55:00,1474.9000244140625,1481.0,1473.5999755859375,1477.5999755859375,10053
2026-03-24 07:00:00,1477.0999755859375,1484.0,1477.0999755859375,1478.9000244140625,9575
2026-03-24 07:05:00,1480.0999755859375,1484.0,1479.9000244140625,1481.4000244140625,5064
2026-03-24 07:10:00,1481.300048828125,1487.5,1479.0,1479.0999755859375,11795
2026-03-24 07:15:00,1478.5999755859375,1481.0,1478.5999755859375,1479.5,7911
2026-03-24 07:20:00,1479.5,1480.300048828125,1477.9000244140625,1478.9000244140625,3580
2026-03-24 07:25:00,1479.9000244140625,1479.9000244140625,1473.0999755859375,1475.9000244140625,15040
2026-03-24 07:30:00,1476.300048828125,1476.5999755859375,1469.800048828125,1470.0,4912
2026-03-24 07:35:00,1470.199951171875,1472.4000244140625,1468.0,1471.5,3995
2026-03-24 07:40:00,1471.5999755859375,1472.0,1468.0,1471.300048828125,3013
2026-03-24 07:45:00,1470.9000244140625,1471.199951171875,1468.4000244140625,1469.5999755859375,5041
2026-03-24 07:50:00,1469.699951171875,1470.300048828125,1465.5999755859375,1466.800048828125,5853
2026-03-24 07:55:00,1466.800048828125,1468.5,1466.4000244140625,1466.4000244140625,5022
2026-03-24 08:00:00,1466.800048828125,1468.5999755859375,1466.0,1467.199951171875,24722
2026-03-24 08:05:00,1467.300048828125,1472.699951171875,1467.0,1469.0,5627
2026-03-24 08:10:00,1468.800048828125,1471.0999755859375,1468.0,1469.0999755859375,2719
2026-03-24 08:15:00,1469.0999755859375,1471.9000244140625,1469.0999755859375,1470.0999755859375,5999
2026-03-24 08:20:00,1470.0999755859375,1472.5999755859375,1470.0,1470.800048828125,10055
2026-03-24 08:25:00,1471.5,1474.0,1471.0,1472.5999755859375,3261
2026-03-24 08:30:00,1472.5999755859375,1472.5999755859375,1469.5,1471.199951171875,41482
2026-03-24 08:35:00,1471.199951171875,1473.800048828125,1470.0,1470.199951171875,5222
2026-03-24 08:40:00,1470.5999755859375,1472.4000244140625,1469.5999755859375,1471.199951171875,4258
2026-03-24 08:45:00,1471.5,1474.5999755859375,1470.5,1470.9000244140625,3425
2026-03-24 08:50:00,1471.300048828125,1473.0,1470.300048828125,1472.199951171875,5053
2026-03-24 08:55:00,1472.5,1475.800048828125,1472.5,1474.0,8948
2026-03-24 09:00:00,1474.0,1477.0,1474.0,1476.4000244140625,9661
2026-03-24 09:05:00,1476.800048828125,1477.300048828125,1466.699951171875,1466.9000244140625,24204
2026-03-24 09:10:00,1467.199951171875,1467.699951171875,1461.5999755859375,1461.5999755859375,10610
2026-03-24 09:15:00,1462.4000244140625,1462.5,1458.4000244140625,1459.300048828125,14916
2026-03-24 09:20:00,1460.4000244140625,1463.5999755859375,1458.800048828125,1459.5999755859375,8676
2026-03-24 09:25:00,1460.5,1463.0999755859375,1458.699951171875,1460.199951171875,14007
2026-03-24 09:30:00,1459.0,1462.9000244140625,1456.800048828125,1462.199951171875,36748
2026-03-24 09:35:00,1462.300048828125,1463.4000244140625,1460.5999755859375,1461.300048828125,34725
2026-03-24 09:40:00,1462.0999755859375,1463.5,1459.800048828125,1460.699951171875,27088
2026-03-24 09:45:00,1461.300048828125,1462.699951171875,1458.199951171875,1460.300048828125,34757
2026-03-24 09:50:00,1460.0,1464.0999755859375,1459.199951171875,1462.199951171875,46074
2026-03-24 09:55:00,1461.800048828125,1467.0999755859375,1460.300048828125,1464.0,39207
2026-03-25 03:45:00,1486.800048828125,1511.800048828125,1486.800048828125,1502.0999755859375,0
2026-03-25 03:50:00,1505.5,1507.9000244140625,1500.5,1502.4000244140625,50461
2026-03-25 03:55:00,1501.199951171875,1504.0999755859375,1495.4000244140625,1496.9000244140625,32386
2026-03-25 04:00:00,1496.800048828125,1511.0,1496.4000244140625,1510.9000244140625,96606
2026-03-25 04:05:00,1510.5,1511.300048828125,1498.5,1500.5,32572
2026-03-25 04:10:00,1500.5,1506.199951171875,1496.5999755859375,1506.199951171875,30913
2026-03-25 04:15:00,1503.699951171875,1506.0999755859375,1494.199951171875,1495.4000244140625,251020
2026-03-25 04:20:00,1494.4000244140625,1499.699951171875,1490.5999755859375,1494.5999755859375,226483
2026-03-25 04:25:00,1493.800048828125,1494.0999755859375,1487.4000244140625,1488.199951171875,140725
2026-03-25 04:30:00,1488.0,1488.300048828125,1479.0999755859375,1481.300048828125,25102
2026-03-25 04:35:00,1481.0,1481.199951171875,1477.0999755859375,1480.0999755859375,11107
2026-03-25 04:40:00,1481.199951171875,1483.5999755859375,1477.5,1480.0,78991
2026-03-25 04:45:00,1480.0,1481.199951171875,1475.0,1475.0,15204
2026-03-25 04:50:00,1475.5999755859375,1479.5999755859375,1474.699951171875,1478.0,8792
2026-03-25 04:55:00,1478.0,1480.0,1476.699951171875,1476.699951171875,4254
2026-03-25 05:00:00,1477.300048828125,1478.199951171875,1476.5,1477.800048828125,2676
2026-03-25 05:05:00,1477.800048828125,1478.5,1474.4000244140625,1474.4000244140625,6426
2026-03-25 05:10:00,1475.0,1479.199951171875,1474.300048828125,1477.199951171875,8693
2026-03-25 05:15:00,1477.199951171875,1477.699951171875,1476.199951171875,1477.699951171875,1794
2026-03-25 05:20:00,1477.9000244140625,1478.0,1475.300048828125,1476.0999755859375,5589
2026-03-25 05:25:00,1475.9000244140625,1476.699951171875,1473.699951171875,1474.300048828125,3508
2026-03-25 05:30:00,1474.300048828125,1475.300048828125,1472.300048828125,1472.800048828125,5732
2026-03-25 05:35:00,1472.800048828125,1475.5999755859375,1472.5999755859375,1473.800048828125,5826
2026-03-25 05:40:00,1473.9000244140625,1478.4000244140625,1472.0999755859375,1477.5,6333
2026-03-25 05:45:00,1476.9000244140625,1477.4000244140625,1474.0,1474.699951171875,5366
2026-03-25 05:50:00,1474.699951171875,1474.699951171875,1468.5999755859375,1469.4000244140625,13497
2026-03-25 05:55:00,1470.5999755859375,1474.199951171875,1468.9000244140625,1472.4000244140625,12315
2026-03-25 06:00:00,1472.5,1472.5999755859375,1470.5999755859375,1470.5999755859375,11902
2026-03-25 06:05:00,1471.4000244140625,1472.0,1470.0,1471.699951171875,11101
2026-03-25 06:10:00,1471.5,1471.9000244140625,1470.0,1471.199951171875,2961
2026-03-25 06:15:00,1471.199951171875,1474.9000244140625,1470.300048828125,1474.199951171875,16247
2026-03-25 06:20:00,1474.4000244140625,1474.699951171875,1472.4000244140625,1473.0999755859375,4150
2026-03-25 06:25:00,1473.5999755859375,1475.300048828125,1470.0,1470.9000244140625,9915
2026-03-25 06:30:00,1471.300048828125,1472.9000244140625,1470.0,1472.800048828125,2480
2026-03-25 06:35:00,1472.5999755859375,1473.5,1471.5,1471.800048828125,4106
2026-03-25 06:40:00,1472.5,1476.300048828125,1472.0,1474.199951171875,3441
2026-03-25 06:45:00,1475.199951171875,1475.4000244140625,1473.0,1474.199951171875,2460
2026-03-25 06:50:00,1474.199951171875,1476.0,1473.199951171875,1475.0,5095
2026-03-25 06:55:00,1474.699951171875,1474.9000244140625,1473.0,1474.5,2664
2026-03-25 07:00:00,1474.5,1476.5999755859375,1473.5,1476.300048828125,4531
2026-03-25 07:05:00,1476.9000244140625,1480.699951171875,1476.800048828125,1479.199951171875,6219
2026-03-25 07:10:00,1479.0,1485.300048828125,1478.0,1485.0999755859375,27249
2026-03-25 07:15:00,1485.5999755859375,1485.5999755859375,1482.699951171875,1484.9000244140625,5112
2026-03-25 07:20:00,1484.699951171875,1484.9000244140625,1480.199951171875,1480.199951171875,10377
2026-03-25 07:25:00,1480.199951171875,1482.5999755859375,1480.199951171875,1481.800048828125,5522
2026-03-25 07:30:00,1481.800048828125,1482.0,1481.0,1481.0999755859375,2386
2026-03-25 07:35:00,1481.5999755859375,1483.0,1481.0999755859375,1482.800048828125,2781
2026-03-25 07:40:00,1482.800048828125,1483.0,1482.0,1483.0,12469
2026-03-25 07:45:00,1483.0,1483.0,1481.300048828125,1482.0999755859375,4077
2026-03-25 07:50:00,1482.300048828125,1482.9000244140625,1480.5,1482.699951171875,2423
2026-03-25 07:55:00,1482.699951171875,1483.0,1481.199951171875,1481.800048828125,30381
2026-03-25 08:00:00,1481.800048828125,1483.5,1481.300048828125,1483.0,31659
2026-03-25 08:05:00,1483.0,1483.800048828125,1481.800048828125,1482.5999755859375,5422
2026-03-25 08:10:00,1483.0,1483.0,1481.199951171875,1482.300048828125,4346
2026-03-25 08:15:00,1482.300048828125,1483.0,1480.800048828125,1482.9000244140625,3881
2026-03-25 08:20:00,1482.9000244140625,1483.0,1480.0999755859375,1480.9000244140625,4536
2026-03-25 08:25:00,1480.9000244140625,1482.5999755859375,1480.199951171875,1482.5,2205
2026-03-25 08:30:00,1482.5999755859375,1483.0,1480.699951171875,1482.0999755859375,40134
2026-03-25 08:35:00,1482.0999755859375,1482.0999755859375,1476.0,1476.0,11365
2026-03-25 08:40:00,1476.300048828125,1477.5999755859375,1475.800048828125,1477.199951171875,10483
2026-03-25 08:45:00,1477.199951171875,1478.199951171875,1472.0,1472.5,7372
2026-03-25 08:50:00,1472.699951171875,1472.699951171875,1467.4000244140625,1467.5,11386
2026-03-25 08:55:00,1466.0999755859375,1468.0,1465.0,1466.699951171875,15819
2026-03-25 09:00:00,1466.699951171875,1466.699951171875,1463.0999755859375,1464.699951171875,12691
2026-03-25 09:05:00,1464.300048828125,1468.699951171875,1464.300048828125,1468.699951171875,14324
2026-03-25 09:10:00,1468.699951171875,1471.4000244140625,1468.0,1471.0999755859375,7220
2026-03-25 09:15:00,1471.0999755859375,1471.4000244140625,1466.300048828125,1467.800048828125,15261
2026-03-25 09:20:00,1467.800048828125,1469.0,1464.0,1465.5,12465
2026-03-25 09:25:00,1465.9000244140625,1469.800048828125,1465.9000244140625,1469.199951171875,9922
2026-03-25 09:30:00,1469.0999755859375,1469.0999755859375,1463.0999755859375,1464.5999755859375,48005
2026-03-25 09:35:00,1464.5999755859375,1468.0999755859375,1461.4000244140625,1467.699951171875,57023
2026-03-25 09:40:00,1466.9000244140625,1470.800048828125,1466.9000244140625,1470.300048828125,78819
2026-03-25 09:45:00,1469.5999755859375,1472.5,1469.0,1472.0,37221
2026-03-25 09:50:00,1470.9000244140625,1472.0999755859375,1463.0999755859375,1466.0999755859375,132382
2026-03-25 09:55:00,1466.699951171875,1471.5999755859375,1464.800048828125,1465.0,116042
2026-03-27 03:45:00,1464.800048828125,1464.800048828125,1433.5,1433.5,0
2026-03-27 03:50:00,1431.199951171875,1438.0,1422.0,1422.0,118494
2026-03-27 03:55:00,1422.0999755859375,1424.0,1402.800048828125,1406.199951171875,93770
2026-03-27 04:00:00,1405.5,1413.199951171875,1397.9000244140625,1402.800048828125,110159
2026-03-27 04:05:00,1402.800048828125,1405.699951171875,1393.300048828125,1397.5999755859375,107959
2026-03-27 04:10:00,1397.800048828125,1422.800048828125,1397.4000244140625,1422.800048828125,181681
2026-03-27 04:15:00,1422.0,1429.0,1416.4000244140625,1427.0,72497
2026-03-27 04:20:00,1426.800048828125,1428.699951171875,1423.0999755859375,1427.5999755859375,79104
2026-03-27 04:25:00,1427.699951171875,1427.699951171875,1425.0,1426.5,31538
2026-03-27 04:30:00,1426.0999755859375,1430.9000244140625,1426.0999755859375,1429.800048828125,37175
2026-03-27 04:35:00,1429.800048828125,1430.199951171875,1420.699951171875,1421.300048828125,95934
2026-03-27 04:40:00,1421.699951171875,1421.699951171875,1411.0999755859375,1419.699951171875,33550
2026-03-27 04:45:00,1419.300048828125,1419.800048828125,1413.5999755859375,1416.199951171875,17925
2026-03-27 04:50:00,1416.199951171875,1417.9000244140625,1415.0999755859375,1417.5999755859375,13622
2026-03-27 04:55:00,1417.0999755859375,1420.9000244140625,1417.0999755859375,1418.5999755859375,11358
2026-03-27 05:00:00,1418.5999755859375,1432.0999755859375,1418.5999755859375,1430.800048828125,27195
2026-03-27 05:05:00,1430.699951171875,1435.4000244140625,1425.199951171875,1427.800048828125,147429
2026-03-27 05:10:00,1427.5999755859375,1433.300048828125,1426.9000244140625,1432.0,19298
2026-03-27 05:15:00,1433.0,1438.300048828125,1432.699951171875,1435.5,95597
2026-03-27 05:20:00,1434.0999755859375,1441.699951171875,1434.0999755859375,1436.5,138337
2026-03-27 05:25:00,1436.4000244140625,1436.4000244140625,1433.5999755859375,1434.199951171875,47890
2026-03-27 05:30:00,1434.199951171875,1435.0,1432.0,1432.0,17014
2026-03-27 05:35:00,1431.9000244140625,1436.199951171875,1431.4000244140625,1436.199951171875,46692
2026-03-27 05:40:00,1436.300048828125,1436.800048828125,1433.0,1434.9000244140625,20597
2026-03-27 05:45:00,1434.800048828125,1435.0,1432.0999755859375,1432.5,22482
2026-03-27 05:50:00,1432.5,1439.300048828125,1432.5,1437.9000244140625,23663
2026-03-27 05:55:00,1437.9000244140625,1444.0,1437.9000244140625,1438.9000244140625,24364
2026-03-27 06:00:00,1439.4000244140625,1439.4000244140625,1435.199951171875,1435.199951171875,13040
2026-03-27 06:05:00,1437.0999755859375,1446.0999755859375,1437.0999755859375,1445.800048828125,21049
2026-03-27 06:10:00,1445.199951171875,1445.300048828125,1440.699951171875,1442.0999755859375,12307
2026-03-27 06:15:00,1441.0,1444.4000244140625,1440.5999755859375,1443.4000244140625,12367
2026-03-27 06:20:00,1443.5,1444.0,1440.800048828125,1442.199951171875,20951
2026-03-27 06:25:00,1441.5999755859375,1448.0,1440.5,1446.699951171875,36806
2026-03-27 06:30:00,1445.0999755859375,1448.0999755859375,1444.5999755859375,1446.300048828125,43936
2026-03-27 06:35:00,1446.199951171875,1448.300048828125,1444.0,1448.0,11200
2026-03-27 06:40:00,1447.4000244140625,1453.5,1447.4000244140625,1452.199951171875,18380
2026-03-27 06:45:00,1452.800048828125,1454.5999755859375,1451.800048828125,1452.699951171875,10314
2026-03-27 06:50:00,1452.699951171875,1452.699951171875,1447.0,1449.5,16446
2026-03-27 06:55:00,1450.199951171875,1457.0,1449.800048828125,1457.0,16656
2026-03-27 07:00:00,1457.5,1459.800048828125,1456.199951171875,1458.300048828125,15810
2026-03-27 07:05:00,1458.300048828125,1459.4000244140625,1455.5999755859375,1457.5999755859375,12508
2026-03-27 07:10:00,1457.9000244140625,1459.800048828125,1455.800048828125,1459.800048828125,12919
2026-03-27 07:15:00,1459.800048828125,1460.0,1456.0,1457.199951171875,14407
2026-03-27 07:20:00,1457.199951171875,1461.800048828125,1457.199951171875,1460.0,12275
2026-03-27 07:25:00,1460.0,1461.800048828125,1459.699951171875,1461.199951171875,18072
2026-03-27 07:30:00,1461.199951171875,1461.9000244140625,1458.9000244140625,1459.4000244140625,12316
2026-03-27 07:35:00,1459.4000244140625,1462.300048828125,1457.4000244140625,1460.0999755859375,14833
2026-03-27 07:40:00,1460.0999755859375,1464.800048828125,1459.300048828125,1464.0,14055
2026-03-27 07:45:00,1464.5999755859375,1466.800048828125,1462.0,1466.300048828125,20071
2026-03-27 07:50:00,1466.0999755859375,1466.199951171875,1463.199951171875,1465.4000244140625,14116
2026-03-27 07:55:00,1465.199951171875,1468.300048828125,1463.9000244140625,1463.9000244140625,14186
2026-03-27 08:00:00,1463.800048828125,1466.9000244140625,1463.5,1466.199951171875,14433
2026-03-27 08:05:00,1466.199951171875,1468.0,1463.0,1466.0,20978
2026-03-27 08:10:00,1465.4000244140625,1468.0,1465.4000244140625,1467.300048828125,16179
2026-03-27 08:15:00,1467.300048828125,1471.0999755859375,1467.0999755859375,1471.0999755859375,26768
2026-03-27 08:20:00,1471.0999755859375,1473.5,1470.5,1470.9000244140625,15607
2026-03-27 08:25:00,1470.5,1473.4000244140625,1469.199951171875,1472.0,21261
2026-03-27 08:30:00,1471.5999755859375,1473.199951171875,1470.5999755859375,1471.5999755859375,19783
2026-03-27 08:35:00,1471.300048828125,1472.9000244140625,1469.0,1470.0,16061
2026-03-27 08:40:00,1470.0,1470.699951171875,1467.199951171875,1470.5,20565
2026-03-27 08:45:00,1470.0999755859375,1472.0,1468.199951171875,1470.0,21303
2026-03-27 08:50:00,1469.9000244140625,1473.5,1469.699951171875,1472.699951171875,21246
2026-03-27 08:55:00,1472.699951171875,1472.699951171875,1469.0999755859375,1469.0999755859375,13798
2026-03-27 09:00:00,1469.0,1469.9000244140625,1467.0,1468.5999755859375,16743
2026-03-27 09:05:00,1468.5999755859375,1471.300048828125,1467.199951171875,1468.0,19553
2026-03-27 09:10:00,1467.9000244140625,1472.5999755859375,1466.699951171875,1470.5,27357
2026-03-27 09:15:00,1470.5999755859375,1470.9000244140625,1468.4000244140625,1470.300048828125,24724
2026-03-27 09:20:00,1470.0999755859375,1471.699951171875,1469.300048828125,1471.300048828125,24844
2026-03-27 09:25:00,1471.199951171875,1473.5,1466.699951171875,1466.699951171875,32397
2026-03-27 09:30:00,1464.300048828125,1464.5999755859375,1457.699951171875,1458.300048828125,151414
2026-03-27 09:35:00,1458.199951171875,1460.199951171875,1456.800048828125,1460.199951171875,87899
2026-03-27 09:40:00,1460.9000244140625,1464.0999755859375,1456.800048828125,1459.699951171875,58714
2026-03-27 09:45:00,1460.300048828125,1460.5999755859375,1452.699951171875,1454.4000244140625,56310
2026-03-27 09:50:00,1454.4000244140625,1457.800048828125,1453.0999755859375,1457.5999755859375,64988
2026-03-27 09:55:00,1457.4000244140625,1459.199951171875,1455.0,1459.199951171875,39010
2026-03-30 03:45:00,1447.5999755859375,1451.300048828125,1435.300048828125,1435.300048828125,0
2026-03-30 03:50:00,1434.300048828125,1436.800048828125,1427.199951171875,1427.300048828125,54083
2026-03-30 03:55:00,1427.5999755859375,1430.800048828125,1425.0999755859375,1430.800048828125,35960
2026-03-30 04:00:00,1432.0999755859375,1441.699951171875,1432.0999755859375,1440.800048828125,56780
2026-03-30 04:05:00,1440.800048828125,1441.9000244140625,1435.9000244140625,1436.800048828125,22126
2026-03-30 04:10:00,1435.0999755859375,1436.9000244140625,1433.9000244140625,1435.4000244140625,6614
2026-03-30 04:15:00,1436.199951171875,1438.5999755859375,1429.0,1429.0,5193
2026-03-30 04:20:00,1429.5999755859375,1431.0,1426.199951171875,1426.300048828125,4280
2026-03-30 04:25:00,1426.5,1429.699951171875,1425.0,1428.5999755859375,7258
2026-03-30 04:30:00,1427.5,1429.4000244140625,1425.699951171875,1428.5999755859375,5873
2026-03-30 04:35:00,1429.0999755859375,1429.4000244140625,1424.4000244140625,1425.0,9608
2026-03-30 04:40:00,1425.4000244140625,1428.0999755859375,1422.5,1427.199951171875,10943
2026-03-30 04:45:00,1428.699951171875,1429.5999755859375,1426.0999755859375,1428.800048828125,8119
2026-03-30 04:50:00,1428.699951171875,1429.0,1426.5,1427.199951171875,4143
2026-03-30 04:55:00,1427.199951171875,1429.0,1425.199951171875,1426.5999755859375,34090
2026-03-30 05:00:00,1427.0,1427.0999755859375,1424.0,1425.0999755859375,33190
2026-03-30 05:05:00,1425.199951171875,1427.699951171875,1424.800048828125,1427.300048828125,4015
2026-03-30 05:10:00,1426.5999755859375,1427.5999755859375,1422.800048828125,1424.0,13378
2026-03-30 05:15:00,1423.800048828125,1427.800048828125,1421.4000244140625,1427.699951171875,8798
2026-03-30 05:20:00,1427.0999755859375,1428.699951171875,1426.199951171875,1426.800048828125,9603
2026-03-30 05:25:00,1426.800048828125,1427.0,1423.5999755859375,1425.0999755859375,21712
2026-03-30 05:30:00,1425.0,1429.199951171875,1424.5,1429.199951171875,6972
2026-03-30 05:35:00,1429.0999755859375,1431.0,1426.699951171875,1427.4000244140625,9552
2026-03-30 05:40:00,1427.300048828125,1428.0999755859375,1424.199951171875,1426.5,8596
2026-03-30 05:45:00,1426.4000244140625,1431.699951171875,1425.5,1431.5999755859375,4698
2026-03-30 05:50:00,1432.699951171875,1433.5,1429.5999755859375,1430.5999755859375,4640
2026-03-30 05:55:00,1430.5999755859375,1431.0,1428.800048828125,1429.199951171875,2595
2026-03-30 06:00:00,1429.199951171875,1432.0,1428.4000244140625,1431.699951171875,8491
2026-03-30 06:05:00,1431.699951171875,1433.5,1430.699951171875,1430.699951171875,19069
2026-03-30 06:10:00,1430.5999755859375,1431.800048828125,1426.300048828125,1426.800048828125,11943
2026-03-30 06:15:00,1426.5999755859375,1430.699951171875,1425.9000244140625,1428.699951171875,8740
2026-03-30 06:20:00,1428.699951171875,1428.699951171875,1426.800048828125,1427.5999755859375,6022
2026-03-30 06:25:00,1427.9000244140625,1429.199951171875,1426.4000244140625,1426.4000244140625,2966
2026-03-30 06:30:00,1426.4000244140625,1429.0,1422.5999755859375,1425.0,17992
2026-03-30 06:35:00,1425.0,1427.0,1423.800048828125,1424.0999755859375,6214
2026-03-30 06:40:00,1424.4000244140625,1424.9000244140625,1423.0,1423.800048828125,6887
2026-03-30 06:45:00,1424.199951171875,1424.800048828125,1422.300048828125,1424.0,4067
2026-03-30 06:50:00,1424.0,1425.0,1419.199951171875,1419.199951171875,11901
2026-03-30 06:55:00,1418.800048828125,1421.0,1416.800048828125,1421.0,12000
2026-03-30 07:00:00,1421.0,1422.0,1418.5,1419.9000244140625,11668
2026-03-30 07:05:00,1419.9000244140625,1423.800048828125,1419.5999755859375,1423.0,8881
2026-03-30 07:10:00,1423.0,1423.4000244140625,1421.0,1421.699951171875,3150
2026-03-30 07:15:00,1421.5999755859375,1421.5999755859375,1418.5,1421.5,7351
2026-03-30 07:20:00,1421.5999755859375,1422.9000244140625,1418.0,1418.800048828125,38597
2026-03-30 07:25:00,1418.5999755859375,1422.9000244140625,1417.800048828125,1422.300048828125,6380
2026-03-30 07:30:00,1422.4000244140625,1422.4000244140625,1419.5,1420.699951171875,5372
2026-03-30 07:35:00,1420.9000244140625,1423.0,1420.9000244140625,1422.0,5346
2026-03-30 07:40:00,1422.300048828125,1424.9000244140625,1421.5,1424.800048828125,5529
2026-03-30 07:45:00,1425.0,1426.9000244140625,1424.699951171875,1426.9000244140625,7181
2026-03-30 07:50:00,1427.0,1428.699951171875,1426.199951171875,1426.300048828125,12178
2026-03-30 07:55:00,1426.300048828125,1426.800048828125,1424.9000244140625,1426.0,33536
2026-03-30 08:00:00,1426.0,1433.699951171875,1424.5,1433.699951171875,20799
2026-03-30 08:05:00,1433.699951171875,1435.4000244140625,1432.0,1433.4000244140625,24306
2026-03-30 08:10:00,1433.4000244140625,1434.9000244140625,1431.9000244140625,1432.4000244140625,7003
2026-03-30 08:15:00,1432.4000244140625,1435.0,1430.699951171875,1434.9000244140625,9157
2026-03-30 08:20:00,1434.699951171875,1434.699951171875,1432.800048828125,1433.4000244140625,13217
2026-03-30 08:25:00,1432.5,1432.9000244140625,1428.5999755859375,1428.800048828125,18107
2026-03-30 08:30:00,1428.5,1434.9000244140625,1428.5,1433.5999755859375,19789
2026-03-30 08:35:00,1434.300048828125,1436.5999755859375,1433.9000244140625,1434.699951171875,18204
2026-03-30 08:40:00,1433.0999755859375,1435.0,1431.800048828125,1435.0,23516
2026-03-30 08:45:00,1435.0,1435.9000244140625,1432.0,1434.4000244140625,15217
2026-03-30 08:50:00,1433.699951171875,1436.0,1431.699951171875,1432.199951171875,22514
2026-03-30 08:55:00,1432.199951171875,1435.199951171875,1431.800048828125,1433.300048828125,35915
2026-03-30 09:00:00,1433.699951171875,1434.699951171875,1429.5,1429.5,31990
2026-03-30 09:05:00,1429.699951171875,1430.4000244140625,1428.4000244140625,1429.4000244140625,16371
2026-03-30 09:10:00,1429.300048828125,1432.9000244140625,1428.4000244140625,1430.5999755859375,22276
2026-03-30 09:15:00,1430.5999755859375,1432.5999755859375,1429.5999755859375,1432.5999755859375,23241
2026-03-30 09:20:00,1432.9000244140625,1434.0999755859375,1430.0,1431.0999755859375,44479
2026-03-30 09:25:00,1430.5999755859375,1432.9000244140625,1429.5999755859375,1431.300048828125,37341
2026-03-30 09:30:00,1431.300048828125,1434.5999755859375,1423.9000244140625,1426.699951171875,185144
2026-03-30 09:35:00,1425.9000244140625,1431.4000244140625,1425.9000244140625,1427.800048828125,125850
2026-03-30 09:40:00,1427.800048828125,1431.9000244140625,1426.0,1429.0999755859375,113718
2026-03-30 09:45:00,1429.0999755859375,1431.699951171875,1426.5,1426.5,116220
2026-03-30 09:50:00,1426.5,1428.699951171875,1419.5,1422.9000244140625,144751
2026-03-30 09:55:00,1422.800048828125,1428.300048828125,1418.0,1427.800048828125,74948
2026-04-01 03:45:00,1475.0,1477.5,1445.4000244140625,1458.5,0
2026-04-01 03:50:00,1465.0999755859375,1474.699951171875,1464.800048828125,1467.0,29981
2026-04-01 03:55:00,1467.0999755859375,1471.300048828125,1467.0,1471.300048828125,6067
2026-04-01 04:00:00,1470.9000244140625,1471.800048828125,1467.0999755859375,1467.5,12212
2026-04-01 04:05:00,1467.5,1470.800048828125,1467.5,1468.199951171875,8553
2026-04-01 04:10:00,1468.199951171875,1475.0999755859375,1468.199951171875,1472.800048828125,10402
2026-04-01 04:15:00,1472.300048828125,1476.4000244140625,1472.0999755859375,1476.4000244140625,6134
2026-04-01 04:20:00,1476.4000244140625,1480.0,1475.800048828125,1479.199951171875,12408
2026-04-01 04:25:00,1479.0,1484.5,1478.4000244140625,1484.5,12232
2026-04-01 04:30:00,1484.300048828125,1488.699951171875,1483.300048828125,1487.699951171875,6641
2026-04-01 04:35:00,1486.9000244140625,1486.9000244140625,1480.0999755859375,1481.0,3173
2026-04-01 04:40:00,1481.0,1481.0,1478.0,1478.5999755859375,4344
2026-04-01 04:45:00,1478.800048828125,1490.0,1478.5,1489.5,8339
2026-04-01 04:50:00,1490.4000244140625,1492.800048828125,1484.5999755859375,1487.5999755859375,8676
2026-04-01 04:55:00,1487.0999755859375,1490.699951171875,1484.199951171875,1490.0999755859375,8957
2026-04-01 05:00:00,1491.0,1492.199951171875,1486.800048828125,1488.5999755859375,7683
2026-04-01 05:05:00,1488.699951171875,1488.699951171875,1482.4000244140625,1483.9000244140625,46292
2026-04-01 05:10:00,1484.0,1484.0,1473.0999755859375,1474.4000244140625,15475
2026-04-01 05:15:00,1474.0,1476.0999755859375,1472.0999755859375,1472.0999755859375,11584
2026-04-01 05:20:00,1472.699951171875,1472.699951171875,1470.699951171875,1470.699951171875,7655
2026-04-01 05:25:00,1470.800048828125,1471.800048828125,1467.699951171875,1469.4000244140625,5610
2026-04-01 05:30:00,1469.9000244140625,1471.4000244140625,1465.5999755859375,1466.5,126261
2026-04-01 05:35:00,1465.4000244140625,1470.0999755859375,1465.0999755859375,1468.199951171875,4974
2026-04-01 05:40:00,1468.0999755859375,1469.0999755859375,1465.199951171875,1466.5999755859375,7718
2026-04-01 05:45:00,1466.5999755859375,1468.199951171875,1465.0,1467.800048828125,4193
2026-04-01 05:50:00,1467.300048828125,1469.5999755859375,1467.0,1469.5,4818
2026-04-01 05:55:00,1468.9000244140625,1469.800048828125,1468.4000244140625,1469.0,5139
2026-04-01 06:00:00,1469.300048828125,1470.800048828125,1468.5,1470.199951171875,2224
2026-04-01 06:05:00,1470.199951171875,1471.0,1469.199951171875,1470.0999755859375,3557
2026-04-01 06:10:00,1470.0999755859375,1473.300048828125,1467.199951171875,1467.9000244140625,7020
2026-04-01 06:15:00,1467.9000244140625,1468.0999755859375,1461.5999755859375,1463.0999755859375,5989
2026-04-01 06:20:00,1463.0999755859375,1463.199951171875,1462.300048828125,1462.699951171875,3812
2026-04-01 06:25:00,1462.699951171875,1466.199951171875,1461.9000244140625,1465.9000244140625,5005
2026-04-01 06:30:00,1465.800048828125,1470.699951171875,1465.0,1468.699951171875,11195
2026-04-01 06:35:00,1467.800048828125,1469.0999755859375,1467.0999755859375,1468.300048828125,3553
2026-04-01 06:40:00,1468.300048828125,1469.9000244140625,1468.0,1469.5999755859375,8062
2026-04-01 06:45:00,1469.199951171875,1470.0,1467.5999755859375,1467.5999755859375,6585
2026-04-01 06:50:00,1467.5999755859375,1468.4000244140625,1463.4000244140625,1464.699951171875,8272
2026-04-01 06:55:00,1464.699951171875,1465.699951171875,1464.0,1464.800048828125,3160
2026-04-01 07:00:00,1464.800048828125,1466.0,1462.300048828125,1463.0999755859375,7133
2026-04-01 07:05:00,1462.199951171875,1465.0,1462.199951171875,1464.800048828125,4506
2026-04-01 07:10:00,1464.800048828125,1465.9000244140625,1461.800048828125,1462.4000244140625,7524
2026-04-01 07:15:00,1463.0,1465.699951171875,1463.0,1463.9000244140625,9344
2026-04-01 07:20:00,1462.800048828125,1465.4000244140625,1462.699951171875,1465.300048828125,3663
2026-04-01 07:25:00,1465.300048828125,1467.0999755859375,1462.199951171875,1465.5999755859375,5942
2026-04-01 07:30:00,1464.9000244140625,1466.199951171875,1464.0,1464.800048828125,5809
2026-04-01 07:35:00,1464.800048828125,1465.800048828125,1464.0,1464.5,5169
2026-04-01 07:40:00,1464.0,1464.5,1460.699951171875,1463.5999755859375,4805
2026-04-01 07:45:00,1463.5999755859375,1465.5999755859375,1463.199951171875,1463.800048828125,7555
2026-04-01 07:50:00,1463.800048828125,1464.300048828125,1461.0,1464.0999755859375,4579
2026-04-01 07:55:00,1463.800048828125,1464.300048828125,1461.0,1461.0,2492
2026-04-01 08:00:00,1461.0999755859375,1463.5,1460.300048828125,1462.800048828125,4617
2026-04-01 08:05:00,1463.5,1463.5,1458.9000244140625,1461.9000244140625,5314
2026-04-01 08:10:00,1461.199951171875,1461.199951171875,1444.800048828125,1447.5,24512
2026-04-01 08:15:00,1446.699951171875,1449.199951171875,1446.0,1448.0,5012
2026-04-01 08:20:00,1448.0,1449.5999755859375,1447.0,1449.300048828125,7204
2026-04-01 08:25:00,1448.0,1448.699951171875,1445.0,1446.300048828125,4907
2026-04-01 08:30:00,1445.5999755859375,1447.0999755859375,1443.4000244140625,1446.0,7761
2026-04-01 08:35:00,1446.0,1449.199951171875,1445.0999755859375,1447.0,16094
2026-04-01 08:40:00,1447.0,1450.0,1445.199951171875,1447.5,9164
2026-04-01 08:45:00,1447.699951171875,1447.699951171875,1442.9000244140625,1443.300048828125,6769
2026-04-01 08:50:00,1443.0,1447.5999755859375,1442.300048828125,1446.5999755859375,13876
2026-04-01 08:55:00,1446.300048828125,1447.199951171875,1441.4000244140625,1441.9000244140625,21376
2026-04-01 09:00:00,1441.5,1442.0999755859375,1438.4000244140625,1440.5,33864
2026-04-01 09:05:00,1440.5,1441.199951171875,1435.699951171875,1436.5999755859375,37592
2026-04-01 09:10:00,1437.300048828125,1437.5999755859375,1434.300048828125,1434.5999755859375,19700
2026-04-01 09:15:00,1434.5999755859375,1434.699951171875,1431.0,1433.699951171875,19279
2026-04-01 09:20:00,1433.699951171875,1433.699951171875,1430.0,1431.800048828125,19667
2026-04-01 09:25:00,1431.800048828125,1435.300048828125,1431.800048828125,1433.800048828125,14860
2026-04-01 09:30:00,1434.699951171875,1437.300048828125,1431.5,1434.9000244140625,43910
2026-04-01 09:35:00,1434.9000244140625,1437.699951171875,1433.4000244140625,1435.800048828125,44841
2026-04-01 09:40:00,1436.5,1436.5,1430.0999755859375,1431.0999755859375,60591
2026-04-01 09:45:00,1432.0,1434.0999755859375,1430.0999755859375,1430.9000244140625,76003
2026-04-01 09:50:00,1430.9000244140625,1432.5999755859375,1430.300048828125,1431.699951171875,62208
2026-04-01 09:55:00,1431.800048828125,1434.699951171875,1430.0,1433.0999755859375,55647
2026-04-02 03:45:00,1422.0999755859375,1422.0999755859375,1402.699951171875,1404.0999755859375,0
2026-04-02 03:50:00,1403.199951171875,1403.199951171875,1395.699951171875,1398.800048828125,26748
2026-04-02 03:55:00,1399.5999755859375,1400.199951171875,1394.199951171875,1397.0,11097
2026-04-02 04:00:00,1397.0,1398.300048828125,1392.0999755859375,1396.9000244140625,26894
2026-04-02 04:05:00,1396.9000244140625,1400.0,1395.199951171875,1397.5999755859375,14333
2026-04-02 04:10:00,1397.4000244140625,1399.699951171875,1396.5,1396.5999755859375,7892
2026-04-02 04:15:00,1397.300048828125,1399.0,1393.0,1393.0999755859375,11018
2026-04-02 04:20:00,1393.199951171875,1395.199951171875,1391.0,1393.0,9790
2026-04-02 04:25:00,1393.4000244140625,1395.300048828125,1393.0999755859375,1393.300048828125,3832
2026-04-02 04:30:00,1393.300048828125,1396.699951171875,1393.300048828125,1394.0,11025
2026-04-02 04:35:00,1393.5,1394.0999755859375,1390.9000244140625,1392.0999755859375,11837
2026-04-02 04:40:00,1392.0999755859375,1397.0999755859375,1391.9000244140625,1396.4000244140625,20718
2026-04-02 04:45:00,1396.300048828125,1397.5,1393.4000244140625,1394.699951171875,9398
2026-04-02 04:50:00,1394.0,1397.0,1393.5,1393.5,11846
2026-04-02 04:55:00,1393.4000244140625,1397.800048828125,1393.300048828125,1397.199951171875,7079
2026-04-02 05:00:00,1397.300048828125,1404.699951171875,1397.300048828125,1402.0999755859375,7133
2026-04-02 05:05:00,1402.5999755859375,1405.4000244140625,1402.0,1403.5,5338
2026-04-02 05:10:00,1404.199951171875,1407.199951171875,1403.5,1404.0999755859375,14696
2026-04-02 05:15:00,1404.0,1404.300048828125,1399.9000244140625,1403.0999755859375,5437
2026-04-02 05:20:00,1401.4000244140625,1404.0,1401.0,1402.9000244140625,2881
2026-04-02 05:25:00,1403.5,1405.800048828125,1403.5,1405.0,3002
2026-04-02 05:30:00,1405.0,1407.9000244140625,1405.0,1405.5,5665
2026-04-02 05:35:00,1406.0,1407.9000244140625,1404.0999755859375,1405.4000244140625,6744
2026-04-02 05:40:00,1406.0,1406.800048828125,1404.9000244140625,1405.300048828125,4378
2026-04-02 05:45:00,1405.300048828125,1406.5999755859375,1404.5999755859375,1406.0999755859375,722
2026-04-02 05:50:00,1406.5,1409.0,1404.5,1409.0,3814
2026-04-02 05:55:00,1409.0,1412.5999755859375,1408.199951171875,1411.800048828125,3973
2026-04-02 06:00:00,1411.699951171875,1416.0,1411.199951171875,1413.300048828125,6508
2026-04-02 06:05:00,1412.699951171875,1414.9000244140625,1409.4000244140625,1409.800048828125,10516
2026-04-02 06:10:00,1409.800048828125,1409.800048828125,1406.5,1406.5999755859375,7893
2026-04-02 06:15:00,1406.5999755859375,1408.4000244140625,1406.4000244140625,1408.4000244140625,3615
2026-04-02 06:20:00,1408.0999755859375,1410.9000244140625,1406.0999755859375,1410.300048828125,8728
2026-04-02 06:25:00,1410.0999755859375,1416.0,1409.800048828125,1413.300048828125,9918
2026-04-02 06:30:00,1413.300048828125,1416.5,1412.9000244140625,1415.0,5471
2026-04-02 06:35:00,1415.5999755859375,1415.699951171875,1408.800048828125,1409.199951171875,7380
2026-04-02 06:40:00,1409.5,1412.199951171875,1409.5,1411.5,3367
2026-04-02 06:45:00,1411.5999755859375,1416.0,1411.199951171875,1414.4000244140625,3437
2026-04-02 06:50:00,1415.0,1419.800048828125,1413.0999755859375,1415.800048828125,12952
2026-04-02 06:55:00,1415.800048828125,1416.199951171875,1414.699951171875,1415.300048828125,2698
2026-04-02 07:00:00,1416.5,1416.699951171875,1415.0999755859375,1416.0999755859375,2152
2026-04-02 07:05:00,1416.0,1418.800048828125,1415.699951171875,1416.300048828125,5522
2026-04-02 07:10:00,1416.300048828125,1417.300048828125,1415.5999755859375,1415.5999755859375,1505
2026-04-02 07:15:00,1415.5999755859375,1416.0,1413.0,1413.9000244140625,4209
2026-04-02 07:20:00,1413.9000244140625,1414.9000244140625,1413.199951171875,1413.199951171875,1854
2026-04-02 07:25:00,1413.0999755859375,1415.9000244140625,1413.0999755859375,1414.4000244140625,2934
2026-04-02 07:30:00,1414.300048828125,1416.699951171875,1414.0,1414.0,4033
2026-04-02 07:35:00,1414.5999755859375,1415.9000244140625,1411.800048828125,1414.5,11891
2026-04-02 07:40:00,1413.800048828125,1416.0,1413.5999755859375,1415.199951171875,5426
2026-04-02 07:45:00,1415.800048828125,1416.4000244140625,1414.199951171875,1415.5999755859375,1934
2026-04-02 07:50:00,1415.199951171875,1419.9000244140625,1415.199951171875,1418.9000244140625,8480
2026-04-02 07:55:00,1418.9000244140625,1419.5999755859375,1408.699951171875,1417.0999755859375,17208
2026-04-02 08:00:00,1417.9000244140625,1419.199951171875,1416.199951171875,1419.199951171875,8813
2026-04-02 08:05:00,1419.0,1419.9000244140625,1417.0,1418.4000244140625,7923
2026-04-02 08:10:00,1418.4000244140625,1419.300048828125,1416.800048828125,1417.5,2544
2026-04-02 08:15:00,1417.300048828125,1418.199951171875,1416.0,1416.0,9477
2026-04-02 08:20:00,1415.5999755859375,1418.0999755859375,1415.0,1417.699951171875,3010
2026-04-02 08:25:00,1419.0,1420.699951171875,1418.0999755859375,1418.4000244140625,7383
2026-04-02 08:30:00,1418.5,1422.0,1418.5,1418.699951171875,8352
2026-04-02 08:35:00,1419.199951171875,1419.199951171875,1417.0999755859375,1418.5999755859375,6592
2026-04-02 08:40:00,1418.5999755859375,1421.0,1418.0,1418.5999755859375,6614
2026-04-02 08:45:00,1418.5999755859375,1420.9000244140625,1418.5999755859375,1419.800048828125,5356
2026-04-02 08:50:00,1419.800048828125,1419.800048828125,1417.300048828125,1418.0,4815
2026-04-02 08:55:00,1417.5999755859375,1418.9000244140625,1416.699951171875,1418.5999755859375,10944
2026-04-02 09:00:00,1417.9000244140625,1420.5999755859375,1417.5999755859375,1420.0,23483
2026-04-02 09:05:00,1419.800048828125,1420.0,1416.699951171875,1418.199951171875,10779
2026-04-02 09:10:00,1417.5,1418.0,1412.800048828125,1413.699951171875,17268
2026-04-02 09:15:00,1413.800048828125,1416.9000244140625,1411.9000244140625,1413.5,14942
2026-04-02 09:20:00,1413.4000244140625,1418.300048828125,1413.4000244140625,1418.300048828125,6147
2026-04-02 09:25:00,1417.5999755859375,1417.9000244140625,1416.0999755859375,1417.800048828125,3016
2026-04-02 09:30:00,1417.5,1427.0999755859375,1416.300048828125,1422.699951171875,81663
2026-04-02 09:35:00,1422.699951171875,1428.0,1422.0,1427.199951171875,102621
2026-04-02 09:40:00,1427.199951171875,1430.4000244140625,1426.0999755859375,1429.5,57729
2026-04-02 09:45:00,1429.5,1432.699951171875,1428.0999755859375,1429.699951171875,47522
2026-04-02 09:50:00,1429.699951171875,1431.9000244140625,1428.300048828125,1431.300048828125,38591
2026-04-02 09:55:00,1431.9000244140625,1432.0999755859375,1425.0999755859375,1426.9000244140625,49514
2026-04-06 03:45:00,1429.9000244140625,1438.699951171875,1414.9000244140625,1415.9000244140625,0
2026-04-06 03:50:00,1420.0999755859375,1424.300048828125,1410.699951171875,1413.0,21717
2026-04-06 03:55:00,1413.0999755859375,1416.5,1411.0,1415.300048828125,12467
2026-04-06 04:00:00,1417.199951171875,1430.0,1417.199951171875,1428.9000244140625,28615
2026-04-06 04:05:00,1428.5999755859375,1432.800048828125,1426.5,1427.699951171875,8545
2026-04-06 04:10:00,1428.9000244140625,1428.9000244140625,1424.0999755859375,1425.9000244140625,5794
2026-04-06 04:15:00,1426.4000244140625,1433.699951171875,1425.199951171875,1432.699951171875,14638
2026-04-06 04:20:00,1432.5999755859375,1433.0,1428.699951171875,1432.0,3541
2026-04-06 04:25:00,1431.5,1432.9000244140625,1431.0999755859375,1431.9000244140625,2692
2026-04-06 04:30:00,1431.9000244140625,1432.699951171875,1429.0999755859375,1430.9000244140625,17308
2026-04-06 04:35:00,1431.0,1442.5999755859375,1429.800048828125,1440.5,18038
2026-04-06 04:40:00,1440.5,1443.699951171875,1438.699951171875,1443.5999755859375,4575
2026-04-06 04:45:00,1445.300048828125,1446.5,1440.300048828125,1442.5,8270
2026-04-06 04:50:00,1442.5,1444.9000244140625,1440.0,1440.0,4218
2026-04-06 04:55:00,1440.0999755859375,1443.0999755859375,1439.300048828125,1443.0999755859375,3562
2026-04-06 05:00:00,1443.0,1443.0,1439.0,1439.300048828125,4592
2026-04-06 05:05:00,1440.5,1442.4000244140625,1439.199951171875,1441.5,4694
2026-04-06 05:10:00,1441.5,1441.800048828125,1440.5999755859375,1441.5999755859375,3686
2026-04-06 05:15:00,1441.5,1444.5,1440.4000244140625,1441.0999755859375,7625
2026-04-06 05:20:00,1441.0999755859375,1441.4000244140625,1437.4000244140625,1437.5999755859375,5501
2026-04-06 05:25:00,1437.5999755859375,1442.5,1436.9000244140625,1440.300048828125,5323
2026-04-06 05:30:00,1440.4000244140625,1440.4000244140625,1436.0,1436.0,5441
2026-04-06 05:35:00,1436.4000244140625,1439.0,1436.199951171875,1437.0999755859375,5747
2026-04-06 05:40:00,1437.800048828125,1438.0,1429.199951171875,1437.199951171875,33140
2026-04-06 05:45:00,1437.0999755859375,1437.0999755859375,1432.300048828125,1433.199951171875,10347
2026-04-06 05:50:00,1433.5,1434.5999755859375,1432.0,1433.300048828125,4275
2026-04-06 05:55:00,1433.300048828125,1438.5999755859375,1432.699951171875,1438.199951171875,16958
2026-04-06 06:00:00,1438.0999755859375,1439.0,1435.4000244140625,1436.300048828125,2920
2026-04-06 06:05:00,1436.5999755859375,1440.4000244140625,1436.5999755859375,1440.0999755859375,4630
2026-04-06 06:10:00,1440.0999755859375,1441.300048828125,1438.300048828125,1439.699951171875,3256
2026-04-06 06:15:00,1439.0,1442.5,1439.0,1441.0999755859375,3402
2026-04-06 06:20:00,1441.199951171875,1447.9000244140625,1440.9000244140625,1446.0,8469
2026-04-06 06:25:00,1446.0,1448.0,1443.4000244140625,1443.4000244140625,5638
2026-04-06 06:30:00,1443.4000244140625,1444.699951171875,1442.199951171875,1442.699951171875,4189
2026-04-06 06:35:00,1442.300048828125,1443.800048828125,1441.300048828125,1442.0,3492
2026-04-06 06:40:00,1443.0,1443.5999755859375,1441.699951171875,1442.4000244140625,4620
2026-04-06 06:45:00,1442.199951171875,1442.5999755859375,1439.9000244140625,1440.699951171875,2873
2026-04-06 06:50:00,1440.699951171875,1444.4000244140625,1440.699951171875,1443.300048828125,8044
2026-04-06 06:55:00,1443.0999755859375,1444.699951171875,1442.0999755859375,1444.0999755859375,3753
2026-04-06 07:00:00,1444.0999755859375,1446.699951171875,1441.5999755859375,1441.5999755859375,6465
2026-04-06 07:05:00,1441.5,1443.800048828125,1441.0,1443.699951171875,2315
2026-04-06 07:10:00,1443.0999755859375,1445.0999755859375,1442.800048828125,1444.0999755859375,2793
2026-04-06 07:15:00,1443.9000244140625,1448.699951171875,1443.9000244140625,1448.699951171875,3632
2026-04-06 07:20:00,1448.199951171875,1449.5999755859375,1448.199951171875,1448.300048828125,4961
2026-04-06 07:25:00,1449.0,1451.300048828125,1448.300048828125,1450.0,4203
2026-04-06 07:30:00,1450.4000244140625,1451.800048828125,1446.5999755859375,1447.0,4160
2026-04-06 07:35:00,1446.9000244140625,1448.699951171875,1446.800048828125,1448.4000244140625,2703
2026-04-06 07:40:00,1448.300048828125,1451.9000244140625,1448.0,1451.699951171875,2786
2026-04-06 07:45:00,1451.699951171875,1453.0999755859375,1450.4000244140625,1451.5999755859375,3501
2026-04-06 07:50:00,1451.5999755859375,1452.0,1449.199951171875,1450.5999755859375,7116
2026-04-06 07:55:00,1451.5,1451.5,1444.699951171875,1448.5,4953
2026-04-06 08:00:00,1448.199951171875,1453.0999755859375,1448.199951171875,1450.300048828125,9116
2026-04-06 08:05:00,1450.699951171875,1455.0,1450.199951171875,1451.0,3816
2026-04-06 08:10:00,1451.300048828125,1452.9000244140625,1449.5,1451.4000244140625,3456
2026-04-06 08:15:00,1451.9000244140625,1454.4000244140625,1451.9000244140625,1452.4000244140625,4935
2026-04-06 08:20:00,1452.300048828125,1455.800048828125,1452.0999755859375,1454.9000244140625,5106
2026-04-06 08:25:00,1454.699951171875,1458.0,1454.699951171875,1455.0,7120
2026-04-06 08:30:00,1455.0,1458.4000244140625,1454.9000244140625,1457.300048828125,7083
2026-04-06 08:35:00,1457.9000244140625,1458.699951171875,1454.9000244140625,1456.0,9923
2026-04-06 08:40:00,1455.199951171875,1464.0,1455.199951171875,1464.0,10085
2026-04-06 08:45:00,1463.9000244140625,1470.9000244140625,1462.300048828125,1469.5,32765
2026-04-06 08:50:00,1469.5,1474.699951171875,1469.0,1471.199951171875,20552
2026-04-06 08:55:00,1471.0,1472.699951171875,1469.199951171875,1472.0,26988
2026-04-06 09:00:00,1471.9000244140625,1476.0,1471.9000244140625,1472.800048828125,25399
2026-04-06 09:05:00,1473.199951171875,1474.699951171875,1470.4000244140625,1471.800048828125,32913
2026-04-06 09:10:00,1471.800048828125,1472.199951171875,1469.300048828125,1471.300048828125,37965
2026-04-06 09:15:00,1471.5,1473.0,1467.5999755859375,1467.800048828125,52726
2026-04-06 09:20:00,1467.800048828125,1469.9000244140625,1466.0999755859375,1467.0999755859375,51117
2026-04-06 09:25:00,1467.0,1467.0,1463.9000244140625,1464.5999755859375,41711
2026-04-06 09:30:00,1464.5999755859375,1470.5999755859375,1464.300048828125,1468.0999755859375,38768
2026-04-06 09:35:00,1468.5,1470.699951171875,1468.300048828125,1468.5999755859375,30704
2026-04-06 09:40:00,1468.5999755859375,1471.4000244140625,1468.0999755859375,1469.5999755859375,26904
2026-04-06 09:45:00,1470.0,1471.9000244140625,1468.9000244140625,1470.0999755859375,58306
2026-04-06 09:50:00,1470.0999755859375,1473.5,1469.9000244140625,1472.0999755859375,35029
2026-04-06 09:55:00,1472.0,1474.9000244140625,1470.0,1470.0,13999
2026-04-07 03:45:00,1451.9000244140625,1451.9000244140625,1436.199951171875,1438.9000244140625,0
2026-04-07 03:50:00,1440.699951171875,1449.699951171875,1440.5,1446.0999755859375,19904
2026-04-07 03:55:00,1446.300048828125,1448.4000244140625,1445.0999755859375,1446.5,15965
2026-04-07 04:00:00,1448.300048828125,1448.800048828125,1444.5,1445.0999755859375,6832
2026-04-07 04:05:00,1445.199951171875,1445.199951171875,1442.5999755859375,1443.9000244140625,5915
2026-04-07 04:10:00,1444.300048828125,1445.5999755859375,1439.5,1440.0999755859375,3988
2026-04-07 04:15:00,1440.0999755859375,1445.699951171875,1439.0999755859375,1441.199951171875,3559
2026-04-07 04:20:00,1441.0,1443.0999755859375,1440.9000244140625,1443.0,1242
2026-04-07 04:25:00,1443.0999755859375,1446.4000244140625,1442.699951171875,1443.5999755859375,5337
2026-04-07 04:30:00,1443.199951171875,1447.199951171875,1443.199951171875,1446.5999755859375,18802
2026-04-07 04:35:00,1446.9000244140625,1447.199951171875,1443.0,1443.0,1525
2026-04-07 04:40:00,1443.5999755859375,1444.699951171875,1441.5999755859375,1442.199951171875,2642
2026-04-07 04:45:00,1442.0999755859375,1446.4000244140625,1441.5,1445.800048828125,7161
2026-04-07 04:50:00,1445.800048828125,1447.4000244140625,1441.0,1443.9000244140625,6973
2026-04-07 04:55:00,1443.800048828125,1446.0999755859375,1443.800048828125,1445.4000244140625,2801
2026-04-07 05:00:00,1445.5999755859375,1446.0,1443.199951171875,1443.800048828125,5669
2026-04-07 05:05:00,1443.9000244140625,1444.5,1442.199951171875,1443.5999755859375,1693
2026-04-07 05:10:00,1443.9000244140625,1446.300048828125,1443.9000244140625,1445.5,2834
2026-04-07 05:15:00,1445.5,1445.5,1439.0999755859375,1439.0999755859375,6094
2026-04-07 05:20:00,1439.300048828125,1440.0999755859375,1435.199951171875,1436.0999755859375,12904
2026-04-07 05:25:00,1436.5,1437.0,1433.800048828125,1434.9000244140625,10013
2026-04-07 05:30:00,1435.4000244140625,1436.0999755859375,1434.300048828125,1435.9000244140625,5713
2026-04-07 05:35:00,1436.0,1437.9000244140625,1435.199951171875,1435.5,7247
2026-04-07 05:40:00,1435.5,1435.5,1430.5,1431.0,10894
2026-04-07 05:45:00,1430.5,1432.5999755859375,1430.300048828125,1432.4000244140625,6702
2026-04-07 05:50:00,1432.4000244140625,1435.0,1432.4000244140625,1434.5999755859375,3639
2026-04-07 05:55:00,1434.5999755859375,1434.699951171875,1433.5,1434.0999755859375,1469
2026-04-07 06:00:00,1434.0999755859375,1434.4000244140625,1434.0,1434.300048828125,1675
2026-04-07 06:05:00,1434.4000244140625,1436.300048828125,1434.4000244140625,1436.199951171875,3107
2026-04-07 06:10:00,1435.9000244140625,1435.9000244140625,1433.5,1435.300048828125,4783
2026-04-07 06:15:00,1435.300048828125,1435.699951171875,1434.0,1435.5999755859375,2874
2026-04-07 06:20:00,1435.5999755859375,1436.4000244140625,1435.199951171875,1436.4000244140625,3430
2026-04-07 06:25:00,1436.4000244140625,1438.0,1435.0,1437.699951171875,9001
2026-04-07 06:30:00,1437.699951171875,1437.699951171875,1435.0,1436.0,9096
2026-04-07 06:35:00,1436.0,1441.0,1435.199951171875,1441.0,18925
2026-04-07 06:40:00,1441.0,1442.5,1440.0,1441.199951171875,6211
2026-04-07 06:45:00,1441.0,1441.0,1438.4000244140625,1441.0,3832
2026-04-07 06:50:00,1441.0,1449.800048828125,1440.0,1448.0999755859375,19364
2026-04-07 06:55:00,1448.5,1453.199951171875,1448.0,1452.9000244140625,10042
2026-04-07 07:00:00,1453.0,1456.199951171875,1452.699951171875,1455.199951171875,17806
2026-04-07 07:05:00,1455.199951171875,1460.0,1455.0,1459.5999755859375,13168
2026-04-07 07:10:00,1459.800048828125,1468.5,1459.800048828125,1467.199951171875,27301
2026-04-07 07:15:00,1467.199951171875,1467.800048828125,1464.300048828125,1466.0999755859375,40494
2026-04-07 07:20:00,1465.5999755859375,1466.5,1462.0999755859375,1466.0,26623
2026-04-07 07:25:00,1466.5,1467.699951171875,1465.0,1465.9000244140625,17742
2026-04-07 07:30:00,1466.0,1466.9000244140625,1464.5999755859375,1465.0999755859375,13842
2026-04-07 07:35:00,1465.699951171875,1465.800048828125,1463.699951171875,1464.699951171875,6858
2026-04-07 07:40:00,1464.699951171875,1465.300048828125,1461.4000244140625,1461.4000244140625,14477
2026-04-07 07:45:00,1462.0,1463.5999755859375,1458.5999755859375,1460.300048828125,13512
2026-04-07 07:50:00,1460.5,1461.9000244140625,1457.5999755859375,1460.9000244140625,9114
2026-04-07 07:55:00,1460.9000244140625,1462.199951171875,1460.0,1462.199951171875,20678
2026-04-07 08:00:00,1462.5,1464.199951171875,1461.300048828125,1463.0,11073
2026-04-07 08:05:00,1463.0,1465.5999755859375,1460.4000244140625,1461.4000244140625,10563
2026-04-07 08:10:00,1462.300048828125,1462.300048828125,1455.0,1455.5,13407
2026-04-07 08:15:00,1456.0999755859375,1457.699951171875,1454.0,1455.0,22063
2026-04-07 08:20:00,1455.4000244140625,1457.5,1454.699951171875,1456.800048828125,16692
2026-04-07 08:25:00,1457.699951171875,1457.9000244140625,1448.0,1452.300048828125,24233
2026-04-07 08:30:00,1451.699951171875,1454.5999755859375,1451.199951171875,1452.300048828125,16780
2026-04-07 08:35:00,1453.199951171875,1453.199951171875,1450.0,1451.9000244140625,15807
2026-04-07 08:40:00,1451.800048828125,1452.9000244140625,1450.0,1450.800048828125,13180
2026-04-07 08:45:00,1451.0,1455.9000244140625,1451.0,1453.300048828125,15868
2026-04-07 08:50:00,1453.300048828125,1454.699951171875,1452.5999755859375,1454.5999755859375,9650
2026-04-07 08:55:00,1454.800048828125,1459.0999755859375,1454.0,1458.300048828125,14259
2026-04-07 09:00:00,1458.0999755859375,1459.9000244140625,1457.5999755859375,1459.300048828125,10370
2026-04-07 09:05:00,1459.300048828125,1459.300048828125,1456.0,1456.0,7624
2026-04-07 09:10:00,1455.9000244140625,1460.5,1455.5,1460.4000244140625,15245
2026-04-07 09:15:00,1460.4000244140625,1461.4000244140625,1458.5999755859375,1459.199951171875,10827
2026-04-07 09:20:00,1459.199951171875,1459.9000244140625,1457.5999755859375,1459.0999755859375,9360
2026-04-07 09:25:00,1459.0999755859375,1460.800048828125,1458.699951171875,1460.0,9335
2026-04-07 09:30:00,1459.800048828125,1459.9000244140625,1453.199951171875,1458.4000244140625,44797
2026-04-07 09:35:00,1458.5,1460.699951171875,1457.9000244140625,1460.0,42606
2026-04-07 09:40:00,1460.199951171875,1461.699951171875,1459.800048828125,1461.0999755859375,44869
2026-04-07 09:45:00,1462.300048828125,1462.300048828125,1459.0,1459.0,41562
2026-04-07 09:50:00,1458.4000244140625,1460.800048828125,1457.9000244140625,1458.699951171875,52707
2026-04-07 09:55:00,1459.0999755859375,1464.5999755859375,1457.199951171875,1457.199951171875,53927
2026-04-08 03:45:00,1488.5999755859375,1509.5,1488.5999755859375,1502.0,0
2026-04-08 03:50:00,1501.199951171875,1504.4000244140625,1495.800048828125,1495.800048828125,21007
2026-04-08 03:55:00,1496.9000244140625,1497.5999755859375,1489.9000244140625,1492.199951171875,14334
2026-04-08 04:00:00,1493.0,1494.199951171875,1488.0,1491.800048828125,17791
2026-04-08 04:05:00,1491.800048828125,1493.5,1488.0,1488.0,7508
2026-04-08 04:10:00,1488.199951171875,1503.199951171875,1488.199951171875,1503.199951171875,19657
2026-04-08 04:15:00,1504.4000244140625,1506.699951171875,1503.300048828125,1506.199951171875,11673
2026-04-08 04:20:00,1505.0999755859375,1505.800048828125,1498.300048828125,1499.9000244140625,10153
2026-04-08 04:25:00,1500.0,1500.9000244140625,1496.5999755859375,1496.5999755859375,3524
2026-04-08 04:30:00,1497.5,1499.800048828125,1494.800048828125,1499.800048828125,4476
2026-04-08 04:35:00,1499.800048828125,1500.0999755859375,1495.9000244140625,1497.199951171875,8708
2026-04-08 04:40:00,1497.4000244140625,1501.4000244140625,1495.9000244140625,1501.300048828125,4823
2026-04-08 04:45:00,1500.699951171875,1502.300048828125,1498.4000244140625,1501.9000244140625,13292
2026-04-08 04:50:00,1502.0,1506.9000244140625,1501.800048828125,1506.9000244140625,5316
2026-04-08 04:55:00,1506.800048828125,1506.800048828125,1500.0,1500.300048828125,14166
2026-04-08 05:00:00,1500.9000244140625,1503.0,1500.300048828125,1500.5,3476
2026-04-08 05:05:00,1500.0999755859375,1501.5,1500.0,1500.4000244140625,4483
2026-04-08 05:10:00,1500.4000244140625,1506.0,1500.0,1505.0,6296
2026-04-08 05:15:00,1505.0999755859375,1505.4000244140625,1500.0,1500.5,6744
2026-04-08 05:20:00,1500.300048828125,1502.5,1500.0,1502.5,5598
2026-04-08 05:25:00,1502.5999755859375,1512.199951171875,1501.800048828125,1507.9000244140625,49537
2026-04-08 05:30:00,1507.699951171875,1509.5,1507.199951171875,1507.300048828125,12384
2026-04-08 05:35:00,1507.4000244140625,1508.800048828125,1506.5999755859375,1507.0,11210
2026-04-08 05:40:00,1504.9000244140625,1506.5999755859375,1502.0999755859375,1502.300048828125,23274
2026-04-08 05:45:00,1502.4000244140625,1508.5,1502.0999755859375,1504.699951171875,31538
2026-04-08 05:50:00,1504.0,1504.9000244140625,1501.0,1501.5999755859375,10920
2026-04-08 05:55:00,1501.699951171875,1503.199951171875,1500.699951171875,1502.0999755859375,11473
2026-04-08 06:00:00,1502.0999755859375,1509.0,1500.5999755859375,1508.9000244140625,19613
2026-04-08 06:05:00,1508.199951171875,1516.0,1508.199951171875,1516.0,19838
2026-04-08 06:10:00,1516.199951171875,1516.5999755859375,1509.5,1510.699951171875,13880
2026-04-08 06:15:00,1510.199951171875,1511.199951171875,1507.800048828125,1508.5,9173
2026-04-08 06:20:00,1508.5,1508.5,1505.699951171875,1506.0,13490
2026-04-08 06:25:00,1505.800048828125,1507.0,1504.5,1505.5,12990
2026-04-08 06:30:00,1505.5,1508.0,1504.9000244140625,1505.5999755859375,15738
2026-04-08 06:35:00,1505.5999755859375,1507.9000244140625,1503.5999755859375,1505.5,10560
2026-04-08 06:40:00,1505.4000244140625,1506.5,1503.9000244140625,1506.0,9398
2026-04-08 06:45:00,1505.800048828125,1506.699951171875,1504.5999755859375,1506.199951171875,9211
2026-04-08 06:50:00,1506.0999755859375,1506.4000244140625,1504.0999755859375,1505.199951171875,8019
2026-04-08 06:55:00,1505.199951171875,1505.9000244140625,1503.5,1503.5999755859375,8798
2026-04-08 07:00:00,1503.5999755859375,1504.4000244140625,1501.0999755859375,1501.800048828125,19716
2026-04-08 07:05:00,1502.5,1506.9000244140625,1500.5999755859375,1506.9000244140625,24874
2026-04-08 07:10:00,1506.800048828125,1509.0,1505.5999755859375,1506.4000244140625,10089
2026-04-08 07:15:00,1507.0,1507.699951171875,1505.199951171875,1505.699951171875,8893
2026-04-08 07:20:00,1505.300048828125,1507.300048828125,1505.199951171875,1505.5,9017
2026-04-08 07:25:00,1506.0999755859375,1507.5999755859375,1505.0,1506.300048828125,8133
2026-04-08 07:30:00,1505.800048828125,1509.4000244140625,1505.0999755859375,1507.300048828125,25659
2026-04-08 07:35:00,1507.9000244140625,1507.9000244140625,1501.0,1502.199951171875,8827
2026-04-08 07:40:00,1502.0999755859375,1503.0,1501.0,1501.800048828125,8154
2026-04-08 07:45:00,1501.5999755859375,1504.199951171875,1501.5999755859375,1503.300048828125,9287
2026-04-08 07:50:00,1503.4000244140625,1504.0,1501.5999755859375,1502.4000244140625,7532
2026-04-08 07:55:00,1502.4000244140625,1505.5,1500.4000244140625,1500.5,12315
2026-04-08 08:00:00,1501.0,1503.0999755859375,1500.199951171875,1502.5999755859375,8969
2026-04-08 08:05:00,1502.5999755859375,1505.5999755859375,1501.5999755859375,1503.699951171875,14710
2026-04-08 08:10:00,1503.300048828125,1503.5999755859375,1500.5,1501.300048828125,9721
2026-04-08 08:15:00,1501.300048828125,1503.0999755859375,1500.5,1502.199951171875,7652
2026-04-08 08:20:00,1502.199951171875,1503.4000244140625,1500.0,1500.0999755859375,9644
2026-04-08 08:25:00,1500.800048828125,1501.199951171875,1500.0,1500.699951171875,6027
2026-04-08 08:30:00,1500.699951171875,1500.9000244140625,1500.0,1500.0999755859375,7909
2026-04-08 08:35:00,1500.0,1500.9000244140625,1499.4000244140625,1500.800048828125,22256
2026-04-08 08:40:00,1500.800048828125,1500.800048828125,1499.4000244140625,1500.0,25380
2026-04-08 08:45:00,1500.0999755859375,1502.300048828125,1500.0,1502.300048828125,10006
2026-04-08 08:50:00,1501.5999755859375,1501.5999755859375,1500.0,1500.199951171875,14855
2026-04-08 08:55:00,1500.199951171875,1501.0,1498.199951171875,1498.5999755859375,9188
2026-04-08 09:00:00,1499.199951171875,1499.5999755859375,1494.0,1494.300048828125,10564
2026-04-08 09:05:00,1494.300048828125,1500.5999755859375,1494.300048828125,1500.5999755859375,54216
2026-04-08 09:10:00,1500.0,1501.199951171875,1500.0,1501.0,13761
2026-04-08 09:15:00,1501.0,1501.0999755859375,1500.0,1500.0,12685
2026-04-08 09:20:00,1500.0999755859375,1502.5,1500.0,1502.5,12771
2026-04-08 09:25:00,1501.800048828125,1503.5,1501.5999755859375,1502.0999755859375,11122
2026-04-08 09:30:00,1502.9000244140625,1502.9000244140625,1499.800048828125,1500.9000244140625,47021
2026-04-08 09:35:00,1499.9000244140625,1500.199951171875,1493.199951171875,1495.0999755859375,58309
2026-04-08 09:40:00,1495.0999755859375,1496.800048828125,1494.4000244140625,1496.699951171875,45022
2026-04-08 09:45:00,1496.800048828125,1501.9000244140625,1496.0999755859375,1499.9000244140625,46055
2026-04-08 09:50:00,1500.5,1501.300048828125,1499.0999755859375,1501.300048828125,38058
2026-04-08 09:55:00,1501.0,1502.800048828125,1498.5,1498.5,32208
2026-04-09 03:45:00,1497.0,1497.0,1480.300048828125,1489.199951171875,0
2026-04-09 03:50:00,1490.0,1491.800048828125,1485.5,1490.0,8513
2026-04-09 03:55:00,1490.0,1495.5999755859375,1488.300048828125,1495.5999755859375,11071
2026-04-09 04:00:00,1495.5999755859375,1495.5999755859375,1487.0999755859375,1489.5999755859375,14879
2026-04-09 04:05:00,1489.0,1493.4000244140625,1486.4000244140625,1486.699951171875,7325
2026-04-09 04:10:00,1486.699951171875,1486.699951171875,1480.5999755859375,1481.4000244140625,9494
2026-04-09 04:15:00,1481.5999755859375,1482.4000244140625,1476.0,1476.0,9976
2026-04-09 04:20:00,1476.0,1476.800048828125,1474.0999755859375,1476.699951171875,11415
2026-04-09 04:25:00,1475.0,1476.5999755859375,1472.0999755859375,1474.199951171875,7226
2026-04-09 04:30:00,1473.199951171875,1477.199951171875,1471.4000244140625,1477.199951171875,4739
2026-04-09 04:35:00,1476.5,1478.699951171875,1476.4000244140625,1478.0,4039
2026-04-09 04:40:00,1478.4000244140625,1482.300048828125,1478.4000244140625,1481.699951171875,9524
2026-04-09 04:45:00,1481.5,1484.5,1480.699951171875,1483.0999755859375,6554
2026-04-09 04:50:00,1484.800048828125,1484.800048828125,1480.5,1482.800048828125,5422
2026-04-09 04:55:00,1482.5,1482.5999755859375,1480.0,1481.800048828125,5728
2026-04-09 05:00:00,1481.800048828125,1484.699951171875,1481.4000244140625,1482.199951171875,2475
2026-04-09 05:05:00,1482.0,1484.800048828125,1480.800048828125,1481.699951171875,4490
2026-04-09 05:10:00,1481.699951171875,1483.4000244140625,1481.0,1481.0999755859375,3899
2026-04-09 05:15:00,1481.199951171875,1488.800048828125,1481.199951171875,1488.300048828125,8994
2026-04-09 05:20:00,1485.699951171875,1487.0,1483.800048828125,1487.0,1097
2026-04-09 05:25:00,1487.0999755859375,1488.0,1485.0,1485.300048828125,3511
2026-04-09 05:30:00,1485.300048828125,1489.0,1485.300048828125,1487.9000244140625,2324
2026-04-09 05:35:00,1487.699951171875,1489.800048828125,1487.0,1489.5999755859375,945
2026-04-09 05:40:00,1489.5,1489.699951171875,1488.4000244140625,1489.5,2188
2026-04-09 05:45:00,1489.5,1489.5,1487.0999755859375,1489.0999755859375,4591
2026-04-09 05:50:00,1488.800048828125,1489.9000244140625,1487.4000244140625,1487.4000244140625,5347
2026-04-09 05:55:00,1489.300048828125,1490.0,1488.199951171875,1489.699951171875,2522
2026-04-09 06:00:00,1489.699951171875,1493.300048828125,1489.699951171875,1492.0999755859375,7293
2026-04-09 06:05:00,1492.0999755859375,1500.0,1492.0999755859375,1500.0,16675
2026-04-09 06:10:00,1500.0,1500.800048828125,1498.0,1500.800048828125,8986
2026-04-09 06:15:00,1500.9000244140625,1501.0999755859375,1499.4000244140625,1501.0999755859375,3871
2026-04-09 06:20:00,1500.5999755859375,1501.4000244140625,1498.4000244140625,1499.0,3975
2026-04-09 06:25:00,1499.0999755859375,1499.0999755859375,1496.9000244140625,1498.300048828125,2590
2026-04-09 06:30:00,1498.300048828125,1501.0999755859375,1498.199951171875,1498.699951171875,9670
2026-04-09 06:35:00,1500.0999755859375,1501.0999755859375,1499.4000244140625,1500.699951171875,6590
2026-04-09 06:40:00,1500.699951171875,1501.800048828125,1500.5999755859375,1501.0,3041
2026-04-09 06:45:00,1501.4000244140625,1508.4000244140625,1500.4000244140625,1507.699951171875,5783
2026-04-09 06:50:00,1507.0,1517.300048828125,1505.9000244140625,1515.9000244140625,53123
2026-04-09 06:55:00,1515.9000244140625,1516.199951171875,1513.0,1513.0,11847
2026-04-09 07:00:00,1513.5,1515.4000244140625,1512.5,1515.199951171875,9452
2026-04-09 07:05:00,1515.0999755859375,1515.800048828125,1510.0999755859375,1510.699951171875,12366
2026-04-09 07:10:00,1510.300048828125,1511.800048828125,1510.0,1511.199951171875,4951
2026-04-09 07:15:00,1511.0999755859375,1512.699951171875,1510.0,1510.0,17738
2026-04-09 07:20:00,1510.0,1512.300048828125,1510.0,1511.5,2889
2026-04-09 07:25:00,1511.300048828125,1512.0,1510.0,1510.0,9920
2026-04-09 07:30:00,1510.0,1510.5999755859375,1510.0,1510.199951171875,3993
2026-04-09 07:35:00,1510.199951171875,1511.699951171875,1510.0,1510.0,8554
2026-04-09 07:40:00,1510.5999755859375,1510.5999755859375,1500.800048828125,1501.4000244140625,22544
2026-04-09 07:45:00,1501.9000244140625,1503.0,1500.0,1502.9000244140625,5486
2026-04-09 07:50:00,1502.4000244140625,1503.0,1498.0999755859375,1498.800048828125,54529
2026-04-09 07:55:00,1498.5,1500.699951171875,1495.0999755859375,1495.699951171875,6297
2026-04-09 08:00:00,1495.0999755859375,1495.0999755859375,1490.4000244140625,1493.300048828125,8919
2026-04-09 08:05:00,1493.4000244140625,1494.300048828125,1492.5,1493.0999755859375,2535
2026-04-09 08:10:00,1493.0999755859375,1493.800048828125,1487.0999755859375,1489.4000244140625,18523
2026-04-09 08:15:00,1488.0999755859375,1495.9000244140625,1488.0999755859375,1495.0,16287
2026-04-09 08:20:00,1493.5,1498.199951171875,1493.4000244140625,1495.5999755859375,39515
2026-04-09 08:25:00,1495.5,1498.5,1495.0999755859375,1496.800048828125,8392
2026-04-09 08:30:00,1496.800048828125,1497.699951171875,1493.9000244140625,1496.699951171875,10186
2026-04-09 08:35:00,1496.5,1499.5,1495.5,1497.4000244140625,8783
2026-04-09 08:40:00,1497.4000244140625,1497.800048828125,1494.5,1494.5999755859375,6407
2026-04-09 08:45:00,1494.5,1494.5,1490.0999755859375,1490.5999755859375,11528
2026-04-09 08:50:00,1490.699951171875,1493.300048828125,1488.699951171875,1490.9000244140625,8591
2026-04-09 08:55:00,1490.9000244140625,1490.9000244140625,1487.300048828125,1489.0,8633
2026-04-09 09:00:00,1489.300048828125,1489.300048828125,1485.800048828125,1488.199951171875,12904
2026-04-09 09:05:00,1487.9000244140625,1489.4000244140625,1485.300048828125,1485.300048828125,8689
2026-04-09 09:10:00,1485.800048828125,1487.0,1483.5,1486.300048828125,13182
2026-04-09 09:15:00,1485.9000244140625,1486.199951171875,1484.199951171875,1485.9000244140625,12407
2026-04-09 09:20:00,1485.5999755859375,1487.800048828125,1484.5999755859375,1487.300048828125,12753
2026-04-09 09:25:00,1487.0999755859375,1489.9000244140625,1486.300048828125,1488.800048828125,15699
2026-04-09 09:30:00,1488.9000244140625,1495.800048828125,1485.5999755859375,1492.5999755859375,30986
2026-04-09 09:35:00,1492.699951171875,1496.5999755859375,1490.9000244140625,1496.5999755859375,34496
2026-04-09 09:40:00,1496.800048828125,1496.800048828125,1495.0,1495.4000244140625,33147
2026-04-09 09:45:00,1495.0,1495.5,1495.0,1495.300048828125,24811
2026-04-09 09:50:00,1495.4000244140625,1495.4000244140625,1491.0999755859375,1491.0999755859375,30890
2026-04-09 09:55:00,1491.199951171875,1495.9000244140625,1484.0,1486.0,38454
2026-04-10 03:45:00,1501.199951171875,1520.300048828125,1501.199951171875,1517.4000244140625,0
2026-04-10 03:50:00,1518.0,1519.699951171875,1511.199951171875,1513.0999755859375,12092
2026-04-10 03:55:00,1512.4000244140625,1514.5999755859375,1503.0999755859375,1505.199951171875,13723
2026-04-10 04:00:00,1504.4000244140625,1510.199951171875,1504.199951171875,1507.0,5561
2026-04-10 04:05:00,1507.699951171875,1507.699951171875,1503.199951171875,1504.0,6379
2026-04-10 04:10:00,1504.0,1504.5999755859375,1501.5999755859375,1501.699951171875,5158
2026-04-10 04:15:00,1501.800048828125,1504.5,1501.800048828125,1504.0,1793
2026-04-10 04:20:00,1504.300048828125,1506.0,1504.0999755859375,1505.199951171875,3172
2026-04-10 04:25:00,1506.4000244140625,1509.0,1506.0999755859375,1508.0,3356
2026-04-10 04:30:00,1508.0,1508.0999755859375,1504.0999755859375,1504.9000244140625,3823
2026-04-10 04:35:00,1504.0,1504.0,1492.5,1498.699951171875,27411
2026-04-10 04:40:00,1496.9000244140625,1500.9000244140625,1496.9000244140625,1500.0999755859375,7789
2026-04-10 04:45:00,1500.0,1501.5,1500.0,1500.4000244140625,5578
2026-04-10 04:50:00,1500.699951171875,1503.4000244140625,1500.5,1503.4000244140625,4477
2026-04-10 04:55:00,1503.0999755859375,1508.800048828125,1503.0,1507.9000244140625,5789
2026-04-10 05:00:00,1508.300048828125,1510.4000244140625,1507.9000244140625,1510.199951171875,10550
2026-04-10 05:05:00,1510.5,1517.800048828125,1510.5,1516.800048828125,885580
2026-04-10 05:10:00,1517.0999755859375,1527.5999755859375,1516.300048828125,1523.199951171875,42263
2026-04-10 05:15:00,1523.300048828125,1525.0,1517.800048828125,1519.5,12389
2026-04-10 05:20:00,1520.199951171875,1520.699951171875,1517.800048828125,1518.4000244140625,6253
2026-04-10 05:25:00,1518.0999755859375,1518.800048828125,1515.5,1518.4000244140625,4861
2026-04-10 05:30:00,1518.4000244140625,1518.4000244140625,1516.699951171875,1517.0,4839
2026-04-10 05:35:00,1517.0,1517.5999755859375,1514.5,1514.9000244140625,5263
2026-04-10 05:40:00,1514.9000244140625,1517.0,1514.800048828125,1517.0,4505
2026-04-10 05:45:00,1517.800048828125,1521.5999755859375,1517.5,1518.699951171875,5508
2026-04-10 05:50:00,1518.9000244140625,1520.699951171875,1517.5,1517.5,7321
2026-04-10 05:55:00,1517.5999755859375,1525.4000244140625,1517.5999755859375,1523.5999755859375,9704
2026-04-10 06:00:00,1523.4000244140625,1526.0,1523.199951171875,1524.800048828125,7564
2026-04-10 06:05:00,1525.4000244140625,1526.0,1524.699951171875,1525.0,7331
2026-04-10 06:10:00,1525.0,1526.0,1524.5999755859375,1525.699951171875,2865
2026-04-10 06:15:00,1525.0,1527.5,1519.699951171875,1520.5,9521
2026-04-10 06:20:00,1520.5999755859375,1523.0,1516.699951171875,1516.699951171875,5681
2026-04-10 06:25:00,1517.4000244140625,1521.0999755859375,1516.199951171875,1520.5,3297
2026-04-10 06:30:00,1520.4000244140625,1524.0,1520.300048828125,1523.4000244140625,5522
2026-04-10 06:35:00,1523.9000244140625,1524.300048828125,1522.0,1522.0,3426
2026-04-10 06:40:00,1522.199951171875,1522.199951171875,1516.0999755859375,1516.5,5260
2026-04-10 06:45:00,1516.5999755859375,1517.4000244140625,1514.9000244140625,1515.699951171875,7277
2026-04-10 06:50:00,1515.699951171875,1517.699951171875,1512.0,1517.5999755859375,5732
2026-04-10 06:55:00,1517.5999755859375,1518.699951171875,1515.4000244140625,1516.199951171875,3546
2026-04-10 07:00:00,1516.5,1517.699951171875,1516.199951171875,1516.9000244140625,3541
2026-04-10 07:05:00,1516.800048828125,1517.300048828125,1514.300048828125,1516.0,2702
2026-04-10 07:10:00,1516.0999755859375,1516.699951171875,1512.300048828125,1513.9000244140625,3350
2026-04-10 07:15:00,1513.5,1517.4000244140625,1512.5999755859375,1515.5,4299
2026-04-10 07:20:00,1515.5999755859375,1515.5999755859375,1511.0999755859375,1511.800048828125,3239
2026-04-10 07:25:00,1511.800048828125,1512.699951171875,1510.5,1511.300048828125,4414
2026-04-10 07:30:00,1511.199951171875,1512.4000244140625,1510.0,1510.800048828125,3586
2026-04-10 07:35:00,1511.0,1511.800048828125,1508.9000244140625,1511.199951171875,5910
2026-04-10 07:40:00,1510.5999755859375,1515.4000244140625,1510.0,1511.699951171875,17819
2026-04-10 07:45:00,1511.699951171875,1512.0,1503.199951171875,1503.5999755859375,56288
2026-04-10 07:50:00,1503.800048828125,1505.699951171875,1503.5999755859375,1503.5999755859375,4059
2026-04-10 07:55:00,1503.9000244140625,1504.699951171875,1502.4000244140625,1504.0,3421
2026-04-10 08:00:00,1504.0,1504.5999755859375,1502.199951171875,1502.300048828125,14703
2026-04-10 08:05:00,1502.9000244140625,1505.0,1502.300048828125,1504.9000244140625,3031
2026-04-10 08:10:00,1504.5999755859375,1510.0,1504.4000244140625,1509.300048828125,9274
2026-04-10 08:15:00,1509.0,1510.699951171875,1508.699951171875,1509.9000244140625,17114
2026-04-10 08:20:00,1510.199951171875,1510.4000244140625,1507.5,1508.800048828125,5785
2026-04-10 08:25:00,1509.0,1509.699951171875,1504.4000244140625,1504.699951171875,10618
2026-04-10 08:30:00,1505.5,1506.800048828125,1504.300048828125,1505.5999755859375,2575
2026-04-10 08:35:00,1505.699951171875,1506.0999755859375,1501.9000244140625,1502.5999755859375,6124
2026-04-10 08:40:00,1503.0999755859375,1504.5999755859375,1500.5,1501.9000244140625,11450
2026-04-10 08:45:00,1502.199951171875,1502.5,1497.5999755859375,1501.199951171875,10673
2026-04-10 08:50:00,1500.699951171875,1501.800048828125,1496.9000244140625,1496.9000244140625,5765
2026-04-10 08:55:00,1496.5,1498.9000244140625,1496.0,1496.5,12665
2026-04-10 09:00:00,1496.699951171875,1498.699951171875,1496.300048828125,1497.5,5854
2026-04-10 09:05:00,1497.9000244140625,1499.300048828125,1497.0,1499.0999755859375,3957
2026-04-10 09:10:00,1498.5999755859375,1500.0,1498.4000244140625,1499.699951171875,2758
2026-04-10 09:15:00,1500.0,1504.5999755859375,1499.199951171875,1503.4000244140625,17074
2026-04-10 09:20:00,1503.5,1504.300048828125,1500.5999755859375,1503.300048828125,7516
2026-04-10 09:25:00,1503.9000244140625,1505.0,1503.0,1503.0,5732
2026-04-10 09:30:00,1503.4000244140625,1507.4000244140625,1503.0999755859375,1507.4000244140625,13999
2026-04-10 09:35:00,1507.4000244140625,1507.800048828125,1504.300048828125,1507.800048828125,19060
2026-04-10 09:40:00,1507.5,1512.0,1506.5999755859375,1511.0999755859375,39436
2026-04-10 09:45:00,1510.0999755859375,1512.800048828125,1510.0999755859375,1511.5999755859375,15395
2026-04-10 09:50:00,1511.0999755859375,1513.699951171875,1511.0999755859375,1512.0,31817
2026-04-10 09:55:00,1511.800048828125,1519.0,1511.4000244140625,1519.0,21090
2026-04-13 03:45:00,1473.9000244140625,1473.9000244140625,1458.699951171875,1460.5999755859375,0
2026-04-13 03:50:00,1461.0,1463.5,1460.9000244140625,1463.0,21830
2026-04-13 03:55:00,1462.800048828125,1469.0999755859375,1462.5,1468.300048828125,32518
2026-04-13 04:00:00,1464.5999755859375,1465.4000244140625,1463.800048828125,1464.699951171875,15828
2026-04-13 04:05:00,1464.199951171875,1464.199951171875,1459.5,1460.300048828125,21482
2026-04-13 04:10:00,1460.5999755859375,1466.199951171875,1459.4000244140625,1464.699951171875,30606
2026-04-13 04:15:00,1464.699951171875,1464.699951171875,1460.5,1461.0999755859375,6536
2026-04-13 04:20:00,1461.0999755859375,1463.800048828125,1460.0999755859375,1463.199951171875,14381
2026-04-13 04:25:00,1463.5,1464.9000244140625,1463.0,1464.0,10639
2026-04-13 04:30:00,1463.5999755859375,1464.0,1461.0,1462.199951171875,12733
2026-04-13 04:35:00,1461.699951171875,1463.9000244140625,1461.699951171875,1463.9000244140625,5303
2026-04-13 04:40:00,1463.800048828125,1467.5999755859375,1463.800048828125,1465.4000244140625,14412
2026-04-13 04:45:00,1466.0,1467.0,1463.0999755859375,1466.9000244140625,6861
2026-04-13 04:50:00,1466.9000244140625,1467.4000244140625,1464.0,1465.5999755859375,4653
2026-04-13 04:55:00,1465.5999755859375,1467.5,1465.0,1466.9000244140625,14215
2026-04-13 05:00:00,1466.9000244140625,1467.5,1464.5999755859375,1465.0999755859375,5962
2026-04-13 05:05:00,1465.5999755859375,1466.4000244140625,1464.300048828125,1466.4000244140625,7371
2026-04-13 05:10:00,1466.5999755859375,1466.9000244140625,1462.800048828125,1464.5999755859375,7141
2026-04-13 05:15:00,1464.0,1466.699951171875,1464.0,1466.4000244140625,4736
2026-04-13 05:20:00,1466.300048828125,1466.5,1465.0,1466.4000244140625,3981
2026-04-13 05:25:00,1466.4000244140625,1468.0,1465.4000244140625,1466.0999755859375,13404
2026-04-13 05:30:00,1466.4000244140625,1466.9000244140625,1465.0999755859375,1466.0,6391
2026-04-13 05:35:00,1466.199951171875,1467.699951171875,1465.5,1465.9000244140625,9710
2026-04-13 05:40:00,1465.9000244140625,1466.5,1464.300048828125,1466.199951171875,6490
2026-04-13 05:45:00,1465.5999755859375,1466.5999755859375,1465.4000244140625,1466.5,6931
2026-04-13 05:50:00,1466.699951171875,1467.0,1465.5999755859375,1466.800048828125,4647
2026-04-13 05:55:00,1466.5,1467.0,1465.300048828125,1466.699951171875,8406
2026-04-13 06:00:00,1466.699951171875,1467.0,1465.800048828125,1466.5,11029
2026-04-13 06:05:00,1466.5,1467.0,1465.699951171875,1466.0,8304
2026-04-13 06:10:00,1466.4000244140625,1466.4000244140625,1464.5999755859375,1465.9000244140625,9475
2026-04-13 06:15:00,1465.5,1466.5,1465.0999755859375,1466.199951171875,4859
2026-04-13 06:20:00,1466.0999755859375,1466.800048828125,1466.0,1466.699951171875,5711
2026-04-13 06:25:00,1466.800048828125,1467.0,1465.0,1465.199951171875,11120
2026-04-13 06:30:00,1465.199951171875,1466.800048828125,1463.4000244140625,1463.800048828125,8098
2026-04-13 06:35:00,1463.800048828125,1465.300048828125,1463.800048828125,1464.5999755859375,6948
2026-04-13 06:40:00,1465.0,1465.5999755859375,1463.800048828125,1464.800048828125,5761
2026-04-13 06:45:00,1464.800048828125,1465.300048828125,1463.800048828125,1465.0,4452
2026-04-13 06:50:00,1465.0,1465.0,1462.4000244140625,1463.199951171875,5441
2026-04-13 06:55:00,1462.699951171875,1463.199951171875,1459.9000244140625,1461.699951171875,493779
2026-04-13 07:00:00,1462.300048828125,1463.199951171875,1461.0,1463.199951171875,12363
2026-04-13 07:05:00,1463.0999755859375,1463.5999755859375,1461.300048828125,1463.0999755859375,6489
2026-04-13 07:10:00,1463.300048828125,1464.9000244140625,1462.5,1464.5,4791
2026-04-13 07:15:00,1464.0999755859375,1464.300048828125,1462.4000244140625,1463.699951171875,4518
2026-04-13 07:20:00,1463.699951171875,1464.800048828125,1463.0,1463.0,8438
2026-04-13 07:25:00,1463.5,1465.0,1460.5,1464.5999755859375,79173
2026-04-13 07:30:00,1464.699951171875,1464.699951171875,1461.5999755859375,1462.699951171875,10232
2026-04-13 07:35:00,1462.699951171875,1464.800048828125,1462.0999755859375,1464.0,6879
2026-04-13 07:40:00,1463.9000244140625,1463.9000244140625,1461.800048828125,1462.4000244140625,4916
2026-04-13 07:45:00,1462.4000244140625,1463.5,1461.5999755859375,1462.4000244140625,4016
2026-04-13 07:50:00,1462.4000244140625,1462.5999755859375,1461.4000244140625,1461.4000244140625,4459
2026-04-13 07:55:00,1461.4000244140625,1463.0,1460.0,1460.5999755859375,9887
2026-04-13 08:00:00,1460.5999755859375,1462.4000244140625,1460.0999755859375,1460.5999755859375,7104
2026-04-13 08:05:00,1460.5999755859375,1462.9000244140625,1460.5999755859375,1462.199951171875,4898
2026-04-13 08:10:00,1462.0999755859375,1462.199951171875,1460.0,1461.0999755859375,8085
2026-04-13 08:15:00,1461.0999755859375,1461.0999755859375,1458.9000244140625,1460.0,7427
2026-04-13 08:20:00,1460.0,1462.9000244140625,1458.4000244140625,1462.9000244140625,10457
2026-04-13 08:25:00,1464.0999755859375,1465.0,1463.800048828125,1464.4000244140625,13110
2026-04-13 08:30:00,1464.9000244140625,1465.0,1463.5999755859375,1464.5,13529
2026-04-13 08:35:00,1464.5999755859375,1465.0,1464.5,1464.5999755859375,19430
2026-04-13 08:40:00,1465.0,1465.0,1464.4000244140625,1465.0,8139
2026-04-13 08:45:00,1465.0,1465.0,1464.699951171875,1465.0,7580
2026-04-13 08:50:00,1465.0,1465.0,1458.5,1460.0,19226
2026-04-13 08:55:00,1459.9000244140625,1461.699951171875,1459.0999755859375,1460.4000244140625,6487
2026-04-13 09:00:00,1460.9000244140625,1462.0999755859375,1459.699951171875,1461.0,4587
2026-04-13 09:05:00,1461.199951171875,1461.199951171875,1458.5,1459.0,9804
2026-04-13 09:10:00,1459.5999755859375,1460.199951171875,1457.0,1460.199951171875,14704
2026-04-13 09:15:00,1459.800048828125,1460.800048828125,1458.4000244140625,1459.0,5387
2026-04-13 09:20:00,1458.9000244140625,1460.0,1458.0999755859375,1459.0,5541
2026-04-13 09:25:00,1458.5,1459.4000244140625,1456.699951171875,1458.0,8705
2026-04-13 09:30:00,1457.0,1457.199951171875,1451.5999755859375,1453.0,28820
2026-04-13 09:35:00,1453.0999755859375,1456.0,1452.0999755859375,1453.800048828125,27084
2026-04-13 09:40:00,1453.4000244140625,1456.0,1452.300048828125,1453.9000244140625,29927
2026-04-13 09:45:00,1452.800048828125,1455.0,1452.0,1452.300048828125,54687
2026-04-13 09:50:00,1452.199951171875,1453.699951171875,1451.4000244140625,1452.0,40653
2026-04-13 09:55:00,1451.699951171875,1452.9000244140625,1450.0999755859375,1450.0999755859375,32075
2026-04-15 03:45:00,1480.0,1496.4000244140625,1476.699951171875,1496.4000244140625,0
2026-04-15 03:50:00,1497.800048828125,1497.800048828125,1488.300048828125,1489.199951171875,47825
2026-04-15 03:55:00,1488.0,1492.0999755859375,1488.0,1490.9000244140625,20832
2026-04-15 04:00:00,1489.4000244140625,1490.0,1479.5,1479.5,20923
2026-04-15 04:05:00,1479.699951171875,1481.5999755859375,1477.0,1477.0,12471
2026-04-15 04:10:00,1478.4000244140625,1482.0,1476.699951171875,1481.699951171875,5800
2026-04-15 04:15:00,1481.5999755859375,1482.5999755859375,1477.4000244140625,1477.4000244140625,7067
2026-04-15 04:20:00,1477.4000244140625,1479.800048828125,1477.0,1479.199951171875,4706
2026-04-15 04:25:00,1479.199951171875,1479.800048828125,1478.5,1478.699951171875,2146
2026-04-15 04:30:00,1478.9000244140625,1480.0999755859375,1477.199951171875,1479.4000244140625,7269
2026-04-15 04:35:00,1479.800048828125,1482.0,1479.800048828125,1481.9000244140625,4161
2026-04-15 04:40:00,1481.5,1483.5,1479.5,1480.199951171875,51250
2026-04-15 04:45:00,1480.0999755859375,1482.5999755859375,1480.0999755859375,1482.4000244140625,2404
2026-04-15 04:50:00,1482.4000244140625,1483.5,1481.4000244140625,1481.4000244140625,3668
2026-04-15 04:55:00,1481.800048828125,1482.300048828125,1480.9000244140625,1481.300048828125,3094
2026-04-15 05:00:00,1482.0,1482.0,1480.5999755859375,1481.5,2831
2026-04-15 05:05:00,1481.9000244140625,1482.0,1480.4000244140625,1480.5,4097
2026-04-15 05:10:00,1480.5999755859375,1482.0,1480.4000244140625,1481.0,2745
2026-04-15 05:15:00,1480.5,1482.5,1480.4000244140625,1482.0,7440
2026-04-15 05:20:00,1481.5999755859375,1481.5999755859375,1477.9000244140625,1478.800048828125,8607
2026-04-15 05:25:00,1478.0,1481.199951171875,1478.0,1480.5,6527
2026-04-15 05:30:00,1481.0,1481.9000244140625,1479.4000244140625,1479.9000244140625,2637
2026-04-15 05:35:00,1480.0,1481.0,1479.5,1480.0,2301
2026-04-15 05:40:00,1480.0999755859375,1480.5,1478.300048828125,1478.699951171875,2062
2026-04-15 05:45:00,1479.199951171875,1480.4000244140625,1477.5,1477.5,3581
2026-04-15 05:50:00,1477.5999755859375,1479.199951171875,1477.199951171875,1478.800048828125,1862
2026-04-15 05:55:00,1479.199951171875,1481.0,1478.0,1480.699951171875,8882
2026-04-15 06:00:00,1481.0999755859375,1481.699951171875,1480.300048828125,1480.4000244140625,1995
2026-04-15 06:05:00,1480.4000244140625,1482.5999755859375,1480.4000244140625,1482.4000244140625,11067
2026-04-15 06:10:00,1483.199951171875,1483.199951171875,1481.300048828125,1482.4000244140625,3851
2026-04-15 06:15:00,1482.699951171875,1483.4000244140625,1482.4000244140625,1483.0,1789
2026-04-15 06:20:00,1483.0,1484.0999755859375,1482.9000244140625,1484.0999755859375,2414
2026-04-15 06:25:00,1482.300048828125,1482.300048828125,1480.699951171875,1481.5999755859375,3446
2026-04-15 06:30:00,1481.699951171875,1482.300048828125,1480.699951171875,1481.199951171875,1749
2026-04-15 06:35:00,1481.4000244140625,1481.800048828125,1480.5,1481.4000244140625,2477
2026-04-15 06:40:00,1481.5999755859375,1482.199951171875,1480.699951171875,1481.699951171875,3195
2026-04-15 06:45:00,1481.9000244140625,1481.9000244140625,1480.0999755859375,1480.4000244140625,2096
2026-04-15 06:50:00,1480.699951171875,1489.199951171875,1480.5,1482.699951171875,111839
2026-04-15 06:55:00,1482.699951171875,1482.9000244140625,1480.300048828125,1481.5999755859375,30264
2026-04-15 07:00:00,1481.5,1481.699951171875,1480.0,1480.5,1884
2026-04-15 07:05:00,1480.800048828125,1481.5999755859375,1476.4000244140625,1476.5999755859375,3673
2026-04-15 07:10:00,1477.300048828125,1478.699951171875,1470.9000244140625,1471.5999755859375,29232
2026-04-15 07:15:00,1471.5999755859375,1473.300048828125,1467.699951171875,1469.699951171875,19953
2026-04-15 07:20:00,1466.699951171875,1473.5,1466.699951171875,1471.300048828125,25009
2026-04-15 07:25:00,1471.4000244140625,1472.5,1471.300048828125,1471.5999755859375,2794
2026-04-15 07:30:00,1471.5999755859375,1474.0,1470.0,1473.699951171875,6093
2026-04-15 07:35:00,1473.699951171875,1478.5,1473.5999755859375,1475.800048828125,12189
2026-04-15 07:40:00,1476.699951171875,1477.9000244140625,1476.0,1477.0,5461
2026-04-15 07:45:00,1477.5,1478.4000244140625,1476.9000244140625,1477.699951171875,1524
2026-04-15 07:50:00,1477.699951171875,1481.4000244140625,1476.9000244140625,1477.0999755859375,8122
2026-04-15 07:55:00,1476.699951171875,1477.800048828125,1473.300048828125,1475.5999755859375,7848
2026-04-15 08:00:00,1475.699951171875,1478.0999755859375,1471.199951171875,1471.699951171875,11634
2026-04-15 08:05:00,1471.300048828125,1474.4000244140625,1470.800048828125,1471.5,5199
2026-04-15 08:10:00,1471.5,1474.4000244140625,1471.5,1472.0999755859375,6219
2026-04-15 08:15:00,1472.9000244140625,1474.699951171875,1471.800048828125,1472.699951171875,7559
2026-04-15 08:20:00,1473.0,1474.199951171875,1472.199951171875,1473.0,7558
2026-04-15 08:25:00,1473.0,1474.4000244140625,1471.5,1472.199951171875,5892
2026-04-15 08:30:00,1472.199951171875,1475.800048828125,1471.0999755859375,1471.199951171875,50949
2026-04-15 08:35:00,1471.9000244140625,1474.199951171875,1471.9000244140625,1473.300048828125,24128
2026-04-15 08:40:00,1473.199951171875,1476.699951171875,1471.300048828125,1474.0999755859375,92743
2026-04-15 08:45:00,1474.199951171875,1482.5,1473.9000244140625,1481.9000244140625,32700
2026-04-15 08:50:00,1482.0,1482.699951171875,1480.5999755859375,1481.5999755859375,8495
2026-04-15 08:55:00,1481.5999755859375,1491.0,1480.800048828125,1488.5,36995
2026-04-15 09:00:00,1489.699951171875,1491.800048828125,1483.4000244140625,1484.0,73177
2026-04-15 09:05:00,1484.0999755859375,1484.300048828125,1478.9000244140625,1480.300048828125,24105
2026-04-15 09:10:00,1480.300048828125,1481.699951171875,1480.0,1480.0,11725
2026-04-15 09:15:00,1480.0999755859375,1483.9000244140625,1478.4000244140625,1483.0999755859375,12288
2026-04-15 09:20:00,1482.800048828125,1483.300048828125,1481.0,1482.5,8579
2026-04-15 09:25:00,1483.9000244140625,1484.0,1482.4000244140625,1482.5,7184
2026-04-15 09:30:00,1482.5,1482.5,1478.0999755859375,1480.699951171875,64182
2026-04-15 09:35:00,1480.9000244140625,1481.0999755859375,1480.0,1481.0,17264
2026-04-15 09:40:00,1480.5999755859375,1480.9000244140625,1480.0,1480.0,20325
2026-04-15 09:45:00,1480.0,1481.199951171875,1480.0,1481.199951171875,26209
2026-04-15 09:50:00,1481.0,1481.0,1480.199951171875,1480.199951171875,33845
2026-04-15 09:55:00,1480.300048828125,1484.5999755859375,1477.5,1480.0,71237
2026-04-16 03:45:00,1494.9000244140625,1494.9000244140625,1483.699951171875,1490.5999755859375,0
2026-04-16 03:50:00,1489.9000244140625,1489.9000244140625,1487.300048828125,1489.0,14170
2026-04-16 03:55:00,1488.9000244140625,1490.699951171875,1487.699951171875,1489.800048828125,60739
2026-04-16 04:00:00,1489.4000244140625,1493.9000244140625,1487.800048828125,1493.9000244140625,29957
2026-04-16 04:05:00,1493.800048828125,1493.800048828125,1487.300048828125,1488.0,22370
2026-04-16 04:10:00,1488.0999755859375,1488.199951171875,1484.699951171875,1484.699951171875,13736
2026-04-16 04:15:00,1485.5,1489.4000244140625,1484.9000244140625,1489.4000244140625,5632
2026-04-16 04:20:00,1489.4000244140625,1490.0,1488.0,1489.800048828125,3657
2026-04-16 04:25:00,1490.0,1490.0,1486.5999755859375,1488.199951171875,3612
2026-04-16 04:30:00,1488.300048828125,1491.0,1488.300048828125,1490.0999755859375,2962
2026-04-16 04:35:00,1490.0999755859375,1493.5,1490.0999755859375,1493.0,12723
2026-04-16 04:40:00,1493.0,1499.0,1489.0999755859375,1490.0,121101
2026-04-16 04:45:00,1490.300048828125,1499.4000244140625,1489.300048828125,1493.0,347603
2026-04-16 04:50:00,1493.0,1515.0,1490.5,1505.0,397916
2026-04-16 04:55:00,1505.800048828125,1522.0,1504.4000244140625,1517.0,147172
2026-04-16 05:00:00,1517.5999755859375,1521.0,1514.699951171875,1518.5,50718
2026-04-16 05:05:00,1518.300048828125,1519.0,1515.0999755859375,1515.5,15130
2026-04-16 05:10:00,1515.5,1519.5999755859375,1514.199951171875,1515.4000244140625,19153
2026-04-16 05:15:00,1514.699951171875,1516.0,1508.699951171875,1511.4000244140625,15876
2026-04-16 05:20:00,1510.9000244140625,1512.800048828125,1509.5,1512.300048828125,11462
2026-04-16 05:25:00,1512.0,1512.5999755859375,1506.9000244140625,1509.0999755859375,15313
2026-04-16 05:30:00,1509.199951171875,1509.199951171875,1505.5999755859375,1507.800048828125,16096
2026-04-16 05:35:00,1508.300048828125,1508.300048828125,1506.0,1507.199951171875,6680
2026-04-16 05:40:00,1507.0,1508.300048828125,1505.699951171875,1506.199951171875,8506
2026-04-16 05:45:00,1506.5999755859375,1510.0,1506.5999755859375,1510.0,6382
2026-04-16 05:50:00,1510.199951171875,1511.300048828125,1508.300048828125,1510.5999755859375,6112
2026-04-16 05:55:00,1510.5999755859375,1512.0,1509.0,1511.699951171875,7066
2026-04-16 06:00:00,1511.9000244140625,1514.0,1511.4000244140625,1514.0,7461
2026-04-16 06:05:00,1514.0,1516.0,1513.0,1515.5,13831
2026-04-16 06:10:00,1515.0999755859375,1516.5,1514.0,1516.0,11506
2026-04-16 06:15:00,1516.0,1516.0,1511.4000244140625,1513.800048828125,5440
2026-04-16 06:20:00,1513.800048828125,1514.0999755859375,1502.4000244140625,1503.199951171875,38718
2026-04-16 06:25:00,1502.199951171875,1502.800048828125,1493.0,1496.0999755859375,71146
2026-04-16 06:30:00,1496.0999755859375,1502.0999755859375,1494.199951171875,1500.5,12260
2026-04-16 06:35:00,1501.0,1503.0999755859375,1500.9000244140625,1503.0999755859375,4252
2026-04-16 06:40:00,1503.0999755859375,1506.0,1503.0,1504.699951171875,6131
2026-04-16 06:45:00,1505.300048828125,1508.5,1504.4000244140625,1507.5,4350
2026-04-16 06:50:00,1508.300048828125,1508.5,1503.699951171875,1505.199951171875,11781
2026-04-16 06:55:00,1504.9000244140625,1510.9000244140625,1504.0,1509.5,30528
2026-04-16 07:00:00,1509.699951171875,1509.699951171875,1505.800048828125,1508.0,4080
2026-04-16 07:05:00,1508.199951171875,1508.199951171875,1503.300048828125,1506.699951171875,43843
2026-04-16 07:10:00,1506.9000244140625,1507.0,1503.699951171875,1504.300048828125,6013
2026-04-16 07:15:00,1504.300048828125,1505.800048828125,1503.5,1504.5,7432
2026-04-16 07:20:00,1505.0999755859375,1506.9000244140625,1503.9000244140625,1504.699951171875,8999
2026-04-16 07:25:00,1504.9000244140625,1505.699951171875,1504.0,1505.0999755859375,3382
2026-04-16 07:30:00,1505.300048828125,1505.9000244140625,1503.5,1504.5,4741
2026-04-16 07:35:00,1505.0,1506.0,1503.800048828125,1504.199951171875,3533
2026-04-16 07:40:00,1504.4000244140625,1506.5,1502.9000244140625,1505.4000244140625,4398
2026-04-16 07:45:00,1505.5999755859375,1507.0,1505.0,1506.0,2922
2026-04-16 07:50:00,1506.9000244140625,1509.300048828125,1505.800048828125,1507.9000244140625,7675
2026-04-16 07:55:00,1507.5,1509.300048828125,1503.0999755859375,1509.300048828125,11025
2026-04-16 08:00:00,1509.5,1517.5,1509.5,1517.199951171875,50713
2026-04-16 08:05:00,1517.5,1518.5,1513.300048828125,1514.0999755859375,6001
2026-04-16 08:10:00,1514.0999755859375,1514.0999755859375,1511.699951171875,1512.800048828125,4497
2026-04-16 08:15:00,1512.800048828125,1516.5,1512.699951171875,1516.0,5372
2026-04-16 08:20:00,1515.5999755859375,1516.699951171875,1513.5,1516.699951171875,5117
2026-04-16 08:25:00,1516.300048828125,1518.0,1516.300048828125,1517.5,4213
2026-04-16 08:30:00,1517.4000244140625,1521.0,1515.0,1517.300048828125,819830
2026-04-16 08:35:00,1517.199951171875,1519.699951171875,1516.0999755859375,1518.9000244140625,24057
2026-04-16 08:40:00,1519.699951171875,1529.300048828125,1519.4000244140625,1528.199951171875,45423
2026-04-16 08:45:00,1528.699951171875,1536.300048828125,1527.5999755859375,1534.5,48224
2026-04-16 08:50:00,1534.0999755859375,1542.0,1532.0,1533.9000244140625,72872
2026-04-16 08:55:00,1533.5999755859375,1535.0,1527.5999755859375,1528.4000244140625,33181
2026-04-16 09:00:00,1528.4000244140625,1534.199951171875,1528.0,1534.199951171875,22152
2026-04-16 09:05:00,1533.4000244140625,1538.5999755859375,1532.9000244140625,1538.0999755859375,33002
2026-04-16 09:10:00,1538.5999755859375,1543.5,1533.699951171875,1543.5,120511
2026-04-16 09:15:00,1543.5,1545.699951171875,1540.5,1544.5999755859375,58877
2026-04-16 09:20:00,1544.0,1548.0,1541.699951171875,1546.5,63457
2026-04-16 09:25:00,1547.5,1548.0,1540.5999755859375,1542.0,41661
2026-04-16 09:30:00,1542.0,1545.5,1537.800048828125,1539.699951171875,183716
2026-04-16 09:35:00,1540.0,1543.0999755859375,1538.5999755859375,1542.300048828125,202231
2026-04-16 09:40:00,1542.0999755859375,1551.9000244140625,1541.0,1551.199951171875,119838
2026-04-16 09:45:00,1551.0,1557.5,1550.5,1555.0,103999
2026-04-16 09:50:00,1555.5999755859375,1563.9000244140625,1555.0,1560.0999755859375,151373
2026-04-16 09:55:00,1560.0999755859375,1561.9000244140625,1550.5,1550.5,230510
2026-04-17 03:45:00,1556.300048828125,1577.9000244140625,1556.300048828125,1577.0,0
2026-04-17 03:50:00,1577.5,1587.300048828125,1576.0999755859375,1586.9000244140625,66917
2026-04-17 03:55:00,1586.0,1591.5,1582.5,1590.4000244140625,114260
2026-04-17 04:00:00,1590.0,1602.5999755859375,1590.0,1600.0,120131
2026-04-17 04:05:00,1600.300048828125,1600.5,1579.800048828125,1592.0,128007
2026-04-17 04:10:00,1592.699951171875,1595.4000244140625,1586.4000244140625,1594.9000244140625,40047
2026-04-17 04:15:00,1595.300048828125,1596.5999755859375,1591.5999755859375,1595.5,38652
2026-04-17 04:20:00,1595.699951171875,1599.800048828125,1595.4000244140625,1599.800048828125,52663
2026-04-17 04:25:00,1599.5999755859375,1608.0,1599.5999755859375,1606.4000244140625,76157
2026-04-17 04:30:00,1606.300048828125,1608.4000244140625,1600.5,1607.5999755859375,62524
2026-04-17 04:35:00,1608.0,1610.4000244140625,1604.0999755859375,1607.0,50301
2026-04-17 04:40:00,1607.0,1613.0,1605.0,1611.5,63594
2026-04-17 04:45:00,1611.5,1613.800048828125,1610.0,1610.5,56233
2026-04-17 04:50:00,1610.5,1615.800048828125,1610.0,1612.5,79289
2026-04-17 04:55:00,1611.9000244140625,1615.300048828125,1607.5999755859375,1614.699951171875,145000
2026-04-17 05:00:00,1614.699951171875,1623.0,1613.4000244140625,1619.0999755859375,471502
2026-04-17 05:05:00,1618.5,1628.800048828125,1611.0,1613.300048828125,103555
2026-04-17 05:10:00,1613.300048828125,1618.699951171875,1608.0999755859375,1615.4000244140625,105492
2026-04-17 05:15:00,1615.199951171875,1622.4000244140625,1615.199951171875,1621.0999755859375,32752
2026-04-17 05:20:00,1620.800048828125,1624.0,1611.300048828125,1614.0999755859375,80595
2026-04-17 05:25:00,1614.0,1615.199951171875,1610.199951171875,1614.0999755859375,20742
2026-04-17 05:30:00,1614.199951171875,1618.0,1611.199951171875,1618.0,43251
2026-04-17 05:35:00,1617.300048828125,1618.5,1611.4000244140625,1614.0999755859375,18114
2026-04-17 05:40:00,1613.9000244140625,1618.699951171875,1613.4000244140625,1618.0,12921
2026-04-17 05:45:00,1618.0,1619.9000244140625,1616.9000244140625,1618.9000244140625,12111
2026-04-17 05:50:00,1618.699951171875,1621.4000244140625,1617.9000244140625,1621.0,23268
2026-04-17 05:55:00,1621.199951171875,1624.0,1614.199951171875,1617.5999755859375,64345
2026-04-17 06:00:00,1617.5999755859375,1619.199951171875,1615.300048828125,1616.9000244140625,9731
2026-04-17 06:05:00,1616.9000244140625,1620.0,1616.9000244140625,1619.300048828125,23835
2026-04-17 06:10:00,1619.4000244140625,1619.9000244140625,1616.4000244140625,1618.5999755859375,31482
2026-04-17 06:15:00,1618.5999755859375,1624.0,1617.4000244140625,1623.800048828125,34288
2026-04-17 06:20:00,1623.800048828125,1628.0,1623.199951171875,1627.0999755859375,32392
2026-04-17 06:25:00,1627.0999755859375,1627.5,1618.699951171875,1620.0,30947
2026-04-17 06:30:00,1620.0,1621.5999755859375,1619.800048828125,1620.800048828125,16460
2026-04-17 06:35:00,1621.4000244140625,1623.699951171875,1621.0,1623.5999755859375,9336
2026-04-17 06:40:00,1623.699951171875,1623.800048828125,1618.300048828125,1623.300048828125,25531
2026-04-17 06:45:00,1623.300048828125,1623.300048828125,1619.4000244140625,1622.199951171875,22271
2026-04-17 06:50:00,1622.0,1622.300048828125,1608.699951171875,1617.9000244140625,199470
2026-04-17 06:55:00,1618.5,1619.0,1606.9000244140625,1607.5999755859375,101082
2026-04-17 07:00:00,1607.199951171875,1607.5,1600.699951171875,1600.699951171875,48106
2026-04-17 07:05:00,1600.5999755859375,1603.199951171875,1596.0999755859375,1601.199951171875,60196
2026-04-17 07:10:00,1601.4000244140625,1601.4000244140625,1598.0999755859375,1599.0,13634
2026-04-17 07:15:00,1599.0,1599.5999755859375,1593.800048828125,1595.699951171875,27108
2026-04-17 07:20:00,1595.699951171875,1599.300048828125,1595.4000244140625,1599.0,13648
2026-04-17 07:25:00,1599.0999755859375,1599.9000244140625,1598.4000244140625,1598.800048828125,11411
2026-04-17 07:30:00,1599.300048828125,1600.199951171875,1598.5,1599.699951171875,8623
2026-04-17 07:35:00,1599.199951171875,1600.199951171875,1598.699951171875,1599.9000244140625,9787
2026-04-17 07:40:00,1600.0,1600.5,1597.4000244140625,1598.800048828125,16895
2026-04-17 07:45:00,1598.800048828125,1598.9000244140625,1597.5999755859375,1598.0,12742
2026-04-17 07:50:00,1598.0,1602.4000244140625,1597.800048828125,1600.9000244140625,15578
2026-04-17 07:55:00,1601.0,1602.0,1599.800048828125,1600.699951171875,15206
2026-04-17 08:00:00,1601.0999755859375,1602.0,1599.800048828125,1600.300048828125,7402
2026-04-17 08:05:00,1600.300048828125,1600.699951171875,1599.699951171875,1600.0,5459
2026-04-17 08:10:00,1600.0,1600.0,1599.800048828125,1600.0,11003
2026-04-17 08:15:00,1600.0,1600.0,1599.800048828125,1600.0,5088
2026-04-17 08:20:00,1600.0,1600.0,1597.199951171875,1597.4000244140625,14025
2026-04-17 08:25:00,1597.4000244140625,1599.4000244140625,1597.4000244140625,1599.0,24417
2026-04-17 08:30:00,1599.300048828125,1599.300048828125,1588.5999755859375,1588.9000244140625,45405
2026-04-17 08:35:00,1589.800048828125,1589.800048828125,1582.0999755859375,1583.9000244140625,35310
2026-04-17 08:40:00,1584.0,1584.9000244140625,1581.300048828125,1583.5999755859375,32119
2026-04-17 08:45:00,1583.0,1584.0,1582.5999755859375,1583.800048828125,8198
2026-04-17 08:50:00,1583.699951171875,1588.0,1582.699951171875,1588.0,17395
2026-04-17 08:55:00,1588.0,1588.0,1582.199951171875,1582.800048828125,12563
2026-04-17 09:00:00,1582.800048828125,1587.5,1582.0999755859375,1587.0999755859375,11129
2026-04-17 09:05:00,1587.199951171875,1592.199951171875,1586.699951171875,1590.9000244140625,32509
2026-04-17 09:10:00,1591.0,1599.0999755859375,1590.199951171875,1599.0999755859375,30128
2026-04-17 09:15:00,1598.0999755859375,1600.0,1598.0999755859375,1599.4000244140625,16086
2026-04-17 09:20:00,1599.4000244140625,1601.300048828125,1597.199951171875,1597.800048828125,19133
2026-04-17 09:25:00,1597.9000244140625,1603.4000244140625,1597.199951171875,1600.5,35997
2026-04-17 09:30:00,1600.5,1601.9000244140625,1597.300048828125,1598.5999755859375,67400
2026-04-17 09:35:00,1598.5999755859375,1600.699951171875,1598.0,1600.0,37142
2026-04-17 09:40:00,1600.0,1603.9000244140625,1598.699951171875,1599.9000244140625,59195
2026-04-17 09:45:00,1599.800048828125,1600.0,1598.699951171875,1600.0,113395
2026-04-17 09:50:00,1600.0,1600.0,1599.4000244140625,1599.9000244140625,59408
2026-04-17 09:55:00,1599.9000244140625,1607.5999755859375,1599.9000244140625,1604.0,76996
