timestamp,open,high,low,close,volume
2026-01-08 08:00:00,417.0,418.3999938964844,414.70001220703125,414.8999938964844,0
2026-01-08 08:05:00,414.95001220703125,415.45001220703125,413.54998779296875,414.1499938964844,316380
2026-01-08 08:10:00,414.1499938964844,416.0,413.29998779296875,414.20001220703125,199826
2026-01-08 08:15:00,415.70001220703125,417.1000061035156,413.79998779296875,415.6000061035156,145249
2026-01-08 08:20:00,415.5090026855469,416.04998779296875,415.20001220703125,415.69500732421875,171862
2026-01-08 08:25:00,415.75,416.04998779296875,414.95001220703125,414.95001220703125,106596
2026-01-08 08:30:00,414.8999938964844,416.04998779296875,414.79998779296875,415.0,113936
2026-01-08 08:35:00,414.9949951171875,416.04998779296875,414.277099609375,416.04998779296875,86920
2026-01-08 08:40:00,416.04998779296875,417.1000061035156,414.3500061035156,414.8500061035156,59338
2026-01-08 08:45:00,414.8500061035156,415.04998779296875,414.1000061035156,414.20001220703125,77094
2026-01-08 08:50:00,414.1400146484375,415.20001220703125,414.1400146484375,414.29998779296875,83425
2026-01-08 08:55:00,414.20001220703125,415.6000061035156,414.1000061035156,414.29998779296875,70062
2026-01-08 09:00:00,414.29998779296875,415.6000061035156,413.75,414.3999938964844,131549
2026-01-08 09:05:00,414.45001220703125,415.75,413.6499938964844,414.54998779296875,97298
2026-01-08 09:10:00,414.54998779296875,415.3500061035156,414.0,414.5,199870
2026-01-08 09:15:00,414.45001220703125,415.20001220703125,414.1499938964844,414.1499938964844,62185
2026-01-08 09:20:00,414.1499938964844,415.3500061035156,413.75,413.8999938964844,96510
2026-01-08 09:25:00,413.8500061035156,414.6499938964844,413.6499938964844,414.3999938964844,79700
2026-01-08 09:30:00,414.45001220703125,414.79998779296875,414.25,414.70001220703125,72083
2026-01-08 09:35:00,414.75,414.9800109863281,414.5,414.8999938964844,93466
2026-01-08 09:40:00,414.8680114746094,415.8999938964844,414.75,415.2250061035156,85156
2026-01-08 09:45:00,415.29998779296875,415.5,415.04998779296875,415.3500061035156,75716
2026-01-08 09:50:00,415.3500061035156,415.5,414.8999938964844,415.2770080566406,76086
2026-01-08 09:55:00,415.3999938964844,415.79998779296875,415.25,415.45001220703125,88422
2026-01-08 10:00:00,415.29998779296875,415.3999938964844,415.0,415.2040100097656,77682
2026-01-08 10:05:00,415.29998779296875,415.5,414.95001220703125,415.29998779296875,51802
2026-01-08 10:10:00,415.25,415.25,414.8999938964844,414.8999938964844,83850
2026-01-08 10:15:00,414.8999938964844,415.5,414.75,415.5,46367
2026-01-08 10:20:00,415.6000061035156,416.1000061035156,415.5400085449219,415.79998779296875,174377
2026-01-08 10:25:00,415.79998779296875,415.8999938964844,414.8999938964844,415.84368896484375,25213
2026-01-08 10:30:00,415.8999938964844,416.04998779296875,414.8999938964844,415.79998779296875,87820
2026-01-08 10:35:00,415.8999938964844,416.04998779296875,414.8999938964844,416.04998779296875,68451
2026-01-08 10:40:00,416.0,416.04998779296875,414.3999938964844,415.3999938964844,105223
2026-01-08 10:45:00,415.3999938964844,416.6499938964844,414.04998779296875,416.25,92820
2026-01-08 10:50:00,416.20001220703125,416.20098876953125,413.79998779296875,415.9010009765625,74159
2026-01-08 10:55:00,415.3999938964844,416.54998779296875,414.1000061035156,416.468994140625,56517
2026-01-08 11:00:00,416.45001220703125,416.5,413.79998779296875,413.8999938964844,29928
2026-01-08 11:05:00,416.3999938964844,417.0,413.75,416.95001220703125,44158
2026-01-08 11:10:00,417.0,417.1499938964844,414.8999938964844,416.8500061035156,48489
2026-01-08 11:15:00,416.70001220703125,416.95001220703125,414.6499938964844,416.5769958496094,132509
2026-01-08 11:20:00,416.6000061035156,416.6000061035156,416.45001220703125,416.54998779296875,34193
2026-01-08 11:25:00,416.54998779296875,416.6000061035156,414.6499938964844,416.5,49770
2026-01-08 11:30:00,416.54998779296875,417.1000061035156,415.29998779296875,417.0,55683
2026-01-08 11:35:00,416.95001220703125,417.3500061035156,414.6499938964844,414.6499938964844,56876
2026-01-08 11:40:00,414.6499938964844,417.3500061035156,414.6499938964844,417.10101318359375,78430
2026-01-08 11:45:00,414.8500061035156,417.1000061035156,414.8500061035156,416.9989929199219,42087
2026-01-08 11:50:00,417.04998779296875,417.1000061035156,416.6499938964844,416.8500061035156,45840
2026-01-08 11:55:00,416.8500061035156,417.04998779296875,415.1000061035156,415.8999938964844,58147
2026-01-08 12:00:00,416.95001220703125,416.95001220703125,415.8999938964844,416.4049987792969,73895
2026-01-08 12:05:00,416.4159851074219,417.0,415.8999938964844,416.6051025390625,121222
2026-01-08 12:10:00,416.6000061035156,417.1499938964844,415.79998779296875,416.8500061035156,81456
2026-01-08 12:15:00,416.8500061035156,417.1000061035156,416.20001220703125,416.45001220703125,102538
2026-01-08 12:20:00,416.3999938964844,417.1000061035156,416.1809997558594,417.1000061035156,31562
2026-01-08 12:25:00,416.8999938964844,417.3960876464844,416.20989990234375,416.45001220703125,21249
2026-01-08 12:30:00,416.5039978027344,416.6000061035156,416.20001220703125,416.25,66584
2026-01-08 12:35:00,416.25,417.29998779296875,416.0,416.0,25843
2026-01-08 12:40:00,416.072998046875,417.1000061035156,416.0,416.260986328125,11487
2026-01-08 12:45:00,416.29998779296875,416.8999938964844,416.1000061035156,416.29998779296875,62916
2026-01-08 12:50:00,416.29998779296875,416.45001220703125,416.0,416.24700927734375,53421
2026-01-08 12:55:00,416.3500061035156,416.3500061035156,416.0,416.04998779296875,34548
2026-01-08 13:00:00,416.04998779296875,416.3500061035156,415.8999938964844,416.3500061035156,24047
2026-01-08 13:05:00,416.3500061035156,416.45001220703125,416.1499938964844,416.23260498046875,40026
2026-01-08 13:10:00,416.25,416.79998779296875,416.0,416.29998779296875,41186
2026-01-08 13:15:00,416.3999938964844,416.54998779296875,416.1000061035156,416.25,48227
2026-01-08 13:20:00,416.3999938964844,416.5,416.20001220703125,416.29998779296875,39363
2026-01-08 13:25:00,416.29998779296875,416.5,416.25,416.4049987792969,39486
2026-01-08 13:30:00,416.45001220703125,417.20001220703125,416.3500061035156,417.1050109863281,83831
2026-01-08 13:35:00,417.1499938964844,417.25,416.1499938964844,417.1000061035156,59802
2026-01-08 13:40:00,417.1000061035156,417.5,416.8500061035156,416.95001220703125,409786
2026-01-08 13:45:00,416.8999938964844,417.04998779296875,416.25,416.6310119628906,182084
2026-01-08 13:50:00,416.75,416.75,416.1499938964844,416.45001220703125,120443
2026-01-08 13:55:00,416.5,416.6499938964844,416.1499938964844,416.25,79011
2026-01-08 14:00:00,416.20001220703125,416.54998779296875,416.1499938964844,416.30499267578125,85429
2026-01-08 14:05:00,416.29998779296875,416.3999938964844,416.1499938964844,416.20001220703125,57670
2026-01-08 14:10:00,416.20001220703125,416.54998779296875,416.1499938964844,416.3999938964844,58116
2026-01-08 14:15:00,416.3999938964844,416.6499938964844,416.29998779296875,416.4750061035156,100115
2026-01-08 14:20:00,416.54998779296875,416.6000061035156,416.25,416.5950012207031,66485
2026-01-08 14:25:00,416.6000061035156,416.6499938964844,415.95001220703125,416.45001220703125,597606
2026-01-08 14:30:00,416.3999938964844,417.6499938964844,416.04998779296875,417.1000061035156,2776695
2026-01-08 14:35:00,416.95001220703125,417.25,416.20001220703125,416.3999938964844,244349
2026-01-08 14:40:00,416.3940124511719,416.45001220703125,414.8999938964844,415.1000061035156,316378
2026-01-08 14:45:00,415.04998779296875,415.25,414.3648986816406,414.6000061035156,248474
2026-01-08 14:50:00,414.54998779296875,417.0,414.54998779296875,415.1000061035156,1378469
2026-01-08 14:55:00,415.0,416.0,414.8500061035156,415.8500061035156,216582
2026-01-08 15:00:00,415.79998779296875,416.3500061035156,415.5,416.031005859375,467699
2026-01-08 15:05:00,416.1499938964844,416.5,415.75,416.29998779296875,196281
2026-01-08 15:10:00,416.25,416.5,415.6499938964844,416.5,409098
2026-01-08 15:15:00,416.5,417.5,415.79998779296875,416.20001220703125,584159
2026-01-08 15:20:00,416.1000061035156,416.20001220703125,415.5,415.5,231787
2026-01-08 15:25:00,415.6000061035156,416.5,415.25,415.3500061035156,173127
2026-01-08 15:30:00,416.45001220703125,416.45001220703125,414.6000061035156,415.29998779296875,168998
2026-01-08 15:35:00,416.5,416.7749938964844,415.04998779296875,415.4110107421875,160242
2026-01-08 15:40:00,415.4070129394531,415.5,415.0,415.04998779296875,154071
2026-01-08 15:45:00,415.1499938964844,416.95001220703125,415.13140869140625,415.54998779296875,216311
2026-01-08 15:50:00,415.5050964355469,415.79998779296875,415.20001220703125,415.6499938964844,191714
2026-01-08 15:55:00,415.6499938964844,415.8500061035156,415.13250732421875,415.6499938964844,269391
2026-01-08 16:00:00,415.6499938964844,416.04998779296875,414.3500061035156,415.75,262253
2026-01-08 16:05:00,415.75,415.8500061035156,415.32501220703125,415.3999938964844,223299
2026-01-08 16:10:00,415.3500061035156,415.3999938964844,414.6499938964844,414.75,181888
2026-01-08 16:15:00,414.75,416.42498779296875,414.29998779296875,414.3500061035156,591396
2026-01-08 16:20:00,414.3500061035156,414.45001220703125,414.1000061035156,414.3999938964844,432572
2026-01-08 16:25:00,414.45001220703125,415.04998779296875,414.4324951171875,414.95001220703125,444764
2026-01-09 08:00:00,421.6499938964844,424.04998779296875,421.6499938964844,423.1000061035156,0
2026-01-09 08:05:00,423.5,424.04998779296875,422.70001220703125,423.0,809446
2026-01-09 08:10:00,422.8999938964844,423.95001220703125,422.6499938964844,422.6499938964844,147480
2026-01-09 08:15:00,422.54998779296875,423.8500061035156,422.25,422.3500061035156,181385
2026-01-09 08:20:00,422.1499938964844,422.6000061035156,421.8999938964844,422.45001220703125,100588
2026-01-09 08:25:00,422.45001220703125,422.45001220703125,421.6000061035156,421.6000061035156,87277
2026-01-09 08:30:00,421.95001220703125,423.95001220703125,421.6000061035156,421.6000061035156,135617
2026-01-09 08:35:00,421.5530090332031,423.95001220703125,421.3999938964844,421.6499938964844,84222
2026-01-09 08:40:00,421.6499938964844,423.95001220703125,421.1499938964844,421.3999938964844,33252
2026-01-09 08:45:00,421.3999938964844,423.95001220703125,421.125,421.3999938964844,76544
2026-01-09 08:50:00,421.3999938964844,423.29998779296875,421.29998779296875,421.5,79151
2026-01-09 08:55:00,421.6499938964844,422.5,421.5,421.75,53532
2026-01-09 09:00:00,421.8999938964844,422.75,421.79998779296875,421.8999938964844,137049
2026-01-09 09:05:00,422.5,422.5,421.8999938964844,422.3500061035156,182113
2026-01-09 09:10:00,422.25,422.70001220703125,421.5,422.54998779296875,119213
2026-01-09 09:15:00,421.70001220703125,422.54998779296875,421.0,421.95001220703125,310224
2026-01-09 09:20:00,421.8500061035156,422.54998779296875,421.79998779296875,422.29998779296875,185197
2026-01-09 09:25:00,422.2239990234375,422.3500061035156,421.5,422.25,111856
2026-01-09 09:30:00,422.20001220703125,422.25,421.6239929199219,421.6499938964844,239569
2026-01-09 09:35:00,421.6990051269531,422.3500061035156,421.6990051269531,422.04998779296875,155488
2026-01-09 09:40:00,421.95001220703125,422.25,421.8500061035156,422.1499938964844,41748
2026-01-09 09:45:00,422.20001220703125,423.75,422.17498779296875,423.75,144125
2026-01-09 09:50:00,423.6990051269531,423.95001220703125,423.3999938964844,423.6000061035156,173460
2026-01-09 09:55:00,423.57501220703125,424.1000061035156,423.45001220703125,424.0,320629
2026-01-09 10:00:00,424.04998779296875,424.1000061035156,423.0,423.6000061035156,223351
2026-01-09 10:05:00,423.5979919433594,423.75,423.45001220703125,423.54998779296875,115190
2026-01-09 10:10:00,423.6000061035156,424.3500061035156,423.49261474609375,424.29998779296875,108534
2026-01-09 10:15:00,424.29998779296875,424.45001220703125,423.79998779296875,424.29998779296875,131778
2026-01-09 10:20:00,424.3500061035156,424.5,423.79998779296875,424.0,118172
2026-01-09 10:25:00,424.1499938964844,424.5,424.07501220703125,424.25,95906
2026-01-09 10:30:00,424.3999938964844,424.70001220703125,424.25,424.6000061035156,107200
2026-01-09 10:35:00,424.6499938964844,424.75,424.29998779296875,424.45001220703125,59930
2026-01-09 10:40:00,424.45001220703125,424.6000061035156,424.1499938964844,424.45001220703125,49773
2026-01-09 10:45:00,424.75,424.79998779296875,424.5,424.79998779296875,83616
2026-01-09 10:50:00,424.79998779296875,425.29998779296875,424.75,424.79998779296875,104522
2026-01-09 10:55:00,424.8999938964844,424.8999938964844,424.45001220703125,424.6000061035156,75163
2026-01-09 11:00:00,424.45001220703125,425.0,424.45001220703125,424.6499938964844,70513
2026-01-09 11:05:00,424.70001220703125,425.1000061035156,424.45001220703125,425.0,96934
2026-01-09 11:10:00,424.9289855957031,425.04998779296875,424.79998779296875,425.04998779296875,42952
2026-01-09 11:15:00,425.0,425.04998779296875,424.45001220703125,424.6000061035156,90956
2026-01-09 11:20:00,424.5539855957031,424.6499938964844,424.0,424.1510009765625,68357
2026-01-09 11:25:00,424.125,424.54998779296875,422.125,424.54998779296875,41796
2026-01-09 11:30:00,424.45001220703125,424.6499938964844,424.20001220703125,424.5932922363281,43391
2026-01-09 11:35:00,424.75,424.95001220703125,424.5,424.79998779296875,42567
2026-01-09 11:40:00,424.7560119628906,424.95001220703125,424.6000061035156,424.8500061035156,41155
2026-01-09 11:45:00,424.8500061035156,425.0,424.70001220703125,424.70001220703125,61441
2026-01-09 11:50:00,424.81689453125,425.1449890136719,424.54998779296875,425.1449890136719,90238
2026-01-09 11:55:00,425.1499938964844,425.54998779296875,424.6499938964844,425.3999938964844,108554
2026-01-09 12:00:00,425.45001220703125,425.6000061035156,424.79998779296875,425.5,43827
2026-01-09 12:05:00,425.5,425.95001220703125,424.1000061035156,425.8909912109375,79195
2026-01-09 12:10:00,425.8999938964844,426.0249938964844,424.8500061035156,425.45001220703125,54776
2026-01-09 12:15:00,425.6000061035156,425.79998779296875,425.0,425.3883056640625,82933
2026-01-09 12:20:00,425.3999938964844,425.8999938964844,425.1000061035156,425.70001220703125,36294
2026-01-09 12:25:00,425.6499938964844,425.8999938964844,425.3999938964844,425.5530090332031,83427
2026-01-09 12:30:00,425.6499938964844,425.8999938964844,425.45001220703125,425.8999938964844,49223
2026-01-09 12:35:00,425.8999938964844,425.95001220703125,425.5,425.8500061035156,144134
2026-01-09 12:40:00,425.7969970703125,425.8500061035156,424.8999938964844,424.972412109375,172729
2026-01-09 12:45:00,424.95001220703125,425.1499938964844,424.75,425.1499938964844,54778
2026-01-09 12:50:00,425.1390075683594,425.25,425.1000061035156,425.2243957519531,52146
2026-01-09 12:55:00,425.20001220703125,425.3500061035156,424.8999938964844,425.1499938964844,151250
2026-01-09 13:00:00,425.20001220703125,425.54998779296875,425.1969909667969,425.54998779296875,89745
2026-01-09 13:05:00,425.5,425.70001220703125,424.3999938964844,424.6499938964844,158461
2026-01-09 13:10:00,424.6000061035156,424.6000061035156,424.20001220703125,424.3550109863281,58673
2026-01-09 13:15:00,424.5,424.54998779296875,424.1499938964844,424.2250061035156,63239
2026-01-09 13:20:00,424.29998779296875,424.54998779296875,423.8500061035156,424.3999938964844,80168
2026-01-09 13:25:00,424.3489074707031,424.3970031738281,423.29998779296875,423.95001220703125,369329
2026-01-09 13:30:00,424.0,424.45001220703125,422.95001220703125,423.04998779296875,108606
2026-01-09 13:35:00,422.8999938964844,423.1000061035156,421.6499938964844,422.6499938964844,4693301
2026-01-09 13:40:00,423.1499938964844,423.25,422.6499938964844,423.20001220703125,87813
2026-01-09 13:45:00,423.125,423.70001220703125,422.79998779296875,423.54998779296875,94523
2026-01-09 13:50:00,423.70001220703125,423.7749938964844,423.5,423.54998779296875,54141
2026-01-09 13:55:00,423.6499938964844,423.70001220703125,423.25,423.54998779296875,82246
2026-01-09 14:00:00,423.5,423.8500061035156,423.45001220703125,423.6499938964844,78315
2026-01-09 14:05:00,423.6499938964844,423.95001220703125,423.54998779296875,423.95001220703125,62845
2026-01-09 14:10:00,424.0,424.6000061035156,423.95001220703125,424.6000061035156,138484
2026-01-09 14:15:00,424.79998779296875,425.5,424.3500061035156,425.45001220703125,91036
2026-01-09 14:20:00,425.45001220703125,425.45001220703125,424.8999938964844,424.95001220703125,74550
2026-01-09 14:25:00,424.95001220703125,425.6000061035156,424.54998779296875,424.75,230223
2026-01-09 14:30:00,424.8999938964844,425.6499938964844,424.6000061035156,425.25,501127
2026-01-09 14:35:00,425.20001220703125,425.6000061035156,424.6499938964844,425.45001220703125,207251
2026-01-09 14:40:00,425.5,426.3999938964844,425.04998779296875,425.29998779296875,319478
2026-01-09 14:45:00,425.45001220703125,426.6499938964844,425.29998779296875,426.45001220703125,404712
2026-01-09 14:50:00,426.3999938964844,426.947998046875,426.1000061035156,426.54998779296875,253647
2026-01-09 14:55:00,426.6000061035156,427.0,425.3500061035156,425.3500061035156,196210
2026-01-09 15:00:00,425.3500061035156,426.75,425.3500061035156,426.20001220703125,335115
2026-01-09 15:05:00,426.25,426.3500061035156,425.79998779296875,426.1499938964844,333417
2026-01-09 15:10:00,426.1499938964844,426.79998779296875,424.5,426.54998779296875,923914
2026-01-09 15:15:00,426.54998779296875,426.70001220703125,425.8500061035156,426.04998779296875,502803
2026-01-09 15:20:00,426.1000061035156,426.79998779296875,426.1000061035156,426.3500061035156,328124
2026-01-09 15:25:00,426.29998779296875,426.45001220703125,425.1000061035156,426.260009765625,372422
2026-01-09 15:30:00,426.29998779296875,426.3500061035156,425.54998779296875,425.6000061035156,272371
2026-01-09 15:35:00,425.6000061035156,425.79998779296875,425.3500061035156,425.79998779296875,171821
2026-01-09 15:40:00,425.8999938964844,426.1000061035156,425.6499938964844,425.75,240252
2026-01-09 15:45:00,425.75,426.125,425.54998779296875,425.95001220703125,458480
2026-01-09 15:50:00,425.8500061035156,426.1499938964844,425.45001220703125,426.1499938964844,211620
2026-01-09 15:55:00,426.20001220703125,427.9158935546875,426.1000061035156,426.75,202115
2026-01-09 16:00:00,426.75,426.75,425.54998779296875,426.45001220703125,225995
2026-01-09 16:05:00,426.3999938964844,426.8999938964844,426.29998779296875,426.70001220703125,203796
2026-01-09 16:10:00,426.6499938964844,426.7950134277344,426.3999938964844,426.75,359790
2026-01-09 16:15:00,426.79998779296875,427.1499938964844,426.54998779296875,426.79998779296875,122455
2026-01-09 16:20:00,426.75,426.8500061035156,426.3500061035156,426.75,373137
2026-01-09 16:25:00,426.75,426.7643127441406,426.29998779296875,426.3500061035156,398624
2026-01-12 08:00:00,426.0,427.04998779296875,425.25,426.3999938964844,0
2026-01-12 08:05:00,426.3999938964844,427.54998779296875,425.3500061035156,427.45001220703125,140205
2026-01-12 08:10:00,425.70001220703125,428.8500061035156,425.3500061035156,428.6499938964844,191728
2026-01-12 08:15:00,428.6499938964844,428.6499938964844,427.8500061035156,428.1000061035156,168593
2026-01-12 08:20:00,428.04998779296875,428.6499938964844,428.04998779296875,428.5,218535
2026-01-12 08:25:00,428.45001220703125,429.3999938964844,426.3500061035156,428.79998779296875,182521
2026-01-12 08:30:00,428.6499938964844,428.6499938964844,426.45001220703125,427.1499938964844,115643
2026-01-12 08:35:00,427.197998046875,427.45001220703125,426.54998779296875,427.45001220703125,191631
2026-01-12 08:40:00,427.3500061035156,427.54998779296875,427.0,427.20001220703125,77598
2026-01-12 08:45:00,427.1969909667969,427.45001220703125,427.04998779296875,427.3601989746094,72468
2026-01-12 08:50:00,427.5,428.25,426.8999938964844,428.1000061035156,74094
2026-01-12 08:55:00,427.54998779296875,428.25,426.75,427.3500061035156,68315
2026-01-12 09:00:00,427.3500061035156,428.6000061035156,425.70001220703125,428.25,187773
2026-01-12 09:05:00,428.25,428.45001220703125,425.95001220703125,426.29998779296875,93195
2026-01-12 09:10:00,426.29998779296875,428.3999938964844,426.0,428.25,37462
2026-01-12 09:15:00,428.25,428.25,425.95001220703125,428.25,44872
2026-01-12 09:20:00,426.25,428.29998779296875,426.25,427.29998779296875,63298
2026-01-12 09:25:00,427.1499938964844,428.29998779296875,426.75,427.0,73336
2026-01-12 09:30:00,426.8999938964844,427.3500061035156,426.8500061035156,427.3500061035156,79566
2026-01-12 09:35:00,427.3500061035156,428.29998779296875,426.6499938964844,426.6499938964844,56448
2026-01-12 09:40:00,426.7090148925781,428.45001220703125,426.7090148925781,427.1499938964844,64614
2026-01-12 09:45:00,427.1499938964844,428.45001220703125,426.8500061035156,427.0,85802
2026-01-12 09:50:00,427.0,428.5,426.6499938964844,427.0,69996
2026-01-12 09:55:00,427.0,428.3999938964844,426.8500061035156,427.1499938964844,63945
2026-01-12 10:00:00,428.6000061035156,429.04998779296875,427.04998779296875,427.3500061035156,76918
2026-01-12 10:05:00,427.3500061035156,427.3500061035156,426.45001220703125,426.4519958496094,131458
2026-01-12 10:10:00,426.45001220703125,426.45001220703125,426.0,426.1499938964844,67388
2026-01-12 10:15:00,426.1499938964844,426.3500061035156,426.04998779296875,426.322998046875,52891
2026-01-12 10:20:00,426.3500061035156,426.45001220703125,426.20001220703125,426.25,43670
2026-01-12 10:25:00,426.25,426.3500061035156,426.0,426.1409912109375,28530
2026-01-12 10:30:00,426.20001220703125,427.3999938964844,426.1000061035156,426.3999938964844,28762
2026-01-12 10:35:00,426.3999938964844,427.45001220703125,426.1000061035156,426.1000061035156,52804
2026-01-12 10:40:00,426.1000061035156,426.5,426.0,426.25,64037
2026-01-12 10:45:00,426.3479919433594,426.75,426.25,426.54998779296875,16558
2026-01-12 10:50:00,426.54998779296875,426.95001220703125,426.54998779296875,426.70001220703125,57966
2026-01-12 10:55:00,426.54998779296875,426.8500061035156,426.5,426.79998779296875,21859
2026-01-12 11:00:00,426.8999938964844,426.8999938964844,426.4469909667969,426.4469909667969,29798
2026-01-12 11:05:00,426.4245910644531,426.45001220703125,426.1000061035156,426.3999938964844,28108
2026-01-12 11:10:00,426.3999938964844,427.1000061035156,425.8500061035156,426.04998779296875,27184
2026-01-12 11:15:00,426.20001220703125,426.29998779296875,426.04998779296875,426.1000061035156,50368
2026-01-12 11:20:00,426.0,426.29998779296875,425.75,425.79998779296875,32434
2026-01-12 11:25:00,425.79998779296875,425.79998779296875,425.3500061035156,425.54998779296875,68831
2026-01-12 11:30:00,425.70001220703125,427.1499938964844,425.25,425.3999938964844,41319
2026-01-12 11:35:00,425.37548828125,426.8500061035156,425.1499938964844,425.45001220703125,39102
2026-01-12 11:40:00,425.5,426.6499938964844,425.20001220703125,425.29998779296875,49303
2026-01-12 11:45:00,425.3500061035156,426.8500061035156,425.29998779296875,425.70001220703125,53187
2026-01-12 11:50:00,425.70001220703125,426.75,425.3500061035156,425.79998779296875,37439
2026-01-12 11:55:00,427.3999938964844,427.3999938964844,425.45001220703125,425.70001220703125,94977
2026-01-12 12:00:00,425.70001220703125,425.8500061035156,425.29998779296875,425.5,59376
2026-01-12 12:05:00,426.0,426.0,425.1000061035156,425.1000061035156,94266
2026-01-12 12:10:00,425.20001220703125,425.29998779296875,425.0,425.02099609375,39693
2026-01-12 12:15:00,425.02099609375,425.25,424.6000061035156,425.25,74643
2026-01-12 12:20:00,425.1910095214844,425.5,425.04998779296875,425.29998779296875,76478
2026-01-12 12:25:00,425.29998779296875,425.3500061035156,425.1499938964844,425.3500061035156,5655
2026-01-12 12:30:00,425.3999938964844,425.79998779296875,425.375,425.55499267578125,61394
2026-01-12 12:35:00,425.6000061035156,425.79998779296875,425.1000061035156,425.1000061035156,13080
2026-01-12 12:40:00,425.6409912109375,425.8500061035156,424.8999938964844,425.8500061035156,22439
2026-01-12 12:45:00,425.79998779296875,425.95001220703125,425.4999084472656,425.54998779296875,45074
2026-01-12 12:50:00,425.5690002441406,426.0,425.5,426.0,69341
2026-01-12 12:55:00,425.95001220703125,426.04998779296875,425.8500061035156,425.95001220703125,44328
2026-01-12 13:00:00,425.8999938964844,426.25,425.20001220703125,425.6000061035156,31811
2026-01-12 13:05:00,425.54998779296875,425.75,425.3500061035156,425.5,28482
2026-01-12 13:10:00,425.54998779296875,425.54998779296875,425.29998779296875,425.3500061035156,104322
2026-01-12 13:15:00,425.29998779296875,425.3500061035156,425.0,425.04998779296875,22555
2026-01-12 13:20:00,425.1000061035156,425.25,425.04998779296875,425.1000061035156,46886
2026-01-12 13:25:00,425.0,425.1000061035156,424.8500061035156,425.0498962402344,46894
2026-01-12 13:30:00,425.1000061035156,425.1000061035156,424.70001220703125,424.8999938964844,74802
2026-01-12 13:35:00,424.8999938964844,425.70001220703125,424.7250061035156,425.0260009765625,37619
2026-01-12 13:40:00,425.1000061035156,425.20001220703125,424.70001220703125,424.8500061035156,45641
2026-01-12 13:45:00,424.7919921875,424.8500061035156,424.6000061035156,424.8500061035156,27759
2026-01-12 13:50:00,424.8890075683594,425.0,424.6000061035156,424.79998779296875,53132
2026-01-12 13:55:00,424.75,425.6000061035156,424.6000061035156,424.75,21866
2026-01-12 14:00:00,424.70001220703125,424.79998779296875,424.3999938964844,424.5920104980469,55341
2026-01-12 14:05:00,424.6499938964844,425.0,424.6000061035156,424.8999938964844,70811
2026-01-12 14:10:00,424.84100341796875,425.45001220703125,424.79998779296875,425.20001220703125,113038
2026-01-12 14:15:00,425.25,425.8999938964844,424.8500061035156,424.8999938964844,49263
2026-01-12 14:20:00,425.0,426.0,424.25,424.45001220703125,79889
2026-01-12 14:25:00,424.45001220703125,424.8500061035156,424.3500061035156,424.70001220703125,185005
2026-01-12 14:30:00,424.70001220703125,425.54998779296875,422.67498779296875,422.75,522240
2026-01-12 14:35:00,422.8247985839844,425.70001220703125,422.6000061035156,423.75,169895
2026-01-12 14:40:00,423.6000061035156,425.3500061035156,422.3999938964844,422.6499938964844,204938
2026-01-12 14:45:00,422.6499938964844,422.6499938964844,421.79998779296875,422.1000061035156,242693
2026-01-12 14:50:00,422.20001220703125,425.1000061035156,422.0,424.3999938964844,130030
2026-01-12 14:55:00,424.45001220703125,425.5,424.25,425.25,212286
2026-01-12 15:00:00,425.3999938964844,425.95001220703125,425.1499938964844,425.8999938964844,126080
2026-01-12 15:05:00,425.8999938964844,426.6470031738281,425.0,426.3999938964844,120896
2026-01-12 15:10:00,426.3500061035156,426.5,425.75,426.0,202322
2026-01-12 15:15:00,425.95001220703125,426.1000061035156,425.6000061035156,425.75,98019
2026-01-12 15:20:00,425.75,426.1000061035156,424.79998779296875,426.0,180442
2026-01-12 15:25:00,425.95001220703125,426.25,425.45001220703125,426.1000061035156,137870
2026-01-12 15:30:00,426.1000061035156,426.45001220703125,425.75,425.79998779296875,122016
2026-01-12 15:35:00,425.82501220703125,425.95001220703125,424.8500061035156,425.70001220703125,133897
2026-01-12 15:40:00,425.79998779296875,426.20001220703125,425.54998779296875,425.79998779296875,128750
2026-01-12 15:45:00,425.8500061035156,426.0,425.54998779296875,425.59100341796875,133646
2026-01-12 15:50:00,425.6499938964844,425.75,424.6499938964844,425.54998779296875,96187
2026-01-12 15:55:00,425.54998779296875,426.0,424.5,425.8999938964844,70174
2026-01-12 16:00:00,426.0,426.3500061035156,424.75,425.79998779296875,160715
2026-01-12 16:05:00,425.79998779296875,426.3500061035156,424.6499938964844,426.3500061035156,175542
2026-01-12 16:10:00,426.3999938964844,426.6499938964844,424.45001220703125,426.20001220703125,190295
2026-01-12 16:15:00,426.20001220703125,426.20001220703125,425.75,425.8999938964844,76538
2026-01-12 16:20:00,425.82501220703125,426.0,425.6499938964844,425.8999938964844,87885
2026-01-12 16:25:00,425.95001220703125,426.04998779296875,425.75,425.95001220703125,297245
2026-01-13 08:00:00,428.1499938964844,428.364013671875,427.1499938964844,427.70001220703125,0
2026-01-13 08:05:00,427.70001220703125,427.79998779296875,427.20001220703125,427.20001220703125,112454
2026-01-13 08:10:00,427.20001220703125,428.1000061035156,427.1499938964844,427.54998779296875,81862
2026-01-13 08:15:00,427.6499938964844,428.1000061035156,427.4122009277344,427.85101318359375,85474
2026-01-13 08:20:00,427.8999938964844,428.29998779296875,427.75,428.25,110760
2026-01-13 08:25:00,428.25,429.25,428.04998779296875,428.04998779296875,121530
2026-01-13 08:30:00,428.04998779296875,430.0,428.04998779296875,429.95001220703125,124958
2026-01-13 08:35:00,429.8999938964844,430.3999938964844,427.20001220703125,430.20001220703125,73426
2026-01-13 08:40:00,430.20001220703125,430.25,427.8999938964844,430.1499938964844,98427
2026-01-13 08:45:00,428.04998779296875,431.20001220703125,427.95001220703125,431.1499938964844,103909
2026-01-13 08:50:00,431.25,431.6409912109375,427.95001220703125,431.1000061035156,135762
2026-01-13 08:55:00,431.1499938964844,431.95001220703125,428.0,431.3999938964844,215613
2026-01-13 09:00:00,431.29998779296875,432.1000061035156,428.20001220703125,431.75,98184
2026-01-13 09:05:00,431.70001220703125,432.0,428.70001220703125,431.75,63517
2026-01-13 09:10:00,431.5,432.0,430.0,431.75,82892
2026-01-13 09:15:00,431.6000061035156,431.75,431.1499938964844,431.25,84653
2026-01-13 09:20:00,431.45001220703125,431.5,429.8999938964844,431.45001220703125,70195
2026-01-13 09:25:00,431.5,431.8999938964844,431.29998779296875,431.3909912109375,102911
2026-01-13 09:30:00,431.29998779296875,431.8999938964844,431.25,431.70001220703125,58293
2026-01-13 09:35:00,431.70001220703125,432.3500061035156,431.54998779296875,432.20001220703125,138594
2026-01-13 09:40:00,432.04998779296875,432.1000061035156,431.5,431.79998779296875,53380
2026-01-13 09:45:00,431.87078857421875,432.20001220703125,431.5,431.5220031738281,75600
2026-01-13 09:50:00,431.5,431.8500061035156,431.1346130371094,431.45001220703125,47894
2026-01-13 09:55:00,431.3500061035156,432.04998779296875,431.2909851074219,431.3999938964844,59553
2026-01-13 10:00:00,431.29998779296875,431.79998779296875,431.1499938964844,431.45001220703125,44102
2026-01-13 10:05:00,431.5,432.04998779296875,431.04998779296875,431.25,35294
2026-01-13 10:10:00,431.3500061035156,431.3500061035156,430.54998779296875,430.75,105912
2026-01-13 10:15:00,430.79998779296875,430.95001220703125,430.54998779296875,430.70001220703125,35735
2026-01-13 10:20:00,430.6499938964844,431.0,430.54998779296875,430.70001220703125,98768
2026-01-13 10:25:00,430.6000061035156,430.70001220703125,430.29998779296875,430.29998779296875,71938
2026-01-13 10:30:00,430.20001220703125,430.3999938964844,430.04998779296875,430.31219482421875,139026
2026-01-13 10:35:00,430.25,430.75,430.25,430.6000061035156,55450
2026-01-13 10:40:00,430.6499938964844,431.0,430.45001220703125,431.0,117615
2026-01-13 10:45:00,431.0,431.09490966796875,430.25,431.09490966796875,95828
2026-01-13 10:50:00,431.09210205078125,431.20001220703125,430.8500061035156,430.8500061035156,91346
2026-01-13 10:55:00,430.8999938964844,430.8999938964844,430.5,430.5,54584
2026-01-13 11:00:00,430.45001220703125,430.79998779296875,430.45001220703125,430.79998779296875,39787
2026-01-13 11:05:00,430.79998779296875,431.04998779296875,430.54998779296875,430.5880126953125,162097
2026-01-13 11:10:00,430.54998779296875,430.75,430.3500061035156,430.6000061035156,75897
2026-01-13 11:15:00,430.70001220703125,430.75,430.1499938964844,430.25,63775
2026-01-13 11:20:00,430.3500061035156,430.54998779296875,430.1000061035156,430.3500061035156,68760
2026-01-13 11:25:00,430.54998779296875,430.6499938964844,430.20001220703125,430.54998779296875,76923
2026-01-13 11:30:00,430.5260009765625,430.70001220703125,430.29998779296875,430.45001220703125,301263
2026-01-13 11:35:00,430.3999938964844,430.70001220703125,430.25,430.5,100837
2026-01-13 11:40:00,430.6000061035156,430.70001220703125,430.20001220703125,430.4551086425781,36445
2026-01-13 11:45:00,430.35400390625,430.3999938964844,430.25,430.25,62180
2026-01-13 11:50:00,430.45001220703125,430.45001220703125,430.04998779296875,430.04998779296875,94043
2026-01-13 11:55:00,430.1499938964844,430.3999938964844,430.04998779296875,430.04998779296875,71734
2026-01-13 12:00:00,430.0,430.1499938964844,429.75,430.1499938964844,53178
2026-01-13 12:05:00,430.1000061035156,430.3999938964844,430.0,430.25,90108
2026-01-13 12:10:00,430.29998779296875,430.3999938964844,430.20001220703125,430.20001220703125,56409
2026-01-13 12:15:00,430.1499938964844,430.25,429.8999938964844,429.95001220703125,28967
2026-01-13 12:20:00,429.9460144042969,430.0,429.70001220703125,429.70111083984375,207439
2026-01-13 12:25:00,429.6499938964844,429.70001220703125,429.29998779296875,429.45001220703125,30371
2026-01-13 12:30:00,429.54998779296875,430.04998779296875,429.5409851074219,430.04998779296875,41924
2026-01-13 12:35:00,430.0,430.0,429.79998779296875,429.8999938964844,29803
2026-01-13 12:40:00,429.8999938964844,430.0,429.6000061035156,429.6000061035156,42195
2026-01-13 12:45:00,429.6000061035156,429.95001220703125,429.54998779296875,429.8550109863281,12810
2026-01-13 12:50:00,429.8999938964844,430.04998779296875,429.5,429.70001220703125,72695
2026-01-13 12:55:00,429.70001220703125,429.79998779296875,429.5,429.7275085449219,57641
2026-01-13 13:00:00,429.70001220703125,430.5,429.54998779296875,429.8500061035156,21089
2026-01-13 13:05:00,429.8500061035156,429.85211181640625,429.1000061035156,429.1000061035156,70259
2026-01-13 13:10:00,430.70001220703125,430.70001220703125,429.0,429.20001220703125,68757
2026-01-13 13:15:00,429.1499938964844,429.79998779296875,429.1000061035156,429.70001220703125,44725
2026-01-13 13:20:00,429.75,429.79998779296875,429.3999938964844,429.70001220703125,21922
2026-01-13 13:25:00,429.6000061035156,429.6499938964844,429.3500061035156,429.5,31150
2026-01-13 13:30:00,429.54998779296875,429.6000061035156,428.8500061035156,429.1499938964844,71077
2026-01-13 13:35:00,429.04998779296875,430.5,428.2250061035156,428.29998779296875,118918
2026-01-13 13:40:00,428.29998779296875,430.6499938964844,427.75,428.45001220703125,104433
2026-01-13 13:45:00,428.3999938964844,428.79998779296875,428.25,428.70001220703125,73289
2026-01-13 13:50:00,428.70001220703125,430.3500061035156,427.8500061035156,430.29998779296875,65760
2026-01-13 13:55:00,428.0,428.0,427.6499938964844,427.70001220703125,38314
2026-01-13 14:00:00,427.79998779296875,429.95001220703125,427.75,427.95001220703125,44123
2026-01-13 14:05:00,427.95001220703125,429.8500061035156,427.25,427.25,52272
2026-01-13 14:10:00,427.20001220703125,430.25,427.1499938964844,427.6499938964844,82289
2026-01-13 14:15:00,427.6000061035156,430.3999938964844,426.8999938964844,427.1000061035156,3538493
2026-01-13 14:20:00,427.1000061035156,430.1000061035156,427.04998779296875,427.45001220703125,87204
2026-01-13 14:25:00,427.3500061035156,429.3999938964844,427.20001220703125,428.6000061035156,145157
2026-01-13 14:30:00,428.54998779296875,430.0,427.8500061035156,429.1499938964844,293556
2026-01-13 14:35:00,428.95001220703125,429.95001220703125,428.75,429.54998779296875,207547
2026-01-13 14:40:00,429.54998779296875,434.1499938964844,429.5,433.29998779296875,1472306
2026-01-13 14:45:00,433.29998779296875,434.8999938964844,428.0,434.6499938964844,478523
2026-01-13 14:50:00,434.3999938964844,434.8999938964844,433.8999938964844,434.75,221554
2026-01-13 14:55:00,434.75,435.20001220703125,433.5,434.25,317158
2026-01-13 15:00:00,434.20001220703125,434.29998779296875,433.04998779296875,433.45001220703125,201602
2026-01-13 15:05:00,433.3500061035156,433.6440124511719,432.6000061035156,433.0,258308
2026-01-13 15:10:00,433.0,433.20001220703125,432.6000061035156,433.1499938964844,285501
2026-01-13 15:15:00,433.20001220703125,433.75,432.8999938964844,433.20001220703125,136177
2026-01-13 15:20:00,433.1499938964844,433.20001220703125,432.54998779296875,433.1000061035156,200535
2026-01-13 15:25:00,433.1499938964844,433.54998779296875,432.7961120605469,432.7961120605469,146327
2026-01-13 15:30:00,432.75,433.25,432.75,433.04998779296875,121559
2026-01-13 15:35:00,433.1000061035156,434.3999938964844,433.04998779296875,434.3999938964844,201702
2026-01-13 15:40:00,434.3500061035156,435.20001220703125,434.1499938964844,435.1499938964844,211165
2026-01-13 15:45:00,435.29998779296875,436.3500061035156,429.6499938964844,436.3500061035156,258555
2026-01-13 15:50:00,436.25,436.6499938964844,435.6000061035156,435.70001220703125,270778
2026-01-13 15:55:00,435.79998779296875,436.29998779296875,429.70001220703125,435.8999938964844,204527
2026-01-13 16:00:00,435.8999938964844,436.25,435.5,436.17498779296875,224964
2026-01-13 16:05:00,436.20001220703125,436.510009765625,429.1499938964844,436.29998779296875,187997
2026-01-13 16:10:00,436.29998779296875,436.3500061035156,429.5,436.29998779296875,219617
2026-01-13 16:15:00,436.20001220703125,436.25,429.54998779296875,435.79998779296875,194007
2026-01-13 16:20:00,435.95001220703125,437.20001220703125,435.92401123046875,436.7250061035156,525291
2026-01-13 16:25:00,436.75,436.79998779296875,429.1000061035156,436.1499938964844,252382
2026-01-14 08:00:00,432.5,434.5,432.5,433.6499938964844,0
2026-01-14 08:05:00,433.6499938964844,434.45001220703125,433.1000061035156,433.75,260058
2026-01-14 08:10:00,434.29998779296875,434.8999938964844,432.8500061035156,433.04998779296875,238516
2026-01-14 08:15:00,433.04998779296875,433.3999938964844,432.1000061035156,432.1000061035156,194210
2026-01-14 08:20:00,433.25,433.29998779296875,432.0989990234375,432.5,133356
2026-01-14 08:25:00,432.70001220703125,433.29998779296875,432.04998779296875,433.1000061035156,108705
2026-01-14 08:30:00,432.79998779296875,433.25,432.04998779296875,432.04998779296875,125761
2026-01-14 08:35:00,432.79998779296875,432.79998779296875,431.95001220703125,432.1499938964844,41505
2026-01-14 08:40:00,432.20001220703125,432.8500061035156,431.75,432.0889892578125,53951
2026-01-14 08:45:00,432.1499938964844,432.3500061035156,431.57501220703125,431.75,119416
2026-01-14 08:50:00,431.70001220703125,432.8500061035156,431.6000061035156,431.78271484375,137564
2026-01-14 08:55:00,431.75,432.3999938964844,430.25,430.25,304898
2026-01-14 09:00:00,430.29998779296875,431.1499938964844,430.1000061035156,430.6499938964844,292273
2026-01-14 09:05:00,430.6000061035156,430.8500061035156,430.25,430.5039978027344,96195
2026-01-14 09:10:00,430.6499938964844,430.6499938964844,429.75,430.1499938964844,146500
2026-01-14 09:15:00,430.1000061035156,430.25,429.54998779296875,430.1499938964844,77934
2026-01-14 09:20:00,430.1499938964844,430.29998779296875,429.8500061035156,430.04998779296875,74920
2026-01-14 09:25:00,429.95001220703125,430.1499938964844,429.57000732421875,430.04998779296875,125206
2026-01-14 09:30:00,430.04998779296875,430.1000061035156,429.3500061035156,429.6000061035156,67961
2026-01-14 09:35:00,429.45001220703125,430.36199951171875,429.3500061035156,430.36199951171875,80481
2026-01-14 09:40:00,430.3500061035156,430.5,430.1499938964844,430.29998779296875,61150
2026-01-14 09:45:00,430.29998779296875,431.04998779296875,430.29901123046875,430.83599853515625,100802
2026-01-14 09:50:00,430.95001220703125,431.4129943847656,430.8500061035156,431.3999938964844,109817
2026-01-14 09:55:00,431.45001220703125,431.8500061035156,431.04998779296875,431.1499938964844,155951
2026-01-14 10:00:00,431.20001220703125,431.45001220703125,431.0,431.20001220703125,83609
2026-01-14 10:05:00,431.20001220703125,431.3500061035156,430.79998779296875,431.20001220703125,79967
2026-01-14 10:10:00,431.3500061035156,431.95001220703125,431.2919921875,431.95001220703125,146213
2026-01-14 10:15:00,431.92498779296875,432.75,431.70001220703125,432.6000061035156,111037
2026-01-14 10:20:00,432.5,432.95001220703125,432.04998779296875,432.3999938964844,190910
2026-01-14 10:25:00,432.95001220703125,433.1499938964844,432.3999938964844,432.8500061035156,59936
2026-01-14 10:30:00,432.7961120605469,432.8500061035156,432.1000061035156,432.25,101152
2026-01-14 10:35:00,432.25,432.75299072265625,432.25,432.75,60286
2026-01-14 10:40:00,432.75,433.17401123046875,432.6499938964844,433.04998779296875,74851
2026-01-14 10:45:00,432.8999938964844,433.04998779296875,432.70001220703125,432.8999938964844,51647
2026-01-14 10:50:00,432.75,434.29998779296875,432.6000061035156,434.25,115847
2026-01-14 10:55:00,434.20001220703125,434.54998779296875,432.45001220703125,434.3500061035156,104063
2026-01-14 11:00:00,434.04998779296875,434.25,433.8500061035156,434.0255126953125,56997
2026-01-14 11:05:00,434.1000061035156,434.1000061035156,433.3999938964844,433.3999938964844,77323
2026-01-14 11:10:00,433.51800537109375,434.1499938964844,433.3999938964844,434.1499938964844,36861
2026-01-14 11:15:00,434.11810302734375,434.17498779296875,433.3500061035156,433.45001220703125,63092
2026-01-14 11:20:00,433.56298828125,433.8500061035156,433.45001220703125,433.70599365234375,43620
2026-01-14 11:25:00,433.8500061035156,433.85589599609375,433.54998779296875,433.6000061035156,39221
2026-01-14 11:30:00,433.8999938964844,434.0,433.5,433.6499938964844,55018
2026-01-14 11:35:00,433.8999938964844,434.25,433.7950134277344,434.1000061035156,50012
2026-01-14 11:40:00,434.1000061035156,434.79998779296875,434.0,434.79998779296875,44803
2026-01-14 11:45:00,434.75,434.8999938964844,434.3680114746094,434.5,157169
2026-01-14 11:50:00,434.54998779296875,434.6050109863281,434.25,434.5,65553
2026-01-14 11:55:00,434.5,434.54998779296875,434.1000061035156,434.20001220703125,84981
2026-01-14 12:00:00,434.1499938964844,434.3999938964844,433.3500061035156,433.3500061035156,52795
2026-01-14 12:05:00,433.3500061035156,433.5,433.1000061035156,433.5,54605
2026-01-14 12:10:00,433.5,433.6499938964844,433.3500061035156,433.3529968261719,260856
2026-01-14 12:15:00,433.54998779296875,433.8500061035156,433.3999938964844,433.75,74332
2026-01-14 12:20:00,433.8500061035156,434.04998779296875,433.5,433.79998779296875,64435
2026-01-14 12:25:00,433.79998779296875,433.95001220703125,433.70001220703125,433.8500061035156,25425
2026-01-14 12:30:00,433.75,433.79998779296875,433.29998779296875,433.6499938964844,47188
2026-01-14 12:35:00,433.6499938964844,433.79998779296875,433.3500061035156,433.5,416425
2026-01-14 12:40:00,433.45001220703125,433.45001220703125,432.8999938964844,433.0,50821
2026-01-14 12:45:00,432.8999938964844,433.29998779296875,432.79998779296875,433.1449890136719,57362
2026-01-14 12:50:00,433.0,433.45001220703125,433.0,433.25,37706
2026-01-14 12:55:00,433.1000061035156,434.1000061035156,433.0,434.04998779296875,35896
2026-01-14 13:00:00,434.1000061035156,434.45001220703125,433.95001220703125,434.29998779296875,106487
2026-01-14 13:05:00,434.25,434.6000061035156,433.25,433.95001220703125,55985
2026-01-14 13:10:00,433.8500061035156,434.29998779296875,433.8500061035156,434.25,21381
2026-01-14 13:15:00,434.1499938964844,434.79998779296875,434.04998779296875,434.1499938964844,102758
2026-01-14 13:20:00,434.3500061035156,434.6499938964844,434.3500061035156,434.5299987792969,89141
2026-01-14 13:25:00,434.5799865722656,434.6099853515625,434.3999938964844,434.54998779296875,68406
2026-01-14 13:30:00,434.54998779296875,435.3999938964844,434.5,435.1499938964844,156658
2026-01-14 13:35:00,435.1499938964844,435.3500061035156,434.1499938964844,434.1499938964844,278638
2026-01-14 13:40:00,434.1499938964844,434.25,433.79998779296875,434.0,48720
2026-01-14 13:45:00,434.0,434.0,433.79998779296875,433.79998779296875,34900
2026-01-14 13:50:00,433.8500061035156,433.8500061035156,433.07501220703125,433.1499938964844,92055
2026-01-14 13:55:00,433.20001220703125,433.70001220703125,433.1000061035156,433.5599060058594,48845
2026-01-14 14:00:00,433.55999755859375,433.75,433.1000061035156,433.1000061035156,143315
2026-01-14 14:05:00,433.25,433.3999938964844,433.1000061035156,433.29998779296875,60721
2026-01-14 14:10:00,433.0,433.3699951171875,432.8500061035156,433.04901123046875,73768
2026-01-14 14:15:00,432.75,432.75,432.45001220703125,432.54998779296875,41987
2026-01-14 14:20:00,432.6000061035156,432.79998779296875,432.1499938964844,432.45001220703125,46419
2026-01-14 14:25:00,432.3999938964844,433.3500061035156,432.20001220703125,433.1499938964844,214912
2026-01-14 14:30:00,433.0,435.54998779296875,432.6499938964844,435.3500061035156,1372520
2026-01-14 14:35:00,435.5,437.75,435.32000732421875,437.6499938964844,955771
2026-01-14 14:40:00,437.70001220703125,440.0,434.0,439.79998779296875,1482624
2026-01-14 14:45:00,439.79998779296875,440.0,438.70001220703125,438.8500061035156,1028983
2026-01-14 14:50:00,438.8500061035156,441.20001220703125,438.8450012207031,441.1000061035156,850896
2026-01-14 14:55:00,441.04998779296875,442.6000061035156,432.5,442.1000061035156,3596640
2026-01-14 15:00:00,442.1499938964844,443.1499938964844,442.0,442.5,726049
2026-01-14 15:05:00,442.6000061035156,443.0,434.95001220703125,441.75,389460
2026-01-14 15:10:00,441.70001220703125,442.3500061035156,440.45001220703125,441.54998779296875,755741
2026-01-14 15:15:00,441.6499938964844,442.20001220703125,441.25,441.6499938964844,595446
2026-01-14 15:20:00,441.6499938964844,442.29998779296875,440.95001220703125,441.5,426953
2026-01-14 15:25:00,441.5,442.3999938964844,441.45001220703125,442.25,304672
2026-01-14 15:30:00,442.29998779296875,442.3999938964844,441.54998779296875,441.75,348642
2026-01-14 15:35:00,441.79998779296875,441.95001220703125,439.5,440.2969970703125,652035
2026-01-14 15:40:00,440.25201416015625,441.25,440.25201416015625,440.95001220703125,409730
2026-01-14 15:45:00,440.8500061035156,441.4590148925781,435.8999938964844,441.1000061035156,440752
2026-01-14 15:50:00,441.0,441.1000061035156,439.1000061035156,440.6000061035156,383316
2026-01-14 15:55:00,440.5,441.45001220703125,438.95001220703125,441.25,333110
2026-01-14 16:00:00,441.20001220703125,441.6000061035156,441.0,441.0,297751
2026-01-14 16:05:00,441.1000061035156,441.95001220703125,440.5,441.8999938964844,217547
2026-01-14 16:10:00,441.9129943847656,442.70001220703125,440.0,442.04998779296875,499375
2026-01-14 16:15:00,440.1499938964844,442.5,440.04998779296875,441.79998779296875,159723
2026-01-14 16:20:00,441.7300109863281,442.6499938964844,441.6000061035156,442.29998779296875,247567
2026-01-14 16:25:00,442.25,442.8999938964844,441.7330017089844,442.79998779296875,1265436
2026-01-15 08:00:00,439.0,440.25,433.45001220703125,434.1000061035156,0
2026-01-15 08:05:00,434.04998779296875,438.3500061035156,433.29998779296875,434.75,222088
2026-01-15 08:10:00,438.3500061035156,438.3500061035156,432.8500061035156,433.0,253021
2026-01-15 08:15:00,433.0,438.29998779296875,432.75,433.8500061035156,121622
2026-01-15 08:20:00,433.8500061035156,438.1000061035156,432.79998779296875,432.95001220703125,127587
2026-01-15 08:25:00,432.8999938964844,434.45001220703125,432.8500061035156,433.75,139077
2026-01-15 08:30:00,433.8999938964844,434.0,433.04998779296875,433.45001220703125,136741
2026-01-15 08:35:00,433.6000061035156,433.6499938964844,431.75,431.95001220703125,246117
2026-01-15 08:40:00,431.6000061035156,432.25,431.3999938964844,431.95001220703125,256766
2026-01-15 08:45:00,431.95001220703125,433.4880065917969,431.95001220703125,432.20001220703125,143090
2026-01-15 08:50:00,432.29998779296875,433.6000061035156,432.29998779296875,433.5,159455
2026-01-15 08:55:00,433.45001220703125,434.6499938964844,433.1499938964844,434.6499938964844,153620
2026-01-15 09:00:00,434.6000061035156,435.54998779296875,432.95001220703125,434.6499938964844,439726
2026-01-15 09:05:00,434.7569885253906,435.8500061035156,432.95001220703125,433.1000061035156,151655
2026-01-15 09:10:00,435.54998779296875,435.8500061035156,433.0,435.54998779296875,96345
2026-01-15 09:15:00,435.29998779296875,435.54998779296875,432.95001220703125,435.15020751953125,54359
2026-01-15 09:20:00,435.0570068359375,435.79998779296875,434.8999938964844,435.6499938964844,57667
2026-01-15 09:25:00,435.75,436.20001220703125,435.20001220703125,436.20001220703125,116726
2026-01-15 09:30:00,436.25,436.3999938964844,435.8500061035156,436.1499938964844,104096
2026-01-15 09:35:00,436.25,436.25,435.5,435.6499938964844,69168
2026-01-15 09:40:00,435.6499938964844,435.70001220703125,435.1499938964844,435.5,88697
2026-01-15 09:45:00,435.5,435.6000061035156,432.95001220703125,435.0,104814
2026-01-15 09:50:00,434.6000061035156,434.8500061035156,433.29998779296875,434.1000061035156,71021
2026-01-15 09:55:00,434.1000061035156,434.5,431.45001220703125,434.20001220703125,125890
2026-01-15 10:00:00,434.1499938964844,434.3500061035156,431.79998779296875,434.1000061035156,69275
2026-01-15 10:05:00,434.1499938964844,434.3999938964844,432.8500061035156,434.25,113863
2026-01-15 10:10:00,434.2330017089844,434.3080139160156,434.0,434.0,103842
2026-01-15 10:15:00,433.95001220703125,433.95001220703125,433.25,433.5880126953125,41207
2026-01-15 10:20:00,433.70001220703125,434.2160949707031,433.70001220703125,433.95001220703125,50102
2026-01-15 10:25:00,433.95001220703125,435.0,433.6000061035156,433.8940124511719,241654
2026-01-15 10:30:00,434.04998779296875,434.20001220703125,433.6499938964844,433.8999938964844,75975
2026-01-15 10:35:00,433.8500061035156,434.0,433.6448974609375,433.6499938964844,106458
2026-01-15 10:40:00,433.70001220703125,434.95001220703125,433.5,433.75,85478
2026-01-15 10:45:00,433.75,436.20001220703125,433.6000061035156,433.95001220703125,158953
2026-01-15 10:50:00,434.04998779296875,435.54998779296875,433.8500061035156,434.29998779296875,130149
2026-01-15 10:55:00,434.1600036621094,435.70001220703125,433.6000061035156,433.6000061035156,114805
2026-01-15 11:00:00,434.8999938964844,434.8999938964844,433.70001220703125,434.70001220703125,91808
2026-01-15 11:05:00,434.70001220703125,435.25,434.04998779296875,435.1210021972656,104195
2026-01-15 11:10:00,435.04998779296875,435.1000061035156,433.70001220703125,434.75,90966
2026-01-15 11:15:00,434.54998779296875,434.95001220703125,433.8500061035156,434.6000061035156,66082
2026-01-15 11:20:00,434.54998779296875,434.8999938964844,434.5,434.54998779296875,285648
2026-01-15 11:25:00,434.6000061035156,435.1499938964844,434.25,434.4460144042969,87706
2026-01-15 11:30:00,434.44500732421875,434.8999938964844,434.1000061035156,434.75,203315
2026-01-15 11:35:00,434.8500061035156,435.0,434.5,434.6499938964844,425716
2026-01-15 11:40:00,434.75,435.29998779296875,434.75,435.17181396484375,122569
2026-01-15 11:45:00,435.1000061035156,435.5,435.1000061035156,435.5,55385
2026-01-15 11:50:00,435.11199951171875,435.75,434.29998779296875,435.125,265246
2026-01-15 11:55:00,435.04998779296875,435.6499938964844,434.29998779296875,435.6000061035156,793119
2026-01-15 12:00:00,435.5,435.6499938964844,434.29998779296875,434.5,102431
2026-01-15 12:05:00,434.5,435.6000061035156,434.1499938964844,434.20001220703125,47757
2026-01-15 12:10:00,434.24798583984375,434.70001220703125,434.1000061035156,434.70001220703125,46147
2026-01-15 12:15:00,434.70001220703125,434.75,434.1000061035156,434.5,88139
2026-01-15 12:20:00,434.3999938964844,434.6499938964844,434.0,434.25,73754
2026-01-15 12:25:00,434.20001220703125,434.7549133300781,433.95001220703125,434.20001220703125,1440585
2026-01-15 12:30:00,434.29998779296875,434.3999938964844,433.8739929199219,433.8739929199219,86401
2026-01-15 12:35:00,434.0,439.0,433.45001220703125,433.70001220703125,9403294
2026-01-15 12:40:00,433.70001220703125,433.70001220703125,432.95001220703125,433.1499938964844,387151
2026-01-15 12:45:00,433.1499938964844,433.20001220703125,432.0,432.6499938964844,305417
2026-01-15 12:50:00,432.6499938964844,433.1000061035156,432.60101318359375,432.95001220703125,43834
2026-01-15 12:55:00,432.8999938964844,433.45001220703125,432.79998779296875,432.8500061035156,137337
2026-01-15 13:00:00,432.75,433.0,432.6499938964844,432.79998779296875,56227
2026-01-15 13:05:00,432.6000061035156,433.0,432.54998779296875,432.70001220703125,72309
2026-01-15 13:10:00,432.75,432.8500061035156,432.45001220703125,432.6000061035156,44011
2026-01-15 13:15:00,432.54998779296875,432.6499938964844,432.1000061035156,432.1000061035156,75427
2026-01-15 13:20:00,432.1499938964844,432.3500061035156,431.54998779296875,431.70001220703125,83482
2026-01-15 13:25:00,431.6499938964844,432.5,431.6499938964844,432.3500061035156,115725
2026-01-15 13:30:00,432.3500061035156,432.70001220703125,431.70001220703125,432.6000061035156,283528
2026-01-15 13:35:00,432.5400085449219,433.0,432.3500061035156,432.3500061035156,62402
2026-01-15 13:40:00,432.4397888183594,432.95001220703125,432.4397888183594,432.75,1379537
2026-01-15 13:45:00,432.75,432.95001220703125,432.3500061035156,432.5,115843
2026-01-15 13:50:00,432.5,432.6000061035156,432.29998779296875,432.54998779296875,82068
2026-01-15 13:55:00,432.5,432.95001220703125,432.3500061035156,432.8500061035156,102981
2026-01-15 14:00:00,432.8999938964844,433.0,432.5,432.6499938964844,386805
2026-01-15 14:05:00,432.54998779296875,432.8500061035156,432.5,432.70001220703125,74884
2026-01-15 14:10:00,432.70001220703125,433.3999938964844,432.3999938964844,432.5,313853
2026-01-15 14:15:00,432.54998779296875,432.70001220703125,431.82659912109375,431.95001220703125,96712
2026-01-15 14:20:00,431.9289855957031,432.54998779296875,431.79998779296875,432.4010925292969,160843
2026-01-15 14:25:00,432.54998779296875,433.45001220703125,432.04998779296875,433.25,279038
2026-01-15 14:30:00,433.54998779296875,433.8999938964844,432.20001220703125,432.20001220703125,637242
2026-01-15 14:35:00,432.3500061035156,434.45001220703125,432.1000061035156,433.8500061035156,2601499
2026-01-15 14:40:00,433.8999938964844,434.8999938964844,433.8099060058594,434.0,851389
2026-01-15 14:45:00,434.0,435.0,433.3999938964844,434.79998779296875,424098
2026-01-15 14:50:00,434.6499938964844,435.95001220703125,434.6000061035156,435.95001220703125,484021
2026-01-15 14:55:00,435.95001220703125,437.54998779296875,432.5,437.5,287228
2026-01-15 15:00:00,437.5,438.70001220703125,432.8500061035156,438.0,403816
2026-01-15 15:05:00,437.95001220703125,438.75,437.8999938964844,438.6499938964844,392434
2026-01-15 15:10:00,438.70001220703125,438.70001220703125,432.3999938964844,437.25,393006
2026-01-15 15:15:00,437.20001220703125,437.5,432.70001220703125,437.04998779296875,507049
2026-01-15 15:20:00,436.95001220703125,437.29998779296875,436.54998779296875,436.6000061035156,165689
2026-01-15 15:25:00,436.6000061035156,437.33099365234375,432.3999938964844,436.3500061035156,198098
2026-01-15 15:30:00,436.2799987792969,436.3500061035156,432.5,436.04998779296875,335144
2026-01-15 15:35:00,436.04998779296875,436.3999938964844,432.45001220703125,436.29998779296875,305991
2026-01-15 15:40:00,436.3999938964844,437.3500061035156,432.54998779296875,437.1000061035156,496107
2026-01-15 15:45:00,437.1499938964844,437.75,432.29998779296875,437.45001220703125,353802
2026-01-15 15:50:00,437.75,437.8999938964844,437.45001220703125,437.8999938964844,216758
2026-01-15 15:55:00,437.8999938964844,438.45098876953125,437.70001220703125,437.95001220703125,295943
2026-01-15 16:00:00,437.9540100097656,438.5,437.3500061035156,437.45001220703125,529722
2026-01-15 16:05:00,437.3999938964844,438.0,437.3500061035156,437.8999938964844,535854
2026-01-15 16:10:00,437.8999938964844,437.95001220703125,437.45001220703125,437.7510070800781,357755
2026-01-15 16:15:00,437.70001220703125,438.04998779296875,433.75,438.0,343074
2026-01-15 16:20:00,438.0,438.54998779296875,432.75,437.95001220703125,529366
2026-01-15 16:25:00,437.95001220703125,438.70001220703125,432.8500061035156,438.54998779296875,575402
2026-01-16 08:00:00,436.45001220703125,437.49798583984375,434.54998779296875,435.864990234375,0
2026-01-16 08:05:00,435.8699035644531,437.54998779296875,435.3500061035156,435.8999938964844,187434
2026-01-16 08:10:00,437.04998779296875,437.54998779296875,433.6000061035156,434.29998779296875,191751
2026-01-16 08:15:00,434.29998779296875,437.54998779296875,433.79998779296875,434.70001220703125,291383
2026-01-16 08:20:00,434.6000061035156,435.45001220703125,434.6000061035156,435.45001220703125,112576
2026-01-16 08:25:00,435.54998779296875,435.75,435.1000061035156,435.70001220703125,93817
2026-01-16 08:30:00,435.6000061035156,435.70001220703125,433.8999938964844,435.3999938964844,57348
2026-01-16 08:35:00,435.4880065917969,435.54998779296875,434.0,435.29998779296875,47078
2026-01-16 08:40:00,435.3999938964844,435.70001220703125,434.95001220703125,435.1499938964844,79545
2026-01-16 08:45:00,435.04998779296875,435.6000061035156,434.6499938964844,435.25,74455
2026-01-16 08:50:00,435.29998779296875,435.8999938964844,435.0,435.75,106441
2026-01-16 08:55:00,435.8500061035156,436.1000061035156,435.0,435.20001220703125,93198
2026-01-16 09:00:00,435.25,436.95001220703125,434.8500061035156,434.8500061035156,293827
2026-01-16 09:05:00,435.1499938964844,437.8999938964844,435.1000061035156,437.7250061035156,129980
2026-01-16 09:10:00,437.70001220703125,438.79998779296875,437.5,438.79998779296875,142820
2026-01-16 09:15:00,438.79998779296875,438.79998779296875,437.8999938964844,438.0,118322
2026-01-16 09:20:00,437.8999938964844,438.3999938964844,437.8500061035156,438.1499938964844,42636
2026-01-16 09:25:00,438.25,438.54998779296875,438.0,438.20001220703125,65793
2026-01-16 09:30:00,438.25,438.54998779296875,437.95001220703125,437.95001220703125,81333
2026-01-16 09:35:00,438.0,438.29998779296875,437.8500061035156,438.1499938964844,33265
2026-01-16 09:40:00,438.29998779296875,438.54998779296875,438.25,438.45001220703125,80164
2026-01-16 09:45:00,438.6000061035156,438.75,438.3999938964844,438.45001220703125,91272
2026-01-16 09:50:00,438.45001220703125,438.75,438.364013671875,438.75,80426
2026-01-16 09:55:00,438.6000061035156,438.79998779296875,438.3789978027344,438.45001220703125,132229
2026-01-16 10:00:00,438.5,438.70001220703125,438.3999938964844,438.56201171875,21474
2026-01-16 10:05:00,438.6000061035156,438.79998779296875,438.54998779296875,438.75,87440
2026-01-16 10:10:00,438.6000061035156,438.6000061035156,438.6000061035156,438.6000061035156,205
2026-01-16 10:15:00,439.3999938964844,439.79998779296875,438.6000061035156,439.6499938964844,4569466
2026-01-16 10:20:00,439.6000061035156,439.8999938964844,439.20001220703125,439.6499938964844,253177
2026-01-16 10:25:00,439.75,439.8999938964844,439.6499938964844,439.6700134277344,92896
2026-01-16 10:30:00,439.70001220703125,440.0,439.6000061035156,439.75,297489
2026-01-16 10:35:00,439.6910095214844,440.6499938964844,439.6000061035156,440.6000061035156,198792
2026-01-16 10:40:00,440.6499938964844,440.79998779296875,440.54998779296875,440.6000061035156,97825
2026-01-16 10:45:00,440.6000061035156,440.8999938964844,440.45001220703125,440.70001220703125,135884
2026-01-16 10:50:00,440.6130065917969,441.1499938964844,440.3999938964844,441.04998779296875,328377
2026-01-16 10:55:00,441.04998779296875,441.25,440.8500061035156,441.0,286861
2026-01-16 11:00:00,440.95001220703125,441.20001220703125,440.6499938964844,440.8999938964844,170121
2026-01-16 11:05:00,440.79998779296875,440.79998779296875,440.1000061035156,440.6000061035156,50059
2026-01-16 11:10:00,440.5,440.8999938964844,440.45001220703125,440.79998779296875,105796
2026-01-16 11:15:00,440.79998779296875,441.0379943847656,440.70001220703125,441.0,309794
2026-01-16 11:20:00,440.968994140625,441.1499938964844,440.79998779296875,440.79998779296875,322173
2026-01-16 11:25:00,440.822998046875,441.04998779296875,440.70001220703125,440.8999938964844,76058
2026-01-16 11:30:00,440.95001220703125,441.0,440.6499938964844,440.79998779296875,76432
2026-01-16 11:35:00,440.77801513671875,440.8500061035156,440.25,440.54998779296875,53022
2026-01-16 11:40:00,440.5,440.5,440.04998779296875,440.1000061035156,88315
2026-01-16 11:45:00,440.20001220703125,440.20001220703125,439.8500061035156,439.9750061035156,65571
2026-01-16 11:50:00,440.0,440.1000061035156,439.5,439.6000061035156,110979
2026-01-16 11:55:00,439.6000061035156,439.8500061035156,439.6000061035156,439.79998779296875,50302
2026-01-16 12:00:00,439.70001220703125,439.70001220703125,439.0,439.04998779296875,26513
2026-01-16 12:05:00,439.20001220703125,439.75,439.20001220703125,439.54998779296875,55262
2026-01-16 12:10:00,439.54998779296875,440.04998779296875,439.54998779296875,439.95001220703125,186163
2026-01-16 12:15:00,439.8948974609375,440.6000061035156,439.8948974609375,440.6000061035156,100600
2026-01-16 12:20:00,440.6499938964844,440.75,440.3500061035156,440.3999938964844,49593
2026-01-16 12:25:00,440.3999938964844,440.3999938964844,440.125,440.1499938964844,46548
2026-01-16 12:30:00,440.1000061035156,440.6499938964844,440.0,440.5,142363
2026-01-16 12:35:00,440.6499938964844,440.70001220703125,440.3999938964844,440.45001220703125,50306
2026-01-16 12:40:00,440.3999938964844,440.54998779296875,439.8500061035156,439.8999938964844,72742
2026-01-16 12:45:00,439.9280090332031,440.1499938964844,439.4570007324219,439.54998779296875,66430
2026-01-16 12:50:00,439.6499938964844,440.0,439.4280090332031,439.75,36316
2026-01-16 12:55:00,439.8299865722656,439.95001220703125,439.29998779296875,439.3999938964844,23337
2026-01-16 13:00:00,439.3500061035156,439.6499938964844,439.1000061035156,439.45001220703125,105080
2026-01-16 13:05:00,439.5,439.6000061035156,439.25,439.3999938964844,61333
2026-01-16 13:10:00,439.4400939941406,439.8999938964844,439.4400939941406,439.79998779296875,55878
2026-01-16 13:15:00,439.8500061035156,440.04998779296875,439.75,440.04998779296875,15152
2026-01-16 13:20:00,439.95001220703125,439.95001220703125,439.6499938964844,439.70001220703125,37734
2026-01-16 13:25:00,439.62799072265625,439.8500061035156,439.6000061035156,439.760009765625,62729
2026-01-16 13:30:00,439.8999938964844,440.04998779296875,439.79998779296875,440.04998779296875,51309
2026-01-16 13:35:00,440.04998779296875,440.04998779296875,439.75,439.8905944824219,47088
2026-01-16 13:40:00,439.8999938964844,439.95001220703125,439.6499938964844,439.75,53178
2026-01-16 13:45:00,439.75,439.75,439.3999938964844,439.3999938964844,23889
2026-01-16 13:50:00,439.5,439.6000061035156,439.08349609375,439.08349609375,60026
2026-01-16 13:55:00,439.04998779296875,439.6499938964844,439.04998779296875,439.6000061035156,25636
2026-01-16 14:00:00,439.5,439.54998779296875,438.8999938964844,438.9949035644531,58223
2026-01-16 14:05:00,439.04998779296875,439.6499938964844,439.0,439.6499938964844,43931
2026-01-16 14:10:00,439.6000061035156,440.0,439.54998779296875,439.8500061035156,80477
2026-01-16 14:15:00,439.8999938964844,440.25,439.70001220703125,440.0249938964844,166569
2026-01-16 14:20:00,440.0,440.0,439.5379943847656,439.9307861328125,55896
2026-01-16 14:25:00,439.8500061035156,440.5,439.45001220703125,439.6000061035156,385960
2026-01-16 14:30:00,439.70001220703125,440.8999938964844,438.8999938964844,440.73199462890625,444142
2026-01-16 14:35:00,440.8500061035156,441.25,440.3999938964844,440.54998779296875,241553
2026-01-16 14:40:00,440.70001220703125,441.25,440.5,441.0,202506
2026-01-16 14:45:00,441.1499938964844,441.20001220703125,440.45001220703125,440.95001220703125,202699
2026-01-16 14:50:00,440.95001220703125,441.3500061035156,440.5,441.1499938964844,127375
2026-01-16 14:55:00,441.1000061035156,442.0,440.5,441.5,188296
2026-01-16 15:00:00,441.6000061035156,441.79998779296875,441.1000061035156,441.75,189757
2026-01-16 15:05:00,441.79998779296875,441.95001220703125,440.75,441.5,137756
2026-01-16 15:10:00,441.45001220703125,442.04998779296875,441.04998779296875,441.04998779296875,188536
2026-01-16 15:15:00,442.1000061035156,442.6000061035156,440.8999938964844,442.2460021972656,191774
2026-01-16 15:20:00,442.5,443.1499938964844,440.8999938964844,443.0,255827
2026-01-16 15:25:00,442.92999267578125,443.29998779296875,440.8999938964844,442.25,126134
2026-01-16 15:30:00,442.25,442.29840087890625,441.6499938964844,442.0,129530
2026-01-16 15:35:00,441.9840087890625,442.3999938964844,441.8999938964844,442.25,126370
2026-01-16 15:40:00,442.29998779296875,442.53009033203125,441.20001220703125,441.8999938964844,123648
2026-01-16 15:45:00,441.8999938964844,442.0198059082031,441.29998779296875,441.3999938964844,149220
2026-01-16 15:50:00,441.20001220703125,441.45001220703125,440.95001220703125,441.20001220703125,90020
2026-01-16 15:55:00,441.20001220703125,441.29998779296875,440.95001220703125,441.0,108132
2026-01-16 16:00:00,440.8999938964844,441.54998779296875,440.13970947265625,440.5,170163
2026-01-16 16:05:00,440.6499938964844,440.6499938964844,440.1499938964844,440.2300109863281,153207
2026-01-16 16:10:00,440.2229919433594,442.5,439.79998779296875,439.8999938964844,174860
2026-01-16 16:15:00,439.95001220703125,442.95001220703125,439.8999938964844,440.20001220703125,111238
2026-01-16 16:20:00,442.95001220703125,442.95001220703125,440.0,441.95001220703125,79037
2026-01-16 16:25:00,440.0,443.1499938964844,439.04998779296875,439.1000061035156,282156
2026-01-19 08:00:00,437.70001220703125,437.70001220703125,435.6499938964844,436.9590148925781,0
2026-01-19 08:05:00,437.04998779296875,438.79998779296875,436.79998779296875,437.25,322742
2026-01-19 08:10:00,438.6000061035156,439.75,436.8500061035156,439.1000061035156,159641
2026-01-19 08:15:00,439.1499938964844,439.8999938964844,438.54998779296875,439.6499938964844,228789
2026-01-19 08:20:00,439.6499938964844,439.81500244140625,438.8999938964844,439.20001220703125,114543
2026-01-19 08:25:00,439.1650085449219,439.20001220703125,437.6499938964844,437.6499938964844,154142
2026-01-19 08:30:00,437.75,438.54998779296875,437.3059997558594,438.04998779296875,114825
2026-01-19 08:35:00,438.0979919433594,438.1000061035156,437.0,437.04998779296875,75123
2026-01-19 08:40:00,437.04998779296875,437.1499938964844,436.5,436.95001220703125,77541
2026-01-19 08:45:00,436.9679870605469,437.04998779296875,435.45001220703125,435.45001220703125,98696
2026-01-19 08:50:00,435.45001220703125,435.79998779296875,435.45001220703125,435.70001220703125,87768
2026-01-19 08:55:00,435.70001220703125,436.75,435.5,436.54998779296875,87643
2026-01-19 09:00:00,436.54998779296875,436.75,436.20001220703125,436.260009765625,72839
2026-01-19 09:05:00,436.1000061035156,436.5,435.70001220703125,436.25,83633
2026-01-19 09:10:00,436.1570129394531,436.54998779296875,436.0,436.20001220703125,87114
2026-01-19 09:15:00,436.29998779296875,436.79998779296875,436.29998779296875,436.3500061035156,47634
2026-01-19 09:20:00,436.25,436.29998779296875,435.6499938964844,435.8901062011719,62223
2026-01-19 09:25:00,435.8500061035156,436.3500061035156,435.70001220703125,436.1000061035156,50573
2026-01-19 09:30:00,436.1470031738281,436.45001220703125,435.95001220703125,436.45001220703125,53917
2026-01-19 09:35:00,436.45001220703125,436.45001220703125,435.8999938964844,436.1499938964844,59938
2026-01-19 09:40:00,436.25,436.29998779296875,435.75,435.9599914550781,56177
2026-01-19 09:45:00,436.0,436.54998779296875,436.0,436.54998779296875,33663
2026-01-19 09:50:00,436.3500061035156,436.75,436.29998779296875,436.54998779296875,37054
2026-01-19 09:55:00,436.3999938964844,439.1000061035156,436.29998779296875,436.54998779296875,61275
2026-01-19 10:00:00,436.5,439.3999938964844,436.3999938964844,436.8500061035156,58260
2026-01-19 10:05:00,436.81201171875,439.54998779296875,436.81201171875,439.3999938964844,78040
2026-01-19 10:10:00,436.8999938964844,439.54998779296875,436.79998779296875,439.54998779296875,43623
2026-01-19 10:15:00,439.5,439.54998779296875,437.29998779296875,439.45001220703125,71806
2026-01-19 10:20:00,437.44500732421875,439.54998779296875,437.2070007324219,437.6499938964844,9764
2026-01-19 10:25:00,437.59698486328125,438.25,436.6499938964844,437.25,76461
2026-01-19 10:30:00,437.25,439.45001220703125,435.6000061035156,436.75,55583
2026-01-19 10:35:00,436.74700927734375,437.3500061035156,436.6340026855469,436.95001220703125,61850
2026-01-19 10:40:00,436.8500061035156,436.8500061035156,436.3999938964844,436.3999938964844,58708
2026-01-19 10:45:00,436.3999938964844,436.6000061035156,436.20001220703125,436.5,64739
2026-01-19 10:50:00,436.5,437.54998779296875,435.79998779296875,436.6000061035156,25753
2026-01-19 10:55:00,436.6000061035156,437.1000061035156,435.8500061035156,436.6189880371094,37182
2026-01-19 11:00:00,436.6499938964844,437.6000061035156,436.3999938964844,436.51739501953125,52149
2026-01-19 11:05:00,436.54998779296875,436.8999938964844,436.54998779296875,436.8999938964844,27553
2026-01-19 11:10:00,436.79998779296875,436.95001220703125,436.5,436.6000061035156,31687
2026-01-19 11:15:00,436.75,437.1499938964844,436.75,437.1499938964844,87042
2026-01-19 11:20:00,437.1499938964844,437.25,436.70001220703125,436.70001220703125,56259
2026-01-19 11:25:00,436.6499938964844,437.29998779296875,436.6499938964844,437.29998779296875,27873
2026-01-19 11:30:00,437.20001220703125,437.20001220703125,436.6499938964844,436.79998779296875,19460
2026-01-19 11:35:00,436.70001220703125,437.0,436.6000061035156,436.6000061035156,81507
2026-01-19 11:40:00,436.75,437.25,436.75,437.20001220703125,16942
2026-01-19 11:45:00,437.04998779296875,437.45001220703125,437.04998779296875,437.29998779296875,89107
2026-01-19 11:50:00,437.29998779296875,437.6499938964844,437.1000061035156,437.6499938964844,12936
2026-01-19 11:55:00,437.6499938964844,437.70001220703125,437.5,437.5,17404
2026-01-19 12:00:00,437.5,437.54998779296875,436.8999938964844,437.0,45595
2026-01-19 12:05:00,437.04998779296875,437.54901123046875,437.04998779296875,437.25,10522
2026-01-19 12:10:00,437.20001220703125,437.29998779296875,437.1000061035156,437.25,20710
2026-01-19 12:15:00,437.25,437.3999938964844,436.95001220703125,437.3500061035156,38411
2026-01-19 12:20:00,437.29998779296875,437.54998779296875,437.20001220703125,437.3500061035156,30450
2026-01-19 12:25:00,437.3999938964844,437.3999938964844,437.20001220703125,437.3999938964844,38436
2026-01-19 12:30:00,437.3500061035156,437.3999938964844,437.1000061035156,437.3999938964844,37358
2026-01-19 12:35:00,437.3999938964844,437.6000061035156,437.33099365234375,437.3999938964844,31138
2026-01-19 12:40:00,437.32501220703125,437.45001220703125,437.29010009765625,437.3999938964844,38064
2026-01-19 12:45:00,437.3999938964844,437.6090087890625,437.3999938964844,437.54998779296875,18765
2026-01-19 12:50:00,437.54998779296875,437.79998779296875,437.45001220703125,437.75,70298
2026-01-19 12:55:00,437.75,437.8999938964844,437.54998779296875,437.6499938964844,65624
2026-01-19 13:00:00,437.6499938964844,437.6499938964844,437.25,437.45001220703125,101809
2026-01-19 13:05:00,437.54998779296875,437.54998779296875,436.95001220703125,437.2619934082031,51630
2026-01-19 13:10:00,437.3999938964844,437.6000061035156,437.29998779296875,437.3999938964844,33622
2026-01-19 13:15:00,437.29998779296875,437.70001220703125,437.25,437.54998779296875,31659
2026-01-19 13:20:00,437.6499938964844,437.70001220703125,437.3500061035156,437.3500061035156,31118
2026-01-19 13:25:00,437.3999938964844,437.6000061035156,437.29998779296875,437.45001220703125,52307
2026-01-19 13:30:00,437.5,437.54998779296875,437.25,437.29998779296875,43225
2026-01-19 13:35:00,437.25,437.45001220703125,437.1000061035156,437.45001220703125,33806
2026-01-19 13:40:00,437.40899658203125,437.40899658203125,437.20001220703125,437.25,33557
2026-01-19 13:45:00,437.29998779296875,437.54998779296875,437.25,437.5,57064
2026-01-19 13:50:00,437.4541015625,437.6499938964844,437.3500061035156,437.6499938964844,7569
2026-01-19 13:55:00,437.6499938964844,437.75,437.5,437.6000061035156,53394
2026-01-19 14:00:00,437.6000061035156,437.6059875488281,437.25,437.3689880371094,44553
2026-01-19 14:05:00,437.3500061035156,437.6499938964844,437.25,437.6499938964844,44470
2026-01-19 14:10:00,437.75,438.04998779296875,437.7090148925781,437.9800109863281,95849
2026-01-19 14:15:00,437.95001220703125,438.20001220703125,437.54998779296875,437.54998779296875,76866
2026-01-19 14:20:00,437.54998779296875,437.6000061035156,437.3500061035156,437.45001220703125,30274
2026-01-19 14:25:00,437.5,437.5,437.0,437.20001220703125,106423
2026-01-19 14:30:00,437.20001220703125,438.0469970703125,437.1499938964844,437.79998779296875,68135
2026-01-19 14:35:00,437.79998779296875,438.45001220703125,437.7619934082031,438.1000061035156,62969
2026-01-19 14:40:00,438.0,438.5,438.0,438.04998779296875,111000
2026-01-19 14:45:00,438.1000061035156,438.8999938964844,438.0,438.79998779296875,89007
2026-01-19 14:50:00,438.8999938964844,439.29998779296875,438.79998779296875,439.29998779296875,57062
2026-01-19 14:55:00,439.2799987792969,439.3500061035156,438.95001220703125,439.29998779296875,65015
2026-01-19 15:00:00,439.29998779296875,439.70001220703125,439.1000061035156,439.5,68135
2026-01-19 15:05:00,439.54998779296875,439.6000061035156,438.75,439.45001220703125,90445
2026-01-19 15:10:00,439.45001220703125,439.45001220703125,438.6499938964844,438.95001220703125,47482
2026-01-19 15:15:00,438.79998779296875,438.95001220703125,438.5,438.79998779296875,47580
2026-01-19 15:20:00,438.8500061035156,438.8500061035156,438.5,438.75,99185
2026-01-19 15:25:00,438.7460021972656,438.8999938964844,438.29998779296875,438.375,129810
2026-01-19 15:30:00,438.3999938964844,438.70001220703125,438.25,438.42498779296875,111982
2026-01-19 15:35:00,438.45001220703125,438.8500061035156,438.25,438.54998779296875,92949
2026-01-19 15:40:00,438.5,438.95001220703125,438.5,438.8500061035156,113965
2026-01-19 15:45:00,438.8999938964844,439.0,438.70001220703125,438.8500061035156,102049
2026-01-19 15:50:00,438.79998779296875,438.95001220703125,438.75,438.8999938964844,48564
2026-01-19 15:55:00,438.875,439.0,438.6000061035156,438.9330139160156,153231
2026-01-19 16:00:00,438.8999938964844,438.95001220703125,438.6000061035156,438.92498779296875,163398
2026-01-19 16:05:00,438.8772888183594,439.0,438.79998779296875,438.8999938964844,118779
2026-01-19 16:10:00,438.95001220703125,438.95001220703125,437.8500061035156,437.8500061035156,121370
2026-01-19 16:15:00,437.75,437.8500061035156,437.45001220703125,437.6000061035156,58467
2026-01-19 16:20:00,437.5,437.5,437.17498779296875,437.20001220703125,29689
2026-01-19 16:25:00,437.20001220703125,437.20001220703125,436.95001220703125,437.1000061035156,80668
2026-01-20 08:00:00,434.20001220703125,436.45001220703125,434.1499938964844,435.04998779296875,0
2026-01-20 08:05:00,435.20001220703125,436.0,434.6499938964844,436.0,123143
2026-01-20 08:10:00,436.0,436.5,435.70001220703125,435.8999938964844,89184
2026-01-20 08:15:00,435.8999938964844,436.45001220703125,434.8500061035156,434.95001220703125,97902
2026-01-20 08:20:00,434.95001220703125,436.04998779296875,434.6000061035156,434.70001220703125,78056
2026-01-20 08:25:00,434.75,435.29998779296875,434.04998779296875,434.20001220703125,110289
2026-01-20 08:30:00,434.3500061035156,434.5459899902344,433.9599914550781,434.3500061035156,90953
2026-01-20 08:35:00,434.5,434.54998779296875,433.95001220703125,434.20001220703125,55421
2026-01-20 08:40:00,434.3500061035156,435.04998779296875,434.25,434.95001220703125,38409
2026-01-20 08:45:00,435.031005859375,435.25,434.79998779296875,434.95001220703125,69639
2026-01-20 08:50:00,435.25,435.5,433.8999938964844,433.95001220703125,97709
2026-01-20 08:55:00,434.0,434.3500061035156,434.0,434.25,74355
2026-01-20 09:00:00,434.20001220703125,434.54998779296875,433.75,434.29998779296875,146196
2026-01-20 09:05:00,433.8089904785156,434.95001220703125,432.5,432.5,207111
2026-01-20 09:10:00,432.54998779296875,434.95001220703125,432.5,433.29998779296875,199573
2026-01-20 09:15:00,433.29998779296875,433.8500061035156,432.54998779296875,433.22210693359375,55685
2026-01-20 09:20:00,433.20001220703125,434.04998779296875,432.8500061035156,433.8999938964844,33836
2026-01-20 09:25:00,433.8340148925781,435.0,433.25,435.0,74511
2026-01-20 09:30:00,434.8500061035156,434.8500061035156,433.95001220703125,434.04998779296875,74324
2026-01-20 09:35:00,434.1000061035156,434.3500061035156,432.54998779296875,434.1000061035156,36317
2026-01-20 09:40:00,433.95001220703125,434.70001220703125,433.8999938964844,434.56298828125,73344
2026-01-20 09:45:00,434.54998779296875,434.6499938964844,433.6000061035156,433.6000061035156,64475
2026-01-20 09:50:00,433.6000061035156,434.20001220703125,433.45001220703125,433.89898681640625,53751
2026-01-20 09:55:00,433.79998779296875,434.29998779296875,433.79998779296875,434.25,52846
2026-01-20 10:00:00,434.25,434.5,433.8999938964844,433.8999938964844,97101
2026-01-20 10:05:00,433.8999938964844,434.25,433.70001220703125,433.8999938964844,65212
2026-01-20 10:10:00,433.6980895996094,434.3999938964844,433.6980895996094,434.3999938964844,37918
2026-01-20 10:15:00,434.3500061035156,434.6000061035156,433.8999938964844,433.95001220703125,71895
2026-01-20 10:20:00,433.95001220703125,434.3500061035156,433.7569885253906,434.3500061035156,64763
2026-01-20 10:25:00,434.45001220703125,434.95001220703125,434.29998779296875,434.7980041503906,72178
2026-01-20 10:30:00,434.8500061035156,435.3500061035156,433.25,434.04998779296875,420986
2026-01-20 10:35:00,434.1000061035156,434.25,433.79998779296875,434.04998779296875,61874
2026-01-20 10:40:00,434.1499938964844,434.45001220703125,434.04998779296875,434.45001220703125,53761
2026-01-20 10:45:00,434.45001220703125,434.54998779296875,434.04998779296875,434.12298583984375,42940
2026-01-20 10:50:00,434.20001220703125,434.20001220703125,433.8500061035156,433.9736022949219,37688
2026-01-20 10:55:00,434.04998779296875,434.29998779296875,433.5,434.20001220703125,61871
2026-01-20 11:00:00,434.2030029296875,434.4020080566406,434.04998779296875,434.04998779296875,74817
2026-01-20 11:05:00,433.95001220703125,434.1499938964844,433.45001220703125,433.60400390625,23046
2026-01-20 11:10:00,433.6000061035156,433.95001220703125,433.6000061035156,433.95001220703125,39810
2026-01-20 11:15:00,433.95001220703125,434.25,433.79998779296875,434.1499938964844,35545
2026-01-20 11:20:00,434.1000061035156,434.5425109863281,434.0989990234375,434.20001220703125,45085
2026-01-20 11:25:00,434.29998779296875,434.45001220703125,434.1499938964844,434.2229919433594,21870
2026-01-20 11:30:00,434.3500061035156,434.54998779296875,433.8999938964844,434.04998779296875,39831
2026-01-20 11:35:00,434.04998779296875,434.20001220703125,433.70001220703125,433.79998779296875,32000
2026-01-20 11:40:00,433.70001220703125,433.75,433.1499938964844,433.1499938964844,41754
2026-01-20 11:45:00,433.1499938964844,433.75,433.0989990234375,433.75,61662
2026-01-20 11:50:00,433.75,433.8500061035156,433.29998779296875,433.3490905761719,153604
2026-01-20 11:55:00,433.29998779296875,433.95001220703125,433.1499938964844,433.75,199151
2026-01-20 12:00:00,433.6499938964844,434.04998779296875,433.54998779296875,434.04998779296875,61374
2026-01-20 12:05:00,434.04998779296875,434.3999938964844,434.0,434.3500061035156,59178
2026-01-20 12:10:00,434.3999938964844,435.29998779296875,434.1499938964844,434.3500061035156,234322
2026-01-20 12:15:00,434.3500061035156,435.25,434.20001220703125,434.8999938964844,51058
2026-01-20 12:20:00,434.7130126953125,435.0,434.6000061035156,435.0,78911
2026-01-20 12:25:00,435.0,435.04998779296875,434.79998779296875,434.89801025390625,58816
2026-01-20 12:30:00,434.79998779296875,435.54998779296875,434.79998779296875,435.2510986328125,28745
2026-01-20 12:35:00,435.29998779296875,435.54998779296875,435.1499938964844,435.3999938964844,35455
2026-01-20 12:40:00,435.3500061035156,435.3999938964844,435.0,435.1000061035156,47790
2026-01-20 12:45:00,435.1499938964844,435.3500061035156,434.75299072265625,434.8999938964844,66030
2026-01-20 12:50:00,434.8999938964844,435.25,434.8500061035156,435.00299072265625,45502
2026-01-20 12:55:00,435.0,435.3999938964844,434.95001220703125,435.3999938964844,41336
2026-01-20 13:00:00,435.31939697265625,435.45001220703125,434.6990051269531,434.6990051269531,62320
2026-01-20 13:05:00,434.75,434.95001220703125,434.75,434.8500061035156,34963
2026-01-20 13:10:00,434.8999938964844,435.29998779296875,434.8999938964844,435.052001953125,52705
2026-01-20 13:15:00,435.1499938964844,435.25,434.95001220703125,435.1499938964844,6798
2026-01-20 13:20:00,435.1499938964844,435.45001220703125,435.0,435.1000061035156,73712
2026-01-20 13:25:00,435.04998779296875,435.1499938964844,434.75,434.75,24331
2026-01-20 13:30:00,434.8500061035156,435.29998779296875,433.20001220703125,433.70001220703125,155251
2026-01-20 13:35:00,433.7850036621094,434.47509765625,433.7850036621094,434.3500061035156,53229
2026-01-20 13:40:00,434.3999938964844,434.95001220703125,434.1499938964844,434.95001220703125,47671
2026-01-20 13:45:00,434.95001220703125,434.95001220703125,434.29998779296875,434.54998779296875,51229
2026-01-20 13:50:00,434.3999938964844,434.70001220703125,434.20001220703125,434.6000061035156,2226948
2026-01-20 13:55:00,434.6000061035156,435.0,434.6000061035156,434.75,25864
2026-01-20 14:00:00,434.6499938964844,435.29998779296875,434.20001220703125,434.95001220703125,4042031
2026-01-20 14:05:00,434.8500061035156,434.92498779296875,434.54998779296875,434.70001220703125,44911
2026-01-20 14:10:00,434.75,434.8500061035156,434.54998779296875,434.7756042480469,56578
2026-01-20 14:15:00,434.79998779296875,435.54998779296875,434.70001220703125,435.54998779296875,103414
2026-01-20 14:20:00,435.25,435.75,435.1499938964844,435.54998779296875,194533
2026-01-20 14:25:00,435.79998779296875,436.8999938964844,435.6000061035156,436.8999938964844,105685
2026-01-20 14:30:00,436.8999938964844,439.6000061035156,435.1000061035156,438.29998779296875,598032
2026-01-20 14:35:00,436.45001220703125,437.6427917480469,435.75,437.6427917480469,234772
2026-01-20 14:40:00,437.6499938964844,438.04998779296875,436.75,437.70001220703125,2322551
2026-01-20 14:45:00,437.75,438.75,437.25,437.54998779296875,132487
2026-01-20 14:50:00,437.29998779296875,437.3999938964844,436.75,437.1000061035156,163771
2026-01-20 14:55:00,437.1000061035156,437.1499938964844,436.6000061035156,436.95001220703125,125038
2026-01-20 15:00:00,437.1000061035156,437.5,436.54998779296875,436.8999938964844,114491
2026-01-20 15:05:00,436.8330078125,436.95001220703125,435.6499938964844,435.70001220703125,301961
2026-01-20 15:10:00,435.6499938964844,436.6000061035156,435.6000061035156,436.5,269224
2026-01-20 15:15:00,436.5,436.75,436.20001220703125,436.3999938964844,93553
2026-01-20 15:20:00,436.4330139160156,439.0,436.3999938964844,436.8999938964844,0
2026-01-20 15:25:00,437.04998779296875,437.5,436.70001220703125,437.45001220703125,2350312
2026-01-20 15:30:00,437.45001220703125,437.8999938964844,437.45001220703125,437.8500061035156,219047
2026-01-20 15:35:00,437.88299560546875,438.8500061035156,437.8500061035156,438.8500061035156,200752
2026-01-20 15:45:00,438.1499938964844,438.25,437.75,437.79998779296875,0
2026-01-20 15:50:00,437.79998779296875,437.95001220703125,437.1000061035156,437.3500061035156,2345041
2026-01-20 15:55:00,437.364990234375,437.8500061035156,437.29998779296875,437.79998779296875,114196
2026-01-20 16:00:00,437.8500061035156,437.8500061035156,437.25,437.54998779296875,184274
2026-01-20 16:05:00,437.5,438.95001220703125,437.17498779296875,437.25,0
2026-01-20 16:10:00,437.3500061035156,438.95001220703125,437.0,437.1499938964844,2386936
2026-01-20 16:15:00,437.20001220703125,439.1000061035156,436.8500061035156,436.8999938964844,0
2026-01-20 16:20:00,436.8500061035156,437.20001220703125,436.6499938964844,436.8500061035156,279476
2026-01-20 16:25:00,436.8500061035156,437.1000061035156,436.6499938964844,437.1000061035156,344684
2026-01-21 08:00:00,437.6499938964844,439.6000061035156,436.8999938964844,439.29998779296875,0
2026-01-21 08:05:00,439.29998779296875,440.79998779296875,436.95001220703125,437.25,324151
2026-01-21 08:10:00,440.1000061035156,440.6499938964844,436.95001220703125,440.1000061035156,131388
2026-01-21 08:15:00,440.04998779296875,441.29998779296875,436.95001220703125,441.20001220703125,192252
2026-01-21 08:20:00,441.25,441.25,436.95001220703125,440.3999938964844,151362
2026-01-21 08:25:00,440.3999938964844,441.20001220703125,439.79998779296875,440.95001220703125,73125
2026-01-21 08:30:00,439.82281494140625,441.04998779296875,439.54998779296875,440.95001220703125,65563
2026-01-21 08:35:00,440.95001220703125,441.04998779296875,439.54998779296875,439.70001220703125,134052
2026-01-21 08:40:00,439.6499938964844,440.95001220703125,439.0,439.1000061035156,155597
2026-01-21 08:45:00,438.95001220703125,439.04998779296875,438.6000061035156,438.6000061035156,100550
2026-01-21 08:50:00,438.70001220703125,438.8999938964844,438.1000061035156,438.1499938964844,55300
2026-01-21 08:55:00,438.1499938964844,439.95001220703125,437.5,437.6000061035156,92969
2026-01-21 09:00:00,437.5,440.1000061035156,437.3999938964844,438.0409851074219,168241
2026-01-21 09:05:00,437.95001220703125,438.20001220703125,437.6499938964844,437.75,72212
2026-01-21 09:10:00,437.8500061035156,438.5,437.79998779296875,438.3500061035156,292721
2026-01-21 09:15:00,438.3999938964844,441.1000061035156,438.1499938964844,439.0,98805
2026-01-21 09:20:00,439.0,439.54998779296875,439.0,439.3999938964844,125206
2026-01-21 09:25:00,439.5,439.6000061035156,438.95001220703125,439.1499938964844,79526
2026-01-21 09:30:00,439.0960998535156,439.54998779296875,438.75,439.54998779296875,46590
2026-01-21 09:35:00,439.5,439.8500061035156,439.25,439.29998779296875,62648
2026-01-21 09:40:00,439.45001220703125,439.70001220703125,439.1960144042969,439.54998779296875,90333
2026-01-21 09:45:00,439.6499938964844,440.20001220703125,439.5,439.75,131325
2026-01-21 09:50:00,439.77099609375,439.9460144042969,439.3030090332031,439.54998779296875,488294
2026-01-21 09:55:00,439.54998779296875,439.6000061035156,439.25,439.6000061035156,34858
2026-01-21 10:00:00,439.5,439.6499938964844,439.25,439.59600830078125,95032
2026-01-21 10:05:00,439.54998779296875,439.54998779296875,439.1499938964844,439.20001220703125,52658
2026-01-21 10:10:00,439.10198974609375,439.6000061035156,439.10198974609375,439.6000061035156,120362
2026-01-21 10:15:00,439.59100341796875,440.0,439.45001220703125,439.45001220703125,58316
2026-01-21 10:20:00,439.54998779296875,439.95001220703125,439.54998779296875,439.79998779296875,51684
2026-01-21 10:25:00,439.79998779296875,440.1499938964844,439.70001220703125,440.0,47921
2026-01-21 10:30:00,440.04998779296875,440.1499938964844,439.6499938964844,439.8500061035156,61528
2026-01-21 10:35:00,439.87200927734375,439.87200927734375,439.177001953125,439.177001953125,52851
2026-01-21 10:40:00,439.20001220703125,439.45001220703125,439.12298583984375,439.12298583984375,35425
2026-01-21 10:45:00,439.1000061035156,439.54998779296875,439.1000061035156,439.5,65660
2026-01-21 10:50:00,439.6499938964844,439.6499938964844,439.5,439.6000061035156,111665
2026-01-21 10:55:00,439.70001220703125,439.95001220703125,439.54998779296875,439.7460021972656,105704
2026-01-21 11:00:00,439.79998779296875,439.8500061035156,439.45001220703125,439.54998779296875,203404
2026-01-21 11:05:00,439.57708740234375,439.8999938964844,439.29998779296875,439.3500061035156,94508
2026-01-21 11:10:00,439.29998779296875,439.45001220703125,438.95001220703125,439.3999938964844,59839
2026-01-21 11:15:00,439.45001220703125,439.75,439.3500061035156,439.70001220703125,52187
2026-01-21 11:20:00,439.6000061035156,439.75,439.1499938964844,439.3572082519531,68237
2026-01-21 11:25:00,439.29998779296875,439.6000061035156,439.24200439453125,439.6000061035156,80670
2026-01-21 11:30:00,439.6000061035156,440.04998779296875,439.6000061035156,440.0,62844
2026-01-21 11:35:00,440.0,440.25,439.54998779296875,439.6000061035156,177163
2026-01-21 11:40:00,439.54998779296875,439.6000061035156,439.1499938964844,439.3999938964844,171639
2026-01-21 11:45:00,439.29998779296875,439.40399169921875,439.04998779296875,439.3500061035156,55852
2026-01-21 11:50:00,439.25,439.25,438.8999938964844,439.25,43587
2026-01-21 11:55:00,439.20001220703125,439.5,439.04998779296875,439.25,65883
2026-01-21 12:00:00,439.3500061035156,440.0,439.1499938964844,439.95001220703125,84893
2026-01-21 12:05:00,439.99200439453125,440.20001220703125,439.79998779296875,439.79998779296875,39604
2026-01-21 12:10:00,439.95001220703125,440.1000061035156,439.79998779296875,440.1000061035156,23546
2026-01-21 12:15:00,440.1000061035156,440.1499938964844,439.70001220703125,440.0,65861
2026-01-21 12:20:00,439.95001220703125,440.0,439.5347900390625,439.6929931640625,98105
2026-01-21 12:25:00,439.68499755859375,439.79998779296875,439.5,439.6000061035156,26397
2026-01-21 12:30:00,439.6499938964844,439.95001220703125,439.5,439.9209899902344,32425
2026-01-21 12:35:00,439.8999938964844,440.0,439.04998779296875,439.1499938964844,122055
2026-01-21 12:40:00,439.1499938964844,439.3999938964844,437.6499938964844,439.29998779296875,2361735
2026-01-21 12:45:00,439.20001220703125,439.5,439.1499938964844,439.3500061035156,56187
2026-01-21 12:50:00,439.25,439.3500061035156,439.0,439.29998779296875,194833
2026-01-21 12:55:00,439.25,439.8500061035156,439.25,439.75,80317
2026-01-21 13:00:00,439.75,440.1499938964844,439.6499938964844,440.1000061035156,70253
2026-01-21 13:05:00,440.1419982910156,440.70001220703125,440.1000061035156,440.6499938964844,64833
2026-01-21 13:10:00,440.6499938964844,440.95001220703125,440.3999938964844,440.70001220703125,55342
2026-01-21 13:15:00,440.70001220703125,440.79998779296875,440.54998779296875,440.70001220703125,46650
2026-01-21 13:20:00,440.6499938964844,440.70001220703125,440.25,440.5,76389
2026-01-21 13:25:00,440.45001220703125,440.6499938964844,440.45001220703125,440.6499938964844,70146
2026-01-21 13:30:00,440.70001220703125,440.70001220703125,440.3500061035156,440.70001220703125,50107
2026-01-21 13:35:00,440.70001220703125,440.70001220703125,439.79998779296875,439.95001220703125,100928
2026-01-21 13:40:00,440.04998779296875,440.20001220703125,439.79998779296875,440.20001220703125,88608
2026-01-21 13:45:00,440.1000061035156,440.45001220703125,440.0,440.0249938964844,81712
2026-01-21 13:50:00,440.0,440.25799560546875,439.8999938964844,439.95001220703125,80563
2026-01-21 13:55:00,440.1000061035156,440.3500061035156,440.1000061035156,440.1499938964844,50094
2026-01-21 14:00:00,440.25,441.0,440.1919860839844,440.75,144039
2026-01-21 14:05:00,440.70001220703125,441.70001220703125,440.25,441.70001220703125,142741
2026-01-21 14:10:00,441.6000061035156,442.0530090332031,441.5,441.6499938964844,197605
2026-01-21 14:15:00,441.70001220703125,441.8500061035156,441.25,441.70001220703125,82958
2026-01-21 14:20:00,441.6419982910156,442.0,441.29998779296875,441.6000061035156,148626
2026-01-21 14:25:00,441.5,441.70001220703125,441.0,441.54998779296875,152932
2026-01-21 14:30:00,441.54998779296875,444.75,441.3500061035156,444.75,615424
2026-01-21 14:35:00,444.6499938964844,446.29998779296875,441.6000061035156,446.04998779296875,844103
2026-01-21 14:40:00,445.95001220703125,446.79998779296875,444.79998779296875,445.3999938964844,440502
2026-01-21 14:45:00,445.5,446.0,444.79998779296875,445.6499938964844,295165
2026-01-21 14:50:00,445.79998779296875,445.8999938964844,444.45001220703125,444.79400634765625,317333
2026-01-21 14:55:00,444.95001220703125,445.29998779296875,444.04998779296875,444.1000061035156,347679
2026-01-21 15:00:00,444.04998779296875,444.04998779296875,443.1000061035156,443.3999938964844,254876
2026-01-21 15:05:00,443.3999938964844,443.7950134277344,443.04998779296875,443.3500061035156,246807
2026-01-21 15:10:00,443.3999938964844,444.1499938964844,442.95001220703125,443.20001220703125,148629
2026-01-21 15:15:00,443.1000061035156,445.25,442.75,443.3999938964844,298143
2026-01-21 15:20:00,443.42999267578125,445.8500061035156,442.6499938964844,442.75,212915
2026-01-21 15:25:00,442.70001220703125,446.25,442.1000061035156,442.5,285817
2026-01-21 15:30:00,442.6000061035156,445.75,442.54998779296875,445.54998779296875,210912
2026-01-21 15:35:00,443.1000061035156,445.8500061035156,442.8999938964844,443.6499938964844,249146
2026-01-21 15:40:00,443.6000061035156,445.1000061035156,443.29998779296875,443.5,239953
2026-01-21 15:45:00,443.4800109863281,444.0,443.3999938964844,443.79998779296875,213261
2026-01-21 15:50:00,443.8500061035156,444.6000061035156,443.8500061035156,444.45001220703125,254459
2026-01-21 15:55:00,444.45001220703125,444.6000061035156,444.20001220703125,444.5,185514
2026-01-21 16:00:00,444.54998779296875,445.3999938964844,444.04998779296875,444.45001220703125,234768
2026-01-21 16:05:00,444.45001220703125,445.20001220703125,444.0,444.20001220703125,235494
2026-01-21 16:10:00,444.20001220703125,444.95001220703125,444.04998779296875,444.20001220703125,206829
2026-01-21 16:15:00,444.20001220703125,444.56500244140625,443.54998779296875,444.2170104980469,147279
2026-01-21 16:20:00,444.25,444.25,444.0,444.25,154307
2026-01-21 16:25:00,444.20001220703125,444.7250061035156,443.54998779296875,444.7250061035156,258199
2026-01-22 08:00:00,448.54998779296875,449.0549011230469,446.75,448.3500061035156,0
2026-01-22 08:05:00,448.29998779296875,449.0,447.0,447.45001220703125,258471
2026-01-22 08:10:00,447.3999938964844,448.04998779296875,445.79998779296875,446.75,130710
2026-01-22 08:15:00,446.8999938964844,448.04998779296875,446.04998779296875,446.1499938964844,133575
2026-01-22 08:20:00,446.20001220703125,446.20001220703125,445.3999938964844,445.8500061035156,136819
2026-01-22 08:25:00,446.0299987792969,446.1000061035156,445.6000061035156,445.70001220703125,77528
2026-01-22 08:30:00,445.625,446.6000061035156,445.3999938964844,445.95001220703125,150236
2026-01-22 08:35:00,446.1109924316406,446.54998779296875,445.75,446.1000061035156,52563
2026-01-22 08:40:00,446.1000061035156,447.79998779296875,445.7300109863281,445.95001220703125,216262
2026-01-22 08:45:00,445.79998779296875,446.8500061035156,445.04998779296875,445.29998779296875,57805
2026-01-22 08:50:00,445.2401123046875,446.54998779296875,445.20001220703125,445.6499938964844,72760
2026-01-22 08:55:00,445.6499938964844,445.70001220703125,444.95001220703125,445.6499938964844,198035
2026-01-22 09:00:00,445.0,446.0,444.3500061035156,444.54998779296875,251161
2026-01-22 09:05:00,445.6499938964844,445.6499938964844,444.1499938964844,444.3999938964844,256617
2026-01-22 09:10:00,444.5,446.1000061035156,444.4800109863281,444.5,77243
2026-01-22 09:15:00,444.6499938964844,445.1499938964844,444.45001220703125,445.04998779296875,72931
2026-01-22 09:20:00,445.04998779296875,445.8500061035156,443.70001220703125,443.8999938964844,120692
2026-01-22 09:25:00,443.8970031738281,446.29998779296875,443.54998779296875,446.25,93289
2026-01-22 09:30:00,443.8999938964844,446.29998779296875,443.54998779296875,443.8070068359375,84953
2026-01-22 09:35:00,443.75,444.8999938964844,443.54998779296875,443.8500061035156,126176
2026-01-22 09:40:00,443.8500061035156,445.0,443.1499938964844,443.8999938964844,94900
2026-01-22 09:45:00,443.8580017089844,444.5,443.79998779296875,443.8500061035156,106249
2026-01-22 09:50:00,443.8999938964844,444.1000061035156,443.3500061035156,443.510009765625,95051
2026-01-22 09:55:00,443.3999938964844,445.20001220703125,443.29998779296875,443.8500061035156,66090
2026-01-22 10:00:00,443.75,444.29998779296875,443.5,443.79998779296875,73919
2026-01-22 10:05:00,443.79998779296875,443.8500061035156,443.2760009765625,443.3999938964844,77526
2026-01-22 10:10:00,443.3800048828125,443.79998779296875,442.8500061035156,443.6499938964844,189818
2026-01-22 10:15:00,443.79998779296875,443.8500061035156,443.29998779296875,443.6499938964844,68563
2026-01-22 10:20:00,443.95001220703125,443.95001220703125,442.04998779296875,442.5,697877
2026-01-22 10:25:00,442.3999938964844,442.3999938964844,441.0,441.29998779296875,183586
2026-01-22 10:30:00,441.1499938964844,443.95001220703125,440.8999938964844,441.3999938964844,135491
2026-01-22 10:35:00,441.29998779296875,441.54998779296875,441.20001220703125,441.29998779296875,56071
2026-01-22 10:40:00,441.25,441.95001220703125,441.1499938964844,441.79998779296875,36023
2026-01-22 10:45:00,441.79998779296875,441.8999938964844,441.29998779296875,441.54998779296875,43106
2026-01-22 10:50:00,441.6499938964844,441.6499938964844,440.8999938964844,441.20001220703125,65736
2026-01-22 10:55:00,441.1000061035156,441.1000061035156,440.3999938964844,440.75,506270
2026-01-22 11:00:00,440.75,441.3500061035156,440.75,441.2919921875,11283
2026-01-22 11:05:00,441.260009765625,441.3500061035156,440.8210144042969,441.04998779296875,62361
2026-01-22 11:10:00,441.0,441.3500061035156,440.6000061035156,441.20001220703125,167894
2026-01-22 11:15:00,441.1499938964844,441.15899658203125,440.25,440.3500061035156,282910
2026-01-22 11:20:00,440.3500061035156,440.3999938964844,439.45001220703125,439.6499938964844,131127
2026-01-22 11:25:00,439.7439880371094,439.8500061035156,439.5,439.70001220703125,133818
2026-01-22 11:30:00,439.6499938964844,439.6499938964844,438.3500061035156,438.3500061035156,188827
2026-01-22 11:35:00,438.1499938964844,438.1499938964844,437.6499938964844,437.8999938964844,87307
2026-01-22 11:40:00,438.0,438.20001220703125,437.8999938964844,437.95001220703125,53080
2026-01-22 11:45:00,438.04998779296875,438.45001220703125,437.8999938964844,438.04998779296875,155707
2026-01-22 11:50:00,438.1499938964844,438.45001220703125,437.6499938964844,437.95001220703125,200566
2026-01-22 11:55:00,437.95001220703125,438.3999938964844,437.6499938964844,438.3999938964844,80571
2026-01-22 12:00:00,438.3999938964844,438.6499938964844,438.25,438.4339904785156,63010
2026-01-22 12:05:00,438.45001220703125,438.79998779296875,438.20001220703125,438.24200439453125,68615
2026-01-22 12:10:00,438.20001220703125,438.45001220703125,438.1499938964844,438.25,457249
2026-01-22 12:15:00,438.25,438.25,437.8500061035156,437.8500061035156,77579
2026-01-22 12:20:00,437.75,438.0,437.4599914550781,437.5,158566
2026-01-22 12:25:00,437.5,437.54998779296875,436.5,437.0,196796
2026-01-22 12:30:00,437.0,437.29998779296875,436.5,436.9494934082031,196400
2026-01-22 12:35:00,436.8999938964844,437.0,436.54998779296875,436.75,96499
2026-01-22 12:40:00,436.6499938964844,437.1499938964844,436.6000061035156,437.0,66776
2026-01-22 12:45:00,436.8999938964844,437.06390380859375,436.8500061035156,436.8500061035156,60804
2026-01-22 12:50:00,436.8500061035156,441.1000061035156,436.5,441.1000061035156,130903
2026-01-22 12:55:00,436.70001220703125,442.25,436.54998779296875,436.6499938964844,72378
2026-01-22 13:00:00,436.54998779296875,441.45001220703125,436.20001220703125,437.04998779296875,97850
2026-01-22 13:05:00,437.04998779296875,441.5,436.70001220703125,436.8999938964844,118248
2026-01-22 13:10:00,437.0,441.1000061035156,436.79998779296875,437.1499938964844,89168
2026-01-22 13:15:00,437.1050109863281,437.25,436.8500061035156,437.1600036621094,76726
2026-01-22 13:20:00,437.1000061035156,437.25,437.04998779296875,437.1000061035156,75804
2026-01-22 13:25:00,437.1000061035156,437.75,437.1000061035156,437.45001220703125,68457
2026-01-22 13:30:00,437.5,441.3500061035156,437.3500061035156,438.5,334544
2026-01-22 13:35:00,438.29998779296875,438.6499938964844,438.20001220703125,438.25,187440
2026-01-22 13:40:00,438.1499938964844,438.3500061035156,438.04998779296875,438.04998779296875,49863
2026-01-22 13:45:00,438.0,439.3999938964844,437.57598876953125,437.6499938964844,111807
2026-01-22 13:50:00,437.6099853515625,438.25,437.29998779296875,438.25,51032
2026-01-22 13:55:00,438.20001220703125,438.3500061035156,437.8529968261719,438.3500061035156,92277
2026-01-22 14:00:00,438.3500061035156,438.45001220703125,436.8999938964844,438.25,512321
2026-01-22 14:05:00,438.1672058105469,438.29998779296875,436.79998779296875,437.25,111713
2026-01-22 14:10:00,437.29998779296875,438.1000061035156,436.968994140625,438.0899963378906,156872
2026-01-22 14:15:00,438.04998779296875,438.3999938964844,437.79998779296875,437.79998779296875,90635
2026-01-22 14:20:00,437.8500061035156,446.19659423828125,437.1499938964844,437.54998779296875,161197
2026-01-22 14:25:00,437.75,438.75,436.54998779296875,438.75,246572
2026-01-22 14:30:00,438.75,440.3500061035156,437.75,438.3500061035156,909440
2026-01-22 14:35:00,438.5,438.95001220703125,436.8999938964844,437.45001220703125,628470
2026-01-22 14:40:00,437.20001220703125,437.20001220703125,435.54998779296875,436.5,418088
2026-01-22 14:45:00,436.45001220703125,438.3500061035156,435.8500061035156,436.6000061035156,1088315
2026-01-22 14:50:00,436.6000061035156,438.3500061035156,436.1499938964844,436.6499938964844,277008
2026-01-22 14:55:00,436.6499938964844,438.29998779296875,436.0,436.29998779296875,132606
2026-01-22 15:00:00,436.29998779296875,438.1000061035156,435.6000061035156,435.6499938964844,152876
2026-01-22 15:05:00,435.6499938964844,436.04998779296875,435.3999938964844,435.45001220703125,145916
2026-01-22 15:10:00,435.4219970703125,438.20001220703125,435.0,435.20001220703125,521694
2026-01-22 15:15:00,435.20001220703125,436.45001220703125,434.95001220703125,436.25,334078
2026-01-22 15:20:00,436.25,436.54998779296875,435.79998779296875,436.18341064453125,217009
2026-01-22 15:25:00,436.20001220703125,436.6499938964844,435.95001220703125,436.0,212316
2026-01-22 15:30:00,439.6000061035156,439.6000061035156,436.04998779296875,436.3999938964844,175459
2026-01-22 15:35:00,436.29998779296875,438.25,436.20001220703125,436.70001220703125,129391
2026-01-22 15:40:00,436.79998779296875,438.3999938964844,436.20001220703125,436.75,160695
2026-01-22 15:45:00,436.70001220703125,436.8500061035156,436.1499938964844,436.260009765625,444143
2026-01-22 15:50:00,436.25,436.75,436.1000061035156,436.3999938964844,200255
2026-01-22 15:55:00,436.3999938964844,436.6000061035156,436.1499938964844,436.54998779296875,169736
2026-01-22 16:00:00,436.54998779296875,437.04998779296875,436.53680419921875,436.8999938964844,223773
2026-01-22 16:05:00,436.95001220703125,437.3500061035156,436.6000061035156,437.1499938964844,219342
2026-01-22 16:10:00,437.20001220703125,437.3500061035156,436.1499938964844,436.3500061035156,542973
2026-01-22 16:15:00,436.3299865722656,436.6499938964844,435.8999938964844,436.1000061035156,391116
2026-01-22 16:20:00,436.04998779296875,436.25,435.54998779296875,435.70001220703125,157119
2026-01-22 16:25:00,435.70001220703125,436.79998779296875,435.70001220703125,436.2250061035156,338724
2026-01-23 08:00:00,439.75,440.0,438.635009765625,439.6000061035156,0
2026-01-23 08:05:00,439.6000061035156,439.95001220703125,438.45001220703125,439.8999938964844,163922
2026-01-23 08:10:00,438.45001220703125,440.5,438.45001220703125,438.45001220703125,99634
2026-01-23 08:15:00,438.45001220703125,441.29998779296875,438.45001220703125,441.29998779296875,138001
2026-01-23 08:20:00,441.20001220703125,441.45001220703125,440.6000061035156,441.29998779296875,147889
2026-01-23 08:25:00,441.25,441.6000061035156,441.04998779296875,441.25,71957
2026-01-23 08:30:00,441.3500061035156,441.70001220703125,441.1499938964844,441.45001220703125,87298
2026-01-23 08:35:00,441.406005859375,442.1000061035156,440.29998779296875,441.7088928222656,91269
2026-01-23 08:40:00,441.6390075683594,442.25,441.04998779296875,442.25,48929
2026-01-23 08:45:00,441.04998779296875,442.75,440.8999938964844,442.3500061035156,74722
2026-01-23 08:50:00,442.3500061035156,442.6000061035156,440.95001220703125,441.04998779296875,63452
2026-01-23 08:55:00,442.5,442.70001220703125,441.04998779296875,441.04998779296875,65579
2026-01-23 09:00:00,442.6499938964844,444.45001220703125,440.70001220703125,444.3999938964844,246794
2026-01-23 09:05:00,444.3500061035156,444.75,441.6000061035156,443.6000061035156,285570
2026-01-23 09:10:00,443.8500061035156,444.29998779296875,442.3999938964844,443.75,209707
2026-01-23 09:15:00,443.79998779296875,444.25,443.70001220703125,444.1499938964844,73445
2026-01-23 09:20:00,444.1499938964844,444.3500061035156,443.79998779296875,444.1000061035156,99443
2026-01-23 09:25:00,444.04998779296875,444.5,443.8999938964844,444.3999938964844,262583
2026-01-23 09:30:00,444.3999938964844,444.5,444.0,444.1499938964844,145507
2026-01-23 09:35:00,444.04998779296875,444.25,443.57501220703125,443.6499938964844,94539
2026-01-23 09:40:00,443.6000061035156,443.8500061035156,443.45001220703125,443.70001220703125,92269
2026-01-23 09:45:00,443.6499938964844,443.75,443.25,443.5,81549
2026-01-23 09:50:00,443.54998779296875,443.6499938964844,443.1000061035156,443.6499938964844,155039
2026-01-23 09:55:00,443.6499938964844,443.79998779296875,443.25,443.25,91429
2026-01-23 10:00:00,443.1499938964844,443.8999938964844,442.8500061035156,443.70001220703125,142636
2026-01-23 10:05:00,443.75,443.8999938964844,443.3500061035156,443.6000061035156,95253
2026-01-23 10:10:00,443.510009765625,443.95001220703125,443.45001220703125,443.8500061035156,65601
2026-01-23 10:15:00,443.8999938964844,444.1000061035156,443.75,443.8909912109375,49265
2026-01-23 10:20:00,443.8500061035156,443.95001220703125,443.45001220703125,443.61199951171875,63882
2026-01-23 10:25:00,443.6499938964844,443.8500061035156,443.45001220703125,443.8500061035156,104684
2026-01-23 10:30:00,443.8500061035156,443.8999938964844,443.3999938964844,443.75,90988
2026-01-23 10:35:00,443.79998779296875,443.8999938964844,443.54998779296875,443.54998779296875,111256
2026-01-23 10:40:00,443.3999938964844,444.0,443.3999938964844,443.95001220703125,44527
2026-01-23 10:45:00,443.95001220703125,444.20001220703125,443.6499938964844,444.20001220703125,64972
2026-01-23 10:50:00,444.20001220703125,444.3999938964844,444.04998779296875,444.29998779296875,67846
2026-01-23 10:55:00,444.29998779296875,444.5,444.0,444.25,190197
2026-01-23 11:00:00,444.1910095214844,444.45001220703125,444.0,444.31201171875,108101
2026-01-23 11:05:00,444.3999938964844,444.54998779296875,444.04998779296875,444.1499938964844,53336
2026-01-23 11:10:00,444.090087890625,444.3999938964844,444.090087890625,444.3500061035156,58389
2026-01-23 11:15:00,444.45001220703125,444.6000061035156,444.29998779296875,444.5450134277344,139984
2026-01-23 11:20:00,444.45098876953125,444.95001220703125,444.3999938964844,444.70001220703125,64329
2026-01-23 11:25:00,444.6409912109375,444.70001220703125,444.1499938964844,444.3500061035156,89901
2026-01-23 11:30:00,444.25,444.75,444.1000061035156,444.75,159811
2026-01-23 11:35:00,444.6499938964844,444.70001220703125,444.29998779296875,444.4620056152344,47634
2026-01-23 11:40:00,444.3999938964844,444.6499938964844,444.20001220703125,444.3999938964844,72007
2026-01-23 11:45:00,444.3500061035156,444.3999938964844,443.95001220703125,444.1000061035156,64086
2026-01-23 11:50:00,444.20001220703125,444.45001220703125,444.20001220703125,444.29998779296875,19639
2026-01-23 11:55:00,444.335205078125,444.335205078125,444.04998779296875,444.04998779296875,97409
2026-01-23 12:00:00,444.1499938964844,444.54998779296875,443.79998779296875,444.489990234375,385996
2026-01-23 12:05:00,444.54998779296875,444.6499938964844,444.3500061035156,444.45001220703125,42294
2026-01-23 12:10:00,444.45001220703125,444.8500061035156,444.45001220703125,444.70001220703125,58946
2026-01-23 12:15:00,444.70001220703125,444.8500061035156,444.54998779296875,444.70001220703125,58236
2026-01-23 12:20:00,444.75,444.8999938964844,444.54998779296875,444.54998779296875,18446
2026-01-23 12:25:00,444.6000061035156,444.6000061035156,444.20001220703125,444.25,31663
2026-01-23 12:30:00,444.25,444.3500061035156,443.8999938964844,443.8999938964844,70150
2026-01-23 12:35:00,443.8500061035156,444.0,443.5,443.70001220703125,41137
2026-01-23 12:40:00,443.70001220703125,444.5,443.6499938964844,444.5,120370
2026-01-23 12:45:00,444.5,444.6000061035156,444.3999938964844,444.3999938964844,79464
2026-01-23 12:50:00,444.54998779296875,445.0,444.54998779296875,445.0,45552
2026-01-23 12:55:00,444.8999938964844,445.20001220703125,444.70001220703125,445.1000061035156,178083
2026-01-23 13:00:00,445.0,445.3999938964844,443.79998779296875,444.25,151045
2026-01-23 13:05:00,445.20001220703125,445.5,444.3500061035156,445.5,162510
2026-01-23 13:10:00,444.54998779296875,445.8999938964844,444.54998779296875,445.8999938964844,58753
2026-01-23 13:15:00,445.79998779296875,445.843994140625,445.29998779296875,445.4620056152344,257762
2026-01-23 13:20:00,445.45001220703125,445.6499938964844,445.2900085449219,445.5,38530
2026-01-23 13:25:00,445.5119934082031,445.54998779296875,445.3500061035156,445.3710021972656,86127
2026-01-23 13:30:00,445.29998779296875,445.8500061035156,444.95001220703125,445.69940185546875,339433
2026-01-23 13:35:00,445.70001220703125,445.7170104980469,443.79998779296875,443.79998779296875,88118
2026-01-23 13:40:00,445.79998779296875,446.20001220703125,444.45001220703125,446.1409912109375,242878
2026-01-23 13:45:00,446.04998779296875,447.0,445.54998779296875,446.79998779296875,157663
2026-01-23 13:50:00,446.79998779296875,448.29998779296875,445.45001220703125,448.04998779296875,714379
2026-01-23 13:55:00,448.1499938964844,448.6499938964844,445.6499938964844,448.25,293221
2026-01-23 14:00:00,448.29998779296875,448.75,447.8999938964844,447.9100036621094,204380
2026-01-23 14:05:00,447.95001220703125,448.1499938964844,447.5,448.04998779296875,207927
2026-01-23 14:10:00,447.95001220703125,448.1000061035156,447.5,447.54998779296875,111299
2026-01-23 14:15:00,447.75,448.04998779296875,447.25,447.8500061035156,211693
2026-01-23 14:20:00,447.95001220703125,448.60888671875,447.8619079589844,448.5,212476
2026-01-23 14:25:00,448.5,448.95001220703125,448.1499938964844,448.5,273332
2026-01-23 14:30:00,448.6000061035156,448.79998779296875,446.45001220703125,448.20001220703125,1158308
2026-01-23 14:35:00,448.1520080566406,449.25,447.9014892578125,448.75,390234
2026-01-23 14:40:00,448.75,449.0,446.8500061035156,447.45001220703125,436680
2026-01-23 14:45:00,447.6000061035156,448.04998779296875,447.04998779296875,447.3500061035156,254804
2026-01-23 14:50:00,447.5,448.0,447.1499938964844,448.0,240480
2026-01-23 14:55:00,448.0,448.5,447.79998779296875,448.29998779296875,267549
2026-01-23 15:00:00,448.3500061035156,448.3999938964844,447.6499938964844,448.04998779296875,586787
2026-01-23 15:05:00,448.0,448.6000061035156,447.8999938964844,448.3999938964844,315352
2026-01-23 15:10:00,448.45001220703125,449.04998779296875,448.29998779296875,448.29998779296875,320846
2026-01-23 15:15:00,448.6499938964844,448.75,448.1499938964844,448.5,246861
2026-01-23 15:20:00,448.45001220703125,448.6000061035156,446.75,448.54998779296875,283592
2026-01-23 15:25:00,448.54998779296875,448.8500061035156,447.3500061035156,448.6499938964844,280010
2026-01-23 15:30:00,448.6000061035156,448.6000061035156,447.20001220703125,448.5,160721
2026-01-23 15:35:00,448.3999938964844,448.45001220703125,447.95001220703125,448.0,358069
2026-01-23 15:40:00,447.9800109863281,448.29998779296875,447.6499938964844,447.6499938964844,152246
2026-01-23 15:45:00,447.6499938964844,447.75,446.5,446.54998779296875,392520
2026-01-23 15:50:00,446.54998779296875,448.1499938964844,445.79998779296875,447.75,261817
2026-01-23 15:55:00,447.75,448.29998779296875,445.29998779296875,445.3500061035156,271897
2026-01-23 16:00:00,445.25,448.3999938964844,444.54998779296875,444.79998779296875,289914
2026-01-23 16:05:00,444.70001220703125,448.70001220703125,444.20001220703125,444.3976135253906,206371
2026-01-23 16:10:00,444.3500061035156,448.54998779296875,444.04998779296875,444.04998779296875,229536
2026-01-23 16:15:00,444.1000061035156,448.3999938964844,444.0799865722656,444.45001220703125,290517
2026-01-23 16:20:00,444.3999938964844,448.54998779296875,443.54998779296875,443.6499938964844,200645
2026-01-23 16:25:00,448.29998779296875,448.6000061035156,443.6000061035156,443.8500061035156,246757
2026-01-26 08:00:00,446.6499938964844,448.8500061035156,446.5,448.3500061035156,0
2026-01-26 08:05:00,447.79998779296875,449.29998779296875,447.5,448.7619934082031,415822
2026-01-26 08:10:00,448.8500061035156,449.04998779296875,446.79998779296875,447.75,339934
2026-01-26 08:15:00,447.8500061035156,448.0,446.79998779296875,447.29998779296875,192670
2026-01-26 08:20:00,447.25,447.3999938964844,446.75,446.79998779296875,117469
2026-01-26 08:25:00,447.25,447.3999938964844,446.70001220703125,447.0,103196
2026-01-26 08:30:00,447.04998779296875,447.20001220703125,445.6059875488281,446.04998779296875,103757
2026-01-26 08:35:00,446.1000061035156,446.79998779296875,445.8500061035156,446.6000061035156,156550
2026-01-26 08:40:00,446.5,446.8500061035156,446.0,446.70001220703125,144981
2026-01-26 08:45:00,446.70001220703125,448.75,446.1390075683594,446.54998779296875,88516
2026-01-26 08:50:00,446.54998779296875,447.1000061035156,446.3999938964844,447.1000061035156,67007
2026-01-26 08:55:00,446.54998779296875,448.1000061035156,446.5,447.1000061035156,79880
2026-01-26 09:00:00,447.04998779296875,447.75,446.95001220703125,447.6499938964844,101869
2026-01-26 09:05:00,447.70001220703125,448.1000061035156,447.0,448.1000061035156,147049
2026-01-26 09:10:00,448.04998779296875,448.04998779296875,447.0,447.3999938964844,75746
2026-01-26 09:15:00,447.1000061035156,447.5,446.79998779296875,446.9909973144531,97435
2026-01-26 09:20:00,447.20001220703125,447.20001220703125,446.6000061035156,447.1499938964844,55287
2026-01-26 09:25:00,447.1499938964844,447.3999938964844,446.75,447.29998779296875,80153
2026-01-26 09:30:00,447.20001220703125,447.5,445.6000061035156,446.8999938964844,85747
2026-01-26 09:35:00,446.8500061035156,448.04998779296875,446.5,448.04998779296875,306461
2026-01-26 09:40:00,446.8999938964844,447.20001220703125,446.54998779296875,446.54998779296875,37459
2026-01-26 09:45:00,446.6260070800781,447.04998779296875,446.5,447.0,92855
2026-01-26 09:50:00,447.0,448.29998779296875,446.6000061035156,448.1499938964844,120817
2026-01-26 09:55:00,448.20001220703125,448.70001220703125,446.6000061035156,448.70001220703125,104617
2026-01-26 10:00:00,448.70001220703125,449.3500061035156,446.6000061035156,449.1499938964844,151295
2026-01-26 10:05:00,449.1910095214844,449.3500061035156,446.6000061035156,448.29998779296875,115506
2026-01-26 10:10:00,448.29998779296875,449.1000061035156,448.25,449.0,77148
2026-01-26 10:15:00,449.04998779296875,449.25,448.95001220703125,449.04998779296875,82453
2026-01-26 10:20:00,449.1000061035156,449.1000061035156,448.5,448.5589904785156,90614
2026-01-26 10:25:00,448.6000061035156,448.8999938964844,448.5,448.75,40996
2026-01-26 10:30:00,448.6499938964844,449.1000061035156,448.6499938964844,449.0,58913
2026-01-26 10:35:00,448.8999938964844,449.0,448.6000061035156,448.8999938964844,183596
2026-01-26 10:40:00,448.95001220703125,449.04998779296875,448.54998779296875,448.7090148925781,42854
2026-01-26 10:45:00,448.6000061035156,449.1210021972656,448.6000061035156,448.6000061035156,142160
2026-01-26 10:50:00,448.54998779296875,448.6000061035156,448.0,448.20001220703125,62260
2026-01-26 10:55:00,448.20001220703125,448.54998779296875,446.6499938964844,448.45001220703125,12889159
2026-01-26 11:00:00,448.54998779296875,449.1000061035156,448.54998779296875,449.1000061035156,34672
2026-01-26 11:05:00,449.1000061035156,449.1499938964844,448.8500061035156,448.8999938964844,73732
2026-01-26 11:10:00,448.8500061035156,449.4129943847656,448.8500061035156,449.25,118984
2026-01-26 11:15:00,449.29998779296875,449.3500061035156,449.1499938964844,449.25,42617
2026-01-26 11:20:00,449.29998779296875,449.3500061035156,449.1000061035156,449.3500061035156,46607
2026-01-26 11:25:00,449.30059814453125,449.6000061035156,449.25,449.6000061035156,42276
2026-01-26 11:30:00,449.6499938964844,449.8999938964844,449.54998779296875,449.75,120210
2026-01-26 11:35:00,449.75,449.95001220703125,449.6499938964844,449.8500061035156,187516
2026-01-26 11:40:00,449.8500061035156,449.95001220703125,449.54998779296875,449.54998779296875,62348
2026-01-26 11:45:00,449.6449890136719,449.6499938964844,449.25,449.6499938964844,99254
2026-01-26 11:50:00,449.6000061035156,449.79998779296875,449.6000061035156,449.75,22486
2026-01-26 11:55:00,449.79998779296875,449.8999938964844,449.3500061035156,449.4150085449219,71320
2026-01-26 12:00:00,449.3500061035156,449.45001220703125,449.1000061035156,449.29998779296875,392105
2026-01-26 12:05:00,449.34100341796875,449.70001220703125,449.29998779296875,449.5,39711
2026-01-26 12:10:00,449.5,449.79998779296875,448.45001220703125,449.61700439453125,41498
2026-01-26 12:15:00,449.70001220703125,449.79998779296875,449.29998779296875,449.5,75280
2026-01-26 12:20:00,449.5,449.75,449.20001220703125,449.3999938964844,67355
2026-01-26 12:25:00,449.4219970703125,449.75,449.29998779296875,449.52398681640625,127068
2026-01-26 12:30:00,449.5,449.70001220703125,449.40399169921875,449.5,32363
2026-01-26 12:35:00,449.52099609375,449.75,449.5,449.6000061035156,60170
2026-01-26 12:40:00,449.6499938964844,449.8999938964844,449.6000061035156,449.8500061035156,57673
2026-01-26 12:45:00,449.79998779296875,450.0,448.45001220703125,449.79998779296875,77498
2026-01-26 12:50:00,449.8999938964844,450.0,449.79998779296875,449.8999938964844,426466
2026-01-26 12:55:00,450.0,450.0,449.6000061035156,449.6499938964844,305090
2026-01-26 13:00:00,449.6499938964844,450.29998779296875,449.6000061035156,450.1000061035156,551990
2026-01-26 13:05:00,450.1499938964844,450.29998779296875,450.0,450.1000061035156,153217
2026-01-26 13:10:00,450.1000061035156,450.3999938964844,450.0,450.0060119628906,45921
2026-01-26 13:15:00,450.1499938964844,450.1499938964844,449.6499938964844,449.75,82846
2026-01-26 13:20:00,449.75,449.8999938964844,449.5,449.5,75512
2026-01-26 13:25:00,449.54998779296875,450.0,449.45001220703125,449.9320068359375,57719
2026-01-26 13:30:00,450.04998779296875,450.04998779296875,449.54998779296875,449.8999938964844,148950
2026-01-26 13:35:00,449.8999938964844,449.95001220703125,449.6000061035156,449.6000061035156,62336
2026-01-26 13:40:00,449.70001220703125,449.79998779296875,449.5,449.79998779296875,64089
2026-01-26 13:45:00,449.70001220703125,450.1000061035156,449.70001220703125,450.0,176236
2026-01-26 13:50:00,450.0,450.0,449.6000061035156,449.6409912109375,107269
2026-01-26 13:55:00,449.6499938964844,449.8500061035156,449.5,449.6499938964844,120316
2026-01-26 14:00:00,449.70001220703125,449.75,449.3999938964844,449.6499938964844,76572
2026-01-26 14:05:00,449.75,449.75,449.6000061035156,449.75,87762
2026-01-26 14:10:00,449.70001220703125,449.8500061035156,449.54998779296875,449.8500061035156,105215
2026-01-26 14:15:00,449.75,449.75,449.0,449.0,281421
2026-01-26 14:20:00,449.0,449.0,448.29998779296875,448.75,162391
2026-01-26 14:25:00,448.75,448.95001220703125,448.25,448.79998779296875,120476
2026-01-26 14:30:00,448.79998779296875,449.54998779296875,446.0,446.04998779296875,376586
2026-01-26 14:35:00,446.0,446.20001220703125,444.75,445.8999938964844,313961
2026-01-26 14:40:00,445.95001220703125,446.1499938964844,444.95001220703125,445.75,228349
2026-01-26 14:45:00,445.79998779296875,445.8500061035156,445.04998779296875,445.1499938964844,268440
2026-01-26 14:50:00,445.29998779296875,448.0,444.45001220703125,444.6499938964844,173313
2026-01-26 14:55:00,444.6499938964844,444.6499938964844,444.0,444.20001220703125,135210
2026-01-26 15:00:00,444.1499938964844,445.6499938964844,444.1000061035156,445.6499938964844,148919
2026-01-26 15:05:00,445.70001220703125,446.1000061035156,445.6000061035156,445.95001220703125,127548
2026-01-26 15:10:00,446.1499938964844,446.29998779296875,445.6000061035156,445.8999938964844,176538
2026-01-26 15:15:00,445.95001220703125,446.1000061035156,445.45001220703125,445.5,78613
2026-01-26 15:20:00,445.45001220703125,445.79998779296875,445.1000061035156,445.75,75180
2026-01-26 15:25:00,445.70001220703125,445.8999938964844,445.5,445.79998779296875,92721
2026-01-26 15:30:00,445.79998779296875,445.79998779296875,445.20001220703125,445.25,95099
2026-01-26 15:35:00,445.20001220703125,445.3999938964844,444.95001220703125,445.25,133488
2026-01-26 15:40:00,445.20001220703125,447.3500061035156,444.3999938964844,445.20001220703125,230887
2026-01-26 15:45:00,445.20001220703125,446.1000061035156,445.15899658203125,445.3500061035156,64561
2026-01-26 15:50:00,445.3500061035156,445.6499938964844,445.1000061035156,445.6499938964844,118543
2026-01-26 15:55:00,445.6499938964844,446.0,445.29998779296875,445.6719970703125,578821
2026-01-26 16:00:00,445.6000061035156,445.8999938964844,444.8500061035156,445.70001220703125,208189
2026-01-26 16:05:00,445.5,446.1000061035156,445.29998779296875,446.1000061035156,193992
2026-01-26 16:10:00,446.04998779296875,446.1000061035156,445.1499938964844,445.54998779296875,303879
2026-01-26 16:15:00,445.5,445.6499938964844,445.29998779296875,445.45001220703125,145797
2026-01-26 16:20:00,445.5,445.75,445.29998779296875,445.45001220703125,121520
2026-01-26 16:25:00,445.45001220703125,445.6000061035156,445.1499938964844,445.25,229232
2026-01-27 08:00:00,446.3500061035156,447.6499938964844,444.9932861328125,445.6000061035156,0
2026-01-27 08:05:00,445.54998779296875,447.6499938964844,444.45001220703125,445.25,160705
2026-01-27 08:10:00,445.1499938964844,447.6499938964844,444.70001220703125,445.25,141912
2026-01-27 08:15:00,445.25,445.45001220703125,444.75,445.25,133635
2026-01-27 08:20:00,445.25,446.0,444.8999938964844,445.20001220703125,210939
2026-01-27 08:25:00,445.20001220703125,445.45001220703125,444.75,444.75,100758
2026-01-27 08:30:00,444.6000061035156,445.3500061035156,444.54998779296875,444.54998779296875,94704
2026-01-27 08:35:00,445.3500061035156,445.54998779296875,444.29998779296875,445.3500061035156,53190
2026-01-27 08:40:00,445.20001220703125,445.6499938964844,444.84539794921875,445.3999938964844,53832
2026-01-27 08:45:00,444.95001220703125,445.75,444.70001220703125,445.54998779296875,214666
2026-01-27 08:50:00,444.8500061035156,446.3500061035156,444.75,445.20001220703125,13158138
2026-01-27 08:55:00,445.3500061035156,445.3999938964844,444.29998779296875,444.29998779296875,41004
2026-01-27 09:00:00,445.1000061035156,445.1499938964844,444.5,444.75,57887
2026-01-27 09:05:00,444.7749938964844,445.54998779296875,443.92120361328125,444.0,581917
2026-01-27 09:10:00,444.0450134277344,444.3999938964844,444.0,444.0679931640625,141837
2026-01-27 09:15:00,444.1000061035156,444.79998779296875,444.0780029296875,444.6000061035156,80618
2026-01-27 09:20:00,444.5530090332031,444.8999938964844,444.54998779296875,444.8999938964844,65408
2026-01-27 09:25:00,444.8999938964844,444.95001220703125,444.3500061035156,444.3500061035156,90948
2026-01-27 09:30:00,444.45001220703125,444.45001220703125,444.1000061035156,444.20001220703125,32592
2026-01-27 09:35:00,444.29998779296875,444.6499938964844,444.25,444.5,32850
2026-01-27 09:40:00,444.6000061035156,444.70001220703125,444.04998779296875,444.1499938964844,83100
2026-01-27 09:45:00,444.04998779296875,444.54998779296875,444.0450134277344,444.45001220703125,11535
2026-01-27 09:50:00,444.3999938964844,444.7449951171875,444.25,444.5,58554
2026-01-27 09:55:00,444.54400634765625,444.95001220703125,444.54400634765625,444.8450012207031,26213
2026-01-27 10:00:00,444.8500061035156,445.04998779296875,444.75,445.0,62494
2026-01-27 10:05:00,445.04998779296875,445.29998779296875,444.8500061035156,445.25,43840
2026-01-27 10:10:00,445.18701171875,446.45001220703125,445.18701171875,445.5450134277344,278242
2026-01-27 10:15:00,445.54998779296875,446.29998779296875,445.54998779296875,446.1000061035156,101275
2026-01-27 10:20:00,446.20001220703125,446.3500061035156,445.70001220703125,445.8500061035156,50364
2026-01-27 10:25:00,445.75,446.20001220703125,445.70001220703125,445.79998779296875,95074
2026-01-27 10:30:00,445.70001220703125,446.1000061035156,445.6499938964844,445.8999938964844,78147
2026-01-27 10:35:00,445.8500061035156,446.20001220703125,445.77801513671875,446.1495056152344,40842
2026-01-27 10:40:00,446.1499938964844,446.6499938964844,446.1000061035156,446.54998779296875,86323
2026-01-27 10:45:00,446.70001220703125,446.75,446.44500732421875,446.6499938964844,33263
2026-01-27 10:50:00,446.70001220703125,447.0,446.54998779296875,446.79510498046875,40426
2026-01-27 10:55:00,446.75799560546875,447.1000061035156,446.75,446.8999938964844,68160
2026-01-27 11:00:00,446.8999938964844,447.1499938964844,446.8500061035156,447.0450134277344,17967
2026-01-27 11:05:00,447.0448913574219,447.3500061035156,447.0,447.25,47525
2026-01-27 11:10:00,447.20001220703125,447.6000061035156,447.1499938964844,447.1499938964844,65147
2026-01-27 11:15:00,447.25,447.45001220703125,447.04998779296875,447.3999938964844,25501
2026-01-27 11:20:00,447.1499938964844,447.25,446.95001220703125,447.02301025390625,26331
2026-01-27 11:25:00,447.0260009765625,447.1499938964844,446.8999938964844,446.8999938964844,22225
2026-01-27 11:30:00,446.8999938964844,447.25,446.8999938964844,446.8999938964844,63128
2026-01-27 11:35:00,446.95001220703125,447.3999938964844,446.8999938964844,447.3999938964844,34629
2026-01-27 11:40:00,447.3500061035156,447.6000061035156,447.25,447.4801025390625,52909
2026-01-27 11:45:00,447.45001220703125,447.54998779296875,447.1000061035156,447.2560119628906,31444
2026-01-27 11:50:00,447.25,447.3999938964844,446.75,446.75,56881
2026-01-27 11:55:00,446.69610595703125,446.75,446.29998779296875,446.29998779296875,47104
2026-01-27 12:00:00,446.45001220703125,446.70001220703125,446.20001220703125,446.3999938964844,55512
2026-01-27 12:05:00,446.3999938964844,446.6499938964844,446.3500061035156,446.3999938964844,35236
2026-01-27 12:10:00,446.3999938964844,446.45001220703125,445.70001220703125,445.95001220703125,37589
2026-01-27 12:15:00,445.95001220703125,446.0,445.6000061035156,445.8500061035156,21614
2026-01-27 12:20:00,445.8500061035156,446.0,445.3500061035156,445.45001220703125,70781
2026-01-27 12:25:00,445.5,445.54998779296875,445.0,445.25,12615
2026-01-27 12:30:00,445.29998779296875,445.3500061035156,444.85089111328125,445.0098876953125,30990
2026-01-27 12:35:00,445.04998779296875,445.25,444.8999938964844,445.20001220703125,46612
2026-01-27 12:40:00,445.04998779296875,445.29998779296875,444.95001220703125,444.95001220703125,72557
2026-01-27 12:45:00,445.04998779296875,445.45001220703125,444.95001220703125,445.3999938964844,19659
2026-01-27 12:50:00,445.5,445.54998779296875,445.0950012207031,445.54998779296875,53214
2026-01-27 12:55:00,445.45001220703125,445.45001220703125,445.20001220703125,445.3500061035156,20920
2026-01-27 13:00:00,445.29998779296875,445.75,445.29998779296875,445.5,40324
2026-01-27 13:05:00,445.70001220703125,445.8500061035156,445.45001220703125,445.45001220703125,45185
2026-01-27 13:10:00,445.3450012207031,445.75,445.29998779296875,445.45001220703125,62166
2026-01-27 13:15:00,445.45001220703125,446.04998779296875,445.29998779296875,446.0,44675
2026-01-27 13:20:00,446.12799072265625,446.29998779296875,446.0450134277344,446.2497863769531,58855
2026-01-27 13:25:00,446.29998779296875,446.3500061035156,446.1000061035156,446.25,39569
2026-01-27 13:30:00,446.25,447.45001220703125,446.25,447.3500061035156,62136
2026-01-27 13:35:00,447.25,447.8999938964844,447.25,447.6499938964844,134032
2026-01-27 13:40:00,447.6499938964844,448.6000061035156,447.54998779296875,448.5,130348
2026-01-27 13:45:00,448.54998779296875,448.875,448.3999938964844,448.54998779296875,29893
2026-01-27 13:50:00,448.6499938964844,449.6000061035156,448.5,449.3500061035156,132706
2026-01-27 13:55:00,449.45001220703125,449.95001220703125,449.1499938964844,449.79998779296875,41765
2026-01-27 14:00:00,450.0,450.25,449.20001220703125,449.29998779296875,317465
2026-01-27 14:05:00,449.25,449.45001220703125,448.6000061035156,448.6000061035156,79015
2026-01-27 14:10:00,448.5,448.54998779296875,448.1499938964844,448.29998779296875,74392
2026-01-27 14:15:00,448.3500061035156,448.45001220703125,447.95001220703125,447.95001220703125,56218
2026-01-27 14:20:00,447.79998779296875,448.04998779296875,447.5,447.6499938964844,55150
2026-01-27 14:25:00,447.6499938964844,448.0,447.04998779296875,448.0,111492
2026-01-27 14:30:00,448.1499938964844,448.8500061035156,447.1499938964844,447.6499938964844,361755
2026-01-27 14:35:00,447.54998779296875,450.70001220703125,447.5,450.5,329563
2026-01-27 14:40:00,450.45001220703125,452.5950012207031,450.45001220703125,451.75,290214
2026-01-27 14:45:00,451.6000061035156,451.79998779296875,450.8500061035156,450.8999938964844,91128
2026-01-27 14:50:00,450.8500061035156,451.04998779296875,450.3999938964844,450.4739990234375,224719
2026-01-27 14:55:00,450.3299865722656,451.0,447.5,450.20001220703125,168907
2026-01-27 15:00:00,450.1000061035156,450.8500061035156,450.0,450.29998779296875,246975
2026-01-27 15:05:00,450.3500061035156,451.54998779296875,447.79998779296875,451.54998779296875,219500
2026-01-27 15:10:00,451.3999938964844,451.95001220703125,447.79998779296875,451.3999938964844,145914
2026-01-27 15:15:00,451.4960021972656,451.70001220703125,450.6000061035156,450.75,170157
2026-01-27 15:20:00,450.6499938964844,450.79998779296875,450.29998779296875,450.3999938964844,82144
2026-01-27 15:25:00,450.375,450.95001220703125,449.20001220703125,450.70001220703125,160592
2026-01-27 15:30:00,450.79998779296875,451.25,446.3500061035156,451.1000061035156,2611413
2026-01-27 15:35:00,451.1499938964844,451.5,450.8999938964844,451.4244079589844,158562
2026-01-27 15:40:00,451.3999938964844,452.3999938964844,450.7749938964844,450.9670104980469,133801
2026-01-27 15:45:00,450.95001220703125,451.75,450.54998779296875,450.6000061035156,173145
2026-01-27 15:50:00,450.6499938964844,451.20001220703125,450.6000061035156,450.6000061035156,211024
2026-01-27 15:55:00,450.54998779296875,451.25,450.54998779296875,451.25,135977
2026-01-27 16:00:00,451.2091064453125,451.45001220703125,451.04998779296875,451.3999938964844,157173
2026-01-27 16:05:00,451.3500061035156,451.6000061035156,451.1499938964844,451.45001220703125,161453
2026-01-27 16:10:00,451.39898681640625,451.5,450.54998779296875,450.54998779296875,271322
2026-01-27 16:15:00,450.6499938964844,450.8999938964844,450.3999938964844,450.8500061035156,190549
2026-01-27 16:20:00,450.6499938964844,451.20001220703125,450.45001220703125,451.1499938964844,207546
2026-01-27 16:25:00,451.1000061035156,451.75,450.75,451.6000061035156,355565
2026-01-28 08:00:00,454.0,457.29998779296875,454.0,457.04998779296875,0
2026-01-28 08:05:00,457.04998779296875,458.0,457.0,458.0,159826
2026-01-28 08:10:00,457.95001220703125,458.75,457.1499938964844,457.70001220703125,298931
2026-01-28 08:15:00,457.8500061035156,458.04998779296875,457.5,457.6000061035156,155381
2026-01-28 08:20:00,457.75,458.43310546875,457.29998779296875,458.0299987792969,267083
2026-01-28 08:25:00,458.1000061035156,458.75,455.29998779296875,458.6000061035156,124114
2026-01-28 08:30:00,458.6000061035156,459.20001220703125,457.1499938964844,458.6499938964844,152246
2026-01-28 08:35:00,458.6000061035156,458.75,456.20001220703125,458.04998779296875,70475
2026-01-28 08:40:00,458.00140380859375,458.45001220703125,457.3500061035156,458.0270080566406,63130
2026-01-28 08:45:00,458.1000061035156,459.0,457.25,457.8500061035156,113160
2026-01-28 08:50:00,457.8500061035156,459.75,457.8500061035156,458.79998779296875,310850
2026-01-28 08:55:00,457.8500061035156,459.3999938964844,457.8500061035156,459.25,286584
2026-01-28 09:00:00,459.25,459.6000061035156,457.3999938964844,457.8500061035156,188561
2026-01-28 09:05:00,457.8500061035156,458.8999938964844,457.25,458.75,91654
2026-01-28 09:10:00,458.8009948730469,458.95001220703125,457.75,458.5,108037
2026-01-28 09:15:00,458.5,459.04998779296875,457.79998779296875,458.43011474609375,141376
2026-01-28 09:20:00,459.45001220703125,459.45001220703125,457.6499938964844,458.8999938964844,256071
2026-01-28 09:25:00,458.8999938964844,459.6499938964844,456.3999938964844,458.29998779296875,274404
2026-01-28 09:30:00,456.45001220703125,459.5,456.20001220703125,456.29998779296875,103492
2026-01-28 09:35:00,457.79998779296875,458.79998779296875,456.20001220703125,456.8500061035156,192191
2026-01-28 09:40:00,456.75,457.5,456.75,457.45001220703125,118555
2026-01-28 09:45:00,457.49700927734375,457.6499938964844,457.1000061035156,457.54998779296875,97054
2026-01-28 09:50:00,457.5,457.5,456.79998779296875,457.0,115364
2026-01-28 09:55:00,457.1000061035156,457.3999938964844,456.70001220703125,456.8500061035156,80909
2026-01-28 10:00:00,456.95001220703125,457.5,456.95001220703125,457.3999938964844,60499
2026-01-28 10:05:00,457.3999938964844,457.70001220703125,457.1000061035156,457.20001220703125,62575
2026-01-28 10:10:00,457.20001220703125,457.3550109863281,456.45001220703125,456.6499938964844,84065
2026-01-28 10:15:00,456.70001220703125,456.95001220703125,456.3999938964844,456.3999938964844,100012
2026-01-28 10:20:00,456.29998779296875,456.5,456.25,456.3999938964844,25213
2026-01-28 10:25:00,456.5,456.70001220703125,456.3500061035156,456.45001220703125,68108
2026-01-28 10:30:00,456.5,456.79998779296875,456.5,456.6000061035156,57823
2026-01-28 10:35:00,456.6000061035156,456.75,456.54998779296875,456.70001220703125,57884
2026-01-28 10:40:00,456.70001220703125,456.8500061035156,456.6000061035156,456.79998779296875,56192
2026-01-28 10:45:00,456.70001220703125,456.70001220703125,456.1000061035156,456.3999938964844,76434
2026-01-28 10:50:00,456.29998779296875,456.3500061035156,455.70001220703125,455.8550109863281,65964
2026-01-28 10:55:00,455.8548889160156,456.0,455.6000061035156,455.6499938964844,47792
2026-01-28 11:00:00,455.79998779296875,455.95001220703125,455.3500061035156,455.4599914550781,95524
2026-01-28 11:05:00,455.54998779296875,455.54998779296875,454.95001220703125,455.29998779296875,68905
2026-01-28 11:10:00,455.29998779296875,455.54998779296875,455.0,455.25,103920
2026-01-28 11:15:00,455.29998779296875,455.29998779296875,454.8500061035156,454.95001220703125,49159
2026-01-28 11:20:00,454.95001220703125,455.3500061035156,454.8550109863281,455.25,44324
2026-01-28 11:25:00,455.25,455.45001220703125,455.0,455.20001220703125,103217
2026-01-28 11:30:00,455.20001220703125,455.3999938964844,455.04998779296875,455.1000061035156,50622
2026-01-28 11:35:00,455.1000061035156,455.25,454.8500061035156,454.8500061035156,51703
2026-01-28 11:40:00,454.75,454.95001220703125,454.45001220703125,454.6000061035156,105190
2026-01-28 11:45:00,454.70001220703125,454.8500061035156,454.45001220703125,454.45001220703125,52326
2026-01-28 11:50:00,454.54998779296875,454.6499938964844,454.29998779296875,454.4230041503906,182350
2026-01-28 11:55:00,454.45001220703125,454.8999938964844,454.45001220703125,454.8500061035156,895109
2026-01-28 12:00:00,454.8500061035156,455.29998779296875,454.72601318359375,455.25,50522
2026-01-28 12:05:00,455.29998779296875,455.3999938964844,454.95001220703125,455.20001220703125,50321
2026-01-28 12:10:00,455.20001220703125,457.8500061035156,455.1499938964844,455.3500061035156,1053181
2026-01-28 12:15:00,455.3999938964844,455.70001220703125,455.20001220703125,455.3999938964844,62596
2026-01-28 12:20:00,455.3999938964844,455.45001220703125,455.04998779296875,455.3500061035156,76395
2026-01-28 12:25:00,455.45001220703125,455.8999938964844,455.3500061035156,455.75,45564
2026-01-28 12:30:00,455.6499938964844,455.79998779296875,455.54998779296875,455.75,52727
2026-01-28 12:35:00,455.6499938964844,456.0049133300781,455.6000061035156,455.6499938964844,47322
2026-01-28 12:40:00,455.54998779296875,456.5,455.54998779296875,456.3999938964844,48075
2026-01-28 12:45:00,456.3500061035156,457.25,456.25,457.25,139250
2026-01-28 12:50:00,457.29998779296875,457.70001220703125,457.29998779296875,457.29998779296875,40851
2026-01-28 12:55:00,457.3576965332031,457.45001220703125,457.04998779296875,457.4179992675781,97563
2026-01-28 13:00:00,457.3500061035156,458.25,457.3500061035156,458.1499938964844,66324
2026-01-28 13:05:00,458.1000061035156,458.2041015625,457.8999938964844,458.0,69091
2026-01-28 13:10:00,457.95001220703125,457.95001220703125,457.29998779296875,457.5,30383
2026-01-28 13:15:00,457.4289855957031,457.6499938964844,457.25,457.29998779296875,49976
2026-01-28 13:20:00,457.29998779296875,457.45001220703125,456.95001220703125,457.3739929199219,67411
2026-01-28 13:25:00,457.3999938964844,457.5,457.20001220703125,457.3999938964844,73242
2026-01-28 13:30:00,457.3999938964844,457.6000061035156,457.04998779296875,457.04998779296875,555561
2026-01-28 13:35:00,457.1050109863281,457.29998779296875,457.0,457.20001220703125,136637
2026-01-28 13:40:00,457.29998779296875,457.45001220703125,457.0,457.04998779296875,68136
2026-01-28 13:45:00,457.0,457.70001220703125,457.0,457.70001220703125,38754
2026-01-28 13:50:00,457.6730041503906,457.6730041503906,457.29998779296875,457.5,76355
2026-01-28 13:55:00,457.54998779296875,457.75,457.3999938964844,457.6499938964844,91822
2026-01-28 14:00:00,457.69488525390625,458.0,457.6000061035156,457.89990234375,87075
2026-01-28 14:05:00,457.95001220703125,458.45001220703125,457.70001220703125,458.1499938964844,91536
2026-01-28 14:10:00,458.07501220703125,458.20001220703125,457.6000061035156,457.8500061035156,99705
2026-01-28 14:15:00,457.8500061035156,458.70001220703125,457.8500061035156,458.1499938964844,191781
2026-01-28 14:20:00,457.95001220703125,458.20001220703125,456.95001220703125,457.20001220703125,449284
2026-01-28 14:25:00,457.20001220703125,457.54998779296875,456.75,457.54998779296875,107809
2026-01-28 14:30:00,457.6000061035156,458.20001220703125,456.5,456.6499938964844,402525
2026-01-28 14:35:00,457.3500061035156,457.5,456.04998779296875,456.45001220703125,366798
2026-01-28 14:40:00,456.54998779296875,457.0,456.4859924316406,456.75,212380
2026-01-28 14:45:00,456.79998779296875,457.54998779296875,456.5,457.04998779296875,794276
2026-01-28 14:50:00,457.0,457.95001220703125,456.75,457.75,176952
2026-01-28 14:55:00,457.8280029296875,458.1499938964844,457.6499938964844,457.79998779296875,221427
2026-01-28 15:00:00,457.8500061035156,458.20001220703125,456.8999938964844,457.54998779296875,198962
2026-01-28 15:05:00,457.54998779296875,457.95001220703125,455.5,456.04998779296875,582396
2026-01-28 15:10:00,456.1499938964844,456.9410095214844,456.0360107421875,456.45001220703125,255061
2026-01-28 15:15:00,456.5,457.1499938964844,456.29998779296875,456.54998779296875,127310
2026-01-28 15:20:00,456.4909973144531,456.8500061035156,456.1000061035156,456.75,148498
2026-01-28 15:25:00,456.8500061035156,457.0,456.1000061035156,456.20001220703125,154439
2026-01-28 15:30:00,456.04998779296875,457.1000061035156,455.3999938964844,455.5589904785156,217396
2026-01-28 15:35:00,455.54998779296875,455.75,455.25,455.75,180491
2026-01-28 15:40:00,455.79998779296875,457.1000061035156,455.6000061035156,456.04998779296875,135282
2026-01-28 15:45:00,456.0,456.54998779296875,455.95001220703125,456.45001220703125,117298
2026-01-28 15:50:00,456.45001220703125,457.3999938964844,456.04998779296875,456.25,273672
2026-01-28 15:55:00,456.25,456.45001220703125,455.95001220703125,455.95001220703125,127233
2026-01-28 16:00:00,455.95001220703125,457.29998779296875,455.75,456.0,239368
2026-01-28 16:05:00,456.0,458.1000061035156,455.75,456.5,226690
2026-01-28 16:10:00,456.6000061035156,457.8999938964844,456.20001220703125,456.3710021972656,142685
2026-01-28 16:15:00,456.3999938964844,457.79998779296875,456.04998779296875,456.2699890136719,95259
2026-01-28 16:20:00,456.0791015625,456.6000061035156,456.0791015625,456.3999938964844,173383
2026-01-28 16:25:00,456.5,458.0,456.29998779296875,456.54998779296875,500076
2026-01-29 08:00:00,460.0,461.5,459.75,461.25,0
2026-01-29 08:05:00,461.1000061035156,463.3160095214844,460.0,463.1000061035156,421455
2026-01-29 08:10:00,462.95001220703125,463.1000061035156,460.0,462.0,315590
2026-01-29 08:15:00,461.75,462.25,460.70001220703125,460.95001220703125,172125
2026-01-29 08:20:00,460.8999938964844,462.8999938964844,460.70001220703125,461.95001220703125,168836
2026-01-29 08:25:00,462.0,462.95001220703125,460.04998779296875,461.8999938964844,117674
2026-01-29 08:30:00,461.8999938964844,462.6499938964844,461.375,461.375,157106
2026-01-29 08:35:00,461.5,462.6499938964844,461.29998779296875,462.2724914550781,61217
2026-01-29 08:40:00,462.26800537109375,463.04998779296875,462.25,462.5,137319
2026-01-29 08:45:00,463.0,463.2909851074219,461.79998779296875,461.79998779296875,189398
2026-01-29 08:50:00,462.95001220703125,463.0,462.04998779296875,462.52398681640625,122233
2026-01-29 08:55:00,462.5,462.70001220703125,461.79998779296875,462.6000061035156,64876
2026-01-29 09:00:00,462.6000061035156,463.3500061035156,461.5,463.29998779296875,153156
2026-01-29 09:05:00,463.29998779296875,463.6499938964844,461.95001220703125,463.3500061035156,145813
2026-01-29 09:10:00,463.45001220703125,463.45001220703125,461.5,462.8500061035156,254308
2026-01-29 09:15:00,462.70001220703125,463.29998779296875,462.6000061035156,463.04998779296875,52024
2026-01-29 09:20:00,463.04998779296875,463.54998779296875,462.75,463.20001220703125,205985
2026-01-29 09:25:00,463.20001220703125,464.0,463.20001220703125,463.70001220703125,170201
2026-01-29 09:30:00,463.79998779296875,464.3500061035156,463.6000061035156,464.1499938964844,227215
2026-01-29 09:35:00,464.20001220703125,464.6499938964844,464.1000061035156,464.6499938964844,190438
2026-01-29 09:40:00,464.6000061035156,464.6499938964844,463.75,463.75,224215
2026-01-29 09:45:00,463.75,464.70001220703125,463.75,464.6000061035156,311042
2026-01-29 09:50:00,464.54998779296875,464.8500061035156,464.45001220703125,464.6000061035156,145083
2026-01-29 09:55:00,464.6000061035156,464.8500061035156,464.5,464.79998779296875,426402
2026-01-29 10:00:00,464.6860046386719,465.29998779296875,464.54998779296875,464.79998779296875,474296
2026-01-29 10:05:00,464.9049987792969,465.1000061035156,464.6000061035156,464.6498107910156,125757
2026-01-29 10:10:00,464.635986328125,465.0,464.2690124511719,464.3500061035156,239587
2026-01-29 10:15:00,464.3999938964844,464.5,463.95001220703125,464.0,150040
2026-01-29 10:20:00,464.0,464.1499938964844,463.6000061035156,463.8500061035156,79189
2026-01-29 10:25:00,463.7676086425781,463.8999938964844,463.29998779296875,463.70001220703125,58345
2026-01-29 10:30:00,463.70001220703125,463.70001220703125,463.0,463.20001220703125,52705
2026-01-29 10:35:00,463.2471008300781,463.70001220703125,463.04998779296875,463.3500061035156,79796
2026-01-29 10:40:00,463.3500061035156,463.6000061035156,463.04998779296875,463.3500061035156,46599
2026-01-29 10:45:00,463.54998779296875,463.70001220703125,463.3500061035156,463.45001220703125,92066
2026-01-29 10:50:00,463.45001220703125,464.29998779296875,463.25,464.29998779296875,80282
2026-01-29 10:55:00,464.04998779296875,464.20001220703125,463.505615234375,463.70001220703125,104627
2026-01-29 11:00:00,463.70001220703125,463.7359924316406,463.29998779296875,463.3999938964844,43940
2026-01-29 11:05:00,463.3999938964844,463.54998779296875,462.75,462.79998779296875,118782
2026-01-29 11:10:00,462.8500061035156,462.8500061035156,462.3999938964844,462.6499938964844,100824
2026-01-29 11:15:00,462.6499938964844,463.20001220703125,462.6499938964844,463.0,74405
2026-01-29 11:20:00,462.8551025390625,463.1499938964844,462.75,463.0360107421875,69542
2026-01-29 11:25:00,463.1000061035156,463.3500061035156,462.75,463.3500061035156,78099
2026-01-29 11:30:00,463.3999938964844,463.95001220703125,463.3775939941406,463.70489501953125,57886
2026-01-29 11:35:00,463.75,463.95001220703125,463.6910095214844,463.8999938964844,80552
2026-01-29 11:40:00,463.95001220703125,464.0,463.75,463.8999938964844,163053
2026-01-29 11:45:00,463.79998779296875,464.25,463.79998779296875,463.9849853515625,81281
2026-01-29 11:50:00,463.95001220703125,464.04998779296875,463.79998779296875,464.0,51217
2026-01-29 11:55:00,464.0,464.1000061035156,463.70001220703125,463.8500061035156,119152
2026-01-29 12:00:00,463.79998779296875,463.8500061035156,463.04998779296875,463.6000061035156,437985
2026-01-29 12:05:00,463.6000061035156,463.6000061035156,463.1499938964844,463.20001220703125,49124
2026-01-29 12:10:00,463.1000061035156,463.70001220703125,463.04998779296875,463.3999938964844,19842
2026-01-29 12:15:00,463.29998779296875,463.29998779296875,463.0,463.0,35494
2026-01-29 12:20:00,463.1000061035156,463.1499938964844,462.79998779296875,462.8179931640625,47359
2026-01-29 12:25:00,462.82598876953125,463.29998779296875,462.79998779296875,463.29998779296875,70659
2026-01-29 12:30:00,463.29998779296875,463.5,462.95001220703125,463.04998779296875,53216
2026-01-29 12:35:00,463.0360107421875,463.5,463.0360107421875,463.3500061035156,24684
2026-01-29 12:40:00,463.29998779296875,463.70001220703125,463.1000061035156,463.54998779296875,44457
2026-01-29 12:45:00,463.5,463.79998779296875,463.45001220703125,463.75,73819
2026-01-29 12:50:00,463.79998779296875,464.0,463.70001220703125,463.8999938964844,67262
2026-01-29 12:55:00,463.8999938964844,463.95001220703125,463.3500061035156,463.6000061035156,60968
2026-01-29 13:00:00,463.54998779296875,463.6499938964844,463.25,463.2909851074219,10316
2026-01-29 13:05:00,463.3500061035156,463.8500061035156,463.29888916015625,463.77801513671875,49620
2026-01-29 13:10:00,463.79998779296875,464.54998779296875,463.75,464.54998779296875,97989
2026-01-29 13:15:00,464.6000061035156,465.5,464.5,465.2861022949219,286247
2026-01-29 13:20:00,465.29998779296875,465.3999938964844,465.0,465.1000061035156,109531
2026-01-29 13:25:00,465.1000061035156,465.3999938964844,464.95001220703125,465.29998779296875,42086
2026-01-29 13:30:00,465.29998779296875,465.29998779296875,464.25,464.45001220703125,182441
2026-01-29 13:35:00,464.3999938964844,464.75,464.1080017089844,464.20001220703125,83659
2026-01-29 13:40:00,464.20001220703125,464.54998779296875,464.1499938964844,464.20001220703125,86879
2026-01-29 13:45:00,464.1000061035156,464.29998779296875,463.8999938964844,464.1000061035156,103471
2026-01-29 13:50:00,464.1000061035156,464.25,463.70001220703125,464.20001220703125,177503
2026-01-29 13:55:00,464.1499938964844,464.6499938964844,463.8999938964844,464.2349853515625,176697
2026-01-29 14:00:00,464.29998779296875,465.25,464.25,465.24200439453125,114948
2026-01-29 14:05:00,465.1499938964844,465.20001220703125,464.1000061035156,464.1499938964844,165696
2026-01-29 14:10:00,464.20001220703125,465.45001220703125,464.1000061035156,465.3349914550781,211771
2026-01-29 14:15:00,465.3999938964844,466.5,464.92498779296875,466.3179931640625,234995
2026-01-29 14:20:00,466.25,466.3999938964844,465.79998779296875,466.3999938964844,184884
2026-01-29 14:25:00,466.29998779296875,466.95001220703125,465.75,465.8500061035156,480243
2026-01-29 14:30:00,466.04998779296875,468.3999938964844,466.0,468.29998779296875,1371269
2026-01-29 14:35:00,468.20001220703125,468.79998779296875,467.45001220703125,468.29998779296875,589724
2026-01-29 14:40:00,468.3999938964844,468.45001220703125,466.8033142089844,467.04998779296875,874448
2026-01-29 14:45:00,467.04998779296875,467.3999938964844,465.8500061035156,466.8999938964844,697523
2026-01-29 14:50:00,466.79998779296875,467.04998779296875,465.4519958496094,466.0,383173
2026-01-29 14:55:00,466.04998779296875,467.9298400878906,464.0,464.20001220703125,359243
2026-01-29 15:00:00,464.0,467.54998779296875,464.0,465.25,286854
2026-01-29 15:05:00,465.29998779296875,465.8999938964844,464.45001220703125,464.5,199528
2026-01-29 15:10:00,464.5,464.8999938964844,462.95001220703125,463.79998779296875,372865
2026-01-29 15:15:00,463.6499938964844,468.0,461.95001220703125,462.70001220703125,571272
2026-01-29 15:20:00,463.0,463.1499938964844,462.25,462.54998779296875,573523
2026-01-29 15:25:00,462.5,463.29998779296875,462.20001220703125,462.2860107421875,412025
2026-01-29 15:30:00,462.25,462.8023986816406,461.20001220703125,461.5,829709
2026-01-29 15:35:00,461.45001220703125,462.1499938964844,461.20001220703125,461.6499938964844,450484
2026-01-29 15:40:00,461.79998779296875,462.0,460.8500061035156,460.8999938964844,307321
2026-01-29 15:45:00,460.95001220703125,462.45001220703125,460.8500061035156,462.0,944841
2026-01-29 15:50:00,462.04998779296875,462.04998779296875,461.1000061035156,461.8999938964844,386351
2026-01-29 15:55:00,461.8999938964844,468.70001220703125,461.54998779296875,461.70001220703125,327217
2026-01-29 16:00:00,461.70001220703125,468.29998779296875,461.25,461.4775085449219,476182
2026-01-29 16:05:00,461.45001220703125,468.3999938964844,460.70001220703125,461.1499938964844,407805
2026-01-29 16:10:00,461.1499938964844,468.29998779296875,460.95001220703125,462.75,342185
2026-01-29 16:15:00,462.70001220703125,468.1000061035156,462.20001220703125,462.45001220703125,260423
2026-01-29 16:20:00,462.3999938964844,467.3500061035156,461.3500061035156,461.70001220703125,530062
2026-01-29 16:25:00,461.79998779296875,466.70001220703125,461.20001220703125,461.75,677405
2026-01-30 08:00:00,457.54998779296875,459.04998779296875,456.79998779296875,459.04998779296875,0
2026-01-30 08:05:00,459.04998779296875,459.3999938964844,457.5,457.79998779296875,179196
2026-01-30 08:10:00,457.75,457.95001220703125,457.0,457.0,148288
2026-01-30 08:15:00,457.0,457.8500061035156,456.02801513671875,456.95001220703125,170577
2026-01-30 08:20:00,456.8999938964844,458.8500061035156,455.95001220703125,456.0,228874
2026-01-30 08:25:00,455.8999938964844,457.3999938964844,455.70001220703125,457.3500061035156,203998
2026-01-30 08:30:00,457.25,457.3999938964844,456.70001220703125,457.25,454738
2026-01-30 08:35:00,457.25,457.75,456.8999938964844,457.6000061035156,99319
2026-01-30 08:40:00,457.6000061035156,458.20001220703125,456.8999938964844,457.45001220703125,126889
2026-01-30 08:45:00,457.0,458.04998779296875,456.8999938964844,457.0,59022
2026-01-30 08:50:00,456.8999938964844,458.0,456.79998779296875,457.8500061035156,102997
2026-01-30 08:55:00,456.95001220703125,458.6000061035156,456.79998779296875,456.8999938964844,108663
2026-01-30 09:00:00,456.8999938964844,459.0090026855469,456.29998779296875,459.0,100492
2026-01-30 09:05:00,459.1000061035156,459.505615234375,456.25,458.8999938964844,142331
2026-01-30 09:10:00,458.79998779296875,459.70001220703125,456.8500061035156,457.44000244140625,93640
2026-01-30 09:15:00,459.54998779296875,459.75,456.8999938964844,459.6000061035156,104337
2026-01-30 09:20:00,459.5,459.6499938964844,457.04998779296875,459.3500061035156,61120
2026-01-30 09:25:00,459.20001220703125,459.54998779296875,458.04998779296875,459.54998779296875,64847
2026-01-30 09:30:00,459.59698486328125,459.8999938964844,458.79998779296875,459.6099853515625,133240
2026-01-30 09:35:00,459.6499938964844,460.0,459.3999938964844,459.6499938964844,92899
2026-01-30 09:40:00,459.27960205078125,460.0,458.8999938964844,458.8999938964844,72822
2026-01-30 09:45:00,459.1000061035156,459.8999938964844,457.8500061035156,457.909912109375,146003
2026-01-30 09:50:00,458.1499938964844,458.3999938964844,457.3999938964844,457.6499938964844,62176
2026-01-30 09:55:00,457.45001220703125,457.8500061035156,457.1499938964844,457.1499938964844,97673
2026-01-30 10:00:00,457.135986328125,457.6000061035156,457.135986328125,457.29998779296875,94956
2026-01-30 10:05:00,457.5,457.8500061035156,457.25,457.6499938964844,246319
2026-01-30 10:10:00,457.70001220703125,457.70001220703125,456.5,456.5,126252
2026-01-30 10:15:00,456.5979919433594,457.5,456.3500061035156,457.45001220703125,115238
2026-01-30 10:20:00,457.45001220703125,457.8500061035156,457.1000061035156,457.75,101693
2026-01-30 10:25:00,457.6860046386719,457.95001220703125,457.1000061035156,457.25,70248
2026-01-30 10:30:00,457.3999938964844,458.04998779296875,457.1000061035156,457.8500061035156,132040
2026-01-30 10:35:00,457.8500061035156,458.1000061035156,457.6202087402344,457.75,68435
2026-01-30 10:40:00,457.79998779296875,458.04998779296875,457.5,458.0,49807
2026-01-30 10:45:00,457.95001220703125,458.3500061035156,457.8999938964844,458.3500061035156,69025
2026-01-30 10:50:00,458.5,458.79998779296875,458.20001220703125,458.20001220703125,76081
2026-01-30 10:55:00,458.04998779296875,458.29998779296875,457.8500061035156,458.29998779296875,73819
2026-01-30 11:00:00,458.3349914550781,458.8500061035156,458.1499938964844,458.6000061035156,55442
2026-01-30 11:05:00,458.45001220703125,458.79998779296875,458.29998779296875,458.5,122456
2026-01-30 11:10:00,458.3999938964844,459.04998779296875,458.29998779296875,458.95001220703125,56604
2026-01-30 11:15:00,458.90399169921875,458.95001220703125,458.70001220703125,458.70001220703125,62667
2026-01-30 11:20:00,458.6499938964844,459.3500061035156,458.6499938964844,459.1499938964844,36014
2026-01-30 11:25:00,459.25,459.75,459.25,459.75,21008
2026-01-30 11:30:00,459.8500061035156,459.95001220703125,455.20001220703125,458.54998779296875,864337
2026-01-30 11:35:00,458.6000061035156,458.8999938964844,458.20001220703125,458.45001220703125,122126
2026-01-30 11:40:00,458.50189208984375,458.6499938964844,458.1000061035156,458.6499938964844,60531
2026-01-30 11:45:00,458.79998779296875,459.5,458.45001220703125,459.3999938964844,65922
2026-01-30 11:50:00,459.3999938964844,459.6499938964844,458.9486999511719,459.5,251372
2026-01-30 11:55:00,459.5,459.5,459.1000061035156,459.10400390625,98407
2026-01-30 12:00:00,459.25,459.70001220703125,458.95001220703125,459.70001220703125,81743
2026-01-30 12:05:00,459.6499938964844,459.79998779296875,459.3500061035156,459.5,67031
2026-01-30 12:10:00,459.3999938964844,459.5,458.79998779296875,459.0981140136719,115678
2026-01-30 12:15:00,459.1499938964844,459.3999938964844,458.79998779296875,458.8500061035156,73746
2026-01-30 12:20:00,459.0,459.3999938964844,458.79998779296875,459.3999938964844,32896
2026-01-30 12:25:00,459.3999938964844,459.70001220703125,459.1499938964844,459.25,121162
2026-01-30 12:30:00,459.25,459.5,458.95001220703125,459.1899108886719,39446
2026-01-30 12:35:00,459.1499938964844,459.8999938964844,458.29998779296875,459.79998779296875,59542
2026-01-30 12:40:00,459.79998779296875,460.29998779296875,459.25,460.1499938964844,62540
2026-01-30 12:45:00,460.20001220703125,460.6499938964844,460.0,460.20001220703125,80937
2026-01-30 12:50:00,460.1000061035156,460.45001220703125,459.8999938964844,460.04998779296875,106189
2026-01-30 12:55:00,460.04998779296875,460.25,459.70001220703125,459.8999938964844,47102
2026-01-30 13:00:00,459.8999938964844,459.95001220703125,459.20001220703125,459.29998779296875,60076
2026-01-30 13:05:00,459.29998779296875,459.45001220703125,459.0,459.3500061035156,50334
2026-01-30 13:10:00,459.3500061035156,460.04998779296875,459.25,459.95001220703125,164188
2026-01-30 13:15:00,459.8500061035156,460.20001220703125,459.6499938964844,459.8999938964844,62033
2026-01-30 13:20:00,460.04998779296875,460.29998779296875,459.8999938964844,460.1499938964844,121390
2026-01-30 13:25:00,460.1499938964844,460.5,459.8999938964844,460.5,65670
2026-01-30 13:30:00,460.45001220703125,461.0,460.1499938964844,461.0,102545
2026-01-30 13:35:00,460.8999938964844,460.8999938964844,459.8500061035156,460.0,115026
2026-01-30 13:40:00,459.8999938964844,460.20001220703125,459.70001220703125,459.75,109600
2026-01-30 13:45:00,459.79998779296875,460.04998779296875,459.3500061035156,459.6499938964844,158176
2026-01-30 13:50:00,459.6000061035156,459.8500061035156,459.1860046386719,459.25,85939
2026-01-30 13:55:00,459.25,459.75,458.8500061035156,459.6000061035156,88102
2026-01-30 14:00:00,459.54998779296875,461.1000061035156,459.5,460.3500061035156,117429
2026-01-30 14:05:00,460.3999938964844,460.6499938964844,459.9010009765625,460.54998779296875,66950
2026-01-30 14:10:00,460.5,460.5,460.1000061035156,460.3999938964844,76734
2026-01-30 14:15:00,460.45001220703125,460.79998779296875,459.6499938964844,460.6499938964844,67410
2026-01-30 14:20:00,460.6499938964844,460.8999938964844,460.20001220703125,460.29998779296875,113530
2026-01-30 14:25:00,460.3500061035156,460.95001220703125,460.04998779296875,460.95001220703125,199484
2026-01-30 14:30:00,460.8500061035156,461.29998779296875,459.1499938964844,460.3999938964844,831027
2026-01-30 14:35:00,460.5,461.1000061035156,459.20001220703125,460.54998779296875,316805
2026-01-30 14:40:00,460.5,461.79998779296875,460.25,461.70001220703125,366887
2026-01-30 14:45:00,461.6000061035156,461.79998779296875,460.3500061035156,461.0,384188
2026-01-30 14:50:00,461.1499938964844,461.70001220703125,460.95001220703125,461.5,518250
2026-01-30 14:55:00,461.54998779296875,463.5,461.5,463.0,447286
2026-01-30 15:00:00,462.8999938964844,463.95001220703125,462.45001220703125,462.54998779296875,423360
2026-01-30 15:05:00,462.6000061035156,463.25,462.29998779296875,463.1000061035156,340866
2026-01-30 15:10:00,463.1000061035156,463.2995910644531,461.54998779296875,462.0,457835
2026-01-30 15:15:00,462.0,462.6000061035156,461.45001220703125,462.5,345419
2026-02-03 08:00:00,460.5,462.29998779296875,458.25,459.79998779296875,0
2026-02-03 08:05:00,462.25,463.8999938964844,459.45001220703125,463.3500061035156,409314
2026-02-03 08:10:00,463.1000061035156,463.8999938964844,459.45001220703125,463.45001220703125,315309
2026-02-03 08:15:00,463.5,464.1499938964844,463.25,463.75,159739
2026-02-03 08:20:00,463.7601013183594,463.8999938964844,462.75,463.1000061035156,114284
2026-02-03 08:25:00,463.1000061035156,463.3999938964844,462.8500061035156,463.3999938964844,171765
2026-02-03 08:30:00,463.25,463.75,460.8999938964844,461.3999938964844,111079
2026-02-03 08:35:00,461.3999938964844,463.79998779296875,460.6499938964844,462.8999938964844,81540
2026-02-03 08:40:00,462.95001220703125,464.0,461.70001220703125,463.3999938964844,84268
2026-02-03 08:45:00,461.75,463.45001220703125,460.79998779296875,461.5,139702
2026-02-03 08:50:00,463.3999938964844,463.45001220703125,460.0,460.20001220703125,165641
2026-02-03 08:55:00,463.3999938964844,463.45001220703125,459.45001220703125,463.3999938964844,134898
2026-02-03 09:00:00,459.8999938964844,463.45001220703125,458.75,459.0069885253906,130763
2026-02-03 09:05:00,459.04998779296875,463.3999938964844,457.79998779296875,457.79998779296875,257282
2026-02-03 09:10:00,457.75,463.3999938964844,457.6499938964844,458.0,131601
2026-02-03 09:15:00,458.0,463.3500061035156,456.5,456.697998046875,225491
2026-02-03 09:20:00,456.6000061035156,463.5,456.45001220703125,456.5,136881
2026-02-03 09:25:00,456.5,463.54998779296875,455.95001220703125,456.20001220703125,105917
2026-02-03 09:30:00,456.3500061035156,463.29998779296875,456.20001220703125,456.95001220703125,111171
2026-02-03 09:35:00,458.8999938964844,462.8500061035156,456.0,457.29998779296875,106499
2026-02-03 09:40:00,457.29998779296875,459.45001220703125,457.0,457.4236145019531,94110
2026-02-03 09:45:00,457.43798828125,458.04998779296875,456.6000061035156,457.79998779296875,144793
2026-02-03 09:50:00,457.8999938964844,458.04998779296875,456.6000061035156,457.20001220703125,93897
2026-02-03 09:55:00,457.20001220703125,458.04998779296875,456.6000061035156,457.45001220703125,69003
2026-02-03 10:00:00,457.28271484375,457.8999938964844,457.28271484375,457.79998779296875,100463
2026-02-03 10:05:00,457.7300109863281,457.95001220703125,457.29998779296875,457.45001220703125,98540
2026-02-03 10:10:00,457.45001220703125,457.95001220703125,457.45001220703125,457.54998779296875,70379
2026-02-03 10:15:00,457.53741455078125,457.75,457.0,457.20001220703125,71428
2026-02-03 10:20:00,456.95001220703125,458.70001220703125,456.95001220703125,458.6499938964844,73856
2026-02-03 10:25:00,458.6499938964844,459.1499938964844,458.6000061035156,458.8999938964844,104598
2026-02-03 10:30:00,458.8999938964844,459.29998779296875,457.8500061035156,459.1000061035156,58058
2026-02-03 10:35:00,459.04998779296875,459.3999938964844,459.04998779296875,459.1000061035156,79898
2026-02-03 10:40:00,459.29998779296875,459.5,459.0,459.1000061035156,68875
2026-02-03 10:45:00,459.07501220703125,459.70001220703125,459.0,459.6000061035156,42597
2026-02-03 10:50:00,459.6499938964844,459.70001220703125,459.25,459.4540100097656,61013
2026-02-03 10:55:00,459.5,459.6499938964844,457.6499938964844,459.3999938964844,76495
2026-02-03 11:00:00,459.3500061035156,459.3999938964844,458.54998779296875,458.6499938964844,30494
2026-02-03 11:05:00,458.5,458.54998779296875,458.04998779296875,458.04998779296875,60065
2026-02-03 11:10:00,458.1499938964844,458.5,458.1499938964844,458.29998779296875,46130
2026-02-03 11:15:00,458.25,458.5,457.95001220703125,458.3999938964844,71911
2026-02-03 11:20:00,458.3500061035156,458.45001220703125,458.04998779296875,458.20001220703125,83874
2026-02-03 11:25:00,458.29998779296875,458.6499938964844,458.25,458.45001220703125,54272
2026-02-03 11:30:00,458.45001220703125,458.45001220703125,458.04998779296875,458.3500061035156,184390
2026-02-03 11:35:00,458.3500061035156,459.04998779296875,457.3999938964844,458.6499938964844,61746
2026-02-03 11:40:00,459.20001220703125,459.6499938964844,458.20001220703125,458.3500061035156,72889
2026-02-03 11:45:00,458.45001220703125,459.54998779296875,457.8999938964844,459.54998779296875,48910
2026-02-03 11:50:00,459.54998779296875,459.6000061035156,457.79998779296875,459.3500061035156,13385
2026-02-03 11:55:00,459.3500061035156,459.3500061035156,457.8999938964844,458.29998779296875,90599
2026-02-03 12:00:00,458.3500061035156,458.79998779296875,458.0,458.75,36479
2026-02-03 12:05:00,458.75,459.29998779296875,458.0,459.1000061035156,77629
2026-02-03 12:10:00,459.0679016113281,459.29998779296875,459.0679016113281,459.29998779296875,81212
2026-02-03 12:15:00,459.29998779296875,459.3999938964844,459.0,459.29998779296875,58393
2026-02-03 12:20:00,459.29998779296875,459.5,458.79998779296875,459.20001220703125,102334
2026-02-03 12:25:00,459.1300964355469,459.3999938964844,459.0,459.3999938964844,55367
2026-02-03 12:30:00,459.3800048828125,459.5,459.1000061035156,459.20001220703125,69843
2026-02-03 12:35:00,459.18328857421875,459.25,458.95001220703125,459.20001220703125,73177
2026-02-03 12:40:00,459.25,459.45001220703125,459.20001220703125,459.2489929199219,49720
2026-02-03 12:45:00,459.25,459.5,458.8999938964844,459.1000061035156,49379
2026-02-03 12:50:00,459.1499938964844,459.25,458.95001220703125,459.25,39080
2026-02-03 12:55:00,459.04998779296875,459.3999938964844,458.6499938964844,458.8500061035156,48471
2026-02-03 13:00:00,458.79998779296875,459.20001220703125,458.04998779296875,458.1499938964844,93793
2026-02-03 13:05:00,459.20001220703125,459.29998779296875,458.0,459.29998779296875,43918
2026-02-03 13:10:00,459.29998779296875,459.29998779296875,458.5,458.6499938964844,44827
2026-02-03 13:15:00,458.6000061035156,459.3500061035156,458.29998779296875,458.3500061035156,66880
2026-02-03 13:20:00,458.45001220703125,458.6000061035156,457.8500061035156,457.8500061035156,67691
2026-02-03 13:25:00,457.79998779296875,458.6499938964844,457.6499938964844,458.3999938964844,49745
2026-02-03 13:30:00,458.3500061035156,459.20001220703125,458.04998779296875,458.1499938964844,110852
2026-02-03 13:35:00,458.1499938964844,459.25,458.0,458.3500061035156,81444
2026-02-03 13:40:00,458.2879943847656,458.8500061035156,458.2380065917969,458.75,112762
2026-02-03 13:45:00,458.79998779296875,459.1499938964844,458.20001220703125,458.25,69697
2026-02-03 13:50:00,458.3500061035156,458.5,458.20001220703125,458.5,39071
2026-02-03 13:55:00,458.45001220703125,458.54998779296875,458.1499938964844,458.54998779296875,48021
2026-02-03 14:00:00,458.3999938964844,458.75,457.6499938964844,458.29998779296875,82748
2026-02-03 14:05:00,458.29998779296875,458.79998779296875,458.20001220703125,458.3999938964844,70858
2026-02-03 14:10:00,458.3999938964844,458.70001220703125,458.0,458.70001220703125,72960
2026-02-03 14:15:00,458.04998779296875,458.70001220703125,457.95001220703125,458.1499938964844,91969
2026-02-03 14:20:00,458.1000061035156,458.75,457.79998779296875,458.25,77638
2026-02-03 14:25:00,458.54998779296875,459.1499938964844,458.04998779296875,459.1000061035156,143681
2026-02-03 14:30:00,459.0,460.04998779296875,457.8999938964844,459.3500061035156,564167
2026-02-03 14:35:00,459.04998779296875,460.79998779296875,458.25,460.29998779296875,443492
2026-02-03 14:40:00,460.5,461.0,460.1499938964844,460.3500061035156,370660
2026-02-03 14:45:00,460.45001220703125,462.45001220703125,460.3999938964844,461.95001220703125,291376
2026-02-03 14:50:00,461.8999938964844,462.8999938964844,461.70001220703125,462.3500061035156,540440
2026-02-03 14:55:00,462.3999938964844,462.79998779296875,462.04998779296875,462.3500061035156,415125
2026-02-03 15:00:00,462.29998779296875,462.8500061035156,458.25,462.8500061035156,1790983
2026-02-03 15:05:00,462.75,463.45001220703125,462.6499938964844,463.31201171875,204015
2026-02-03 15:10:00,463.3500061035156,463.3999938964844,461.79998779296875,462.54998779296875,328637
2026-02-03 15:15:00,462.5,463.54998779296875,459.54998779296875,463.3999938964844,306881
2026-02-03 15:20:00,463.29998779296875,463.6499938964844,459.45001220703125,462.75,334712
2026-02-03 15:25:00,462.79998779296875,463.8500061035156,459.1000061035156,463.6499938964844,156562
2026-02-03 15:30:00,463.6719970703125,464.5,459.54998779296875,463.95001220703125,189261
2026-02-03 15:35:00,463.8999938964844,464.3500061035156,460.45001220703125,464.25,697577
2026-02-03 15:40:00,464.2380065917969,464.54998779296875,463.8999938964844,464.1499938964844,197706
2026-02-03 15:45:00,464.1499938964844,464.5,460.5,464.5,1297901
2026-02-03 15:50:00,464.3500061035156,465.20001220703125,461.0,464.95001220703125,658045
2026-02-03 15:55:00,465.0,465.04998779296875,461.5,464.95001220703125,388628
2026-02-03 16:00:00,464.8999938964844,465.70001220703125,464.8999938964844,465.45001220703125,418256
2026-02-03 16:05:00,465.6000061035156,466.0,462.95001220703125,465.54998779296875,425241
2026-02-03 16:10:00,465.5,465.8999938964844,465.25,465.29998779296875,256407
2026-02-03 16:15:00,465.3999938964844,465.75,465.1499938964844,465.3500061035156,219568
2026-02-03 16:20:00,465.3999938964844,465.6499938964844,465.29998779296875,465.6000061035156,327890
2026-02-03 16:25:00,465.6000061035156,466.5,465.2049865722656,466.04998779296875,520915
2026-02-04 08:00:00,471.25,475.8500061035156,470.79998779296875,475.1300048828125,0
2026-02-04 08:05:00,475.6000061035156,475.95001220703125,471.25,471.70001220703125,641284
2026-02-04 08:10:00,471.70001220703125,476.3999938964844,471.25,476.3500061035156,812363
2026-02-04 08:15:00,476.20001220703125,477.1499938964844,471.25,477.1000061035156,527075
2026-02-04 08:20:00,477.1499938964844,477.5,473.70001220703125,476.70001220703125,442227
2026-02-04 08:25:00,476.5,477.04998779296875,474.0,476.3500061035156,321598
2026-02-04 08:30:00,476.25,477.54998779296875,474.6499938964844,477.29998779296875,270462
2026-02-04 08:35:00,477.20001220703125,477.3999938964844,475.1499938964844,475.7300109863281,321744
2026-02-04 08:40:00,477.0,477.1499938964844,475.0,477.1499938964844,220522
2026-02-04 08:45:00,475.45001220703125,477.5,475.1000061035156,475.20001220703125,173792
2026-02-04 08:50:00,477.1499938964844,477.3500061035156,475.04998779296875,477.20001220703125,269272
2026-02-04 08:55:00,477.25,477.25,475.75,476.54998779296875,352338
2026-02-04 09:00:00,476.54998779296875,477.25,476.1023864746094,476.5799865722656,300343
2026-02-04 09:05:00,476.70001220703125,477.1499938964844,475.3999938964844,475.54998779296875,249632
2026-02-04 09:10:00,477.0,477.5,474.3500061035156,474.6000061035156,551595
2026-02-04 09:15:00,474.79998779296875,477.29998779296875,473.8500061035156,473.95001220703125,199437
2026-02-04 09:20:00,474.0,476.8500061035156,473.20001220703125,475.5,154310
2026-02-04 09:25:00,475.5,476.6000061035156,473.20001220703125,476.3999938964844,135062
2026-02-04 09:30:00,476.3999938964844,476.75,474.20001220703125,474.75,140697
2026-02-04 09:35:00,474.6499938964844,474.8999938964844,473.29998779296875,474.79998779296875,102971
2026-02-04 09:40:00,474.7673034667969,475.25,474.7673034667969,474.95001220703125,80354
2026-02-04 09:45:00,474.95001220703125,475.75,474.95001220703125,475.6000061035156,157087
2026-02-04 09:50:00,475.5,476.1000061035156,475.45001220703125,476.0,143639
2026-02-04 09:55:00,475.8005065917969,476.3999938964844,475.5,475.8500061035156,138434
2026-02-04 10:00:00,475.95001220703125,476.0,475.3999938964844,476.0,155583
2026-02-04 10:05:00,475.8999938964844,476.29998779296875,475.79998779296875,476.04998779296875,123010
2026-02-04 10:10:00,476.0,476.0,475.3500061035156,475.70001220703125,81385
2026-02-04 10:15:00,475.75,476.20001220703125,475.5350036621094,476.20001220703125,97353
2026-02-04 10:20:00,476.0797119140625,476.29998779296875,475.6499938964844,476.1000061035156,194667
2026-02-04 10:25:00,476.20001220703125,476.20001220703125,475.8500061035156,475.95001220703125,100372
2026-02-04 10:30:00,476.1000061035156,476.6499938964844,475.8500061035156,476.6499938964844,158633
2026-02-04 10:35:00,476.6000061035156,476.95001220703125,476.1000061035156,476.75,75706
2026-02-04 10:40:00,476.75,476.95001220703125,476.5,476.8999938964844,113307
2026-02-04 10:45:00,476.95001220703125,477.3999938964844,476.54998779296875,477.3999938964844,267249
2026-02-04 10:50:00,477.3500061035156,477.79998779296875,477.20001220703125,477.70001220703125,166624
2026-02-04 10:55:00,477.75,478.0,477.6000061035156,477.75,219884
2026-02-04 11:00:00,477.75,477.9410095214844,477.3999938964844,477.6499938964844,141174
2026-02-04 11:05:00,477.70001220703125,477.70001220703125,477.1000061035156,477.1499938964844,114790
2026-02-04 11:10:00,477.25,477.70001220703125,477.1000061035156,477.70001220703125,150893
2026-02-04 11:15:00,477.67498779296875,477.75,477.3999938964844,477.3999938964844,120870
2026-02-04 11:20:00,477.45001220703125,477.45001220703125,477.02099609375,477.3500061035156,137467
2026-02-04 11:25:00,477.3999938964844,477.75,477.1510009765625,477.45001220703125,124774
2026-02-04 11:30:00,477.3999938964844,478.1499938964844,477.29998779296875,478.0379943847656,308873
2026-02-04 11:35:00,478.1000061035156,478.29998779296875,477.45001220703125,477.4739990234375,318215
2026-02-04 11:40:00,477.4739990234375,477.8999938964844,477.04998779296875,477.45098876953125,522774
2026-02-04 11:45:00,477.6000061035156,477.6499938964844,477.20001220703125,477.54998779296875,86741
2026-02-04 11:50:00,477.6000061035156,478.45001220703125,477.54998779296875,478.20001220703125,289967
2026-02-04 11:55:00,478.20001220703125,478.20001220703125,477.9729919433594,478.04998779296875,104165
2026-02-04 12:00:00,478.0,478.0,477.25,477.45001220703125,92472
2026-02-04 12:05:00,477.38299560546875,477.79998779296875,477.29998779296875,477.45001220703125,108797
2026-02-04 12:10:00,477.45001220703125,478.0,477.4377136230469,478.0,161430
2026-02-04 12:15:00,478.0,478.0,477.3999938964844,477.8999938964844,86989
2026-02-04 12:20:00,477.8999938964844,478.3500061035156,477.63800048828125,478.29998779296875,225786
2026-02-04 12:25:00,478.29998779296875,478.29998779296875,477.79998779296875,477.95001220703125,163236
2026-02-04 12:30:00,477.95001220703125,477.95001220703125,477.3500061035156,477.3999938964844,93322
2026-02-04 12:35:00,477.3016052246094,477.8500061035156,477.25,477.5,155360
2026-02-04 12:40:00,477.45001220703125,478.25,477.45001220703125,478.0,250604
2026-02-04 12:45:00,478.0,478.70001220703125,478.0,478.70001220703125,150711
2026-02-04 12:50:00,477.54998779296875,478.6499938964844,477.45001220703125,478.45001220703125,99779
2026-02-04 12:55:00,478.45001220703125,479.0,477.45001220703125,478.6499938964844,324518
2026-02-04 13:00:00,478.54998779296875,478.70001220703125,477.8999938964844,478.45001220703125,74493
2026-02-04 13:05:00,478.54998779296875,478.6499938964844,477.79998779296875,477.8919982910156,81542
2026-02-04 13:10:00,477.95001220703125,478.1000061035156,477.70001220703125,477.75,79166
2026-02-04 13:15:00,477.75,478.3500061035156,477.6499938964844,477.75,150026
2026-02-04 13:20:00,477.75,478.0,477.4129943847656,477.68798828125,169078
2026-02-04 13:25:00,477.6600036621094,478.1000061035156,477.6000061035156,477.6499938964844,113937
2026-02-04 13:30:00,477.75,478.3999938964844,477.3999938964844,478.25,172545
2026-02-04 13:35:00,478.2690124511719,478.2690124511719,477.75,477.8999938964844,153703
2026-02-04 13:40:00,477.8999938964844,478.0,477.5502014160156,477.6000061035156,70871
2026-02-04 13:45:00,477.6094970703125,477.70001220703125,477.32501220703125,477.6310119628906,173992
2026-02-04 13:50:00,477.6499938964844,477.95001220703125,477.3999938964844,477.7489929199219,211313
2026-02-04 13:55:00,477.75,477.8999938964844,476.79998779296875,476.8819885253906,195518
2026-02-04 14:00:00,477.1000061035156,477.70001220703125,476.8500061035156,476.8500061035156,149952
2026-02-04 14:05:00,476.8080139160156,478.3999938964844,476.04998779296875,476.20001220703125,113667
2026-02-04 14:10:00,476.20001220703125,477.0,476.20001220703125,476.70098876953125,136430
2026-02-04 14:15:00,476.70001220703125,476.70001220703125,476.29998779296875,476.54998779296875,151913
2026-02-04 14:20:00,476.6499938964844,478.04998779296875,476.3500061035156,476.79998779296875,204191
2026-02-04 14:25:00,476.79998779296875,477.79998779296875,476.6000061035156,477.45001220703125,269890
2026-02-04 14:30:00,477.5,480.20001220703125,477.04998779296875,480.04998779296875,2047516
2026-02-04 14:35:00,480.1000061035156,481.3500061035156,477.54998779296875,479.3999938964844,615747
2026-02-04 14:40:00,479.25,479.6499938964844,477.70001220703125,478.04998779296875,339369
2026-02-04 14:45:00,478.1000061035156,481.0,477.75,478.29998779296875,405826
2026-02-04 14:50:00,478.25,478.6499938964844,477.1422119140625,477.5,386670
2026-02-04 14:55:00,477.45001220703125,478.6000061035156,476.5,477.3999938964844,405456
2026-02-04 15:00:00,477.5,477.8999938964844,476.8500061035156,477.1499938964844,528634
2026-02-04 15:05:00,477.20001220703125,481.0,476.54998779296875,476.54998779296875,341840
2026-02-04 15:10:00,476.54998779296875,480.0,475.0,475.54998779296875,401775
2026-02-04 15:15:00,475.54998779296875,477.79998779296875,475.3999938964844,476.70001220703125,229889
2026-02-04 15:20:00,476.70001220703125,477.8999938964844,475.8999938964844,477.75,368771
2026-02-04 15:25:00,477.8999938964844,477.95001220703125,475.8500061035156,476.3500061035156,232639
2026-02-04 15:30:00,476.6499938964844,477.79998779296875,475.3999938964844,475.3999938964844,252326
2026-02-04 15:35:00,475.3500061035156,477.8999938964844,474.6499938964844,475.70001220703125,313495
2026-02-04 15:40:00,475.70001220703125,478.25,475.6000061035156,476.75,174315
2026-02-04 15:45:00,476.8500061035156,477.1000061035156,475.8999938964844,476.20001220703125,252007
2026-02-04 15:50:00,476.3500061035156,477.70001220703125,476.3500061035156,477.20001220703125,270382
2026-02-04 15:55:00,477.3500061035156,478.1000061035156,477.04998779296875,477.6499938964844,258130
2026-02-04 16:00:00,477.70001220703125,478.0,477.3999938964844,477.3999938964844,321918
2026-02-04 16:05:00,477.45001220703125,478.25,477.3500061035156,478.0,261083
2026-02-04 16:10:00,478.0,478.45001220703125,477.3999938964844,478.20001220703125,395796
2026-02-04 16:15:00,478.25,478.3500061035156,476.70001220703125,476.70001220703125,231373
2026-02-04 16:20:00,478.1499938964844,478.54998779296875,476.70001220703125,478.1499938964844,276619
2026-02-04 16:25:00,478.1499938964844,478.6000061035156,478.1000061035156,478.1000061035156,248121
2026-02-05 08:00:00,476.8500061035156,479.8500061035156,476.8500061035156,477.6000061035156,0
2026-02-05 08:05:00,477.50439453125,478.5,475.8999938964844,475.8999938964844,345361
2026-02-05 08:10:00,476.1000061035156,478.5,474.3999938964844,475.5,308602
2026-02-05 08:15:00,475.45001220703125,478.5,475.3500061035156,478.5,557521
2026-02-05 08:20:00,478.5,478.5,474.3999938964844,474.3999938964844,979142
2026-02-05 08:25:00,474.3999938964844,478.5,473.8500061035156,475.04998779296875,357742
2026-02-05 08:30:00,475.1000061035156,476.1000061035156,474.3999938964844,475.70001220703125,162370
2026-02-05 08:35:00,475.7250061035156,478.3999938964844,475.0,476.02099609375,93432
2026-02-05 08:40:00,476.1000061035156,476.49200439453125,475.8500061035156,475.95001220703125,97000
2026-02-05 08:45:00,475.95001220703125,476.54998779296875,475.0,476.3999938964844,88831
2026-02-05 08:50:00,476.25,476.54998779296875,475.04998779296875,476.0,128754
2026-02-05 08:55:00,476.25,476.6499938964844,475.45001220703125,475.8500061035156,107545
2026-02-05 09:00:00,476.5,478.04998779296875,475.3091125488281,475.57501220703125,116653
2026-02-05 09:05:00,475.5320129394531,476.45001220703125,475.1000061035156,475.3999938964844,64988
2026-02-05 09:10:00,475.6499938964844,475.70001220703125,474.54998779296875,474.6499938964844,104006
2026-02-05 09:15:00,474.6499938964844,476.3999938964844,473.9460144042969,476.3999938964844,158916
2026-02-05 09:20:00,474.5450134277344,476.1499938964844,474.20001220703125,475.02301025390625,65203
2026-02-05 09:25:00,475.1499938964844,476.3500061035156,474.04998779296875,475.6000061035156,83905
2026-02-05 09:30:00,475.54998779296875,476.09600830078125,475.1499938964844,475.54998779296875,83839
2026-02-05 09:35:00,475.54998779296875,476.54998779296875,475.3999938964844,476.54998779296875,129612
2026-02-05 09:40:00,476.614990234375,476.75,474.95001220703125,476.5,111151
2026-02-05 09:45:00,475.70001220703125,476.8500061035156,474.45001220703125,476.54998779296875,44737
2026-02-05 09:50:00,476.79998779296875,477.8500061035156,476.3500061035156,477.8500061035156,187132
2026-02-05 09:55:00,476.5,478.54998779296875,474.1499938964844,478.45001220703125,127053
2026-02-05 10:00:00,478.45001220703125,478.95001220703125,475.3500061035156,478.45001220703125,91019
2026-02-05 10:05:00,478.3999938964844,478.75,475.54998779296875,476.5,42954
2026-02-05 10:10:00,476.5,478.70001220703125,476.5,478.20001220703125,49243
2026-02-05 10:15:00,478.20001220703125,478.70001220703125,478.0669860839844,478.25,38866
2026-02-05 10:20:00,478.20001220703125,478.6499938964844,477.70001220703125,477.8999938964844,112115
2026-02-05 10:25:00,477.75,478.3999938964844,477.5,478.04998779296875,70394
2026-02-05 10:30:00,478.1499938964844,479.25,478.04998779296875,479.1000061035156,87987
2026-02-05 10:35:00,478.95001220703125,479.0,478.0220031738281,478.5,98906
2026-02-05 10:40:00,478.5,478.79998779296875,478.3999938964844,478.79998779296875,78511
2026-02-05 10:45:00,478.7699890136719,479.1499938964844,478.7699890136719,478.8999938964844,72371
2026-02-05 10:50:00,479.0,479.5,478.8999938964844,479.3500061035156,66066
2026-02-05 10:55:00,479.3500061035156,479.54998779296875,479.20001220703125,479.3999938964844,42600
2026-02-05 11:00:00,479.3999938964844,479.70001220703125,479.3500061035156,479.3999938964844,69032
2026-02-05 11:05:00,479.45001220703125,479.70001220703125,479.1499938964844,479.3500061035156,54519
2026-02-05 11:10:00,479.29998779296875,479.6499938964844,479.1900939941406,479.5,63546
2026-02-05 11:15:00,479.5,479.70001220703125,479.3500061035156,479.5,97616
2026-02-05 11:20:00,479.70001220703125,479.75,478.79998779296875,479.1499938964844,95590
2026-02-05 11:25:00,479.1499938964844,479.5,478.84698486328125,478.95001220703125,261057
2026-02-05 11:30:00,479.0,479.20001220703125,478.1499938964844,478.29998779296875,106723
2026-02-05 11:35:00,478.25,479.04998779296875,478.1499938964844,478.3500061035156,65529
2026-02-05 11:40:00,478.54998779296875,478.6499938964844,477.95001220703125,478.052001953125,54392
2026-02-05 11:45:00,478.04998779296875,478.45001220703125,477.95001220703125,478.114013671875,35212
2026-02-05 11:50:00,478.20001220703125,478.8999938964844,478.20001220703125,478.8999938964844,31133
2026-02-05 11:55:00,478.8500061035156,479.0,478.45001220703125,478.6000061035156,34561
2026-02-05 12:00:00,478.45001220703125,479.95001220703125,476.6499938964844,479.70001220703125,259760
2026-02-05 12:05:00,479.75,480.3500061035156,479.6000061035156,479.8299865722656,446122
2026-02-05 12:10:00,479.79998779296875,479.95001220703125,479.3500061035156,479.45001220703125,69402
2026-02-05 12:15:00,479.45001220703125,479.6499938964844,479.0,479.20001220703125,119804
2026-02-05 12:20:00,479.20001220703125,480.25,478.1000061035156,480.25,90098
2026-02-05 12:25:00,478.04998779296875,480.25,477.8590087890625,478.1000061035156,76857
2026-02-05 12:30:00,478.25,478.45001220703125,477.54998779296875,477.79998779296875,55378
2026-02-05 12:35:00,477.8999938964844,478.3500061035156,477.54998779296875,477.6499938964844,116793
2026-02-05 12:40:00,477.5,477.52410888671875,475.1499938964844,475.70001220703125,544797
2026-02-05 12:45:00,475.75,477.014404296875,475.29998779296875,475.95001220703125,243992
2026-02-05 12:50:00,476.1499938964844,476.6000061035156,475.95001220703125,476.1000061035156,64838
2026-02-05 12:55:00,475.8999938964844,476.0,475.70001220703125,475.70001220703125,89122
2026-02-05 13:00:00,475.70001220703125,475.70001220703125,474.8971862792969,475.29998779296875,134351
2026-02-05 13:05:00,475.29998779296875,479.6499938964844,475.1499938964844,475.79998779296875,89320
2026-02-05 13:10:00,475.6000061035156,479.45001220703125,475.5,475.70001220703125,108372
2026-02-05 13:15:00,475.75,478.45001220703125,474.8500061035156,474.92620849609375,67370
2026-02-05 13:20:00,474.9599914550781,478.20001220703125,474.79998779296875,474.95001220703125,44525
2026-02-05 13:25:00,475.0,479.04998779296875,474.45001220703125,475.0,48998
2026-02-05 13:30:00,475.0,478.0,474.75,476.0,74031
2026-02-05 13:35:00,475.8999938964844,476.5,475.3290100097656,475.3290100097656,40509
2026-02-05 13:40:00,475.2049865722656,476.1499938964844,474.1499938964844,474.25,62526
2026-02-05 13:45:00,475.95001220703125,475.95001220703125,473.1499938964844,473.45001220703125,124119
2026-02-05 13:50:00,473.3999938964844,475.79998779296875,472.6261901855469,473.3500061035156,123107
2026-02-05 13:55:00,473.20001220703125,473.45001220703125,472.45001220703125,472.6000061035156,110449
2026-02-05 14:00:00,472.45001220703125,475.3500061035156,471.8500061035156,472.45001220703125,409273
2026-02-05 14:05:00,472.3999938964844,475.29998779296875,472.04998779296875,472.25,97816
2026-02-05 14:10:00,472.20001220703125,472.29998779296875,470.5480041503906,470.75,206719
2026-02-05 14:15:00,470.5,475.5,470.3999938964844,470.70001220703125,255489
2026-02-05 14:20:00,470.75,471.1000061035156,469.75,470.260986328125,241830
2026-02-05 14:25:00,470.3500061035156,470.8999938964844,469.6000061035156,470.3999938964844,285561
2026-02-05 14:30:00,470.3999938964844,475.75,469.20001220703125,469.3999938964844,743819
2026-02-05 14:35:00,469.3999938964844,474.1000061035156,469.25,469.6000061035156,913847
2026-02-05 14:40:00,469.54998779296875,472.75,469.20001220703125,471.0,255583
2026-02-05 14:45:00,470.95001220703125,473.6499938964844,470.8999938964844,473.54998779296875,290612
2026-02-05 14:50:00,473.70001220703125,474.5,470.8999938964844,473.1499938964844,621594
2026-02-05 14:55:00,473.1499938964844,473.5,470.6499938964844,473.25,721093
2026-02-05 15:00:00,473.1000061035156,473.3999938964844,470.1499938964844,473.0,964368
2026-02-05 15:05:00,473.1499938964844,474.20001220703125,470.3500061035156,474.04998779296875,373696
2026-02-05 15:10:00,474.1499938964844,474.29998779296875,469.5,473.04998779296875,368030
2026-02-05 15:15:00,473.1000061035156,473.95001220703125,473.0,473.1499938964844,374226
2026-02-05 15:20:00,473.04998779296875,473.20001220703125,471.75,471.8999938964844,288259
2026-02-05 15:25:00,471.8999938964844,472.6000061035156,470.75,471.3500061035156,542339
2026-02-05 15:30:00,471.45001220703125,471.6000061035156,469.3500061035156,469.70001220703125,443837
2026-02-05 15:35:00,469.70001220703125,471.3500061035156,468.6000061035156,470.95001220703125,382144
2026-02-05 15:40:00,471.04998779296875,471.8999938964844,471.04998779296875,471.3500061035156,435229
2026-02-05 15:45:00,471.3999938964844,471.6499938964844,470.54998779296875,470.75,208052
2026-02-05 15:50:00,470.79998779296875,471.3500061035156,469.54998779296875,469.79998779296875,521252
2026-02-05 15:55:00,469.79998779296875,470.3500061035156,469.25,469.6499938964844,239199
2026-02-05 16:00:00,469.75,470.04998779296875,469.1499938964844,469.6000061035156,480916
2026-02-05 16:05:00,469.6499938964844,470.29998779296875,468.8999938964844,468.8999938964844,397572
2026-02-05 16:10:00,468.8999938964844,470.95001220703125,468.0,468.25,527721
2026-02-05 16:15:00,468.20001220703125,470.95001220703125,468.20001220703125,469.0,997351
2026-02-05 16:20:00,469.1499938964844,469.79998779296875,469.0,469.70001220703125,387293
2026-02-05 16:25:00,469.70001220703125,472.20001220703125,468.54998779296875,468.9059143066406,748436
2026-02-06 08:00:00,471.0,473.6000061035156,470.8389892578125,473.0046081542969,0
2026-02-06 08:05:00,472.9830017089844,472.9830017089844,470.8999938964844,471.6000061035156,195467
2026-02-06 08:10:00,471.54998779296875,473.20001220703125,471.29998779296875,472.45001220703125,98904
2026-02-06 08:15:00,472.45001220703125,472.8500061035156,471.8999938964844,472.1000061035156,165933
2026-02-06 08:20:00,472.04998779296875,472.25,471.29998779296875,471.45001220703125,129879
2026-02-06 08:25:00,471.45001220703125,472.04998779296875,470.6499938964844,470.8500061035156,80221
2026-02-06 08:30:00,470.8999938964844,471.1499938964844,470.54998779296875,471.0,56190
2026-02-06 08:35:00,470.95001220703125,471.29998779296875,470.45001220703125,470.95001220703125,75504
2026-02-06 08:40:00,470.95001220703125,471.3500061035156,470.3500061035156,470.75,123346
2026-02-06 08:45:00,470.75,470.8500061035156,470.25,470.6499938964844,61891
2026-02-06 08:50:00,470.7969970703125,470.95001220703125,470.5,470.79998779296875,69160
2026-02-06 08:55:00,470.8999938964844,472.1000061035156,470.20001220703125,470.25,94115
2026-02-06 09:00:00,470.3500061035156,473.0,470.20001220703125,470.5,119379
2026-02-06 09:05:00,470.3999938964844,471.75,470.20001220703125,470.29998779296875,87135
2026-02-06 09:10:00,470.45001220703125,472.3999938964844,470.3999938964844,471.29998779296875,147776
2026-02-06 09:15:00,471.25,472.75,471.20001220703125,472.6499938964844,174225
2026-02-06 09:20:00,472.3999938964844,473.3999938964844,472.04998779296875,472.6499938964844,305222
2026-02-06 09:25:00,472.8500061035156,473.04998779296875,471.70001220703125,472.95001220703125,58821
2026-02-06 09:30:00,471.8500061035156,474.3500061035156,471.70001220703125,471.8500061035156,213507
2026-02-06 09:35:00,473.95001220703125,473.95001220703125,471.70001220703125,471.70001220703125,98840
2026-02-06 09:40:00,471.8500061035156,473.3999938964844,471.70001220703125,471.8500061035156,101206
2026-02-06 09:45:00,471.8500061035156,472.8445129394531,470.6499938964844,471.95001220703125,106531
2026-02-06 09:50:00,472.04998779296875,472.45001220703125,470.29998779296875,470.5,51537
2026-02-06 09:55:00,470.5,472.8999938964844,470.5,472.79998779296875,54482
2026-02-06 10:00:00,472.8999938964844,473.1499938964844,470.6499938964844,472.75,46592
2026-02-06 10:05:00,472.79998779296875,473.0,470.54998779296875,471.31298828125,140222
2026-02-06 10:10:00,471.3999938964844,472.95001220703125,470.29998779296875,470.95001220703125,45872
2026-02-06 10:15:00,471.04998779296875,473.79998779296875,470.54998779296875,470.79998779296875,37984
2026-02-06 10:20:00,470.8500061035156,473.20001220703125,469.79998779296875,469.8059997558594,63917
2026-02-06 10:25:00,469.8999938964844,472.95001220703125,469.79998779296875,472.70001220703125,64960
2026-02-06 10:30:00,470.20001220703125,473.45001220703125,469.79998779296875,471.5,48501
2026-02-06 10:35:00,471.5,472.45001220703125,470.25,470.25,33057
2026-02-06 10:40:00,470.25,472.6499938964844,469.79998779296875,470.95001220703125,36772
2026-02-06 10:45:00,470.5,471.5,469.8999938964844,470.29998779296875,88556
2026-02-06 10:50:00,470.2131042480469,471.0,470.1499938964844,470.8500061035156,76029
2026-02-06 10:55:00,470.79998779296875,471.24700927734375,470.6990051269531,470.8500061035156,53429
2026-02-06 11:00:00,471.0,471.20001220703125,470.20001220703125,471.04998779296875,43787
2026-02-06 11:05:00,471.1499938964844,471.1499938964844,470.5,470.54998779296875,59600
2026-02-06 11:10:00,470.5400085449219,471.04998779296875,470.5400085449219,470.95001220703125,39960
2026-02-06 11:15:00,470.8999938964844,471.29998779296875,470.8500061035156,471.0898132324219,51337
2026-02-06 11:20:00,471.1499938964844,471.3999938964844,471.04998779296875,471.3500061035156,185986
2026-02-06 11:25:00,471.25,471.79998779296875,471.04998779296875,471.6000061035156,256565
2026-02-06 11:30:00,471.6499938964844,471.96490478515625,471.45001220703125,471.5920104980469,77327
2026-02-06 11:35:00,471.6000061035156,471.70001220703125,471.29998779296875,471.6000061035156,34097
2026-02-06 11:40:00,471.6499938964844,471.8999938964844,471.3999938964844,471.6499938964844,53052
2026-02-06 11:45:00,471.6000061035156,472.8500061035156,471.6000061035156,471.75,222138
2026-02-06 11:50:00,471.8500061035156,472.04998779296875,470.45001220703125,471.5,207110
2026-02-06 11:55:00,471.6000061035156,472.04998779296875,471.45001220703125,471.79998779296875,66455
2026-02-06 12:00:00,471.6499938964844,471.79998779296875,471.04998779296875,471.25,60652
2026-02-06 12:05:00,471.20001220703125,471.6499938964844,471.20001220703125,471.4949951171875,52502
2026-02-06 12:10:00,471.54998779296875,471.6499938964844,471.0,471.3500061035156,5874664
2026-02-06 12:15:00,471.3500061035156,471.54998779296875,470.1499938964844,470.79998779296875,111912
2026-02-06 12:20:00,470.8500061035156,471.6000061035156,470.6000061035156,471.25,79694
2026-02-06 12:25:00,471.29998779296875,471.70001220703125,471.1499938964844,471.5,81472
2026-02-06 12:30:00,471.5,472.45001220703125,471.5,472.24798583984375,103022
2026-02-06 12:35:00,472.20001220703125,472.6000061035156,470.6499938964844,472.45001220703125,78855
2026-02-06 12:40:00,472.54998779296875,472.75,471.3999938964844,472.45001220703125,76376
2026-02-06 12:45:00,472.6000061035156,472.75,472.04998779296875,472.29998779296875,58455
2026-02-06 12:50:00,472.1499938964844,472.20001220703125,471.6000061035156,471.70001220703125,76991
2026-02-06 12:55:00,471.70001220703125,472.0,471.6499938964844,471.8500061035156,42656
2026-02-06 13:00:00,471.79998779296875,472.29998779296875,471.6000061035156,472.20001220703125,32994
2026-02-06 13:05:00,472.25,473.1000061035156,472.0,472.8500061035156,125823
2026-02-06 13:10:00,472.75,473.1000061035156,472.6499938964844,473.1000061035156,19172
2026-02-06 13:15:00,473.1000061035156,473.1499938964844,472.54998779296875,472.8500061035156,49793
2026-02-06 13:20:00,473.04998779296875,473.75,472.95001220703125,473.3999938964844,97589
2026-02-06 13:25:00,473.3500061035156,473.57501220703125,473.20001220703125,473.20001220703125,76611
2026-02-06 13:30:00,473.1499938964844,474.0,473.0,473.8999938964844,67807
2026-02-06 13:35:00,473.8999938964844,474.75,472.95001220703125,473.20001220703125,395618
2026-02-06 13:40:00,473.20001220703125,473.3500061035156,471.75,471.8500061035156,447724
2026-02-06 13:45:00,471.8500061035156,471.95001220703125,471.04998779296875,471.3500061035156,306554
2026-02-06 13:50:00,471.29998779296875,471.70001220703125,471.04998779296875,471.54998779296875,57352
2026-02-06 13:55:00,471.6000061035156,471.625,468.6499938964844,468.6499938964844,332336
2026-02-06 14:00:00,468.6000061035156,469.5,468.25,468.3500061035156,143231
2026-02-06 14:05:00,468.45001220703125,470.3500061035156,468.04901123046875,470.25,399686
2026-02-06 14:10:00,470.54998779296875,470.70001220703125,469.54998779296875,469.54998779296875,79026
2026-02-06 14:15:00,469.3999938964844,469.6000061035156,469.0,469.54998779296875,173963
2026-02-06 14:20:00,469.6000061035156,470.45001220703125,469.45001220703125,470.25,79996
2026-02-06 14:25:00,470.20001220703125,470.4129943847656,469.8500061035156,470.29998779296875,43703
2026-02-06 14:30:00,470.79998779296875,472.70001220703125,470.3500061035156,472.45001220703125,604098
2026-02-06 14:35:00,472.54998779296875,473.25,471.3500061035156,471.45001220703125,199607
2026-02-06 14:40:00,471.70001220703125,473.8500061035156,471.54998779296875,473.04998779296875,308345
2026-02-06 14:45:00,472.79998779296875,473.25,472.20001220703125,472.8999938964844,179527
2026-02-06 14:50:00,472.95001220703125,473.95001220703125,471.73199462890625,473.8999938964844,270679
2026-02-06 14:55:00,474.0,476.79998779296875,473.8500061035156,476.5,404735
2026-02-06 15:00:00,476.6499938964844,477.54998779296875,472.3500061035156,477.5,253884
2026-02-06 15:05:00,477.54998779296875,478.54998779296875,473.0,478.0,317041
2026-02-06 15:10:00,478.0,479.6499938964844,471.3999938964844,479.3999938964844,340562
2026-02-06 15:15:00,479.49200439453125,479.8999938964844,472.20001220703125,479.29998779296875,457094
2026-02-06 15:20:00,479.29998779296875,480.0,471.6499938964844,479.6499938964844,235948
2026-02-06 15:25:00,479.5920104980469,480.45001220703125,471.70001220703125,479.70001220703125,444662
2026-02-06 15:40:00,478.64801025390625,478.8500061035156,473.6000061035156,478.8500061035156,888821
2026-02-06 15:45:00,478.7919921875,479.25,472.5,479.20001220703125,202235
2026-02-06 15:50:00,479.25,479.70001220703125,479.0,479.5,85442
2026-02-06 15:55:00,479.1499938964844,479.29998779296875,479.04998779296875,479.04998779296875,380138
2026-02-06 16:00:00,478.54998779296875,478.6109924316406,478.46099853515625,478.6109924316406,95800
2026-02-06 16:05:00,478.75,479.3500061035156,478.45001220703125,479.1499938964844,216058
2026-02-06 16:10:00,479.29998779296875,479.29998779296875,478.6499938964844,478.89801025390625,150655
2026-02-06 16:15:00,478.79998779296875,478.8500061035156,478.0,478.3999938964844,94855
2026-02-06 16:20:00,478.45001220703125,478.70001220703125,477.79998779296875,477.8999938964844,243635
2026-02-06 16:25:00,477.79998779296875,477.79998779296875,477.29998779296875,477.5,185930
2026-02-09 08:00:00,474.75,475.79998779296875,473.8999938964844,474.95001220703125,0
2026-02-09 08:05:00,474.95001220703125,475.1000061035156,474.29998779296875,474.75,133750
2026-02-09 08:10:00,474.79998779296875,476.3999938964844,474.6499938964844,476.29998779296875,445460
2026-02-09 08:15:00,476.29998779296875,476.3500061035156,475.29998779296875,475.70001220703125,146687
2026-02-09 08:20:00,475.6499938964844,476.20001220703125,475.29998779296875,475.75,167205
2026-02-09 08:25:00,475.75,475.8500061035156,475.1499938964844,475.75,58841
2026-02-09 08:30:00,475.70001220703125,477.0,475.29998779296875,475.70001220703125,514680
2026-02-09 08:35:00,475.75,476.6000061035156,475.29998779296875,476.6000061035156,69377
2026-02-09 08:40:00,475.70001220703125,476.8500061035156,475.29998779296875,476.5,95394
2026-02-09 08:45:00,476.6499938964844,476.7430114746094,474.70001220703125,475.8999938964844,80277
2026-02-09 08:50:00,476.1000061035156,476.3500061035156,474.70001220703125,475.8500061035156,70096
2026-02-09 08:55:00,475.8999938964844,476.1390075683594,475.04998779296875,475.79998779296875,45553
2026-02-09 09:00:00,475.75,476.04998779296875,475.45001220703125,475.70001220703125,36874
2026-02-09 09:05:00,476.04998779296875,476.54998779296875,475.54998779296875,476.3089904785156,39824
2026-02-09 09:10:00,476.3999938964844,476.6000061035156,475.54998779296875,475.75,80391
2026-02-09 09:15:00,476.29998779296875,476.75,475.29998779296875,476.45001220703125,123444
2026-02-09 09:20:00,476.3609924316406,476.5,475.54998779296875,476.1000061035156,52622
2026-02-09 09:25:00,475.75,476.6499938964844,475.75,475.95001220703125,25521
2026-02-09 09:30:00,475.95001220703125,476.3999938964844,475.8999938964844,476.2608947753906,25563
2026-02-09 09:35:00,476.25,476.6499938964844,475.54998779296875,476.1000061035156,40201
2026-02-09 09:40:00,476.1000061035156,477.0,475.75,476.6000061035156,52363
2026-02-09 09:45:00,476.6499938964844,476.70001220703125,475.8500061035156,476.20001220703125,227068
2026-02-09 09:50:00,476.1499938964844,476.6000061035156,474.75,476.1499938964844,54651
2026-02-09 09:55:00,476.1499938964844,476.3500061035156,474.3500061035156,474.3500061035156,30979
2026-02-09 10:00:00,474.3500061035156,476.1499938964844,474.20001220703125,474.75,36059
2026-02-09 10:05:00,474.75,475.20001220703125,474.3500061035156,475.0,53563
2026-02-09 10:10:00,475.1499938964844,475.25,474.8500061035156,475.20001220703125,64442
2026-02-09 10:15:00,475.125,475.1499938964844,474.7560119628906,474.9939880371094,131087
2026-02-09 10:20:00,475.04998779296875,475.8999938964844,474.8999938964844,475.5,68157
2026-02-09 10:25:00,475.5,476.0,475.45001220703125,475.95001220703125,110179
2026-02-09 10:30:00,476.0,476.25,475.54998779296875,475.6000061035156,86481
2026-02-09 10:35:00,475.6499938964844,475.75,474.98199462890625,475.20001220703125,48428
2026-02-09 10:40:00,475.1000061035156,475.3500061035156,475.0,475.29998779296875,48598
2026-02-09 10:45:00,475.29998779296875,475.29998779296875,474.6499938964844,474.79998779296875,139050
2026-02-09 10:50:00,474.6499938964844,474.6499938964844,474.04998779296875,474.3500061035156,16441
2026-02-09 10:55:00,474.3500061035156,474.54998779296875,473.95001220703125,474.33990478515625,53349
2026-02-09 11:00:00,474.29998779296875,474.3500061035156,473.95001220703125,474.3500061035156,90285
2026-02-09 11:05:00,474.5,474.70001220703125,474.20001220703125,474.20001220703125,28790
2026-02-09 11:10:00,474.3500061035156,474.8500061035156,474.25,474.6099853515625,91234
2026-02-09 11:15:00,474.64300537109375,474.8500061035156,474.5,474.70001220703125,31623
2026-02-09 11:20:00,474.6499938964844,474.75,474.3999938964844,474.45001220703125,37398
2026-02-09 11:25:00,474.6000061035156,475.3999938964844,474.6000061035156,475.20001220703125,27467
2026-02-09 11:30:00,475.20001220703125,475.3500061035156,474.95001220703125,475.1860046386719,69749
2026-02-09 11:35:00,475.20001220703125,475.54998779296875,475.06201171875,475.5,14375
2026-02-09 11:40:00,475.5,475.6499938964844,475.3999938964844,475.5,54084
2026-02-09 11:45:00,475.45001220703125,475.8500061035156,474.5,475.1499938964844,98614
2026-02-09 11:50:00,475.29998779296875,475.45001220703125,474.9219970703125,475.25,40086
2026-02-09 11:55:00,475.20001220703125,475.20001220703125,474.79998779296875,475.0,30256
2026-02-09 12:00:00,475.1000061035156,475.3999938964844,475.1000061035156,475.2658996582031,27470
2026-02-09 12:05:00,475.20001220703125,475.6499938964844,475.1499938964844,475.45001220703125,41628
2026-02-09 12:10:00,475.54998779296875,475.8999938964844,475.45001220703125,475.70001220703125,24582
2026-02-09 12:15:00,475.79998779296875,476.20001220703125,475.6000061035156,475.7289123535156,50411
2026-02-09 12:20:00,475.6499938964844,476.04998779296875,475.20001220703125,475.29998779296875,13137
2026-02-09 12:25:00,475.3500061035156,475.70001220703125,475.20001220703125,475.3609924316406,34023
2026-02-09 12:30:00,475.3500061035156,475.70001220703125,475.29998779296875,475.45001220703125,24353
2026-02-09 12:35:00,475.54998779296875,475.6499938964844,475.1499938964844,475.25,16066
2026-02-09 12:40:00,475.29998779296875,475.45001220703125,475.1000061035156,475.45001220703125,26356
2026-02-09 12:45:00,475.29998779296875,475.45001220703125,475.1000061035156,475.25,35111
2026-02-09 12:50:00,475.25,475.45001220703125,475.04998779296875,475.3500061035156,60324
2026-02-09 12:55:00,474.75,475.54998779296875,474.75,475.45001220703125,3490235
2026-02-09 13:00:00,475.1499938964844,475.20001220703125,474.6000061035156,474.95001220703125,50804
2026-02-09 13:05:00,474.8500061035156,475.1000061035156,474.3500061035156,474.54998779296875,59538
2026-02-09 13:10:00,474.6499938964844,475.1000061035156,474.3999938964844,474.71099853515625,96389
2026-02-09 13:15:00,474.70001220703125,475.04998779296875,474.20001220703125,474.20001220703125,60707
2026-02-09 13:20:00,474.20001220703125,474.95001220703125,474.1000061035156,474.95001220703125,74740
2026-02-09 13:25:00,474.8500061035156,474.8500061035156,474.5,474.6499938964844,39316
2026-02-09 13:30:00,474.5,474.54998779296875,474.0,474.1000061035156,45934
2026-02-09 13:35:00,474.1000061035156,474.54998779296875,473.75,473.8999938964844,40491
2026-02-09 13:40:00,473.8909912109375,474.5,473.70001220703125,473.95001220703125,138798
2026-02-09 13:45:00,473.8500061035156,475.07501220703125,473.29998779296875,475.07501220703125,45688
2026-02-09 13:50:00,473.5,474.3999938964844,473.20001220703125,473.45001220703125,57397
2026-02-09 13:55:00,473.5,474.79998779296875,473.3999938964844,473.8999938964844,64254
2026-02-09 14:00:00,473.75,475.04998779296875,473.75,474.8500061035156,81966
2026-02-09 14:05:00,474.88128662109375,475.3500061035156,474.75,475.1559143066406,74349
2026-02-09 14:10:00,475.20001220703125,475.20001220703125,474.45001220703125,474.79998779296875,62228
2026-02-09 14:15:00,474.70001220703125,474.79998779296875,473.5,473.5,66980
2026-02-09 14:20:00,473.54998779296875,474.75,473.45001220703125,474.114013671875,1462496
2026-02-09 14:25:00,474.0,475.25,474.0,475.1499938964844,1526609
2026-02-09 14:30:00,475.20001220703125,477.6499938964844,474.0,476.8999938964844,874022
2026-02-09 14:35:00,477.0,478.04998779296875,475.3500061035156,477.6000061035156,178766
2026-02-09 14:40:00,477.3999938964844,477.5,474.20001220703125,477.0,193299
2026-02-09 14:45:00,476.8999938964844,479.1000061035156,474.1499938964844,477.1000061035156,230330
2026-02-09 14:50:00,477.20001220703125,477.75,473.75,477.45001220703125,165436
2026-02-09 14:55:00,477.20001220703125,478.3999938964844,474.20001220703125,478.04998779296875,252968
2026-02-09 15:00:00,478.29998779296875,478.75,473.70001220703125,478.6000061035156,169294
2026-02-09 15:05:00,478.6000061035156,479.20001220703125,473.45001220703125,478.25,247385
2026-02-09 15:10:00,478.1499938964844,479.0,477.4930114746094,477.54998779296875,85642
2026-02-09 15:15:00,477.5,477.79998779296875,477.29998779296875,477.29998779296875,93178
2026-02-09 15:20:00,477.36199951171875,477.6499938964844,473.5,477.20001220703125,127237
2026-02-09 15:25:00,477.20001220703125,478.0,476.79998779296875,477.95001220703125,175228
2026-02-09 15:30:00,477.8999938964844,478.29998779296875,477.6000061035156,477.6499938964844,69856
2026-02-09 15:35:00,477.54998779296875,477.79998779296875,476.95001220703125,477.1499938964844,115024
2026-02-09 15:40:00,477.1499938964844,477.25,476.70001220703125,477.25,60064
2026-02-09 15:45:00,477.1499938964844,477.5,474.8500061035156,477.45001220703125,137000
2026-02-09 15:50:00,477.45001220703125,477.54998779296875,474.04998779296875,476.75,5612362
2026-02-09 15:55:00,476.75,477.0,473.5,476.79998779296875,187258
2026-02-09 16:00:00,476.75,476.79998779296875,473.8999938964844,476.70001220703125,245119
2026-02-09 16:05:00,476.75,476.79998779296875,474.04998779296875,476.6000061035156,230932
2026-02-09 16:10:00,476.6000061035156,476.75,475.25,475.25,184752
2026-02-09 16:15:00,475.25,476.7558898925781,475.25,476.70001220703125,196678
2026-02-09 16:20:00,476.70001220703125,477.6499938964844,474.0,477.5,265791
2026-02-09 16:25:00,477.45001220703125,477.8500061035156,474.0,477.54998779296875,308184
2026-02-10 08:00:00,468.0,469.5,459.29998779296875,462.20001220703125,0
2026-02-10 08:05:00,462.20001220703125,463.6499938964844,458.54998779296875,460.5596008300781,1284326
2026-02-10 08:10:00,460.54998779296875,466.8999938964844,457.70001220703125,458.1000061035156,714698
2026-02-10 08:15:00,458.1000061035156,468.1499938964844,456.4930114746094,457.8280029296875,725354
2026-02-10 08:20:00,457.79998779296875,468.1499938964844,457.1000061035156,459.3999938964844,488041
2026-02-10 08:25:00,459.3380126953125,468.25,457.45001220703125,457.70001220703125,562099
2026-02-10 08:30:00,468.25,468.25,456.75,457.75,513631
2026-02-10 08:35:00,457.84698486328125,462.25,457.25,457.95001220703125,389314
2026-02-10 08:40:00,457.95001220703125,460.79998779296875,451.6000061035156,459.45001220703125,1155314
2026-02-10 08:45:00,459.45001220703125,459.45001220703125,451.5,452.04998779296875,822048
2026-02-10 08:50:00,452.04998779296875,458.25,451.0,457.75,659624
2026-02-10 08:55:00,451.3999938964844,458.25,450.5,452.1000061035156,493810
2026-02-10 09:00:00,457.75,464.04998779296875,450.26800537109375,451.25,495388
2026-02-10 09:05:00,450.95001220703125,459.3500061035156,450.29998779296875,451.04998779296875,387911
2026-02-10 09:10:00,451.0375061035156,458.79998779296875,450.5,453.8999938964844,458158
2026-02-10 09:15:00,453.70001220703125,459.3999938964844,451.29998779296875,455.0,1222341
2026-02-10 09:20:00,454.95001220703125,455.20001220703125,452.8500061035156,454.6734924316406,480273
2026-02-10 09:25:00,454.63519287109375,455.6499938964844,451.25,452.11199951171875,684444
2026-02-10 09:30:00,451.6499938964844,457.5,451.1499938964844,453.29998779296875,366265
2026-02-10 09:35:00,453.43798828125,455.54998779296875,451.75,453.75,489216
2026-02-10 09:40:00,453.79998779296875,454.0,452.25,452.54998779296875,1138405
2026-02-10 09:45:00,452.3999938964844,453.5,451.3999938964844,453.5,240129
2026-02-10 09:50:00,453.45001220703125,453.75,451.8500061035156,453.3500061035156,362728
2026-02-10 09:55:00,453.1499938964844,454.29998779296875,452.5,452.5,329614
2026-02-10 10:00:00,452.3999938964844,452.8999938964844,451.0650939941406,452.6499938964844,398921
2026-02-10 10:05:00,452.7929992675781,453.8500061035156,452.45001220703125,453.1000061035156,300430
2026-02-10 10:10:00,453.1499938964844,454.25,452.45001220703125,453.54998779296875,237580
2026-02-10 10:15:00,453.5,453.8999938964844,453.25,453.32501220703125,294555
2026-02-10 10:20:00,453.04998779296875,453.375,451.6000061035156,452.0,725414
2026-02-10 10:25:00,452.0,454.8999938964844,451.95001220703125,454.1499938964844,311256
2026-02-10 10:30:00,454.093994140625,456.9020080566406,453.6499938964844,456.5459899902344,346135
2026-02-10 10:35:00,456.1499938964844,456.5,454.0,454.54998779296875,182014
2026-02-10 10:40:00,454.54998779296875,454.6000061035156,453.0,454.04998779296875,215062
2026-02-10 10:45:00,453.95001220703125,454.8999938964844,453.1000061035156,454.5,460983
2026-02-10 10:50:00,454.70001220703125,455.8500061035156,454.6000061035156,455.79998779296875,134033
2026-02-10 10:55:00,455.79998779296875,456.0,454.75,455.3999938964844,188243
2026-02-10 11:00:00,455.3999938964844,456.04998779296875,454.95001220703125,455.86248779296875,252370
2026-02-10 11:05:00,456.1499938964844,457.0914001464844,455.75,456.86248779296875,121543
2026-02-10 11:10:00,456.75,458.1000061035156,456.3999938964844,458.0,305792
2026-02-10 11:15:00,458.0,458.1000061035156,456.95001220703125,457.9010009765625,208755
2026-02-10 11:20:00,457.8999938964844,458.45001220703125,457.04998779296875,457.29998779296875,370746
2026-02-10 11:25:00,457.3500061035156,458.6000061035156,457.1000061035156,458.1499938964844,208227
2026-02-10 11:30:00,458.3500061035156,459.20001220703125,457.75,457.75,195007
2026-02-10 11:35:00,458.79998779296875,459.1000061035156,457.75,458.04998779296875,101515
2026-02-10 11:40:00,458.1000061035156,458.8500061035156,457.75,458.5,199812
2026-02-10 11:45:00,458.5,458.6499938964844,457.95001220703125,458.6000061035156,131438
2026-02-10 11:50:00,458.7250061035156,460.0,458.70001220703125,459.04998779296875,313719
2026-02-10 11:55:00,459.1499938964844,459.75,458.70001220703125,459.0622863769531,186020
2026-02-10 12:00:00,459.1000061035156,459.95001220703125,458.54998779296875,459.29998779296875,251646
2026-02-10 12:05:00,459.25,460.29998779296875,459.0,459.95001220703125,221088
2026-02-10 12:10:00,460.04998779296875,460.04998779296875,459.5,459.6499938964844,57240
2026-02-10 12:15:00,459.54998779296875,460.04998779296875,459.45001220703125,459.6000061035156,206013
2026-02-10 12:20:00,459.75,460.1499938964844,459.25,459.6499938964844,107295
2026-02-10 12:25:00,459.6499938964844,459.70001220703125,459.04998779296875,459.07501220703125,317584
2026-02-10 12:30:00,459.3500061035156,460.54998779296875,459.0,459.95001220703125,592427
2026-02-10 12:35:00,459.75,462.3500061035156,459.75,460.8999938964844,384042
2026-02-10 12:40:00,461.04998779296875,461.3500061035156,459.70001220703125,460.0,210940
2026-02-10 12:45:00,459.8500061035156,460.3500061035156,458.6000061035156,460.1000061035156,314153
2026-02-10 12:50:00,460.0,460.25,458.8500061035156,459.3500061035156,124372
2026-02-10 12:55:00,459.25,460.04998779296875,458.95001220703125,459.8500061035156,88770
2026-02-10 13:00:00,459.75,460.75,459.6499938964844,460.3999938964844,87393
2026-02-10 13:05:00,460.29998779296875,462.25,460.29998779296875,461.70001220703125,108633
2026-02-10 13:10:00,461.6499938964844,461.75,459.8999938964844,460.6499938964844,154705
2026-02-10 13:15:00,460.6499938964844,462.20001220703125,460.20001220703125,461.95001220703125,250663
2026-02-10 13:20:00,461.95001220703125,462.6000061035156,461.70001220703125,462.6000061035156,271379
2026-02-10 13:25:00,462.6000061035156,464.0,462.5,463.45001220703125,381588
2026-02-10 13:30:00,463.5,464.75,462.70001220703125,462.70001220703125,207580
2026-02-10 13:35:00,462.5,462.5,459.75,460.45001220703125,523826
2026-02-10 13:40:00,460.29998779296875,461.54998779296875,459.70001220703125,459.75,518914
2026-02-10 13:45:00,459.75,460.5,459.1499938964844,459.5,162617
2026-02-10 13:50:00,459.5,459.5,455.75,456.3999938964844,411610
2026-02-10 13:55:00,456.3500061035156,459.3500061035156,455.75,456.54998779296875,425543
2026-02-10 14:00:00,458.8999938964844,460.1000061035156,456.25,458.2250061035156,331819
2026-02-10 14:05:00,458.24700927734375,459.0,455.95001220703125,456.75,622221
2026-02-10 14:10:00,456.54998779296875,458.20001220703125,456.45001220703125,456.8500061035156,254448
2026-02-10 14:15:00,457.25,457.95001220703125,456.1000061035156,456.1000061035156,222836
2026-02-10 14:20:00,456.04998779296875,456.5,454.6000061035156,455.20001220703125,454727
2026-02-10 14:25:00,455.29998779296875,457.0,452.70001220703125,452.95001220703125,689912
2026-02-10 14:30:00,453.04998779296875,455.54998779296875,452.0,453.04998779296875,1752888
2026-02-10 14:35:00,453.20001220703125,453.6499938964844,448.0,448.41900634765625,1880684
2026-02-10 14:40:00,448.0,448.8500061035156,442.8999938964844,447.8500061035156,2508598
2026-02-10 14:45:00,447.95001220703125,447.95001220703125,445.29998779296875,447.0,706996
2026-02-10 14:50:00,446.8500061035156,454.45001220703125,445.75,447.6000061035156,825489
2026-02-10 14:55:00,447.70001220703125,453.29998779296875,447.25,448.04998779296875,509627
2026-02-10 15:00:00,448.04998779296875,453.5,447.6000061035156,448.04998779296875,558033
2026-02-10 15:05:00,448.1499938964844,453.6499938964844,444.20001220703125,448.04998779296875,770170
2026-02-10 15:10:00,448.1000061035156,449.1000061035156,444.3999938964844,445.54998779296875,719730
2026-02-10 15:15:00,445.54998779296875,446.8500061035156,444.70001220703125,446.54998779296875,645209
2026-02-10 15:20:00,446.6000061035156,447.1499938964844,445.6000061035156,446.04998779296875,548080
2026-02-10 15:25:00,446.04998779296875,447.6000061035156,444.3999938964844,446.1000061035156,720401
2026-02-10 15:30:00,446.04998779296875,446.8999938964844,442.04998779296875,442.1000061035156,836755
2026-02-10 15:35:00,442.20001220703125,447.04998779296875,441.04998779296875,443.8999938964844,1257960
2026-02-10 15:40:00,443.95001220703125,447.5,442.6499938964844,443.0,709198
2026-02-10 15:45:00,443.0,447.75,442.45001220703125,446.6000061035156,847703
2026-02-10 15:50:00,443.70001220703125,447.95001220703125,442.1000061035156,442.29998779296875,1095157
2026-02-10 15:55:00,442.29998779296875,446.29998779296875,442.1499938964844,444.0,1218004
2026-02-10 16:00:00,444.04998779296875,447.75,443.6499938964844,444.8999938964844,794806
2026-02-10 16:05:00,444.8500061035156,447.1000061035156,444.5,446.8601989746094,1061749
2026-02-10 16:10:00,446.9880065917969,446.9880065917969,445.29998779296875,446.29998779296875,833889
2026-02-10 16:15:00,446.20001220703125,447.8999938964844,446.04998779296875,447.79998779296875,533737
2026-02-10 16:20:00,447.75,449.1000061035156,447.20001220703125,447.20001220703125,781561
2026-02-10 16:25:00,447.1000061035156,449.0,446.75,447.3500061035156,871122
2026-02-11 08:00:00,450.0,455.79998779296875,449.70001220703125,453.95001220703125,0
2026-02-11 08:05:00,453.3500061035156,456.25,449.95001220703125,450.54998779296875,304846
2026-02-11 08:10:00,453.79998779296875,456.0589904785156,449.95001220703125,455.25,352163
2026-02-11 08:15:00,455.25,456.45001220703125,452.70001220703125,456.0346984863281,310177
2026-02-11 08:20:00,456.0,456.20001220703125,454.54998779296875,455.79998779296875,312411
2026-02-11 08:25:00,455.79998779296875,455.8999938964844,455.1000061035156,455.29998779296875,111224
2026-02-11 08:30:00,455.3500061035156,457.0360107421875,455.3500061035156,456.29998779296875,386182
2026-02-11 08:35:00,456.29998779296875,458.25,455.6000061035156,457.04998779296875,418490
2026-02-11 08:40:00,457.04998779296875,458.5,457.04998779296875,458.3999938964844,313177
2026-02-11 08:45:00,458.3559875488281,459.25,457.8999938964844,458.75,340617
2026-02-11 08:50:00,458.95001220703125,458.95001220703125,457.6000061035156,458.3500061035156,598299
2026-02-11 08:55:00,458.32501220703125,459.0,458.04998779296875,458.3999938964844,126821
2026-02-11 09:00:00,458.54998779296875,458.79998779296875,457.8999938964844,458.3630065917969,330675
2026-02-11 09:05:00,458.29998779296875,459.1499938964844,458.25,458.8500061035156,126171
2026-02-11 09:10:00,458.8500061035156,459.3949890136719,458.3999938964844,459.04998779296875,83983
2026-02-11 09:15:00,458.9338073730469,459.6499938964844,458.79998779296875,459.4700012207031,131690
2026-02-11 09:20:00,459.3999938964844,459.6000061035156,458.75,459.04998779296875,96386
2026-02-11 09:25:00,459.114013671875,461.3999938964844,459.04998779296875,461.156005859375,244998
2026-02-11 09:30:00,461.29998779296875,461.45001220703125,460.8500061035156,461.29998779296875,136404
2026-02-11 09:35:00,461.35101318359375,461.8999938964844,461.25,461.29998779296875,91110
2026-02-11 09:40:00,461.45001220703125,462.04998779296875,461.3500061035156,461.45001220703125,200047
2026-02-11 09:45:00,461.5,461.8999938964844,460.6000061035156,460.79998779296875,291900
2026-02-11 09:50:00,460.75,461.0,459.54998779296875,459.79998779296875,205636
2026-02-11 09:55:00,459.70001220703125,459.8500061035156,458.70001220703125,458.79998779296875,97605
2026-02-11 10:00:00,459.0,459.1000061035156,457.8999938964844,458.3500061035156,267830
2026-02-11 10:05:00,458.29998779296875,459.95001220703125,458.1000061035156,459.8999938964844,143977
2026-02-11 10:10:00,460.0,460.75,459.9339904785156,460.25,727277
2026-02-11 10:15:00,460.1000061035156,460.57501220703125,458.70001220703125,459.1000061035156,362949
2026-02-11 10:20:00,459.20001220703125,459.6499938964844,458.79998779296875,459.6499938964844,187480
2026-02-11 10:25:00,459.70001220703125,461.25,459.5,461.25,32754
2026-02-11 10:30:00,459.8999938964844,461.3999938964844,459.75,459.95001220703125,139923
2026-02-11 10:35:00,459.95001220703125,460.25,459.95001220703125,460.20001220703125,64955
2026-02-11 10:40:00,460.10101318359375,460.29998779296875,459.8999938964844,460.07501220703125,63097
2026-02-11 10:45:00,460.29998779296875,460.75,460.1000061035156,460.5,253753
2026-02-11 10:50:00,460.54998779296875,460.8500061035156,459.3999938964844,459.481689453125,535648
2026-02-11 10:55:00,459.45001220703125,459.5,458.29998779296875,458.29998779296875,111716
2026-02-11 11:00:00,458.3999938964844,458.79998779296875,458.0,458.54998779296875,152999
2026-02-11 11:05:00,458.5,458.54998779296875,456.0,457.1499938964844,419425
2026-02-11 11:10:00,457.45001220703125,458.0249938964844,457.29998779296875,457.8999938964844,111797
2026-02-11 11:15:00,457.79998779296875,457.95001220703125,457.1499938964844,457.75,91425
2026-02-11 11:20:00,457.6499938964844,458.04998779296875,457.54998779296875,457.8500061035156,32086
2026-02-11 11:25:00,457.70001220703125,457.8999938964844,457.54998779296875,457.8500061035156,39390
2026-02-11 11:30:00,457.8340148925781,458.0,457.54998779296875,457.6499938964844,82195
2026-02-11 11:35:00,457.6000061035156,458.0,457.45001220703125,457.8999938964844,69088
2026-02-11 11:40:00,457.8500061035156,458.5,457.45001220703125,458.20001220703125,29429
2026-02-11 11:45:00,458.3500061035156,458.8999938964844,458.20001220703125,458.8500061035156,93062
2026-02-11 11:50:00,458.75,459.6499938964844,458.75,459.6499938964844,46412
2026-02-11 11:55:00,459.6570129394531,460.29998779296875,459.6570129394531,460.1499938964844,114015
2026-02-11 12:00:00,460.0,460.1000061035156,459.1000061035156,459.50299072265625,150694
2026-02-11 12:05:00,459.5060119628906,459.6000061035156,458.27801513671875,459.5058898925781,204327
2026-02-11 12:10:00,459.5,459.5,458.3500061035156,458.5,114729
2026-02-11 12:15:00,458.29998779296875,460.0,457.70001220703125,457.8500061035156,129430
2026-02-11 12:20:00,457.79998779296875,458.3500061035156,457.79998779296875,458.2690124511719,42530
2026-02-11 12:25:00,458.25,459.3999938964844,458.20001220703125,459.1629943847656,78208
2026-02-11 12:30:00,459.04998779296875,459.25,458.70001220703125,458.8500061035156,40641
2026-02-11 12:35:00,458.79998779296875,458.95001220703125,458.6000061035156,458.79998779296875,42099
2026-02-11 12:40:00,458.8525085449219,459.20001220703125,457.45001220703125,458.21728515625,163098
2026-02-11 12:45:00,458.25,459.0,458.0,458.79998779296875,113931
2026-02-11 12:50:00,458.95001220703125,459.1000061035156,458.0,458.2070007324219,134451
2026-02-11 12:55:00,458.29998779296875,459.0,458.04998779296875,458.95001220703125,77797
2026-02-11 13:00:00,458.8500061035156,459.70001220703125,458.75,459.6000061035156,93304
2026-02-11 13:05:00,459.6340026855469,459.8999938964844,459.04998779296875,459.75,118154
2026-02-11 13:10:00,459.75,460.0,459.0,459.6000061035156,187840
2026-02-11 13:15:00,459.5350036621094,460.1499938964844,459.5,460.1000061035156,134400
2026-02-11 13:20:00,460.1499938964844,461.0,460.1000061035156,460.79998779296875,81580
2026-02-11 13:25:00,460.75,461.04998779296875,460.70001220703125,460.79998779296875,48348
2026-02-11 13:30:00,460.8500061035156,462.1499938964844,460.5,461.54998779296875,608347
2026-02-11 13:35:00,461.6000061035156,462.20001220703125,461.20001220703125,461.20001220703125,160828
2026-02-11 13:40:00,461.1499938964844,462.1000061035156,459.8500061035156,460.1499938964844,122876
2026-02-11 13:45:00,460.04998779296875,461.45001220703125,460.04998779296875,461.09991455078125,60098
2026-02-11 13:50:00,461.1499938964844,461.54998779296875,460.8500061035156,461.54998779296875,114236
2026-02-11 13:55:00,461.45001220703125,462.0,460.29998779296875,461.79998779296875,84691
2026-02-11 14:00:00,461.70001220703125,461.8999938964844,460.29998779296875,461.20001220703125,108069
2026-02-11 14:05:00,461.13018798828125,461.45001220703125,460.3999938964844,460.54998779296875,85611
2026-02-11 14:10:00,460.54998779296875,460.6499938964844,460.0,460.6499938964844,112514
2026-02-11 14:15:00,460.70001220703125,462.0,460.5,461.54998779296875,114363
2026-02-11 14:20:00,461.3999938964844,462.29998779296875,460.8500061035156,462.0,91870
2026-02-11 14:25:00,462.0,463.70001220703125,460.75,463.45001220703125,424047
2026-02-11 14:30:00,463.70098876953125,464.45001220703125,460.54998779296875,464.3500061035156,698062
2026-02-11 14:35:00,464.3999938964844,466.8999938964844,460.75,466.4549865722656,652701
2026-02-11 14:40:00,466.5,467.8999938964844,461.0,467.5,504275
2026-02-11 14:45:00,467.45001220703125,469.20001220703125,465.8999938964844,466.0,583774
2026-02-11 14:50:00,466.0,466.5,465.1000061035156,466.0,305817
2026-02-11 14:55:00,466.20001220703125,466.375,464.79998779296875,465.1499938964844,401575
2026-02-11 15:00:00,465.25,465.5,463.95001220703125,464.04998779296875,275590
2026-02-11 15:05:00,464.0,465.54998779296875,463.6969909667969,465.45001220703125,468988
2026-02-11 15:10:00,465.45001220703125,466.25,464.20001220703125,465.04998779296875,185257
2026-02-11 15:15:00,465.20001220703125,465.95001220703125,465.0,465.29998779296875,209545
2026-02-11 15:20:00,465.29998779296875,466.3500061035156,465.1000061035156,465.1000061035156,238537
2026-02-11 15:25:00,465.0,466.9525146484375,464.70001220703125,466.9525146484375,143908
2026-02-11 15:30:00,466.8999938964844,467.29998779296875,465.3999938964844,466.79998779296875,433900
2026-02-11 15:35:00,466.75,467.95001220703125,466.45001220703125,467.5,243330
2026-02-11 15:40:00,467.3999938964844,468.29998779296875,467.04998779296875,468.20001220703125,120310
2026-02-11 15:45:00,468.135009765625,468.8999938964844,468.04998779296875,468.17498779296875,264834
2026-02-11 15:50:00,468.3999938964844,469.25,462.6000061035156,468.75,275983
2026-02-11 15:55:00,468.75,470.95001220703125,468.6499938964844,470.75,794854
2026-02-11 16:00:00,470.79998779296875,472.1000061035156,470.54998779296875,471.5,274920
2026-02-11 16:05:00,471.3999938964844,472.3500061035156,470.95001220703125,471.95001220703125,459223
2026-02-11 16:10:00,471.95001220703125,472.8500061035156,471.8500061035156,472.20001220703125,323938
2026-02-11 16:15:00,472.20001220703125,472.95001220703125,471.8500061035156,472.0,228185
2026-02-11 16:20:00,471.9750061035156,472.1000061035156,471.25,471.6000061035156,368680
2026-02-11 16:25:00,471.6499938964844,472.5,471.3999938964844,472.3999938964844,303863
2026-02-12 08:00:00,468.0,469.8500061035156,467.70001220703125,467.95001220703125,0
2026-02-12 08:05:00,468.0,468.95001220703125,466.70001220703125,467.45001220703125,128576
2026-02-12 08:10:00,467.4993896484375,468.04998779296875,466.20001220703125,468.0,356406
2026-02-12 08:15:00,468.0,469.79998779296875,466.70001220703125,468.45001220703125,307109
2026-02-12 08:20:00,468.54998779296875,468.95001220703125,466.70001220703125,468.3500061035156,118682
2026-02-12 08:25:00,468.1000061035156,468.20001220703125,466.3999938964844,467.70001220703125,117394
2026-02-12 08:30:00,467.79998779296875,468.70001220703125,467.3500061035156,467.79998779296875,105388
2026-02-12 08:35:00,467.79998779296875,468.79998779296875,467.5,467.95001220703125,81743
2026-02-12 08:40:00,468.79998779296875,470.8500061035156,467.75,470.79998779296875,310593
2026-02-12 08:45:00,470.6000061035156,472.1000061035156,467.6499938964844,471.20001220703125,220349
2026-02-12 08:50:00,471.04998779296875,471.45001220703125,467.6499938964844,471.29998779296875,40393
2026-02-12 08:55:00,471.45001220703125,471.54998779296875,468.8500061035156,470.75,61331
2026-02-12 09:00:00,470.8080139160156,471.1000061035156,470.1499938964844,470.3500061035156,73412
2026-02-12 09:05:00,470.45001220703125,471.04998779296875,470.25,470.3500061035156,57558
2026-02-12 09:10:00,470.20001220703125,471.04998779296875,468.54998779296875,468.54998779296875,51028
2026-02-12 09:15:00,470.6499938964844,470.6499938964844,466.54998779296875,466.54998779296875,224396
2026-02-12 09:20:00,466.54998779296875,471.1000061035156,465.29998779296875,465.4200134277344,131324
2026-02-12 09:25:00,465.29998779296875,465.5,464.5,465.1499938964844,127954
2026-02-12 09:30:00,464.54998779296875,468.8103942871094,464.1499938964844,464.3500061035156,996862
2026-02-12 09:35:00,464.3999938964844,465.25,464.25,465.04998779296875,114287
2026-02-12 09:40:00,464.8500061035156,465.20001220703125,464.2699890136719,464.3500061035156,57121
2026-02-12 09:45:00,464.29998779296875,464.70001220703125,464.1000061035156,464.5,66227
2026-02-12 09:50:00,464.54998779296875,465.20001220703125,464.20001220703125,464.2301940917969,66515
2026-02-12 09:55:00,464.1601867675781,464.25,463.3500061035156,464.1000061035156,115321
2026-02-12 10:00:00,464.20001220703125,464.70001220703125,464.0,464.45001220703125,0
2026-02-12 10:05:00,464.70001220703125,464.75,464.1000061035156,464.3172912597656,75231
2026-02-12 10:10:00,464.25,464.75,463.75,464.6499938964844,223208
2026-02-12 10:15:00,464.5,465.5740966796875,464.0,464.0,60394
2026-02-12 10:20:00,464.0,465.4237060546875,463.9809875488281,464.1499938964844,62066
2026-02-12 10:25:00,464.1000061035156,464.5,464.0,464.4280090332031,74231
2026-02-12 10:30:00,464.5010070800781,464.54998779296875,464.04998779296875,464.1499938964844,79389
2026-02-12 10:35:00,464.20001220703125,464.5,464.1401062011719,464.45001220703125,59294
2026-02-12 10:40:00,464.29998779296875,464.8500061035156,464.29998779296875,464.5,70465
2026-02-12 10:45:00,464.5090026855469,465.1000061035156,464.3500061035156,465.00518798828125,71818
2026-02-12 10:50:00,465.04998779296875,465.29998779296875,464.52960205078125,464.8999938964844,532185
2026-02-12 10:55:00,464.8999938964844,465.5,464.25,465.39599609375,45528
2026-02-12 11:00:00,465.25,465.5,464.1499938964844,464.3500061035156,63320
2026-02-12 11:05:00,464.29998779296875,465.3999938964844,464.0,464.0,54601
2026-02-12 11:10:00,464.04998779296875,465.3500061035156,463.95001220703125,464.3500061035156,110705
2026-02-12 11:15:00,464.1499938964844,464.6499938964844,464.04998779296875,464.5509033203125,36635
2026-02-12 11:20:00,464.5509948730469,464.95001220703125,464.5,464.79998779296875,23959
2026-02-12 11:25:00,464.8500061035156,465.0,464.79998779296875,464.8500061035156,48033
2026-02-12 11:30:00,464.79998779296875,465.1499938964844,464.79998779296875,465.1499938964844,68153
2026-02-12 11:35:00,465.20001220703125,465.6499938964844,465.1369934082031,465.44488525390625,89260
2026-02-12 11:40:00,465.3999938964844,465.6570129394531,465.3500061035156,465.3999938964844,52473
2026-02-12 11:45:00,465.3500061035156,465.3999938964844,465.2099914550781,465.25,31663
2026-02-12 11:50:00,465.1499938964844,465.3999938964844,464.9205017089844,465.25,127835
2026-02-12 11:55:00,465.3999938964844,465.70001220703125,465.29998779296875,465.3999938964844,35513
2026-02-12 12:00:00,465.3500061035156,465.83990478515625,465.29998779296875,465.45001220703125,47894
2026-02-12 12:05:00,465.45001220703125,466.0,465.29998779296875,465.45001220703125,23255
2026-02-12 12:10:00,465.6000061035156,466.0,465.29998779296875,465.29998779296875,25511
2026-02-12 12:15:00,465.70001220703125,466.04998779296875,465.3999938964844,465.95001220703125,31496
2026-02-12 12:20:00,465.79998779296875,466.0,465.25,465.6499938964844,27207
2026-02-12 12:25:00,465.75,466.0,465.6099853515625,466.0,29169
2026-02-12 12:30:00,465.79998779296875,466.20001220703125,465.6499938964844,465.75,22491
2026-02-12 12:35:00,465.75,466.0,465.6499938964844,466.0,33832
2026-02-12 12:40:00,466.0,466.04998779296875,465.1000061035156,465.6000061035156,94257
2026-02-12 12:45:00,465.25,466.1499938964844,465.0,465.45001220703125,860588
2026-02-12 12:50:00,465.42498779296875,465.8999938964844,465.1499938964844,465.79998779296875,20939
2026-02-12 12:55:00,465.79998779296875,466.1499938964844,465.75,465.95001220703125,30605
2026-02-12 13:00:00,465.95001220703125,465.95001220703125,465.1000061035156,465.3999938964844,40325
2026-02-12 13:05:00,465.5,465.95001220703125,465.3500061035156,465.95001220703125,81939
2026-02-12 13:10:00,465.92999267578125,466.0,465.5,465.5,55777
2026-02-12 13:15:00,465.6000061035156,465.70001220703125,465.20001220703125,465.3500061035156,60107
2026-02-12 13:20:00,465.3999938964844,465.3999938964844,465.20001220703125,465.25,33063
2026-02-12 13:25:00,465.25,465.29998779296875,464.95001220703125,465.29998779296875,48169
2026-02-12 13:30:00,465.29998779296875,465.6000061035156,465.20001220703125,465.29998779296875,41858
2026-02-12 13:35:00,465.34490966796875,465.3999938964844,464.25,464.3999938964844,76442
2026-02-12 13:40:00,464.45001220703125,464.70001220703125,463.70001220703125,463.79998779296875,88182
2026-02-12 13:45:00,463.82501220703125,463.8500061035156,463.1499938964844,463.79998779296875,135099
2026-02-12 13:50:00,463.79998779296875,464.0,463.45001220703125,463.45001220703125,59030
2026-02-12 13:55:00,463.489990234375,465.20001220703125,463.489990234375,465.1499938964844,308690
2026-02-12 14:00:00,465.20001220703125,466.0,465.20001220703125,465.37298583984375,273143
2026-02-12 14:05:00,465.3500061035156,466.0,465.20001220703125,465.79998779296875,32484
2026-02-12 14:10:00,465.8500061035156,466.0,465.3500061035156,466.0,159984
2026-02-12 14:15:00,465.92669677734375,465.95098876953125,464.70001220703125,464.8999938964844,158819
2026-02-12 14:20:00,465.04998779296875,465.45001220703125,465.0220031738281,465.45001220703125,77607
2026-02-12 14:25:00,465.54998779296875,466.29998779296875,465.1499938964844,465.1499938964844,89122
2026-02-12 14:30:00,465.1499938964844,466.0,462.1499938964844,462.75,520834
2026-02-12 14:35:00,462.79998779296875,464.20001220703125,461.04998779296875,461.1000061035156,335262
2026-02-12 14:40:00,461.1499938964844,461.3399963378906,460.0,460.29998779296875,429593
2026-02-12 14:45:00,460.3500061035156,464.04998779296875,459.54998779296875,460.6499938964844,400066
2026-02-12 14:50:00,460.79998779296875,462.45001220703125,458.8500061035156,459.1499938964844,276200
2026-02-12 14:55:00,459.0,460.95001220703125,458.5,459.27301025390625,360113
2026-02-12 15:00:00,459.1499938964844,460.8500061035156,459.1499938964844,459.6000061035156,246764
2026-02-12 15:05:00,459.6000061035156,461.0,459.5,459.8999938964844,369460
2026-02-12 15:10:00,460.0,460.5,459.29998779296875,460.5,236697
2026-02-12 15:15:00,460.54998779296875,460.79998779296875,459.8999938964844,460.75,1459747
2026-02-12 15:20:00,460.75,461.04998779296875,460.0,460.0,151951
2026-02-12 15:25:00,460.0870056152344,461.1499938964844,459.3500061035156,459.79998779296875,238316
2026-02-12 15:30:00,459.8500061035156,460.5,459.75,460.1499938964844,142383
2026-02-12 15:35:00,460.0,460.25,459.1000061035156,459.1000061035156,206246
2026-02-12 15:40:00,459.29998779296875,460.95001220703125,459.20001220703125,460.70001220703125,158451
2026-02-12 15:45:00,460.70001220703125,461.3999938964844,459.3999938964844,459.54998779296875,168393
2026-02-12 15:50:00,459.43701171875,460.20001220703125,459.1499938964844,459.79998779296875,203890
2026-02-12 15:55:00,459.8999938964844,460.8999938964844,458.70001220703125,458.70001220703125,299141
2026-02-12 16:00:00,459.20001220703125,459.79998779296875,458.8500061035156,459.1000061035156,290849
2026-02-12 16:05:00,459.20001220703125,460.1000061035156,458.6000061035156,458.70001220703125,173195
2026-02-12 16:10:00,458.75,468.0,458.5,458.6000061035156,1596401
2026-02-12 16:15:00,458.70001220703125,468.0,457.79998779296875,458.1000061035156,1485020
2026-02-12 16:20:00,458.1000061035156,458.54998779296875,457.04998779296875,457.3999938964844,357061
2026-02-12 16:25:00,457.20001220703125,460.3500061035156,456.25,456.6000061035156,1112435
2026-02-13 08:00:00,455.75,456.4248046875,453.5,455.5,0
2026-02-13 08:05:00,455.70001220703125,456.3999938964844,455.1000061035156,455.79998779296875,63265
2026-02-13 08:10:00,455.79998779296875,456.1000061035156,454.54998779296875,455.79998779296875,83683
2026-02-13 08:15:00,455.8999938964844,455.8999938964844,453.29998779296875,453.6000061035156,101263
2026-02-13 08:20:00,453.6000061035156,455.29998779296875,453.3999938964844,453.8999938964844,105393
2026-02-13 08:25:00,453.8999938964844,456.0,453.25,453.8500061035156,140824
2026-02-13 08:30:00,454.04998779296875,454.20001220703125,453.1499938964844,453.1499938964844,81393
2026-02-13 08:35:00,453.1499938964844,454.04998779296875,453.04998779296875,453.5,155530
2026-02-13 08:40:00,453.5,454.20001220703125,453.25,453.8500061035156,57454
2026-02-13 08:45:00,453.8500061035156,454.70001220703125,453.5,454.6499938964844,83436
2026-02-13 08:50:00,454.54998779296875,454.8500061035156,453.8500061035156,454.1499938964844,64226
2026-02-13 08:55:00,454.25,454.5,453.25,453.8599853515625,49409
2026-02-13 09:00:00,453.8999938964844,454.70001220703125,453.04998779296875,453.1000061035156,85556
2026-02-13 09:05:00,453.1499938964844,454.29998779296875,453.0,453.1000061035156,55914
2026-02-13 09:10:00,453.29998779296875,453.75,452.80999755859375,453.54998779296875,81941
2026-02-13 09:15:00,453.54998779296875,454.20001220703125,453.25,453.95001220703125,96174
2026-02-13 09:20:00,453.989990234375,454.29998779296875,453.54998779296875,453.8999938964844,42104
2026-02-13 09:25:00,453.95001220703125,454.1000061035156,453.3500061035156,453.5740051269531,73567
2026-02-13 09:30:00,453.5,453.5,453.20001220703125,453.25,201820
2026-02-13 09:35:00,453.29998779296875,453.5,453.0,453.0,262606
2026-02-13 09:40:00,453.29998779296875,453.3999938964844,452.95001220703125,453.20001220703125,1054885
2026-02-13 09:45:00,453.3500061035156,453.5,452.79998779296875,453.04998779296875,102281
2026-02-13 09:50:00,453.1000061035156,453.25,452.6499938964844,452.6499938964844,25962
2026-02-13 09:55:00,452.75,453.79998779296875,452.75,453.79998779296875,39886
2026-02-13 10:00:00,453.8500061035156,454.20001220703125,453.75,453.8999938964844,34655
2026-02-13 10:05:00,453.8999938964844,454.1000061035156,453.25,453.25,70784
2026-02-13 10:10:00,453.25,453.54998779296875,453.20001220703125,453.5,39386
2026-02-13 10:15:00,453.6000061035156,454.29998779296875,453.25,454.20001220703125,36304
2026-02-13 10:20:00,454.1499938964844,454.6499938964844,453.20001220703125,454.3999938964844,182019
2026-02-13 10:25:00,454.45001220703125,454.5,452.79998779296875,453.95001220703125,79620
2026-02-13 10:30:00,453.95001220703125,454.20001220703125,452.79998779296875,452.79998779296875,85575
2026-02-13 10:35:00,452.79998779296875,454.29998779296875,452.5,453.29998779296875,57596
2026-02-13 10:40:00,453.29998779296875,454.25,453.29998779296875,453.8800048828125,55144
2026-02-13 10:45:00,453.5,453.8999938964844,452.1000061035156,452.20001220703125,166635
2026-02-13 10:50:00,452.1000061035156,453.6000061035156,451.95001220703125,453.6000061035156,126424
2026-02-13 10:55:00,453.6499938964844,454.29998779296875,453.1499938964844,454.04998779296875,112656
2026-02-13 11:00:00,454.04998779296875,454.6000061035156,454.04998779296875,454.29998779296875,58536
2026-02-13 11:05:00,454.29998779296875,454.8999938964844,454.29998779296875,454.64691162109375,61255
2026-02-13 11:10:00,454.6499938964844,455.3999938964844,454.5220031738281,455.25,114427
2026-02-13 11:15:00,455.368896484375,455.5,454.45001220703125,454.79998779296875,89034
2026-02-13 11:20:00,454.6499938964844,455.0,454.6499938964844,454.8999938964844,32435
2026-02-13 11:25:00,454.8810119628906,455.8999938964844,454.79998779296875,455.75,50388
2026-02-13 11:30:00,455.8500061035156,456.04998779296875,455.1000061035156,455.8999938964844,49495
2026-02-13 11:35:00,455.95001220703125,456.04998779296875,455.1499938964844,455.1499938964844,36187
2026-02-13 11:40:00,455.04998779296875,455.3500061035156,453.25,453.6000061035156,367625
2026-02-13 11:45:00,453.70001220703125,455.25,452.75,453.1499938964844,145696
2026-02-13 11:50:00,452.95001220703125,453.6000061035156,452.3999938964844,453.6000061035156,88853
2026-02-13 11:55:00,453.70001220703125,454.95001220703125,453.45001220703125,454.6499938964844,70549
2026-02-13 12:00:00,455.20001220703125,455.70001220703125,455.04998779296875,455.6000061035156,61184
2026-02-13 12:05:00,455.70001220703125,455.70001220703125,455.0,455.25,47955
2026-02-13 12:10:00,455.1499938964844,455.3999938964844,454.29998779296875,455.385009765625,82616
2026-02-13 12:15:00,455.6000061035156,455.79998779296875,455.20001220703125,455.20001220703125,33047
2026-02-13 12:20:00,455.25,455.79998779296875,455.0,455.54998779296875,28230
2026-02-13 12:25:00,455.70001220703125,455.8500061035156,455.45001220703125,455.79998779296875,39517
2026-02-13 12:30:00,455.6499938964844,455.95001220703125,455.2131042480469,455.70001220703125,41762
2026-02-13 12:35:00,455.6000061035156,455.95001220703125,455.6000061035156,455.70001220703125,38051
2026-02-13 12:40:00,455.79998779296875,456.3500061035156,455.45001220703125,456.25,79175
2026-02-13 12:45:00,456.3500061035156,456.3500061035156,455.6499938964844,455.95001220703125,22321
2026-02-13 12:50:00,456.1499938964844,456.1499938964844,455.20001220703125,455.7300109863281,36144
2026-02-13 12:55:00,455.79998779296875,456.3999938964844,455.5,456.3500061035156,42384
2026-02-13 13:00:00,456.3999938964844,456.75,455.75,455.75,115219
2026-02-13 13:05:00,456.0,456.0,455.0,455.0,34076
2026-02-13 13:10:00,455.04998779296875,455.3500061035156,454.5,454.6000061035156,34495
2026-02-13 13:15:00,454.54998779296875,455.8999938964844,454.5419921875,455.79998779296875,70687
2026-02-13 13:20:00,455.79998779296875,456.1000061035156,455.04998779296875,455.75,74352
2026-02-13 13:25:00,455.75,456.0,455.6000061035156,456.0,5767011
2026-02-13 13:30:00,456.1000061035156,456.8999938964844,455.70001220703125,456.70001220703125,101650
2026-02-13 13:35:00,456.6000061035156,456.6499938964844,455.75,456.54998779296875,5060833
2026-02-13 13:40:00,456.6000061035156,457.04998779296875,456.3999938964844,456.75,41225
2026-02-13 13:45:00,456.75,456.95001220703125,456.54998779296875,456.70001220703125,30249
2026-02-13 13:50:00,456.75,456.8999938964844,456.6499938964844,456.79998779296875,26156
2026-02-13 13:55:00,456.79998779296875,457.25,456.70001220703125,456.95001220703125,41959
2026-02-13 14:00:00,456.8500061035156,457.3999938964844,456.75,457.20001220703125,52841
2026-02-13 14:05:00,457.3500061035156,457.45001220703125,455.79998779296875,455.79998779296875,62283
2026-02-13 14:10:00,455.8420104980469,456.25,455.29998779296875,455.6499938964844,47669
2026-02-13 14:15:00,455.67498779296875,455.95001220703125,455.25,455.3500061035156,45687
2026-02-13 14:20:00,455.3500061035156,455.5,454.8500061035156,455.25,97523
2026-02-13 14:25:00,455.1000061035156,455.54998779296875,454.75,454.75,158980
2026-02-13 14:30:00,454.75,457.1499938964844,454.3500061035156,457.1499938964844,712344
2026-02-13 14:35:00,457.1000061035156,457.75,455.0,455.04998779296875,257588
2026-02-13 14:40:00,454.95001220703125,455.5,453.0,455.3999938964844,252070
2026-02-13 14:45:00,455.45001220703125,456.3500061035156,454.8500061035156,454.95001220703125,136233
2026-02-13 14:50:00,454.88360595703125,456.45001220703125,454.20001220703125,455.95001220703125,294610
2026-02-13 14:55:00,456.0,456.95001220703125,456.0,456.95001220703125,251271
2026-02-13 15:00:00,456.95001220703125,458.29998779296875,456.8500061035156,457.75,231865
2026-02-13 15:05:00,457.6499938964844,459.6499938964844,457.20001220703125,459.3999938964844,253245
2026-02-13 15:10:00,459.45001220703125,459.70001220703125,456.5,457.75,157023
2026-02-13 15:15:00,457.8500061035156,458.29998779296875,456.5,458.04998779296875,128466
2026-02-13 15:20:00,458.04998779296875,458.5,455.75,455.75,864050
2026-02-13 15:25:00,457.75,458.1000061035156,457.45001220703125,457.8999938964844,131936
2026-02-13 15:30:00,457.8500061035156,458.5,457.54998779296875,457.70001220703125,176151
2026-02-13 15:35:00,457.6000061035156,458.1499938964844,457.25,457.70001220703125,175188
2026-02-13 15:40:00,457.6000061035156,458.04998779296875,457.1000061035156,457.25,145349
2026-02-13 15:45:00,457.20001220703125,458.1492919921875,457.0,457.3999938964844,658364
2026-02-13 15:50:00,457.45001220703125,458.1000061035156,457.45001220703125,457.79998779296875,71330
2026-02-13 15:55:00,457.8500061035156,458.1000061035156,457.0,457.6499938964844,62719
2026-02-13 16:00:00,457.5,458.0,457.45001220703125,457.8500061035156,156866
2026-02-13 16:05:00,457.79998779296875,458.45001220703125,457.5,458.3500061035156,120188
2026-02-13 16:10:00,458.29998779296875,459.3999938964844,458.20001220703125,459.3999938964844,189042
2026-02-13 16:15:00,459.45001220703125,460.0,459.21099853515625,459.6499938964844,201422
2026-02-13 16:20:00,459.70001220703125,459.8999938964844,459.1000061035156,459.54998779296875,143669
2026-02-13 16:25:00,459.45550537109375,459.79998779296875,459.45001220703125,459.65008544921875,167703
2026-02-16 08:00:00,458.75,461.54998779296875,458.70001220703125,461.1000061035156,0
2026-02-16 08:05:00,461.04998779296875,461.75,460.0,460.0,168354
2026-02-16 08:10:00,459.8999938964844,460.29998779296875,458.1499938964844,459.0,186436
2026-02-16 08:15:00,459.25,461.95001220703125,458.5,458.95001220703125,161587
2026-02-16 08:20:00,461.8500061035156,463.5,458.5,462.6499938964844,300485
2026-02-16 08:25:00,462.6000061035156,463.6499938964844,458.5,458.5,102830
2026-02-16 08:30:00,462.3500061035156,463.8500061035156,458.5,458.5,154516
2026-02-16 08:35:00,458.95001220703125,463.2349853515625,458.5,458.5,42661
2026-02-16 08:40:00,461.95001220703125,462.79998779296875,458.5,461.54998779296875,73591
2026-02-16 08:45:00,462.1499938964844,462.54998779296875,458.5,462.29998779296875,61991
2026-02-16 08:50:00,462.3840026855469,462.739990234375,460.70001220703125,462.20001220703125,87086
2026-02-16 08:55:00,462.5,462.5,460.70001220703125,462.29998779296875,246668
2026-02-16 09:00:00,462.5,462.6000061035156,460.95001220703125,461.20001220703125,26857
2026-02-16 09:05:00,461.25,462.54998779296875,461.1499938964844,461.25,27835
2026-02-16 09:10:00,461.20001220703125,462.95001220703125,460.8500061035156,461.70001220703125,52153
2026-02-16 09:15:00,461.54998779296875,463.3999938964844,461.54998779296875,462.5,41828
2026-02-16 09:20:00,462.75,462.95001220703125,461.95001220703125,462.25,38054
2026-02-16 09:25:00,462.3999938964844,462.79998779296875,462.25,462.6499938964844,21722
2026-02-16 09:30:00,462.68798828125,462.70001220703125,461.8500061035156,462.1000061035156,9563
2026-02-16 09:35:00,461.95001220703125,462.1000061035156,461.29998779296875,462.1000061035156,64261
2026-02-16 09:40:00,462.1000061035156,462.1000061035156,461.70001220703125,461.79998779296875,45430
2026-02-16 09:45:00,461.79998779296875,462.04998779296875,461.4742126464844,461.54998779296875,17360
2026-02-16 09:50:00,461.3999938964844,462.29998779296875,461.3999938964844,462.1390075683594,36064
2026-02-16 09:55:00,462.1000061035156,462.25,461.79998779296875,462.1499938964844,65253
2026-02-16 10:00:00,462.6000061035156,462.6000061035156,461.95001220703125,462.3999938964844,22434
2026-02-16 10:05:00,462.29998779296875,462.70001220703125,462.29998779296875,462.3999938964844,31369
2026-02-16 10:10:00,462.3999938964844,462.8500061035156,462.25,462.51239013671875,26971
2026-02-16 10:15:00,462.5,462.6000061035156,461.3999938964844,461.6000061035156,100078
2026-02-16 10:20:00,461.54998779296875,461.6499938964844,461.29998779296875,461.54998779296875,23948
2026-02-16 10:25:00,461.54998779296875,462.0,461.45001220703125,462.0,41698
2026-02-16 10:30:00,461.45001220703125,462.04998779296875,461.25,462.0,61653
2026-02-16 10:35:00,462.0,462.3500061035156,461.9480895996094,462.2026062011719,40239
2026-02-16 10:40:00,462.25,462.54998779296875,462.0,462.45001220703125,15390
2026-02-16 10:45:00,462.3500061035156,462.8999938964844,462.25,462.70001220703125,86020
2026-02-16 10:50:00,462.79998779296875,462.8999938964844,461.29998779296875,462.6499938964844,13051
2026-02-16 10:55:00,462.6499938964844,463.79998779296875,462.54998779296875,463.45001220703125,170160
2026-02-16 11:00:00,463.45001220703125,463.79998779296875,462.6499938964844,463.5,84533
2026-02-16 11:05:00,463.3999938964844,464.20001220703125,463.3500061035156,464.01019287109375,88008
2026-02-16 11:10:00,464.0,464.1499938964844,463.8500061035156,463.9200134277344,23561
2026-02-16 11:15:00,463.8500061035156,464.1000061035156,461.3500061035156,461.8999938964844,400731
2026-02-16 11:20:00,461.54998779296875,463.95001220703125,461.54998779296875,463.79998779296875,54837
2026-02-16 11:25:00,463.75,463.8999938964844,461.6000061035156,463.8500061035156,14565
2026-02-16 11:30:00,463.8999938964844,464.1000061035156,461.75,463.831787109375,25899
2026-02-16 11:35:00,463.8500061035156,464.1499938964844,463.79998779296875,463.8500061035156,20222
2026-02-16 11:40:00,463.95001220703125,464.3999938964844,463.8999938964844,464.29998779296875,124905
2026-02-16 11:45:00,464.1499938964844,464.6000061035156,464.04998779296875,464.54998779296875,31345
2026-02-16 11:50:00,464.5,464.6000061035156,464.20001220703125,464.3500061035156,18872
2026-02-16 11:55:00,464.3500061035156,464.6499938964844,464.25,464.45001220703125,10924
2026-02-16 12:00:00,464.45001220703125,464.7123107910156,464.25,464.70001220703125,96008
2026-02-16 12:05:00,464.8999938964844,465.0,464.45001220703125,464.93499755859375,39334
2026-02-16 12:10:00,465.0,465.3999938964844,464.9764099121094,465.1000061035156,208958
2026-02-16 12:15:00,465.1000061035156,465.3500061035156,464.79998779296875,465.21099853515625,66659
2026-02-16 12:20:00,465.29998779296875,465.3500061035156,464.95001220703125,465.2879943847656,32239
2026-02-16 12:25:00,465.29998779296875,465.6000061035156,465.1000061035156,465.464111328125,20178
2026-02-16 12:30:00,465.54998779296875,465.54998779296875,465.1499938964844,465.45001220703125,23031
2026-02-16 12:35:00,465.3999938964844,465.6499938964844,465.29998779296875,465.54998779296875,29826
2026-02-16 12:40:00,465.45001220703125,465.70001220703125,465.45001220703125,465.5,16179
2026-02-16 12:45:00,465.6000061035156,466.29998779296875,465.3500061035156,466.1499938964844,80559
2026-02-16 12:50:00,466.1499938964844,466.3500061035156,465.9119873046875,466.04998779296875,13197
2026-02-16 12:55:00,466.04998779296875,466.20001220703125,465.8500061035156,466.1000061035156,22194
2026-02-16 13:00:00,466.1499938964844,466.3999938964844,465.75,465.95001220703125,9927
2026-02-16 13:05:00,465.8525085449219,466.20001220703125,465.8525085449219,466.04998779296875,21141
2026-02-16 13:10:00,465.95001220703125,466.04998779296875,465.3500061035156,465.5,150486
2026-02-16 13:15:00,465.5,466.45001220703125,465.29998779296875,466.20001220703125,93588
2026-02-16 13:20:00,466.04998779296875,466.6000061035156,465.95001220703125,466.0,33285
2026-02-16 13:25:00,466.02130126953125,466.45001220703125,465.8500061035156,466.3500061035156,27255
2026-02-16 13:30:00,466.25,466.3500061035156,466.1499938964844,466.25,21000
2026-02-16 13:35:00,466.3406066894531,466.78900146484375,466.25,466.6499938964844,20830
2026-02-16 13:40:00,466.6400146484375,466.8500061035156,466.5,466.8500061035156,58189
2026-02-16 13:45:00,466.85699462890625,466.95001220703125,466.29998779296875,466.6000061035156,37577
2026-02-16 13:50:00,466.6000061035156,467.1000061035156,466.54998779296875,466.70001220703125,58057
2026-02-16 13:55:00,466.54998779296875,466.79998779296875,466.45001220703125,466.70001220703125,94240
2026-02-16 14:00:00,466.5,466.5,466.20001220703125,466.5,34405
2026-02-16 14:05:00,466.5,466.79998779296875,466.3999938964844,466.79998779296875,24926
2026-02-16 14:10:00,466.79998779296875,466.79998779296875,466.0,466.0,55603
2026-02-16 14:15:00,466.20001220703125,466.5,466.1499938964844,466.1600036621094,43201
2026-02-16 14:20:00,466.20001220703125,466.5495910644531,465.70001220703125,465.70001220703125,62800
2026-02-16 14:25:00,465.70001220703125,466.45001220703125,465.6499938964844,465.95001220703125,36649
2026-02-16 14:30:00,465.95001220703125,466.6499938964844,464.79998779296875,465.75,172600
2026-02-16 14:35:00,465.75,465.95001220703125,465.3500061035156,465.75,26159
2026-02-16 14:40:00,465.75,466.0,465.6499938964844,465.8999938964844,14700
2026-02-16 14:45:00,465.8999938964844,466.22589111328125,465.79998779296875,466.1499938964844,24859
2026-02-16 14:50:00,466.25,466.25,465.6000061035156,465.75,37230
2026-02-16 14:55:00,465.75,466.20001220703125,465.45001220703125,465.70001220703125,81507
2026-02-16 15:00:00,465.7099914550781,466.12799072265625,465.5,465.54998779296875,23370
2026-02-16 15:05:00,465.6000061035156,465.79998779296875,465.20001220703125,465.20001220703125,52838
2026-02-16 15:10:00,465.20001220703125,465.45001220703125,465.04998779296875,465.20001220703125,30713
2026-02-16 15:15:00,465.25,465.6499938964844,464.95001220703125,465.20001220703125,62816
2026-02-16 15:20:00,465.25030517578125,465.45001220703125,465.0,465.3500061035156,24197
2026-02-16 15:25:00,465.3999938964844,465.8500061035156,464.8500061035156,465.79998779296875,90271
2026-02-16 15:30:00,465.79998779296875,465.95001220703125,465.3999938964844,465.3999938964844,65626
2026-02-16 15:35:00,465.3999938964844,466.04998779296875,465.3999938964844,465.8500061035156,102814
2026-02-16 15:40:00,465.9389953613281,466.20001220703125,465.75,465.75,17899
2026-02-16 15:45:00,465.79998779296875,465.8500061035156,465.6499938964844,465.8500061035156,54901
2026-02-16 15:50:00,465.95001220703125,466.54998779296875,465.95001220703125,466.45001220703125,9874
2026-02-16 15:55:00,466.5,466.5,466.04998779296875,466.1499938964844,38530
2026-02-16 16:00:00,466.1499938964844,466.29998779296875,466.04998779296875,466.29998779296875,69744
2026-02-16 16:05:00,466.25,466.70001220703125,466.20001220703125,466.45001220703125,57635
2026-02-16 16:10:00,466.45001220703125,466.8999938964844,466.45001220703125,466.79998779296875,118938
2026-02-16 16:15:00,466.75,467.0,466.6000061035156,466.6000061035156,90869
2026-02-16 16:20:00,466.6000061035156,467.0,466.54998779296875,466.79998779296875,91701
2026-02-16 16:25:00,466.70001220703125,467.25,466.6499938964844,467.06201171875,194548
2026-02-17 08:00:00,466.1000061035156,467.1000061035156,463.8999938964844,464.6499938964844,0
2026-02-17 08:05:00,464.25,465.6000061035156,464.20001220703125,465.5,248079
2026-02-17 08:10:00,465.29998779296875,466.6000061035156,464.3240051269531,466.54998779296875,306082
2026-02-17 08:15:00,466.54998779296875,467.29998779296875,466.45001220703125,467.04998779296875,131282
2026-02-17 08:20:00,467.0,467.29998779296875,466.45001220703125,467.25,178723
2026-02-17 08:25:00,467.25,467.29998779296875,466.7025146484375,466.9750061035156,79003
2026-02-17 08:30:00,467.04998779296875,468.3500061035156,466.8999938964844,468.1499938964844,108400
2026-02-17 08:35:00,468.25,468.95001220703125,468.0570068359375,468.1499938964844,137346
2026-02-17 08:40:00,468.1499938964844,468.25,467.54998779296875,467.9849853515625,188978
2026-02-17 08:45:00,467.95001220703125,468.04998779296875,467.3999938964844,467.6000061035156,97528
2026-02-17 08:50:00,467.6499938964844,468.04998779296875,467.5,467.8500061035156,117125
2026-02-17 08:55:00,467.70001220703125,468.04998779296875,467.5,467.5,71871
2026-02-17 09:00:00,467.6000061035156,468.04998779296875,467.1499938964844,467.54998779296875,216994
2026-02-17 09:05:00,467.3500061035156,467.54998779296875,467.04998779296875,467.3500061035156,166599
2026-02-17 09:10:00,467.3999938964844,467.70001220703125,467.29998779296875,467.5,70193
2026-02-17 09:15:00,467.6000061035156,467.70001220703125,467.29998779296875,467.5,98697
2026-02-17 09:20:00,467.6000061035156,468.04998779296875,467.54998779296875,468.0,52861
2026-02-17 09:25:00,468.1000061035156,468.3500061035156,467.8999938964844,468.25,90969
2026-02-17 09:30:00,468.34698486328125,468.3999938964844,467.8999938964844,468.1000061035156,47231
2026-02-17 09:35:00,468.04998779296875,468.79998779296875,468.04998779296875,468.45001220703125,106571
2026-02-17 09:40:00,468.5530090332031,468.6000061035156,468.25,468.54998779296875,79643
2026-02-17 09:45:00,468.6000061035156,469.1000061035156,468.5841979980469,469.0880126953125,53940
2026-02-17 09:50:00,469.04998779296875,469.29998779296875,468.95001220703125,469.20001220703125,86875
2026-02-17 09:55:00,469.25,469.45001220703125,468.95001220703125,469.1000061035156,76423
2026-02-17 10:00:00,469.1499938964844,469.75,469.1499938964844,469.70001220703125,88603
2026-02-17 10:05:00,469.54998779296875,469.79998779296875,469.5,469.6000061035156,39888
2026-02-17 10:10:00,469.5,469.6499938964844,466.3500061035156,469.45001220703125,96723
2026-02-17 10:15:00,469.3500061035156,469.3999938964844,468.8900146484375,468.8900146484375,40099
2026-02-17 10:20:00,468.95001220703125,469.1499938964844,468.8500061035156,468.95001220703125,49423
2026-02-17 10:25:00,469.1000061035156,469.70001220703125,468.95001220703125,469.6000061035156,174794
2026-02-17 10:30:00,469.5,469.95001220703125,469.49200439453125,469.75,60837
2026-02-17 10:35:00,469.75,469.8999938964844,469.6470031738281,469.8999938964844,105269
2026-02-17 10:40:00,469.8280029296875,470.3500061035156,469.79998779296875,470.18798828125,218809
2026-02-17 10:45:00,470.20001220703125,470.3999938964844,470.04998779296875,470.1000061035156,57493
2026-02-17 10:50:00,470.1499938964844,470.1499938964844,469.75,470.0,181646
2026-02-17 10:55:00,469.8999938964844,470.2099914550781,467.1499938964844,470.20001220703125,65619
2026-02-17 11:00:00,470.20001220703125,471.0,469.8999938964844,470.70001220703125,170026
2026-02-17 11:05:00,470.7640075683594,471.79998779296875,470.7279968261719,471.3500061035156,227603
2026-02-17 11:10:00,471.2587890625,471.75,466.6499938964844,471.6000061035156,79137
2026-02-17 11:15:00,471.70001220703125,471.95001220703125,466.6499938964844,471.8500061035156,79828
2026-02-17 11:20:00,471.885009765625,472.0,466.6499938964844,466.6499938964844,67397
2026-02-17 11:25:00,466.6499938964844,472.5,466.6000061035156,466.6499938964844,154326
2026-02-17 11:30:00,466.6499938964844,473.0,466.54998779296875,472.5,158024
2026-02-17 11:35:00,472.70001220703125,472.8500061035156,472.3999938964844,472.5,153451
2026-02-17 11:40:00,472.54998779296875,472.6000061035156,472.20001220703125,472.5,66924
2026-02-17 11:45:00,472.54998779296875,472.6499938964844,472.1000061035156,472.4397888183594,83470
2026-02-17 11:50:00,472.45001220703125,473.29998779296875,472.45001220703125,473.08099365234375,143657
2026-02-17 11:55:00,473.11749267578125,473.11749267578125,466.95001220703125,471.45001220703125,201232
2026-02-17 12:00:00,471.3999938964844,471.70001220703125,471.1499938964844,471.29998779296875,80215
2026-02-17 12:05:00,471.29998779296875,471.5,466.79998779296875,470.6919860839844,145795
2026-02-17 12:10:00,470.75,470.75,469.75,470.0,124280
2026-02-17 12:15:00,469.8999938964844,470.04998779296875,469.54998779296875,470.04998779296875,107689
2026-02-17 12:20:00,470.0,470.0,469.54998779296875,470.0,60223
2026-02-17 12:25:00,470.0,470.5,468.20001220703125,470.052490234375,43472
2026-02-17 12:30:00,470.1440124511719,470.25,469.45001220703125,469.5,149533
2026-02-17 12:35:00,469.45001220703125,469.8999938964844,469.3999938964844,469.79998779296875,66299
2026-02-17 12:40:00,469.8999938964844,470.0060119628906,468.6000061035156,469.95001220703125,72286
2026-02-17 12:45:00,469.8500061035156,470.04998779296875,468.20001220703125,469.8500061035156,137223
2026-02-17 12:50:00,469.75,469.75,469.35400390625,469.4024963378906,14423
2026-02-17 12:55:00,469.3999938964844,469.45001220703125,468.29998779296875,469.3500061035156,56234
2026-02-17 13:00:00,469.3999938964844,470.25,469.1000061035156,470.1000061035156,79422
2026-02-17 13:05:00,470.14801025390625,470.20001220703125,469.3999938964844,469.4849853515625,66281
2026-02-17 13:10:00,469.45001220703125,469.5,468.3500061035156,469.25,230399
2026-02-17 13:15:00,469.29998779296875,469.6499938964844,469.1499938964844,469.45098876953125,143422
2026-02-17 13:20:00,469.6000061035156,469.8999938964844,468.6499938964844,469.1000061035156,125461
2026-02-17 13:25:00,469.25,469.70001220703125,469.04998779296875,469.5,61327
2026-02-17 13:30:00,469.5,469.6499938964844,468.04998779296875,469.1499938964844,172375
2026-02-17 13:35:00,469.1499938964844,469.6000061035156,469.04998779296875,469.25,64011
2026-02-17 13:40:00,469.1499938964844,469.6499938964844,469.0,469.6000061035156,61405
2026-02-17 13:45:00,469.5,469.6000061035156,469.25,469.3500061035156,32627
2026-02-17 13:50:00,469.3500061035156,469.3500061035156,458.3999938964844,460.54998779296875,1865085
2026-02-17 13:55:00,460.6000061035156,460.6499938964844,456.6499938964844,456.95001220703125,1309963
2026-02-17 14:00:00,456.70001220703125,461.8500061035156,456.70001220703125,461.8500061035156,577526
2026-02-17 14:05:00,461.79998779296875,462.3999938964844,460.8999938964844,461.8999938964844,393314
2026-02-17 14:10:00,462.0,463.20001220703125,460.5,463.20001220703125,353065
2026-02-17 14:15:00,463.0,467.6499938964844,462.6000061035156,464.04998779296875,181481
2026-02-17 14:20:00,463.79998779296875,469.3500061035156,463.6000061035156,463.79998779296875,247216
2026-02-17 14:25:00,463.75,469.79998779296875,462.8500061035156,464.25,207432
2026-02-17 14:30:00,464.0,470.0,463.20001220703125,463.75,533894
2026-02-17 14:35:00,463.75,469.8999938964844,463.25,464.3999938964844,274565
2026-02-17 14:40:00,464.45001220703125,472.95001220703125,461.25,462.04998779296875,184580
2026-02-17 14:45:00,462.04998779296875,473.1000061035156,460.29998779296875,469.5,271431
2026-02-17 14:50:00,460.6000061035156,472.0,458.95001220703125,459.5,322843
2026-02-17 14:55:00,459.45001220703125,473.1499938964844,458.5,458.75,156340
2026-02-17 15:00:00,458.75,471.6000061035156,458.6000061035156,460.8919982910156,411625
2026-02-17 15:05:00,460.8999938964844,471.8500061035156,460.1000061035156,460.1000061035156,316226
2026-02-17 15:10:00,459.8999938964844,472.3500061035156,458.3999938964844,458.75,559285
2026-02-17 15:15:00,458.6000061035156,469.20001220703125,458.5,459.8999938964844,210402
2026-02-17 15:20:00,459.8999938964844,469.20001220703125,459.04998779296875,459.6000061035156,125964
2026-02-17 15:25:00,459.75,473.29998779296875,457.3500061035156,457.94000244140625,223914
2026-02-17 15:30:00,458.04998779296875,471.3500061035156,458.04998779296875,458.45001220703125,168345
2026-02-17 15:35:00,458.3999938964844,469.54998779296875,458.0,458.3420104980469,318262
2026-02-17 15:40:00,458.3999938964844,459.1499938964844,457.3999938964844,457.70001220703125,221580
2026-02-17 15:45:00,457.6499938964844,469.3999938964844,457.6000061035156,458.29998779296875,257915
2026-02-17 15:50:00,458.29998779296875,459.29998779296875,457.75,459.25,191134
2026-02-17 15:55:00,458.8500061035156,464.8999938964844,458.29998779296875,464.79998779296875,131992
2026-02-17 16:00:00,459.29998779296875,460.7250061035156,458.79998779296875,459.5,270393
2026-02-17 16:05:00,459.4800109863281,461.42498779296875,459.4800109863281,460.3999938964844,334314
2026-02-17 16:10:00,460.29998779296875,461.0,460.29998779296875,460.95001220703125,212507
2026-02-17 16:15:00,461.0,461.04998779296875,460.1499938964844,460.5299987792969,268881
2026-02-17 16:20:00,460.5,461.1499938964844,460.5,461.04998779296875,164951
2026-02-17 16:25:00,460.95001220703125,461.29998779296875,460.5,460.7503967285156,528125
2026-02-18 08:00:00,462.25,463.79998779296875,462.1499938964844,463.79998779296875,0
2026-02-18 08:05:00,463.79998779296875,464.5,461.6000061035156,462.20001220703125,161217
2026-02-18 08:10:00,462.20001220703125,464.25,462.20001220703125,464.25,237031
2026-02-18 08:15:00,464.1210021972656,465.6000061035156,462.54998779296875,465.54998779296875,130398
2026-02-18 08:20:00,465.5,466.25,465.29998779296875,466.25,73725
2026-02-18 08:25:00,466.20001220703125,466.29998779296875,465.25,465.5,102954
2026-02-18 08:30:00,466.1000061035156,467.1499938964844,465.45001220703125,467.0,126726
2026-02-18 08:35:00,467.0,467.45001220703125,466.8999938964844,467.1499938964844,70920
2026-02-18 08:40:00,467.1000061035156,467.8500061035156,467.1000061035156,467.75,88422
2026-02-18 08:45:00,467.79998779296875,467.8500061035156,467.4368896484375,467.6000061035156,66739
2026-02-18 08:50:00,467.70001220703125,467.8999938964844,466.6499938964844,466.8500061035156,86770
2026-02-18 08:55:00,466.8999938964844,467.1000061035156,466.6000061035156,466.7669982910156,67505
2026-02-18 09:00:00,467.0,467.04998779296875,466.45001220703125,466.54998779296875,61438
2026-02-18 09:05:00,466.1709899902344,466.54998779296875,466.1000061035156,466.5,52051
2026-02-18 09:10:00,466.3999938964844,466.54998779296875,466.04998779296875,466.25,75855
2026-02-18 09:15:00,466.25,466.95001220703125,466.1000061035156,466.6000061035156,89251
2026-02-18 09:20:00,466.54998779296875,467.3999938964844,466.54998779296875,467.20001220703125,59318
2026-02-18 09:25:00,467.25,468.1000061035156,467.1000061035156,467.614990234375,86892
2026-02-18 09:30:00,467.70001220703125,467.885009765625,467.20001220703125,467.70001220703125,51063
2026-02-18 09:35:00,467.54998779296875,468.3500061035156,467.54998779296875,468.1000061035156,57341
2026-02-18 09:40:00,468.1000061035156,468.6000061035156,467.8999938964844,468.29998779296875,70772
2026-02-18 09:45:00,468.29998779296875,468.45001220703125,467.54998779296875,467.95001220703125,98994
2026-02-18 09:50:00,468.0,468.0,466.95001220703125,467.1000061035156,1074999
2026-02-18 09:55:00,467.04998779296875,467.1000061035156,466.70001220703125,466.79998779296875,71273
2026-02-18 10:00:00,466.8500061035156,467.75,466.79998779296875,467.29998779296875,295162
2026-02-18 10:05:00,467.3999938964844,467.45001220703125,466.95001220703125,467.3999938964844,62676
2026-02-18 10:10:00,467.45001220703125,467.70001220703125,467.04998779296875,467.1000061035156,30308
2026-02-18 10:15:00,467.1499938964844,467.25,466.6000061035156,466.8999938964844,74077
2026-02-18 10:20:00,467.0,467.1499938964844,466.75,466.8500061035156,34421
2026-02-18 10:25:00,466.95001220703125,467.1000061035156,466.70001220703125,467.04998779296875,58350
2026-02-18 10:30:00,467.04998779296875,467.20001220703125,466.6499938964844,467.0,75249
2026-02-18 10:35:00,467.0,467.3500061035156,466.95001220703125,467.3500061035156,50111
2026-02-18 10:40:00,467.20001220703125,467.70001220703125,466.25,467.70001220703125,55313
2026-02-18 10:45:00,467.6995849609375,468.0,466.6499938964844,467.95001220703125,51910
2026-02-18 10:50:00,467.95001220703125,468.3500061035156,467.75,468.25,72207
2026-02-18 10:55:00,468.2749938964844,468.3999938964844,466.8999938964844,468.04998779296875,141294
2026-02-18 11:00:00,468.0,468.54998779296875,466.8500061035156,467.75,135312
2026-02-18 11:05:00,467.75,468.20001220703125,466.8999938964844,467.6000061035156,38574
2026-02-18 11:10:00,467.6000061035156,469.1499938964844,466.79998779296875,468.8219909667969,141016
2026-02-18 11:15:00,468.75,469.20001220703125,467.8999938964844,469.20001220703125,46078
2026-02-18 11:20:00,469.29998779296875,469.79998779296875,468.95001220703125,469.6499938964844,101319
2026-02-18 11:25:00,469.70001220703125,470.0,469.6000061035156,469.6499938964844,108600
2026-02-18 11:30:00,469.6929931640625,469.8999938964844,462.25,469.3999938964844,810295
2026-02-18 11:35:00,469.3999938964844,469.6499938964844,469.3500061035156,469.6499938964844,143812
2026-02-18 11:40:00,469.6000061035156,469.8500061035156,469.3999938964844,469.54998779296875,58219
2026-02-18 11:45:00,469.5,469.70001220703125,469.25,469.30609130859375,92272
2026-02-18 11:50:00,469.25,469.75,468.79998779296875,469.75,55714
2026-02-18 11:55:00,468.9100036621094,469.75,468.8999938964844,469.1499938964844,97512
2026-02-18 12:00:00,469.29998779296875,469.29998779296875,468.6499938964844,468.95001220703125,168950
2026-02-18 12:05:00,468.9491882324219,469.8500061035156,468.1499938964844,469.6499938964844,244488
2026-02-18 12:10:00,469.75,470.04998779296875,469.6499938964844,469.70001220703125,88549
2026-02-18 12:15:00,469.6499938964844,469.95001220703125,467.5,469.6499938964844,510277
2026-02-18 12:20:00,469.5,469.75,469.29998779296875,469.6499938964844,469693
2026-02-18 12:25:00,469.6499938964844,469.6499938964844,468.75,469.25,199529
2026-02-18 12:30:00,469.1499938964844,469.3999938964844,469.0,469.04998779296875,165160
2026-02-18 12:35:00,469.04998779296875,469.75,468.95001220703125,469.45001220703125,613863
2026-02-18 12:40:00,469.45001220703125,469.8500061035156,469.20001220703125,469.6499938964844,1030571
2026-02-18 12:45:00,469.54998779296875,470.2430114746094,469.54998779296875,469.9939880371094,655575
2026-02-18 12:50:00,470.04998779296875,470.04998779296875,469.5,469.8500061035156,147227
2026-02-18 12:55:00,469.8500061035156,470.0,469.45001220703125,469.45001220703125,72843
2026-02-18 13:00:00,469.54998779296875,469.7157897949219,468.8999938964844,468.8999938964844,126022
2026-02-18 13:05:00,469.0,469.0828857421875,468.6499938964844,468.95001220703125,55106
2026-02-18 13:10:00,468.8948974609375,468.95001220703125,468.45001220703125,468.45001220703125,58659
2026-02-18 13:15:00,468.5,468.6499938964844,467.8999938964844,467.9652099609375,56589
2026-02-18 13:20:00,468.04998779296875,468.04998779296875,467.3500061035156,467.3999938964844,47731
2026-02-18 13:25:00,467.45001220703125,467.6499938964844,467.20001220703125,467.29998779296875,492227
2026-02-18 13:30:00,467.3500061035156,467.54998779296875,467.0,467.0,38406
2026-02-18 13:35:00,466.95001220703125,467.45001220703125,466.95001220703125,467.29998779296875,41153
2026-02-18 13:40:00,467.29998779296875,468.440185546875,467.1499938964844,467.3999938964844,256642
2026-02-18 13:45:00,467.29998779296875,467.45001220703125,466.70001220703125,466.75,73633
2026-02-18 13:50:00,466.8500061035156,466.8500061035156,466.5,466.6000061035156,41544
2026-02-18 13:55:00,466.6000061035156,467.54998779296875,466.6000061035156,467.1000061035156,67336
2026-02-18 14:00:00,467.1499938964844,467.79998779296875,466.8999938964844,467.70001220703125,63527
2026-02-18 14:05:00,467.75,467.8999938964844,467.3999938964844,467.7940979003906,57965
2026-02-18 14:10:00,467.70001220703125,468.04998779296875,467.4284973144531,467.6000061035156,669669
2026-02-18 14:15:00,467.75,468.5,467.6499938964844,468.3500061035156,173169
2026-02-18 14:20:00,468.3500061035156,469.04998779296875,467.78070068359375,468.1969909667969,627869
2026-02-18 14:25:00,468.29998779296875,470.0,468.29998779296875,470.0,1216411
2026-02-18 14:30:00,469.8999938964844,470.0,467.45001220703125,470.0,2080832
2026-02-18 14:35:00,470.0,470.6499938964844,469.04998779296875,470.29998779296875,2479371
2026-02-18 14:40:00,470.5150146484375,471.54998779296875,469.5,469.9219970703125,782669
2026-02-18 14:45:00,469.95001220703125,470.29998779296875,468.25,468.8999938964844,391713
2026-02-18 14:50:00,468.95001220703125,470.54998779296875,467.4284973144531,470.5,3375247
2026-02-18 14:55:00,470.3999938964844,471.5,468.8500061035156,469.3999938964844,220131
2026-02-18 15:00:00,469.3999938964844,470.6000061035156,469.26251220703125,470.1000061035156,397176
2026-02-18 15:05:00,470.1000061035156,470.45001220703125,468.0,470.1000061035156,947206
2026-02-18 15:10:00,470.1499938964844,470.95001220703125,468.6000061035156,470.79998779296875,215075
2026-02-18 15:15:00,470.70001220703125,471.1000061035156,468.54998779296875,470.95001220703125,362132
2026-02-18 15:20:00,470.95001220703125,471.2174987792969,469.6499938964844,469.8999938964844,261957
2026-02-18 15:25:00,469.8999938964844,471.1000061035156,469.79998779296875,471.1000061035156,176432
2026-02-18 15:30:00,471.20001220703125,472.20001220703125,469.1499938964844,471.8999938964844,250247
2026-02-18 15:35:00,471.86749267578125,472.25,469.6000061035156,471.3500061035156,247216
2026-02-18 15:40:00,471.45001220703125,471.54998779296875,470.75,470.8999938964844,207958
2026-02-18 15:45:00,470.8500061035156,471.6966857910156,470.8500061035156,471.29998779296875,352585
2026-02-18 15:50:00,471.25,471.3500061035156,470.1000061035156,470.54998779296875,332176
2026-02-18 15:55:00,470.5,471.54998779296875,470.5,471.4750061035156,374302
2026-02-18 16:00:00,471.3999938964844,471.45001220703125,469.79998779296875,469.8948974609375,423050
2026-02-18 16:05:00,469.95001220703125,471.20001220703125,468.70001220703125,468.75,557268
2026-02-18 16:10:00,468.79998779296875,470.95001220703125,468.70001220703125,469.29998779296875,215537
2026-02-18 16:15:00,469.3500061035156,472.1000061035156,469.0,469.6499938964844,507404
2026-02-18 16:20:00,469.54998779296875,471.45001220703125,468.54998779296875,468.75,732560
2026-02-18 16:25:00,468.6499938964844,471.45001220703125,468.45001220703125,469.45001220703125,669819
2026-02-19 08:00:00,473.0,473.1499938964844,469.95001220703125,471.20001220703125,0
2026-02-19 08:05:00,471.1499938964844,472.6000061035156,470.3500061035156,471.8500061035156,240893
2026-02-19 08:10:00,471.95001220703125,472.3999938964844,469.8500061035156,470.20001220703125,174169
2026-02-19 08:15:00,470.25,472.29998779296875,469.5,469.95001220703125,343602
2026-02-19 08:20:00,469.8999938964844,472.1499938964844,468.3500061035156,468.54998779296875,135415
2026-02-19 08:25:00,468.5,469.5,467.6499938964844,468.25,299361
2026-02-19 08:30:00,468.29998779296875,469.5,468.06298828125,469.25,97975
2026-02-19 08:35:00,469.0,469.6499938964844,468.95001220703125,469.6499938964844,189098
2026-02-19 08:40:00,469.6499938964844,471.75,469.54998779296875,471.75,793576
2026-02-19 08:45:00,471.6499938964844,471.79998779296875,470.67059326171875,471.3500061035156,744510
2026-02-19 08:50:00,471.4494934082031,472.6000061035156,471.20001220703125,472.25,405172
2026-02-19 08:55:00,472.3500061035156,473.6499938964844,472.3500061035156,473.54998779296875,130125
2026-02-19 09:00:00,473.3999938964844,473.6000061035156,472.20001220703125,472.3500061035156,106316
2026-02-19 09:05:00,472.29998779296875,472.29998779296875,470.8999938964844,471.04998779296875,92399
2026-02-19 09:10:00,470.95001220703125,471.70001220703125,470.95001220703125,471.3900146484375,66987
2026-02-19 09:15:00,471.29998779296875,471.75,470.8500061035156,470.8500061035156,84069
2026-02-19 09:20:00,470.79998779296875,471.3500061035156,469.79998779296875,470.1499938964844,323987
2026-02-19 09:25:00,470.04998779296875,470.65399169921875,469.1000061035156,469.20001220703125,185781
2026-02-19 09:30:00,469.1000061035156,470.0400085449219,468.95001220703125,470.0,77895
2026-02-19 09:35:00,469.79998779296875,470.20001220703125,469.0,469.3999938964844,292203
2026-02-19 09:40:00,469.3500061035156,469.8999938964844,469.04998779296875,469.25,87112
2026-02-19 09:45:00,469.25,470.20001220703125,469.20001220703125,469.54998779296875,41593
2026-02-19 09:50:00,469.75,470.1000061035156,469.0,469.5,117403
2026-02-19 09:55:00,469.552490234375,470.8999938964844,469.3500061035156,470.70001220703125,57690
2026-02-19 10:00:00,470.6000061035156,471.0,470.5,470.75,60452
2026-02-19 10:05:00,470.75,471.70001220703125,470.6499938964844,471.1499938964844,76750
2026-02-19 10:10:00,471.0,471.1000061035156,470.3999938964844,470.45001220703125,149544
2026-02-19 10:15:00,470.6499938964844,470.75,469.8399963378906,469.9909973144531,60774
2026-02-19 10:20:00,469.8999938964844,470.0,469.54998779296875,469.718994140625,94938
2026-02-19 10:25:00,469.45001220703125,469.8500061035156,469.3110046386719,469.8500061035156,124911
2026-02-19 10:30:00,469.3999938964844,470.45001220703125,469.3999938964844,470.1499938964844,77911
2026-02-19 10:35:00,470.25,470.8999938964844,470.25,470.8999938964844,33635
2026-02-19 10:40:00,470.79998779296875,470.9100036621094,469.8500061035156,470.1000061035156,70837
2026-02-19 10:45:00,469.79998779296875,470.45001220703125,469.3999938964844,470.0,198557
2026-02-19 10:50:00,470.04998779296875,470.1499938964844,469.45001220703125,469.5710144042969,99707
2026-02-19 10:55:00,469.6499938964844,469.6499938964844,468.8500061035156,469.1499938964844,151464
2026-02-19 11:00:00,469.20001220703125,469.3500061035156,468.8999938964844,469.29998779296875,43855
2026-02-19 11:05:00,469.3999938964844,469.54998779296875,469.04998779296875,469.25,100699
2026-02-19 11:10:00,469.1499938964844,469.45001220703125,469.04998779296875,469.04998779296875,38003
2026-02-19 11:15:00,469.0,469.70001220703125,469.0,469.5,122245
2026-02-19 11:20:00,469.5589904785156,470.0,469.54998779296875,470.0,91048
2026-02-19 11:25:00,470.20001220703125,470.29998779296875,469.6000061035156,470.09100341796875,30127
2026-02-19 11:30:00,470.25,470.54998779296875,469.8999938964844,470.29998779296875,65810
2026-02-19 11:35:00,470.3999938964844,471.79998779296875,470.25,470.5,446583
2026-02-19 11:40:00,470.5,470.8500061035156,470.3500061035156,470.8500061035156,74143
2026-02-19 11:45:00,470.8800048828125,471.45001220703125,470.8500061035156,471.25,73664
2026-02-19 11:50:00,471.30999755859375,471.6499938964844,470.95001220703125,471.5,70600
2026-02-19 11:55:00,471.3500061035156,471.45001220703125,470.7398986816406,471.1499938964844,128391
2026-02-19 12:00:00,471.3500061035156,471.6499938964844,471.3500061035156,471.6000061035156,35421
2026-02-19 12:05:00,471.70001220703125,471.79998779296875,471.45001220703125,471.79998779296875,59733
2026-02-19 12:10:00,471.8299865722656,472.75,471.75,472.70001220703125,281225
2026-02-19 12:15:00,472.70001220703125,473.25,471.8999938964844,473.06201171875,122472
2026-02-19 12:20:00,473.04998779296875,473.45001220703125,472.75,473.25,70274
2026-02-19 12:25:00,473.45001220703125,473.75,473.1000061035156,473.72198486328125,78489
2026-02-19 12:30:00,473.6610107421875,473.9457092285156,473.3500061035156,473.70001220703125,126888
2026-02-19 12:35:00,473.70001220703125,473.75,472.95001220703125,473.3999938964844,141389
2026-02-19 12:40:00,473.30999755859375,473.79998779296875,473.29998779296875,473.79998779296875,127154
2026-02-19 12:45:00,473.8089904785156,474.20001220703125,473.70001220703125,474.1499938964844,280450
2026-02-19 12:50:00,474.1499938964844,474.45001220703125,473.8500061035156,474.3999938964844,64209
2026-02-19 12:55:00,474.29998779296875,474.6499938964844,474.20001220703125,474.20001220703125,78955
2026-02-19 13:00:00,474.25,474.70001220703125,474.25,474.6000061035156,43724
2026-02-19 13:05:00,474.6000061035156,475.0,474.5,474.7025146484375,72196
2026-02-19 13:10:00,474.5589904785156,474.95001220703125,474.45001220703125,474.95001220703125,82617
2026-02-19 13:15:00,474.95001220703125,475.04998779296875,474.25,474.25,718813
2026-02-19 13:20:00,474.25,475.0,474.25,474.45001220703125,159038
2026-02-19 13:25:00,474.45001220703125,474.5,473.8500061035156,474.29998779296875,72232
2026-02-19 13:30:00,474.45001220703125,475.0,474.3999938964844,474.8999938964844,107712
2026-02-19 13:35:00,474.8999938964844,475.70001220703125,474.79998779296875,475.6499938964844,166601
2026-02-19 13:40:00,475.6000061035156,476.29998779296875,475.25,476.1499938964844,182711
2026-02-19 13:45:00,476.1000061035156,476.29998779296875,475.54998779296875,475.79998779296875,144578
2026-02-19 13:50:00,475.8500061035156,476.1499938964844,474.20001220703125,474.8500061035156,579658
2026-02-19 13:55:00,474.54998779296875,476.75,474.20001220703125,476.6499938964844,192447
2026-02-19 14:00:00,476.6499938964844,477.1499938964844,476.3999938964844,476.79998779296875,309344
2026-02-19 14:05:00,476.8500061035156,477.25,476.45001220703125,476.552490234375,140732
2026-02-19 14:10:00,476.6000061035156,477.052490234375,476.45001220703125,477.04998779296875,186852
2026-02-19 14:15:00,477.1000061035156,477.8500061035156,476.8999938964844,477.7049865722656,209704
2026-02-19 14:20:00,477.75,478.1000061035156,477.3999938964844,478.052490234375,183003
2026-02-19 14:25:00,478.0,479.5,477.70001220703125,479.0,586308
2026-02-19 14:30:00,478.79998779296875,481.6000061035156,478.1000061035156,479.5,1863533
2026-02-19 14:35:00,479.54998779296875,483.1000061035156,479.54998779296875,483.1000061035156,789976
2026-02-19 14:40:00,483.1000061035156,484.1000061035156,482.5,483.8500061035156,470787
2026-02-19 14:45:00,483.79998779296875,484.0,480.1000061035156,483.70001220703125,557081
2026-02-19 14:50:00,483.6499938964844,483.6499938964844,481.6000061035156,482.3999938964844,593560
2026-02-19 14:55:00,482.3500061035156,482.5,480.20001220703125,481.3999938964844,341545
2026-02-19 15:00:00,481.29998779296875,483.9273681640625,477.1499938964844,477.20001220703125,502635
2026-02-19 15:05:00,477.20001220703125,479.95001220703125,477.04998779296875,477.4700927734375,1452971
2026-02-19 15:10:00,477.5,482.04998779296875,477.5,478.1000061035156,880627
2026-02-19 15:15:00,478.1499938964844,481.6499938964844,477.75,479.29998779296875,305734
2026-02-19 15:20:00,479.29998779296875,483.45001220703125,477.95001220703125,478.5,296448
2026-02-19 15:25:00,478.45001220703125,484.0,477.8500061035156,478.6499938964844,238693
2026-02-19 15:30:00,478.70001220703125,483.70001220703125,478.54998779296875,480.0,528641
2026-02-19 15:35:00,480.04998779296875,482.3500061035156,479.70001220703125,480.3999938964844,798034
2026-02-19 15:40:00,480.45001220703125,482.25,480.0,480.8999938964844,234243
2026-02-19 15:45:00,480.8320007324219,482.6000061035156,480.6000061035156,480.95001220703125,231754
2026-02-19 15:50:00,480.95001220703125,481.5,479.46978759765625,481.1000061035156,322100
2026-02-19 15:55:00,481.1000061035156,481.5,477.8500061035156,481.45001220703125,538177
2026-02-19 16:00:00,481.2749938964844,482.29998779296875,477.5,479.8500061035156,515533
2026-02-19 16:05:00,481.45001220703125,482.1499938964844,478.75,482.04998779296875,878095
2026-02-19 16:10:00,481.95001220703125,482.70001220703125,478.70001220703125,482.6000061035156,1329805
2026-02-19 16:15:00,482.6499938964844,482.8999938964844,478.54998779296875,482.1000061035156,1256961
2026-02-19 16:20:00,482.1099853515625,482.20001220703125,478.8500061035156,480.54998779296875,1506006
2026-02-19 16:25:00,480.61199951171875,480.8500061035156,479.3999938964844,479.54998779296875,686753
2026-02-20 08:00:00,476.8500061035156,478.04901123046875,475.25,476.875,0
2026-02-20 08:05:00,477.04998779296875,477.79998779296875,475.25,475.29998779296875,285167
2026-02-20 08:10:00,475.54998779296875,477.79998779296875,473.1000061035156,477.7699890136719,150272
2026-02-20 08:15:00,477.7699890136719,477.79998779296875,472.7460021972656,474.5,205342
2026-02-20 08:20:00,474.5,477.7699890136719,473.8999938964844,473.8999938964844,193728
2026-02-20 08:25:00,473.8999938964844,476.70001220703125,472.70001220703125,472.9383850097656,188952
2026-02-20 08:30:00,472.8500061035156,476.3500061035156,471.29998779296875,471.79998779296875,371267
2026-02-20 08:35:00,471.6499938964844,475.20001220703125,470.95001220703125,474.70001220703125,243282
2026-02-20 08:40:00,471.6000061035156,474.70001220703125,470.45001220703125,471.70001220703125,284893
2026-02-20 08:45:00,474.45001220703125,474.45001220703125,470.6000061035156,472.1499938964844,96356
2026-02-20 08:50:00,472.1000061035156,472.3500061035156,471.54998779296875,471.8999938964844,115928
2026-02-20 08:55:00,471.95001220703125,472.6499938964844,471.8999938964844,472.5,118331
2026-02-20 09:00:00,472.5,477.25,472.0,472.3999938964844,97514
2026-02-20 09:05:00,472.3500061035156,472.6000061035156,472.1000061035156,472.54998779296875,62435
2026-02-20 09:10:00,472.54998779296875,473.9859924316406,471.9879150390625,473.29998779296875,1186050
2026-02-20 09:15:00,473.29998779296875,473.45001220703125,472.45001220703125,472.6499938964844,41378
2026-02-20 09:20:00,472.54998779296875,473.1499938964844,472.54998779296875,472.75,50546
2026-02-20 09:25:00,472.70001220703125,473.1000061035156,472.54998779296875,473.0,170189
2026-02-20 09:30:00,473.0,473.04998779296875,472.54998779296875,472.9010009765625,101847
2026-02-20 09:35:00,472.95001220703125,472.95001220703125,471.95001220703125,472.29998779296875,83464
2026-02-20 09:40:00,472.3500061035156,472.45001220703125,471.70001220703125,472.20001220703125,92971
2026-02-20 09:45:00,472.25030517578125,472.45001220703125,471.79998779296875,471.79998779296875,133019
2026-02-20 09:50:00,471.6499938964844,472.25,471.04998779296875,471.9750061035156,86322
2026-02-20 09:55:00,471.95001220703125,471.95001220703125,470.8999938964844,471.04998779296875,61028
2026-02-20 10:00:00,470.95001220703125,473.4049072265625,470.45001220703125,470.6000061035156,338717
2026-02-20 10:05:00,470.6000061035156,476.8500061035156,470.3999938964844,471.6000061035156,2269748
2026-02-20 10:10:00,471.54998779296875,471.54998779296875,471.54998779296875,471.54998779296875,3480
2026-02-20 10:15:00,471.3999938964844,471.70001220703125,470.70001220703125,470.8399963378906,3225916
2026-02-20 10:20:00,470.8999938964844,471.8240051269531,470.8869934082031,471.25,93714
2026-02-20 10:25:00,471.25,471.45001220703125,470.5,470.875,82255
2026-02-20 10:30:00,470.95001220703125,471.1000061035156,470.70001220703125,470.79998779296875,66931
2026-02-20 10:35:00,470.79998779296875,471.0,470.6499938964844,470.75,34791
2026-02-20 10:40:00,470.75,471.04998779296875,470.526611328125,470.95001220703125,71832
2026-02-20 10:45:00,470.95001220703125,471.8999938964844,470.8999938964844,471.70001220703125,82898
2026-02-20 10:50:00,471.6000061035156,471.8999938964844,471.0,471.25,376326
2026-02-20 10:55:00,471.1000061035156,471.25,470.8999938964844,471.20001220703125,329778
2026-02-20 11:00:00,471.20001220703125,472.25,471.20001220703125,471.79998779296875,50269
2026-02-20 11:05:00,471.75,472.0,471.6000061035156,471.8500061035156,34897
2026-02-20 11:10:00,471.92498779296875,472.3500061035156,471.8999938964844,472.04998779296875,40118
2026-02-20 11:15:00,472.04998779296875,472.1000061035156,471.3500061035156,471.5350036621094,35125
2026-02-20 11:20:00,471.5,471.70001220703125,471.1499938964844,471.20001220703125,53053
2026-02-20 11:25:00,471.25,471.70001220703125,471.20001220703125,471.29998779296875,39432
2026-02-20 11:30:00,471.3500061035156,471.3999938964844,470.95001220703125,471.1000061035156,64910
2026-02-20 11:35:00,471.04998779296875,471.75,470.95001220703125,471.6000061035156,37151
2026-02-20 11:40:00,471.489990234375,471.9159851074219,471.1000061035156,471.9159851074219,31575
2026-02-20 11:45:00,471.8999938964844,472.0,471.45001220703125,471.70001220703125,33013
2026-02-20 11:50:00,471.6000061035156,471.70001220703125,470.8500061035156,471.1499938964844,38861
2026-02-20 11:55:00,471.1000061035156,471.1000061035156,470.25,470.5249938964844,88382
2026-02-20 12:00:00,470.6499938964844,470.8999938964844,470.54998779296875,470.75,58351
2026-02-20 12:05:00,470.79998779296875,470.8500061035156,470.45001220703125,470.5,54348
2026-02-20 12:10:00,470.70001220703125,471.3500061035156,470.5,470.7632141113281,22259
2026-02-20 12:15:00,470.79998779296875,471.0,469.4880065917969,469.6499938964844,157105
2026-02-20 12:20:00,469.75,469.8500061035156,469.25,469.48968505859375,61073
2026-02-20 12:25:00,469.5,471.0,469.4396057128906,469.79998779296875,25952
2026-02-20 12:30:00,469.79998779296875,470.6499938964844,469.54998779296875,469.6669921875,28538
2026-02-20 12:35:00,469.7049865722656,470.3500061035156,469.45001220703125,469.6000061035156,92346
2026-02-20 12:40:00,469.6499938964844,469.75,469.3341064453125,469.54998779296875,27552
2026-02-20 12:45:00,469.54998779296875,469.6000061035156,469.1499938964844,469.54998779296875,22105
2026-02-20 12:50:00,469.48748779296875,471.6000061035156,469.400390625,469.5849914550781,72564
2026-02-20 12:55:00,469.70001220703125,470.1499938964844,469.6499938964844,469.95001220703125,42934
2026-02-20 13:00:00,469.95001220703125,469.95001220703125,469.6499938964844,469.8500061035156,16424
2026-02-20 13:05:00,469.75,470.25,469.75,470.04998779296875,27954
2026-02-20 13:10:00,470.1000061035156,470.8500061035156,470.1000061035156,470.6499938964844,53862
2026-02-20 13:15:00,470.6499938964844,470.8500061035156,470.1499938964844,470.6000061035156,128932
2026-02-20 13:20:00,470.6499938964844,471.0,470.29998779296875,470.8999938964844,52648
2026-02-20 13:25:00,470.95001220703125,471.5,470.8500061035156,471.29998779296875,44396
2026-02-20 13:30:00,471.29998779296875,471.79998779296875,471.20001220703125,471.25,28215
2026-02-20 13:35:00,471.20001220703125,471.3500061035156,470.95001220703125,471.20001220703125,48157
2026-02-20 13:40:00,471.29998779296875,471.29998779296875,471.0,471.1581115722656,18964
2026-02-20 13:45:00,471.1899108886719,471.56201171875,471.1000061035156,471.5,35225
2026-02-20 13:50:00,471.45001220703125,472.0,471.45001220703125,471.70001220703125,45757
2026-02-20 13:55:00,471.70001220703125,472.04998779296875,471.6000061035156,472.04998779296875,41409
2026-02-20 14:00:00,471.8500061035156,471.95001220703125,471.5,471.54998779296875,47327
2026-02-20 14:05:00,471.55999755859375,471.6499938964844,470.3500061035156,470.54998779296875,76235
2026-02-20 14:10:00,470.54998779296875,471.1499938964844,470.3999938964844,471.1499938964844,63114
2026-02-20 14:15:00,471.25,471.25,470.00299072265625,470.04998779296875,46769
2026-02-20 14:20:00,470.04998779296875,471.45001220703125,470.04998779296875,471.3999938964844,35691
2026-02-20 14:25:00,471.3999938964844,471.75,470.1499938964844,471.45001220703125,318067
2026-02-20 14:30:00,471.3500061035156,472.70001220703125,470.0,470.54998779296875,594686
2026-02-20 14:35:00,470.6000061035156,471.5,468.6499938964844,471.5,495376
2026-02-20 14:40:00,471.3999938964844,473.29998779296875,471.25,472.75,134957
2026-02-20 14:45:00,472.6499938964844,473.3500061035156,470.8500061035156,470.8500061035156,195447
2026-02-20 14:50:00,470.8999938964844,471.95001220703125,469.25,471.75,178352
2026-02-20 14:55:00,471.45001220703125,472.0,470.1499938964844,470.25,212589
2026-02-20 15:00:00,470.3500061035156,472.6000061035156,470.3500061035156,471.70001220703125,554439
2026-02-20 15:05:00,471.75,471.95001220703125,471.1499938964844,471.45001220703125,263837
2026-02-20 15:10:00,471.6000061035156,471.79998779296875,469.20001220703125,469.20001220703125,202461
2026-02-20 15:15:00,469.0,471.1553955078125,469.0,470.4471130371094,217503
2026-02-20 15:20:00,470.3999938964844,470.79998779296875,469.95001220703125,469.9696044921875,138730
2026-02-20 15:25:00,470.04998779296875,470.3999938964844,469.8500061035156,469.9999084472656,219002
2026-02-20 15:30:00,470.0,470.1000061035156,469.29998779296875,469.71600341796875,169738
2026-02-20 15:35:00,469.75,469.79998779296875,468.95001220703125,469.20001220703125,271780
2026-02-20 15:40:00,469.1000061035156,471.75,469.0,469.3999938964844,185445
2026-02-20 15:45:00,469.25,469.54998779296875,468.75,469.17041015625,191606
2026-02-20 15:50:00,469.1000061035156,469.1000061035156,468.5,468.95001220703125,173470
2026-02-20 15:55:00,468.95001220703125,469.20001220703125,468.1000061035156,468.1499938964844,262489
2026-02-20 16:00:00,468.1499938964844,470.29998779296875,466.95001220703125,467.1000061035156,330256
2026-02-20 16:05:00,467.1499938964844,470.20001220703125,467.0299987792969,468.1499938964844,137160
2026-02-20 16:10:00,468.1000061035156,468.54998779296875,467.8999938964844,468.04998779296875,182426
2026-02-20 16:15:00,468.04998779296875,471.1499938964844,468.04998779296875,471.1499938964844,134799
2026-02-20 16:20:00,471.1499938964844,471.1499938964844,467.75,467.8999938964844,239661
2026-02-20 16:25:00,467.8999938964844,468.25,467.3500061035156,467.375,280869
2026-02-23 08:00:00,468.8999938964844,471.54998779296875,468.8999938964844,469.29998779296875,0
2026-02-23 08:05:00,469.29998779296875,469.45001220703125,468.1000061035156,468.6000061035156,115590
2026-02-23 08:10:00,468.45001220703125,469.75,467.20001220703125,469.20001220703125,387974
2026-02-23 08:15:00,468.3741149902344,470.6000061035156,468.35400390625,469.8999938964844,155301
2026-02-23 08:20:00,469.8500061035156,470.1000061035156,468.79998779296875,469.75,108065
2026-02-23 08:25:00,469.0,469.8999938964844,468.3999938964844,468.5,93242
2026-02-23 08:30:00,468.5,469.8999938964844,468.20001220703125,469.75,30269
2026-02-23 08:35:00,469.20001220703125,469.8999938964844,468.3500061035156,469.25,67276
2026-02-23 08:40:00,469.1000061035156,469.70001220703125,468.7539978027344,469.70001220703125,78243
2026-02-23 08:45:00,468.95001220703125,469.6499938964844,468.70001220703125,469.5,52154
2026-02-23 08:50:00,469.0,469.79998779296875,468.54998779296875,468.54998779296875,28132
2026-02-23 08:55:00,469.6499938964844,469.8500061035156,467.95001220703125,469.6499938964844,31500
2026-02-23 09:00:00,468.29998779296875,469.8500061035156,467.8500061035156,468.1000061035156,92499
2026-02-23 09:05:00,468.20001220703125,469.8500061035156,468.20001220703125,469.8500061035156,278194
2026-02-23 09:10:00,468.45001220703125,469.8500061035156,467.97491455078125,468.3999938964844,33177
2026-02-23 09:15:00,468.3999938964844,469.5,468.04998779296875,468.8500061035156,108739
2026-02-23 09:20:00,468.95001220703125,469.79998779296875,468.45001220703125,468.45001220703125,412893
2026-02-23 09:25:00,469.79998779296875,469.8999938964844,468.0,469.70001220703125,154318
2026-02-23 09:30:00,469.75,470.54998779296875,468.3999938964844,470.45001220703125,123713
2026-02-23 09:35:00,470.3500061035156,471.3500061035156,468.04998779296875,471.29998779296875,62535
2026-02-23 09:40:00,471.20001220703125,471.70001220703125,470.0,471.1499938964844,47898
2026-02-23 09:45:00,471.25,471.70001220703125,471.1000061035156,471.6000061035156,36637
2026-02-23 09:50:00,471.6499938964844,472.04998779296875,471.5,471.79998779296875,62664
2026-02-23 09:55:00,471.79998779296875,471.8999938964844,471.6000061035156,471.75,23900
2026-02-23 10:00:00,471.75,471.8500061035156,471.3500061035156,471.3500061035156,41960
2026-02-23 10:05:00,471.54998779296875,471.6499938964844,471.1499938964844,471.5,45852
2026-02-23 10:10:00,471.70001220703125,471.95001220703125,471.54998779296875,471.8500061035156,16843
2026-02-23 10:15:00,471.8999938964844,472.0,471.6000061035156,471.6000061035156,24270
2026-02-23 10:20:00,471.75,471.95001220703125,471.54998779296875,471.8500061035156,82950
2026-02-23 10:25:00,471.8999938964844,471.95001220703125,471.04998779296875,471.8500061035156,185920
2026-02-23 10:30:00,471.6499938964844,472.29998779296875,471.6499938964844,472.29998779296875,68812
2026-02-23 10:35:00,472.1499938964844,472.5,471.75,472.20001220703125,81325
2026-02-23 10:40:00,472.1000061035156,472.3500061035156,468.8999938964844,471.95001220703125,915617
2026-02-23 10:45:00,471.8999938964844,472.0,471.54998779296875,471.70001220703125,140871
2026-02-23 10:50:00,471.6000061035156,472.1000061035156,471.29998779296875,471.95001220703125,23822
2026-02-23 10:55:00,471.89801025390625,472.29998779296875,468.0,471.95001220703125,41781
2026-02-23 11:00:00,471.8500061035156,472.04998779296875,471.6499938964844,471.75,38230
2026-02-23 11:05:00,471.79998779296875,472.1000061035156,471.6499938964844,472.0,66560
2026-02-23 11:10:00,471.8500061035156,472.1000061035156,471.75,471.95001220703125,40348
2026-02-23 11:15:00,471.95001220703125,472.0668029785156,471.3500061035156,471.5249938964844,80049
2026-02-23 11:20:00,471.6000061035156,472.25,471.5249938964844,472.04998779296875,40971
2026-02-23 11:25:00,472.0,472.6499938964844,471.95001220703125,472.54998779296875,105792
2026-02-23 11:30:00,472.6000061035156,473.0,470.1499938964844,472.9460144042969,78270
2026-02-23 11:35:00,472.95001220703125,473.1050109863281,472.6499938964844,473.0350036621094,62430
2026-02-23 11:40:00,473.0530090332031,473.6000061035156,472.95001220703125,473.3999938964844,93145
2026-02-23 11:45:00,473.45001220703125,473.45001220703125,473.1499938964844,473.2120056152344,69619
2026-02-23 11:50:00,473.29998779296875,473.70001220703125,473.1499938964844,473.45001220703125,71754
2026-02-23 11:55:00,473.6000061035156,473.70001220703125,473.1499938964844,473.6499938964844,49976
2026-02-23 12:00:00,473.6000061035156,473.95001220703125,473.54998779296875,473.8999938964844,26018
2026-02-23 12:05:00,473.95001220703125,473.95001220703125,473.6499938964844,473.772705078125,70296
2026-02-23 12:10:00,473.8500061035156,473.8500061035156,473.0,473.0,43436
2026-02-23 12:15:00,473.04998779296875,473.5,472.8999938964844,473.3500061035156,100934
2026-02-23 12:20:00,473.1499938964844,473.6499938964844,473.1000061035156,473.3999938964844,38418
2026-02-23 12:25:00,473.5,473.8999938964844,473.45001220703125,473.6499938964844,64427
2026-02-23 12:30:00,473.6000061035156,473.8500061035156,473.5,473.5,9162
2026-02-23 12:35:00,473.5,473.79998779296875,473.29998779296875,473.79998779296875,40859
2026-02-23 12:40:00,473.6499938964844,473.6499938964844,473.32958984375,473.3999938964844,49613
2026-02-23 12:45:00,473.375,473.6499938964844,473.25,473.6499938964844,33451
2026-02-23 12:50:00,473.6000061035156,473.8999938964844,473.5964050292969,473.72900390625,27851
2026-02-23 12:55:00,473.70001220703125,474.5,473.45001220703125,474.5,130432
2026-02-23 13:00:00,474.45001220703125,475.0,473.5,474.3999938964844,82634
2026-02-23 13:05:00,474.25,474.6000061035156,474.25,474.54998779296875,60782
2026-02-23 13:10:00,474.4751892089844,474.6499938964844,474.04998779296875,474.20001220703125,49055
2026-02-23 13:15:00,474.20001220703125,474.3500061035156,473.8999938964844,474.1499938964844,60002
2026-02-23 13:20:00,474.20001220703125,474.6000061035156,474.093994140625,474.5,83352
2026-02-23 13:25:00,474.6499938964844,474.6499938964844,474.25,474.3999938964844,31702
2026-02-23 13:30:00,474.45001220703125,474.6499938964844,473.95001220703125,473.95001220703125,39101
2026-02-23 13:35:00,473.79998779296875,473.8999938964844,473.6499938964844,473.8999938964844,65339
2026-02-23 13:40:00,473.875,474.0,473.70001220703125,473.75,27329
2026-02-23 13:45:00,473.8500061035156,474.1000061035156,473.79998779296875,473.79998779296875,28654
2026-02-23 13:50:00,473.79998779296875,474.6000061035156,473.75,474.29998779296875,96067
2026-02-23 13:55:00,474.20001220703125,474.3500061035156,473.8999938964844,474.29998779296875,26137
2026-02-23 14:00:00,474.45001220703125,474.5,474.1499938964844,474.20001220703125,58407
2026-02-23 14:05:00,474.20001220703125,474.3999938964844,472.95001220703125,473.0,256582
2026-02-23 14:10:00,473.1000061035156,473.8999938964844,473.1000061035156,473.6499938964844,96987
2026-02-23 14:15:00,473.70001220703125,473.8999938964844,473.29998779296875,473.3999938964844,78591
2026-02-23 14:20:00,473.3500061035156,473.79998779296875,473.1000061035156,473.6499938964844,128130
2026-02-23 14:25:00,473.6499938964844,473.79998779296875,472.70001220703125,473.20001220703125,308341
2026-02-23 14:30:00,473.29998779296875,477.1000061035156,473.20001220703125,476.3500061035156,679659
2026-02-23 14:35:00,476.45001220703125,478.3999938964844,474.3500061035156,478.3500061035156,319308
2026-02-23 14:40:00,478.3500061035156,479.04998779296875,477.5,477.8999938964844,316677
2026-02-23 14:45:00,477.79998779296875,478.75,476.04998779296875,476.1000061035156,248457
2026-02-23 14:50:00,476.25,477.5,475.0,476.3500061035156,224206
2026-02-23 14:55:00,476.45001220703125,476.95001220703125,473.6000061035156,475.6059875488281,160139
2026-02-23 15:00:00,475.70001220703125,476.6499938964844,475.6499938964844,476.0,167546
2026-02-23 15:05:00,476.04998779296875,476.8500061035156,475.75,475.8500061035156,279136
2026-02-23 15:10:00,475.7900085449219,476.3999938964844,475.25,475.3500061035156,144016
2026-02-23 15:15:00,475.25,475.3999938964844,474.70001220703125,474.79998779296875,144717
2026-02-23 15:20:00,474.8500061035156,477.29998779296875,474.29998779296875,474.6499938964844,145055
2026-02-23 15:25:00,474.6672058105469,478.95001220703125,473.8999938964844,474.5,162292
2026-02-23 15:30:00,474.5,478.3999938964844,473.8500061035156,473.8599853515625,175409
2026-02-23 15:35:00,473.8999938964844,478.04998779296875,473.6000061035156,473.95001220703125,137487
2026-02-23 15:40:00,473.8500061035156,474.5,473.70001220703125,474.04998779296875,96777
2026-02-23 15:45:00,474.1499938964844,474.54998779296875,474.0,474.54998779296875,413701
2026-02-23 15:50:00,474.5,476.5,474.25,476.5,85591
2026-02-23 15:55:00,474.8500061035156,477.04998779296875,474.29998779296875,474.29998779296875,127853
2026-02-23 16:00:00,474.25,474.70001220703125,473.1000061035156,473.29998779296875,286563
2026-02-23 16:05:00,473.25,477.20001220703125,473.25,477.20001220703125,104753
2026-02-23 16:10:00,474.3500061035156,477.20001220703125,474.29998779296875,474.45001220703125,92362
2026-02-23 16:15:00,474.29998779296875,476.04998779296875,474.1499938964844,475.0,113343
2026-02-23 16:20:00,475.1000061035156,475.75,474.8999938964844,475.218994140625,187114
2026-02-23 16:25:00,475.25,475.6000061035156,474.3500061035156,474.875,374712
2026-02-24 08:00:00,477.8999938964844,478.29998779296875,475.54998779296875,476.3999938964844,0
2026-02-24 08:05:00,476.3999938964844,477.45001220703125,475.1619873046875,475.75,243597
2026-02-24 08:10:00,475.3500061035156,476.6824951171875,471.8710021972656,472.04998779296875,188021
2026-02-24 08:15:00,472.04998779296875,474.5,471.95001220703125,474.45001220703125,234073
2026-02-24 08:20:00,474.25,474.45001220703125,472.70001220703125,472.72601318359375,114709
2026-02-24 08:25:00,472.70001220703125,474.0,472.70001220703125,473.8999938964844,63417
2026-02-24 08:30:00,473.8999938964844,474.6499938964844,473.70001220703125,474.6499938964844,31783
2026-02-24 08:35:00,474.6499938964844,475.45001220703125,474.45001220703125,474.5,129433
2026-02-24 08:40:00,474.5,475.3500061035156,474.5,475.3500061035156,75084
2026-02-24 08:45:00,475.25,475.45001220703125,474.79998779296875,475.1499938964844,30155
2026-02-24 08:50:00,475.20001220703125,475.20001220703125,474.6000061035156,475.1499938964844,95654
2026-02-24 08:55:00,475.20001220703125,475.79998779296875,475.1499938964844,475.3999938964844,51594
2026-02-24 09:00:00,475.3999938964844,475.6499938964844,475.04998779296875,475.20001220703125,58571
2026-02-24 09:05:00,475.1499938964844,476.79998779296875,475.1000061035156,476.79998779296875,31434
2026-02-24 09:10:00,476.79998779296875,476.79998779296875,474.6000061035156,474.79998779296875,112944
2026-02-24 09:15:00,474.75,475.5,472.04998779296875,475.5,41562
2026-02-24 09:20:00,475.5,475.95001220703125,474.3500061035156,475.75,52414
2026-02-24 09:25:00,475.70001220703125,475.70001220703125,473.8999938964844,474.20001220703125,13810
2026-02-24 09:30:00,475.20001220703125,475.6499938964844,473.8999938964844,475.3500061035156,373403
2026-02-24 09:35:00,475.25,476.1000061035156,474.29998779296875,475.8500061035156,108445
2026-02-24 09:40:00,476.04998779296875,476.3999938964844,474.8500061035156,476.25,177850
2026-02-24 09:45:00,476.25,476.5,476.25,476.3999938964844,18510
2026-02-24 09:50:00,476.3999938964844,476.6000061035156,476.25,476.25,48485
2026-02-24 09:55:00,476.25,476.6000061035156,476.1000061035156,476.6000061035156,44012
2026-02-24 10:00:00,476.6000061035156,477.0,475.1000061035156,476.75,30959
2026-02-24 10:05:00,476.8999938964844,477.0,474.8500061035156,476.2130126953125,54456
2026-02-24 10:10:00,475.25,476.45001220703125,475.0,476.1268005371094,59290
2026-02-24 10:15:00,476.1000061035156,477.0,475.29998779296875,475.6499938964844,71100
2026-02-24 10:20:00,475.6274108886719,476.70001220703125,475.29998779296875,475.45001220703125,50944
2026-02-24 10:25:00,475.45001220703125,475.79998779296875,475.25,475.3999938964844,49621
2026-02-24 10:30:00,475.3500061035156,475.3500061035156,474.29998779296875,474.8500061035156,120872
2026-02-24 10:35:00,475.0,475.04998779296875,474.5,474.5,30673
2026-02-24 10:40:00,474.6499938964844,474.6499938964844,474.3500061035156,474.3999938964844,23441
2026-02-24 10:45:00,474.45001220703125,474.54998779296875,474.1000061035156,474.1499938964844,51869
2026-02-24 10:50:00,474.1000061035156,474.20001220703125,473.75,474.1000061035156,47867
2026-02-24 10:55:00,474.1000061035156,474.25,473.79998779296875,473.8500061035156,52330
2026-02-24 11:00:00,473.8999938964844,473.95001220703125,473.54998779296875,473.8999938964844,35847
2026-02-24 11:05:00,473.8999938964844,474.25,473.70001220703125,473.8312072753906,101618
2026-02-24 11:10:00,473.8999938964844,474.0,473.70001220703125,473.70001220703125,38454
2026-02-24 11:15:00,473.6000061035156,473.6000061035156,473.25,473.3999938964844,54558
2026-02-24 11:20:00,473.41900634765625,473.6499938964844,473.29998779296875,473.3500061035156,30477
2026-02-24 11:25:00,473.45001220703125,473.8500061035156,473.45001220703125,473.8500061035156,32044
2026-02-24 11:30:00,473.8999938964844,474.04998779296875,473.760009765625,473.95001220703125,23787
2026-02-24 11:35:00,473.8999938964844,474.0,473.70001220703125,473.79998779296875,21440
2026-02-24 11:40:00,473.6730041503906,473.95001220703125,473.5,473.55999755859375,74557
2026-02-24 11:45:00,473.54998779296875,473.8999938964844,473.3999938964844,473.5994873046875,49548
2026-02-24 11:50:00,473.6000061035156,473.95001220703125,473.6000061035156,473.79998779296875,177346
2026-02-24 11:55:00,473.70001220703125,474.00079345703125,473.526611328125,474.0,64798
2026-02-24 12:00:00,473.8999938964844,473.8999938964844,473.5,473.70001220703125,11506
2026-02-24 12:05:00,473.6099853515625,474.54998779296875,473.6099853515625,474.3999938964844,49374
2026-02-24 12:10:00,474.29998779296875,474.3999938964844,474.0,474.1000061035156,13967
2026-02-24 12:15:00,474.25,474.25,473.79998779296875,474.1000061035156,15599
2026-02-24 12:20:00,474.1000061035156,474.29998779296875,474.0,474.1499938964844,7593
2026-02-24 12:25:00,474.1499938964844,474.29998779296875,473.75,473.8999938964844,35757
2026-02-24 12:30:00,473.8999938964844,474.20001220703125,473.75,474.20001220703125,10990
2026-02-24 12:35:00,474.3500061035156,474.45001220703125,474.0,474.1499938964844,29661
2026-02-24 12:40:00,473.8999938964844,474.1000061035156,473.7008972167969,474.04998779296875,18311
2026-02-24 12:45:00,474.02801513671875,474.20001220703125,473.8999938964844,473.95001220703125,39904
2026-02-24 12:50:00,473.95001220703125,474.04998779296875,473.5,473.70001220703125,25101
2026-02-24 12:55:00,473.5,473.75,473.1499938964844,473.3500061035156,109777
2026-02-24 13:00:00,473.3999938964844,474.3500061035156,473.29998779296875,473.3999938964844,39952
2026-02-24 13:05:00,473.75,474.1000061035156,473.1000061035156,473.6000061035156,123299
2026-02-24 13:10:00,473.70001220703125,473.70001220703125,473.3999938964844,473.45001220703125,12774
2026-02-24 13:15:00,473.45001220703125,474.1499938964844,473.0,473.1499938964844,119572
2026-02-24 13:20:00,473.04998779296875,477.8999938964844,473.00140380859375,473.8999938964844,1192531
2026-02-24 13:25:00,473.8500061035156,474.25,473.3999938964844,474.1000061035156,44822
2026-02-24 13:30:00,474.20001220703125,474.29998779296875,473.20001220703125,474.04998779296875,33861
2026-02-24 13:35:00,474.0,474.3500061035156,474.0,474.20001220703125,63542
2026-02-24 13:40:00,474.29998779296875,474.3999938964844,474.0491943359375,474.29998779296875,37472
2026-02-24 13:45:00,474.20001220703125,474.6000061035156,474.1499938964844,474.4674072265625,29565
2026-02-24 13:50:00,474.45001220703125,475.3999938964844,474.45001220703125,475.0,182759
2026-02-24 13:55:00,475.1000061035156,475.3500061035156,475.0,475.1000061035156,40784
2026-02-24 14:00:00,475.04998779296875,475.2149963378906,474.5,475.0,45916
2026-02-24 14:05:00,475.04998779296875,475.3999938964844,474.8999938964844,474.8999938964844,43061
2026-02-24 14:10:00,474.8999938964844,475.3999938964844,474.6940002441406,475.25,146658
2026-02-24 14:15:00,475.20001220703125,475.5,475.1000061035156,475.36199951171875,114061
2026-02-24 14:20:00,475.260009765625,475.3500061035156,475.0,475.0,45018
2026-02-24 14:25:00,474.8500061035156,475.5,474.3999938964844,474.8500061035156,96545
2026-02-24 14:30:00,474.75,475.45001220703125,473.25,473.5,408545
2026-02-24 14:35:00,473.29998779296875,473.5,472.0,472.45001220703125,170114
2026-02-24 14:40:00,472.0,472.3500061035156,470.75,471.1499938964844,304907
2026-02-24 14:45:00,471.3999938964844,472.1000061035156,470.7590026855469,471.3999938964844,218926
2026-02-24 14:50:00,471.20001220703125,472.3999938964844,471.1499938964844,472.3999938964844,195926
2026-02-24 14:55:00,472.302001953125,472.70001220703125,471.25,472.0,234272
2026-02-24 15:00:00,472.0,473.5,472.0,472.70001220703125,254721
2026-02-24 15:05:00,472.75,477.8999938964844,471.8999938964844,473.1000061035156,9592923
2026-02-24 15:10:00,473.04998779296875,473.5,472.5,473.5,165334
2026-02-24 15:15:00,473.54998779296875,474.41619873046875,473.3999938964844,473.70001220703125,3364859
2026-02-24 15:20:00,473.6499938964844,474.41619873046875,473.5,474.1000061035156,120523
2026-02-24 15:25:00,474.0,474.3999938964844,471.25,472.1499938964844,854784
2026-02-24 15:30:00,472.1499938964844,473.29998779296875,470.54998779296875,470.6499938964844,830936
2026-02-24 15:35:00,470.8500061035156,471.8999938964844,470.3999938964844,471.25,541548
2026-02-24 15:40:00,471.1499938964844,473.25,470.8500061035156,471.04998779296875,238450
2026-02-24 15:45:00,473.25,473.25,470.8999938964844,471.04998779296875,320268
2026-02-24 15:50:00,471.04998779296875,471.6499938964844,470.6499938964844,471.1499938964844,280475
2026-02-24 15:55:00,471.20001220703125,472.75,470.8500061035156,471.04998779296875,394824
2026-02-24 16:00:00,471.04998779296875,471.3500061035156,470.6499938964844,470.79998779296875,495560
2026-02-24 16:05:00,470.6499938964844,471.1499938964844,470.29998779296875,470.9549865722656,137088
2026-02-24 16:10:00,470.95001220703125,471.3999938964844,470.6000061035156,470.9750061035156,196617
2026-02-24 16:15:00,470.95001220703125,472.6499938964844,470.54998779296875,472.6499938964844,264281
2026-02-24 16:20:00,471.20001220703125,472.6499938964844,470.5,471.1730041503906,294525
2026-02-24 16:25:00,471.29998779296875,472.6499938964844,471.29998779296875,471.6499938964844,399210
2026-02-25 08:00:00,473.54998779296875,473.54998779296875,471.20001220703125,471.8500061035156,0
2026-02-25 08:05:00,471.6000061035156,473.0,471.6000061035156,471.8999938964844,83057
2026-02-25 08:10:00,471.95001220703125,473.95001220703125,471.1499938964844,473.70001220703125,80605
2026-02-25 08:15:00,473.5,473.70001220703125,472.0,472.70001220703125,48399
2026-02-25 08:20:00,472.1000061035156,473.1000061035156,471.20001220703125,472.75,67511
2026-02-25 08:25:00,472.75,473.8999938964844,472.1000061035156,473.3500061035156,83300
2026-02-25 08:30:00,473.3500061035156,473.8500061035156,472.1000061035156,472.70001220703125,47069
2026-02-25 08:35:00,473.45001220703125,473.75,472.1000061035156,473.04998779296875,34623
2026-02-25 08:40:00,472.8999938964844,473.75,472.25,473.75,35761
2026-02-25 08:45:00,473.6000061035156,473.8500061035156,472.29998779296875,473.3999938964844,51639
2026-02-25 08:50:00,473.29998779296875,473.45001220703125,471.70001220703125,473.3999938964844,21182
2026-02-25 08:55:00,473.45001220703125,473.8500061035156,472.1499938964844,472.5,44874
2026-02-25 09:00:00,473.3500061035156,474.0,472.1499938964844,473.6499938964844,69497
2026-02-25 09:05:00,473.8500061035156,473.8999938964844,472.25,472.45001220703125,61112
2026-02-25 09:10:00,473.70001220703125,473.8500061035156,472.25,473.70001220703125,19596
2026-02-25 09:15:00,473.20001220703125,474.0,472.3999938964844,473.81500244140625,20867
2026-02-25 09:20:00,474.0,474.1000061035156,472.45001220703125,474.0,16283
2026-02-25 09:25:00,473.95001220703125,474.54998779296875,472.45001220703125,474.45001220703125,9436
2026-02-25 09:30:00,474.3999938964844,474.45001220703125,472.45001220703125,473.6000061035156,65780
2026-02-25 09:35:00,473.45001220703125,474.0,473.20001220703125,473.460205078125,63380
2026-02-25 09:40:00,473.4750061035156,474.45001220703125,472.70001220703125,473.79998779296875,199411
2026-02-25 09:45:00,473.75,473.8999938964844,473.3500061035156,473.49951171875,132239
2026-02-25 09:50:00,473.3500061035156,473.6499938964844,473.0,473.5,16112
2026-02-25 09:55:00,473.6499938964844,474.20001220703125,473.375,474.0,65792
2026-02-25 10:00:00,473.95001220703125,474.04998779296875,472.8999938964844,473.0,75128
2026-02-25 10:05:00,473.04998779296875,473.04998779296875,472.5,473.0,143073
2026-02-25 10:10:00,472.95001220703125,473.3500061035156,472.75,473.20001220703125,82031
2026-02-25 10:15:00,473.20001220703125,473.6499938964844,472.70001220703125,472.8500061035156,50845
2026-02-25 10:20:00,472.8999938964844,473.04998779296875,472.6000061035156,472.79998779296875,32230
2026-02-25 10:25:00,472.6000061035156,472.8500061035156,472.3999938964844,472.75,101475
2026-02-25 10:30:00,472.75,472.8999938964844,471.8500061035156,471.8500061035156,154129
2026-02-25 10:35:00,471.8500061035156,472.25,471.6499938964844,471.79998779296875,59678
2026-02-25 10:40:00,471.7959899902344,472.25,471.29998779296875,471.54998779296875,91963
2026-02-25 10:45:00,471.6499938964844,471.70001220703125,471.20001220703125,471.29998779296875,55004
2026-02-25 10:50:00,471.45001220703125,471.70001220703125,471.04998779296875,471.2951965332031,136511
2026-02-25 10:55:00,471.3500061035156,471.6499938964844,471.1499938964844,471.3118896484375,33827
2026-02-25 11:00:00,471.3500061035156,471.8500061035156,471.29998779296875,471.6000061035156,114283
2026-02-25 11:05:00,471.70001220703125,471.8999938964844,471.5,471.6000061035156,31473
2026-02-25 11:10:00,471.6000061035156,471.75,471.29998779296875,471.5,94996
2026-02-25 11:15:00,471.6499938964844,472.1000061035156,471.45001220703125,471.8999938964844,21002
2026-02-25 11:20:00,471.8500061035156,472.0,471.6000061035156,471.95001220703125,16661
2026-02-25 11:25:00,471.79998779296875,472.3500061035156,471.6499938964844,472.2139892578125,14312
2026-02-25 11:30:00,472.1499938964844,472.29998779296875,471.8999938964844,472.1000061035156,21530
2026-02-25 11:35:00,472.04998779296875,472.3500061035156,471.8999938964844,472.1000061035156,22080
2026-02-25 11:40:00,472.04998779296875,472.20001220703125,471.95001220703125,472.1499938964844,10293
2026-02-25 11:45:00,472.1499938964844,472.25,471.95001220703125,472.04998779296875,9408
2026-02-25 11:50:00,472.0,472.3500061035156,472.0,472.19000244140625,24400
2026-02-25 11:55:00,472.29998779296875,473.54998779296875,471.6000061035156,471.6000061035156,1567467
2026-02-25 12:00:00,471.75,471.8500061035156,471.20001220703125,471.79400634765625,12200
2026-02-25 12:05:00,471.79998779296875,472.1000061035156,471.79998779296875,472.0,14762
2026-02-25 12:10:00,472.0,472.45001220703125,471.8500061035156,472.0,48726
2026-02-25 12:15:00,472.1000061035156,472.3500061035156,472.1000061035156,472.1499938964844,52708
2026-02-25 12:20:00,472.2900085449219,472.4010009765625,471.20001220703125,472.04998779296875,120397
2026-02-25 12:25:00,472.1499938964844,472.36859130859375,471.79998779296875,472.29998779296875,36874
2026-02-25 12:30:00,472.29998779296875,472.8999938964844,472.29998779296875,472.75,53468
2026-02-25 12:35:00,472.6499938964844,472.8500061035156,472.45001220703125,472.8500061035156,15592
2026-02-25 12:40:00,472.70001220703125,473.20001220703125,472.29998779296875,472.79998779296875,134731
2026-02-25 12:45:00,472.8500061035156,473.1000061035156,472.6499938964844,472.79998779296875,34733
2026-02-25 12:50:00,472.79998779296875,473.25,472.79998779296875,473.0,22488
2026-02-25 12:55:00,473.1000061035156,473.29998779296875,472.79998779296875,473.1499938964844,165782
2026-02-25 13:00:00,473.04998779296875,473.1499938964844,472.6499938964844,472.8500061035156,24940
2026-02-25 13:05:00,472.8999938964844,473.1000061035156,472.70001220703125,472.95001220703125,20815
2026-02-25 13:10:00,473.04998779296875,473.25,472.75,472.8999938964844,33371
2026-02-25 13:15:00,472.8999938964844,473.20001220703125,472.79998779296875,473.20001220703125,13079
2026-02-25 13:20:00,473.04998779296875,473.29998779296875,472.75,472.8500061035156,12773
2026-02-25 13:25:00,473.0,473.04998779296875,472.70001220703125,472.9100036621094,9413
2026-02-25 13:30:00,472.8999938964844,473.1000061035156,472.75,472.84588623046875,16089
2026-02-25 13:35:00,472.8999938964844,472.8999938964844,472.5,472.5,15088
2026-02-25 13:40:00,472.5,472.8500061035156,472.3500061035156,472.75,10167
2026-02-25 13:45:00,472.75,473.1000061035156,472.5,472.95001220703125,14853
2026-02-25 13:50:00,472.8500061035156,473.0,472.3500061035156,472.75,40289
2026-02-25 13:55:00,472.75,472.95001220703125,472.5,472.94500732421875,54154
2026-02-25 14:00:00,472.95001220703125,473.1000061035156,472.25,472.6499938964844,85653
2026-02-25 14:05:00,472.6499938964844,472.6499938964844,472.25,472.375,41126
2026-02-25 14:10:00,472.45001220703125,472.70001220703125,472.29998779296875,472.70001220703125,41380
2026-02-25 14:15:00,472.6000061035156,472.70001220703125,472.1499938964844,472.54998779296875,50069
2026-02-25 14:20:00,472.70001220703125,472.95001220703125,472.4750061035156,472.75,51219
2026-02-25 14:25:00,472.8500061035156,473.45001220703125,472.6929931640625,473.3500061035156,72881
2026-02-25 14:30:00,473.3999938964844,473.45001220703125,470.75,471.70001220703125,429182
2026-02-25 14:35:00,471.79998779296875,473.29998779296875,470.75,471.54998779296875,190193
2026-02-25 14:40:00,471.6000061035156,472.29998779296875,470.5,471.54998779296875,624721
2026-02-25 14:45:00,471.54998779296875,471.70001220703125,469.95001220703125,470.5,343194
2026-02-25 14:50:00,470.3999938964844,473.54998779296875,467.79998779296875,468.20001220703125,3855015
2026-02-25 14:55:00,468.1000061035156,472.6499938964844,466.29998779296875,467.1000061035156,347479
2026-02-25 15:00:00,467.1000061035156,472.1000061035156,467.0400085449219,467.25,226455
2026-02-25 15:05:00,467.25,471.6499938964844,466.75,467.54998779296875,817923
2026-02-25 15:10:00,467.6499938964844,470.5,467.5,467.54998779296875,525445
2026-02-25 15:15:00,467.54998779296875,469.20001220703125,467.45001220703125,468.95001220703125,217956
2026-02-25 15:20:00,469.0,470.20001220703125,468.6499938964844,470.1499938964844,345420
2026-02-25 15:25:00,470.1499938964844,470.6499938964844,468.8500061035156,469.04998779296875,323602
2026-02-25 15:30:00,469.0,470.5,468.0,468.45001220703125,302286
2026-02-25 15:35:00,468.5,469.20001220703125,468.5,468.8500061035156,195347
2026-02-25 15:40:00,468.8500061035156,468.8999938964844,468.29998779296875,468.29998779296875,563841
2026-02-25 15:45:00,468.3500061035156,469.54998779296875,467.8500061035156,468.3999938964844,289762
2026-02-25 15:50:00,468.6499938964844,469.1000061035156,466.5,469.1000061035156,478883
2026-02-25 15:55:00,469.0,469.3500061035156,466.95001220703125,468.95001220703125,494603
2026-02-25 16:00:00,469.04998779296875,469.6000061035156,467.3999938964844,468.95001220703125,580305
2026-02-25 16:05:00,468.95001220703125,469.20001220703125,467.1499938964844,468.8500061035156,301143
2026-02-25 16:10:00,468.8500061035156,469.79998779296875,468.6000061035156,469.5,301399
2026-02-25 16:15:00,469.45001220703125,473.54998779296875,468.8999938964844,468.8999938964844,5395685
2026-02-25 16:20:00,468.95001220703125,468.95001220703125,466.95001220703125,468.3999938964844,314521
2026-02-25 16:25:00,468.3999938964844,473.54998779296875,467.1000061035156,468.25,5871410
2026-02-26 08:00:00,469.3999938964844,470.25,467.589599609375,468.54998779296875,0
2026-02-26 08:05:00,468.54998779296875,470.67498779296875,467.8999938964844,470.1499938964844,288849
2026-02-26 08:10:00,470.1499938964844,470.25,468.45001220703125,468.70001220703125,208264
2026-02-26 08:15:00,468.70001220703125,470.20001220703125,467.20001220703125,467.3999938964844,180931
2026-02-26 08:20:00,469.20001220703125,469.25,467.6499938964844,467.8500061035156,252328
2026-02-26 08:25:00,468.0,470.79998779296875,467.8999938964844,468.70001220703125,125850
2026-02-26 08:30:00,468.75,469.70001220703125,467.8999938964844,468.04998779296875,117837
2026-02-26 08:35:00,468.04998779296875,468.74700927734375,467.8999938964844,468.4360046386719,52755
2026-02-26 08:40:00,468.3999938964844,469.29998779296875,467.95001220703125,468.20001220703125,53987
2026-02-26 08:45:00,469.1499938964844,469.95001220703125,468.04998779296875,469.3999938964844,88009
2026-02-26 08:50:00,469.3999938964844,469.75,468.95001220703125,469.28399658203125,32257
2026-02-26 08:55:00,469.29998779296875,469.5,468.79998779296875,469.04998779296875,17187
2026-02-26 09:00:00,469.1000061035156,469.29998779296875,468.6000061035156,469.20001220703125,34014
2026-02-26 09:05:00,469.20001220703125,469.20001220703125,468.25,468.6000061035156,48776
2026-02-26 09:10:00,468.5,468.75,468.1499938964844,468.29998779296875,22558
2026-02-26 09:15:00,468.3500061035156,468.5,467.8999938964844,468.5,31094
2026-02-26 09:20:00,468.5,468.70001220703125,467.79998779296875,467.79998779296875,27012
2026-02-26 09:25:00,467.70001220703125,467.79998779296875,467.1499938964844,467.6499938964844,37873
2026-02-26 09:30:00,467.70001220703125,468.29998779296875,467.6499938964844,468.20001220703125,40957
2026-02-26 09:35:00,468.1400146484375,468.54998779296875,468.0,468.03009033203125,39376
2026-02-26 09:40:00,468.1000061035156,468.1000061035156,467.1499938964844,467.5899963378906,20103
2026-02-26 09:45:00,467.6499938964844,467.8500061035156,467.3999938964844,467.8500061035156,16748
2026-02-26 09:50:00,467.79998779296875,467.8500061035156,467.1499938964844,467.75,68687
2026-02-26 09:55:00,467.75,468.1000061035156,467.54998779296875,467.89801025390625,33482
2026-02-26 10:00:00,467.95001220703125,468.45001220703125,467.8999938964844,468.20001220703125,44307
2026-02-26 10:05:00,468.25,468.75,467.8999938964844,468.3999938964844,66184
2026-02-26 10:10:00,468.3999938964844,468.70001220703125,468.04998779296875,468.1000061035156,68236
2026-02-26 10:15:00,468.04998779296875,468.29998779296875,467.54998779296875,467.6499938964844,113561
2026-02-26 10:20:00,467.79998779296875,467.8500061035156,467.5,467.79998779296875,60651
2026-02-26 10:25:00,467.8500061035156,467.8500061035156,467.04998779296875,467.1000061035156,121032
2026-02-26 10:30:00,467.1000061035156,467.25,466.70001220703125,466.8500061035156,72645
2026-02-26 10:35:00,466.8999938964844,467.29998779296875,466.54998779296875,466.6499938964844,32573
2026-02-26 10:40:00,466.6499938964844,466.8500061035156,464.70001220703125,465.04998779296875,269893
2026-02-26 10:45:00,464.8999938964844,465.5,464.8999938964844,465.3999938964844,261610
2026-02-26 10:50:00,465.45001220703125,466.1000061035156,465.29998779296875,465.92498779296875,73438
2026-02-26 10:55:00,465.8999938964844,465.8999938964844,465.3500061035156,465.6585998535156,57495
2026-02-26 11:00:00,465.70001220703125,465.75,464.8500061035156,465.3999938964844,108442
2026-02-26 11:05:00,465.4469909667969,466.0,465.1000061035156,466.0,48948
2026-02-26 11:10:00,466.04998779296875,466.45001220703125,465.79998779296875,466.0,85578
2026-02-26 11:15:00,465.94000244140625,465.94000244140625,464.45001220703125,464.70001220703125,32198
2026-02-26 11:20:00,464.70001220703125,465.1000061035156,464.54998779296875,464.9007873535156,27051
2026-02-26 11:25:00,465.0,465.25,464.90399169921875,465.04998779296875,14598
2026-02-26 11:30:00,465.04998779296875,465.1499938964844,464.70001220703125,464.8999938964844,36359
2026-02-26 11:35:00,464.8999938964844,464.8999938964844,464.30999755859375,464.5263977050781,34135
2026-02-26 11:40:00,464.6000061035156,464.75,464.25,464.45001220703125,46169
2026-02-26 11:45:00,464.45001220703125,464.79998779296875,464.3999938964844,464.79998779296875,31961
2026-02-26 11:50:00,464.75,464.75,464.25,464.5,42012
2026-02-26 11:55:00,464.54998779296875,464.54998779296875,462.70001220703125,463.29998779296875,136346
2026-02-26 12:00:00,463.3500061035156,463.45001220703125,460.8999938964844,462.95001220703125,332064
2026-02-26 12:05:00,463.0,463.75,462.6000061035156,463.5,256535
2026-02-26 12:10:00,463.5,464.04998779296875,463.25,463.54998779296875,272149
2026-02-26 12:15:00,463.45001220703125,463.54998779296875,462.1000061035156,462.95001220703125,64197
2026-02-26 12:20:00,462.8999938964844,464.0,462.3999938964844,463.1000061035156,227885
2026-02-26 12:25:00,463.1000061035156,464.0,463.0119934082031,463.4949951171875,152353
2026-02-26 12:30:00,463.3999938964844,464.0,463.29998779296875,463.8500061035156,67134
2026-02-26 12:35:00,463.8500061035156,464.20001220703125,462.95001220703125,463.25,171628
2026-02-26 12:40:00,463.29998779296875,463.5,462.8500061035156,463.3500061035156,30495
2026-02-26 12:45:00,463.20001220703125,463.75,463.20001220703125,463.6000061035156,33732
2026-02-26 12:50:00,463.6000061035156,463.6000061035156,463.1499938964844,463.5929870605469,289302
2026-02-26 12:55:00,463.6000061035156,463.6960144042969,463.1000061035156,463.1000061035156,260910
2026-02-26 13:00:00,463.0,463.3999938964844,462.6499938964844,463.1000061035156,151865
2026-02-26 13:05:00,463.04998779296875,463.54998779296875,462.54998779296875,463.3500061035156,29366
2026-02-26 13:10:00,463.3999938964844,463.3999938964844,462.29998779296875,462.45001220703125,110161
2026-02-26 13:15:00,462.29998779296875,462.29998779296875,461.1000061035156,461.1499938964844,103864
2026-02-26 13:20:00,461.04998779296875,461.70001220703125,460.3999938964844,461.45001220703125,87297
2026-02-26 13:25:00,461.45001220703125,462.1499938964844,461.1499938964844,461.8500061035156,74566
2026-02-26 13:30:00,461.6499938964844,462.45001220703125,461.54998779296875,461.75,125853
2026-02-26 13:35:00,461.70001220703125,462.0,461.5,461.95001220703125,90609
2026-02-26 13:40:00,462.0169982910156,463.5,462.0169982910156,463.5,188036
2026-02-26 13:45:00,463.5,463.8500061035156,462.1000061035156,462.5,272207
2026-02-26 13:50:00,462.6000061035156,463.20001220703125,462.6000061035156,462.8999938964844,46547
2026-02-26 13:55:00,462.8999938964844,463.3999938964844,462.70001220703125,463.04998779296875,51309
2026-02-26 14:00:00,462.75,463.95001220703125,462.6499938964844,463.5,58724
2026-02-26 14:05:00,463.45001220703125,469.3999938964844,463.04998779296875,463.6000061035156,1628018
2026-02-26 14:10:00,463.55999755859375,463.6000061035156,462.5,462.8999938964844,97193
2026-02-26 14:15:00,462.8999938964844,462.8999938964844,461.20001220703125,461.45001220703125,247487
2026-02-26 14:20:00,461.45001220703125,462.1000061035156,461.29998779296875,462.1000061035156,61791
2026-02-26 14:25:00,462.0,462.3500061035156,461.1000061035156,462.25,189286
2026-02-26 14:30:00,461.6499938964844,462.25,459.3999938964844,460.3500061035156,1054923
2026-02-26 14:35:00,460.54998779296875,462.3999938964844,460.25,460.45001220703125,972035
2026-02-26 14:40:00,460.3999938964844,460.3999938964844,458.8500061035156,459.54998779296875,861782
2026-02-26 14:45:00,459.6499938964844,460.95001220703125,459.25,460.79998779296875,419838
2026-02-26 14:50:00,460.75,463.20001220703125,460.1000061035156,461.6499938964844,540610
2026-02-26 14:55:00,462.04998779296875,462.8500061035156,461.5,462.6499938964844,69818
2026-02-26 15:00:00,462.8500061035156,464.45001220703125,460.75,464.29998779296875,121458
2026-02-26 15:05:00,464.29998779296875,465.8999938964844,459.3500061035156,459.3500061035156,290122
2026-02-26 15:10:00,465.8999938964844,466.8500061035156,459.04998779296875,466.04998779296875,304319
2026-02-26 15:15:00,466.25,468.54998779296875,459.04998779296875,468.3500061035156,270446
2026-02-26 15:20:00,468.45001220703125,469.0,460.0,468.8999938964844,195706
2026-02-26 15:25:00,469.0,470.1499938964844,459.8500061035156,470.0530090332031,699081
2026-02-26 15:30:00,470.25,471.3500061035156,460.70001220703125,471.2049865722656,357506
2026-02-26 15:35:00,471.20001220703125,471.45001220703125,470.79998779296875,471.239990234375,390542
2026-02-26 15:40:00,471.20001220703125,471.54998779296875,461.20001220703125,471.29998779296875,10792781
2026-02-26 15:45:00,471.5,471.6000061035156,470.8500061035156,471.3999938964844,218889
2026-02-26 15:50:00,471.3999938964844,472.45001220703125,461.6000061035156,472.20001220703125,308244
2026-02-26 15:55:00,472.20001220703125,472.79998779296875,461.95001220703125,472.79998779296875,281508
2026-02-26 16:00:00,472.70001220703125,473.70001220703125,463.54998779296875,473.25,587354
2026-02-26 16:05:00,473.20001220703125,473.6499938964844,464.1499938964844,473.20001220703125,249172
2026-02-26 16:10:00,473.1499938964844,473.260009765625,465.70001220703125,472.75,184607
2026-02-26 16:15:00,472.79998779296875,473.6499938964844,466.6499938964844,473.5,293665
2026-02-26 16:20:00,473.45001220703125,474.6000061035156,467.95001220703125,474.5,489623
2026-02-26 16:25:00,474.3999938964844,475.1499938964844,467.70001220703125,474.79998779296875,613515
2026-02-27 08:00:00,469.70001220703125,472.45001220703125,467.1000061035156,472.0,0
2026-02-27 08:05:00,471.70001220703125,472.25,469.45001220703125,471.8500061035156,302666
2026-02-27 08:10:00,470.04998779296875,474.54998779296875,469.45001220703125,474.45001220703125,102688
2026-02-27 08:15:00,474.6499938964844,475.70001220703125,474.54998779296875,475.1499938964844,127102
2026-02-27 08:20:00,475.25,475.3999938964844,470.95001220703125,475.1000061035156,108008
2026-02-27 08:25:00,474.95001220703125,476.1000061035156,473.54998779296875,475.1000061035156,123311
2026-02-27 08:30:00,475.1000061035156,475.29998779296875,472.79998779296875,473.3999938964844,113709
2026-02-27 08:35:00,473.3999938964844,475.29998779296875,473.3500061035156,474.70001220703125,102255
2026-02-27 08:40:00,474.54998779296875,475.25,473.45001220703125,473.75,94513
2026-02-27 08:45:00,473.79998779296875,475.5,473.3999938964844,473.70001220703125,58949
2026-02-27 08:50:00,473.70001220703125,475.20001220703125,473.489013671875,473.8500061035156,18647
2026-02-27 08:55:00,473.8500061035156,475.0,473.6499938964844,474.04998779296875,44151
2026-02-27 09:00:00,474.04998779296875,474.3500061035156,473.54998779296875,474.3500061035156,80044
2026-02-27 09:05:00,474.3500061035156,474.3500061035156,473.8500061035156,474.20001220703125,27892
2026-02-27 09:10:00,474.25,474.3999938964844,473.9110107421875,474.20001220703125,34906
2026-02-27 09:15:00,474.1322021484375,474.3505859375,473.70001220703125,473.8500061035156,50596
2026-02-27 09:20:00,473.70001220703125,474.54998779296875,473.54998779296875,474.5,47975
2026-02-27 09:25:00,474.5,474.70001220703125,474.20001220703125,474.29998779296875,36550
2026-02-27 09:30:00,474.29998779296875,475.20001220703125,474.20001220703125,474.54998779296875,200168
2026-02-27 09:35:00,474.45001220703125,474.95001220703125,474.3999938964844,474.5,55248
2026-02-27 09:40:00,474.54998779296875,474.8999938964844,474.29998779296875,474.75,127822
2026-02-27 09:45:00,474.6000061035156,475.1499938964844,474.54998779296875,474.8999938964844,121279
2026-02-27 09:50:00,474.8500061035156,475.1499938964844,474.6499938964844,475.04998779296875,83995
2026-02-27 09:55:00,474.9960021972656,475.20001220703125,474.8500061035156,475.0119934082031,36160
2026-02-27 10:00:00,475.04998779296875,475.54998779296875,474.8500061035156,474.98858642578125,162101
2026-02-27 10:05:00,475.1000061035156,475.95001220703125,475.1000061035156,475.6499938964844,199276
2026-02-27 10:10:00,475.75,476.20001220703125,475.45001220703125,475.75,103067
2026-02-27 10:15:00,475.8999938964844,476.20001220703125,475.7900085449219,476.20001220703125,64417
2026-02-27 10:20:00,476.20001220703125,476.8500061035156,476.04998779296875,476.1499938964844,367346
2026-02-27 10:25:00,476.20001220703125,476.25,475.0,476.20001220703125,62637
2026-02-27 10:30:00,476.1499938964844,476.20001220703125,474.6499938964844,475.20001220703125,147012
2026-02-27 10:35:00,475.29998779296875,475.95001220703125,475.2099914550781,475.8500061035156,98515
2026-02-27 10:40:00,475.8500061035156,476.70001220703125,475.8500061035156,476.5459899902344,194903
2026-02-27 10:45:00,476.6499938964844,477.20001220703125,476.6499938964844,477.0,100938
2026-02-27 10:50:00,477.04998779296875,477.45001220703125,476.8500061035156,477.3500061035156,74315
2026-02-27 10:55:00,477.3999938964844,477.5,477.20001220703125,477.3500061035156,52275
2026-02-27 11:00:00,477.2168884277344,477.5,476.9674072265625,477.20001220703125,115021
2026-02-27 11:05:00,477.29998779296875,477.8999938964844,477.29998779296875,477.54998779296875,122261
2026-02-27 11:10:00,477.6499938964844,478.25,477.6000061035156,478.0,251711
2026-02-27 11:15:00,478.0,478.25,477.29998779296875,478.0,194164
2026-02-27 11:20:00,478.0,478.0,477.25,477.6499938964844,86560
2026-02-27 11:25:00,477.70001220703125,478.6499938964844,477.5,477.70001220703125,349890
2026-02-27 11:30:00,477.70001220703125,478.25,477.3999938964844,477.79998779296875,130344
2026-02-27 11:35:00,477.79998779296875,478.5,477.75,477.8999938964844,59434
2026-02-27 11:40:00,478.0,478.20001220703125,477.79998779296875,478.0,41219
2026-02-27 11:45:00,478.1000061035156,478.3999938964844,477.8500061035156,478.0,66162
2026-02-27 11:50:00,477.8999938964844,478.0,477.45001220703125,477.79998779296875,55499
2026-02-27 11:55:00,477.79998779296875,478.3999938964844,477.6650085449219,478.25,53110
2026-02-27 12:00:00,478.20001220703125,478.25,477.1499938964844,477.6499938964844,76783
2026-02-27 12:05:00,477.6000061035156,477.6499938964844,477.0,477.29998779296875,66318
2026-02-27 12:10:00,477.29998779296875,477.29998779296875,475.57501220703125,476.70001220703125,75272
2026-02-27 12:15:00,476.6499938964844,477.0,476.5,476.6499938964844,53529
2026-02-27 12:20:00,476.70001220703125,476.95001220703125,476.3999938964844,476.75,82089
2026-02-27 12:25:00,476.8280029296875,477.70001220703125,476.79998779296875,477.3999938964844,50684
2026-02-27 12:30:00,477.54998779296875,477.8999938964844,477.473388671875,477.8500061035156,29323
2026-02-27 12:35:00,477.75,478.45001220703125,477.75,478.45001220703125,108088
2026-02-27 12:40:00,478.45001220703125,478.75,478.20001220703125,478.70001220703125,51550
2026-02-27 12:45:00,478.7030029296875,478.95001220703125,478.6499938964844,478.8500061035156,32356
2026-02-27 12:50:00,479.0,479.95001220703125,479.0,479.79998779296875,273674
2026-02-27 12:55:00,479.79998779296875,480.70001220703125,479.75,480.5,810263
2026-02-27 13:00:00,480.6499938964844,481.20001220703125,480.54998779296875,480.88909912109375,179666
2026-02-27 13:05:00,480.95001220703125,481.25,480.70001220703125,481.1000061035156,174256
2026-02-27 13:10:00,481.04998779296875,481.1000061035156,480.60699462890625,480.8999938964844,58588
2026-02-27 13:15:00,480.95001220703125,481.04998779296875,480.3500061035156,480.8500061035156,111555
2026-02-27 13:20:00,480.79998779296875,481.3999938964844,480.593994140625,481.2156982421875,143812
2026-02-27 13:25:00,481.29998779296875,481.5,480.3999938964844,480.6499938964844,249082
2026-02-27 13:30:00,480.54998779296875,481.70001220703125,480.45001220703125,481.0,226302
2026-02-27 13:35:00,480.95001220703125,481.5,480.5,481.25,162156
2026-02-27 13:40:00,481.25,481.5,480.55499267578125,481.43798828125,613184
2026-02-27 13:45:00,481.3999938964844,481.8500061035156,480.95001220703125,480.95001220703125,96920
2026-02-27 13:50:00,481.79998779296875,481.79998779296875,481.25,481.79998779296875,100796
2026-02-27 13:55:00,481.79998779296875,481.95001220703125,481.45001220703125,481.6570129394531,173317
2026-02-27 14:00:00,481.70001220703125,481.8500061035156,481.45001220703125,481.79998779296875,173301
2026-02-27 14:05:00,481.7629089355469,482.50201416015625,481.70001220703125,482.04998779296875,473387
2026-02-27 14:10:00,482.04998779296875,482.04998779296875,481.6000061035156,481.8999938964844,93184
2026-02-27 14:15:00,481.95001220703125,482.25,481.3999938964844,481.3999938964844,119866
2026-02-27 14:20:00,481.45001220703125,481.5,480.289306640625,480.79998779296875,224265
2026-02-27 14:25:00,480.70001220703125,481.70001220703125,480.3999938964844,481.1499938964844,313446
2026-02-27 14:30:00,481.1499938964844,481.29998779296875,480.1000061035156,480.95001220703125,398289
2026-02-27 14:35:00,480.8999938964844,481.8999938964844,480.25,480.95001220703125,295970
2026-02-27 14:40:00,480.96099853515625,481.3500061035156,479.3500061035156,480.79998779296875,247758
2026-02-27 14:45:00,480.79998779296875,481.1000061035156,478.54998779296875,478.6000061035156,445222
2026-02-27 14:50:00,478.70001220703125,480.8500061035156,477.8500061035156,478.79998779296875,131578
2026-02-27 14:55:00,478.79998779296875,480.70001220703125,477.54998779296875,477.8999938964844,213419
2026-02-27 15:00:00,477.8500061035156,478.04998779296875,476.6499938964844,477.29998779296875,199872
2026-02-27 15:05:00,477.3500061035156,480.5,477.1000061035156,477.6499938964844,303595
2026-02-27 15:10:00,477.6499938964844,477.6499938964844,476.20001220703125,476.3500061035156,135570
2026-02-27 15:15:00,476.6000061035156,477.04998779296875,475.8999938964844,476.3999938964844,196166
2026-02-27 15:20:00,476.6000061035156,477.6000061035156,476.6000061035156,477.3999938964844,97666
2026-02-27 15:25:00,477.29998779296875,478.20001220703125,477.04998779296875,477.8999938964844,105372
2026-02-27 15:30:00,477.95001220703125,478.1000061035156,476.20001220703125,476.8500061035156,382119
2026-02-27 15:35:00,476.95001220703125,481.1000061035156,476.45001220703125,477.5150146484375,225075
2026-02-27 15:40:00,477.6499938964844,481.04998779296875,477.6499938964844,478.54998779296875,147489
2026-02-27 15:45:00,478.45001220703125,480.1499938964844,477.6499938964844,477.6499938964844,160055
2026-02-27 15:50:00,477.6499938964844,477.95001220703125,477.3500061035156,477.8210144042969,132578
2026-02-27 15:55:00,477.8999938964844,478.3999938964844,477.3500061035156,477.45001220703125,81230
2026-02-27 16:00:00,477.3500061035156,478.79998779296875,477.04998779296875,477.5,149994
2026-02-27 16:05:00,477.3500061035156,480.6000061035156,477.3500061035156,478.1000061035156,169057
2026-02-27 16:10:00,478.0,479.5,477.79998779296875,478.1000061035156,172207
2026-02-27 16:15:00,478.1000061035156,478.25,477.29998779296875,477.5,99961
2026-02-27 16:20:00,477.45001220703125,478.20001220703125,477.25,478.0,175957
2026-02-27 16:25:00,478.0,479.0,478.0,478.6499938964844,341211
2026-03-02 08:00:00,496.6499938964844,508.26300048828125,496.6499938964844,507.12701416015625,0
2026-03-02 08:05:00,507.54998779296875,508.6000061035156,497.95001220703125,504.8128967285156,1939276
2026-03-02 08:10:00,504.8999938964844,506.1000061035156,497.95001220703125,502.70001220703125,773380
2026-03-02 08:15:00,503.0,503.20001220703125,497.95001220703125,499.70001220703125,1206266
2026-03-02 08:20:00,499.70001220703125,502.5,497.75,502.5,752405
2026-03-02 08:25:00,499.0932922363281,502.6000061035156,495.8999938964844,496.1000061035156,1212204
2026-03-02 08:30:00,496.20001220703125,502.5,491.8500061035156,491.90301513671875,1248035
2026-03-02 08:35:00,492.156005859375,503.70001220703125,489.1499938964844,492.3500061035156,857779
2026-03-02 08:40:00,502.5,502.6000061035156,490.70001220703125,502.5,636502
2026-03-02 08:45:00,501.79998779296875,503.0,489.29998779296875,502.5,548916
2026-03-02 08:50:00,502.5,503.8999938964844,489.4200134277344,491.95001220703125,757099
2026-03-02 08:55:00,501.3999938964844,503.29998779296875,491.3500061035156,502.29998779296875,887951
2026-03-02 09:00:00,491.45001220703125,503.70001220703125,490.5,491.3999938964844,1116829
2026-03-02 09:05:00,491.3420104980469,504.29998779296875,490.5,491.8999938964844,1358457
2026-03-02 09:10:00,491.79998779296875,503.6000061035156,491.6059875488281,494.375,764643
2026-03-02 09:15:00,494.3389892578125,503.1000061035156,490.6000061035156,491.1499938964844,553159
2026-03-02 09:20:00,491.2607116699219,505.29998779296875,488.6499938964844,490.04998779296875,1048266
2026-03-02 09:25:00,489.864990234375,502.29998779296875,489.29998779296875,490.25,1125570
2026-03-02 09:30:00,490.1737976074219,507.5,489.1000061035156,491.62689208984375,646547
2026-03-02 09:35:00,491.510009765625,507.29998779296875,489.8999938964844,490.6499938964844,240380
2026-03-02 09:40:00,491.04998779296875,507.1000061035156,489.79998779296875,490.6300048828125,253380
2026-03-02 09:45:00,490.3999938964844,506.79998779296875,488.20001220703125,488.38800048828125,469130
2026-03-02 09:50:00,488.20001220703125,506.70001220703125,488.04998779296875,490.8836975097656,776114
2026-03-02 09:55:00,490.77508544921875,505.79998779296875,489.54998779296875,491.70001220703125,380742
2026-03-02 10:00:00,491.3999938964844,506.5,487.3700866699219,487.8999938964844,395809
2026-03-02 10:05:00,487.8999938964844,506.0,487.54998779296875,490.0,251948
2026-03-02 10:10:00,489.9139099121094,504.1000061035156,489.54998779296875,491.20001220703125,222752
2026-03-02 10:15:00,491.1000061035156,504.3999938964844,488.8999938964844,489.04998779296875,285984
2026-03-02 10:20:00,489.1499938964844,501.6000061035156,488.1000061035156,488.6499938964844,384148
2026-03-02 10:25:00,490.0,490.0,488.6000061035156,489.20001220703125,261339
2026-03-02 10:30:00,489.1000061035156,491.43695068359375,487.3999938964844,487.6000061035156,799851
2026-03-02 10:35:00,487.5474853515625,488.3999938964844,487.3450927734375,488.1000061035156,253164
2026-03-02 10:40:00,488.04998779296875,500.8999938964844,487.29998779296875,488.04998779296875,487313
2026-03-02 10:45:00,488.04998779296875,488.1000061035156,486.0,486.29998779296875,511612
2026-03-02 10:50:00,486.5,499.70001220703125,485.6000061035156,485.6000061035156,250910
2026-03-02 10:55:00,485.70001220703125,500.6000061035156,485.20001220703125,485.625,507230
2026-03-02 11:00:00,485.625,499.6000061035156,485.5,486.1173095703125,206639
2026-03-02 11:05:00,486.3999938964844,499.79998779296875,484.70001220703125,485.54998779296875,266889
2026-03-02 11:10:00,485.70001220703125,487.95001220703125,485.0,487.25,365264
2026-03-02 11:15:00,487.29998779296875,500.29998779296875,486.0,486.1499938964844,261541
2026-03-02 11:20:00,486.0,500.70001220703125,485.79998779296875,485.9504089355469,211735
2026-03-02 11:25:00,486.0,500.70001220703125,485.54998779296875,486.8999938964844,279909
2026-03-02 11:30:00,487.04998779296875,500.79998779296875,486.1512145996094,500.20001220703125,411742
2026-03-02 11:35:00,488.04998779296875,500.6000061035156,486.79998779296875,487.29998779296875,248828
2026-03-02 11:40:00,487.3389892578125,500.79998779296875,486.45001220703125,486.79998779296875,205887
2026-03-02 11:45:00,486.7430114746094,500.5,484.04998779296875,485.95001220703125,1714145
2026-03-02 11:50:00,485.6000061035156,500.5,485.5,500.20001220703125,274805
2026-03-02 11:55:00,499.20001220703125,500.6000061035156,487.6499938964844,488.25,116796
2026-03-02 12:00:00,488.20001220703125,500.6000061035156,488.04998779296875,500.0,386845
2026-03-02 12:05:00,499.79998779296875,500.20001220703125,489.1499938964844,490.54998779296875,436649
2026-03-02 12:10:00,499.79998779296875,500.29998779296875,490.04998779296875,491.5,306771
2026-03-02 12:15:00,491.75,500.20001220703125,490.75,491.75799560546875,220649
2026-03-02 12:20:00,491.79998779296875,499.79998779296875,491.75799560546875,493.04998779296875,782201
2026-03-02 12:25:00,493.1000061035156,498.70001220703125,492.04998779296875,492.7699890136719,301459
2026-03-02 12:30:00,492.6000061035156,499.20001220703125,490.6499938964844,492.3500061035156,497889
2026-03-02 12:35:00,492.42498779296875,498.8500061035156,490.75,491.06658935546875,233964
2026-03-02 12:40:00,491.17999267578125,498.95001220703125,490.79998779296875,492.5,390466
2026-03-02 12:45:00,492.54998779296875,498.79998779296875,491.04998779296875,491.4989929199219,169452
2026-03-02 12:50:00,491.29998779296875,498.1000061035156,490.25,490.54998779296875,306334
2026-03-02 12:55:00,490.5,497.54998779296875,490.3201904296875,491.20001220703125,269187
2026-03-02 13:00:00,491.04998779296875,497.8500061035156,489.3999938964844,490.5,423669
2026-03-02 13:05:00,490.2690124511719,493.3999938964844,489.45001220703125,490.20001220703125,291821
2026-03-02 13:10:00,490.04998779296875,496.3999938964844,489.0,492.04998779296875,572671
2026-03-02 13:15:00,492.04998779296875,496.3999938964844,490.45001220703125,493.1499938964844,418144
2026-03-02 13:20:00,493.0,496.79998779296875,489.75,492.5,779363
2026-03-02 13:25:00,493.54998779296875,496.45001220703125,490.54998779296875,493.6000061035156,512057
2026-03-02 13:30:00,490.79998779296875,496.29998779296875,489.20001220703125,493.54998779296875,503437
2026-03-02 13:35:00,493.79998779296875,496.25,489.54998779296875,494.1297912597656,574437
2026-03-02 13:40:00,494.0360107421875,495.0,489.3999938964844,494.25,344213
2026-03-02 13:45:00,494.20001220703125,494.5,489.20001220703125,493.6499938964844,589087
2026-03-02 13:50:00,493.70001220703125,496.6499938964844,489.25,494.1000061035156,4602214
2026-03-02 13:55:00,494.1000061035156,494.3999938964844,489.95001220703125,493.29998779296875,473655
2026-03-02 14:00:00,493.1000061035156,493.8500061035156,489.6000061035156,492.54998779296875,783806
2026-03-02 14:05:00,492.6000061035156,494.04998779296875,489.1000061035156,492.20001220703125,572091
2026-03-02 14:10:00,492.25,493.1499938964844,488.04998779296875,493.1000061035156,381401
2026-03-02 14:15:00,493.1499938964844,494.1000061035156,489.29998779296875,491.8500061035156,383277
2026-03-02 14:20:00,491.79998779296875,494.45001220703125,489.1000061035156,491.8500061035156,256111
2026-03-02 14:25:00,491.8999938964844,492.8500061035156,487.79998779296875,487.79998779296875,531694
2026-03-02 14:30:00,490.70001220703125,491.5,486.8999938964844,486.95001220703125,1226345
2026-03-02 14:35:00,486.8500061035156,492.20001220703125,484.6000061035156,484.8999938964844,689013
2026-03-02 14:40:00,485.0,492.6322021484375,484.1000061035156,488.5,870886
2026-03-02 14:45:00,488.29998779296875,490.79998779296875,483.1000061035156,483.6499938964844,609221
2026-03-02 14:50:00,483.54998779296875,491.0,482.8500061035156,486.45001220703125,410436
2026-03-02 14:55:00,486.29998779296875,489.6000061035156,484.79998779296875,487.3999938964844,735010
2026-03-02 15:00:00,487.5,489.70001220703125,485.3999938964844,486.8500061035156,506191
2026-03-02 15:05:00,489.1499938964844,490.3500061035156,485.25,488.6000061035156,390069
2026-03-02 15:10:00,488.54998779296875,490.0,485.54998779296875,489.25,404971
2026-03-02 15:15:00,489.29998779296875,489.95001220703125,485.70001220703125,488.25,1196758
2026-03-02 15:20:00,488.25,489.0,484.79998779296875,487.54998779296875,271599
2026-03-02 15:25:00,487.3999938964844,488.70001220703125,485.29998779296875,487.0,343525
2026-03-02 15:30:00,486.95001220703125,489.29998779296875,485.25,488.1000061035156,389349
2026-03-02 15:35:00,488.1000061035156,489.45001220703125,485.0,489.04998779296875,414715
2026-03-02 15:40:00,489.1499938964844,490.45001220703125,487.45001220703125,488.8110046386719,283293
2026-03-02 15:45:00,488.79998779296875,490.3500061035156,488.29998779296875,489.8999938964844,481211
2026-03-02 15:50:00,490.0,491.75,489.25,490.1499938964844,344421
2026-03-02 15:55:00,490.20001220703125,491.8999938964844,489.25,489.70001220703125,295670
2026-03-02 16:00:00,489.6000061035156,491.6000061035156,489.04998779296875,489.3999938964844,775822
2026-03-02 16:05:00,489.3500061035156,490.8500061035156,489.04998779296875,489.6000061035156,393527
2026-03-02 16:10:00,489.20001220703125,491.70001220703125,489.04998779296875,490.6319885253906,985935
2026-03-02 16:15:00,490.25,490.95001220703125,489.6000061035156,490.45001220703125,1005815
2026-03-02 16:20:00,490.5,491.8999938964844,490.5,491.29998779296875,777946
2026-03-02 16:25:00,491.25,491.6000061035156,489.54998779296875,489.54998779296875,1484053
2026-03-03 08:00:00,493.20001220703125,496.8680114746094,492.29998779296875,496.45001220703125,0
2026-03-03 08:05:00,496.3999938964844,497.29998779296875,494.1000061035156,495.20001220703125,965275
2026-03-03 08:10:00,495.3500061035156,495.75,491.0,491.95001220703125,1077156
2026-03-03 08:15:00,492.0,495.54998779296875,490.70001220703125,491.0,1180664
2026-03-03 08:20:00,491.20001220703125,495.54998779296875,491.0,492.95001220703125,834458
2026-03-03 08:25:00,492.95001220703125,495.54998779296875,491.95001220703125,495.54998779296875,520177
2026-03-03 08:30:00,493.25,495.54998779296875,490.8500061035156,495.1000061035156,624988
2026-03-03 08:35:00,495.54998779296875,496.5,491.9129943847656,495.54998779296875,524264
2026-03-03 08:40:00,495.54998779296875,495.54998779296875,491.95001220703125,492.0790100097656,241527
2026-03-03 08:45:00,491.95001220703125,495.54998779296875,491.20001220703125,491.29998779296875,273761
2026-03-03 08:50:00,495.95001220703125,495.95001220703125,489.6499938964844,489.79998779296875,1465842
2026-03-03 08:55:00,489.7130126953125,489.8500061035156,488.70001220703125,489.3999938964844,324121
2026-03-03 09:00:00,489.5,495.54998779296875,489.29998779296875,491.385986328125,443600
2026-03-03 09:05:00,490.79998779296875,492.6499938964844,489.8500061035156,492.3999938964844,213946
2026-03-03 09:10:00,492.3999938964844,494.0,491.8500061035156,493.8500061035156,246456
2026-03-03 09:15:00,493.75,495.3699951171875,492.79998779296875,492.8500061035156,261744
2026-03-03 09:20:00,492.8500061035156,493.25,490.70001220703125,490.76300048828125,190086
2026-03-03 09:25:00,490.79998779296875,495.3699951171875,488.6000061035156,489.6000061035156,782756
2026-03-03 09:30:00,495.3699951171875,495.3699951171875,488.95001220703125,495.3699951171875,243225
2026-03-03 09:35:00,495.3699951171875,495.3699951171875,490.1000061035156,495.3699951171875,345543
2026-03-03 09:40:00,495.3699951171875,495.3699951171875,490.0,495.3699951171875,222330
2026-03-03 09:45:00,495.3699951171875,495.3699951171875,490.79998779296875,495.3699951171875,163230
2026-03-03 09:50:00,495.3699951171875,496.45001220703125,491.70001220703125,492.1000061035156,237800
2026-03-03 09:55:00,491.95001220703125,494.3999938964844,490.04998779296875,490.95001220703125,315693
2026-03-03 10:00:00,490.8999938964844,496.3999938964844,490.0,490.7879943847656,537925
2026-03-03 10:05:00,491.0299987792969,496.0,488.6000061035156,488.8999938964844,486401
2026-03-03 10:10:00,488.70001220703125,489.0602111816406,488.29400634765625,489.04998779296875,316818
2026-03-03 10:15:00,489.04998779296875,490.0,487.54998779296875,487.8299865722656,269080
2026-03-03 10:20:00,487.8500061035156,488.6000061035156,487.5,487.70001220703125,132695
2026-03-03 10:25:00,487.75,489.54998779296875,487.70001220703125,488.0,630134
2026-03-03 10:30:00,488.0,494.45001220703125,487.6499938964844,488.06298828125,394957
2026-03-03 10:35:00,488.1499938964844,488.54998779296875,487.25,487.25,301262
2026-03-03 10:40:00,487.1000061035156,487.8999938964844,486.95001220703125,487.54998779296875,209702
2026-03-03 10:45:00,487.3500061035156,496.3999938964844,487.3500061035156,488.75,212358
2026-03-03 10:50:00,488.6499938964844,497.1000061035156,488.6499938964844,489.8500061035156,517868
2026-03-03 10:55:00,489.79998779296875,491.45001220703125,489.20001220703125,489.20001220703125,433975
2026-03-03 11:00:00,489.1499938964844,495.04998779296875,488.75,488.8999938964844,181889
2026-03-03 11:05:00,488.92279052734375,495.3999938964844,488.70001220703125,489.3500061035156,188503
2026-03-03 11:10:00,489.25,492.6499938964844,489.1000061035156,492.6000061035156,105170
2026-03-03 11:15:00,489.45001220703125,494.70001220703125,488.79998779296875,489.1499938964844,114292
2026-03-03 11:20:00,489.1499938964844,492.8999938964844,486.3500061035156,492.45001220703125,162618
2026-03-03 11:25:00,492.20001220703125,492.79998779296875,485.6000061035156,487.5,1538852
2026-03-03 11:30:00,487.5,492.8500061035156,487.29998779296875,492.45001220703125,500640
2026-03-03 11:35:00,492.3999938964844,492.54998779296875,488.0,489.5199890136719,818467
2026-03-03 11:40:00,492.45001220703125,492.8500061035156,487.87548828125,489.79998779296875,520895
2026-03-03 11:45:00,489.8500061035156,493.29998779296875,487.79998779296875,488.25,179794
2026-03-03 11:50:00,488.3500061035156,493.20001220703125,487.25,487.54998779296875,98911
2026-03-03 11:55:00,487.45001220703125,493.20001220703125,487.45001220703125,489.5,5318846
2026-03-03 12:00:00,489.6000061035156,493.6499938964844,488.8500061035156,489.5,656143
2026-03-03 12:05:00,489.5,493.0,485.70001220703125,486.5,429479
2026-03-03 12:10:00,486.54998779296875,493.20001220703125,486.54998779296875,486.8999938964844,1375850
2026-03-03 12:15:00,486.8999938964844,487.8500061035156,486.25,487.6000061035156,270040
2026-03-03 12:20:00,487.54998779296875,488.6499938964844,487.1000061035156,488.3999938964844,122452
2026-03-03 12:25:00,488.35919189453125,488.45001220703125,487.1499938964844,487.8999938964844,137615
2026-03-03 12:30:00,487.79998779296875,488.70001220703125,487.54998779296875,487.8500061035156,82922
2026-03-03 12:35:00,487.8500061035156,493.04998779296875,486.8999938964844,488.3500061035156,248847
2026-03-03 12:40:00,488.5,493.1000061035156,488.25,492.95001220703125,115991
2026-03-03 12:45:00,492.95001220703125,493.25,488.3999938964844,488.6000061035156,87944
2026-03-03 12:50:00,491.8500061035156,493.25,488.1499938964844,488.20001220703125,367895
2026-03-03 12:55:00,488.3500061035156,492.6499938964844,488.0,488.20001220703125,183950
2026-03-03 13:00:00,488.3999938964844,491.6000061035156,486.4849853515625,487.8999938964844,1156737
2026-03-03 13:05:00,487.8999938964844,493.8999938964844,486.79998779296875,488.0,107743
2026-03-03 13:10:00,488.04998779296875,493.8500061035156,487.7699890136719,488.45001220703125,100474
2026-03-03 13:15:00,488.3500061035156,493.20001220703125,488.25,492.29998779296875,3985915
2026-03-03 13:20:00,492.29998779296875,493.1499938964844,488.0880126953125,488.3500061035156,103839
2026-03-03 13:25:00,488.3500061035156,494.1499938964844,488.20001220703125,489.54998779296875,225703
2026-03-03 13:30:00,489.54998779296875,493.95001220703125,488.79998779296875,492.0,437559
2026-03-03 13:35:00,492.0,493.3500061035156,487.25,492.95001220703125,164247
2026-03-03 13:40:00,492.3500061035156,493.6000061035156,487.8999938964844,488.1000061035156,156634
2026-03-03 13:45:00,488.0,492.3999938964844,487.6000061035156,487.718994140625,93934
2026-03-03 13:50:00,487.8999938964844,490.5,487.29998779296875,488.0,158917
2026-03-03 13:55:00,488.04998779296875,491.79998779296875,487.54998779296875,487.70001220703125,67334
2026-03-03 14:00:00,487.54998779296875,492.54998779296875,487.25,488.6499938964844,134838
2026-03-03 14:05:00,491.8500061035156,492.6000061035156,488.29998779296875,488.6499938964844,210808
2026-03-03 14:10:00,488.8500061035156,490.54998779296875,488.6000061035156,490.54998779296875,125373
2026-03-03 14:15:00,489.25,492.0,489.25,490.1000061035156,712177
2026-03-03 14:20:00,490.1000061035156,490.8999938964844,488.5,488.95001220703125,357057
2026-03-03 14:25:00,488.8999938964844,491.5,488.75,489.04998779296875,180429
2026-03-03 14:30:00,489.1000061035156,492.0,488.79998779296875,488.8999938964844,2846156
2026-03-03 14:35:00,489.04998779296875,492.6499938964844,488.04998779296875,490.6499938964844,645029
2026-03-03 14:40:00,490.20001220703125,491.70001220703125,486.3500061035156,487.1499938964844,725347
2026-03-03 14:45:00,487.25,492.29998779296875,486.8500061035156,487.1000061035156,1723282
2026-03-03 14:50:00,486.95001220703125,492.45001220703125,486.79998779296875,487.5,571182
2026-03-03 14:55:00,492.04998779296875,492.04998779296875,486.1499938964844,486.5,577280
2026-03-03 15:00:00,486.54998779296875,493.20001220703125,486.3999938964844,487.6499938964844,12045332
2026-03-03 15:05:00,487.70001220703125,490.54998779296875,486.95001220703125,488.5,386890
2026-03-03 15:10:00,488.6000061035156,488.95001220703125,487.6499938964844,488.3500061035156,336286
2026-03-03 15:15:00,488.3500061035156,489.04998779296875,487.0,488.45001220703125,824508
2026-03-03 15:20:00,488.3500061035156,491.3500061035156,487.75,488.20001220703125,234286
2026-03-03 15:25:00,488.1499938964844,488.95001220703125,487.8500061035156,488.54998779296875,301041
2026-03-03 15:30:00,488.6000061035156,489.54998779296875,488.04998779296875,489.3999938964844,346689
2026-03-03 15:35:00,489.3500061035156,490.8500061035156,488.25,490.75,445021
2026-03-03 15:40:00,490.6000061035156,491.6499938964844,487.8999938964844,490.8500061035156,1150109
2026-03-03 15:45:00,491.0,492.1499938964844,488.54998779296875,491.5,947841
2026-03-03 15:50:00,491.5,492.1499938964844,487.70001220703125,491.70001220703125,313016
2026-03-03 15:55:00,491.6499938964844,492.5,487.8999938964844,492.3999938964844,441765
2026-03-03 16:00:00,492.5,493.45001220703125,487.8999938964844,492.79998779296875,444650
2026-03-03 16:05:00,492.8999938964844,494.0,492.29998779296875,493.95001220703125,357560
2026-03-03 16:10:00,494.0,494.1499938964844,487.54998779296875,493.25,506414
2026-03-03 16:15:00,493.25,493.70001220703125,486.95001220703125,493.54998779296875,0
2026-03-03 16:20:00,493.54998779296875,494.8999938964844,488.79998779296875,494.45001220703125,7511311
2026-03-03 16:25:00,494.3999938964844,494.6499938964844,487.1000061035156,492.04998779296875,1415201
2026-03-04 08:00:00,490.1000061035156,490.6499938964844,485.5,490.45001220703125,0
2026-03-04 08:05:00,486.3999938964844,490.70001220703125,486.25,490.1499938964844,458874
2026-03-04 08:10:00,488.1000061035156,490.6499938964844,486.70001220703125,489.70001220703125,612150
2026-03-04 08:15:00,489.75,490.45001220703125,487.8999938964844,490.1499938964844,249398
2026-03-04 08:20:00,490.1499938964844,490.1499938964844,487.3999938964844,487.6000061035156,199561
2026-03-04 08:25:00,487.6000061035156,489.1000061035156,487.1419982910156,488.8500061035156,256163
2026-03-04 08:30:00,488.95001220703125,489.29998779296875,487.1000061035156,487.70001220703125,216791
2026-03-04 08:35:00,487.6499938964844,488.95001220703125,486.95001220703125,488.6499938964844,209297
2026-03-04 08:40:00,488.70001220703125,488.8500061035156,487.45001220703125,488.5,173542
2026-03-04 08:45:00,488.45001220703125,488.6000061035156,487.3999938964844,488.0,201509
2026-03-04 08:50:00,488.20001220703125,488.3500061035156,486.75,486.75,93225
2026-03-04 08:55:00,486.79998779296875,486.95001220703125,486.20001220703125,486.25,228149
2026-03-04 09:00:00,486.20001220703125,486.6000061035156,485.54998779296875,485.79998779296875,213981
2026-03-04 09:05:00,485.70001220703125,487.25,484.6000061035156,485.29998779296875,545747
2026-03-04 09:10:00,485.3584899902344,485.6499938964844,484.8500061035156,485.12640380859375,218674
2026-03-04 09:15:00,485.20001220703125,486.0,484.1499938964844,484.2499084472656,322360
2026-03-04 09:20:00,484.0,485.0,483.6499938964844,484.6000061035156,568201
2026-03-04 09:25:00,484.5,486.29998779296875,484.5,485.0,116412
2026-03-04 09:30:00,485.0,486.6000061035156,483.1499938964844,486.3039855957031,485097
2026-03-04 09:35:00,486.3500061035156,487.8500061035156,485.9703063964844,487.6499938964844,108212
2026-03-04 09:40:00,487.70001220703125,488.1499938964844,487.5,487.54998779296875,107315
2026-03-04 09:45:00,487.6499938964844,488.3500061035156,487.6000061035156,487.6499938964844,148905
2026-03-04 09:50:00,487.9750061035156,487.9750061035156,486.75,487.45001220703125,200793
2026-03-04 09:55:00,487.29998779296875,487.45001220703125,486.70001220703125,487.25,85856
2026-03-04 10:00:00,486.8999938964844,488.3500061035156,485.8999938964844,486.2275085449219,182084
2026-03-04 10:05:00,486.29998779296875,487.04998779296875,483.25,483.25,498526
2026-03-04 10:10:00,483.20001220703125,484.79998779296875,481.5528869628906,482.95001220703125,1201246
2026-03-04 10:15:00,482.79998779296875,484.6000061035156,482.25,483.8999938964844,1258015
2026-03-04 10:20:00,483.95001220703125,489.6000061035156,482.75,484.6499938964844,733682
2026-03-04 10:25:00,484.0840148925781,488.3999938964844,484.0840148925781,485.29998779296875,227006
2026-03-04 10:30:00,485.25,489.20001220703125,484.0,484.8500061035156,171592
2026-03-04 10:35:00,485.1000061035156,490.1000061035156,483.8999938964844,483.947998046875,88432
2026-03-04 10:40:00,488.45001220703125,488.5,482.54998779296875,482.54998779296875,164108
2026-03-04 10:45:00,488.45001220703125,488.6000061035156,481.96600341796875,482.1239929199219,168862
2026-03-04 10:50:00,482.1000061035156,488.6000061035156,481.79998779296875,484.5,194185
2026-03-04 10:55:00,484.29998779296875,488.5,484.1000061035156,484.5,150211
2026-03-04 11:00:00,484.6000061035156,489.25,484.1000061035156,485.27398681640625,257864
2026-03-04 11:05:00,485.3500061035156,488.3999938964844,484.6499938964844,484.75,57702
2026-03-04 11:10:00,484.6499938964844,484.79998779296875,484.04901123046875,484.3500061035156,75687
2026-03-04 11:15:00,484.54998779296875,488.8500061035156,483.6499938964844,484.20001220703125,110656
2026-03-04 11:20:00,484.0,489.04998779296875,483.54998779296875,483.6499938964844,152497
2026-03-04 11:25:00,483.6940002441406,489.1000061035156,482.95001220703125,482.95001220703125,105412
2026-03-04 11:30:00,482.9490051269531,488.20001220703125,482.6499938964844,482.95001220703125,137487
2026-03-04 11:35:00,483.20001220703125,488.79998779296875,483.1499938964844,483.8999938964844,333520
2026-03-04 11:40:00,483.88800048828125,486.79998779296875,483.70001220703125,484.0,116449
2026-03-04 11:45:00,484.0,484.6499938964844,484.0,484.3999938964844,69127
2026-03-04 11:50:00,484.29998779296875,484.79998779296875,483.8500061035156,484.697998046875,123417
2026-03-04 11:55:00,484.79998779296875,485.1499938964844,484.54998779296875,485.1499938964844,53464
2026-03-04 12:00:00,485.1499938964844,486.1000061035156,484.8500061035156,485.45001220703125,97112
2026-03-04 12:05:00,485.25,485.3999938964844,484.7489929199219,484.79998779296875,83032
2026-03-04 12:10:00,484.8500061035156,484.8999938964844,484.1499938964844,484.29998779296875,99470
2026-03-04 12:15:00,484.25,484.3999938964844,483.54998779296875,484.1000061035156,105549
2026-03-04 12:20:00,484.04998779296875,484.5,483.70001220703125,483.8500061035156,69725
2026-03-04 12:25:00,483.8999938964844,484.3999938964844,483.70001220703125,484.1000061035156,79887
2026-03-04 12:30:00,484.29998779296875,484.3999938964844,483.07501220703125,483.1000061035156,113414
2026-03-04 12:35:00,483.20989990234375,483.3999938964844,482.95001220703125,483.1499938964844,114285
2026-03-04 12:40:00,483.1499938964844,484.0,483.1000061035156,483.95001220703125,108073
2026-03-04 12:45:00,483.95001220703125,485.95001220703125,483.8999938964844,484.75,63268
2026-03-04 12:50:00,484.79998779296875,485.3999938964844,484.79998779296875,485.20001220703125,106528
2026-03-04 12:55:00,485.17498779296875,485.6499938964844,485.0,485.04998779296875,53419
2026-03-04 13:00:00,485.1000061035156,485.1000061035156,483.5,484.1000061035156,114511
2026-03-04 13:05:00,484.0260009765625,484.54998779296875,482.95001220703125,483.95001220703125,363369
2026-03-04 13:10:00,484.0,484.6499938964844,483.8500061035156,484.5,41051
2026-03-04 13:15:00,484.6000061035156,485.0,483.45001220703125,484.45001220703125,139824
2026-03-04 13:20:00,484.5,484.70001220703125,484.0,484.25,76963
2026-03-04 13:25:00,484.04998779296875,484.04998779296875,483.20001220703125,483.3500061035156,86718
2026-03-04 13:30:00,483.3500061035156,483.6499938964844,482.5,483.1499938964844,224953
2026-03-04 13:35:00,483.0141906738281,483.04998779296875,481.6000061035156,481.614990234375,84731
2026-03-04 13:40:00,481.70001220703125,482.54998779296875,481.3500061035156,482.29998779296875,186455
2026-03-04 13:45:00,482.29998779296875,484.79998779296875,481.3999938964844,481.4150085449219,149527
2026-03-04 13:50:00,481.5,482.6000061035156,481.04998779296875,482.04998779296875,297795
2026-03-04 13:55:00,482.1000061035156,486.29998779296875,481.54998779296875,482.20001220703125,145171
2026-03-04 14:00:00,482.3500061035156,483.79998779296875,482.25,483.6499938964844,161487
2026-03-04 14:05:00,483.625,484.29998779296875,482.67498779296875,484.29998779296875,305148
2026-03-04 14:10:00,484.1000061035156,484.3999938964844,483.3500061035156,483.8500061035156,108202
2026-03-04 14:15:00,483.75,483.8999938964844,483.0,483.1000061035156,93399
2026-03-04 14:20:00,483.1000061035156,484.3500061035156,483.1000061035156,483.70001220703125,157907
2026-03-04 14:25:00,483.70001220703125,484.79998779296875,482.6000061035156,484.3999938964844,464661
2026-03-04 14:30:00,484.3500061035156,485.20001220703125,483.25,484.45001220703125,670934
2026-03-04 14:35:00,484.29998779296875,486.54998779296875,484.04998779296875,485.54998779296875,620033
2026-03-04 14:40:00,485.54998779296875,485.8999938964844,482.79998779296875,484.1000061035156,344202
2026-03-04 14:45:00,484.29998779296875,485.25,482.0,482.3059997558594,302069
2026-03-04 14:50:00,482.29998779296875,482.45001220703125,479.25,479.61981201171875,342333
2026-03-04 14:55:00,479.70001220703125,480.3320007324219,478.3999938964844,478.8500061035156,269976
2026-03-04 15:00:00,479.04998779296875,482.45001220703125,479.0,481.8999938964844,644404
2026-03-04 15:05:00,482.1000061035156,483.1000061035156,481.04998779296875,482.8500061035156,170584
2026-03-04 15:10:00,482.70001220703125,482.70001220703125,480.3999938964844,480.75,146926
2026-03-04 15:15:00,480.79998779296875,481.5,480.54998779296875,480.8500061035156,167017
2026-03-04 15:20:00,480.8500061035156,481.45001220703125,480.29998779296875,480.3999938964844,200629
2026-03-04 15:25:00,480.3999938964844,480.8500061035156,479.3500061035156,480.1000061035156,277373
2026-03-04 15:30:00,480.1000061035156,481.3500061035156,479.3500061035156,480.8500061035156,259403
2026-03-04 15:35:00,481.0,481.20001220703125,479.8500061035156,480.70001220703125,309573
2026-03-04 15:40:00,480.70001220703125,481.0929870605469,480.1499938964844,480.79998779296875,126703
2026-03-04 15:45:00,480.79998779296875,481.29998779296875,479.5,479.8999938964844,243495
2026-03-04 15:50:00,479.8500061035156,481.1499938964844,479.8500061035156,481.1000061035156,291516
2026-03-04 15:55:00,481.0,481.3500061035156,480.6000061035156,480.8999938964844,207729
2026-03-04 16:00:00,481.0,482.20001220703125,481.0,482.1499938964844,250846
2026-03-04 16:05:00,482.1499938964844,482.6000061035156,481.54998779296875,481.6000061035156,440546
2026-03-04 16:10:00,481.54998779296875,481.54998779296875,479.79998779296875,480.79998779296875,335541
2026-03-04 16:15:00,480.79998779296875,481.1499938964844,480.45001220703125,480.75,255185
2026-03-04 16:20:00,480.70001220703125,481.20001220703125,480.0,480.3500061035156,337918
2026-03-04 16:25:00,480.25,480.8500061035156,479.95001220703125,480.04998779296875,525456
2026-03-05 08:00:00,491.45001220703125,491.95001220703125,487.5,488.6390075683594,0
2026-03-05 08:05:00,488.95001220703125,489.6000061035156,487.20001220703125,487.75,184799
2026-03-05 08:10:00,487.95001220703125,487.95001220703125,486.1000061035156,486.29998779296875,1392683
2026-03-05 08:15:00,486.5,487.1000061035156,485.3500061035156,485.8999938964844,154824
2026-03-05 08:20:00,485.8999938964844,486.6000061035156,485.6000061035156,486.04998779296875,135838
2026-03-05 08:25:00,486.0,491.45001220703125,485.8500061035156,487.54998779296875,101863
2026-03-05 08:30:00,487.29998779296875,487.54998779296875,485.54998779296875,485.75,68897
2026-03-05 08:35:00,485.75,485.75,483.95001220703125,484.42401123046875,88795
2026-03-05 08:40:00,484.45001220703125,484.6000061035156,483.25,484.6000061035156,90701
2026-03-05 08:45:00,484.70001220703125,484.70001220703125,483.17620849609375,483.3999938964844,92874
2026-03-05 08:50:00,483.5,485.8915100097656,483.3999938964844,484.3999938964844,222329
2026-03-05 08:55:00,484.3999938964844,485.3999938964844,484.1499938964844,484.3479919433594,86156
2026-03-05 09:00:00,484.6499938964844,485.04998779296875,483.25,484.6719970703125,203291
2026-03-05 09:05:00,484.6000061035156,484.8999938964844,479.70001220703125,480.25,390427
2026-03-05 09:10:00,480.1499938964844,481.1000061035156,478.8500061035156,480.3999938964844,356053
2026-03-05 09:15:00,480.79998779296875,482.8500061035156,480.75,482.45001220703125,197202
2026-03-05 09:20:00,482.45001220703125,483.20001220703125,481.1000061035156,482.78179931640625,183345
2026-03-05 09:25:00,482.95001220703125,483.8999938964844,482.5,483.5,71549
2026-03-05 09:30:00,483.4930114746094,484.25,482.75,483.6860046386719,84916
2026-03-05 09:35:00,483.75,483.95001220703125,482.79998779296875,483.75,149122
2026-03-05 09:40:00,483.79998779296875,484.54998779296875,483.70001220703125,484.54998779296875,47716
2026-03-05 09:45:00,484.75,485.45001220703125,484.66619873046875,485.1499938964844,25815
2026-03-05 09:50:00,485.04998779296875,485.20001220703125,483.6499938964844,484.0,102182
2026-03-05 09:55:00,483.8999938964844,484.6499938964844,483.8999938964844,484.5,26750
2026-03-05 10:00:00,484.6499938964844,492.0,484.45001220703125,491.5,37424
2026-03-05 10:05:00,492.0,492.0,484.5,491.5,70961
2026-03-05 10:10:00,485.29998779296875,492.0,484.8999938964844,491.5,91714
2026-03-05 10:15:00,485.5,492.0,485.1000061035156,485.70001220703125,205103
2026-03-05 10:20:00,485.6499938964844,488.79998779296875,485.45001220703125,486.6000061035156,21595
2026-03-05 10:25:00,485.5,486.6000061035156,485.29998779296875,486.1000061035156,58136
2026-03-05 10:30:00,486.1000061035156,487.25,485.6499938964844,486.3999938964844,31636
2026-03-05 10:35:00,486.3999938964844,487.54998779296875,483.6499938964844,486.6499938964844,69119
2026-03-05 10:40:00,486.5,486.6000061035156,483.54998779296875,486.25,38625
2026-03-05 10:45:00,486.29998779296875,486.5,479.3999938964844,486.29998779296875,40619
2026-03-05 10:50:00,486.54998779296875,486.6000061035156,481.3500061035156,485.75,23046
2026-03-05 10:55:00,485.6173095703125,486.04998779296875,479.3999938964844,485.6499938964844,22471
2026-03-05 11:00:00,485.8999938964844,487.3500061035156,479.79998779296875,485.75,512408
2026-03-05 11:05:00,483.6499938964844,486.29998779296875,482.25,486.29998779296875,26644
2026-03-05 11:10:00,486.29998779296875,486.5,485.9150085449219,486.3999938964844,61770
2026-03-05 11:15:00,486.3999938964844,486.8999938964844,483.20001220703125,486.8999938964844,45319
2026-03-05 11:20:00,483.6000061035156,487.0,483.6000061035156,486.6000061035156,31161
2026-03-05 11:25:00,486.75,486.75,482.95001220703125,486.6499938964844,48181
2026-03-05 11:30:00,486.75,487.29998779296875,484.04998779296875,486.70001220703125,47114
2026-03-05 11:35:00,486.8500061035156,486.8999938964844,483.8999938964844,486.6000061035156,65239
2026-03-05 11:40:00,486.6499938964844,486.75,484.54998779296875,486.75,45831
2026-03-05 11:45:00,486.6730041503906,487.0,485.3999938964844,485.6499938964844,33199
2026-03-05 11:50:00,486.95001220703125,487.45001220703125,485.45001220703125,485.8999938964844,66703
2026-03-05 11:55:00,487.39801025390625,487.5,486.25,487.3500061035156,41809
2026-03-05 12:00:00,487.45001220703125,487.5,485.6499938964844,486.7590026855469,87949
2026-03-05 12:05:00,486.95001220703125,487.45001220703125,486.29998779296875,487.45001220703125,56364
2026-03-05 12:10:00,487.45001220703125,487.45001220703125,486.45001220703125,486.8500061035156,41391
2026-03-05 12:15:00,486.8500061035156,487.45001220703125,486.45001220703125,487.45001220703125,54620
2026-03-05 12:20:00,487.20001220703125,487.45001220703125,486.1000061035156,487.04998779296875,116531
2026-03-05 12:25:00,487.04998779296875,487.45001220703125,486.75,487.10699462890625,41904
2026-03-05 12:30:00,487.20001220703125,487.20001220703125,486.79998779296875,486.95001220703125,19190
2026-03-05 12:35:00,486.92999267578125,487.3999938964844,486.45001220703125,487.3999938964844,49701
2026-03-05 12:40:00,487.25,487.75,486.8500061035156,487.6499938964844,17849
2026-03-05 12:45:00,487.7539978027344,488.3999938964844,486.95001220703125,487.95001220703125,124920
2026-03-05 12:50:00,486.79998779296875,488.45001220703125,486.3999938964844,486.95001220703125,96940
2026-03-05 12:55:00,486.75,488.20001220703125,486.25,487.8999938964844,30457
2026-03-05 13:00:00,487.8500061035156,488.20001220703125,486.6499938964844,487.8999938964844,68869
2026-03-05 13:05:00,487.8500061035156,488.3500061035156,487.79998779296875,488.1000061035156,52854
2026-03-05 13:10:00,488.0,488.45001220703125,487.75,487.79998779296875,54329
2026-03-05 13:15:00,487.8500061035156,488.3500061035156,487.3500061035156,487.54998779296875,41855
2026-03-05 13:20:00,487.54998779296875,488.3999938964844,487.29998779296875,488.1000061035156,57418
2026-03-05 13:25:00,488.04998779296875,488.8999938964844,487.6000061035156,488.79998779296875,57416
2026-03-05 13:30:00,488.8999938964844,490.6000061035156,487.3999938964844,490.25,635452
2026-03-05 13:35:00,488.04998779296875,490.70001220703125,488.04998779296875,490.6499938964844,215867
2026-03-05 13:40:00,490.6000061035156,491.8999938964844,490.45001220703125,491.25,353140
2026-03-05 13:45:00,491.6000061035156,491.70001220703125,490.5,491.45001220703125,185810
2026-03-05 13:50:00,491.6000061035156,491.6499938964844,491.1499938964844,491.54998779296875,159168
2026-03-05 13:55:00,491.70001220703125,491.8500061035156,490.54998779296875,490.623291015625,163584
2026-03-05 14:00:00,490.6000061035156,490.8999938964844,489.8500061035156,490.6000061035156,270555
2026-03-05 14:05:00,490.6000061035156,491.25,490.45001220703125,490.8500061035156,133377
2026-03-05 14:10:00,490.8500061035156,491.79998779296875,490.8500061035156,491.52801513671875,127176
2026-03-05 14:15:00,491.6000061035156,491.6499938964844,491.1499938964844,491.54998779296875,104781
2026-03-05 14:20:00,491.20001220703125,491.70001220703125,490.8999938964844,491.1499938964844,143040
2026-03-05 14:25:00,491.135986328125,491.5920104980469,490.79998779296875,491.0,478225
2026-03-05 14:30:00,491.04998779296875,492.04998779296875,489.0,491.79998779296875,805639
2026-03-05 14:35:00,491.75,492.0,490.29998779296875,490.79998779296875,326421
2026-03-05 14:40:00,491.1499938964844,491.45001220703125,489.3500061035156,489.54998779296875,512784
2026-03-05 14:45:00,489.3999938964844,490.14300537109375,488.45001220703125,488.79998779296875,511026
2026-03-05 14:50:00,488.8500061035156,491.6000061035156,488.75,491.25,1402799
2026-03-05 14:55:00,491.20001220703125,492.5,490.1000061035156,492.1499938964844,1011892
2026-03-05 15:00:00,492.1499938964844,493.0,489.3999938964844,491.1499938964844,476239
2026-03-05 15:05:00,491.29998779296875,491.3999938964844,489.5,490.6000061035156,363177
2026-03-05 15:10:00,490.70001220703125,491.04998779296875,489.8500061035156,490.8999938964844,237609
2026-03-05 15:15:00,490.95001220703125,492.29998779296875,489.6499938964844,491.45001220703125,238273
2026-03-05 15:20:00,491.5,492.95001220703125,489.6499938964844,492.95001220703125,322700
2026-03-05 15:25:00,492.8500061035156,493.0,489.3999938964844,493.0,515956
2026-03-05 15:30:00,492.95001220703125,493.5,492.3999938964844,493.3999938964844,191896
2026-03-05 15:35:00,493.3999938964844,493.54998779296875,489.20001220703125,490.75,198005
2026-03-05 15:40:00,490.45001220703125,492.54998779296875,489.1000061035156,490.04998779296875,88047
2026-03-05 15:45:00,489.9224853515625,490.54998779296875,489.20001220703125,489.25,456406
2026-03-05 15:50:00,489.25,491.29998779296875,489.25,491.20001220703125,528130
2026-03-05 15:55:00,491.1499938964844,491.45001220703125,490.29998779296875,491.29998779296875,231238
2026-03-05 16:00:00,491.3500061035156,491.79998779296875,490.3999938964844,491.6499938964844,207193
2026-03-05 16:05:00,491.6000061035156,491.70001220703125,490.3500061035156,490.70001220703125,174941
2026-03-05 16:10:00,490.70001220703125,491.3999938964844,489.6499938964844,491.20001220703125,1714618
2026-03-05 16:15:00,491.1499938964844,492.1499938964844,488.8999938964844,491.8500061035156,545348
2026-03-05 16:20:00,491.8500061035156,492.1000061035156,490.04998779296875,490.1499938964844,435879
2026-03-05 16:25:00,490.1499938964844,491.20001220703125,488.79998779296875,490.0,738586
2026-03-06 08:00:00,492.6499938964844,493.8999938964844,490.8500061035156,491.0329895019531,0
2026-03-06 08:05:00,491.25,493.1000061035156,491.25,492.5,162169
2026-03-06 08:10:00,492.6499938964844,494.75,492.3500061035156,494.75,288247
2026-03-06 08:15:00,494.75,495.6000061035156,493.6499938964844,495.3999938964844,634852
2026-03-06 08:20:00,495.45001220703125,496.20001220703125,493.6499938964844,494.95001220703125,431612
2026-03-06 08:25:00,495.0,495.5,493.25,493.8999938964844,117777
2026-03-06 08:30:00,494.79998779296875,495.5,492.3500061035156,493.6499938964844,187643
2026-03-06 08:35:00,493.6499938964844,495.3500061035156,492.04998779296875,495.25,152288
2026-03-06 08:40:00,495.3500061035156,497.6000061035156,493.6499938964844,497.4540100097656,306923
2026-03-06 08:45:00,497.46600341796875,497.95001220703125,491.3999938964844,497.8999938964844,365999
2026-03-06 08:50:00,498.0,498.0,491.54998779296875,497.29998779296875,199400
2026-03-06 08:55:00,497.2879943847656,497.6499938964844,492.5,497.04998779296875,320507
2026-03-06 09:00:00,497.0,497.5,494.29998779296875,497.0,265853
2026-03-06 09:05:00,496.8999938964844,497.1969909667969,496.09259033203125,496.20001220703125,242846
2026-03-06 09:10:00,496.29998779296875,496.29998779296875,495.6000061035156,495.8500061035156,110994
2026-03-06 09:15:00,495.9679870605469,497.54998779296875,495.75,497.0,152103
2026-03-06 09:20:00,497.0,497.8999938964844,495.75,496.25,251978
2026-03-06 09:25:00,496.1000061035156,498.04998779296875,495.95001220703125,496.0,243351
2026-03-06 09:30:00,496.1499938964844,498.79998779296875,495.7799987792969,498.5,170085
2026-03-06 09:35:00,498.54998779296875,499.20001220703125,495.7799987792969,495.7799987792969,630468
2026-03-06 09:40:00,495.7799987792969,499.6000061035156,495.7799987792969,499.5,615090
2026-03-06 09:45:00,499.5,499.8999938964844,495.70001220703125,499.3699951171875,406149
2026-03-06 09:50:00,499.3999938964844,500.0,495.7799987792969,499.4700012207031,356967
2026-03-06 09:55:00,499.4700012207031,500.70001220703125,499.3380126953125,500.177001953125,3065552
2026-03-06 10:00:00,500.0,500.70001220703125,499.8500061035156,500.20001220703125,472494
2026-03-06 10:05:00,500.20001220703125,500.5,499.59698486328125,499.79998779296875,459324
2026-03-06 10:10:00,499.79998779296875,500.5,495.0,500.29998779296875,302181
2026-03-06 10:15:00,500.1000061035156,500.70001220703125,494.6000061035156,494.8500061035156,190479
2026-03-06 10:20:00,495.3500061035156,500.79998779296875,494.95001220703125,500.5,105058
2026-03-06 10:25:00,500.5350036621094,501.29998779296875,494.54998779296875,498.75,1377289
2026-03-06 10:30:00,498.0,500.8999938964844,495.6499938964844,496.25,207036
2026-03-06 10:35:00,496.75,501.29998779296875,496.20001220703125,500.8999938964844,1031407
2026-03-06 10:40:00,500.67498779296875,500.8999938964844,495.6000061035156,495.6000061035156,178386
2026-03-06 10:45:00,500.5,501.0,497.0,500.5841064453125,434697
2026-03-06 10:50:00,500.79998779296875,501.0,497.45001220703125,498.8500061035156,211055
2026-03-06 10:55:00,500.29998779296875,500.8999938964844,499.45001220703125,500.20001220703125,286226
2026-03-06 11:00:00,500.29998779296875,501.0,499.5,500.6000061035156,313279
2026-03-06 11:05:00,500.6000061035156,501.29998779296875,500.1000061035156,500.70001220703125,374395
2026-03-06 11:10:00,500.5,500.8999938964844,499.6000061035156,500.1499938964844,469877
2026-03-06 11:15:00,500.20001220703125,500.5,499.46728515625,499.95001220703125,519719
2026-03-06 11:20:00,499.79998779296875,500.1000061035156,499.29998779296875,499.6000061035156,206491
2026-03-06 11:25:00,499.54998779296875,499.75,498.79998779296875,499.5,247544
2026-03-06 11:30:00,499.54998779296875,500.1000061035156,499.1000061035156,499.1000061035156,524740
2026-03-06 11:35:00,498.8999938964844,499.6499938964844,498.1499938964844,498.29998779296875,82750
2026-03-06 11:40:00,498.1499938964844,499.29998779296875,498.1499938964844,499.0,371925
2026-03-06 11:45:00,499.0,499.0,497.75,498.0,153437
2026-03-06 11:50:00,497.79998779296875,498.6499938964844,497.3999938964844,498.29998779296875,251436
2026-03-06 11:55:00,498.29998779296875,499.54998779296875,497.1000061035156,498.0,487039
2026-03-06 12:00:00,497.95001220703125,499.79998779296875,496.8999938964844,497.1000061035156,392106
2026-03-06 12:05:00,497.0,498.1499938964844,496.95001220703125,497.45001220703125,318967
2026-03-06 12:10:00,497.3999938964844,500.5,497.1000061035156,500.0,398582
2026-03-06 12:15:00,497.70001220703125,501.29998779296875,496.79998779296875,497.0,91087
2026-03-06 12:20:00,497.02301025390625,501.1000061035156,496.8999938964844,498.1499938964844,533894
2026-03-06 12:25:00,498.1499938964844,500.79998779296875,497.95001220703125,498.30999755859375,89560
2026-03-06 12:30:00,498.1499938964844,500.79998779296875,497.75,497.875,124860
2026-03-06 12:35:00,497.79998779296875,501.20001220703125,497.70001220703125,498.6000061035156,271846
2026-03-06 12:40:00,498.6000061035156,500.79998779296875,498.5,499.20001220703125,89091
2026-03-06 12:45:00,499.1499938964844,504.79998779296875,499.04998779296875,500.5,1330445
2026-03-06 12:50:00,500.70001220703125,500.70001220703125,499.3500061035156,499.3500061035156,210950
2026-03-06 12:55:00,499.29998779296875,500.79998779296875,497.3500061035156,497.3500061035156,198289
2026-03-06 13:00:00,497.25,498.04998779296875,496.3500061035156,497.7969970703125,242351
2026-03-06 13:05:00,497.6499938964844,497.70001220703125,495.70001220703125,496.1000061035156,163108
2026-03-06 13:10:00,496.25,497.8999938964844,496.25,497.70001220703125,96453
2026-03-06 13:15:00,497.45001220703125,500.6000061035156,497.45001220703125,498.04998779296875,153835
2026-03-06 13:20:00,497.8500061035156,498.25,497.45001220703125,497.7879943847656,63823
2026-03-06 13:25:00,497.75,498.70001220703125,497.54998779296875,498.1000061035156,107353
2026-03-06 13:30:00,498.25,498.5,496.8500061035156,497.29998779296875,160283
2026-03-06 13:35:00,497.3337097167969,497.75,496.75,497.04998779296875,184521
2026-03-06 13:40:00,496.95001220703125,497.95001220703125,496.6000061035156,497.3999938964844,159106
2026-03-06 13:45:00,497.3500061035156,498.5,496.75,497.1499938964844,226967
2026-03-06 13:50:00,496.8999938964844,498.29998779296875,496.45001220703125,497.1697998046875,252111
2026-03-06 13:55:00,497.0,497.20001220703125,495.29998779296875,495.5,307530
2026-03-06 14:00:00,495.3500061035156,500.29998779296875,494.70001220703125,495.79998779296875,257216
2026-03-06 14:05:00,495.54998779296875,500.29998779296875,494.45001220703125,495.54998779296875,150472
2026-03-06 14:10:00,495.435302734375,500.29998779296875,494.29998779296875,494.8500061035156,220380
2026-03-06 14:15:00,494.95001220703125,495.70001220703125,494.95001220703125,495.3500061035156,184712
2026-03-06 14:20:00,495.6000061035156,500.1000061035156,495.3500061035156,496.6000061035156,89157
2026-03-06 14:25:00,496.6499938964844,497.1000061035156,495.8999938964844,496.1499938964844,146626
2026-03-06 14:30:00,496.1499938964844,500.0,495.79998779296875,499.8500061035156,401753
2026-03-06 14:35:00,499.8500061035156,500.3999938964844,497.04998779296875,497.1000061035156,651298
2026-03-06 14:40:00,497.1000061035156,497.45001220703125,492.1499938964844,492.54998779296875,432365
2026-03-06 14:45:00,492.79998779296875,493.6499938964844,491.75,493.1499938964844,400391
2026-03-06 14:50:00,493.0,500.1000061035156,492.54998779296875,493.1000061035156,244203
2026-03-06 14:55:00,493.1499938964844,500.20001220703125,492.95001220703125,493.25299072265625,211959
2026-03-06 15:00:00,493.3999938964844,493.54998779296875,490.70001220703125,492.20001220703125,299109
2026-03-06 15:05:00,492.6000061035156,494.1000061035156,491.8999938964844,493.25,268909
2026-03-06 15:10:00,493.1000061035156,495.1000061035156,492.79998779296875,494.94000244140625,268942
2026-03-06 15:15:00,495.1000061035156,497.29998779296875,494.9967041015625,497.29998779296875,326335
2026-03-06 15:20:00,497.45001220703125,499.54998779296875,497.45001220703125,499.10400390625,580053
2026-03-06 15:25:00,499.29998779296875,501.0,499.20001220703125,500.6000061035156,651101
2026-03-06 15:30:00,500.5,501.0,500.20001220703125,500.6000061035156,385026
2026-03-06 15:35:00,500.5,501.29998779296875,500.1000061035156,500.20001220703125,707219
2026-03-06 15:40:00,500.29998779296875,501.8999938964844,500.1000061035156,501.5,1080437
2026-03-06 15:45:00,501.3999938964844,501.70001220703125,500.1000061035156,500.8999938964844,798233
2026-03-06 15:50:00,500.8999938964844,500.8999938964844,498.6000061035156,499.0,788081
2026-03-06 15:55:00,498.95001220703125,499.3500061035156,497.1499938964844,499.1499938964844,519089
2026-03-06 16:00:00,499.25,500.5,498.8999938964844,499.75,519387
2026-03-06 16:05:00,499.75,499.75,498.3999938964844,499.0,485923
2026-03-06 16:10:00,499.0,500.1000061035156,498.6470031738281,499.2449951171875,370589
2026-03-06 16:15:00,499.20001220703125,499.6499938964844,498.1000061035156,498.54998779296875,538215
2026-03-06 16:20:00,498.70001220703125,499.5,497.25,497.29998779296875,458257
2026-03-06 16:25:00,497.3999938964844,499.70001220703125,496.5,497.1499938964844,765971
2026-03-09 08:00:00,510.0,515.0,509.79998779296875,510.2860107421875,0
2026-03-09 08:05:00,509.8919982910156,512.5999755859375,509.0,510.9064025878906,1175472
2026-03-09 08:10:00,510.6000061035156,510.8999938964844,506.3999938964844,507.1000061035156,1258940
2026-03-09 08:15:00,507.5,508.1000061035156,504.46038818359375,504.8999938964844,1020322
2026-03-09 08:20:00,505.0,507.0,503.6000061035156,506.3999938964844,755801
2026-03-09 08:25:00,506.3999938964844,506.70001220703125,504.3450012207031,504.7934875488281,373627
2026-03-09 08:30:00,504.8999938964844,512.2000122070312,501.70001220703125,503.052001953125,815534
2026-03-09 08:35:00,503.20001220703125,512.2000122070312,502.29998779296875,503.79998779296875,413489
2026-03-09 08:40:00,504.1000061035156,512.2000122070312,504.1000061035156,504.3999938964844,338005
2026-03-09 08:45:00,504.29998779296875,514.0,504.0,504.20001220703125,388374
2026-03-09 08:50:00,504.29998779296875,514.0,503.5,512.7999877929688,620058
2026-03-09 08:55:00,503.4382019042969,514.0,502.5,503.6000061035156,238989
2026-03-09 09:00:00,503.5,514.0,503.5,504.7439880371094,228310
2026-03-09 09:05:00,504.5,514.0,501.3999938964844,513.7999877929688,297609
2026-03-09 09:10:00,502.20001220703125,514.0,502.1000061035156,513.7999877929688,241676
2026-03-09 09:15:00,512.7999877929688,514.0,502.5,512.7999877929688,300664
2026-03-09 09:20:00,513.5999755859375,514.0,501.79998779296875,513.7999877929688,306743
2026-03-09 09:25:00,512.7999877929688,514.0,502.79998779296875,503.0,225697
2026-03-09 09:30:00,503.29998779296875,513.7999877929688,498.8500061035156,499.20001220703125,1222581
2026-03-09 09:35:00,499.29998779296875,513.7999877929688,498.1499938964844,502.70001220703125,619686
2026-03-09 09:40:00,502.5,513.7000122070312,501.6000061035156,502.1000061035156,297988
2026-03-09 09:45:00,501.79998779296875,512.4000244140625,500.8999938964844,503.5,258671
2026-03-09 09:50:00,503.6000061035156,510.1000061035156,503.3999938964844,505.20001220703125,202501
2026-03-09 09:55:00,504.8999938964844,511.8999938964844,504.29998779296875,505.1000061035156,263265
2026-03-09 10:00:00,505.1000061035156,512.5,502.20001220703125,502.2049865722656,293557
2026-03-09 10:05:00,502.70001220703125,512.0999755859375,501.6000061035156,511.0,296391
2026-03-09 10:10:00,502.20001220703125,511.1000061035156,502.1000061035156,503.70001220703125,115081
2026-03-09 10:15:00,503.6000061035156,509.6000061035156,503.3999938964844,504.0,178558
2026-03-09 10:20:00,503.8169860839844,505.1000061035156,503.70001220703125,504.5,200674
2026-03-09 10:25:00,504.29998779296875,510.20001220703125,503.5,504.0892028808594,202811
2026-03-09 10:30:00,504.3999938964844,510.3999938964844,503.29998779296875,504.1000061035156,117703
2026-03-09 10:35:00,504.20001220703125,509.8999938964844,503.20001220703125,505.3999938964844,296471
2026-03-09 10:40:00,505.29998779296875,510.3999938964844,504.29998779296875,505.3999938964844,84037
2026-03-09 10:45:00,505.5,511.70001220703125,504.20001220703125,505.0,171642
2026-03-09 10:50:00,505.0,505.79998779296875,504.3999938964844,504.6990966796875,167846
2026-03-09 10:55:00,504.70001220703125,511.1000061035156,504.0,504.1000061035156,151908
2026-03-09 11:00:00,504.20001220703125,511.6000061035156,503.29998779296875,503.3999938964844,207679
2026-03-09 11:05:00,503.6000061035156,503.70001220703125,502.70001220703125,502.9797058105469,144578
2026-03-09 11:10:00,503.0,510.6000061035156,502.8949890136719,503.5,96537
2026-03-09 11:15:00,503.5,510.70001220703125,503.0,503.79998779296875,163943
2026-03-09 11:20:00,503.79998779296875,512.2999877929688,503.6000061035156,505.0,159292
2026-03-09 11:25:00,505.0,510.8999938964844,504.6000061035156,504.8999938964844,167605
2026-03-09 11:30:00,504.79998779296875,510.6000061035156,504.3999938964844,505.0,119134
2026-03-09 11:35:00,505.0660095214844,510.0,504.8999938964844,505.3883056640625,6851095
2026-03-09 11:40:00,505.5,508.79998779296875,505.0599060058594,505.5,124182
2026-03-09 11:45:00,506.5,506.8999938964844,505.3999938964844,506.8999938964844,194414
2026-03-09 11:50:00,506.6000061035156,507.6000061035156,505.8999938964844,506.3500061035156,179170
2026-03-09 11:55:00,506.5,506.70001220703125,505.70001220703125,505.70001220703125,131315
2026-03-09 12:00:00,505.79998779296875,507.6000061035156,505.29998779296875,505.6000061035156,199676
2026-03-09 12:05:00,505.70001220703125,507.3999938964844,505.3999938964844,506.70001220703125,208835
2026-03-09 12:10:00,506.70001220703125,507.29998779296875,506.1000061035156,506.5,144775
2026-03-09 12:15:00,506.3999938964844,507.8999938964844,506.29998779296875,507.29998779296875,332548
2026-03-09 12:20:00,507.20001220703125,507.3999938964844,505.5,505.6000061035156,179709
2026-03-09 12:25:00,510.0,510.0,504.6509094238281,506.5,3429217
2026-03-09 12:30:00,506.5,506.79998779296875,505.79998779296875,505.79998779296875,124046
2026-03-09 12:35:00,505.70001220703125,506.29998779296875,505.1650085449219,506.1000061035156,2344906
2026-03-09 12:40:00,506.1000061035156,506.5,505.70001220703125,506.5,173283
2026-03-09 12:45:00,506.3999938964844,506.6000061035156,505.2040100097656,505.3999938964844,130298
2026-03-09 12:50:00,505.6000061035156,506.0,504.1000061035156,505.0,158678
2026-03-09 12:55:00,505.1000061035156,505.79998779296875,504.29998779296875,504.29998779296875,91273
2026-03-09 13:00:00,504.29998779296875,505.5,503.70001220703125,505.0299072265625,179882
2026-03-09 13:05:00,504.8999938964844,506.0,504.1000061035156,504.3999938964844,101395
2026-03-09 13:10:00,504.3299865722656,505.8999938964844,503.70001220703125,503.79998779296875,158561
2026-03-09 13:15:00,503.79998779296875,506.1000061035156,503.3999938964844,504.29998779296875,148374
2026-03-09 13:20:00,504.1000061035156,505.29998779296875,503.79998779296875,503.8999938964844,159967
2026-03-09 13:25:00,504.8999938964844,505.1000061035156,504.1000061035156,504.5,203441
2026-03-09 13:30:00,504.3999938964844,505.20001220703125,502.1000061035156,503.3999938964844,654281
2026-03-09 13:35:00,503.6000061035156,506.3999938964844,502.20001220703125,504.5,414597
2026-03-09 13:40:00,504.5,505.70001220703125,501.79998779296875,503.70001220703125,414961
2026-03-09 13:45:00,504.5,506.0,502.0,505.0,293251
2026-03-09 13:50:00,505.3999938964844,506.1000061035156,503.70001220703125,505.3999938964844,468441
2026-03-09 13:55:00,504.8999938964844,506.1000061035156,503.6000061035156,504.5,354374
2026-03-09 14:00:00,504.29998779296875,507.0,504.20001220703125,506.79998779296875,320374
2026-03-09 14:05:00,505.5,507.6000061035156,503.6000061035156,503.8999938964844,1173945
2026-03-09 14:10:00,503.79998779296875,506.29998779296875,503.70001220703125,504.0,273941
2026-03-09 14:15:00,503.79998779296875,506.29998779296875,502.79998779296875,504.79998779296875,384665
2026-03-09 14:20:00,504.70001220703125,506.29998779296875,504.1000061035156,505.20001220703125,388773
2026-03-09 14:25:00,505.29998779296875,506.3999938964844,504.29998779296875,505.29998779296875,312733
2026-03-09 14:30:00,505.20001220703125,506.1000061035156,501.79998779296875,505.6000061035156,420466
2026-03-09 14:35:00,505.70001220703125,506.5,500.7650146484375,505.6000061035156,268894
2026-03-09 14:40:00,505.79998779296875,506.70001220703125,504.5,506.20001220703125,357293
2026-03-09 14:45:00,506.0,508.3999938964844,504.3999938964844,508.29998779296875,795214
2026-03-09 14:50:00,508.20001220703125,508.70001220703125,503.3999938964844,508.20001220703125,281474
2026-03-09 14:55:00,508.0299987792969,509.0,502.8999938964844,504.20001220703125,439473
2026-03-09 15:00:00,508.5,508.70001220703125,504.1000061035156,508.0,346661
2026-03-09 15:05:00,507.79998779296875,508.0,501.70001220703125,506.79998779296875,278249
2026-03-09 15:10:00,506.6000061035156,507.20001220703125,502.1000061035156,507.20001220703125,376408
2026-03-09 15:15:00,507.20001220703125,507.79998779296875,502.70001220703125,506.79998779296875,532147
2026-03-09 15:20:00,506.89300537109375,507.29998779296875,504.3999938964844,507.29998779296875,299420
2026-03-09 15:25:00,507.1000061035156,507.5,499.0,506.29998779296875,379016
2026-03-09 15:30:00,506.20001220703125,507.6000061035156,506.20001220703125,507.29998779296875,448558
2026-03-09 15:35:00,507.29998779296875,507.6000061035156,499.75,507.6000061035156,255326
2026-03-09 15:40:00,507.5,508.0,501.20001220703125,507.8999938964844,305507
2026-03-09 15:45:00,507.8999938964844,508.1000061035156,501.79998779296875,506.8999938964844,438576
2026-03-09 15:50:00,506.8999938964844,507.70001220703125,504.70001220703125,506.6700134277344,375730
2026-03-09 15:55:00,506.5,507.3999938964844,506.20001220703125,507.20001220703125,537203
2026-03-09 16:00:00,507.1000061035156,509.20001220703125,502.70001220703125,509.1000061035156,834836
2026-03-09 16:05:00,509.1000061035156,510.0,502.20001220703125,509.1000061035156,1493735
2026-03-09 16:10:00,509.0997009277344,509.5,502.70001220703125,508.75048828125,544043
2026-03-09 16:15:00,504.0,509.29998779296875,503.6000061035156,508.20001220703125,587479
2026-03-09 16:20:00,508.20001220703125,509.0,503.5,504.3999938964844,587474
2026-03-09 16:25:00,508.5,508.8999938964844,503.6000061035156,508.79998779296875,1261559
2026-03-10 08:00:00,498.79998779296875,499.6499938964844,492.6499938964844,493.54998779296875,0
2026-03-10 08:05:00,493.3500061035156,499.1000061035156,493.2699890136719,497.3999938964844,718913
2026-03-10 08:10:00,497.75,499.3999938964844,495.54998779296875,496.75,575689
2026-03-10 08:15:00,495.8999938964844,497.75,494.8500061035156,496.04998779296875,953535
2026-03-10 08:20:00,496.04998779296875,497.75,494.1499938964844,494.6499938964844,494299
2026-03-10 08:25:00,494.45001220703125,497.70001220703125,493.0,496.0,524892
2026-03-10 08:30:00,496.0,497.70001220703125,493.20001220703125,496.8872985839844,277026
2026-03-10 08:35:00,496.95001220703125,497.0,495.85101318359375,496.6000061035156,1298499
2026-03-10 08:40:00,496.6000061035156,496.8999938964844,495.29998779296875,496.45001220703125,291619
2026-03-10 08:45:00,496.3999938964844,497.04998779296875,495.0,495.1510009765625,539550
2026-03-10 08:50:00,495.1000061035156,496.0,495.1000061035156,495.70001220703125,327349
2026-03-10 08:55:00,495.70001220703125,496.70001220703125,495.0,496.25,306095
2026-03-10 09:00:00,496.45001220703125,496.8500061035156,494.75,495.0,640891
2026-03-10 09:05:00,494.75,496.54998779296875,494.75,495.95001220703125,196952
2026-03-10 09:10:00,496.1499938964844,496.1499938964844,494.75,494.8999938964844,229095
2026-03-10 09:15:00,495.0,495.45001220703125,493.25,495.1000061035156,717967
2026-03-10 09:20:00,495.04998779296875,495.45001220703125,494.45001220703125,494.45001220703125,207825
2026-03-10 09:25:00,494.70001220703125,496.04998779296875,493.8999938964844,494.69940185546875,206707
2026-03-10 09:30:00,494.79998779296875,496.1000061035156,494.3500061035156,494.8999938964844,188856
2026-03-10 09:35:00,495.0,497.0,492.6499938964844,493.75,480712
2026-03-10 09:40:00,493.70001220703125,498.79998779296875,493.1000061035156,494.75,4001191
2026-03-10 09:45:00,494.75,499.0,494.25,495.1000061035156,428619
2026-03-10 09:50:00,497.7300109863281,499.0,494.54998779296875,497.7300109863281,257901
2026-03-10 09:55:00,497.7300109863281,498.8999938964844,494.25,496.79998779296875,332592
2026-03-10 10:00:00,496.79998779296875,497.7300109863281,494.0,496.79998779296875,309838
2026-03-10 10:05:00,496.6700134277344,497.3500061035156,494.5,496.79998779296875,305826
2026-03-10 10:10:00,496.79998779296875,496.79998779296875,494.70001220703125,496.6700134277344,305522
2026-03-10 10:15:00,496.79998779296875,496.79998779296875,495.20001220703125,496.6700134277344,350322
2026-03-10 10:20:00,496.6700134277344,497.1000061035156,494.0,494.04998779296875,113486
2026-03-10 10:25:00,494.0,497.1000061035156,493.29998779296875,497.0,233485
2026-03-10 10:30:00,496.79998779296875,497.3500061035156,494.45001220703125,496.79998779296875,179081
2026-03-10 10:35:00,496.20001220703125,497.3999938964844,495.9750061035156,496.45001220703125,275764
2026-03-10 10:40:00,496.3299865722656,497.25,495.70001220703125,495.79998779296875,160083
2026-03-10 10:45:00,497.04998779296875,497.04998779296875,495.70001220703125,496.70001220703125,163516
2026-03-10 10:50:00,496.6000061035156,497.3500061035156,494.70001220703125,497.1000061035156,136178
2026-03-10 10:55:00,497.0,498.0,495.0,497.70001220703125,126083
2026-03-10 11:00:00,497.79998779296875,497.95001220703125,495.04998779296875,495.45001220703125,436368
2026-03-10 11:05:00,495.45001220703125,497.0,494.79998779296875,495.8340148925781,166199
2026-03-10 11:10:00,495.95001220703125,496.95001220703125,495.1499938964844,496.79998779296875,111060
2026-03-10 11:15:00,496.75,497.29998779296875,493.6499938964844,494.5,137130
2026-03-10 11:20:00,496.8500061035156,496.8500061035156,494.3999938964844,496.45001220703125,103730
2026-03-10 11:25:00,496.45001220703125,497.29998779296875,494.6499938964844,496.95001220703125,105153
2026-03-10 11:30:00,497.0,497.20001220703125,494.70001220703125,496.54998779296875,120461
2026-03-10 11:35:00,496.75,497.20001220703125,495.3999938964844,496.3500061035156,200611
2026-03-10 11:40:00,496.3500061035156,497.20001220703125,495.75,496.8210144042969,165648
2026-03-10 11:45:00,496.8999938964844,497.3500061035156,495.75,497.1809997558594,97848
2026-03-10 11:50:00,497.0,497.6419982910156,495.5,497.29998779296875,119411
2026-03-10 11:55:00,497.29998779296875,498.0,495.75,497.3500061035156,108038
2026-03-10 12:00:00,497.3500061035156,497.8999938964844,495.54998779296875,497.54998779296875,67904
2026-03-10 12:05:00,497.5320129394531,499.8500061035156,496.29998779296875,499.6499938964844,416278
2026-03-10 12:10:00,499.95001220703125,500.3999938964844,496.1499938964844,499.3999938964844,536743
2026-03-10 12:15:00,499.3999938964844,500.29998779296875,496.25,500.20001220703125,93770
2026-03-10 12:20:00,500.1000061035156,500.3999938964844,496.3500061035156,499.79998779296875,11389580
2026-03-10 12:25:00,499.79998779296875,500.29998779296875,499.79998779296875,500.20001220703125,76659
2026-03-10 12:30:00,500.20001220703125,500.20001220703125,495.75,500.0419921875,144901
2026-03-10 12:35:00,500.1000061035156,500.8999938964844,499.48199462890625,500.20001220703125,139313
2026-03-10 12:40:00,500.20001220703125,500.79998779296875,495.70001220703125,500.79998779296875,5233840
2026-03-10 12:45:00,500.62200927734375,500.8999938964844,500.0,500.70001220703125,190778
2026-03-10 12:50:00,500.72198486328125,501.20001220703125,495.45001220703125,500.79998779296875,293087
2026-03-10 12:55:00,500.79998779296875,501.72198486328125,494.75,495.6499938964844,2734260
2026-03-10 13:00:00,501.6000061035156,501.79998779296875,494.3999938964844,501.29998779296875,2863787
2026-03-10 13:05:00,501.12200927734375,501.20001220703125,494.3999938964844,495.79998779296875,103243
2026-03-10 13:10:00,494.6000061035156,500.6000061035156,494.25,499.8999938964844,119561
2026-03-10 13:15:00,499.8500061035156,500.70001220703125,492.95001220703125,500.6000061035156,184519
2026-03-10 13:20:00,500.70001220703125,500.79998779296875,493.5,500.29998779296875,127799
2026-03-10 13:25:00,500.20001220703125,500.20001220703125,493.45001220703125,499.8500061035156,200454
2026-03-10 13:30:00,499.95001220703125,500.6000061035156,494.3500061035156,499.0,520357
2026-03-10 13:35:00,498.8500061035156,499.29998779296875,493.8500061035156,495.29998779296875,455054
2026-03-10 13:40:00,495.29998779296875,500.6000061035156,493.75,500.6000061035156,543853
2026-03-10 13:45:00,500.5,500.6000061035156,498.70001220703125,499.3999938964844,419580
2026-03-10 13:50:00,499.45001220703125,500.0,498.70001220703125,499.04998779296875,252093
2026-03-10 13:55:00,499.0,499.45001220703125,497.5,498.45001220703125,312952
2026-03-10 14:00:00,498.54998779296875,501.29998779296875,495.5,501.1000061035156,368278
2026-03-10 14:05:00,501.20001220703125,502.70001220703125,500.8999938964844,502.3999938964844,289854
2026-03-10 14:10:00,502.3999938964844,503.0,496.20001220703125,501.6059875488281,256057
2026-03-10 14:15:00,502.0,502.8999938964844,495.75,501.42999267578125,415601
2026-03-10 14:20:00,501.5,502.5,496.04998779296875,502.3999938964844,264869
2026-03-10 14:25:00,502.3999938964844,502.3999938964844,495.45001220703125,501.79998779296875,201819
2026-03-10 14:30:00,501.7449951171875,502.29998779296875,495.70001220703125,501.3999938964844,1490613
2026-03-10 14:35:00,501.5,502.5,496.29998779296875,501.8999938964844,1323924
2026-03-10 14:40:00,501.79998779296875,502.29998779296875,496.5,501.6000061035156,12388900
2026-03-10 14:45:00,501.5,502.8999938964844,496.1499938964844,502.70001220703125,304668
2026-03-10 14:50:00,502.6000061035156,503.0,496.3500061035156,502.3999938964844,357833
2026-03-10 14:55:00,502.29998779296875,504.3999938964844,496.79998779296875,503.70001220703125,435314
2026-03-10 15:00:00,503.79998779296875,504.5,497.6499938964844,503.70001220703125,639867
2026-03-10 15:05:00,503.6000061035156,504.29998779296875,499.6499938964844,503.1470031738281,313669
2026-03-10 15:10:00,503.29998779296875,504.20001220703125,499.6499938964844,503.20001220703125,259258
2026-03-10 15:15:00,503.29998779296875,503.5,499.79998779296875,502.3999938964844,385580
2026-03-10 15:20:00,502.3999938964844,503.20001220703125,499.95001220703125,502.79998779296875,494884
2026-03-10 15:25:00,500.1000061035156,502.8999938964844,499.5,501.79998779296875,584069
2026-03-10 15:30:00,501.8999938964844,503.0,499.8999938964844,502.79998779296875,528909
2026-03-10 15:35:00,502.79998779296875,502.79998779296875,499.70001220703125,502.3999938964844,340748
2026-03-10 15:40:00,502.3999938964844,503.0,499.79998779296875,502.70001220703125,434385
2026-03-10 15:45:00,502.8999938964844,503.20001220703125,502.32000732421875,502.70001220703125,345579
2026-03-10 15:50:00,502.70001220703125,502.79998779296875,499.20001220703125,501.8999938964844,350476
2026-03-10 15:55:00,502.0,502.3999938964844,499.8500061035156,499.8500061035156,377015
2026-03-10 16:00:00,501.5,502.29998779296875,499.8500061035156,501.8999938964844,571130
2026-03-10 16:05:00,501.8999938964844,503.6000061035156,498.45001220703125,503.3999938964844,483404
2026-03-10 16:10:00,503.3999938964844,503.6000061035156,498.6499938964844,502.70001220703125,481212
2026-03-10 16:15:00,502.6000061035156,502.70001220703125,498.95001220703125,502.6000061035156,306058
2026-03-10 16:20:00,502.6000061035156,502.6000061035156,499.25,502.20001220703125,334688
2026-03-10 16:25:00,502.29998779296875,502.29998779296875,498.8500061035156,501.79998779296875,1059403
2026-03-11 08:00:00,502.29998779296875,502.29998779296875,496.6000061035156,501.29998779296875,0
2026-03-11 08:05:00,502.0,502.0,498.6499938964844,499.8999938964844,188108
2026-03-11 08:10:00,499.8500061035156,499.8500061035156,498.6000061035156,499.45001220703125,118723
2026-03-11 08:15:00,499.54998779296875,500.3999938964844,496.5,499.1000061035156,242912
2026-03-11 08:20:00,499.20001220703125,499.6499938964844,499.04998779296875,499.5,60472
2026-03-11 08:25:00,499.5,499.54998779296875,498.79998779296875,499.29998779296875,425390
2026-03-11 08:30:00,499.3999938964844,500.5,498.95001220703125,499.1000061035156,206301
2026-03-11 08:35:00,499.75,500.0,498.36529541015625,498.6099853515625,120049
2026-03-11 08:40:00,498.6000061035156,499.8500061035156,498.1499938964844,498.3500061035156,76411
2026-03-11 08:45:00,498.3500061035156,499.25,498.1000061035156,498.95001220703125,154427
2026-03-11 08:50:00,499.09600830078125,499.6000061035156,498.95001220703125,499.54998779296875,165079
2026-03-11 08:55:00,499.75,501.1000061035156,499.25,500.79998779296875,1407182
2026-03-11 09:00:00,500.8999938964844,503.8999938964844,500.79998779296875,503.79998779296875,392848
2026-03-11 09:05:00,503.79998779296875,503.8999938964844,502.0,502.51959228515625,136060
2026-03-11 09:10:00,502.6000061035156,503.20001220703125,502.29998779296875,502.5,115865
2026-03-11 09:15:00,502.5360107421875,502.8999938964844,501.8999938964844,502.8340148925781,351604
2026-03-11 09:20:00,502.80999755859375,504.0,502.3999938964844,503.79998779296875,198760
2026-03-11 09:25:00,503.70001220703125,504.5,503.6000061035156,504.349609375,139131
2026-03-11 09:30:00,504.3909912109375,505.0,504.20001220703125,504.39300537109375,206849
2026-03-11 09:35:00,504.29998779296875,504.5,504.0,504.20001220703125,152160
2026-03-11 09:40:00,504.20001220703125,504.8999938964844,503.8999938964844,504.29998779296875,93374
2026-03-11 09:45:00,504.3999938964844,504.3999938964844,503.8999938964844,504.20001220703125,50972
2026-03-11 09:50:00,504.3999938964844,504.8999938964844,504.20001220703125,504.8999938964844,161357
2026-03-11 09:55:00,504.8999938964844,505.0,504.5978088378906,504.79998779296875,121551
2026-03-11 10:00:00,504.70001220703125,504.70001220703125,504.1000061035156,504.29998779296875,152144
2026-03-11 10:05:00,504.1000061035156,504.3999938964844,503.70001220703125,504.1000061035156,123809
2026-03-11 10:10:00,504.20001220703125,504.3999938964844,503.1000061035156,503.70001220703125,207242
2026-03-11 10:15:00,503.70001220703125,504.3999938964844,503.6000061035156,503.79998779296875,233076
2026-03-11 10:20:00,504.0,504.70001220703125,503.8999938964844,504.70001220703125,131002
2026-03-11 10:25:00,504.70001220703125,504.70001220703125,504.0,504.3999938964844,141892
2026-03-11 10:30:00,504.3999938964844,504.70001220703125,503.3999938964844,503.70001220703125,219428
2026-03-11 10:35:00,503.70001220703125,504.0,502.8999938964844,503.1000061035156,124072
2026-03-11 10:40:00,503.29998779296875,503.5,502.3999938964844,502.6000061035156,185823
2026-03-11 10:45:00,502.5,502.79998779296875,502.1000061035156,502.2300109863281,143579
2026-03-11 10:50:00,502.3999938964844,503.6033020019531,501.8999938964844,502.29998779296875,89098
2026-03-11 10:55:00,502.3999938964844,502.70001220703125,502.29998779296875,502.6000061035156,6189510
2026-03-11 11:00:00,502.3999938964844,503.0,501.79998779296875,502.70001220703125,238460
2026-03-11 11:05:00,502.70001220703125,503.1000061035156,502.3999938964844,502.8999938964844,135396
2026-03-11 11:10:00,502.79998779296875,504.114990234375,502.70001220703125,503.8999938964844,248781
2026-03-11 11:15:00,503.8999938964844,504.70001220703125,503.1000061035156,504.20001220703125,251738
2026-03-11 11:20:00,504.42999267578125,504.5,503.79998779296875,504.1000061035156,136735
2026-03-11 11:25:00,503.8999938964844,504.3999938964844,502.29998779296875,504.114990234375,21397727
2026-03-11 11:30:00,504.1000061035156,504.6000061035156,503.79998779296875,504.3523864746094,138917
2026-03-11 11:35:00,504.3999938964844,504.5,503.8999938964844,504.3999938964844,108382
2026-03-11 11:40:00,504.3999938964844,505.8999938964844,504.20001220703125,505.0329895019531,617666
2026-03-11 11:45:00,505.20001220703125,506.0,505.20001220703125,506.0,241712
2026-03-11 11:50:00,505.8999938964844,506.2149963378906,505.0,505.3299865722656,733302
2026-03-11 11:55:00,505.29998779296875,506.0,502.29998779296875,505.8999938964844,2900963
2026-03-11 12:00:00,505.70001220703125,506.70001220703125,502.29998779296875,506.20001220703125,4634762
2026-03-11 12:05:00,506.20001220703125,506.3486022949219,505.5,505.5,90933
2026-03-11 12:10:00,505.70001220703125,505.79998779296875,504.57720947265625,505.20001220703125,348244
2026-03-11 12:15:00,505.0639953613281,505.5,504.5,504.6000061035156,62058
2026-03-11 12:20:00,504.3999938964844,505.5,504.3999938964844,504.8999938964844,417141
2026-03-11 12:25:00,504.8999938964844,505.6000061035156,504.79998779296875,505.5,78483
2026-03-11 12:30:00,505.5,505.8999938964844,505.1000061035156,505.1610107421875,167756
2026-03-11 12:35:00,505.20001220703125,506.0,505.20001220703125,505.70001220703125,75475
2026-03-11 12:40:00,505.6000061035156,506.20001220703125,504.79998779296875,505.1300048828125,180932
2026-03-11 12:45:00,505.29998779296875,506.3999938964844,504.8999938964844,505.29998779296875,74894
2026-03-11 12:50:00,505.5,507.29998779296875,505.29998779296875,507.20001220703125,191399
2026-03-11 12:55:00,507.1488952636719,507.5,505.8999938964844,506.5,227138
2026-03-11 13:00:00,506.5,506.6000061035156,502.29998779296875,505.5,5056908
2026-03-11 13:05:00,505.3999938964844,505.79998779296875,504.6000061035156,505.70001220703125,322344
2026-03-11 13:10:00,505.6000061035156,505.6000061035156,504.79998779296875,505.20001220703125,124980
2026-03-11 13:15:00,505.29998779296875,505.3999938964844,504.20001220703125,505.1000061035156,295604
2026-03-11 13:20:00,505.0,505.29998779296875,504.1000061035156,504.1929931640625,264873
2026-03-11 13:25:00,505.70001220703125,505.70001220703125,504.29998779296875,504.79998779296875,219305
2026-03-11 13:30:00,504.8999938964844,506.29998779296875,504.3999938964844,506.29998779296875,494678
2026-03-11 13:35:00,506.3999938964844,506.5,504.8299865722656,505.6000061035156,266968
2026-03-11 13:40:00,505.70001220703125,506.0,504.79998779296875,505.8999938964844,325272
2026-03-11 13:45:00,506.0,506.8999938964844,505.70001220703125,506.5,158183
2026-03-11 13:50:00,506.29998779296875,507.03021240234375,504.3999938964844,506.3999938964844,273295
2026-03-11 13:55:00,506.20001220703125,506.3999938964844,504.1000061035156,504.3999938964844,251844
2026-03-11 14:00:00,504.6000061035156,505.0,502.0,504.20001220703125,900571
2026-03-11 14:05:00,504.5,505.6000061035156,504.0,505.6000061035156,323458
2026-03-11 14:10:00,505.29998779296875,506.20001220703125,504.99798583984375,506.0,300776
2026-03-11 14:15:00,506.0,506.70001220703125,505.8999938964844,506.0,131774
2026-03-11 14:20:00,506.0450134277344,507.6000061035156,504.5,507.6000061035156,201678
2026-03-11 14:25:00,507.3999938964844,509.0,507.29998779296875,508.70001220703125,581338
2026-03-11 14:30:00,508.70001220703125,509.29998779296875,508.29998779296875,508.70001220703125,403047
2026-03-11 14:35:00,508.6000061035156,509.3999938964844,508.1000061035156,509.20001220703125,229643
2026-03-11 14:40:00,509.29998779296875,509.29998779296875,508.5,509.0,220739
2026-03-11 14:45:00,508.79998779296875,510.0,508.79998779296875,509.70001220703125,379084
2026-03-11 14:50:00,509.8999938964844,510.0,509.20001220703125,509.6000061035156,120253
2026-03-11 14:55:00,509.5,509.6000061035156,505.20001220703125,508.79998779296875,220280
2026-03-11 15:00:00,508.8299865722656,509.6000061035156,508.6000061035156,509.3999938964844,167178
2026-03-11 15:05:00,509.1000061035156,509.3999938964844,508.29998779296875,508.70001220703125,193415
2026-03-11 15:10:00,508.79998779296875,509.0,504.8999938964844,508.5,401474
2026-03-11 15:15:00,508.29998779296875,508.5,505.3999938964844,507.20001220703125,157862
2026-03-11 15:20:00,506.20001220703125,508.0,506.20001220703125,507.5,110477
2026-03-11 15:25:00,507.6000061035156,507.8999938964844,507.29998779296875,507.6000061035156,259653
2026-03-11 15:30:00,507.79998779296875,508.29998779296875,507.5,508.2672119140625,382550
2026-03-11 15:35:00,508.20001220703125,508.5,507.79998779296875,508.3999938964844,1411166
2026-03-11 15:40:00,508.29998779296875,508.79998779296875,508.29998779296875,508.5,156903
2026-03-11 15:45:00,508.70001220703125,508.79998779296875,508.1000061035156,508.70001220703125,206205
2026-03-11 15:50:00,508.70001220703125,508.79998779296875,508.29998779296875,508.5150146484375,293905
2026-03-11 15:55:00,508.54998779296875,509.20001220703125,508.5,509.0,568463
2026-03-11 16:00:00,509.0111083984375,510.29998779296875,508.8999938964844,509.9200134277344,2456225
2026-03-11 16:05:00,510.1000061035156,510.29998779296875,509.8999938964844,510.20001220703125,637962
2026-03-11 16:10:00,510.20001220703125,510.8999938964844,505.5,510.6000061035156,477545
2026-03-11 16:15:00,510.6000061035156,511.29998779296875,510.20001220703125,511.20001220703125,637456
2026-03-11 16:20:00,511.20001220703125,511.5,510.79998779296875,511.1000061035156,627291
2026-03-11 16:25:00,511.29998779296875,511.70001220703125,510.8999938964844,511.5,1249326
2026-03-12 08:00:00,515.0,515.7039794921875,509.8999938964844,511.3999938964844,0
2026-03-12 08:05:00,511.5,515.5,510.99560546875,514.2999877929688,276881
2026-03-12 08:10:00,514.2999877929688,515.5,511.1000061035156,511.70001220703125,266497
2026-03-12 08:15:00,513.2000122070312,515.5,511.70001220703125,515.5,393893
2026-03-12 08:20:00,512.2000122070312,515.5,511.20001220703125,512.9000244140625,630742
2026-03-12 08:25:00,513.5,513.5999755859375,511.8999938964844,512.2000122070312,749523
2026-03-12 08:30:00,512.2000122070312,513.0999755859375,511.29998779296875,512.0,171856
2026-03-12 08:35:00,511.70001220703125,513.2999877929688,511.6000061035156,512.0999755859375,143864
2026-03-12 08:40:00,511.79998779296875,512.9000244140625,511.5,512.4000244140625,107918
2026-03-12 08:45:00,512.4959716796875,513.5,511.6000061035156,513.5,139816
2026-03-12 08:50:00,513.1209716796875,513.4000244140625,512.0,512.7999877929688,104276
2026-03-12 08:55:00,512.9801025390625,513.5910034179688,511.70001220703125,513.0999755859375,161829
2026-03-12 09:00:00,513.0999755859375,514.5869750976562,512.7999877929688,514.2999877929688,356702
2026-03-12 09:05:00,514.4000244140625,514.7999877929688,514.2000122070312,514.597900390625,135603
2026-03-12 09:10:00,514.5,514.7000122070312,513.2000122070312,513.5999755859375,529154
2026-03-12 09:15:00,513.7000122070312,514.2000122070312,513.5789794921875,513.9400024414062,106433
2026-03-12 09:20:00,513.9000244140625,514.2000122070312,513.7999877929688,514.0,187025
2026-03-12 09:25:00,514.0,514.2999877929688,513.5390014648438,514.0999755859375,124008
2026-03-12 09:30:00,514.0,514.5999755859375,513.5,513.5830078125,341679
2026-03-12 09:35:00,513.6832275390625,514.2000122070312,513.5,513.9000244140625,117503
2026-03-12 09:40:00,514.0,514.5,512.0,514.2000122070312,86783
2026-03-12 09:45:00,514.2999877929688,514.5999755859375,513.5,513.7000122070312,93649
2026-03-12 09:50:00,513.7000122070312,513.7999877929688,513.2000122070312,513.2000122070312,127253
2026-03-12 09:55:00,513.4000244140625,513.7000122070312,513.0999755859375,513.4102172851562,78343
2026-03-12 10:00:00,513.4000244140625,514.0,513.2999877929688,513.6209716796875,53163
2026-03-12 10:05:00,513.68017578125,514.5,513.5,514.5,87701
2026-03-12 10:10:00,514.4000244140625,514.5,514.0,514.1480102539062,81728
2026-03-12 10:15:00,514.2999877929688,514.7000122070312,513.7000122070312,514.0999755859375,201031
2026-03-12 10:20:00,513.9246826171875,514.2000122070312,513.7000122070312,513.9000244140625,29063
2026-03-12 10:25:00,513.9000244140625,514.0,513.5,513.5999755859375,71007
2026-03-12 10:30:00,513.5999755859375,513.5999755859375,512.0999755859375,512.4000244140625,286925
2026-03-12 10:35:00,512.2000122070312,512.2999877929688,511.5,511.79998779296875,348636
2026-03-12 10:40:00,511.79998779296875,513.0999755859375,511.5,512.7000122070312,436276
2026-03-12 10:45:00,512.7000122070312,513.5,512.5999755859375,513.4000244140625,77190
2026-03-12 10:50:00,513.2000122070312,513.7000122070312,513.0,513.5999755859375,79538
2026-03-12 10:55:00,513.7000122070312,514.0,513.5,514.0,65278
2026-03-12 11:00:00,513.9000244140625,514.7000122070312,513.5999755859375,514.5,95056
2026-03-12 11:05:00,514.7000122070312,516.0,514.4000244140625,515.7999877929688,1024162
2026-03-12 11:10:00,515.7030029296875,516.7999877929688,515.7000122070312,516.5999755859375,230825
2026-03-12 11:15:00,516.5999755859375,516.619873046875,515.7999877929688,516.0020751953125,218911
2026-03-12 11:20:00,516.0999755859375,516.2000122070312,515.5,516.0969848632812,110415
2026-03-12 11:25:00,516.0059814453125,516.7000122070312,515.9000244140625,516.2659912109375,103479
2026-03-12 11:30:00,516.0999755859375,516.2000122070312,515.5,515.5999755859375,106539
2026-03-12 11:35:00,515.5999755859375,516.2999877929688,515.5,515.7999877929688,133652
2026-03-12 11:40:00,516.0,516.5999755859375,515.9559936523438,516.280029296875,89245
2026-03-12 11:45:00,516.2000122070312,516.5999755859375,516.0999755859375,516.0999755859375,127603
2026-03-12 11:50:00,516.2960205078125,516.5,516.0679931640625,516.1898803710938,162891
2026-03-12 11:55:00,516.168212890625,516.5999755859375,515.9000244140625,516.0999755859375,144361
2026-03-12 12:00:00,516.0,516.5,515.5999755859375,515.7000122070312,159891
2026-03-12 12:05:00,515.710205078125,516.5999755859375,515.2999877929688,516.2999877929688,320527
2026-03-12 12:10:00,516.0999755859375,516.5,515.7000122070312,516.2550048828125,292231
2026-03-12 12:15:00,516.255126953125,516.4000244140625,515.7000122070312,515.9451293945312,164072
2026-03-12 12:20:00,516.0,516.0999755859375,515.5,515.5,69752
2026-03-12 12:25:00,515.5,516.5999755859375,515.4276733398438,516.2000122070312,109662
2026-03-12 12:30:00,516.2999877929688,517.4000244140625,516.0999755859375,517.2100219726562,171251
2026-03-12 12:35:00,517.39599609375,517.7000122070312,516.4000244140625,517.5346069335938,149554
2026-03-12 12:40:00,517.5,517.7999877929688,517.2999877929688,517.5,180911
2026-03-12 12:45:00,517.5999755859375,517.5999755859375,516.0,516.614013671875,192217
2026-03-12 12:50:00,516.7999877929688,517.2000122070312,515.9000244140625,516.5,170015
2026-03-12 12:55:00,516.5999755859375,517.4000244140625,515.5,517.2000122070312,218184
2026-03-12 13:00:00,517.2000122070312,519.5,515.5999755859375,519.4000244140625,887069
2026-03-12 13:05:00,519.3040161132812,519.3259887695312,515.5999755859375,518.7000122070312,178897
2026-03-12 13:10:00,518.7999877929688,519.0999755859375,518.5,519.010009765625,193840
2026-03-12 13:15:00,519.2000122070312,520.7000122070312,516.2999877929688,520.2000122070312,1780517
2026-03-12 13:20:00,520.2000122070312,521.2000122070312,516.5,520.7999877929688,627458
2026-03-12 13:25:00,520.7999877929688,521.0999755859375,516.2999877929688,520.7999877929688,429626
2026-03-12 13:30:00,520.7000122070312,522.4000244140625,517.0,521.72998046875,1676875
2026-03-12 13:35:00,521.5999755859375,524.0999755859375,516.9000244140625,524.0,1936178
2026-03-12 13:40:00,524.0,524.5,517.2999877929688,523.4000244140625,1490482
2026-03-12 13:45:00,523.4000244140625,524.2000122070312,516.9000244140625,523.5999755859375,398323
2026-03-12 13:50:00,523.72998046875,524.166015625,522.7000122070312,522.8179931640625,431932
2026-03-12 13:55:00,522.7999877929688,523.0999755859375,517.5,522.7000122070312,1014403
2026-03-12 14:00:00,522.7000122070312,522.7999877929688,517.5,522.2999877929688,633408
2026-03-12 14:05:00,522.4000244140625,523.4000244140625,516.2000122070312,523.2000122070312,361759
2026-03-12 14:10:00,523.5,524.9000244140625,516.5999755859375,524.7999877929688,625546
2026-03-12 14:15:00,524.9000244140625,525.5,524.2999877929688,524.9000244140625,1246649
2026-03-12 14:20:00,524.9000244140625,524.9000244140625,523.0,523.7999877929688,317607
2026-03-12 14:25:00,524.0999755859375,525.0,523.5999755859375,524.7999877929688,303335
2026-03-12 14:30:00,524.9000244140625,525.4000244140625,524.0999755859375,524.7999877929688,775350
2026-03-12 14:35:00,524.9000244140625,526.0999755859375,524.7000122070312,525.7000122070312,931537
2026-03-12 14:40:00,525.7999877929688,526.4000244140625,525.2000122070312,525.3897705078125,1104502
2026-03-12 14:45:00,525.2999877929688,526.0,517.0999755859375,524.010009765625,594064
2026-03-12 14:50:00,524.4000244140625,525.0999755859375,517.2000122070312,522.6019897460938,1031794
2026-03-12 14:55:00,522.5999755859375,523.5,522.0,522.7999877929688,500826
2026-03-12 15:00:00,523.0,526.0,518.4000244140625,525.5999755859375,591137
2026-03-12 15:05:00,525.7000122070312,526.9000244140625,518.9000244140625,526.2999877929688,590760
2026-03-12 15:10:00,526.2000122070312,526.5,524.7000122070312,525.0,345973
2026-03-12 15:15:00,525.0,526.0999755859375,524.9000244140625,525.5999755859375,526274
2026-03-12 15:20:00,525.5999755859375,527.2000122070312,517.2999877929688,527.0,535106
2026-03-12 15:25:00,526.7999877929688,527.9000244140625,519.4000244140625,527.5999755859375,661638
2026-03-12 15:30:00,527.7999877929688,528.0999755859375,519.0,527.5,551402
2026-03-12 15:35:00,527.4000244140625,528.0,524.2203979492188,525.4000244140625,954439
2026-03-12 15:40:00,525.2999877929688,526.7999877929688,518.9000244140625,526.4000244140625,703032
2026-03-12 15:45:00,526.5,527.0,519.0,526.4000244140625,426962
2026-03-12 15:50:00,526.4000244140625,526.5,518.9000244140625,525.7999877929688,1184214
2026-03-12 15:55:00,525.7999877929688,527.5,525.5999755859375,527.2000122070312,515744
2026-03-12 16:00:00,527.4000244140625,528.9000244140625,519.7000122070312,528.7000122070312,699753
2026-03-12 16:05:00,528.2999877929688,528.9000244140625,519.5999755859375,528.5999755859375,753938
2026-03-12 16:10:00,528.7000122070312,529.7000122070312,520.0,529.2999877929688,676027
2026-03-12 16:15:00,529.2000122070312,530.4000244140625,520.0,529.5899047851562,2001968
2026-03-12 16:20:00,529.4000244140625,530.0,519.7999877929688,529.2999877929688,511162
2026-03-12 16:25:00,529.2999877929688,529.7999877929688,520.2999877929688,529.0029907226562,722817
2026-03-13 08:00:00,533.0,536.0,532.2999877929688,536.0,0
2026-03-13 08:05:00,536.0,538.9000244140625,533.2999877929688,537.0999755859375,841633
2026-03-13 08:10:00,537.0,539.2000122070312,533.2999877929688,538.2860107421875,1295948
2026-03-13 08:15:00,533.7000122070312,538.5,532.9000244140625,534.2000122070312,395331
2026-03-13 08:20:00,537.9989013671875,539.5,533.2999877929688,539.2150268554688,407924
2026-03-13 08:25:00,539.5,539.5,537.4000244140625,538.0999755859375,724346
2026-03-13 08:30:00,537.9000244140625,538.5,536.2999877929688,537.2000122070312,820686
2026-03-13 08:35:00,536.9899291992188,538.5,536.9619750976562,537.5,291719
2026-03-13 08:40:00,537.5,537.7000122070312,535.2999877929688,536.4000244140625,455798
2026-03-13 08:45:00,536.4000244140625,537.5,536.2000122070312,536.4229736328125,763752
2026-03-13 08:50:00,537.0999755859375,537.7000122070312,536.2000122070312,536.2999877929688,331400
2026-03-13 08:55:00,536.5,537.0999755859375,535.9219970703125,536.60498046875,602238
2026-03-13 09:00:00,536.5999755859375,536.9000244140625,535.9000244140625,536.2999877929688,464359
2026-03-13 09:05:00,536.3099975585938,536.7999877929688,535.4000244140625,536.2009887695312,653303
2026-03-13 09:10:00,536.5999755859375,537.5,536.1464233398438,536.9039916992188,417091
2026-03-13 09:15:00,537.0,537.7999877929688,537.0,537.5,475872
2026-03-13 09:20:00,537.2999877929688,537.9000244140625,536.3880004882812,537.89599609375,344685
2026-03-13 09:25:00,537.7000122070312,538.4000244140625,537.5999755859375,537.7999877929688,367356
2026-03-13 09:30:00,538.0,539.0,537.4000244140625,537.844970703125,193785
2026-03-13 09:35:00,537.9959716796875,539.2000122070312,537.2000122070312,537.5999755859375,351947
2026-03-13 09:40:00,537.6500244140625,539.0,537.2999877929688,538.0,213510
2026-03-13 09:45:00,538.0,538.4000244140625,537.1890258789062,537.4000244140625,614797
2026-03-13 09:50:00,538.0,538.5999755859375,537.2999877929688,538.2999877929688,162058
2026-03-13 09:55:00,538.2999877929688,539.5,537.4000244140625,537.9000244140625,223315
2026-03-13 10:00:00,537.7999877929688,539.0,536.0421752929688,536.4000244140625,296921
2026-03-13 10:05:00,536.2000122070312,538.4000244140625,536.2000122070312,537.0999755859375,720340
2026-03-13 10:10:00,537.0999755859375,538.2000122070312,537.0999755859375,537.9425048828125,259388
2026-03-13 10:15:00,538.0999755859375,538.4000244140625,537.5999755859375,538.0999755859375,229326
2026-03-13 10:20:00,538.0,538.4000244140625,535.5,537.2080078125,217489
2026-03-13 10:25:00,536.4000244140625,537.5,536.0,536.5,234505
2026-03-13 10:30:00,536.5999755859375,538.2999877929688,535.5,536.9000244140625,332312
2026-03-13 10:35:00,536.9000244140625,538.4000244140625,536.7000122070312,537.3909912109375,246333
2026-03-13 10:40:00,537.7999877929688,538.4000244140625,536.0999755859375,536.9000244140625,150094
2026-03-13 10:45:00,536.9000244140625,538.4000244140625,534.2999877929688,534.5930786132812,430084
2026-03-13 10:50:00,534.5999755859375,538.2000122070312,533.5,536.2000122070312,1746801
2026-03-13 10:55:00,536.2000122070312,538.2000122070312,534.9000244140625,537.9000244140625,249924
2026-03-13 11:00:00,537.7000122070312,537.9000244140625,536.5999755859375,536.7999877929688,347982
2026-03-13 11:05:00,537.0,537.7999877929688,536.4600219726562,537.7999877929688,417208
2026-03-13 11:10:00,537.7000122070312,538.0,537.0,537.4000244140625,268916
2026-03-13 11:15:00,537.4019775390625,537.7000122070312,537.2999877929688,537.4000244140625,157413
2026-03-13 11:20:00,537.4030151367188,537.9000244140625,537.4030151367188,537.5999755859375,229491
2026-03-13 11:25:00,537.5999755859375,538.2999877929688,537.0,538.0,263635
2026-03-13 11:30:00,538.0,538.2000122070312,537.0999755859375,537.2999877929688,169302
2026-03-13 11:35:00,537.1613159179688,537.4000244140625,537.0,537.0330200195312,115455
2026-03-13 11:40:00,537.0040283203125,537.5,536.5999755859375,536.9000244140625,346833
2026-03-13 11:45:00,536.9000244140625,537.0,535.9959716796875,536.4000244140625,255776
2026-03-13 11:50:00,536.0369873046875,536.5999755859375,536.0,536.0999755859375,160507
2026-03-13 11:55:00,536.2000122070312,536.5999755859375,536.0,536.0999755859375,547826
2026-03-13 12:00:00,536.2999877929688,536.5999755859375,535.5,536.2000122070312,682259
2026-03-13 12:05:00,536.0999755859375,536.7000122070312,535.9669799804688,536.4019775390625,225928
2026-03-13 12:10:00,536.5,536.5999755859375,536.0,536.2000122070312,250144
2026-03-13 12:15:00,536.0999755859375,536.4000244140625,536.0,536.0180053710938,108259
2026-03-13 12:20:00,536.0,536.2999877929688,536.0,536.0999755859375,245364
2026-03-13 12:25:00,536.0999755859375,536.2999877929688,536.0,536.0289916992188,196806
2026-03-13 12:30:00,536.0050048828125,536.7000122070312,535.97802734375,536.0,375985
2026-03-13 12:35:00,536.0,536.2999877929688,535.9000244140625,535.9000244140625,229646
2026-03-13 12:40:00,535.7999877929688,536.0999755859375,535.291015625,535.5999755859375,278250
2026-03-13 12:45:00,535.2999877929688,535.4400024414062,533.4000244140625,534.4000244140625,387127
2026-03-13 12:50:00,534.2000122070312,534.7000122070312,533.7000122070312,533.9000244140625,201933
2026-03-13 12:55:00,534.0,534.0999755859375,533.4000244140625,533.7000122070312,71145
2026-03-13 13:00:00,533.7000122070312,534.5,532.9000244140625,533.5,212912
2026-03-13 13:05:00,533.5999755859375,533.7000122070312,532.5999755859375,533.0,131437
2026-03-13 13:10:00,532.9000244140625,533.0999755859375,532.0,532.2000122070312,85162
2026-03-13 13:15:00,532.2999877929688,532.7999877929688,532.0999755859375,532.5999755859375,717395
2026-03-13 13:20:00,532.5,532.9000244140625,531.2000122070312,531.2999877929688,255160
2026-03-13 13:25:00,531.5,532.0,531.0,531.2999877929688,287458
2026-03-13 13:30:00,531.0999755859375,531.0999755859375,528.0,529.5999755859375,645909
2026-03-13 13:35:00,529.5,531.5,529.0,530.9000244140625,383035
2026-03-13 13:40:00,530.9000244140625,532.5,529.7000122070312,531.0999755859375,250879
2026-03-13 13:45:00,531.2000122070312,532.7000122070312,530.9929809570312,532.14501953125,156527
2026-03-13 13:50:00,532.2999877929688,532.7999877929688,529.5999755859375,531.2999877929688,295334
2026-03-13 13:55:00,531.302001953125,534.2999877929688,531.1740112304688,533.9000244140625,397144
2026-03-13 14:00:00,533.9000244140625,535.4000244140625,529.0,533.5999755859375,397443
2026-03-13 14:05:00,533.4000244140625,535.0,529.0,534.5999755859375,164367
2026-03-13 14:10:00,534.5999755859375,535.2000122070312,531.2999877929688,533.2000122070312,208336
2026-03-13 14:15:00,533.4000244140625,534.5,531.9000244140625,533.2000122070312,325723
2026-03-13 14:20:00,533.2000122070312,534.7000122070312,531.2000122070312,531.2000122070312,153147
2026-03-13 14:25:00,534.0999755859375,534.5,531.2000122070312,532.7000122070312,315713
2026-03-13 14:30:00,534.302001953125,535.7000122070312,532.2999877929688,534.5999755859375,439471
2026-03-13 14:35:00,534.5999755859375,534.7999877929688,533.333984375,533.9000244140625,189749
2026-03-13 14:40:00,533.7000122070312,534.0999755859375,531.5,533.5999755859375,187801
2026-03-13 14:45:00,533.5,535.2999877929688,531.9000244140625,532.0999755859375,156196
2026-03-13 14:50:00,532.0999755859375,535.2000122070312,532.0999755859375,533.5,295611
2026-03-13 14:55:00,533.5,534.7999877929688,531.2000122070312,531.5,330731
2026-03-13 15:00:00,531.5999755859375,535.0999755859375,531.0999755859375,532.2000122070312,153225
2026-03-13 15:05:00,532.0496826171875,534.0,531.4119873046875,531.802001953125,154620
2026-03-13 15:10:00,534.5999755859375,535.5,531.9000244140625,532.5,165603
2026-03-13 15:15:00,535.0,535.0,532.2000122070312,532.7999877929688,270409
2026-03-13 15:20:00,532.7999877929688,534.9000244140625,532.0999755859375,532.5,153028
2026-03-13 15:25:00,532.4000244140625,533.7999877929688,532.2000122070312,533.0999755859375,189140
2026-03-13 15:30:00,533.0999755859375,533.5999755859375,531.7000122070312,533.2999877929688,191820
2026-03-13 15:35:00,533.2000122070312,533.7999877929688,531.5,533.5999755859375,153654
2026-03-13 15:40:00,533.7999877929688,534.0999755859375,531.2999877929688,532.9000244140625,220778
2026-03-13 15:45:00,532.9010009765625,533.0999755859375,530.7000122070312,532.2000122070312,273535
2026-03-13 15:50:00,532.7000122070312,532.7999877929688,531.9000244140625,532.5999755859375,197524
2026-03-13 15:55:00,532.7000122070312,532.7999877929688,532.0999755859375,532.2999877929688,191999
2026-03-13 16:00:00,532.4000244140625,533.7999877929688,532.0999755859375,532.5,196165
2026-03-13 16:05:00,532.5,533.5,532.0999755859375,532.7999877929688,180832
2026-03-13 16:10:00,533.0,533.5999755859375,531.9000244140625,532.7000122070312,221327
2026-03-13 16:15:00,532.5999755859375,533.4000244140625,531.9000244140625,533.0,240546
2026-03-13 16:20:00,533.0,533.7999877929688,532.2999877929688,533.7999877929688,308481
2026-03-13 16:25:00,533.5999755859375,534.5,532.0999755859375,534.4000244140625,505781
2026-03-16 08:00:00,539.0,542.7999877929688,538.426025390625,542.2999877929688,0
2026-03-16 08:05:00,541.5,545.0,540.7999877929688,542.2999877929688,531141
2026-03-16 08:10:00,544.2999877929688,546.0,541.2999877929688,543.9000244140625,807743
2026-03-16 08:15:00,542.2999877929688,544.9000244140625,541.5,542.2999877929688,854404
2026-03-16 08:20:00,541.7000122070312,543.9000244140625,540.2000122070312,543.2999877929688,338923
2026-03-16 08:25:00,543.2999877929688,543.3790283203125,541.4000244140625,541.9000244140625,302553
2026-03-16 08:30:00,541.9000244140625,543.0,541.7000122070312,542.5,781399
2026-03-16 08:35:00,542.5,543.7144165039062,538.7000122070312,543.1959838867188,646758
2026-03-16 08:40:00,542.99951171875,546.0,539.7999877929688,543.2999877929688,761467
2026-03-16 08:45:00,543.2000122070312,546.0,542.0999755859375,543.4000244140625,490464
2026-03-16 08:50:00,543.7000122070312,543.7000122070312,542.4000244140625,543.7000122070312,277341
2026-03-16 08:55:00,543.2999877929688,543.7999877929688,542.0,542.1010131835938,155576
2026-03-16 09:00:00,542.2000122070312,543.7999877929688,541.4000244140625,542.9000244140625,146209
2026-03-16 09:05:00,542.2000122070312,543.7000122070312,542.0999755859375,543.5999755859375,173809
2026-03-16 09:10:00,543.4010009765625,543.7000122070312,541.7000122070312,543.2999877929688,246221
2026-03-16 09:15:00,543.4000244140625,543.5999755859375,541.9000244140625,542.2009887695312,151946
2026-03-16 09:20:00,542.4000244140625,543.7000122070312,541.7000122070312,541.9000244140625,67395
2026-03-16 09:25:00,541.9000244140625,543.5999755859375,541.4000244140625,541.5,91005
2026-03-16 09:30:00,541.5,541.7999877929688,541.0999755859375,541.4000244140625,144606
2026-03-16 09:35:00,541.5,541.5,540.7000122070312,540.9000244140625,151834
2026-03-16 09:40:00,540.9000244140625,541.0,540.5,540.7999877929688,110708
2026-03-16 09:45:00,540.7000122070312,541.9000244140625,540.5999755859375,541.1444702148438,166527
2026-03-16 09:50:00,541.0999755859375,541.2999877929688,540.5999755859375,540.5999755859375,116165
2026-03-16 09:55:00,540.7000122070312,541.7000122070312,540.5092163085938,541.4000244140625,144561
2026-03-16 10:00:00,541.5999755859375,541.7999877929688,540.2000122070312,540.4000244140625,305746
2026-03-16 10:05:00,540.4000244140625,541.2000122070312,540.0,540.25,145980
2026-03-16 10:10:00,540.2999877929688,541.5,539.7000122070312,539.7999877929688,337451
2026-03-16 10:15:00,539.9000244140625,541.7000122070312,538.5999755859375,538.9010009765625,190660
2026-03-16 10:20:00,539.0,539.0,537.7999877929688,538.4000244140625,207971
2026-03-16 10:25:00,538.2999877929688,538.7999877929688,538.0,538.4000244140625,228970
2026-03-16 10:30:00,538.5,539.0999755859375,538.2000122070312,538.4000244140625,210570
2026-03-16 10:35:00,538.4000244140625,539.0,538.2680053710938,539.0,89445
2026-03-16 10:40:00,538.7999877929688,539.2000122070312,537.5,538.1209716796875,286349
2026-03-16 10:45:00,538.02587890625,538.4000244140625,537.7999877929688,538.2100219726562,113391
2026-03-16 10:50:00,538.2000122070312,538.7000122070312,538.2000122070312,538.7000122070312,75247
2026-03-16 10:55:00,538.5,540.7999877929688,537.7999877929688,538.0,112921
2026-03-16 11:00:00,538.2000122070312,538.7999877929688,537.9000244140625,538.7000122070312,109187
2026-03-16 11:05:00,538.5999755859375,538.7999877929688,538.2999877929688,538.5999755859375,84655
2026-03-16 11:10:00,538.4000244140625,538.5,536.7999877929688,537.0999755859375,122695
2026-03-16 11:15:00,537.0999755859375,537.7999877929688,536.8900146484375,537.6099853515625,67670
2026-03-16 11:20:00,537.7000122070312,538.2999877929688,537.4000244140625,537.9000244140625,121544
2026-03-16 11:25:00,538.0076904296875,538.2000122070312,537.1929931640625,538.2000122070312,133730
2026-03-16 11:30:00,538.2000122070312,538.2000122070312,537.2999877929688,537.7000122070312,93169
2026-03-16 11:35:00,537.665771484375,537.7000122070312,536.9000244140625,537.5343017578125,84788
2026-03-16 11:40:00,537.5999755859375,539.0,537.2999877929688,537.5999755859375,779221
2026-03-16 11:45:00,537.5999755859375,537.7999877929688,536.9000244140625,537.4000244140625,73440
2026-03-16 11:50:00,537.5999755859375,537.7000122070312,537.2990112304688,537.5999755859375,49380
2026-03-16 11:55:00,537.4000244140625,539.0,537.0770263671875,537.0999755859375,959153
2026-03-16 12:00:00,537.1428833007812,537.7000122070312,537.0,537.5999755859375,126618
2026-03-16 12:05:00,537.614013671875,538.2000122070312,537.2000122070312,538.2000122070312,56465
2026-03-16 12:10:00,538.4000244140625,538.4000244140625,537.2999877929688,537.7769775390625,185428
2026-03-16 12:15:00,537.9000244140625,538.2000122070312,537.5,537.7999877929688,51052
2026-03-16 12:20:00,538.2000122070312,538.2000122070312,537.4000244140625,537.5999755859375,54629
2026-03-16 12:25:00,537.5,537.7000122070312,537.4000244140625,537.5,60204
2026-03-16 12:30:00,537.5999755859375,537.9000244140625,537.2000122070312,537.2000122070312,124317
2026-03-16 12:35:00,537.2197265625,539.0,536.4000244140625,536.4000244140625,5777102
2026-03-16 12:40:00,536.2999877929688,536.5999755859375,536.0999755859375,536.5,102134
2026-03-16 12:45:00,536.2000122070312,538.0,533.8428955078125,534.0999755859375,314911
2026-03-16 12:50:00,534.10498046875,538.0,533.197998046875,533.7999877929688,148188
2026-03-16 12:55:00,533.7999877929688,534.7999877929688,533.697998046875,534.2100219726562,202347
2026-03-16 13:00:00,534.0,534.5999755859375,533.44287109375,534.4140014648438,137499
2026-03-16 13:05:00,534.5999755859375,535.2999877929688,534.4000244140625,534.5999755859375,87695
2026-03-16 13:10:00,534.5,538.2000122070312,534.2999877929688,537.7999877929688,1172570
2026-03-16 13:15:00,535.2000122070312,537.7999877929688,535.0999755859375,535.5980224609375,167046
2026-03-16 13:20:00,535.6099853515625,536.5,535.5999755859375,536.2999877929688,83159
2026-03-16 13:25:00,536.2000122070312,537.7999877929688,535.0999755859375,535.0999755859375,110277
2026-03-16 13:30:00,535.0,539.0,533.7000122070312,534.8480224609375,811226
2026-03-16 13:35:00,535.0999755859375,537.7000122070312,533.9000244140625,536.7000122070312,299844
2026-03-16 13:40:00,536.8159790039062,538.2999877929688,536.5,537.9000244140625,251547
2026-03-16 13:45:00,537.9000244140625,538.0,537.0,537.0919799804688,201345
2026-03-16 13:50:00,537.4000244140625,538.2999877929688,535.7999877929688,538.2000122070312,189627
2026-03-16 13:55:00,537.9000244140625,538.0999755859375,536.7000122070312,537.0,191581
2026-03-16 14:00:00,537.0,538.5999755859375,537.0,538.4000244140625,242247
2026-03-16 14:05:00,538.5,539.0,537.2000122070312,537.2000122070312,934883
2026-03-16 14:10:00,537.2999877929688,539.0,536.2000122070312,537.2999877929688,1085071
2026-03-16 14:15:00,537.2999877929688,539.9000244140625,537.2050170898438,539.7999877929688,394650
2026-03-16 14:20:00,539.7000122070312,540.0,539.4000244140625,540.0,453958
2026-03-16 14:25:00,540.0,540.5,536.4000244140625,540.4000244140625,544735
2026-03-16 14:30:00,540.4000244140625,542.0,534.2999877929688,541.7999877929688,836809
2026-03-16 14:35:00,542.0,542.1099853515625,534.0,541.2000122070312,447986
2026-03-16 14:40:00,541.2999877929688,542.0999755859375,533.5999755859375,541.9000244140625,387659
2026-03-16 14:45:00,541.7999877929688,541.9097900390625,533.9000244140625,541.5,147659
2026-03-16 14:50:00,541.2999877929688,541.4000244140625,540.5,540.5999755859375,239628
2026-03-16 14:55:00,540.5999755859375,541.7000122070312,533.4000244140625,541.2999877929688,119223
2026-03-16 15:00:00,541.4000244140625,541.7999877929688,540.9000244140625,541.4603271484375,267600
2026-03-16 15:05:00,541.5999755859375,542.2000122070312,541.5,542.2000122070312,310126
2026-03-16 15:10:00,542.0999755859375,542.0999755859375,533.7000122070312,541.2000122070312,161173
2026-03-16 15:15:00,541.0999755859375,541.9000244140625,540.9000244140625,541.9000244140625,150987
2026-03-16 15:20:00,541.9000244140625,542.2999877929688,541.6290893554688,541.6290893554688,164220
2026-03-16 15:25:00,541.6849975585938,541.7000122070312,534.0,541.4000244140625,134572
2026-03-16 15:30:00,541.4000244140625,541.5,533.7999877929688,540.7000122070312,389246
2026-03-16 15:35:00,540.7677001953125,541.2999877929688,534.4000244140625,540.5,130973
2026-03-16 15:40:00,540.4000244140625,540.4105224609375,533.5999755859375,539.5,239822
2026-03-16 15:45:00,539.3289794921875,539.5999755859375,534.2999877929688,539.0009765625,184332
2026-03-16 15:50:00,539.0,539.5999755859375,535.2000122070312,539.5999755859375,194215
2026-03-16 15:55:00,539.4019775390625,539.7000122070312,536.0,539.5,219908
2026-03-16 16:00:00,539.5009765625,540.0999755859375,536.0,539.9000244140625,291501
2026-03-16 16:05:00,539.9000244140625,540.5999755859375,539.7830200195312,540.2000122070312,463270
2026-03-16 16:10:00,540.1409912109375,540.2000122070312,539.7999877929688,540.0999755859375,325982
2026-03-16 16:15:00,540.2000122070312,540.5,534.7999877929688,540.2999877929688,657659
2026-03-16 16:20:00,540.2999877929688,540.5999755859375,534.7999877929688,540.2000122070312,777741
2026-03-16 16:25:00,540.1085205078125,540.7000122070312,534.5999755859375,540.5,954799
2026-03-17 08:00:00,539.9000244140625,543.0,538.9000244140625,542.4000244140625,0
2026-03-17 08:05:00,542.5999755859375,544.9000244140625,540.0,540.4000244140625,338255
2026-03-17 08:10:00,540.4000244140625,545.2999877929688,540.0,544.0999755859375,484414
2026-03-17 08:15:00,543.9000244140625,544.0,542.7999877929688,543.2999877929688,152638
2026-03-17 08:20:00,543.0999755859375,543.7000122070312,542.2999877929688,542.7000122070312,129687
2026-03-17 08:25:00,542.7000122070312,543.2999877929688,542.2999877929688,542.7999877929688,139054
2026-03-17 08:30:00,542.8980102539062,543.7999877929688,542.5,543.4000244140625,603799
2026-03-17 08:35:00,543.2999877929688,543.7999877929688,543.0999755859375,543.7999877929688,116971
2026-03-17 08:40:00,543.7000122070312,544.5999755859375,543.2999877929688,544.5,265550
2026-03-17 08:45:00,544.2999877929688,544.7999877929688,544.0,544.4000244140625,270591
2026-03-17 08:50:00,544.5999755859375,546.5,544.4000244140625,546.2000122070312,542549
2026-03-17 08:55:00,546.0,546.0999755859375,545.0999755859375,545.5999755859375,272450
2026-03-17 09:00:00,545.5,546.0999755859375,545.2999877929688,545.7999877929688,164289
2026-03-17 09:05:00,546.0,546.2999877929688,545.0999755859375,545.0999755859375,167250
2026-03-17 09:10:00,545.2000122070312,546.4000244140625,544.7999877929688,545.948974609375,379989
2026-03-17 09:15:00,545.9000244140625,546.7000122070312,545.9000244140625,546.5,190999
2026-03-17 09:20:00,546.5,546.5999755859375,546.2000122070312,546.4000244140625,126967
2026-03-17 09:25:00,546.5,546.5999755859375,545.5999755859375,545.9000244140625,365802
2026-03-17 09:30:00,546.0999755859375,546.5,545.625,546.0999755859375,349267
2026-03-17 09:35:00,546.2999877929688,547.0,545.7000122070312,546.0,537717
2026-03-17 09:40:00,545.9251098632812,546.7000122070312,545.9251098632812,546.5999755859375,157290
2026-03-17 09:45:00,546.5,546.9000244140625,546.4000244140625,546.5,165645
2026-03-17 09:50:00,546.497802734375,546.5999755859375,546.0999755859375,546.2999877929688,160394
2026-03-17 09:55:00,546.4000244140625,547.0,546.2999877929688,546.7999877929688,141819
2026-03-17 10:00:00,546.7999877929688,547.7000122070312,546.5999755859375,547.5999755859375,262956
2026-03-17 10:05:00,547.52099609375,547.7999877929688,546.5999755859375,547.7999877929688,335353
2026-03-17 10:10:00,547.5999755859375,548.5,547.0,548.2999877929688,341814
2026-03-17 10:15:00,548.0999755859375,548.4000244140625,548.0,548.2999877929688,177732
2026-03-17 10:20:00,548.4000244140625,548.5,548.0999755859375,548.0999755859375,222683
2026-03-17 10:25:00,548.2000122070312,548.5999755859375,548.0,548.5999755859375,278254
2026-03-17 10:30:00,548.5999755859375,548.7000122070312,547.8978881835938,548.0281982421875,175472
2026-03-17 10:35:00,548.0999755859375,548.5999755859375,547.9000244140625,548.2999877929688,241755
2026-03-17 10:40:00,548.3533935546875,548.5,547.9000244140625,548.2802124023438,153425
2026-03-17 10:45:00,548.4000244140625,548.7999877929688,548.2000122070312,548.4219970703125,195851
2026-03-17 10:50:00,548.4000244140625,548.7000122070312,548.2000122070312,548.3759765625,80831
2026-03-17 10:55:00,548.4000244140625,548.5830078125,547.7000122070312,547.9000244140625,194720
2026-03-17 11:00:00,547.9000244140625,547.9000244140625,547.4000244140625,547.4099731445312,157995
2026-03-17 11:05:00,547.4000244140625,547.5,546.9000244140625,547.2999877929688,830576
2026-03-17 11:10:00,547.2999877929688,547.2999877929688,546.9000244140625,547.0999755859375,235085
2026-03-17 11:15:00,547.2000122070312,547.5,546.997802734375,547.2999877929688,139128
2026-03-17 11:20:00,547.4000244140625,548.0,547.0999755859375,547.9000244140625,319259
2026-03-17 11:25:00,547.9000244140625,548.0999755859375,547.5999755859375,548.0,161372
2026-03-17 11:30:00,548.0,549.5,548.0,548.7999877929688,623652
2026-03-17 11:35:00,548.9000244140625,549.0,548.5650024414062,548.8123168945312,364744
2026-03-17 11:40:00,548.7999877929688,549.0999755859375,548.7999877929688,549.010986328125,102428
2026-03-17 11:45:00,549.2000122070312,549.4000244140625,549.0,549.2503051757812,83593
2026-03-17 11:50:00,549.4000244140625,549.5999755859375,549.2000122070312,549.2999877929688,422046
2026-03-17 11:55:00,549.4000244140625,549.5,548.156005859375,548.2999877929688,133898
2026-03-17 12:00:00,548.4000244140625,548.5,547.5999755859375,548.0,129054
2026-03-17 12:05:00,548.0999755859375,548.0999755859375,547.5999755859375,547.5999755859375,125718
2026-03-17 12:10:00,547.5999755859375,547.5999755859375,539.9000244140625,547.2999877929688,1860311
2026-03-17 12:15:00,547.0,547.2999877929688,546.7000122070312,547.0,101900
2026-03-17 12:20:00,546.9000244140625,547.2000122070312,546.7000122070312,547.0009765625,119106
2026-03-17 12:25:00,547.0,547.0999755859375,546.5999755859375,547.0,216949
2026-03-17 12:30:00,546.9000244140625,547.0,546.2999877929688,546.7999877929688,195442
2026-03-17 12:35:00,546.7999877929688,546.7999877929688,546.0,546.7000122070312,163437
2026-03-17 12:40:00,546.5999755859375,546.7999877929688,546.0,546.5,116210
2026-03-17 12:45:00,546.5,546.7999877929688,546.4000244140625,546.7999877929688,612547
2026-03-17 12:50:00,546.7999877929688,547.0,546.5,546.7999877929688,74605
2026-03-17 12:55:00,546.9000244140625,547.4000244140625,546.7999877929688,547.0,168258
2026-03-17 13:00:00,547.0,547.0999755859375,545.2999877929688,545.5999755859375,239563
2026-03-17 13:05:00,545.5579833984375,546.0,545.0,545.2999877929688,270118
2026-03-17 13:10:00,545.2000122070312,546.0,545.0999755859375,545.7291870117188,115179
2026-03-17 13:15:00,545.5999755859375,545.9000244140625,545.2999877929688,545.322021484375,135785
2026-03-17 13:20:00,545.4000244140625,545.7999877929688,544.9000244140625,545.5,312341
2026-03-17 13:25:00,545.5,545.5,544.4000244140625,545.5,283917
2026-03-17 13:30:00,545.5,545.7999877929688,543.5999755859375,544.0999755859375,580408
2026-03-17 13:35:00,544.2999877929688,545.2999877929688,543.7000122070312,545.010986328125,188180
2026-03-17 13:40:00,545.2999877929688,547.0,544.7000122070312,546.7000122070312,601068
2026-03-17 13:45:00,546.7999877929688,547.5,543.5,547.5,422108
2026-03-17 13:50:00,547.5,549.9000244140625,544.0999755859375,549.5999755859375,703778
2026-03-17 13:55:00,549.7000122070312,550.9000244140625,544.7000122070312,550.9000244140625,2219107
2026-03-17 14:00:00,550.9000244140625,552.5,549.5,552.4000244140625,1099516
2026-03-17 14:05:00,552.2999877929688,552.5999755859375,547.9000244140625,551.7000122070312,686854
2026-03-17 14:10:00,551.7000122070312,551.9000244140625,550.2000122070312,551.2999877929688,276328
2026-03-17 14:15:00,551.0999755859375,552.0,551.0,551.7000122070312,483767
2026-03-17 14:20:00,551.5440063476562,552.5,548.0989990234375,552.5,438911
2026-03-17 14:25:00,552.4000244140625,552.7999877929688,551.5999755859375,552.2000122070312,452073
2026-03-17 14:30:00,552.2000122070312,552.5999755859375,551.7999877929688,552.2000122070312,391220
2026-03-17 14:35:00,552.0999755859375,552.5999755859375,551.2000122070312,552.2000122070312,458765
2026-03-17 14:40:00,552.2000122070312,552.2999877929688,550.9000244140625,550.9000244140625,529127
2026-03-17 14:45:00,551.0999755859375,551.0999755859375,550.0,550.4000244140625,338125
2026-03-17 14:50:00,550.2999877929688,550.5,549.9000244140625,550.0999755859375,214708
2026-03-17 14:55:00,550.2000122070312,550.7999877929688,549.4000244140625,550.5,387146
2026-03-17 15:00:00,550.5,550.7999877929688,549.7000122070312,550.0,1322792
2026-03-17 15:05:00,550.0,551.7999877929688,549.9000244140625,551.2999877929688,1801501
2026-03-17 15:10:00,551.2000122070312,551.5999755859375,550.5999755859375,550.9000244140625,317472
2026-03-17 15:15:00,550.7000122070312,550.7999877929688,549.7999877929688,550.2000122070312,396331
2026-03-17 15:20:00,550.2000122070312,550.4000244140625,549.5999755859375,550.0009765625,421262
2026-03-17 15:25:00,550.0999755859375,550.5,549.9000244140625,550.4000244140625,331736
2026-03-17 15:30:00,550.4000244140625,551.5,549.7999877929688,551.0999755859375,228650
2026-03-17 15:35:00,551.0999755859375,551.4000244140625,550.4000244140625,551.2000122070312,407594
2026-03-17 15:40:00,551.25,552.0999755859375,551.0999755859375,552.018798828125,393298
2026-03-17 15:45:00,552.0,553.4097290039062,551.4000244140625,551.6243286132812,207985
2026-03-17 15:50:00,551.6470947265625,552.0999755859375,551.5999755859375,551.7000122070312,417854
2026-03-17 15:55:00,551.7000122070312,552.2999877929688,551.2999877929688,552.2009887695312,250489
2026-03-17 16:00:00,552.2999877929688,552.5,551.5999755859375,552.2009887695312,293772
2026-03-17 16:05:00,552.0999755859375,552.4000244140625,551.7999877929688,552.0531005859375,444739
2026-03-17 16:10:00,552.2000122070312,552.2000122070312,551.5999755859375,551.7999877929688,291158
2026-03-17 16:15:00,551.7999877929688,551.9000244140625,551.0999755859375,551.0999755859375,295293
2026-03-17 16:20:00,551.2000122070312,551.9000244140625,550.0,550.4000244140625,238290
2026-03-17 16:25:00,550.4000244140625,550.5,549.5,550.2000122070312,1174824
2026-03-18 08:00:00,550.0,550.5999755859375,546.7000122070312,550.0,0
2026-03-18 08:05:00,550.0,550.4000244140625,546.4000244140625,547.2000122070312,207503
2026-03-18 08:10:00,547.0,548.4000244140625,546.5,548.4000244140625,254154
2026-03-18 08:15:00,548.4000244140625,548.9000244140625,546.7000122070312,548.0999755859375,525873
2026-03-18 08:20:00,546.7999877929688,548.5,546.2000122070312,547.22998046875,458557
2026-03-18 08:25:00,547.2999877929688,548.5999755859375,547.2000122070312,547.7999877929688,149000
2026-03-18 08:30:00,547.9000244140625,548.7000122070312,547.2000122070312,548.7000122070312,241930
2026-03-18 08:35:00,547.7000122070312,548.7999877929688,547.2000122070312,548.4000244140625,494939
2026-03-18 08:40:00,548.5,549.4000244140625,548.2000122070312,549.0999755859375,1171856
2026-03-18 08:45:00,549.2000122070312,549.9000244140625,549.2000122070312,549.5999755859375,143566
2026-03-18 08:50:00,549.4000244140625,549.5999755859375,549.0,549.0999755859375,154373
2026-03-18 08:55:00,549.2349853515625,549.5999755859375,548.7000122070312,549.5,269501
2026-03-18 09:00:00,549.4000244140625,550.5999755859375,549.4000244140625,549.9349975585938,522171
2026-03-18 09:05:00,549.8369750976562,549.9000244140625,548.7999877929688,549.2999877929688,150683
2026-03-18 09:10:00,549.2999877929688,549.5,548.969970703125,549.0349731445312,150436
2026-03-18 09:15:00,549.0999755859375,549.2999877929688,548.7000122070312,548.7999877929688,81453
2026-03-18 09:20:00,548.9349975585938,549.0999755859375,548.5,548.5700073242188,81882
2026-03-18 09:25:00,549.0,549.2000122070312,548.4000244140625,548.5999755859375,376825
2026-03-18 09:30:00,548.5999755859375,549.5,548.4000244140625,549.0999755859375,170774
2026-03-18 09:35:00,549.2000122070312,549.2999877929688,548.7349853515625,548.7999877929688,203757
2026-03-18 09:40:00,548.7999877929688,549.0999755859375,548.5,548.5999755859375,52774
2026-03-18 09:45:00,548.5999755859375,549.2999877929688,548.5999755859375,549.0,192166
2026-03-18 09:50:00,549.0,549.5,548.7999877929688,549.1309814453125,311868
2026-03-18 09:55:00,549.2000122070312,549.2999877929688,548.9000244140625,549.2000122070312,61989
2026-03-18 10:00:00,549.0,549.2000122070312,548.7999877929688,548.7999877929688,75332
2026-03-18 10:05:00,548.7999877929688,549.0999755859375,548.0999755859375,548.7860107421875,65651
2026-03-18 10:10:00,548.7999877929688,549.0,548.5999755859375,549.0,98639
2026-03-18 10:15:00,548.7000122070312,549.0999755859375,548.5,549.0999755859375,135759
2026-03-18 10:20:00,549.0999755859375,549.2999877929688,548.5999755859375,548.7000122070312,142178
2026-03-18 10:25:00,548.6309814453125,549.0,548.5999755859375,548.7999877929688,111037
2026-03-18 10:30:00,548.8897705078125,549.0,548.7000122070312,548.7000122070312,70874
2026-03-18 10:35:00,548.7000122070312,548.7999877929688,548.4000244140625,548.77001953125,56919
2026-03-18 10:40:00,548.7999877929688,549.0999755859375,548.5999755859375,548.9700927734375,92068
2026-03-18 10:45:00,549.0999755859375,549.0999755859375,548.7000122070312,549.0,104992
2026-03-18 10:50:00,549.0490112304688,549.2960205078125,548.7999877929688,549.0,61944
2026-03-18 10:55:00,549.0,549.2999877929688,548.7999877929688,549.2440185546875,66138
2026-03-18 11:00:00,549.2000122070312,549.2000122070312,548.969970703125,549.2000122070312,73859
2026-03-18 11:05:00,549.0999755859375,549.2000122070312,548.9000244140625,549.0,35777
2026-03-18 11:10:00,549.0806274414062,549.2000122070312,549.0,549.0,19399
2026-03-18 11:15:00,549.0,549.5,549.0,549.2000122070312,85455
2026-03-18 11:20:00,549.4000244140625,549.7000122070312,549.2000122070312,549.5999755859375,67382
2026-03-18 11:25:00,549.5969848632812,552.5,549.1240234375,552.2999877929688,15850371
2026-03-18 11:30:00,552.4000244140625,552.75,552.0,552.5,142056
2026-03-18 11:35:00,552.7000122070312,552.7999877929688,551.7000122070312,551.7000122070312,263464
2026-03-18 11:40:00,551.7000122070312,552.2000122070312,551.0999755859375,551.1450805664062,160671
2026-03-18 11:45:00,551.2000122070312,551.4000244140625,549.1240234375,550.7999877929688,668636
2026-03-18 11:50:00,550.7999877929688,552.5,550.2999877929688,550.9000244140625,62639
2026-03-18 11:55:00,550.9000244140625,552.2000122070312,549.1240234375,550.2999877929688,741550
2026-03-18 12:00:00,550.1900024414062,550.7999877929688,550.0,550.7000122070312,108906
2026-03-18 12:05:00,550.5999755859375,551.2000122070312,550.5,551.0,154686
2026-03-18 12:10:00,550.0999755859375,551.7000122070312,550.0999755859375,551.7000122070312,150902
2026-03-18 12:15:00,551.5999755859375,552.0999755859375,551.2999877929688,551.9920043945312,128198
2026-03-18 12:20:00,551.9920043945312,552.0999755859375,551.5,551.5999755859375,129486
2026-03-18 12:25:00,551.5,551.7999877929688,551.2000122070312,551.5999755859375,108436
2026-03-18 12:30:00,551.6920166015625,552.0999755859375,550.2000122070312,551.5999755859375,169380
2026-03-18 12:35:00,551.5999755859375,551.9000244140625,551.2999877929688,551.5,72762
2026-03-18 12:40:00,551.4000244140625,553.5,550.7999877929688,553.5,363666
2026-03-18 12:45:00,553.5,554.2999877929688,552.7999877929688,553.9000244140625,356361
2026-03-18 12:50:00,553.9000244140625,554.2999877929688,551.4000244140625,551.5,207195
2026-03-18 12:55:00,551.5,554.0999755859375,551.0999755859375,553.5999755859375,116497
2026-03-18 13:00:00,553.5,554.4000244140625,551.2000122070312,554.0999755859375,160561
2026-03-18 13:05:00,554.1959838867188,554.5999755859375,552.5999755859375,554.4229736328125,273772
2026-03-18 13:10:00,554.4000244140625,554.7000122070312,554.0,554.7000122070312,153352
2026-03-18 13:15:00,554.7000122070312,554.9000244140625,554.2999877929688,554.4000244140625,362223
2026-03-18 13:20:00,554.5999755859375,555.0,554.2999877929688,554.9000244140625,228939
2026-03-18 13:25:00,554.7999877929688,555.4000244140625,554.2999877929688,555.0,961205
2026-03-18 13:30:00,555.4000244140625,558.5,555.4000244140625,557.5,907359
2026-03-18 13:35:00,557.5999755859375,559.2000122070312,557.5,559.0,707732
2026-03-18 13:40:00,559.0999755859375,559.5,558.2999877929688,559.3150024414062,777879
2026-03-18 13:45:00,559.0999755859375,559.7999877929688,557.0,559.2999877929688,616806
2026-03-18 13:50:00,559.2000122070312,559.2999877929688,557.5,558.614990234375,432993
2026-03-18 13:55:00,558.7000122070312,559.5999755859375,553.9000244140625,559.2999877929688,488798
2026-03-18 14:00:00,559.3300170898438,559.4000244140625,557.7999877929688,557.9000244140625,697834
2026-03-18 14:05:00,557.9000244140625,559.5,557.0999755859375,557.9000244140625,317031
2026-03-18 14:10:00,557.7999877929688,559.7999877929688,557.4539794921875,558.0,218424
2026-03-18 14:15:00,557.7000122070312,559.0,557.7000122070312,558.7999877929688,201878
2026-03-18 14:20:00,558.7000122070312,559.2000122070312,557.7999877929688,558.2000122070312,360039
2026-03-18 14:25:00,557.989990234375,559.0999755859375,556.5999755859375,556.7999877929688,222305
2026-03-18 14:30:00,556.9000244140625,559.2000122070312,556.5999755859375,557.4000244140625,422885
2026-03-18 14:35:00,557.4000244140625,559.2999877929688,550.0,556.5,6954967
2026-03-18 14:40:00,556.5,559.0999755859375,555.5999755859375,556.0,464285
2026-03-18 14:45:00,556.0,559.0999755859375,555.7999877929688,556.10400390625,355574
2026-03-18 14:50:00,556.0020141601562,556.4000244140625,555.5999755859375,555.7000122070312,210486
2026-03-18 14:55:00,555.7000122070312,556.0,555.0999755859375,555.0999755859375,278037
2026-03-18 15:00:00,555.2000122070312,555.5999755859375,553.9000244140625,554.7000122070312,238485
2026-03-18 15:05:00,554.7000122070312,555.2000122070312,554.5,554.7000122070312,349785
2026-03-18 15:10:00,554.5999755859375,559.4000244140625,554.0,555.2260131835938,281385
2026-03-18 15:15:00,555.2000122070312,559.0,555.2000122070312,556.0999755859375,276802
2026-03-18 15:20:00,556.0,556.5,555.5,556.4000244140625,166785
2026-03-18 15:25:00,556.2999877929688,557.2000122070312,556.0,557.0,181089
2026-03-18 15:30:00,556.9000244140625,556.9000244140625,555.9000244140625,556.2999877929688,158064
2026-03-18 15:35:00,556.2000122070312,556.5999755859375,555.7999877929688,555.7999877929688,161468
2026-03-18 15:40:00,555.8060302734375,558.5999755859375,555.5999755859375,555.7000122070312,130413
2026-03-18 15:45:00,555.9000244140625,556.0999755859375,555.5,556.0999755859375,142927
2026-03-18 15:50:00,556.0,556.2000122070312,554.7999877929688,554.9000244140625,148607
2026-03-18 15:55:00,554.9000244140625,555.2000122070312,554.5999755859375,555.0,261788
2026-03-18 16:00:00,554.9000244140625,555.0999755859375,554.7260131835938,554.9000244140625,186703
2026-03-18 16:05:00,554.9000244140625,555.2000122070312,554.2000122070312,554.5430297851562,362626
2026-03-18 16:10:00,554.7000122070312,554.7999877929688,553.7999877929688,554.5999755859375,310121
2026-03-18 16:15:00,554.5,555.4000244140625,554.5,555.2999877929688,400685
2026-03-18 16:20:00,555.3259887695312,555.5999755859375,555.0999755859375,555.5,410075
2026-03-18 16:25:00,555.5999755859375,555.9000244140625,555.0,555.7999877929688,833400
2026-03-19 08:00:00,560.0,563.2999877929688,559.0,562.9000244140625,0
2026-03-19 08:05:00,562.7802734375,565.4000244140625,560.7999877929688,564.7000122070312,1234731
2026-03-19 08:10:00,564.5999755859375,564.7000122070312,560.7999877929688,563.7000122070312,786788
2026-03-19 08:15:00,563.7999877929688,566.5999755859375,562.0,566.0999755859375,693878
2026-03-19 08:20:00,566.2999877929688,568.5,562.0,567.2000122070312,1185777
2026-03-19 08:25:00,567.2000122070312,567.4000244140625,563.7999877929688,564.4000244140625,516263
2026-03-19 08:30:00,564.4000244140625,566.7999877929688,563.2999877929688,565.2000122070312,319570
2026-03-19 08:35:00,566.7000122070312,568.0,565.031005859375,566.9000244140625,440610
2026-03-19 08:40:00,566.9000244140625,568.2999877929688,566.7999877929688,568.0999755859375,518325
2026-03-19 08:45:00,567.9249877929688,568.5,564.7000122070312,568.4149780273438,441911
2026-03-19 08:50:00,568.427978515625,569.0,564.4000244140625,568.0,367635
2026-03-19 08:55:00,568.0999755859375,568.2999877929688,566.0999755859375,568.0,532016
2026-03-19 09:00:00,567.9000244140625,568.5,566.8740234375,567.9000244140625,404958
2026-03-19 09:05:00,567.2999877929688,568.2000122070312,566.5999755859375,567.2999877929688,487347
2026-03-19 09:10:00,567.2999877929688,568.7000122070312,566.7000122070312,566.9898071289062,833246
2026-03-19 09:15:00,567.0999755859375,568.5,566.5999755859375,568.0,247727
2026-03-19 09:20:00,567.7999877929688,569.0,566.7999877929688,568.9000244140625,309716
2026-03-19 09:25:00,568.7999877929688,571.9000244140625,566.9000244140625,570.9000244140625,1441326
2026-03-19 09:30:00,570.7000122070312,571.5,567.5999755859375,571.2999877929688,416444
2026-03-19 09:35:00,571.2171020507812,571.6890258789062,570.9000244140625,571.2000122070312,326445
2026-03-19 09:40:00,571.2999877929688,571.7000122070312,571.0999755859375,571.5,379396
2026-03-19 09:45:00,571.6599731445312,571.6599731445312,570.5,571.5999755859375,655274
2026-03-19 09:50:00,571.531982421875,571.531982421875,570.7000122070312,571.2999877929688,329017
2026-03-19 09:55:00,571.2000122070312,572.5999755859375,570.9910278320312,572.52001953125,732000
2026-03-19 10:00:00,572.5,573.2999877929688,567.2000122070312,571.2999877929688,1561949
2026-03-19 10:05:00,571.0999755859375,572.7000122070312,567.0999755859375,570.7000122070312,941715
2026-03-19 10:10:00,570.7000122070312,571.0,570.2000122070312,570.8049926757812,336246
2026-03-19 10:15:00,570.9000244140625,571.9000244140625,570.5,571.9000244140625,1247976
2026-03-19 10:20:00,571.9000244140625,572.4000244140625,571.4000244140625,571.4000244140625,453444
2026-03-19 10:25:00,571.5,571.9000244140625,571.0999755859375,571.7999877929688,282819
2026-03-19 10:30:00,571.7000122070312,572.2999877929688,570.7000122070312,571.0999755859375,283610
2026-03-19 10:35:00,571.4000244140625,571.4000244140625,570.4000244140625,571.0999755859375,436393
2026-03-19 10:40:00,571.0999755859375,571.5,570.6500244140625,570.7999877929688,260393
2026-03-19 10:45:00,570.7000122070312,571.0999755859375,570.5999755859375,570.9000244140625,283925
2026-03-19 10:50:00,570.9000244140625,571.5999755859375,570.0999755859375,570.4000244140625,249181
2026-03-19 10:55:00,570.4000244140625,571.0999755859375,570.0999755859375,570.8930053710938,200917
2026-03-19 11:00:00,570.7000122070312,571.0999755859375,570.0999755859375,570.5999755859375,388172
2026-03-19 11:05:00,570.5,570.5999755859375,567.2999877929688,568.2999877929688,516997
2026-03-19 11:10:00,568.2000122070312,568.9000244140625,567.5999755859375,568.0999755859375,249213
2026-03-19 11:15:00,568.0,569.0999755859375,567.5999755859375,568.9000244140625,365430
2026-03-19 11:20:00,568.9000244140625,569.2000122070312,568.5,568.9155883789062,380651
2026-03-19 11:25:00,568.8099975585938,569.2000122070312,567.7999877929688,567.7999877929688,147724
2026-03-19 11:30:00,567.7999877929688,570.2000122070312,567.7999877929688,570.2000122070312,142990
2026-03-19 11:35:00,570.0,570.4000244140625,569.9000244140625,570.2999877929688,186646
2026-03-19 11:40:00,570.2999877929688,571.5,569.7999877929688,570.2119750976562,210243
2026-03-19 11:45:00,570.4000244140625,571.4000244140625,570.2999877929688,570.4500122070312,293727
2026-03-19 11:50:00,570.5,570.9000244140625,570.2000122070312,570.6099853515625,173062
2026-03-19 11:55:00,570.5999755859375,570.9000244140625,570.2000122070312,570.5999755859375,207785
2026-03-19 12:00:00,570.5999755859375,571.0999755859375,570.0999755859375,570.4000244140625,351917
2026-03-19 12:05:00,570.5999755859375,570.9000244140625,569.8140258789062,570.0999755859375,478311
2026-03-19 12:10:00,570.2000122070312,571.0,570.0770263671875,571.0,625955
2026-03-19 12:15:00,570.9500122070312,572.7999877929688,570.5,572.3729858398438,386398
2026-03-19 12:20:00,572.39990234375,572.7000122070312,570.2000122070312,571.7919921875,236811
2026-03-19 12:25:00,571.5999755859375,571.9000244140625,570.5,570.7000122070312,339013
2026-03-19 12:30:00,570.7000122070312,571.2000122070312,569.0999755859375,569.2999877929688,215612
2026-03-19 12:35:00,569.2000122070312,569.9000244140625,568.7999877929688,569.5,477564
2026-03-19 12:40:00,569.4000244140625,570.0999755859375,569.2000122070312,569.7999877929688,296869
2026-03-19 12:45:00,569.7999877929688,569.7999877929688,568.9000244140625,569.5999755859375,231408
2026-03-19 12:50:00,569.7000122070312,570.7000122070312,569.2999877929688,569.2999877929688,254575
2026-03-19 12:55:00,569.2999877929688,569.4000244140625,568.7000122070312,569.2000122070312,120242
2026-03-19 13:00:00,569.0999755859375,569.4000244140625,568.4000244140625,568.9000244140625,247215
2026-03-19 13:05:00,568.9000244140625,570.5999755859375,568.5,569.5999755859375,238733
2026-03-19 13:10:00,569.7000122070312,570.2999877929688,568.2000122070312,568.2999877929688,271232
2026-03-19 13:15:00,568.2000122070312,569.4000244140625,568.2000122070312,568.7999877929688,327712
2026-03-19 13:20:00,568.7000122070312,571.0,568.4000244140625,570.5999755859375,652641
2026-03-19 13:25:00,570.5999755859375,573.2000122070312,570.0999755859375,573.2000122070312,685121
2026-03-19 13:30:00,573.0999755859375,575.0,571.0999755859375,574.9000244140625,1730040
2026-03-19 13:35:00,575.0,577.7999877929688,569.7000122070312,576.2000122070312,1167561
2026-03-19 13:40:00,576.2999877929688,576.7000122070312,573.4000244140625,574.7999877929688,1573107
2026-03-19 13:45:00,574.5391235351562,576.7000122070312,573.5,575.7999877929688,942574
2026-03-19 13:50:00,575.7999877929688,575.7999877929688,573.2999877929688,574.9030151367188,888803
2026-03-19 13:55:00,574.7999877929688,575.7000122070312,573.5999755859375,575.1160278320312,711402
2026-03-19 14:00:00,575.2000122070312,577.0999755859375,573.5999755859375,576.9000244140625,651442
2026-03-19 14:05:00,576.7999877929688,578.7000122070312,573.5999755859375,578.4000244140625,854719
2026-03-19 14:10:00,578.5,579.5,573.7000122070312,578.5269165039062,714486
2026-03-19 14:15:00,578.7999877929688,579.7000122070312,573.7999877929688,579.6448974609375,473636
2026-03-19 14:20:00,579.7000122070312,580.2999877929688,573.7999877929688,579.9000244140625,1687390
2026-03-19 14:25:00,579.9000244140625,580.9000244140625,573.9000244140625,580.5,660596
2026-03-19 14:30:00,580.2999877929688,580.7999877929688,574.5,580.7999877929688,801118
2026-03-19 14:35:00,580.9000244140625,582.0999755859375,579.7080078125,582.0,802725
2026-03-19 14:40:00,582.0,583.0,574.5999755859375,581.8499755859375,743267
2026-03-19 14:45:00,581.7999877929688,581.9000244140625,574.4000244140625,581.2000122070312,505809
2026-03-19 14:50:00,581.1380004882812,581.7000122070312,574.4000244140625,581.5999755859375,499801
2026-03-19 14:55:00,581.5999755859375,582.0999755859375,575.2000122070312,581.6500244140625,440297
2026-03-19 15:00:00,581.7000122070312,582.0,575.0,580.9000244140625,580496
2026-03-19 15:05:00,580.7999877929688,581.0999755859375,578.5,580.7000122070312,537915
2026-03-19 15:10:00,580.7000122070312,581.2000122070312,580.0999755859375,580.2000122070312,548026
2026-03-19 15:15:00,580.0999755859375,580.7000122070312,579.7000122070312,580.2999877929688,497901
2026-03-19 15:20:00,580.2999877929688,580.9000244140625,580.0999755859375,580.8137817382812,645453
2026-03-19 15:25:00,580.9000244140625,581.4000244140625,579.0999755859375,579.2000122070312,779577
2026-03-19 15:30:00,579.2000122070312,579.5999755859375,576.2000122070312,578.2999877929688,634832
2026-03-19 15:35:00,578.5,580.5,577.2999877929688,580.5,716062
2026-03-19 15:40:00,580.4000244140625,581.8499755859375,576.4000244140625,581.3203735351562,887399
2026-03-19 15:45:00,581.4000244140625,582.9000244140625,576.2000122070312,582.5999755859375,826592
2026-03-19 15:50:00,582.7999877929688,583.5999755859375,574.7000122070312,582.5999755859375,605465
2026-03-19 15:55:00,582.5999755859375,582.7000122070312,575.0999755859375,580.2999877929688,588435
2026-03-19 16:00:00,580.2999877929688,581.2999877929688,574.5,580.5189819335938,772151
2026-03-19 16:05:00,580.7999877929688,580.9000244140625,579.0,579.2000122070312,636663
2026-03-19 16:10:00,579.2000122070312,579.7999877929688,578.9000244140625,579.7999877929688,440398
2026-03-19 16:15:00,579.7999877929688,580.7000122070312,574.0,580.5,584747
2026-03-19 16:20:00,580.2999877929688,580.7999877929688,573.7999877929688,580.0999755859375,700971
2026-03-19 16:25:00,580.0999755859375,580.5,573.7000122070312,580.2999877929688,1038710
2026-03-20 08:00:00,573.0,573.0,569.5999755859375,572.7999877929688,0
2026-03-20 08:05:00,572.7000122070312,572.7999877929688,569.9000244140625,572.0999755859375,439049
2026-03-20 08:10:00,571.9000244140625,572.2000122070312,569.64697265625,570.5,396743
2026-03-20 08:15:00,570.4000244140625,572.2000122070312,570.2000122070312,571.7000122070312,337970
2026-03-20 08:20:00,571.5999755859375,572.2000122070312,569.9000244140625,572.2000122070312,1151539
2026-03-20 08:25:00,570.02197265625,572.2000122070312,568.7000122070312,568.7000122070312,552460
2026-03-20 08:30:00,568.5999755859375,572.2999877929688,568.2000122070312,569.0,221187
2026-03-20 08:35:00,569.7000122070312,572.7999877929688,568.5,570.2000122070312,225413
2026-03-20 08:40:00,570.2999877929688,571.9000244140625,570.0999755859375,571.5,172449
2026-03-20 08:45:00,571.0,572.5,570.3162841796875,571.0999755859375,483112
2026-03-20 08:50:00,571.0999755859375,572.4000244140625,569.9000244140625,571.5,142681
2026-03-20 08:55:00,571.5,572.2999877929688,568.5999755859375,572.2999877929688,96685
2026-03-20 09:00:00,572.0999755859375,572.5,568.7000122070312,570.7999877929688,202676
2026-03-20 09:05:00,571.0,572.0999755859375,568.9000244140625,569.4000244140625,180822
2026-03-20 09:10:00,569.302001953125,569.9000244140625,568.7999877929688,569.5999755859375,577685
2026-03-20 09:15:00,569.5999755859375,570.5,569.5,569.9000244140625,121905
2026-03-20 09:20:00,569.7000122070312,570.2000122070312,568.9000244140625,569.5,193701
2026-03-20 09:25:00,569.5499877929688,570.0999755859375,569.2999877929688,569.7139892578125,150485
2026-03-20 09:30:00,569.9000244140625,570.7000122070312,569.7999877929688,570.5,141690
2026-03-20 09:35:00,570.6110229492188,571.7000122070312,570.4937133789062,571.7000122070312,224661
2026-03-20 09:40:00,571.5,571.9000244140625,570.9000244140625,571.2999877929688,199429
2026-03-20 09:45:00,571.2999877929688,572.0999755859375,570.4000244140625,570.9000244140625,255760
2026-03-20 09:50:00,570.9000244140625,571.0,568.5999755859375,568.5999755859375,253755
2026-03-20 09:55:00,568.7000122070312,569.0,567.2999877929688,567.9000244140625,560090
2026-03-20 10:00:00,567.7000122070312,570.2000122070312,567.6699829101562,570.2000122070312,294156
2026-03-20 10:05:00,570.0999755859375,572.2000122070312,570.0,570.7000122070312,3668745
2026-03-20 10:10:00,570.6669921875,570.6669921875,570.6669921875,570.6669921875,620
2026-03-20 10:15:00,569.7999877929688,570.7000122070312,568.7999877929688,569.3300170898438,10520523
2026-03-20 10:20:00,569.4000244140625,569.7000122070312,568.0999755859375,568.0999755859375,2051566
2026-03-20 10:25:00,568.1119995117188,568.2999877929688,565.9000244140625,567.0,2296905
2026-03-20 10:30:00,567.0,569.5,566.5,568.4000244140625,908206
2026-03-20 10:35:00,568.2999877929688,569.2000122070312,568.2000122070312,569.0,1626698
2026-03-20 10:40:00,569.0,569.2000122070312,566.5,566.5999755859375,3569163
2026-03-20 10:45:00,566.5999755859375,567.2000122070312,564.4000244140625,564.7999877929688,2060921
2026-03-20 10:50:00,564.7000122070312,569.9000244140625,564.5,569.0,4820541
2026-03-20 10:55:00,569.0,569.7999877929688,567.5,567.5999755859375,4945508
2026-03-20 11:00:00,567.7999877929688,569.5,567.2999877929688,567.7999877929688,1233342
2026-03-20 11:05:00,567.7999877929688,569.2999877929688,567.5999755859375,568.9000244140625,278108
2026-03-20 11:10:00,568.7999877929688,568.7999877929688,567.7999877929688,568.2000122070312,82382
2026-03-20 11:15:00,568.0,568.4000244140625,567.2999877929688,568.2000122070312,168186
2026-03-20 11:20:00,568.2999877929688,569.2000122070312,568.2999877929688,568.7999877929688,172408
2026-03-20 11:25:00,568.9000244140625,569.2000122070312,567.0,567.2999877929688,241620
2026-03-20 11:30:00,567.4000244140625,568.5,567.0,567.5999755859375,246462
2026-03-20 11:35:00,567.5,567.7000122070312,567.0,567.0999755859375,117224
2026-03-20 11:40:00,567.0999755859375,567.0999755859375,565.9000244140625,566.7000122070312,220615
2026-03-20 11:45:00,566.7000122070312,567.2000122070312,566.1500244140625,566.5,130496
2026-03-20 11:50:00,566.5,568.7999877929688,566.0999755859375,566.2999877929688,139233
2026-03-20 11:55:00,566.2999877929688,568.5499877929688,565.885986328125,566.7000122070312,208636
2026-03-20 12:00:00,566.7000122070312,567.5,566.4000244140625,567.5,408406
2026-03-20 12:05:00,567.4500122070312,571.7000122070312,566.7000122070312,566.7999877929688,204125
2026-03-20 12:10:00,566.7009887695312,568.75,565.9000244140625,566.5020141601562,585505
2026-03-20 12:15:00,566.2000122070312,568.0999755859375,565.5,565.5999755859375,306976
2026-03-20 12:20:00,565.7000122070312,566.2000122070312,564.5999755859375,565.0999755859375,601648
2026-03-20 12:25:00,565.2000122070312,565.9000244140625,565.10302734375,565.7000122070312,299624
2026-03-20 12:30:00,565.7999877929688,573.0,565.7000122070312,566.4639892578125,4754176
2026-03-20 12:35:00,567.2999877929688,568.25,566.4450073242188,567.0999755859375,251860
2026-03-20 12:40:00,567.2999877929688,567.2999877929688,566.2000122070312,566.2000122070312,151405
2026-03-20 12:45:00,566.2000122070312,566.2999877929688,565.5999755859375,565.5999755859375,115731
2026-03-20 12:50:00,565.7000122070312,567.0999755859375,565.0999755859375,566.0,310873
2026-03-20 12:55:00,566.0,566.2999877929688,565.2999877929688,565.7000122070312,77736
2026-03-20 13:00:00,565.7000122070312,566.2000122070312,565.2000122070312,566.0999755859375,125782
2026-03-20 13:05:00,566.0999755859375,569.2999877929688,565.5,565.5,112584
2026-03-20 13:10:00,565.4000244140625,565.9000244140625,565.2999877929688,565.5999755859375,127422
2026-03-20 13:15:00,565.5,566.5,565.2999877929688,565.7999877929688,176029
2026-03-20 13:20:00,565.9959716796875,567.0,564.7999877929688,566.7930297851562,136314
2026-03-20 13:25:00,566.7000122070312,567.0999755859375,565.2655029296875,565.7999877929688,243493
2026-03-20 13:30:00,565.7999877929688,568.9000244140625,562.5999755859375,568.5499877929688,1330323
2026-03-20 13:35:00,568.5,569.7999877929688,567.5999755859375,568.4000244140625,1039187
2026-03-20 13:40:00,568.4000244140625,568.7999877929688,566.7999877929688,568.25,268844
2026-03-20 13:45:00,568.2000122070312,568.4000244140625,564.7999877929688,565.5,351404
2026-03-20 13:50:00,565.2999877929688,567.2999877929688,564.5,565.5,305845
2026-03-20 13:55:00,565.5,566.7999877929688,565.0999755859375,566.2999877929688,198384
2026-03-20 14:00:00,566.4000244140625,568.5999755859375,565.8040161132812,567.7999877929688,337742
2026-03-20 14:05:00,568.135986328125,568.135986328125,563.5999755859375,563.7000122070312,477091
2026-03-20 14:10:00,563.9000244140625,564.7999877929688,563.2000122070312,564.7999877929688,533645
2026-03-20 14:15:00,564.5999755859375,569.0,563.8499755859375,564.0,273024
2026-03-20 14:20:00,564.0999755859375,564.2000122070312,561.2999877929688,561.7999877929688,679713
2026-03-20 14:25:00,561.7999877929688,568.0,561.4000244140625,562.0999755859375,797807
2026-03-20 14:30:00,562.2000122070312,567.9000244140625,562.0999755859375,563.4000244140625,467203
2026-03-20 14:35:00,563.4000244140625,567.9000244140625,563.0999755859375,565.4000244140625,1244519
2026-03-20 14:40:00,565.2999877929688,566.7999877929688,565.125,566.7999877929688,535968
2026-03-20 14:45:00,566.7999877929688,566.9000244140625,565.2999877929688,566.2000122070312,250803
2026-03-20 14:50:00,566.0999755859375,566.4000244140625,565.5,565.9000244140625,583602
2026-03-20 14:55:00,566.0999755859375,567.0999755859375,565.2999877929688,565.5999755859375,405328
2026-03-20 15:00:00,565.5999755859375,567.7999877929688,564.5999755859375,564.7000122070312,642253
2026-03-20 15:05:00,564.5999755859375,568.4000244140625,564.0999755859375,564.6530151367188,305297
2026-03-20 15:10:00,564.510009765625,567.7999877929688,563.7999877929688,564.0999755859375,411915
2026-03-20 15:15:00,563.9000244140625,567.7999877929688,563.4000244140625,564.2999877929688,1700468
2026-03-20 15:20:00,564.2999877929688,566.0999755859375,561.4000244140625,562.5,843706
2026-03-20 15:25:00,564.0,565.4000244140625,562.0,565.1010131835938,1575725
2026-03-20 15:30:00,565.2999877929688,568.0,564.4000244140625,567.7999877929688,335022
2026-03-20 15:35:00,567.7000122070312,568.4000244140625,561.7000122070312,566.5,453290
2026-03-20 15:40:00,566.5,567.2999877929688,561.5999755859375,566.4000244140625,281034
2026-03-20 15:45:00,566.4000244140625,566.5999755859375,561.5,564.7999877929688,368380
2026-03-20 15:50:00,564.7000122070312,565.5,561.5,565.2999877929688,314036
2026-03-20 15:55:00,565.2000122070312,565.4000244140625,561.7999877929688,564.7999877929688,239269
2026-03-20 16:00:00,564.7999877929688,565.4000244140625,561.7000122070312,564.2999877929688,422854
2026-03-20 16:05:00,564.2999877929688,564.7000122070312,562.0999755859375,564.2999877929688,313091
2026-03-20 16:10:00,564.4000244140625,564.5999755859375,563.0,563.4000244140625,354821
2026-03-20 16:15:00,563.2999877929688,564.2999877929688,562.7000122070312,563.4000244140625,290239
2026-03-20 16:20:00,563.4000244140625,564.4000244140625,562.8499755859375,563.5,573778
2026-03-20 16:25:00,563.5999755859375,564.2999877929688,563.2000122070312,564.0999755859375,1131155
2026-03-23 08:00:00,561.0999755859375,563.4000244140625,560.5999755859375,562.9000244140625,0
2026-03-23 08:05:00,562.7000122070312,563.7000122070312,560.5999755859375,562.4080200195312,327992
2026-03-23 08:10:00,562.2999877929688,565.0,560.5999755859375,564.5,625197
2026-03-23 08:15:00,564.5,565.7000122070312,561.2000122070312,562.9000244140625,705665
2026-03-23 08:20:00,564.7000122070312,565.0,560.5999755859375,562.7999877929688,844531
2026-03-23 08:25:00,563.0999755859375,563.2000122070312,560.5,561.7000122070312,308057
2026-03-23 08:30:00,561.5999755859375,562.9000244140625,559.5,561.7000122070312,436687
2026-03-23 08:35:00,561.5,562.9000244140625,561.0,562.9000244140625,246493
2026-03-23 08:40:00,562.4000244140625,563.0,560.5,562.5,345304
2026-03-23 08:45:00,562.4000244140625,563.2999877929688,561.7000122070312,562.7999877929688,219823
2026-03-23 08:50:00,562.9249877929688,563.0,561.5,562.5,172210
2026-03-23 08:55:00,562.4000244140625,562.9000244140625,561.5,561.7000122070312,212272
2026-03-23 09:00:00,561.7000122070312,562.7999877929688,560.8499755859375,561.2999877929688,154988
2026-03-23 09:05:00,562.4000244140625,562.5999755859375,560.4569702148438,561.7000122070312,994451
2026-03-23 09:10:00,561.5499877929688,562.5999755859375,560.7999877929688,560.7999877929688,403652
2026-03-23 09:15:00,561.0999755859375,563.4000244140625,560.9000244140625,562.7000122070312,105909
2026-03-23 09:20:00,561.5999755859375,564.0999755859375,561.3499755859375,563.9000244140625,189512
2026-03-23 09:25:00,563.7999877929688,564.0,561.7000122070312,562.2000122070312,265714
2026-03-23 09:30:00,562.0999755859375,563.7000122070312,561.2999877929688,561.7000122070312,420400
2026-03-23 09:35:00,561.7000122070312,564.7000122070312,561.2999877929688,561.9000244140625,128285
2026-03-23 09:40:00,561.927978515625,565.5,561.4000244140625,561.9019775390625,322220
2026-03-23 09:45:00,561.9000244140625,565.0,561.5,565.0,168183
2026-03-23 09:50:00,565.0,565.4000244140625,561.7999877929688,562.4000244140625,130166
2026-03-23 09:55:00,562.0999755859375,564.7000122070312,560.7999877929688,560.9000244140625,81936
2026-03-23 10:00:00,560.9324951171875,564.7000122070312,559.2000122070312,564.5999755859375,566001
2026-03-23 10:05:00,564.7000122070312,564.7000122070312,559.7000122070312,561.2000122070312,169205
2026-03-23 10:10:00,561.2999877929688,564.7000122070312,561.0,564.4000244140625,107692
2026-03-23 10:15:00,564.5999755859375,564.7000122070312,559.7999877929688,564.4000244140625,130627
2026-03-23 10:20:00,564.5999755859375,564.5999755859375,559.5999755859375,559.7000122070312,114790
2026-03-23 10:25:00,559.7000122070312,564.5999755859375,559.0,559.2999877929688,439287
2026-03-23 10:30:00,559.25,563.7000122070312,558.0999755859375,558.7000122070312,128010
2026-03-23 10:35:00,558.5999755859375,563.2000122070312,557.7999877929688,557.9500122070312,144647
2026-03-23 10:40:00,557.7000122070312,562.9000244140625,557.4000244140625,558.3670043945312,130112
2026-03-23 10:45:00,558.2999877929688,562.4000244140625,558.2000122070312,558.5999755859375,327659
2026-03-23 10:50:00,558.7999877929688,561.9000244140625,557.2999877929688,559.0999755859375,305803
2026-03-23 10:55:00,559.0,562.2999877929688,558.7999877929688,559.7880249023438,89047
2026-03-23 11:00:00,559.7999877929688,562.2000122070312,558.4000244140625,558.7000122070312,143789
2026-03-23 11:05:00,558.5999755859375,563.2999877929688,542.9000244140625,544.7999877929688,2104850
2026-03-23 11:10:00,545.0,562.5,538.4000244140625,560.9000244140625,2643640
2026-03-23 11:15:00,542.2000122070312,562.5999755859375,536.7000122070312,539.7999877929688,1769815
2026-03-23 11:20:00,539.9000244140625,564.0,538.5,544.4000244140625,949733
2026-03-23 11:25:00,544.4000244140625,563.4000244140625,541.7000122070312,543.5999755859375,886203
2026-03-23 11:30:00,544.0999755859375,563.2000122070312,540.6229858398438,541.2000122070312,849409
2026-03-23 11:35:00,541.0,564.0,539.5745849609375,542.5999755859375,1135839
2026-03-23 11:40:00,542.4000244140625,564.0999755859375,541.2730102539062,543.4000244140625,570381
2026-03-23 11:45:00,543.5999755859375,562.7999877929688,540.9400024414062,541.7000122070312,1042544
2026-03-23 11:50:00,561.9000244140625,562.0,540.0,541.7000122070312,561343
2026-03-23 11:55:00,541.7999877929688,562.4000244140625,540.1069946289062,541.0999755859375,1092603
2026-03-23 12:00:00,541.0,562.4000244140625,540.7000122070312,541.2000122070312,954184
2026-03-23 12:05:00,541.2999877929688,562.0999755859375,540.2050170898438,540.4000244140625,526219
2026-03-23 12:10:00,540.4000244140625,562.7000122070312,539.7930297851562,541.9000244140625,459937
2026-03-23 12:15:00,542.0,562.5,539.5,542.0,754340
2026-03-23 12:20:00,542.0,562.0,541.7000122070312,542.5999755859375,715340
2026-03-23 12:25:00,542.4000244140625,561.7000122070312,541.9000244140625,543.4000244140625,681812
2026-03-23 12:30:00,543.2999877929688,562.2999877929688,541.2000122070312,542.5,471580
2026-03-23 12:35:00,542.5488891601562,560.4000244140625,540.5999755859375,541.0,361996
2026-03-23 12:40:00,541.0,561.2000122070312,539.9000244140625,541.5,763131
2026-03-23 12:45:00,541.5,541.5999755859375,540.0999755859375,540.2000122070312,413616
2026-03-23 12:50:00,540.2999877929688,560.2000122070312,538.7999877929688,560.0,808150
2026-03-23 12:55:00,540.0,560.2000122070312,537.4000244140625,560.0,642285
2026-03-23 13:00:00,537.4000244140625,560.0,536.2000122070312,538.4000244140625,1043218
2026-03-23 13:05:00,538.2000122070312,560.2000122070312,537.5999755859375,538.5,560005
2026-03-23 13:10:00,538.5,538.7000122070312,536.6370849609375,537.7000122070312,718519
2026-03-23 13:15:00,537.7999877929688,540.7000122070312,537.7000122070312,540.4000244140625,664730
2026-03-23 13:20:00,540.2999877929688,559.7999877929688,537.9000244140625,538.0,531477
2026-03-23 13:25:00,537.9000244140625,559.7999877929688,535.9000244140625,536.0999755859375,579524
2026-03-23 13:30:00,536.0999755859375,560.0,531.5999755859375,558.4000244140625,2776377
2026-03-23 13:35:00,539.2999877929688,560.0,533.9000244140625,540.2999877929688,1034038
2026-03-23 13:40:00,540.2999877929688,559.5,539.9000244140625,541.9000244140625,1735470
2026-03-23 13:45:00,541.9000244140625,559.4000244140625,540.0999755859375,541.2000122070312,1168292
2026-03-23 13:50:00,541.2000122070312,559.9000244140625,538.4000244140625,540.5,2122595
2026-03-23 13:55:00,540.5,559.2999877929688,540.400390625,542.2999877929688,1211474
2026-03-23 14:00:00,542.5,559.9000244140625,540.2999877929688,540.5,1047614
2026-03-23 14:05:00,540.5999755859375,559.5,538.5460205078125,540.0999755859375,1711700
2026-03-23 14:10:00,540.2999877929688,558.4000244140625,538.7999877929688,543.7999877929688,1190709
2026-03-23 14:15:00,559.0999755859375,559.0999755859375,537.2999877929688,542.2000122070312,1299467
2026-03-23 14:20:00,542.0999755859375,545.4000244140625,537.2999877929688,543.2000122070312,881512
2026-03-23 14:25:00,543.0999755859375,559.2999877929688,539.7000122070312,543.9000244140625,1205154
2026-03-23 14:30:00,544.0999755859375,553.5,537.2999877929688,541.2467041015625,843428
2026-03-23 14:35:00,541.2000122070312,550.0999755859375,540.5,540.9000244140625,766805
2026-03-23 14:40:00,541.0,544.9000244140625,539.9000244140625,542.7000122070312,575358
2026-03-23 14:45:00,542.5,545.5999755859375,539.0999755859375,539.2999877929688,1084933
2026-03-23 14:50:00,539.2999877929688,543.7999877929688,538.7000122070312,540.7000122070312,1795961
2026-03-23 14:55:00,540.7000122070312,545.0,538.9000244140625,539.0050048828125,1111059
2026-03-23 15:00:00,539.2999877929688,542.1500244140625,535.2999877929688,535.5999755859375,1445988
2026-03-23 15:05:00,535.5,540.5,535.5,536.5,670951
2026-03-23 15:10:00,536.5,540.5999755859375,535.7000122070312,536.5999755859375,1449909
2026-03-23 15:15:00,536.5999755859375,543.0999755859375,536.2000122070312,538.0,766915
2026-03-23 15:20:00,537.7999877929688,543.0999755859375,534.5,535.7999877929688,599325
2026-03-23 15:25:00,536.0,543.0999755859375,535.7000122070312,535.7000122070312,579936
2026-03-23 15:30:00,535.7000122070312,543.0999755859375,534.9000244140625,535.2999877929688,572591
2026-03-23 15:35:00,543.0999755859375,544.760009765625,534.7000122070312,543.0999755859375,714908
2026-03-23 15:40:00,544.760009765625,545.0999755859375,534.9000244140625,543.0999755859375,560476
2026-03-23 15:45:00,543.0999755859375,545.2000122070312,537.0859985351562,543.0999755859375,731893
2026-03-23 15:50:00,543.0999755859375,544.760009765625,537.7999877929688,544.760009765625,841262
2026-03-23 15:55:00,543.0999755859375,544.760009765625,537.7000122070312,544.760009765625,653012
2026-03-23 16:00:00,543.0999755859375,544.760009765625,537.5999755859375,544.760009765625,535826
2026-03-23 16:05:00,544.760009765625,545.5,537.7999877929688,544.760009765625,399835
2026-03-23 16:10:00,544.760009765625,545.4000244140625,538.4000244140625,544.760009765625,391862
2026-03-23 16:15:00,543.0999755859375,545.5999755859375,537.2000122070312,544.760009765625,873969
2026-03-23 16:20:00,538.2999877929688,544.760009765625,538.0,543.0999755859375,542399
2026-03-23 16:25:00,544.760009765625,545.2999877929688,537.7999877929688,544.760009765625,786794
2026-03-24 08:00:00,541.2000122070312,544.9000244140625,540.5999755859375,541.4000244140625,0
2026-03-24 08:05:00,543.2000122070312,545.3189697265625,541.4000244140625,542.9000244140625,307536
2026-03-24 08:10:00,543.0,545.0,542.7000122070312,544.7999877929688,507616
2026-03-24 08:15:00,544.7999877929688,545.5,543.5,545.0,203760
2026-03-24 08:20:00,544.0,545.5999755859375,543.0,544.7000122070312,177019
2026-03-24 08:25:00,544.5999755859375,546.5999755859375,543.7000122070312,544.4000244140625,154454
2026-03-24 08:30:00,546.0,548.5,544.0,547.9000244140625,256160
2026-03-24 08:35:00,547.6170043945312,548.10302734375,544.0999755859375,547.7999877929688,188117
2026-03-24 08:40:00,547.5999755859375,548.2999877929688,544.5,546.9000244140625,157328
2026-03-24 08:45:00,546.5999755859375,547.4000244140625,546.4000244140625,546.9000244140625,190601
2026-03-24 08:50:00,546.7000122070312,547.5,546.0,546.0999755859375,249724
2026-03-24 08:55:00,546.0999755859375,546.7000122070312,545.4000244140625,546.2000122070312,156542
2026-03-24 09:00:00,546.2999877929688,546.4000244140625,541.4000244140625,545.0,135746
2026-03-24 09:05:00,545.1098022460938,545.2999877929688,544.1099853515625,544.5999755859375,138183
2026-03-24 09:10:00,545.0,545.0999755859375,543.2000122070312,543.2000122070312,177683
2026-03-24 09:15:00,543.0999755859375,543.6900024414062,542.7999877929688,543.4000244140625,84107
2026-03-24 09:20:00,543.4000244140625,543.9000244140625,542.9000244140625,543.5999755859375,259194
2026-03-24 09:25:00,543.5999755859375,544.2999877929688,543.4000244140625,544.2999877929688,427074
2026-03-24 09:30:00,544.289794921875,545.4000244140625,544.2000122070312,545.2960205078125,170265
2026-03-24 09:35:00,545.2999877929688,545.2999877929688,544.2999877929688,544.5,124713
2026-03-24 09:40:00,544.4000244140625,544.5,543.4000244140625,544.0999755859375,121528
2026-03-24 09:45:00,544.0999755859375,544.7999877929688,544.0999755859375,544.2999877929688,191316
2026-03-24 09:50:00,544.5,544.5999755859375,543.7000122070312,543.7000122070312,108401
2026-03-24 09:55:00,543.7999877929688,545.2000122070312,543.7000122070312,544.9000244140625,79372
2026-03-24 10:00:00,544.7999877929688,545.7000122070312,544.5999755859375,544.9000244140625,113752
2026-03-24 10:05:00,544.7999877929688,545.5999755859375,544.7000122070312,545.2000122070312,85442
2026-03-24 10:10:00,545.2999877929688,545.5,544.4000244140625,544.5,86415
2026-03-24 10:15:00,544.4898071289062,544.7999877929688,543.9000244140625,544.2999877929688,134159
2026-03-24 10:20:00,544.2999877929688,545.0999755859375,544.2000122070312,544.7999877929688,82829
2026-03-24 10:25:00,544.9000244140625,545.2000122070312,544.4000244140625,544.9000244140625,244568
2026-03-24 10:30:00,544.7999877929688,545.5999755859375,544.6448974609375,545.4000244140625,150870
2026-03-24 10:35:00,545.4000244140625,545.7000122070312,544.5999755859375,545.0999755859375,381411
2026-03-24 10:40:00,545.0999755859375,545.2999877929688,544.5,545.0999755859375,512656
2026-03-24 10:45:00,545.2000122070312,546.0,544.8800048828125,545.7999877929688,328697
2026-03-24 10:50:00,545.7490234375,546.5999755859375,545.7490234375,546.4000244140625,86509
2026-03-24 10:55:00,546.4000244140625,546.7000122070312,546.0,546.2000122070312,163163
2026-03-24 11:00:00,546.2000122070312,546.5999755859375,545.7000122070312,546.25,209713
2026-03-24 11:05:00,546.2999877929688,546.5,545.7999877929688,546.2000122070312,95216
2026-03-24 11:10:00,546.0999755859375,546.2999877929688,545.9000244140625,546.0,99325
2026-03-24 11:15:00,545.9329833984375,546.2999877929688,545.2000122070312,545.4000244140625,125250
2026-03-24 11:20:00,545.4000244140625,546.0,545.2000122070312,545.4000244140625,99113
2026-03-24 11:25:00,545.4000244140625,546.2999877929688,545.2000122070312,546.2999877929688,96122
2026-03-24 11:30:00,546.2000122070312,546.5999755859375,545.2999877929688,546.2999877929688,103604
2026-03-24 11:35:00,546.2999877929688,546.7000122070312,545.7000122070312,546.4000244140625,127384
2026-03-24 11:40:00,546.5999755859375,547.5999755859375,546.5670166015625,547.448974609375,120466
2026-03-24 11:45:00,547.5,547.5999755859375,546.7000122070312,547.4962158203125,182359
2026-03-24 11:50:00,547.4000244140625,548.5,547.2000122070312,548.0999755859375,282282
2026-03-24 11:55:00,548.2000122070312,548.5,547.7000122070312,548.5,144390
2026-03-24 12:00:00,548.4000244140625,548.7999877929688,548.0,548.7999877929688,130557
2026-03-24 12:05:00,548.7318115234375,548.9000244140625,547.9000244140625,548.0,98346
2026-03-24 12:10:00,547.9500122070312,548.5,547.8400268554688,548.2999877929688,94080
2026-03-24 12:15:00,548.2999877929688,548.5,547.9000244140625,548.3489990234375,120353
2026-03-24 12:20:00,548.4000244140625,549.2000122070312,548.2999877929688,548.9000244140625,101306
2026-03-24 12:25:00,548.9000244140625,549.0999755859375,548.5430297851562,549.0999755859375,57504
2026-03-24 12:30:00,549.0999755859375,549.4000244140625,548.5999755859375,548.7000122070312,154536
2026-03-24 12:35:00,548.7000122070312,548.7000122070312,548.1959838867188,548.1959838867188,118763
2026-03-24 12:40:00,548.2000122070312,548.4000244140625,547.7999877929688,548.0,66056
2026-03-24 12:45:00,548.0,548.9000244140625,541.2000122070312,548.5897827148438,846674
2026-03-24 12:50:00,548.5999755859375,548.7999877929688,547.3901977539062,547.9000244140625,94536
2026-03-24 12:55:00,547.9000244140625,548.2000122070312,547.7999877929688,547.9000244140625,142159
2026-03-24 13:00:00,547.9000244140625,548.0999755859375,547.4000244140625,547.9000244140625,6058886
2026-03-24 13:05:00,547.9000244140625,548.5,547.7000122070312,547.9000244140625,385250
2026-03-24 13:10:00,548.0999755859375,549.2000122070312,548.0,548.6220092773438,196858
2026-03-24 13:15:00,548.7000122070312,549.2000122070312,541.2000122070312,548.7000122070312,457583
2026-03-24 13:20:00,548.5999755859375,549.2999877929688,548.5,548.9000244140625,148727
2026-03-24 13:25:00,548.7000122070312,549.7999877929688,547.7000122070312,549.4000244140625,204142
2026-03-24 13:30:00,549.5,552.2000122070312,547.7999877929688,551.2999877929688,861366
2026-03-24 13:35:00,551.5999755859375,553.5,551.4000244140625,552.9000244140625,740316
2026-03-24 13:40:00,553.0,553.5999755859375,548.5,553.5999755859375,302382
2026-03-24 13:45:00,553.4000244140625,553.9000244140625,550.2999877929688,552.4000244140625,407728
2026-03-24 13:50:00,553.5,553.5,550.7050170898438,551.2000122070312,609035
2026-03-24 13:55:00,552.7000122070312,553.5999755859375,550.9000244140625,552.0,665840
2026-03-24 14:00:00,552.0,554.1110229492188,551.4000244140625,553.2000122070312,325280
2026-03-24 14:05:00,553.4000244140625,554.2000122070312,551.9000244140625,553.7999877929688,267590
2026-03-24 14:10:00,553.7999877929688,554.0999755859375,551.0999755859375,553.5,273014
2026-03-24 14:15:00,553.5999755859375,553.9000244140625,551.2999877929688,553.5,673418
2026-03-24 14:20:00,553.7000122070312,554.0,551.2999877929688,553.5999755859375,189238
2026-03-24 14:25:00,553.5,553.9000244140625,552.9000244140625,553.5999755859375,428766
2026-03-24 14:30:00,553.7000122070312,554.9000244140625,553.5,553.5,295969
2026-03-24 14:35:00,554.7999877929688,555.7999877929688,553.5,555.4000244140625,633132
2026-03-24 14:40:00,555.5,556.0999755859375,553.7999877929688,554.0,928622
2026-03-24 14:45:00,554.0,555.5,553.0999755859375,555.0659790039062,606671
2026-03-24 14:50:00,555.4000244140625,555.7999877929688,552.0,554.0,744742
2026-03-24 14:55:00,554.0,555.7000122070312,552.5999755859375,554.0,502299
2026-03-24 15:00:00,554.0,555.7000122070312,547.9000244140625,554.5999755859375,539792
2026-03-24 15:05:00,554.5999755859375,555.7999877929688,553.0,553.7000122070312,218205
2026-03-24 15:10:00,553.7000122070312,555.7999877929688,552.5999755859375,553.0999755859375,303475
2026-03-24 15:15:00,554.0999755859375,555.2999877929688,552.9240112304688,553.5,236102
2026-03-24 15:20:00,553.5499877929688,554.5999755859375,553.0999755859375,554.4000244140625,235685
2026-03-24 15:25:00,554.5,555.2000122070312,553.2999877929688,555.2000122070312,113232
2026-03-24 15:30:00,555.2999877929688,556.0999755859375,553.2999877929688,556.0,254920
2026-03-24 15:35:00,556.0,556.5,554.7000122070312,555.4000244140625,188631
2026-03-24 15:40:00,556.5,558.2459716796875,555.4000244140625,556.2999877929688,158675
2026-03-24 15:45:00,556.2999877929688,556.7999877929688,541.2000122070312,556.7000122070312,5684806
2026-03-24 15:50:00,556.7000122070312,557.0999755859375,556.0,557.0999755859375,133508
2026-03-24 15:55:00,557.2000122070312,557.9000244140625,555.5,557.7999877929688,343063
2026-03-24 16:00:00,557.7000122070312,558.2000122070312,555.9000244140625,557.2999877929688,240224
2026-03-24 16:05:00,557.4000244140625,558.4000244140625,556.0,558.0999755859375,328372
2026-03-24 16:10:00,557.9000244140625,558.0999755859375,556.0,557.7999877929688,155642
2026-03-24 16:15:00,557.9000244140625,558.5999755859375,556.2999877929688,558.0,0
2026-03-24 16:20:00,558.0999755859375,558.2999877929688,556.0999755859375,556.5999755859375,198797
2026-03-24 16:25:00,556.5,557.2000122070312,556.2999877929688,556.9000244140625,473416
2026-03-25 08:00:00,550.0,553.5999755859375,548.9000244140625,551.9000244140625,0
2026-03-25 08:05:00,552.0999755859375,554.0999755859375,549.9000244140625,553.5,939937
2026-03-25 08:10:00,550.0999755859375,556.5,549.7000122070312,555.7999877929688,1867363
2026-03-25 08:15:00,556.0999755859375,556.7999877929688,549.9000244140625,556.2999877929688,280556
2026-03-25 08:20:00,556.0999755859375,557.5,550.0,557.3300170898438,400879
2026-03-25 08:25:00,550.0,557.9000244140625,550.0,556.6448974609375,270526
2026-03-25 08:30:00,557.2999877929688,557.5,556.2999877929688,556.7999877929688,315150
2026-03-25 08:35:00,556.8870239257812,557.7999877929688,556.0999755859375,557.4000244140625,340146
2026-03-25 08:40:00,557.2000122070312,557.5999755859375,556.8499755859375,557.06298828125,238935
2026-03-25 08:45:00,557.2999877929688,558.2000122070312,557.2000122070312,558.0,161323
2026-03-25 08:50:00,558.0,559.2000122070312,557.7999877929688,558.5999755859375,205672
2026-03-25 08:55:00,558.5999755859375,559.7999877929688,558.5,559.5999755859375,108654
2026-03-25 09:00:00,559.5999755859375,560.0,559.4000244140625,559.7999877929688,333595
2026-03-25 09:05:00,559.7999877929688,559.9000244140625,559.0999755859375,559.2999877929688,236454
2026-03-25 09:10:00,559.2999877929688,559.9000244140625,558.5999755859375,559.7000122070312,379371
2026-03-25 09:15:00,559.7109985351562,560.4000244140625,559.3790283203125,560.2000122070312,904178
2026-03-25 09:20:00,560.298095703125,560.5889892578125,559.2999877929688,560.5,262793
2026-03-25 09:25:00,560.5,560.7999877929688,559.4000244140625,559.5999755859375,410022
2026-03-25 09:30:00,559.5999755859375,560.4000244140625,559.2999877929688,560.2000122070312,227163
2026-03-25 09:35:00,559.9080810546875,560.2999877929688,559.7999877929688,560.2999877929688,194833
2026-03-25 09:40:00,560.2999877929688,560.7999877929688,560.2000122070312,560.5,273669
2026-03-25 09:45:00,560.4002075195312,560.7999877929688,560.0999755859375,560.2999877929688,167151
2026-03-25 09:50:00,560.2000122070312,561.5999755859375,560.0,561.5,200989
2026-03-25 09:55:00,561.5,561.5,558.9000244140625,559.9000244140625,436959
2026-03-25 10:00:00,559.7000122070312,561.0,559.4000244140625,561.0,206148
2026-03-25 10:05:00,561.0999755859375,562.0999755859375,552.5,562.0999755859375,145870
2026-03-25 10:10:00,562.0,562.2999877929688,561.5999755859375,561.9000244140625,210436
2026-03-25 10:15:00,562.0,562.2000122070312,551.7000122070312,561.7000122070312,329338
2026-03-25 10:20:00,561.9000244140625,561.9000244140625,553.2999877929688,561.7000122070312,249002
2026-03-25 10:25:00,561.7999877929688,561.7999877929688,552.9000244140625,561.5,193633
2026-03-25 10:30:00,556.2999877929688,561.7000122070312,553.5999755859375,556.5,141205
2026-03-25 10:35:00,556.5,562.2000122070312,556.0999755859375,556.2999877929688,152391
2026-03-25 10:40:00,562.0,562.4000244140625,556.0999755859375,561.9000244140625,151399
2026-03-25 10:45:00,561.9000244140625,562.0,561.4000244140625,561.7000122070312,98422
2026-03-25 10:50:00,561.5999755859375,561.7000122070312,557.0999755859375,560.9448852539062,188799
2026-03-25 10:55:00,561.0,561.0999755859375,560.2999877929688,560.7000122070312,120226
2026-03-25 11:00:00,560.5,560.5,559.7999877929688,560.1500244140625,259947
2026-03-25 11:05:00,560.1500244140625,560.2999877929688,556.5999755859375,560.0,378097
2026-03-25 11:10:00,560.0,560.2000122070312,559.5999755859375,559.7999877929688,164246
2026-03-25 11:15:00,559.7000122070312,559.7999877929688,559.0999755859375,559.5999755859375,150288
2026-03-25 11:20:00,559.427978515625,559.5999755859375,556.9000244140625,559.0,123871
2026-03-25 11:25:00,558.9202270507812,559.2000122070312,556.7000122070312,559.0,121922
2026-03-25 11:30:00,559.0999755859375,559.2999877929688,557.4000244140625,559.2000122070312,198828
2026-03-25 11:35:00,559.2999877929688,559.5,556.4000244140625,559.4000244140625,73631
2026-03-25 11:40:00,559.4000244140625,559.4000244140625,557.2000122070312,558.5999755859375,178151
2026-03-25 11:45:00,558.5999755859375,561.9000244140625,558.5,559.2999877929688,228927
2026-03-25 11:50:00,559.0999755859375,559.2999877929688,556.7999877929688,558.9000244140625,245585
2026-03-25 11:55:00,558.9000244140625,559.2000122070312,557.4000244140625,558.5999755859375,109845
2026-03-25 12:00:00,558.5,558.9000244140625,557.0,558.6422119140625,135316
2026-03-25 12:05:00,558.6129760742188,559.2000122070312,557.0999755859375,559.2000122070312,98585
2026-03-25 12:10:00,559.2000122070312,559.2999877929688,557.2000122070312,558.75,104567
2026-03-25 12:15:00,558.7000122070312,559.4000244140625,558.5999755859375,559.4000244140625,166427
2026-03-25 12:20:00,559.4000244140625,560.4000244140625,557.2000122070312,559.80029296875,393889
2026-03-25 12:25:00,559.7999877929688,560.5,559.5999755859375,560.4000244140625,140730
2026-03-25 12:30:00,560.2999877929688,560.5,557.9000244140625,559.4000244140625,147624
2026-03-25 12:35:00,559.2999877929688,559.7999877929688,559.2000122070312,559.4000244140625,106195
2026-03-25 12:40:00,559.5999755859375,559.7999877929688,559.2999877929688,559.7000122070312,78565
2026-03-25 12:45:00,559.5999755859375,559.7000122070312,558.7000122070312,559.0,100377
2026-03-25 12:50:00,559.0,559.7999877929688,559.0,559.7000122070312,54929
2026-03-25 12:55:00,559.7999877929688,560.0,558.9000244140625,559.2999877929688,291338
2026-03-25 13:00:00,559.0999755859375,559.2999877929688,558.2999877929688,558.7999877929688,201218
2026-03-25 13:05:00,558.75,558.7999877929688,558.0999755859375,558.4000244140625,106479
2026-03-25 13:10:00,558.4000244140625,558.4000244140625,557.2999877929688,558.2000122070312,148916
2026-03-25 13:15:00,558.2999877929688,558.5,557.9000244140625,557.9869995117188,90080
2026-03-25 13:20:00,557.9000244140625,558.5,557.9000244140625,558.0999755859375,129040
2026-03-25 13:25:00,558.0999755859375,559.5999755859375,558.0,558.7000122070312,477448
2026-03-25 13:30:00,558.7999877929688,560.7999877929688,558.0,560.0,1513793
2026-03-25 13:35:00,560.0999755859375,561.7999877929688,559.5,561.4000244140625,1162612
2026-03-25 13:40:00,561.4000244140625,563.0,561.2000122070312,562.4000244140625,719509
2026-03-25 13:45:00,562.2999877929688,564.0999755859375,559.2000122070312,563.9000244140625,439272
2026-03-25 13:50:00,563.9000244140625,566.0999755859375,563.5,565.5999755859375,989972
2026-03-25 13:55:00,565.7000122070312,566.2000122070312,565.0,565.2000122070312,633528
2026-03-25 14:00:00,565.2000122070312,566.0,564.4000244140625,565.2000122070312,852226
2026-03-25 14:05:00,565.2000122070312,566.7999877929688,564.7999877929688,566.5999755859375,514348
2026-03-25 14:10:00,566.2999877929688,567.0,559.2000122070312,566.2000122070312,313779
2026-03-25 14:15:00,566.2000122070312,567.0,559.2000122070312,565.9000244140625,231805
2026-03-25 14:20:00,566.0999755859375,566.0999755859375,559.7999877929688,564.9000244140625,430975
2026-03-25 14:25:00,564.7999877929688,565.0,559.5,560.5,539703
2026-03-25 14:30:00,564.8114013671875,565.0,560.0999755859375,565.0,476416
2026-03-25 14:35:00,565.0999755859375,565.5,564.0,564.9000244140625,520022
2026-03-25 14:40:00,564.7999877929688,564.7999877929688,563.7000122070312,564.7999877929688,452793
2026-03-25 14:45:00,564.5490112304688,565.5,559.9000244140625,564.9000244140625,323130
2026-03-25 14:50:00,564.9000244140625,565.0999755859375,560.0,560.7000122070312,443667
2026-03-25 14:55:00,560.7000122070312,564.2999877929688,560.0,564.2000122070312,342778
2026-03-25 15:00:00,564.0,564.4000244140625,563.2999877929688,563.7999877929688,422806
2026-03-25 15:05:00,563.9000244140625,564.2999877929688,563.7000122070312,564.2000122070312,280221
2026-03-25 15:10:00,564.2000122070312,566.2000122070312,563.9000244140625,565.9000244140625,590216
2026-03-25 15:15:00,565.8071899414062,566.0,564.9000244140625,565.5999755859375,311685
2026-03-25 15:20:00,565.7000122070312,566.4000244140625,565.4000244140625,565.5999755859375,339442
2026-03-25 15:25:00,565.5,566.0490112304688,565.0,565.0,295399
2026-03-25 15:30:00,565.0,565.0999755859375,560.4000244140625,564.4100952148438,373056
2026-03-25 15:35:00,564.5999755859375,565.5,559.5,565.0999755859375,340029
2026-03-25 15:40:00,565.2000122070312,565.2000122070312,560.0999755859375,564.7000122070312,331036
2026-03-25 15:45:00,564.72509765625,565.0999755859375,561.9000244140625,564.3250732421875,191253
2026-03-25 15:50:00,564.2999877929688,564.9000244140625,562.0999755859375,564.55029296875,313806
2026-03-25 15:55:00,564.5999755859375,565.0999755859375,561.0999755859375,564.7310180664062,283929
2026-03-25 16:00:00,564.7999877929688,565.7000122070312,560.5999755859375,565.5,562962
2026-03-25 16:05:00,565.5,565.5,564.7999877929688,564.7999877929688,415548
2026-03-25 16:10:00,564.9000244140625,565.7000122070312,560.0,560.0,365480
2026-03-25 16:15:00,560.0,565.47998046875,559.9000244140625,564.5999755859375,495671
2026-03-25 16:20:00,564.7000122070312,564.7999877929688,560.0,563.9000244140625,693451
2026-03-25 16:25:00,563.9000244140625,564.7999877929688,563.7000122070312,564.7000122070312,1281931
2026-03-26 08:00:00,570.0,572.7999877929688,569.92431640625,572.2999877929688,0
2026-03-26 08:05:00,572.2000122070312,572.5999755859375,570.5,571.7000122070312,299982
2026-03-26 08:10:00,571.5999755859375,572.2000122070312,571.0,571.0999755859375,283595
2026-03-26 08:15:00,571.2000122070312,573.0,571.0,572.2000122070312,825405
2026-03-26 08:20:00,572.2999877929688,572.5999755859375,571.0999755859375,571.2000122070312,163189
2026-03-26 08:25:00,572.2000122070312,572.4000244140625,570.0,571.7000122070312,137903
2026-03-26 08:30:00,571.5,572.0999755859375,570.9000244140625,571.9000244140625,222853
2026-03-26 08:35:00,571.9000244140625,572.5999755859375,571.4000244140625,572.0,287275
2026-03-26 08:40:00,572.2000122070312,572.5999755859375,571.7999877929688,571.7999877929688,506239
2026-03-26 08:45:00,571.7999877929688,572.7999877929688,571.7999877929688,572.5,250527
2026-03-26 08:50:00,572.5999755859375,573.4000244140625,572.5999755859375,573.2999877929688,238203
2026-03-26 08:55:00,573.2000122070312,574.9000244140625,573.1959838867188,574.6995239257812,204753
2026-03-26 09:00:00,574.5999755859375,575.0,571.7999877929688,574.7000122070312,382502
2026-03-26 09:05:00,574.7000122070312,574.7999877929688,573.7999877929688,574.0999755859375,298849
2026-03-26 09:10:00,574.0999755859375,574.5999755859375,574.0,574.2000122070312,211147
2026-03-26 09:15:00,574.2000122070312,574.2999877929688,573.0999755859375,573.7000122070312,205330
2026-03-26 09:20:00,573.4000244140625,573.9000244140625,572.5999755859375,572.9149780273438,133526
2026-03-26 09:25:00,572.9000244140625,573.0,572.0999755859375,572.4000244140625,242043
2026-03-26 09:30:00,572.4000244140625,572.4000244140625,571.5999755859375,571.7000122070312,123091
2026-03-26 09:35:00,571.7999877929688,571.9000244140625,571.2999877929688,571.2999877929688,128021
2026-03-26 09:40:00,571.5,572.2000122070312,571.3529052734375,572.0999755859375,115729
2026-03-26 09:45:00,572.0999755859375,573.0,571.9000244140625,572.8770141601562,123418
2026-03-26 09:50:00,572.9000244140625,573.2000122070312,572.2000122070312,572.2579956054688,189915
2026-03-26 09:55:00,572.4000244140625,572.4000244140625,571.5999755859375,572.0999755859375,123867
2026-03-26 10:00:00,572.0999755859375,573.0999755859375,571.7999877929688,573.0999755859375,138447
2026-03-26 10:05:00,573.2000122070312,573.5999755859375,572.9000244140625,573.5999755859375,333263
2026-03-26 10:10:00,573.5999755859375,573.7999877929688,573.2999877929688,573.5,110227
2026-03-26 10:15:00,573.4000244140625,573.5999755859375,573.0999755859375,573.4000244140625,141458
2026-03-26 10:20:00,573.35498046875,573.7999877929688,572.7000122070312,572.9940185546875,514048
2026-03-26 10:25:00,572.9000244140625,573.0,572.5,572.5999755859375,162106
2026-03-26 10:30:00,572.7000122070312,573.5,572.5360107421875,573.2000122070312,71459
2026-03-26 10:35:00,573.2000122070312,574.5,573.2000122070312,574.5,110721
2026-03-26 10:40:00,574.4000244140625,574.5,574.0,574.2999877929688,129321
2026-03-26 10:45:00,574.1890258789062,574.7999877929688,574.0999755859375,574.666015625,171336
2026-03-26 10:50:00,574.5,574.9000244140625,574.5,574.7999877929688,138029
2026-03-26 10:55:00,574.7999877929688,574.9000244140625,574.5,574.5999755859375,117878
2026-03-26 11:00:00,574.5999755859375,574.9000244140625,574.5,574.7000122070312,137746
2026-03-26 11:05:00,574.7000122070312,574.7000122070312,574.0416259765625,574.0416259765625,163734
2026-03-26 11:10:00,574.0,574.4000244140625,573.9000244140625,574.25,114667
2026-03-26 11:15:00,574.0999755859375,574.2999877929688,573.2000122070312,573.2000122070312,118180
2026-03-26 11:20:00,573.2000122070312,573.4000244140625,573.0999755859375,573.4000244140625,34635
2026-03-26 11:25:00,573.2999877929688,573.5,573.0999755859375,573.2999877929688,133465
2026-03-26 11:30:00,573.2999877929688,573.5999755859375,573.0999755859375,573.2000122070312,109388
2026-03-26 11:35:00,573.2000122070312,573.5999755859375,573.2000122070312,573.4940185546875,62596
2026-03-26 11:40:00,573.4000244140625,574.4000244140625,573.4000244140625,574.2999877929688,96984
2026-03-26 11:45:00,574.4000244140625,574.5999755859375,574.2000122070312,574.4000244140625,105666
2026-03-26 11:50:00,574.4000244140625,574.5999755859375,574.2000122070312,574.43017578125,105339
2026-03-26 11:55:00,574.5,575.0,574.4000244140625,574.5999755859375,223011
2026-03-26 12:00:00,574.5499877929688,574.7999877929688,570.0,574.2999877929688,1234252
2026-03-26 12:05:00,574.1500244140625,574.5,574.0,574.0999755859375,245368
2026-03-26 12:10:00,574.5,574.7000122070312,574.0999755859375,574.5,86970
2026-03-26 12:15:00,574.5,574.5999755859375,574.2000122070312,574.5,301431
2026-03-26 12:20:00,574.5,575.7000122070312,574.4000244140625,575.4000244140625,725353
2026-03-26 12:25:00,575.2999877929688,575.5,575.0,575.0999755859375,147122
2026-03-26 12:30:00,575.4000244140625,575.9000244140625,575.2449951171875,575.7999877929688,136199
2026-03-26 12:35:00,575.5999755859375,575.7999877929688,574.5,574.7000122070312,182665
2026-03-26 12:40:00,574.5999755859375,575.0999755859375,574.4559936523438,574.5999755859375,153892
2026-03-26 12:45:00,574.5,574.7999877929688,574.0,574.5999755859375,654183
2026-03-26 12:50:00,574.7999877929688,575.0,574.5999755859375,574.7999877929688,135013
2026-03-26 12:55:00,574.5999755859375,574.9000244140625,574.2999877929688,574.2999877929688,190056
2026-03-26 13:00:00,574.2999877929688,574.4000244140625,573.4000244140625,573.7000122070312,180389
2026-03-26 13:05:00,573.781982421875,574.0999755859375,573.4000244140625,573.9000244140625,142278
2026-03-26 13:10:00,573.9000244140625,574.2999877929688,572.7999877929688,573.4127197265625,229717
2026-03-26 13:15:00,573.4089965820312,573.5999755859375,572.7999877929688,573.4000244140625,156483
2026-03-26 13:20:00,573.4000244140625,573.5,571.9000244140625,572.0,175827
2026-03-26 13:25:00,572.0,572.0,570.5999755859375,571.0999755859375,212278
2026-03-26 13:30:00,571.5999755859375,575.4000244140625,570.7000122070312,574.9000244140625,770753
2026-03-26 13:35:00,575.0,575.5,573.2999877929688,574.1229858398438,313932
2026-03-26 13:40:00,574.0999755859375,574.9000244140625,571.7999877929688,572.0,435502
2026-03-26 13:45:00,572.0999755859375,573.0999755859375,571.7000122070312,572.2000122070312,329498
2026-03-26 13:50:00,572.2000122070312,572.2999877929688,571.2000122070312,571.5,347200
2026-03-26 13:55:00,571.6370239257812,571.7999877929688,570.7999877929688,571.2999877929688,431454
2026-03-26 14:00:00,571.2999877929688,572.7999877929688,571.2000122070312,571.4420166015625,375211
2026-03-26 14:05:00,571.4000244140625,573.9000244140625,571.4000244140625,572.7000122070312,229004
2026-03-26 14:10:00,572.7999877929688,575.2999877929688,572.4000244140625,573.0,315044
2026-03-26 14:15:00,572.9000244140625,575.0,572.5,573.5,191330
2026-03-26 14:20:00,573.5,574.4000244140625,573.4000244140625,574.048095703125,240408
2026-03-26 14:25:00,574.0,574.2000122070312,573.5999755859375,573.7000122070312,267527
2026-03-26 14:30:00,573.7000122070312,574.4000244140625,573.5999755859375,573.5999755859375,302588
2026-03-26 14:35:00,573.7000122070312,574.9000244140625,573.5999755859375,574.7999877929688,256635
2026-03-26 14:40:00,574.5999755859375,575.0,573.0,574.5999755859375,762557
2026-03-26 14:45:00,574.7177124023438,575.5,572.0,574.7999877929688,516841
2026-03-26 14:50:00,574.9000244140625,575.5,571.5,575.0999755859375,261282
2026-03-26 14:55:00,575.0999755859375,575.2000122070312,571.5,574.5,386482
2026-03-26 15:00:00,574.2999877929688,575.5,571.2999877929688,575.3150024414062,206679
2026-03-26 15:05:00,575.5999755859375,575.9000244140625,571.4000244140625,575.5999755859375,564256
2026-03-26 15:10:00,575.5999755859375,575.7999877929688,571.4000244140625,575.7000122070312,396046
2026-03-26 15:15:00,575.7999877929688,576.0,571.5,575.7000122070312,317387
2026-03-26 15:20:00,575.7000122070312,577.0,571.2000122070312,576.7739868164062,582083
2026-03-26 15:25:00,576.9000244140625,577.9000244140625,576.9000244140625,577.030029296875,623050
2026-03-26 15:30:00,577.0,578.2030029296875,576.7999877929688,578.2000122070312,660091
2026-03-26 15:35:00,578.2000122070312,578.9000244140625,578.0,578.4000244140625,693572
2026-03-26 15:40:00,578.4000244140625,579.0,578.2999877929688,578.5999755859375,250169
2026-03-26 15:45:00,578.5999755859375,579.4000244140625,578.2999877929688,579.2999877929688,896100
2026-03-26 15:50:00,579.2999877929688,579.9000244140625,571.4000244140625,579.7000122070312,724358
2026-03-26 15:55:00,579.7000122070312,580.0,573.0999755859375,579.5999755859375,1440033
2026-03-26 16:00:00,579.7000122070312,580.4000244140625,571.5,580.1389770507812,1316688
2026-03-26 16:05:00,580.2000122070312,581.4000244140625,573.0,581.4000244140625,988195
2026-03-26 16:10:00,581.3209838867188,582.0,573.9000244140625,581.2000122070312,1362690
2026-03-26 16:15:00,581.2150268554688,581.3150024414062,574.0,580.0999755859375,1059855
2026-03-26 16:20:00,580.0999755859375,580.4000244140625,579.5,580.2999877929688,531243
2026-03-26 16:25:00,580.2000122070312,582.0,580.2000122070312,581.7999877929688,920678
2026-03-27 08:00:00,580.7000122070312,581.2999877929688,579.5999755859375,580.5,0
2026-03-27 08:05:00,580.4000244140625,580.7000122070312,578.7000122070312,579.9992065429688,170148
2026-03-27 08:10:00,580.0,581.0999755859375,578.7000122070312,579.5,281077
2026-03-27 08:15:00,579.5,581.0999755859375,578.9000244140625,580.2000122070312,199509
2026-03-27 08:20:00,579.5,581.0999755859375,578.9000244140625,579.9000244140625,1091544
2026-03-27 08:25:00,580.0,580.0,578.7999877929688,579.4000244140625,92927
2026-03-27 08:30:00,579.5,580.2999877929688,579.0999755859375,579.0999755859375,162128
2026-03-27 08:35:00,579.2999877929688,579.5999755859375,578.4000244140625,578.6500244140625,252176
2026-03-27 08:40:00,579.2999877929688,579.9000244140625,578.2000122070312,578.4636840820312,51685
2026-03-27 08:45:00,579.2999877929688,580.2999877929688,578.2999877929688,578.72998046875,176638
2026-03-27 08:50:00,578.7999877929688,579.4000244140625,578.2000122070312,578.2000122070312,114637
2026-03-27 08:55:00,578.2999877929688,578.5999755859375,577.2999877929688,577.5999755859375,198412
2026-03-27 09:00:00,577.7000122070312,577.7000122070312,575.0999755859375,576.7000122070312,230572
2026-03-27 09:05:00,576.5999755859375,576.9000244140625,576.0999755859375,576.10302734375,147347
2026-03-27 09:10:00,576.2100219726562,576.7000122070312,575.7999877929688,576.2999877929688,193564
2026-03-27 09:15:00,576.2999877929688,576.3189697265625,575.7520141601562,576.0170288085938,107300
2026-03-27 09:20:00,576.0999755859375,576.4000244140625,575.0999755859375,575.3499755859375,146785
2026-03-27 09:25:00,575.2999877929688,575.7000122070312,575.0,575.5,108836
2026-03-27 09:30:00,575.4000244140625,576.0,574.4000244140625,574.7100219726562,232958
2026-03-27 09:35:00,574.7999877929688,575.4000244140625,574.7990112304688,575.174072265625,39386
2026-03-27 09:40:00,575.0999755859375,576.2999877929688,575.0971069335938,575.7999877929688,186621
2026-03-27 09:45:00,575.7000122070312,575.9000244140625,575.0999755859375,575.4000244140625,154042
2026-03-27 09:50:00,575.5999755859375,575.9000244140625,575.2000122070312,575.4000244140625,145696
2026-03-27 09:55:00,575.4000244140625,575.7000122070312,575.2999877929688,575.5999755859375,44321
2026-03-27 10:00:00,575.5,575.7000122070312,574.7999877929688,574.9008178710938,142574
2026-03-27 10:05:00,574.9000244140625,575.2999877929688,574.2999877929688,575.2999877929688,46595
2026-03-27 10:10:00,575.2999877929688,575.7000122070312,574.7999877929688,575.2000122070312,81527
2026-03-27 10:15:00,575.0999755859375,575.5999755859375,574.9000244140625,575.4400024414062,25772
2026-03-27 10:20:00,575.4000244140625,575.5999755859375,575.2000122070312,575.2406005859375,46166
2026-03-27 10:25:00,575.4000244140625,576.2999877929688,575.2000122070312,576.0780029296875,114425
2026-03-27 10:30:00,576.0548706054688,576.0548706054688,575.0999755859375,575.4000244140625,110489
2026-03-27 10:35:00,575.5,575.7000122070312,575.0999755859375,575.2000122070312,55535
2026-03-27 10:40:00,575.2000122070312,575.5,574.5,575.0999755859375,100374
2026-03-27 10:45:00,575.2999877929688,575.2999877929688,574.3209838867188,574.5999755859375,77402
2026-03-27 10:50:00,574.7000122070312,574.7000122070312,574.0,574.0999755859375,47610
2026-03-27 10:55:00,574.0,574.5,573.7000122070312,574.302978515625,122608
2026-03-27 11:00:00,574.4000244140625,574.7999877929688,573.9000244140625,574.4000244140625,237051
2026-03-27 11:05:00,574.5,574.7999877929688,574.0999755859375,574.5,41398
2026-03-27 11:10:00,574.7000122070312,575.2999877929688,574.4000244140625,574.85498046875,86060
2026-03-27 11:15:00,574.8870239257812,575.2000122070312,574.5999755859375,574.7000122070312,147435
2026-03-27 11:20:00,574.7000122070312,575.5,574.5,575.2999877929688,282357
2026-03-27 11:25:00,575.4000244140625,575.7999877929688,575.2999877929688,575.5999755859375,71317
2026-03-27 11:30:00,575.7999877929688,576.5,575.5999755859375,576.2999877929688,86257
2026-03-27 11:35:00,576.2999877929688,576.5,576.0,576.0999755859375,76407
2026-03-27 11:40:00,576.2999877929688,578.0,576.0499877929688,577.5,312509
2026-03-27 11:45:00,577.4000244140625,577.7999877929688,576.9000244140625,577.4000244140625,356631
2026-03-27 11:50:00,577.2999877929688,577.4000244140625,576.5999755859375,576.9000244140625,61160
2026-03-27 11:55:00,576.9000244140625,577.2000122070312,576.7999877929688,576.7999877929688,62893
2026-03-27 12:00:00,577.0,577.0250244140625,575.9000244140625,576.2000122070312,222602
2026-03-27 12:05:00,576.2000122070312,576.5,576.0,576.0999755859375,76511
2026-03-27 12:10:00,576.2000122070312,577.2999877929688,576.1019897460938,577.2999877929688,39962
2026-03-27 12:15:00,577.2999877929688,577.5,577.0,577.0999755859375,37393
2026-03-27 12:20:00,577.2000122070312,577.5,577.0,577.2000122070312,27700
2026-03-27 12:25:00,577.2999877929688,578.0,577.2999877929688,577.5,46521
2026-03-27 12:30:00,577.5999755859375,577.7999877929688,577.0960083007812,577.4000244140625,61114
2026-03-27 12:35:00,577.4000244140625,577.5,577.0,577.4000244140625,45287
2026-03-27 12:40:00,577.4240112304688,578.0,577.2999877929688,577.7000122070312,45666
2026-03-27 12:45:00,577.7000122070312,578.2000122070312,577.5,578.2000122070312,81979
2026-03-27 12:50:00,578.10498046875,578.2999877929688,577.9000244140625,578.02099609375,62228
2026-03-27 12:55:00,578.0999755859375,578.2000122070312,577.7999877929688,578.0,23106
2026-03-27 13:00:00,577.7999877929688,578.9000244140625,577.7000122070312,578.5,90966
2026-03-27 13:05:00,578.5999755859375,578.9000244140625,578.0999755859375,578.5999755859375,77718
2026-03-27 13:10:00,578.5999755859375,579.0999755859375,578.5,578.5999755859375,93436
2026-03-27 13:15:00,578.7000122070312,579.0,578.4000244140625,578.7999877929688,4321843
2026-03-27 13:20:00,578.7999877929688,579.2000122070312,578.5,578.7000122070312,84633
2026-03-27 13:25:00,578.7000122070312,579.4000244140625,577.5759887695312,579.2000122070312,141518
2026-03-27 13:30:00,578.0,579.4000244140625,576.5,578.7000122070312,654064
2026-03-27 13:35:00,578.4000244140625,580.5999755859375,578.0999755859375,580.5999755859375,962909
2026-03-27 13:40:00,580.4000244140625,580.5,579.5,580.0999755859375,466875
2026-03-27 13:45:00,580.0999755859375,581.5050048828125,579.8049926757812,581.2000122070312,552026
2026-03-27 13:50:00,581.2000122070312,581.7999877929688,577.2999877929688,580.9000244140625,478975
2026-03-27 13:55:00,580.9000244140625,580.9000244140625,577.4000244140625,579.9000244140625,455578
2026-03-27 14:00:00,579.9000244140625,579.9000244140625,578.2999877929688,578.7000122070312,298884
2026-03-27 14:05:00,578.7000122070312,581.2999877929688,578.2000122070312,581.0999755859375,569079
2026-03-27 14:10:00,581.0,581.2000122070312,579.5,580.0999755859375,451060
2026-03-27 14:15:00,580.0,581.2000122070312,578.5999755859375,581.0,463774
2026-03-27 14:20:00,581.0999755859375,582.5999755859375,581.0,581.9000244140625,895398
2026-03-27 14:25:00,581.7999877929688,582.2000122070312,580.7999877929688,582.0,474113
2026-03-27 14:30:00,581.9000244140625,582.0,580.5,580.7000122070312,265466
2026-03-27 14:35:00,580.5811157226562,581.5999755859375,580.0,581.2999877929688,129303
2026-03-27 14:40:00,581.2000122070312,581.4000244140625,579.7000122070312,579.9000244140625,196140
2026-03-27 14:45:00,580.0,580.5999755859375,579.4000244140625,580.4000244140625,696133
2026-03-27 14:50:00,580.5,580.5999755859375,579.5,579.7999877929688,193907
2026-03-27 14:55:00,579.7999877929688,581.7000122070312,579.7000122070312,579.7999877929688,147691
2026-03-27 15:00:00,579.9000244140625,581.2999877929688,579.7000122070312,580.5,253854
2026-03-27 15:05:00,580.2999877929688,581.2000122070312,580.2576293945312,580.9000244140625,216101
2026-03-27 15:10:00,580.5999755859375,581.7000122070312,580.3099975585938,581.7000122070312,198225
2026-03-27 15:15:00,581.2000122070312,581.2000122070312,579.7000122070312,580.5999755859375,233355
2026-03-27 15:20:00,580.5,581.2000122070312,578.9000244140625,580.2000122070312,363851
2026-03-27 15:25:00,580.0,581.5,579.7999877929688,581.0,415746
2026-03-27 15:30:00,580.9000244140625,581.0,579.9000244140625,580.5,153672
2026-03-27 15:35:00,580.5,581.2000122070312,580.0999755859375,581.0,287961
2026-03-27 15:40:00,581.0999755859375,581.4000244140625,580.2999877929688,581.0,126964
2026-03-27 15:45:00,581.0,581.2999877929688,579.5,581.0999755859375,214381
2026-03-27 15:50:00,581.0999755859375,581.9000244140625,580.7000122070312,581.0,609261
2026-03-27 15:55:00,581.0,582.0,579.5,581.7999877929688,278699
2026-03-27 16:00:00,581.7000122070312,581.9000244140625,579.5999755859375,581.0,400472
2026-03-27 16:05:00,581.0,581.7999877929688,578.9000244140625,581.7020263671875,379706
2026-03-27 16:10:00,581.7994995117188,582.2999877929688,579.2000122070312,580.9000244140625,381824
2026-03-27 16:15:00,580.9000244140625,581.5,578.2999877929688,581.5,0
2026-03-27 16:20:00,581.5,581.7999877929688,581.0999755859375,581.7999877929688,283450
2026-03-27 16:25:00,581.5999755859375,583.2000122070312,580.7999877929688,583.2000122070312,660104
2026-03-30 07:00:00,585.0,589.0999755859375,584.7000122070312,588.260986328125,0
2026-03-30 07:05:00,588.2000122070312,589.5,585.0999755859375,586.4000244140625,331488
2026-03-30 07:10:00,585.0999755859375,589.2999877929688,585.0999755859375,589.2999877929688,344734
2026-03-30 07:15:00,589.2999877929688,589.2999877929688,586.0,588.2000122070312,242366
2026-03-30 07:20:00,588.3994750976562,589.0,587.9000244140625,588.7999877929688,157201
2026-03-30 07:25:00,588.7999877929688,589.9000244140625,587.5,589.77197265625,614383
2026-03-30 07:30:00,589.7999877929688,590.7000122070312,588.2000122070312,590.5999755859375,573103
2026-03-30 07:35:00,588.7999877929688,590.7999877929688,587.2000122070312,589.9000244140625,420592
2026-03-30 07:40:00,589.989013671875,590.0999755859375,587.4000244140625,590.0999755859375,186526
2026-03-30 07:45:00,588.0,590.1909790039062,588.0,590.0,153253
2026-03-30 07:50:00,590.0,590.4000244140625,588.0,588.2000122070312,325189
2026-03-30 07:55:00,590.2000122070312,591.4000244140625,588.0,590.2000122070312,256105
2026-03-30 08:00:00,591.0999755859375,591.9000244140625,588.0,591.5999755859375,198626
2026-03-30 08:05:00,591.5999755859375,592.5,589.2000122070312,592.2999877929688,199892
2026-03-30 08:10:00,592.2999877929688,592.7999877929688,589.7000122070312,592.7360229492188,262024
2026-03-30 08:15:00,592.7000122070312,592.9000244140625,592.4000244140625,592.5,114476
2026-03-30 08:20:00,592.572021484375,593.5999755859375,589.7999877929688,593.27197265625,170526
2026-03-30 08:25:00,592.7000122070312,594.2000122070312,592.5,593.9000244140625,239839
2026-03-30 08:30:00,593.7999877929688,594.0999755859375,590.0,593.176025390625,166485
2026-03-30 08:35:00,593.0999755859375,593.2999877929688,590.0,592.5430297851562,110105
2026-03-30 08:40:00,592.4000244140625,593.2999877929688,589.7999877929688,593.0999755859375,107269
2026-03-30 08:45:00,593.2000122070312,593.4000244140625,591.5999755859375,592.7000122070312,103784
2026-03-30 08:50:00,592.791015625,594.0,590.2000122070312,590.2000122070312,81661
2026-03-30 08:55:00,592.5778198242188,592.8880004882812,590.2000122070312,592.5150146484375,141338
2026-03-30 09:00:00,592.5999755859375,593.4000244140625,591.7999877929688,592.7999877929688,162941
2026-03-30 09:05:00,592.7999877929688,594.0,591.5,591.8250122070312,140610
2026-03-30 09:10:00,591.7000122070312,593.2000122070312,591.0,591.2999877929688,176809
2026-03-30 09:15:00,591.2000122070312,593.2999877929688,590.5,590.7999877929688,362843
2026-03-30 09:20:00,590.7999877929688,591.9000244140625,590.2000122070312,591.0999755859375,94529
2026-03-30 09:25:00,590.9000244140625,591.4000244140625,590.7999877929688,591.2999877929688,134260
2026-03-30 09:30:00,591.2579956054688,591.2999877929688,590.7999877929688,590.9000244140625,86154
2026-03-30 09:35:00,590.7999877929688,591.2000122070312,590.5,590.9000244140625,93728
2026-03-30 09:40:00,590.8900146484375,591.4000244140625,590.7000122070312,591.1339721679688,107816
2026-03-30 09:45:00,591.1849975585938,591.7999877929688,591.0,591.2000122070312,401879
2026-03-30 09:50:00,591.4000244140625,591.9000244140625,591.2000122070312,591.9000244140625,101216
2026-03-30 09:55:00,591.9000244140625,592.0,591.5,591.7329711914062,160767
2026-03-30 10:00:00,591.7000122070312,592.2000122070312,591.5999755859375,591.9000244140625,80907
2026-03-30 10:05:00,592.0,592.2999877929688,591.5999755859375,591.7880249023438,61630
2026-03-30 10:10:00,591.7999877929688,592.0999755859375,591.5999755859375,591.7999877929688,48005
2026-03-30 10:15:00,591.9420166015625,592.4000244140625,591.7999877929688,592.2000122070312,52477
2026-03-30 10:20:00,592.2689819335938,592.5999755859375,591.9000244140625,592.2999877929688,69812
2026-03-30 10:25:00,592.2999877929688,592.7999877929688,592.2000122070312,592.5,40118
2026-03-30 10:30:00,592.6630249023438,593.0,592.4000244140625,592.9000244140625,201553
2026-03-30 10:35:00,592.7000122070312,593.5999755859375,592.7000122070312,593.4000244140625,79292
2026-03-30 10:40:00,593.4000244140625,593.7999877929688,593.2000122070312,593.7999877929688,55765
2026-03-30 10:45:00,593.7509765625,593.9000244140625,585.0,593.9000244140625,1565624
2026-03-30 10:50:00,593.7999877929688,594.0,591.5,593.7000122070312,46097
2026-03-30 10:55:00,593.7000122070312,593.9000244140625,591.5999755859375,593.2999877929688,104093
2026-03-30 11:00:00,593.2000122070312,593.5,592.5999755859375,593.340087890625,294845
2026-03-30 11:05:00,593.2999877929688,594.5,592.0,594.2999877929688,148240
2026-03-30 11:10:00,594.4000244140625,594.5999755859375,592.0,593.8460083007812,116045
2026-03-30 11:15:00,593.8699951171875,594.2000122070312,593.5,594.0,106656
2026-03-30 11:20:00,594.2000122070312,594.7000122070312,593.9000244140625,594.5,86676
2026-03-30 11:25:00,594.5330200195312,594.7999877929688,584.5999755859375,593.7999877929688,1289098
2026-03-30 11:30:00,593.7000122070312,594.7000122070312,589.2999877929688,594.2999877929688,419533
2026-03-30 11:35:00,594.5,596.0,594.2999877929688,595.0198974609375,603634
2026-03-30 11:40:00,594.7000122070312,595.5999755859375,594.7000122070312,595.2999877929688,101510
2026-03-30 11:45:00,595.5,595.7999877929688,591.4000244140625,595.4000244140625,57767
2026-03-30 11:50:00,595.4000244140625,595.4879760742188,594.0999755859375,594.5,237520
2026-03-30 11:55:00,594.5,595.5,591.5,595.2999877929688,84412
2026-03-30 12:00:00,595.2999877929688,595.5999755859375,595.0999755859375,595.4000244140625,97760
2026-03-30 12:05:00,595.4000244140625,595.9000244140625,595.2000122070312,595.7999877929688,52939
2026-03-30 12:10:00,595.7999877929688,596.4000244140625,593.7999877929688,596.2999877929688,115364
2026-03-30 12:15:00,596.4580078125,596.5999755859375,593.7000122070312,596.0,92428
2026-03-30 12:20:00,596.2000122070312,597.0,596.0,596.5,208399
2026-03-30 12:25:00,596.2999877929688,596.5,595.9000244140625,596.0,123193
2026-03-30 12:30:00,595.9000244140625,596.4000244140625,595.4000244140625,595.5999755859375,164886
2026-03-30 12:35:00,595.5999755859375,595.7999877929688,593.7999877929688,594.4000244140625,160539
2026-03-30 12:40:00,594.4000244140625,595.4000244140625,594.2739868164062,595.2000122070312,199705
2026-03-30 12:45:00,595.0999755859375,595.5999755859375,594.5999755859375,595.5999755859375,95929
2026-03-30 12:50:00,595.5999755859375,595.7999877929688,594.5999755859375,595.5070190429688,158630
2026-03-30 12:55:00,595.6699829101562,595.7999877929688,593.2999877929688,595.5,142790
2026-03-30 13:00:00,595.4000244140625,595.4000244140625,593.7999877929688,594.7000122070312,239898
2026-03-30 13:05:00,594.7000122070312,596.0,594.5999755859375,595.5999755859375,198756
2026-03-30 13:10:00,595.5,596.0,595.0,595.5999755859375,252868
2026-03-30 13:15:00,595.5999755859375,596.2999877929688,595.2000122070312,596.0,178128
2026-03-30 13:20:00,595.9000244140625,596.0,594.5,596.0,114268
2026-03-30 13:25:00,596.0,596.4000244140625,594.5999755859375,596.4000244140625,218067
2026-03-30 13:30:00,596.2999877929688,598.0,596.0,597.0999755859375,1357208
2026-03-30 13:35:00,597.0999755859375,599.2999877929688,596.0,597.5,1227140
2026-03-30 13:40:00,597.5,598.0,596.5,597.9000244140625,504694
2026-03-30 13:45:00,597.9000244140625,598.5,597.0,598.2999877929688,413950
2026-03-30 13:50:00,598.2999877929688,599.2000122070312,597.2999877929688,597.5,452969
2026-03-30 13:55:00,597.2999877929688,598.2999877929688,595.0999755859375,597.2000122070312,267288
2026-03-30 14:00:00,597.0198974609375,598.5,594.2999877929688,598.2999877929688,229794
2026-03-30 14:05:00,598.2332763671875,599.5999755859375,595.0,598.0,281378
2026-03-30 14:10:00,597.9000244140625,599.0,597.4000244140625,598.0999755859375,399288
2026-03-30 14:15:00,598.1900024414062,598.5999755859375,596.5999755859375,597.2000122070312,481684
2026-03-30 14:20:00,597.2999877929688,597.7000122070312,595.4000244140625,596.7000122070312,393804
2026-03-30 14:25:00,596.7000122070312,597.4000244140625,594.7999877929688,596.5999755859375,226227
2026-03-30 14:30:00,596.2999877929688,598.7000122070312,596.2999877929688,598.5330200195312,971146
2026-03-30 14:35:00,598.5,600.0,596.5,599.4000244140625,849154
2026-03-30 14:40:00,599.2999877929688,600.0,598.0,598.2659912109375,1519983
2026-03-30 14:45:00,598.2000122070312,599.0,597.3309936523438,598.5,1018193
2026-03-30 14:50:00,598.5,599.0999755859375,595.5499877929688,599.0,553421
2026-03-30 14:55:00,599.0999755859375,599.7999877929688,598.6019287109375,599.7243041992188,564626
2026-03-30 15:00:00,594.9000244140625,600.0,594.9000244140625,599.7000122070312,1112846
2026-03-30 15:05:00,599.7000122070312,600.2999877929688,595.2000122070312,599.3234252929688,3463625
2026-03-30 15:10:00,599.2128295898438,599.4000244140625,598.9000244140625,599.0999755859375,1129421
2026-03-30 15:15:00,599.0999755859375,599.226806640625,596.4000244140625,597.0999755859375,1475785
2026-03-30 15:20:00,597.0999755859375,598.5,597.0999755859375,597.9000244140625,690618
2026-03-30 15:25:00,597.9000244140625,599.2000122070312,595.2000122070312,599.0,1137552
2026-03-31 07:00:00,594.5,598.5,594.4000244140625,597.8231811523438,1372640
2026-03-31 07:05:00,598.2000122070312,599.7000122070312,595.2000122070312,599.2000122070312,252657
2026-03-31 07:10:00,599.5,600.4000244140625,594.9000244140625,597.8499755859375,551573
2026-03-31 07:15:00,595.2000122070312,599.2000122070312,594.9000244140625,595.2000122070312,109701
2026-03-31 07:20:00,595.2000122070312,599.7000122070312,595.0999755859375,599.6177978515625,525317
2026-03-31 07:25:00,599.5999755859375,600.5,595.2000122070312,599.7999877929688,285679
2026-03-31 07:30:00,599.7999877929688,600.2999877929688,599.0,599.9000244140625,196063
2026-03-31 07:35:00,599.7999877929688,601.0999755859375,598.5,600.9819946289062,207764
2026-03-31 07:40:00,600.9000244140625,601.0,600.2000122070312,600.5999755859375,188591
2026-03-31 07:45:00,600.4000244140625,601.2999877929688,598.7999877929688,600.1741943359375,188139
2026-03-31 07:50:00,600.1820068359375,600.7000122070312,598.7999877929688,599.5,213286
2026-03-31 07:55:00,598.9000244140625,601.0999755859375,598.7999877929688,598.9000244140625,254631
2026-03-31 08:00:00,600.7000122070312,601.5,595.2000122070312,601.2000122070312,191941
2026-03-31 08:05:00,601.2000122070312,601.4000244140625,598.7999877929688,598.7999877929688,176224
2026-03-31 08:10:00,600.5999755859375,601.0999755859375,598.7999877929688,601.0,103716
2026-03-31 08:15:00,600.9819946289062,601.2000122070312,600.5,600.85888671875,128594
2026-03-31 08:20:00,600.9000244140625,601.5,600.7999877929688,600.9089965820312,111449
2026-03-31 08:25:00,601.0,601.0,599.822021484375,600.0,211790
2026-03-31 08:30:00,599.9000244140625,600.2000122070312,599.7999877929688,600.0,99731
2026-03-31 08:35:00,600.0999755859375,600.7000122070312,599.7999877929688,600.2000122070312,112717
2026-03-31 08:40:00,600.0999755859375,600.5,599.9000244140625,600.0889892578125,367128
2026-03-31 08:45:00,600.2000122070312,600.2000122070312,599.2000122070312,599.2999877929688,213788
2026-03-31 08:50:00,599.4000244140625,600.0,599.3510131835938,599.7999877929688,246078
2026-03-31 08:55:00,599.7000122070312,601.4000244140625,599.2999877929688,599.5,194828
2026-03-31 09:00:00,599.5,601.0,595.2000122070312,601.0,313236
2026-03-31 09:05:00,599.25,601.0,599.0999755859375,599.2999877929688,138531
2026-03-31 09:10:00,599.2999877929688,601.0,599.2999877929688,600.4000244140625,134871
2026-03-31 09:15:00,600.2210083007812,601.2999877929688,600.2000122070312,600.9589233398438,134624
2026-03-31 09:20:00,601.0,601.4000244140625,600.9000244140625,600.9000244140625,55286
2026-03-31 09:25:00,601.0,601.2000122070312,599.7999877929688,600.2999877929688,132500
2026-03-31 09:30:00,600.260009765625,600.5999755859375,599.9000244140625,600.2000122070312,64825
2026-03-31 09:35:00,600.2000122070312,601.0999755859375,599.4000244140625,600.7999877929688,165944
2026-03-31 09:40:00,600.7999877929688,601.4000244140625,599.4000244140625,599.9000244140625,73120
2026-03-31 09:45:00,601.0,602.0,599.2999877929688,601.7000122070312,1095436
2026-03-31 09:50:00,601.5,601.7000122070312,600.0,601.0999755859375,131785
2026-03-31 09:55:00,601.2000122070312,601.7000122070312,600.2999877929688,601.2999877929688,255003
2026-03-31 10:00:00,601.0999755859375,602.9000244140625,600.5,602.5999755859375,603197
2026-03-31 10:05:00,602.5999755859375,603.4000244140625,601.5,603.4000244140625,283558
2026-03-31 10:10:00,603.4000244140625,604.1102294921875,603.0999755859375,604.0999755859375,171848
2026-03-31 10:15:00,603.9000244140625,604.2000122070312,603.2000122070312,603.7949829101562,67087
2026-03-31 10:20:00,603.6220092773438,604.0,603.5999755859375,603.7999877929688,85244
2026-03-31 10:25:00,603.9000244140625,604.4000244140625,603.7000122070312,604.0,123248
2026-03-31 10:30:00,604.0,604.2999877929688,603.7999877929688,603.9000244140625,77425
2026-03-31 10:35:00,603.9000244140625,604.5999755859375,603.7999877929688,603.9000244140625,236364
2026-03-31 10:40:00,604.0,604.0999755859375,603.7000122070312,603.9000244140625,54913
2026-03-31 10:45:00,603.9000244140625,604.2000122070312,603.2000122070312,603.5,99370
2026-03-31 10:50:00,603.5999755859375,604.4000244140625,603.5999755859375,604.2109985351562,1195198
2026-03-31 10:55:00,604.2999877929688,605.0,604.2999877929688,604.8109741210938,84276
2026-03-31 11:00:00,604.7000122070312,606.5,604.6978149414062,606.0040283203125,623295
2026-03-31 11:05:00,606.1270141601562,606.7999877929688,606.0,606.7000122070312,111357
2026-03-31 11:10:00,606.7000122070312,607.5999755859375,606.0,606.5,517269
2026-03-31 11:15:00,606.5780029296875,607.9000244140625,606.2999877929688,607.7999877929688,376408
2026-03-31 11:20:00,607.7999877929688,608.0,604.9000244140625,607.9390869140625,301017
2026-03-31 11:25:00,607.9000244140625,608.4000244140625,607.5,607.840087890625,150591
2026-03-31 11:30:00,607.7000122070312,608.4000244140625,605.5,608.1500244140625,438130
2026-03-31 11:35:00,608.4719848632812,609.4000244140625,608.0,609.4000244140625,435353
2026-03-31 11:40:00,609.2489013671875,609.4000244140625,608.0,608.2999877929688,288207
2026-03-31 11:45:00,608.2999877929688,609.0999755859375,608.0,608.7979736328125,162189
2026-03-31 11:50:00,608.7000122070312,609.0,608.5,608.6361083984375,161438
2026-03-31 11:55:00,608.7000122070312,608.7999877929688,607.7545776367188,607.9649047851562,117736
2026-03-31 12:00:00,608.0,608.2000122070312,606.0999755859375,608.2000122070312,135967
2026-03-31 12:05:00,608.0,608.2999877929688,606.2000122070312,608.1019897460938,186299
2026-03-31 12:10:00,608.2000122070312,609.0,606.2000122070312,608.9000244140625,204640
2026-03-31 12:15:00,608.9000244140625,609.0,606.9979858398438,606.9979858398438,260342
2026-03-31 12:20:00,607.2000122070312,607.4000244140625,606.4000244140625,607.4000244140625,143539
2026-03-31 12:25:00,607.4000244140625,607.4000244140625,606.0,606.4000244140625,336264
2026-03-31 12:30:00,606.5,607.0,606.0999755859375,606.5289916992188,107828
2026-03-31 12:35:00,606.5999755859375,607.2999877929688,606.0999755859375,607.2999877929688,154665
2026-03-31 12:40:00,607.2999877929688,608.0999755859375,606.2000122070312,607.4949951171875,147488
2026-03-31 12:45:00,607.510986328125,607.7000122070312,606.0999755859375,606.2000122070312,112230
2026-03-31 12:50:00,606.2000122070312,607.5999755859375,606.0999755859375,607.2999877929688,304406
2026-03-31 12:55:00,606.2000122070312,607.2999877929688,606.0999755859375,606.5,156491
2026-03-31 13:00:00,606.5,607.2999877929688,605.9000244140625,606.5,311437
2026-03-31 13:05:00,606.5,606.9000244140625,606.0999755859375,606.4000244140625,145456
2026-03-31 13:10:00,606.2999877929688,606.7000122070312,605.9000244140625,606.0999755859375,108617
2026-03-31 13:15:00,606.0999755859375,607.5999755859375,606.0999755859375,607.0999755859375,143430
2026-03-31 13:20:00,606.0999755859375,608.9000244140625,606.0999755859375,606.905029296875,349225
2026-03-31 13:25:00,606.9000244140625,608.9000244140625,605.4000244140625,605.5999755859375,463585
2026-03-31 13:30:00,605.7000122070312,609.2000122070312,604.9000244140625,606.7999877929688,880833
2026-03-31 13:35:00,607.0,608.7999877929688,604.7000122070312,605.1300048828125,551388
2026-03-31 13:40:00,605.0,608.9000244140625,603.4000244140625,604.4000244140625,262192
2026-03-31 13:45:00,604.4000244140625,608.7999877929688,603.7999877929688,604.0999755859375,309848
2026-03-31 13:50:00,606.9000244140625,607.7000122070312,600.4000244140625,600.5999755859375,752211
2026-03-31 13:55:00,600.5999755859375,606.2999877929688,599.2999877929688,606.2000122070312,533955
2026-03-31 14:00:00,601.7999877929688,604.0,601.7000122070312,603.0999755859375,391860
2026-03-31 14:05:00,603.0999755859375,607.2999877929688,603.0,603.9000244140625,357319
2026-03-31 14:10:00,603.9000244140625,607.7999877929688,602.2999877929688,602.4000244140625,336036
2026-03-31 14:15:00,602.4000244140625,607.7999877929688,601.7999877929688,603.7000122070312,273346
2026-03-31 14:20:00,603.5,605.5,603.2000122070312,604.4500122070312,414339
2026-03-31 14:25:00,604.4415893554688,604.7000122070312,603.5,604.7000122070312,247326
2026-03-31 14:30:00,604.5999755859375,605.9000244140625,603.0,604.2000122070312,302794
2026-03-31 14:35:00,604.5,607.9000244140625,603.5,605.2999877929688,317422
2026-03-31 14:40:00,605.4000244140625,606.4000244140625,601.2000122070312,601.4000244140625,261715
2026-03-31 14:45:00,604.0999755859375,605.5999755859375,601.0,604.9000244140625,240428
2026-03-31 14:50:00,605.0,606.4000244140625,602.2999877929688,606.2000122070312,301250
2026-03-31 14:55:00,606.2000122070312,608.0999755859375,599.7000122070312,607.5999755859375,618483
2026-03-31 15:00:00,607.5999755859375,608.7000122070312,601.2000122070312,608.0,553471
2026-03-31 15:05:00,607.9000244140625,608.2999877929688,599.7999877929688,608.2000122070312,431571
2026-03-31 15:10:00,608.0999755859375,608.2000122070312,600.0,607.4000244140625,251152
2026-03-31 15:15:00,603.4000244140625,607.5,600.0,606.7000122070312,1196937
2026-03-31 15:20:00,606.7999877929688,607.6010131835938,603.2999877929688,607.0150146484375,839658
2026-03-31 15:25:00,607.0999755859375,608.0020141601562,603.0,607.4500122070312,1097881
2026-04-01 07:00:00,593.5999755859375,595.7000122070312,590.5,592.0,926708
2026-04-01 07:05:00,591.7000122070312,594.7999877929688,591.2999877929688,594.2000122070312,667188
2026-04-01 07:10:00,592.0,594.7999877929688,591.4000244140625,592.7000122070312,562725
2026-04-01 07:15:00,592.9500122070312,594.25,590.5,591.0,1113751
2026-04-01 07:20:00,591.0,592.2999877929688,587.5999755859375,589.4000244140625,1037131
2026-04-01 07:25:00,589.2999877929688,592.0,588.7999877929688,589.5599975585938,1556473
2026-04-01 07:30:00,589.7000122070312,592.7999877929688,584.3226928710938,585.5999755859375,2386456
2026-04-01 07:35:00,585.4000244140625,593.2000122070312,584.9000244140625,585.2000122070312,1016200
2026-04-01 07:40:00,585.0999755859375,587.5999755859375,585.0,586.2319946289062,578602
2026-04-01 07:45:00,586.7999877929688,592.9000244140625,584.7000122070312,586.5999755859375,854542
2026-04-01 07:50:00,586.5999755859375,592.9000244140625,586.0897827148438,587.4000244140625,986318
2026-04-01 07:55:00,587.4000244140625,592.2999877929688,586.0999755859375,590.4000244140625,602396
2026-04-01 08:00:00,590.0,593.0,590.0,591.2000122070312,411099
2026-04-01 08:05:00,591.2000122070312,593.2000122070312,589.5999755859375,590.7999877929688,295861
2026-04-01 08:10:00,590.7999877929688,592.0999755859375,590.2999877929688,592.0999755859375,244014
2026-04-01 08:15:00,590.9000244140625,592.5999755859375,589.2999877929688,590.5999755859375,281153
2026-04-01 08:20:00,590.7000122070312,592.2999877929688,587.7999877929688,590.5,266970
2026-04-01 08:25:00,591.7000122070312,594.9000244140625,585.7999877929688,594.4000244140625,499946
2026-04-01 08:30:00,594.5999755859375,596.0999755859375,585.7999877929688,596.0,478303
2026-04-01 08:35:00,596.0,596.0,585.0,594.7999877929688,212111
2026-04-01 08:40:00,594.7999877929688,595.0,585.0,594.2999877929688,182542
2026-04-01 08:45:00,594.2999877929688,595.2999877929688,585.2000122070312,585.2000122070312,160026
2026-04-01 08:50:00,585.2000122070312,595.2000122070312,585.2000122070312,585.2000122070312,240400
2026-04-01 08:55:00,585.2000122070312,595.5999755859375,585.1699829101562,585.1699829101562,194842
2026-04-01 09:00:00,585.1699829101562,595.7999877929688,585.0,585.2000122070312,212736
2026-04-01 09:05:00,585.1699829101562,595.5999755859375,585.1699829101562,585.1699829101562,267043
2026-04-01 09:10:00,585.1699829101562,597.0999755859375,585.0999755859375,585.1699829101562,228885
2026-04-01 09:15:00,585.1699829101562,597.7000122070312,585.0,597.0999755859375,187027
2026-04-01 09:20:00,597.0999755859375,597.4000244140625,585.2999877929688,591.4000244140625,139662
2026-04-01 09:25:00,597.2000122070312,599.2000122070312,584.7999877929688,599.2000122070312,255647
2026-04-01 09:30:00,599.2000122070312,599.5,586.5999755859375,591.5,259687
2026-04-01 09:35:00,599.0,599.2000122070312,589.9000244140625,598.7999877929688,235547
2026-04-01 09:40:00,598.7000122070312,599.5,590.7999877929688,599.0,175035
2026-04-01 09:45:00,598.7999877929688,599.5999755859375,591.9000244140625,598.9000244140625,183792
2026-04-01 09:50:00,599.0,600.9000244140625,594.2999877929688,599.0,587395
2026-04-01 09:55:00,600.5,600.9000244140625,594.5,599.2999877929688,430144
2026-04-01 10:00:00,599.2999877929688,600.7000122070312,594.2999877929688,595.7000122070312,249431
2026-04-01 10:05:00,599.2999877929688,600.5,597.2000122070312,599.0679931640625,189552
2026-04-01 10:10:00,599.0999755859375,600.2999877929688,597.9000244140625,597.9030151367188,201291
2026-04-01 10:15:00,597.9000244140625,599.0960083007812,597.9000244140625,599.0,176296
2026-04-01 10:20:00,599.0999755859375,599.2000122070312,598.5999755859375,599.0,110363
2026-04-01 10:25:00,599.0,600.0,598.2999877929688,598.4000244140625,381158
2026-04-01 10:30:00,598.4000244140625,598.5,597.2999877929688,597.7000122070312,206085
2026-04-01 10:35:00,597.5999755859375,598.3499755859375,597.5,598.3499755859375,91761
2026-04-01 10:40:00,598.2999877929688,598.9000244140625,598.0,598.2999877929688,203210
2026-04-01 10:45:00,598.4660034179688,598.5999755859375,597.9000244140625,598.2000122070312,187780
2026-04-01 10:50:00,598.0999755859375,598.5,597.2000122070312,597.2999877929688,273856
2026-04-01 10:55:00,597.2999877929688,597.7999877929688,596.7000122070312,596.9000244140625,144207
2026-04-01 11:00:00,596.7999877929688,597.2999877929688,596.0999755859375,597.2100219726562,190162
2026-04-01 11:05:00,597.4000244140625,597.9000244140625,597.2000122070312,597.5029907226562,127007
2026-04-01 11:10:00,597.5,597.7000122070312,596.0,596.2000122070312,158794
2026-04-01 11:15:00,596.1790161132812,597.0999755859375,596.1790161132812,596.9000244140625,218912
2026-04-01 11:20:00,596.8920288085938,597.0,596.0999755859375,596.2020263671875,120947
2026-04-01 11:25:00,596.2000122070312,596.7000122070312,595.5999755859375,596.0999755859375,188819
2026-04-01 11:30:00,596.0499877929688,596.9000244140625,593.7999877929688,594.0999755859375,177753
2026-04-01 11:35:00,594.0050048828125,594.2999877929688,593.4000244140625,593.4000244140625,127893
2026-04-01 11:40:00,593.3889770507812,594.2999877929688,592.2999877929688,592.4000244140625,189292
2026-04-01 11:45:00,592.7000122070312,593.0,590.7999877929688,591.0,263935
2026-04-01 11:50:00,590.8939819335938,597.0,590.0,590.5,260737
2026-04-01 11:55:00,590.7000122070312,596.7000122070312,589.4660034179688,589.5999755859375,236256
2026-04-01 12:00:00,589.7999877929688,594.0999755859375,588.8759765625,594.0,301378
2026-04-01 12:05:00,593.7000122070312,594.0999755859375,588.5,589.5999755859375,2376929
2026-04-01 12:10:00,590.0,593.5999755859375,588.7000122070312,589.6959838867188,2326135
2026-04-01 12:15:00,589.7999877929688,590.2999877929688,588.7999877929688,589.2000122070312,171382
2026-04-01 12:20:00,589.0999755859375,598.0686645507812,587.4000244140625,588.0079956054688,1281051
2026-04-01 12:25:00,587.5,589.9000244140625,587.2000122070312,588.4000244140625,223142
2026-04-01 12:30:00,588.5,588.7999877929688,586.7999877929688,586.9000244140625,249722
2026-04-01 12:35:00,586.5999755859375,588.0,586.0,587.7999877929688,317341
2026-04-01 12:40:00,587.7999877929688,590.0,587.0999755859375,587.7999877929688,502779
2026-04-01 12:45:00,587.5999755859375,589.7000122070312,586.2000122070312,587.2999877929688,624920
2026-04-01 12:50:00,587.2999877929688,590.2000122070312,586.0,590.2000122070312,335689
2026-04-01 12:55:00,590.0960083007812,591.0999755859375,586.9000244140625,590.2000122070312,229326
2026-04-01 13:00:00,590.2000122070312,592.0,587.5,590.7000122070312,282417
2026-04-01 13:05:00,590.7000122070312,591.5479736328125,590.0,590.0999755859375,255655
2026-04-01 13:10:00,589.9000244140625,590.0,588.7999877929688,589.6480102539062,249316
2026-04-01 13:15:00,589.5999755859375,589.7999877929688,588.2000122070312,588.5999755859375,257510
2026-04-01 13:20:00,588.5999755859375,588.7000122070312,587.2000122070312,587.2000122070312,237311
2026-04-01 13:25:00,587.2999877929688,589.9000244140625,586.9000244140625,589.5999755859375,410856
2026-04-01 13:30:00,589.7999877929688,593.9000244140625,589.4959716796875,589.5,992821
2026-04-01 13:35:00,589.7000122070312,593.9000244140625,584.4000244140625,585.2000122070312,684094
2026-04-01 13:40:00,585.2999877929688,586.5,583.0,585.2999877929688,1218521
2026-04-01 13:45:00,585.2000122070312,585.7999877929688,582.4000244140625,582.9000244140625,443742
2026-04-01 13:50:00,582.7000122070312,583.9000244140625,581.5999755859375,582.2000122070312,404146
